table_id,baseline_addr,rom,addr,method,confidence
Barometric Pressure Sensor Max ADC Count,0x6cf6c,D400,0x6cf6c,same_addr,high
Barometric Pressure Sensor Max ADC Count,0x6cf6c,E500,0x6c76c,content_match,high
Barometric Pressure Sensor Max ADC Count,0x6cf6c,C500,0x6c76c,content_match,high
Barometric Pressure Sensor Max ADC Count,0x6cf6c,FB00,0x6d46c,content_match,high
Barometric Pressure Sensor Max ADC Count,0x6cf6c,FC00,0x6d46c,content_match,high
Barometric Pressure Sensor Max ADC Count,0x6cf6c,B900,0x6d46c,content_match,high
Barometric Pressure Sensor Max ADC Count,0x6cf6c,E700,0x6c76c,content_match,high
Barometric Pressure Sensor Max ADC Count,0x6cf6c,15120,0x6c16c,content_match,high
Barometric Pressure Sensor Max ADC Count,0x6cf6c,32000,0x7166c,content_match,high
Barometric Pressure Sensor Min ADC Count,0x6cf6e,D400,0x6cf6e,same_addr,high
Barometric Pressure Sensor Min ADC Count,0x6cf6e,E500,0x6c76e,content_match,high
Barometric Pressure Sensor Min ADC Count,0x6cf6e,C500,0x6c76e,content_match,high
Barometric Pressure Sensor Min ADC Count,0x6cf6e,FB00,0x6d46e,content_match,high
Barometric Pressure Sensor Min ADC Count,0x6cf6e,FC00,0x6d46e,content_match,high
Barometric Pressure Sensor Min ADC Count,0x6cf6e,B900,0x6d46e,content_match,high
Barometric Pressure Sensor Min ADC Count,0x6cf6e,E700,0x6c76e,content_match,high
Barometric Pressure Sensor Min ADC Count,0x6cf6e,15120,0x6c16e,content_match,high
Barometric Pressure Sensor Min ADC Count,0x6cf6e,32000,0x7166e,content_match,high
Y,0x6cfa4,D400,0x6cfa4,same_addr,high
Y,0x6cfa4,E500,0x6c7a4,content_match,high
Y,0x6cfa4,C500,0x6c7a4,content_match,high
Y,0x6cfa4,FB00,0x6d4a4,content_match,high
Y,0x6cfa4,FC00,0x6d4a4,content_match,high
Y,0x6cfa4,B900,0x6d4a4,content_match,high
Y,0x6cfa4,E700,0x6c7a4,content_match,high
Y,0x6cfa4,15120,0x6c1a4,content_match,high
Y,0x6cfa4,32000,0x716a4,family_shift,low
Table 2D - 0_,0x6cfe4,D400,0x6cfe4,same_addr,high
Table 2D - 0_,0x6cfe4,E500,0x6c7e4,content_match,high
Table 2D - 0_,0x6cfe4,C500,0x6c7e4,content_match,high
Table 2D - 0_,0x6cfe4,FB00,0x6d4e4,content_match,high
Table 2D - 0_,0x6cfe4,FC00,0x6d4e4,content_match,high
Table 2D - 0_,0x6cfe4,B900,0x6d4e4,content_match,high
Table 2D - 0_,0x6cfe4,E700,0x6c7e4,family_shift,medium
Table 2D - 0_,0x6cfe4,15120,0x6c1e4,content_match,high
Table 2D - 0_,0x6cfe4,32000,0x716e4,family_shift,low
Y,0x6cff4,D400,0x6cff4,same_addr,high
Y,0x6cff4,E500,0x6c7f4,content_match,high
Y,0x6cff4,C500,0x6c7f4,content_match,high
Y,0x6cff4,FB00,0x6d4f4,content_match,high
Y,0x6cff4,FC00,0x6d4f4,content_match,high
Y,0x6cff4,B900,0x6d4f4,content_match,high
Y,0x6cff4,E700,0x6c7f4,content_match,high
Y,0x6cff4,15120,0x6c1f4,content_match,high
Y,0x6cff4,32000,0x716f4,family_shift,low
Table 2D - 1_,0x6d034,D400,0x6d034,same_addr,high
Table 2D - 1_,0x6d034,E500,0x6c834,content_match,high
Table 2D - 1_,0x6d034,C500,0x6c834,content_match,high
Table 2D - 1_,0x6d034,FB00,0x6d534,content_match,high
Table 2D - 1_,0x6d034,FC00,0x6d534,content_match,high
Table 2D - 1_,0x6d034,B900,0x6d534,content_match,high
Table 2D - 1_,0x6d034,E700,0x6c834,family_shift,medium
Table 2D - 1_,0x6d034,15120,0x6c234,content_match,high
Table 2D - 1_,0x6d034,32000,0x71734,family_shift,low
Y,0x6d044,D400,0x6d044,same_addr,high
Y,0x6d044,E500,0x6c844,content_match,high
Y,0x6d044,C500,0x6c844,content_match,high
Y,0x6d044,FB00,0x6d544,content_match,high
Y,0x6d044,FC00,0x6d544,content_match,high
Y,0x6d044,B900,0x6d544,content_match,high
Y,0x6d044,E700,0x6c844,content_match,high
Y,0x6d044,15120,0x6c244,content_match,high
Y,0x6d044,32000,0x71744,family_shift,low
Table 2D - 2_,0x6d084,D400,0x6d084,same_addr,high
Table 2D - 2_,0x6d084,E500,0x6c884,content_match,high
Table 2D - 2_,0x6d084,C500,0x6c884,content_match,high
Table 2D - 2_,0x6d084,FB00,0x6d584,content_match,high
Table 2D - 2_,0x6d084,FC00,0x6d584,content_match,high
Table 2D - 2_,0x6d084,B900,0x6d584,content_match,high
Table 2D - 2_,0x6d084,E700,0x6c884,family_shift,medium
Table 2D - 2_,0x6d084,15120,0x6c284,content_match,high
Table 2D - 2_,0x6d084,32000,0x71784,family_shift,low
Y,0x6d0ec,D400,0x6d0ec,same_addr,high
Y,0x6d0ec,E500,0x6c8ec,content_match,high
Y,0x6d0ec,C500,0x6c8ec,content_match,high
Y,0x6d0ec,FB00,0x6d5ec,content_match,high
Y,0x6d0ec,FC00,0x6d5ec,content_match,high
Y,0x6d0ec,B900,0x6d5ec,content_match,high
Y,0x6d0ec,E700,0x6c8ec,content_match,high
Y,0x6d0ec,15120,0x6c2ec,content_match,high
Y,0x6d0ec,32000,0x717ec,family_shift,low
Table 2D - 3_,0x6d114,D400,0x6d114,same_addr,high
Table 2D - 3_,0x6d114,E500,0x6c914,content_match,high
Table 2D - 3_,0x6d114,C500,0x6c914,content_match,high
Table 2D - 3_,0x6d114,FB00,0x6d614,content_match,high
Table 2D - 3_,0x6d114,FC00,0x6d614,content_match,high
Table 2D - 3_,0x6d114,B900,0x6d614,content_match,high
Table 2D - 3_,0x6d114,E700,0x6c914,content_match,high
Table 2D - 3_,0x6d114,15120,0x6c314,content_match,high
Table 2D - 3_,0x6d114,32000,0x71814,family_shift,low
Y,0x6d120,D400,0x6d120,same_addr,high
Y,0x6d120,E500,0x6c920,content_match,high
Y,0x6d120,C500,0x6c920,content_match,high
Y,0x6d120,FB00,0x6d620,content_match,high
Y,0x6d120,FC00,0x6d620,content_match,high
Y,0x6d120,B900,0x6d620,content_match,high
Y,0x6d120,E700,0x6c920,content_match,high
Y,0x6d120,15120,0x6c320,content_match,high
Y,0x6d120,32000,0x71820,family_shift,low
Table 2D - 4_,0x6d138,D400,0x6d138,same_addr,high
Table 2D - 4_,0x6d138,E500,0x6c938,content_match,high
Table 2D - 4_,0x6d138,C500,0x6c938,content_match,high
Table 2D - 4_,0x6d138,FB00,0x6d638,content_match,high
Table 2D - 4_,0x6d138,FC00,0x6d638,content_match,high
Table 2D - 4_,0x6d138,B900,0x6d638,content_match,high
Table 2D - 4_,0x6d138,E700,0x6c938,family_shift,medium
Table 2D - 4_,0x6d138,15120,0x6c338,content_match,high
Table 2D - 4_,0x6d138,32000,0x71838,family_shift,low
Y,0x6d140,D400,0x6d140,same_addr,high
Y,0x6d140,E500,0x6c940,family_shift,medium
Y,0x6d140,C500,0x6c940,content_match,high
Y,0x6d140,FB00,0x6d640,content_match,high
Y,0x6d140,FC00,0x6d640,content_match,high
Y,0x6d140,B900,0x6d640,content_match,high
Y,0x6d140,E700,0x6c940,family_shift,medium
Y,0x6d140,15120,0x6c340,family_shift,medium
Y,0x6d140,32000,0x71840,family_shift,low
Table 2D - 288 Check DataType,0x6d158,D400,0x6d158,same_addr,high
Table 2D - 288 Check DataType,0x6d158,E500,0x6c958,content_match,high
Table 2D - 288 Check DataType,0x6d158,C500,0x6c958,content_match,high
Table 2D - 288 Check DataType,0x6d158,FB00,0x6d658,content_match,high
Table 2D - 288 Check DataType,0x6d158,FC00,0x6d658,content_match,high
Table 2D - 288 Check DataType,0x6d158,B900,0x6d658,content_match,high
Table 2D - 288 Check DataType,0x6d158,E700,0x6c958,family_shift,low
Table 2D - 288 Check DataType,0x6d158,15120,0x6c358,content_match,high
Table 2D - 288 Check DataType,0x6d158,32000,0x71858,family_shift,low
Y,0x6d160,D400,0x6d160,same_addr,high
Y,0x6d160,E500,0x6c960,family_shift,medium
Y,0x6d160,C500,0x6c960,content_match,high
Y,0x6d160,FB00,0x6d660,content_match,high
Y,0x6d160,FC00,0x6d660,content_match,high
Y,0x6d160,B900,0x6d660,content_match,high
Y,0x6d160,E700,0x6c960,family_shift,medium
Y,0x6d160,15120,0x6c360,family_shift,medium
Y,0x6d160,32000,0x71860,family_shift,low
Table 2D - 289 Check DataType,0x6d178,D400,0x6d178,same_addr,high
Table 2D - 289 Check DataType,0x6d178,E500,0x6c978,content_match,high
Table 2D - 289 Check DataType,0x6d178,C500,0x6c978,content_match,high
Table 2D - 289 Check DataType,0x6d178,FB00,0x6d678,content_match,high
Table 2D - 289 Check DataType,0x6d178,FC00,0x6d678,content_match,high
Table 2D - 289 Check DataType,0x6d178,B900,0x6d678,content_match,high
Table 2D - 289 Check DataType,0x6d178,E700,0x6c978,family_shift,low
Table 2D - 289 Check DataType,0x6d178,15120,0x6c378,content_match,high
Table 2D - 289 Check DataType,0x6d178,32000,0x71878,family_shift,low
Y,0x6d180,D400,0x6d180,same_addr,high
Y,0x6d180,E500,0x6c980,family_shift,medium
Y,0x6d180,C500,0x6c980,content_match,high
Y,0x6d180,FB00,0x6d680,content_match,high
Y,0x6d180,FC00,0x6d680,content_match,high
Y,0x6d180,B900,0x6d680,content_match,high
Y,0x6d180,E700,0x6c980,family_shift,medium
Y,0x6d180,15120,0x6c380,family_shift,medium
Y,0x6d180,32000,0x71880,family_shift,low
Table 2D - 290 Check DataType,0x6d198,D400,0x6d198,same_addr,high
Table 2D - 290 Check DataType,0x6d198,E500,0x6c998,content_match,high
Table 2D - 290 Check DataType,0x6d198,C500,0x6c998,content_match,high
Table 2D - 290 Check DataType,0x6d198,FB00,0x6d698,content_match,high
Table 2D - 290 Check DataType,0x6d198,FC00,0x6d698,content_match,high
Table 2D - 290 Check DataType,0x6d198,B900,0x6d698,content_match,high
Table 2D - 290 Check DataType,0x6d198,E700,0x6c998,family_shift,low
Table 2D - 290 Check DataType,0x6d198,15120,0x6c398,content_match,high
Table 2D - 290 Check DataType,0x6d198,32000,0x71898,family_shift,low
Y,0x6d1a0,D400,0x6d1a0,same_addr,high
Y,0x6d1a0,E500,0x6c9a0,content_match,high
Y,0x6d1a0,C500,0x6c9a0,content_match,high
Y,0x6d1a0,FB00,0x6d6a0,content_match,high
Y,0x6d1a0,FC00,0x6d6a0,content_match,high
Y,0x6d1a0,B900,0x6d6a0,content_match,high
Y,0x6d1a0,E700,0x6c9a0,content_match,high
Y,0x6d1a0,15120,0x6c3a0,content_match,high
Y,0x6d1a0,32000,0x718a0,family_shift,low
Idle Related,0x6d1e0,D400,0x6d1e0,same_addr,high
Idle Related,0x6d1e0,E500,0x6c9e0,content_match,high
Idle Related,0x6d1e0,C500,0x6c9e0,content_match,high
Idle Related,0x6d1e0,FB00,0x6d6e0,content_match,high
Idle Related,0x6d1e0,FC00,0x6d6e0,content_match,high
Idle Related,0x6d1e0,B900,0x6d6e0,content_match,high
Idle Related,0x6d1e0,E700,0x6c9e0,family_shift,low
Idle Related,0x6d1e0,15120,0x6c3e0,content_match,high
Idle Related,0x6d1e0,32000,0x718e0,family_shift,low
X,0x6d200,D400,0x6d200,same_addr,high
X,0x6d200,E500,0x6ca00,content_match,high
X,0x6d200,C500,0x6ca00,content_match,high
X,0x6d200,FB00,0x6d700,content_match,high
X,0x6d200,FC00,0x6d700,content_match,high
X,0x6d200,B900,0x6d700,content_match,high
X,0x6d200,E700,0x6ca00,content_match,high
X,0x6d200,15120,0x6c400,content_match,high
X,0x6d200,32000,0x71808,content_match,high
Y,0x6d218,D400,0x6d218,same_addr,high
Y,0x6d218,E500,0x6ca18,content_match,high
Y,0x6d218,C500,0x6ca18,content_match,high
Y,0x6d218,FB00,0x6d718,content_match,high
Y,0x6d218,FC00,0x6d718,content_match,high
Y,0x6d218,B900,0x6d718,content_match,high
Y,0x6d218,E700,0x6ca18,content_match,high
Y,0x6d218,15120,0x6c418,content_match,high
Y,0x6d218,32000,0x718fc,content_match,high
Table 3D - 103_,0x6d230,D400,0x6d230,same_addr,high
Table 3D - 103_,0x6d230,E500,0x6ca30,content_match,high
Table 3D - 103_,0x6d230,C500,0x6ca30,content_match,high
Table 3D - 103_,0x6d230,FB00,0x6d730,content_match,high
Table 3D - 103_,0x6d230,FC00,0x6d730,content_match,high
Table 3D - 103_,0x6d230,B900,0x6d730,content_match,high
Table 3D - 103_,0x6d230,E700,0x6ca30,family_shift,medium
Table 3D - 103_,0x6d230,15120,0x6c430,content_match,high
Table 3D - 103_,0x6d230,32000,0x71830,content_match,high
X,0x6d254,D400,0x6d254,same_addr,high
X,0x6d254,E500,0x6ca54,content_match,high
X,0x6d254,C500,0x6ca54,content_match,high
X,0x6d254,FB00,0x6d754,content_match,high
X,0x6d254,FC00,0x6d754,content_match,high
X,0x6d254,B900,0x6d754,content_match,high
X,0x6d254,E700,0x6ca54,content_match,high
X,0x6d254,15120,0x6c454,content_match,high
X,0x6d254,32000,0x71954,family_shift,low
Y,0x6d294,D400,0x6d294,same_addr,high
Y,0x6d294,E500,0x6ca94,content_match,high
Y,0x6d294,C500,0x6ca94,content_match,high
Y,0x6d294,FB00,0x6d794,content_match,high
Y,0x6d294,FC00,0x6d794,content_match,high
Y,0x6d294,B900,0x6d794,content_match,high
Y,0x6d294,E700,0x6ca94,content_match,high
Y,0x6d294,15120,0x6c494,content_match,high
Y,0x6d294,32000,0x71994,family_shift,low
Table 3D - 0_,0x6d2ac,D400,0x6d2ac,same_addr,high
Table 3D - 0_,0x6d2ac,E500,0x6caac,content_match,high
Table 3D - 0_,0x6d2ac,C500,0x6caac,content_match,high
Table 3D - 0_,0x6d2ac,FB00,0x6d7ac,content_match,high
Table 3D - 0_,0x6d2ac,FC00,0x6d7ac,content_match,high
Table 3D - 0_,0x6d2ac,B900,0x6d7ac,content_match,high
Table 3D - 0_,0x6d2ac,E700,0x6caac,family_shift,low
Table 3D - 0_,0x6d2ac,15120,0x6c4ac,content_match,high
Table 3D - 0_,0x6d2ac,32000,0x7189c,content_match,high
X,0x6d30c,D400,0x6d30c,same_addr,high
X,0x6d30c,E500,0x6cb0c,content_match,high
X,0x6d30c,C500,0x6cb0c,content_match,high
X,0x6d30c,FB00,0x6d80c,content_match,high
X,0x6d30c,FC00,0x6d80c,content_match,high
X,0x6d30c,B900,0x6d80c,content_match,high
X,0x6d30c,E700,0x6cb0c,content_match,high
X,0x6d30c,15120,0x6c50c,content_match,high
X,0x6d30c,32000,0x71a0c,family_shift,low
Y,0x6d34c,D400,0x6d34c,same_addr,high
Y,0x6d34c,E500,0x6cb4c,content_match,high
Y,0x6d34c,C500,0x6cb4c,content_match,high
Y,0x6d34c,FB00,0x6d84c,content_match,high
Y,0x6d34c,FC00,0x6d84c,content_match,high
Y,0x6d34c,B900,0x6d84c,content_match,high
Y,0x6d34c,E700,0x6cb4c,content_match,high
Y,0x6d34c,15120,0x6c54c,content_match,high
Y,0x6d34c,32000,0x71a4c,family_shift,low
Table 3D - 1_,0x6d364,D400,0x6d364,same_addr,high
Table 3D - 1_,0x6d364,E500,0x6cb64,family_shift,medium
Table 3D - 1_,0x6d364,C500,0x6cb64,family_shift,medium
Table 3D - 1_,0x6d364,FB00,0x6d864,family_shift,medium
Table 3D - 1_,0x6d364,FC00,0x6d864,family_shift,medium
Table 3D - 1_,0x6d364,B900,0x6d864,family_shift,medium
Table 3D - 1_,0x6d364,E700,0x6cb64,family_shift,medium
Table 3D - 1_,0x6d364,15120,0x6c564,family_shift,medium
Table 3D - 1_,0x6d364,32000,0x71a64,family_shift,low
X,0x6d3c4,D400,0x6d3c4,same_addr,high
X,0x6d3c4,E500,0x6cbc4,content_match,high
X,0x6d3c4,C500,0x6cbc4,content_match,high
X,0x6d3c4,FB00,0x6d8c4,content_match,high
X,0x6d3c4,FC00,0x6d8c4,content_match,high
X,0x6d3c4,B900,0x6d8c4,content_match,high
X,0x6d3c4,E700,0x6cbc4,content_match,high
X,0x6d3c4,15120,0x6c5c4,content_match,high
X,0x6d3c4,32000,0x71ac4,family_shift,low
Y,0x6d404,D400,0x6d404,same_addr,high
Y,0x6d404,E500,0x6cc04,content_match,high
Y,0x6d404,C500,0x6cc04,content_match,high
Y,0x6d404,FB00,0x6d904,content_match,high
Y,0x6d404,FC00,0x6d904,content_match,high
Y,0x6d404,B900,0x6d904,content_match,high
Y,0x6d404,E700,0x6cc04,content_match,high
Y,0x6d404,15120,0x6c604,content_match,high
Y,0x6d404,32000,0x71b04,family_shift,low
Table 3D - 2_,0x6d41c,D400,0x6d41c,same_addr,high
Table 3D - 2_,0x6d41c,E500,0x6cc1c,content_match,high
Table 3D - 2_,0x6d41c,C500,0x6cc1c,content_match,high
Table 3D - 2_,0x6d41c,FB00,0x6d91c,content_match,high
Table 3D - 2_,0x6d41c,FC00,0x6d91c,content_match,high
Table 3D - 2_,0x6d41c,B900,0x6d91c,content_match,high
Table 3D - 2_,0x6d41c,E700,0x6cc1c,family_shift,low
Table 3D - 2_,0x6d41c,15120,0x6c61c,content_match,high
Table 3D - 2_,0x6d41c,32000,0x71b1c,family_shift,low
X,0x6d47c,D400,0x6d47c,same_addr,high
X,0x6d47c,E500,0x6cc7c,content_match,high
X,0x6d47c,C500,0x6cc7c,content_match,high
X,0x6d47c,FB00,0x6d97c,content_match,high
X,0x6d47c,FC00,0x6d97c,content_match,high
X,0x6d47c,B900,0x6d97c,content_match,high
X,0x6d47c,E700,0x6cc7c,content_match,high
X,0x6d47c,15120,0x6c67c,content_match,high
X,0x6d47c,32000,0x71b7c,family_shift,low
Y,0x6d4bc,D400,0x6d4bc,same_addr,high
Y,0x6d4bc,E500,0x6ccbc,content_match,high
Y,0x6d4bc,C500,0x6ccbc,content_match,high
Y,0x6d4bc,FB00,0x6d9bc,content_match,high
Y,0x6d4bc,FC00,0x6d9bc,content_match,high
Y,0x6d4bc,B900,0x6d9bc,content_match,high
Y,0x6d4bc,E700,0x6ccbc,content_match,high
Y,0x6d4bc,15120,0x6c6bc,content_match,high
Y,0x6d4bc,32000,0x71bbc,family_shift,low
Table 3D - 3_,0x6d4d4,D400,0x6d4d4,same_addr,high
Table 3D - 3_,0x6d4d4,E500,0x6ccd4,content_match,high
Table 3D - 3_,0x6d4d4,C500,0x6ccd4,content_match,high
Table 3D - 3_,0x6d4d4,FB00,0x6d9d4,content_match,high
Table 3D - 3_,0x6d4d4,FC00,0x6d9d4,content_match,high
Table 3D - 3_,0x6d4d4,B900,0x6d9d4,content_match,high
Table 3D - 3_,0x6d4d4,E700,0x6ccd4,family_shift,low
Table 3D - 3_,0x6d4d4,15120,0x6c6d4,content_match,high
Table 3D - 3_,0x6d4d4,32000,0x71bd4,family_shift,low
Cold Rev Limit Threshold,0x6d53c,D400,0x6d53c,same_addr,high
Cold Rev Limit Threshold,0x6d53c,E500,0x6cd3c,content_match,high
Cold Rev Limit Threshold,0x6d53c,C500,0x6cd3c,content_match,high
Cold Rev Limit Threshold,0x6d53c,FB00,0x6da3c,content_match,high
Cold Rev Limit Threshold,0x6d53c,FC00,0x6da3c,content_match,high
Cold Rev Limit Threshold,0x6d53c,B900,0x6da3c,content_match,high
Cold Rev Limit Threshold,0x6d53c,E700,0x6cd3c,family_shift,low
Cold Rev Limit Threshold,0x6d53c,15120,0x6c73c,content_match,high
Cold Rev Limit Threshold,0x6d53c,32000,0x71c3c,family_shift,low
Cold Rev Limit,0x6d544,D400,0x6d544,same_addr,high
Cold Rev Limit,0x6d544,E500,0x6cd44,content_match,high
Cold Rev Limit,0x6d544,C500,0x6cd44,content_match,high
Cold Rev Limit,0x6d544,FB00,0x6da44,content_match,high
Cold Rev Limit,0x6d544,FC00,0x6da44,content_match,high
Cold Rev Limit,0x6d544,B900,0x6da44,content_match,high
Cold Rev Limit,0x6d544,E700,0x6cd44,family_shift,medium
Cold Rev Limit,0x6d544,15120,0x6c744,content_match,high
Cold Rev Limit,0x6d544,32000,0x71c44,family_shift,low
Rev Limit,0x6d54c,D400,0x6d54c,same_addr,high
Rev Limit,0x6d54c,E500,0x6cd4c,content_match,high
Rev Limit,0x6d54c,C500,0x6cd4c,content_match,high
Rev Limit,0x6d54c,FB00,0x6da4c,content_match,high
Rev Limit,0x6d54c,FC00,0x6da4c,content_match,high
Rev Limit,0x6d54c,B900,0x6da4c,content_match,high
Rev Limit,0x6d54c,E700,0x6cd4c,family_shift,low
Rev Limit,0x6d54c,15120,0x6c74c,content_match,high
Rev Limit,0x6d54c,32000,0x71c4c,family_shift,low
Y,0x6d584,D400,0x6d584,same_addr,high
Y,0x6d584,E500,0x6cd74,content_match,high
Y,0x6d584,C500,0x6cd74,content_match,high
Y,0x6d584,FB00,0x6da74,content_match,high
Y,0x6d584,FC00,0x6da74,content_match,high
Y,0x6d584,B900,0x6da74,content_match,high
Y,0x6d584,E700,0x6cd74,content_match,high
Y,0x6d584,15120,0x6c784,family_shift,low
Y,0x6d584,32000,0x71c84,family_shift,low
Ignition Maybe Idle Base,0x6d59c,D400,0x6d59c,same_addr,high
Ignition Maybe Idle Base,0x6d59c,E500,0x6cd9c,family_shift,low
Ignition Maybe Idle Base,0x6d59c,C500,0x6cd8c,content_match,high
Ignition Maybe Idle Base,0x6d59c,FB00,0x6da9c,family_shift,low
Ignition Maybe Idle Base,0x6d59c,FC00,0x6da9c,family_shift,low
Ignition Maybe Idle Base,0x6d59c,B900,0x6da9c,family_shift,low
Ignition Maybe Idle Base,0x6d59c,E700,0x6cd9c,family_shift,low
Ignition Maybe Idle Base,0x6d59c,15120,0x6c79c,family_shift,low
Ignition Maybe Idle Base,0x6d59c,32000,0x71c9c,family_shift,low
Y,0x6d5a4,D400,0x6d5a4,same_addr,high
Y,0x6d5a4,E500,0x6cda4,family_shift,low
Y,0x6d5a4,C500,0x6cda4,family_shift,low
Y,0x6d5a4,FB00,0x6daa4,family_shift,low
Y,0x6d5a4,FC00,0x6daa4,family_shift,low
Y,0x6d5a4,B900,0x6daa4,family_shift,low
Y,0x6d5a4,E700,0x6cda4,family_shift,low
Y,0x6d5a4,15120,0x6c7a4,family_shift,low
Y,0x6d5a4,32000,0x71ca4,family_shift,low
Ignition Temp Correction?,0x6d5c8,D400,0x6d5c8,same_addr,high
Ignition Temp Correction?,0x6d5c8,E500,0x6cdb8,content_match,high
Ignition Temp Correction?,0x6d5c8,C500,0x6cdb8,content_match,high
Ignition Temp Correction?,0x6d5c8,FB00,0x6dab8,content_match,high
Ignition Temp Correction?,0x6d5c8,FC00,0x6dab8,content_match,high
Ignition Temp Correction?,0x6d5c8,B900,0x6dab8,content_match,high
Ignition Temp Correction?,0x6d5c8,E700,0x6cdb8,content_match,high
Ignition Temp Correction?,0x6d5c8,15120,0x6c7c8,family_shift,low
Ignition Temp Correction?,0x6d5c8,32000,0x71cc8,family_shift,low
Y,0x6d5d4,D400,0x6d5d4,same_addr,high
Y,0x6d5d4,E500,0x6cdc4,content_match,high
Y,0x6d5d4,C500,0x6cdc4,content_match,high
Y,0x6d5d4,FB00,0x6dac4,content_match,high
Y,0x6d5d4,FC00,0x6dac4,content_match,high
Y,0x6d5d4,B900,0x6dac4,content_match,high
Y,0x6d5d4,E700,0x6cdc4,content_match,high
Y,0x6d5d4,15120,0x6c7d4,family_shift,low
Y,0x6d5d4,32000,0x71cd4,family_shift,low
Ignition 2,0x6d5ec,D400,0x6d5ec,same_addr,high
Ignition 2,0x6d5ec,E500,0x6cdec,family_shift,low
Ignition 2,0x6d5ec,C500,0x6cddc,content_match,high
Ignition 2,0x6d5ec,FB00,0x6daec,family_shift,low
Ignition 2,0x6d5ec,FC00,0x6daec,family_shift,low
Ignition 2,0x6d5ec,B900,0x6daec,family_shift,low
Ignition 2,0x6d5ec,E700,0x6cdec,family_shift,low
Ignition 2,0x6d5ec,15120,0x6c7ec,family_shift,low
Ignition 2,0x6d5ec,32000,0x71cec,family_shift,low
Y,0x6d5f4,D400,0x6d5f4,same_addr,high
Y,0x6d5f4,E500,0x6cdf4,family_shift,low
Y,0x6d5f4,C500,0x6cdf4,family_shift,low
Y,0x6d5f4,FB00,0x6daf4,family_shift,low
Y,0x6d5f4,FC00,0x6daf4,family_shift,low
Y,0x6d5f4,B900,0x6daf4,family_shift,low
Y,0x6d5f4,E700,0x6cdf4,family_shift,low
Y,0x6d5f4,15120,0x6c7f4,family_shift,low
Y,0x6d5f4,32000,0x71cf4,family_shift,low
Ignition Leading 0,0x6d618,D400,0x6d618,same_addr,high
Ignition Leading 0,0x6d618,E500,0x6ce08,content_match,high
Ignition Leading 0,0x6d618,C500,0x6ce08,content_match,high
Ignition Leading 0,0x6d618,FB00,0x6db08,content_match,high
Ignition Leading 0,0x6d618,FC00,0x6db08,content_match,high
Ignition Leading 0,0x6d618,B900,0x6db08,content_match,high
Ignition Leading 0,0x6d618,E700,0x6ce08,content_match,high
Ignition Leading 0,0x6d618,15120,0x6c818,family_shift,low
Ignition Leading 0,0x6d618,32000,0x71d18,family_shift,low
X,0x6d624,D400,0x6d624,same_addr,high
X,0x6d624,E500,0x6ce14,content_match,high
X,0x6d624,C500,0x6ce14,content_match,high
X,0x6d624,FB00,0x6db14,content_match,high
X,0x6d624,FC00,0x6db14,content_match,high
X,0x6d624,B900,0x6db14,content_match,high
X,0x6d624,E700,0x6ce14,content_match,high
X,0x6d624,15120,0x6c824,family_shift,low
X,0x6d624,32000,0x71d24,family_shift,low
Y,0x6d64c,D400,0x6d64c,same_addr,high
Y,0x6d64c,E500,0x6ce34,content_match,high
Y,0x6d64c,C500,0x6ce34,content_match,high
Y,0x6d64c,FB00,0x6db34,content_match,high
Y,0x6d64c,FC00,0x6db34,content_match,high
Y,0x6d64c,B900,0x6db34,content_match,high
Y,0x6d64c,E700,0x6ce34,content_match,high
Y,0x6d64c,15120,0x6c84c,family_shift,low
Y,0x6d64c,32000,0x71d4c,family_shift,low
Ignition Timing Lead,0x6d668,D400,0x6d668,same_addr,high
Ignition Timing Lead,0x6d668,E500,0x6ce68,family_shift,low
Ignition Timing Lead,0x6d668,C500,0x6ce68,family_shift,low
Ignition Timing Lead,0x6d668,FB00,0x6db68,family_shift,low
Ignition Timing Lead,0x6d668,FC00,0x6db68,family_shift,low
Ignition Timing Lead,0x6d668,B900,0x6db68,family_shift,low
Ignition Timing Lead,0x6d668,E700,0x6ce68,family_shift,low
Ignition Timing Lead,0x6d668,15120,0x6c868,family_shift,low
Ignition Timing Lead,0x6d668,32000,0x71d68,family_shift,low
X,0x6d6b0,D400,0x6d6b0,same_addr,high
X,0x6d6b0,E500,0x6ce88,content_match,high
X,0x6d6b0,C500,0x6ce88,content_match,high
X,0x6d6b0,FB00,0x6db88,content_match,high
X,0x6d6b0,FC00,0x6db88,content_match,high
X,0x6d6b0,B900,0x6db88,content_match,high
X,0x6d6b0,E700,0x6ce88,content_match,high
X,0x6d6b0,15120,0x6c8b0,family_shift,low
X,0x6d6b0,32000,0x71db0,family_shift,low
Y,0x6d700,D400,0x6d700,same_addr,high
Y,0x6d700,E500,0x6ced8,content_match,high
Y,0x6d700,C500,0x6ced8,content_match,high
Y,0x6d700,FB00,0x6dbd8,content_match,high
Y,0x6d700,FC00,0x6dbd8,content_match,high
Y,0x6d700,B900,0x6dbd8,content_match,high
Y,0x6d700,E700,0x6ced8,content_match,high
Y,0x6d700,15120,0x6c900,family_shift,low
Y,0x6d700,32000,0x71e00,family_shift,low
Ignition Leading 1,0x6d748,D400,0x6d748,same_addr,high
Ignition Leading 1,0x6d748,E500,0x6cf20,content_match,high
Ignition Leading 1,0x6d748,C500,0x6cf20,content_match,high
Ignition Leading 1,0x6d748,FB00,0x6dc20,content_match,high
Ignition Leading 1,0x6d748,FC00,0x6dc20,content_match,high
Ignition Leading 1,0x6d748,B900,0x6dc20,content_match,high
Ignition Leading 1,0x6d748,E700,0x6cf48,family_shift,low
Ignition Leading 1,0x6d748,15120,0x6c948,family_shift,low
Ignition Leading 1,0x6d748,32000,0x71e48,family_shift,low
X,0x6d8b0,D400,0x6d8b0,same_addr,high
X,0x6d8b0,E500,0x6d088,content_match,high
X,0x6d8b0,C500,0x6d088,content_match,high
X,0x6d8b0,FB00,0x6dd88,content_match,high
X,0x6d8b0,FC00,0x6dd88,content_match,high
X,0x6d8b0,B900,0x6dd88,content_match,high
X,0x6d8b0,E700,0x6d088,content_match,high
X,0x6d8b0,15120,0x6cab0,family_shift,low
X,0x6d8b0,32000,0x71eb8,family_shift,low
Y,0x6d900,D400,0x6d900,same_addr,high
Y,0x6d900,E500,0x6d100,family_shift,low
Y,0x6d900,C500,0x6d100,family_shift,low
Y,0x6d900,FB00,0x6de00,family_shift,low
Y,0x6d900,FC00,0x6de00,family_shift,low
Y,0x6d900,B900,0x6de00,family_shift,low
Y,0x6d900,E700,0x6d100,family_shift,low
Y,0x6d900,15120,0x6cb00,family_shift,low
Y,0x6d900,32000,0x71f08,family_shift,low
Ignition Leading Base - Safe Mode,0x6d948,D400,0x6d948,same_addr,high
Ignition Leading Base - Safe Mode,0x6d948,E500,0x6cf20,content_match,high
Ignition Leading Base - Safe Mode,0x6d948,C500,0x6cf20,content_match,high
Ignition Leading Base - Safe Mode,0x6d948,FB00,0x6dc20,content_match,high
Ignition Leading Base - Safe Mode,0x6d948,FC00,0x6dc20,content_match,high
Ignition Leading Base - Safe Mode,0x6d948,B900,0x6dc20,content_match,high
Ignition Leading Base - Safe Mode,0x6d948,E700,0x6d138,family_shift,low
Ignition Leading Base - Safe Mode,0x6d948,15120,0x6cb48,family_shift,low
Ignition Leading Base - Safe Mode,0x6d948,32000,0x71f50,family_shift,low
X,0x6dab0,D400,0x6dab0,same_addr,high
X,0x6dab0,E500,0x6d2b0,family_shift,low
X,0x6dab0,C500,0x6d2a0,family_shift,low
X,0x6dab0,FB00,0x6dfb0,family_shift,low
X,0x6dab0,FC00,0x6dfb0,family_shift,low
X,0x6dab0,B900,0x6dfb0,family_shift,low
X,0x6dab0,E700,0x6d2a0,family_shift,low
X,0x6dab0,15120,0x6ccb0,family_shift,low
X,0x6dab0,32000,0x7153c,family_shift,low
Y,0x6db00,D400,0x6db00,same_addr,high
Y,0x6db00,E500,0x6d300,family_shift,low
Y,0x6db00,C500,0x6d2f0,family_shift,low
Y,0x6db00,FB00,0x6e000,family_shift,low
Y,0x6db00,FC00,0x6e000,family_shift,low
Y,0x6db00,B900,0x6e000,family_shift,low
Y,0x6db00,E700,0x6d2f0,family_shift,low
Y,0x6db00,15120,0x6cd00,family_shift,low
Y,0x6db00,32000,0x7158c,family_shift,low
Ignition Leading Base,0x6db48,D400,0x6db48,same_addr,high
Ignition Leading Base,0x6db48,E500,0x6cf20,content_match,high
Ignition Leading Base,0x6db48,C500,0x6cf20,content_match,high
Ignition Leading Base,0x6db48,FB00,0x6dc20,content_match,high
Ignition Leading Base,0x6db48,FC00,0x6dc20,content_match,high
Ignition Leading Base,0x6db48,B900,0x6dc20,content_match,high
Ignition Leading Base,0x6db48,E700,0x6d338,family_shift,low
Ignition Leading Base,0x6db48,15120,0x6cd48,family_shift,low
Ignition Leading Base,0x6db48,32000,0x715d4,family_shift,low
X,0x6dcb0,D400,0x6dcb0,same_addr,high
X,0x6dcb0,E500,0x6cc70,family_shift,low
X,0x6dcb0,C500,0x6cc70,family_shift,low
X,0x6dcb0,FB00,0x6d970,family_shift,low
X,0x6dcb0,FC00,0x6d970,family_shift,low
X,0x6dcb0,B900,0x6d970,family_shift,low
X,0x6dcb0,E700,0x6d4a0,family_shift,low
X,0x6dcb0,15120,0x6ceb0,family_shift,low
X,0x6dcb0,32000,0x7173c,family_shift,low
Y,0x6dcd8,D400,0x6dcd8,same_addr,high
Y,0x6dcd8,E500,0x6cc98,family_shift,low
Y,0x6dcd8,C500,0x6cc98,family_shift,low
Y,0x6dcd8,FB00,0x6d998,family_shift,low
Y,0x6dcd8,FC00,0x6d998,family_shift,low
Y,0x6dcd8,B900,0x6d998,family_shift,low
Y,0x6dcd8,E700,0x6d4c8,family_shift,low
Y,0x6dcd8,15120,0x6ced8,family_shift,low
Y,0x6dcd8,32000,0x71764,family_shift,low
Ignition Leading 4,0x6dcf4,D400,0x6dcf4,same_addr,high
Ignition Leading 4,0x6dcf4,E500,0x6ccb4,family_shift,low
Ignition Leading 4,0x6dcf4,C500,0x6ccb4,family_shift,low
Ignition Leading 4,0x6dcf4,FB00,0x6d9b4,family_shift,low
Ignition Leading 4,0x6dcf4,FC00,0x6d9b4,family_shift,low
Ignition Leading 4,0x6dcf4,B900,0x6d9b4,family_shift,low
Ignition Leading 4,0x6dcf4,E700,0x6d4e4,family_shift,low
Ignition Leading 4,0x6dcf4,15120,0x6cef4,family_shift,low
Ignition Leading 4,0x6dcf4,32000,0x71780,family_shift,low
X,0x6dd3c,D400,0x6dd3c,same_addr,high
X,0x6dd3c,E500,0x6ccfc,family_shift,low
X,0x6dd3c,C500,0x6ccfc,family_shift,low
X,0x6dd3c,FB00,0x6d9fc,family_shift,low
X,0x6dd3c,FC00,0x6d9fc,family_shift,low
X,0x6dd3c,B900,0x6d9fc,family_shift,low
X,0x6dd3c,E700,0x6cdac,family_shift,low
X,0x6dd3c,15120,0x6cf3c,family_shift,low
X,0x6dd3c,32000,0x717c8,family_shift,low
Y,0x6dd8c,D400,0x6dd8c,same_addr,high
Y,0x6dd8c,E500,0x6cd4c,family_shift,low
Y,0x6dd8c,C500,0x6cd4c,family_shift,low
Y,0x6dd8c,FB00,0x6da4c,family_shift,low
Y,0x6dd8c,FC00,0x6da4c,family_shift,low
Y,0x6dd8c,B900,0x6da4c,family_shift,low
Y,0x6dd8c,E700,0x6cdfc,family_shift,low
Y,0x6dd8c,15120,0x6d21c,family_shift,low
Y,0x6dd8c,32000,0x71818,family_shift,low
Ignition,0x6ddd4,D400,0x6ddd4,same_addr,high
Ignition,0x6ddd4,E500,0x6d194,content_match,high
Ignition,0x6ddd4,C500,0x6d194,content_match,high
Ignition,0x6ddd4,FB00,0x6de94,content_match,high
Ignition,0x6ddd4,FC00,0x6de94,content_match,high
Ignition,0x6ddd4,B900,0x6de94,content_match,high
Ignition,0x6ddd4,E700,0x6ce44,family_shift,low
Ignition,0x6ddd4,15120,0x6d264,family_shift,low
Ignition,0x6ddd4,32000,0x71860,family_shift,low
X,0x6df3c,D400,0x6df3c,same_addr,high
X,0x6df3c,E500,0x6cefc,family_shift,low
X,0x6df3c,C500,0x6cefc,family_shift,low
X,0x6df3c,FB00,0x6dbfc,family_shift,low
X,0x6df3c,FC00,0x6dbfc,family_shift,low
X,0x6df3c,B900,0x6dbfc,family_shift,low
X,0x6df3c,E700,0x6cfac,family_shift,low
X,0x6df3c,15120,0x6d3cc,family_shift,low
X,0x6df3c,32000,0x719c8,family_shift,low
Y,0x6df8c,D400,0x6df8c,same_addr,high
Y,0x6df8c,E500,0x6cf4c,family_shift,low
Y,0x6df8c,C500,0x6cf4c,family_shift,low
Y,0x6df8c,FB00,0x6dc4c,family_shift,low
Y,0x6df8c,FC00,0x6dc4c,family_shift,low
Y,0x6df8c,B900,0x6dc4c,family_shift,low
Y,0x6df8c,E700,0x6cffc,family_shift,low
Y,0x6df8c,15120,0x6d41c,family_shift,low
Y,0x6df8c,32000,0x71a18,family_shift,low
Ignition 0 - Safe Mode,0x6dfd4,D400,0x6dfd4,same_addr,high
Ignition 0 - Safe Mode,0x6dfd4,E500,0x6d194,content_match,high
Ignition 0 - Safe Mode,0x6dfd4,C500,0x6d194,content_match,high
Ignition 0 - Safe Mode,0x6dfd4,FB00,0x6de94,content_match,high
Ignition 0 - Safe Mode,0x6dfd4,FC00,0x6de94,content_match,high
Ignition 0 - Safe Mode,0x6dfd4,B900,0x6de94,content_match,high
Ignition 0 - Safe Mode,0x6dfd4,E700,0x6d044,family_shift,low
Ignition 0 - Safe Mode,0x6dfd4,15120,0x6d464,family_shift,low
Ignition 0 - Safe Mode,0x6dfd4,32000,0x71a60,family_shift,low
X,0x6e13c,D400,0x6e13c,same_addr,high
X,0x6e13c,E500,0x6d0fc,content_match,high
X,0x6e13c,C500,0x6d0fc,content_match,high
X,0x6e13c,FB00,0x6ddfc,content_match,high
X,0x6e13c,FC00,0x6ddfc,content_match,high
X,0x6e13c,B900,0x6ddfc,content_match,high
X,0x6e13c,E700,0x6d1ac,family_shift,low
X,0x6e13c,15120,0x6d5cc,family_shift,low
X,0x6e13c,32000,0x71bc8,family_shift,low
Y,0x6e18c,D400,0x6e18c,same_addr,high
Y,0x6e18c,E500,0x6d14c,content_match,high
Y,0x6e18c,C500,0x6d14c,content_match,high
Y,0x6e18c,FB00,0x6de4c,content_match,high
Y,0x6e18c,FC00,0x6de4c,content_match,high
Y,0x6e18c,B900,0x6de4c,content_match,high
Y,0x6e18c,E700,0x6d1fc,family_shift,low
Y,0x6e18c,15120,0x6d61c,family_shift,low
Y,0x6e18c,32000,0x71c18,family_shift,low
Ignition 1,0x6e1d4,D400,0x6e1d4,same_addr,high
Ignition 1,0x6e1d4,E500,0x6d194,content_match,high
Ignition 1,0x6e1d4,C500,0x6d194,content_match,high
Ignition 1,0x6e1d4,FB00,0x6de94,content_match,high
Ignition 1,0x6e1d4,FC00,0x6de94,content_match,high
Ignition 1,0x6e1d4,B900,0x6de94,content_match,high
Ignition 1,0x6e1d4,E700,0x6d244,family_shift,low
Ignition 1,0x6e1d4,15120,0x6d664,family_shift,low
Ignition 1,0x6e1d4,32000,0x71c60,family_shift,low
X,0x6e33c,D400,0x6e33c,same_addr,high
X,0x6e33c,E500,0x6d2fc,content_match,high
X,0x6e33c,C500,0x6d2fc,content_match,high
X,0x6e33c,FB00,0x6dffc,content_match,high
X,0x6e33c,FC00,0x6dffc,content_match,high
X,0x6e33c,B900,0x6dffc,content_match,high
X,0x6e33c,E700,0x6d3ac,family_shift,low
X,0x6e33c,15120,0x74ae8,content_match,high
X,0x6e33c,32000,0x71dc8,content_match,high
Y,0x6e34c,D400,0x6e34c,same_addr,high
Y,0x6e34c,E500,0x6d30c,content_match,high
Y,0x6e34c,C500,0x6d30c,content_match,high
Y,0x6e34c,FB00,0x6e00c,content_match,high
Y,0x6e34c,FC00,0x6e00c,content_match,high
Y,0x6e34c,B900,0x6e00c,content_match,high
Y,0x6e34c,E700,0x6d3bc,family_shift,low
Y,0x6e34c,15120,0x6d7dc,family_shift,low
Y,0x6e34c,32000,0x71dd8,content_match,high
Ignition Leading 5,0x6e358,D400,0x6e358,same_addr,high
Ignition Leading 5,0x6e358,E500,0x6d318,content_match,high
Ignition Leading 5,0x6e358,C500,0x6d318,content_match,high
Ignition Leading 5,0x6e358,FB00,0x6e018,content_match,high
Ignition Leading 5,0x6e358,FC00,0x6e018,content_match,high
Ignition Leading 5,0x6e358,B900,0x6e018,content_match,high
Ignition Leading 5,0x6e358,E700,0x77928,content_match,high
Ignition Leading 5,0x6e358,15120,0x6d7e8,family_shift,low
Ignition Leading 5,0x6e358,32000,0x71de4,content_match,high
X,0x6e388,D400,0x6e388,same_addr,high
X,0x6e388,E500,0x6d348,content_match,high
X,0x6e388,C500,0x6d348,content_match,high
X,0x6e388,FB00,0x6e048,content_match,high
X,0x6e388,FC00,0x6e048,content_match,high
X,0x6e388,B900,0x6e048,content_match,high
X,0x6e388,E700,0x6d3f8,family_shift,low
X,0x6e388,15120,0x74ae8,content_match,high
X,0x6e388,32000,0x71e14,content_match,high
Y,0x6e398,D400,0x6e398,same_addr,high
Y,0x6e398,E500,0x6d358,content_match,high
Y,0x6e398,C500,0x6d358,content_match,high
Y,0x6e398,FB00,0x6e058,content_match,high
Y,0x6e398,FC00,0x6e058,content_match,high
Y,0x6e398,B900,0x6e058,content_match,high
Y,0x6e398,E700,0x6d408,family_shift,low
Y,0x6e398,15120,0x6d828,family_shift,low
Y,0x6e398,32000,0x71e24,content_match,high
Ignition Minimum Maybe,0x6e3a4,D400,0x6e3a4,same_addr,high
Ignition Minimum Maybe,0x6e3a4,E500,0x6d364,content_match,high
Ignition Minimum Maybe,0x6e3a4,C500,0x6d364,content_match,high
Ignition Minimum Maybe,0x6e3a4,FB00,0x6e064,content_match,high
Ignition Minimum Maybe,0x6e3a4,FC00,0x6e064,content_match,high
Ignition Minimum Maybe,0x6e3a4,B900,0x6e064,content_match,high
Ignition Minimum Maybe,0x6e3a4,E700,0x6d414,family_shift,low
Ignition Minimum Maybe,0x6e3a4,15120,0x6d834,family_shift,low
Ignition Minimum Maybe,0x6e3a4,32000,0x71e30,content_match,high
X,0x6e458,D400,0x6e458,same_addr,high
X,0x6e458,E500,0x6d418,content_match,high
X,0x6e458,C500,0x6d418,content_match,high
X,0x6e458,FB00,0x6e118,content_match,high
X,0x6e458,FC00,0x6e118,content_match,high
X,0x6e458,B900,0x6e118,content_match,high
X,0x6e458,E700,0x6d4c8,family_shift,medium
X,0x6e458,15120,0x6d8e8,family_shift,low
X,0x6e458,32000,0x71ee4,content_match,high
Y,0x6e464,D400,0x6e464,same_addr,high
Y,0x6e464,E500,0x6d424,content_match,high
Y,0x6e464,C500,0x6d424,content_match,high
Y,0x6e464,FB00,0x6e124,content_match,high
Y,0x6e464,FC00,0x6e124,content_match,high
Y,0x6e464,B900,0x6e124,content_match,high
Y,0x6e464,E700,0x6d4d4,family_shift,low
Y,0x6e464,15120,0x6d8f4,family_shift,low
Y,0x6e464,32000,0x71ef0,content_match,high
Table 3D - 106_,0x6e474,D400,0x6e474,same_addr,high
Table 3D - 106_,0x6e474,E500,0x6d434,content_match,high
Table 3D - 106_,0x6e474,C500,0x6d434,content_match,high
Table 3D - 106_,0x6e474,FB00,0x6e134,content_match,high
Table 3D - 106_,0x6e474,FC00,0x6e134,content_match,high
Table 3D - 106_,0x6e474,B900,0x6e134,content_match,high
Table 3D - 106_,0x6e474,E700,0x6d4e4,family_shift,medium
Table 3D - 106_,0x6e474,15120,0x6d904,family_shift,low
Table 3D - 106_,0x6e474,32000,0x71f00,content_match,high
Y,0x6e4a4,D400,0x6e4a4,same_addr,high
Y,0x6e4a4,E500,0x6d464,family_shift,medium
Y,0x6e4a4,C500,0x6d464,family_shift,medium
Y,0x6e4a4,FB00,0x6e164,family_shift,medium
Y,0x6e4a4,FC00,0x6e164,family_shift,medium
Y,0x6e4a4,B900,0x6e164,family_shift,medium
Y,0x6e4a4,E700,0x6d514,family_shift,medium
Y,0x6e4a4,15120,0x6d934,family_shift,medium
Y,0x6e4a4,32000,0x71f30,family_shift,low
Table 2D - 10_,0x6e4bc,D400,0x6e4bc,same_addr,high
Table 2D - 10_,0x6e4bc,E500,0x6d47c,content_match,high
Table 2D - 10_,0x6e4bc,C500,0x6d47c,content_match,high
Table 2D - 10_,0x6e4bc,FB00,0x6e17c,content_match,high
Table 2D - 10_,0x6e4bc,FC00,0x6e17c,content_match,high
Table 2D - 10_,0x6e4bc,B900,0x6e17c,content_match,high
Table 2D - 10_,0x6e4bc,E700,0x6d52c,content_match,high
Table 2D - 10_,0x6e4bc,15120,0x6d94c,content_match,high
Table 2D - 10_,0x6e4bc,32000,0x71f48,family_shift,low
Y,0x6e4c8,D400,0x6e4c8,same_addr,high
Y,0x6e4c8,E500,0x6d488,family_shift,medium
Y,0x6e4c8,C500,0x6d488,family_shift,medium
Y,0x6e4c8,FB00,0x6e188,family_shift,medium
Y,0x6e4c8,FC00,0x6e188,family_shift,medium
Y,0x6e4c8,B900,0x6e188,family_shift,medium
Y,0x6e4c8,E700,0x6d538,family_shift,medium
Y,0x6e4c8,15120,0x6d958,family_shift,medium
Y,0x6e4c8,32000,0x71f54,family_shift,low
Table 2D - 11_,0x6e4e0,D400,0x6e4e0,same_addr,high
Table 2D - 11_,0x6e4e0,E500,0x6d4a0,content_match,high
Table 2D - 11_,0x6e4e0,C500,0x6d4a0,content_match,high
Table 2D - 11_,0x6e4e0,FB00,0x6e1a0,content_match,high
Table 2D - 11_,0x6e4e0,FC00,0x6e1a0,content_match,high
Table 2D - 11_,0x6e4e0,B900,0x6e1a0,content_match,high
Table 2D - 11_,0x6e4e0,E700,0x6d550,content_match,high
Table 2D - 11_,0x6e4e0,15120,0x6d970,content_match,high
Table 2D - 11_,0x6e4e0,32000,0x71f6c,family_shift,low
Y,0x6e4ec,D400,0x6e4ec,same_addr,high
Y,0x6e4ec,E500,0x6d4ac,family_shift,medium
Y,0x6e4ec,C500,0x6d4ac,family_shift,medium
Y,0x6e4ec,FB00,0x6e1ac,family_shift,medium
Y,0x6e4ec,FC00,0x6e1ac,family_shift,medium
Y,0x6e4ec,B900,0x6e1ac,family_shift,medium
Y,0x6e4ec,E700,0x6d55c,family_shift,medium
Y,0x6e4ec,15120,0x6d97c,family_shift,medium
Y,0x6e4ec,32000,0x71f78,family_shift,low
Table 2D - 12_,0x6e504,D400,0x6e504,same_addr,high
Table 2D - 12_,0x6e504,E500,0x6d4c4,content_match,high
Table 2D - 12_,0x6e504,C500,0x6d4c4,content_match,high
Table 2D - 12_,0x6e504,FB00,0x6e1c4,content_match,high
Table 2D - 12_,0x6e504,FC00,0x6e1c4,content_match,high
Table 2D - 12_,0x6e504,B900,0x6e1c4,content_match,high
Table 2D - 12_,0x6e504,E700,0x6d574,content_match,high
Table 2D - 12_,0x6e504,15120,0x6d994,content_match,high
Table 2D - 12_,0x6e504,32000,0x71f90,family_shift,low
Y,0x6e510,D400,0x6e510,same_addr,high
Y,0x6e510,E500,0x6d4d0,family_shift,medium
Y,0x6e510,C500,0x6d4d0,family_shift,medium
Y,0x6e510,FB00,0x6e1d0,family_shift,medium
Y,0x6e510,FC00,0x6e1d0,family_shift,medium
Y,0x6e510,B900,0x6e1d0,family_shift,medium
Y,0x6e510,E700,0x6d580,family_shift,medium
Y,0x6e510,15120,0x6d9a0,family_shift,medium
Y,0x6e510,32000,0x71f9c,family_shift,low
Table 2D - 13_,0x6e528,D400,0x6e528,same_addr,high
Table 2D - 13_,0x6e528,E500,0x6d4e8,content_match,high
Table 2D - 13_,0x6e528,C500,0x6d4e8,content_match,high
Table 2D - 13_,0x6e528,FB00,0x6e1e8,content_match,high
Table 2D - 13_,0x6e528,FC00,0x6e1e8,content_match,high
Table 2D - 13_,0x6e528,B900,0x6e1e8,content_match,high
Table 2D - 13_,0x6e528,E700,0x6d598,content_match,high
Table 2D - 13_,0x6e528,15120,0x6d9b8,content_match,high
Table 2D - 13_,0x6e528,32000,0x71fb4,family_shift,low
Y,0x6e534,D400,0x6e534,same_addr,high
Y,0x6e534,E500,0x6d4f4,family_shift,medium
Y,0x6e534,C500,0x6d4f4,family_shift,medium
Y,0x6e534,FB00,0x6e1f4,family_shift,medium
Y,0x6e534,FC00,0x6e1f4,family_shift,medium
Y,0x6e534,B900,0x6e1f4,family_shift,medium
Y,0x6e534,E700,0x6d5a4,family_shift,medium
Y,0x6e534,15120,0x6d9c4,family_shift,medium
Y,0x6e534,32000,0x71fc0,family_shift,low
Table 2D - 14_,0x6e54c,D400,0x6e54c,same_addr,high
Table 2D - 14_,0x6e54c,E500,0x6d50c,content_match,high
Table 2D - 14_,0x6e54c,C500,0x6d50c,content_match,high
Table 2D - 14_,0x6e54c,FB00,0x6e20c,content_match,high
Table 2D - 14_,0x6e54c,FC00,0x6e20c,content_match,high
Table 2D - 14_,0x6e54c,B900,0x6e20c,content_match,high
Table 2D - 14_,0x6e54c,E700,0x6d5bc,content_match,high
Table 2D - 14_,0x6e54c,15120,0x6d9dc,content_match,high
Table 2D - 14_,0x6e54c,32000,0x71fd8,family_shift,low
Y,0x6e558,D400,0x6e558,same_addr,high
Y,0x6e558,E500,0x6d518,family_shift,medium
Y,0x6e558,C500,0x6d518,family_shift,medium
Y,0x6e558,FB00,0x6e218,family_shift,medium
Y,0x6e558,FC00,0x6e218,family_shift,medium
Y,0x6e558,B900,0x6e218,family_shift,medium
Y,0x6e558,E700,0x6d5c8,family_shift,medium
Y,0x6e558,15120,0x6d9e8,family_shift,medium
Y,0x6e558,32000,0x71fe4,family_shift,low
Table 2D - 15_,0x6e570,D400,0x6e570,same_addr,high
Table 2D - 15_,0x6e570,E500,0x6d530,content_match,high
Table 2D - 15_,0x6e570,C500,0x6d530,content_match,high
Table 2D - 15_,0x6e570,FB00,0x6e230,content_match,high
Table 2D - 15_,0x6e570,FC00,0x6e230,content_match,high
Table 2D - 15_,0x6e570,B900,0x6e230,content_match,high
Table 2D - 15_,0x6e570,E700,0x6d5e0,content_match,high
Table 2D - 15_,0x6e570,15120,0x6da00,content_match,high
Table 2D - 15_,0x6e570,32000,0x71ffc,family_shift,low
Y,0x6e57c,D400,0x6e57c,same_addr,high
Y,0x6e57c,E500,0x6d53c,content_match,high
Y,0x6e57c,C500,0x6d53c,content_match,high
Y,0x6e57c,FB00,0x6e23c,content_match,high
Y,0x6e57c,FC00,0x6e23c,content_match,high
Y,0x6e57c,B900,0x6e23c,content_match,high
Y,0x6e57c,E700,0x6d5ec,content_match,high
Y,0x6e57c,15120,0x6da0c,content_match,high
Y,0x6e57c,32000,0x71f78,content_match,high
Table 2D - 16_,0x6e5bc,D400,0x6e5bc,same_addr,high
Table 2D - 16_,0x6e5bc,E500,0x6d57c,content_match,high
Table 2D - 16_,0x6e5bc,C500,0x6d57c,content_match,high
Table 2D - 16_,0x6e5bc,FB00,0x6e27c,content_match,high
Table 2D - 16_,0x6e5bc,FC00,0x6e27c,content_match,high
Table 2D - 16_,0x6e5bc,B900,0x6e27c,content_match,high
Table 2D - 16_,0x6e5bc,E700,0x6d62c,family_shift,low
Table 2D - 16_,0x6e5bc,15120,0x6da4c,content_match,high
Table 2D - 16_,0x6e5bc,32000,0x71fb8,content_match,high
Y,0x6e6d4,D400,0x6e6d4,same_addr,high
Y,0x6e6d4,E500,0x6d694,family_shift,medium
Y,0x6e6d4,C500,0x6d694,family_shift,medium
Y,0x6e6d4,FB00,0x6e394,family_shift,low
Y,0x6e6d4,FC00,0x6e394,family_shift,low
Y,0x6e6d4,B900,0x6e394,family_shift,low
Y,0x6e6d4,E700,0x6d744,family_shift,medium
Y,0x6e6d4,15120,0x6db64,family_shift,medium
Y,0x6e6d4,32000,0x7212c,content_match,high
Table 2D - 17_,0x6e6f0,D400,0x6e6f0,same_addr,high
Table 2D - 17_,0x6e6f0,E500,0x6d6b0,content_match,high
Table 2D - 17_,0x6e6f0,C500,0x6d6b0,content_match,high
Table 2D - 17_,0x6e6f0,FB00,0x6e390,content_match,high
Table 2D - 17_,0x6e6f0,FC00,0x6e390,content_match,high
Table 2D - 17_,0x6e6f0,B900,0x6e390,content_match,high
Table 2D - 17_,0x6e6f0,E700,0x6d760,family_shift,medium
Table 2D - 17_,0x6e6f0,15120,0x6db80,content_match,high
Table 2D - 17_,0x6e6f0,32000,0x720dc,content_match,high
Y,0x6e6f8,D400,0x6e6f8,same_addr,high
Y,0x6e6f8,E500,0x6d6b8,content_match,high
Y,0x6e6f8,C500,0x6d6b8,content_match,high
Y,0x6e6f8,FB00,0x6e398,content_match,high
Y,0x6e6f8,FC00,0x6e398,content_match,high
Y,0x6e6f8,B900,0x6e398,content_match,high
Y,0x6e6f8,E700,0x6d768,family_shift,low
Y,0x6e6f8,15120,0x6db88,content_match,high
Y,0x6e6f8,32000,0x720e4,content_match,high
Table 2D - 18_,0x6e714,D400,0x6e714,same_addr,high
Table 2D - 18_,0x6e714,E500,0x6d6d4,content_match,high
Table 2D - 18_,0x6e714,C500,0x6d6d4,content_match,high
Table 2D - 18_,0x6e714,FB00,0x6e3d4,family_shift,low
Table 2D - 18_,0x6e714,FC00,0x6e3d4,family_shift,low
Table 2D - 18_,0x6e714,B900,0x6e3d4,family_shift,low
Table 2D - 18_,0x6e714,E700,0x6d784,family_shift,low
Table 2D - 18_,0x6e714,15120,0x6dba4,content_match,high
Table 2D - 18_,0x6e714,32000,0x72100,content_match,high
Y,0x6e71c,D400,0x6e71c,same_addr,high
Y,0x6e71c,E500,0x6d6dc,family_shift,medium
Y,0x6e71c,C500,0x6d6dc,family_shift,medium
Y,0x6e71c,FB00,0x6e3dc,family_shift,low
Y,0x6e71c,FC00,0x6e3dc,family_shift,low
Y,0x6e71c,B900,0x6e3dc,family_shift,low
Y,0x6e71c,E700,0x6d78c,family_shift,medium
Y,0x6e71c,15120,0x6dbac,family_shift,medium
Y,0x6e71c,32000,0x721a8,family_shift,low
Table 2D - 19_,0x6e738,D400,0x6e738,same_addr,high
Table 2D - 19_,0x6e738,E500,0x6d6f8,content_match,high
Table 2D - 19_,0x6e738,C500,0x6d6f8,content_match,high
Table 2D - 19_,0x6e738,FB00,0x6e3f8,family_shift,low
Table 2D - 19_,0x6e738,FC00,0x6e3f8,family_shift,low
Table 2D - 19_,0x6e738,B900,0x6e3f8,family_shift,low
Table 2D - 19_,0x6e738,E700,0x6d7a8,content_match,high
Table 2D - 19_,0x6e738,15120,0x6dbc8,content_match,high
Table 2D - 19_,0x6e738,32000,0x721c4,family_shift,low
Y,0x6e740,D400,0x6e740,same_addr,high
Y,0x6e740,E500,0x6d700,family_shift,medium
Y,0x6e740,C500,0x6d700,family_shift,medium
Y,0x6e740,FB00,0x6e400,family_shift,low
Y,0x6e740,FC00,0x6e400,family_shift,low
Y,0x6e740,B900,0x6e400,family_shift,low
Y,0x6e740,E700,0x6d7b0,family_shift,medium
Y,0x6e740,15120,0x6dbd0,family_shift,medium
Y,0x6e740,32000,0x721cc,family_shift,low
Table 2D - 20_,0x6e75c,D400,0x6e75c,same_addr,high
Table 2D - 20_,0x6e75c,E500,0x6d71c,content_match,high
Table 2D - 20_,0x6e75c,C500,0x6d71c,content_match,high
Table 2D - 20_,0x6e75c,FB00,0x6e41c,family_shift,low
Table 2D - 20_,0x6e75c,FC00,0x6e41c,family_shift,low
Table 2D - 20_,0x6e75c,B900,0x6e41c,family_shift,low
Table 2D - 20_,0x6e75c,E700,0x6d7cc,content_match,high
Table 2D - 20_,0x6e75c,15120,0x6dbec,content_match,high
Table 2D - 20_,0x6e75c,32000,0x721e8,family_shift,low
Y,0x6e764,D400,0x6e764,same_addr,high
Y,0x6e764,E500,0x6d724,family_shift,medium
Y,0x6e764,C500,0x6d724,family_shift,medium
Y,0x6e764,FB00,0x6e424,family_shift,low
Y,0x6e764,FC00,0x6e424,family_shift,low
Y,0x6e764,B900,0x6e424,family_shift,low
Y,0x6e764,E700,0x6d7d4,family_shift,medium
Y,0x6e764,15120,0x6dbf4,family_shift,medium
Y,0x6e764,32000,0x7221c,content_match,high
Table 2D - 21_,0x6e780,D400,0x6e780,same_addr,high
Table 2D - 21_,0x6e780,E500,0x6d740,content_match,high
Table 2D - 21_,0x6e780,C500,0x6d740,content_match,high
Table 2D - 21_,0x6e780,FB00,0x6e3e8,content_match,high
Table 2D - 21_,0x6e780,FC00,0x6e3e8,content_match,high
Table 2D - 21_,0x6e780,B900,0x6e3e8,content_match,high
Table 2D - 21_,0x6e780,E700,0x6d7f0,family_shift,low
Table 2D - 21_,0x6e780,15120,0x6dc10,content_match,high
Table 2D - 21_,0x6e780,32000,0x72124,content_match,high
Y,0x6e788,D400,0x6e788,same_addr,high
Y,0x6e788,E500,0x6d748,family_shift,medium
Y,0x6e788,C500,0x6d748,family_shift,medium
Y,0x6e788,FB00,0x6e448,family_shift,low
Y,0x6e788,FC00,0x6e448,family_shift,low
Y,0x6e788,B900,0x6e448,family_shift,low
Y,0x6e788,E700,0x6d7f8,family_shift,medium
Y,0x6e788,15120,0x6dc18,family_shift,medium
Y,0x6e788,32000,0x7221c,content_match,high
Table 2D - 22_,0x6e7a4,D400,0x6e7a4,same_addr,high
Table 2D - 22_,0x6e7a4,E500,0x6d764,content_match,high
Table 2D - 22_,0x6e7a4,C500,0x6d764,content_match,high
Table 2D - 22_,0x6e7a4,FB00,0x6e40c,content_match,high
Table 2D - 22_,0x6e7a4,FC00,0x6e40c,content_match,high
Table 2D - 22_,0x6e7a4,B900,0x6e40c,content_match,high
Table 2D - 22_,0x6e7a4,E700,0x6d814,family_shift,low
Table 2D - 22_,0x6e7a4,15120,0x6dc34,content_match,high
Table 2D - 22_,0x6e7a4,32000,0x72148,content_match,high
Y,0x6e7ac,D400,0x6e7ac,same_addr,high
Y,0x6e7ac,E500,0x6d76c,content_match,high
Y,0x6e7ac,C500,0x6d76c,content_match,high
Y,0x6e7ac,FB00,0x6e414,content_match,high
Y,0x6e7ac,FC00,0x6e414,content_match,high
Y,0x6e7ac,B900,0x6e414,content_match,high
Y,0x6e7ac,E700,0x6d81c,content_match,high
Y,0x6e7ac,15120,0x6dc3c,content_match,high
Y,0x6e7ac,32000,0x72238,family_shift,low
Table 2D - 23_,0x6e7f8,D400,0x6e7f8,same_addr,high
Table 2D - 23_,0x6e7f8,E500,0x6d7b8,content_match,high
Table 2D - 23_,0x6e7f8,C500,0x6d7b8,content_match,high
Table 2D - 23_,0x6e7f8,FB00,0x6e460,content_match,high
Table 2D - 23_,0x6e7f8,FC00,0x6e460,content_match,high
Table 2D - 23_,0x6e7f8,B900,0x6e460,content_match,high
Table 2D - 23_,0x6e7f8,E700,0x6d868,content_match,high
Table 2D - 23_,0x6e7f8,15120,0x6dc88,content_match,high
Table 2D - 23_,0x6e7f8,32000,0x7219c,content_match,high
Y,0x6e820,D400,0x6e820,same_addr,high
Y,0x6e820,E500,0x6d7e0,content_match,high
Y,0x6e820,C500,0x6d7e0,content_match,high
Y,0x6e820,FB00,0x6e488,content_match,high
Y,0x6e820,FC00,0x6e488,content_match,high
Y,0x6e820,B900,0x6e488,content_match,high
Y,0x6e820,E700,0x6d890,family_shift,medium
Y,0x6e820,15120,0x6dcb0,content_match,high
Y,0x6e820,32000,0x722ac,family_shift,low
Table 2D - 24_,0x6e84c,D400,0x6e84c,same_addr,high
Table 2D - 24_,0x6e84c,E500,0x6d80c,content_match,high
Table 2D - 24_,0x6e84c,C500,0x6d80c,content_match,high
Table 2D - 24_,0x6e84c,FB00,0x6e4b4,content_match,high
Table 2D - 24_,0x6e84c,FC00,0x6e4b4,content_match,high
Table 2D - 24_,0x6e84c,B900,0x6e4b4,content_match,high
Table 2D - 24_,0x6e84c,E700,0x6d8bc,family_shift,medium
Table 2D - 24_,0x6e84c,15120,0x6dcdc,content_match,high
Table 2D - 24_,0x6e84c,32000,0x722d8,family_shift,low
Y,0x6e864,D400,0x6e864,same_addr,high
Y,0x6e864,E500,0x6d824,family_shift,medium
Y,0x6e864,C500,0x6d824,family_shift,medium
Y,0x6e864,FB00,0x6e524,family_shift,low
Y,0x6e864,FC00,0x6e524,family_shift,low
Y,0x6e864,B900,0x6e524,family_shift,low
Y,0x6e864,E700,0x6d8d4,family_shift,medium
Y,0x6e864,15120,0x6dcf4,family_shift,medium
Y,0x6e864,32000,0x722ec,content_match,high
Idle Target,0x6e880,D400,0x6e880,same_addr,high
Idle Target,0x6e880,E500,0x6d840,content_match,high
Idle Target,0x6e880,C500,0x6d840,content_match,high
Idle Target,0x6e880,FB00,0x6e540,family_shift,low
Idle Target,0x6e880,FC00,0x6e540,family_shift,low
Idle Target,0x6e880,B900,0x6e540,family_shift,low
Idle Target,0x6e880,E700,0x6d8f0,content_match,high
Idle Target,0x6e880,15120,0x6dd10,content_match,high
Idle Target,0x6e880,32000,0x72308,content_match,high
Y,0x6e890,D400,0x6e890,same_addr,high
Y,0x6e890,E500,0x6d850,content_match,high
Y,0x6e890,C500,0x6d850,content_match,high
Y,0x6e890,FB00,0x6e4f8,content_match,high
Y,0x6e890,FC00,0x6e4f8,content_match,high
Y,0x6e890,B900,0x6e4f8,content_match,high
Y,0x6e890,E700,0x6d900,content_match,high
Y,0x6e890,15120,0x6dd20,content_match,high
Y,0x6e890,32000,0x72248,content_match,high
Idle Target 0,0x6e8c0,D400,0x6e8c0,same_addr,high
Idle Target 0,0x6e8c0,E500,0x6d880,family_shift,medium
Idle Target 0,0x6e8c0,C500,0x6d880,content_match,high
Idle Target 0,0x6e8c0,FB00,0x6e528,content_match,high
Idle Target 0,0x6e8c0,FC00,0x6e528,content_match,high
Idle Target 0,0x6e8c0,B900,0x6e528,content_match,high
Idle Target 0,0x6e8c0,E700,0x6d930,family_shift,medium
Idle Target 0,0x6e8c0,15120,0x6dd50,content_match,high
Idle Target 0,0x6e8c0,32000,0x72278,content_match,high
Y,0x6e8d8,D400,0x6e8d8,same_addr,high
Y,0x6e8d8,E500,0x6d898,content_match,high
Y,0x6e8d8,C500,0x6d898,content_match,high
Y,0x6e8d8,FB00,0x6e588,content_match,high
Y,0x6e8d8,FC00,0x6e588,content_match,high
Y,0x6e8d8,B900,0x6e588,content_match,high
Y,0x6e8d8,E700,0x6d948,content_match,high
Y,0x6e8d8,15120,0x6dd68,content_match,high
Y,0x6e8d8,32000,0x72364,family_shift,low
Idle Target 1,0x6e908,D400,0x6e908,same_addr,high
Idle Target 1,0x6e908,E500,0x6d8c8,family_shift,medium
Idle Target 1,0x6e908,C500,0x6d8c8,content_match,high
Idle Target 1,0x6e908,FB00,0x6e570,content_match,high
Idle Target 1,0x6e908,FC00,0x6e570,content_match,high
Idle Target 1,0x6e908,B900,0x6e570,content_match,high
Idle Target 1,0x6e908,E700,0x6d978,family_shift,medium
Idle Target 1,0x6e908,15120,0x6dd98,content_match,high
Idle Target 1,0x6e908,32000,0x722c0,content_match,high
Y,0x6e920,D400,0x6e920,same_addr,high
Y,0x6e920,E500,0x6d8e0,content_match,high
Y,0x6e920,C500,0x6d8e0,content_match,high
Y,0x6e920,FB00,0x6e5e0,family_shift,low
Y,0x6e920,FC00,0x6e5e0,family_shift,low
Y,0x6e920,B900,0x6e5e0,family_shift,low
Y,0x6e920,E700,0x6d990,content_match,high
Y,0x6e920,15120,0x6ddb0,content_match,high
Y,0x6e920,32000,0x723ac,family_shift,low
Idle Target 2,0x6e950,D400,0x6e950,same_addr,high
Idle Target 2,0x6e950,E500,0x6d910,content_match,high
Idle Target 2,0x6e950,C500,0x6d910,content_match,high
Idle Target 2,0x6e950,FB00,0x6e610,family_shift,low
Idle Target 2,0x6e950,FC00,0x6e610,family_shift,low
Idle Target 2,0x6e950,B900,0x6e610,family_shift,low
Idle Target 2,0x6e950,E700,0x6d9c0,content_match,high
Idle Target 2,0x6e950,15120,0x6dde0,content_match,high
Idle Target 2,0x6e950,32000,0x723dc,family_shift,low
Y,0x6e968,D400,0x6e968,same_addr,high
Y,0x6e968,E500,0x6d928,content_match,high
Y,0x6e968,C500,0x6d928,content_match,high
Y,0x6e968,FB00,0x6e628,family_shift,low
Y,0x6e968,FC00,0x6e628,family_shift,low
Y,0x6e968,B900,0x6e628,family_shift,low
Y,0x6e968,E700,0x6d9d8,content_match,high
Y,0x6e968,15120,0x6ddf8,content_match,high
Y,0x6e968,32000,0x723f4,family_shift,low
Idle Target 3,0x6e998,D400,0x6e998,same_addr,high
Idle Target 3,0x6e998,E500,0x6d958,content_match,high
Idle Target 3,0x6e998,C500,0x6d958,content_match,high
Idle Target 3,0x6e998,FB00,0x6e658,family_shift,low
Idle Target 3,0x6e998,FC00,0x6e658,family_shift,low
Idle Target 3,0x6e998,B900,0x6e658,family_shift,low
Idle Target 3,0x6e998,E700,0x6da08,family_shift,medium
Idle Target 3,0x6e998,15120,0x6de28,content_match,high
Idle Target 3,0x6e998,32000,0x72424,family_shift,low
Y,0x6e9b0,D400,0x6e9b0,same_addr,high
Y,0x6e9b0,E500,0x6d970,family_shift,medium
Y,0x6e9b0,C500,0x6d970,family_shift,medium
Y,0x6e9b0,FB00,0x6e670,family_shift,medium
Y,0x6e9b0,FC00,0x6e670,family_shift,medium
Y,0x6e9b0,B900,0x6e670,family_shift,medium
Y,0x6e9b0,E700,0x6da20,family_shift,medium
Y,0x6e9b0,15120,0x6de40,family_shift,medium
Y,0x6e9b0,32000,0x72434,content_match,high
Idle Target 4,0x6e9cc,D400,0x6e9cc,same_addr,high
Idle Target 4,0x6e9cc,E500,0x6d98c,content_match,high
Idle Target 4,0x6e9cc,C500,0x6d98c,content_match,high
Idle Target 4,0x6e9cc,FB00,0x6e68c,family_shift,low
Idle Target 4,0x6e9cc,FC00,0x6e68c,family_shift,low
Idle Target 4,0x6e9cc,B900,0x6e68c,family_shift,low
Idle Target 4,0x6e9cc,E700,0x6da3c,content_match,high
Idle Target 4,0x6e9cc,15120,0x6de5c,content_match,high
Idle Target 4,0x6e9cc,32000,0x72458,family_shift,low
Y,0x6e9dc,D400,0x6e9dc,same_addr,high
Y,0x6e9dc,E500,0x6d99c,family_shift,medium
Y,0x6e9dc,C500,0x6d99c,family_shift,medium
Y,0x6e9dc,FB00,0x6e69c,family_shift,low
Y,0x6e9dc,FC00,0x6e69c,family_shift,low
Y,0x6e9dc,B900,0x6e69c,family_shift,low
Y,0x6e9dc,E700,0x6da4c,family_shift,medium
Y,0x6e9dc,15120,0x6de6c,family_shift,medium
Y,0x6e9dc,32000,0x72434,content_match,high
Idle Target 5,0x6e9f8,D400,0x6e9f8,same_addr,high
Idle Target 5,0x6e9f8,E500,0x6d9b8,content_match,high
Idle Target 5,0x6e9f8,C500,0x6d9b8,content_match,high
Idle Target 5,0x6e9f8,FB00,0x6e62c,content_match,high
Idle Target 5,0x6e9f8,FC00,0x6e62c,content_match,high
Idle Target 5,0x6e9f8,B900,0x6e62c,content_match,high
Idle Target 5,0x6e9f8,E700,0x6da68,content_match,high
Idle Target 5,0x6e9f8,15120,0x6de88,content_match,high
Idle Target 5,0x6e9f8,32000,0x72334,content_match,high
Y,0x6ea08,D400,0x6ea08,same_addr,high
Y,0x6ea08,E500,0x6d9c8,content_match,high
Y,0x6ea08,C500,0x6d9c8,content_match,high
Y,0x6ea08,FB00,0x6e6c8,family_shift,low
Y,0x6ea08,FC00,0x6e6c8,family_shift,low
Y,0x6ea08,B900,0x6e6c8,family_shift,low
Y,0x6ea08,E700,0x6da78,content_match,high
Y,0x6ea08,15120,0x6de98,content_match,high
Y,0x6ea08,32000,0x72494,family_shift,low
Idle Target 6,0x6ea24,D400,0x6ea24,same_addr,high
Idle Target 6,0x6ea24,E500,0x6d9e4,content_match,high
Idle Target 6,0x6ea24,C500,0x6d9e4,content_match,high
Idle Target 6,0x6ea24,FB00,0x6e6e4,family_shift,low
Idle Target 6,0x6ea24,FC00,0x6e6e4,family_shift,low
Idle Target 6,0x6ea24,B900,0x6e6e4,family_shift,low
Idle Target 6,0x6ea24,E700,0x6da94,content_match,high
Idle Target 6,0x6ea24,15120,0x6deb4,content_match,high
Idle Target 6,0x6ea24,32000,0x724b0,family_shift,low
Y,0x6ea34,D400,0x6ea34,same_addr,high
Y,0x6ea34,E500,0x6d9f4,family_shift,medium
Y,0x6ea34,C500,0x6d9f4,family_shift,medium
Y,0x6ea34,FB00,0x6e6f8,family_shift,medium
Y,0x6ea34,FC00,0x6e6f8,family_shift,medium
Y,0x6ea34,B900,0x6e6f8,family_shift,medium
Y,0x6ea34,E700,0x6daa4,family_shift,medium
Y,0x6ea34,15120,0x6dec4,family_shift,medium
Y,0x6ea34,32000,0x724c8,content_match,high
Idle Target 7,0x6ea50,D400,0x6ea50,same_addr,high
Idle Target 7,0x6ea50,E500,0x6da10,content_match,high
Idle Target 7,0x6ea50,C500,0x6da10,content_match,high
Idle Target 7,0x6ea50,FB00,0x6e660,content_match,high
Idle Target 7,0x6ea50,FC00,0x6e660,content_match,high
Idle Target 7,0x6ea50,B900,0x6e660,content_match,high
Idle Target 7,0x6ea50,E700,0x6dac0,content_match,high
Idle Target 7,0x6ea50,15120,0x6dee0,content_match,high
Idle Target 7,0x6ea50,32000,0x72360,content_match,high
X,0x6ea60,D400,0x6ea60,same_addr,high
X,0x6ea60,E500,0x6da20,family_shift,medium
X,0x6ea60,C500,0x6da20,family_shift,medium
X,0x6ea60,FB00,0x6e720,family_shift,low
X,0x6ea60,FC00,0x6e720,family_shift,low
X,0x6ea60,B900,0x6e720,family_shift,low
X,0x6ea60,E700,0x6dad0,family_shift,medium
X,0x6ea60,15120,0x6def0,family_shift,medium
X,0x6ea60,32000,0x724c8,content_match,high
Y,0x6ea7c,D400,0x6ea7c,same_addr,high
Y,0x6ea7c,E500,0x6da3c,content_match,high
Y,0x6ea7c,C500,0x6da3c,content_match,high
Y,0x6ea7c,FB00,0x6e68c,content_match,high
Y,0x6ea7c,FC00,0x6e68c,content_match,high
Y,0x6ea7c,B900,0x6e68c,content_match,high
Y,0x6ea7c,E700,0x6daec,content_match,high
Y,0x6ea7c,15120,0x6df0c,content_match,high
Y,0x6ea7c,32000,0x72508,family_shift,low
Table 3D - 12_,0x6ea88,D400,0x6ea88,same_addr,high
Table 3D - 12_,0x6ea88,E500,0x6da48,content_match,high
Table 3D - 12_,0x6ea88,C500,0x6da48,content_match,high
Table 3D - 12_,0x6ea88,FB00,0x6e698,content_match,high
Table 3D - 12_,0x6ea88,FC00,0x6e698,content_match,high
Table 3D - 12_,0x6ea88,B900,0x6e698,content_match,high
Table 3D - 12_,0x6ea88,E700,0x6daf8,content_match,high
Table 3D - 12_,0x6ea88,15120,0x6df18,content_match,high
Table 3D - 12_,0x6ea88,32000,0x72514,family_shift,low
Y,0x6ead4,D400,0x6ead4,same_addr,high
Y,0x6ead4,E500,0x6da94,family_shift,medium
Y,0x6ead4,C500,0x6da94,family_shift,medium
Y,0x6ead4,FB00,0x6e794,family_shift,low
Y,0x6ead4,FC00,0x6e794,family_shift,low
Y,0x6ead4,B900,0x6e794,family_shift,low
Y,0x6ead4,E700,0x6db44,family_shift,medium
Y,0x6ead4,15120,0x6df64,family_shift,medium
Y,0x6ead4,32000,0x72560,family_shift,low
Table 2D - 34_,0x6eaf8,D400,0x6eaf8,same_addr,high
Table 2D - 34_,0x6eaf8,E500,0x6dab8,content_match,high
Table 2D - 34_,0x6eaf8,C500,0x6dab8,content_match,high
Table 2D - 34_,0x6eaf8,FB00,0x6e7b8,family_shift,low
Table 2D - 34_,0x6eaf8,FC00,0x6e7b8,family_shift,low
Table 2D - 34_,0x6eaf8,B900,0x6e7b8,family_shift,low
Table 2D - 34_,0x6eaf8,E700,0x6db68,content_match,high
Table 2D - 34_,0x6eaf8,15120,0x6df88,content_match,high
Table 2D - 34_,0x6eaf8,32000,0x72584,family_shift,low
Y,0x6eb04,D400,0x6eb04,same_addr,high
Y,0x6eb04,E500,0x6dac4,family_shift,medium
Y,0x6eb04,C500,0x6dac4,family_shift,medium
Y,0x6eb04,FB00,0x6e7c4,family_shift,low
Y,0x6eb04,FC00,0x6e7c4,family_shift,low
Y,0x6eb04,B900,0x6e7c4,family_shift,low
Y,0x6eb04,E700,0x6db74,family_shift,medium
Y,0x6eb04,15120,0x6df94,family_shift,medium
Y,0x6eb04,32000,0x72590,family_shift,low
Table 2D - 35_,0x6eb28,D400,0x6eb28,same_addr,high
Table 2D - 35_,0x6eb28,E500,0x6dae8,content_match,high
Table 2D - 35_,0x6eb28,C500,0x6dae8,content_match,high
Table 2D - 35_,0x6eb28,FB00,0x6e7e8,family_shift,low
Table 2D - 35_,0x6eb28,FC00,0x6e7e8,family_shift,low
Table 2D - 35_,0x6eb28,B900,0x6e7e8,family_shift,low
Table 2D - 35_,0x6eb28,E700,0x6db98,content_match,high
Table 2D - 35_,0x6eb28,15120,0x6dfb8,content_match,high
Table 2D - 35_,0x6eb28,32000,0x725b4,family_shift,low
Y,0x6eb34,D400,0x6eb34,same_addr,high
Y,0x6eb34,E500,0x6daf4,content_match,high
Y,0x6eb34,C500,0x6daf4,content_match,high
Y,0x6eb34,FB00,0x6e800,content_match,high
Y,0x6eb34,FC00,0x6e800,content_match,high
Y,0x6eb34,B900,0x6e800,content_match,high
Y,0x6eb34,E700,0x6dba4,content_match,high
Y,0x6eb34,15120,0x6dfc4,family_shift,low
Y,0x6eb34,32000,0x725c0,family_shift,low
Table 2D - 36_,0x6eb58,D400,0x6eb58,same_addr,high
Table 2D - 36_,0x6eb58,E500,0x6db18,content_match,high
Table 2D - 36_,0x6eb58,C500,0x6db18,content_match,high
Table 2D - 36_,0x6eb58,FB00,0x6e718,content_match,high
Table 2D - 36_,0x6eb58,FC00,0x6e718,content_match,high
Table 2D - 36_,0x6eb58,B900,0x6e718,content_match,high
Table 2D - 36_,0x6eb58,E700,0x6dbc8,content_match,high
Table 2D - 36_,0x6eb58,15120,0x6dfe8,family_shift,low
Table 2D - 36_,0x6eb58,32000,0x725e4,family_shift,low
Y,0x6eb64,D400,0x6eb64,same_addr,high
Y,0x6eb64,E500,0x6db24,content_match,high
Y,0x6eb64,C500,0x6db24,content_match,high
Y,0x6eb64,FB00,0x6e824,family_shift,low
Y,0x6eb64,FC00,0x6e824,family_shift,low
Y,0x6eb64,B900,0x6e824,family_shift,low
Y,0x6eb64,E700,0x6dbd4,content_match,high
Y,0x6eb64,15120,0x6dff4,content_match,high
Y,0x6eb64,32000,0x725f0,family_shift,low
Table 2D - 37_,0x6eb88,D400,0x6eb88,same_addr,high
Table 2D - 37_,0x6eb88,E500,0x6db48,content_match,high
Table 2D - 37_,0x6eb88,C500,0x6db48,content_match,high
Table 2D - 37_,0x6eb88,FB00,0x78100,content_match,high
Table 2D - 37_,0x6eb88,FC00,0x78100,content_match,high
Table 2D - 37_,0x6eb88,B900,0x78100,content_match,high
Table 2D - 37_,0x6eb88,E700,0x6dbf8,content_match,high
Table 2D - 37_,0x6eb88,15120,0x6e018,content_match,high
Table 2D - 37_,0x6eb88,32000,0x72614,family_shift,low
Y,0x6eb94,D400,0x6eb94,same_addr,high
Y,0x6eb94,E500,0x6db54,family_shift,medium
Y,0x6eb94,C500,0x6db54,content_match,high
Y,0x6eb94,FB00,0x6e854,family_shift,low
Y,0x6eb94,FC00,0x6e854,family_shift,low
Y,0x6eb94,B900,0x6e854,family_shift,low
Y,0x6eb94,E700,0x6dc04,family_shift,medium
Y,0x6eb94,15120,0x6e024,family_shift,medium
Y,0x6eb94,32000,0x725f8,content_match,high
Table 2D - 38_,0x6eba8,D400,0x6eba8,same_addr,high
Table 2D - 38_,0x6eba8,E500,0x6db68,content_match,high
Table 2D - 38_,0x6eba8,C500,0x6db68,content_match,high
Table 2D - 38_,0x6eba8,FB00,0x6e868,family_shift,low
Table 2D - 38_,0x6eba8,FC00,0x6e868,family_shift,low
Table 2D - 38_,0x6eba8,B900,0x6e868,family_shift,low
Table 2D - 38_,0x6eba8,E700,0x6dc18,family_shift,low
Table 2D - 38_,0x6eba8,15120,0x6e038,content_match,high
Table 2D - 38_,0x6eba8,32000,0x72634,family_shift,low
Y,0x6ebb0,D400,0x6ebb0,same_addr,high
Y,0x6ebb0,E500,0x6db70,family_shift,medium
Y,0x6ebb0,C500,0x6db70,family_shift,medium
Y,0x6ebb0,FB00,0x6e870,family_shift,low
Y,0x6ebb0,FC00,0x6e870,family_shift,low
Y,0x6ebb0,B900,0x6e870,family_shift,low
Y,0x6ebb0,E700,0x6dc20,family_shift,medium
Y,0x6ebb0,15120,0x6e040,family_shift,medium
Y,0x6ebb0,32000,0x7263c,family_shift,low
Table 2D - 39_,0x6ebc8,D400,0x6ebc8,same_addr,high
Table 2D - 39_,0x6ebc8,E500,0x6db88,content_match,high
Table 2D - 39_,0x6ebc8,C500,0x6db88,content_match,high
Table 2D - 39_,0x6ebc8,FB00,0x6e888,family_shift,low
Table 2D - 39_,0x6ebc8,FC00,0x6e888,family_shift,low
Table 2D - 39_,0x6ebc8,B900,0x6e888,family_shift,low
Table 2D - 39_,0x6ebc8,E700,0x6dc38,content_match,high
Table 2D - 39_,0x6ebc8,15120,0x6e058,content_match,high
Table 2D - 39_,0x6ebc8,32000,0x72654,family_shift,low
Y,0x6ebd0,D400,0x6ebd0,same_addr,high
Y,0x6ebd0,E500,0x6db90,content_match,high
Y,0x6ebd0,C500,0x6db90,content_match,high
Y,0x6ebd0,FB00,0x6e890,family_shift,low
Y,0x6ebd0,FC00,0x6e890,family_shift,low
Y,0x6ebd0,B900,0x6e890,family_shift,low
Y,0x6ebd0,E700,0x6dc40,content_match,high
Y,0x6ebd0,15120,0x6e060,content_match,high
Y,0x6ebd0,32000,0x7265c,family_shift,low
Table 2D - 40_,0x6ec08,D400,0x6ec08,same_addr,high
Table 2D - 40_,0x6ec08,E500,0x6dbc8,content_match,high
Table 2D - 40_,0x6ec08,C500,0x6dbc8,content_match,high
Table 2D - 40_,0x6ec08,FB00,0x6e8c8,family_shift,low
Table 2D - 40_,0x6ec08,FC00,0x6e8c8,family_shift,low
Table 2D - 40_,0x6ec08,B900,0x6e8c8,family_shift,low
Table 2D - 40_,0x6ec08,E700,0x6dc78,content_match,high
Table 2D - 40_,0x6ec08,15120,0x6e098,content_match,high
Table 2D - 40_,0x6ec08,32000,0x72694,family_shift,low
Y,0x6ec34,D400,0x6ec34,same_addr,high
Y,0x6ec34,E500,0x6dbf4,content_match,high
Y,0x6ec34,C500,0x6dbf4,content_match,high
Y,0x6ec34,FB00,0x6e8f4,family_shift,low
Y,0x6ec34,FC00,0x6e8f4,family_shift,low
Y,0x6ec34,B900,0x6e8f4,family_shift,low
Y,0x6ec34,E700,0x6dca4,content_match,high
Y,0x6ec34,15120,0x6e0c4,content_match,high
Y,0x6ec34,32000,0x726c0,family_shift,low
Table 2D - 41_,0x6ec44,D400,0x6ec44,same_addr,high
Table 2D - 41_,0x6ec44,E500,0x6dc04,content_match,high
Table 2D - 41_,0x6ec44,C500,0x6dc04,content_match,high
Table 2D - 41_,0x6ec44,FB00,0x6e904,family_shift,low
Table 2D - 41_,0x6ec44,FC00,0x6e904,family_shift,low
Table 2D - 41_,0x6ec44,B900,0x6e904,family_shift,low
Table 2D - 41_,0x6ec44,E700,0x6dcb4,content_match,high
Table 2D - 41_,0x6ec44,15120,0x6e0d4,content_match,high
Table 2D - 41_,0x6ec44,32000,0x7242c,content_match,high
Y,0x6ec4c,D400,0x6ec4c,same_addr,high
Y,0x6ec4c,E500,0x6dc0c,family_shift,medium
Y,0x6ec4c,C500,0x6dc0c,family_shift,medium
Y,0x6ec4c,FB00,0x6e90c,family_shift,low
Y,0x6ec4c,FC00,0x6e90c,family_shift,low
Y,0x6ec4c,B900,0x6e90c,family_shift,low
Y,0x6ec4c,E700,0x6dcbc,family_shift,medium
Y,0x6ec4c,15120,0x6e0dc,family_shift,medium
Y,0x6ec4c,32000,0x726d8,family_shift,low
Table 2D - 42_,0x6ec70,D400,0x6ec70,same_addr,high
Table 2D - 42_,0x6ec70,E500,0x6dc30,content_match,high
Table 2D - 42_,0x6ec70,C500,0x6dc30,content_match,high
Table 2D - 42_,0x6ec70,FB00,0x6e7b4,content_match,high
Table 2D - 42_,0x6ec70,FC00,0x6e7b4,content_match,high
Table 2D - 42_,0x6ec70,B900,0x6e7b4,content_match,high
Table 2D - 42_,0x6ec70,E700,0x6dce0,content_match,high
Table 2D - 42_,0x6ec70,15120,0x6e100,content_match,high
Table 2D - 42_,0x6ec70,32000,0x72458,content_match,high
Y,0x6ec84,D400,0x6ec84,same_addr,high
Y,0x6ec84,E500,0x6dc44,family_shift,medium
Y,0x6ec84,C500,0x6dc44,family_shift,medium
Y,0x6ec84,FB00,0x6e8ec,family_shift,low
Y,0x6ec84,FC00,0x6e8ec,family_shift,low
Y,0x6ec84,B900,0x6e8ec,family_shift,low
Y,0x6ec84,E700,0x6dcf4,family_shift,medium
Y,0x6ec84,15120,0x6e114,family_shift,medium
Y,0x6ec84,32000,0x72670,family_shift,low
Table 2D - 43_,0x6eca8,D400,0x6eca8,same_addr,high
Table 2D - 43_,0x6eca8,E500,0x6dc68,family_shift,medium
Table 2D - 43_,0x6eca8,C500,0x6dc68,family_shift,medium
Table 2D - 43_,0x6eca8,FB00,0x6e910,family_shift,low
Table 2D - 43_,0x6eca8,FC00,0x6e910,family_shift,low
Table 2D - 43_,0x6eca8,B900,0x6e910,family_shift,low
Table 2D - 43_,0x6eca8,E700,0x6dd18,family_shift,medium
Table 2D - 43_,0x6eca8,15120,0x6e138,family_shift,medium
Table 2D - 43_,0x6eca8,32000,0x72694,family_shift,low
Y,0x6ecbc,D400,0x6ecbc,same_addr,high
Y,0x6ecbc,E500,0x6dc7c,content_match,high
Y,0x6ecbc,C500,0x6dc7c,content_match,high
Y,0x6ecbc,FB00,0x6e924,family_shift,low
Y,0x6ecbc,FC00,0x6e924,family_shift,low
Y,0x6ecbc,B900,0x6e924,family_shift,low
Y,0x6ecbc,E700,0x6dd2c,content_match,high
Y,0x6ecbc,15120,0x6e14c,content_match,high
Y,0x6ecbc,32000,0x726a8,family_shift,low
Table 2D - 44_,0x6ece0,D400,0x6ece0,same_addr,high
Table 2D - 44_,0x6ece0,E500,0x6dca0,content_match,high
Table 2D - 44_,0x6ece0,C500,0x6dca0,content_match,high
Table 2D - 44_,0x6ece0,FB00,0x6e824,content_match,high
Table 2D - 44_,0x6ece0,FC00,0x6e824,content_match,high
Table 2D - 44_,0x6ece0,B900,0x6e824,content_match,high
Table 2D - 44_,0x6ece0,E700,0x6dd50,family_shift,medium
Table 2D - 44_,0x6ece0,15120,0x6e170,content_match,high
Table 2D - 44_,0x6ece0,32000,0x72490,content_match,high
Y,0x6ecf4,D400,0x6ecf4,same_addr,high
Y,0x6ecf4,E500,0x6dcb4,family_shift,medium
Y,0x6ecf4,C500,0x6dcb4,family_shift,medium
Y,0x6ecf4,FB00,0x6e95c,family_shift,low
Y,0x6ecf4,FC00,0x6e95c,family_shift,low
Y,0x6ecf4,B900,0x6e95c,family_shift,low
Y,0x6ecf4,E700,0x6dd64,family_shift,medium
Y,0x6ecf4,15120,0x6e184,family_shift,medium
Y,0x6ecf4,32000,0x726e0,family_shift,low
Table 2D - 45_,0x6ed08,D400,0x6ed08,same_addr,high
Table 2D - 45_,0x6ed08,E500,0x6dcc8,content_match,high
Table 2D - 45_,0x6ed08,C500,0x6dcc8,content_match,high
Table 2D - 45_,0x6ed08,FB00,0x6e84c,content_match,high
Table 2D - 45_,0x6ed08,FC00,0x6e84c,content_match,high
Table 2D - 45_,0x6ed08,B900,0x6e84c,content_match,high
Table 2D - 45_,0x6ed08,E700,0x6dd78,content_match,high
Table 2D - 45_,0x6ed08,15120,0x6e198,content_match,high
Table 2D - 45_,0x6ed08,32000,0x724b8,content_match,high
Y,0x6ed18,D400,0x6ed18,same_addr,high
Y,0x6ed18,E500,0x6dcd8,family_shift,medium
Y,0x6ed18,C500,0x6dcd8,family_shift,medium
Y,0x6ed18,FB00,0x6e980,family_shift,low
Y,0x6ed18,FC00,0x6e980,family_shift,low
Y,0x6ed18,B900,0x6e980,family_shift,low
Y,0x6ed18,E700,0x6dd88,family_shift,medium
Y,0x6ed18,15120,0x6e1a8,family_shift,medium
Y,0x6ed18,32000,0x72704,family_shift,low
Table 2D - 46_,0x6ed3c,D400,0x6ed3c,same_addr,high
Table 2D - 46_,0x6ed3c,E500,0x6dcfc,content_match,high
Table 2D - 46_,0x6ed3c,C500,0x6dcfc,content_match,high
Table 2D - 46_,0x6ed3c,FB00,0x6e880,content_match,high
Table 2D - 46_,0x6ed3c,FC00,0x6e880,content_match,high
Table 2D - 46_,0x6ed3c,B900,0x6e880,content_match,high
Table 2D - 46_,0x6ed3c,E700,0x6ddac,content_match,high
Table 2D - 46_,0x6ed3c,15120,0x6e1cc,content_match,high
Table 2D - 46_,0x6ed3c,32000,0x72728,family_shift,low
X,0x6ed48,D400,0x6ed48,same_addr,high
X,0x6ed48,E500,0x6dd08,family_shift,medium
X,0x6ed48,C500,0x6dd08,family_shift,medium
X,0x6ed48,FB00,0x6e9b0,family_shift,low
X,0x6ed48,FC00,0x6e9b0,family_shift,low
X,0x6ed48,B900,0x6e9b0,family_shift,low
X,0x6ed48,E700,0x6ddb8,family_shift,medium
X,0x6ed48,15120,0x6e1d8,family_shift,medium
X,0x6ed48,32000,0x72734,family_shift,low
Y,0x6ed6c,D400,0x6ed6c,same_addr,high
Y,0x6ed6c,E500,0x6dd2c,content_match,high
Y,0x6ed6c,C500,0x6dd2c,content_match,high
Y,0x6ed6c,FB00,0x6e8b0,content_match,high
Y,0x6ed6c,FC00,0x6e8b0,content_match,high
Y,0x6ed6c,B900,0x6e8b0,content_match,high
Y,0x6ed6c,E700,0x6dddc,content_match,high
Y,0x6ed6c,15120,0x6e1fc,content_match,high
Y,0x6ed6c,32000,0x72758,family_shift,low
Table 3D - 13_,0x6ed78,D400,0x6ed78,same_addr,high
Table 3D - 13_,0x6ed78,E500,0x6dd38,content_match,high
Table 3D - 13_,0x6ed78,C500,0x6dd38,content_match,high
Table 3D - 13_,0x6ed78,FB00,0x6e8bc,content_match,high
Table 3D - 13_,0x6ed78,FC00,0x6e8bc,content_match,high
Table 3D - 13_,0x6ed78,B900,0x6e8bc,content_match,high
Table 3D - 13_,0x6ed78,E700,0x6dde8,content_match,high
Table 3D - 13_,0x6ed78,15120,0x6e208,content_match,high
Table 3D - 13_,0x6ed78,32000,0x72764,family_shift,low
X,0x6eda4,D400,0x6eda4,same_addr,high
X,0x6eda4,E500,0x6dd64,content_match,high
X,0x6eda4,C500,0x6dd64,content_match,high
X,0x6eda4,FB00,0x6ea0c,family_shift,low
X,0x6eda4,FC00,0x6ea0c,family_shift,low
X,0x6eda4,B900,0x6ea0c,family_shift,low
X,0x6eda4,E700,0x6de14,content_match,high
X,0x6eda4,15120,0x6e230,content_match,high
X,0x6eda4,32000,0x72790,family_shift,low
Y,0x6edd4,D400,0x6edd4,same_addr,high
Y,0x6edd4,E500,0x6dd94,family_shift,medium
Y,0x6edd4,C500,0x6dd94,family_shift,medium
Y,0x6edd4,FB00,0x6ea3c,family_shift,low
Y,0x6edd4,FC00,0x6ea3c,family_shift,low
Y,0x6edd4,B900,0x6ea3c,family_shift,low
Y,0x6edd4,E700,0x6de44,family_shift,medium
Y,0x6edd4,15120,0x6e264,family_shift,low
Y,0x6edd4,32000,0x727c0,family_shift,low
Table 3D - 14_,0x6edf4,D400,0x6edf4,hole,low
Table 3D - 14_,0x6edf4,E500,,unmatched,low
Table 3D - 14_,0x6edf4,C500,,unmatched,low
Table 3D - 14_,0x6edf4,FB00,0x6ea5c,hole,low
Table 3D - 14_,0x6edf4,FC00,0x6ea5c,hole,low
Table 3D - 14_,0x6edf4,B900,0x6ea5c,hole,low
Table 3D - 14_,0x6edf4,E700,,unmatched,low
Table 3D - 14_,0x6edf4,15120,,unmatched,low
Table 3D - 14_,0x6edf4,32000,0x727e0,hole,low
X,0x6ee54,D400,0x6ee54,same_addr,high
X,0x6ee54,E500,0x6de14,content_match,high
X,0x6ee54,C500,0x6de14,content_match,high
X,0x6ee54,FB00,0x6eabc,family_shift,low
X,0x6ee54,FC00,0x6eabc,family_shift,low
X,0x6ee54,B900,0x6eabc,family_shift,low
X,0x6ee54,E700,0x6dec4,content_match,high
X,0x6ee54,15120,0x6e2e0,content_match,high
X,0x6ee54,32000,0x72840,family_shift,low
Y,0x6eea4,D400,0x6eea4,same_addr,high
Y,0x6eea4,E500,0x6de64,family_shift,medium
Y,0x6eea4,C500,0x6de64,content_match,high
Y,0x6eea4,FB00,0x6eb0c,family_shift,low
Y,0x6eea4,FC00,0x6eb0c,family_shift,low
Y,0x6eea4,B900,0x6eb0c,family_shift,low
Y,0x6eea4,E700,0x6df14,family_shift,medium
Y,0x6eea4,15120,0x6e334,family_shift,low
Y,0x6eea4,32000,0x72890,family_shift,low
Ignition Trailing B,0x6eeec,D400,0x6eeec,same_addr,high
Ignition Trailing B,0x6eeec,E500,0x6deac,content_match,high
Ignition Trailing B,0x6eeec,C500,0x6deac,content_match,high
Ignition Trailing B,0x6eeec,FB00,0x6ea30,content_match,high
Ignition Trailing B,0x6eeec,FC00,0x6ea30,content_match,high
Ignition Trailing B,0x6eeec,B900,0x6ea30,content_match,high
Ignition Trailing B,0x6eeec,E700,0x6df5c,family_shift,low
Ignition Trailing B,0x6eeec,15120,0x6e378,content_match,high
Ignition Trailing B,0x6eeec,32000,0x728d8,family_shift,low
X,0x6f054,D400,0x6f054,same_addr,high
X,0x6f054,E500,0x6e014,content_match,high
X,0x6f054,C500,0x6e014,content_match,high
X,0x6f054,FB00,0x6eb98,content_match,high
X,0x6f054,FC00,0x6eb98,content_match,high
X,0x6f054,B900,0x6eb98,content_match,high
X,0x6f054,E700,0x6e0c4,content_match,high
X,0x6f054,15120,0x6e4ec,content_match,high
X,0x6f054,32000,0x72a0c,family_shift,low
Y,0x6f0a4,D400,0x6f0a4,same_addr,high
Y,0x6f0a4,E500,0x6e064,family_shift,medium
Y,0x6f0a4,C500,0x6e064,content_match,high
Y,0x6f0a4,FB00,0x6ebe8,content_match,high
Y,0x6f0a4,FC00,0x6ebe8,content_match,high
Y,0x6f0a4,B900,0x6ebe8,content_match,high
Y,0x6f0a4,E700,0x6e114,family_shift,medium
Y,0x6f0a4,15120,0x6e534,family_shift,low
Y,0x6f0a4,32000,0x72a5c,family_shift,low
Ignition Trailing A,0x6f0ec,D400,0x6f0ec,same_addr,high
Ignition Trailing A,0x6f0ec,E500,0x6e0ac,content_match,high
Ignition Trailing A,0x6f0ec,C500,0x6e0ac,content_match,high
Ignition Trailing A,0x6f0ec,FB00,0x6ec30,content_match,high
Ignition Trailing A,0x6f0ec,FC00,0x6ec30,content_match,high
Ignition Trailing A,0x6f0ec,B900,0x6ec30,content_match,high
Ignition Trailing A,0x6f0ec,E700,0x6e15c,family_shift,low
Ignition Trailing A,0x6f0ec,15120,0x6e584,content_match,high
Ignition Trailing A,0x6f0ec,32000,0x728d4,family_shift,low
X,0x6f254,D400,0x6f254,same_addr,high
X,0x6f254,E500,0x6e214,content_match,high
X,0x6f254,C500,0x6e214,content_match,high
X,0x6f254,FB00,0x6ed98,content_match,high
X,0x6f254,FC00,0x6ed98,content_match,high
X,0x6f254,B900,0x6ed98,content_match,high
X,0x6f254,E700,0x6e2c4,content_match,high
X,0x6f254,15120,0x6e6f8,content_match,high
X,0x6f254,32000,0x72a3c,family_shift,low
Y,0x6f2a4,D400,0x6f2a4,same_addr,high
Y,0x6f2a4,E500,0x6e264,content_match,high
Y,0x6f2a4,C500,0x6e264,content_match,high
Y,0x6f2a4,FB00,0x6ede8,content_match,high
Y,0x6f2a4,FC00,0x6ede8,content_match,high
Y,0x6f2a4,B900,0x6ede8,content_match,high
Y,0x6f2a4,E700,0x6e314,content_match,high
Y,0x6f2a4,15120,0x6e754,family_shift,low
Y,0x6f2a4,32000,0x72518,family_shift,low
Ignition Min Split,0x6f2ec,D400,0x6f2ec,same_addr,high
Ignition Min Split,0x6f2ec,E500,0x6e2ac,content_match,high
Ignition Min Split,0x6f2ec,C500,0x6e2ac,content_match,high
Ignition Min Split,0x6f2ec,FB00,0x6ee30,content_match,high
Ignition Min Split,0x6f2ec,FC00,0x6ee30,content_match,high
Ignition Min Split,0x6f2ec,B900,0x6ee30,content_match,high
Ignition Min Split,0x6f2ec,E700,0x6e35c,family_shift,low
Ignition Min Split,0x6f2ec,15120,0x6e7a4,content_match,high
Ignition Min Split,0x6f2ec,32000,0x72560,family_shift,low
X,0x6f454,D400,0x6f454,same_addr,high
X,0x6f454,E500,0x6e414,content_match,high
X,0x6f454,C500,0x6e414,content_match,high
X,0x6f454,FB00,0x6ef98,content_match,high
X,0x6f454,FC00,0x6ef98,content_match,high
X,0x6f454,B900,0x6ef98,content_match,high
X,0x6f454,E700,0x6e4c4,content_match,high
X,0x6f454,15120,0x6e8f8,content_match,high
X,0x6f454,32000,0x726c8,family_shift,low
Y,0x6f4a0,D400,0x6f4a0,same_addr,high
Y,0x6f4a0,E500,0x6e460,content_match,high
Y,0x6f4a0,C500,0x6e460,content_match,high
Y,0x6f4a0,FB00,0x6efe4,content_match,high
Y,0x6f4a0,FC00,0x6efe4,content_match,high
Y,0x6f4a0,B900,0x6efe4,content_match,high
Y,0x6f4a0,E700,0x6e510,content_match,high
Y,0x6f4a0,15120,0x6e944,content_match,high
Y,0x6f4a0,32000,0x7a8bc,content_match,high
Ignition 3,0x6f4cc,D400,0x6f4cc,same_addr,high
Ignition 3,0x6f4cc,E500,0x6e48c,family_shift,medium
Ignition 3,0x6f4cc,C500,0x6e48c,family_shift,medium
Ignition 3,0x6f4cc,FB00,0x6f010,family_shift,medium
Ignition 3,0x6f4cc,FC00,0x6f010,family_shift,medium
Ignition 3,0x6f4cc,B900,0x6f010,family_shift,medium
Ignition 3,0x6f4cc,E700,0x6e53c,family_shift,medium
Ignition 3,0x6f4cc,15120,0x6e97c,family_shift,medium
Ignition 3,0x6f4cc,32000,0x72740,family_shift,low
Y,0x6f75c,D400,0x6f75c,same_addr,high
Y,0x6f75c,E500,0x6e71c,content_match,high
Y,0x6f75c,C500,0x6e71c,content_match,high
Y,0x6f75c,FB00,0x6f2a0,content_match,high
Y,0x6f75c,FC00,0x6f2a0,content_match,high
Y,0x6f75c,B900,0x6f2a0,content_match,high
Y,0x6f75c,E700,0x6e7cc,content_match,high
Y,0x6f75c,15120,0x6ec0c,content_match,high
Y,0x6f75c,32000,0x729d0,family_shift,low
Ignition 4,0x6f78c,D400,0x6f78c,same_addr,high
Ignition 4,0x6f78c,E500,0x6e74c,family_shift,low
Ignition 4,0x6f78c,C500,0x6e74c,content_match,high
Ignition 4,0x6f78c,FB00,0x6f2d0,family_shift,low
Ignition 4,0x6f78c,FC00,0x6f2d0,family_shift,low
Ignition 4,0x6f78c,B900,0x6f2d0,family_shift,low
Ignition 4,0x6f78c,E700,0x6e7fc,family_shift,low
Ignition 4,0x6f78c,15120,0x6ec3c,content_match,high
Ignition 4,0x6f78c,32000,0x72a00,family_shift,low
Y,0x6f798,D400,0x6f798,same_addr,high
Y,0x6f798,E500,0x6e758,content_match,high
Y,0x6f798,C500,0x6e758,content_match,high
Y,0x6f798,FB00,0x6f2dc,content_match,high
Y,0x6f798,FC00,0x6f2dc,content_match,high
Y,0x6f798,B900,0x6f2dc,content_match,high
Y,0x6f798,E700,0x6e808,content_match,high
Y,0x6f798,15120,0x6ec48,content_match,high
Y,0x6f798,32000,0x72a0c,family_shift,low
Ignition 5,0x6f79c,D400,0x6f79c,same_addr,high
Ignition 5,0x6f79c,E500,0x6e75c,content_match,high
Ignition 5,0x6f79c,C500,0x6e75c,content_match,high
Ignition 5,0x6f79c,FB00,0x6f2e0,content_match,high
Ignition 5,0x6f79c,FC00,0x6f2e0,content_match,high
Ignition 5,0x6f79c,B900,0x6f2e0,content_match,high
Ignition 5,0x6f79c,E700,0x6e80c,content_match,high
Ignition 5,0x6f79c,15120,0x6ec4c,content_match,high
Ignition 5,0x6f79c,32000,0x72a10,family_shift,low
Y,0x6f7a0,D400,0x6f7a0,same_addr,high
Y,0x6f7a0,E500,0x6e760,content_match,high
Y,0x6f7a0,C500,0x6e760,content_match,high
Y,0x6f7a0,FB00,0x6f2e4,content_match,high
Y,0x6f7a0,FC00,0x6f2e4,content_match,high
Y,0x6f7a0,B900,0x6f2e4,content_match,high
Y,0x6f7a0,E700,0x6e810,content_match,high
Y,0x6f7a0,15120,0x6ec50,content_match,high
Y,0x6f7a0,32000,0x72a14,family_shift,low
Ignition 6,0x6f7d0,D400,0x6f7d0,same_addr,high
Ignition 6,0x6f7d0,E500,0x6e790,family_shift,low
Ignition 6,0x6f7d0,C500,0x6e790,content_match,high
Ignition 6,0x6f7d0,FB00,0x6f314,family_shift,low
Ignition 6,0x6f7d0,FC00,0x6f314,family_shift,low
Ignition 6,0x6f7d0,B900,0x6f314,family_shift,low
Ignition 6,0x6f7d0,E700,0x6e840,family_shift,low
Ignition 6,0x6f7d0,15120,0x6ec80,content_match,high
Ignition 6,0x6f7d0,32000,0x72a44,family_shift,low
Y,0x6f7dc,D400,0x6f7dc,same_addr,high
Y,0x6f7dc,E500,0x6e79c,content_match,high
Y,0x6f7dc,C500,0x6e79c,content_match,high
Y,0x6f7dc,FB00,0x6f320,content_match,high
Y,0x6f7dc,FC00,0x6f320,content_match,high
Y,0x6f7dc,B900,0x6f320,content_match,high
Y,0x6f7dc,E700,0x6e84c,content_match,high
Y,0x6f7dc,15120,0x6ec8c,content_match,high
Y,0x6f7dc,32000,0x72a50,family_shift,low
Ignition 7,0x6f7e0,D400,0x6f7e0,same_addr,high
Ignition 7,0x6f7e0,E500,0x6e7a0,content_match,high
Ignition 7,0x6f7e0,C500,0x6e7a0,content_match,high
Ignition 7,0x6f7e0,FB00,0x6f324,content_match,high
Ignition 7,0x6f7e0,FC00,0x6f324,content_match,high
Ignition 7,0x6f7e0,B900,0x6f324,content_match,high
Ignition 7,0x6f7e0,E700,0x6e850,content_match,high
Ignition 7,0x6f7e0,15120,0x6ec90,content_match,high
Ignition 7,0x6f7e0,32000,0x72a54,family_shift,low
Y,0x6f7e4,D400,0x6f7e4,same_addr,high
Y,0x6f7e4,E500,0x6e7a4,content_match,high
Y,0x6f7e4,C500,0x6e7a4,content_match,high
Y,0x6f7e4,FB00,0x6f328,content_match,high
Y,0x6f7e4,FC00,0x6f328,content_match,high
Y,0x6f7e4,B900,0x6f328,content_match,high
Y,0x6f7e4,E700,0x6e854,content_match,high
Y,0x6f7e4,15120,0x6ec94,content_match,high
Y,0x6f7e4,32000,0x72a58,family_shift,low
Ignition 8,0x6f7e8,D400,0x6f7e8,same_addr,high
Ignition 8,0x6f7e8,E500,0x6e7a8,content_match,high
Ignition 8,0x6f7e8,C500,0x6e7a8,content_match,high
Ignition 8,0x6f7e8,FB00,0x6f32c,content_match,high
Ignition 8,0x6f7e8,FC00,0x6f32c,content_match,high
Ignition 8,0x6f7e8,B900,0x6f32c,content_match,high
Ignition 8,0x6f7e8,E700,0x6e858,content_match,high
Ignition 8,0x6f7e8,15120,0x6ec98,content_match,high
Ignition 8,0x6f7e8,32000,0x72a5c,family_shift,low
Y,0x6f7ec,D400,0x6f7ec,same_addr,high
Y,0x6f7ec,E500,0x6e7ac,content_match,high
Y,0x6f7ec,C500,0x6e7ac,content_match,high
Y,0x6f7ec,FB00,0x6f330,content_match,high
Y,0x6f7ec,FC00,0x6f330,content_match,high
Y,0x6f7ec,B900,0x6f330,content_match,high
Y,0x6f7ec,E700,0x6e85c,content_match,high
Y,0x6f7ec,15120,0x6ec9c,content_match,high
Y,0x6f7ec,32000,0x72a60,family_shift,low
Ignition 9,0x6f7f0,D400,0x6f7f0,same_addr,high
Ignition 9,0x6f7f0,E500,0x6e7b0,content_match,high
Ignition 9,0x6f7f0,C500,0x6e7b0,content_match,high
Ignition 9,0x6f7f0,FB00,0x6f334,content_match,high
Ignition 9,0x6f7f0,FC00,0x6f334,content_match,high
Ignition 9,0x6f7f0,B900,0x6f334,content_match,high
Ignition 9,0x6f7f0,E700,0x6e860,content_match,high
Ignition 9,0x6f7f0,15120,0x6eca0,content_match,high
Ignition 9,0x6f7f0,32000,0x72a64,family_shift,low
Y,0x6f7f4,D400,0x6f7f4,same_addr,high
Y,0x6f7f4,E500,0x6e7b4,content_match,high
Y,0x6f7f4,C500,0x6e7b4,content_match,high
Y,0x6f7f4,FB00,0x6f338,content_match,high
Y,0x6f7f4,FC00,0x6f338,content_match,high
Y,0x6f7f4,B900,0x6f338,content_match,high
Y,0x6f7f4,E700,0x6e864,content_match,high
Y,0x6f7f4,15120,0x6eca4,content_match,high
Y,0x6f7f4,32000,0x72a68,family_shift,low
Ignition 10,0x6f7f8,D400,0x6f7f8,same_addr,high
Ignition 10,0x6f7f8,E500,0x6e7b8,content_match,high
Ignition 10,0x6f7f8,C500,0x6e7b8,content_match,high
Ignition 10,0x6f7f8,FB00,0x6f33c,content_match,high
Ignition 10,0x6f7f8,FC00,0x6f33c,content_match,high
Ignition 10,0x6f7f8,B900,0x6f33c,content_match,high
Ignition 10,0x6f7f8,E700,0x6e868,content_match,high
Ignition 10,0x6f7f8,15120,0x6eca8,content_match,high
Ignition 10,0x6f7f8,32000,0x72a6c,family_shift,low
Y,0x6f7fc,D400,0x6f7fc,same_addr,high
Y,0x6f7fc,E500,0x6e7bc,content_match,high
Y,0x6f7fc,C500,0x6e7bc,content_match,high
Y,0x6f7fc,FB00,0x6f340,content_match,high
Y,0x6f7fc,FC00,0x6f340,content_match,high
Y,0x6f7fc,B900,0x6f340,content_match,high
Y,0x6f7fc,E700,0x6e86c,content_match,high
Y,0x6f7fc,15120,0x6ecac,content_match,high
Y,0x6f7fc,32000,0x72a70,family_shift,low
Ignition 11,0x6f800,D400,0x6f800,same_addr,high
Ignition 11,0x6f800,E500,0x6e7c0,content_match,high
Ignition 11,0x6f800,C500,0x6e7c0,content_match,high
Ignition 11,0x6f800,FB00,0x6f344,content_match,high
Ignition 11,0x6f800,FC00,0x6f344,content_match,high
Ignition 11,0x6f800,B900,0x6f344,content_match,high
Ignition 11,0x6f800,E700,0x6e870,content_match,high
Ignition 11,0x6f800,15120,0x6ecb0,content_match,high
Ignition 11,0x6f800,32000,0x72a74,family_shift,low
Y,0x6f804,D400,0x6f804,same_addr,high
Y,0x6f804,E500,0x6e7c4,content_match,high
Y,0x6f804,C500,0x6e7c4,content_match,high
Y,0x6f804,FB00,0x6f348,content_match,high
Y,0x6f804,FC00,0x6f348,content_match,high
Y,0x6f804,B900,0x6f348,content_match,high
Y,0x6f804,E700,0x6e874,content_match,high
Y,0x6f804,15120,0x6ecb4,content_match,high
Y,0x6f804,32000,0x72a78,family_shift,low
Ignition 12,0x6f808,D400,0x6f808,same_addr,high
Ignition 12,0x6f808,E500,0x6e7c8,content_match,high
Ignition 12,0x6f808,C500,0x6e7c8,content_match,high
Ignition 12,0x6f808,FB00,0x6f34c,content_match,high
Ignition 12,0x6f808,FC00,0x6f34c,content_match,high
Ignition 12,0x6f808,B900,0x6f34c,content_match,high
Ignition 12,0x6f808,E700,0x6e878,content_match,high
Ignition 12,0x6f808,15120,0x6ecb8,content_match,high
Ignition 12,0x6f808,32000,0x72a7c,family_shift,low
Y,0x6f80c,D400,0x6f80c,same_addr,high
Y,0x6f80c,E500,0x6e7cc,content_match,high
Y,0x6f80c,C500,0x6e7cc,content_match,high
Y,0x6f80c,FB00,0x6f350,content_match,high
Y,0x6f80c,FC00,0x6f350,content_match,high
Y,0x6f80c,B900,0x6f350,content_match,high
Y,0x6f80c,E700,0x6e87c,content_match,high
Y,0x6f80c,15120,0x6ecbc,content_match,high
Y,0x6f80c,32000,0x72a80,family_shift,low
Ignition 13,0x6f810,D400,0x6f810,same_addr,high
Ignition 13,0x6f810,E500,0x6e7d0,content_match,high
Ignition 13,0x6f810,C500,0x6e7d0,content_match,high
Ignition 13,0x6f810,FB00,0x6f354,content_match,high
Ignition 13,0x6f810,FC00,0x6f354,content_match,high
Ignition 13,0x6f810,B900,0x6f354,content_match,high
Ignition 13,0x6f810,E700,0x6e880,content_match,high
Ignition 13,0x6f810,15120,0x6ecc0,content_match,high
Ignition 13,0x6f810,32000,0x72a84,family_shift,low
X,0x6f814,D400,0x6f814,same_addr,high
X,0x6f814,E500,0x6e7d4,content_match,high
X,0x6f814,C500,0x6e7d4,content_match,high
X,0x6f814,FB00,0x6f358,content_match,high
X,0x6f814,FC00,0x6f358,content_match,high
X,0x6f814,B900,0x6f358,content_match,high
X,0x6f814,E700,0x6e884,content_match,high
X,0x6f814,15120,0x6ecc4,content_match,high
X,0x6f814,32000,0x72a88,family_shift,low
Y,0x6f818,D400,0x6f818,same_addr,high
Y,0x6f818,E500,0x6e7d8,content_match,high
Y,0x6f818,C500,0x6e7d8,content_match,high
Y,0x6f818,FB00,0x6f35c,content_match,high
Y,0x6f818,FC00,0x6f35c,content_match,high
Y,0x6f818,B900,0x6f35c,content_match,high
Y,0x6f818,E700,0x6e888,content_match,high
Y,0x6f818,15120,0x6ecc8,content_match,high
Y,0x6f818,32000,0x72a8c,family_shift,low
Ignition 14,0x6f81c,D400,0x6f81c,same_addr,high
Ignition 14,0x6f81c,E500,0x6e7dc,content_match,high
Ignition 14,0x6f81c,C500,0x6e7dc,content_match,high
Ignition 14,0x6f81c,FB00,0x6f360,content_match,high
Ignition 14,0x6f81c,FC00,0x6f360,content_match,high
Ignition 14,0x6f81c,B900,0x6f360,content_match,high
Ignition 14,0x6f81c,E700,0x6e88c,content_match,high
Ignition 14,0x6f81c,15120,0x6eccc,content_match,high
Ignition 14,0x6f81c,32000,0x72a90,family_shift,low
X,0x6f820,D400,0x6f820,same_addr,high
X,0x6f820,E500,0x6e7e0,content_match,high
X,0x6f820,C500,0x6e7e0,content_match,high
X,0x6f820,FB00,0x6f364,content_match,high
X,0x6f820,FC00,0x6f364,content_match,high
X,0x6f820,B900,0x6f364,content_match,high
X,0x6f820,E700,0x6e890,content_match,high
X,0x6f820,15120,0x6ecd0,content_match,high
X,0x6f820,32000,0x72a94,family_shift,low
Y,0x6f824,D400,0x6f824,same_addr,high
Y,0x6f824,E500,0x6e7e4,content_match,high
Y,0x6f824,C500,0x6e7e4,content_match,high
Y,0x6f824,FB00,0x6f368,content_match,high
Y,0x6f824,FC00,0x6f368,content_match,high
Y,0x6f824,B900,0x6f368,content_match,high
Y,0x6f824,E700,0x6e894,content_match,high
Y,0x6f824,15120,0x6ecd4,content_match,high
Y,0x6f824,32000,0x72a98,family_shift,low
Ignition 15,0x6f828,D400,0x6f828,same_addr,high
Ignition 15,0x6f828,E500,0x6e7e8,content_match,high
Ignition 15,0x6f828,C500,0x6e7e8,content_match,high
Ignition 15,0x6f828,FB00,0x6f36c,content_match,high
Ignition 15,0x6f828,FC00,0x6f36c,content_match,high
Ignition 15,0x6f828,B900,0x6f36c,content_match,high
Ignition 15,0x6f828,E700,0x6e898,content_match,high
Ignition 15,0x6f828,15120,0x6ecd8,content_match,high
Ignition 15,0x6f828,32000,0x72a9c,family_shift,low
X,0x6f82c,D400,0x6f82c,same_addr,high
X,0x6f82c,E500,0x6e7ec,content_match,high
X,0x6f82c,C500,0x6e7ec,content_match,high
X,0x6f82c,FB00,0x6f370,content_match,high
X,0x6f82c,FC00,0x6f370,content_match,high
X,0x6f82c,B900,0x6f370,content_match,high
X,0x6f82c,E700,0x6e89c,content_match,high
X,0x6f82c,15120,0x6ecdc,content_match,high
X,0x6f82c,32000,0x72aa0,family_shift,low
Y,0x6f830,D400,0x6f830,same_addr,high
Y,0x6f830,E500,0x6e7f0,content_match,high
Y,0x6f830,C500,0x6e7f0,content_match,high
Y,0x6f830,FB00,0x6f374,content_match,high
Y,0x6f830,FC00,0x6f374,content_match,high
Y,0x6f830,B900,0x6f374,content_match,high
Y,0x6f830,E700,0x6e8a0,content_match,high
Y,0x6f830,15120,0x6ece0,content_match,high
Y,0x6f830,32000,0x72aa4,family_shift,low
Ignition 16,0x6f834,D400,0x6f834,same_addr,high
Ignition 16,0x6f834,E500,0x6e7f4,content_match,high
Ignition 16,0x6f834,C500,0x6e7f4,content_match,high
Ignition 16,0x6f834,FB00,0x6f378,content_match,high
Ignition 16,0x6f834,FC00,0x6f378,content_match,high
Ignition 16,0x6f834,B900,0x6f378,content_match,high
Ignition 16,0x6f834,E700,0x6e8a4,content_match,high
Ignition 16,0x6f834,15120,0x6ece4,content_match,high
Ignition 16,0x6f834,32000,0x72aa8,family_shift,low
X,0x6f838,D400,0x6f838,same_addr,high
X,0x6f838,E500,0x6e7f8,content_match,high
X,0x6f838,C500,0x6e7f8,content_match,high
X,0x6f838,FB00,0x6f37c,content_match,high
X,0x6f838,FC00,0x6f37c,content_match,high
X,0x6f838,B900,0x6f37c,content_match,high
X,0x6f838,E700,0x6e8a8,content_match,high
X,0x6f838,15120,0x6ece8,content_match,high
X,0x6f838,32000,0x72aac,family_shift,low
Y,0x6f83c,D400,0x6f83c,same_addr,high
Y,0x6f83c,E500,0x6e7fc,content_match,high
Y,0x6f83c,C500,0x6e7fc,content_match,high
Y,0x6f83c,FB00,0x6f380,family_shift,medium
Y,0x6f83c,FC00,0x6f380,family_shift,medium
Y,0x6f83c,B900,0x6f380,family_shift,medium
Y,0x6f83c,E700,0x6e8ac,family_shift,medium
Y,0x6f83c,15120,0x6ecec,content_match,high
Y,0x6f83c,32000,0x72ab0,family_shift,low
Ignition 17,0x6f840,D400,0x6f840,same_addr,high
Ignition 17,0x6f840,E500,0x6e800,content_match,high
Ignition 17,0x6f840,C500,0x6e800,content_match,high
Ignition 17,0x6f840,FB00,0x6f384,family_shift,medium
Ignition 17,0x6f840,FC00,0x6f384,family_shift,medium
Ignition 17,0x6f840,B900,0x6f384,family_shift,medium
Ignition 17,0x6f840,E700,0x6e8b0,family_shift,medium
Ignition 17,0x6f840,15120,0x6ecf0,content_match,high
Ignition 17,0x6f840,32000,0x72ab4,family_shift,low
Y,0x6f848,D400,0x6f848,same_addr,high
Y,0x6f848,E500,0x6e808,content_match,high
Y,0x6f848,C500,0x6e808,content_match,high
Y,0x6f848,FB00,0x6f38c,family_shift,low
Y,0x6f848,FC00,0x6f38c,family_shift,low
Y,0x6f848,B900,0x6f38c,family_shift,low
Y,0x6f848,E700,0x6e8b8,family_shift,low
Y,0x6f848,15120,0x6ecf8,content_match,high
Y,0x6f848,32000,0x7b784,content_match,high
Table 2D - 57_,0x6f878,D400,0x6f878,same_addr,high
Table 2D - 57_,0x6f878,E500,0x6e838,content_match,high
Table 2D - 57_,0x6f878,C500,0x6e838,content_match,high
Table 2D - 57_,0x6f878,FB00,0x6f3bc,family_shift,low
Table 2D - 57_,0x6f878,FC00,0x6f3bc,family_shift,low
Table 2D - 57_,0x6f878,B900,0x6f3bc,family_shift,low
Table 2D - 57_,0x6f878,E700,0x6e8e8,family_shift,low
Table 2D - 57_,0x6f878,15120,0x6ed28,content_match,high
Table 2D - 57_,0x6f878,32000,0x72aec,family_shift,low
Y,0x6f8ec,D400,0x6f8ec,same_addr,high
Y,0x6f8ec,E500,0x6e8ac,content_match,high
Y,0x6f8ec,C500,0x6e8ac,content_match,high
Y,0x6f8ec,FB00,0x6f430,content_match,high
Y,0x6f8ec,FC00,0x6f430,content_match,high
Y,0x6f8ec,B900,0x6f430,content_match,high
Y,0x6f8ec,E700,0x6e95c,content_match,high
Y,0x6f8ec,15120,0x6ed9c,content_match,high
Y,0x6f8ec,32000,0x72b60,content_match,high
CLT Sensor Scaling,0x6f96c,D400,0x6f96c,same_addr,high
CLT Sensor Scaling,0x6f96c,E500,0x6e92c,content_match,high
CLT Sensor Scaling,0x6f96c,C500,0x6e92c,content_match,high
CLT Sensor Scaling,0x6f96c,FB00,0x6f4b0,content_match,high
CLT Sensor Scaling,0x6f96c,FC00,0x6f4b0,content_match,high
CLT Sensor Scaling,0x6f96c,B900,0x6f4b0,content_match,high
CLT Sensor Scaling,0x6f96c,E700,0x6e9dc,content_match,high
CLT Sensor Scaling,0x6f96c,15120,0x6ee1c,content_match,high
CLT Sensor Scaling,0x6f96c,32000,0x72be0,content_match,high
Y,0x6fa9c,D400,0x6fa9c,same_addr,high
Y,0x6fa9c,E500,0x6ea5c,content_match,high
Y,0x6fa9c,C500,0x6ea5c,content_match,high
Y,0x6fa9c,FB00,0x6f5e0,content_match,high
Y,0x6fa9c,FC00,0x6f5e0,content_match,high
Y,0x6fa9c,B900,0x6f5e0,content_match,high
Y,0x6fa9c,E700,0x6eb0c,content_match,high
Y,0x6fa9c,15120,0x6ef4c,family_shift,low
Y,0x6fa9c,32000,0x72d10,content_match,high
Table 2D - 58_,0x6fab0,D400,0x6fab0,same_addr,high
Table 2D - 58_,0x6fab0,E500,0x6ea70,content_match,high
Table 2D - 58_,0x6fab0,C500,0x6ea70,content_match,high
Table 2D - 58_,0x6fab0,FB00,0x6f5f4,content_match,high
Table 2D - 58_,0x6fab0,FC00,0x6f5f4,content_match,high
Table 2D - 58_,0x6fab0,B900,0x6f5f4,content_match,high
Table 2D - 58_,0x6fab0,E700,0x6eb20,content_match,high
Table 2D - 58_,0x6fab0,15120,0x6ef60,family_shift,low
Table 2D - 58_,0x6fab0,32000,0x72d24,content_match,high
Y,0x6fab8,D400,0x6fab8,same_addr,high
Y,0x6fab8,E500,0x6ea78,content_match,high
Y,0x6fab8,C500,0x6ea78,content_match,high
Y,0x6fab8,FB00,0x6f5fc,content_match,high
Y,0x6fab8,FC00,0x6f5fc,content_match,high
Y,0x6fab8,B900,0x6f5fc,content_match,high
Y,0x6fab8,E700,0x6eb28,content_match,high
Y,0x6fab8,15120,0x6ef68,family_shift,low
Y,0x6fab8,32000,0x72d2c,content_match,high
Table 2D - 292 Check DataType,0x6facc,D400,0x6facc,same_addr,high
Table 2D - 292 Check DataType,0x6facc,E500,0x6ea8c,content_match,high
Table 2D - 292 Check DataType,0x6facc,C500,0x6ea8c,content_match,high
Table 2D - 292 Check DataType,0x6facc,FB00,0x6f610,content_match,high
Table 2D - 292 Check DataType,0x6facc,FC00,0x6f610,content_match,high
Table 2D - 292 Check DataType,0x6facc,B900,0x6f610,content_match,high
Table 2D - 292 Check DataType,0x6facc,E700,0x6eb3c,content_match,high
Table 2D - 292 Check DataType,0x6facc,15120,0x6ef7c,family_shift,low
Table 2D - 292 Check DataType,0x6facc,32000,0x72d40,content_match,high
Y,0x6fae0,D400,0x6fae0,same_addr,high
Y,0x6fae0,E500,0x6eaa0,content_match,high
Y,0x6fae0,C500,0x6eaa0,content_match,high
Y,0x6fae0,FB00,0x6f624,content_match,high
Y,0x6fae0,FC00,0x6f624,content_match,high
Y,0x6fae0,B900,0x6f624,content_match,high
Y,0x6fae0,E700,0x6eb50,content_match,high
Y,0x6fae0,15120,0x6ef90,family_shift,low
Y,0x6fae0,32000,0x72d54,content_match,high
Table 2D - 293 Check DataType,0x6faf4,D400,0x6faf4,same_addr,high
Table 2D - 293 Check DataType,0x6faf4,E500,0x6eab4,content_match,high
Table 2D - 293 Check DataType,0x6faf4,C500,0x6eab4,content_match,high
Table 2D - 293 Check DataType,0x6faf4,FB00,0x6f638,content_match,high
Table 2D - 293 Check DataType,0x6faf4,FC00,0x6f638,content_match,high
Table 2D - 293 Check DataType,0x6faf4,B900,0x6f638,content_match,high
Table 2D - 293 Check DataType,0x6faf4,E700,0x6eb64,content_match,high
Table 2D - 293 Check DataType,0x6faf4,15120,0x6efa4,family_shift,low
Table 2D - 293 Check DataType,0x6faf4,32000,0x72d68,content_match,high
Y,0x6fb18,D400,0x6fb18,same_addr,high
Y,0x6fb18,E500,0x6ead8,content_match,high
Y,0x6fb18,C500,0x6ead8,content_match,high
Y,0x6fb18,FB00,0x6f65c,content_match,high
Y,0x6fb18,FC00,0x6f65c,content_match,high
Y,0x6fb18,B900,0x6f65c,content_match,high
Y,0x6fb18,E700,0x6eb88,content_match,high
Y,0x6fb18,15120,0x6ef50,content_match,high
Y,0x6fb18,32000,0x72d8c,content_match,high
MAF Scaling,0x6fbd8,D400,0x6fbd8,same_addr,high
MAF Scaling,0x6fbd8,E500,0x6eb98,content_match,high
MAF Scaling,0x6fbd8,C500,0x6eb98,content_match,high
MAF Scaling,0x6fbd8,FB00,0x6f71c,content_match,high
MAF Scaling,0x6fbd8,FC00,0x6f71c,content_match,high
MAF Scaling,0x6fbd8,B900,0x6f71c,content_match,high
MAF Scaling,0x6fbd8,E700,0x6ec48,family_shift,low
MAF Scaling,0x6fbd8,15120,0x6f010,content_match,high
MAF Scaling,0x6fbd8,32000,0x72e4c,content_match,high
Y,0x6fcd8,D400,0x6fcd8,same_addr,high
Y,0x6fcd8,E500,0x6ec98,content_match,high
Y,0x6fcd8,C500,0x6ec98,content_match,high
Y,0x6fcd8,FB00,0x6f81c,content_match,high
Y,0x6fcd8,FC00,0x6f81c,content_match,high
Y,0x6fcd8,B900,0x6f81c,content_match,high
Y,0x6fcd8,E700,0x6ed48,content_match,high
Y,0x6fcd8,15120,0x6f1b8,content_match,high
Y,0x6fcd8,32000,0x72f4c,family_shift,low
Table 2D - 295 Check DataType,0x6fcf8,D400,0x6fcf8,same_addr,high
Table 2D - 295 Check DataType,0x6fcf8,E500,0x6ecb8,content_match,high
Table 2D - 295 Check DataType,0x6fcf8,C500,0x6ecb8,content_match,high
Table 2D - 295 Check DataType,0x6fcf8,FB00,0x6f83c,content_match,high
Table 2D - 295 Check DataType,0x6fcf8,FC00,0x6f83c,content_match,high
Table 2D - 295 Check DataType,0x6fcf8,B900,0x6f83c,content_match,high
Table 2D - 295 Check DataType,0x6fcf8,E700,0x6ed68,content_match,high
Table 2D - 295 Check DataType,0x6fcf8,15120,0x6f1d8,content_match,high
Table 2D - 295 Check DataType,0x6fcf8,32000,0x72f6c,family_shift,low
Y,0x6fd00,D400,0x6fd00,same_addr,high
Y,0x6fd00,E500,0x6ecc0,content_match,high
Y,0x6fd00,C500,0x6ecc0,content_match,high
Y,0x6fd00,FB00,0x6f844,content_match,high
Y,0x6fd00,FC00,0x6f844,content_match,high
Y,0x6fd00,B900,0x6f844,content_match,high
Y,0x6fd00,E700,0x6ed70,content_match,high
Y,0x6fd00,15120,0x6f1b8,content_match,high
Y,0x6fd00,32000,0x72f74,family_shift,low
Table 2D - 296 Check DataType,0x6fd20,D400,0x6fd20,same_addr,high
Table 2D - 296 Check DataType,0x6fd20,E500,0x6ece0,content_match,high
Table 2D - 296 Check DataType,0x6fd20,C500,0x6ece0,content_match,high
Table 2D - 296 Check DataType,0x6fd20,FB00,0x6f864,content_match,high
Table 2D - 296 Check DataType,0x6fd20,FC00,0x6f864,content_match,high
Table 2D - 296 Check DataType,0x6fd20,B900,0x6f864,content_match,high
Table 2D - 296 Check DataType,0x6fd20,E700,0x6ed90,content_match,high
Table 2D - 296 Check DataType,0x6fd20,15120,0x6f200,content_match,high
Table 2D - 296 Check DataType,0x6fd20,32000,0x72f94,family_shift,low
Y,0x6fd28,D400,0x6fd28,same_addr,high
Y,0x6fd28,E500,0x6ece8,content_match,high
Y,0x6fd28,C500,0x6ece8,content_match,high
Y,0x6fd28,FB00,0x6f86c,content_match,high
Y,0x6fd28,FC00,0x6f86c,content_match,high
Y,0x6fd28,B900,0x6f86c,content_match,high
Y,0x6fd28,E700,0x6ed98,content_match,high
Y,0x6fd28,15120,0x6f208,content_match,high
Y,0x6fd28,32000,0x72f9c,family_shift,low
Injector Barometric Pressure Compensation,0x6fd38,D400,0x6fd38,same_addr,high
Injector Barometric Pressure Compensation,0x6fd38,E500,0x6ecf8,content_match,high
Injector Barometric Pressure Compensation,0x6fd38,C500,0x6ecf8,content_match,high
Injector Barometric Pressure Compensation,0x6fd38,FB00,0x6f87c,content_match,high
Injector Barometric Pressure Compensation,0x6fd38,FC00,0x6f87c,content_match,high
Injector Barometric Pressure Compensation,0x6fd38,B900,0x6f87c,content_match,high
Injector Barometric Pressure Compensation,0x6fd38,E700,0x6eda8,content_match,high
Injector Barometric Pressure Compensation,0x6fd38,15120,0x6f218,content_match,high
Injector Barometric Pressure Compensation,0x6fd38,32000,0x72fac,family_shift,low
Y,0x6fd48,D400,0x6fd48,same_addr,high
Y,0x6fd48,E500,0x6ed08,content_match,high
Y,0x6fd48,C500,0x6ed08,content_match,high
Y,0x6fd48,FB00,0x6f88c,content_match,high
Y,0x6fd48,FC00,0x6f88c,content_match,high
Y,0x6fd48,B900,0x6f88c,content_match,high
Y,0x6fd48,E700,0x6edb8,content_match,high
Y,0x6fd48,15120,0x6f228,content_match,high
Y,0x6fd48,32000,0x730fc,content_match,high
Lambda Sensor Scaling,0x6fd74,D400,0x6fd74,same_addr,high
Lambda Sensor Scaling,0x6fd74,E500,0x6ed34,content_match,high
Lambda Sensor Scaling,0x6fd74,C500,0x6ed34,content_match,high
Lambda Sensor Scaling,0x6fd74,FB00,0x6f8b8,content_match,high
Lambda Sensor Scaling,0x6fd74,FC00,0x6f8b8,content_match,high
Lambda Sensor Scaling,0x6fd74,B900,0x6f8b8,content_match,high
Lambda Sensor Scaling,0x6fd74,E700,0x6ede4,content_match,high
Lambda Sensor Scaling,0x6fd74,15120,0x6f254,content_match,high
Lambda Sensor Scaling,0x6fd74,32000,0x73128,content_match,high
Y,0x6fda0,D400,0x6fda0,same_addr,high
Y,0x6fda0,E500,0x6ed60,content_match,high
Y,0x6fda0,C500,0x6ed60,content_match,high
Y,0x6fda0,FB00,0x6f8e4,content_match,high
Y,0x6fda0,FC00,0x6f8e4,content_match,high
Y,0x6fda0,B900,0x6f8e4,content_match,high
Y,0x6fda0,E700,0x6ee10,content_match,high
Y,0x6fda0,15120,0x6f280,content_match,high
Y,0x6fda0,32000,0x73014,family_shift,low
Table 2D - 299 Check DataType,0x6fde0,D400,0x6fde0,same_addr,high
Table 2D - 299 Check DataType,0x6fde0,E500,0x6eda0,content_match,high
Table 2D - 299 Check DataType,0x6fde0,C500,0x6eda0,content_match,high
Table 2D - 299 Check DataType,0x6fde0,FB00,0x6f924,content_match,high
Table 2D - 299 Check DataType,0x6fde0,FC00,0x6f924,content_match,high
Table 2D - 299 Check DataType,0x6fde0,B900,0x6f924,content_match,high
Table 2D - 299 Check DataType,0x6fde0,E700,0x6ee50,content_match,high
Table 2D - 299 Check DataType,0x6fde0,15120,0x6f2c0,content_match,high
Table 2D - 299 Check DataType,0x6fde0,32000,0x73054,family_shift,low
Y,0x6fe20,D400,0x6fe20,same_addr,high
Y,0x6fe20,E500,0x6ede0,content_match,high
Y,0x6fe20,C500,0x6ede0,content_match,high
Y,0x6fe20,FB00,0x6f964,content_match,high
Y,0x6fe20,FC00,0x6f964,content_match,high
Y,0x6fe20,B900,0x6f964,content_match,high
Y,0x6fe20,E700,0x6ee90,content_match,high
Y,0x6fe20,15120,0x6f300,content_match,high
Y,0x6fe20,32000,0x73094,family_shift,low
Table 2D - 300 Check DataType,0x6fe60,D400,0x6fe60,same_addr,high
Table 2D - 300 Check DataType,0x6fe60,E500,0x6ee20,content_match,high
Table 2D - 300 Check DataType,0x6fe60,C500,0x6ee20,content_match,high
Table 2D - 300 Check DataType,0x6fe60,FB00,0x6f9a4,content_match,high
Table 2D - 300 Check DataType,0x6fe60,FC00,0x6f9a4,content_match,high
Table 2D - 300 Check DataType,0x6fe60,B900,0x6f9a4,content_match,high
Table 2D - 300 Check DataType,0x6fe60,E700,0x6eed0,content_match,high
Table 2D - 300 Check DataType,0x6fe60,15120,0x6f340,content_match,high
Table 2D - 300 Check DataType,0x6fe60,32000,0x730d4,family_shift,low
Y,0x6feb8,D400,0x6feb8,same_addr,high
Y,0x6feb8,E500,0x6ee78,content_match,high
Y,0x6feb8,C500,0x6ee78,content_match,high
Y,0x6feb8,FB00,0x6f9fc,family_shift,low
Y,0x6feb8,FC00,0x6f9fc,family_shift,low
Y,0x6feb8,B900,0x6f9fc,family_shift,low
Y,0x6feb8,E700,0x6ef28,content_match,high
Y,0x6feb8,15120,0x6f398,content_match,high
Y,0x6feb8,32000,0x7312c,family_shift,low
Table 2D - 59_,0x6fee4,D400,0x6fee4,same_addr,high
Table 2D - 59_,0x6fee4,E500,0x6eea4,content_match,high
Table 2D - 59_,0x6fee4,C500,0x6eea4,content_match,high
Table 2D - 59_,0x6fee4,FB00,0x6fa28,family_shift,low
Table 2D - 59_,0x6fee4,FC00,0x6fa28,family_shift,low
Table 2D - 59_,0x6fee4,B900,0x6fa28,family_shift,low
Table 2D - 59_,0x6fee4,E700,0x6ef54,content_match,high
Table 2D - 59_,0x6fee4,15120,0x6f3c4,content_match,high
Table 2D - 59_,0x6fee4,32000,0x73158,family_shift,low
Y,0x6ffa8,D400,0x6ffa8,same_addr,high
Y,0x6ffa8,E500,0x6ef68,content_match,high
Y,0x6ffa8,C500,0x6ef68,content_match,high
Y,0x6ffa8,FB00,0x6fab0,content_match,high
Y,0x6ffa8,FC00,0x6fab0,content_match,high
Y,0x6ffa8,B900,0x6fab0,content_match,high
Y,0x6ffa8,E700,0x6f018,content_match,high
Y,0x6ffa8,15120,0x6f488,content_match,high
Y,0x6ffa8,32000,0x73238,content_match,high
IAT Sensor Scaling,0x6ffe8,D400,0x6ffe8,same_addr,high
IAT Sensor Scaling,0x6ffe8,E500,0x6efa8,content_match,high
IAT Sensor Scaling,0x6ffe8,C500,0x6efa8,content_match,high
IAT Sensor Scaling,0x6ffe8,FB00,0x6faf0,content_match,high
IAT Sensor Scaling,0x6ffe8,FC00,0x6faf0,content_match,high
IAT Sensor Scaling,0x6ffe8,B900,0x6faf0,content_match,high
IAT Sensor Scaling,0x6ffe8,E700,0x6f058,content_match,high
IAT Sensor Scaling,0x6ffe8,15120,0x6f4c8,content_match,high
IAT Sensor Scaling,0x6ffe8,32000,0x73278,content_match,high
Y,0x7005c,D400,0x7005c,same_addr,high
Y,0x7005c,E500,0x6f01c,content_match,high
Y,0x7005c,C500,0x6f01c,content_match,high
Y,0x7005c,FB00,0x6fb64,content_match,high
Y,0x7005c,FC00,0x6fb64,content_match,high
Y,0x7005c,B900,0x6fb64,content_match,high
Y,0x7005c,E700,0x6f0cc,content_match,high
Y,0x7005c,15120,0x6f53c,content_match,high
Y,0x7005c,32000,0x732c4,content_match,high
Table 2D - 60_,0x70084,D400,0x70084,same_addr,high
Table 2D - 60_,0x70084,E500,0x6f044,content_match,high
Table 2D - 60_,0x70084,C500,0x6f044,content_match,high
Table 2D - 60_,0x70084,FB00,0x6fb8c,content_match,high
Table 2D - 60_,0x70084,FC00,0x6fb8c,content_match,high
Table 2D - 60_,0x70084,B900,0x6fb8c,content_match,high
Table 2D - 60_,0x70084,E700,0x6f0f4,content_match,high
Table 2D - 60_,0x70084,15120,0x6f564,content_match,high
Table 2D - 60_,0x70084,32000,0x732f8,family_shift,low
Y,0x70090,D400,0x70090,same_addr,high
Y,0x70090,E500,0x6f050,content_match,high
Y,0x70090,C500,0x6f050,content_match,high
Y,0x70090,FB00,0x6fb98,content_match,high
Y,0x70090,FC00,0x6fb98,content_match,high
Y,0x70090,B900,0x6fb98,content_match,high
Y,0x70090,E700,0x6f100,content_match,high
Y,0x70090,15120,0x6f570,content_match,high
Y,0x70090,32000,0x7a8bc,content_match,high
Table 2D - 61_,0x700b0,D400,0x700b0,same_addr,high
Table 2D - 61_,0x700b0,E500,0x6f070,content_match,high
Table 2D - 61_,0x700b0,C500,0x6f070,content_match,high
Table 2D - 61_,0x700b0,FB00,0x6fbb8,content_match,high
Table 2D - 61_,0x700b0,FC00,0x6fbb8,content_match,high
Table 2D - 61_,0x700b0,B900,0x6fbb8,content_match,high
Table 2D - 61_,0x700b0,E700,0x6f120,content_match,high
Table 2D - 61_,0x700b0,15120,0x6f590,content_match,high
Table 2D - 61_,0x700b0,32000,0x73324,family_shift,low
Y,0x700b8,D400,0x700b8,same_addr,high
Y,0x700b8,E500,0x6f078,content_match,high
Y,0x700b8,C500,0x6f078,content_match,high
Y,0x700b8,FB00,0x6fbc0,content_match,high
Y,0x700b8,FC00,0x6fbc0,content_match,high
Y,0x700b8,B900,0x6fbc0,content_match,high
Y,0x700b8,E700,0x6f128,content_match,high
Y,0x700b8,15120,0x6f598,content_match,high
Y,0x700b8,32000,0x73304,content_match,high
Table 2D - 62_,0x700e0,D400,0x700e0,same_addr,high
Table 2D - 62_,0x700e0,E500,0x6f0a0,content_match,high
Table 2D - 62_,0x700e0,C500,0x6f0a0,content_match,high
Table 2D - 62_,0x700e0,FB00,0x6fbe8,content_match,high
Table 2D - 62_,0x700e0,FC00,0x6fbe8,content_match,high
Table 2D - 62_,0x700e0,B900,0x6fbe8,content_match,high
Table 2D - 62_,0x700e0,E700,0x6f150,content_match,high
Table 2D - 62_,0x700e0,15120,0x6f5c0,content_match,high
Table 2D - 62_,0x700e0,32000,0x7332c,content_match,high
Y,0x700ec,D400,0x700ec,same_addr,high
Y,0x700ec,E500,0x6f0ac,family_shift,medium
Y,0x700ec,C500,0x6f0ac,family_shift,medium
Y,0x700ec,FB00,0x6fbf4,family_shift,medium
Y,0x700ec,FC00,0x6fbf4,family_shift,medium
Y,0x700ec,B900,0x6fbf4,family_shift,medium
Y,0x700ec,E700,0x6f15c,family_shift,medium
Y,0x700ec,15120,0x6f5cc,family_shift,medium
Y,0x700ec,32000,0x73338,content_match,high
Table 2D - 63_,0x70110,D400,0x70110,same_addr,high
Table 2D - 63_,0x70110,E500,0x6f0d0,content_match,high
Table 2D - 63_,0x70110,C500,0x6f0d0,content_match,high
Table 2D - 63_,0x70110,FB00,0x6fc18,content_match,high
Table 2D - 63_,0x70110,FC00,0x6fc18,content_match,high
Table 2D - 63_,0x70110,B900,0x6fc18,content_match,high
Table 2D - 63_,0x70110,E700,0x6f180,content_match,high
Table 2D - 63_,0x70110,15120,0x6f5f0,content_match,high
Table 2D - 63_,0x70110,32000,0x73358,content_match,high
Y,0x701f0,D400,0x701f0,same_addr,high
Y,0x701f0,E500,0x6f1b0,content_match,high
Y,0x701f0,C500,0x6f1b0,content_match,high
Y,0x701f0,FB00,0x6fcf8,content_match,high
Y,0x701f0,FC00,0x6fcf8,content_match,high
Y,0x701f0,B900,0x6fcf8,content_match,high
Y,0x701f0,E700,0x6f260,content_match,high
Y,0x701f0,15120,0x6f6c4,content_match,high
Y,0x701f0,32000,0x73468,content_match,high
Table 2D - 64_,0x70230,D400,0x70230,same_addr,high
Table 2D - 64_,0x70230,E500,0x6f1f0,content_match,high
Table 2D - 64_,0x70230,C500,0x6f1f0,content_match,high
Table 2D - 64_,0x70230,FB00,0x6fd38,content_match,high
Table 2D - 64_,0x70230,FC00,0x6fd38,content_match,high
Table 2D - 64_,0x70230,B900,0x6fd38,content_match,high
Table 2D - 64_,0x70230,E700,0x6f2a0,content_match,high
Table 2D - 64_,0x70230,15120,0x6f704,content_match,high
Table 2D - 64_,0x70230,32000,0x734a8,content_match,high
Y,0x70240,D400,0x70240,same_addr,high
Y,0x70240,E500,0x6f200,content_match,high
Y,0x70240,C500,0x6f200,content_match,high
Y,0x70240,FB00,0x6fd48,content_match,high
Y,0x70240,FC00,0x6fd48,content_match,high
Y,0x70240,B900,0x6fd48,content_match,high
Y,0x70240,E700,0x6f2b0,content_match,high
Y,0x70240,15120,0x6f724,content_match,high
Y,0x70240,32000,0x734b8,content_match,high
Table 2D - 65_,0x70264,D400,0x70264,same_addr,high
Table 2D - 65_,0x70264,E500,0x6f224,content_match,high
Table 2D - 65_,0x70264,C500,0x6f224,content_match,high
Table 2D - 65_,0x70264,FB00,0x6fd6c,content_match,high
Table 2D - 65_,0x70264,FC00,0x6fd6c,content_match,high
Table 2D - 65_,0x70264,B900,0x6fd6c,content_match,high
Table 2D - 65_,0x70264,E700,0x6f2d4,content_match,high
Table 2D - 65_,0x70264,15120,0x6f748,content_match,high
Table 2D - 65_,0x70264,32000,0x734dc,content_match,high
Y,0x70270,D400,0x70270,same_addr,high
Y,0x70270,E500,0x6f230,family_shift,medium
Y,0x70270,C500,0x6f230,content_match,high
Y,0x70270,FB00,0x6fd78,content_match,high
Y,0x70270,FC00,0x6fd78,content_match,high
Y,0x70270,B900,0x6fd78,content_match,high
Y,0x70270,E700,0x6f2e0,family_shift,medium
Y,0x70270,15120,0x6f754,content_match,high
Y,0x70270,32000,0x734e4,family_shift,low
Table 2D - 66_,0x7027c,D400,0x7027c,same_addr,high
Table 2D - 66_,0x7027c,E500,0x6f23c,family_shift,low
Table 2D - 66_,0x7027c,C500,0x6f23c,content_match,high
Table 2D - 66_,0x7027c,FB00,0x6fd84,content_match,high
Table 2D - 66_,0x7027c,FC00,0x6fd84,content_match,high
Table 2D - 66_,0x7027c,B900,0x6fd84,content_match,high
Table 2D - 66_,0x7027c,E700,0x6f2ec,family_shift,low
Table 2D - 66_,0x7027c,15120,0x6f760,content_match,high
Table 2D - 66_,0x7027c,32000,0x734f0,family_shift,low
Y,0x70280,D400,0x70280,same_addr,high
Y,0x70280,E500,0x6f240,content_match,high
Y,0x70280,C500,0x6f240,content_match,high
Y,0x70280,FB00,0x6fd88,content_match,high
Y,0x70280,FC00,0x6fd88,content_match,high
Y,0x70280,B900,0x6fd88,content_match,high
Y,0x70280,E700,0x6f2f0,content_match,high
Y,0x70280,15120,0x6f764,content_match,high
Y,0x70280,32000,0x73504,content_match,high
Table 2D - 67_,0x702a4,D400,0x702a4,same_addr,high
Table 2D - 67_,0x702a4,E500,0x6f264,content_match,high
Table 2D - 67_,0x702a4,C500,0x6f264,content_match,high
Table 2D - 67_,0x702a4,FB00,0x6fdac,content_match,high
Table 2D - 67_,0x702a4,FC00,0x6fdac,content_match,high
Table 2D - 67_,0x702a4,B900,0x6fdac,content_match,high
Table 2D - 67_,0x702a4,E700,0x6f314,content_match,high
Table 2D - 67_,0x702a4,15120,0x6f784,family_shift,low
Table 2D - 67_,0x702a4,32000,0x73528,content_match,high
Y,0x702b0,D400,0x702b0,same_addr,high
Y,0x702b0,E500,0x6f270,content_match,high
Y,0x702b0,C500,0x6f270,content_match,high
Y,0x702b0,FB00,0x6fdb8,content_match,high
Y,0x702b0,FC00,0x6fdb8,content_match,high
Y,0x702b0,B900,0x6fdb8,content_match,high
Y,0x702b0,E700,0x6f320,content_match,high
Y,0x702b0,15120,0x6f790,family_shift,low
Y,0x702b0,32000,0x73534,content_match,high
Table 2D - 302 Check DataType,0x702cc,D400,0x702cc,same_addr,high
Table 2D - 302 Check DataType,0x702cc,E500,0x6f28c,content_match,high
Table 2D - 302 Check DataType,0x702cc,C500,0x6f28c,content_match,high
Table 2D - 302 Check DataType,0x702cc,FB00,0x6fdd4,content_match,high
Table 2D - 302 Check DataType,0x702cc,FC00,0x6fdd4,content_match,high
Table 2D - 302 Check DataType,0x702cc,B900,0x6fdd4,content_match,high
Table 2D - 302 Check DataType,0x702cc,E700,0x6f33c,content_match,high
Table 2D - 302 Check DataType,0x702cc,15120,0x6f7ac,family_shift,low
Table 2D - 302 Check DataType,0x702cc,32000,0x73550,content_match,high
Y,0x702d4,D400,0x702d4,same_addr,high
Y,0x702d4,E500,0x6f294,content_match,high
Y,0x702d4,C500,0x6f294,content_match,high
Y,0x702d4,FB00,0x6fddc,content_match,high
Y,0x702d4,FC00,0x6fddc,content_match,high
Y,0x702d4,B900,0x6fddc,content_match,high
Y,0x702d4,E700,0x6f344,content_match,high
Y,0x702d4,15120,0x6f7b4,family_shift,low
Y,0x702d4,32000,0x73534,content_match,high
Table 2D - 303 Check DataType,0x702f0,D400,0x702f0,same_addr,high
Table 2D - 303 Check DataType,0x702f0,E500,0x6f2b0,content_match,high
Table 2D - 303 Check DataType,0x702f0,C500,0x6f2b0,content_match,high
Table 2D - 303 Check DataType,0x702f0,FB00,0x6fdf8,content_match,high
Table 2D - 303 Check DataType,0x702f0,FC00,0x6fdf8,content_match,high
Table 2D - 303 Check DataType,0x702f0,B900,0x6fdf8,content_match,high
Table 2D - 303 Check DataType,0x702f0,E700,0x6f360,content_match,high
Table 2D - 303 Check DataType,0x702f0,15120,0x6f7d0,family_shift,low
Table 2D - 303 Check DataType,0x702f0,32000,0x7353c,family_shift,low
Y,0x702f8,D400,0x702f8,same_addr,high
Y,0x702f8,E500,0x6f2b8,content_match,high
Y,0x702f8,C500,0x6f2b8,content_match,high
Y,0x702f8,FB00,0x6fe00,content_match,high
Y,0x702f8,FC00,0x6fe00,content_match,high
Y,0x702f8,B900,0x6fe00,content_match,high
Y,0x702f8,E700,0x6f368,content_match,high
Y,0x702f8,15120,0x6f7e0,content_match,high
Y,0x702f8,32000,0x73544,family_shift,low
Table 2D - 68_,0x70334,D400,0x70334,same_addr,high
Table 2D - 68_,0x70334,E500,0x6f2f4,content_match,high
Table 2D - 68_,0x70334,C500,0x6f2f4,content_match,high
Table 2D - 68_,0x70334,FB00,0x6fe3c,family_shift,medium
Table 2D - 68_,0x70334,FC00,0x6fe3c,family_shift,medium
Table 2D - 68_,0x70334,B900,0x6fe3c,family_shift,medium
Table 2D - 68_,0x70334,E700,0x6f3a4,content_match,high
Table 2D - 68_,0x70334,15120,0x6f814,family_shift,low
Table 2D - 68_,0x70334,32000,0x73580,family_shift,low
Y,0x70344,D400,0x70344,same_addr,high
Y,0x70344,E500,0x6f304,content_match,high
Y,0x70344,C500,0x6f304,content_match,high
Y,0x70344,FB00,0x6fe4c,content_match,high
Y,0x70344,FC00,0x6fe4c,content_match,high
Y,0x70344,B900,0x6fe4c,content_match,high
Y,0x70344,E700,0x6f3b4,content_match,high
Y,0x70344,15120,0x6f824,family_shift,low
Y,0x70344,32000,0x73590,content_match,high
Table 2D - 304 Check DataType,0x70380,D400,0x70380,same_addr,high
Table 2D - 304 Check DataType,0x70380,E500,0x6f340,content_match,high
Table 2D - 304 Check DataType,0x70380,C500,0x6f340,content_match,high
Table 2D - 304 Check DataType,0x70380,FB00,0x6fe88,content_match,high
Table 2D - 304 Check DataType,0x70380,FC00,0x6fe88,content_match,high
Table 2D - 304 Check DataType,0x70380,B900,0x6fe88,content_match,high
Table 2D - 304 Check DataType,0x70380,E700,0x6f3f0,content_match,high
Table 2D - 304 Check DataType,0x70380,15120,0x6f81c,content_match,high
Table 2D - 304 Check DataType,0x70380,32000,0x735cc,content_match,high
Y,0x703a0,D400,0x703a0,same_addr,high
Y,0x703a0,E500,0x6f360,family_shift,medium
Y,0x703a0,C500,0x6f360,family_shift,medium
Y,0x703a0,FB00,0x6fea8,family_shift,medium
Y,0x703a0,FC00,0x6fea8,family_shift,medium
Y,0x703a0,B900,0x6fea8,family_shift,medium
Y,0x703a0,E700,0x6f410,family_shift,medium
Y,0x703a0,15120,0x6f880,family_shift,low
Y,0x703a0,32000,0x735ec,family_shift,low
Table 2D - 69_,0x703bc,D400,0x703bc,same_addr,high
Table 2D - 69_,0x703bc,E500,0x6f37c,content_match,high
Table 2D - 69_,0x703bc,C500,0x6f37c,content_match,high
Table 2D - 69_,0x703bc,FB00,0x6fec4,content_match,high
Table 2D - 69_,0x703bc,FC00,0x6fec4,content_match,high
Table 2D - 69_,0x703bc,B900,0x6fec4,content_match,high
Table 2D - 69_,0x703bc,E700,0x6f42c,family_shift,low
Table 2D - 69_,0x703bc,15120,0x6f858,content_match,high
Table 2D - 69_,0x703bc,32000,0x738f8,content_match,high
Y,0x703cc,D400,0x703cc,same_addr,high
Y,0x703cc,E500,0x6f38c,content_match,high
Y,0x703cc,C500,0x6f38c,content_match,high
Y,0x703cc,FB00,0x6fed4,family_shift,medium
Y,0x703cc,FC00,0x6fed4,family_shift,medium
Y,0x703cc,B900,0x6fed4,family_shift,medium
Y,0x703cc,E700,0x6f43c,family_shift,low
Y,0x703cc,15120,0x6f868,content_match,high
Y,0x703cc,32000,0x73618,family_shift,low
Table 2D - 305 Check DataType,0x703e4,D400,0x703e4,same_addr,high
Table 2D - 305 Check DataType,0x703e4,E500,0x6f3a4,content_match,high
Table 2D - 305 Check DataType,0x703e4,C500,0x6f3a4,content_match,high
Table 2D - 305 Check DataType,0x703e4,FB00,0x6feec,family_shift,low
Table 2D - 305 Check DataType,0x703e4,FC00,0x6feec,family_shift,low
Table 2D - 305 Check DataType,0x703e4,B900,0x6feec,family_shift,low
Table 2D - 305 Check DataType,0x703e4,E700,0x6f454,content_match,high
Table 2D - 305 Check DataType,0x703e4,15120,0x6f880,content_match,high
Table 2D - 305 Check DataType,0x703e4,32000,0x73630,family_shift,low
Y,0x703f0,D400,0x703f0,same_addr,high
Y,0x703f0,E500,0x6f3b0,content_match,high
Y,0x703f0,C500,0x6f3b0,content_match,high
Y,0x703f0,FB00,0x6fef8,content_match,high
Y,0x703f0,FC00,0x6fef8,content_match,high
Y,0x703f0,B900,0x6fef8,content_match,high
Y,0x703f0,E700,0x6f460,content_match,high
Y,0x703f0,15120,0x6f8d0,family_shift,low
Y,0x703f0,32000,0x7363c,family_shift,low
Table 2D - 306 Check DataType,0x70414,D400,0x70414,same_addr,high
Table 2D - 306 Check DataType,0x70414,E500,0x6f3d4,family_shift,medium
Table 2D - 306 Check DataType,0x70414,C500,0x6f3d4,family_shift,medium
Table 2D - 306 Check DataType,0x70414,FB00,0x6ff1c,family_shift,low
Table 2D - 306 Check DataType,0x70414,FC00,0x6ff1c,family_shift,low
Table 2D - 306 Check DataType,0x70414,B900,0x6ff1c,family_shift,low
Table 2D - 306 Check DataType,0x70414,E700,0x6f484,family_shift,medium
Table 2D - 306 Check DataType,0x70414,15120,0x6f8f4,family_shift,low
Table 2D - 306 Check DataType,0x70414,32000,0x73660,family_shift,low
Y,0x70428,D400,0x70428,same_addr,high
Y,0x70428,E500,0x6f3e8,content_match,high
Y,0x70428,C500,0x6f3e8,content_match,high
Y,0x70428,FB00,0x6ff30,content_match,high
Y,0x70428,FC00,0x6ff30,content_match,high
Y,0x70428,B900,0x6ff30,content_match,high
Y,0x70428,E700,0x6f498,content_match,high
Y,0x70428,15120,0x6f908,family_shift,low
Y,0x70428,32000,0x73674,family_shift,low
Table 2D - 307 Check DataType,0x70468,D400,0x70468,same_addr,high
Table 2D - 307 Check DataType,0x70468,E500,0x6f428,content_match,high
Table 2D - 307 Check DataType,0x70468,C500,0x6f428,content_match,high
Table 2D - 307 Check DataType,0x70468,FB00,0x6ff70,content_match,high
Table 2D - 307 Check DataType,0x70468,FC00,0x6ff70,content_match,high
Table 2D - 307 Check DataType,0x70468,B900,0x6ff70,content_match,high
Table 2D - 307 Check DataType,0x70468,E700,0x6f4d8,content_match,high
Table 2D - 307 Check DataType,0x70468,15120,0x6f904,content_match,high
Table 2D - 307 Check DataType,0x70468,32000,0x739a4,content_match,high
Y,0x70488,D400,0x70488,same_addr,high
Y,0x70488,E500,0x6f448,content_match,high
Y,0x70488,C500,0x6f448,content_match,high
Y,0x70488,FB00,0x6ff90,content_match,high
Y,0x70488,FC00,0x6ff90,content_match,high
Y,0x70488,B900,0x6ff90,content_match,high
Y,0x70488,E700,0x6f4f8,content_match,high
Y,0x70488,15120,0x6f968,family_shift,low
Y,0x70488,32000,0x736a8,content_match,high
Table 2D - 308 Check DataType,0x70504,D400,0x70504,same_addr,high
Table 2D - 308 Check DataType,0x70504,E500,0x6f4c4,content_match,high
Table 2D - 308 Check DataType,0x70504,C500,0x6f4c4,content_match,high
Table 2D - 308 Check DataType,0x70504,FB00,0x7000c,content_match,high
Table 2D - 308 Check DataType,0x70504,FC00,0x7000c,content_match,high
Table 2D - 308 Check DataType,0x70504,B900,0x7000c,content_match,high
Table 2D - 308 Check DataType,0x70504,E700,0x6f574,content_match,high
Table 2D - 308 Check DataType,0x70504,15120,0x6f9e4,family_shift,low
Table 2D - 308 Check DataType,0x70504,32000,0x73750,family_shift,low
Y,0x70580,D400,0x70580,same_addr,high
Y,0x70580,E500,0x6f540,content_match,high
Y,0x70580,C500,0x6f540,content_match,high
Y,0x70580,FB00,0x70088,content_match,high
Y,0x70580,FC00,0x70088,content_match,high
Y,0x70580,B900,0x70088,content_match,high
Y,0x70580,E700,0x6f5f0,content_match,high
Y,0x70580,15120,0x6fa60,family_shift,low
Y,0x70580,32000,0x737cc,family_shift,low
Table 2D - 309 Check DataType,0x705fc,D400,0x705fc,same_addr,high
Table 2D - 309 Check DataType,0x705fc,E500,0x6f5bc,content_match,high
Table 2D - 309 Check DataType,0x705fc,C500,0x6f5bc,content_match,high
Table 2D - 309 Check DataType,0x705fc,FB00,0x70104,content_match,high
Table 2D - 309 Check DataType,0x705fc,FC00,0x70104,content_match,high
Table 2D - 309 Check DataType,0x705fc,B900,0x70104,content_match,high
Table 2D - 309 Check DataType,0x705fc,E700,0x6f66c,content_match,high
Table 2D - 309 Check DataType,0x705fc,15120,0x6fadc,family_shift,low
Table 2D - 309 Check DataType,0x705fc,32000,0x73848,family_shift,low
Y,0x70678,D400,0x70678,same_addr,high
Y,0x70678,E500,0x6f638,content_match,high
Y,0x70678,C500,0x6f638,content_match,high
Y,0x70678,FB00,0x70180,content_match,high
Y,0x70678,FC00,0x70180,content_match,high
Y,0x70678,B900,0x70180,content_match,high
Y,0x70678,E700,0x6f6e8,content_match,high
Y,0x70678,15120,0x6fb58,family_shift,low
Y,0x70678,32000,0x738c4,family_shift,low
Table 2D - 310 Check DataType,0x706f4,D400,0x706f4,same_addr,high
Table 2D - 310 Check DataType,0x706f4,E500,0x6f6b4,content_match,high
Table 2D - 310 Check DataType,0x706f4,C500,0x6f6b4,content_match,high
Table 2D - 310 Check DataType,0x706f4,FB00,0x701fc,content_match,high
Table 2D - 310 Check DataType,0x706f4,FC00,0x701fc,content_match,high
Table 2D - 310 Check DataType,0x706f4,B900,0x701fc,content_match,high
Table 2D - 310 Check DataType,0x706f4,E700,0x6f764,content_match,high
Table 2D - 310 Check DataType,0x706f4,15120,0x6fbd4,family_shift,low
Table 2D - 310 Check DataType,0x706f4,32000,0x73940,family_shift,low
Y,0x70770,D400,0x70770,same_addr,high
Y,0x70770,E500,0x6f730,content_match,high
Y,0x70770,C500,0x6f730,content_match,high
Y,0x70770,FB00,0x70278,content_match,high
Y,0x70770,FC00,0x70278,content_match,high
Y,0x70770,B900,0x70278,content_match,high
Y,0x70770,E700,0x6f7e0,content_match,high
Y,0x70770,15120,0x6fc50,family_shift,low
Y,0x70770,32000,0x739bc,family_shift,low
Table 2D - 311 Check DataType,0x707ec,D400,0x707ec,same_addr,high
Table 2D - 311 Check DataType,0x707ec,E500,0x6f7ac,content_match,high
Table 2D - 311 Check DataType,0x707ec,C500,0x6f7ac,content_match,high
Table 2D - 311 Check DataType,0x707ec,FB00,0x702f4,content_match,high
Table 2D - 311 Check DataType,0x707ec,FC00,0x702f4,content_match,high
Table 2D - 311 Check DataType,0x707ec,B900,0x702f4,content_match,high
Table 2D - 311 Check DataType,0x707ec,E700,0x6f85c,content_match,high
Table 2D - 311 Check DataType,0x707ec,15120,0x6fc88,content_match,high
Table 2D - 311 Check DataType,0x707ec,32000,0x73a38,family_shift,low
X,0x70868,D400,0x70868,same_addr,high
X,0x70868,E500,0x6f828,family_shift,medium
X,0x70868,C500,0x6f828,content_match,high
X,0x70868,FB00,0x70370,content_match,high
X,0x70868,FC00,0x70370,content_match,high
X,0x70868,B900,0x70370,content_match,high
X,0x70868,E700,0x6f8d8,family_shift,low
X,0x70868,15120,0x6fd10,family_shift,medium
X,0x70868,32000,0x73a9c,content_match,high
Y,0x70888,D400,0x70888,same_addr,high
Y,0x70888,E500,0x6f848,content_match,high
Y,0x70888,C500,0x6f848,content_match,high
Y,0x70888,FB00,0x70390,content_match,high
Y,0x70888,FC00,0x70390,content_match,high
Y,0x70888,B900,0x70390,content_match,high
Y,0x70888,E700,0x6f8f8,content_match,high
Y,0x70888,15120,0x6fd30,content_match,high
Y,0x70888,32000,0x73ad4,family_shift,low
Table 3D - 22_,0x708a8,D400,0x708a8,same_addr,high
Table 3D - 22_,0x708a8,E500,0x6f868,content_match,high
Table 3D - 22_,0x708a8,C500,0x6f868,content_match,high
Table 3D - 22_,0x708a8,FB00,0x703b0,content_match,high
Table 3D - 22_,0x708a8,FC00,0x703b0,content_match,high
Table 3D - 22_,0x708a8,B900,0x703b0,content_match,high
Table 3D - 22_,0x708a8,E700,0x6f918,family_shift,low
Table 3D - 22_,0x708a8,15120,0x6fd50,content_match,high
Table 3D - 22_,0x708a8,32000,0x73af4,family_shift,low
X,0x708e8,D400,0x708e8,same_addr,high
X,0x708e8,E500,0x6f8a8,family_shift,medium
X,0x708e8,C500,0x6f8a8,content_match,high
X,0x708e8,FB00,0x703f0,content_match,high
X,0x708e8,FC00,0x703f0,content_match,high
X,0x708e8,B900,0x703f0,content_match,high
X,0x708e8,E700,0x6f958,family_shift,medium
X,0x708e8,15120,0x6fd90,family_shift,medium
X,0x708e8,32000,0x73b60,family_shift,low
Y,0x70918,D400,0x70918,same_addr,high
Y,0x70918,E500,0x6f8d8,content_match,high
Y,0x70918,C500,0x6f8d8,content_match,high
Y,0x70918,FB00,0x70420,content_match,high
Y,0x70918,FC00,0x70420,content_match,high
Y,0x70918,B900,0x70420,content_match,high
Y,0x70918,E700,0x6f988,content_match,high
Y,0x70918,15120,0x6fdc0,content_match,high
Y,0x70918,32000,0x73acc,content_match,high
Table 3D - 23_,0x70924,D400,0x70924,same_addr,high
Table 3D - 23_,0x70924,E500,0x6f8e4,family_shift,medium
Table 3D - 23_,0x70924,C500,0x6f8e4,family_shift,medium
Table 3D - 23_,0x70924,FB00,0x7042c,family_shift,low
Table 3D - 23_,0x70924,FC00,0x7042c,family_shift,low
Table 3D - 23_,0x70924,B900,0x7042c,family_shift,low
Table 3D - 23_,0x70924,E700,0x6f994,family_shift,medium
Table 3D - 23_,0x70924,15120,0x6fdcc,family_shift,medium
Table 3D - 23_,0x70924,32000,0x73b9c,family_shift,low
X,0x70948,D400,0x70948,same_addr,high
X,0x70948,E500,0x6f908,content_match,high
X,0x70948,C500,0x6f908,content_match,high
X,0x70948,FB00,0x70450,content_match,high
X,0x70948,FC00,0x70450,content_match,high
X,0x70948,B900,0x70450,content_match,high
X,0x70948,E700,0x6f9b8,content_match,high
X,0x70948,15120,0x6fdf0,content_match,high
X,0x70948,32000,0x73bc0,family_shift,low
Y,0x7097c,D400,0x7097c,same_addr,high
Y,0x7097c,E500,0x6f93c,content_match,high
Y,0x7097c,C500,0x6f93c,content_match,high
Y,0x7097c,FB00,0x70484,content_match,high
Y,0x7097c,FC00,0x70484,content_match,high
Y,0x7097c,B900,0x70484,content_match,high
Y,0x7097c,E700,0x6f9ec,content_match,high
Y,0x7097c,15120,0x6fe24,content_match,high
Y,0x7097c,32000,0x73bf4,family_shift,low
Table 3D - 24_,0x70998,D400,0x70998,same_addr,high
Table 3D - 24_,0x70998,E500,0x6f958,content_match,high
Table 3D - 24_,0x70998,C500,0x6f958,content_match,high
Table 3D - 24_,0x70998,FB00,0x704a0,content_match,high
Table 3D - 24_,0x70998,FC00,0x704a0,content_match,high
Table 3D - 24_,0x70998,B900,0x704a0,content_match,high
Table 3D - 24_,0x70998,E700,0x6fa08,content_match,high
Table 3D - 24_,0x70998,15120,0x6fe40,content_match,high
Table 3D - 24_,0x70998,32000,0x73c10,family_shift,low
X,0x70a50,D400,0x70a50,same_addr,high
X,0x70a50,E500,0x6fa10,content_match,high
X,0x70a50,C500,0x6fa10,content_match,high
X,0x70a50,FB00,0x70558,content_match,high
X,0x70a50,FC00,0x70558,content_match,high
X,0x70a50,B900,0x70558,content_match,high
X,0x70a50,E700,0x6fac0,content_match,high
X,0x70a50,15120,0x6fef8,content_match,high
X,0x70a50,32000,0x73cd4,family_shift,low
Y,0x70a84,D400,0x70a84,same_addr,high
Y,0x70a84,E500,0x6fa44,content_match,high
Y,0x70a84,C500,0x6fa44,content_match,high
Y,0x70a84,FB00,0x7058c,content_match,high
Y,0x70a84,FC00,0x7058c,content_match,high
Y,0x70a84,B900,0x7058c,content_match,high
Y,0x70a84,E700,0x6faf4,content_match,high
Y,0x70a84,15120,0x6ff2c,content_match,high
Y,0x70a84,32000,0x73d08,family_shift,low
Table 3D - 25_,0x70aa0,D400,0x70aa0,same_addr,high
Table 3D - 25_,0x70aa0,E500,0x6fa60,content_match,high
Table 3D - 25_,0x70aa0,C500,0x6fa60,content_match,high
Table 3D - 25_,0x70aa0,FB00,0x705a8,content_match,high
Table 3D - 25_,0x70aa0,FC00,0x705a8,content_match,high
Table 3D - 25_,0x70aa0,B900,0x705a8,content_match,high
Table 3D - 25_,0x70aa0,E700,0x6fb10,family_shift,low
Table 3D - 25_,0x70aa0,15120,0x6ff48,content_match,high
Table 3D - 25_,0x70aa0,32000,0x73d24,family_shift,low
X,0x70b58,D400,0x70b58,same_addr,high
X,0x70b58,E500,0x6fb18,family_shift,medium
X,0x70b58,C500,0x6fb18,family_shift,medium
X,0x70b58,FB00,0x70660,family_shift,medium
X,0x70b58,FC00,0x70660,family_shift,medium
X,0x70b58,B900,0x70660,family_shift,medium
X,0x70b58,E700,0x6fbc8,family_shift,medium
X,0x70b58,15120,0x70000,family_shift,medium
X,0x70b58,32000,0x74094,family_shift,low
Y,0x70b78,D400,0x70b78,same_addr,high
Y,0x70b78,E500,0x6fb38,content_match,high
Y,0x70b78,C500,0x6fb38,content_match,high
Y,0x70b78,FB00,0x70680,content_match,high
Y,0x70b78,FC00,0x70680,content_match,high
Y,0x70b78,B900,0x70680,content_match,high
Y,0x70b78,E700,0x6fbe8,content_match,high
Y,0x70b78,15120,0x70020,content_match,high
Y,0x70b78,32000,0x73c0c,content_match,high
Table 3D - 26_,0x70b9c,D400,0x70b9c,same_addr,high
Table 3D - 26_,0x70b9c,E500,0x6fb5c,family_shift,low
Table 3D - 26_,0x70b9c,C500,0x6fb5c,family_shift,medium
Table 3D - 26_,0x70b9c,FB00,0x706a4,family_shift,low
Table 3D - 26_,0x70b9c,FC00,0x706a4,family_shift,low
Table 3D - 26_,0x70b9c,B900,0x706a4,family_shift,low
Table 3D - 26_,0x70b9c,E700,0x6fc0c,family_shift,low
Table 3D - 26_,0x70b9c,15120,0x70044,family_shift,medium
Table 3D - 26_,0x70b9c,32000,0x740b6,content_match,high
X,0x70c2c,D400,0x70c2c,same_addr,high
X,0x70c2c,E500,0x6fbec,family_shift,medium
X,0x70c2c,C500,0x6fbec,family_shift,medium
X,0x70c2c,FB00,0x70734,family_shift,medium
X,0x70c2c,FC00,0x70734,family_shift,medium
X,0x70c2c,B900,0x70734,family_shift,medium
X,0x70c2c,E700,0x6fc9c,family_shift,medium
X,0x70c2c,15120,0x700d4,family_shift,medium
X,0x70c2c,32000,0x73cc0,content_match,high
Y,0x70c4c,D400,0x70c4c,same_addr,high
Y,0x70c4c,E500,0x6fc0c,content_match,high
Y,0x70c4c,C500,0x6fc0c,content_match,high
Y,0x70c4c,FB00,0x70754,content_match,high
Y,0x70c4c,FC00,0x70754,content_match,high
Y,0x70c4c,B900,0x70754,content_match,high
Y,0x70c4c,E700,0x6fcbc,family_shift,medium
Y,0x70c4c,15120,0x700f4,content_match,high
Y,0x70c4c,32000,0x73ce0,content_match,high
Table 3D - 27_,0x70c70,D400,0x70c70,same_addr,high
Table 3D - 27_,0x70c70,E500,0x6fc30,family_shift,low
Table 3D - 27_,0x70c70,C500,0x6fc30,family_shift,medium
Table 3D - 27_,0x70c70,FB00,0x70778,family_shift,low
Table 3D - 27_,0x70c70,FC00,0x70778,family_shift,low
Table 3D - 27_,0x70c70,B900,0x70778,family_shift,low
Table 3D - 27_,0x70c70,E700,0x6fce0,family_shift,low
Table 3D - 27_,0x70c70,15120,0x70118,family_shift,medium
Table 3D - 27_,0x70c70,32000,0x73d04,family_shift,low
X,0x70d00,D400,0x70d00,same_addr,high
X,0x70d00,E500,0x6fcc0,family_shift,medium
X,0x70d00,C500,0x6fcc0,family_shift,medium
X,0x70d00,FB00,0x70808,family_shift,medium
X,0x70d00,FC00,0x70808,family_shift,medium
X,0x70d00,B900,0x70808,family_shift,medium
X,0x70d00,E700,0x6fd70,family_shift,medium
X,0x70d00,15120,0x701a8,family_shift,medium
X,0x70d00,32000,0x73d94,content_match,high
Y,0x70d20,D400,0x70d20,same_addr,high
Y,0x70d20,E500,0x6fce0,content_match,high
Y,0x70d20,C500,0x6fce0,content_match,high
Y,0x70d20,FB00,0x70828,content_match,high
Y,0x70d20,FC00,0x70828,content_match,high
Y,0x70d20,B900,0x70828,content_match,high
Y,0x70d20,E700,0x6fd90,family_shift,medium
Y,0x70d20,15120,0x701c8,content_match,high
Y,0x70d20,32000,0x73db4,content_match,high
Table 3D - 28_,0x70d44,D400,0x70d44,same_addr,high
Table 3D - 28_,0x70d44,E500,0x6fd04,family_shift,low
Table 3D - 28_,0x70d44,C500,0x6fd04,content_match,high
Table 3D - 28_,0x70d44,FB00,0x7084c,family_shift,low
Table 3D - 28_,0x70d44,FC00,0x7084c,family_shift,low
Table 3D - 28_,0x70d44,B900,0x7084c,family_shift,low
Table 3D - 28_,0x70d44,E700,0x6fdb4,family_shift,low
Table 3D - 28_,0x70d44,15120,0x701ec,content_match,high
Table 3D - 28_,0x70d44,32000,0x73dd8,family_shift,low
X,0x70dd4,D400,0x70dd4,same_addr,high
X,0x70dd4,E500,0x6fd94,content_match,high
X,0x70dd4,C500,0x6fd94,content_match,high
X,0x70dd4,FB00,0x708dc,family_shift,low
X,0x70dd4,FC00,0x708dc,family_shift,low
X,0x70dd4,B900,0x708dc,family_shift,low
X,0x70dd4,E700,0x6fe44,content_match,high
X,0x70dd4,15120,0x7027c,content_match,high
X,0x70dd4,32000,0x73e68,family_shift,low
Y,0x70e04,D400,0x70e04,same_addr,high
Y,0x70e04,E500,0x6fdc4,family_shift,low
Y,0x70e04,C500,0x6fdc4,content_match,high
Y,0x70e04,FB00,0x7090c,family_shift,medium
Y,0x70e04,FC00,0x7090c,family_shift,medium
Y,0x70e04,B900,0x7090c,family_shift,medium
Y,0x70e04,E700,0x6fe74,family_shift,low
Y,0x70e04,15120,0x702ac,content_match,high
Y,0x70e04,32000,0x73e98,family_shift,medium
Table 3D - 29_,0x70e44,D400,0x70e44,same_addr,high
Table 3D - 29_,0x70e44,E500,0x6fe04,family_shift,low
Table 3D - 29_,0x70e44,C500,0x6fe04,content_match,high
Table 3D - 29_,0x70e44,FB00,0x7094c,family_shift,low
Table 3D - 29_,0x70e44,FC00,0x7094c,family_shift,low
Table 3D - 29_,0x70e44,B900,0x7094c,family_shift,low
Table 3D - 29_,0x70e44,E700,0x6feb4,family_shift,low
Table 3D - 29_,0x70e44,15120,0x702ec,content_match,high
Table 3D - 29_,0x70e44,32000,0x73ed8,family_shift,low
X,0x70fc4,D400,0x70fc4,same_addr,high
X,0x70fc4,E500,0x6ff84,content_match,high
X,0x70fc4,C500,0x6ff84,content_match,high
X,0x70fc4,FB00,0x70acc,family_shift,medium
X,0x70fc4,FC00,0x70acc,family_shift,medium
X,0x70fc4,B900,0x70acc,family_shift,medium
X,0x70fc4,E700,0x70034,content_match,high
X,0x70fc4,15120,0x7046c,content_match,high
X,0x70fc4,32000,0x74058,family_shift,low
Y,0x70ff4,D400,0x70ff4,same_addr,high
Y,0x70ff4,E500,0x6ffb4,family_shift,low
Y,0x70ff4,C500,0x6ffb4,content_match,high
Y,0x70ff4,FB00,0x70afc,family_shift,low
Y,0x70ff4,FC00,0x70afc,family_shift,low
Y,0x70ff4,B900,0x70afc,family_shift,low
Y,0x70ff4,E700,0x70064,family_shift,low
Y,0x70ff4,15120,0x7049c,content_match,high
Y,0x70ff4,32000,0x74088,family_shift,low
Table 3D - 30_,0x71034,D400,0x71034,same_addr,high
Table 3D - 30_,0x71034,E500,0x6fff4,family_shift,low
Table 3D - 30_,0x71034,C500,0x6fff4,content_match,high
Table 3D - 30_,0x71034,FB00,0x70b3c,family_shift,low
Table 3D - 30_,0x71034,FC00,0x70b3c,family_shift,low
Table 3D - 30_,0x71034,B900,0x70b3c,family_shift,low
Table 3D - 30_,0x71034,E700,0x700a4,family_shift,low
Table 3D - 30_,0x71034,15120,0x704dc,content_match,high
Table 3D - 30_,0x71034,32000,0x740c8,family_shift,low
X,0x711b4,D400,0x711b4,same_addr,high
X,0x711b4,E500,0x70174,content_match,high
X,0x711b4,C500,0x70174,content_match,high
X,0x711b4,FB00,0x70cbc,content_match,high
X,0x711b4,FC00,0x70cbc,content_match,high
X,0x711b4,B900,0x70cbc,content_match,high
X,0x711b4,E700,0x70224,content_match,high
X,0x711b4,15120,0x7086c,content_match,high
X,0x711b4,32000,0x74248,family_shift,low
Y,0x711e8,D400,0x711e8,same_addr,high
Y,0x711e8,E500,0x701a8,content_match,high
Y,0x711e8,C500,0x701a8,content_match,high
Y,0x711e8,FB00,0x70cf0,content_match,high
Y,0x711e8,FC00,0x70cf0,content_match,high
Y,0x711e8,B900,0x70cf0,content_match,high
Y,0x711e8,E700,0x70258,content_match,high
Y,0x711e8,15120,0x708a0,content_match,high
Y,0x711e8,32000,0x7427c,family_shift,low
Table 3D - 31_,0x71204,D400,0x71204,same_addr,high
Table 3D - 31_,0x71204,E500,0x701c4,family_shift,medium
Table 3D - 31_,0x71204,C500,0x701c4,family_shift,medium
Table 3D - 31_,0x71204,FB00,0x70d0c,family_shift,medium
Table 3D - 31_,0x71204,FC00,0x70d0c,family_shift,medium
Table 3D - 31_,0x71204,B900,0x70d0c,family_shift,medium
Table 3D - 31_,0x71204,E700,0x70274,family_shift,medium
Table 3D - 31_,0x71204,15120,0x708bc,family_shift,medium
Table 3D - 31_,0x71204,32000,0x74298,family_shift,low
X,0x712bc,D400,0x712bc,same_addr,high
X,0x712bc,E500,0x7027c,content_match,high
X,0x712bc,C500,0x7027c,content_match,high
X,0x712bc,FB00,0x70dc4,content_match,high
X,0x712bc,FC00,0x70dc4,content_match,high
X,0x712bc,B900,0x70dc4,content_match,high
X,0x712bc,E700,0x7032c,content_match,high
X,0x712bc,15120,0x70974,content_match,high
X,0x712bc,32000,0x74350,family_shift,low
Y,0x712f0,D400,0x712f0,same_addr,high
Y,0x712f0,E500,0x702b0,content_match,high
Y,0x712f0,C500,0x702b0,content_match,high
Y,0x712f0,FB00,0x70df8,content_match,high
Y,0x712f0,FC00,0x70df8,content_match,high
Y,0x712f0,B900,0x70df8,content_match,high
Y,0x712f0,E700,0x70360,content_match,high
Y,0x712f0,15120,0x709a8,content_match,high
Y,0x712f0,32000,0x74384,family_shift,low
Table 3D - 32_,0x7130c,D400,0x7130c,same_addr,high
Table 3D - 32_,0x7130c,E500,0x702cc,family_shift,medium
Table 3D - 32_,0x7130c,C500,0x702cc,family_shift,medium
Table 3D - 32_,0x7130c,FB00,0x70e14,family_shift,low
Table 3D - 32_,0x7130c,FC00,0x70e14,family_shift,low
Table 3D - 32_,0x7130c,B900,0x70e14,family_shift,low
Table 3D - 32_,0x7130c,E700,0x7037c,family_shift,medium
Table 3D - 32_,0x7130c,15120,0x709c4,family_shift,medium
Table 3D - 32_,0x7130c,32000,0x743a0,family_shift,low
X,0x713c4,D400,0x713c4,same_addr,high
X,0x713c4,E500,0x70384,content_match,high
X,0x713c4,C500,0x70384,content_match,high
X,0x713c4,FB00,0x70ecc,family_shift,low
X,0x713c4,FC00,0x70ecc,family_shift,low
X,0x713c4,B900,0x70ecc,family_shift,low
X,0x713c4,E700,0x70434,content_match,high
X,0x713c4,15120,0x70a7c,content_match,high
X,0x713c4,32000,0x73ffc,family_shift,low
Y,0x713ec,D400,0x713ec,same_addr,high
Y,0x713ec,E500,0x703ac,family_shift,medium
Y,0x713ec,C500,0x703ac,family_shift,medium
Y,0x713ec,FB00,0x70ef4,family_shift,medium
Y,0x713ec,FC00,0x70ef4,family_shift,medium
Y,0x713ec,B900,0x70ef4,family_shift,medium
Y,0x713ec,E700,0x7045c,family_shift,medium
Y,0x713ec,15120,0x70aa4,family_shift,medium
Y,0x713ec,32000,0x74024,family_shift,low
Table 3D - 108_,0x71408,D400,0x71408,same_addr,high
Table 3D - 108_,0x71408,E500,0x703c8,content_match,high
Table 3D - 108_,0x71408,C500,0x703c8,content_match,high
Table 3D - 108_,0x71408,FB00,0x70f10,family_shift,low
Table 3D - 108_,0x71408,FC00,0x70f10,family_shift,low
Table 3D - 108_,0x71408,B900,0x70f10,family_shift,low
Table 3D - 108_,0x71408,E700,0x70478,content_match,high
Table 3D - 108_,0x71408,15120,0x70ac0,content_match,high
Table 3D - 108_,0x71408,32000,0x74040,family_shift,low
Y,0x7158c,D400,0x7158c,same_addr,high
Y,0x7158c,E500,0x7054c,content_match,high
Y,0x7158c,C500,0x7054c,content_match,high
Y,0x7158c,FB00,0x71094,content_match,high
Y,0x7158c,FC00,0x71094,content_match,high
Y,0x7158c,B900,0x71094,content_match,high
Y,0x7158c,E700,0x705fc,content_match,high
Y,0x7158c,15120,0x70c44,content_match,high
Y,0x7158c,32000,0x74338,content_match,high
Table 2D - 70_,0x715bc,D400,0x715bc,same_addr,high
Table 2D - 70_,0x715bc,E500,0x7057c,content_match,high
Table 2D - 70_,0x715bc,C500,0x7057c,content_match,high
Table 2D - 70_,0x715bc,FB00,0x710c4,content_match,high
Table 2D - 70_,0x715bc,FC00,0x710c4,content_match,high
Table 2D - 70_,0x715bc,B900,0x710c4,content_match,high
Table 2D - 70_,0x715bc,E700,0x7062c,content_match,high
Table 2D - 70_,0x715bc,15120,0x70c74,content_match,high
Table 2D - 70_,0x715bc,32000,0x741f4,family_shift,low
Y,0x715c8,D400,0x715c8,same_addr,high
Y,0x715c8,E500,0x70588,content_match,high
Y,0x715c8,C500,0x70588,content_match,high
Y,0x715c8,FB00,0x710d0,content_match,high
Y,0x715c8,FC00,0x710d0,content_match,high
Y,0x715c8,B900,0x710d0,content_match,high
Y,0x715c8,E700,0x70638,content_match,high
Y,0x715c8,15120,0x70c80,content_match,high
Y,0x715c8,32000,0x74338,content_match,high
Table 2D - 71_,0x715f8,D400,0x715f8,same_addr,high
Table 2D - 71_,0x715f8,E500,0x705b8,content_match,high
Table 2D - 71_,0x715f8,C500,0x705b8,content_match,high
Table 2D - 71_,0x715f8,FB00,0x71100,content_match,high
Table 2D - 71_,0x715f8,FC00,0x71100,content_match,high
Table 2D - 71_,0x715f8,B900,0x71100,content_match,high
Table 2D - 71_,0x715f8,E700,0x70668,content_match,high
Table 2D - 71_,0x715f8,15120,0x70cb0,content_match,high
Table 2D - 71_,0x715f8,32000,0x74230,family_shift,low
Y,0x71604,D400,0x71604,same_addr,high
Y,0x71604,E500,0x705c4,content_match,high
Y,0x71604,C500,0x705c4,content_match,high
Y,0x71604,FB00,0x7110c,content_match,high
Y,0x71604,FC00,0x7110c,content_match,high
Y,0x71604,B900,0x7110c,content_match,high
Y,0x71604,E700,0x70674,content_match,high
Y,0x71604,15120,0x70cbc,content_match,high
Y,0x71604,32000,0x74338,content_match,high
Table 2D - 72_,0x71634,D400,0x71634,same_addr,high
Table 2D - 72_,0x71634,E500,0x705f4,content_match,high
Table 2D - 72_,0x71634,C500,0x705f4,content_match,high
Table 2D - 72_,0x71634,FB00,0x7113c,content_match,high
Table 2D - 72_,0x71634,FC00,0x7113c,content_match,high
Table 2D - 72_,0x71634,B900,0x7113c,content_match,high
Table 2D - 72_,0x71634,E700,0x706a4,content_match,high
Table 2D - 72_,0x71634,15120,0x70cec,content_match,high
Table 2D - 72_,0x71634,32000,0x7426c,family_shift,low
Y,0x71640,D400,0x71640,same_addr,high
Y,0x71640,E500,0x70600,content_match,high
Y,0x71640,C500,0x70600,content_match,high
Y,0x71640,FB00,0x71148,content_match,high
Y,0x71640,FC00,0x71148,content_match,high
Y,0x71640,B900,0x71148,content_match,high
Y,0x71640,E700,0x706b0,content_match,high
Y,0x71640,15120,0x70cf8,content_match,high
Y,0x71640,32000,0x743d0,content_match,high
Table 2D - 73_,0x71664,D400,0x71664,same_addr,high
Table 2D - 73_,0x71664,E500,0x70624,content_match,high
Table 2D - 73_,0x71664,C500,0x70624,content_match,high
Table 2D - 73_,0x71664,FB00,0x7116c,content_match,high
Table 2D - 73_,0x71664,FC00,0x7116c,content_match,high
Table 2D - 73_,0x71664,B900,0x7116c,content_match,high
Table 2D - 73_,0x71664,E700,0x706d4,content_match,high
Table 2D - 73_,0x71664,15120,0x70d1c,content_match,high
Table 2D - 73_,0x71664,32000,0x7429c,family_shift,low
Y,0x71670,D400,0x71670,same_addr,high
Y,0x71670,E500,0x70630,content_match,high
Y,0x71670,C500,0x70630,content_match,high
Y,0x71670,FB00,0x71178,content_match,high
Y,0x71670,FC00,0x71178,content_match,high
Y,0x71670,B900,0x71178,content_match,high
Y,0x71670,E700,0x706e0,content_match,high
Y,0x71670,15120,0x70d28,content_match,high
Y,0x71670,32000,0x743d0,content_match,high
Table 2D - 74_,0x71694,D400,0x71694,same_addr,high
Table 2D - 74_,0x71694,E500,0x70654,content_match,high
Table 2D - 74_,0x71694,C500,0x70654,content_match,high
Table 2D - 74_,0x71694,FB00,0x7119c,content_match,high
Table 2D - 74_,0x71694,FC00,0x7119c,content_match,high
Table 2D - 74_,0x71694,B900,0x7119c,content_match,high
Table 2D - 74_,0x71694,E700,0x70704,content_match,high
Table 2D - 74_,0x71694,15120,0x70d4c,content_match,high
Table 2D - 74_,0x71694,32000,0x742cc,family_shift,low
Y,0x716a0,D400,0x716a0,same_addr,high
Y,0x716a0,E500,0x70660,content_match,high
Y,0x716a0,C500,0x70660,content_match,high
Y,0x716a0,FB00,0x711a8,content_match,high
Y,0x716a0,FC00,0x711a8,content_match,high
Y,0x716a0,B900,0x711a8,content_match,high
Y,0x716a0,E700,0x70710,content_match,high
Y,0x716a0,15120,0x70d58,content_match,high
Y,0x716a0,32000,0x743d0,content_match,high
Table 2D - 75_,0x716c4,D400,0x716c4,same_addr,high
Table 2D - 75_,0x716c4,E500,0x70684,content_match,high
Table 2D - 75_,0x716c4,C500,0x70684,content_match,high
Table 2D - 75_,0x716c4,FB00,0x711cc,family_shift,low
Table 2D - 75_,0x716c4,FC00,0x711cc,family_shift,low
Table 2D - 75_,0x716c4,B900,0x711cc,family_shift,low
Table 2D - 75_,0x716c4,E700,0x70734,content_match,high
Table 2D - 75_,0x716c4,15120,0x70d7c,content_match,high
Table 2D - 75_,0x716c4,32000,0x742fc,family_shift,low
Y,0x716d0,D400,0x716d0,same_addr,high
Y,0x716d0,E500,0x70690,content_match,high
Y,0x716d0,C500,0x70690,content_match,high
Y,0x716d0,FB00,0x711d8,content_match,high
Y,0x716d0,FC00,0x711d8,content_match,high
Y,0x716d0,B900,0x711d8,content_match,high
Y,0x716d0,E700,0x70740,content_match,high
Y,0x716d0,15120,0x70d88,content_match,high
Y,0x716d0,32000,0x743d0,content_match,high
Table 2D - 76_,0x716f4,D400,0x716f4,same_addr,high
Table 2D - 76_,0x716f4,E500,0x706b4,content_match,high
Table 2D - 76_,0x716f4,C500,0x706b4,content_match,high
Table 2D - 76_,0x716f4,FB00,0x711fc,family_shift,low
Table 2D - 76_,0x716f4,FC00,0x711fc,family_shift,low
Table 2D - 76_,0x716f4,B900,0x711fc,family_shift,low
Table 2D - 76_,0x716f4,E700,0x70764,content_match,high
Table 2D - 76_,0x716f4,15120,0x70dac,content_match,high
Table 2D - 76_,0x716f4,32000,0x7432c,family_shift,low
Y,0x71700,D400,0x71700,same_addr,high
Y,0x71700,E500,0x706c0,content_match,high
Y,0x71700,C500,0x706c0,content_match,high
Y,0x71700,FB00,0x711d8,content_match,high
Y,0x71700,FC00,0x711d8,content_match,high
Y,0x71700,B900,0x711d8,content_match,high
Y,0x71700,E700,0x70770,content_match,high
Y,0x71700,15120,0x70db8,content_match,high
Y,0x71700,32000,0x743d0,content_match,high
Table 2D - 77_,0x71724,D400,0x71724,same_addr,high
Table 2D - 77_,0x71724,E500,0x706e4,family_shift,low
Table 2D - 77_,0x71724,C500,0x706e4,content_match,high
Table 2D - 77_,0x71724,FB00,0x711fc,content_match,high
Table 2D - 77_,0x71724,FC00,0x711fc,content_match,high
Table 2D - 77_,0x71724,B900,0x711fc,content_match,high
Table 2D - 77_,0x71724,E700,0x70794,family_shift,low
Table 2D - 77_,0x71724,15120,0x70ddc,content_match,high
Table 2D - 77_,0x71724,32000,0x7435c,family_shift,low
Y,0x71730,D400,0x71730,same_addr,high
Y,0x71730,E500,0x706f0,content_match,high
Y,0x71730,C500,0x706f0,content_match,high
Y,0x71730,FB00,0x71238,content_match,high
Y,0x71730,FC00,0x71238,content_match,high
Y,0x71730,B900,0x71238,content_match,high
Y,0x71730,E700,0x707a0,content_match,high
Y,0x71730,15120,0x70de8,content_match,high
Y,0x71730,32000,0x743d0,content_match,high
Table 2D - 78_,0x71754,D400,0x71754,same_addr,high
Table 2D - 78_,0x71754,E500,0x70714,family_shift,low
Table 2D - 78_,0x71754,C500,0x70714,content_match,high
Table 2D - 78_,0x71754,FB00,0x7125c,content_match,high
Table 2D - 78_,0x71754,FC00,0x7125c,content_match,high
Table 2D - 78_,0x71754,B900,0x7125c,content_match,high
Table 2D - 78_,0x71754,E700,0x707c4,family_shift,low
Table 2D - 78_,0x71754,15120,0x70e0c,content_match,high
Table 2D - 78_,0x71754,32000,0x7438c,family_shift,low
Y,0x71760,D400,0x71760,same_addr,high
Y,0x71760,E500,0x70720,family_shift,medium
Y,0x71760,C500,0x70720,family_shift,medium
Y,0x71760,FB00,0x71268,family_shift,medium
Y,0x71760,FC00,0x71268,family_shift,medium
Y,0x71760,B900,0x71268,family_shift,medium
Y,0x71760,E700,0x707d0,family_shift,medium
Y,0x71760,15120,0x70e18,family_shift,medium
Y,0x71760,32000,0x74398,family_shift,low
Table 2D - 312 Check DataType,0x71784,D400,0x71784,same_addr,high
Table 2D - 312 Check DataType,0x71784,E500,0x70744,content_match,high
Table 2D - 312 Check DataType,0x71784,C500,0x70744,content_match,high
Table 2D - 312 Check DataType,0x71784,FB00,0x7128c,family_shift,low
Table 2D - 312 Check DataType,0x71784,FC00,0x7128c,family_shift,low
Table 2D - 312 Check DataType,0x71784,B900,0x7128c,family_shift,low
Table 2D - 312 Check DataType,0x71784,E700,0x707f4,content_match,high
Table 2D - 312 Check DataType,0x71784,15120,0x70e3c,content_match,high
Table 2D - 312 Check DataType,0x71784,32000,0x743bc,family_shift,low
Y,0x71798,D400,0x71798,same_addr,high
Y,0x71798,E500,0x70758,content_match,high
Y,0x71798,C500,0x70758,content_match,high
Y,0x71798,FB00,0x712d8,content_match,high
Y,0x71798,FC00,0x712d8,content_match,high
Y,0x71798,B900,0x712d8,content_match,high
Y,0x71798,E700,0x70808,content_match,high
Y,0x71798,15120,0x70e50,content_match,high
Y,0x71798,32000,0x743d0,content_match,high
Table 2D - 79_,0x717bc,D400,0x717bc,same_addr,high
Table 2D - 79_,0x717bc,E500,0x7077c,content_match,high
Table 2D - 79_,0x717bc,C500,0x7077c,content_match,high
Table 2D - 79_,0x717bc,FB00,0x712fc,content_match,high
Table 2D - 79_,0x717bc,FC00,0x712fc,content_match,high
Table 2D - 79_,0x717bc,B900,0x712fc,content_match,high
Table 2D - 79_,0x717bc,E700,0x7082c,content_match,high
Table 2D - 79_,0x717bc,15120,0x70e74,content_match,high
Table 2D - 79_,0x717bc,32000,0x743f4,content_match,high
Y,0x717d0,D400,0x717d0,same_addr,high
Y,0x717d0,E500,0x70790,content_match,high
Y,0x717d0,C500,0x70790,content_match,high
Y,0x717d0,FB00,0x712d8,content_match,high
Y,0x717d0,FC00,0x712d8,content_match,high
Y,0x717d0,B900,0x712d8,content_match,high
Y,0x717d0,E700,0x70840,content_match,high
Y,0x717d0,15120,0x70e88,content_match,high
Y,0x717d0,32000,0x743d0,content_match,high
Table 2D - 80_,0x717f4,D400,0x717f4,same_addr,high
Table 2D - 80_,0x717f4,E500,0x707b4,content_match,high
Table 2D - 80_,0x717f4,C500,0x707b4,content_match,high
Table 2D - 80_,0x717f4,FB00,0x712fc,content_match,high
Table 2D - 80_,0x717f4,FC00,0x712fc,content_match,high
Table 2D - 80_,0x717f4,B900,0x712fc,content_match,high
Table 2D - 80_,0x717f4,E700,0x70864,content_match,high
Table 2D - 80_,0x717f4,15120,0x70eac,content_match,high
Table 2D - 80_,0x717f4,32000,0x743f4,content_match,high
Y,0x71808,D400,0x71808,same_addr,high
Y,0x71808,E500,0x707c8,family_shift,low
Y,0x71808,C500,0x707c8,family_shift,medium
Y,0x71808,FB00,0x71310,family_shift,low
Y,0x71808,FC00,0x71310,family_shift,low
Y,0x71808,B900,0x71310,family_shift,low
Y,0x71808,E700,0x70878,family_shift,medium
Y,0x71808,15120,0x70ec0,family_shift,medium
Y,0x71808,32000,0x74440,family_shift,low
Table 2D - 81_,0x71828,D400,0x71828,same_addr,high
Table 2D - 81_,0x71828,E500,0x707e8,family_shift,low
Table 2D - 81_,0x71828,C500,0x707e8,content_match,high
Table 2D - 81_,0x71828,FB00,0x71330,family_shift,low
Table 2D - 81_,0x71828,FC00,0x71330,family_shift,low
Table 2D - 81_,0x71828,B900,0x71330,family_shift,low
Table 2D - 81_,0x71828,E700,0x70898,family_shift,low
Table 2D - 81_,0x71828,15120,0x70ee0,content_match,high
Table 2D - 81_,0x71828,32000,0x74460,family_shift,low
Y,0x71838,D400,0x71838,same_addr,high
Y,0x71838,E500,0x707f8,content_match,high
Y,0x71838,C500,0x707f8,content_match,high
Y,0x71838,FB00,0x71340,content_match,high
Y,0x71838,FC00,0x71340,content_match,high
Y,0x71838,B900,0x71340,content_match,high
Y,0x71838,E700,0x708a8,content_match,high
Y,0x71838,15120,0x70ef0,content_match,high
Y,0x71838,32000,0x74338,content_match,high
Table 2D - 82_,0x71868,D400,0x71868,same_addr,high
Table 2D - 82_,0x71868,E500,0x70828,family_shift,medium
Table 2D - 82_,0x71868,C500,0x70828,family_shift,medium
Table 2D - 82_,0x71868,FB00,0x71370,family_shift,medium
Table 2D - 82_,0x71868,FC00,0x71370,family_shift,medium
Table 2D - 82_,0x71868,B900,0x71370,family_shift,medium
Table 2D - 82_,0x71868,E700,0x708d8,family_shift,medium
Table 2D - 82_,0x71868,15120,0x70f20,family_shift,medium
Table 2D - 82_,0x71868,32000,0x744a0,family_shift,low
Y,0x71880,D400,0x71880,same_addr,high
Y,0x71880,E500,0x70840,content_match,high
Y,0x71880,C500,0x70840,content_match,high
Y,0x71880,FB00,0x71388,content_match,high
Y,0x71880,FC00,0x71388,content_match,high
Y,0x71880,B900,0x71388,content_match,high
Y,0x71880,E700,0x708f0,content_match,high
Y,0x71880,15120,0x70f38,content_match,high
Y,0x71880,32000,0x74338,content_match,high
Table 2D - 313 Check DataType,0x718b0,D400,0x718b0,same_addr,high
Table 2D - 313 Check DataType,0x718b0,E500,0x70870,content_match,high
Table 2D - 313 Check DataType,0x718b0,C500,0x70870,content_match,high
Table 2D - 313 Check DataType,0x718b0,FB00,0x713b8,content_match,high
Table 2D - 313 Check DataType,0x718b0,FC00,0x713b8,content_match,high
Table 2D - 313 Check DataType,0x718b0,B900,0x713b8,content_match,high
Table 2D - 313 Check DataType,0x718b0,E700,0x70920,content_match,high
Table 2D - 313 Check DataType,0x718b0,15120,0x70f68,content_match,high
Table 2D - 313 Check DataType,0x718b0,32000,0x74f6c,content_match,high
Y,0x718e0,D400,0x718e0,same_addr,high
Y,0x718e0,E500,0x708a0,content_match,high
Y,0x718e0,C500,0x708a0,content_match,high
Y,0x718e0,FB00,0x713e8,content_match,high
Y,0x718e0,FC00,0x713e8,content_match,high
Y,0x718e0,B900,0x713e8,content_match,high
Y,0x718e0,E700,0x70950,content_match,high
Y,0x718e0,15120,0x70f98,content_match,high
Y,0x718e0,32000,0x74338,content_match,high
Table 2D - 314 Check DataType,0x71910,D400,0x71910,same_addr,high
Table 2D - 314 Check DataType,0x71910,E500,0x708d0,content_match,high
Table 2D - 314 Check DataType,0x71910,C500,0x708d0,content_match,high
Table 2D - 314 Check DataType,0x71910,FB00,0x71418,content_match,high
Table 2D - 314 Check DataType,0x71910,FC00,0x71418,content_match,high
Table 2D - 314 Check DataType,0x71910,B900,0x71418,content_match,high
Table 2D - 314 Check DataType,0x71910,E700,0x70980,content_match,high
Table 2D - 314 Check DataType,0x71910,15120,0x70fc8,content_match,high
Table 2D - 314 Check DataType,0x71910,32000,0x74548,family_shift,low
Y,0x71940,D400,0x71940,same_addr,high
Y,0x71940,E500,0x70900,content_match,high
Y,0x71940,C500,0x70900,content_match,high
Y,0x71940,FB00,0x71448,content_match,high
Y,0x71940,FC00,0x71448,content_match,high
Y,0x71940,B900,0x71448,content_match,high
Y,0x71940,E700,0x709b0,content_match,high
Y,0x71940,15120,0x70ff8,content_match,high
Y,0x71940,32000,0x74338,content_match,high
Table 2D - 315 Check DataType,0x71970,D400,0x71970,same_addr,high
Table 2D - 315 Check DataType,0x71970,E500,0x70930,content_match,high
Table 2D - 315 Check DataType,0x71970,C500,0x70930,content_match,high
Table 2D - 315 Check DataType,0x71970,FB00,0x71478,content_match,high
Table 2D - 315 Check DataType,0x71970,FC00,0x71478,content_match,high
Table 2D - 315 Check DataType,0x71970,B900,0x71478,content_match,high
Table 2D - 315 Check DataType,0x71970,E700,0x709e0,content_match,high
Table 2D - 315 Check DataType,0x71970,15120,0x71028,content_match,high
Table 2D - 315 Check DataType,0x71970,32000,0x74f6c,content_match,high
Y,0x71a50,D400,0x71a50,same_addr,high
Y,0x71a50,E500,0x70a10,content_match,high
Y,0x71a50,C500,0x70a10,content_match,high
Y,0x71a50,FB00,0x71558,content_match,high
Y,0x71a50,FC00,0x71558,content_match,high
Y,0x71a50,B900,0x71558,content_match,high
Y,0x71a50,E700,0x70ac0,content_match,high
Y,0x71a50,15120,0x71108,content_match,high
Y,0x71a50,32000,0x74574,content_match,high
Table 2D - 83_,0x71a78,D400,0x71a78,same_addr,high
Table 2D - 83_,0x71a78,E500,0x70a38,family_shift,medium
Table 2D - 83_,0x71a78,C500,0x70a38,content_match,high
Table 2D - 83_,0x71a78,FB00,0x71580,family_shift,low
Table 2D - 83_,0x71a78,FC00,0x71580,family_shift,low
Table 2D - 83_,0x71a78,B900,0x71580,family_shift,low
Table 2D - 83_,0x71a78,E700,0x70ae8,family_shift,low
Table 2D - 83_,0x71a78,15120,0x71130,content_match,high
Table 2D - 83_,0x71a78,32000,0x746b0,family_shift,low
Y,0x71a84,D400,0x71a84,same_addr,high
Y,0x71a84,E500,0x70a44,content_match,high
Y,0x71a84,C500,0x70a44,content_match,high
Y,0x71a84,FB00,0x7158c,content_match,high
Y,0x71a84,FC00,0x7158c,content_match,high
Y,0x71a84,B900,0x7158c,content_match,high
Y,0x71a84,E700,0x70af4,content_match,high
Y,0x71a84,15120,0x7113c,content_match,high
Y,0x71a84,32000,0x746bc,family_shift,low
Table 2D - 316 Check DataType,0x71a98,D400,0x71a98,same_addr,high
Table 2D - 316 Check DataType,0x71a98,E500,0x70a58,content_match,high
Table 2D - 316 Check DataType,0x71a98,C500,0x70a58,content_match,high
Table 2D - 316 Check DataType,0x71a98,FB00,0x715a0,content_match,high
Table 2D - 316 Check DataType,0x71a98,FC00,0x715a0,content_match,high
Table 2D - 316 Check DataType,0x71a98,B900,0x715a0,content_match,high
Table 2D - 316 Check DataType,0x71a98,E700,0x70b08,content_match,high
Table 2D - 316 Check DataType,0x71a98,15120,0x71150,content_match,high
Table 2D - 316 Check DataType,0x71a98,32000,0x746d0,family_shift,low
Y,0x71aa4,D400,0x71aa4,same_addr,high
Y,0x71aa4,E500,0x70a64,content_match,high
Y,0x71aa4,C500,0x70a64,content_match,high
Y,0x71aa4,FB00,0x715ac,content_match,high
Y,0x71aa4,FC00,0x715ac,content_match,high
Y,0x71aa4,B900,0x715ac,content_match,high
Y,0x71aa4,E700,0x70b14,family_shift,medium
Y,0x71aa4,15120,0x7115c,content_match,high
Y,0x71aa4,32000,0x746dc,family_shift,low
Table 2D - 84_,0x71acc,D400,0x71acc,same_addr,high
Table 2D - 84_,0x71acc,E500,0x70a8c,content_match,high
Table 2D - 84_,0x71acc,C500,0x70a8c,content_match,high
Table 2D - 84_,0x71acc,FB00,0x715d4,content_match,high
Table 2D - 84_,0x71acc,FC00,0x715d4,content_match,high
Table 2D - 84_,0x71acc,B900,0x715d4,content_match,high
Table 2D - 84_,0x71acc,E700,0x70b3c,content_match,high
Table 2D - 84_,0x71acc,15120,0x71184,content_match,high
Table 2D - 84_,0x71acc,32000,0x74704,family_shift,low
Y,0x71ae0,D400,0x71ae0,same_addr,high
Y,0x71ae0,E500,0x70aa0,content_match,high
Y,0x71ae0,C500,0x70aa0,content_match,high
Y,0x71ae0,FB00,0x715e8,content_match,high
Y,0x71ae0,FC00,0x715e8,content_match,high
Y,0x71ae0,B900,0x715e8,content_match,high
Y,0x71ae0,E700,0x70b50,content_match,high
Y,0x71ae0,15120,0x71198,content_match,high
Y,0x71ae0,32000,0x7a780,content_match,high
Table 2D - 85_,0x71b08,D400,0x71b08,same_addr,high
Table 2D - 85_,0x71b08,E500,0x70ac8,content_match,high
Table 2D - 85_,0x71b08,C500,0x70ac8,content_match,high
Table 2D - 85_,0x71b08,FB00,0x71610,content_match,high
Table 2D - 85_,0x71b08,FC00,0x71610,content_match,high
Table 2D - 85_,0x71b08,B900,0x71610,content_match,high
Table 2D - 85_,0x71b08,E700,0x70b78,content_match,high
Table 2D - 85_,0x71b08,15120,0x711c0,content_match,high
Table 2D - 85_,0x71b08,32000,0x74740,family_shift,low
Y,0x71b1c,D400,0x71b1c,same_addr,high
Y,0x71b1c,E500,0x70adc,content_match,high
Y,0x71b1c,C500,0x70adc,content_match,high
Y,0x71b1c,FB00,0x71624,content_match,high
Y,0x71b1c,FC00,0x71624,content_match,high
Y,0x71b1c,B900,0x71624,content_match,high
Y,0x71b1c,E700,0x70b8c,content_match,high
Y,0x71b1c,15120,0x711d4,content_match,high
Y,0x71b1c,32000,0x74754,family_shift,low
Table 2D - 317 Check DataType,0x71b44,D400,0x71b44,same_addr,high
Table 2D - 317 Check DataType,0x71b44,E500,0x70b04,content_match,high
Table 2D - 317 Check DataType,0x71b44,C500,0x70b04,content_match,high
Table 2D - 317 Check DataType,0x71b44,FB00,0x7164c,content_match,high
Table 2D - 317 Check DataType,0x71b44,FC00,0x7164c,content_match,high
Table 2D - 317 Check DataType,0x71b44,B900,0x7164c,content_match,high
Table 2D - 317 Check DataType,0x71b44,E700,0x70bb4,content_match,high
Table 2D - 317 Check DataType,0x71b44,15120,0x711fc,content_match,high
Table 2D - 317 Check DataType,0x71b44,32000,0x7477c,family_shift,low
Y,0x71b58,D400,0x71b58,same_addr,high
Y,0x71b58,E500,0x70b18,content_match,high
Y,0x71b58,C500,0x70b18,content_match,high
Y,0x71b58,FB00,0x71660,content_match,high
Y,0x71b58,FC00,0x71660,content_match,high
Y,0x71b58,B900,0x71660,content_match,high
Y,0x71b58,E700,0x70bc8,content_match,high
Y,0x71b58,15120,0x71210,content_match,high
Y,0x71b58,32000,0x74790,family_shift,low
Table 2D - 318 Check DataType,0x71b70,D400,0x71b70,same_addr,high
Table 2D - 318 Check DataType,0x71b70,E500,0x70b30,content_match,high
Table 2D - 318 Check DataType,0x71b70,C500,0x70b30,content_match,high
Table 2D - 318 Check DataType,0x71b70,FB00,0x71678,family_shift,low
Table 2D - 318 Check DataType,0x71b70,FC00,0x71678,family_shift,low
Table 2D - 318 Check DataType,0x71b70,B900,0x71678,family_shift,low
Table 2D - 318 Check DataType,0x71b70,E700,0x70be0,content_match,high
Table 2D - 318 Check DataType,0x71b70,15120,0x71228,content_match,high
Table 2D - 318 Check DataType,0x71b70,32000,0x747a8,family_shift,low
Y,0x71b7c,D400,0x71b7c,same_addr,high
Y,0x71b7c,E500,0x70b3c,content_match,high
Y,0x71b7c,C500,0x70b3c,content_match,high
Y,0x71b7c,FB00,0x71684,content_match,high
Y,0x71b7c,FC00,0x71684,content_match,high
Y,0x71b7c,B900,0x71684,content_match,high
Y,0x71b7c,E700,0x70bec,content_match,high
Y,0x71b7c,15120,0x71234,content_match,high
Y,0x71b7c,32000,0x747b4,family_shift,low
Table 2D - 319 Check DataType,0x71b94,D400,0x71b94,same_addr,high
Table 2D - 319 Check DataType,0x71b94,E500,0x70b54,content_match,high
Table 2D - 319 Check DataType,0x71b94,C500,0x70b54,content_match,high
Table 2D - 319 Check DataType,0x71b94,FB00,0x7169c,family_shift,medium
Table 2D - 319 Check DataType,0x71b94,FC00,0x7169c,family_shift,medium
Table 2D - 319 Check DataType,0x71b94,B900,0x7169c,family_shift,medium
Table 2D - 319 Check DataType,0x71b94,E700,0x70c04,content_match,high
Table 2D - 319 Check DataType,0x71b94,15120,0x7124c,content_match,high
Table 2D - 319 Check DataType,0x71b94,32000,0x747cc,family_shift,low
Y,0x71cac,D400,0x71cac,same_addr,high
Y,0x71cac,E500,0x70c6c,family_shift,medium
Y,0x71cac,C500,0x70c6c,family_shift,medium
Y,0x71cac,FB00,0x717b4,family_shift,low
Y,0x71cac,FC00,0x717b4,family_shift,low
Y,0x71cac,B900,0x717b4,family_shift,low
Y,0x71cac,E700,0x70d1c,family_shift,medium
Y,0x71cac,15120,0x71364,family_shift,medium
Y,0x71cac,32000,0x748e4,family_shift,low
Fuelling - Safe Mode,0x71cd0,D400,0x71cd0,same_addr,high
Fuelling - Safe Mode,0x71cd0,E500,0x70c90,content_match,high
Fuelling - Safe Mode,0x71cd0,C500,0x70c90,content_match,high
Fuelling - Safe Mode,0x71cd0,FB00,0x717d8,family_shift,low
Fuelling - Safe Mode,0x71cd0,FC00,0x717d8,family_shift,low
Fuelling - Safe Mode,0x71cd0,B900,0x717d8,family_shift,low
Fuelling - Safe Mode,0x71cd0,E700,0x70d40,content_match,high
Fuelling - Safe Mode,0x71cd0,15120,0x71388,content_match,high
Fuelling - Safe Mode,0x71cd0,32000,0x74908,family_shift,low
Y,0x71cdc,D400,0x71cdc,same_addr,high
Y,0x71cdc,E500,0x70c9c,content_match,high
Y,0x71cdc,C500,0x70c9c,content_match,high
Y,0x71cdc,FB00,0x717bc,content_match,high
Y,0x71cdc,FC00,0x717bc,content_match,high
Y,0x71cdc,B900,0x717bc,content_match,high
Y,0x71cdc,E700,0x70d4c,content_match,high
Y,0x71cdc,15120,0x71394,content_match,high
Y,0x71cdc,32000,0x74914,family_shift,low
Fuelling 0,0x71ce0,D400,0x71ce0,same_addr,high
Fuelling 0,0x71ce0,E500,0x70ca0,content_match,high
Fuelling 0,0x71ce0,C500,0x70ca0,content_match,high
Fuelling 0,0x71ce0,FB00,0x717c0,content_match,high
Fuelling 0,0x71ce0,FC00,0x717c0,content_match,high
Fuelling 0,0x71ce0,B900,0x717c0,content_match,high
Fuelling 0,0x71ce0,E700,0x70d50,content_match,high
Fuelling 0,0x71ce0,15120,0x71398,content_match,high
Fuelling 0,0x71ce0,32000,0x74918,family_shift,low
Y,0x71ce4,D400,0x71ce4,same_addr,high
Y,0x71ce4,E500,0x70ca4,family_shift,medium
Y,0x71ce4,C500,0x70ca4,family_shift,medium
Y,0x71ce4,FB00,0x717ec,family_shift,low
Y,0x71ce4,FC00,0x717ec,family_shift,low
Y,0x71ce4,B900,0x717ec,family_shift,low
Y,0x71ce4,E700,0x70d54,family_shift,medium
Y,0x71ce4,15120,0x7139c,family_shift,medium
Y,0x71ce4,32000,0x7491c,family_shift,low
Fuelling 1,0x71d00,D400,0x71d00,same_addr,high
Fuelling 1,0x71d00,E500,0x70cc0,content_match,high
Fuelling 1,0x71d00,C500,0x70cc0,content_match,high
Fuelling 1,0x71d00,FB00,0x71808,family_shift,low
Fuelling 1,0x71d00,FC00,0x71808,family_shift,low
Fuelling 1,0x71d00,B900,0x71808,family_shift,low
Fuelling 1,0x71d00,E700,0x70d70,content_match,high
Fuelling 1,0x71d00,15120,0x713b8,content_match,high
Fuelling 1,0x71d00,32000,0x74938,family_shift,low
Y,0x71d08,D400,0x71d08,same_addr,high
Y,0x71d08,E500,0x70cc8,family_shift,medium
Y,0x71d08,C500,0x70cc8,family_shift,medium
Y,0x71d08,FB00,0x71810,family_shift,low
Y,0x71d08,FC00,0x71810,family_shift,low
Y,0x71d08,B900,0x71810,family_shift,low
Y,0x71d08,E700,0x70d78,family_shift,medium
Y,0x71d08,15120,0x713c0,family_shift,medium
Y,0x71d08,32000,0x74940,family_shift,low
Fuelling 2 - Safe Mode,0x71d2c,D400,0x71d2c,same_addr,high
Fuelling 2 - Safe Mode,0x71d2c,E500,0x70cec,content_match,high
Fuelling 2 - Safe Mode,0x71d2c,C500,0x70cec,content_match,high
Fuelling 2 - Safe Mode,0x71d2c,FB00,0x717a0,family_shift,low
Fuelling 2 - Safe Mode,0x71d2c,FC00,0x717a0,family_shift,low
Fuelling 2 - Safe Mode,0x71d2c,B900,0x717a0,family_shift,low
Fuelling 2 - Safe Mode,0x71d2c,E700,0x70d9c,content_match,high
Fuelling 2 - Safe Mode,0x71d2c,15120,0x713e4,content_match,high
Fuelling 2 - Safe Mode,0x71d2c,32000,0x74964,family_shift,low
Y,0x71d38,D400,0x71d38,same_addr,high
Y,0x71d38,E500,0x70cf8,family_shift,medium
Y,0x71d38,C500,0x70cf8,family_shift,medium
Y,0x71d38,FB00,0x717ac,family_shift,low
Y,0x71d38,FC00,0x717ac,family_shift,low
Y,0x71d38,B900,0x717ac,family_shift,low
Y,0x71d38,E700,0x70da8,family_shift,medium
Y,0x71d38,15120,0x713f0,family_shift,medium
Y,0x71d38,32000,0x74988,content_match,high
Fuelling 3,0x71d5c,D400,0x71d5c,same_addr,high
Fuelling 3,0x71d5c,E500,0x70d1c,content_match,high
Fuelling 3,0x71d5c,C500,0x70d1c,content_match,high
Fuelling 3,0x71d5c,FB00,0x717d0,family_shift,low
Fuelling 3,0x71d5c,FC00,0x717d0,family_shift,low
Fuelling 3,0x71d5c,B900,0x717d0,family_shift,low
Fuelling 3,0x71d5c,E700,0x70dcc,content_match,high
Fuelling 3,0x71d5c,15120,0x71414,content_match,high
Fuelling 3,0x71d5c,32000,0x74994,family_shift,low
Y,0x71d68,D400,0x71d68,same_addr,high
Y,0x71d68,E500,0x70d28,family_shift,medium
Y,0x71d68,C500,0x70d28,family_shift,medium
Y,0x71d68,FB00,0x717dc,family_shift,low
Y,0x71d68,FC00,0x717dc,family_shift,low
Y,0x71d68,B900,0x717dc,family_shift,low
Y,0x71d68,E700,0x70dd8,family_shift,medium
Y,0x71d68,15120,0x71420,family_shift,medium
Y,0x71d68,32000,0x749a0,family_shift,low
Fuelling 4,0x71d84,D400,0x71d84,same_addr,high
Fuelling 4,0x71d84,E500,0x70d44,content_match,high
Fuelling 4,0x71d84,C500,0x70d44,content_match,high
Fuelling 4,0x71d84,FB00,0x717f8,family_shift,low
Fuelling 4,0x71d84,FC00,0x717f8,family_shift,low
Fuelling 4,0x71d84,B900,0x717f8,family_shift,low
Fuelling 4,0x71d84,E700,0x70df4,content_match,high
Fuelling 4,0x71d84,15120,0x7143c,content_match,high
Fuelling 4,0x71d84,32000,0x749bc,family_shift,low
Y,0x71d8c,D400,0x71d8c,same_addr,high
Y,0x71d8c,E500,0x70d4c,content_match,high
Y,0x71d8c,C500,0x70d4c,content_match,high
Y,0x71d8c,FB00,0x71800,content_match,high
Y,0x71d8c,FC00,0x71800,content_match,high
Y,0x71d8c,B900,0x71800,content_match,high
Y,0x71d8c,E700,0x70dfc,content_match,high
Y,0x71d8c,15120,0x71444,content_match,high
Y,0x71d8c,32000,0x749c4,family_shift,low
Fuelling 5,0x71dd4,D400,0x71dd4,same_addr,high
Fuelling 5,0x71dd4,E500,0x70d94,family_shift,low
Fuelling 5,0x71dd4,C500,0x70d94,content_match,high
Fuelling 5,0x71dd4,FB00,0x71848,family_shift,low
Fuelling 5,0x71dd4,FC00,0x71848,family_shift,low
Fuelling 5,0x71dd4,B900,0x71848,family_shift,low
Fuelling 5,0x71dd4,E700,0x70e44,family_shift,low
Fuelling 5,0x71dd4,15120,0x7148c,content_match,high
Fuelling 5,0x71dd4,32000,0x74a0c,family_shift,low
Y,0x71de8,D400,0x71de8,same_addr,high
Y,0x71de8,E500,0x70da8,content_match,high
Y,0x71de8,C500,0x70da8,content_match,high
Y,0x71de8,FB00,0x7185c,content_match,high
Y,0x71de8,FC00,0x7185c,content_match,high
Y,0x71de8,B900,0x7185c,content_match,high
Y,0x71de8,E700,0x70e58,content_match,high
Y,0x71de8,15120,0x714a0,content_match,high
Y,0x71de8,32000,0x74a20,family_shift,low
Fuelling 6,0x71e30,D400,0x71e30,same_addr,high
Fuelling 6,0x71e30,E500,0x70df0,family_shift,low
Fuelling 6,0x71e30,C500,0x70df0,content_match,high
Fuelling 6,0x71e30,FB00,0x718a4,family_shift,low
Fuelling 6,0x71e30,FC00,0x718a4,family_shift,low
Fuelling 6,0x71e30,B900,0x718a4,family_shift,low
Fuelling 6,0x71e30,E700,0x70ea0,family_shift,low
Fuelling 6,0x71e30,15120,0x714e8,content_match,high
Fuelling 6,0x71e30,32000,0x74a68,family_shift,low
Y,0x71e44,D400,0x71e44,same_addr,high
Y,0x71e44,E500,0x70e04,content_match,high
Y,0x71e44,C500,0x70e04,content_match,high
Y,0x71e44,FB00,0x718b8,content_match,high
Y,0x71e44,FC00,0x718b8,content_match,high
Y,0x71e44,B900,0x718b8,content_match,high
Y,0x71e44,E700,0x70eb4,content_match,high
Y,0x71e44,15120,0x714fc,content_match,high
Y,0x71e44,32000,0x74a7c,family_shift,low
Fuelling 7,0x71e8c,D400,0x71e8c,same_addr,high
Fuelling 7,0x71e8c,E500,0x70e4c,family_shift,low
Fuelling 7,0x71e8c,C500,0x70e4c,content_match,high
Fuelling 7,0x71e8c,FB00,0x71900,family_shift,low
Fuelling 7,0x71e8c,FC00,0x71900,family_shift,low
Fuelling 7,0x71e8c,B900,0x71900,family_shift,low
Fuelling 7,0x71e8c,E700,0x70efc,family_shift,low
Fuelling 7,0x71e8c,15120,0x71544,content_match,high
Fuelling 7,0x71e8c,32000,0x74ac4,family_shift,low
Y,0x71ea0,D400,0x71ea0,same_addr,high
Y,0x71ea0,E500,0x70e60,content_match,high
Y,0x71ea0,C500,0x70e60,content_match,high
Y,0x71ea0,FB00,0x71914,content_match,high
Y,0x71ea0,FC00,0x71914,content_match,high
Y,0x71ea0,B900,0x71914,content_match,high
Y,0x71ea0,E700,0x70f10,content_match,high
Y,0x71ea0,15120,0x71558,family_shift,medium
Y,0x71ea0,32000,0x74ad8,family_shift,low
Table 2D - 95_,0x71ed0,D400,0x71ed0,same_addr,high
Table 2D - 95_,0x71ed0,E500,0x70e90,family_shift,low
Table 2D - 95_,0x71ed0,C500,0x70e90,content_match,high
Table 2D - 95_,0x71ed0,FB00,0x71944,family_shift,low
Table 2D - 95_,0x71ed0,FC00,0x71944,family_shift,low
Table 2D - 95_,0x71ed0,B900,0x71944,family_shift,low
Table 2D - 95_,0x71ed0,E700,0x70f40,family_shift,low
Table 2D - 95_,0x71ed0,15120,0x71588,content_match,high
Table 2D - 95_,0x71ed0,32000,0x74b08,family_shift,low
Y,0x71edc,D400,0x71edc,same_addr,high
Y,0x71edc,E500,0x70e9c,content_match,high
Y,0x71edc,C500,0x70e9c,content_match,high
Y,0x71edc,FB00,0x71950,content_match,high
Y,0x71edc,FC00,0x71950,content_match,high
Y,0x71edc,B900,0x71950,content_match,high
Y,0x71edc,E700,0x70f4c,content_match,high
Y,0x71edc,15120,0x71594,content_match,high
Y,0x71edc,32000,0x74b14,family_shift,low
Table 2D - 96_,0x71f28,D400,0x71f28,same_addr,high
Table 2D - 96_,0x71f28,E500,0x70ee8,content_match,high
Table 2D - 96_,0x71f28,C500,0x70ee8,content_match,high
Table 2D - 96_,0x71f28,FB00,0x7199c,content_match,high
Table 2D - 96_,0x71f28,FC00,0x7199c,content_match,high
Table 2D - 96_,0x71f28,B900,0x7199c,content_match,high
Table 2D - 96_,0x71f28,E700,0x70f98,content_match,high
Table 2D - 96_,0x71f28,15120,0x715e0,content_match,high
Table 2D - 96_,0x71f28,32000,0x74b60,family_shift,low
Y,0x71f3c,D400,0x71f3c,same_addr,high
Y,0x71f3c,E500,0x70efc,family_shift,medium
Y,0x71f3c,C500,0x70efc,content_match,high
Y,0x71f3c,FB00,0x719b0,content_match,high
Y,0x71f3c,FC00,0x719b0,content_match,high
Y,0x71f3c,B900,0x719b0,content_match,high
Y,0x71f3c,E700,0x70fac,family_shift,medium
Y,0x71f3c,15120,0x715f4,family_shift,medium
Y,0x71f3c,32000,0x74b74,family_shift,low
Table 2D - 97_,0x71f84,D400,0x71f84,same_addr,high
Table 2D - 97_,0x71f84,E500,0x70f44,content_match,high
Table 2D - 97_,0x71f84,C500,0x70f44,content_match,high
Table 2D - 97_,0x71f84,FB00,0x719f8,content_match,high
Table 2D - 97_,0x71f84,FC00,0x719f8,content_match,high
Table 2D - 97_,0x71f84,B900,0x719f8,content_match,high
Table 2D - 97_,0x71f84,E700,0x70ff4,content_match,high
Table 2D - 97_,0x71f84,15120,0x7163c,content_match,high
Table 2D - 97_,0x71f84,32000,0x74bbc,family_shift,low
Y,0x71f98,D400,0x71f98,same_addr,high
Y,0x71f98,E500,0x70f58,content_match,high
Y,0x71f98,C500,0x70f58,content_match,high
Y,0x71f98,FB00,0x71a0c,content_match,high
Y,0x71f98,FC00,0x71a0c,content_match,high
Y,0x71f98,B900,0x71a0c,content_match,high
Y,0x71f98,E700,0x71008,content_match,high
Y,0x71f98,15120,0x71650,content_match,high
Y,0x71f98,32000,0x74bd0,family_shift,low
Table 2D - 98_,0x71f9c,D400,0x71f9c,same_addr,high
Table 2D - 98_,0x71f9c,E500,0x70f5c,content_match,high
Table 2D - 98_,0x71f9c,C500,0x70f5c,content_match,high
Table 2D - 98_,0x71f9c,FB00,0x71a10,content_match,high
Table 2D - 98_,0x71f9c,FC00,0x71a10,content_match,high
Table 2D - 98_,0x71f9c,B900,0x71a10,content_match,high
Table 2D - 98_,0x71f9c,E700,0x7100c,content_match,high
Table 2D - 98_,0x71f9c,15120,0x71654,content_match,high
Table 2D - 98_,0x71f9c,32000,0x74b9c,family_shift,low
Y,0x71fa0,D400,0x71fa0,same_addr,high
Y,0x71fa0,E500,0x70f60,family_shift,medium
Y,0x71fa0,C500,0x70f60,content_match,high
Y,0x71fa0,FB00,0x71a14,content_match,high
Y,0x71fa0,FC00,0x71a14,content_match,high
Y,0x71fa0,B900,0x71a14,content_match,high
Y,0x71fa0,E700,0x71010,family_shift,medium
Y,0x71fa0,15120,0x71658,family_shift,medium
Y,0x71fa0,32000,0x74ba0,family_shift,low
Table 2D - 99_,0x71fe8,D400,0x71fe8,same_addr,high
Table 2D - 99_,0x71fe8,E500,0x70fa8,content_match,high
Table 2D - 99_,0x71fe8,C500,0x70fa8,content_match,high
Table 2D - 99_,0x71fe8,FB00,0x71a5c,content_match,high
Table 2D - 99_,0x71fe8,FC00,0x71a5c,content_match,high
Table 2D - 99_,0x71fe8,B900,0x71a5c,content_match,high
Table 2D - 99_,0x71fe8,E700,0x71058,family_shift,medium
Table 2D - 99_,0x71fe8,15120,0x716a0,content_match,high
Table 2D - 99_,0x71fe8,32000,0x74be8,family_shift,low
Y,0x71ffc,D400,0x71ffc,same_addr,high
Y,0x71ffc,E500,0x70fbc,content_match,high
Y,0x71ffc,C500,0x70fbc,content_match,high
Y,0x71ffc,FB00,0x71a70,content_match,high
Y,0x71ffc,FC00,0x71a70,content_match,high
Y,0x71ffc,B900,0x71a70,content_match,high
Y,0x71ffc,E700,0x7106c,content_match,high
Y,0x71ffc,15120,0x716b4,content_match,high
Y,0x71ffc,32000,0x74afc,family_shift,low
Table 2D - 100_,0x72000,D400,0x72000,same_addr,high
Table 2D - 100_,0x72000,E500,0x70fc0,content_match,high
Table 2D - 100_,0x72000,C500,0x70fc0,content_match,high
Table 2D - 100_,0x72000,FB00,0x71a74,content_match,high
Table 2D - 100_,0x72000,FC00,0x71a74,content_match,high
Table 2D - 100_,0x72000,B900,0x71a74,content_match,high
Table 2D - 100_,0x72000,E700,0x71070,content_match,high
Table 2D - 100_,0x72000,15120,0x716b8,content_match,high
Table 2D - 100_,0x72000,32000,0x74b00,family_shift,low
Y,0x72004,D400,0x72004,same_addr,high
Y,0x72004,E500,0x70fc4,family_shift,medium
Y,0x72004,C500,0x70fc4,content_match,high
Y,0x72004,FB00,0x71a78,content_match,high
Y,0x72004,FC00,0x71a78,content_match,high
Y,0x72004,B900,0x71a78,content_match,high
Y,0x72004,E700,0x71074,family_shift,medium
Y,0x72004,15120,0x716bc,family_shift,medium
Y,0x72004,32000,0x74b04,family_shift,low
Table 2D - 101_,0x7204c,D400,0x7204c,same_addr,high
Table 2D - 101_,0x7204c,E500,0x7100c,content_match,high
Table 2D - 101_,0x7204c,C500,0x7100c,content_match,high
Table 2D - 101_,0x7204c,FB00,0x71ac0,content_match,high
Table 2D - 101_,0x7204c,FC00,0x71ac0,content_match,high
Table 2D - 101_,0x7204c,B900,0x71ac0,content_match,high
Table 2D - 101_,0x7204c,E700,0x710bc,family_shift,medium
Table 2D - 101_,0x7204c,15120,0x71704,content_match,high
Table 2D - 101_,0x7204c,32000,0x74b04,family_shift,low
Y,0x72060,D400,0x72060,same_addr,high
Y,0x72060,E500,0x71020,content_match,high
Y,0x72060,C500,0x71020,content_match,high
Y,0x72060,FB00,0x71ad4,content_match,high
Y,0x72060,FC00,0x71ad4,content_match,high
Y,0x72060,B900,0x71ad4,content_match,high
Y,0x72060,E700,0x710d0,content_match,high
Y,0x72060,15120,0x71718,content_match,high
Y,0x72060,32000,0x74b18,family_shift,low
Table 2D - 102_,0x72064,D400,0x72064,same_addr,high
Table 2D - 102_,0x72064,E500,0x71024,content_match,high
Table 2D - 102_,0x72064,C500,0x71024,content_match,high
Table 2D - 102_,0x72064,FB00,0x71ad8,content_match,high
Table 2D - 102_,0x72064,FC00,0x71ad8,content_match,high
Table 2D - 102_,0x72064,B900,0x71ad8,content_match,high
Table 2D - 102_,0x72064,E700,0x710d4,content_match,high
Table 2D - 102_,0x72064,15120,0x7171c,content_match,high
Table 2D - 102_,0x72064,32000,0x74b1c,family_shift,low
Y,0x72068,D400,0x72068,same_addr,high
Y,0x72068,E500,0x71028,family_shift,medium
Y,0x72068,C500,0x71028,family_shift,medium
Y,0x72068,FB00,0x71adc,family_shift,medium
Y,0x72068,FC00,0x71adc,family_shift,medium
Y,0x72068,B900,0x71adc,family_shift,medium
Y,0x72068,E700,0x710d8,family_shift,medium
Y,0x72068,15120,0x71720,family_shift,medium
Y,0x72068,32000,0x74b20,family_shift,low
Fuelling 8,0x72084,D400,0x72084,same_addr,high
Fuelling 8,0x72084,E500,0x71044,content_match,high
Fuelling 8,0x72084,C500,0x71044,content_match,high
Fuelling 8,0x72084,FB00,0x71af8,family_shift,low
Fuelling 8,0x72084,FC00,0x71af8,family_shift,low
Fuelling 8,0x72084,B900,0x71af8,family_shift,low
Fuelling 8,0x72084,E700,0x710f4,family_shift,low
Fuelling 8,0x72084,15120,0x7173c,content_match,high
Fuelling 8,0x72084,32000,0x75740,family_shift,low
Y,0x7208c,D400,0x7208c,same_addr,high
Y,0x7208c,E500,0x7104c,content_match,high
Y,0x7208c,C500,0x7104c,content_match,high
Y,0x7208c,FB00,0x71b00,family_shift,medium
Y,0x7208c,FC00,0x71b00,family_shift,medium
Y,0x7208c,B900,0x71b00,family_shift,medium
Y,0x7208c,E700,0x710fc,content_match,high
Y,0x7208c,15120,0x71744,family_shift,medium
Y,0x7208c,32000,0x75748,family_shift,low
Table 2D - 320 Check DataType,0x720bc,D400,0x720bc,same_addr,high
Table 2D - 320 Check DataType,0x720bc,E500,0x7107c,family_shift,low
Table 2D - 320 Check DataType,0x720bc,C500,0x7107c,content_match,high
Table 2D - 320 Check DataType,0x720bc,FB00,0x71b30,family_shift,low
Table 2D - 320 Check DataType,0x720bc,FC00,0x71b30,family_shift,low
Table 2D - 320 Check DataType,0x720bc,B900,0x71b30,family_shift,low
Table 2D - 320 Check DataType,0x720bc,E700,0x7112c,family_shift,low
Table 2D - 320 Check DataType,0x720bc,15120,0x71774,content_match,high
Table 2D - 320 Check DataType,0x720bc,32000,0x74b14,family_shift,low
Y,0x720d4,D400,0x720d4,same_addr,high
Y,0x720d4,E500,0x71094,content_match,high
Y,0x720d4,C500,0x71094,content_match,high
Y,0x720d4,FB00,0x71b48,family_shift,medium
Y,0x720d4,FC00,0x71b48,family_shift,medium
Y,0x720d4,B900,0x71b48,family_shift,medium
Y,0x720d4,E700,0x71144,content_match,high
Y,0x720d4,15120,0x7178c,content_match,high
Y,0x720d4,32000,0x74b2c,family_shift,low
Table 2D - 321 Check DataType,0x720d8,D400,0x720d8,same_addr,high
Table 2D - 321 Check DataType,0x720d8,E500,0x71098,content_match,high
Table 2D - 321 Check DataType,0x720d8,C500,0x71098,content_match,high
Table 2D - 321 Check DataType,0x720d8,FB00,0x71b4c,family_shift,medium
Table 2D - 321 Check DataType,0x720d8,FC00,0x71b4c,family_shift,medium
Table 2D - 321 Check DataType,0x720d8,B900,0x71b4c,family_shift,medium
Table 2D - 321 Check DataType,0x720d8,E700,0x71148,content_match,high
Table 2D - 321 Check DataType,0x720d8,15120,0x71790,content_match,high
Table 2D - 321 Check DataType,0x720d8,32000,0x74b30,family_shift,low
Y,0x720dc,D400,0x720dc,same_addr,high
Y,0x720dc,E500,0x7109c,content_match,high
Y,0x720dc,C500,0x7109c,content_match,high
Y,0x720dc,FB00,0x71b50,family_shift,low
Y,0x720dc,FC00,0x71b50,family_shift,low
Y,0x720dc,B900,0x71b50,family_shift,low
Y,0x720dc,E700,0x7114c,content_match,high
Y,0x720dc,15120,0x71794,family_shift,medium
Y,0x720dc,32000,0x74b34,family_shift,low
Table 2D - 322 Check DataType,0x7210c,D400,0x7210c,same_addr,high
Table 2D - 322 Check DataType,0x7210c,E500,0x710cc,family_shift,medium
Table 2D - 322 Check DataType,0x7210c,C500,0x710cc,family_shift,medium
Table 2D - 322 Check DataType,0x7210c,FB00,0x71b80,family_shift,low
Table 2D - 322 Check DataType,0x7210c,FC00,0x71b80,family_shift,low
Table 2D - 322 Check DataType,0x7210c,B900,0x71b80,family_shift,low
Table 2D - 322 Check DataType,0x7210c,E700,0x7117c,family_shift,medium
Table 2D - 322 Check DataType,0x7210c,15120,0x717c4,family_shift,medium
Table 2D - 322 Check DataType,0x7210c,32000,0x74b04,family_shift,low
Y,0x72124,D400,0x72124,same_addr,high
Y,0x72124,E500,0x710e4,content_match,high
Y,0x72124,C500,0x710e4,content_match,high
Y,0x72124,FB00,0x71b98,family_shift,low
Y,0x72124,FC00,0x71b98,family_shift,low
Y,0x72124,B900,0x71b98,family_shift,low
Y,0x72124,E700,0x71194,content_match,high
Y,0x72124,15120,0x717dc,family_shift,medium
Y,0x72124,32000,0x74b1c,family_shift,low
Table 2D - 323 Check DataType,0x72154,D400,0x72154,same_addr,high
Table 2D - 323 Check DataType,0x72154,E500,0x71114,family_shift,medium
Table 2D - 323 Check DataType,0x72154,C500,0x71114,family_shift,medium
Table 2D - 323 Check DataType,0x72154,FB00,0x71bc8,family_shift,medium
Table 2D - 323 Check DataType,0x72154,FC00,0x71bc8,family_shift,medium
Table 2D - 323 Check DataType,0x72154,B900,0x71bc8,family_shift,medium
Table 2D - 323 Check DataType,0x72154,E700,0x711c4,family_shift,medium
Table 2D - 323 Check DataType,0x72154,15120,0x7180c,family_shift,medium
Table 2D - 323 Check DataType,0x72154,32000,0x75750,family_shift,low
Y,0x7216c,D400,0x7216c,same_addr,high
Y,0x7216c,E500,0x7112c,content_match,high
Y,0x7216c,C500,0x7112c,content_match,high
Y,0x7216c,FB00,0x71be0,content_match,high
Y,0x7216c,FC00,0x71be0,content_match,high
Y,0x7216c,B900,0x71be0,content_match,high
Y,0x7216c,E700,0x711dc,content_match,high
Y,0x7216c,15120,0x71824,content_match,high
Y,0x7216c,32000,0x75768,family_shift,low
Table 2D - 324 Check DataType,0x72188,D400,0x72188,same_addr,high
Table 2D - 324 Check DataType,0x72188,E500,0x71148,content_match,high
Table 2D - 324 Check DataType,0x72188,C500,0x71148,content_match,high
Table 2D - 324 Check DataType,0x72188,FB00,0x71bfc,content_match,high
Table 2D - 324 Check DataType,0x72188,FC00,0x71bfc,content_match,high
Table 2D - 324 Check DataType,0x72188,B900,0x71bfc,content_match,high
Table 2D - 324 Check DataType,0x72188,E700,0x711f8,content_match,high
Table 2D - 324 Check DataType,0x72188,15120,0x71840,content_match,high
Table 2D - 324 Check DataType,0x72188,32000,0x74cac,family_shift,low
Y,0x72198,D400,0x72198,same_addr,high
Y,0x72198,E500,0x71158,content_match,high
Y,0x72198,C500,0x71158,content_match,high
Y,0x72198,FB00,0x71c0c,content_match,high
Y,0x72198,FC00,0x71c0c,content_match,high
Y,0x72198,B900,0x71c0c,content_match,high
Y,0x72198,E700,0x71208,content_match,high
Y,0x72198,15120,0x71850,content_match,high
Y,0x72198,32000,0x74cbc,family_shift,low
Table 2D - 325 Check DataType,0x721b4,D400,0x721b4,same_addr,high
Table 2D - 325 Check DataType,0x721b4,E500,0x71174,content_match,high
Table 2D - 325 Check DataType,0x721b4,C500,0x71174,content_match,high
Table 2D - 325 Check DataType,0x721b4,FB00,0x71c28,content_match,high
Table 2D - 325 Check DataType,0x721b4,FC00,0x71c28,content_match,high
Table 2D - 325 Check DataType,0x721b4,B900,0x71c28,content_match,high
Table 2D - 325 Check DataType,0x721b4,E700,0x71224,content_match,high
Table 2D - 325 Check DataType,0x721b4,15120,0x7186c,content_match,high
Table 2D - 325 Check DataType,0x721b4,32000,0x74cd8,family_shift,low
Y,0x721c4,D400,0x721c4,same_addr,high
Y,0x721c4,E500,0x71184,family_shift,medium
Y,0x721c4,C500,0x71184,family_shift,medium
Y,0x721c4,FB00,0x71c38,family_shift,medium
Y,0x721c4,FC00,0x71c38,family_shift,medium
Y,0x721c4,B900,0x71c38,family_shift,medium
Y,0x721c4,E700,0x71234,family_shift,medium
Y,0x721c4,15120,0x7187c,family_shift,medium
Y,0x721c4,32000,0x74ce8,family_shift,low
Table 2D - 326 Check DataType,0x721d8,D400,0x721d8,same_addr,high
Table 2D - 326 Check DataType,0x721d8,E500,0x71198,content_match,high
Table 2D - 326 Check DataType,0x721d8,C500,0x71198,content_match,high
Table 2D - 326 Check DataType,0x721d8,FB00,0x71c4c,content_match,high
Table 2D - 326 Check DataType,0x721d8,FC00,0x71c4c,content_match,high
Table 2D - 326 Check DataType,0x721d8,B900,0x71c4c,content_match,high
Table 2D - 326 Check DataType,0x721d8,E700,0x71248,content_match,high
Table 2D - 326 Check DataType,0x721d8,15120,0x71890,content_match,high
Table 2D - 326 Check DataType,0x721d8,32000,0x74cfc,family_shift,low
Y,0x721e4,D400,0x721e4,same_addr,high
Y,0x721e4,E500,0x711a4,family_shift,medium
Y,0x721e4,C500,0x711a4,family_shift,medium
Y,0x721e4,FB00,0x71c58,family_shift,medium
Y,0x721e4,FC00,0x71c58,family_shift,medium
Y,0x721e4,B900,0x71c58,family_shift,medium
Y,0x721e4,E700,0x71254,family_shift,medium
Y,0x721e4,15120,0x7189c,family_shift,medium
Y,0x721e4,32000,0x74d08,family_shift,low
Table 2D - 327 Check DataType,0x72200,D400,0x72200,same_addr,high
Table 2D - 327 Check DataType,0x72200,E500,0x711c0,content_match,high
Table 2D - 327 Check DataType,0x72200,C500,0x711c0,content_match,high
Table 2D - 327 Check DataType,0x72200,FB00,0x71c74,content_match,high
Table 2D - 327 Check DataType,0x72200,FC00,0x71c74,content_match,high
Table 2D - 327 Check DataType,0x72200,B900,0x71c74,content_match,high
Table 2D - 327 Check DataType,0x72200,E700,0x71270,content_match,high
Table 2D - 327 Check DataType,0x72200,15120,0x718b8,content_match,high
Table 2D - 327 Check DataType,0x72200,32000,0x74d24,family_shift,low
Y,0x72210,D400,0x72210,same_addr,high
Y,0x72210,E500,0x711d0,family_shift,medium
Y,0x72210,C500,0x711d0,family_shift,medium
Y,0x72210,FB00,0x71c84,family_shift,medium
Y,0x72210,FC00,0x71c84,family_shift,medium
Y,0x72210,B900,0x71c84,family_shift,medium
Y,0x72210,E700,0x71280,family_shift,medium
Y,0x72210,15120,0x718c8,family_shift,medium
Y,0x72210,32000,0x74d34,family_shift,low
Table 2D - 328 Check DataType,0x7222c,D400,0x7222c,same_addr,high
Table 2D - 328 Check DataType,0x7222c,E500,0x711ec,content_match,high
Table 2D - 328 Check DataType,0x7222c,C500,0x711ec,content_match,high
Table 2D - 328 Check DataType,0x7222c,FB00,0x71ca0,content_match,high
Table 2D - 328 Check DataType,0x7222c,FC00,0x71ca0,content_match,high
Table 2D - 328 Check DataType,0x7222c,B900,0x71ca0,content_match,high
Table 2D - 328 Check DataType,0x7222c,E700,0x7129c,content_match,high
Table 2D - 328 Check DataType,0x7222c,15120,0x718e4,content_match,high
Table 2D - 328 Check DataType,0x7222c,32000,0x74d50,family_shift,low
X,0x7223c,D400,0x7223c,same_addr,high
X,0x7223c,E500,0x711fc,content_match,high
X,0x7223c,C500,0x711fc,content_match,high
X,0x7223c,FB00,0x71cb0,content_match,high
X,0x7223c,FC00,0x71cb0,content_match,high
X,0x7223c,B900,0x71cb0,content_match,high
X,0x7223c,E700,0x712ac,content_match,high
X,0x7223c,15120,0x718f4,content_match,high
X,0x7223c,32000,0x74d60,family_shift,low
Y,0x7226c,D400,0x7226c,same_addr,high
Y,0x7226c,E500,0x7122c,family_shift,medium
Y,0x7226c,C500,0x7122c,family_shift,medium
Y,0x7226c,FB00,0x71ce0,family_shift,medium
Y,0x7226c,FC00,0x71ce0,family_shift,medium
Y,0x7226c,B900,0x71ce0,family_shift,medium
Y,0x7226c,E700,0x712dc,family_shift,medium
Y,0x7226c,15120,0x71924,family_shift,medium
Y,0x7226c,32000,0x7af0c,family_shift,low
Fuelling 9 - Safe Mode,0x7228c,D400,0x7228c,same_addr,high
Fuelling 9 - Safe Mode,0x7228c,E500,0x7124c,family_shift,medium
Fuelling 9 - Safe Mode,0x7228c,C500,0x7124c,family_shift,medium
Fuelling 9 - Safe Mode,0x7228c,FB00,0x71d00,family_shift,medium
Fuelling 9 - Safe Mode,0x7228c,FC00,0x71d00,family_shift,medium
Fuelling 9 - Safe Mode,0x7228c,B900,0x71d00,family_shift,medium
Fuelling 9 - Safe Mode,0x7228c,E700,0x712fc,family_shift,medium
Fuelling 9 - Safe Mode,0x7228c,15120,0x71944,family_shift,medium
Fuelling 9 - Safe Mode,0x7228c,32000,0x7af2c,family_shift,low
X,0x722ec,D400,0x722ec,same_addr,high
X,0x722ec,E500,0x712ac,content_match,high
X,0x722ec,C500,0x712ac,content_match,high
X,0x722ec,FB00,0x71d60,content_match,high
X,0x722ec,FC00,0x71d60,content_match,high
X,0x722ec,B900,0x71d60,content_match,high
X,0x722ec,E700,0x7135c,content_match,high
X,0x722ec,15120,0x719a4,content_match,high
X,0x722ec,32000,0x7bd80,content_match,high
Y,0x72340,D400,0x72340,same_addr,high
Y,0x72340,E500,0x71300,content_match,high
Y,0x72340,C500,0x71300,content_match,high
Y,0x72340,FB00,0x71db4,content_match,high
Y,0x72340,FC00,0x71db4,content_match,high
Y,0x72340,B900,0x71db4,content_match,high
Y,0x72340,E700,0x713b0,content_match,high
Y,0x72340,15120,0x719f8,content_match,high
Y,0x72340,32000,0x7bdd4,family_shift,low
Fuelling 10 - Safe Mode,0x7238c,D400,0x7238c,same_addr,high
Fuelling 10 - Safe Mode,0x7238c,E500,0x7134c,family_shift,low
Fuelling 10 - Safe Mode,0x7238c,C500,0x7134c,content_match,high
Fuelling 10 - Safe Mode,0x7238c,FB00,0x71e00,family_shift,low
Fuelling 10 - Safe Mode,0x7238c,FC00,0x71e00,family_shift,low
Fuelling 10 - Safe Mode,0x7238c,B900,0x71e00,family_shift,low
Fuelling 10 - Safe Mode,0x7238c,E700,0x713fc,family_shift,low
Fuelling 10 - Safe Mode,0x7238c,15120,0x71a44,content_match,high
Fuelling 10 - Safe Mode,0x7238c,32000,0x7be20,family_shift,low
X,0x7251c,D400,0x7251c,same_addr,high
X,0x7251c,E500,0x714dc,content_match,high
X,0x7251c,C500,0x714dc,content_match,high
X,0x7251c,FB00,0x71f90,content_match,high
X,0x7251c,FC00,0x71f90,content_match,high
X,0x7251c,B900,0x71f90,content_match,high
X,0x7251c,E700,0x7158c,content_match,high
X,0x7251c,15120,0x71bd4,content_match,high
X,0x7251c,32000,0x74754,family_shift,low
Y,0x72520,D400,0x72520,same_addr,high
Y,0x72520,E500,0x714e0,content_match,high
Y,0x72520,C500,0x714e0,content_match,high
Y,0x72520,FB00,0x71f94,content_match,high
Y,0x72520,FC00,0x71f94,content_match,high
Y,0x72520,B900,0x71f94,content_match,high
Y,0x72520,E700,0x71590,content_match,high
Y,0x72520,15120,0x71bd8,content_match,high
Y,0x72520,32000,0x74758,family_shift,low
Fuelling 11,0x72524,D400,0x72524,same_addr,high
Fuelling 11,0x72524,E500,0x714e4,content_match,high
Fuelling 11,0x72524,C500,0x714e4,content_match,high
Fuelling 11,0x72524,FB00,0x71f98,content_match,high
Fuelling 11,0x72524,FC00,0x71f98,content_match,high
Fuelling 11,0x72524,B900,0x71f98,content_match,high
Fuelling 11,0x72524,E700,0x71594,content_match,high
Fuelling 11,0x72524,15120,0x71bdc,content_match,high
Fuelling 11,0x72524,32000,0x7475c,family_shift,low
X,0x72528,D400,0x72528,same_addr,high
X,0x72528,E500,0x714e8,content_match,high
X,0x72528,C500,0x714e8,content_match,high
X,0x72528,FB00,0x71f9c,content_match,high
X,0x72528,FC00,0x71f9c,content_match,high
X,0x72528,B900,0x71f9c,content_match,high
X,0x72528,E700,0x71598,content_match,high
X,0x72528,15120,0x71be0,content_match,high
X,0x72528,32000,0x74760,family_shift,low
Y,0x7252c,D400,0x7252c,same_addr,high
Y,0x7252c,E500,0x714ec,content_match,high
Y,0x7252c,C500,0x714ec,content_match,high
Y,0x7252c,FB00,0x71fa0,content_match,high
Y,0x7252c,FC00,0x71fa0,content_match,high
Y,0x7252c,B900,0x71fa0,content_match,high
Y,0x7252c,E700,0x7159c,content_match,high
Y,0x7252c,15120,0x71be4,content_match,high
Y,0x7252c,32000,0x74764,family_shift,low
Fuelling 12,0x72530,D400,0x72530,same_addr,high
Fuelling 12,0x72530,E500,0x714f0,content_match,high
Fuelling 12,0x72530,C500,0x714f0,content_match,high
Fuelling 12,0x72530,FB00,0x71fa4,content_match,high
Fuelling 12,0x72530,FC00,0x71fa4,content_match,high
Fuelling 12,0x72530,B900,0x71fa4,content_match,high
Fuelling 12,0x72530,E700,0x715a0,content_match,high
Fuelling 12,0x72530,15120,0x71be8,content_match,high
Fuelling 12,0x72530,32000,0x74768,family_shift,low
X,0x72534,D400,0x72534,same_addr,high
X,0x72534,E500,0x714f4,content_match,high
X,0x72534,C500,0x714f4,content_match,high
X,0x72534,FB00,0x71fa8,content_match,high
X,0x72534,FC00,0x71fa8,content_match,high
X,0x72534,B900,0x71fa8,content_match,high
X,0x72534,E700,0x715a4,content_match,high
X,0x72534,15120,0x71bec,content_match,high
X,0x72534,32000,0x7476c,family_shift,low
Y,0x72564,D400,0x72564,same_addr,high
Y,0x72564,E500,0x71524,family_shift,medium
Y,0x72564,C500,0x71524,family_shift,medium
Y,0x72564,FB00,0x71fd8,family_shift,medium
Y,0x72564,FC00,0x71fd8,family_shift,medium
Y,0x72564,B900,0x71fd8,family_shift,medium
Y,0x72564,E700,0x715d4,family_shift,medium
Y,0x72564,15120,0x71c1c,family_shift,medium
Y,0x72564,32000,0x7479c,family_shift,low
Fuelling 13 - Safe Mode,0x72584,D400,0x72584,same_addr,high
Fuelling 13 - Safe Mode,0x72584,E500,0x71544,family_shift,medium
Fuelling 13 - Safe Mode,0x72584,C500,0x71544,family_shift,medium
Fuelling 13 - Safe Mode,0x72584,FB00,0x71ff8,family_shift,medium
Fuelling 13 - Safe Mode,0x72584,FC00,0x71ff8,family_shift,medium
Fuelling 13 - Safe Mode,0x72584,B900,0x71ff8,family_shift,medium
Fuelling 13 - Safe Mode,0x72584,E700,0x715f4,family_shift,medium
Fuelling 13 - Safe Mode,0x72584,15120,0x71c3c,family_shift,medium
Fuelling 13 - Safe Mode,0x72584,32000,0x747bc,family_shift,low
X,0x725e4,D400,0x725e4,same_addr,high
X,0x725e4,E500,0x715a4,content_match,high
X,0x725e4,C500,0x715a4,content_match,high
X,0x725e4,FB00,0x72058,content_match,high
X,0x725e4,FC00,0x72058,content_match,high
X,0x725e4,B900,0x72058,content_match,high
X,0x725e4,E700,0x71654,content_match,high
X,0x725e4,15120,0x71c9c,content_match,high
X,0x725e4,32000,0x7bd80,content_match,high
Y,0x72638,D400,0x72638,same_addr,high
Y,0x72638,E500,0x715f8,content_match,high
Y,0x72638,C500,0x715f8,content_match,high
Y,0x72638,FB00,0x720ac,content_match,high
Y,0x72638,FC00,0x720ac,content_match,high
Y,0x72638,B900,0x720ac,content_match,high
Y,0x72638,E700,0x716a8,content_match,high
Y,0x72638,15120,0x71cf0,content_match,high
Y,0x72638,32000,0x74870,family_shift,low
Fuelling 14 - Safe mode,0x72684,D400,0x72684,same_addr,high
Fuelling 14 - Safe mode,0x72684,E500,0x71644,family_shift,low
Fuelling 14 - Safe mode,0x72684,C500,0x71644,content_match,high
Fuelling 14 - Safe mode,0x72684,FB00,0x720f8,family_shift,low
Fuelling 14 - Safe mode,0x72684,FC00,0x720f8,family_shift,low
Fuelling 14 - Safe mode,0x72684,B900,0x720f8,family_shift,low
Fuelling 14 - Safe mode,0x72684,E700,0x716f4,family_shift,low
Fuelling 14 - Safe mode,0x72684,15120,0x71d3c,content_match,high
Fuelling 14 - Safe mode,0x72684,32000,0x748bc,family_shift,low
X,0x72814,D400,0x72814,same_addr,high
X,0x72814,E500,0x717d4,content_match,high
X,0x72814,C500,0x717d4,content_match,high
X,0x72814,FB00,0x72288,content_match,high
X,0x72814,FC00,0x72288,content_match,high
X,0x72814,B900,0x72288,content_match,high
X,0x72814,E700,0x71884,content_match,high
X,0x72814,15120,0x71ecc,content_match,high
X,0x72814,32000,0x74964,content_match,high
Y,0x72844,D400,0x72844,same_addr,high
Y,0x72844,E500,0x71804,family_shift,medium
Y,0x72844,C500,0x71804,family_shift,medium
Y,0x72844,FB00,0x722b8,family_shift,medium
Y,0x72844,FC00,0x722b8,family_shift,medium
Y,0x72844,B900,0x722b8,family_shift,medium
Y,0x72844,E700,0x718b4,family_shift,medium
Y,0x72844,15120,0x71efc,family_shift,medium
Y,0x72844,32000,0x74974,family_shift,low
Fuelling 15,0x72864,D400,0x72864,same_addr,high
Fuelling 15,0x72864,E500,0x71824,family_shift,medium
Fuelling 15,0x72864,C500,0x71824,family_shift,medium
Fuelling 15,0x72864,FB00,0x722d8,family_shift,medium
Fuelling 15,0x72864,FC00,0x722d8,family_shift,medium
Fuelling 15,0x72864,B900,0x722d8,family_shift,medium
Fuelling 15,0x72864,E700,0x718d4,family_shift,medium
Fuelling 15,0x72864,15120,0x71f1c,family_shift,medium
Fuelling 15,0x72864,32000,0x74994,family_shift,low
X,0x728c4,D400,0x728c4,same_addr,high
X,0x728c4,E500,0x71884,content_match,high
X,0x728c4,C500,0x71884,content_match,high
X,0x728c4,FB00,0x72338,content_match,high
X,0x728c4,FC00,0x72338,content_match,high
X,0x728c4,B900,0x72338,content_match,high
X,0x728c4,E700,0x71934,content_match,high
X,0x728c4,15120,0x72084,family_shift,low
X,0x728c4,32000,0x7bd80,content_match,high
Y,0x72918,D400,0x72918,same_addr,high
Y,0x72918,E500,0x718d8,content_match,high
Y,0x72918,C500,0x718d8,content_match,high
Y,0x72918,FB00,0x7238c,content_match,high
Y,0x72918,FC00,0x7238c,content_match,high
Y,0x72918,B900,0x7238c,content_match,high
Y,0x72918,E700,0x71988,content_match,high
Y,0x72918,15120,0x720d8,family_shift,low
Y,0x72918,32000,0x74a48,family_shift,low
Fuelling 16,0x72964,D400,0x72964,same_addr,high
Fuelling 16,0x72964,E500,0x71924,family_shift,low
Fuelling 16,0x72964,C500,0x71924,content_match,high
Fuelling 16,0x72964,FB00,0x723d8,family_shift,low
Fuelling 16,0x72964,FC00,0x723d8,family_shift,low
Fuelling 16,0x72964,B900,0x723d8,family_shift,low
Fuelling 16,0x72964,E700,0x719d4,family_shift,low
Fuelling 16,0x72964,15120,0x72124,family_shift,low
Fuelling 16,0x72964,32000,0x74a94,family_shift,low
Y,0x72b38,D400,0x72b38,same_addr,high
Y,0x72b38,E500,0x71af8,content_match,high
Y,0x72b38,C500,0x71af8,content_match,high
Y,0x72b38,FB00,0x725ac,content_match,high
Y,0x72b38,FC00,0x725ac,content_match,high
Y,0x72b38,B900,0x725ac,content_match,high
Y,0x72b38,E700,0x71ba8,content_match,high
Y,0x72b38,15120,0x722f8,family_shift,low
Y,0x72b38,32000,0x74c68,family_shift,low
Table 2D - 329 Check DataType,0x72b64,D400,0x72b64,same_addr,high
Table 2D - 329 Check DataType,0x72b64,E500,0x71b24,content_match,high
Table 2D - 329 Check DataType,0x72b64,C500,0x71b24,content_match,high
Table 2D - 329 Check DataType,0x72b64,FB00,0x725d8,content_match,high
Table 2D - 329 Check DataType,0x72b64,FC00,0x725d8,content_match,high
Table 2D - 329 Check DataType,0x72b64,B900,0x725d8,content_match,high
Table 2D - 329 Check DataType,0x72b64,E700,0x71bd4,content_match,high
Table 2D - 329 Check DataType,0x72b64,15120,0x7221c,content_match,high
Table 2D - 329 Check DataType,0x72b64,32000,0x74e08,content_match,high
Y,0x72bfc,D400,0x72bfc,same_addr,high
Y,0x72bfc,E500,0x71bbc,content_match,high
Y,0x72bfc,C500,0x71bbc,content_match,high
Y,0x72bfc,FB00,0x72670,content_match,high
Y,0x72bfc,FC00,0x72670,content_match,high
Y,0x72bfc,B900,0x72670,content_match,high
Y,0x72bfc,E700,0x71c6c,content_match,high
Y,0x72bfc,15120,0x723b4,content_match,high
Y,0x72bfc,32000,0x74d2c,family_shift,low
Table 2D - 104_,0x72c20,D400,0x72c20,same_addr,high
Table 2D - 104_,0x72c20,E500,0x71be0,content_match,high
Table 2D - 104_,0x72c20,C500,0x71be0,content_match,high
Table 2D - 104_,0x72c20,FB00,0x72694,content_match,high
Table 2D - 104_,0x72c20,FC00,0x72694,content_match,high
Table 2D - 104_,0x72c20,B900,0x72694,content_match,high
Table 2D - 104_,0x72c20,E700,0x71c90,content_match,high
Table 2D - 104_,0x72c20,15120,0x723d8,content_match,high
Table 2D - 104_,0x72c20,32000,0x74d50,family_shift,low
Y,0x72c2c,D400,0x72c2c,same_addr,high
Y,0x72c2c,E500,0x71bec,content_match,high
Y,0x72c2c,C500,0x71bec,content_match,high
Y,0x72c2c,FB00,0x726a0,content_match,high
Y,0x72c2c,FC00,0x726a0,content_match,high
Y,0x72c2c,B900,0x726a0,content_match,high
Y,0x72c2c,E700,0x71c9c,content_match,high
Y,0x72c2c,15120,0x723e4,content_match,high
Y,0x72c2c,32000,0x74d5c,family_shift,low
Table 2D - 105_,0x72c50,D400,0x72c50,same_addr,high
Table 2D - 105_,0x72c50,E500,0x71c10,content_match,high
Table 2D - 105_,0x72c50,C500,0x71c10,content_match,high
Table 2D - 105_,0x72c50,FB00,0x726c4,content_match,high
Table 2D - 105_,0x72c50,FC00,0x726c4,content_match,high
Table 2D - 105_,0x72c50,B900,0x726c4,content_match,high
Table 2D - 105_,0x72c50,E700,0x71cc0,content_match,high
Table 2D - 105_,0x72c50,15120,0x72410,family_shift,medium
Table 2D - 105_,0x72c50,32000,0x74d80,family_shift,low
Y,0x72c88,D400,0x72c88,same_addr,high
Y,0x72c88,E500,0x71c48,content_match,high
Y,0x72c88,C500,0x71c48,content_match,high
Y,0x72c88,FB00,0x726fc,content_match,high
Y,0x72c88,FC00,0x726fc,content_match,high
Y,0x72c88,B900,0x726fc,content_match,high
Y,0x72c88,E700,0x71cf8,content_match,high
Y,0x72c88,15120,0x72448,content_match,high
Y,0x72c88,32000,0x74db8,family_shift,low
Table 2D - 106_,0x72cac,D400,0x72cac,same_addr,high
Table 2D - 106_,0x72cac,E500,0x71c6c,content_match,high
Table 2D - 106_,0x72cac,C500,0x71c6c,content_match,high
Table 2D - 106_,0x72cac,FB00,0x72720,content_match,high
Table 2D - 106_,0x72cac,FC00,0x72720,content_match,high
Table 2D - 106_,0x72cac,B900,0x72720,content_match,high
Table 2D - 106_,0x72cac,E700,0x71d1c,family_shift,medium
Table 2D - 106_,0x72cac,15120,0x7246c,content_match,high
Table 2D - 106_,0x72cac,32000,0x74ee4,content_match,high
Y,0x72cb8,D400,0x72cb8,same_addr,high
Y,0x72cb8,E500,0x71c78,content_match,high
Y,0x72cb8,C500,0x71c78,content_match,high
Y,0x72cb8,FB00,0x7272c,content_match,high
Y,0x72cb8,FC00,0x7272c,content_match,high
Y,0x72cb8,B900,0x7272c,content_match,high
Y,0x72cb8,E700,0x71d28,content_match,high
Y,0x72cb8,15120,0x72478,content_match,high
Y,0x72cb8,32000,0x74de8,family_shift,low
Table 2D - 107_,0x72cdc,D400,0x72cdc,same_addr,high
Table 2D - 107_,0x72cdc,E500,0x71c9c,content_match,high
Table 2D - 107_,0x72cdc,C500,0x71c9c,content_match,high
Table 2D - 107_,0x72cdc,FB00,0x72750,content_match,high
Table 2D - 107_,0x72cdc,FC00,0x72750,content_match,high
Table 2D - 107_,0x72cdc,B900,0x72750,content_match,high
Table 2D - 107_,0x72cdc,E700,0x71d4c,family_shift,low
Table 2D - 107_,0x72cdc,15120,0x7249c,content_match,high
Table 2D - 107_,0x72cdc,32000,0x74f14,content_match,high
Y,0x72ce8,D400,0x72ce8,same_addr,high
Y,0x72ce8,E500,0x71ca8,content_match,high
Y,0x72ce8,C500,0x71ca8,content_match,high
Y,0x72ce8,FB00,0x7275c,content_match,high
Y,0x72ce8,FC00,0x7275c,content_match,high
Y,0x72ce8,B900,0x7275c,content_match,high
Y,0x72ce8,E700,0x71d58,content_match,high
Y,0x72ce8,15120,0x724a8,content_match,high
Y,0x72ce8,32000,0x74e18,family_shift,low
Table 2D - 108_,0x72d0c,D400,0x72d0c,same_addr,high
Table 2D - 108_,0x72d0c,E500,0x71ccc,content_match,high
Table 2D - 108_,0x72d0c,C500,0x71ccc,content_match,high
Table 2D - 108_,0x72d0c,FB00,0x72780,content_match,high
Table 2D - 108_,0x72d0c,FC00,0x72780,content_match,high
Table 2D - 108_,0x72d0c,B900,0x72780,content_match,high
Table 2D - 108_,0x72d0c,E700,0x71d7c,family_shift,medium
Table 2D - 108_,0x72d0c,15120,0x724cc,content_match,high
Table 2D - 108_,0x72d0c,32000,0x74e3c,family_shift,low
Y,0x72d18,D400,0x72d18,same_addr,high
Y,0x72d18,E500,0x71cd8,content_match,high
Y,0x72d18,C500,0x71cd8,content_match,high
Y,0x72d18,FB00,0x7278c,content_match,high
Y,0x72d18,FC00,0x7278c,content_match,high
Y,0x72d18,B900,0x7278c,content_match,high
Y,0x72d18,E700,0x71d88,content_match,high
Y,0x72d18,15120,0x724d8,content_match,high
Y,0x72d18,32000,0x74e48,family_shift,low
Table 2D - 109_,0x72d3c,D400,0x72d3c,same_addr,high
Table 2D - 109_,0x72d3c,E500,0x71cfc,content_match,high
Table 2D - 109_,0x72d3c,C500,0x71cfc,content_match,high
Table 2D - 109_,0x72d3c,FB00,0x727b0,content_match,high
Table 2D - 109_,0x72d3c,FC00,0x727b0,content_match,high
Table 2D - 109_,0x72d3c,B900,0x727b0,content_match,high
Table 2D - 109_,0x72d3c,E700,0x71dac,family_shift,medium
Table 2D - 109_,0x72d3c,15120,0x724fc,content_match,high
Table 2D - 109_,0x72d3c,32000,0x74e6c,family_shift,low
Y,0x72d78,D400,0x72d78,same_addr,high
Y,0x72d78,E500,0x71d38,content_match,high
Y,0x72d78,C500,0x71d38,content_match,high
Y,0x72d78,FB00,0x727ec,content_match,high
Y,0x72d78,FC00,0x727ec,content_match,high
Y,0x72d78,B900,0x727ec,content_match,high
Y,0x72d78,E700,0x71de8,content_match,high
Y,0x72d78,15120,0x72538,content_match,high
Y,0x72d78,32000,0x74ea8,family_shift,low
Table 2D - 110_,0x72dd0,D400,0x72dd0,same_addr,high
Table 2D - 110_,0x72dd0,E500,0x71d90,content_match,high
Table 2D - 110_,0x72dd0,C500,0x71d90,content_match,high
Table 2D - 110_,0x72dd0,FB00,0x72844,content_match,high
Table 2D - 110_,0x72dd0,FC00,0x72844,content_match,high
Table 2D - 110_,0x72dd0,B900,0x72844,content_match,high
Table 2D - 110_,0x72dd0,E700,0x71e40,content_match,high
Table 2D - 110_,0x72dd0,15120,0x72590,content_match,high
Table 2D - 110_,0x72dd0,32000,0x74f00,family_shift,low
Y,0x72de8,D400,0x72de8,same_addr,high
Y,0x72de8,E500,0x71da8,content_match,high
Y,0x72de8,C500,0x71da8,content_match,high
Y,0x72de8,FB00,0x7285c,content_match,high
Y,0x72de8,FC00,0x7285c,content_match,high
Y,0x72de8,B900,0x7285c,content_match,high
Y,0x72de8,E700,0x71e58,content_match,high
Y,0x72de8,15120,0x725a8,content_match,high
Y,0x72de8,32000,0x74f18,family_shift,low
Table 2D - 111_,0x72e40,D400,0x72e40,same_addr,high
Table 2D - 111_,0x72e40,E500,0x71e00,content_match,high
Table 2D - 111_,0x72e40,C500,0x71e00,content_match,high
Table 2D - 111_,0x72e40,FB00,0x728b4,content_match,high
Table 2D - 111_,0x72e40,FC00,0x728b4,content_match,high
Table 2D - 111_,0x72e40,B900,0x728b4,content_match,high
Table 2D - 111_,0x72e40,E700,0x71eb0,content_match,high
Table 2D - 111_,0x72e40,15120,0x72600,content_match,high
Table 2D - 111_,0x72e40,32000,0x74f70,family_shift,low
Y,0x72e60,D400,0x72e60,same_addr,high
Y,0x72e60,E500,0x71e20,family_shift,medium
Y,0x72e60,C500,0x71e20,family_shift,medium
Y,0x72e60,FB00,0x728d4,family_shift,medium
Y,0x72e60,FC00,0x728ac,family_shift,low
Y,0x72e60,B900,0x728ac,family_shift,low
Y,0x72e60,E700,0x71ed0,family_shift,medium
Y,0x72e60,15120,0x72620,family_shift,medium
Y,0x72e60,32000,0x74f90,family_shift,low
Table 2D - 112_,0x72e84,D400,0x72e84,same_addr,high
Table 2D - 112_,0x72e84,E500,0x71e44,content_match,high
Table 2D - 112_,0x72e84,C500,0x71e44,content_match,high
Table 2D - 112_,0x72e84,FB00,0x728f8,content_match,high
Table 2D - 112_,0x72e84,FC00,0x728d0,family_shift,low
Table 2D - 112_,0x72e84,B900,0x728d0,family_shift,low
Table 2D - 112_,0x72e84,E700,0x71ef4,content_match,high
Table 2D - 112_,0x72e84,15120,0x72644,content_match,high
Table 2D - 112_,0x72e84,32000,0x74fb4,family_shift,low
Y,0x72e90,D400,0x72e90,same_addr,high
Y,0x72e90,E500,0x71e50,family_shift,medium
Y,0x72e90,C500,0x71e50,family_shift,medium
Y,0x72e90,FB00,0x72904,family_shift,low
Y,0x72e90,FC00,0x728dc,family_shift,low
Y,0x72e90,B900,0x728dc,family_shift,low
Y,0x72e90,E700,0x71f00,family_shift,medium
Y,0x72e90,15120,0x72650,family_shift,medium
Y,0x72e90,32000,0x74fc0,family_shift,low
Table 2D - 113_,0x72eb4,D400,0x72eb4,same_addr,high
Table 2D - 113_,0x72eb4,E500,0x71e74,content_match,high
Table 2D - 113_,0x72eb4,C500,0x71e74,content_match,high
Table 2D - 113_,0x72eb4,FB00,0x72928,family_shift,low
Table 2D - 113_,0x72eb4,FC00,0x72900,family_shift,low
Table 2D - 113_,0x72eb4,B900,0x72900,family_shift,low
Table 2D - 113_,0x72eb4,E700,0x71f24,content_match,high
Table 2D - 113_,0x72eb4,15120,0x72674,content_match,high
Table 2D - 113_,0x72eb4,32000,0x74fe4,family_shift,low
Y,0x72ec0,D400,0x72ec0,same_addr,high
Y,0x72ec0,E500,0x71e80,content_match,high
Y,0x72ec0,C500,0x71e80,content_match,high
Y,0x72ec0,FB00,0x72938,content_match,high
Y,0x72ec0,FC00,0x7290c,content_match,high
Y,0x72ec0,B900,0x7290c,content_match,high
Y,0x72ec0,E700,0x71f30,content_match,high
Y,0x72ec0,15120,0x72680,content_match,high
Y,0x72ec0,32000,0x74ff0,content_match,high
Table 2D - 114_,0x72edc,D400,0x72edc,same_addr,high
Table 2D - 114_,0x72edc,E500,0x71e9c,content_match,high
Table 2D - 114_,0x72edc,C500,0x71e9c,content_match,high
Table 2D - 114_,0x72edc,FB00,0x72928,content_match,high
Table 2D - 114_,0x72edc,FC00,0x72928,content_match,high
Table 2D - 114_,0x72edc,B900,0x72928,content_match,high
Table 2D - 114_,0x72edc,E700,0x71f4c,content_match,high
Table 2D - 114_,0x72edc,15120,0x7269c,content_match,high
Table 2D - 114_,0x72edc,32000,0x7500c,content_match,high
Y,0x72eec,D400,0x72eec,same_addr,high
Y,0x72eec,E500,0x71eac,content_match,high
Y,0x72eec,C500,0x71eac,content_match,high
Y,0x72eec,FB00,0x72964,content_match,high
Y,0x72eec,FC00,0x72938,content_match,high
Y,0x72eec,B900,0x72938,content_match,high
Y,0x72eec,E700,0x71f5c,content_match,high
Y,0x72eec,15120,0x726ac,content_match,high
Y,0x72eec,32000,0x7501c,content_match,high
Table 2D - 115_,0x72f08,D400,0x72f08,same_addr,high
Table 2D - 115_,0x72f08,E500,0x71ec8,content_match,high
Table 2D - 115_,0x72f08,C500,0x71ec8,content_match,high
Table 2D - 115_,0x72f08,FB00,0x72954,content_match,high
Table 2D - 115_,0x72f08,FC00,0x72954,content_match,high
Table 2D - 115_,0x72f08,B900,0x72954,content_match,high
Table 2D - 115_,0x72f08,E700,0x71f78,content_match,high
Table 2D - 115_,0x72f08,15120,0x726c8,content_match,high
Table 2D - 115_,0x72f08,32000,0x75038,content_match,high
Y,0x72f18,D400,0x72f18,same_addr,high
Y,0x72f18,E500,0x71ed8,content_match,high
Y,0x72f18,C500,0x71ed8,content_match,high
Y,0x72f18,FB00,0x72964,content_match,high
Y,0x72f18,FC00,0x72964,content_match,high
Y,0x72f18,B900,0x72964,content_match,high
Y,0x72f18,E700,0x71f88,content_match,high
Y,0x72f18,15120,0x726d8,content_match,high
Y,0x72f18,32000,0x75048,content_match,high
Table 2D - 116_,0x72f34,D400,0x72f34,same_addr,high
Table 2D - 116_,0x72f34,E500,0x71ef4,content_match,high
Table 2D - 116_,0x72f34,C500,0x71ef4,content_match,high
Table 2D - 116_,0x72f34,FB00,0x72980,content_match,high
Table 2D - 116_,0x72f34,FC00,0x72980,content_match,high
Table 2D - 116_,0x72f34,B900,0x72980,content_match,high
Table 2D - 116_,0x72f34,E700,0x71fa4,content_match,high
Table 2D - 116_,0x72f34,15120,0x726f4,content_match,high
Table 2D - 116_,0x72f34,32000,0x75064,content_match,high
Y,0x72f4c,D400,0x72f4c,same_addr,high
Y,0x72f4c,E500,0x71f0c,content_match,high
Y,0x72f4c,C500,0x71f0c,content_match,high
Y,0x72f4c,FB00,0x72998,content_match,high
Y,0x72f4c,FC00,0x72998,content_match,high
Y,0x72f4c,B900,0x72998,content_match,high
Y,0x72f4c,E700,0x71fbc,content_match,high
Y,0x72f4c,15120,0x7270c,content_match,high
Y,0x72f4c,32000,0x7507c,content_match,high
Table 2D - 117_,0x72f64,D400,0x72f64,same_addr,high
Table 2D - 117_,0x72f64,E500,0x71f24,content_match,high
Table 2D - 117_,0x72f64,C500,0x71f24,content_match,high
Table 2D - 117_,0x72f64,FB00,0x729b0,content_match,high
Table 2D - 117_,0x72f64,FC00,0x729b0,content_match,high
Table 2D - 117_,0x72f64,B900,0x729b0,content_match,high
Table 2D - 117_,0x72f64,E700,0x71fd4,content_match,high
Table 2D - 117_,0x72f64,15120,0x72724,content_match,high
Table 2D - 117_,0x72f64,32000,0x75094,content_match,high
Y,0x72f7c,D400,0x72f7c,same_addr,high
Y,0x72f7c,E500,0x71f3c,content_match,high
Y,0x72f7c,C500,0x71f3c,content_match,high
Y,0x72f7c,FB00,0x729c8,content_match,high
Y,0x72f7c,FC00,0x729c8,content_match,high
Y,0x72f7c,B900,0x729c8,content_match,high
Y,0x72f7c,E700,0x71fec,content_match,high
Y,0x72f7c,15120,0x7273c,content_match,high
Y,0x72f7c,32000,0x750ac,family_shift,low
Table 2D - 118_,0x72fc8,D400,0x72fc8,same_addr,high
Table 2D - 118_,0x72fc8,E500,0x71f88,content_match,high
Table 2D - 118_,0x72fc8,C500,0x71f88,content_match,high
Table 2D - 118_,0x72fc8,FB00,0x72a14,content_match,high
Table 2D - 118_,0x72fc8,FC00,0x72a14,content_match,high
Table 2D - 118_,0x72fc8,B900,0x72a14,content_match,high
Table 2D - 118_,0x72fc8,E700,0x72038,family_shift,low
Table 2D - 118_,0x72fc8,15120,0x72788,content_match,high
Table 2D - 118_,0x72fc8,32000,0x750f8,family_shift,low
X,0x72fdc,D400,0x72fdc,same_addr,high
X,0x72fdc,E500,0x71f9c,content_match,high
X,0x72fdc,C500,0x71f9c,content_match,high
X,0x72fdc,FB00,0x72a28,content_match,high
X,0x72fdc,FC00,0x72a28,content_match,high
X,0x72fdc,B900,0x72a28,content_match,high
X,0x72fdc,E700,0x7204c,content_match,high
X,0x72fdc,15120,0x7279c,content_match,high
X,0x72fdc,32000,0x75120,content_match,high
Y,0x73044,D400,0x73044,same_addr,high
Y,0x73044,E500,0x72004,content_match,high
Y,0x73044,C500,0x72004,content_match,high
Y,0x73044,FB00,0x72a90,content_match,high
Y,0x73044,FC00,0x72a90,content_match,high
Y,0x73044,B900,0x72a90,content_match,high
Y,0x73044,E700,0x720b4,content_match,high
Y,0x73044,15120,0x72804,content_match,high
Y,0x73044,32000,0x75174,content_match,high
Torque To Accel Position,0x73090,D400,0x73090,same_addr,high
Torque To Accel Position,0x73090,E500,0x72050,content_match,high
Torque To Accel Position,0x73090,C500,0x72050,content_match,high
Torque To Accel Position,0x73090,FB00,0x72adc,content_match,high
Torque To Accel Position,0x73090,FC00,0x72adc,content_match,high
Torque To Accel Position,0x73090,B900,0x72adc,content_match,high
Torque To Accel Position,0x73090,E700,0x72100,family_shift,low
Torque To Accel Position,0x73090,15120,0x72850,content_match,high
Torque To Accel Position,0x73090,32000,0x751bc,content_match,high
X,0x7346c,D400,0x7346c,same_addr,high
X,0x7346c,E500,0x7242c,content_match,high
X,0x7346c,C500,0x7242c,content_match,high
X,0x7346c,FB00,0x72eb8,content_match,high
X,0x7346c,FC00,0x72eb8,content_match,high
X,0x7346c,B900,0x72eb8,content_match,high
X,0x7346c,E700,0x724dc,content_match,high
X,0x7346c,15120,0x72c2c,content_match,high
X,0x7346c,32000,0x754b0,content_match,high
Y,0x734a4,D400,0x734a4,same_addr,high
Y,0x734a4,E500,0x72464,content_match,high
Y,0x734a4,C500,0x72464,content_match,high
Y,0x734a4,FB00,0x72ef0,content_match,high
Y,0x734a4,FC00,0x72ef0,content_match,high
Y,0x734a4,B900,0x72ef0,content_match,high
Y,0x734a4,E700,0x72514,content_match,high
Y,0x734a4,15120,0x72c64,content_match,high
Y,0x734a4,32000,0x755d4,family_shift,low
Throttle Position To Torque,0x734f4,D400,0x734f4,same_addr,high
Throttle Position To Torque,0x734f4,E500,0x724b4,family_shift,medium
Throttle Position To Torque,0x734f4,C500,0x724b4,family_shift,medium
Throttle Position To Torque,0x734f4,FB00,0x72f40,family_shift,medium
Throttle Position To Torque,0x734f4,FC00,0x72f40,family_shift,medium
Throttle Position To Torque,0x734f4,B900,0x72f40,family_shift,medium
Throttle Position To Torque,0x734f4,E700,0x72564,family_shift,low
Throttle Position To Torque,0x734f4,15120,0x72cb4,family_shift,medium
Throttle Position To Torque,0x734f4,32000,0x75624,family_shift,low
Y,0x73768,D400,0x73768,same_addr,high
Y,0x73768,E500,0x72728,content_match,high
Y,0x73768,C500,0x72728,content_match,high
Y,0x73768,FB00,0x731b4,content_match,high
Y,0x73768,FC00,0x731b4,content_match,high
Y,0x73768,B900,0x731b4,content_match,high
Y,0x73768,E700,0x727d8,content_match,high
Y,0x73768,15120,0x72f28,content_match,high
Y,0x73768,32000,0x75714,family_shift,low
Table 2D - 119_,0x73778,D400,0x73778,same_addr,high
Table 2D - 119_,0x73778,E500,0x72738,content_match,high
Table 2D - 119_,0x73778,C500,0x72738,content_match,high
Table 2D - 119_,0x73778,FB00,0x731c4,family_shift,low
Table 2D - 119_,0x73778,FC00,0x731c4,family_shift,low
Table 2D - 119_,0x73778,B900,0x731c4,family_shift,low
Table 2D - 119_,0x73778,E700,0x727e8,content_match,high
Table 2D - 119_,0x73778,15120,0x72f38,content_match,high
Table 2D - 119_,0x73778,32000,0x75724,family_shift,low
Y,0x7377c,D400,0x7377c,same_addr,high
Y,0x7377c,E500,0x7273c,content_match,high
Y,0x7377c,C500,0x7273c,content_match,high
Y,0x7377c,FB00,0x731c8,content_match,high
Y,0x7377c,FC00,0x731c8,content_match,high
Y,0x7377c,B900,0x731c8,content_match,high
Y,0x7377c,E700,0x727ec,content_match,high
Y,0x7377c,15120,0x72f3c,content_match,high
Y,0x7377c,32000,0x75728,family_shift,low
Table 2D - 120_,0x737bc,D400,0x737bc,same_addr,high
Table 2D - 120_,0x737bc,E500,0x7277c,content_match,high
Table 2D - 120_,0x737bc,C500,0x7277c,content_match,high
Table 2D - 120_,0x737bc,FB00,0x73208,content_match,high
Table 2D - 120_,0x737bc,FC00,0x73208,content_match,high
Table 2D - 120_,0x737bc,B900,0x73208,content_match,high
Table 2D - 120_,0x737bc,E700,0x7282c,content_match,high
Table 2D - 120_,0x737bc,15120,0x72f7c,content_match,high
Table 2D - 120_,0x737bc,32000,0x757e8,content_match,high
X,0x737dc,D400,0x737dc,same_addr,high
X,0x737dc,E500,0x7279c,family_shift,medium
X,0x737dc,C500,0x7279c,family_shift,medium
X,0x737dc,FB00,0x7315c,family_shift,low
X,0x737dc,FC00,0x7315c,family_shift,low
X,0x737dc,B900,0x7315c,family_shift,low
X,0x737dc,E700,0x7284c,family_shift,medium
X,0x737dc,15120,0x72f9c,family_shift,medium
X,0x737dc,32000,0x75788,family_shift,low
Y,0x737f8,D400,0x737f8,same_addr,high
Y,0x737f8,E500,0x727b8,content_match,high
Y,0x737f8,C500,0x727b8,content_match,high
Y,0x737f8,FB00,0x731b4,content_match,high
Y,0x737f8,FC00,0x731b4,content_match,high
Y,0x737f8,B900,0x731b4,content_match,high
Y,0x737f8,E700,0x72868,content_match,high
Y,0x737f8,15120,0x72fb8,content_match,high
Y,0x737f8,32000,0x757a4,family_shift,low
Table 3D - 43_,0x73808,D400,0x73808,same_addr,high
Table 3D - 43_,0x73808,E500,0x727c8,content_match,high
Table 3D - 43_,0x73808,C500,0x727c8,content_match,high
Table 3D - 43_,0x73808,FB00,0x73188,family_shift,low
Table 3D - 43_,0x73808,FC00,0x73188,family_shift,low
Table 3D - 43_,0x73808,B900,0x73188,family_shift,low
Table 3D - 43_,0x73808,E700,0x72878,content_match,high
Table 3D - 43_,0x73808,15120,0x72fc8,content_match,high
Table 3D - 43_,0x73808,32000,0x757b4,family_shift,low
X,0x73824,D400,0x73824,same_addr,high
X,0x73824,E500,0x727e4,family_shift,medium
X,0x73824,C500,0x727e4,family_shift,medium
X,0x73824,FB00,0x731a4,family_shift,low
X,0x73824,FC00,0x731a4,family_shift,low
X,0x73824,B900,0x731a4,family_shift,low
X,0x73824,E700,0x72894,family_shift,medium
X,0x73824,15120,0x72fe4,family_shift,medium
X,0x73824,32000,0x757d0,family_shift,low
Y,0x73848,D400,0x73848,same_addr,high
Y,0x73848,E500,0x72808,content_match,high
Y,0x73848,C500,0x72808,content_match,high
Y,0x73848,FB00,0x731c8,family_shift,low
Y,0x73848,FC00,0x731c8,family_shift,low
Y,0x73848,B900,0x731c8,family_shift,low
Y,0x73848,E700,0x728b8,content_match,high
Y,0x73848,15120,0x73008,content_match,high
Y,0x73848,32000,0x757f4,family_shift,low
Table 3D - 44_,0x7386c,D400,0x7386c,same_addr,high
Table 3D - 44_,0x7386c,E500,0x7282c,content_match,high
Table 3D - 44_,0x7386c,C500,0x7282c,content_match,high
Table 3D - 44_,0x7386c,FB00,0x732b8,content_match,high
Table 3D - 44_,0x7386c,FC00,0x732b8,content_match,high
Table 3D - 44_,0x7386c,B900,0x732b8,content_match,high
Table 3D - 44_,0x7386c,E700,0x728dc,content_match,high
Table 3D - 44_,0x7386c,15120,0x7302c,content_match,high
Table 3D - 44_,0x7386c,32000,0x75818,family_shift,low
X,0x738c0,D400,0x738c0,same_addr,high
X,0x738c0,E500,0x72880,content_match,high
X,0x738c0,C500,0x72880,content_match,high
X,0x738c0,FB00,0x73240,family_shift,low
X,0x738c0,FC00,0x73240,family_shift,low
X,0x738c0,B900,0x73240,family_shift,low
X,0x738c0,E700,0x72930,content_match,high
X,0x738c0,15120,0x73080,content_match,high
X,0x738c0,32000,0x7588c,content_match,high
Y,0x73900,D400,0x73900,same_addr,high
Y,0x73900,E500,0x728c0,content_match,high
Y,0x73900,C500,0x728c0,content_match,high
Y,0x73900,FB00,0x7334c,content_match,high
Y,0x73900,FC00,0x7334c,content_match,high
Y,0x73900,B900,0x7334c,content_match,high
Y,0x73900,E700,0x72970,content_match,high
Y,0x73900,15120,0x730c0,content_match,high
Y,0x73900,32000,0x758cc,content_match,high
Table 3D - 45_,0x7393c,D400,0x7393c,same_addr,high
Table 3D - 45_,0x7393c,E500,0x728fc,content_match,high
Table 3D - 45_,0x7393c,C500,0x728fc,content_match,high
Table 3D - 45_,0x7393c,FB00,0x73388,content_match,high
Table 3D - 45_,0x7393c,FC00,0x73388,content_match,high
Table 3D - 45_,0x7393c,B900,0x73388,content_match,high
Table 3D - 45_,0x7393c,E700,0x729ac,content_match,high
Table 3D - 45_,0x7393c,15120,0x730fc,content_match,high
Table 3D - 45_,0x7393c,32000,0x75904,content_match,high
Y,0x73b1c,D400,0x73b1c,same_addr,high
Y,0x73b1c,E500,0x72adc,content_match,high
Y,0x73b1c,C500,0x72adc,content_match,high
Y,0x73b1c,FB00,0x73568,content_match,high
Y,0x73b1c,FC00,0x73568,content_match,high
Y,0x73b1c,B900,0x73568,content_match,high
Y,0x73b1c,E700,0x72b8c,content_match,high
Y,0x73b1c,15120,0x732dc,family_shift,low
Y,0x73b1c,32000,0x75ac8,content_match,high
Table 2D - 121_,0x73b70,D400,0x73b70,same_addr,high
Table 2D - 121_,0x73b70,E500,0x72b30,content_match,high
Table 2D - 121_,0x73b70,C500,0x72b30,content_match,high
Table 2D - 121_,0x73b70,FB00,0x735bc,content_match,high
Table 2D - 121_,0x73b70,FC00,0x735bc,content_match,high
Table 2D - 121_,0x73b70,B900,0x735bc,content_match,high
Table 2D - 121_,0x73b70,E700,0x72be0,content_match,high
Table 2D - 121_,0x73b70,15120,0x73330,content_match,high
Table 2D - 121_,0x73b70,32000,0x75b1c,content_match,high
Y,0x73b88,D400,0x73b88,same_addr,high
Y,0x73b88,E500,0x72b48,content_match,high
Y,0x73b88,C500,0x72b48,content_match,high
Y,0x73b88,FB00,0x73508,family_shift,low
Y,0x73b88,FC00,0x73508,family_shift,low
Y,0x73b88,B900,0x73508,family_shift,low
Y,0x73b88,E700,0x72bf8,content_match,high
Y,0x73b88,15120,0x73348,content_match,high
Y,0x73b88,32000,0x75b34,family_shift,low
Table 2D - 122_,0x73bbc,D400,0x73bbc,same_addr,high
Table 2D - 122_,0x73bbc,E500,0x72b7c,content_match,high
Table 2D - 122_,0x73bbc,C500,0x72b7c,content_match,high
Table 2D - 122_,0x73bbc,FB00,0x7353c,family_shift,low
Table 2D - 122_,0x73bbc,FC00,0x7353c,family_shift,low
Table 2D - 122_,0x73bbc,B900,0x7353c,family_shift,low
Table 2D - 122_,0x73bbc,E700,0x72c2c,content_match,high
Table 2D - 122_,0x73bbc,15120,0x7337c,content_match,high
Table 2D - 122_,0x73bbc,32000,0x75b68,family_shift,low
Y,0x73bcc,D400,0x73bcc,same_addr,high
Y,0x73bcc,E500,0x72b8c,content_match,high
Y,0x73bcc,C500,0x72b8c,content_match,high
Y,0x73bcc,FB00,0x7354c,family_shift,low
Y,0x73bcc,FC00,0x7354c,family_shift,low
Y,0x73bcc,B900,0x7354c,family_shift,low
Y,0x73bcc,E700,0x72c3c,content_match,high
Y,0x73bcc,15120,0x7338c,content_match,high
Y,0x73bcc,32000,0x75b78,family_shift,low
Table 2D - 123_,0x73c00,D400,0x73c00,same_addr,high
Table 2D - 123_,0x73c00,E500,0x72bc0,content_match,high
Table 2D - 123_,0x73c00,C500,0x72bc0,content_match,high
Table 2D - 123_,0x73c00,FB00,0x73610,content_match,high
Table 2D - 123_,0x73c00,FC00,0x73610,content_match,high
Table 2D - 123_,0x73c00,B900,0x73610,content_match,high
Table 2D - 123_,0x73c00,E700,0x72c70,family_shift,medium
Table 2D - 123_,0x73c00,15120,0x733c0,content_match,high
Table 2D - 123_,0x73c00,32000,0x75bac,family_shift,low
Y,0x73c24,D400,0x73c24,same_addr,high
Y,0x73c24,E500,0x72be4,content_match,high
Y,0x73c24,C500,0x72be4,content_match,high
Y,0x73c24,FB00,0x735e0,content_match,high
Y,0x73c24,FC00,0x735e0,content_match,high
Y,0x73c24,B900,0x735e0,content_match,high
Y,0x73c24,E700,0x72c94,content_match,high
Y,0x73c24,15120,0x733e4,content_match,high
Y,0x73c24,32000,0x75bd0,family_shift,low
Table 2D - 124_,0x73c50,D400,0x73c50,same_addr,high
Table 2D - 124_,0x73c50,E500,0x72c10,content_match,high
Table 2D - 124_,0x73c50,C500,0x72c10,content_match,high
Table 2D - 124_,0x73c50,FB00,0x735d0,family_shift,low
Table 2D - 124_,0x73c50,FC00,0x735d0,family_shift,low
Table 2D - 124_,0x73c50,B900,0x735d0,family_shift,low
Table 2D - 124_,0x73c50,E700,0x72cc0,content_match,high
Table 2D - 124_,0x73c50,15120,0x73410,content_match,high
Table 2D - 124_,0x73c50,32000,0x75bfc,family_shift,low
Y,0x73c5c,D400,0x73c5c,same_addr,high
Y,0x73c5c,E500,0x72c1c,content_match,high
Y,0x73c5c,C500,0x72c1c,content_match,high
Y,0x73c5c,FB00,0x735e0,content_match,high
Y,0x73c5c,FC00,0x735e0,content_match,high
Y,0x73c5c,B900,0x735e0,content_match,high
Y,0x73c5c,E700,0x72ccc,content_match,high
Y,0x73c5c,15120,0x7341c,content_match,high
Y,0x73c5c,32000,0x75c08,family_shift,low
Table 2D - 125_,0x73c88,D400,0x73c88,same_addr,high
Table 2D - 125_,0x73c88,E500,0x72c48,content_match,high
Table 2D - 125_,0x73c88,C500,0x72c48,content_match,high
Table 2D - 125_,0x73c88,FB00,0x73608,family_shift,low
Table 2D - 125_,0x73c88,FC00,0x73608,family_shift,low
Table 2D - 125_,0x73c88,B900,0x73608,family_shift,low
Table 2D - 125_,0x73c88,E700,0x72cf8,content_match,high
Table 2D - 125_,0x73c88,15120,0x73448,content_match,high
Table 2D - 125_,0x73c88,32000,0x75c34,family_shift,low
Y,0x73c94,D400,0x73c94,same_addr,high
Y,0x73c94,E500,0x72c54,content_match,high
Y,0x73c94,C500,0x72c54,content_match,high
Y,0x73c94,FB00,0x735e0,content_match,high
Y,0x73c94,FC00,0x735e0,content_match,high
Y,0x73c94,B900,0x735e0,content_match,high
Y,0x73c94,E700,0x72d04,content_match,high
Y,0x73c94,15120,0x73454,content_match,high
Y,0x73c94,32000,0x75c40,family_shift,low
Table 2D - 126_,0x73cc0,D400,0x73cc0,same_addr,high
Table 2D - 126_,0x73cc0,E500,0x72c80,content_match,high
Table 2D - 126_,0x73cc0,C500,0x72c80,content_match,high
Table 2D - 126_,0x73cc0,FB00,0x73640,family_shift,low
Table 2D - 126_,0x73cc0,FC00,0x73640,family_shift,low
Table 2D - 126_,0x73cc0,B900,0x73640,family_shift,low
Table 2D - 126_,0x73cc0,E700,0x72d30,content_match,high
Table 2D - 126_,0x73cc0,15120,0x73480,content_match,high
Table 2D - 126_,0x73cc0,32000,0x75c6c,family_shift,low
Y,0x73ccc,D400,0x73ccc,same_addr,high
Y,0x73ccc,E500,0x72c8c,content_match,high
Y,0x73ccc,C500,0x72c8c,content_match,high
Y,0x73ccc,FB00,0x7364c,content_match,high
Y,0x73ccc,FC00,0x7364c,content_match,high
Y,0x73ccc,B900,0x7364c,content_match,high
Y,0x73ccc,E700,0x72d3c,content_match,high
Y,0x73ccc,15120,0x7348c,content_match,high
Y,0x73ccc,32000,0x75c78,family_shift,low
Table 2D - 330 Check DataType,0x73ce8,D400,0x73ce8,same_addr,high
Table 2D - 330 Check DataType,0x73ce8,E500,0x72ca8,content_match,high
Table 2D - 330 Check DataType,0x73ce8,C500,0x72ca8,content_match,high
Table 2D - 330 Check DataType,0x73ce8,FB00,0x73668,content_match,high
Table 2D - 330 Check DataType,0x73ce8,FC00,0x73668,content_match,high
Table 2D - 330 Check DataType,0x73ce8,B900,0x73668,content_match,high
Table 2D - 330 Check DataType,0x73ce8,E700,0x72d58,content_match,high
Table 2D - 330 Check DataType,0x73ce8,15120,0x734a8,content_match,high
Table 2D - 330 Check DataType,0x73ce8,32000,0x75b9c,content_match,high
Y,0x73cf8,D400,0x73cf8,same_addr,high
Y,0x73cf8,E500,0x72cb8,family_shift,medium
Y,0x73cf8,C500,0x72cb8,family_shift,medium
Y,0x73cf8,FB00,0x73678,family_shift,medium
Y,0x73cf8,FC00,0x73678,family_shift,medium
Y,0x73cf8,B900,0x73678,family_shift,medium
Y,0x73cf8,E700,0x72d68,family_shift,medium
Y,0x73cf8,15120,0x734b8,family_shift,medium
Y,0x73cf8,32000,0x75ca4,family_shift,low
Table 2D - 127_,0x73d28,D400,0x73d28,same_addr,high
Table 2D - 127_,0x73d28,E500,0x72ce8,content_match,high
Table 2D - 127_,0x73d28,C500,0x72ce8,content_match,high
Table 2D - 127_,0x73d28,FB00,0x736a8,content_match,high
Table 2D - 127_,0x73d28,FC00,0x736a8,content_match,high
Table 2D - 127_,0x73d28,B900,0x736a8,content_match,high
Table 2D - 127_,0x73d28,E700,0x72d98,content_match,high
Table 2D - 127_,0x73d28,15120,0x734e8,content_match,high
Table 2D - 127_,0x73d28,32000,0x75cd4,family_shift,low
X,0x73d40,D400,0x73d40,same_addr,high
X,0x73d40,E500,0x72d00,content_match,high
X,0x73d40,C500,0x72d00,content_match,high
X,0x73d40,FB00,0x736c0,content_match,high
X,0x73d40,FC00,0x736c0,content_match,high
X,0x73d40,B900,0x736c0,content_match,high
X,0x73d40,E700,0x72db0,content_match,high
X,0x73d40,15120,0x73500,content_match,high
X,0x73d40,32000,0x75cec,family_shift,low
Y,0x73d54,D400,0x73d54,same_addr,high
Y,0x73d54,E500,0x72d14,content_match,high
Y,0x73d54,C500,0x72d14,content_match,high
Y,0x73d54,FB00,0x736d4,content_match,high
Y,0x73d54,FC00,0x736d4,content_match,high
Y,0x73d54,B900,0x736d4,content_match,high
Y,0x73d54,E700,0x72dc4,content_match,high
Y,0x73d54,15120,0x73514,content_match,high
Y,0x73d54,32000,0x75d00,family_shift,low
Table 3D - 46_,0x73d64,D400,0x73d64,same_addr,high
Table 3D - 46_,0x73d64,E500,0x72d24,content_match,high
Table 3D - 46_,0x73d64,C500,0x72d24,content_match,high
Table 3D - 46_,0x73d64,FB00,0x736e4,content_match,high
Table 3D - 46_,0x73d64,FC00,0x736e4,content_match,high
Table 3D - 46_,0x73d64,B900,0x736e4,content_match,high
Table 3D - 46_,0x73d64,E700,0x72dd4,content_match,high
Table 3D - 46_,0x73d64,15120,0x73524,content_match,high
Table 3D - 46_,0x73d64,32000,0x75d10,family_shift,low
Y,0x73da0,D400,0x73da0,same_addr,high
Y,0x73da0,E500,0x72d60,content_match,high
Y,0x73da0,C500,0x72d60,content_match,high
Y,0x73da0,FB00,0x73720,content_match,high
Y,0x73da0,FC00,0x73720,content_match,high
Y,0x73da0,B900,0x73720,content_match,high
Y,0x73da0,E700,0x72e10,content_match,high
Y,0x73da0,15120,0x73560,content_match,high
Y,0x73da0,32000,0x75d4c,family_shift,low
Table 2D - 128_,0x73db4,D400,0x73db4,same_addr,high
Table 2D - 128_,0x73db4,E500,0x72d74,content_match,high
Table 2D - 128_,0x73db4,C500,0x72d74,content_match,high
Table 2D - 128_,0x73db4,FB00,0x73734,content_match,high
Table 2D - 128_,0x73db4,FC00,0x73734,content_match,high
Table 2D - 128_,0x73db4,B900,0x73734,content_match,high
Table 2D - 128_,0x73db4,E700,0x72e24,content_match,high
Table 2D - 128_,0x73db4,15120,0x73574,content_match,high
Table 2D - 128_,0x73db4,32000,0x75d60,family_shift,low
Y,0x73dbc,D400,0x73dbc,same_addr,high
Y,0x73dbc,E500,0x72d7c,content_match,high
Y,0x73dbc,C500,0x72d7c,content_match,high
Y,0x73dbc,FB00,0x7373c,content_match,high
Y,0x73dbc,FC00,0x7373c,content_match,high
Y,0x73dbc,B900,0x7373c,content_match,high
Y,0x73dbc,E700,0x72e2c,content_match,high
Y,0x73dbc,15120,0x7357c,content_match,high
Y,0x73dbc,32000,0x75d68,family_shift,low
Table 2D - 129_,0x73dd0,D400,0x73dd0,same_addr,high
Table 2D - 129_,0x73dd0,E500,0x72d90,content_match,high
Table 2D - 129_,0x73dd0,C500,0x72d90,content_match,high
Table 2D - 129_,0x73dd0,FB00,0x73750,content_match,high
Table 2D - 129_,0x73dd0,FC00,0x73750,content_match,high
Table 2D - 129_,0x73dd0,B900,0x73750,content_match,high
Table 2D - 129_,0x73dd0,E700,0x72e40,content_match,high
Table 2D - 129_,0x73dd0,15120,0x73590,content_match,high
Table 2D - 129_,0x73dd0,32000,0x75d7c,family_shift,low
Y,0x73dd8,D400,0x73dd8,same_addr,high
Y,0x73dd8,E500,0x72d98,content_match,high
Y,0x73dd8,C500,0x72d98,content_match,high
Y,0x73dd8,FB00,0x73758,content_match,high
Y,0x73dd8,FC00,0x73758,content_match,high
Y,0x73dd8,B900,0x73758,content_match,high
Y,0x73dd8,E700,0x72e48,content_match,high
Y,0x73dd8,15120,0x73598,content_match,high
Y,0x73dd8,32000,0x75d84,family_shift,low
Table 2D - 130_,0x73dec,D400,0x73dec,same_addr,high
Table 2D - 130_,0x73dec,E500,0x72dac,family_shift,medium
Table 2D - 130_,0x73dec,C500,0x72dac,content_match,high
Table 2D - 130_,0x73dec,FB00,0x7376c,content_match,high
Table 2D - 130_,0x73dec,FC00,0x7376c,content_match,high
Table 2D - 130_,0x73dec,B900,0x7376c,content_match,high
Table 2D - 130_,0x73dec,E700,0x72e5c,family_shift,medium
Table 2D - 130_,0x73dec,15120,0x735ac,content_match,high
Table 2D - 130_,0x73dec,32000,0x75c3c,content_match,high
X,0x73df4,D400,0x73df4,same_addr,high
X,0x73df4,E500,0x72db4,family_shift,low
X,0x73df4,C500,0x72db4,content_match,high
X,0x73df4,FB00,0x73774,content_match,high
X,0x73df4,FC00,0x73774,content_match,high
X,0x73df4,B900,0x73774,content_match,high
X,0x73df4,E700,0x72e64,family_shift,low
X,0x73df4,15120,0x735b4,content_match,high
X,0x73df4,32000,0x75da0,family_shift,low
Y,0x73e20,D400,0x73e20,same_addr,high
Y,0x73e20,E500,0x72de0,family_shift,low
Y,0x73e20,C500,0x72de0,content_match,high
Y,0x73e20,FB00,0x737a0,content_match,high
Y,0x73e20,FC00,0x737a0,content_match,high
Y,0x73e20,B900,0x737a0,content_match,high
Y,0x73e20,E700,0x72e90,family_shift,low
Y,0x73e20,15120,0x735e0,content_match,high
Y,0x73e20,32000,0x75dcc,family_shift,low
Table 3D - 47_,0x73e3c,D400,0x73e3c,same_addr,high
Table 3D - 47_,0x73e3c,E500,0x72dfc,content_match,high
Table 3D - 47_,0x73e3c,C500,0x72dfc,content_match,high
Table 3D - 47_,0x73e3c,FB00,0x737bc,content_match,high
Table 3D - 47_,0x73e3c,FC00,0x737bc,content_match,high
Table 3D - 47_,0x73e3c,B900,0x737bc,content_match,high
Table 3D - 47_,0x73e3c,E700,0x72eac,content_match,high
Table 3D - 47_,0x73e3c,15120,0x735fc,content_match,high
Table 3D - 47_,0x73e3c,32000,0x75de8,family_shift,low
X,0x73e8c,D400,0x73e8c,same_addr,high
X,0x73e8c,E500,0x72e4c,content_match,high
X,0x73e8c,C500,0x72e4c,content_match,high
X,0x73e8c,FB00,0x7380c,content_match,high
X,0x73e8c,FC00,0x7380c,content_match,high
X,0x73e8c,B900,0x7380c,content_match,high
X,0x73e8c,E700,0x72efc,content_match,high
X,0x73e8c,15120,0x7364c,content_match,high
X,0x73e8c,32000,0x75e38,family_shift,low
Y,0x73ea4,D400,0x73ea4,same_addr,high
Y,0x73ea4,E500,0x72e64,content_match,high
Y,0x73ea4,C500,0x72e64,content_match,high
Y,0x73ea4,FB00,0x73824,content_match,high
Y,0x73ea4,FC00,0x73824,content_match,high
Y,0x73ea4,B900,0x73824,content_match,high
Y,0x73ea4,E700,0x72f14,content_match,high
Y,0x73ea4,15120,0x73664,content_match,high
Y,0x73ea4,32000,0x75e50,family_shift,low
Table 3D - 48_,0x73ebc,D400,0x73ebc,same_addr,high
Table 3D - 48_,0x73ebc,E500,0x72e7c,content_match,high
Table 3D - 48_,0x73ebc,C500,0x72e7c,content_match,high
Table 3D - 48_,0x73ebc,FB00,0x7383c,content_match,high
Table 3D - 48_,0x73ebc,FC00,0x7383c,content_match,high
Table 3D - 48_,0x73ebc,B900,0x7383c,content_match,high
Table 3D - 48_,0x73ebc,E700,0x72f2c,content_match,high
Table 3D - 48_,0x73ebc,15120,0x7367c,content_match,high
Table 3D - 48_,0x73ebc,32000,0x75e68,family_shift,low
X,0x73ee0,D400,0x73ee0,same_addr,high
X,0x73ee0,E500,0x72ea0,family_shift,medium
X,0x73ee0,C500,0x72ea0,family_shift,medium
X,0x73ee0,FB00,0x73860,family_shift,medium
X,0x73ee0,FC00,0x73860,family_shift,medium
X,0x73ee0,B900,0x73860,family_shift,medium
X,0x73ee0,E700,0x72f50,family_shift,medium
X,0x73ee0,15120,0x736a0,family_shift,medium
X,0x73ee0,32000,0x75e8c,family_shift,low
Y,0x73ef8,D400,0x73ef8,same_addr,high
Y,0x73ef8,E500,0x72eb8,content_match,high
Y,0x73ef8,C500,0x72eb8,content_match,high
Y,0x73ef8,FB00,0x73878,content_match,high
Y,0x73ef8,FC00,0x73878,content_match,high
Y,0x73ef8,B900,0x73878,content_match,high
Y,0x73ef8,E700,0x72f68,content_match,high
Y,0x73ef8,15120,0x736b8,content_match,high
Y,0x73ef8,32000,0x75ea4,family_shift,low
Table 3D - 109_,0x73f14,D400,0x73f14,same_addr,high
Table 3D - 109_,0x73f14,E500,0x72ed4,family_shift,medium
Table 3D - 109_,0x73f14,C500,0x72ed4,family_shift,medium
Table 3D - 109_,0x73f14,FB00,0x73894,family_shift,medium
Table 3D - 109_,0x73f14,FC00,0x73894,family_shift,medium
Table 3D - 109_,0x73f14,B900,0x73894,family_shift,medium
Table 3D - 109_,0x73f14,E700,0x72f84,family_shift,medium
Table 3D - 109_,0x73f14,15120,0x736d4,family_shift,medium
Table 3D - 109_,0x73f14,32000,0x75ec0,family_shift,low
Maximum Throttle Angle,0x73f6c,D400,0x73f6c,same_addr,high
Maximum Throttle Angle,0x73f6c,E500,0x72f2c,content_match,high
Maximum Throttle Angle,0x73f6c,C500,0x72f2c,content_match,high
Maximum Throttle Angle,0x73f6c,FB00,0x738ec,content_match,high
Maximum Throttle Angle,0x73f6c,FC00,0x738ec,content_match,high
Maximum Throttle Angle,0x73f6c,B900,0x738ec,content_match,high
Maximum Throttle Angle,0x73f6c,E700,0x72fdc,content_match,high
Maximum Throttle Angle,0x73f6c,15120,0x7372c,content_match,high
Maximum Throttle Angle,0x73f6c,32000,0x75d58,content_match,high
Y,0x73f98,D400,0x73f98,same_addr,high
Y,0x73f98,E500,0x72f58,content_match,high
Y,0x73f98,C500,0x72f58,content_match,high
Y,0x73f98,FB00,0x73918,content_match,high
Y,0x73f98,FC00,0x73918,content_match,high
Y,0x73f98,B900,0x73918,content_match,high
Y,0x73f98,E700,0x73008,content_match,high
Y,0x73f98,15120,0x73758,family_shift,medium
Y,0x73f98,32000,0x75f44,family_shift,low
Table 2D - 131_,0x73fb8,D400,0x73fb8,same_addr,high
Table 2D - 131_,0x73fb8,E500,0x72f78,content_match,high
Table 2D - 131_,0x73fb8,C500,0x72f78,content_match,high
Table 2D - 131_,0x73fb8,FB00,0x73938,content_match,high
Table 2D - 131_,0x73fb8,FC00,0x73938,content_match,high
Table 2D - 131_,0x73fb8,B900,0x73938,content_match,high
Table 2D - 131_,0x73fb8,E700,0x73028,family_shift,low
Table 2D - 131_,0x73fb8,15120,0x73778,content_match,high
Table 2D - 131_,0x73fb8,32000,0x75f64,family_shift,low
Y,0x73fc0,D400,0x73fc0,same_addr,high
Y,0x73fc0,E500,0x72f80,content_match,high
Y,0x73fc0,C500,0x72f80,content_match,high
Y,0x73fc0,FB00,0x73940,content_match,high
Y,0x73fc0,FC00,0x73940,content_match,high
Y,0x73fc0,B900,0x73940,content_match,high
Y,0x73fc0,E700,0x73030,content_match,high
Y,0x73fc0,15120,0x73780,family_shift,medium
Y,0x73fc0,32000,0x75f6c,family_shift,low
Table 2D - 132_,0x73fe0,D400,0x73fe0,same_addr,high
Table 2D - 132_,0x73fe0,E500,0x72fa0,content_match,high
Table 2D - 132_,0x73fe0,C500,0x72fa0,content_match,high
Table 2D - 132_,0x73fe0,FB00,0x73938,content_match,high
Table 2D - 132_,0x73fe0,FC00,0x73938,content_match,high
Table 2D - 132_,0x73fe0,B900,0x73938,content_match,high
Table 2D - 132_,0x73fe0,E700,0x73050,family_shift,low
Table 2D - 132_,0x73fe0,15120,0x737a0,content_match,high
Table 2D - 132_,0x73fe0,32000,0x75f8c,family_shift,low
Y,0x73fe8,D400,0x73fe8,same_addr,high
Y,0x73fe8,E500,0x72fa8,content_match,high
Y,0x73fe8,C500,0x72fa8,content_match,high
Y,0x73fe8,FB00,0x73978,content_match,high
Y,0x73fe8,FC00,0x73978,content_match,high
Y,0x73fe8,B900,0x73978,content_match,high
Y,0x73fe8,E700,0x73058,content_match,high
Y,0x73fe8,15120,0x737a8,family_shift,medium
Y,0x73fe8,32000,0x75f94,family_shift,low
Table 2D - 133_,0x74008,D400,0x74008,same_addr,high
Table 2D - 133_,0x74008,E500,0x72fc8,content_match,high
Table 2D - 133_,0x74008,C500,0x72fc8,content_match,high
Table 2D - 133_,0x74008,FB00,0x73938,content_match,high
Table 2D - 133_,0x74008,FC00,0x73938,content_match,high
Table 2D - 133_,0x74008,B900,0x73938,content_match,high
Table 2D - 133_,0x74008,E700,0x73078,family_shift,low
Table 2D - 133_,0x74008,15120,0x737c8,content_match,high
Table 2D - 133_,0x74008,32000,0x75fb4,family_shift,low
Y,0x74010,D400,0x74010,same_addr,high
Y,0x74010,E500,0x72fd0,content_match,high
Y,0x74010,C500,0x72fd0,content_match,high
Y,0x74010,FB00,0x73978,content_match,high
Y,0x74010,FC00,0x73978,content_match,high
Y,0x74010,B900,0x73978,content_match,high
Y,0x74010,E700,0x73080,content_match,high
Y,0x74010,15120,0x737d0,family_shift,medium
Y,0x74010,32000,0x75fbc,family_shift,low
Table 2D - 134_,0x74030,D400,0x74030,same_addr,high
Table 2D - 134_,0x74030,E500,0x72ff0,content_match,high
Table 2D - 134_,0x74030,C500,0x72ff0,content_match,high
Table 2D - 134_,0x74030,FB00,0x739b0,family_shift,low
Table 2D - 134_,0x74030,FC00,0x739b0,family_shift,low
Table 2D - 134_,0x74030,B900,0x739b0,family_shift,low
Table 2D - 134_,0x74030,E700,0x730a0,family_shift,low
Table 2D - 134_,0x74030,15120,0x737f0,content_match,high
Table 2D - 134_,0x74030,32000,0x75fdc,family_shift,low
Y,0x74038,D400,0x74038,same_addr,high
Y,0x74038,E500,0x72ff8,family_shift,medium
Y,0x74038,C500,0x72ff8,family_shift,medium
Y,0x74038,FB00,0x739b8,family_shift,low
Y,0x74038,FC00,0x739b8,family_shift,low
Y,0x74038,B900,0x739b8,family_shift,low
Y,0x74038,E700,0x730a8,family_shift,medium
Y,0x74038,15120,0x737f8,family_shift,medium
Y,0x74038,32000,0x75fe4,family_shift,low
Table 2D - 135_,0x74054,D400,0x74054,same_addr,high
Table 2D - 135_,0x74054,E500,0x73014,content_match,high
Table 2D - 135_,0x74054,C500,0x73014,content_match,high
Table 2D - 135_,0x74054,FB00,0x739d4,family_shift,low
Table 2D - 135_,0x74054,FC00,0x739d4,family_shift,low
Table 2D - 135_,0x74054,B900,0x739d4,family_shift,low
Table 2D - 135_,0x74054,E700,0x730c4,content_match,high
Table 2D - 135_,0x74054,15120,0x73814,content_match,high
Table 2D - 135_,0x74054,32000,0x76000,family_shift,low
Y,0x7405c,D400,0x7405c,same_addr,high
Y,0x7405c,E500,0x7301c,family_shift,medium
Y,0x7405c,C500,0x7301c,family_shift,medium
Y,0x7405c,FB00,0x739dc,family_shift,low
Y,0x7405c,FC00,0x739dc,family_shift,low
Y,0x7405c,B900,0x739dc,family_shift,low
Y,0x7405c,E700,0x730cc,family_shift,medium
Y,0x7405c,15120,0x7381c,family_shift,medium
Y,0x7405c,32000,0x76008,family_shift,low
Table 2D - 136_,0x74078,D400,0x74078,same_addr,high
Table 2D - 136_,0x74078,E500,0x73038,content_match,high
Table 2D - 136_,0x74078,C500,0x73038,content_match,high
Table 2D - 136_,0x74078,FB00,0x739f8,family_shift,low
Table 2D - 136_,0x74078,FC00,0x739f8,family_shift,low
Table 2D - 136_,0x74078,B900,0x739f8,family_shift,low
Table 2D - 136_,0x74078,E700,0x730e8,content_match,high
Table 2D - 136_,0x74078,15120,0x73838,content_match,high
Table 2D - 136_,0x74078,32000,0x76024,family_shift,low
Y,0x74080,D400,0x74080,same_addr,high
Y,0x74080,E500,0x73040,content_match,high
Y,0x74080,C500,0x73040,content_match,high
Y,0x74080,FB00,0x73a0c,content_match,high
Y,0x74080,FC00,0x73a0c,content_match,high
Y,0x74080,B900,0x73a0c,content_match,high
Y,0x74080,E700,0x730f0,content_match,high
Y,0x74080,15120,0x73840,family_shift,medium
Y,0x74080,32000,0x7602c,family_shift,low
Table 2D - 137_,0x740ac,D400,0x740ac,same_addr,high
Table 2D - 137_,0x740ac,E500,0x7306c,content_match,high
Table 2D - 137_,0x740ac,C500,0x7306c,content_match,high
Table 2D - 137_,0x740ac,FB00,0x7396c,content_match,high
Table 2D - 137_,0x740ac,FC00,0x7396c,content_match,high
Table 2D - 137_,0x740ac,B900,0x7396c,content_match,high
Table 2D - 137_,0x740ac,E700,0x7311c,family_shift,low
Table 2D - 137_,0x740ac,15120,0x7386c,content_match,high
Table 2D - 137_,0x740ac,32000,0x76058,family_shift,low
Y,0x740b8,D400,0x740b8,same_addr,high
Y,0x740b8,E500,0x73078,content_match,high
Y,0x740b8,C500,0x73078,content_match,high
Y,0x740b8,FB00,0x73a0c,content_match,high
Y,0x740b8,FC00,0x73a0c,content_match,high
Y,0x740b8,B900,0x73a0c,content_match,high
Y,0x740b8,E700,0x73128,content_match,high
Y,0x740b8,15120,0x73878,family_shift,medium
Y,0x740b8,32000,0x76064,family_shift,low
Table 2D - 138_,0x740e4,D400,0x740e4,same_addr,high
Table 2D - 138_,0x740e4,E500,0x730a4,content_match,high
Table 2D - 138_,0x740e4,C500,0x730a4,content_match,high
Table 2D - 138_,0x740e4,FB00,0x739a4,content_match,high
Table 2D - 138_,0x740e4,FC00,0x739a4,content_match,high
Table 2D - 138_,0x740e4,B900,0x739a4,content_match,high
Table 2D - 138_,0x740e4,E700,0x73154,family_shift,medium
Table 2D - 138_,0x740e4,15120,0x738a4,content_match,high
Table 2D - 138_,0x740e4,32000,0x76090,family_shift,low
Y,0x740f0,D400,0x740f0,same_addr,high
Y,0x740f0,E500,0x730b0,content_match,high
Y,0x740f0,C500,0x730b0,content_match,high
Y,0x740f0,FB00,0x73a70,family_shift,low
Y,0x740f0,FC00,0x73a70,family_shift,low
Y,0x740f0,B900,0x73a70,family_shift,low
Y,0x740f0,E700,0x73160,content_match,high
Y,0x740f0,15120,0x738b0,family_shift,medium
Y,0x740f0,32000,0x7609c,family_shift,low
Table 2D - 139_,0x74110,D400,0x74110,same_addr,high
Table 2D - 139_,0x74110,E500,0x730d0,content_match,high
Table 2D - 139_,0x74110,C500,0x730d0,content_match,high
Table 2D - 139_,0x74110,FB00,0x739d0,content_match,high
Table 2D - 139_,0x74110,FC00,0x739d0,content_match,high
Table 2D - 139_,0x74110,B900,0x739d0,content_match,high
Table 2D - 139_,0x74110,E700,0x73180,family_shift,medium
Table 2D - 139_,0x74110,15120,0x738d0,content_match,high
Table 2D - 139_,0x74110,32000,0x760bc,family_shift,low
Y,0x74118,D400,0x74118,same_addr,high
Y,0x74118,E500,0x730d8,content_match,high
Y,0x74118,C500,0x730d8,content_match,high
Y,0x74118,FB00,0x73a98,family_shift,low
Y,0x74118,FC00,0x73a98,family_shift,low
Y,0x74118,B900,0x73a98,family_shift,low
Y,0x74118,E700,0x73188,content_match,high
Y,0x74118,15120,0x738d8,family_shift,medium
Y,0x74118,32000,0x760c4,family_shift,low
Table 2D - 140_,0x74138,D400,0x74138,same_addr,high
Table 2D - 140_,0x74138,E500,0x730f8,content_match,high
Table 2D - 140_,0x74138,C500,0x730f8,content_match,high
Table 2D - 140_,0x74138,FB00,0x739d0,content_match,high
Table 2D - 140_,0x74138,FC00,0x739d0,content_match,high
Table 2D - 140_,0x74138,B900,0x739d0,content_match,high
Table 2D - 140_,0x74138,E700,0x731a8,family_shift,medium
Table 2D - 140_,0x74138,15120,0x738f8,content_match,high
Table 2D - 140_,0x74138,32000,0x760e4,family_shift,low
Y,0x74140,D400,0x74140,same_addr,high
Y,0x74140,E500,0x73100,content_match,high
Y,0x74140,C500,0x73100,content_match,high
Y,0x74140,FB00,0x73ac0,family_shift,low
Y,0x74140,FC00,0x73ac0,family_shift,low
Y,0x74140,B900,0x73ac0,family_shift,low
Y,0x74140,E700,0x731b0,content_match,high
Y,0x74140,15120,0x73900,family_shift,medium
Y,0x74140,32000,0x76114,content_match,high
Table 2D - 141_,0x74160,D400,0x74160,same_addr,high
Table 2D - 141_,0x74160,E500,0x73120,content_match,high
Table 2D - 141_,0x74160,C500,0x73120,content_match,high
Table 2D - 141_,0x74160,FB00,0x739d0,content_match,high
Table 2D - 141_,0x74160,FC00,0x739d0,content_match,high
Table 2D - 141_,0x74160,B900,0x739d0,content_match,high
Table 2D - 141_,0x74160,E700,0x731d0,family_shift,medium
Table 2D - 141_,0x74160,15120,0x73920,content_match,high
Table 2D - 141_,0x74160,32000,0x7610c,family_shift,low
Y,0x74168,D400,0x74168,same_addr,high
Y,0x74168,E500,0x73128,content_match,high
Y,0x74168,C500,0x73128,content_match,high
Y,0x74168,FB00,0x73ae8,family_shift,low
Y,0x74168,FC00,0x73ae8,family_shift,low
Y,0x74168,B900,0x73ae8,family_shift,low
Y,0x74168,E700,0x731d8,content_match,high
Y,0x74168,15120,0x73928,family_shift,medium
Y,0x74168,32000,0x76114,content_match,high
Table 2D - 142_,0x74188,D400,0x74188,same_addr,high
Table 2D - 142_,0x74188,E500,0x73148,content_match,high
Table 2D - 142_,0x74188,C500,0x73148,content_match,high
Table 2D - 142_,0x74188,FB00,0x73b08,family_shift,low
Table 2D - 142_,0x74188,FC00,0x73b08,family_shift,low
Table 2D - 142_,0x74188,B900,0x73b08,family_shift,low
Table 2D - 142_,0x74188,E700,0x731f8,family_shift,low
Table 2D - 142_,0x74188,15120,0x73948,content_match,high
Table 2D - 142_,0x74188,32000,0x76134,family_shift,low
Y,0x74190,D400,0x74190,same_addr,high
Y,0x74190,E500,0x73150,family_shift,medium
Y,0x74190,C500,0x73150,family_shift,medium
Y,0x74190,FB00,0x73b10,family_shift,low
Y,0x74190,FC00,0x73b10,family_shift,low
Y,0x74190,B900,0x73b10,family_shift,low
Y,0x74190,E700,0x73200,family_shift,medium
Y,0x74190,15120,0x73950,family_shift,medium
Y,0x74190,32000,0x7613c,family_shift,low
Table 2D - 143_,0x741ac,D400,0x741ac,same_addr,high
Table 2D - 143_,0x741ac,E500,0x7316c,content_match,high
Table 2D - 143_,0x741ac,C500,0x7316c,content_match,high
Table 2D - 143_,0x741ac,FB00,0x73b2c,family_shift,low
Table 2D - 143_,0x741ac,FC00,0x73b2c,family_shift,low
Table 2D - 143_,0x741ac,B900,0x73b2c,family_shift,low
Table 2D - 143_,0x741ac,E700,0x7321c,content_match,high
Table 2D - 143_,0x741ac,15120,0x7396c,content_match,high
Table 2D - 143_,0x741ac,32000,0x76158,family_shift,low
X,0x741b4,D400,0x741b4,same_addr,high
X,0x741b4,E500,0x73174,content_match,high
X,0x741b4,C500,0x73174,content_match,high
X,0x741b4,FB00,0x73b34,family_shift,low
X,0x741b4,FC00,0x73b34,family_shift,low
X,0x741b4,B900,0x73b34,family_shift,low
X,0x741b4,E700,0x73224,content_match,high
X,0x741b4,15120,0x73974,content_match,high
X,0x741b4,32000,0x76160,family_shift,low
Y,0x74208,D400,0x74208,same_addr,high
Y,0x74208,E500,0x731c8,content_match,high
Y,0x74208,C500,0x731c8,content_match,high
Y,0x74208,FB00,0x73b88,family_shift,low
Y,0x74208,FC00,0x73b88,family_shift,low
Y,0x74208,B900,0x73b88,family_shift,low
Y,0x74208,E700,0x73278,content_match,high
Y,0x74208,15120,0x739c8,content_match,high
Y,0x74208,32000,0x761b4,family_shift,low
Accel Pedal to Throttle Position #1,0x74250,D400,0x74250,same_addr,high
Accel Pedal to Throttle Position #1,0x74250,E500,0x73210,family_shift,medium
Accel Pedal to Throttle Position #1,0x74250,C500,0x73210,family_shift,medium
Accel Pedal to Throttle Position #1,0x74250,FB00,0x73bd0,family_shift,low
Accel Pedal to Throttle Position #1,0x74250,FC00,0x73bd0,family_shift,low
Accel Pedal to Throttle Position #1,0x74250,B900,0x73bd0,family_shift,low
Accel Pedal to Throttle Position #1,0x74250,E700,0x732c0,family_shift,medium
Accel Pedal to Throttle Position #1,0x74250,15120,0x73a10,family_shift,medium
Accel Pedal to Throttle Position #1,0x74250,32000,0x761fc,family_shift,low
X,0x74544,D400,0x74544,same_addr,high
X,0x74544,E500,0x73504,content_match,high
X,0x74544,C500,0x73504,content_match,high
X,0x74544,FB00,0x73ec4,family_shift,low
X,0x74544,FC00,0x73ec4,family_shift,low
X,0x74544,B900,0x73ec4,family_shift,low
X,0x74544,E700,0x735b4,content_match,high
X,0x74544,15120,0x73d04,content_match,high
X,0x74544,32000,0x76394,family_shift,low
Y,0x74598,D400,0x74598,same_addr,high
Y,0x74598,E500,0x73558,content_match,high
Y,0x74598,C500,0x73558,content_match,high
Y,0x74598,FB00,0x73f18,family_shift,low
Y,0x74598,FC00,0x73f18,family_shift,low
Y,0x74598,B900,0x73f18,family_shift,low
Y,0x74598,E700,0x73608,content_match,high
Y,0x74598,15120,0x73d58,content_match,high
Y,0x74598,32000,0x763e8,family_shift,low
Accel Pedal to Throttle Position #2,0x745e0,D400,0x745e0,same_addr,high
Accel Pedal to Throttle Position #2,0x745e0,E500,0x735a0,family_shift,medium
Accel Pedal to Throttle Position #2,0x745e0,C500,0x735a0,family_shift,medium
Accel Pedal to Throttle Position #2,0x745e0,FB00,0x73f60,family_shift,low
Accel Pedal to Throttle Position #2,0x745e0,FC00,0x73f60,family_shift,low
Accel Pedal to Throttle Position #2,0x745e0,B900,0x73f60,family_shift,low
Accel Pedal to Throttle Position #2,0x745e0,E700,0x73650,family_shift,medium
Accel Pedal to Throttle Position #2,0x745e0,15120,0x73da0,family_shift,medium
Accel Pedal to Throttle Position #2,0x745e0,32000,0x76430,family_shift,low
X,0x748d4,D400,0x748d4,same_addr,high
X,0x748d4,E500,0x73894,content_match,high
X,0x748d4,C500,0x73894,content_match,high
X,0x748d4,FB00,0x74194,family_shift,low
X,0x748d4,FC00,0x74194,family_shift,low
X,0x748d4,B900,0x74194,family_shift,low
X,0x748d4,E700,0x73944,content_match,high
X,0x748d4,15120,0x74094,content_match,high
X,0x748d4,32000,0x761d4,family_shift,low
Y,0x74928,D400,0x74928,same_addr,high
Y,0x74928,E500,0x738e8,content_match,high
Y,0x74928,C500,0x738e8,content_match,high
Y,0x74928,FB00,0x74174,content_match,high
Y,0x74928,FC00,0x74174,content_match,high
Y,0x74928,B900,0x74174,content_match,high
Y,0x74928,E700,0x73998,content_match,high
Y,0x74928,15120,0x740e8,content_match,high
Y,0x74928,32000,0x76228,family_shift,low
Accel Pedal to Throttle Position #3,0x74970,D400,0x74970,same_addr,high
Accel Pedal to Throttle Position #3,0x74970,E500,0x73930,family_shift,medium
Accel Pedal to Throttle Position #3,0x74970,C500,0x73930,family_shift,medium
Accel Pedal to Throttle Position #3,0x74970,FB00,0x741bc,family_shift,medium
Accel Pedal to Throttle Position #3,0x74970,FC00,0x741bc,family_shift,medium
Accel Pedal to Throttle Position #3,0x74970,B900,0x741bc,family_shift,medium
Accel Pedal to Throttle Position #3,0x74970,E700,0x739e0,family_shift,medium
Accel Pedal to Throttle Position #3,0x74970,15120,0x74130,family_shift,medium
Accel Pedal to Throttle Position #3,0x74970,32000,0x76270,family_shift,low
X,0x74c64,D400,0x74c64,same_addr,high
X,0x74c64,E500,0x73c24,content_match,high
X,0x74c64,C500,0x73c24,content_match,high
X,0x74c64,FB00,0x744b0,content_match,high
X,0x74c64,FC00,0x744b0,content_match,high
X,0x74c64,B900,0x744b0,content_match,high
X,0x74c64,E700,0x73cd4,content_match,high
X,0x74c64,15120,0x74424,content_match,high
X,0x74c64,32000,0x76644,family_shift,low
Y,0x74cb8,D400,0x74cb8,same_addr,high
Y,0x74cb8,E500,0x73c78,content_match,high
Y,0x74cb8,C500,0x73c78,content_match,high
Y,0x74cb8,FB00,0x74504,content_match,high
Y,0x74cb8,FC00,0x74504,content_match,high
Y,0x74cb8,B900,0x74504,content_match,high
Y,0x74cb8,E700,0x73d28,content_match,high
Y,0x74cb8,15120,0x74478,content_match,high
Y,0x74cb8,32000,0x76698,family_shift,low
Accel Pedal to Throttle Position #4,0x74d00,D400,0x74d00,same_addr,high
Accel Pedal to Throttle Position #4,0x74d00,E500,0x73cc0,family_shift,medium
Accel Pedal to Throttle Position #4,0x74d00,C500,0x73cc0,family_shift,medium
Accel Pedal to Throttle Position #4,0x74d00,FB00,0x74554,family_shift,medium
Accel Pedal to Throttle Position #4,0x74d00,FC00,0x74554,family_shift,medium
Accel Pedal to Throttle Position #4,0x74d00,B900,0x74554,family_shift,medium
Accel Pedal to Throttle Position #4,0x74d00,E700,0x73d70,family_shift,medium
Accel Pedal to Throttle Position #4,0x74d00,15120,0x744c0,family_shift,medium
Accel Pedal to Throttle Position #4,0x74d00,32000,0x766e0,family_shift,low
Y,0x75030,D400,0x75030,same_addr,high
Y,0x75030,E500,0x73ff0,family_shift,medium
Y,0x75030,C500,0x73ff0,family_shift,medium
Y,0x75030,FB00,0x74884,family_shift,low
Y,0x75030,FC00,0x74884,family_shift,low
Y,0x75030,B900,0x74884,family_shift,low
Y,0x75030,E700,0x740a0,family_shift,medium
Y,0x75030,15120,0x747f0,family_shift,medium
Y,0x75030,32000,0x76a1c,content_match,high
Table 2D - 144_,0x75054,D400,0x75054,same_addr,high
Table 2D - 144_,0x75054,E500,0x74014,content_match,high
Table 2D - 144_,0x75054,C500,0x74014,content_match,high
Table 2D - 144_,0x75054,FB00,0x748a0,content_match,high
Table 2D - 144_,0x75054,FC00,0x748a0,content_match,high
Table 2D - 144_,0x75054,B900,0x748a0,content_match,high
Table 2D - 144_,0x75054,E700,0x740c4,content_match,high
Table 2D - 144_,0x75054,15120,0x74814,content_match,high
Table 2D - 144_,0x75054,32000,0x76a34,family_shift,low
Y,0x75068,D400,0x75068,same_addr,high
Y,0x75068,E500,0x74028,family_shift,medium
Y,0x75068,C500,0x74028,content_match,high
Y,0x75068,FB00,0x748b4,content_match,high
Y,0x75068,FC00,0x748b4,content_match,high
Y,0x75068,B900,0x748b4,content_match,high
Y,0x75068,E700,0x740d8,family_shift,medium
Y,0x75068,15120,0x74828,family_shift,medium
Y,0x75068,32000,0x76a48,family_shift,low
Table 2D - 145_,0x750b0,D400,0x750b0,same_addr,high
Table 2D - 145_,0x750b0,E500,0x74070,content_match,high
Table 2D - 145_,0x750b0,C500,0x74070,content_match,high
Table 2D - 145_,0x750b0,FB00,0x748fc,content_match,high
Table 2D - 145_,0x750b0,FC00,0x748fc,content_match,high
Table 2D - 145_,0x750b0,B900,0x748fc,content_match,high
Table 2D - 145_,0x750b0,E700,0x74120,family_shift,low
Table 2D - 145_,0x750b0,15120,0x74870,content_match,high
Table 2D - 145_,0x750b0,32000,0x76a90,family_shift,low
Y,0x750d4,D400,0x750d4,same_addr,high
Y,0x750d4,E500,0x74094,family_shift,medium
Y,0x750d4,C500,0x74094,family_shift,medium
Y,0x750d4,FB00,0x74928,family_shift,low
Y,0x750d4,FC00,0x74928,family_shift,low
Y,0x750d4,B900,0x74928,family_shift,low
Y,0x750d4,E700,0x74144,family_shift,medium
Y,0x750d4,15120,0x74894,family_shift,medium
Y,0x750d4,32000,0x76aa4,content_match,high
Table 2D - 146_,0x750f8,D400,0x750f8,same_addr,high
Table 2D - 146_,0x750f8,E500,0x740b8,content_match,high
Table 2D - 146_,0x750f8,C500,0x740b8,content_match,high
Table 2D - 146_,0x750f8,FB00,0x74944,content_match,high
Table 2D - 146_,0x750f8,FC00,0x74944,content_match,high
Table 2D - 146_,0x750f8,B900,0x74944,content_match,high
Table 2D - 146_,0x750f8,E700,0x74168,content_match,high
Table 2D - 146_,0x750f8,15120,0x748b8,content_match,high
Table 2D - 146_,0x750f8,32000,0x76ac8,content_match,high
Y,0x7510c,D400,0x7510c,same_addr,high
Y,0x7510c,E500,0x740cc,family_shift,medium
Y,0x7510c,C500,0x740cc,family_shift,medium
Y,0x7510c,FB00,0x74960,family_shift,low
Y,0x7510c,FC00,0x74960,family_shift,low
Y,0x7510c,B900,0x74960,family_shift,low
Y,0x7510c,E700,0x7417c,family_shift,medium
Y,0x7510c,15120,0x748cc,family_shift,medium
Y,0x7510c,32000,0x76adc,content_match,high
Table 2D - 147_,0x75130,D400,0x75130,same_addr,high
Table 2D - 147_,0x75130,E500,0x740f0,content_match,high
Table 2D - 147_,0x75130,C500,0x740f0,content_match,high
Table 2D - 147_,0x75130,FB00,0x7497c,content_match,high
Table 2D - 147_,0x75130,FC00,0x7497c,content_match,high
Table 2D - 147_,0x75130,B900,0x7497c,content_match,high
Table 2D - 147_,0x75130,E700,0x741a0,content_match,high
Table 2D - 147_,0x75130,15120,0x748f0,content_match,high
Table 2D - 147_,0x75130,32000,0x76b00,content_match,high
Y,0x75144,D400,0x75144,same_addr,high
Y,0x75144,E500,0x74104,content_match,high
Y,0x75144,C500,0x74104,content_match,high
Y,0x75144,FB00,0x74990,content_match,high
Y,0x75144,FC00,0x74990,content_match,high
Y,0x75144,B900,0x74990,content_match,high
Y,0x75144,E700,0x741b4,content_match,high
Y,0x75144,15120,0x74904,content_match,high
Y,0x75144,32000,0x76b24,family_shift,low
Table 2D - 331 Check DataType,0x75158,D400,0x75158,same_addr,high
Table 2D - 331 Check DataType,0x75158,E500,0x74118,content_match,high
Table 2D - 331 Check DataType,0x75158,C500,0x74118,content_match,high
Table 2D - 331 Check DataType,0x75158,FB00,0x749a4,content_match,high
Table 2D - 331 Check DataType,0x75158,FC00,0x749a4,content_match,high
Table 2D - 331 Check DataType,0x75158,B900,0x749a4,content_match,high
Table 2D - 331 Check DataType,0x75158,E700,0x741c8,family_shift,medium
Table 2D - 331 Check DataType,0x75158,15120,0x74918,content_match,high
Table 2D - 331 Check DataType,0x75158,32000,0x76b38,family_shift,low
Y,0x752c4,D400,0x752c4,same_addr,high
Y,0x752c4,E500,0x74284,content_match,high
Y,0x752c4,C500,0x74284,content_match,high
Y,0x752c4,FB00,0x74b18,content_match,high
Y,0x752c4,FC00,0x74b18,content_match,high
Y,0x752c4,B900,0x74b18,content_match,high
Y,0x752c4,E700,0x74334,content_match,high
Y,0x752c4,15120,0x74a84,content_match,high
Y,0x752c4,32000,0x76ca4,content_match,high
Table 2D - 148_,0x752e0,D400,0x752e0,same_addr,high
Table 2D - 148_,0x752e0,E500,0x742a0,content_match,high
Table 2D - 148_,0x752e0,C500,0x742a0,content_match,high
Table 2D - 148_,0x752e0,FB00,0x74b34,content_match,high
Table 2D - 148_,0x752e0,FC00,0x74b34,content_match,high
Table 2D - 148_,0x752e0,B900,0x74b34,content_match,high
Table 2D - 148_,0x752e0,E700,0x74350,content_match,high
Table 2D - 148_,0x752e0,15120,0x74aa0,content_match,high
Table 2D - 148_,0x752e0,32000,0x76cc0,content_match,high
Y,0x752e8,D400,0x752e8,same_addr,high
Y,0x752e8,E500,0x742a8,family_shift,medium
Y,0x752e8,C500,0x742a8,family_shift,medium
Y,0x752e8,FB00,0x74b3c,family_shift,medium
Y,0x752e8,FC00,0x74b3c,family_shift,medium
Y,0x752e8,B900,0x74b3c,family_shift,medium
Y,0x752e8,E700,0x74358,family_shift,medium
Y,0x752e8,15120,0x74aa8,family_shift,medium
Y,0x752e8,32000,0x76be8,family_shift,low
Table 2D - 149_,0x7530c,D400,0x7530c,same_addr,high
Table 2D - 149_,0x7530c,E500,0x742cc,content_match,high
Table 2D - 149_,0x7530c,C500,0x742cc,content_match,high
Table 2D - 149_,0x7530c,FB00,0x74b60,content_match,high
Table 2D - 149_,0x7530c,FC00,0x74b60,content_match,high
Table 2D - 149_,0x7530c,B900,0x74b60,content_match,high
Table 2D - 149_,0x7530c,E700,0x7437c,content_match,high
Table 2D - 149_,0x7530c,15120,0x74acc,content_match,high
Table 2D - 149_,0x7530c,32000,0x76cec,content_match,high
Y,0x75320,D400,0x75320,same_addr,high
Y,0x75320,E500,0x742e0,content_match,high
Y,0x75320,C500,0x742e0,content_match,high
Y,0x75320,FB00,0x74b74,content_match,high
Y,0x75320,FC00,0x74b74,content_match,high
Y,0x75320,B900,0x74b74,content_match,high
Y,0x75320,E700,0x74390,content_match,high
Y,0x75320,15120,0x74ae0,content_match,high
Y,0x75320,32000,0x76d00,content_match,high
Table 2D - 150_,0x7534c,D400,0x7534c,same_addr,high
Table 2D - 150_,0x7534c,E500,0x7430c,content_match,high
Table 2D - 150_,0x7534c,C500,0x7430c,content_match,high
Table 2D - 150_,0x7534c,FB00,0x74ba0,content_match,high
Table 2D - 150_,0x7534c,FC00,0x74ba0,content_match,high
Table 2D - 150_,0x7534c,B900,0x74ba0,content_match,high
Table 2D - 150_,0x7534c,E700,0x743bc,content_match,high
Table 2D - 150_,0x7534c,15120,0x74b0c,content_match,high
Table 2D - 150_,0x7534c,32000,0x76d2c,content_match,high
Y,0x75364,D400,0x75364,same_addr,high
Y,0x75364,E500,0x74324,content_match,high
Y,0x75364,C500,0x74324,content_match,high
Y,0x75364,FB00,0x74bb8,content_match,high
Y,0x75364,FC00,0x74bb8,content_match,high
Y,0x75364,B900,0x74bb8,content_match,high
Y,0x75364,E700,0x743d4,content_match,high
Y,0x75364,15120,0x74b24,content_match,high
Y,0x75364,32000,0x76d44,content_match,high
Table 2D - 151_,0x75398,D400,0x75398,same_addr,high
Table 2D - 151_,0x75398,E500,0x74358,content_match,high
Table 2D - 151_,0x75398,C500,0x74358,content_match,high
Table 2D - 151_,0x75398,FB00,0x74bec,content_match,high
Table 2D - 151_,0x75398,FC00,0x74bec,content_match,high
Table 2D - 151_,0x75398,B900,0x74bec,content_match,high
Table 2D - 151_,0x75398,E700,0x74408,content_match,high
Table 2D - 151_,0x75398,15120,0x74b58,content_match,high
Table 2D - 151_,0x75398,32000,0x76d78,content_match,high
Y,0x753b4,D400,0x753b4,same_addr,high
Y,0x753b4,E500,0x74374,family_shift,medium
Y,0x753b4,C500,0x74374,family_shift,medium
Y,0x753b4,FB00,0x74c08,family_shift,medium
Y,0x753b4,FC00,0x74c08,family_shift,medium
Y,0x753b4,B900,0x74c08,family_shift,medium
Y,0x753b4,E700,0x74424,family_shift,medium
Y,0x753b4,15120,0x74b74,family_shift,medium
Y,0x753b4,32000,0x76cc8,content_match,high
Table 2D - 152_,0x753d8,D400,0x753d8,same_addr,high
Table 2D - 152_,0x753d8,E500,0x74398,family_shift,medium
Table 2D - 152_,0x753d8,C500,0x74398,family_shift,medium
Table 2D - 152_,0x753d8,FB00,0x74c2c,family_shift,medium
Table 2D - 152_,0x753d8,FC00,0x74c2c,family_shift,medium
Table 2D - 152_,0x753d8,B900,0x74c2c,family_shift,medium
Table 2D - 152_,0x753d8,E700,0x74448,family_shift,medium
Table 2D - 152_,0x753d8,15120,0x74b98,family_shift,medium
Table 2D - 152_,0x753d8,32000,0x76cd8,family_shift,low
Y,0x753ec,D400,0x753ec,same_addr,high
Y,0x753ec,E500,0x743ac,family_shift,medium
Y,0x753ec,C500,0x743ac,family_shift,medium
Y,0x753ec,FB00,0x74c40,family_shift,medium
Y,0x753ec,FC00,0x74c40,family_shift,medium
Y,0x753ec,B900,0x74c40,family_shift,medium
Y,0x753ec,E700,0x7445c,family_shift,medium
Y,0x753ec,15120,0x74bac,family_shift,medium
Y,0x753ec,32000,0x76cc8,content_match,high
Table 2D - 153_,0x75410,D400,0x75410,same_addr,high
Table 2D - 153_,0x75410,E500,0x743d0,family_shift,medium
Table 2D - 153_,0x75410,C500,0x743d0,family_shift,medium
Table 2D - 153_,0x75410,FB00,0x74c64,family_shift,medium
Table 2D - 153_,0x75410,FC00,0x74c64,family_shift,medium
Table 2D - 153_,0x75410,B900,0x74c64,family_shift,medium
Table 2D - 153_,0x75410,E700,0x74480,family_shift,medium
Table 2D - 153_,0x75410,15120,0x74bd0,family_shift,medium
Table 2D - 153_,0x75410,32000,0x76d10,family_shift,low
Y,0x75424,D400,0x75424,same_addr,high
Y,0x75424,E500,0x743e4,family_shift,medium
Y,0x75424,C500,0x743e4,family_shift,medium
Y,0x75424,FB00,0x74c78,family_shift,medium
Y,0x75424,FC00,0x74c78,family_shift,medium
Y,0x75424,B900,0x74c78,family_shift,medium
Y,0x75424,E700,0x74494,family_shift,medium
Y,0x75424,15120,0x74be4,family_shift,medium
Y,0x75424,32000,0x76d24,family_shift,low
Table 2D - 154_,0x75448,D400,0x75448,same_addr,high
Table 2D - 154_,0x75448,E500,0x74408,family_shift,medium
Table 2D - 154_,0x75448,C500,0x74408,family_shift,medium
Table 2D - 154_,0x75448,FB00,0x74c9c,family_shift,medium
Table 2D - 154_,0x75448,FC00,0x74c9c,family_shift,medium
Table 2D - 154_,0x75448,B900,0x74c9c,family_shift,medium
Table 2D - 154_,0x75448,E700,0x744b8,family_shift,medium
Table 2D - 154_,0x75448,15120,0x74c08,family_shift,medium
Table 2D - 154_,0x75448,32000,0x76d48,family_shift,low
Y,0x7545c,D400,0x7545c,same_addr,high
Y,0x7545c,E500,0x7441c,family_shift,medium
Y,0x7545c,C500,0x7441c,family_shift,medium
Y,0x7545c,FB00,0x74cb0,family_shift,medium
Y,0x7545c,FC00,0x74cb0,family_shift,medium
Y,0x7545c,B900,0x74cb0,family_shift,medium
Y,0x7545c,E700,0x744cc,family_shift,medium
Y,0x7545c,15120,0x74c1c,family_shift,medium
Y,0x7545c,32000,0x76d5c,family_shift,low
Table 2D - 155_,0x75480,D400,0x75480,same_addr,high
Table 2D - 155_,0x75480,E500,0x74440,family_shift,medium
Table 2D - 155_,0x75480,C500,0x74440,family_shift,medium
Table 2D - 155_,0x75480,FB00,0x74cd4,family_shift,medium
Table 2D - 155_,0x75480,FC00,0x74cd4,family_shift,medium
Table 2D - 155_,0x75480,B900,0x74cd4,family_shift,medium
Table 2D - 155_,0x75480,E700,0x744f0,family_shift,medium
Table 2D - 155_,0x75480,15120,0x74c40,family_shift,medium
Table 2D - 155_,0x75480,32000,0x76d80,family_shift,low
X,0x75494,D400,0x75494,same_addr,high
X,0x75494,E500,0x74454,content_match,high
X,0x75494,C500,0x74454,content_match,high
X,0x75494,FB00,0x74ce8,content_match,high
X,0x75494,FC00,0x74ce8,content_match,high
X,0x75494,B900,0x74ce8,content_match,high
X,0x75494,E700,0x74504,content_match,high
X,0x75494,15120,0x74c54,content_match,high
X,0x75494,32000,0x76d94,content_match,high
Y,0x754c0,D400,0x754c0,same_addr,high
Y,0x754c0,E500,0x74480,content_match,high
Y,0x754c0,C500,0x74480,content_match,high
Y,0x754c0,FB00,0x74d14,content_match,high
Y,0x754c0,FC00,0x74d14,content_match,high
Y,0x754c0,B900,0x74d14,content_match,high
Y,0x754c0,E700,0x74530,content_match,high
Y,0x754c0,15120,0x74c80,content_match,high
Y,0x754c0,32000,0x76dc0,content_match,high
Table 3D - 53_,0x754f0,D400,0x754f0,same_addr,high
Table 3D - 53_,0x754f0,E500,0x744b0,content_match,high
Table 3D - 53_,0x754f0,C500,0x744b0,content_match,high
Table 3D - 53_,0x754f0,FB00,0x74d44,content_match,high
Table 3D - 53_,0x754f0,FC00,0x74d44,content_match,high
Table 3D - 53_,0x754f0,B900,0x74d44,content_match,high
Table 3D - 53_,0x754f0,E700,0x74560,content_match,high
Table 3D - 53_,0x754f0,15120,0x74cb0,content_match,high
Table 3D - 53_,0x754f0,32000,0x76df0,content_match,high
Y,0x75594,D400,0x75594,same_addr,high
Y,0x75594,E500,0x74554,family_shift,low
Y,0x75594,C500,0x74554,content_match,high
Y,0x75594,FB00,0x74de8,content_match,high
Y,0x75594,FC00,0x74de8,content_match,high
Y,0x75594,B900,0x74de8,content_match,high
Y,0x75594,E700,0x74604,family_shift,low
Y,0x75594,15120,0x74db0,content_match,high
Y,0x75594,32000,0x76e94,content_match,high
Table 2D - 156_,0x755b8,D400,0x755b8,same_addr,high
Table 2D - 156_,0x755b8,E500,0x74578,family_shift,low
Table 2D - 156_,0x755b8,C500,0x74578,content_match,high
Table 2D - 156_,0x755b8,FB00,0x74e0c,content_match,high
Table 2D - 156_,0x755b8,FC00,0x74e0c,content_match,high
Table 2D - 156_,0x755b8,B900,0x74e0c,content_match,high
Table 2D - 156_,0x755b8,E700,0x74628,family_shift,low
Table 2D - 156_,0x755b8,15120,0x74d78,family_shift,low
Table 2D - 156_,0x755b8,32000,0x76eb8,content_match,high
X,0x755c4,D400,0x755c4,same_addr,high
X,0x755c4,E500,0x74584,content_match,high
X,0x755c4,C500,0x74584,content_match,high
X,0x755c4,FB00,0x74e18,content_match,high
X,0x755c4,FC00,0x74e18,content_match,high
X,0x755c4,B900,0x74e18,content_match,high
X,0x755c4,E700,0x74634,family_shift,low
X,0x755c4,15120,0x74d84,family_shift,low
X,0x755c4,32000,0x76ec4,content_match,high
Y,0x755ec,D400,0x755ec,same_addr,high
Y,0x755ec,E500,0x745ac,content_match,high
Y,0x755ec,C500,0x745ac,content_match,high
Y,0x755ec,FB00,0x74e40,content_match,high
Y,0x755ec,FC00,0x74e40,content_match,high
Y,0x755ec,B900,0x74e40,content_match,high
Y,0x755ec,E700,0x7465c,content_match,high
Y,0x755ec,15120,0x74dac,family_shift,low
Y,0x755ec,32000,0x76eec,content_match,high
Table 3D - 54_,0x75630,D400,0x75630,same_addr,high
Table 3D - 54_,0x75630,E500,0x745f0,content_match,high
Table 3D - 54_,0x75630,C500,0x745f0,content_match,high
Table 3D - 54_,0x75630,FB00,0x74e84,content_match,high
Table 3D - 54_,0x75630,FC00,0x74e84,content_match,high
Table 3D - 54_,0x75630,B900,0x74e84,content_match,high
Table 3D - 54_,0x75630,E700,0x746a0,family_shift,low
Table 3D - 54_,0x75630,15120,0x74df0,family_shift,low
Table 3D - 54_,0x75630,32000,0x76f30,content_match,high
X,0x75784,D400,0x75784,same_addr,high
X,0x75784,E500,0x74744,content_match,high
X,0x75784,C500,0x74744,content_match,high
X,0x75784,FB00,0x74fd8,content_match,high
X,0x75784,FC00,0x74fd8,content_match,high
X,0x75784,B900,0x74fd8,content_match,high
X,0x75784,E700,0x747f4,family_shift,low
X,0x75784,15120,0x74f44,family_shift,low
X,0x75784,32000,0x77084,content_match,high
Y,0x757ac,D400,0x757ac,same_addr,high
Y,0x757ac,E500,0x7476c,content_match,high
Y,0x757ac,C500,0x7476c,content_match,high
Y,0x757ac,FB00,0x75000,content_match,high
Y,0x757ac,FC00,0x75000,content_match,high
Y,0x757ac,B900,0x75000,content_match,high
Y,0x757ac,E700,0x7481c,content_match,high
Y,0x757ac,15120,0x74f6c,family_shift,low
Y,0x757ac,32000,0x770ac,content_match,high
Table 3D - 55_,0x757f0,D400,0x757f0,same_addr,high
Table 3D - 55_,0x757f0,E500,0x747b0,content_match,high
Table 3D - 55_,0x757f0,C500,0x747b0,content_match,high
Table 3D - 55_,0x757f0,FB00,0x75044,content_match,high
Table 3D - 55_,0x757f0,FC00,0x75044,content_match,high
Table 3D - 55_,0x757f0,B900,0x75044,content_match,high
Table 3D - 55_,0x757f0,E700,0x74860,family_shift,low
Table 3D - 55_,0x757f0,15120,0x74fb0,family_shift,low
Table 3D - 55_,0x757f0,32000,0x770f0,content_match,high
Y,0x75984,D400,0x75984,same_addr,high
Y,0x75984,E500,0x74944,family_shift,medium
Y,0x75984,C500,0x74944,content_match,high
Y,0x75984,FB00,0x751d8,family_shift,medium
Y,0x75984,FC00,0x751d8,family_shift,medium
Y,0x75984,B900,0x751d8,family_shift,medium
Y,0x75984,E700,0x749f4,family_shift,medium
Y,0x75984,15120,0x75530,content_match,high
Y,0x75984,32000,0x77284,family_shift,medium
Table 2D - 157_,0x759cc,D400,0x759cc,same_addr,high
Table 2D - 157_,0x759cc,E500,0x7498c,family_shift,medium
Table 2D - 157_,0x759cc,C500,0x7498c,content_match,high
Table 2D - 157_,0x759cc,FB00,0x75220,family_shift,medium
Table 2D - 157_,0x759cc,FC00,0x75220,family_shift,medium
Table 2D - 157_,0x759cc,B900,0x75220,family_shift,medium
Table 2D - 157_,0x759cc,E700,0x74a3c,family_shift,low
Table 2D - 157_,0x759cc,15120,0x75578,content_match,high
Table 2D - 157_,0x759cc,32000,0x772cc,family_shift,medium
Y,0x75a34,D400,0x75a34,same_addr,high
Y,0x75a34,E500,0x749f4,content_match,high
Y,0x75a34,C500,0x749f4,content_match,high
Y,0x75a34,FB00,0x75288,content_match,high
Y,0x75a34,FC00,0x75288,content_match,high
Y,0x75a34,B900,0x75288,content_match,high
Y,0x75a34,E700,0x74aa4,content_match,high
Y,0x75a34,15120,0x755dc,content_match,high
Y,0x75a34,32000,0x77334,content_match,high
Table 2D - 332 Check DataType,0x75a78,D400,0x75a78,same_addr,high
Table 2D - 332 Check DataType,0x75a78,E500,0x74a38,content_match,high
Table 2D - 332 Check DataType,0x75a78,C500,0x74a38,content_match,high
Table 2D - 332 Check DataType,0x75a78,FB00,0x752cc,content_match,high
Table 2D - 332 Check DataType,0x75a78,FC00,0x752cc,content_match,high
Table 2D - 332 Check DataType,0x75a78,B900,0x752cc,content_match,high
Table 2D - 332 Check DataType,0x75a78,E700,0x74ae8,content_match,high
Table 2D - 332 Check DataType,0x75a78,15120,0x75620,content_match,high
Table 2D - 332 Check DataType,0x75a78,32000,0x77378,content_match,high
Y,0x75a9c,D400,0x75a9c,same_addr,high
Y,0x75a9c,E500,0x74a5c,content_match,high
Y,0x75a9c,C500,0x74a5c,content_match,high
Y,0x75a9c,FB00,0x752f0,content_match,high
Y,0x75a9c,FC00,0x752f0,content_match,high
Y,0x75a9c,B900,0x752f0,content_match,high
Y,0x75a9c,E700,0x74b0c,content_match,high
Y,0x75a9c,15120,0x7525c,family_shift,low
Y,0x75a9c,32000,0x7739c,content_match,high
Table 2D - 333 Check DataType,0x75ae0,D400,0x75ae0,same_addr,high
Table 2D - 333 Check DataType,0x75ae0,E500,0x74aa0,content_match,high
Table 2D - 333 Check DataType,0x75ae0,C500,0x74aa0,content_match,high
Table 2D - 333 Check DataType,0x75ae0,FB00,0x75334,content_match,high
Table 2D - 333 Check DataType,0x75ae0,FC00,0x75334,content_match,high
Table 2D - 333 Check DataType,0x75ae0,B900,0x75334,content_match,high
Table 2D - 333 Check DataType,0x75ae0,E700,0x74b50,family_shift,medium
Table 2D - 333 Check DataType,0x75ae0,15120,0x752a0,family_shift,low
Table 2D - 333 Check DataType,0x75ae0,32000,0x773e0,content_match,high
Y,0x75ba4,D400,0x75ba4,same_addr,high
Y,0x75ba4,E500,0x74b64,content_match,high
Y,0x75ba4,C500,0x74b64,content_match,high
Y,0x75ba4,FB00,0x753f8,content_match,high
Y,0x75ba4,FC00,0x753f8,content_match,high
Y,0x75ba4,B900,0x753f8,content_match,high
Y,0x75ba4,E700,0x74c14,content_match,high
Y,0x75ba4,15120,0x757c8,content_match,high
Y,0x75ba4,32000,0x774a4,content_match,high
Table 2D - 334 Check DataType,0x75bbc,D400,0x75bbc,same_addr,high
Table 2D - 334 Check DataType,0x75bbc,E500,0x74b7c,content_match,high
Table 2D - 334 Check DataType,0x75bbc,C500,0x74b7c,content_match,high
Table 2D - 334 Check DataType,0x75bbc,FB00,0x75410,content_match,high
Table 2D - 334 Check DataType,0x75bbc,FC00,0x75410,content_match,high
Table 2D - 334 Check DataType,0x75bbc,B900,0x75410,content_match,high
Table 2D - 334 Check DataType,0x75bbc,E700,0x74c2c,content_match,high
Table 2D - 334 Check DataType,0x75bbc,15120,0x757e0,content_match,high
Table 2D - 334 Check DataType,0x75bbc,32000,0x774bc,content_match,high
Y,0x75bc4,D400,0x75bc4,same_addr,high
Y,0x75bc4,E500,0x74b84,content_match,high
Y,0x75bc4,C500,0x74b84,content_match,high
Y,0x75bc4,FB00,0x75418,content_match,high
Y,0x75bc4,FC00,0x75418,content_match,high
Y,0x75bc4,B900,0x75418,content_match,high
Y,0x75bc4,E700,0x74c34,content_match,high
Y,0x75bc4,15120,0x757e8,content_match,high
Y,0x75bc4,32000,0x774c4,content_match,high
Table 2D - 158_,0x75bf8,D400,0x75bf8,same_addr,high
Table 2D - 158_,0x75bf8,E500,0x74bb8,content_match,high
Table 2D - 158_,0x75bf8,C500,0x74bb8,content_match,high
Table 2D - 158_,0x75bf8,FB00,0x7544c,content_match,high
Table 2D - 158_,0x75bf8,FC00,0x7544c,content_match,high
Table 2D - 158_,0x75bf8,B900,0x7544c,content_match,high
Table 2D - 158_,0x75bf8,E700,0x74c68,content_match,high
Table 2D - 158_,0x75bf8,15120,0x7581c,content_match,high
Table 2D - 158_,0x75bf8,32000,0x774f8,content_match,high
Y,0x75c14,D400,0x75c14,same_addr,high
Y,0x75c14,E500,0x74bd4,content_match,high
Y,0x75c14,C500,0x74bd4,content_match,high
Y,0x75c14,FB00,0x75468,content_match,high
Y,0x75c14,FC00,0x75468,content_match,high
Y,0x75c14,B900,0x75468,content_match,high
Y,0x75c14,E700,0x74c84,content_match,high
Y,0x75c14,15120,0x75838,content_match,high
Y,0x75c14,32000,0x77514,content_match,high
Table 2D - 159_,0x75c48,D400,0x75c48,same_addr,high
Table 2D - 159_,0x75c48,E500,0x74c08,content_match,high
Table 2D - 159_,0x75c48,C500,0x74c08,content_match,high
Table 2D - 159_,0x75c48,FB00,0x7549c,content_match,high
Table 2D - 159_,0x75c48,FC00,0x7549c,content_match,high
Table 2D - 159_,0x75c48,B900,0x7549c,content_match,high
Table 2D - 159_,0x75c48,E700,0x74cb8,content_match,high
Table 2D - 159_,0x75c48,15120,0x7586c,content_match,high
Table 2D - 159_,0x75c48,32000,0x77548,content_match,high
X,0x75cf8,D400,0x75cf8,same_addr,high
X,0x75cf8,E500,0x74cb8,content_match,high
X,0x75cf8,C500,0x74cb8,content_match,high
X,0x75cf8,FB00,0x7554c,family_shift,low
X,0x75cf8,FC00,0x7554c,family_shift,low
X,0x75cf8,B900,0x7554c,family_shift,low
X,0x75cf8,E700,0x74d68,content_match,high
X,0x75cf8,15120,0x7591c,content_match,high
X,0x75cf8,32000,0x775f4,family_shift,medium
Y,0x75d0c,D400,0x75d0c,same_addr,high
Y,0x75d0c,E500,0x74ccc,content_match,high
Y,0x75d0c,C500,0x74ccc,content_match,high
Y,0x75d0c,FB00,0x75560,family_shift,low
Y,0x75d0c,FC00,0x75560,family_shift,low
Y,0x75d0c,B900,0x75560,family_shift,low
Y,0x75d0c,E700,0x74d7c,content_match,high
Y,0x75d0c,15120,0x75930,content_match,high
Y,0x75d0c,32000,0x7760c,family_shift,low
Table 3D - 110_,0x75d5c,D400,0x75d5c,same_addr,high
Table 3D - 110_,0x75d5c,E500,0x74d1c,content_match,high
Table 3D - 110_,0x75d5c,C500,0x74d1c,content_match,high
Table 3D - 110_,0x75d5c,FB00,0x755b0,family_shift,low
Table 3D - 110_,0x75d5c,FC00,0x755b0,family_shift,low
Table 3D - 110_,0x75d5c,B900,0x755b0,family_shift,low
Table 3D - 110_,0x75d5c,E700,0x74dcc,content_match,high
Table 3D - 110_,0x75d5c,15120,0x75980,content_match,high
Table 3D - 110_,0x75d5c,32000,0x7765c,family_shift,low
X,0x75dc0,D400,0x75dc0,same_addr,high
X,0x75dc0,E500,0x74d80,family_shift,medium
X,0x75dc0,C500,0x74d80,family_shift,medium
X,0x75dc0,FB00,0x75614,family_shift,low
X,0x75dc0,FC00,0x75614,family_shift,low
X,0x75dc0,B900,0x75614,family_shift,low
X,0x75dc0,E700,0x74e30,family_shift,medium
X,0x75dc0,15120,0x759e4,family_shift,medium
X,0x75dc0,32000,0x776c0,family_shift,low
Y,0x75e04,D400,0x75e04,same_addr,high
Y,0x75e04,E500,0x74dc4,content_match,high
Y,0x75e04,C500,0x74dc4,content_match,high
Y,0x75e04,FB00,0x75648,content_match,high
Y,0x75e04,FC00,0x75648,content_match,high
Y,0x75e04,B900,0x75648,content_match,high
Y,0x75e04,E700,0x74e74,content_match,high
Y,0x75e04,15120,0x75a28,content_match,high
Y,0x75e04,32000,0x77704,family_shift,low
Table 3D - 56_,0x75e10,D400,0x75e10,same_addr,high
Table 3D - 56_,0x75e10,E500,0x74dd0,family_shift,medium
Table 3D - 56_,0x75e10,C500,0x74dd0,family_shift,medium
Table 3D - 56_,0x75e10,FB00,0x75664,family_shift,low
Table 3D - 56_,0x75e10,FC00,0x75664,family_shift,low
Table 3D - 56_,0x75e10,B900,0x75664,family_shift,low
Table 3D - 56_,0x75e10,E700,0x74e80,family_shift,medium
Table 3D - 56_,0x75e10,15120,0x75a34,family_shift,medium
Table 3D - 56_,0x75e10,32000,0x77710,family_shift,low
X,0x75e78,D400,0x75e78,same_addr,high
X,0x75e78,E500,0x74e38,family_shift,medium
X,0x75e78,C500,0x74e38,family_shift,medium
X,0x75e78,FB00,0x755b0,family_shift,low
X,0x75e78,FC00,0x755b0,family_shift,low
X,0x75e78,B900,0x755b0,family_shift,low
X,0x75e78,E700,0x74ee8,family_shift,medium
X,0x75e78,15120,0x75a9c,family_shift,medium
X,0x75e78,32000,0x77778,family_shift,low
Y,0x75ebc,D400,0x75ebc,same_addr,high
Y,0x75ebc,E500,0x74e7c,content_match,high
Y,0x75ebc,C500,0x74e7c,content_match,high
Y,0x75ebc,FB00,0x755c4,content_match,high
Y,0x75ebc,FC00,0x755c4,content_match,high
Y,0x75ebc,B900,0x755c4,content_match,high
Y,0x75ebc,E700,0x74f2c,content_match,high
Y,0x75ebc,15120,0x75ae0,content_match,high
Y,0x75ebc,32000,0x777bc,family_shift,low
Table 3D - 57_,0x75ec8,D400,0x75ec8,same_addr,high
Table 3D - 57_,0x75ec8,E500,0x74e88,family_shift,medium
Table 3D - 57_,0x75ec8,C500,0x74e88,family_shift,medium
Table 3D - 57_,0x75ec8,FB00,0x75600,family_shift,low
Table 3D - 57_,0x75ec8,FC00,0x75600,family_shift,low
Table 3D - 57_,0x75ec8,B900,0x75600,family_shift,low
Table 3D - 57_,0x75ec8,E700,0x74f38,family_shift,medium
Table 3D - 57_,0x75ec8,15120,0x75aec,family_shift,medium
Table 3D - 57_,0x75ec8,32000,0x777c8,family_shift,low
X,0x75f30,D400,0x75f30,same_addr,high
X,0x75f30,E500,0x74ef0,family_shift,medium
X,0x75f30,C500,0x74ef0,family_shift,medium
X,0x75f30,FB00,0x75668,family_shift,low
X,0x75f30,FC00,0x75668,family_shift,low
X,0x75f30,B900,0x75668,family_shift,low
X,0x75f30,E700,0x74fa0,family_shift,medium
X,0x75f30,15120,0x75b54,family_shift,medium
X,0x75f30,32000,0x77830,family_shift,low
Y,0x75f74,D400,0x75f74,same_addr,high
Y,0x75f74,E500,0x74f34,content_match,high
Y,0x75f74,C500,0x74f34,content_match,high
Y,0x75f74,FB00,0x756cc,content_match,high
Y,0x75f74,FC00,0x756cc,content_match,high
Y,0x75f74,B900,0x756cc,content_match,high
Y,0x75f74,E700,0x74fe4,content_match,high
Y,0x75f74,15120,0x75b98,content_match,high
Y,0x75f74,32000,0x77874,family_shift,low
Table 3D - 58_,0x75f80,D400,0x75f80,same_addr,high
Table 3D - 58_,0x75f80,E500,0x74f40,family_shift,medium
Table 3D - 58_,0x75f80,C500,0x74f40,family_shift,medium
Table 3D - 58_,0x75f80,FB00,0x756b8,family_shift,low
Table 3D - 58_,0x75f80,FC00,0x756b8,family_shift,low
Table 3D - 58_,0x75f80,B900,0x756b8,family_shift,low
Table 3D - 58_,0x75f80,E700,0x74ff0,family_shift,medium
Table 3D - 58_,0x75f80,15120,0x75ba4,family_shift,medium
Table 3D - 58_,0x75f80,32000,0x77880,family_shift,low
Y,0x75fec,D400,0x75fec,same_addr,high
Y,0x75fec,E500,0x74fac,family_shift,low
Y,0x75fec,C500,0x74fb0,content_match,high
Y,0x75fec,FB00,0x75724,content_match,high
Y,0x75fec,FC00,0x75724,content_match,high
Y,0x75fec,B900,0x75724,content_match,high
Y,0x75fec,E700,0x7505c,family_shift,low
Y,0x75fec,15120,0x75c10,family_shift,medium
Y,0x75fec,32000,0x778ec,family_shift,low
Table 2D - 160_,0x76034,D400,0x76034,same_addr,high
Table 2D - 160_,0x76034,E500,0x74ffa,content_match,high
Table 2D - 160_,0x76034,C500,0x74ffa,content_match,high
Table 2D - 160_,0x76034,FB00,0x7576c,content_match,high
Table 2D - 160_,0x76034,FC00,0x7576c,content_match,high
Table 2D - 160_,0x76034,B900,0x7576c,content_match,high
Table 2D - 160_,0x76034,E700,0x750a4,family_shift,low
Table 2D - 160_,0x76034,15120,0x75c58,content_match,high
Table 2D - 160_,0x76034,32000,0x776fc,content_match,high
Y,0x76058,D400,0x76058,same_addr,high
Y,0x76058,E500,0x75020,content_match,high
Y,0x76058,C500,0x75020,content_match,high
Y,0x76058,FB00,0x75790,content_match,high
Y,0x76058,FC00,0x75790,content_match,high
Y,0x76058,B900,0x75790,content_match,high
Y,0x76058,E700,0x750d0,content_match,high
Y,0x76058,15120,0x75c7c,content_match,high
Y,0x76058,32000,0x77720,content_match,high
Table 2D - 161_,0x7607c,D400,0x7607c,same_addr,high
Table 2D - 161_,0x7607c,E500,0x75044,content_match,high
Table 2D - 161_,0x7607c,C500,0x75044,content_match,high
Table 2D - 161_,0x7607c,FB00,0x757b4,content_match,high
Table 2D - 161_,0x7607c,FC00,0x757b4,content_match,high
Table 2D - 161_,0x7607c,B900,0x757b4,content_match,high
Table 2D - 161_,0x7607c,E700,0x750f4,content_match,high
Table 2D - 161_,0x7607c,15120,0x75ca0,content_match,high
Table 2D - 161_,0x7607c,32000,0x77744,content_match,high
Y,0x76090,D400,0x76090,same_addr,high
Y,0x76090,E500,0x7505c,content_match,high
Y,0x76090,C500,0x7505c,content_match,high
Y,0x76090,FB00,0x757c8,content_match,high
Y,0x76090,FC00,0x757c8,content_match,high
Y,0x76090,B900,0x757c8,content_match,high
Y,0x76090,E700,0x7510c,content_match,high
Y,0x76090,15120,0x75cb4,content_match,high
Y,0x76090,32000,0x77758,content_match,high
Table 2D - 162_,0x760a4,D400,0x760a4,same_addr,high
Table 2D - 162_,0x760a4,E500,0x75064,family_shift,low
Table 2D - 162_,0x760a4,C500,0x75064,family_shift,low
Table 2D - 162_,0x760a4,FB00,0x757dc,content_match,high
Table 2D - 162_,0x760a4,FC00,0x757dc,content_match,high
Table 2D - 162_,0x760a4,B900,0x757dc,content_match,high
Table 2D - 162_,0x760a4,E700,0x75114,family_shift,low
Table 2D - 162_,0x760a4,15120,0x75cc8,content_match,high
Table 2D - 162_,0x760a4,32000,0x779a4,family_shift,low
X,0x760b0,D400,0x760b0,same_addr,high
X,0x760b0,E500,0x750ac,content_match,high
X,0x760b0,C500,0x750ac,content_match,high
X,0x760b0,FB00,0x757e8,content_match,high
X,0x760b0,FC00,0x757e8,content_match,high
X,0x760b0,B900,0x757e8,content_match,high
X,0x760b0,E700,0x7515c,content_match,high
X,0x760b0,15120,0x75cd4,content_match,high
X,0x760b0,32000,0x779b0,family_shift,low
Y,0x760f8,D400,0x760f8,same_addr,high
Y,0x760f8,E500,0x750b8,family_shift,low
Y,0x760f8,C500,0x750b8,family_shift,low
Y,0x760f8,FB00,0x75830,content_match,high
Y,0x760f8,FC00,0x75830,content_match,high
Y,0x760f8,B900,0x75830,content_match,high
Y,0x760f8,E700,0x75168,family_shift,low
Y,0x760f8,15120,0x75d1c,content_match,high
Y,0x760f8,32000,0x779f8,family_shift,low
Table 3D - 59_,0x76144,D400,0x76144,same_addr,high
Table 3D - 59_,0x76144,E500,0x75104,family_shift,low
Table 3D - 59_,0x76144,C500,0x75104,family_shift,low
Table 3D - 59_,0x76144,FB00,0x7587c,content_match,high
Table 3D - 59_,0x76144,FC00,0x7587c,content_match,high
Table 3D - 59_,0x76144,B900,0x7587c,content_match,high
Table 3D - 59_,0x76144,E700,0x751b4,family_shift,low
Table 3D - 59_,0x76144,15120,0x75d68,content_match,high
Table 3D - 59_,0x76144,32000,0x77a44,family_shift,low
X,0x7629c,D400,0x7629c,same_addr,high
X,0x7629c,E500,0x7525c,family_shift,low
X,0x7629c,C500,0x7525c,family_shift,low
X,0x7629c,FB00,0x759d4,content_match,high
X,0x7629c,FC00,0x759d4,content_match,high
X,0x7629c,B900,0x759d4,content_match,high
X,0x7629c,E700,0x75314,family_shift,low
X,0x7629c,15120,0x75ec0,content_match,high
X,0x7629c,32000,0x77964,family_shift,low
Y,0x762e4,D400,0x762e4,same_addr,high
Y,0x762e4,E500,0x754d0,family_shift,low
Y,0x762e4,C500,0x754d0,family_shift,low
Y,0x762e4,FB00,0x75a1c,content_match,high
Y,0x762e4,FC00,0x75a1c,content_match,high
Y,0x762e4,B900,0x75a1c,content_match,high
Y,0x762e4,E700,0x75580,family_shift,low
Y,0x762e4,15120,0x75f08,content_match,high
Y,0x762e4,32000,0x779ac,family_shift,low
Table 3D - 60_,0x76330,D400,0x76330,same_addr,high
Table 3D - 60_,0x76330,E500,0x7551c,family_shift,low
Table 3D - 60_,0x76330,C500,0x7551c,family_shift,low
Table 3D - 60_,0x76330,FB00,0x75a68,content_match,high
Table 3D - 60_,0x76330,FC00,0x75a68,content_match,high
Table 3D - 60_,0x76330,B900,0x75a68,content_match,high
Table 3D - 60_,0x76330,E700,0x755cc,family_shift,low
Table 3D - 60_,0x76330,15120,0x75f54,content_match,high
Table 3D - 60_,0x76330,32000,0x7780c,family_shift,low
X,0x765dc,D400,0x765dc,same_addr,high
X,0x765dc,E500,0x757c8,family_shift,low
X,0x765dc,C500,0x757c8,family_shift,low
X,0x765dc,FB00,0x75d14,content_match,high
X,0x765dc,FC00,0x75d14,content_match,high
X,0x765dc,B900,0x75d14,content_match,high
X,0x765dc,E700,0x75878,family_shift,low
X,0x765dc,15120,0x76200,content_match,high
X,0x765dc,32000,0x77ab8,family_shift,low
Y,0x76624,D400,0x76624,same_addr,high
Y,0x76624,E500,0x75810,family_shift,low
Y,0x76624,C500,0x75810,family_shift,low
Y,0x76624,FB00,0x75d5c,content_match,high
Y,0x76624,FC00,0x75d5c,content_match,high
Y,0x76624,B900,0x75d5c,content_match,high
Y,0x76624,E700,0x758c0,family_shift,low
Y,0x76624,15120,0x76248,content_match,high
Y,0x76624,32000,0x77b00,family_shift,low
Table 3D - 61_,0x76670,D400,0x76670,same_addr,high
Table 3D - 61_,0x76670,E500,0x7585c,family_shift,low
Table 3D - 61_,0x76670,C500,0x7585c,family_shift,low
Table 3D - 61_,0x76670,FB00,0x75da8,content_match,high
Table 3D - 61_,0x76670,FC00,0x75da8,content_match,high
Table 3D - 61_,0x76670,B900,0x75da8,content_match,high
Table 3D - 61_,0x76670,E700,0x7590c,family_shift,low
Table 3D - 61_,0x76670,15120,0x76294,content_match,high
Table 3D - 61_,0x76670,32000,0x77b4c,family_shift,low
X,0x7691c,D400,0x7691c,same_addr,high
X,0x7691c,E500,0x75b08,family_shift,low
X,0x7691c,C500,0x75b08,family_shift,low
X,0x7691c,FB00,0x76054,family_shift,medium
X,0x7691c,FC00,0x76054,family_shift,medium
X,0x7691c,B900,0x76054,family_shift,medium
X,0x7691c,E700,0x75bb8,family_shift,low
X,0x7691c,15120,0x76540,family_shift,medium
X,0x7691c,32000,0x77df8,content_match,high
Y,0x7693c,D400,0x7693c,same_addr,high
Y,0x7693c,E500,0x75af0,content_match,high
Y,0x7693c,C500,0x75af0,content_match,high
Y,0x7693c,FB00,0x76074,content_match,high
Y,0x7693c,FC00,0x76074,content_match,high
Y,0x7693c,B900,0x76074,content_match,high
Y,0x7693c,E700,0x75ba0,content_match,high
Y,0x7693c,15120,0x76560,content_match,high
Y,0x7693c,32000,0x77e18,content_match,high
Table 3D - 62_,0x76988,D400,0x76988,same_addr,high
Table 3D - 62_,0x76988,E500,0x75b4e,content_match,high
Table 3D - 62_,0x76988,C500,0x75b4e,content_match,high
Table 3D - 62_,0x76988,FB00,0x760c0,content_match,high
Table 3D - 62_,0x76988,FC00,0x760c0,content_match,high
Table 3D - 62_,0x76988,B900,0x760c0,content_match,high
Table 3D - 62_,0x76988,E700,0x75c24,family_shift,low
Table 3D - 62_,0x76988,15120,0x765ac,content_match,high
Table 3D - 62_,0x76988,32000,0x77e64,content_match,high
X,0x76ab8,D400,0x76ab8,same_addr,high
X,0x76ab8,E500,0x75ca4,content_match,high
X,0x76ab8,C500,0x75ca4,content_match,high
X,0x76ab8,FB00,0x761f0,content_match,high
X,0x76ab8,FC00,0x761f0,content_match,high
X,0x76ab8,B900,0x761f0,content_match,high
X,0x76ab8,E700,0x75d54,content_match,high
X,0x76ab8,15120,0x766dc,content_match,high
X,0x76ab8,32000,0x77f94,content_match,high
Y,0x76acc,D400,0x76acc,same_addr,high
Y,0x76acc,E500,0x75cb8,content_match,high
Y,0x76acc,C500,0x75cb8,content_match,high
Y,0x76acc,FB00,0x76204,content_match,high
Y,0x76acc,FC00,0x76204,content_match,high
Y,0x76acc,B900,0x76204,content_match,high
Y,0x76acc,E700,0x75d68,content_match,high
Y,0x76acc,15120,0x766f0,content_match,high
Y,0x76acc,32000,0x77fa8,content_match,high
Table 3D - 63_,0x76ad8,D400,0x76ad8,same_addr,high
Table 3D - 63_,0x76ad8,E500,0x75cc4,content_match,high
Table 3D - 63_,0x76ad8,C500,0x75cc4,content_match,high
Table 3D - 63_,0x76ad8,FB00,0x76210,content_match,high
Table 3D - 63_,0x76ad8,FC00,0x76210,content_match,high
Table 3D - 63_,0x76ad8,B900,0x76210,content_match,high
Table 3D - 63_,0x76ad8,E700,0x75d74,content_match,high
Table 3D - 63_,0x76ad8,15120,0x766fc,content_match,high
Table 3D - 63_,0x76ad8,32000,0x77fb4,content_match,high
Y,0x76b18,D400,0x76b18,same_addr,high
Y,0x76b18,E500,0x75d04,content_match,high
Y,0x76b18,C500,0x75d04,content_match,high
Y,0x76b18,FB00,0x76250,content_match,high
Y,0x76b18,FC00,0x76250,content_match,high
Y,0x76b18,B900,0x76250,content_match,high
Y,0x76b18,E700,0x75db4,content_match,high
Y,0x76b18,15120,0x7673c,content_match,high
Y,0x76b18,32000,0x77ff4,content_match,high
Table 2D - 163_,0x76b28,D400,0x76b28,same_addr,high
Table 2D - 163_,0x76b28,E500,0x75d14,family_shift,medium
Table 2D - 163_,0x76b28,C500,0x75d14,family_shift,medium
Table 2D - 163_,0x76b28,FB00,0x76260,family_shift,medium
Table 2D - 163_,0x76b28,FC00,0x76260,family_shift,medium
Table 2D - 163_,0x76b28,B900,0x76260,family_shift,medium
Table 2D - 163_,0x76b28,E700,0x75dc4,content_match,high
Table 2D - 163_,0x76b28,15120,0x7674c,content_match,high
Table 2D - 163_,0x76b28,32000,0x78004,content_match,high
Y,0x76bc8,D400,0x76bc8,same_addr,high
Y,0x76bc8,E500,0x75db4,family_shift,low
Y,0x76bc8,C500,0x75db4,family_shift,low
Y,0x76bc8,FB00,0x76300,family_shift,low
Y,0x76bc8,FC00,0x76300,family_shift,low
Y,0x76bc8,B900,0x76300,family_shift,low
Y,0x76bc8,E700,0x75e64,family_shift,low
Y,0x76bc8,15120,0x767ec,content_match,high
Y,0x76bc8,32000,0x780a0,content_match,high
Table 2D - 335 Check DataType,0x76c2c,D400,0x76c2c,same_addr,high
Table 2D - 335 Check DataType,0x76c2c,E500,0x75e18,family_shift,low
Table 2D - 335 Check DataType,0x76c2c,C500,0x75e18,family_shift,low
Table 2D - 335 Check DataType,0x76c2c,FB00,0x76364,family_shift,low
Table 2D - 335 Check DataType,0x76c2c,FC00,0x76364,family_shift,low
Table 2D - 335 Check DataType,0x76c2c,B900,0x76364,family_shift,low
Table 2D - 335 Check DataType,0x76c2c,E700,0x75ec8,family_shift,low
Table 2D - 335 Check DataType,0x76c2c,15120,0x76850,content_match,high
Table 2D - 335 Check DataType,0x76c2c,32000,0x78104,content_match,high
Y,0x76c90,D400,0x76c90,same_addr,high
Y,0x76c90,E500,0x75e7c,family_shift,low
Y,0x76c90,C500,0x75e7c,family_shift,low
Y,0x76c90,FB00,0x763c8,family_shift,low
Y,0x76c90,FC00,0x763c8,family_shift,low
Y,0x76c90,B900,0x763c8,family_shift,low
Y,0x76c90,E700,0x75f2c,family_shift,low
Y,0x76c90,15120,0x768b4,content_match,high
Y,0x76c90,32000,0x78168,content_match,high
Table 2D - 336 Check DataType,0x76cf4,D400,0x76cf4,same_addr,high
Table 2D - 336 Check DataType,0x76cf4,E500,0x75ee0,family_shift,low
Table 2D - 336 Check DataType,0x76cf4,C500,0x75ee0,family_shift,low
Table 2D - 336 Check DataType,0x76cf4,FB00,0x7642c,family_shift,low
Table 2D - 336 Check DataType,0x76cf4,FC00,0x7642c,family_shift,low
Table 2D - 336 Check DataType,0x76cf4,B900,0x7642c,family_shift,low
Table 2D - 336 Check DataType,0x76cf4,E700,0x75f90,family_shift,low
Table 2D - 336 Check DataType,0x76cf4,15120,0x76918,content_match,high
Table 2D - 336 Check DataType,0x76cf4,32000,0x781cc,content_match,high
Y,0x76d58,D400,0x76d58,same_addr,high
Y,0x76d58,E500,0x75f44,family_shift,low
Y,0x76d58,C500,0x75f44,family_shift,low
Y,0x76d58,FB00,0x76490,family_shift,low
Y,0x76d58,FC00,0x76490,family_shift,low
Y,0x76d58,B900,0x76490,family_shift,low
Y,0x76d58,E700,0x75ff4,family_shift,low
Y,0x76d58,15120,0x7697c,content_match,high
Y,0x76d58,32000,0x78230,content_match,high
Table 2D - 337 Check DataType,0x76dbc,D400,0x76dbc,same_addr,high
Table 2D - 337 Check DataType,0x76dbc,E500,0x75fa8,family_shift,low
Table 2D - 337 Check DataType,0x76dbc,C500,0x75fa8,family_shift,low
Table 2D - 337 Check DataType,0x76dbc,FB00,0x764f4,family_shift,low
Table 2D - 337 Check DataType,0x76dbc,FC00,0x764f4,family_shift,low
Table 2D - 337 Check DataType,0x76dbc,B900,0x764f4,family_shift,low
Table 2D - 337 Check DataType,0x76dbc,E700,0x76058,family_shift,low
Table 2D - 337 Check DataType,0x76dbc,15120,0x769e0,content_match,high
Table 2D - 337 Check DataType,0x76dbc,32000,0x78294,content_match,high
Y,0x76e20,D400,0x76e20,same_addr,high
Y,0x76e20,E500,0x7600c,family_shift,low
Y,0x76e20,C500,0x7600c,family_shift,low
Y,0x76e20,FB00,0x76558,family_shift,low
Y,0x76e20,FC00,0x76558,family_shift,low
Y,0x76e20,B900,0x76558,family_shift,low
Y,0x76e20,E700,0x760bc,family_shift,low
Y,0x76e20,15120,0x76a44,content_match,high
Y,0x76e20,32000,0x782f8,content_match,high
Table 2D - 338 Check DataType,0x76e84,D400,0x76e84,same_addr,high
Table 2D - 338 Check DataType,0x76e84,E500,0x76070,family_shift,low
Table 2D - 338 Check DataType,0x76e84,C500,0x76070,family_shift,low
Table 2D - 338 Check DataType,0x76e84,FB00,0x765bc,family_shift,low
Table 2D - 338 Check DataType,0x76e84,FC00,0x765bc,family_shift,low
Table 2D - 338 Check DataType,0x76e84,B900,0x765bc,family_shift,low
Table 2D - 338 Check DataType,0x76e84,E700,0x76120,family_shift,low
Table 2D - 338 Check DataType,0x76e84,15120,0x76aa8,content_match,high
Table 2D - 338 Check DataType,0x76e84,32000,0x7835c,content_match,high
Y,0x76ee8,D400,0x76ee8,same_addr,high
Y,0x76ee8,E500,0x760d4,family_shift,low
Y,0x76ee8,C500,0x760d4,family_shift,low
Y,0x76ee8,FB00,0x76620,family_shift,low
Y,0x76ee8,FC00,0x76620,family_shift,low
Y,0x76ee8,B900,0x76620,family_shift,low
Y,0x76ee8,E700,0x76184,family_shift,low
Y,0x76ee8,15120,0x76b0c,content_match,high
Y,0x76ee8,32000,0x783c0,content_match,high
Table 2D - 339 Check DataType,0x76f4c,D400,0x76f4c,same_addr,high
Table 2D - 339 Check DataType,0x76f4c,E500,0x76138,family_shift,low
Table 2D - 339 Check DataType,0x76f4c,C500,0x76138,family_shift,low
Table 2D - 339 Check DataType,0x76f4c,FB00,0x76684,family_shift,low
Table 2D - 339 Check DataType,0x76f4c,FC00,0x76684,family_shift,low
Table 2D - 339 Check DataType,0x76f4c,B900,0x76684,family_shift,low
Table 2D - 339 Check DataType,0x76f4c,E700,0x761e8,family_shift,low
Table 2D - 339 Check DataType,0x76f4c,15120,0x76b70,content_match,high
Table 2D - 339 Check DataType,0x76f4c,32000,0x78424,content_match,high
Y,0x76fb0,D400,0x76fb0,same_addr,high
Y,0x76fb0,E500,0x7619c,family_shift,low
Y,0x76fb0,C500,0x7619c,family_shift,low
Y,0x76fb0,FB00,0x766e8,family_shift,low
Y,0x76fb0,FC00,0x766e8,family_shift,low
Y,0x76fb0,B900,0x766e8,family_shift,low
Y,0x76fb0,E700,0x7624c,family_shift,low
Y,0x76fb0,15120,0x76bd4,content_match,high
Y,0x76fb0,32000,0x7848c,family_shift,low
Table 2D - 340 Check DataType,0x7702c,D400,0x7702c,same_addr,high
Table 2D - 340 Check DataType,0x7702c,E500,0x7aa38,content_match,high
Table 2D - 340 Check DataType,0x7702c,C500,0x7aa38,content_match,high
Table 2D - 340 Check DataType,0x7702c,FB00,0x7ad40,content_match,high
Table 2D - 340 Check DataType,0x7702c,FC00,0x7ad40,content_match,high
Table 2D - 340 Check DataType,0x7702c,B900,0x7ad40,content_match,high
Table 2D - 340 Check DataType,0x7702c,E700,0x762c8,family_shift,low
Table 2D - 340 Check DataType,0x7702c,15120,0x76c50,content_match,high
Table 2D - 340 Check DataType,0x7702c,32000,0x7cb34,content_match,high
Y,0x770a8,D400,0x770a8,same_addr,high
Y,0x770a8,E500,0x76294,family_shift,low
Y,0x770a8,C500,0x76294,family_shift,low
Y,0x770a8,FB00,0x767e0,family_shift,low
Y,0x770a8,FC00,0x767e0,family_shift,low
Y,0x770a8,B900,0x767e0,family_shift,low
Y,0x770a8,E700,0x76344,family_shift,low
Y,0x770a8,15120,0x76ccc,content_match,high
Y,0x770a8,32000,0x78584,family_shift,low
Table 2D - 341 Check DataType,0x77124,D400,0x77124,same_addr,high
Table 2D - 341 Check DataType,0x77124,E500,0x7aa38,content_match,high
Table 2D - 341 Check DataType,0x77124,C500,0x7aa38,content_match,high
Table 2D - 341 Check DataType,0x77124,FB00,0x7ad40,content_match,high
Table 2D - 341 Check DataType,0x77124,FC00,0x7ad40,content_match,high
Table 2D - 341 Check DataType,0x77124,B900,0x7ad40,content_match,high
Table 2D - 341 Check DataType,0x77124,E700,0x763c0,family_shift,low
Table 2D - 341 Check DataType,0x77124,15120,0x76d48,content_match,high
Table 2D - 341 Check DataType,0x77124,32000,0x7cb34,content_match,high
Y,0x771a0,D400,0x771a0,same_addr,high
Y,0x771a0,E500,0x7638c,family_shift,low
Y,0x771a0,C500,0x7638c,family_shift,low
Y,0x771a0,FB00,0x768d8,family_shift,low
Y,0x771a0,FC00,0x768d8,family_shift,low
Y,0x771a0,B900,0x768d8,family_shift,low
Y,0x771a0,E700,0x7643c,family_shift,low
Y,0x771a0,15120,0x76dc4,content_match,high
Y,0x771a0,32000,0x7867c,family_shift,low
Table 2D - 342 Check DataType,0x7721c,D400,0x7721c,same_addr,high
Table 2D - 342 Check DataType,0x7721c,E500,0x75a94,family_shift,low
Table 2D - 342 Check DataType,0x7721c,C500,0x75a94,family_shift,low
Table 2D - 342 Check DataType,0x7721c,FB00,0x75fe0,family_shift,low
Table 2D - 342 Check DataType,0x7721c,FC00,0x75fe0,family_shift,low
Table 2D - 342 Check DataType,0x7721c,B900,0x75fe0,family_shift,low
Table 2D - 342 Check DataType,0x7721c,E700,0x764b8,family_shift,low
Table 2D - 342 Check DataType,0x7721c,15120,0x76e40,content_match,high
Table 2D - 342 Check DataType,0x7721c,32000,0x786f8,family_shift,low
Y,0x77298,D400,0x77298,same_addr,high
Y,0x77298,E500,0x75b10,family_shift,low
Y,0x77298,C500,0x75b10,family_shift,low
Y,0x77298,FB00,0x7605c,family_shift,low
Y,0x77298,FC00,0x7605c,family_shift,low
Y,0x77298,B900,0x7605c,family_shift,low
Y,0x77298,E700,0x76534,family_shift,low
Y,0x77298,15120,0x76ebc,content_match,high
Y,0x77298,32000,0x78774,family_shift,low
Table 2D - 343 Check DataType,0x77314,D400,0x77314,same_addr,high
Table 2D - 343 Check DataType,0x77314,E500,0x75b8c,family_shift,low
Table 2D - 343 Check DataType,0x77314,C500,0x75b8c,family_shift,low
Table 2D - 343 Check DataType,0x77314,FB00,0x760d8,family_shift,low
Table 2D - 343 Check DataType,0x77314,FC00,0x760d8,family_shift,low
Table 2D - 343 Check DataType,0x77314,B900,0x760d8,family_shift,low
Table 2D - 343 Check DataType,0x77314,E700,0x75c3c,family_shift,low
Table 2D - 343 Check DataType,0x77314,15120,0x76f38,content_match,high
Table 2D - 343 Check DataType,0x77314,32000,0x787f0,family_shift,low
Y,0x77390,D400,0x77390,same_addr,high
Y,0x77390,E500,0x75c08,family_shift,low
Y,0x77390,C500,0x75c08,family_shift,low
Y,0x77390,FB00,0x76154,family_shift,low
Y,0x77390,FC00,0x76154,family_shift,low
Y,0x77390,B900,0x76154,family_shift,low
Y,0x77390,E700,0x75cb8,family_shift,low
Y,0x77390,15120,0x76fb4,content_match,high
Y,0x77390,32000,0x784f0,family_shift,low
Table 2D - 344 Check DataType,0x7740c,D400,0x7740c,same_addr,high
Table 2D - 344 Check DataType,0x7740c,E500,0x75c84,family_shift,low
Table 2D - 344 Check DataType,0x7740c,C500,0x75c84,family_shift,low
Table 2D - 344 Check DataType,0x7740c,FB00,0x761d0,family_shift,low
Table 2D - 344 Check DataType,0x7740c,FC00,0x761d0,family_shift,low
Table 2D - 344 Check DataType,0x7740c,B900,0x761d0,family_shift,low
Table 2D - 344 Check DataType,0x7740c,E700,0x75d34,family_shift,low
Table 2D - 344 Check DataType,0x7740c,15120,0x77030,content_match,high
Table 2D - 344 Check DataType,0x7740c,32000,0x7856c,family_shift,low
X,0x77488,D400,0x77488,same_addr,high
X,0x77488,E500,0x75d00,family_shift,low
X,0x77488,C500,0x75d00,family_shift,low
X,0x77488,FB00,0x7624c,family_shift,low
X,0x77488,FC00,0x7624c,family_shift,low
X,0x77488,B900,0x7624c,family_shift,low
X,0x77488,E700,0x75db0,family_shift,low
X,0x77488,15120,0x770ac,family_shift,medium
X,0x77488,32000,0x785e8,family_shift,low
Y,0x774ac,D400,0x774ac,same_addr,high
Y,0x774ac,E500,0x75d24,family_shift,low
Y,0x774ac,C500,0x75d24,family_shift,low
Y,0x774ac,FB00,0x76270,family_shift,low
Y,0x774ac,FC00,0x76270,family_shift,low
Y,0x774ac,B900,0x76270,family_shift,low
Y,0x774ac,E700,0x75dd4,family_shift,low
Y,0x774ac,15120,0x770d0,content_match,high
Y,0x774ac,32000,0x78640,content_match,high
Table 3D - 111_,0x774c0,D400,0x774c0,same_addr,high
Table 3D - 111_,0x774c0,E500,0x75d38,family_shift,low
Table 3D - 111_,0x774c0,C500,0x75d38,family_shift,low
Table 3D - 111_,0x774c0,FB00,0x76284,family_shift,low
Table 3D - 111_,0x774c0,FC00,0x76284,family_shift,low
Table 3D - 111_,0x774c0,B900,0x76284,family_shift,low
Table 3D - 111_,0x774c0,E700,0x75de8,family_shift,low
Table 3D - 111_,0x774c0,15120,0x770e4,content_match,high
Table 3D - 111_,0x774c0,32000,0x78620,family_shift,low
X,0x77574,D400,0x77574,same_addr,high
X,0x77574,E500,0x75dec,family_shift,low
X,0x77574,C500,0x75dec,family_shift,low
X,0x77574,FB00,0x76338,family_shift,low
X,0x77574,FC00,0x76338,family_shift,low
X,0x77574,B900,0x76338,family_shift,low
X,0x77574,E700,0x75e9c,family_shift,low
X,0x77574,15120,0x77198,family_shift,medium
X,0x77574,32000,0x786d4,family_shift,low
Y,0x7759c,D400,0x7759c,same_addr,high
Y,0x7759c,E500,0x75e14,family_shift,low
Y,0x7759c,C500,0x75e14,family_shift,low
Y,0x7759c,FB00,0x76360,family_shift,low
Y,0x7759c,FC00,0x76360,family_shift,low
Y,0x7759c,B900,0x76360,family_shift,low
Y,0x7759c,E700,0x75ec4,family_shift,low
Y,0x7759c,15120,0x771c0,content_match,high
Y,0x7759c,32000,0x78700,content_match,high
Table 3D - 112_,0x775b0,D400,0x775b0,same_addr,high
Table 3D - 112_,0x775b0,E500,0x75e28,family_shift,low
Table 3D - 112_,0x775b0,C500,0x75e28,family_shift,low
Table 3D - 112_,0x775b0,FB00,0x76374,family_shift,low
Table 3D - 112_,0x775b0,FC00,0x76374,family_shift,low
Table 3D - 112_,0x775b0,B900,0x76374,family_shift,low
Table 3D - 112_,0x775b0,E700,0x75ed8,family_shift,low
Table 3D - 112_,0x775b0,15120,0x771d4,content_match,high
Table 3D - 112_,0x775b0,32000,0x78710,family_shift,low
X,0x77678,D400,0x77678,same_addr,high
X,0x77678,E500,0x75ef0,family_shift,low
X,0x77678,C500,0x75ef0,family_shift,low
X,0x77678,FB00,0x7643c,family_shift,low
X,0x77678,FC00,0x7643c,family_shift,low
X,0x77678,B900,0x7643c,family_shift,low
X,0x77678,E700,0x75fa0,family_shift,low
X,0x77678,15120,0x7729c,content_match,high
X,0x77678,32000,0x787d8,family_shift,low
Y,0x77680,D400,0x77680,same_addr,high
Y,0x77680,E500,0x75ef8,family_shift,low
Y,0x77680,C500,0x75ef8,family_shift,low
Y,0x77680,FB00,0x76444,family_shift,low
Y,0x77680,FC00,0x76444,family_shift,low
Y,0x77680,B900,0x76444,family_shift,low
Y,0x77680,E700,0x75fa8,family_shift,low
Y,0x77680,15120,0x772a4,content_match,high
Y,0x77680,32000,0x787c0,content_match,high
Table 3D - 113_,0x77694,D400,0x77694,same_addr,high
Table 3D - 113_,0x77694,E500,0x75f0c,family_shift,low
Table 3D - 113_,0x77694,C500,0x75f0c,family_shift,low
Table 3D - 113_,0x77694,FB00,0x76458,family_shift,low
Table 3D - 113_,0x77694,FC00,0x76458,family_shift,low
Table 3D - 113_,0x77694,B900,0x76458,family_shift,low
Table 3D - 113_,0x77694,E700,0x75fbc,family_shift,low
Table 3D - 113_,0x77694,15120,0x772b8,family_shift,medium
Table 3D - 113_,0x77694,32000,0x787f4,family_shift,low
X,0x776bc,D400,0x776bc,same_addr,high
X,0x776bc,E500,0x75f34,family_shift,low
X,0x776bc,C500,0x75f34,family_shift,low
X,0x776bc,FB00,0x76480,family_shift,low
X,0x776bc,FC00,0x76480,family_shift,low
X,0x776bc,B900,0x76480,family_shift,low
X,0x776bc,E700,0x75fe4,family_shift,low
X,0x776bc,15120,0x772e0,content_match,high
X,0x776bc,32000,0x7881c,family_shift,low
Y,0x776c4,D400,0x776c4,same_addr,high
Y,0x776c4,E500,0x75f3c,family_shift,low
Y,0x776c4,C500,0x75f3c,family_shift,low
Y,0x776c4,FB00,0x76488,family_shift,low
Y,0x776c4,FC00,0x76488,family_shift,low
Y,0x776c4,B900,0x76488,family_shift,low
Y,0x776c4,E700,0x75fec,family_shift,low
Y,0x776c4,15120,0x772e8,content_match,high
Y,0x776c4,32000,0x78824,family_shift,low
Table 3D - 114_,0x776d8,D400,0x776d8,same_addr,high
Table 3D - 114_,0x776d8,E500,0x75f50,family_shift,low
Table 3D - 114_,0x776d8,C500,0x75f50,family_shift,low
Table 3D - 114_,0x776d8,FB00,0x7649c,family_shift,low
Table 3D - 114_,0x776d8,FC00,0x7649c,family_shift,low
Table 3D - 114_,0x776d8,B900,0x7649c,family_shift,low
Table 3D - 114_,0x776d8,E700,0x76000,family_shift,low
Table 3D - 114_,0x776d8,15120,0x772fc,family_shift,medium
Table 3D - 114_,0x776d8,32000,0x78838,family_shift,low
X,0x77700,D400,0x77700,same_addr,high
X,0x77700,E500,0x75f78,family_shift,low
X,0x77700,C500,0x75f78,family_shift,low
X,0x77700,FB00,0x764c4,family_shift,low
X,0x77700,FC00,0x764c4,family_shift,low
X,0x77700,B900,0x764c4,family_shift,low
X,0x77700,E700,0x76028,family_shift,low
X,0x77700,15120,0x77324,family_shift,medium
X,0x77700,32000,0x78848,content_match,high
Y,0x77724,D400,0x77724,same_addr,high
Y,0x77724,E500,0x75f9c,family_shift,low
Y,0x77724,C500,0x75f9c,family_shift,low
Y,0x77724,FB00,0x764e8,family_shift,low
Y,0x77724,FC00,0x764e8,family_shift,low
Y,0x77724,B900,0x764e8,family_shift,low
Y,0x77724,E700,0x7604c,family_shift,low
Y,0x77724,15120,0x77348,content_match,high
Y,0x77724,32000,0x78868,content_match,high
Table 3D - 115_,0x77738,D400,0x77738,same_addr,high
Table 3D - 115_,0x77738,E500,0x75fb0,family_shift,low
Table 3D - 115_,0x77738,C500,0x75fb0,family_shift,low
Table 3D - 115_,0x77738,FB00,0x764fc,family_shift,low
Table 3D - 115_,0x77738,FC00,0x764fc,family_shift,low
Table 3D - 115_,0x77738,B900,0x764fc,family_shift,low
Table 3D - 115_,0x77738,E700,0x76060,family_shift,low
Table 3D - 115_,0x77738,15120,0x7735c,content_match,high
Table 3D - 115_,0x77738,32000,0x7887c,content_match,high
X,0x777ec,D400,0x777ec,same_addr,high
X,0x777ec,E500,0x75e34,content_match,high
X,0x777ec,C500,0x75e34,content_match,high
X,0x777ec,FB00,0x76380,content_match,high
X,0x777ec,FC00,0x76380,content_match,high
X,0x777ec,B900,0x76380,content_match,high
X,0x777ec,E700,0x75ee4,content_match,high
X,0x777ec,15120,0x77410,content_match,high
X,0x777ec,32000,0x7894c,family_shift,low
Y,0x77800,D400,0x77800,same_addr,high
Y,0x77800,E500,0x76078,content_match,high
Y,0x77800,C500,0x76078,content_match,high
Y,0x77800,FB00,0x765c4,content_match,high
Y,0x77800,FC00,0x765c4,content_match,high
Y,0x77800,B900,0x765c4,content_match,high
Y,0x77800,E700,0x76128,content_match,high
Y,0x77800,15120,0x77424,content_match,high
Y,0x77800,32000,0x7893c,content_match,high
Table 3D - 116_,0x77814,D400,0x77814,same_addr,high
Table 3D - 116_,0x77814,E500,0x7608c,family_shift,low
Table 3D - 116_,0x77814,C500,0x7608c,family_shift,low
Table 3D - 116_,0x77814,FB00,0x765d8,family_shift,low
Table 3D - 116_,0x77814,FC00,0x765d8,family_shift,low
Table 3D - 116_,0x77814,B900,0x765d8,family_shift,low
Table 3D - 116_,0x77814,E700,0x7613c,family_shift,low
Table 3D - 116_,0x77814,15120,0x77438,content_match,high
Table 3D - 116_,0x77814,32000,0x78974,family_shift,low
Y,0x778ec,D400,0x778ec,same_addr,high
Y,0x778ec,E500,0x76164,content_match,high
Y,0x778ec,C500,0x76164,content_match,high
Y,0x778ec,FB00,0x766b0,content_match,high
Y,0x778ec,FC00,0x766b0,content_match,high
Y,0x778ec,B900,0x766b0,content_match,high
Y,0x778ec,E700,0x76214,family_shift,medium
Y,0x778ec,15120,0x77510,content_match,high
Y,0x778ec,32000,0x78a4c,family_shift,low
Table 2D - 164_,0x778f0,D400,0x778f0,same_addr,high
Table 2D - 164_,0x778f0,E500,0x76168,content_match,high
Table 2D - 164_,0x778f0,C500,0x76168,content_match,high
Table 2D - 164_,0x778f0,FB00,0x766b4,content_match,high
Table 2D - 164_,0x778f0,FC00,0x766b4,content_match,high
Table 2D - 164_,0x778f0,B900,0x766b4,content_match,high
Table 2D - 164_,0x778f0,E700,0x76218,family_shift,low
Table 2D - 164_,0x778f0,15120,0x77514,content_match,high
Table 2D - 164_,0x778f0,32000,0x78a50,family_shift,low
Y,0x778f4,D400,0x778f4,same_addr,high
Y,0x778f4,E500,0x7616c,content_match,high
Y,0x778f4,C500,0x7616c,content_match,high
Y,0x778f4,FB00,0x766b8,content_match,high
Y,0x778f4,FC00,0x766b8,content_match,high
Y,0x778f4,B900,0x766b8,content_match,high
Y,0x778f4,E700,0x7621c,content_match,high
Y,0x778f4,15120,0x77518,content_match,high
Y,0x778f4,32000,0x78a54,family_shift,low
Table 2D - 165_,0x778f8,D400,0x778f8,same_addr,high
Table 2D - 165_,0x778f8,E500,0x76170,content_match,high
Table 2D - 165_,0x778f8,C500,0x76170,content_match,high
Table 2D - 165_,0x778f8,FB00,0x766bc,content_match,high
Table 2D - 165_,0x778f8,FC00,0x766bc,content_match,high
Table 2D - 165_,0x778f8,B900,0x766bc,content_match,high
Table 2D - 165_,0x778f8,E700,0x76220,content_match,high
Table 2D - 165_,0x778f8,15120,0x7751c,content_match,high
Table 2D - 165_,0x778f8,32000,0x78a58,family_shift,low
Y,0x778fc,D400,0x778fc,same_addr,high
Y,0x778fc,E500,0x76174,family_shift,medium
Y,0x778fc,C500,0x76174,family_shift,medium
Y,0x778fc,FB00,0x766c0,family_shift,medium
Y,0x778fc,FC00,0x766c0,family_shift,medium
Y,0x778fc,B900,0x766c0,family_shift,medium
Y,0x778fc,E700,0x76224,family_shift,medium
Y,0x778fc,15120,0x77520,family_shift,medium
Y,0x778fc,32000,0x78a5c,family_shift,low
Table 2D - 345 Check DataType,0x77920,D400,0x77920,same_addr,high
Table 2D - 345 Check DataType,0x77920,E500,0x76198,content_match,high
Table 2D - 345 Check DataType,0x77920,C500,0x76198,content_match,high
Table 2D - 345 Check DataType,0x77920,FB00,0x766e4,content_match,high
Table 2D - 345 Check DataType,0x77920,FC00,0x766e4,content_match,high
Table 2D - 345 Check DataType,0x77920,B900,0x766e4,content_match,high
Table 2D - 345 Check DataType,0x77920,E700,0x76248,content_match,high
Table 2D - 345 Check DataType,0x77920,15120,0x77544,content_match,high
Table 2D - 345 Check DataType,0x77920,32000,0x78a80,family_shift,low
Y,0x779b8,D400,0x779b8,same_addr,high
Y,0x779b8,E500,0x76230,content_match,high
Y,0x779b8,C500,0x76230,content_match,high
Y,0x779b8,FB00,0x7677c,content_match,high
Y,0x779b8,FC00,0x7677c,content_match,high
Y,0x779b8,B900,0x7677c,content_match,high
Y,0x779b8,E700,0x762e0,content_match,high
Y,0x779b8,15120,0x775dc,content_match,high
Y,0x779b8,32000,0x78b18,family_shift,low
Table 2D - 166_,0x779d8,D400,0x779d8,same_addr,high
Table 2D - 166_,0x779d8,E500,0x76250,content_match,high
Table 2D - 166_,0x779d8,C500,0x76250,content_match,high
Table 2D - 166_,0x779d8,FB00,0x7679c,content_match,high
Table 2D - 166_,0x779d8,FC00,0x7679c,content_match,high
Table 2D - 166_,0x779d8,B900,0x7679c,content_match,high
Table 2D - 166_,0x779d8,E700,0x76300,content_match,high
Table 2D - 166_,0x779d8,15120,0x775fc,content_match,high
Table 2D - 166_,0x779d8,32000,0x78b38,family_shift,low
Y,0x779e0,D400,0x779e0,same_addr,high
Y,0x779e0,E500,0x76258,content_match,high
Y,0x779e0,C500,0x76258,content_match,high
Y,0x779e0,FB00,0x767a4,content_match,high
Y,0x779e0,FC00,0x767a4,content_match,high
Y,0x779e0,B900,0x767a4,content_match,high
Y,0x779e0,E700,0x76308,content_match,high
Y,0x779e0,15120,0x77604,content_match,high
Y,0x779e0,32000,0x78b40,family_shift,low
Table 2D - 167_,0x779fc,D400,0x779fc,same_addr,high
Table 2D - 167_,0x779fc,E500,0x76274,content_match,high
Table 2D - 167_,0x779fc,C500,0x76274,content_match,high
Table 2D - 167_,0x779fc,FB00,0x767c0,content_match,high
Table 2D - 167_,0x779fc,FC00,0x767c0,content_match,high
Table 2D - 167_,0x779fc,B900,0x767c0,content_match,high
Table 2D - 167_,0x779fc,E700,0x76324,content_match,high
Table 2D - 167_,0x779fc,15120,0x77620,content_match,high
Table 2D - 167_,0x779fc,32000,0x78b5c,family_shift,low
Y,0x77a0c,D400,0x77a0c,same_addr,high
Y,0x77a0c,E500,0x76284,content_match,high
Y,0x77a0c,C500,0x76284,content_match,high
Y,0x77a0c,FB00,0x767d0,content_match,high
Y,0x77a0c,FC00,0x767d0,content_match,high
Y,0x77a0c,B900,0x767d0,content_match,high
Y,0x77a0c,E700,0x76334,content_match,high
Y,0x77a0c,15120,0x77630,content_match,high
Y,0x77a0c,32000,0x78b6c,family_shift,low
Table 2D - 168_,0x77a28,D400,0x77a28,same_addr,high
Table 2D - 168_,0x77a28,E500,0x762a0,content_match,high
Table 2D - 168_,0x77a28,C500,0x762a0,content_match,high
Table 2D - 168_,0x77a28,FB00,0x767ec,content_match,high
Table 2D - 168_,0x77a28,FC00,0x767ec,content_match,high
Table 2D - 168_,0x77a28,B900,0x767ec,content_match,high
Table 2D - 168_,0x77a28,E700,0x76350,content_match,high
Table 2D - 168_,0x77a28,15120,0x7764c,content_match,high
Table 2D - 168_,0x77a28,32000,0x78b88,family_shift,low
X,0x77a44,D400,0x77a44,same_addr,high
X,0x77a44,E500,0x762bc,family_shift,medium
X,0x77a44,C500,0x762bc,family_shift,medium
X,0x77a44,FB00,0x76808,family_shift,medium
X,0x77a44,FC00,0x76808,family_shift,medium
X,0x77a44,B900,0x76808,family_shift,medium
X,0x77a44,E700,0x7636c,family_shift,medium
X,0x77a44,15120,0x77668,family_shift,medium
X,0x77a44,32000,0x78ba4,family_shift,low
Y,0x77a70,D400,0x77a70,same_addr,high
Y,0x77a70,E500,0x762e8,content_match,high
Y,0x77a70,C500,0x762e8,content_match,high
Y,0x77a70,FB00,0x76834,content_match,high
Y,0x77a70,FC00,0x76834,content_match,high
Y,0x77a70,B900,0x76834,content_match,high
Y,0x77a70,E700,0x76398,content_match,high
Y,0x77a70,15120,0x77694,content_match,high
Y,0x77a70,32000,0x78bd0,family_shift,low
Table 3D - 64_,0x77a9c,D400,0x77a9c,same_addr,high
Table 3D - 64_,0x77a9c,E500,0x76314,content_match,high
Table 3D - 64_,0x77a9c,C500,0x76314,content_match,high
Table 3D - 64_,0x77a9c,FB00,0x76860,content_match,high
Table 3D - 64_,0x77a9c,FC00,0x76860,content_match,high
Table 3D - 64_,0x77a9c,B900,0x76860,content_match,high
Table 3D - 64_,0x77a9c,E700,0x763c4,content_match,high
Table 3D - 64_,0x77a9c,15120,0x776c0,content_match,high
Table 3D - 64_,0x77a9c,32000,0x78bfc,family_shift,low
X,0x77b18,D400,0x77b18,same_addr,high
X,0x77b18,E500,0x76390,content_match,high
X,0x77b18,C500,0x76390,content_match,high
X,0x77b18,FB00,0x768dc,content_match,high
X,0x77b18,FC00,0x768dc,content_match,high
X,0x77b18,B900,0x768dc,content_match,high
X,0x77b18,E700,0x76440,content_match,high
X,0x77b18,15120,0x7773c,content_match,high
X,0x77b18,32000,0x78c78,family_shift,low
Y,0x77b1c,D400,0x77b1c,same_addr,high
Y,0x77b1c,E500,0x76394,content_match,high
Y,0x77b1c,C500,0x76394,content_match,high
Y,0x77b1c,FB00,0x768e0,content_match,high
Y,0x77b1c,FC00,0x768e0,content_match,high
Y,0x77b1c,B900,0x768e0,content_match,high
Y,0x77b1c,E700,0x76444,content_match,high
Y,0x77b1c,15120,0x77740,content_match,high
Y,0x77b1c,32000,0x78c7c,family_shift,low
Table 3D - 65_,0x77b20,D400,0x77b20,same_addr,high
Table 3D - 65_,0x77b20,E500,0x76398,content_match,high
Table 3D - 65_,0x77b20,C500,0x76398,content_match,high
Table 3D - 65_,0x77b20,FB00,0x768e4,content_match,high
Table 3D - 65_,0x77b20,FC00,0x768e4,content_match,high
Table 3D - 65_,0x77b20,B900,0x768e4,content_match,high
Table 3D - 65_,0x77b20,E700,0x76448,content_match,high
Table 3D - 65_,0x77b20,15120,0x77744,content_match,high
Table 3D - 65_,0x77b20,32000,0x78c80,family_shift,low
X,0x77b24,D400,0x77b24,same_addr,high
X,0x77b24,E500,0x7639c,content_match,high
X,0x77b24,C500,0x7639c,content_match,high
X,0x77b24,FB00,0x768e8,content_match,high
X,0x77b24,FC00,0x768e8,content_match,high
X,0x77b24,B900,0x768e8,content_match,high
X,0x77b24,E700,0x7644c,content_match,high
X,0x77b24,15120,0x77748,content_match,high
X,0x77b24,32000,0x78c84,family_shift,low
Y,0x77b28,D400,0x77b28,same_addr,high
Y,0x77b28,E500,0x763a0,content_match,high
Y,0x77b28,C500,0x763a0,content_match,high
Y,0x77b28,FB00,0x768ec,content_match,high
Y,0x77b28,FC00,0x768ec,content_match,high
Y,0x77b28,B900,0x768ec,content_match,high
Y,0x77b28,E700,0x76450,content_match,high
Y,0x77b28,15120,0x7774c,content_match,high
Y,0x77b28,32000,0x78c88,family_shift,low
Table 3D - 66_,0x77b2c,D400,0x77b2c,same_addr,high
Table 3D - 66_,0x77b2c,E500,0x763a4,content_match,high
Table 3D - 66_,0x77b2c,C500,0x763a4,content_match,high
Table 3D - 66_,0x77b2c,FB00,0x768f0,content_match,high
Table 3D - 66_,0x77b2c,FC00,0x768f0,content_match,high
Table 3D - 66_,0x77b2c,B900,0x768f0,content_match,high
Table 3D - 66_,0x77b2c,E700,0x76454,content_match,high
Table 3D - 66_,0x77b2c,15120,0x77750,content_match,high
Table 3D - 66_,0x77b2c,32000,0x78c8c,content_match,high
Y,0x77b34,D400,0x77b34,same_addr,high
Y,0x77b34,E500,0x763ac,content_match,high
Y,0x77b34,C500,0x763ac,content_match,high
Y,0x77b34,FB00,0x768f8,content_match,high
Y,0x77b34,FC00,0x768f8,content_match,high
Y,0x77b34,B900,0x768f8,content_match,high
Y,0x77b34,E700,0x7645c,family_shift,medium
Y,0x77b34,15120,0x77758,family_shift,medium
Y,0x77b34,32000,0x78c94,content_match,high
Table 2D - 169_,0x77b44,D400,0x77b44,same_addr,high
Table 2D - 169_,0x77b44,E500,0x763bc,content_match,high
Table 2D - 169_,0x77b44,C500,0x763bc,content_match,high
Table 2D - 169_,0x77b44,FB00,0x76908,content_match,high
Table 2D - 169_,0x77b44,FC00,0x76908,content_match,high
Table 2D - 169_,0x77b44,B900,0x76908,content_match,high
Table 2D - 169_,0x77b44,E700,0x7646c,content_match,high
Table 2D - 169_,0x77b44,15120,0x77768,content_match,high
Table 2D - 169_,0x77b44,32000,0x78ca4,content_match,high
Y,0x77b4c,D400,0x77b4c,same_addr,high
Y,0x77b4c,E500,0x763c4,content_match,high
Y,0x77b4c,C500,0x763c4,content_match,high
Y,0x77b4c,FB00,0x76910,content_match,high
Y,0x77b4c,FC00,0x76910,content_match,high
Y,0x77b4c,B900,0x76910,content_match,high
Y,0x77b4c,E700,0x76474,content_match,high
Y,0x77b4c,15120,0x77770,content_match,high
Y,0x77b4c,32000,0x78cac,content_match,high
Table 2D - 170_,0x77b90,D400,0x77b90,same_addr,high
Table 2D - 170_,0x77b90,E500,0x76408,content_match,high
Table 2D - 170_,0x77b90,C500,0x76408,content_match,high
Table 2D - 170_,0x77b90,FB00,0x76954,content_match,high
Table 2D - 170_,0x77b90,FC00,0x76954,content_match,high
Table 2D - 170_,0x77b90,B900,0x76954,content_match,high
Table 2D - 170_,0x77b90,E700,0x764b8,content_match,high
Table 2D - 170_,0x77b90,15120,0x777b4,content_match,high
Table 2D - 170_,0x77b90,32000,0x78cf0,content_match,high
X,0x77bb4,D400,0x77bb4,same_addr,high
X,0x77bb4,E500,0x7642c,family_shift,medium
X,0x77bb4,C500,0x7642c,family_shift,medium
X,0x77bb4,FB00,0x76978,family_shift,medium
X,0x77bb4,FC00,0x76978,family_shift,medium
X,0x77bb4,B900,0x76978,family_shift,medium
X,0x77bb4,E700,0x764dc,family_shift,medium
X,0x77bb4,15120,0x777d8,family_shift,low
X,0x77bb4,32000,0x78d14,family_shift,medium
Y,0x77bf8,D400,0x77bf8,same_addr,high
Y,0x77bf8,E500,0x76470,content_match,high
Y,0x77bf8,C500,0x76470,content_match,high
Y,0x77bf8,FB00,0x769bc,content_match,high
Y,0x77bf8,FC00,0x769bc,content_match,high
Y,0x77bf8,B900,0x769bc,content_match,high
Y,0x77bf8,E700,0x76520,content_match,high
Y,0x77bf8,15120,0x7781c,family_shift,low
Y,0x77bf8,32000,0x78d58,content_match,high
Estimated Manifold Pressure,0x77c48,D400,0x77c48,same_addr,high
Estimated Manifold Pressure,0x77c48,E500,0x764c0,content_match,high
Estimated Manifold Pressure,0x77c48,C500,0x764c0,content_match,high
Estimated Manifold Pressure,0x77c48,FB00,0x76a0c,content_match,high
Estimated Manifold Pressure,0x77c48,FC00,0x76a0c,content_match,high
Estimated Manifold Pressure,0x77c48,B900,0x76a0c,content_match,high
Estimated Manifold Pressure,0x77c48,E700,0x76570,family_shift,low
Estimated Manifold Pressure,0x77c48,15120,0x7793c,content_match,high
Estimated Manifold Pressure,0x77c48,32000,0x78da8,content_match,high
X,0x77ef0,D400,0x77ef0,same_addr,high
X,0x77ef0,E500,0x76768,content_match,high
X,0x77ef0,C500,0x76768,content_match,high
X,0x77ef0,FB00,0x76cb4,content_match,high
X,0x77ef0,FC00,0x76cb4,content_match,high
X,0x77ef0,B900,0x76cb4,content_match,high
X,0x77ef0,E700,0x76818,content_match,high
X,0x77ef0,15120,0x77b14,family_shift,low
X,0x77ef0,32000,0x79050,content_match,high
Y,0x77f34,D400,0x77f34,same_addr,high
Y,0x77f34,E500,0x767ac,content_match,high
Y,0x77f34,C500,0x767ac,content_match,high
Y,0x77f34,FB00,0x76cf8,content_match,high
Y,0x77f34,FC00,0x76cf8,content_match,high
Y,0x77f34,B900,0x76cf8,content_match,high
Y,0x77f34,E700,0x7685c,content_match,high
Y,0x77f34,15120,0x77b58,family_shift,low
Y,0x77f34,32000,0x79094,content_match,high
Injector Latency Secondary,0x77f58,D400,0x77f58,same_addr,high
Injector Latency Secondary,0x77f58,E500,0x767d0,content_match,high
Injector Latency Secondary,0x77f58,C500,0x767d0,content_match,high
Injector Latency Secondary,0x77f58,FB00,0x76d1c,content_match,high
Injector Latency Secondary,0x77f58,FC00,0x76d1c,content_match,high
Injector Latency Secondary,0x77f58,B900,0x76d1c,content_match,high
Injector Latency Secondary,0x77f58,E700,0x76880,content_match,high
Injector Latency Secondary,0x77f58,15120,0x77c4c,content_match,high
Injector Latency Secondary,0x77f58,32000,0x790b8,content_match,high
X,0x7808c,D400,0x7808c,same_addr,high
X,0x7808c,E500,0x76904,content_match,high
X,0x7808c,C500,0x76904,content_match,high
X,0x7808c,FB00,0x76e50,content_match,high
X,0x7808c,FC00,0x76e50,content_match,high
X,0x7808c,B900,0x76e50,content_match,high
X,0x7808c,E700,0x769b4,content_match,high
X,0x7808c,15120,0x77cb0,family_shift,low
X,0x7808c,32000,0x791ec,content_match,high
Y,0x780d0,D400,0x780d0,same_addr,high
Y,0x780d0,E500,0x76948,content_match,high
Y,0x780d0,C500,0x76948,content_match,high
Y,0x780d0,FB00,0x76e94,content_match,high
Y,0x780d0,FC00,0x76e94,content_match,high
Y,0x780d0,B900,0x76e94,content_match,high
Y,0x780d0,E700,0x769f8,content_match,high
Y,0x780d0,15120,0x77cf4,family_shift,low
Y,0x780d0,32000,0x79230,content_match,high
Injector Latency Primary,0x780f4,D400,0x780f4,same_addr,high
Injector Latency Primary,0x780f4,E500,0x7696c,content_match,high
Injector Latency Primary,0x780f4,C500,0x7696c,content_match,high
Injector Latency Primary,0x780f4,FB00,0x76eb8,content_match,high
Injector Latency Primary,0x780f4,FC00,0x76eb8,content_match,high
Injector Latency Primary,0x780f4,B900,0x76eb8,content_match,high
Injector Latency Primary,0x780f4,E700,0x76a1c,family_shift,low
Injector Latency Primary,0x780f4,15120,0x77de8,content_match,high
Injector Latency Primary,0x780f4,32000,0x79254,content_match,high
Y,0x78284,D400,0x78284,same_addr,high
Y,0x78284,E500,0x76afc,content_match,high
Y,0x78284,C500,0x76afc,content_match,high
Y,0x78284,FB00,0x77048,content_match,high
Y,0x78284,FC00,0x77048,content_match,high
Y,0x78284,B900,0x77048,content_match,high
Y,0x78284,E700,0x76bac,content_match,high
Y,0x78284,15120,0x77fa8,content_match,high
Y,0x78284,32000,0x793e4,content_match,high
Table 2D - 171_,0x7829c,D400,0x7829c,same_addr,high
Table 2D - 171_,0x7829c,E500,0x76b14,content_match,high
Table 2D - 171_,0x7829c,C500,0x76b14,content_match,high
Table 2D - 171_,0x7829c,FB00,0x77060,content_match,high
Table 2D - 171_,0x7829c,FC00,0x77060,content_match,high
Table 2D - 171_,0x7829c,B900,0x77060,content_match,high
Table 2D - 171_,0x7829c,E700,0x76bc4,content_match,high
Table 2D - 171_,0x7829c,15120,0x77ec0,family_shift,low
Table 2D - 171_,0x7829c,32000,0x793fc,content_match,high
Y,0x782a4,D400,0x782a4,same_addr,high
Y,0x782a4,E500,0x76b1c,content_match,high
Y,0x782a4,C500,0x76b1c,content_match,high
Y,0x782a4,FB00,0x77068,content_match,high
Y,0x782a4,FC00,0x77068,content_match,high
Y,0x782a4,B900,0x77068,content_match,high
Y,0x782a4,E700,0x76bcc,content_match,high
Y,0x782a4,15120,0x77ec8,family_shift,low
Y,0x782a4,32000,0x79404,content_match,high
Table 2D - 172_,0x782b8,D400,0x782b8,same_addr,high
Table 2D - 172_,0x782b8,E500,0x76b30,content_match,high
Table 2D - 172_,0x782b8,C500,0x76b30,content_match,high
Table 2D - 172_,0x782b8,FB00,0x7707c,content_match,high
Table 2D - 172_,0x782b8,FC00,0x7707c,content_match,high
Table 2D - 172_,0x782b8,B900,0x7707c,content_match,high
Table 2D - 172_,0x782b8,E700,0x76be0,content_match,high
Table 2D - 172_,0x782b8,15120,0x77edc,family_shift,low
Table 2D - 172_,0x782b8,32000,0x79418,content_match,high
Y,0x782c0,D400,0x782c0,same_addr,high
Y,0x782c0,E500,0x76b38,content_match,high
Y,0x782c0,C500,0x76b38,content_match,high
Y,0x782c0,FB00,0x77084,content_match,high
Y,0x782c0,FC00,0x77084,content_match,high
Y,0x782c0,B900,0x77084,content_match,high
Y,0x782c0,E700,0x76be8,content_match,high
Y,0x782c0,15120,0x77ee4,family_shift,low
Y,0x782c0,32000,0x79420,content_match,high
Table 2D - 173_,0x782c4,D400,0x782c4,same_addr,high
Table 2D - 173_,0x782c4,E500,0x76b3c,content_match,high
Table 2D - 173_,0x782c4,C500,0x76b3c,content_match,high
Table 2D - 173_,0x782c4,FB00,0x77088,content_match,high
Table 2D - 173_,0x782c4,FC00,0x77088,content_match,high
Table 2D - 173_,0x782c4,B900,0x77088,content_match,high
Table 2D - 173_,0x782c4,E700,0x76bec,content_match,high
Table 2D - 173_,0x782c4,15120,0x77ee8,family_shift,low
Table 2D - 173_,0x782c4,32000,0x79424,content_match,high
Y,0x782c8,D400,0x782c8,same_addr,high
Y,0x782c8,E500,0x76b40,content_match,high
Y,0x782c8,C500,0x76b40,content_match,high
Y,0x782c8,FB00,0x7708c,content_match,high
Y,0x782c8,FC00,0x7708c,content_match,high
Y,0x782c8,B900,0x7708c,content_match,high
Y,0x782c8,E700,0x76bf0,content_match,high
Y,0x782c8,15120,0x77eec,family_shift,low
Y,0x782c8,32000,0x79428,content_match,high
Table 2D - 174_,0x782d4,D400,0x782d4,same_addr,high
Table 2D - 174_,0x782d4,E500,0x76b4c,content_match,high
Table 2D - 174_,0x782d4,C500,0x76b4c,content_match,high
Table 2D - 174_,0x782d4,FB00,0x77098,content_match,high
Table 2D - 174_,0x782d4,FC00,0x77098,content_match,high
Table 2D - 174_,0x782d4,B900,0x77098,content_match,high
Table 2D - 174_,0x782d4,E700,0x76bfc,content_match,high
Table 2D - 174_,0x782d4,15120,0x77ef8,family_shift,low
Table 2D - 174_,0x782d4,32000,0x79434,content_match,high
Y,0x782d8,D400,0x782d8,same_addr,high
Y,0x782d8,E500,0x76b50,content_match,high
Y,0x782d8,C500,0x76b50,content_match,high
Y,0x782d8,FB00,0x7709c,content_match,high
Y,0x782d8,FC00,0x7709c,content_match,high
Y,0x782d8,B900,0x7709c,content_match,high
Y,0x782d8,E700,0x76c00,content_match,high
Y,0x782d8,15120,0x77efc,family_shift,low
Y,0x782d8,32000,0x79438,content_match,high
Table 2D - 346 Check DataType,0x782e4,D400,0x782e4,same_addr,high
Table 2D - 346 Check DataType,0x782e4,E500,0x76b5c,content_match,high
Table 2D - 346 Check DataType,0x782e4,C500,0x76b5c,content_match,high
Table 2D - 346 Check DataType,0x782e4,FB00,0x770a8,content_match,high
Table 2D - 346 Check DataType,0x782e4,FC00,0x770a8,content_match,high
Table 2D - 346 Check DataType,0x782e4,B900,0x770a8,content_match,high
Table 2D - 346 Check DataType,0x782e4,E700,0x76c0c,content_match,high
Table 2D - 346 Check DataType,0x782e4,15120,0x77f08,family_shift,low
Table 2D - 346 Check DataType,0x782e4,32000,0x79444,content_match,high
Y,0x782e8,D400,0x782e8,same_addr,high
Y,0x782e8,E500,0x76b60,content_match,high
Y,0x782e8,C500,0x76b60,content_match,high
Y,0x782e8,FB00,0x770ac,content_match,high
Y,0x782e8,FC00,0x770ac,content_match,high
Y,0x782e8,B900,0x770ac,content_match,high
Y,0x782e8,E700,0x76c10,content_match,high
Y,0x782e8,15120,0x77f0c,family_shift,low
Y,0x782e8,32000,0x79448,content_match,high
Table 2D - 175_,0x78318,D400,0x78318,same_addr,high
Table 2D - 175_,0x78318,E500,0x76b90,content_match,high
Table 2D - 175_,0x78318,C500,0x76b90,content_match,high
Table 2D - 175_,0x78318,FB00,0x770dc,content_match,high
Table 2D - 175_,0x78318,FC00,0x770dc,content_match,high
Table 2D - 175_,0x78318,B900,0x770dc,content_match,high
Table 2D - 175_,0x78318,E700,0x76c40,family_shift,low
Table 2D - 175_,0x78318,15120,0x77f3c,family_shift,low
Table 2D - 175_,0x78318,32000,0x79478,content_match,high
Y,0x78330,D400,0x78330,same_addr,high
Y,0x78330,E500,0x76ba8,content_match,high
Y,0x78330,C500,0x76ba8,content_match,high
Y,0x78330,FB00,0x770f4,content_match,high
Y,0x78330,FC00,0x770f4,content_match,high
Y,0x78330,B900,0x770f4,content_match,high
Y,0x78330,E700,0x76c58,content_match,high
Y,0x78330,15120,0x7823c,family_shift,low
Y,0x78330,32000,0x79490,content_match,high
Table 2D - 176_,0x78364,D400,0x78364,same_addr,high
Table 2D - 176_,0x78364,E500,0x76bdc,content_match,high
Table 2D - 176_,0x78364,C500,0x76bdc,content_match,high
Table 2D - 176_,0x78364,FB00,0x77128,content_match,high
Table 2D - 176_,0x78364,FC00,0x77128,content_match,high
Table 2D - 176_,0x78364,B900,0x77128,content_match,high
Table 2D - 176_,0x78364,E700,0x76c8c,content_match,high
Table 2D - 176_,0x78364,15120,0x78270,family_shift,low
Table 2D - 176_,0x78364,32000,0x794c4,content_match,high
Primary Injector Size,0x783a0,D400,0x783a0,same_addr,high
Primary Injector Size,0x783a0,E500,0x76c18,content_match,high
Primary Injector Size,0x783a0,C500,0x76c18,content_match,high
Primary Injector Size,0x783a0,FB00,0x77164,content_match,high
Primary Injector Size,0x783a0,FC00,0x77164,content_match,high
Primary Injector Size,0x783a0,B900,0x77164,content_match,high
Primary Injector Size,0x783a0,E700,0x76cc8,family_shift,medium
Primary Injector Size,0x783a0,15120,0x78184,content_match,high
Primary Injector Size,0x783a0,32000,0x79500,content_match,high
Secondary Injector Size,0x783a8,D400,0x783a8,same_addr,high
Secondary Injector Size,0x783a8,E500,0x76c20,content_match,high
Secondary Injector Size,0x783a8,C500,0x76c20,content_match,high
Secondary Injector Size,0x783a8,FB00,0x7716c,content_match,high
Secondary Injector Size,0x783a8,FC00,0x7716c,content_match,high
Secondary Injector Size,0x783a8,B900,0x7716c,content_match,high
Secondary Injector Size,0x783a8,E700,0x76cd0,family_shift,low
Secondary Injector Size,0x783a8,15120,0x7818c,content_match,high
Secondary Injector Size,0x783a8,32000,0x79508,content_match,high
Secondary Injector Size #2,0x783b0,D400,0x783b0,same_addr,high
Secondary Injector Size #2,0x783b0,E500,0x76c28,content_match,high
Secondary Injector Size #2,0x783b0,C500,0x76c28,content_match,high
Secondary Injector Size #2,0x783b0,FB00,0x77174,content_match,high
Secondary Injector Size #2,0x783b0,FC00,0x77174,content_match,high
Secondary Injector Size #2,0x783b0,B900,0x77174,content_match,high
Secondary Injector Size #2,0x783b0,E700,0x76cd8,family_shift,medium
Secondary Injector Size #2,0x783b0,15120,0x78194,content_match,high
Secondary Injector Size #2,0x783b0,32000,0x79510,content_match,high
Y,0x78418,D400,0x78418,same_addr,high
Y,0x78418,E500,0x76c90,family_shift,medium
Y,0x78418,C500,0x76c90,family_shift,medium
Y,0x78418,FB00,0x771dc,family_shift,medium
Y,0x78418,FC00,0x771dc,family_shift,medium
Y,0x78418,B900,0x771dc,family_shift,medium
Y,0x78418,E700,0x76d40,family_shift,medium
Y,0x78418,15120,0x78324,family_shift,low
Y,0x78418,32000,0x79578,family_shift,low
Table 2D - 177_,0x7845c,D400,0x7845c,same_addr,high
Table 2D - 177_,0x7845c,E500,0x76cd4,content_match,high
Table 2D - 177_,0x7845c,C500,0x76cd4,content_match,high
Table 2D - 177_,0x7845c,FB00,0x77220,family_shift,medium
Table 2D - 177_,0x7845c,FC00,0x77220,family_shift,medium
Table 2D - 177_,0x7845c,B900,0x77220,family_shift,medium
Table 2D - 177_,0x7845c,E700,0x76d84,content_match,high
Table 2D - 177_,0x7845c,15120,0x78230,content_match,high
Table 2D - 177_,0x7845c,32000,0x795bc,family_shift,low
Y,0x78470,D400,0x78470,same_addr,high
Y,0x78470,E500,0x76ce8,content_match,high
Y,0x78470,C500,0x76ce8,content_match,high
Y,0x78470,FB00,0x77234,content_match,high
Y,0x78470,FC00,0x77234,content_match,high
Y,0x78470,B900,0x77234,content_match,high
Y,0x78470,E700,0x76d98,content_match,high
Y,0x78470,15120,0x78244,content_match,high
Y,0x78470,32000,0x7959c,content_match,high
Table 2D - 178_,0x78490,D400,0x78490,same_addr,high
Table 2D - 178_,0x78490,E500,0x76d08,content_match,high
Table 2D - 178_,0x78490,C500,0x76d08,content_match,high
Table 2D - 178_,0x78490,FB00,0x77254,content_match,high
Table 2D - 178_,0x78490,FC00,0x77254,content_match,high
Table 2D - 178_,0x78490,B900,0x77254,content_match,high
Table 2D - 178_,0x78490,E700,0x76db8,content_match,high
Table 2D - 178_,0x78490,15120,0x78264,content_match,high
Table 2D - 178_,0x78490,32000,0x795f0,family_shift,low
Y,0x78498,D400,0x78498,same_addr,high
Y,0x78498,E500,0x76d10,family_shift,medium
Y,0x78498,C500,0x76d10,family_shift,medium
Y,0x78498,FB00,0x7725c,family_shift,medium
Y,0x78498,FC00,0x7725c,family_shift,medium
Y,0x78498,B900,0x7725c,family_shift,medium
Y,0x78498,E700,0x76dc0,family_shift,medium
Y,0x78498,15120,0x783a4,family_shift,low
Y,0x78498,32000,0x795f8,family_shift,low
Table 2D - 347 Check DataType,0x784bc,D400,0x784bc,same_addr,high
Table 2D - 347 Check DataType,0x784bc,E500,0x76d34,family_shift,medium
Table 2D - 347 Check DataType,0x784bc,C500,0x76d34,content_match,high
Table 2D - 347 Check DataType,0x784bc,FB00,0x77280,content_match,high
Table 2D - 347 Check DataType,0x784bc,FC00,0x77280,content_match,high
Table 2D - 347 Check DataType,0x784bc,B900,0x77280,content_match,high
Table 2D - 347 Check DataType,0x784bc,E700,0x76de4,family_shift,medium
Table 2D - 347 Check DataType,0x784bc,15120,0x783c8,family_shift,low
Table 2D - 347 Check DataType,0x784bc,32000,0x7961c,family_shift,low
Y,0x784c8,D400,0x784c8,same_addr,high
Y,0x784c8,E500,0x76d40,content_match,high
Y,0x784c8,C500,0x76d40,content_match,high
Y,0x784c8,FB00,0x7728c,content_match,high
Y,0x784c8,FC00,0x7728c,content_match,high
Y,0x784c8,B900,0x7728c,content_match,high
Y,0x784c8,E700,0x76df0,family_shift,medium
Y,0x784c8,15120,0x783d4,family_shift,low
Y,0x784c8,32000,0x795dc,content_match,high
Table 2D - 348 Check DataType,0x784d4,D400,0x784d4,same_addr,high
Table 2D - 348 Check DataType,0x784d4,E500,0x76d4c,content_match,high
Table 2D - 348 Check DataType,0x784d4,C500,0x76d4c,content_match,high
Table 2D - 348 Check DataType,0x784d4,FB00,0x77298,content_match,high
Table 2D - 348 Check DataType,0x784d4,FC00,0x77298,content_match,high
Table 2D - 348 Check DataType,0x784d4,B900,0x77298,content_match,high
Table 2D - 348 Check DataType,0x784d4,E700,0x76dfc,family_shift,low
Table 2D - 348 Check DataType,0x784d4,15120,0x783e0,family_shift,low
Table 2D - 348 Check DataType,0x784d4,32000,0x795e8,content_match,high
Y,0x784d8,D400,0x784d8,same_addr,high
Y,0x784d8,E500,0x76d50,content_match,high
Y,0x784d8,C500,0x76d50,content_match,high
Y,0x784d8,FB00,0x7729c,content_match,high
Y,0x784d8,FC00,0x7729c,content_match,high
Y,0x784d8,B900,0x7729c,content_match,high
Y,0x784d8,E700,0x76e00,family_shift,medium
Y,0x784d8,15120,0x783e4,family_shift,low
Y,0x784d8,32000,0x795ec,content_match,high
Table 2D - 349 Check DataType,0x784e4,D400,0x784e4,same_addr,high
Table 2D - 349 Check DataType,0x784e4,E500,0x76d5c,content_match,high
Table 2D - 349 Check DataType,0x784e4,C500,0x76d5c,content_match,high
Table 2D - 349 Check DataType,0x784e4,FB00,0x772a8,content_match,high
Table 2D - 349 Check DataType,0x784e4,FC00,0x772a8,content_match,high
Table 2D - 349 Check DataType,0x784e4,B900,0x772a8,content_match,high
Table 2D - 349 Check DataType,0x784e4,E700,0x76e0c,family_shift,low
Table 2D - 349 Check DataType,0x784e4,15120,0x783f0,family_shift,low
Table 2D - 349 Check DataType,0x784e4,32000,0x79644,family_shift,low
Y,0x784e8,D400,0x784e8,same_addr,high
Y,0x784e8,E500,0x76d60,family_shift,medium
Y,0x784e8,C500,0x76d60,family_shift,medium
Y,0x784e8,FB00,0x772ac,family_shift,medium
Y,0x784e8,FC00,0x772ac,family_shift,medium
Y,0x784e8,B900,0x772ac,family_shift,medium
Y,0x784e8,E700,0x76e10,family_shift,medium
Y,0x784e8,15120,0x783f4,family_shift,low
Y,0x784e8,32000,0x79658,content_match,high
Table 2D - 350 Check DataType,0x7850c,D400,0x7850c,same_addr,high
Table 2D - 350 Check DataType,0x7850c,E500,0x76d84,family_shift,medium
Table 2D - 350 Check DataType,0x7850c,C500,0x76d84,content_match,high
Table 2D - 350 Check DataType,0x7850c,FB00,0x772d0,family_shift,medium
Table 2D - 350 Check DataType,0x7850c,FC00,0x772d0,family_shift,medium
Table 2D - 350 Check DataType,0x7850c,B900,0x772d0,family_shift,medium
Table 2D - 350 Check DataType,0x7850c,E700,0x76e34,family_shift,medium
Table 2D - 350 Check DataType,0x7850c,15120,0x78350,content_match,high
Table 2D - 350 Check DataType,0x7850c,32000,0x7966c,family_shift,low
Y,0x78518,D400,0x78518,same_addr,high
Y,0x78518,E500,0x76d90,family_shift,medium
Y,0x78518,C500,0x76d90,family_shift,medium
Y,0x78518,FB00,0x772dc,family_shift,medium
Y,0x78518,FC00,0x772dc,family_shift,medium
Y,0x78518,B900,0x772dc,family_shift,medium
Y,0x78518,E700,0x76e40,family_shift,medium
Y,0x78518,15120,0x78424,family_shift,low
Y,0x78518,32000,0x79658,content_match,high
Table 2D - 179_,0x7853c,D400,0x7853c,same_addr,high
Table 2D - 179_,0x7853c,E500,0x76db4,content_match,high
Table 2D - 179_,0x7853c,C500,0x76db4,content_match,high
Table 2D - 179_,0x7853c,FB00,0x77300,family_shift,medium
Table 2D - 179_,0x7853c,FC00,0x77300,family_shift,medium
Table 2D - 179_,0x7853c,B900,0x77300,family_shift,medium
Table 2D - 179_,0x7853c,E700,0x76e64,content_match,high
Table 2D - 179_,0x7853c,15120,0x78380,content_match,high
Table 2D - 179_,0x7853c,32000,0x7969c,family_shift,low
Y,0x78548,D400,0x78548,same_addr,high
Y,0x78548,E500,0x76dc0,family_shift,medium
Y,0x78548,C500,0x76dc0,family_shift,medium
Y,0x78548,FB00,0x7730c,family_shift,medium
Y,0x78548,FC00,0x7730c,family_shift,medium
Y,0x78548,B900,0x7730c,family_shift,medium
Y,0x78548,E700,0x76e70,family_shift,medium
Y,0x78548,15120,0x78454,family_shift,low
Y,0x78548,32000,0x796d4,content_match,high
Table 2D - 180_,0x7856c,D400,0x7856c,same_addr,high
Table 2D - 180_,0x7856c,E500,0x76de4,family_shift,medium
Table 2D - 180_,0x7856c,C500,0x76de4,content_match,high
Table 2D - 180_,0x7856c,FB00,0x77330,content_match,high
Table 2D - 180_,0x7856c,FC00,0x77330,content_match,high
Table 2D - 180_,0x7856c,B900,0x77330,content_match,high
Table 2D - 180_,0x7856c,E700,0x76e94,family_shift,medium
Table 2D - 180_,0x7856c,15120,0x783b0,content_match,high
Table 2D - 180_,0x7856c,32000,0x796cc,family_shift,low
Y,0x78578,D400,0x78578,same_addr,high
Y,0x78578,E500,0x76df0,family_shift,medium
Y,0x78578,C500,0x76df0,family_shift,medium
Y,0x78578,FB00,0x7733c,family_shift,medium
Y,0x78578,FC00,0x7733c,family_shift,medium
Y,0x78578,B900,0x7733c,family_shift,medium
Y,0x78578,E700,0x76ea0,family_shift,medium
Y,0x78578,15120,0x78484,family_shift,low
Y,0x78578,32000,0x796d4,content_match,high
Table 2D - 181_,0x7859c,D400,0x7859c,same_addr,high
Table 2D - 181_,0x7859c,E500,0x76e14,content_match,high
Table 2D - 181_,0x7859c,C500,0x76e14,content_match,high
Table 2D - 181_,0x7859c,FB00,0x77360,content_match,high
Table 2D - 181_,0x7859c,FC00,0x77360,content_match,high
Table 2D - 181_,0x7859c,B900,0x77360,content_match,high
Table 2D - 181_,0x7859c,E700,0x76ec4,content_match,high
Table 2D - 181_,0x7859c,15120,0x78470,content_match,high
Table 2D - 181_,0x7859c,32000,0x796fc,family_shift,low
Y,0x785b0,D400,0x785b0,same_addr,high
Y,0x785b0,E500,0x76e28,family_shift,medium
Y,0x785b0,C500,0x76e28,family_shift,medium
Y,0x785b0,FB00,0x77374,family_shift,medium
Y,0x785b0,FC00,0x77374,family_shift,medium
Y,0x785b0,B900,0x77374,family_shift,medium
Y,0x785b0,E700,0x76ed8,family_shift,medium
Y,0x785b0,15120,0x784bc,family_shift,low
Y,0x785b0,32000,0x79710,family_shift,low
Table 2D - 182_,0x785f4,D400,0x785f4,same_addr,high
Table 2D - 182_,0x785f4,E500,0x76e6c,content_match,high
Table 2D - 182_,0x785f4,C500,0x76e6c,content_match,high
Table 2D - 182_,0x785f4,FB00,0x773b8,content_match,high
Table 2D - 182_,0x785f4,FC00,0x773b8,content_match,high
Table 2D - 182_,0x785f4,B900,0x773b8,content_match,high
Table 2D - 182_,0x785f4,E700,0x76f1c,content_match,high
Table 2D - 182_,0x785f4,15120,0x784c8,content_match,high
Table 2D - 182_,0x785f4,32000,0x79754,family_shift,low
Y,0x78618,D400,0x78618,same_addr,high
Y,0x78618,E500,0x76e90,family_shift,medium
Y,0x78618,C500,0x76e90,family_shift,medium
Y,0x78618,FB00,0x773dc,family_shift,medium
Y,0x78618,FC00,0x773dc,family_shift,medium
Y,0x78618,B900,0x773dc,family_shift,medium
Y,0x78618,E700,0x76f40,family_shift,medium
Y,0x78618,15120,0x78524,family_shift,medium
Y,0x78618,32000,0x79778,family_shift,low
Table 2D - 183_,0x7863c,D400,0x7863c,same_addr,high
Table 2D - 183_,0x7863c,E500,0x76eb4,content_match,high
Table 2D - 183_,0x7863c,C500,0x76eb4,content_match,high
Table 2D - 183_,0x7863c,FB00,0x77400,content_match,high
Table 2D - 183_,0x7863c,FC00,0x77400,content_match,high
Table 2D - 183_,0x7863c,B900,0x77400,content_match,high
Table 2D - 183_,0x7863c,E700,0x76f64,content_match,high
Table 2D - 183_,0x7863c,15120,0x78510,content_match,high
Table 2D - 183_,0x7863c,32000,0x7979c,family_shift,low
X,0x78650,D400,0x78650,same_addr,high
X,0x78650,E500,0x76ec8,content_match,high
X,0x78650,C500,0x76ec8,content_match,high
X,0x78650,FB00,0x77414,content_match,high
X,0x78650,FC00,0x77414,content_match,high
X,0x78650,B900,0x77414,content_match,high
X,0x78650,E700,0x76f78,content_match,high
X,0x78650,15120,0x7855c,content_match,high
X,0x78650,32000,0x797b0,family_shift,low
Y,0x78698,D400,0x78698,same_addr,high
Y,0x78698,E500,0x76f10,content_match,high
Y,0x78698,C500,0x76f10,content_match,high
Y,0x78698,FB00,0x7745c,content_match,high
Y,0x78698,FC00,0x7745c,content_match,high
Y,0x78698,B900,0x7745c,content_match,high
Y,0x78698,E700,0x76fc4,content_match,high
Y,0x78698,15120,0x785a4,content_match,high
Y,0x78698,32000,0x797f8,family_shift,low
Engine Load Compensation,0x786e8,D400,0x786e8,same_addr,high
Engine Load Compensation,0x786e8,E500,0x76f60,family_shift,low
Engine Load Compensation,0x786e8,C500,0x76f60,content_match,high
Engine Load Compensation,0x786e8,FB00,0x774ac,content_match,high
Engine Load Compensation,0x786e8,FC00,0x774ac,content_match,high
Engine Load Compensation,0x786e8,B900,0x774ac,content_match,high
Engine Load Compensation,0x786e8,E700,0x77010,family_shift,low
Engine Load Compensation,0x786e8,15120,0x785f4,content_match,high
Engine Load Compensation,0x786e8,32000,0x79784,content_match,high
Y,0x789d0,D400,0x789d0,same_addr,high
Y,0x789d0,E500,0x77248,content_match,high
Y,0x789d0,C500,0x77248,content_match,high
Y,0x789d0,FB00,0x77794,content_match,high
Y,0x789d0,FC00,0x77794,content_match,high
Y,0x789d0,B900,0x77794,content_match,high
Y,0x789d0,E700,0x772f8,content_match,high
Y,0x789d0,15120,0x788dc,content_match,high
Y,0x789d0,32000,0x79b30,family_shift,low
Table 2D - 184_,0x78a00,D400,0x78a00,same_addr,high
Table 2D - 184_,0x78a00,E500,0x77278,family_shift,low
Table 2D - 184_,0x78a00,C500,0x77278,content_match,high
Table 2D - 184_,0x78a00,FB00,0x777c4,family_shift,low
Table 2D - 184_,0x78a00,FC00,0x777c4,family_shift,low
Table 2D - 184_,0x78a00,B900,0x777c4,family_shift,low
Table 2D - 184_,0x78a00,E700,0x77328,family_shift,low
Table 2D - 184_,0x78a00,15120,0x7890c,content_match,high
Table 2D - 184_,0x78a00,32000,0x79b60,family_shift,low
Y,0x78a0c,D400,0x78a0c,same_addr,high
Y,0x78a0c,E500,0x77284,content_match,high
Y,0x78a0c,C500,0x77284,content_match,high
Y,0x78a0c,FB00,0x777d0,family_shift,low
Y,0x78a0c,FC00,0x777d0,family_shift,low
Y,0x78a0c,B900,0x777d0,family_shift,low
Y,0x78a0c,E700,0x77334,content_match,high
Y,0x78a0c,15120,0x78918,content_match,high
Y,0x78a0c,32000,0x79b6c,family_shift,low
Table 2D - 185_,0x78a30,D400,0x78a30,same_addr,high
Table 2D - 185_,0x78a30,E500,0x772a8,content_match,high
Table 2D - 185_,0x78a30,C500,0x772a8,content_match,high
Table 2D - 185_,0x78a30,FB00,0x777f4,family_shift,low
Table 2D - 185_,0x78a30,FC00,0x777f4,family_shift,low
Table 2D - 185_,0x78a30,B900,0x777f4,family_shift,low
Table 2D - 185_,0x78a30,E700,0x77358,content_match,high
Table 2D - 185_,0x78a30,15120,0x7893c,content_match,high
Table 2D - 185_,0x78a30,32000,0x79b90,family_shift,low
Y,0x78a3c,D400,0x78a3c,same_addr,high
Y,0x78a3c,E500,0x772b4,content_match,high
Y,0x78a3c,C500,0x772b4,content_match,high
Y,0x78a3c,FB00,0x777d8,content_match,high
Y,0x78a3c,FC00,0x777d8,content_match,high
Y,0x78a3c,B900,0x777d8,content_match,high
Y,0x78a3c,E700,0x77364,content_match,high
Y,0x78a3c,15120,0x78948,content_match,high
Y,0x78a3c,32000,0x79b9c,family_shift,low
Table 2D - 186_,0x78a6c,D400,0x78a6c,same_addr,high
Table 2D - 186_,0x78a6c,E500,0x772e4,family_shift,low
Table 2D - 186_,0x78a6c,C500,0x772e4,content_match,high
Table 2D - 186_,0x78a6c,FB00,0x77830,family_shift,low
Table 2D - 186_,0x78a6c,FC00,0x77830,family_shift,low
Table 2D - 186_,0x78a6c,B900,0x77830,family_shift,low
Table 2D - 186_,0x78a6c,E700,0x77394,family_shift,low
Table 2D - 186_,0x78a6c,15120,0x78978,content_match,high
Table 2D - 186_,0x78a6c,32000,0x79bcc,family_shift,low
Y,0x78a78,D400,0x78a78,same_addr,high
Y,0x78a78,E500,0x772f0,content_match,high
Y,0x78a78,C500,0x772f0,content_match,high
Y,0x78a78,FB00,0x7783c,family_shift,low
Y,0x78a78,FC00,0x7783c,family_shift,low
Y,0x78a78,B900,0x7783c,family_shift,low
Y,0x78a78,E700,0x773a0,content_match,high
Y,0x78a78,15120,0x78984,content_match,high
Y,0x78a78,32000,0x79bd8,family_shift,low
Table 2D - 187_,0x78a9c,D400,0x78a9c,same_addr,high
Table 2D - 187_,0x78a9c,E500,0x77314,content_match,high
Table 2D - 187_,0x78a9c,C500,0x77314,content_match,high
Table 2D - 187_,0x78a9c,FB00,0x77860,family_shift,low
Table 2D - 187_,0x78a9c,FC00,0x77860,family_shift,low
Table 2D - 187_,0x78a9c,B900,0x77860,family_shift,low
Table 2D - 187_,0x78a9c,E700,0x773c4,content_match,high
Table 2D - 187_,0x78a9c,15120,0x789a8,content_match,high
Table 2D - 187_,0x78a9c,32000,0x79bfc,family_shift,low
Y,0x78aa8,D400,0x78aa8,same_addr,high
Y,0x78aa8,E500,0x77320,content_match,high
Y,0x78aa8,C500,0x77320,content_match,high
Y,0x78aa8,FB00,0x7786c,family_shift,low
Y,0x78aa8,FC00,0x7786c,family_shift,low
Y,0x78aa8,B900,0x7786c,family_shift,low
Y,0x78aa8,E700,0x773d0,content_match,high
Y,0x78aa8,15120,0x789b4,content_match,high
Y,0x78aa8,32000,0x79c08,family_shift,low
Table 2D - 188_,0x78ad8,D400,0x78ad8,same_addr,high
Table 2D - 188_,0x78ad8,E500,0x77350,family_shift,low
Table 2D - 188_,0x78ad8,C500,0x77350,content_match,high
Table 2D - 188_,0x78ad8,FB00,0x7789c,family_shift,low
Table 2D - 188_,0x78ad8,FC00,0x777e4,family_shift,low
Table 2D - 188_,0x78ad8,B900,0x777e4,family_shift,low
Table 2D - 188_,0x78ad8,E700,0x77400,family_shift,low
Table 2D - 188_,0x78ad8,15120,0x789e4,content_match,high
Table 2D - 188_,0x78ad8,32000,0x79c38,family_shift,low
Y,0x78ae4,D400,0x78ae4,same_addr,high
Y,0x78ae4,E500,0x7735c,content_match,high
Y,0x78ae4,C500,0x7735c,content_match,high
Y,0x78ae4,FB00,0x778a8,family_shift,low
Y,0x78ae4,FC00,0x777f0,family_shift,low
Y,0x78ae4,B900,0x777f0,family_shift,low
Y,0x78ae4,E700,0x7740c,content_match,high
Y,0x78ae4,15120,0x789f0,content_match,high
Y,0x78ae4,32000,0x79c44,family_shift,low
Table 2D - 189_,0x78b08,D400,0x78b08,same_addr,high
Table 2D - 189_,0x78b08,E500,0x77380,content_match,high
Table 2D - 189_,0x78b08,C500,0x77380,content_match,high
Table 2D - 189_,0x78b08,FB00,0x778cc,family_shift,low
Table 2D - 189_,0x78b08,FC00,0x77814,family_shift,low
Table 2D - 189_,0x78b08,B900,0x77814,family_shift,low
Table 2D - 189_,0x78b08,E700,0x77430,family_shift,medium
Table 2D - 189_,0x78b08,15120,0x78a14,content_match,high
Table 2D - 189_,0x78b08,32000,0x79c68,family_shift,low
Y,0x78b14,D400,0x78b14,same_addr,high
Y,0x78b14,E500,0x7738c,content_match,high
Y,0x78b14,C500,0x7738c,content_match,high
Y,0x78b14,FB00,0x778d8,family_shift,low
Y,0x78b14,FC00,0x77820,family_shift,low
Y,0x78b14,B900,0x77820,family_shift,low
Y,0x78b14,E700,0x7743c,family_shift,low
Y,0x78b14,15120,0x78a20,content_match,high
Y,0x78b14,32000,0x79c74,family_shift,low
Table 2D - 190_,0x78b38,D400,0x78b38,same_addr,high
Table 2D - 190_,0x78b38,E500,0x773b0,family_shift,low
Table 2D - 190_,0x78b38,C500,0x773b0,content_match,high
Table 2D - 190_,0x78b38,FB00,0x77844,family_shift,low
Table 2D - 190_,0x78b38,FC00,0x77844,family_shift,low
Table 2D - 190_,0x78b38,B900,0x77844,family_shift,low
Table 2D - 190_,0x78b38,E700,0x77460,family_shift,low
Table 2D - 190_,0x78b38,15120,0x78a44,content_match,high
Table 2D - 190_,0x78b38,32000,0x79c98,family_shift,low
Y,0x78b44,D400,0x78b44,same_addr,high
Y,0x78b44,E500,0x773bc,content_match,high
Y,0x78b44,C500,0x773bc,content_match,high
Y,0x78b44,FB00,0x77890,content_match,high
Y,0x78b44,FC00,0x77890,content_match,high
Y,0x78b44,B900,0x77890,content_match,high
Y,0x78b44,E700,0x7746c,content_match,high
Y,0x78b44,15120,0x78a50,content_match,high
Y,0x78b44,32000,0x79ca4,family_shift,low
Table 2D - 191_,0x78b68,D400,0x78b68,same_addr,high
Table 2D - 191_,0x78b68,E500,0x773e0,content_match,high
Table 2D - 191_,0x78b68,C500,0x773e0,content_match,high
Table 2D - 191_,0x78b68,FB00,0x77874,family_shift,low
Table 2D - 191_,0x78b68,FC00,0x77874,family_shift,low
Table 2D - 191_,0x78b68,B900,0x77874,family_shift,low
Table 2D - 191_,0x78b68,E700,0x77490,content_match,high
Table 2D - 191_,0x78b68,15120,0x78a74,content_match,high
Table 2D - 191_,0x78b68,32000,0x79cc8,family_shift,low
Y,0x78b74,D400,0x78b74,same_addr,high
Y,0x78b74,E500,0x773ec,content_match,high
Y,0x78b74,C500,0x773ec,content_match,high
Y,0x78b74,FB00,0x77890,content_match,high
Y,0x78b74,FC00,0x77890,content_match,high
Y,0x78b74,B900,0x77890,content_match,high
Y,0x78b74,E700,0x7749c,content_match,high
Y,0x78b74,15120,0x78a80,content_match,high
Y,0x78b74,32000,0x79cd4,family_shift,low
Table 2D - 192_,0x78ba0,D400,0x78ba0,same_addr,high
Table 2D - 192_,0x78ba0,E500,0x77418,family_shift,medium
Table 2D - 192_,0x78ba0,C500,0x77418,family_shift,medium
Table 2D - 192_,0x78ba0,FB00,0x778ac,family_shift,low
Table 2D - 192_,0x78ba0,FC00,0x778ac,family_shift,low
Table 2D - 192_,0x78ba0,B900,0x778ac,family_shift,low
Table 2D - 192_,0x78ba0,E700,0x774c8,family_shift,medium
Table 2D - 192_,0x78ba0,15120,0x78aac,family_shift,medium
Table 2D - 192_,0x78ba0,32000,0x79d00,family_shift,low
Y,0x78bb8,D400,0x78bb8,same_addr,high
Y,0x78bb8,E500,0x77430,content_match,high
Y,0x78bb8,C500,0x77430,content_match,high
Y,0x78bb8,FB00,0x778c4,family_shift,low
Y,0x78bb8,FC00,0x778c4,family_shift,low
Y,0x78bb8,B900,0x778c4,family_shift,low
Y,0x78bb8,E700,0x774e0,content_match,high
Y,0x78bb8,15120,0x78ac4,content_match,high
Y,0x78bb8,32000,0x7b788,content_match,high
Table 2D - 193_,0x78be8,D400,0x78be8,same_addr,high
Table 2D - 193_,0x78be8,E500,0x77460,content_match,high
Table 2D - 193_,0x78be8,C500,0x77460,content_match,high
Table 2D - 193_,0x78be8,FB00,0x778f4,family_shift,low
Table 2D - 193_,0x78be8,FC00,0x778f4,family_shift,low
Table 2D - 193_,0x78be8,B900,0x778f4,family_shift,low
Table 2D - 193_,0x78be8,E700,0x77510,content_match,high
Table 2D - 193_,0x78be8,15120,0x78af4,content_match,high
Table 2D - 193_,0x78be8,32000,0x79cfc,family_shift,low
Y,0x78c4c,D400,0x78c4c,same_addr,high
Y,0x78c4c,E500,0x774c4,family_shift,medium
Y,0x78c4c,C500,0x774c4,family_shift,medium
Y,0x78c4c,FB00,0x77958,family_shift,medium
Y,0x78c4c,FC00,0x77958,family_shift,medium
Y,0x78c4c,B900,0x77958,family_shift,medium
Y,0x78c4c,E700,0x77574,family_shift,medium
Y,0x78c4c,15120,0x78b58,family_shift,medium
Y,0x78c4c,32000,0x79d60,family_shift,low
Table 2D - 194_,0x78c68,D400,0x78c68,same_addr,high
Table 2D - 194_,0x78c68,E500,0x774e0,family_shift,low
Table 2D - 194_,0x78c68,C500,0x774e0,content_match,high
Table 2D - 194_,0x78c68,FB00,0x77974,family_shift,low
Table 2D - 194_,0x78c68,FC00,0x77974,family_shift,low
Table 2D - 194_,0x78c68,B900,0x77974,family_shift,low
Table 2D - 194_,0x78c68,E700,0x77590,family_shift,low
Table 2D - 194_,0x78c68,15120,0x78b74,content_match,high
Table 2D - 194_,0x78c68,32000,0x79d7c,family_shift,low
Y,0x78c70,D400,0x78c70,same_addr,high
Y,0x78c70,E500,0x774e8,family_shift,medium
Y,0x78c70,C500,0x774e8,content_match,high
Y,0x78c70,FB00,0x7797c,family_shift,medium
Y,0x78c70,FC00,0x7797c,family_shift,medium
Y,0x78c70,B900,0x7797c,family_shift,medium
Y,0x78c70,E700,0x77598,family_shift,medium
Y,0x78c70,15120,0x78b7c,content_match,high
Y,0x78c70,32000,0x79d84,family_shift,low
Table 2D - 195_,0x78c74,D400,0x78c74,same_addr,high
Table 2D - 195_,0x78c74,E500,0x6ea74,content_match,high
Table 2D - 195_,0x78c74,C500,0x774ec,content_match,high
Table 2D - 195_,0x78c74,FB00,0x6f5f8,content_match,high
Table 2D - 195_,0x78c74,FC00,0x6f5f8,content_match,high
Table 2D - 195_,0x78c74,B900,0x6f5f8,content_match,high
Table 2D - 195_,0x78c74,E700,0x6eb24,content_match,high
Table 2D - 195_,0x78c74,15120,0x78b80,content_match,high
Table 2D - 195_,0x78c74,32000,0x72d28,content_match,high
Y,0x78c78,D400,0x78c78,same_addr,high
Y,0x78c78,E500,0x774f0,family_shift,low
Y,0x78c78,C500,0x774f0,content_match,high
Y,0x78c78,FB00,0x77984,family_shift,low
Y,0x78c78,FC00,0x77984,family_shift,low
Y,0x78c78,B900,0x77984,family_shift,low
Y,0x78c78,E700,0x775a0,family_shift,low
Y,0x78c78,15120,0x78b84,content_match,high
Y,0x78c78,32000,0x79d8c,family_shift,low
Table 2D - 351 Check DataType,0x78c94,D400,0x78c94,same_addr,high
Table 2D - 351 Check DataType,0x78c94,E500,0x7750c,family_shift,low
Table 2D - 351 Check DataType,0x78c94,C500,0x7750c,content_match,high
Table 2D - 351 Check DataType,0x78c94,FB00,0x779a0,family_shift,low
Table 2D - 351 Check DataType,0x78c94,FC00,0x779a0,family_shift,low
Table 2D - 351 Check DataType,0x78c94,B900,0x779a0,family_shift,low
Table 2D - 351 Check DataType,0x78c94,E700,0x775bc,family_shift,low
Table 2D - 351 Check DataType,0x78c94,15120,0x78ba0,content_match,high
Table 2D - 351 Check DataType,0x78c94,32000,0x79da8,family_shift,low
Auxillary Valve Close,0x78cc0,D400,0x78cc0,same_addr,high
Auxillary Valve Close,0x78cc0,E500,0x77538,content_match,high
Auxillary Valve Close,0x78cc0,C500,0x77538,content_match,high
Auxillary Valve Close,0x78cc0,FB00,0x779cc,content_match,high
Auxillary Valve Close,0x78cc0,FC00,0x779cc,content_match,high
Auxillary Valve Close,0x78cc0,B900,0x779cc,content_match,high
Auxillary Valve Close,0x78cc0,E700,0x775e8,content_match,high
Auxillary Valve Close,0x78cc0,15120,0x78bcc,content_match,high
Auxillary Valve Close,0x78cc0,32000,0x79c3c,content_match,high
Y,0x78d9c,D400,0x78d9c,same_addr,high
Y,0x78d9c,E500,0x77614,family_shift,medium
Y,0x78d9c,C500,0x77614,family_shift,medium
Y,0x78d9c,FB00,0x77aa8,family_shift,medium
Y,0x78d9c,FC00,0x77aa8,family_shift,medium
Y,0x78d9c,B900,0x77aa8,family_shift,medium
Y,0x78d9c,E700,0x776c4,family_shift,medium
Y,0x78d9c,15120,0x78ca8,family_shift,medium
Y,0x78d9c,32000,0x79f04,family_shift,low
Table 2D - 196_,0x78dc0,D400,0x78dc0,same_addr,high
Table 2D - 196_,0x78dc0,E500,0x77638,content_match,high
Table 2D - 196_,0x78dc0,C500,0x77638,content_match,high
Table 2D - 196_,0x78dc0,FB00,0x77acc,content_match,high
Table 2D - 196_,0x78dc0,FC00,0x77acc,content_match,high
Table 2D - 196_,0x78dc0,B900,0x77acc,content_match,high
Table 2D - 196_,0x78dc0,E700,0x776e8,content_match,high
Table 2D - 196_,0x78dc0,15120,0x78ccc,content_match,high
Table 2D - 196_,0x78dc0,32000,0x79d24,content_match,high
Y,0x78dd4,D400,0x78dd4,same_addr,high
Y,0x78dd4,E500,0x7764c,family_shift,medium
Y,0x78dd4,C500,0x7764c,family_shift,medium
Y,0x78dd4,FB00,0x77ae0,family_shift,medium
Y,0x78dd4,FC00,0x77ae0,family_shift,medium
Y,0x78dd4,B900,0x77ae0,family_shift,medium
Y,0x78dd4,E700,0x776fc,family_shift,medium
Y,0x78dd4,15120,0x78ce0,family_shift,medium
Y,0x78dd4,32000,0x79f3c,family_shift,low
Table 2D - 197_,0x78df8,D400,0x78df8,same_addr,high
Table 2D - 197_,0x78df8,E500,0x77670,content_match,high
Table 2D - 197_,0x78df8,C500,0x77670,content_match,high
Table 2D - 197_,0x78df8,FB00,0x77b04,content_match,high
Table 2D - 197_,0x78df8,FC00,0x77b04,content_match,high
Table 2D - 197_,0x78df8,B900,0x77b04,content_match,high
Table 2D - 197_,0x78df8,E700,0x77720,content_match,high
Table 2D - 197_,0x78df8,15120,0x78d04,content_match,high
Table 2D - 197_,0x78df8,32000,0x79d5c,content_match,high
Y,0x78edc,D400,0x78edc,same_addr,high
Y,0x78edc,E500,0x77754,content_match,high
Y,0x78edc,C500,0x77754,content_match,high
Y,0x78edc,FB00,0x77be8,content_match,high
Y,0x78edc,FC00,0x77be8,content_match,high
Y,0x78edc,B900,0x77be8,content_match,high
Y,0x78edc,E700,0x77804,content_match,high
Y,0x78edc,15120,0x78de8,family_shift,low
Y,0x78edc,32000,0x7a044,content_match,high
Table 2D - 352 Check DataType,0x78f00,D400,0x78f00,same_addr,high
Table 2D - 352 Check DataType,0x78f00,E500,0x77778,content_match,high
Table 2D - 352 Check DataType,0x78f00,C500,0x77778,content_match,high
Table 2D - 352 Check DataType,0x78f00,FB00,0x77c0c,content_match,high
Table 2D - 352 Check DataType,0x78f00,FC00,0x77c0c,content_match,high
Table 2D - 352 Check DataType,0x78f00,B900,0x77c0c,content_match,high
Table 2D - 352 Check DataType,0x78f00,E700,0x77828,content_match,high
Table 2D - 352 Check DataType,0x78f00,15120,0x78e0c,family_shift,low
Table 2D - 352 Check DataType,0x78f00,32000,0x7a068,content_match,high
Y,0x78f0c,D400,0x78f0c,same_addr,high
Y,0x78f0c,E500,0x77784,content_match,high
Y,0x78f0c,C500,0x77784,content_match,high
Y,0x78f0c,FB00,0x77c18,content_match,high
Y,0x78f0c,FC00,0x77c18,content_match,high
Y,0x78f0c,B900,0x77c18,content_match,high
Y,0x78f0c,E700,0x77834,content_match,high
Y,0x78f0c,15120,0x78e18,family_shift,low
Y,0x78f0c,32000,0x7a074,content_match,high
Table 2D - 353 Check DataType,0x78f24,D400,0x78f24,same_addr,high
Table 2D - 353 Check DataType,0x78f24,E500,0x7779c,content_match,high
Table 2D - 353 Check DataType,0x78f24,C500,0x7779c,content_match,high
Table 2D - 353 Check DataType,0x78f24,FB00,0x77c30,content_match,high
Table 2D - 353 Check DataType,0x78f24,FC00,0x77c30,content_match,high
Table 2D - 353 Check DataType,0x78f24,B900,0x77c30,content_match,high
Table 2D - 353 Check DataType,0x78f24,E700,0x7784c,family_shift,medium
Table 2D - 353 Check DataType,0x78f24,15120,0x78e30,family_shift,low
Table 2D - 353 Check DataType,0x78f24,32000,0x7a08c,family_shift,low
Y,0x78f2c,D400,0x78f2c,same_addr,high
Y,0x78f2c,E500,0x777a4,content_match,high
Y,0x78f2c,C500,0x777a4,content_match,high
Y,0x78f2c,FB00,0x77c38,content_match,high
Y,0x78f2c,FC00,0x77c38,content_match,high
Y,0x78f2c,B900,0x77c38,content_match,high
Y,0x78f2c,E700,0x77854,family_shift,medium
Y,0x78f2c,15120,0x78e38,family_shift,low
Y,0x78f2c,32000,0x7a088,content_match,high
Table 2D - 354 Check DataType,0x78f44,D400,0x78f44,same_addr,high
Table 2D - 354 Check DataType,0x78f44,E500,0x777bc,content_match,high
Table 2D - 354 Check DataType,0x78f44,C500,0x777bc,content_match,high
Table 2D - 354 Check DataType,0x78f44,FB00,0x77c50,content_match,high
Table 2D - 354 Check DataType,0x78f44,FC00,0x77c50,content_match,high
Table 2D - 354 Check DataType,0x78f44,B900,0x77c50,content_match,high
Table 2D - 354 Check DataType,0x78f44,E700,0x7786c,family_shift,low
Table 2D - 354 Check DataType,0x78f44,15120,0x78e50,family_shift,low
Table 2D - 354 Check DataType,0x78f44,32000,0x7a0ac,family_shift,low
Y,0x78f4c,D400,0x78f4c,same_addr,high
Y,0x78f4c,E500,0x777c4,content_match,high
Y,0x78f4c,C500,0x777c4,content_match,high
Y,0x78f4c,FB00,0x77c58,content_match,high
Y,0x78f4c,FC00,0x77c58,content_match,high
Y,0x78f4c,B900,0x77c58,content_match,high
Y,0x78f4c,E700,0x77874,content_match,high
Y,0x78f4c,15120,0x78e58,family_shift,low
Y,0x78f4c,32000,0x7a0b4,family_shift,low
Table 2D - 355 Check DataType,0x78f78,D400,0x78f78,same_addr,high
Table 2D - 355 Check DataType,0x78f78,E500,0x777f0,content_match,high
Table 2D - 355 Check DataType,0x78f78,C500,0x777f0,content_match,high
Table 2D - 355 Check DataType,0x78f78,FB00,0x77c84,content_match,high
Table 2D - 355 Check DataType,0x78f78,FC00,0x77c84,content_match,high
Table 2D - 355 Check DataType,0x78f78,B900,0x77c84,content_match,high
Table 2D - 355 Check DataType,0x78f78,E700,0x778a0,content_match,high
Table 2D - 355 Check DataType,0x78f78,15120,0x78e84,family_shift,low
Table 2D - 355 Check DataType,0x78f78,32000,0x7a0e0,family_shift,low
Y,0x78f84,D400,0x78f84,same_addr,high
Y,0x78f84,E500,0x777fc,content_match,high
Y,0x78f84,C500,0x777fc,content_match,high
Y,0x78f84,FB00,0x77c90,content_match,high
Y,0x78f84,FC00,0x77c90,content_match,high
Y,0x78f84,B900,0x77c90,content_match,high
Y,0x78f84,E700,0x778ac,content_match,high
Y,0x78f84,15120,0x78dac,content_match,high
Y,0x78f84,32000,0x7a0a4,content_match,high
Table 2D - 198_,0x78f90,D400,0x78f90,same_addr,high
Table 2D - 198_,0x78f90,E500,0x77808,content_match,high
Table 2D - 198_,0x78f90,C500,0x77808,content_match,high
Table 2D - 198_,0x78f90,FB00,0x77c9c,family_shift,medium
Table 2D - 198_,0x78f90,FC00,0x77c9c,content_match,high
Table 2D - 198_,0x78f90,B900,0x77c9c,content_match,high
Table 2D - 198_,0x78f90,E700,0x778b8,content_match,high
Table 2D - 198_,0x78f90,15120,0x78db8,content_match,high
Table 2D - 198_,0x78f90,32000,0x7a0b0,content_match,high
Y,0x78f98,D400,0x78f98,same_addr,high
Y,0x78f98,E500,0x77810,content_match,high
Y,0x78f98,C500,0x77810,content_match,high
Y,0x78f98,FB00,0x77ca4,family_shift,medium
Y,0x78f98,FC00,0x77ca4,content_match,high
Y,0x78f98,B900,0x77ca4,content_match,high
Y,0x78f98,E700,0x778c0,content_match,high
Y,0x78f98,15120,0x78dc0,content_match,high
Y,0x78f98,32000,0x7a0b8,content_match,high
Table 2D - 356 Check DataType,0x78fb0,D400,0x78fb0,same_addr,high
Table 2D - 356 Check DataType,0x78fb0,E500,0x77828,content_match,high
Table 2D - 356 Check DataType,0x78fb0,C500,0x77828,content_match,high
Table 2D - 356 Check DataType,0x78fb0,FB00,0x77cbc,family_shift,low
Table 2D - 356 Check DataType,0x78fb0,FC00,0x77cbc,content_match,high
Table 2D - 356 Check DataType,0x78fb0,B900,0x77cbc,content_match,high
Table 2D - 356 Check DataType,0x78fb0,E700,0x778d8,content_match,high
Table 2D - 356 Check DataType,0x78fb0,15120,0x78ebc,family_shift,low
Table 2D - 356 Check DataType,0x78fb0,32000,0x7a118,family_shift,low
Y,0x78fbc,D400,0x78fbc,same_addr,high
Y,0x78fbc,E500,0x77834,content_match,high
Y,0x78fbc,C500,0x77834,content_match,high
Y,0x78fbc,FB00,0x77cc8,content_match,high
Y,0x78fbc,FC00,0x77cc8,content_match,high
Y,0x78fbc,B900,0x77cc8,content_match,high
Y,0x78fbc,E700,0x778e4,family_shift,low
Y,0x78fbc,15120,0x78ec8,family_shift,low
Y,0x78fbc,32000,0x7a124,family_shift,low
Table 2D - 357 Check DataType,0x78fd4,D400,0x78fd4,same_addr,high
Table 2D - 357 Check DataType,0x78fd4,E500,0x7784c,content_match,high
Table 2D - 357 Check DataType,0x78fd4,C500,0x7784c,content_match,high
Table 2D - 357 Check DataType,0x78fd4,FB00,0x77ce0,content_match,high
Table 2D - 357 Check DataType,0x78fd4,FC00,0x77ce0,content_match,high
Table 2D - 357 Check DataType,0x78fd4,B900,0x77ce0,content_match,high
Table 2D - 357 Check DataType,0x78fd4,E700,0x778fc,content_match,high
Table 2D - 357 Check DataType,0x78fd4,15120,0x78ee0,family_shift,low
Table 2D - 357 Check DataType,0x78fd4,32000,0x7a13c,family_shift,low
Y,0x78fec,D400,0x78fec,same_addr,high
Y,0x78fec,E500,0x77864,content_match,high
Y,0x78fec,C500,0x77864,content_match,high
Y,0x78fec,FB00,0x77cf8,content_match,high
Y,0x78fec,FC00,0x77cf8,content_match,high
Y,0x78fec,B900,0x77cf8,content_match,high
Y,0x78fec,E700,0x77914,content_match,high
Y,0x78fec,15120,0x78ef8,family_shift,low
Y,0x78fec,32000,0x7a154,family_shift,low
Table 2D - 358 Check DataType,0x79004,D400,0x79004,same_addr,high
Table 2D - 358 Check DataType,0x79004,E500,0x7787c,family_shift,medium
Table 2D - 358 Check DataType,0x79004,C500,0x7787c,family_shift,medium
Table 2D - 358 Check DataType,0x79004,FB00,0x77d10,family_shift,medium
Table 2D - 358 Check DataType,0x79004,FC00,0x77d10,family_shift,medium
Table 2D - 358 Check DataType,0x79004,B900,0x77d10,family_shift,medium
Table 2D - 358 Check DataType,0x79004,E700,0x7792c,family_shift,medium
Table 2D - 358 Check DataType,0x79004,15120,0x78f10,family_shift,low
Table 2D - 358 Check DataType,0x79004,32000,0x7a16c,family_shift,low
Y,0x7901c,D400,0x7901c,same_addr,high
Y,0x7901c,E500,0x77894,content_match,high
Y,0x7901c,C500,0x77894,content_match,high
Y,0x7901c,FB00,0x77d28,content_match,high
Y,0x7901c,FC00,0x77d28,content_match,high
Y,0x7901c,B900,0x77d28,content_match,high
Y,0x7901c,E700,0x77944,content_match,high
Y,0x7901c,15120,0x78f28,family_shift,low
Y,0x7901c,32000,0x7a114,content_match,high
Table 2D - 359 Check DataType,0x79028,D400,0x79028,same_addr,high
Table 2D - 359 Check DataType,0x79028,E500,0x778a0,content_match,high
Table 2D - 359 Check DataType,0x79028,C500,0x778a0,content_match,high
Table 2D - 359 Check DataType,0x79028,FB00,0x77d34,content_match,high
Table 2D - 359 Check DataType,0x79028,FC00,0x77d34,content_match,high
Table 2D - 359 Check DataType,0x79028,B900,0x77d34,content_match,high
Table 2D - 359 Check DataType,0x79028,E700,0x77950,content_match,high
Table 2D - 359 Check DataType,0x79028,15120,0x78f34,family_shift,low
Table 2D - 359 Check DataType,0x79028,32000,0x7a120,content_match,high
X,0x79034,D400,0x79034,same_addr,high
X,0x79034,E500,0x778ac,content_match,high
X,0x79034,C500,0x778ac,content_match,high
X,0x79034,FB00,0x77d40,content_match,high
X,0x79034,FC00,0x77d40,content_match,high
X,0x79034,B900,0x77d40,content_match,high
X,0x79034,E700,0x7795c,content_match,high
X,0x79034,15120,0x78f40,family_shift,low
X,0x79034,32000,0x7a19c,family_shift,low
Y,0x79080,D400,0x79080,same_addr,high
Y,0x79080,E500,0x778f8,content_match,high
Y,0x79080,C500,0x778f8,content_match,high
Y,0x79080,FB00,0x77d8c,content_match,high
Y,0x79080,FC00,0x77d8c,content_match,high
Y,0x79080,B900,0x77d8c,content_match,high
Y,0x79080,E700,0x779a8,content_match,high
Y,0x79080,15120,0x78f8c,family_shift,low
Y,0x79080,32000,0x7a1e8,family_shift,low
Oil Metering By Load,0x790c4,D400,0x790c4,same_addr,high
Oil Metering By Load,0x790c4,E500,0x7793c,family_shift,medium
Oil Metering By Load,0x790c4,C500,0x7793c,content_match,high
Oil Metering By Load,0x790c4,FB00,0x77dd0,content_match,high
Oil Metering By Load,0x790c4,FC00,0x77dd0,content_match,high
Oil Metering By Load,0x790c4,B900,0x77dd0,content_match,high
Oil Metering By Load,0x790c4,E700,0x779ec,content_match,high
Oil Metering By Load,0x790c4,15120,0x78e74,content_match,high
Oil Metering By Load,0x790c4,32000,0x7a1bc,content_match,high
X,0x79208,D400,0x79208,same_addr,high
X,0x79208,E500,0x77a80,content_match,high
X,0x79208,C500,0x77a80,content_match,high
X,0x79208,FB00,0x77f14,content_match,high
X,0x79208,FC00,0x77f14,content_match,high
X,0x79208,B900,0x77f14,content_match,high
X,0x79208,E700,0x77b30,content_match,high
X,0x79208,15120,0x78f6c,family_shift,low
X,0x79208,32000,0x7a12c,content_match,high
Y,0x79254,D400,0x79254,same_addr,high
Y,0x79254,E500,0x77acc,content_match,high
Y,0x79254,C500,0x77acc,content_match,high
Y,0x79254,FB00,0x77f60,content_match,high
Y,0x79254,FC00,0x77f60,content_match,high
Y,0x79254,B900,0x77f60,content_match,high
Y,0x79254,E700,0x77b7c,content_match,high
Y,0x79254,15120,0x79004,content_match,high
Y,0x79254,32000,0x7a194,family_shift,low
Oil Metering By Throttle,0x79264,D400,0x79264,same_addr,high
Oil Metering By Throttle,0x79264,E500,0x77adc,family_shift,low
Oil Metering By Throttle,0x79264,C500,0x77adc,family_shift,low
Oil Metering By Throttle,0x79264,FB00,0x77f70,family_shift,low
Oil Metering By Throttle,0x79264,FC00,0x77f70,family_shift,low
Oil Metering By Throttle,0x79264,B900,0x77f70,family_shift,low
Oil Metering By Throttle,0x79264,E700,0x77b8c,family_shift,low
Oil Metering By Throttle,0x79264,15120,0x78fc8,family_shift,low
Oil Metering By Throttle,0x79264,32000,0x7a1a4,family_shift,low
X,0x792b0,D400,0x792b0,same_addr,high
X,0x792b0,E500,0x77b28,family_shift,medium
X,0x792b0,C500,0x77b28,family_shift,medium
X,0x792b0,FB00,0x77fbc,family_shift,medium
X,0x792b0,FC00,0x77fbc,family_shift,medium
X,0x792b0,B900,0x77fbc,family_shift,medium
X,0x792b0,E700,0x77bd8,family_shift,medium
X,0x792b0,15120,0x79014,family_shift,low
X,0x792b0,32000,0x7a1f0,family_shift,low
Y,0x792c8,D400,0x792c8,same_addr,high
Y,0x792c8,E500,0x77b40,content_match,high
Y,0x792c8,C500,0x77b40,content_match,high
Y,0x792c8,FB00,0x77fd4,content_match,high
Y,0x792c8,FC00,0x77fd4,content_match,high
Y,0x792c8,B900,0x77fd4,content_match,high
Y,0x792c8,E700,0x77bf0,content_match,high
Y,0x792c8,15120,0x7902c,family_shift,low
Y,0x792c8,32000,0x7a3a4,content_match,high
Table 3D - 119_,0x792dc,D400,0x792dc,same_addr,high
Table 3D - 119_,0x792dc,E500,0x77b54,content_match,high
Table 3D - 119_,0x792dc,C500,0x77b54,content_match,high
Table 3D - 119_,0x792dc,FB00,0x77fe8,family_shift,medium
Table 3D - 119_,0x792dc,FC00,0x77fe8,family_shift,medium
Table 3D - 119_,0x792dc,B900,0x77fe8,family_shift,medium
Table 3D - 119_,0x792dc,E700,0x77c04,content_match,high
Table 3D - 119_,0x792dc,15120,0x79040,family_shift,low
Table 3D - 119_,0x792dc,32000,0x7a21c,family_shift,low
Y,0x7930c,D400,0x7930c,same_addr,high
Y,0x7930c,E500,0x77b84,content_match,high
Y,0x7930c,C500,0x77b84,content_match,high
Y,0x7930c,FB00,0x78018,content_match,high
Y,0x7930c,FC00,0x78018,content_match,high
Y,0x7930c,B900,0x78018,content_match,high
Y,0x7930c,E700,0x77c34,content_match,high
Y,0x7930c,15120,0x79070,content_match,high
Y,0x7930c,32000,0x7a24c,family_shift,low
Table 2D - 199_,0x79334,D400,0x79334,same_addr,high
Table 2D - 199_,0x79334,E500,0x77bac,content_match,high
Table 2D - 199_,0x79334,C500,0x77bac,content_match,high
Table 2D - 199_,0x79334,FB00,0x78040,content_match,high
Table 2D - 199_,0x79334,FC00,0x78040,content_match,high
Table 2D - 199_,0x79334,B900,0x78040,content_match,high
Table 2D - 199_,0x79334,E700,0x77c5c,content_match,high
Table 2D - 199_,0x79334,15120,0x79098,content_match,high
Table 2D - 199_,0x79334,32000,0x7a274,family_shift,low
X,0x79340,D400,0x79340,same_addr,high
X,0x79340,E500,0x77bb8,content_match,high
X,0x79340,C500,0x77bb8,content_match,high
X,0x79340,FB00,0x7804c,content_match,high
X,0x79340,FC00,0x7804c,content_match,high
X,0x79340,B900,0x7804c,content_match,high
X,0x79340,E700,0x77c68,content_match,high
X,0x79340,15120,0x790a4,content_match,high
X,0x79340,32000,0x7a280,family_shift,low
Y,0x79380,D400,0x79380,same_addr,high
Y,0x79380,E500,0x77bf8,content_match,high
Y,0x79380,C500,0x77bf8,content_match,high
Y,0x79380,FB00,0x7808c,content_match,high
Y,0x79380,FC00,0x7808c,content_match,high
Y,0x79380,B900,0x7808c,content_match,high
Y,0x79380,E700,0x77ca8,family_shift,medium
Y,0x79380,15120,0x790e4,content_match,high
Y,0x79380,32000,0x7a2c0,family_shift,low
Table 3D - 71_,0x7938c,D400,0x7938c,same_addr,high
Table 3D - 71_,0x7938c,E500,0x77c04,content_match,high
Table 3D - 71_,0x7938c,C500,0x77c04,content_match,high
Table 3D - 71_,0x7938c,FB00,0x78098,content_match,high
Table 3D - 71_,0x7938c,FC00,0x78098,content_match,high
Table 3D - 71_,0x7938c,B900,0x78098,content_match,high
Table 3D - 71_,0x7938c,E700,0x77cb4,family_shift,medium
Table 3D - 71_,0x7938c,15120,0x790f0,content_match,high
Table 3D - 71_,0x7938c,32000,0x7a2cc,family_shift,low
X,0x793bc,D400,0x793bc,same_addr,high
X,0x793bc,E500,0x77c34,content_match,high
X,0x793bc,C500,0x77c34,content_match,high
X,0x793bc,FB00,0x780c8,content_match,high
X,0x793bc,FC00,0x780c8,content_match,high
X,0x793bc,B900,0x780c8,content_match,high
X,0x793bc,E700,0x77ce4,content_match,high
X,0x793bc,15120,0x79120,content_match,high
X,0x793bc,32000,0x7a2fc,family_shift,low
Y,0x793d0,D400,0x793d0,same_addr,high
Y,0x793d0,E500,0x77c48,content_match,high
Y,0x793d0,C500,0x77c48,content_match,high
Y,0x793d0,FB00,0x780dc,content_match,high
Y,0x793d0,FC00,0x780dc,content_match,high
Y,0x793d0,B900,0x780dc,content_match,high
Y,0x793d0,E700,0x77cf8,content_match,high
Y,0x793d0,15120,0x79134,content_match,high
Y,0x793d0,32000,0x7a310,family_shift,low
Table 3D - 72_,0x793e4,D400,0x793e4,same_addr,high
Table 3D - 72_,0x793e4,E500,0x77c5c,content_match,high
Table 3D - 72_,0x793e4,C500,0x77c5c,content_match,high
Table 3D - 72_,0x793e4,FB00,0x780f0,content_match,high
Table 3D - 72_,0x793e4,FC00,0x780f0,content_match,high
Table 3D - 72_,0x793e4,B900,0x780f0,content_match,high
Table 3D - 72_,0x793e4,E700,0x77d0c,family_shift,low
Table 3D - 72_,0x793e4,15120,0x79148,content_match,high
Table 3D - 72_,0x793e4,32000,0x7a480,content_match,high
X,0x79400,D400,0x79400,same_addr,high
X,0x79400,E500,0x77c78,content_match,high
X,0x79400,C500,0x77c78,content_match,high
X,0x79400,FB00,0x7810c,content_match,high
X,0x79400,FC00,0x7810c,content_match,high
X,0x79400,B900,0x7810c,content_match,high
X,0x79400,E700,0x77d28,content_match,high
X,0x79400,15120,0x79164,content_match,high
X,0x79400,32000,0x7a340,family_shift,low
Y,0x7941c,D400,0x7941c,same_addr,high
Y,0x7941c,E500,0x77c94,family_shift,medium
Y,0x7941c,C500,0x77c94,family_shift,medium
Y,0x7941c,FB00,0x78128,family_shift,medium
Y,0x7941c,FC00,0x78128,family_shift,medium
Y,0x7941c,B900,0x78128,family_shift,medium
Y,0x7941c,E700,0x77d44,family_shift,medium
Y,0x7941c,15120,0x79180,family_shift,medium
Y,0x7941c,32000,0x7a35c,family_shift,low
Table 3D - 73_,0x79434,D400,0x79434,same_addr,high
Table 3D - 73_,0x79434,E500,0x77cac,content_match,high
Table 3D - 73_,0x79434,C500,0x77cac,content_match,high
Table 3D - 73_,0x79434,FB00,0x78140,content_match,high
Table 3D - 73_,0x79434,FC00,0x78140,content_match,high
Table 3D - 73_,0x79434,B900,0x78140,content_match,high
Table 3D - 73_,0x79434,E700,0x77d5c,content_match,high
Table 3D - 73_,0x79434,15120,0x79198,content_match,high
Table 3D - 73_,0x79434,32000,0x7a374,family_shift,low
Y,0x79470,D400,0x79470,same_addr,high
Y,0x79470,E500,0x77ce8,content_match,high
Y,0x79470,C500,0x77ce8,content_match,high
Y,0x79470,FB00,0x7817c,content_match,high
Y,0x79470,FC00,0x7817c,content_match,high
Y,0x79470,B900,0x7817c,content_match,high
Y,0x79470,E700,0x77d98,content_match,high
Y,0x79470,15120,0x791d4,content_match,high
Y,0x79470,32000,0x7a3b0,family_shift,low
Table 2D - 200_,0x794b0,D400,0x794b0,same_addr,high
Table 2D - 200_,0x794b0,E500,0x77d28,content_match,high
Table 2D - 200_,0x794b0,C500,0x77d28,content_match,high
Table 2D - 200_,0x794b0,FB00,0x781bc,content_match,high
Table 2D - 200_,0x794b0,FC00,0x781bc,content_match,high
Table 2D - 200_,0x794b0,B900,0x781bc,content_match,high
Table 2D - 200_,0x794b0,E700,0x77dd8,content_match,high
Table 2D - 200_,0x794b0,15120,0x79214,content_match,high
Table 2D - 200_,0x794b0,32000,0x7a3f0,family_shift,low
Y,0x794d0,D400,0x794d0,same_addr,high
Y,0x794d0,E500,0x77d48,content_match,high
Y,0x794d0,C500,0x77d48,content_match,high
Y,0x794d0,FB00,0x781dc,content_match,high
Y,0x794d0,FC00,0x781dc,content_match,high
Y,0x794d0,B900,0x781dc,content_match,high
Y,0x794d0,E700,0x77df8,content_match,high
Y,0x794d0,15120,0x79234,content_match,high
Y,0x794d0,32000,0x7a400,content_match,high
Table 2D - 201_,0x79510,D400,0x79510,same_addr,high
Table 2D - 201_,0x79510,E500,0x77d88,content_match,high
Table 2D - 201_,0x79510,C500,0x77d88,content_match,high
Table 2D - 201_,0x79510,FB00,0x7821c,content_match,high
Table 2D - 201_,0x79510,FC00,0x7821c,content_match,high
Table 2D - 201_,0x79510,B900,0x7821c,content_match,high
Table 2D - 201_,0x79510,E700,0x77e38,content_match,high
Table 2D - 201_,0x79510,15120,0x79274,content_match,high
Table 2D - 201_,0x79510,32000,0x7a540,content_match,high
X,0x79530,D400,0x79530,same_addr,high
X,0x79530,E500,0x77da8,content_match,high
X,0x79530,C500,0x77da8,content_match,high
X,0x79530,FB00,0x7823c,content_match,high
X,0x79530,FC00,0x7823c,content_match,high
X,0x79530,B900,0x7823c,content_match,high
X,0x79530,E700,0x77e58,content_match,high
X,0x79530,15120,0x79294,content_match,high
X,0x79530,32000,0x7a470,family_shift,low
Y,0x79570,D400,0x79570,same_addr,high
Y,0x79570,E500,0x77de8,family_shift,medium
Y,0x79570,C500,0x77de8,family_shift,medium
Y,0x79570,FB00,0x7827c,family_shift,medium
Y,0x79570,FC00,0x7827c,family_shift,medium
Y,0x79570,B900,0x7827c,family_shift,medium
Y,0x79570,E700,0x77e98,family_shift,medium
Y,0x79570,15120,0x792d4,family_shift,medium
Y,0x79570,32000,0x7a4b0,family_shift,low
Table 3D - 74_,0x79584,D400,0x79584,same_addr,high
Table 3D - 74_,0x79584,E500,0x77dfc,content_match,high
Table 3D - 74_,0x79584,C500,0x77dfc,content_match,high
Table 3D - 74_,0x79584,FB00,0x78290,content_match,high
Table 3D - 74_,0x79584,FC00,0x78290,content_match,high
Table 3D - 74_,0x79584,B900,0x78290,content_match,high
Table 3D - 74_,0x79584,E700,0x77eac,content_match,high
Table 3D - 74_,0x79584,15120,0x792e8,content_match,high
Table 3D - 74_,0x79584,32000,0x7a4c4,family_shift,low
X,0x795d4,D400,0x795d4,same_addr,high
X,0x795d4,E500,0x77e4c,family_shift,medium
X,0x795d4,C500,0x77e4c,content_match,high
X,0x795d4,FB00,0x782e0,content_match,high
X,0x795d4,FC00,0x782e0,content_match,high
X,0x795d4,B900,0x782e0,content_match,high
X,0x795d4,E700,0x77efc,family_shift,medium
X,0x795d4,15120,0x79338,content_match,high
X,0x795d4,32000,0x7a514,family_shift,low
Y,0x79614,D400,0x79614,same_addr,high
Y,0x79614,E500,0x77e8c,family_shift,medium
Y,0x79614,C500,0x77e8c,family_shift,medium
Y,0x79614,FB00,0x78320,family_shift,medium
Y,0x79614,FC00,0x78320,family_shift,medium
Y,0x79614,B900,0x78320,family_shift,medium
Y,0x79614,E700,0x77f3c,family_shift,medium
Y,0x79614,15120,0x79378,family_shift,medium
Y,0x79614,32000,0x7a57c,content_match,high
Table 3D - 75_,0x79628,D400,0x79628,same_addr,high
Table 3D - 75_,0x79628,E500,0x77ea0,family_shift,low
Table 3D - 75_,0x79628,C500,0x77ea0,content_match,high
Table 3D - 75_,0x79628,FB00,0x78334,content_match,high
Table 3D - 75_,0x79628,FC00,0x78334,content_match,high
Table 3D - 75_,0x79628,B900,0x78334,content_match,high
Table 3D - 75_,0x79628,E700,0x77f50,family_shift,low
Table 3D - 75_,0x79628,15120,0x7938c,content_match,high
Table 3D - 75_,0x79628,32000,0x7a568,family_shift,low
Y,0x796bc,D400,0x796bc,same_addr,high
Y,0x796bc,E500,0x77f34,content_match,high
Y,0x796bc,C500,0x77f34,content_match,high
Y,0x796bc,FB00,0x783c8,content_match,high
Y,0x796bc,FC00,0x783c8,content_match,high
Y,0x796bc,B900,0x783c8,content_match,high
Y,0x796bc,E700,0x77fe4,content_match,high
Y,0x796bc,15120,0x79420,content_match,high
Y,0x796bc,32000,0x7a68c,content_match,high
Table 2D - 202_,0x796e8,D400,0x796e8,same_addr,high
Table 2D - 202_,0x796e8,E500,0x77f60,content_match,high
Table 2D - 202_,0x796e8,C500,0x77f60,content_match,high
Table 2D - 202_,0x796e8,FB00,0x783f4,content_match,high
Table 2D - 202_,0x796e8,FC00,0x783f4,content_match,high
Table 2D - 202_,0x796e8,B900,0x783f4,content_match,high
Table 2D - 202_,0x796e8,E700,0x78010,content_match,high
Table 2D - 202_,0x796e8,15120,0x7944c,content_match,high
Table 2D - 202_,0x796e8,32000,0x7a628,family_shift,low
Y,0x796f4,D400,0x796f4,same_addr,high
Y,0x796f4,E500,0x77f6c,content_match,high
Y,0x796f4,C500,0x77f6c,content_match,high
Y,0x796f4,FB00,0x78400,content_match,high
Y,0x796f4,FC00,0x78400,content_match,high
Y,0x796f4,B900,0x78400,content_match,high
Y,0x796f4,E700,0x7801c,content_match,high
Y,0x796f4,15120,0x79458,content_match,high
Y,0x796f4,32000,0x7a6ac,content_match,high
Table 2D - 203_,0x79728,D400,0x79728,same_addr,high
Table 2D - 203_,0x79728,E500,0x77fa0,content_match,high
Table 2D - 203_,0x79728,C500,0x77fa0,content_match,high
Table 2D - 203_,0x79728,FB00,0x78434,content_match,high
Table 2D - 203_,0x79728,FC00,0x78434,content_match,high
Table 2D - 203_,0x79728,B900,0x78434,content_match,high
Table 2D - 203_,0x79728,E700,0x78050,content_match,high
Table 2D - 203_,0x79728,15120,0x7948c,content_match,high
Table 2D - 203_,0x79728,32000,0x7a668,family_shift,low
Y,0x79770,D400,0x79770,same_addr,high
Y,0x79770,E500,0x77fe8,family_shift,medium
Y,0x79770,C500,0x77fe8,family_shift,medium
Y,0x79770,FB00,0x7847c,family_shift,medium
Y,0x79770,FC00,0x7847c,family_shift,medium
Y,0x79770,B900,0x7847c,family_shift,medium
Y,0x79770,E700,0x78098,family_shift,medium
Y,0x79770,15120,0x794d4,family_shift,medium
Y,0x79770,32000,0x7a6b0,family_shift,low
Table 2D - 204_,0x79790,D400,0x79790,same_addr,high
Table 2D - 204_,0x79790,E500,0x78008,content_match,high
Table 2D - 204_,0x79790,C500,0x78008,content_match,high
Table 2D - 204_,0x79790,FB00,0x7849c,content_match,high
Table 2D - 204_,0x79790,FC00,0x7849c,content_match,high
Table 2D - 204_,0x79790,B900,0x7849c,content_match,high
Table 2D - 204_,0x79790,E700,0x780b8,content_match,high
Table 2D - 204_,0x79790,15120,0x794f4,content_match,high
Table 2D - 204_,0x79790,32000,0x7a724,content_match,high
Y,0x79798,D400,0x79798,same_addr,high
Y,0x79798,E500,0x78010,content_match,high
Y,0x79798,C500,0x78010,content_match,high
Y,0x79798,FB00,0x784a4,content_match,high
Y,0x79798,FC00,0x784a4,content_match,high
Y,0x79798,B900,0x784a4,content_match,high
Y,0x79798,E700,0x780c0,content_match,high
Y,0x79798,15120,0x794fc,content_match,high
Y,0x79798,32000,0x7a6d8,family_shift,low
Table 2D - 205_,0x797c8,D400,0x797c8,same_addr,high
Table 2D - 205_,0x797c8,E500,0x78040,content_match,high
Table 2D - 205_,0x797c8,C500,0x78040,content_match,high
Table 2D - 205_,0x797c8,FB00,0x784d4,content_match,high
Table 2D - 205_,0x797c8,FC00,0x784d4,content_match,high
Table 2D - 205_,0x797c8,B900,0x784d4,content_match,high
Table 2D - 205_,0x797c8,E700,0x780f0,content_match,high
Table 2D - 205_,0x797c8,15120,0x7952c,content_match,high
Table 2D - 205_,0x797c8,32000,0x7a75c,content_match,high
Y,0x797d4,D400,0x797d4,same_addr,high
Y,0x797d4,E500,0x7804c,content_match,high
Y,0x797d4,C500,0x7804c,content_match,high
Y,0x797d4,FB00,0x784e0,content_match,high
Y,0x797d4,FC00,0x784e0,content_match,high
Y,0x797d4,B900,0x784e0,content_match,high
Y,0x797d4,E700,0x780fc,content_match,high
Y,0x797d4,15120,0x79538,content_match,high
Y,0x797d4,32000,0x7a77c,content_match,high
Table 2D - 206_,0x79814,D400,0x79814,same_addr,high
Table 2D - 206_,0x79814,E500,0x7808c,content_match,high
Table 2D - 206_,0x79814,C500,0x7808c,content_match,high
Table 2D - 206_,0x79814,FB00,0x78520,content_match,high
Table 2D - 206_,0x79814,FC00,0x78520,content_match,high
Table 2D - 206_,0x79814,B900,0x78520,content_match,high
Table 2D - 206_,0x79814,E700,0x7813c,content_match,high
Table 2D - 206_,0x79814,15120,0x79578,content_match,high
Table 2D - 206_,0x79814,32000,0x7a7bc,content_match,high
Y,0x798a4,D400,0x798a4,same_addr,high
Y,0x798a4,E500,0x7811c,content_match,high
Y,0x798a4,C500,0x7811c,content_match,high
Y,0x798a4,FB00,0x785b0,content_match,high
Y,0x798a4,FC00,0x785b0,content_match,high
Y,0x798a4,B900,0x785b0,content_match,high
Y,0x798a4,E700,0x781cc,content_match,high
Y,0x798a4,15120,0x79608,family_shift,low
Y,0x798a4,32000,0x7a7e4,family_shift,low
Table 2D - 207_,0x798b8,D400,0x798b8,same_addr,high
Table 2D - 207_,0x798b8,E500,0x78130,content_match,high
Table 2D - 207_,0x798b8,C500,0x78130,content_match,high
Table 2D - 207_,0x798b8,FB00,0x785c4,family_shift,medium
Table 2D - 207_,0x798b8,FC00,0x785c4,family_shift,medium
Table 2D - 207_,0x798b8,B900,0x785c4,family_shift,medium
Table 2D - 207_,0x798b8,E700,0x781e0,content_match,high
Table 2D - 207_,0x798b8,15120,0x7961c,family_shift,low
Table 2D - 207_,0x798b8,32000,0x7a7f8,family_shift,low
Y,0x798c0,D400,0x798c0,same_addr,high
Y,0x798c0,E500,0x78138,content_match,high
Y,0x798c0,C500,0x78138,content_match,high
Y,0x798c0,FB00,0x785cc,family_shift,medium
Y,0x798c0,FC00,0x785cc,family_shift,medium
Y,0x798c0,B900,0x785cc,family_shift,medium
Y,0x798c0,E700,0x781e8,content_match,high
Y,0x798c0,15120,0x79624,family_shift,low
Y,0x798c0,32000,0x7a800,family_shift,low
Table 2D - 208_,0x798d0,D400,0x798d0,same_addr,high
Table 2D - 208_,0x798d0,E500,0x78148,family_shift,low
Table 2D - 208_,0x798d0,C500,0x78148,content_match,high
Table 2D - 208_,0x798d0,FB00,0x785dc,family_shift,low
Table 2D - 208_,0x798d0,FC00,0x785dc,family_shift,low
Table 2D - 208_,0x798d0,B900,0x785dc,family_shift,low
Table 2D - 208_,0x798d0,E700,0x781f8,family_shift,low
Table 2D - 208_,0x798d0,15120,0x79634,family_shift,low
Table 2D - 208_,0x798d0,32000,0x7a810,family_shift,low
Y,0x798d4,D400,0x798d4,same_addr,high
Y,0x798d4,E500,0x7814c,content_match,high
Y,0x798d4,C500,0x7814c,content_match,high
Y,0x798d4,FB00,0x785e0,content_match,high
Y,0x798d4,FC00,0x785e0,content_match,high
Y,0x798d4,B900,0x785e0,content_match,high
Y,0x798d4,E700,0x781fc,content_match,high
Y,0x798d4,15120,0x79638,family_shift,low
Y,0x798d4,32000,0x7a850,content_match,high
Table 2D - 209_,0x798e8,D400,0x798e8,same_addr,high
Table 2D - 209_,0x798e8,E500,0x78160,content_match,high
Table 2D - 209_,0x798e8,C500,0x78160,content_match,high
Table 2D - 209_,0x798e8,FB00,0x785f4,content_match,high
Table 2D - 209_,0x798e8,FC00,0x785f4,content_match,high
Table 2D - 209_,0x798e8,B900,0x785f4,content_match,high
Table 2D - 209_,0x798e8,E700,0x78210,content_match,high
Table 2D - 209_,0x798e8,15120,0x7964c,family_shift,low
Table 2D - 209_,0x798e8,32000,0x7a828,family_shift,low
Y,0x798f0,D400,0x798f0,same_addr,high
Y,0x798f0,E500,0x78168,family_shift,medium
Y,0x798f0,C500,0x78168,family_shift,medium
Y,0x798f0,FB00,0x785fc,family_shift,medium
Y,0x798f0,FC00,0x785fc,family_shift,medium
Y,0x798f0,B900,0x785fc,family_shift,medium
Y,0x798f0,E700,0x78218,family_shift,medium
Y,0x798f0,15120,0x79654,family_shift,low
Y,0x798f0,32000,0x7a830,family_shift,low
Table 2D - 210_,0x79920,D400,0x79920,same_addr,high
Table 2D - 210_,0x79920,E500,0x78198,content_match,high
Table 2D - 210_,0x79920,C500,0x78198,content_match,high
Table 2D - 210_,0x79920,FB00,0x7862c,content_match,high
Table 2D - 210_,0x79920,FC00,0x7862c,content_match,high
Table 2D - 210_,0x79920,B900,0x7862c,content_match,high
Table 2D - 210_,0x79920,E700,0x78248,content_match,high
Table 2D - 210_,0x79920,15120,0x79684,family_shift,low
Table 2D - 210_,0x79920,32000,0x7a860,family_shift,low
Y,0x7992c,D400,0x7992c,same_addr,high
Y,0x7992c,E500,0x781a4,family_shift,medium
Y,0x7992c,C500,0x781a4,family_shift,medium
Y,0x7992c,FB00,0x78638,family_shift,medium
Y,0x7992c,FC00,0x78638,family_shift,medium
Y,0x7992c,B900,0x78638,family_shift,medium
Y,0x7992c,E700,0x78254,family_shift,medium
Y,0x7992c,15120,0x79690,family_shift,low
Y,0x7992c,32000,0x7a86c,family_shift,low
Table 2D - 211_,0x7995c,D400,0x7995c,same_addr,high
Table 2D - 211_,0x7995c,E500,0x781d4,content_match,high
Table 2D - 211_,0x7995c,C500,0x781d4,content_match,high
Table 2D - 211_,0x7995c,FB00,0x78668,content_match,high
Table 2D - 211_,0x7995c,FC00,0x78668,content_match,high
Table 2D - 211_,0x7995c,B900,0x78668,content_match,high
Table 2D - 211_,0x7995c,E700,0x78284,content_match,high
Table 2D - 211_,0x7995c,15120,0x79a04,family_shift,low
Table 2D - 211_,0x7995c,32000,0x7a89c,family_shift,low
Y,0x79980,D400,0x79980,same_addr,high
Y,0x79980,E500,0x781f8,content_match,high
Y,0x79980,C500,0x781f8,content_match,high
Y,0x79980,FB00,0x7868c,content_match,high
Y,0x79980,FC00,0x7868c,content_match,high
Y,0x79980,B900,0x7868c,content_match,high
Y,0x79980,E700,0x782a8,content_match,high
Y,0x79980,15120,0x79a28,family_shift,low
Y,0x79980,32000,0x7a8c0,content_match,high
Table 2D - 212_,0x799a0,D400,0x799a0,same_addr,high
Table 2D - 212_,0x799a0,E500,0x78218,content_match,high
Table 2D - 212_,0x799a0,C500,0x78218,content_match,high
Table 2D - 212_,0x799a0,FB00,0x786ac,content_match,high
Table 2D - 212_,0x799a0,FC00,0x786ac,content_match,high
Table 2D - 212_,0x799a0,B900,0x786ac,content_match,high
Table 2D - 212_,0x799a0,E700,0x782c8,content_match,high
Table 2D - 212_,0x799a0,15120,0x79a48,family_shift,low
Table 2D - 212_,0x799a0,32000,0x7a8e0,content_match,high
Y,0x799a8,D400,0x799a8,same_addr,high
Y,0x799a8,E500,0x78220,content_match,high
Y,0x799a8,C500,0x78220,content_match,high
Y,0x799a8,FB00,0x786b4,content_match,high
Y,0x799a8,FC00,0x786b4,content_match,high
Y,0x799a8,B900,0x786b4,content_match,high
Y,0x799a8,E700,0x782d0,content_match,high
Y,0x799a8,15120,0x79a50,family_shift,low
Y,0x799a8,32000,0x7a8e8,content_match,high
Table 2D - 213_,0x799b8,D400,0x799b8,same_addr,high
Table 2D - 213_,0x799b8,E500,0x78230,content_match,high
Table 2D - 213_,0x799b8,C500,0x78230,content_match,high
Table 2D - 213_,0x799b8,FB00,0x786c4,content_match,high
Table 2D - 213_,0x799b8,FC00,0x786c4,content_match,high
Table 2D - 213_,0x799b8,B900,0x786c4,content_match,high
Table 2D - 213_,0x799b8,E700,0x782e0,content_match,high
Table 2D - 213_,0x799b8,15120,0x79874,content_match,high
Table 2D - 213_,0x799b8,32000,0x7a8f8,content_match,high
Y,0x799c0,D400,0x799c0,same_addr,high
Y,0x799c0,E500,0x78238,content_match,high
Y,0x799c0,C500,0x78238,content_match,high
Y,0x799c0,FB00,0x786cc,content_match,high
Y,0x799c0,FC00,0x786cc,content_match,high
Y,0x799c0,B900,0x786cc,content_match,high
Y,0x799c0,E700,0x782e8,content_match,high
Y,0x799c0,15120,0x79a68,family_shift,low
Y,0x799c0,32000,0x7a900,content_match,high
Table 2D - 214_,0x799f8,D400,0x799f8,same_addr,high
Table 2D - 214_,0x799f8,E500,0x78270,content_match,high
Table 2D - 214_,0x799f8,C500,0x78270,content_match,high
Table 2D - 214_,0x799f8,FB00,0x78704,content_match,high
Table 2D - 214_,0x799f8,FC00,0x78704,content_match,high
Table 2D - 214_,0x799f8,B900,0x78704,content_match,high
Table 2D - 214_,0x799f8,E700,0x78320,content_match,high
Table 2D - 214_,0x799f8,15120,0x798b4,content_match,high
Table 2D - 214_,0x799f8,32000,0x7a938,content_match,high
Y,0x79a14,D400,0x79a14,same_addr,high
Y,0x79a14,E500,0x7828c,content_match,high
Y,0x79a14,C500,0x7828c,content_match,high
Y,0x79a14,FB00,0x78720,content_match,high
Y,0x79a14,FC00,0x78720,content_match,high
Y,0x79a14,B900,0x78720,content_match,high
Y,0x79a14,E700,0x7833c,content_match,high
Y,0x79a14,15120,0x79abc,family_shift,low
Y,0x79a14,32000,0x7a954,content_match,high
Table 2D - 215_,0x79a1c,D400,0x79a1c,same_addr,high
Table 2D - 215_,0x79a1c,E500,0x78294,content_match,high
Table 2D - 215_,0x79a1c,C500,0x78294,content_match,high
Table 2D - 215_,0x79a1c,FB00,0x78728,content_match,high
Table 2D - 215_,0x79a1c,FC00,0x78728,content_match,high
Table 2D - 215_,0x79a1c,B900,0x78728,content_match,high
Table 2D - 215_,0x79a1c,E700,0x78344,content_match,high
Table 2D - 215_,0x79a1c,15120,0x79ac4,family_shift,low
Table 2D - 215_,0x79a1c,32000,0x7a95c,content_match,high
X,0x79a20,D400,0x79a20,same_addr,high
X,0x79a20,E500,0x78298,family_shift,medium
X,0x79a20,C500,0x78298,content_match,high
X,0x79a20,FB00,0x7872c,content_match,high
X,0x79a20,FC00,0x7872c,content_match,high
X,0x79a20,B900,0x7872c,content_match,high
X,0x79a20,E700,0x78348,family_shift,medium
X,0x79a20,15120,0x79ac8,family_shift,low
X,0x79a20,32000,0x7a960,content_match,high
Y,0x79a38,D400,0x79a38,same_addr,high
Y,0x79a38,E500,0x782b0,family_shift,medium
Y,0x79a38,C500,0x782b0,family_shift,medium
Y,0x79a38,FB00,0x78744,family_shift,medium
Y,0x79a38,FC00,0x78744,family_shift,medium
Y,0x79a38,B900,0x78744,family_shift,medium
Y,0x79a38,E700,0x78360,family_shift,medium
Y,0x79a38,15120,0x79ae0,family_shift,low
Y,0x79a38,32000,0x7a978,content_match,high
Table 3D - 76_,0x79a54,D400,0x79a54,same_addr,high
Table 3D - 76_,0x79a54,E500,0x782cc,content_match,high
Table 3D - 76_,0x79a54,C500,0x782cc,content_match,high
Table 3D - 76_,0x79a54,FB00,0x78760,content_match,high
Table 3D - 76_,0x79a54,FC00,0x78760,content_match,high
Table 3D - 76_,0x79a54,B900,0x78760,content_match,high
Table 3D - 76_,0x79a54,E700,0x7837c,content_match,high
Table 3D - 76_,0x79a54,15120,0x79afc,family_shift,low
Table 3D - 76_,0x79a54,32000,0x7a994,content_match,high
X,0x79aa8,D400,0x79aa8,same_addr,high
X,0x79aa8,E500,0x78320,family_shift,medium
X,0x79aa8,C500,0x78320,family_shift,medium
X,0x79aa8,FB00,0x787b4,family_shift,medium
X,0x79aa8,FC00,0x787b4,family_shift,medium
X,0x79aa8,B900,0x787b4,family_shift,medium
X,0x79aa8,E700,0x783d0,family_shift,medium
X,0x79aa8,15120,0x79b50,family_shift,low
X,0x79aa8,32000,0x7a9e8,family_shift,medium
Y,0x79ab8,D400,0x79ab8,same_addr,high
Y,0x79ab8,E500,0x78330,family_shift,medium
Y,0x79ab8,C500,0x78330,family_shift,medium
Y,0x79ab8,FB00,0x787c4,family_shift,medium
Y,0x79ab8,FC00,0x787c4,family_shift,medium
Y,0x79ab8,B900,0x787c4,family_shift,medium
Y,0x79ab8,E700,0x783e0,family_shift,medium
Y,0x79ab8,15120,0x79b60,family_shift,low
Y,0x79ab8,32000,0x7a9f8,content_match,high
Table 3D - 77_,0x79ad4,D400,0x79ad4,same_addr,high
Table 3D - 77_,0x79ad4,E500,0x7834c,content_match,high
Table 3D - 77_,0x79ad4,C500,0x7834c,content_match,high
Table 3D - 77_,0x79ad4,FB00,0x787e0,content_match,high
Table 3D - 77_,0x79ad4,FC00,0x787e0,content_match,high
Table 3D - 77_,0x79ad4,B900,0x787e0,content_match,high
Table 3D - 77_,0x79ad4,E700,0x783fc,content_match,high
Table 3D - 77_,0x79ad4,15120,0x79b7c,family_shift,low
Table 3D - 77_,0x79ad4,32000,0x7aa14,content_match,high
X,0x79b0c,D400,0x79b0c,same_addr,high
X,0x79b0c,E500,0x78384,family_shift,medium
X,0x79b0c,C500,0x78384,family_shift,medium
X,0x79b0c,FB00,0x78818,family_shift,medium
X,0x79b0c,FC00,0x78818,family_shift,medium
X,0x79b0c,B900,0x78818,family_shift,medium
X,0x79b0c,E700,0x78434,family_shift,medium
X,0x79b0c,15120,0x79bb4,family_shift,low
X,0x79b0c,32000,0x7aa4c,family_shift,medium
Y,0x79b2c,D400,0x79b2c,same_addr,high
Y,0x79b2c,E500,0x783a4,family_shift,medium
Y,0x79b2c,C500,0x783a4,family_shift,medium
Y,0x79b2c,FB00,0x78838,family_shift,medium
Y,0x79b2c,FC00,0x78838,family_shift,medium
Y,0x79b2c,B900,0x78838,family_shift,medium
Y,0x79b2c,E700,0x78454,family_shift,medium
Y,0x79b2c,15120,0x79bd4,family_shift,low
Y,0x79b2c,32000,0x7aa6c,content_match,high
Table 3D - 78_,0x79b48,D400,0x79b48,same_addr,high
Table 3D - 78_,0x79b48,E500,0x783c0,content_match,high
Table 3D - 78_,0x79b48,C500,0x783c0,content_match,high
Table 3D - 78_,0x79b48,FB00,0x78854,content_match,high
Table 3D - 78_,0x79b48,FC00,0x78854,content_match,high
Table 3D - 78_,0x79b48,B900,0x78854,content_match,high
Table 3D - 78_,0x79b48,E700,0x78470,content_match,high
Table 3D - 78_,0x79b48,15120,0x79b40,content_match,high
Table 3D - 78_,0x79b48,32000,0x7aa88,content_match,high
Y,0x79bf0,D400,0x79bf0,same_addr,high
Y,0x79bf0,E500,0x78468,content_match,high
Y,0x79bf0,C500,0x78468,content_match,high
Y,0x79bf0,FB00,0x788fc,content_match,high
Y,0x79bf0,FC00,0x788fc,content_match,high
Y,0x79bf0,B900,0x788fc,content_match,high
Y,0x79bf0,E700,0x78518,content_match,high
Y,0x79bf0,15120,0x79c94,content_match,high
Y,0x79bf0,32000,0x7aa4c,family_shift,low
Table 2D - 216_,0x79c18,D400,0x79c18,same_addr,high
Table 2D - 216_,0x79c18,E500,0x78490,content_match,high
Table 2D - 216_,0x79c18,C500,0x78490,content_match,high
Table 2D - 216_,0x79c18,FB00,0x78924,content_match,high
Table 2D - 216_,0x79c18,FC00,0x78924,content_match,high
Table 2D - 216_,0x79c18,B900,0x78924,content_match,high
Table 2D - 216_,0x79c18,E700,0x78540,content_match,high
Table 2D - 216_,0x79c18,15120,0x79c58,content_match,high
Table 2D - 216_,0x79c18,32000,0x7aa74,family_shift,low
Y,0x79c24,D400,0x79c24,same_addr,high
Y,0x79c24,E500,0x7849c,content_match,high
Y,0x79c24,C500,0x7849c,content_match,high
Y,0x79c24,FB00,0x78930,content_match,high
Y,0x79c24,FC00,0x78930,content_match,high
Y,0x79c24,B900,0x78930,content_match,high
Y,0x79c24,E700,0x7854c,content_match,high
Y,0x79c24,15120,0x79c64,content_match,high
Y,0x79c24,32000,0x7ab6c,content_match,high
Table 2D - 217_,0x79c48,D400,0x79c48,same_addr,high
Table 2D - 217_,0x79c48,E500,0x784c0,content_match,high
Table 2D - 217_,0x79c48,C500,0x784c0,content_match,high
Table 2D - 217_,0x79c48,FB00,0x78954,content_match,high
Table 2D - 217_,0x79c48,FC00,0x78954,content_match,high
Table 2D - 217_,0x79c48,B900,0x78954,content_match,high
Table 2D - 217_,0x79c48,E700,0x78570,content_match,high
Table 2D - 217_,0x79c48,15120,0x79cf0,family_shift,low
Table 2D - 217_,0x79c48,32000,0x7aaa4,family_shift,low
Y,0x79c54,D400,0x79c54,same_addr,high
Y,0x79c54,E500,0x784cc,family_shift,medium
Y,0x79c54,C500,0x784cc,family_shift,medium
Y,0x79c54,FB00,0x78960,family_shift,medium
Y,0x79c54,FC00,0x78960,family_shift,medium
Y,0x79c54,B900,0x78960,family_shift,medium
Y,0x79c54,E700,0x7857c,family_shift,medium
Y,0x79c54,15120,0x79cfc,family_shift,medium
Y,0x79c54,32000,0x7aab0,family_shift,low
Table 2D - 218_,0x79c74,D400,0x79c74,same_addr,high
Table 2D - 218_,0x79c74,E500,0x784ec,content_match,high
Table 2D - 218_,0x79c74,C500,0x784ec,content_match,high
Table 2D - 218_,0x79c74,FB00,0x78980,content_match,high
Table 2D - 218_,0x79c74,FC00,0x78980,content_match,high
Table 2D - 218_,0x79c74,B900,0x78980,content_match,high
Table 2D - 218_,0x79c74,E700,0x7859c,content_match,high
Table 2D - 218_,0x79c74,15120,0x79d1c,content_match,high
Table 2D - 218_,0x79c74,32000,0x7aad0,family_shift,low
Y,0x79c7c,D400,0x79c7c,same_addr,high
Y,0x79c7c,E500,0x784f4,content_match,high
Y,0x79c7c,C500,0x784f4,content_match,high
Y,0x79c7c,FB00,0x78988,content_match,high
Y,0x79c7c,FC00,0x78988,content_match,high
Y,0x79c7c,B900,0x78988,content_match,high
Y,0x79c7c,E700,0x785a4,content_match,high
Y,0x79c7c,15120,0x79d24,content_match,high
Y,0x79c7c,32000,0x7aad8,family_shift,low
Table 2D - 219_,0x79cb4,D400,0x79cb4,same_addr,high
Table 2D - 219_,0x79cb4,E500,0x7852c,content_match,high
Table 2D - 219_,0x79cb4,C500,0x7852c,content_match,high
Table 2D - 219_,0x79cb4,FB00,0x789c0,content_match,high
Table 2D - 219_,0x79cb4,FC00,0x789c0,content_match,high
Table 2D - 219_,0x79cb4,B900,0x789c0,content_match,high
Table 2D - 219_,0x79cb4,E700,0x785dc,content_match,high
Table 2D - 219_,0x79cb4,15120,0x79d5c,content_match,high
Table 2D - 219_,0x79cb4,32000,0x7ab10,family_shift,low
Y,0x79cd0,D400,0x79cd0,same_addr,high
Y,0x79cd0,E500,0x78548,content_match,high
Y,0x79cd0,C500,0x78548,content_match,high
Y,0x79cd0,FB00,0x789dc,content_match,high
Y,0x79cd0,FC00,0x789dc,content_match,high
Y,0x79cd0,B900,0x789dc,content_match,high
Y,0x79cd0,E700,0x785f8,content_match,high
Y,0x79cd0,15120,0x79d78,content_match,high
Y,0x79cd0,32000,0x7ab2c,family_shift,low
Table 2D - 220_,0x79d08,D400,0x79d08,same_addr,high
Table 2D - 220_,0x79d08,E500,0x78580,content_match,high
Table 2D - 220_,0x79d08,C500,0x78580,content_match,high
Table 2D - 220_,0x79d08,FB00,0x78a14,content_match,high
Table 2D - 220_,0x79d08,FC00,0x78a14,content_match,high
Table 2D - 220_,0x79d08,B900,0x78a14,content_match,high
Table 2D - 220_,0x79d08,E700,0x78630,content_match,high
Table 2D - 220_,0x79d08,15120,0x79db0,content_match,high
Table 2D - 220_,0x79d08,32000,0x7abfc,content_match,high
Y,0x79d24,D400,0x79d24,same_addr,high
Y,0x79d24,E500,0x7859c,content_match,high
Y,0x79d24,C500,0x7859c,content_match,high
Y,0x79d24,FB00,0x78a30,content_match,high
Y,0x79d24,FC00,0x78a30,content_match,high
Y,0x79d24,B900,0x78a30,content_match,high
Y,0x79d24,E700,0x7864c,content_match,high
Y,0x79d24,15120,0x79dcc,content_match,high
Y,0x79d24,32000,0x7aba0,content_match,high
Table 2D - 221_,0x79d5c,D400,0x79d5c,same_addr,high
Table 2D - 221_,0x79d5c,E500,0x785d4,content_match,high
Table 2D - 221_,0x79d5c,C500,0x785d4,content_match,high
Table 2D - 221_,0x79d5c,FB00,0x78a68,content_match,high
Table 2D - 221_,0x79d5c,FC00,0x78a68,content_match,high
Table 2D - 221_,0x79d5c,B900,0x78a68,content_match,high
Table 2D - 221_,0x79d5c,E700,0x78684,content_match,high
Table 2D - 221_,0x79d5c,15120,0x79e04,content_match,high
Table 2D - 221_,0x79d5c,32000,0x7ac50,content_match,high
X,0x79d78,D400,0x79d78,same_addr,high
X,0x79d78,E500,0x785f0,family_shift,medium
X,0x79d78,C500,0x785f0,content_match,high
X,0x79d78,FB00,0x78a84,content_match,high
X,0x79d78,FC00,0x78a84,content_match,high
X,0x79d78,B900,0x78a84,content_match,high
X,0x79d78,E700,0x786a0,family_shift,medium
X,0x79d78,15120,0x79e20,family_shift,medium
X,0x79d78,32000,0x7abd4,family_shift,low
Y,0x79d90,D400,0x79d90,same_addr,high
Y,0x79d90,E500,0x78608,family_shift,medium
Y,0x79d90,C500,0x78608,family_shift,medium
Y,0x79d90,FB00,0x78a9c,family_shift,medium
Y,0x79d90,FC00,0x78a9c,family_shift,medium
Y,0x79d90,B900,0x78a9c,family_shift,medium
Y,0x79d90,E700,0x786b8,family_shift,medium
Y,0x79d90,15120,0x79e38,family_shift,medium
Y,0x79d90,32000,0x7abec,family_shift,low
Table 3D - 79_,0x79dac,D400,0x79dac,same_addr,high
Table 3D - 79_,0x79dac,E500,0x78624,content_match,high
Table 3D - 79_,0x79dac,C500,0x78624,content_match,high
Table 3D - 79_,0x79dac,FB00,0x78ab8,content_match,high
Table 3D - 79_,0x79dac,FC00,0x78ab8,content_match,high
Table 3D - 79_,0x79dac,B900,0x78ab8,content_match,high
Table 3D - 79_,0x79dac,E700,0x786d4,content_match,high
Table 3D - 79_,0x79dac,15120,0x79e54,content_match,high
Table 3D - 79_,0x79dac,32000,0x7ac08,family_shift,low
X,0x79e00,D400,0x79e00,same_addr,high
X,0x79e00,E500,0x78678,family_shift,medium
X,0x79e00,C500,0x78678,family_shift,medium
X,0x79e00,FB00,0x78b0c,family_shift,medium
X,0x79e00,FC00,0x78b0c,family_shift,medium
X,0x79e00,B900,0x78b0c,family_shift,medium
X,0x79e00,E700,0x78728,family_shift,medium
X,0x79e00,15120,0x79ea8,family_shift,medium
X,0x79e00,32000,0x7ac5c,family_shift,low
Y,0x79e14,D400,0x79e14,same_addr,high
Y,0x79e14,E500,0x7868c,content_match,high
Y,0x79e14,C500,0x7868c,content_match,high
Y,0x79e14,FB00,0x78b20,content_match,high
Y,0x79e14,FC00,0x78b20,content_match,high
Y,0x79e14,B900,0x78b20,content_match,high
Y,0x79e14,E700,0x7873c,content_match,high
Y,0x79e14,15120,0x79ebc,content_match,high
Y,0x79e14,32000,0x7ac70,family_shift,low
Table 3D - 80_,0x79e30,D400,0x79e30,same_addr,high
Table 3D - 80_,0x79e30,E500,0x786a8,content_match,high
Table 3D - 80_,0x79e30,C500,0x786a8,content_match,high
Table 3D - 80_,0x79e30,FB00,0x78b3c,family_shift,medium
Table 3D - 80_,0x79e30,FC00,0x78b3c,family_shift,medium
Table 3D - 80_,0x79e30,B900,0x78b3c,family_shift,medium
Table 3D - 80_,0x79e30,E700,0x78758,family_shift,low
Table 3D - 80_,0x79e30,15120,0x79ed8,content_match,high
Table 3D - 80_,0x79e30,32000,0x7ac8c,family_shift,low
X,0x79e78,D400,0x79e78,same_addr,high
X,0x79e78,E500,0x786f0,family_shift,medium
X,0x79e78,C500,0x786f0,content_match,high
X,0x79e78,FB00,0x78b84,content_match,high
X,0x79e78,FC00,0x78b84,content_match,high
X,0x79e78,B900,0x78b84,content_match,high
X,0x79e78,E700,0x787a0,family_shift,medium
X,0x79e78,15120,0x79f20,family_shift,medium
X,0x79e78,32000,0x7acd4,family_shift,low
Y,0x79e90,D400,0x79e90,same_addr,high
Y,0x79e90,E500,0x78708,family_shift,medium
Y,0x79e90,C500,0x78708,family_shift,medium
Y,0x79e90,FB00,0x78b9c,family_shift,medium
Y,0x79e90,FC00,0x78b9c,family_shift,medium
Y,0x79e90,B900,0x78b9c,family_shift,medium
Y,0x79e90,E700,0x787b8,family_shift,medium
Y,0x79e90,15120,0x79f38,family_shift,medium
Y,0x79e90,32000,0x7acec,family_shift,low
Table 3D - 81_,0x79eac,D400,0x79eac,same_addr,high
Table 3D - 81_,0x79eac,E500,0x78724,content_match,high
Table 3D - 81_,0x79eac,C500,0x78724,content_match,high
Table 3D - 81_,0x79eac,FB00,0x78bb8,content_match,high
Table 3D - 81_,0x79eac,FC00,0x78bb8,content_match,high
Table 3D - 81_,0x79eac,B900,0x78bb8,content_match,high
Table 3D - 81_,0x79eac,E700,0x787d4,content_match,high
Table 3D - 81_,0x79eac,15120,0x79f54,content_match,high
Table 3D - 81_,0x79eac,32000,0x7ad08,family_shift,low
X,0x79f00,D400,0x79f00,same_addr,high
X,0x79f00,E500,0x78778,family_shift,medium
X,0x79f00,C500,0x78778,family_shift,medium
X,0x79f00,FB00,0x78c0c,family_shift,medium
X,0x79f00,FC00,0x78c0c,family_shift,medium
X,0x79f00,B900,0x78c0c,family_shift,medium
X,0x79f00,E700,0x78828,family_shift,medium
X,0x79f00,15120,0x79fa8,family_shift,medium
X,0x79f00,32000,0x7ad5c,family_shift,low
Y,0x79f14,D400,0x79f14,same_addr,high
Y,0x79f14,E500,0x7878c,content_match,high
Y,0x79f14,C500,0x7878c,content_match,high
Y,0x79f14,FB00,0x78c20,content_match,high
Y,0x79f14,FC00,0x78c20,content_match,high
Y,0x79f14,B900,0x78c20,content_match,high
Y,0x79f14,E700,0x7883c,content_match,high
Y,0x79f14,15120,0x79fbc,content_match,high
Y,0x79f14,32000,0x7ad98,content_match,high
Table 3D - 82_,0x79f2c,D400,0x79f2c,same_addr,high
Table 3D - 82_,0x79f2c,E500,0x787a4,content_match,high
Table 3D - 82_,0x79f2c,C500,0x787a4,content_match,high
Table 3D - 82_,0x79f2c,FB00,0x78c38,family_shift,medium
Table 3D - 82_,0x79f2c,FC00,0x78c38,family_shift,medium
Table 3D - 82_,0x79f2c,B900,0x78c38,family_shift,medium
Table 3D - 82_,0x79f2c,E700,0x78854,family_shift,low
Table 3D - 82_,0x79f2c,15120,0x79fd4,content_match,high
Table 3D - 82_,0x79f2c,32000,0x7ad88,family_shift,low
X,0x79f68,D400,0x79f68,same_addr,high
X,0x79f68,E500,0x787e0,family_shift,medium
X,0x79f68,C500,0x787e0,family_shift,medium
X,0x79f68,FB00,0x78c74,family_shift,medium
X,0x79f68,FC00,0x78c74,family_shift,medium
X,0x79f68,B900,0x78c74,family_shift,medium
X,0x79f68,E700,0x78890,family_shift,medium
X,0x79f68,15120,0x7a010,family_shift,medium
X,0x79f68,32000,0x7adc4,family_shift,low
Y,0x79f7c,D400,0x79f7c,same_addr,high
Y,0x79f7c,E500,0x787f4,content_match,high
Y,0x79f7c,C500,0x787f4,content_match,high
Y,0x79f7c,FB00,0x78c88,content_match,high
Y,0x79f7c,FC00,0x78c88,content_match,high
Y,0x79f7c,B900,0x78c88,content_match,high
Y,0x79f7c,E700,0x788a4,content_match,high
Y,0x79f7c,15120,0x7a024,content_match,high
Y,0x79f7c,32000,0x7adf0,content_match,high
Table 3D - 83_,0x79f94,D400,0x79f94,same_addr,high
Table 3D - 83_,0x79f94,E500,0x7880c,content_match,high
Table 3D - 83_,0x79f94,C500,0x7880c,content_match,high
Table 3D - 83_,0x79f94,FB00,0x78ca0,family_shift,medium
Table 3D - 83_,0x79f94,FC00,0x78ca0,family_shift,medium
Table 3D - 83_,0x79f94,B900,0x78ca0,family_shift,medium
Table 3D - 83_,0x79f94,E700,0x788bc,family_shift,low
Table 3D - 83_,0x79f94,15120,0x7a03c,content_match,high
Table 3D - 83_,0x79f94,32000,0x7adf0,family_shift,low
Y,0x7a028,D400,0x7a028,same_addr,high
Y,0x7a028,E500,0x788a0,content_match,high
Y,0x7a028,C500,0x788a0,content_match,high
Y,0x7a028,FB00,0x78d34,content_match,high
Y,0x7a028,FC00,0x78d34,content_match,high
Y,0x7a028,B900,0x78d34,content_match,high
Y,0x7a028,E700,0x78950,content_match,high
Y,0x7a028,15120,0x7a260,family_shift,low
Y,0x7a028,32000,0x7ae84,content_match,high
Table 2D - 222_,0x7a070,D400,0x7a070,same_addr,high
Table 2D - 222_,0x7a070,E500,0x788e8,family_shift,low
Table 2D - 222_,0x7a070,C500,0x788e8,content_match,high
Table 2D - 222_,0x7a070,FB00,0x78d7c,family_shift,low
Table 2D - 222_,0x7a070,FC00,0x78d7c,family_shift,low
Table 2D - 222_,0x7a070,B900,0x78d7c,family_shift,low
Table 2D - 222_,0x7a070,E700,0x78998,family_shift,low
Table 2D - 222_,0x7a070,15120,0x7a118,content_match,high
Table 2D - 222_,0x7a070,32000,0x7aecc,family_shift,low
Y,0x7a094,D400,0x7a094,same_addr,high
Y,0x7a094,E500,0x7890c,family_shift,medium
Y,0x7a094,C500,0x7890c,family_shift,medium
Y,0x7a094,FB00,0x78da0,family_shift,medium
Y,0x7a094,FC00,0x78da0,family_shift,medium
Y,0x7a094,B900,0x78da0,family_shift,medium
Y,0x7a094,E700,0x789bc,family_shift,medium
Y,0x7a094,15120,0x7a2cc,family_shift,low
Y,0x7a094,32000,0x7aef0,content_match,high
Table 2D - 223_,0x7a0b4,D400,0x7a0b4,same_addr,high
Table 2D - 223_,0x7a0b4,E500,0x7892c,content_match,high
Table 2D - 223_,0x7a0b4,C500,0x7892c,content_match,high
Table 2D - 223_,0x7a0b4,FB00,0x78dc0,content_match,high
Table 2D - 223_,0x7a0b4,FC00,0x78dc0,content_match,high
Table 2D - 223_,0x7a0b4,B900,0x78dc0,content_match,high
Table 2D - 223_,0x7a0b4,E700,0x789dc,content_match,high
Table 2D - 223_,0x7a0b4,15120,0x7a15c,content_match,high
Table 2D - 223_,0x7a0b4,32000,0x7af10,content_match,high
Y,0x7a0c4,D400,0x7a0c4,same_addr,high
Y,0x7a0c4,E500,0x7893c,content_match,high
Y,0x7a0c4,C500,0x7893c,content_match,high
Y,0x7a0c4,FB00,0x78dd0,content_match,high
Y,0x7a0c4,FC00,0x78dd0,content_match,high
Y,0x7a0c4,B900,0x78dd0,content_match,high
Y,0x7a0c4,E700,0x789ec,content_match,high
Y,0x7a0c4,15120,0x7a16c,content_match,high
Y,0x7a0c4,32000,0x7af20,content_match,high
Table 2D - 224_,0x7a0e4,D400,0x7a0e4,same_addr,high
Table 2D - 224_,0x7a0e4,E500,0x7895c,content_match,high
Table 2D - 224_,0x7a0e4,C500,0x7895c,content_match,high
Table 2D - 224_,0x7a0e4,FB00,0x78df0,content_match,high
Table 2D - 224_,0x7a0e4,FC00,0x78df0,content_match,high
Table 2D - 224_,0x7a0e4,B900,0x78df0,content_match,high
Table 2D - 224_,0x7a0e4,E700,0x78a0c,content_match,high
Table 2D - 224_,0x7a0e4,15120,0x7a18c,content_match,high
Table 2D - 224_,0x7a0e4,32000,0x7af40,content_match,high
Y,0x7a0f4,D400,0x7a0f4,same_addr,high
Y,0x7a0f4,E500,0x7896c,content_match,high
Y,0x7a0f4,C500,0x7896c,content_match,high
Y,0x7a0f4,FB00,0x78e00,content_match,high
Y,0x7a0f4,FC00,0x78e00,content_match,high
Y,0x7a0f4,B900,0x78e00,content_match,high
Y,0x7a0f4,E700,0x78a1c,content_match,high
Y,0x7a0f4,15120,0x7a32c,family_shift,low
Y,0x7a0f4,32000,0x7af50,content_match,high
Table 2D - 225_,0x7a118,D400,0x7a118,same_addr,high
Table 2D - 225_,0x7a118,E500,0x78990,content_match,high
Table 2D - 225_,0x7a118,C500,0x78990,content_match,high
Table 2D - 225_,0x7a118,FB00,0x78e24,content_match,high
Table 2D - 225_,0x7a118,FC00,0x78e24,content_match,high
Table 2D - 225_,0x7a118,B900,0x78e24,content_match,high
Table 2D - 225_,0x7a118,E700,0x78a40,content_match,high
Table 2D - 225_,0x7a118,15120,0x7a1c0,content_match,high
Table 2D - 225_,0x7a118,32000,0x7af74,content_match,high
Y,0x7a12c,D400,0x7a12c,same_addr,high
Y,0x7a12c,E500,0x789a4,content_match,high
Y,0x7a12c,C500,0x789a4,content_match,high
Y,0x7a12c,FB00,0x78e38,content_match,high
Y,0x7a12c,FC00,0x78e38,content_match,high
Y,0x7a12c,B900,0x78e38,content_match,high
Y,0x7a12c,E700,0x78a54,content_match,high
Y,0x7a12c,15120,0x7a364,family_shift,low
Y,0x7a12c,32000,0x7af88,content_match,high
Table 2D - 226_,0x7a150,D400,0x7a150,same_addr,high
Table 2D - 226_,0x7a150,E500,0x789c8,content_match,high
Table 2D - 226_,0x7a150,C500,0x789c8,content_match,high
Table 2D - 226_,0x7a150,FB00,0x78e5c,content_match,high
Table 2D - 226_,0x7a150,FC00,0x78e5c,content_match,high
Table 2D - 226_,0x7a150,B900,0x78e5c,content_match,high
Table 2D - 226_,0x7a150,E700,0x78a78,content_match,high
Table 2D - 226_,0x7a150,15120,0x7a1f8,content_match,high
Table 2D - 226_,0x7a150,32000,0x7afac,content_match,high
Y,0x7a230,D400,0x7a230,same_addr,high
Y,0x7a230,E500,0x78aa8,content_match,high
Y,0x7a230,C500,0x78aa8,content_match,high
Y,0x7a230,FB00,0x78f3c,content_match,high
Y,0x7a230,FC00,0x78f3c,content_match,high
Y,0x7a230,B900,0x78f3c,content_match,high
Y,0x7a230,E700,0x78b58,content_match,high
Y,0x7a230,15120,0x7a264,content_match,high
Y,0x7a230,32000,0x7b08c,content_match,high
Knock Voltage To Magnitude,0x7a318,D400,0x7a318,same_addr,high
Knock Voltage To Magnitude,0x7a318,E500,0x78b90,content_match,high
Knock Voltage To Magnitude,0x7a318,C500,0x78b90,content_match,high
Knock Voltage To Magnitude,0x7a318,FB00,0x79024,content_match,high
Knock Voltage To Magnitude,0x7a318,FC00,0x79024,content_match,high
Knock Voltage To Magnitude,0x7a318,B900,0x79024,content_match,high
Knock Voltage To Magnitude,0x7a318,E700,0x78c40,content_match,high
Knock Voltage To Magnitude,0x7a318,15120,0x7a34c,content_match,high
Knock Voltage To Magnitude,0x7a318,32000,0x7b174,content_match,high
Y,0x7a354,D400,0x7a354,same_addr,high
Y,0x7a354,E500,0x78bcc,family_shift,medium
Y,0x7a354,C500,0x78bcc,content_match,high
Y,0x7a354,FB00,0x79060,content_match,high
Y,0x7a354,FC00,0x79060,content_match,high
Y,0x7a354,B900,0x79060,content_match,high
Y,0x7a354,E700,0x78c7c,family_shift,medium
Y,0x7a354,15120,0x7a58c,family_shift,low
Y,0x7a354,32000,0x7b1b0,content_match,high
Knock Related 1,0x7a38c,D400,0x7a38c,same_addr,high
Knock Related 1,0x7a38c,E500,0x78c04,content_match,high
Knock Related 1,0x7a38c,C500,0x78c04,content_match,high
Knock Related 1,0x7a38c,FB00,0x79098,content_match,high
Knock Related 1,0x7a38c,FC00,0x79098,content_match,high
Knock Related 1,0x7a38c,B900,0x79098,content_match,high
Knock Related 1,0x7a38c,E700,0x78cb4,content_match,high
Knock Related 1,0x7a38c,15120,0x7a3c8,content_match,high
Knock Related 1,0x7a38c,32000,0x7b1e8,content_match,high
Y,0x7a3a8,D400,0x7a3a8,same_addr,high
Y,0x7a3a8,E500,0x78c20,family_shift,medium
Y,0x7a3a8,C500,0x78c20,content_match,high
Y,0x7a3a8,FB00,0x790b4,content_match,high
Y,0x7a3a8,FC00,0x790b4,content_match,high
Y,0x7a3a8,B900,0x790b4,content_match,high
Y,0x7a3a8,E700,0x78cd0,family_shift,medium
Y,0x7a3a8,15120,0x7a5e0,family_shift,low
Y,0x7a3a8,32000,0x7b204,content_match,high
Knock Related 2,0x7a3e0,D400,0x7a3e0,same_addr,high
Knock Related 2,0x7a3e0,E500,0x78c58,content_match,high
Knock Related 2,0x7a3e0,C500,0x78c58,content_match,high
Knock Related 2,0x7a3e0,FB00,0x790ec,content_match,high
Knock Related 2,0x7a3e0,FC00,0x790ec,content_match,high
Knock Related 2,0x7a3e0,B900,0x790ec,content_match,high
Knock Related 2,0x7a3e0,E700,0x78d08,content_match,high
Knock Related 2,0x7a3e0,15120,0x7a424,content_match,high
Knock Related 2,0x7a3e0,32000,0x7b23c,content_match,high
Y,0x7a3fc,D400,0x7a3fc,same_addr,high
Y,0x7a3fc,E500,0x78c74,content_match,high
Y,0x7a3fc,C500,0x78c74,content_match,high
Y,0x7a3fc,FB00,0x79108,content_match,high
Y,0x7a3fc,FC00,0x79108,content_match,high
Y,0x7a3fc,B900,0x79108,content_match,high
Y,0x7a3fc,E700,0x78d24,content_match,high
Y,0x7a3fc,15120,0x7a448,content_match,high
Y,0x7a3fc,32000,0x7b258,content_match,high
Knock Related,0x7a400,D400,0x7a400,same_addr,high
Knock Related,0x7a400,E500,0x78c78,content_match,high
Knock Related,0x7a400,C500,0x78c78,content_match,high
Knock Related,0x7a400,FB00,0x7910c,content_match,high
Knock Related,0x7a400,FC00,0x7910c,content_match,high
Knock Related,0x7a400,B900,0x7910c,content_match,high
Knock Related,0x7a400,E700,0x78d28,content_match,high
Knock Related,0x7a400,15120,0x7a638,family_shift,low
Knock Related,0x7a400,32000,0x7b25c,content_match,high
Y,0x7a404,D400,0x7a404,same_addr,high
Y,0x7a404,E500,0x78c7c,content_match,high
Y,0x7a404,C500,0x78c7c,content_match,high
Y,0x7a404,FB00,0x79110,content_match,high
Y,0x7a404,FC00,0x79110,content_match,high
Y,0x7a404,B900,0x79110,content_match,high
Y,0x7a404,E700,0x78d2c,content_match,high
Y,0x7a404,15120,0x7a63c,family_shift,low
Y,0x7a404,32000,0x7b260,content_match,high
Knock Related 3,0x7a408,D400,0x7a408,same_addr,high
Knock Related 3,0x7a408,E500,0x78c80,content_match,high
Knock Related 3,0x7a408,C500,0x78c80,content_match,high
Knock Related 3,0x7a408,FB00,0x79114,family_shift,medium
Knock Related 3,0x7a408,FC00,0x79114,family_shift,medium
Knock Related 3,0x7a408,B900,0x79114,family_shift,medium
Knock Related 3,0x7a408,E700,0x78d30,content_match,high
Knock Related 3,0x7a408,15120,0x7a640,family_shift,low
Knock Related 3,0x7a408,32000,0x7b264,family_shift,medium
X,0x7a40c,D400,0x7a40c,same_addr,high
X,0x7a40c,E500,0x78c84,content_match,high
X,0x7a40c,C500,0x78c84,content_match,high
X,0x7a40c,FB00,0x79118,family_shift,medium
X,0x7a40c,FC00,0x79118,family_shift,medium
X,0x7a40c,B900,0x79118,family_shift,medium
X,0x7a40c,E700,0x78d34,content_match,high
X,0x7a40c,15120,0x7a644,family_shift,low
X,0x7a40c,32000,0x7b268,family_shift,medium
Y,0x7a424,D400,0x7a424,same_addr,high
Y,0x7a424,E500,0x78c9c,family_shift,medium
Y,0x7a424,C500,0x78c9c,content_match,high
Y,0x7a424,FB00,0x79130,content_match,high
Y,0x7a424,FC00,0x79130,content_match,high
Y,0x7a424,B900,0x79130,content_match,high
Y,0x7a424,E700,0x78d4c,family_shift,medium
Y,0x7a424,15120,0x7a65c,family_shift,low
Y,0x7a424,32000,0x7b280,content_match,high
Knock Rel #4,0x7a450,D400,0x7a450,same_addr,high
Knock Rel #4,0x7a450,E500,0x78cc8,content_match,high
Knock Rel #4,0x7a450,C500,0x78cc8,content_match,high
Knock Rel #4,0x7a450,FB00,0x7915c,content_match,high
Knock Rel #4,0x7a450,FC00,0x7915c,content_match,high
Knock Rel #4,0x7a450,B900,0x7915c,content_match,high
Knock Rel #4,0x7a450,E700,0x78d78,family_shift,low
Knock Rel #4,0x7a450,15120,0x7a688,family_shift,low
Knock Rel #4,0x7a450,32000,0x7b2ac,content_match,high
X,0x7a494,D400,0x7a494,same_addr,high
X,0x7a494,E500,0x78d0c,content_match,high
X,0x7a494,C500,0x78d0c,content_match,high
X,0x7a494,FB00,0x791a0,family_shift,medium
X,0x7a494,FC00,0x791a0,family_shift,medium
X,0x7a494,B900,0x791a0,family_shift,medium
X,0x7a494,E700,0x78d34,content_match,high
X,0x7a494,15120,0x7a6cc,family_shift,low
X,0x7a494,32000,0x7b2f0,family_shift,medium
Y,0x7a4ac,D400,0x7a4ac,same_addr,high
Y,0x7a4ac,E500,0x78d24,family_shift,medium
Y,0x7a4ac,C500,0x78d24,content_match,high
Y,0x7a4ac,FB00,0x791b8,content_match,high
Y,0x7a4ac,FC00,0x791b8,content_match,high
Y,0x7a4ac,B900,0x791b8,content_match,high
Y,0x7a4ac,E700,0x78dd4,family_shift,medium
Y,0x7a4ac,15120,0x7a6e4,family_shift,low
Y,0x7a4ac,32000,0x7b308,content_match,high
Knock Rel #0,0x7a4d8,D400,0x7a4d8,same_addr,high
Knock Rel #0,0x7a4d8,E500,0x78d50,content_match,high
Knock Rel #0,0x7a4d8,C500,0x78d50,content_match,high
Knock Rel #0,0x7a4d8,FB00,0x791e4,content_match,high
Knock Rel #0,0x7a4d8,FC00,0x791e4,content_match,high
Knock Rel #0,0x7a4d8,B900,0x791e4,content_match,high
Knock Rel #0,0x7a4d8,E700,0x78e00,family_shift,low
Knock Rel #0,0x7a4d8,15120,0x7a710,family_shift,low
Knock Rel #0,0x7a4d8,32000,0x7b334,content_match,high
Y,0x7a538,D400,0x7a538,same_addr,high
Y,0x7a538,E500,0x78db0,content_match,high
Y,0x7a538,C500,0x78db0,content_match,high
Y,0x7a538,FB00,0x79244,content_match,high
Y,0x7a538,FC00,0x79244,content_match,high
Y,0x7a538,B900,0x79244,content_match,high
Y,0x7a538,E700,0x78e60,content_match,high
Y,0x7a538,15120,0x7a770,content_match,high
Y,0x7a538,32000,0x7b394,family_shift,low
Table 2D - 228_,0x7a554,D400,0x7a554,same_addr,high
Table 2D - 228_,0x7a554,E500,0x78dcc,content_match,high
Table 2D - 228_,0x7a554,C500,0x78dcc,content_match,high
Table 2D - 228_,0x7a554,FB00,0x79260,content_match,high
Table 2D - 228_,0x7a554,FC00,0x79260,content_match,high
Table 2D - 228_,0x7a554,B900,0x79260,content_match,high
Table 2D - 228_,0x7a554,E700,0x78e7c,content_match,high
Table 2D - 228_,0x7a554,15120,0x7a78c,content_match,high
Table 2D - 228_,0x7a554,32000,0x7b3b0,family_shift,low
Y,0x7a55c,D400,0x7a55c,same_addr,high
Y,0x7a55c,E500,0x78dd4,content_match,high
Y,0x7a55c,C500,0x78dd4,content_match,high
Y,0x7a55c,FB00,0x79268,content_match,high
Y,0x7a55c,FC00,0x79268,content_match,high
Y,0x7a55c,B900,0x79268,content_match,high
Y,0x7a55c,E700,0x78e84,content_match,high
Y,0x7a55c,15120,0x7a794,content_match,high
Y,0x7a55c,32000,0x7b3b8,family_shift,low
Table 2D - 229_,0x7a58c,D400,0x7a58c,same_addr,high
Table 2D - 229_,0x7a58c,E500,0x78e04,content_match,high
Table 2D - 229_,0x7a58c,C500,0x78e04,content_match,high
Table 2D - 229_,0x7a58c,FB00,0x79298,content_match,high
Table 2D - 229_,0x7a58c,FC00,0x79298,content_match,high
Table 2D - 229_,0x7a58c,B900,0x79298,content_match,high
Table 2D - 229_,0x7a58c,E700,0x78eb4,content_match,high
Table 2D - 229_,0x7a58c,15120,0x7a7c4,content_match,high
Table 2D - 229_,0x7a58c,32000,0x7b3e8,family_shift,low
VDI Open,0x7a5a4,D400,0x7a5a4,same_addr,high
VDI Open,0x7a5a4,E500,0x78e1c,content_match,high
VDI Open,0x7a5a4,C500,0x78e1c,content_match,high
VDI Open,0x7a5a4,FB00,0x792b0,content_match,high
VDI Open,0x7a5a4,FC00,0x792b0,content_match,high
VDI Open,0x7a5a4,B900,0x792b0,content_match,high
VDI Open,0x7a5a4,E700,0x78ecc,family_shift,medium
VDI Open,0x7a5a4,15120,0x7a7dc,content_match,high
VDI Open,0x7a5a4,32000,0x7b3c4,content_match,high
Y,0x7a600,D400,0x7a600,same_addr,high
Y,0x7a600,E500,0x78e78,content_match,high
Y,0x7a600,C500,0x78e78,content_match,high
Y,0x7a600,FB00,0x79334,content_match,high
Y,0x7a600,FC00,0x79334,content_match,high
Y,0x7a600,B900,0x79334,content_match,high
Y,0x7a600,E700,0x78f28,content_match,high
Y,0x7a600,15120,0x7a838,content_match,high
Y,0x7a600,32000,0x7b45c,family_shift,low
Airflow Or Load Related,0x7a628,D400,0x7a628,same_addr,high
Airflow Or Load Related,0x7a628,E500,0x78ea0,content_match,high
Airflow Or Load Related,0x7a628,C500,0x78ea0,content_match,high
Airflow Or Load Related,0x7a628,FB00,0x79334,family_shift,low
Airflow Or Load Related,0x7a628,FC00,0x79334,family_shift,low
Airflow Or Load Related,0x7a628,B900,0x79334,family_shift,low
Airflow Or Load Related,0x7a628,E700,0x78f50,content_match,high
Airflow Or Load Related,0x7a628,15120,0x7a860,content_match,high
Airflow Or Load Related,0x7a628,32000,0x7b484,family_shift,low
Y,0x7a63c,D400,0x7a63c,same_addr,high
Y,0x7a63c,E500,0x78eb4,content_match,high
Y,0x7a63c,C500,0x78eb4,content_match,high
Y,0x7a63c,FB00,0x79348,family_shift,low
Y,0x7a63c,FC00,0x79348,family_shift,low
Y,0x7a63c,B900,0x79348,family_shift,low
Y,0x7a63c,E700,0x78f64,content_match,high
Y,0x7a63c,15120,0x7a874,content_match,high
Y,0x7a63c,32000,0x7b498,family_shift,low
MAF Related,0x7a65c,D400,0x7a65c,same_addr,high
MAF Related,0x7a65c,E500,0x78ed4,content_match,high
MAF Related,0x7a65c,C500,0x78ed4,content_match,high
MAF Related,0x7a65c,FB00,0x79368,family_shift,low
MAF Related,0x7a65c,FC00,0x79368,family_shift,low
MAF Related,0x7a65c,B900,0x79368,family_shift,low
MAF Related,0x7a65c,E700,0x78f84,content_match,high
MAF Related,0x7a65c,15120,0x7a894,content_match,high
MAF Related,0x7a65c,32000,0x7b4b8,family_shift,low
Y,0x7a66c,D400,0x7a66c,same_addr,high
Y,0x7a66c,E500,0x78ee4,content_match,high
Y,0x7a66c,C500,0x78ee4,content_match,high
Y,0x7a66c,FB00,0x79378,family_shift,low
Y,0x7a66c,FC00,0x79378,family_shift,low
Y,0x7a66c,B900,0x79378,family_shift,low
Y,0x7a66c,E700,0x78f94,content_match,high
Y,0x7a66c,15120,0x7a8a4,content_match,high
Y,0x7a66c,32000,0x7b788,content_match,high
Table 2D - 232_,0x7a698,D400,0x7a698,same_addr,high
Table 2D - 232_,0x7a698,E500,0x78f10,content_match,high
Table 2D - 232_,0x7a698,C500,0x78f10,content_match,high
Table 2D - 232_,0x7a698,FB00,0x793a4,family_shift,low
Table 2D - 232_,0x7a698,FC00,0x793a4,family_shift,low
Table 2D - 232_,0x7a698,B900,0x793a4,family_shift,low
Table 2D - 232_,0x7a698,E700,0x78fc0,content_match,high
Table 2D - 232_,0x7a698,15120,0x7a8d0,content_match,high
Table 2D - 232_,0x7a698,32000,0x7b4f4,family_shift,low
Y,0x7a6b0,D400,0x7a6b0,same_addr,high
Y,0x7a6b0,E500,0x78f28,content_match,high
Y,0x7a6b0,C500,0x78f28,content_match,high
Y,0x7a6b0,FB00,0x793bc,family_shift,low
Y,0x7a6b0,FC00,0x793bc,family_shift,low
Y,0x7a6b0,B900,0x793bc,family_shift,low
Y,0x7a6b0,E700,0x78fd8,content_match,high
Y,0x7a6b0,15120,0x7a8e8,content_match,high
Y,0x7a6b0,32000,0x7b788,content_match,high
Table 2D - 233_,0x7a6dc,D400,0x7a6dc,same_addr,high
Table 2D - 233_,0x7a6dc,E500,0x78f54,content_match,high
Table 2D - 233_,0x7a6dc,C500,0x78f54,content_match,high
Table 2D - 233_,0x7a6dc,FB00,0x793e8,family_shift,low
Table 2D - 233_,0x7a6dc,FC00,0x793e8,family_shift,low
Table 2D - 233_,0x7a6dc,B900,0x793e8,family_shift,low
Table 2D - 233_,0x7a6dc,E700,0x79004,content_match,high
Table 2D - 233_,0x7a6dc,15120,0x7a914,content_match,high
Table 2D - 233_,0x7a6dc,32000,0x7b538,family_shift,low
Y,0x7a6f4,D400,0x7a6f4,same_addr,high
Y,0x7a6f4,E500,0x78f6c,content_match,high
Y,0x7a6f4,C500,0x78f6c,content_match,high
Y,0x7a6f4,FB00,0x79400,family_shift,low
Y,0x7a6f4,FC00,0x79400,family_shift,low
Y,0x7a6f4,B900,0x79400,family_shift,low
Y,0x7a6f4,E700,0x7901c,content_match,high
Y,0x7a6f4,15120,0x7a92c,content_match,high
Y,0x7a6f4,32000,0x7b788,content_match,high
Table 2D - 234_,0x7a720,D400,0x7a720,same_addr,high
Table 2D - 234_,0x7a720,E500,0x78f98,content_match,high
Table 2D - 234_,0x7a720,C500,0x78f98,content_match,high
Table 2D - 234_,0x7a720,FB00,0x7942c,family_shift,low
Table 2D - 234_,0x7a720,FC00,0x7942c,family_shift,low
Table 2D - 234_,0x7a720,B900,0x7942c,family_shift,low
Table 2D - 234_,0x7a720,E700,0x79048,content_match,high
Table 2D - 234_,0x7a720,15120,0x7a958,content_match,high
Table 2D - 234_,0x7a720,32000,0x7b57c,family_shift,low
Y,0x7a738,D400,0x7a738,same_addr,high
Y,0x7a738,E500,0x78fb0,content_match,high
Y,0x7a738,C500,0x78fb0,content_match,high
Y,0x7a738,FB00,0x79444,family_shift,low
Y,0x7a738,FC00,0x79444,family_shift,low
Y,0x7a738,B900,0x79444,family_shift,low
Y,0x7a738,E700,0x79060,content_match,high
Y,0x7a738,15120,0x7a970,content_match,high
Y,0x7a738,32000,0x7b788,content_match,high
Table 2D - 364 Check DataType,0x7a764,D400,0x7a764,same_addr,high
Table 2D - 364 Check DataType,0x7a764,E500,0x78fdc,content_match,high
Table 2D - 364 Check DataType,0x7a764,C500,0x78fdc,content_match,high
Table 2D - 364 Check DataType,0x7a764,FB00,0x79470,family_shift,low
Table 2D - 364 Check DataType,0x7a764,FC00,0x79470,family_shift,low
Table 2D - 364 Check DataType,0x7a764,B900,0x79470,family_shift,low
Table 2D - 364 Check DataType,0x7a764,E700,0x7908c,content_match,high
Table 2D - 364 Check DataType,0x7a764,15120,0x7a99c,content_match,high
Table 2D - 364 Check DataType,0x7a764,32000,0x7b5c0,family_shift,low
Y,0x7a77c,D400,0x7a77c,same_addr,high
Y,0x7a77c,E500,0x78ff4,content_match,high
Y,0x7a77c,C500,0x78ff4,content_match,high
Y,0x7a77c,FB00,0x79490,content_match,high
Y,0x7a77c,FC00,0x79490,content_match,high
Y,0x7a77c,B900,0x79490,content_match,high
Y,0x7a77c,E700,0x790a4,content_match,high
Y,0x7a77c,15120,0x7a9b4,content_match,high
Y,0x7a77c,32000,0x7b5d8,family_shift,low
Table 2D - 365 Check DataType,0x7a7a4,D400,0x7a7a4,same_addr,high
Table 2D - 365 Check DataType,0x7a7a4,E500,0x7901c,content_match,high
Table 2D - 365 Check DataType,0x7a7a4,C500,0x7901c,content_match,high
Table 2D - 365 Check DataType,0x7a7a4,FB00,0x794b0,family_shift,low
Table 2D - 365 Check DataType,0x7a7a4,FC00,0x794b0,family_shift,low
Table 2D - 365 Check DataType,0x7a7a4,B900,0x794b0,family_shift,low
Table 2D - 365 Check DataType,0x7a7a4,E700,0x790cc,content_match,high
Table 2D - 365 Check DataType,0x7a7a4,15120,0x7a9dc,content_match,high
Table 2D - 365 Check DataType,0x7a7a4,32000,0x7b600,family_shift,low
Y,0x7a7c8,D400,0x7a7c8,same_addr,high
Y,0x7a7c8,E500,0x79040,family_shift,medium
Y,0x7a7c8,C500,0x79040,content_match,high
Y,0x7a7c8,FB00,0x794d4,family_shift,low
Y,0x7a7c8,FC00,0x794d4,family_shift,low
Y,0x7a7c8,B900,0x794d4,family_shift,low
Y,0x7a7c8,E700,0x790f0,family_shift,medium
Y,0x7a7c8,15120,0x7aa00,family_shift,medium
Y,0x7a7c8,32000,0x7b624,family_shift,low
Table 2D - 254_,0x7a7f0,D400,0x7a7f0,same_addr,high
Table 2D - 254_,0x7a7f0,E500,0x79068,content_match,high
Table 2D - 254_,0x7a7f0,C500,0x79068,content_match,high
Table 2D - 254_,0x7a7f0,FB00,0x795a8,content_match,high
Table 2D - 254_,0x7a7f0,FC00,0x795a8,content_match,high
Table 2D - 254_,0x7a7f0,B900,0x795a8,content_match,high
Table 2D - 254_,0x7a7f0,E700,0x79118,content_match,high
Table 2D - 254_,0x7a7f0,15120,0x7aa28,content_match,high
Table 2D - 254_,0x7a7f0,32000,0x7b64c,family_shift,low
Y,0x7a7fc,D400,0x7a7fc,same_addr,high
Y,0x7a7fc,E500,0x79074,content_match,high
Y,0x7a7fc,C500,0x79074,content_match,high
Y,0x7a7fc,FB00,0x795b4,content_match,high
Y,0x7a7fc,FC00,0x795b4,content_match,high
Y,0x7a7fc,B900,0x795b4,content_match,high
Y,0x7a7fc,E700,0x79124,content_match,high
Y,0x7a7fc,15120,0x7aa34,content_match,high
Y,0x7a7fc,32000,0x7b5ac,content_match,high
Table 2D - 255_,0x7a80c,D400,0x7a80c,same_addr,high
Table 2D - 255_,0x7a80c,E500,0x79084,content_match,high
Table 2D - 255_,0x7a80c,C500,0x79084,content_match,high
Table 2D - 255_,0x7a80c,FB00,0x795c4,content_match,high
Table 2D - 255_,0x7a80c,FC00,0x795c4,content_match,high
Table 2D - 255_,0x7a80c,B900,0x795c4,content_match,high
Table 2D - 255_,0x7a80c,E700,0x79134,content_match,high
Table 2D - 255_,0x7a80c,15120,0x7aa44,content_match,high
Table 2D - 255_,0x7a80c,32000,0x7b668,family_shift,low
X,0x7a810,D400,0x7a810,same_addr,high
X,0x7a810,E500,0x79088,family_shift,medium
X,0x7a810,C500,0x79088,content_match,high
X,0x7a810,FB00,0x7951c,family_shift,low
X,0x7a810,FC00,0x7951c,family_shift,low
X,0x7a810,B900,0x7951c,family_shift,low
X,0x7a810,E700,0x79138,family_shift,medium
X,0x7a810,15120,0x7aa48,family_shift,medium
X,0x7a810,32000,0x7b698,content_match,high
Y,0x7a828,D400,0x7a828,same_addr,high
Y,0x7a828,E500,0x790a0,content_match,high
Y,0x7a828,C500,0x790a0,content_match,high
Y,0x7a828,FB00,0x795e0,content_match,high
Y,0x7a828,FC00,0x795e0,content_match,high
Y,0x7a828,B900,0x795e0,content_match,high
Y,0x7a828,E700,0x79150,content_match,high
Y,0x7a828,15120,0x7aa60,content_match,high
Y,0x7a828,32000,0x7b684,family_shift,low
Table 3D - 86_,0x7a838,D400,0x7a838,same_addr,high
Table 3D - 86_,0x7a838,E500,0x790b0,content_match,high
Table 3D - 86_,0x7a838,C500,0x790b0,content_match,high
Table 3D - 86_,0x7a838,FB00,0x795f0,content_match,high
Table 3D - 86_,0x7a838,FC00,0x795f0,content_match,high
Table 3D - 86_,0x7a838,B900,0x795f0,content_match,high
Table 3D - 86_,0x7a838,E700,0x79160,content_match,high
Table 3D - 86_,0x7a838,15120,0x7aa70,content_match,high
Table 3D - 86_,0x7a838,32000,0x7b694,family_shift,low
Y,0x7a8b0,D400,0x7a8b0,same_addr,high
Y,0x7a8b0,E500,0x79128,content_match,high
Y,0x7a8b0,C500,0x79128,content_match,high
Y,0x7a8b0,FB00,0x795bc,family_shift,low
Y,0x7a8b0,FC00,0x795bc,family_shift,low
Y,0x7a8b0,B900,0x795bc,family_shift,low
Y,0x7a8b0,E700,0x791d8,content_match,high
Y,0x7a8b0,15120,0x7aae8,content_match,high
Y,0x7a8b0,32000,0x7b748,content_match,high
Table 2D - 375 Check DataType,0x7a8cc,D400,0x7a8cc,same_addr,high
Table 2D - 375 Check DataType,0x7a8cc,E500,0x79144,content_match,high
Table 2D - 375 Check DataType,0x7a8cc,C500,0x79144,content_match,high
Table 2D - 375 Check DataType,0x7a8cc,FB00,0x7968c,content_match,high
Table 2D - 375 Check DataType,0x7a8cc,FC00,0x7968c,content_match,high
Table 2D - 375 Check DataType,0x7a8cc,B900,0x7968c,content_match,high
Table 2D - 375 Check DataType,0x7a8cc,E700,0x791f4,content_match,high
Table 2D - 375 Check DataType,0x7a8cc,15120,0x7ab04,content_match,high
Table 2D - 375 Check DataType,0x7a8cc,32000,0x7b728,family_shift,low
Y,0x7a8dc,D400,0x7a8dc,same_addr,high
Y,0x7a8dc,E500,0x79154,content_match,high
Y,0x7a8dc,C500,0x79154,content_match,high
Y,0x7a8dc,FB00,0x795e8,family_shift,low
Y,0x7a8dc,FC00,0x795e8,family_shift,low
Y,0x7a8dc,B900,0x795e8,family_shift,low
Y,0x7a8dc,E700,0x79204,content_match,high
Y,0x7a8dc,15120,0x7ab14,content_match,high
Y,0x7a8dc,32000,0x7b748,content_match,high
Table 2D - 256_,0x7a8f8,D400,0x7a8f8,same_addr,high
Table 2D - 256_,0x7a8f8,E500,0x79170,content_match,high
Table 2D - 256_,0x7a8f8,C500,0x79170,content_match,high
Table 2D - 256_,0x7a8f8,FB00,0x796b8,content_match,high
Table 2D - 256_,0x7a8f8,FC00,0x796b8,content_match,high
Table 2D - 256_,0x7a8f8,B900,0x796b8,content_match,high
Table 2D - 256_,0x7a8f8,E700,0x79220,content_match,high
Table 2D - 256_,0x7a8f8,15120,0x7ab30,content_match,high
Table 2D - 256_,0x7a8f8,32000,0x7b764,content_match,high
Barometric Pressure Sensor Min Voltage,0x7a930,D400,0x7a930,same_addr,high
Barometric Pressure Sensor Min Voltage,0x7a930,E500,0x791a8,content_match,high
Barometric Pressure Sensor Min Voltage,0x7a930,C500,0x791a8,content_match,high
Barometric Pressure Sensor Min Voltage,0x7a930,FB00,0x796fc,content_match,high
Barometric Pressure Sensor Min Voltage,0x7a930,FC00,0x796fc,content_match,high
Barometric Pressure Sensor Min Voltage,0x7a930,B900,0x796fc,content_match,high
Barometric Pressure Sensor Min Voltage,0x7a930,E700,0x79258,content_match,high
Barometric Pressure Sensor Min Voltage,0x7a930,15120,0x7ab68,content_match,high
Barometric Pressure Sensor Min Voltage,0x7a930,32000,0x7b808,content_match,high
Barometric Pressure Sensor Max Voltage,0x7a934,D400,0x7a934,same_addr,high
Barometric Pressure Sensor Max Voltage,0x7a934,E500,0x791ac,content_match,high
Barometric Pressure Sensor Max Voltage,0x7a934,C500,0x791ac,content_match,high
Barometric Pressure Sensor Max Voltage,0x7a934,FB00,0x79700,content_match,high
Barometric Pressure Sensor Max Voltage,0x7a934,FC00,0x79700,content_match,high
Barometric Pressure Sensor Max Voltage,0x7a934,B900,0x79700,content_match,high
Barometric Pressure Sensor Max Voltage,0x7a934,E700,0x7925c,content_match,high
Barometric Pressure Sensor Max Voltage,0x7a934,15120,0x7ab6c,content_match,high
Barometric Pressure Sensor Max Voltage,0x7a934,32000,0x7b790,family_shift,low
Barometric Pressure Sensor Offset,0x7a9bc,D400,0x7a9bc,same_addr,high
Barometric Pressure Sensor Offset,0x7a9bc,E500,0x79234,content_match,high
Barometric Pressure Sensor Offset,0x7a9bc,C500,0x79234,content_match,high
Barometric Pressure Sensor Offset,0x7a9bc,FB00,0x7978c,content_match,high
Barometric Pressure Sensor Offset,0x7a9bc,FC00,0x7978c,content_match,high
Barometric Pressure Sensor Offset,0x7a9bc,B900,0x7978c,content_match,high
Barometric Pressure Sensor Offset,0x7a9bc,E700,0x792e4,content_match,high
Barometric Pressure Sensor Offset,0x7a9bc,15120,0x7abf4,content_match,high
Barometric Pressure Sensor Offset,0x7a9bc,32000,0x7b888,content_match,high
Barometric Pressure Sensor Slope,0x7a9c0,D400,0x7a9c0,same_addr,high
Barometric Pressure Sensor Slope,0x7a9c0,E500,0x79238,content_match,high
Barometric Pressure Sensor Slope,0x7a9c0,C500,0x79238,content_match,high
Barometric Pressure Sensor Slope,0x7a9c0,FB00,0x79790,content_match,high
Barometric Pressure Sensor Slope,0x7a9c0,FC00,0x79790,content_match,high
Barometric Pressure Sensor Slope,0x7a9c0,B900,0x79790,content_match,high
Barometric Pressure Sensor Slope,0x7a9c0,E700,0x792e8,content_match,high
Barometric Pressure Sensor Slope,0x7a9c0,15120,0x7abf8,content_match,high
Barometric Pressure Sensor Slope,0x7a9c0,32000,0x7b88c,content_match,high
Y,0x7a9d4,D400,0x7a9d4,same_addr,high
Y,0x7a9d4,E500,0x7924c,family_shift,medium
Y,0x7a9d4,C500,0x7924c,family_shift,medium
Y,0x7a9d4,FB00,0x796e0,family_shift,low
Y,0x7a9d4,FC00,0x796e0,family_shift,low
Y,0x7a9d4,B900,0x796e0,family_shift,low
Y,0x7a9d4,E700,0x792fc,family_shift,medium
Y,0x7a9d4,15120,0x7ac0c,family_shift,medium
Y,0x7a9d4,32000,0x7b830,family_shift,low
Table 2D - 257_,0x7a9f8,D400,0x7a9f8,same_addr,high
Table 2D - 257_,0x7a9f8,E500,0x79270,content_match,high
Table 2D - 257_,0x7a9f8,C500,0x79270,content_match,high
Table 2D - 257_,0x7a9f8,FB00,0x797c8,content_match,high
Table 2D - 257_,0x7a9f8,FC00,0x797c8,content_match,high
Table 2D - 257_,0x7a9f8,B900,0x797c8,content_match,high
Table 2D - 257_,0x7a9f8,E700,0x79320,content_match,high
Table 2D - 257_,0x7a9f8,15120,0x7ac30,content_match,high
Table 2D - 257_,0x7a9f8,32000,0x7b854,family_shift,low
Y,0x7aa04,D400,0x7aa04,same_addr,high
Y,0x7aa04,E500,0x7927c,family_shift,medium
Y,0x7aa04,C500,0x7927c,family_shift,medium
Y,0x7aa04,FB00,0x79710,family_shift,low
Y,0x7aa04,FC00,0x79710,family_shift,low
Y,0x7aa04,B900,0x79710,family_shift,low
Y,0x7aa04,E700,0x7932c,family_shift,medium
Y,0x7aa04,15120,0x7ac3c,family_shift,medium
Y,0x7aa04,32000,0x7b8a0,content_match,high
Table 2D - 258_,0x7aa28,D400,0x7aa28,same_addr,high
Table 2D - 258_,0x7aa28,E500,0x792a0,family_shift,medium
Table 2D - 258_,0x7aa28,C500,0x792a0,content_match,high
Table 2D - 258_,0x7aa28,FB00,0x797f8,content_match,high
Table 2D - 258_,0x7aa28,FC00,0x797f8,content_match,high
Table 2D - 258_,0x7aa28,B900,0x797f8,content_match,high
Table 2D - 258_,0x7aa28,E700,0x79350,family_shift,medium
Table 2D - 258_,0x7aa28,15120,0x7ac60,content_match,high
Table 2D - 258_,0x7aa28,32000,0x7b884,family_shift,low
X,0x7aa74,D400,0x7aa74,same_addr,high
X,0x7aa74,E500,0x792ec,content_match,high
X,0x7aa74,C500,0x792ec,content_match,high
X,0x7aa74,FB00,0x79780,family_shift,low
X,0x7aa74,FC00,0x79780,family_shift,low
X,0x7aa74,B900,0x79780,family_shift,low
X,0x7aa74,E700,0x7939c,content_match,high
X,0x7aa74,15120,0x7acac,content_match,high
X,0x7aa74,32000,0x7b8d0,family_shift,low
Y,0x7aa98,D400,0x7aa98,same_addr,high
Y,0x7aa98,E500,0x79310,family_shift,medium
Y,0x7aa98,C500,0x79310,content_match,high
Y,0x7aa98,FB00,0x797a4,family_shift,low
Y,0x7aa98,FC00,0x797a4,family_shift,low
Y,0x7aa98,B900,0x797a4,family_shift,low
Y,0x7aa98,E700,0x793c0,family_shift,medium
Y,0x7aa98,15120,0x7acd0,family_shift,medium
Y,0x7aa98,32000,0x7b8f4,family_shift,low
Table 3D - 122_,0x7aabc,D400,0x7aabc,same_addr,high
Table 3D - 122_,0x7aabc,E500,0x79334,family_shift,medium
Table 3D - 122_,0x7aabc,C500,0x79334,family_shift,medium
Table 3D - 122_,0x7aabc,FB00,0x797c8,family_shift,low
Table 3D - 122_,0x7aabc,FC00,0x797c8,family_shift,low
Table 3D - 122_,0x7aabc,B900,0x797c8,family_shift,low
Table 3D - 122_,0x7aabc,E700,0x793e4,family_shift,medium
Table 3D - 122_,0x7aabc,15120,0x7acf4,family_shift,medium
Table 3D - 122_,0x7aabc,32000,0x7b918,family_shift,low
X,0x7ab10,D400,0x7ab10,same_addr,high
X,0x7ab10,E500,0x79388,content_match,high
X,0x7ab10,C500,0x79388,content_match,high
X,0x7ab10,FB00,0x7981c,family_shift,low
X,0x7ab10,FC00,0x7981c,family_shift,low
X,0x7ab10,B900,0x7981c,family_shift,low
X,0x7ab10,E700,0x79438,content_match,high
X,0x7ab10,15120,0x7ad48,content_match,high
X,0x7ab10,32000,0x7b96c,family_shift,low
Y,0x7ab34,D400,0x7ab34,same_addr,high
Y,0x7ab34,E500,0x793ac,family_shift,medium
Y,0x7ab34,C500,0x793ac,content_match,high
Y,0x7ab34,FB00,0x798f0,content_match,high
Y,0x7ab34,FC00,0x798f0,content_match,high
Y,0x7ab34,B900,0x798f0,content_match,high
Y,0x7ab34,E700,0x7945c,family_shift,medium
Y,0x7ab34,15120,0x7ad6c,family_shift,medium
Y,0x7ab34,32000,0x7b990,family_shift,low
Table 3D - 123_,0x7ab58,D400,0x7ab58,same_addr,high
Table 3D - 123_,0x7ab58,E500,0x793d0,content_match,high
Table 3D - 123_,0x7ab58,C500,0x793d0,content_match,high
Table 3D - 123_,0x7ab58,FB00,0x79914,content_match,high
Table 3D - 123_,0x7ab58,FC00,0x79914,content_match,high
Table 3D - 123_,0x7ab58,B900,0x79914,content_match,high
Table 3D - 123_,0x7ab58,E700,0x79480,content_match,high
Table 3D - 123_,0x7ab58,15120,0x7ad90,content_match,high
Table 3D - 123_,0x7ab58,32000,0x7b9b4,family_shift,low
X,0x7abfc,D400,0x7abfc,same_addr,high
X,0x7abfc,E500,0x79474,content_match,high
X,0x7abfc,C500,0x79474,content_match,high
X,0x7abfc,FB00,0x799b8,content_match,high
X,0x7abfc,FC00,0x799b8,content_match,high
X,0x7abfc,B900,0x799b8,content_match,high
X,0x7abfc,E700,0x79524,content_match,high
X,0x7abfc,15120,0x7ae34,content_match,high
X,0x7abfc,32000,0x7ba70,content_match,high
Y,0x7ac20,D400,0x7ac20,same_addr,high
Y,0x7ac20,E500,0x79498,family_shift,medium
Y,0x7ac20,C500,0x79498,content_match,high
Y,0x7ac20,FB00,0x799dc,content_match,high
Y,0x7ac20,FC00,0x799dc,content_match,high
Y,0x7ac20,B900,0x799dc,content_match,high
Y,0x7ac20,E700,0x79548,family_shift,medium
Y,0x7ac20,15120,0x7ae58,family_shift,medium
Y,0x7ac20,32000,0x7ba94,content_match,high
Table 3D - 87_,0x7ac44,D400,0x7ac44,same_addr,high
Table 3D - 87_,0x7ac44,E500,0x794bc,family_shift,low
Table 3D - 87_,0x7ac44,C500,0x794bc,family_shift,medium
Table 3D - 87_,0x7ac44,FB00,0x799e8,family_shift,low
Table 3D - 87_,0x7ac44,FC00,0x799e8,family_shift,low
Table 3D - 87_,0x7ac44,B900,0x799e8,family_shift,low
Table 3D - 87_,0x7ac44,E700,0x7956c,family_shift,low
Table 3D - 87_,0x7ac44,15120,0x7ae7c,family_shift,medium
Table 3D - 87_,0x7ac44,32000,0x7baa0,family_shift,low
X,0x7ace8,D400,0x7ace8,same_addr,high
X,0x7ace8,E500,0x79560,content_match,high
X,0x7ace8,C500,0x79560,content_match,high
X,0x7ace8,FB00,0x79aa4,content_match,high
X,0x7ace8,FC00,0x79aa4,content_match,high
X,0x7ace8,B900,0x79aa4,content_match,high
X,0x7ace8,E700,0x79610,content_match,high
X,0x7ace8,15120,0x7af20,content_match,high
X,0x7ace8,32000,0x7bb5c,content_match,high
Y,0x7ad0c,D400,0x7ad0c,same_addr,high
Y,0x7ad0c,E500,0x79584,family_shift,medium
Y,0x7ad0c,C500,0x79584,content_match,high
Y,0x7ad0c,FB00,0x79ac8,content_match,high
Y,0x7ad0c,FC00,0x79ac8,content_match,high
Y,0x7ad0c,B900,0x79ac8,content_match,high
Y,0x7ad0c,E700,0x79634,family_shift,medium
Y,0x7ad0c,15120,0x7af44,family_shift,medium
Y,0x7ad0c,32000,0x7bb80,content_match,high
Table 3D - 88_,0x7ad30,D400,0x7ad30,same_addr,high
Table 3D - 88_,0x7ad30,E500,0x795a8,family_shift,low
Table 3D - 88_,0x7ad30,C500,0x795a8,family_shift,medium
Table 3D - 88_,0x7ad30,FB00,0x79ad4,family_shift,low
Table 3D - 88_,0x7ad30,FC00,0x79ad4,family_shift,low
Table 3D - 88_,0x7ad30,B900,0x79ad4,family_shift,low
Table 3D - 88_,0x7ad30,E700,0x79658,family_shift,low
Table 3D - 88_,0x7ad30,15120,0x7af68,family_shift,medium
Table 3D - 88_,0x7ad30,32000,0x7bb8c,family_shift,low
X,0x7add4,D400,0x7add4,same_addr,high
X,0x7add4,E500,0x7964c,content_match,high
X,0x7add4,C500,0x7964c,content_match,high
X,0x7add4,FB00,0x79b78,family_shift,low
X,0x7add4,FC00,0x79b78,family_shift,low
X,0x7add4,B900,0x79b78,family_shift,low
X,0x7add4,E700,0x796fc,content_match,high
X,0x7add4,15120,0x7b00c,content_match,high
X,0x7add4,32000,0x7bc30,family_shift,low
Y,0x7add8,D400,0x7add8,same_addr,high
Y,0x7add8,E500,0x79650,content_match,high
Y,0x7add8,C500,0x79650,content_match,high
Y,0x7add8,FB00,0x79b7c,family_shift,low
Y,0x7add8,FC00,0x79b7c,family_shift,low
Y,0x7add8,B900,0x79b7c,family_shift,low
Y,0x7add8,E700,0x79700,content_match,high
Y,0x7add8,15120,0x7b010,content_match,high
Y,0x7add8,32000,0x7bc34,family_shift,low
Table 3D - 89_,0x7addc,D400,0x7addc,same_addr,high
Table 3D - 89_,0x7addc,E500,0x79654,content_match,high
Table 3D - 89_,0x7addc,C500,0x79654,content_match,high
Table 3D - 89_,0x7addc,FB00,0x79b80,family_shift,low
Table 3D - 89_,0x7addc,FC00,0x79b80,family_shift,low
Table 3D - 89_,0x7addc,B900,0x79b80,family_shift,low
Table 3D - 89_,0x7addc,E700,0x79704,content_match,high
Table 3D - 89_,0x7addc,15120,0x7b014,content_match,high
Table 3D - 89_,0x7addc,32000,0x7bc38,family_shift,low
X,0x7ade0,D400,0x7ade0,same_addr,high
X,0x7ade0,E500,0x79658,content_match,high
X,0x7ade0,C500,0x79658,content_match,high
X,0x7ade0,FB00,0x79b84,family_shift,low
X,0x7ade0,FC00,0x79b84,family_shift,low
X,0x7ade0,B900,0x79b84,family_shift,low
X,0x7ade0,E700,0x79708,content_match,high
X,0x7ade0,15120,0x7b018,content_match,high
X,0x7ade0,32000,0x7bc3c,family_shift,low
Y,0x7ade4,D400,0x7ade4,same_addr,high
Y,0x7ade4,E500,0x7965c,content_match,high
Y,0x7ade4,C500,0x7965c,content_match,high
Y,0x7ade4,FB00,0x79b88,family_shift,low
Y,0x7ade4,FC00,0x79b88,family_shift,low
Y,0x7ade4,B900,0x79b88,family_shift,low
Y,0x7ade4,E700,0x7970c,content_match,high
Y,0x7ade4,15120,0x7b01c,content_match,high
Y,0x7ade4,32000,0x7bc40,family_shift,low
Table 3D - 90_,0x7ade8,D400,0x7ade8,same_addr,high
Table 3D - 90_,0x7ade8,E500,0x79660,content_match,high
Table 3D - 90_,0x7ade8,C500,0x79660,content_match,high
Table 3D - 90_,0x7ade8,FB00,0x79b8c,content_match,high
Table 3D - 90_,0x7ade8,FC00,0x79b8c,content_match,high
Table 3D - 90_,0x7ade8,B900,0x79b8c,content_match,high
Table 3D - 90_,0x7ade8,E700,0x79710,content_match,high
Table 3D - 90_,0x7ade8,15120,0x7b020,content_match,high
Table 3D - 90_,0x7ade8,32000,0x7bc44,content_match,high
Y,0x7ae34,D400,0x7ae34,same_addr,high
Y,0x7ae34,E500,0x796ac,family_shift,medium
Y,0x7ae34,C500,0x796ac,content_match,high
Y,0x7ae34,FB00,0x79bd8,content_match,high
Y,0x7ae34,FC00,0x79bd8,content_match,high
Y,0x7ae34,B900,0x79bd8,content_match,high
Y,0x7ae34,E700,0x7975c,family_shift,medium
Y,0x7ae34,15120,0x7b06c,family_shift,medium
Y,0x7ae34,32000,0x7bc90,content_match,high
Table 2D - 259_,0x7ae7c,D400,0x7ae7c,same_addr,high
Table 2D - 259_,0x7ae7c,E500,0x796f4,content_match,high
Table 2D - 259_,0x7ae7c,C500,0x796f4,content_match,high
Table 2D - 259_,0x7ae7c,FB00,0x79c20,content_match,high
Table 2D - 259_,0x7ae7c,FC00,0x79c20,content_match,high
Table 2D - 259_,0x7ae7c,B900,0x79c20,content_match,high
Table 2D - 259_,0x7ae7c,E700,0x797a4,family_shift,low
Table 2D - 259_,0x7ae7c,15120,0x7b0b4,content_match,high
Table 2D - 259_,0x7ae7c,32000,0x7bcd8,content_match,high
Y,0x7ae90,D400,0x7ae90,same_addr,high
Y,0x7ae90,E500,0x79708,family_shift,medium
Y,0x7ae90,C500,0x79708,content_match,high
Y,0x7ae90,FB00,0x79c34,content_match,high
Y,0x7ae90,FC00,0x79c34,content_match,high
Y,0x7ae90,B900,0x79c34,content_match,high
Y,0x7ae90,E700,0x797b8,family_shift,medium
Y,0x7ae90,15120,0x7b0c8,content_match,high
Y,0x7ae90,32000,0x7bcec,content_match,high
Table 2D - 376 Check DataType,0x7ae94,D400,0x7ae94,same_addr,high
Table 2D - 376 Check DataType,0x7ae94,E500,0x7970c,family_shift,low
Table 2D - 376 Check DataType,0x7ae94,C500,0x7970c,content_match,high
Table 2D - 376 Check DataType,0x7ae94,FB00,0x79c38,content_match,high
Table 2D - 376 Check DataType,0x7ae94,FC00,0x79c38,content_match,high
Table 2D - 376 Check DataType,0x7ae94,B900,0x79c38,content_match,high
Table 2D - 376 Check DataType,0x7ae94,E700,0x797bc,family_shift,low
Table 2D - 376 Check DataType,0x7ae94,15120,0x7b0cc,content_match,high
Table 2D - 376 Check DataType,0x7ae94,32000,0x7bcf0,content_match,high
Y,0x7ae98,D400,0x7ae98,same_addr,high
Y,0x7ae98,E500,0x79710,family_shift,medium
Y,0x7ae98,C500,0x79710,content_match,high
Y,0x7ae98,FB00,0x79c3c,content_match,high
Y,0x7ae98,FC00,0x79c3c,content_match,high
Y,0x7ae98,B900,0x79c3c,content_match,high
Y,0x7ae98,E700,0x797c0,family_shift,medium
Y,0x7ae98,15120,0x7b0d0,content_match,high
Y,0x7ae98,32000,0x7bcf4,content_match,high
Table 2D - 377 Check DataType,0x7ae9c,D400,0x7ae9c,same_addr,high
Table 2D - 377 Check DataType,0x7ae9c,E500,0x79714,family_shift,medium
Table 2D - 377 Check DataType,0x7ae9c,C500,0x79714,content_match,high
Table 2D - 377 Check DataType,0x7ae9c,FB00,0x79c40,content_match,high
Table 2D - 377 Check DataType,0x7ae9c,FC00,0x79c40,content_match,high
Table 2D - 377 Check DataType,0x7ae9c,B900,0x79c40,content_match,high
Table 2D - 377 Check DataType,0x7ae9c,E700,0x797c4,family_shift,medium
Table 2D - 377 Check DataType,0x7ae9c,15120,0x7b0d4,content_match,high
Table 2D - 377 Check DataType,0x7ae9c,32000,0x7bcf8,content_match,high
Y,0x7af24,D400,0x7af24,same_addr,high
Y,0x7af24,E500,0x7979c,content_match,high
Y,0x7af24,C500,0x7979c,content_match,high
Y,0x7af24,FB00,0x79cc8,content_match,high
Y,0x7af24,FC00,0x79cc8,content_match,high
Y,0x7af24,B900,0x79cc8,content_match,high
Y,0x7af24,E700,0x7984c,content_match,high
Y,0x7af24,15120,0x7b15c,content_match,high
Y,0x7af24,32000,0x7bd80,content_match,high
Injection Angle Related AFR Input,0x7af48,D400,0x7af48,same_addr,high
Injection Angle Related AFR Input,0x7af48,E500,0x797c0,content_match,high
Injection Angle Related AFR Input,0x7af48,C500,0x797c0,content_match,high
Injection Angle Related AFR Input,0x7af48,FB00,0x79cec,content_match,high
Injection Angle Related AFR Input,0x7af48,FC00,0x79cec,content_match,high
Injection Angle Related AFR Input,0x7af48,B900,0x79cec,content_match,high
Injection Angle Related AFR Input,0x7af48,E700,0x79870,content_match,high
Injection Angle Related AFR Input,0x7af48,15120,0x7b180,content_match,high
Injection Angle Related AFR Input,0x7af48,32000,0x7bda4,content_match,high
Y,0x7af54,D400,0x7af54,same_addr,high
Y,0x7af54,E500,0x797cc,content_match,high
Y,0x7af54,C500,0x797cc,content_match,high
Y,0x7af54,FB00,0x79cf8,content_match,high
Y,0x7af54,FC00,0x79cf8,content_match,high
Y,0x7af54,B900,0x79cf8,content_match,high
Y,0x7af54,E700,0x7987c,content_match,high
Y,0x7af54,15120,0x7b18c,content_match,high
Y,0x7af54,32000,0x7bdb0,content_match,high
Unknown Lambda Input,0x7af74,D400,0x7af74,same_addr,high
Unknown Lambda Input,0x7af74,E500,0x797ec,content_match,high
Unknown Lambda Input,0x7af74,C500,0x797ec,content_match,high
Unknown Lambda Input,0x7af74,FB00,0x79d18,content_match,high
Unknown Lambda Input,0x7af74,FC00,0x79d18,content_match,high
Unknown Lambda Input,0x7af74,B900,0x79d18,content_match,high
Unknown Lambda Input,0x7af74,E700,0x7989c,content_match,high
Unknown Lambda Input,0x7af74,15120,0x7b1ac,content_match,high
Unknown Lambda Input,0x7af74,32000,0x7bdd0,family_shift,low
Y,0x7af7c,D400,0x7af7c,same_addr,high
Y,0x7af7c,E500,0x797f4,content_match,high
Y,0x7af7c,C500,0x797f4,content_match,high
Y,0x7af7c,FB00,0x79d20,content_match,high
Y,0x7af7c,FC00,0x79d20,content_match,high
Y,0x7af7c,B900,0x79d20,content_match,high
Y,0x7af7c,E700,0x798a4,content_match,high
Y,0x7af7c,15120,0x7b1b4,content_match,high
Y,0x7af7c,32000,0x7bdcc,content_match,high
Table 2D - 262_,0x7af9c,D400,0x7af9c,same_addr,high
Table 2D - 262_,0x7af9c,E500,0x79814,content_match,high
Table 2D - 262_,0x7af9c,C500,0x79814,content_match,high
Table 2D - 262_,0x7af9c,FB00,0x79d40,content_match,high
Table 2D - 262_,0x7af9c,FC00,0x79d40,content_match,high
Table 2D - 262_,0x7af9c,B900,0x79d40,content_match,high
Table 2D - 262_,0x7af9c,E700,0x798c4,content_match,high
Table 2D - 262_,0x7af9c,15120,0x7b1d4,content_match,high
Table 2D - 262_,0x7af9c,32000,0x7bdf8,family_shift,low
Y,0x7afa4,D400,0x7afa4,same_addr,high
Y,0x7afa4,E500,0x7981c,content_match,high
Y,0x7afa4,C500,0x7981c,content_match,high
Y,0x7afa4,FB00,0x79d48,content_match,high
Y,0x7afa4,FC00,0x79d48,content_match,high
Y,0x7afa4,B900,0x79d48,content_match,high
Y,0x7afa4,E700,0x798cc,content_match,high
Y,0x7afa4,15120,0x7b1dc,content_match,high
Y,0x7afa4,32000,0x7bde8,content_match,high
AirFlow Inj Angle Related,0x7b008,D400,0x7b008,same_addr,high
AirFlow Inj Angle Related,0x7b008,E500,0x79880,content_match,high
AirFlow Inj Angle Related,0x7b008,C500,0x79880,content_match,high
AirFlow Inj Angle Related,0x7b008,FB00,0x79dac,content_match,high
AirFlow Inj Angle Related,0x7b008,FC00,0x79dac,content_match,high
AirFlow Inj Angle Related,0x7b008,B900,0x79dac,content_match,high
AirFlow Inj Angle Related,0x7b008,E700,0x79930,content_match,high
AirFlow Inj Angle Related,0x7b008,15120,0x7b240,content_match,high
AirFlow Inj Angle Related,0x7b008,32000,0x7be10,content_match,high
Y,0x7b03c,D400,0x7b03c,same_addr,high
Y,0x7b03c,E500,0x798b4,family_shift,medium
Y,0x7b03c,C500,0x798b4,family_shift,medium
Y,0x7b03c,FB00,0x79de0,family_shift,medium
Y,0x7b03c,FC00,0x79de0,family_shift,medium
Y,0x7b03c,B900,0x79de0,family_shift,medium
Y,0x7b03c,E700,0x79964,family_shift,medium
Y,0x7b03c,15120,0x7b274,family_shift,medium
Y,0x7b03c,32000,0x7be98,family_shift,low
Table 2D - 264_,0x7b05c,D400,0x7b05c,same_addr,high
Table 2D - 264_,0x7b05c,E500,0x798d4,content_match,high
Table 2D - 264_,0x7b05c,C500,0x798d4,content_match,high
Table 2D - 264_,0x7b05c,FB00,0x79e00,content_match,high
Table 2D - 264_,0x7b05c,FC00,0x79e00,content_match,high
Table 2D - 264_,0x7b05c,B900,0x79e00,content_match,high
Table 2D - 264_,0x7b05c,E700,0x79984,content_match,high
Table 2D - 264_,0x7b05c,15120,0x7b294,content_match,high
Table 2D - 264_,0x7b05c,32000,0x7beb8,family_shift,low
Y,0x7b06c,D400,0x7b06c,same_addr,high
Y,0x7b06c,E500,0x798e4,content_match,high
Y,0x7b06c,C500,0x798e4,content_match,high
Y,0x7b06c,FB00,0x79e10,content_match,high
Y,0x7b06c,FC00,0x79e10,content_match,high
Y,0x7b06c,B900,0x79e10,content_match,high
Y,0x7b06c,E700,0x79994,content_match,high
Y,0x7b06c,15120,0x7b2a4,content_match,high
Y,0x7b06c,32000,0x7bec8,content_match,high
Table 2D - 265_,0x7b0d0,D400,0x7b0d0,same_addr,high
Table 2D - 265_,0x7b0d0,E500,0x79948,content_match,high
Table 2D - 265_,0x7b0d0,C500,0x79948,content_match,high
Table 2D - 265_,0x7b0d0,FB00,0x79e74,content_match,high
Table 2D - 265_,0x7b0d0,FC00,0x79e74,content_match,high
Table 2D - 265_,0x7b0d0,B900,0x79e74,content_match,high
Table 2D - 265_,0x7b0d0,E700,0x799f8,content_match,high
Table 2D - 265_,0x7b0d0,15120,0x7b308,content_match,high
Table 2D - 265_,0x7b0d0,32000,0x7bf24,content_match,high
Y,0x7b104,D400,0x7b104,same_addr,high
Y,0x7b104,E500,0x7997c,content_match,high
Y,0x7b104,C500,0x7997c,content_match,high
Y,0x7b104,FB00,0x79ea8,content_match,high
Y,0x7b104,FC00,0x79ea8,content_match,high
Y,0x7b104,B900,0x79ea8,content_match,high
Y,0x7b104,E700,0x79a2c,content_match,high
Y,0x7b104,15120,0x7b33c,content_match,high
Y,0x7b104,32000,0x7bf60,family_shift,low
Table 2D - 266_,0x7b168,D400,0x7b168,same_addr,high
Table 2D - 266_,0x7b168,E500,0x799e0,content_match,high
Table 2D - 266_,0x7b168,C500,0x799e0,content_match,high
Table 2D - 266_,0x7b168,FB00,0x79f0c,content_match,high
Table 2D - 266_,0x7b168,FC00,0x79f0c,content_match,high
Table 2D - 266_,0x7b168,B900,0x79f0c,content_match,high
Table 2D - 266_,0x7b168,E700,0x79a90,content_match,high
Table 2D - 266_,0x7b168,15120,0x7b3a0,content_match,high
Table 2D - 266_,0x7b168,32000,0x7bfc4,family_shift,low
Y,0x7b19c,D400,0x7b19c,same_addr,high
Y,0x7b19c,E500,0x79a14,family_shift,medium
Y,0x7b19c,C500,0x79a14,family_shift,medium
Y,0x7b19c,FB00,0x79f40,family_shift,medium
Y,0x7b19c,FC00,0x79f40,family_shift,medium
Y,0x7b19c,B900,0x79f40,family_shift,medium
Y,0x7b19c,E700,0x79ac4,family_shift,medium
Y,0x7b19c,15120,0x7b3d4,family_shift,medium
Y,0x7b19c,32000,0x7bff8,family_shift,low
Table 2D - 267_,0x7b1bc,D400,0x7b1bc,same_addr,high
Table 2D - 267_,0x7b1bc,E500,0x79a34,content_match,high
Table 2D - 267_,0x7b1bc,C500,0x79a34,content_match,high
Table 2D - 267_,0x7b1bc,FB00,0x79f60,content_match,high
Table 2D - 267_,0x7b1bc,FC00,0x79f60,content_match,high
Table 2D - 267_,0x7b1bc,B900,0x79f60,content_match,high
Table 2D - 267_,0x7b1bc,E700,0x79ae4,content_match,high
Table 2D - 267_,0x7b1bc,15120,0x7b3f4,content_match,high
Table 2D - 267_,0x7b1bc,32000,0x7c018,family_shift,low
Y,0x7b1cc,D400,0x7b1cc,same_addr,high
Y,0x7b1cc,E500,0x79a44,content_match,high
Y,0x7b1cc,C500,0x79a44,content_match,high
Y,0x7b1cc,FB00,0x79f70,content_match,high
Y,0x7b1cc,FC00,0x79f70,content_match,high
Y,0x7b1cc,B900,0x79f70,content_match,high
Y,0x7b1cc,E700,0x79af4,content_match,high
Y,0x7b1cc,15120,0x7b404,content_match,high
Y,0x7b1cc,32000,0x7c028,family_shift,low
Table 2D - 268_,0x7b204,D400,0x7b204,same_addr,high
Table 2D - 268_,0x7b204,E500,0x79a7c,content_match,high
Table 2D - 268_,0x7b204,C500,0x79a7c,content_match,high
Table 2D - 268_,0x7b204,FB00,0x79fa8,content_match,high
Table 2D - 268_,0x7b204,FC00,0x79fa8,content_match,high
Table 2D - 268_,0x7b204,B900,0x79fa8,content_match,high
Table 2D - 268_,0x7b204,E700,0x79b2c,content_match,high
Table 2D - 268_,0x7b204,15120,0x7b43c,content_match,high
Table 2D - 268_,0x7b204,32000,0x7c060,family_shift,low
Y,0x7b220,D400,0x7b220,same_addr,high
Y,0x7b220,E500,0x79a98,family_shift,medium
Y,0x7b220,C500,0x79a98,family_shift,medium
Y,0x7b220,FB00,0x79fc4,family_shift,medium
Y,0x7b220,FC00,0x79fc4,family_shift,medium
Y,0x7b220,B900,0x79fc4,family_shift,medium
Y,0x7b220,E700,0x79b48,family_shift,medium
Y,0x7b220,15120,0x7b458,family_shift,medium
Y,0x7b220,32000,0x7c07c,family_shift,low
Table 2D - 269_,0x7b240,D400,0x7b240,same_addr,high
Table 2D - 269_,0x7b240,E500,0x79ab8,content_match,high
Table 2D - 269_,0x7b240,C500,0x79ab8,content_match,high
Table 2D - 269_,0x7b240,FB00,0x79fe4,content_match,high
Table 2D - 269_,0x7b240,FC00,0x79fe4,content_match,high
Table 2D - 269_,0x7b240,B900,0x79fe4,content_match,high
Table 2D - 269_,0x7b240,E700,0x79b68,content_match,high
Table 2D - 269_,0x7b240,15120,0x7b478,content_match,high
Table 2D - 269_,0x7b240,32000,0x7c09c,family_shift,low
X,0x7b250,D400,0x7b250,same_addr,high
X,0x7b250,E500,0x79ac8,family_shift,medium
X,0x7b250,C500,0x79ac8,content_match,high
X,0x7b250,FB00,0x79ff4,content_match,high
X,0x7b250,FC00,0x79ff4,content_match,high
X,0x7b250,B900,0x79ff4,content_match,high
X,0x7b250,E700,0x79b78,family_shift,medium
X,0x7b250,15120,0x7b488,family_shift,medium
X,0x7b250,32000,0x7c0ac,family_shift,low
Y,0x7b298,D400,0x7b298,same_addr,high
Y,0x7b298,E500,0x79b10,content_match,high
Y,0x7b298,C500,0x79b10,content_match,high
Y,0x7b298,FB00,0x7a03c,content_match,high
Y,0x7b298,FC00,0x7a03c,content_match,high
Y,0x7b298,B900,0x7a03c,content_match,high
Y,0x7b298,E700,0x79bc0,content_match,high
Y,0x7b298,15120,0x7b4d0,content_match,high
Y,0x7b298,32000,0x7c0f4,family_shift,low
Injection Angle,0x7b2b8,D400,0x7b2b8,same_addr,high
Injection Angle,0x7b2b8,E500,0x79b30,content_match,high
Injection Angle,0x7b2b8,C500,0x79b30,content_match,high
Injection Angle,0x7b2b8,FB00,0x7a05c,content_match,high
Injection Angle,0x7b2b8,FC00,0x7a05c,content_match,high
Injection Angle,0x7b2b8,B900,0x7a05c,content_match,high
Injection Angle,0x7b2b8,E700,0x79be0,content_match,high
Injection Angle,0x7b2b8,15120,0x7b4f0,content_match,high
Injection Angle,0x7b2b8,32000,0x7c010,content_match,high
Y,0x7b43c,D400,0x7b43c,same_addr,high
Y,0x7b43c,E500,0x79cb4,family_shift,medium
Y,0x7b43c,C500,0x79cb4,content_match,high
Y,0x7b43c,FB00,0x7a1e0,content_match,high
Y,0x7b43c,FC00,0x7a1e0,content_match,high
Y,0x7b43c,B900,0x7a1e0,content_match,high
Y,0x7b43c,E700,0x79d64,family_shift,medium
Y,0x7b43c,15120,0x7b674,content_match,high
Y,0x7b43c,32000,0x7c25c,content_match,high
Y,0x7b43c,D400,0x7b43c,same_addr,high
Y,0x7b43c,E500,0x79cb4,family_shift,low
Y,0x7b43c,C500,0x79cb4,content_match,high
Y,0x7b43c,FB00,0x7a1e0,content_match,high
Y,0x7b43c,FC00,0x7a1e0,content_match,high
Y,0x7b43c,B900,0x7a1e0,content_match,high
Y,0x7b43c,E700,0x79d64,family_shift,low
Y,0x7b43c,15120,0x7b674,content_match,high
Y,0x7b43c,32000,0x7c25c,content_match,high
Table 2D - 271_,0x7b464,D400,0x7b464,same_addr,high
Table 2D - 271_,0x7b464,E500,0x79cdc,content_match,high
Table 2D - 271_,0x7b464,C500,0x79cdc,content_match,high
Table 2D - 271_,0x7b464,FB00,0x7a208,content_match,high
Table 2D - 271_,0x7b464,FC00,0x7a208,content_match,high
Table 2D - 271_,0x7b464,B900,0x7a208,content_match,high
Table 2D - 271_,0x7b464,E700,0x79d8c,family_shift,low
Table 2D - 271_,0x7b464,15120,0x7b69c,content_match,high
Table 2D - 271_,0x7b464,32000,0x7c2c0,family_shift,low
Y,0x7b470,D400,0x7b470,same_addr,high
Y,0x7b470,E500,0x79ce8,content_match,high
Y,0x7b470,C500,0x79ce8,content_match,high
Y,0x7b470,FB00,0x7a214,content_match,high
Y,0x7b470,FC00,0x7a214,content_match,high
Y,0x7b470,B900,0x7a214,content_match,high
Y,0x7b470,E700,0x79d98,content_match,high
Y,0x7b470,15120,0x7b6a8,content_match,high
Y,0x7b470,32000,0x7c2cc,family_shift,low
Table 2D - 272_,0x7b4a0,D400,0x7b4a0,same_addr,high
Table 2D - 272_,0x7b4a0,E500,0x79d18,content_match,high
Table 2D - 272_,0x7b4a0,C500,0x79d18,content_match,high
Table 2D - 272_,0x7b4a0,FB00,0x7a244,content_match,high
Table 2D - 272_,0x7b4a0,FC00,0x7a244,content_match,high
Table 2D - 272_,0x7b4a0,B900,0x7a244,content_match,high
Table 2D - 272_,0x7b4a0,E700,0x79dc8,content_match,high
Table 2D - 272_,0x7b4a0,15120,0x7b6d8,content_match,high
Table 2D - 272_,0x7b4a0,32000,0x7c2fc,family_shift,low
Y,0x7b4ac,D400,0x7b4ac,same_addr,high
Y,0x7b4ac,E500,0x79d24,family_shift,medium
Y,0x7b4ac,C500,0x79d24,content_match,high
Y,0x7b4ac,FB00,0x7a250,content_match,high
Y,0x7b4ac,FC00,0x7a250,content_match,high
Y,0x7b4ac,B900,0x7a250,content_match,high
Y,0x7b4ac,E700,0x79dd4,family_shift,medium
Y,0x7b4ac,15120,0x7b6e4,family_shift,medium
Y,0x7b4ac,32000,0x7c308,family_shift,low
Table 2D - 273_,0x7b4d8,D400,0x7b4d8,same_addr,high
Table 2D - 273_,0x7b4d8,E500,0x79d50,content_match,high
Table 2D - 273_,0x7b4d8,C500,0x79d50,content_match,high
Table 2D - 273_,0x7b4d8,FB00,0x7a27c,content_match,high
Table 2D - 273_,0x7b4d8,FC00,0x7a27c,content_match,high
Table 2D - 273_,0x7b4d8,B900,0x7a27c,content_match,high
Table 2D - 273_,0x7b4d8,E700,0x79e00,content_match,high
Table 2D - 273_,0x7b4d8,15120,0x7b710,content_match,high
Table 2D - 273_,0x7b4d8,32000,0x7c204,content_match,high
Y,0x7b4e4,D400,0x7b4e4,same_addr,high
Y,0x7b4e4,E500,0x79d5c,family_shift,medium
Y,0x7b4e4,C500,0x79d5c,content_match,high
Y,0x7b4e4,FB00,0x7a288,content_match,high
Y,0x7b4e4,FC00,0x7a288,content_match,high
Y,0x7b4e4,B900,0x7a288,content_match,high
Y,0x7b4e4,E700,0x79e0c,family_shift,medium
Y,0x7b4e4,15120,0x7b71c,family_shift,medium
Y,0x7b4e4,32000,0x7c340,family_shift,low
Table 2D - 274_,0x7b510,D400,0x7b510,same_addr,high
Table 2D - 274_,0x7b510,E500,0x79d88,content_match,high
Table 2D - 274_,0x7b510,C500,0x79d88,content_match,high
Table 2D - 274_,0x7b510,FB00,0x7a2b4,content_match,high
Table 2D - 274_,0x7b510,FC00,0x7a2b4,content_match,high
Table 2D - 274_,0x7b510,B900,0x7a2b4,content_match,high
Table 2D - 274_,0x7b510,E700,0x79e38,content_match,high
Table 2D - 274_,0x7b510,15120,0x7b748,content_match,high
Table 2D - 274_,0x7b510,32000,0x7c36c,family_shift,low
Y,0x7b51c,D400,0x7b51c,same_addr,high
Y,0x7b51c,E500,0x79d94,content_match,high
Y,0x7b51c,C500,0x79d94,content_match,high
Y,0x7b51c,FB00,0x7a2c0,content_match,high
Y,0x7b51c,FC00,0x7a2c0,content_match,high
Y,0x7b51c,B900,0x7a2c0,content_match,high
Y,0x7b51c,E700,0x79e44,content_match,high
Y,0x7b51c,15120,0x7b754,content_match,high
Y,0x7b51c,32000,0x7c3b4,content_match,high
Table 2D - 275_,0x7b534,D400,0x7b534,same_addr,high
Table 2D - 275_,0x7b534,E500,0x79dac,content_match,high
Table 2D - 275_,0x7b534,C500,0x79dac,content_match,high
Table 2D - 275_,0x7b534,FB00,0x7a2d8,content_match,high
Table 2D - 275_,0x7b534,FC00,0x7a2d8,content_match,high
Table 2D - 275_,0x7b534,B900,0x7a2d8,content_match,high
Table 2D - 275_,0x7b534,E700,0x79e5c,content_match,high
Table 2D - 275_,0x7b534,15120,0x7b76c,content_match,high
Table 2D - 275_,0x7b534,32000,0x7c390,family_shift,low
Y,0x7b53c,D400,0x7b53c,same_addr,high
Y,0x7b53c,E500,0x79db4,content_match,high
Y,0x7b53c,C500,0x79db4,content_match,high
Y,0x7b53c,FB00,0x7a2e0,content_match,high
Y,0x7b53c,FC00,0x7a2e0,content_match,high
Y,0x7b53c,B900,0x7a2e0,content_match,high
Y,0x7b53c,E700,0x79e64,content_match,high
Y,0x7b53c,15120,0x7b774,content_match,high
Y,0x7b53c,32000,0x7c3b4,content_match,high
Table 2D - 276_,0x7b554,D400,0x7b554,same_addr,high
Table 2D - 276_,0x7b554,E500,0x79dcc,family_shift,medium
Table 2D - 276_,0x7b554,C500,0x79dcc,content_match,high
Table 2D - 276_,0x7b554,FB00,0x7a2f8,content_match,high
Table 2D - 276_,0x7b554,FC00,0x7a2f8,content_match,high
Table 2D - 276_,0x7b554,B900,0x7a2f8,content_match,high
Table 2D - 276_,0x7b554,E700,0x79e7c,family_shift,medium
Table 2D - 276_,0x7b554,15120,0x7b78c,content_match,high
Table 2D - 276_,0x7b554,32000,0x7c3b0,family_shift,low
Table 2D - 270_,0x7b55a,D400,0x7b55a,same_addr,high
Table 2D - 270_,0x7b55a,E500,0x79dd2,family_shift,medium
Table 2D - 270_,0x7b55a,C500,0x79dd2,content_match,high
Table 2D - 270_,0x7b55a,FB00,0x7a2fe,content_match,high
Table 2D - 270_,0x7b55a,FC00,0x7a2fe,content_match,high
Table 2D - 270_,0x7b55a,B900,0x7a2fe,content_match,high
Table 2D - 270_,0x7b55a,E700,0x79e82,family_shift,low
Table 2D - 270_,0x7b55a,15120,0x7b792,content_match,high
Table 2D - 270_,0x7b55a,32000,0x7c284,content_match,high
X,0x7b570,D400,0x7b570,same_addr,high
X,0x7b570,E500,0x79de8,content_match,high
X,0x7b570,C500,0x79de8,content_match,high
X,0x7b570,FB00,0x7a314,content_match,high
X,0x7b570,FC00,0x7a314,content_match,high
X,0x7b570,B900,0x7a314,content_match,high
X,0x7b570,E700,0x79e98,content_match,high
X,0x7b570,15120,0x7b7a8,content_match,high
X,0x7b570,32000,0x7c3cc,content_match,high
Y,0x7b58c,D400,0x7b58c,same_addr,high
Y,0x7b58c,E500,0x79e04,content_match,high
Y,0x7b58c,C500,0x79e04,content_match,high
Y,0x7b58c,FB00,0x7a330,content_match,high
Y,0x7b58c,FC00,0x7a330,content_match,high
Y,0x7b58c,B900,0x7a330,content_match,high
Y,0x7b58c,E700,0x79eb4,content_match,high
Y,0x7b58c,15120,0x7b7c4,content_match,high
Y,0x7b58c,32000,0x7c3cc,content_match,high
Table 3D - 92_,0x7b59c,D400,0x7b59c,same_addr,high
Table 3D - 92_,0x7b59c,E500,0x79e14,family_shift,medium
Table 3D - 92_,0x7b59c,C500,0x79e14,family_shift,medium
Table 3D - 92_,0x7b59c,FB00,0x7a340,family_shift,medium
Table 3D - 92_,0x7b59c,FC00,0x7a340,family_shift,medium
Table 3D - 92_,0x7b59c,B900,0x7a340,family_shift,medium
Table 3D - 92_,0x7b59c,E700,0x79ec4,content_match,high
Table 3D - 92_,0x7b59c,15120,0x7b7d4,family_shift,medium
Table 3D - 92_,0x7b59c,32000,0x7c3f8,family_shift,low
X,0x7b5d4,D400,0x7b5d4,same_addr,high
X,0x7b5d4,E500,0x79e4c,content_match,high
X,0x7b5d4,C500,0x79e4c,content_match,high
X,0x7b5d4,FB00,0x7a378,content_match,high
X,0x7b5d4,FC00,0x7a378,content_match,high
X,0x7b5d4,B900,0x7a378,content_match,high
X,0x7b5d4,E700,0x79efc,content_match,high
X,0x7b5d4,15120,0x7b80c,content_match,high
X,0x7b5d4,32000,0x7c430,family_shift,medium
Y,0x7b5f0,D400,0x7b5f0,same_addr,high
Y,0x7b5f0,E500,0x79e68,content_match,high
Y,0x7b5f0,C500,0x79e68,content_match,high
Y,0x7b5f0,FB00,0x7a394,content_match,high
Y,0x7b5f0,FC00,0x7a394,content_match,high
Y,0x7b5f0,B900,0x7a394,content_match,high
Y,0x7b5f0,E700,0x79f18,content_match,high
Y,0x7b5f0,15120,0x7b828,content_match,high
Y,0x7b5f0,32000,0x7c44c,family_shift,low
Table 3D - 93_,0x7b600,D400,0x7b600,same_addr,high
Table 3D - 93_,0x7b600,E500,0x79e78,family_shift,medium
Table 3D - 93_,0x7b600,C500,0x79e78,family_shift,medium
Table 3D - 93_,0x7b600,FB00,0x7a3a4,family_shift,medium
Table 3D - 93_,0x7b600,FC00,0x7a3a4,family_shift,medium
Table 3D - 93_,0x7b600,B900,0x7a3a4,family_shift,medium
Table 3D - 93_,0x7b600,E700,0x79f28,content_match,high
Table 3D - 93_,0x7b600,15120,0x7b838,family_shift,medium
Table 3D - 93_,0x7b600,32000,0x7c45c,family_shift,low
X,0x7b638,D400,0x7b638,same_addr,high
X,0x7b638,E500,0x79eb0,content_match,high
X,0x7b638,C500,0x79eb0,content_match,high
X,0x7b638,FB00,0x7a3dc,content_match,high
X,0x7b638,FC00,0x7a3dc,content_match,high
X,0x7b638,B900,0x7a3dc,content_match,high
X,0x7b638,E700,0x79f60,content_match,high
X,0x7b638,15120,0x7b870,content_match,high
X,0x7b638,32000,0x7c494,family_shift,low
Y,0x7b654,D400,0x7b654,same_addr,high
Y,0x7b654,E500,0x79ecc,content_match,high
Y,0x7b654,C500,0x79ecc,content_match,high
Y,0x7b654,FB00,0x7a3f8,content_match,high
Y,0x7b654,FC00,0x7a3f8,content_match,high
Y,0x7b654,B900,0x7a3f8,content_match,high
Y,0x7b654,E700,0x79f7c,content_match,high
Y,0x7b654,15120,0x7b88c,content_match,high
Y,0x7b654,32000,0x7c4b0,family_shift,low
Table 3D - 94_,0x7b664,D400,0x7b664,same_addr,high
Table 3D - 94_,0x7b664,E500,0x79edc,family_shift,medium
Table 3D - 94_,0x7b664,C500,0x79edc,family_shift,medium
Table 3D - 94_,0x7b664,FB00,0x7a408,family_shift,medium
Table 3D - 94_,0x7b664,FC00,0x7a408,family_shift,medium
Table 3D - 94_,0x7b664,B900,0x7a408,family_shift,medium
Table 3D - 94_,0x7b664,E700,0x79f8c,content_match,high
Table 3D - 94_,0x7b664,15120,0x7b89c,family_shift,medium
Table 3D - 94_,0x7b664,32000,0x7c4c0,family_shift,low
X,0x7b69c,D400,0x7b69c,same_addr,high
X,0x7b69c,E500,0x79f14,content_match,high
X,0x7b69c,C500,0x79f14,content_match,high
X,0x7b69c,FB00,0x7a440,content_match,high
X,0x7b69c,FC00,0x7a440,content_match,high
X,0x7b69c,B900,0x7a440,content_match,high
X,0x7b69c,E700,0x79fc4,content_match,high
X,0x7b69c,15120,0x7b8d4,content_match,high
X,0x7b69c,32000,0x7c4f0,family_shift,medium
Y,0x7b6b8,D400,0x7b6b8,same_addr,high
Y,0x7b6b8,E500,0x79f30,content_match,high
Y,0x7b6b8,C500,0x79f30,content_match,high
Y,0x7b6b8,FB00,0x7a45c,content_match,high
Y,0x7b6b8,FC00,0x7a45c,content_match,high
Y,0x7b6b8,B900,0x7a45c,content_match,high
Y,0x7b6b8,E700,0x79fe0,content_match,high
Y,0x7b6b8,15120,0x7b8f0,content_match,high
Y,0x7b6b8,32000,0x7c514,family_shift,low
Table 3D - 95_,0x7b6c8,D400,0x7b6c8,same_addr,high
Table 3D - 95_,0x7b6c8,E500,0x79f40,family_shift,medium
Table 3D - 95_,0x7b6c8,C500,0x79f40,family_shift,medium
Table 3D - 95_,0x7b6c8,FB00,0x7a46c,family_shift,medium
Table 3D - 95_,0x7b6c8,FC00,0x7a46c,family_shift,medium
Table 3D - 95_,0x7b6c8,B900,0x7a46c,family_shift,medium
Table 3D - 95_,0x7b6c8,E700,0x79ff0,content_match,high
Table 3D - 95_,0x7b6c8,15120,0x7b900,family_shift,medium
Table 3D - 95_,0x7b6c8,32000,0x7c524,family_shift,low
X,0x7b700,D400,0x7b700,same_addr,high
X,0x7b700,E500,0x79f78,content_match,high
X,0x7b700,C500,0x79f78,content_match,high
X,0x7b700,FB00,0x7a4a4,content_match,high
X,0x7b700,FC00,0x7a4a4,content_match,high
X,0x7b700,B900,0x7a4a4,content_match,high
X,0x7b700,E700,0x7a028,content_match,high
X,0x7b700,15120,0x7b938,content_match,high
X,0x7b700,32000,0x7c55c,family_shift,low
Y,0x7b71c,D400,0x7b71c,same_addr,high
Y,0x7b71c,E500,0x79f94,content_match,high
Y,0x7b71c,C500,0x79f94,content_match,high
Y,0x7b71c,FB00,0x7a4c0,content_match,high
Y,0x7b71c,FC00,0x7a4c0,content_match,high
Y,0x7b71c,B900,0x7a4c0,content_match,high
Y,0x7b71c,E700,0x7a044,content_match,high
Y,0x7b71c,15120,0x7b954,content_match,high
Y,0x7b71c,32000,0x7c578,family_shift,low
Table 3D - 96_,0x7b72c,D400,0x7b72c,same_addr,high
Table 3D - 96_,0x7b72c,E500,0x79fa4,content_match,high
Table 3D - 96_,0x7b72c,C500,0x79fa4,content_match,high
Table 3D - 96_,0x7b72c,FB00,0x7a4d0,content_match,high
Table 3D - 96_,0x7b72c,FC00,0x7a4d0,content_match,high
Table 3D - 96_,0x7b72c,B900,0x7a4d0,content_match,high
Table 3D - 96_,0x7b72c,E700,0x7a054,content_match,high
Table 3D - 96_,0x7b72c,15120,0x7b964,content_match,high
Table 3D - 96_,0x7b72c,32000,0x7c3dc,content_match,high
X,0x7b764,D400,0x7b764,same_addr,high
X,0x7b764,E500,0x79fdc,family_shift,medium
X,0x7b764,C500,0x79fdc,content_match,high
X,0x7b764,FB00,0x7a508,content_match,high
X,0x7b764,FC00,0x7a508,content_match,high
X,0x7b764,B900,0x7a508,content_match,high
X,0x7b764,E700,0x7a08c,family_shift,medium
X,0x7b764,15120,0x7b99c,family_shift,medium
X,0x7b764,32000,0x7c56c,family_shift,low
Y,0x7b78c,D400,0x7b78c,same_addr,high
Y,0x7b78c,E500,0x7a004,content_match,high
Y,0x7b78c,C500,0x7a004,content_match,high
Y,0x7b78c,FB00,0x7a530,content_match,high
Y,0x7b78c,FC00,0x7a530,content_match,high
Y,0x7b78c,B900,0x7a530,content_match,high
Y,0x7b78c,E700,0x7a0b4,content_match,high
Y,0x7b78c,15120,0x7b9c4,content_match,high
Y,0x7b78c,32000,0x7c5b4,content_match,high
Table 3D - 97_,0x7b7ac,D400,0x7b7ac,same_addr,high
Table 3D - 97_,0x7b7ac,E500,0x7a024,content_match,high
Table 3D - 97_,0x7b7ac,C500,0x7a024,content_match,high
Table 3D - 97_,0x7b7ac,FB00,0x7a550,content_match,high
Table 3D - 97_,0x7b7ac,FC00,0x7a550,content_match,high
Table 3D - 97_,0x7b7ac,B900,0x7a550,content_match,high
Table 3D - 97_,0x7b7ac,E700,0x7a0d4,content_match,high
Table 3D - 97_,0x7b7ac,15120,0x7b9e4,content_match,high
Table 3D - 97_,0x7b7ac,32000,0x7c5b4,family_shift,low
X,0x7b84c,D400,0x7b84c,same_addr,high
X,0x7b84c,E500,0x7a0c4,family_shift,medium
X,0x7b84c,C500,0x7a0c4,content_match,high
X,0x7b84c,FB00,0x7a5f0,content_match,high
X,0x7b84c,FC00,0x7a5f0,content_match,high
X,0x7b84c,B900,0x7a5f0,content_match,high
X,0x7b84c,E700,0x7a174,family_shift,medium
X,0x7b84c,15120,0x7ba84,family_shift,medium
X,0x7b84c,32000,0x7c5a4,family_shift,low
Y,0x7b874,D400,0x7b874,same_addr,high
Y,0x7b874,E500,0x7a0ec,content_match,high
Y,0x7b874,C500,0x7a0ec,content_match,high
Y,0x7b874,FB00,0x7a618,content_match,high
Y,0x7b874,FC00,0x7a618,content_match,high
Y,0x7b874,B900,0x7a618,content_match,high
Y,0x7b874,E700,0x7a19c,content_match,high
Y,0x7b874,15120,0x7baac,content_match,high
Y,0x7b874,32000,0x7c5b4,content_match,high
Table 3D - 98_,0x7b894,D400,0x7b894,same_addr,high
Table 3D - 98_,0x7b894,E500,0x7a10c,content_match,high
Table 3D - 98_,0x7b894,C500,0x7a10c,content_match,high
Table 3D - 98_,0x7b894,FB00,0x7a638,content_match,high
Table 3D - 98_,0x7b894,FC00,0x7a638,content_match,high
Table 3D - 98_,0x7b894,B900,0x7a638,content_match,high
Table 3D - 98_,0x7b894,E700,0x7a1bc,content_match,high
Table 3D - 98_,0x7b894,15120,0x7bacc,content_match,high
Table 3D - 98_,0x7b894,32000,0x7c258,family_shift,low
X,0x7b934,D400,0x7b934,same_addr,high
X,0x7b934,E500,0x7a1ac,family_shift,medium
X,0x7b934,C500,0x7a1ac,content_match,high
X,0x7b934,FB00,0x7a6d8,content_match,high
X,0x7b934,FC00,0x7a6d8,content_match,high
X,0x7b934,B900,0x7a6d8,content_match,high
X,0x7b934,E700,0x7a25c,family_shift,medium
X,0x7b934,15120,0x7bb6c,family_shift,medium
X,0x7b934,32000,0x7c2f8,family_shift,low
Y,0x7b95c,D400,0x7b95c,same_addr,high
Y,0x7b95c,E500,0x7a1d4,content_match,high
Y,0x7b95c,C500,0x7a1d4,content_match,high
Y,0x7b95c,FB00,0x7a700,content_match,high
Y,0x7b95c,FC00,0x7a700,content_match,high
Y,0x7b95c,B900,0x7a700,content_match,high
Y,0x7b95c,E700,0x7a284,content_match,high
Y,0x7b95c,15120,0x7bb94,content_match,high
Y,0x7b95c,32000,0x7c300,content_match,high
Table 3D - 99_,0x7b97c,D400,0x7b97c,same_addr,high
Table 3D - 99_,0x7b97c,E500,0x7a1f4,content_match,high
Table 3D - 99_,0x7b97c,C500,0x7a1f4,content_match,high
Table 3D - 99_,0x7b97c,FB00,0x7a720,content_match,high
Table 3D - 99_,0x7b97c,FC00,0x7a720,content_match,high
Table 3D - 99_,0x7b97c,B900,0x7a720,content_match,high
Table 3D - 99_,0x7b97c,E700,0x7a2a4,content_match,high
Table 3D - 99_,0x7b97c,15120,0x7bbb4,content_match,high
Table 3D - 99_,0x7b97c,32000,0x7c340,family_shift,low
Y,0x7ba94,D400,0x7ba94,same_addr,high
Y,0x7ba94,E500,0x7a30c,content_match,high
Y,0x7ba94,C500,0x7a30c,content_match,high
Y,0x7ba94,FB00,0x6d620,content_match,high
Y,0x7ba94,FC00,0x6d620,content_match,high
Y,0x7ba94,B900,0x6d620,content_match,high
Y,0x7ba94,E700,0x7a3bc,content_match,high
Y,0x7ba94,15120,0x7bccc,content_match,high
Y,0x7ba94,32000,0x7c458,family_shift,low
Table 2D - 378 Check DataType,0x7bab0,D400,0x7bab0,same_addr,high
Table 2D - 378 Check DataType,0x7bab0,E500,0x7a328,family_shift,medium
Table 2D - 378 Check DataType,0x7bab0,C500,0x7a328,family_shift,medium
Table 2D - 378 Check DataType,0x7bab0,FB00,0x7a854,family_shift,low
Table 2D - 378 Check DataType,0x7bab0,FC00,0x7a854,family_shift,low
Table 2D - 378 Check DataType,0x7bab0,B900,0x7a854,family_shift,low
Table 2D - 378 Check DataType,0x7bab0,E700,0x7a3d8,family_shift,medium
Table 2D - 378 Check DataType,0x7bab0,15120,0x7bce8,family_shift,medium
Table 2D - 378 Check DataType,0x7bab0,32000,0x7c474,family_shift,low
Y,0x7bacc,D400,0x7bacc,same_addr,high
Y,0x7bacc,E500,0x7a344,content_match,high
Y,0x7bacc,C500,0x7a344,content_match,high
Y,0x7bacc,FB00,0x7a840,content_match,high
Y,0x7bacc,FC00,0x7a840,content_match,high
Y,0x7bacc,B900,0x7a840,content_match,high
Y,0x7bacc,E700,0x7a3f4,content_match,high
Y,0x7bacc,15120,0x7bd04,content_match,high
Y,0x7bacc,32000,0x758d4,content_match,high
Table 2D - 379 Check DataType,0x7bae0,D400,0x7bae0,same_addr,high
Table 2D - 379 Check DataType,0x7bae0,E500,0x7a358,content_match,high
Table 2D - 379 Check DataType,0x7bae0,C500,0x7a358,content_match,high
Table 2D - 379 Check DataType,0x7bae0,FB00,0x7a858,content_match,high
Table 2D - 379 Check DataType,0x7bae0,FC00,0x7a858,content_match,high
Table 2D - 379 Check DataType,0x7bae0,B900,0x7a858,content_match,high
Table 2D - 379 Check DataType,0x7bae0,E700,0x7a408,content_match,high
Table 2D - 379 Check DataType,0x7bae0,15120,0x7bd18,content_match,high
Table 2D - 379 Check DataType,0x7bae0,32000,0x7c4a4,family_shift,low
X,0x7baf4,D400,0x7baf4,same_addr,high
X,0x7baf4,E500,0x7a36c,family_shift,medium
X,0x7baf4,C500,0x7a36c,content_match,high
X,0x7baf4,FB00,0x7a868,content_match,high
X,0x7baf4,FC00,0x7a868,content_match,high
X,0x7baf4,B900,0x7a868,content_match,high
X,0x7baf4,E700,0x7a41c,family_shift,medium
X,0x7baf4,15120,0x7bd2c,content_match,high
X,0x7baf4,32000,0x7c4b8,family_shift,low
Y,0x7bb18,D400,0x7bb18,same_addr,high
Y,0x7bb18,E500,0x7a390,family_shift,medium
Y,0x7bb18,C500,0x7a390,content_match,high
Y,0x7bb18,FB00,0x7a88c,content_match,high
Y,0x7bb18,FC00,0x7a88c,content_match,high
Y,0x7bb18,B900,0x7a88c,content_match,high
Y,0x7bb18,E700,0x7a440,family_shift,medium
Y,0x7bb18,15120,0x7bd50,content_match,high
Y,0x7bb18,32000,0x7c4dc,family_shift,low
Table 3D - 124_,0x7bb3c,D400,0x7bb3c,same_addr,high
Table 3D - 124_,0x7bb3c,E500,0x7a3b4,family_shift,medium
Table 3D - 124_,0x7bb3c,C500,0x7a3b4,family_shift,medium
Table 3D - 124_,0x7bb3c,FB00,0x7a8e0,family_shift,low
Table 3D - 124_,0x7bb3c,FC00,0x7a8e0,family_shift,low
Table 3D - 124_,0x7bb3c,B900,0x7a8e0,family_shift,low
Table 3D - 124_,0x7bb3c,E700,0x7a464,family_shift,medium
Table 3D - 124_,0x7bb3c,15120,0x7bd74,family_shift,medium
Table 3D - 124_,0x7bb3c,32000,0x7c500,family_shift,low
X,0x7bb90,D400,0x7bb90,same_addr,high
X,0x7bb90,E500,0x7a408,family_shift,medium
X,0x7bb90,C500,0x7a408,content_match,high
X,0x7bb90,FB00,0x7a904,content_match,high
X,0x7bb90,FC00,0x7a904,content_match,high
X,0x7bb90,B900,0x7a904,content_match,high
X,0x7bb90,E700,0x7a4b8,family_shift,medium
X,0x7bb90,15120,0x7bdc8,content_match,high
X,0x7bb90,32000,0x7c554,family_shift,low
Y,0x7bbb4,D400,0x7bbb4,same_addr,high
Y,0x7bbb4,E500,0x7a42c,family_shift,medium
Y,0x7bbb4,C500,0x7a42c,content_match,high
Y,0x7bbb4,FB00,0x7a928,content_match,high
Y,0x7bbb4,FC00,0x7a928,content_match,high
Y,0x7bbb4,B900,0x7a928,content_match,high
Y,0x7bbb4,E700,0x7a4dc,family_shift,medium
Y,0x7bbb4,15120,0x7bdec,content_match,high
Y,0x7bbb4,32000,0x7c578,family_shift,low
Table 3D - 125_,0x7bbd8,D400,0x7bbd8,same_addr,high
Table 3D - 125_,0x7bbd8,E500,0x7a450,family_shift,low
Table 3D - 125_,0x7bbd8,C500,0x7a450,family_shift,medium
Table 3D - 125_,0x7bbd8,FB00,0x7a97c,family_shift,low
Table 3D - 125_,0x7bbd8,FC00,0x7a97c,family_shift,low
Table 3D - 125_,0x7bbd8,B900,0x7a97c,family_shift,low
Table 3D - 125_,0x7bbd8,E700,0x7a500,family_shift,low
Table 3D - 125_,0x7bbd8,15120,0x7be10,family_shift,medium
Table 3D - 125_,0x7bbd8,32000,0x7c59c,family_shift,low
X,0x7bd28,D400,0x7bd28,same_addr,high
X,0x7bd28,E500,0x7a5a0,content_match,high
X,0x7bd28,C500,0x7a5a0,content_match,high
X,0x7bd28,FB00,0x7a8a8,family_shift,low
X,0x7bd28,FC00,0x7a8a8,family_shift,low
X,0x7bd28,B900,0x7a8a8,family_shift,low
X,0x7bd28,E700,0x7a650,family_shift,low
X,0x7bd28,15120,0x7bf60,content_match,high
X,0x7bd28,32000,0x7c64c,family_shift,low
Y,0x7bd50,D400,0x7bd50,same_addr,high
Y,0x7bd50,E500,0x7a5c8,content_match,high
Y,0x7bd50,C500,0x7a5c8,content_match,high
Y,0x7bd50,FB00,0x7a8d0,family_shift,low
Y,0x7bd50,FC00,0x7a8d0,family_shift,low
Y,0x7bd50,B900,0x7a8d0,family_shift,low
Y,0x7bd50,E700,0x7a678,content_match,high
Y,0x7bd50,15120,0x7c154,family_shift,low
Y,0x7bd50,32000,0x7c674,family_shift,low
Table 3D - 126_,0x7bd94,D400,0x7bd94,same_addr,high
Table 3D - 126_,0x7bd94,E500,0x7a60c,content_match,high
Table 3D - 126_,0x7bd94,C500,0x7a60c,content_match,high
Table 3D - 126_,0x7bd94,FB00,0x7a914,family_shift,low
Table 3D - 126_,0x7bd94,FC00,0x7a914,family_shift,low
Table 3D - 126_,0x7bd94,B900,0x7a914,family_shift,low
Table 3D - 126_,0x7bd94,E700,0x7a6bc,family_shift,low
Table 3D - 126_,0x7bd94,15120,0x7bfcc,content_match,high
Table 3D - 126_,0x7bd94,32000,0x7c6b8,family_shift,low
Y,0x7c050,D400,0x7c050,same_addr,high
Y,0x7c050,E500,0x7a8c8,content_match,high
Y,0x7c050,C500,0x7a8c8,content_match,high
Y,0x7c050,FB00,0x7abd0,content_match,high
Y,0x7c050,FC00,0x7abd0,content_match,high
Y,0x7c050,B900,0x7abd0,content_match,high
Y,0x7c050,E700,0x7a978,content_match,high
Y,0x7c050,15120,0x7c454,family_shift,low
Y,0x7c050,32000,0x7ca14,content_match,high
Table 2D - 277_,0x7c084,D400,0x7c084,same_addr,high
Table 2D - 277_,0x7c084,E500,0x7a8fc,content_match,high
Table 2D - 277_,0x7c084,C500,0x7a8fc,content_match,high
Table 2D - 277_,0x7c084,FB00,0x7ac04,content_match,high
Table 2D - 277_,0x7c084,FC00,0x7ac04,content_match,high
Table 2D - 277_,0x7c084,B900,0x7ac04,content_match,high
Table 2D - 277_,0x7c084,E700,0x7a9ac,family_shift,low
Table 2D - 277_,0x7c084,15120,0x7c344,content_match,high
Table 2D - 277_,0x7c084,32000,0x7ca48,content_match,high
X,0x7c094,D400,0x7c094,same_addr,high
X,0x7c094,E500,0x7a90c,content_match,high
X,0x7c094,C500,0x7a90c,content_match,high
X,0x7c094,FB00,0x7ac14,content_match,high
X,0x7c094,FC00,0x7ac14,content_match,high
X,0x7c094,B900,0x7ac14,content_match,high
X,0x7c094,E700,0x7a9bc,content_match,high
X,0x7c094,15120,0x7c498,family_shift,low
X,0x7c094,32000,0x7c9b8,family_shift,low
Y,0x7c0bc,D400,0x7c0bc,same_addr,high
Y,0x7c0bc,E500,0x7a934,family_shift,medium
Y,0x7c0bc,C500,0x7a934,content_match,high
Y,0x7c0bc,FB00,0x7ac3c,content_match,high
Y,0x7c0bc,FC00,0x7ac3c,content_match,high
Y,0x7c0bc,B900,0x7ac3c,content_match,high
Y,0x7c0bc,E700,0x7a9e4,family_shift,medium
Y,0x7c0bc,15120,0x7c4c0,family_shift,low
Y,0x7c0bc,32000,0x7c9e0,family_shift,low
Table 3D - 127_,0x7c0dc,D400,0x7c0dc,same_addr,high
Table 3D - 127_,0x7c0dc,E500,0x7a954,content_match,high
Table 3D - 127_,0x7c0dc,C500,0x7a954,content_match,high
Table 3D - 127_,0x7c0dc,FB00,0x7ac5c,content_match,high
Table 3D - 127_,0x7c0dc,FC00,0x7ac5c,content_match,high
Table 3D - 127_,0x7c0dc,B900,0x7ac5c,content_match,high
Table 3D - 127_,0x7c0dc,E700,0x7aa04,content_match,high
Table 3D - 127_,0x7c0dc,15120,0x7c4e0,family_shift,low
Table 3D - 127_,0x7c0dc,32000,0x7ca00,family_shift,low
Y,0x7c184,D400,0x7c184,same_addr,high
Y,0x7c184,E500,0x7a9fc,content_match,high
Y,0x7c184,C500,0x7a9fc,content_match,high
Y,0x7c184,FB00,0x7ad04,content_match,high
Y,0x7c184,FC00,0x7ad04,content_match,high
Y,0x7c184,B900,0x7ad04,content_match,high
Y,0x7c184,E700,0x7aaac,content_match,high
Y,0x7c184,15120,0x7c55c,content_match,high
Y,0x7c184,32000,0x7caa8,family_shift,low
Load Limit A,0x7c1b4,D400,0x7c1b4,same_addr,high
Load Limit A,0x7c1b4,E500,0x7aa2c,content_match,high
Load Limit A,0x7c1b4,C500,0x7aa2c,content_match,high
Load Limit A,0x7c1b4,FB00,0x7ad34,content_match,high
Load Limit A,0x7c1b4,FC00,0x7ad34,content_match,high
Load Limit A,0x7c1b4,B900,0x7ad34,content_match,high
Load Limit A,0x7c1b4,E700,0x7aadc,family_shift,low
Load Limit A,0x7c1b4,15120,0x7c52c,content_match,high
Load Limit A,0x7c1b4,32000,0x7cb28,content_match,high
Y,0x7c1e4,D400,0x7c1e4,same_addr,high
Y,0x7c1e4,E500,0x7aa5c,content_match,high
Y,0x7c1e4,C500,0x7aa5c,content_match,high
Y,0x7c1e4,FB00,0x7ad64,content_match,high
Y,0x7c1e4,FC00,0x7ad64,content_match,high
Y,0x7c1e4,B900,0x7ad64,content_match,high
Y,0x7c1e4,E700,0x7ab0c,content_match,high
Y,0x7c1e4,15120,0x7c5e8,family_shift,low
Y,0x7c1e4,32000,0x7caf8,content_match,high
Load Limit B,0x7c214,D400,0x7c214,same_addr,high
Load Limit B,0x7c214,E500,0x7aa8c,content_match,high
Load Limit B,0x7c214,C500,0x7aa8c,content_match,high
Load Limit B,0x7c214,FB00,0x7ad94,content_match,high
Load Limit B,0x7c214,FC00,0x7ad94,content_match,high
Load Limit B,0x7c214,B900,0x7ad94,content_match,high
Load Limit B,0x7c214,E700,0x7ab3c,family_shift,low
Load Limit B,0x7c214,15120,0x7c58c,content_match,high
Load Limit B,0x7c214,32000,0x7cb88,content_match,high
Y,0x7c32c,D400,0x7c32c,same_addr,high
Y,0x7c32c,E500,0x7aba4,content_match,high
Y,0x7c32c,C500,0x7aba4,content_match,high
Y,0x7c32c,FB00,0x7aeac,content_match,high
Y,0x7c32c,FC00,0x7aeac,content_match,high
Y,0x7c32c,B900,0x7aeac,content_match,high
Y,0x7c32c,E700,0x7ac54,content_match,high
Y,0x7c32c,15120,0x7c730,content_match,high
Y,0x7c32c,32000,0x7cc50,family_shift,low
Load Limit C,0x7c354,D400,0x7c354,same_addr,high
Load Limit C,0x7c354,E500,0x7abcc,content_match,high
Load Limit C,0x7c354,C500,0x7abcc,content_match,high
Load Limit C,0x7c354,FB00,0x7aed4,content_match,high
Load Limit C,0x7c354,FC00,0x7aed4,content_match,high
Load Limit C,0x7c354,B900,0x7aed4,content_match,high
Load Limit C,0x7c354,E700,0x7ac7c,content_match,high
Load Limit C,0x7c354,15120,0x7c758,content_match,high
Load Limit C,0x7c354,32000,0x7cc78,family_shift,low
Y,0x7c3b4,D400,0x7c3b4,same_addr,high
Y,0x7c3b4,E500,0x7ac2c,content_match,high
Y,0x7c3b4,C500,0x7ac2c,content_match,high
Y,0x7c3b4,FB00,0x7af34,content_match,high
Y,0x7c3b4,FC00,0x7af34,content_match,high
Y,0x7c3b4,B900,0x7af34,content_match,high
Y,0x7c3b4,E700,0x7acdc,content_match,high
Y,0x7c3b4,15120,0x7c7b8,content_match,high
Y,0x7c3b4,32000,0x7ccf0,content_match,high
Table 2D - 382 Check DataType,0x7c3c4,D400,0x7c3c4,same_addr,high
Table 2D - 382 Check DataType,0x7c3c4,E500,0x7ac3c,content_match,high
Table 2D - 382 Check DataType,0x7c3c4,C500,0x7ac3c,content_match,high
Table 2D - 382 Check DataType,0x7c3c4,FB00,0x7af44,content_match,high
Table 2D - 382 Check DataType,0x7c3c4,FC00,0x7af44,content_match,high
Table 2D - 382 Check DataType,0x7c3c4,B900,0x7af44,content_match,high
Table 2D - 382 Check DataType,0x7c3c4,E700,0x7acec,content_match,high
Table 2D - 382 Check DataType,0x7c3c4,15120,0x7c7c8,content_match,high
Table 2D - 382 Check DataType,0x7c3c4,32000,0x7cce8,family_shift,low
Y,0x7c3cc,D400,0x7c3cc,same_addr,high
Y,0x7c3cc,E500,0x7ac44,content_match,high
Y,0x7c3cc,C500,0x7ac44,content_match,high
Y,0x7c3cc,FB00,0x7af4c,content_match,high
Y,0x7c3cc,FC00,0x7af4c,content_match,high
Y,0x7c3cc,B900,0x7af4c,content_match,high
Y,0x7c3cc,E700,0x7acf4,content_match,high
Y,0x7c3cc,15120,0x7c7d0,content_match,high
Y,0x7c3cc,32000,0x7ccf0,content_match,high
Table 2D - 383 Check DataType,0x7c3dc,D400,0x7c3dc,same_addr,high
Table 2D - 383 Check DataType,0x7c3dc,E500,0x7ac54,content_match,high
Table 2D - 383 Check DataType,0x7c3dc,C500,0x7ac54,content_match,high
Table 2D - 383 Check DataType,0x7c3dc,FB00,0x7af5c,content_match,high
Table 2D - 383 Check DataType,0x7c3dc,FC00,0x7af5c,content_match,high
Table 2D - 383 Check DataType,0x7c3dc,B900,0x7af5c,content_match,high
Table 2D - 383 Check DataType,0x7c3dc,E700,0x7ad04,content_match,high
Table 2D - 383 Check DataType,0x7c3dc,15120,0x7c7e0,content_match,high
Table 2D - 383 Check DataType,0x7c3dc,32000,0x7cd00,family_shift,low
Y,0x7c3e4,D400,0x7c3e4,same_addr,high
Y,0x7c3e4,E500,0x7ac5c,content_match,high
Y,0x7c3e4,C500,0x7ac5c,content_match,high
Y,0x7c3e4,FB00,0x7af64,content_match,high
Y,0x7c3e4,FC00,0x7af64,content_match,high
Y,0x7c3e4,B900,0x7af64,content_match,high
Y,0x7c3e4,E700,0x7ad0c,content_match,high
Y,0x7c3e4,15120,0x7c7e8,content_match,high
Y,0x7c3e4,32000,0x7cd08,content_match,high
Table 2D - 384 Check DataType,0x7c3f4,D400,0x7c3f4,same_addr,high
Table 2D - 384 Check DataType,0x7c3f4,E500,0x7ac6c,content_match,high
Table 2D - 384 Check DataType,0x7c3f4,C500,0x7ac6c,content_match,high
Table 2D - 384 Check DataType,0x7c3f4,FB00,0x7af74,content_match,high
Table 2D - 384 Check DataType,0x7c3f4,FC00,0x7af74,content_match,high
Table 2D - 384 Check DataType,0x7c3f4,B900,0x7af74,content_match,high
Table 2D - 384 Check DataType,0x7c3f4,E700,0x7ad1c,content_match,high
Table 2D - 384 Check DataType,0x7c3f4,15120,0x7c7f8,content_match,high
Table 2D - 384 Check DataType,0x7c3f4,32000,0x7cd18,content_match,high
Y,0x7c48c,D400,0x7c48c,same_addr,high
Y,0x7c48c,E500,0x7ad04,family_shift,medium
Y,0x7c48c,C500,0x7ad04,family_shift,medium
Y,0x7c48c,FB00,0x7b00c,family_shift,medium
Y,0x7c48c,FC00,0x7b00c,family_shift,medium
Y,0x7c48c,B900,0x7b00c,family_shift,medium
Y,0x7c48c,E700,0x7adb4,family_shift,medium
Y,0x7c48c,15120,0x7c890,family_shift,medium
Y,0x7c48c,32000,0x7cdb0,family_shift,low
Table 2D - 279_,0x7c4b4,D400,0x7c4b4,same_addr,high
Table 2D - 279_,0x7c4b4,E500,0x7ad2c,content_match,high
Table 2D - 279_,0x7c4b4,C500,0x7ad2c,content_match,high
Table 2D - 279_,0x7c4b4,FB00,0x7b034,content_match,high
Table 2D - 279_,0x7c4b4,FC00,0x7b034,content_match,high
Table 2D - 279_,0x7c4b4,B900,0x7b034,content_match,high
Table 2D - 279_,0x7c4b4,E700,0x7addc,content_match,high
Table 2D - 279_,0x7c4b4,15120,0x7c8b8,content_match,high
Table 2D - 279_,0x7c4b4,32000,0x7cdd8,family_shift,low
Y,0x7c4c0,D400,0x7c4c0,same_addr,high
Y,0x7c4c0,E500,0x7ad38,family_shift,medium
Y,0x7c4c0,C500,0x7ad38,family_shift,medium
Y,0x7c4c0,FB00,0x7b040,family_shift,medium
Y,0x7c4c0,FC00,0x7b040,family_shift,medium
Y,0x7c4c0,B900,0x7b040,family_shift,medium
Y,0x7c4c0,E700,0x7ade8,family_shift,medium
Y,0x7c4c0,15120,0x7c8c4,family_shift,medium
Y,0x7c4c0,32000,0x7cde4,family_shift,low
Table 2D - 280_,0x7c4e8,D400,0x7c4e8,same_addr,high
Table 2D - 280_,0x7c4e8,E500,0x7ad60,content_match,high
Table 2D - 280_,0x7c4e8,C500,0x7ad60,content_match,high
Table 2D - 280_,0x7c4e8,FB00,0x7b068,content_match,high
Table 2D - 280_,0x7c4e8,FC00,0x7b068,content_match,high
Table 2D - 280_,0x7c4e8,B900,0x7b068,content_match,high
Table 2D - 280_,0x7c4e8,E700,0x7ae10,content_match,high
Table 2D - 280_,0x7c4e8,15120,0x7c8ec,content_match,high
Table 2D - 280_,0x7c4e8,32000,0x7ce0c,family_shift,low
Y,0x7c4f4,D400,0x7c4f4,same_addr,high
Y,0x7c4f4,E500,0x7ad6c,family_shift,medium
Y,0x7c4f4,C500,0x7ad6c,family_shift,medium
Y,0x7c4f4,FB00,0x7b074,family_shift,medium
Y,0x7c4f4,FC00,0x7b074,family_shift,medium
Y,0x7c4f4,B900,0x7b074,family_shift,medium
Y,0x7c4f4,E700,0x7ae1c,family_shift,medium
Y,0x7c4f4,15120,0x7c8f8,family_shift,medium
Y,0x7c4f4,32000,0x7ce18,family_shift,low
Table 2D - 281_,0x7c51c,D400,0x7c51c,same_addr,high
Table 2D - 281_,0x7c51c,E500,0x7ad94,content_match,high
Table 2D - 281_,0x7c51c,C500,0x7ad94,content_match,high
Table 2D - 281_,0x7c51c,FB00,0x7b09c,content_match,high
Table 2D - 281_,0x7c51c,FC00,0x7b09c,content_match,high
Table 2D - 281_,0x7c51c,B900,0x7b09c,content_match,high
Table 2D - 281_,0x7c51c,E700,0x7ae44,content_match,high
Table 2D - 281_,0x7c51c,15120,0x7c920,content_match,high
Table 2D - 281_,0x7c51c,32000,0x7ce40,family_shift,low
Y,0x7c528,D400,0x7c528,same_addr,high
Y,0x7c528,E500,0x7ada0,family_shift,medium
Y,0x7c528,C500,0x7ada0,family_shift,medium
Y,0x7c528,FB00,0x7b0a8,family_shift,medium
Y,0x7c528,FC00,0x7b0a8,family_shift,medium
Y,0x7c528,B900,0x7b0a8,family_shift,medium
Y,0x7c528,E700,0x7ae50,family_shift,medium
Y,0x7c528,15120,0x7c92c,family_shift,medium
Y,0x7c528,32000,0x7ce4c,family_shift,low
Table 2D - 385 Check DataType,0x7c550,D400,0x7c550,same_addr,high
Table 2D - 385 Check DataType,0x7c550,E500,0x7adc8,family_shift,medium
Table 2D - 385 Check DataType,0x7c550,C500,0x7adc8,family_shift,medium
Table 2D - 385 Check DataType,0x7c550,FB00,0x7b0d0,family_shift,medium
Table 2D - 385 Check DataType,0x7c550,FC00,0x7b0d0,family_shift,medium
Table 2D - 385 Check DataType,0x7c550,B900,0x7b0d0,family_shift,medium
Table 2D - 385 Check DataType,0x7c550,E700,0x7ae78,family_shift,medium
Table 2D - 385 Check DataType,0x7c550,15120,0x7c954,family_shift,medium
Table 2D - 385 Check DataType,0x7c550,32000,0x7ce74,family_shift,low
Y,0x7c564,D400,0x7c564,same_addr,high
Y,0x7c564,E500,0x7addc,family_shift,medium
Y,0x7c564,C500,0x7addc,family_shift,medium
Y,0x7c564,FB00,0x7b0e4,family_shift,medium
Y,0x7c564,FC00,0x7b0e4,family_shift,medium
Y,0x7c564,B900,0x7b0e4,family_shift,medium
Y,0x7c564,E700,0x7ae8c,family_shift,medium
Y,0x7c564,15120,0x7c968,family_shift,medium
Y,0x7c564,32000,0x7ce88,family_shift,low
Table 2D - 386 Check DataType,0x7c588,D400,0x7c588,same_addr,high
Table 2D - 386 Check DataType,0x7c588,E500,0x7ae00,content_match,high
Table 2D - 386 Check DataType,0x7c588,C500,0x7ae00,content_match,high
Table 2D - 386 Check DataType,0x7c588,FB00,0x7b108,family_shift,medium
Table 2D - 386 Check DataType,0x7c588,FC00,0x7b108,family_shift,medium
Table 2D - 386 Check DataType,0x7c588,B900,0x7b108,family_shift,medium
Table 2D - 386 Check DataType,0x7c588,E700,0x7aeb0,content_match,high
Table 2D - 386 Check DataType,0x7c588,15120,0x7c98c,content_match,high
Table 2D - 386 Check DataType,0x7c588,32000,0x7ceac,family_shift,low
Y,0x7c5f8,D400,0x7c5f8,same_addr,high
Y,0x7c5f8,E500,0x7ae70,content_match,high
Y,0x7c5f8,C500,0x7ae70,content_match,high
Y,0x7c5f8,FB00,0x7b178,content_match,high
Y,0x7c5f8,FC00,0x7b178,content_match,high
Y,0x7c5f8,B900,0x7b178,content_match,high
Y,0x7c5f8,E700,0x7af20,content_match,high
Y,0x7c5f8,15120,0x7c9fc,content_match,high
Y,0x7c5f8,32000,0x72174,content_match,high
Table 2D - 387 Check DataType,0x7c61c,D400,0x7c61c,same_addr,high
Table 2D - 387 Check DataType,0x7c61c,E500,0x7ae94,content_match,high
Table 2D - 387 Check DataType,0x7c61c,C500,0x7ae94,content_match,high
Table 2D - 387 Check DataType,0x7c61c,FB00,0x7b19c,content_match,high
Table 2D - 387 Check DataType,0x7c61c,FC00,0x7b19c,content_match,high
Table 2D - 387 Check DataType,0x7c61c,B900,0x7b19c,content_match,high
Table 2D - 387 Check DataType,0x7c61c,E700,0x7af44,content_match,high
Table 2D - 387 Check DataType,0x7c61c,15120,0x7ca20,content_match,high
Table 2D - 387 Check DataType,0x7c61c,32000,0x7cf40,family_shift,low
Y,0x7c664,D400,0x7c664,same_addr,high
Y,0x7c664,E500,0x7aedc,content_match,high
Y,0x7c664,C500,0x7aedc,content_match,high
Y,0x7c664,FB00,0x7b1e4,content_match,high
Y,0x7c664,FC00,0x7b1e4,content_match,high
Y,0x7c664,B900,0x7b1e4,content_match,high
Y,0x7c664,E700,0x7af8c,content_match,high
Y,0x7c664,15120,0x7ca68,content_match,high
Y,0x7c664,32000,0x7cf88,family_shift,low
Table 2D - 388 Check DataType,0x7c678,D400,0x7c678,same_addr,high
Table 2D - 388 Check DataType,0x7c678,E500,0x7af18,content_match,high
Table 2D - 388 Check DataType,0x7c678,C500,0x7aef0,content_match,high
Table 2D - 388 Check DataType,0x7c678,FB00,0x7b1f8,content_match,high
Table 2D - 388 Check DataType,0x7c678,FC00,0x7b1f8,content_match,high
Table 2D - 388 Check DataType,0x7c678,B900,0x7b1f8,content_match,high
Table 2D - 388 Check DataType,0x7c678,E700,0x7afc8,content_match,high
Table 2D - 388 Check DataType,0x7c678,15120,0x7ca7c,content_match,high
Table 2D - 388 Check DataType,0x7c678,32000,0x7cf9c,family_shift,low
Y,0x7c68c,D400,0x7c68c,same_addr,high
Y,0x7c68c,E500,0x7af04,content_match,high
Y,0x7c68c,C500,0x7af04,content_match,high
Y,0x7c68c,FB00,0x7b20c,content_match,high
Y,0x7c68c,FC00,0x7b20c,content_match,high
Y,0x7c68c,B900,0x7b20c,content_match,high
Y,0x7c68c,E700,0x7afb4,content_match,high
Y,0x7c68c,15120,0x7ca90,content_match,high
Y,0x7c68c,32000,0x7cfb0,family_shift,low
Table 2D - 389 Check DataType,0x7c6a0,D400,0x7c6a0,same_addr,high
Table 2D - 389 Check DataType,0x7c6a0,E500,0x7aef0,content_match,high
Table 2D - 389 Check DataType,0x7c6a0,C500,0x7af18,content_match,high
Table 2D - 389 Check DataType,0x7c6a0,FB00,0x7b220,content_match,high
Table 2D - 389 Check DataType,0x7c6a0,FC00,0x7b220,content_match,high
Table 2D - 389 Check DataType,0x7c6a0,B900,0x7b220,content_match,high
Table 2D - 389 Check DataType,0x7c6a0,E700,0x7afa0,content_match,high
Table 2D - 389 Check DataType,0x7c6a0,15120,0x7caa4,content_match,high
Table 2D - 389 Check DataType,0x7c6a0,32000,0x7cfc4,family_shift,low
Y,0x7c6bc,D400,0x7c6bc,same_addr,high
Y,0x7c6bc,E500,0x7af34,content_match,high
Y,0x7c6bc,C500,0x7af34,content_match,high
Y,0x7c6bc,FB00,0x7b23c,content_match,high
Y,0x7c6bc,FC00,0x7b23c,content_match,high
Y,0x7c6bc,B900,0x7b23c,content_match,high
Y,0x7c6bc,E700,0x7afe4,content_match,high
Y,0x7c6bc,15120,0x7cabc,content_match,high
Y,0x7c6bc,32000,0x7ced0,content_match,high
Table 2D - 282_,0x7c6d8,D400,0x7c6d8,same_addr,high
Table 2D - 282_,0x7c6d8,E500,0x7af50,content_match,high
Table 2D - 282_,0x7c6d8,C500,0x7af50,content_match,high
Table 2D - 282_,0x7c6d8,FB00,0x7b258,content_match,high
Table 2D - 282_,0x7c6d8,FC00,0x7b258,content_match,high
Table 2D - 282_,0x7c6d8,B900,0x7b258,content_match,high
Table 2D - 282_,0x7c6d8,E700,0x7b000,family_shift,low
Table 2D - 282_,0x7c6d8,15120,0x7cad8,content_match,high
Table 2D - 282_,0x7c6d8,32000,0x7ceec,content_match,high
Y,0x7c6e0,D400,0x7c6e0,same_addr,high
Y,0x7c6e0,E500,0x7af58,content_match,high
Y,0x7c6e0,C500,0x7af58,content_match,high
Y,0x7c6e0,FB00,0x7b260,content_match,high
Y,0x7c6e0,FC00,0x7b260,content_match,high
Y,0x7c6e0,B900,0x7b260,content_match,high
Y,0x7c6e0,E700,0x7b008,content_match,high
Y,0x7c6e0,15120,0x7cae0,content_match,high
Y,0x7c6e0,32000,0x7d004,family_shift,low
Table 2D - 283_,0x7c708,D400,0x7c708,same_addr,high
Table 2D - 283_,0x7c708,E500,0x7af80,content_match,high
Table 2D - 283_,0x7c708,C500,0x7af80,content_match,high
Table 2D - 283_,0x7c708,FB00,0x7b288,family_shift,medium
Table 2D - 283_,0x7c708,FC00,0x7b288,family_shift,medium
Table 2D - 283_,0x7c708,B900,0x7b288,family_shift,medium
Table 2D - 283_,0x7c708,E700,0x7b030,family_shift,low
Table 2D - 283_,0x7c708,15120,0x7cb0c,family_shift,low
Table 2D - 283_,0x7c708,32000,0x7d02c,family_shift,low
Y,0x7c718,D400,0x7c718,same_addr,high
Y,0x7c718,E500,0x7af90,family_shift,medium
Y,0x7c718,C500,0x7af90,content_match,high
Y,0x7c718,FB00,0x7b298,family_shift,low
Y,0x7c718,FC00,0x7b298,family_shift,low
Y,0x7c718,B900,0x7b298,family_shift,low
Y,0x7c718,E700,0x7b040,family_shift,medium
Y,0x7c718,15120,0x7cb1c,family_shift,low
Y,0x7c718,32000,0x7d03c,family_shift,low
Table 2D - 390 Check DataType,0x7c730,D400,0x7c730,same_addr,high
Table 2D - 390 Check DataType,0x7c730,E500,0x7afa8,content_match,high
Table 2D - 390 Check DataType,0x7c730,C500,0x7afa8,content_match,high
Table 2D - 390 Check DataType,0x7c730,FB00,0x7b2b0,family_shift,low
Table 2D - 390 Check DataType,0x7c730,FC00,0x7b2b0,family_shift,low
Table 2D - 390 Check DataType,0x7c730,B900,0x7b2b0,family_shift,low
Table 2D - 390 Check DataType,0x7c730,E700,0x7b058,content_match,high
Table 2D - 390 Check DataType,0x7c730,15120,0x7cb68,content_match,high
Table 2D - 390 Check DataType,0x7c730,32000,0x7d054,family_shift,low
Y,0x7c738,D400,0x7c738,same_addr,high
Y,0x7c738,E500,0x7afb0,family_shift,medium
Y,0x7c738,C500,0x7afb0,content_match,high
Y,0x7c738,FB00,0x7b2b8,family_shift,low
Y,0x7c738,FC00,0x7b2b8,family_shift,low
Y,0x7c738,B900,0x7b2b8,family_shift,low
Y,0x7c738,E700,0x7b060,family_shift,medium
Y,0x7c738,15120,0x7cb3c,family_shift,low
Y,0x7c738,32000,0x7d05c,family_shift,low
Table 2D - 284_,0x7c750,D400,0x7c750,same_addr,high
Table 2D - 284_,0x7c750,E500,0x7afc8,content_match,high
Table 2D - 284_,0x7c750,C500,0x7afc8,content_match,high
Table 2D - 284_,0x7c750,FB00,0x7b2d0,family_shift,low
Table 2D - 284_,0x7c750,FC00,0x7b2d0,family_shift,low
Table 2D - 284_,0x7c750,B900,0x7b2d0,family_shift,low
Table 2D - 284_,0x7c750,E700,0x7b078,content_match,high
Table 2D - 284_,0x7c750,15120,0x7cb88,content_match,high
Table 2D - 284_,0x7c750,32000,0x7d074,family_shift,low
Y,0x7c75c,D400,0x7c75c,same_addr,high
Y,0x7c75c,E500,0x7afd4,content_match,high
Y,0x7c75c,C500,0x7afd4,content_match,high
Y,0x7c75c,FB00,0x7b2dc,family_shift,low
Y,0x7c75c,FC00,0x7b2dc,family_shift,low
Y,0x7c75c,B900,0x7b2dc,family_shift,low
Y,0x7c75c,E700,0x7b084,content_match,high
Y,0x7c75c,15120,0x7cb94,content_match,high
Y,0x7c75c,32000,0x7d080,family_shift,low
Table 2D - 285_,0x7c780,D400,0x7c780,same_addr,high
Table 2D - 285_,0x7c780,E500,0x7aff8,content_match,high
Table 2D - 285_,0x7c780,C500,0x7aff8,content_match,high
Table 2D - 285_,0x7c780,FB00,0x7b348,content_match,high
Table 2D - 285_,0x7c780,FC00,0x7b348,content_match,high
Table 2D - 285_,0x7c780,B900,0x7b348,content_match,high
Table 2D - 285_,0x7c780,E700,0x7b0a8,family_shift,medium
Table 2D - 285_,0x7c780,15120,0x7cbb8,content_match,high
Table 2D - 285_,0x7c780,32000,0x7d0a4,family_shift,low
X,0x7c794,D400,0x7c794,same_addr,high
X,0x7c794,E500,0x7b00c,family_shift,medium
X,0x7c794,C500,0x7b00c,family_shift,medium
X,0x7c794,FB00,0x7b314,family_shift,low
X,0x7c794,FC00,0x7b314,family_shift,low
X,0x7c794,B900,0x7b314,family_shift,low
X,0x7c794,E700,0x7b0bc,family_shift,medium
X,0x7c794,15120,0x7cb98,family_shift,low
X,0x7c794,32000,0x7d0b8,family_shift,low
Y,0x7c7b8,D400,0x7c7b8,same_addr,high
Y,0x7c7b8,E500,0x7b030,content_match,high
Y,0x7c7b8,C500,0x7b030,content_match,high
Y,0x7c7b8,FB00,0x7b338,family_shift,low
Y,0x7c7b8,FC00,0x7b338,family_shift,low
Y,0x7c7b8,B900,0x7b338,family_shift,low
Y,0x7c7b8,E700,0x7b0e0,content_match,high
Y,0x7c7b8,15120,0x7cbf0,content_match,high
Y,0x7c7b8,32000,0x7d0dc,family_shift,low
Table 3D - 100_,0x7c7d0,D400,0x7c7d0,same_addr,high
Table 3D - 100_,0x7c7d0,E500,0x7b048,content_match,high
Table 3D - 100_,0x7c7d0,C500,0x7b048,content_match,high
Table 3D - 100_,0x7c7d0,FB00,0x7b350,family_shift,low
Table 3D - 100_,0x7c7d0,FC00,0x7b350,family_shift,low
Table 3D - 100_,0x7c7d0,B900,0x7b350,family_shift,low
Table 3D - 100_,0x7c7d0,E700,0x7b0f8,family_shift,low
Table 3D - 100_,0x7c7d0,15120,0x7cc08,content_match,high
Table 3D - 100_,0x7c7d0,32000,0x7d0f4,family_shift,low
X,0x7c808,D400,0x7c808,same_addr,high
X,0x7c808,E500,0x7b080,family_shift,medium
X,0x7c808,C500,0x7b080,family_shift,medium
X,0x7c808,FB00,0x7b388,family_shift,low
X,0x7c808,FC00,0x7b388,family_shift,low
X,0x7c808,B900,0x7b388,family_shift,low
X,0x7c808,E700,0x7b130,family_shift,medium
X,0x7c808,15120,0x7cc0c,family_shift,low
X,0x7c808,32000,0x7d12c,family_shift,low
Y,0x7c82c,D400,0x7c82c,same_addr,high
Y,0x7c82c,E500,0x7b0a4,content_match,high
Y,0x7c82c,C500,0x7b0a4,content_match,high
Y,0x7c82c,FB00,0x7b3ac,family_shift,low
Y,0x7c82c,FC00,0x7b3ac,family_shift,low
Y,0x7c82c,B900,0x7b3ac,family_shift,low
Y,0x7c82c,E700,0x7b154,content_match,high
Y,0x7c82c,15120,0x7cc64,content_match,high
Y,0x7c82c,32000,0x7d150,family_shift,low
Table 3D - 101_,0x7c844,D400,0x7c844,same_addr,high
Table 3D - 101_,0x7c844,E500,0x7b0bc,content_match,high
Table 3D - 101_,0x7c844,C500,0x7b0bc,content_match,high
Table 3D - 101_,0x7c844,FB00,0x7b3c4,family_shift,low
Table 3D - 101_,0x7c844,FC00,0x7b3c4,family_shift,low
Table 3D - 101_,0x7c844,B900,0x7b3c4,family_shift,low
Table 3D - 101_,0x7c844,E700,0x7b16c,family_shift,low
Table 3D - 101_,0x7c844,15120,0x7cc7c,content_match,high
Table 3D - 101_,0x7c844,32000,0x7d168,family_shift,low
Y,0x7c8b0,D400,0x7c8b0,same_addr,high
Y,0x7c8b0,E500,0x7b128,content_match,high
Y,0x7c8b0,C500,0x7b128,content_match,high
Y,0x7c8b0,FB00,0x7b430,family_shift,low
Y,0x7c8b0,FC00,0x7b430,family_shift,low
Y,0x7c8b0,B900,0x7b430,family_shift,low
Y,0x7c8b0,E700,0x7b1d8,content_match,high
Y,0x7c8b0,15120,0x7cce8,content_match,high
Y,0x7c8b0,32000,0x7d1d4,family_shift,low
Table 2D - 286_,0x7c8ec,D400,0x7c8ec,same_addr,high
Table 2D - 286_,0x7c8ec,E500,0x7b164,content_match,high
Table 2D - 286_,0x7c8ec,C500,0x7b164,content_match,high
Table 2D - 286_,0x7c8ec,FB00,0x7b4c8,content_match,high
Table 2D - 286_,0x7c8ec,FC00,0x7b4c8,content_match,high
Table 2D - 286_,0x7c8ec,B900,0x7b4c8,content_match,high
Table 2D - 286_,0x7c8ec,E700,0x7b214,content_match,high
Table 2D - 286_,0x7c8ec,15120,0x7cd24,content_match,high
Table 2D - 286_,0x7c8ec,32000,0x7d210,family_shift,low
Y,0x7c8fc,D400,0x7c8fc,same_addr,high
Y,0x7c8fc,E500,0x7b174,content_match,high
Y,0x7c8fc,C500,0x7b174,content_match,high
Y,0x7c8fc,FB00,0x7b47c,family_shift,low
Y,0x7c8fc,FC00,0x7b47c,family_shift,low
Y,0x7c8fc,B900,0x7b47c,family_shift,low
Y,0x7c8fc,E700,0x7b224,content_match,high
Y,0x7c8fc,15120,0x7cd34,content_match,high
Y,0x7c8fc,32000,0x7d21c,content_match,high
Table 2D - 287_,0x7c920,D400,0x7c920,same_addr,high
Table 2D - 287_,0x7c920,E500,0x7b198,content_match,high
Table 2D - 287_,0x7c920,C500,0x7b198,content_match,high
Table 2D - 287_,0x7c920,FB00,0x7b4fc,content_match,high
Table 2D - 287_,0x7c920,FC00,0x7b4fc,content_match,high
Table 2D - 287_,0x7c920,B900,0x7b4fc,content_match,high
Table 2D - 287_,0x7c920,E700,0x7b248,content_match,high
Table 2D - 287_,0x7c920,15120,0x7cd58,content_match,high
Table 2D - 287_,0x7c920,32000,0x7d13c,content_match,high
X,0x7c92c,D400,0x7c92c,same_addr,high
X,0x7c92c,E500,0x7b1a4,content_match,high
X,0x7c92c,C500,0x7b1a4,content_match,high
X,0x7c92c,FB00,0x7b508,content_match,high
X,0x7c92c,FC00,0x7b508,content_match,high
X,0x7c92c,B900,0x7b508,content_match,high
X,0x7c92c,E700,0x7b254,content_match,high
X,0x7c92c,15120,0x7cd64,content_match,high
X,0x7c92c,32000,0x7d148,content_match,high
Y,0x7c98c,D400,0x7c98c,same_addr,high
Y,0x7c98c,E500,0x7b204,content_match,high
Y,0x7c98c,C500,0x7b204,content_match,high
Y,0x7c98c,FB00,0x7b568,content_match,high
Y,0x7c98c,FC00,0x7b568,content_match,high
Y,0x7c98c,B900,0x7b568,content_match,high
Y,0x7c98c,E700,0x7b2b4,content_match,high
Y,0x7c98c,15120,0x7cdc4,content_match,high
Y,0x7c98c,32000,0x7d2b0,family_shift,low
Table 3D - 102_,0x7c9b4,D400,0x7c9b4,same_addr,high
Table 3D - 102_,0x7c9b4,E500,0x7b22c,content_match,high
Table 3D - 102_,0x7c9b4,C500,0x7b22c,content_match,high
Table 3D - 102_,0x7c9b4,FB00,0x7b534,family_shift,low
Table 3D - 102_,0x7c9b4,FC00,0x7b534,family_shift,low
Table 3D - 102_,0x7c9b4,B900,0x7b534,family_shift,low
Table 3D - 102_,0x7c9b4,E700,0x7b2dc,content_match,high
Table 3D - 102_,0x7c9b4,15120,0x7cdec,content_match,high
Table 3D - 102_,0x7c9b4,32000,0x7d1ac,content_match,high
X,0x7cad8,D400,0x7cad8,same_addr,high
X,0x7cad8,E500,0x7b350,content_match,high
X,0x7cad8,C500,0x7b350,content_match,high
X,0x7cad8,FB00,0x7b658,family_shift,low
X,0x7cad8,FC00,0x7b658,family_shift,low
X,0x7cad8,B900,0x7b658,family_shift,low
X,0x7cad8,E700,0x7b400,content_match,high
X,0x7cad8,15120,0x7cf10,content_match,high
X,0x7cad8,32000,0x7d3fc,family_shift,low
Y,0x7cafc,D400,0x7cafc,same_addr,high
Y,0x7cafc,E500,0x7b374,content_match,high
Y,0x7cafc,C500,0x7b374,content_match,high
Y,0x7cafc,FB00,0x7b67c,family_shift,low
Y,0x7cafc,FC00,0x7b67c,family_shift,low
Y,0x7cafc,B900,0x7b67c,family_shift,low
Y,0x7cafc,E700,0x7b424,content_match,high
Y,0x7cafc,15120,0x7cf34,content_match,high
Y,0x7cafc,32000,0x7d420,family_shift,low
Ignition Dwell Time_,0x7cb20,D400,0x7cb20,same_addr,high
Ignition Dwell Time_,0x7cb20,E500,0x7b398,content_match,high
Ignition Dwell Time_,0x7cb20,C500,0x7b398,content_match,high
Ignition Dwell Time_,0x7cb20,FB00,0x7b6fc,content_match,high
Ignition Dwell Time_,0x7cb20,FC00,0x7b6fc,content_match,high
Ignition Dwell Time_,0x7cb20,B900,0x7b6fc,content_match,high
Ignition Dwell Time_,0x7cb20,E700,0x7b448,content_match,high
Ignition Dwell Time_,0x7cb20,15120,0x7cf58,content_match,high
Ignition Dwell Time_,0x7cb20,32000,0x7d240,content_match,high
Y,0x7ccb4,D400,0x7ccb4,same_addr,high
Y,0x7ccb4,E500,0x7b52c,family_shift,low
Y,0x7ccb4,C500,0x7b52c,family_shift,low
Y,0x7ccb4,FB00,0x7b834,family_shift,low
Y,0x7ccb4,FC00,0x7b834,family_shift,low
Y,0x7ccb4,B900,0x7b834,family_shift,low
Y,0x7ccb4,E700,0x7b5dc,family_shift,low
Y,0x7ccb4,15120,0x7d0e8,content_match,high
Y,0x7ccb4,32000,0x7d4b8,content_match,high
Table 2D - 391 Check DataType,0x7ccdc,D400,0x7ccdc,same_addr,high
Table 2D - 391 Check DataType,0x7ccdc,E500,0x7b554,family_shift,low
Table 2D - 391 Check DataType,0x7ccdc,C500,0x7b554,family_shift,low
Table 2D - 391 Check DataType,0x7ccdc,FB00,0x7b85c,family_shift,low
Table 2D - 391 Check DataType,0x7ccdc,FC00,0x7b85c,family_shift,low
Table 2D - 391 Check DataType,0x7ccdc,B900,0x7b85c,family_shift,low
Table 2D - 391 Check DataType,0x7ccdc,E700,0x7b604,family_shift,low
Table 2D - 391 Check DataType,0x7ccdc,15120,0x7d114,family_shift,medium
Table 2D - 391 Check DataType,0x7ccdc,32000,0x7d4e8,family_shift,medium
Y,0x7cd04,D400,0x7cd04,same_addr,high
Y,0x7cd04,E500,0x7b57c,family_shift,low
Y,0x7cd04,C500,0x7b57c,family_shift,low
Y,0x7cd04,FB00,0x7b884,family_shift,low
Y,0x7cd04,FC00,0x7b884,family_shift,low
Y,0x7cd04,B900,0x7b884,family_shift,low
Y,0x7cd04,E700,0x7b62c,family_shift,low
Y,0x7cd04,15120,0x7d138,content_match,high
Y,0x7cd04,32000,0x7d530,content_match,high
Table 2D - 392 Check DataType,0x7cd2c,D400,0x7cd2c,same_addr,high
Table 2D - 392 Check DataType,0x7cd2c,E500,0x7b5a4,family_shift,low
Table 2D - 392 Check DataType,0x7cd2c,C500,0x7b5a4,family_shift,low
Table 2D - 392 Check DataType,0x7cd2c,FB00,0x7b908,family_shift,low
Table 2D - 392 Check DataType,0x7cd2c,FC00,0x7b908,family_shift,low
Table 2D - 392 Check DataType,0x7cd2c,B900,0x7b908,family_shift,low
Table 2D - 392 Check DataType,0x7cd2c,E700,0x7b654,family_shift,low
Table 2D - 392 Check DataType,0x7cd2c,15120,0x7d164,family_shift,medium
Table 2D - 392 Check DataType,0x7cd2c,32000,0x7d540,family_shift,medium
Y,0x7cd54,D400,0x7cd54,same_addr,high
Y,0x7cd54,E500,0x7b5cc,family_shift,low
Y,0x7cd54,C500,0x7b5cc,family_shift,low
Y,0x7cd54,FB00,0x7b930,family_shift,low
Y,0x7cd54,FC00,0x7b930,family_shift,low
Y,0x7cd54,B900,0x7b930,family_shift,low
Y,0x7cd54,E700,0x7b67c,family_shift,low
Y,0x7cd54,15120,0x7d188,content_match,high
Y,0x7cd54,32000,0x7d56c,content_match,high
Table 2D - 393 Check DataType,0x7cd7c,D400,0x7cd7c,same_addr,high
Table 2D - 393 Check DataType,0x7cd7c,E500,0x7b5f4,family_shift,low
Table 2D - 393 Check DataType,0x7cd7c,C500,0x7b5f4,family_shift,low
Table 2D - 393 Check DataType,0x7cd7c,FB00,0x7b958,family_shift,low
Table 2D - 393 Check DataType,0x7cd7c,FC00,0x7b958,family_shift,low
Table 2D - 393 Check DataType,0x7cd7c,B900,0x7b958,family_shift,low
Table 2D - 393 Check DataType,0x7cd7c,E700,0x7b6a4,family_shift,low
Table 2D - 393 Check DataType,0x7cd7c,15120,0x7d1b4,family_shift,medium
Table 2D - 393 Check DataType,0x7cd7c,32000,0x7d590,family_shift,medium
Y,0x7cda4,D400,0x7cda4,same_addr,high
Y,0x7cda4,E500,0x7b61c,family_shift,low
Y,0x7cda4,C500,0x7b61c,family_shift,low
Y,0x7cda4,FB00,0x7b980,family_shift,low
Y,0x7cda4,FC00,0x7b980,family_shift,low
Y,0x7cda4,B900,0x7b980,family_shift,low
Y,0x7cda4,E700,0x7b6cc,family_shift,low
Y,0x7cda4,15120,0x7d1d8,content_match,high
Y,0x7cda4,32000,0x7d5ac,content_match,high
Table 2D - 394 Check DataType,0x7cdcc,D400,0x7cdcc,same_addr,high
Table 2D - 394 Check DataType,0x7cdcc,E500,0x7b644,family_shift,low
Table 2D - 394 Check DataType,0x7cdcc,C500,0x7b644,family_shift,low
Table 2D - 394 Check DataType,0x7cdcc,FB00,0x7b9a8,family_shift,low
Table 2D - 394 Check DataType,0x7cdcc,FC00,0x7b9a8,family_shift,low
Table 2D - 394 Check DataType,0x7cdcc,B900,0x7b9a8,family_shift,low
Table 2D - 394 Check DataType,0x7cdcc,E700,0x7b6f4,family_shift,low
Table 2D - 394 Check DataType,0x7cdcc,15120,0x7d204,family_shift,medium
Table 2D - 394 Check DataType,0x7cdcc,32000,0x7d5e0,family_shift,medium
Y,0x7cdf4,D400,0x7cdf4,same_addr,high
Y,0x7cdf4,E500,0x7b66c,family_shift,low
Y,0x7cdf4,C500,0x7b66c,family_shift,low
Y,0x7cdf4,FB00,0x7b9d0,family_shift,low
Y,0x7cdf4,FC00,0x7b9d0,family_shift,low
Y,0x7cdf4,B900,0x7b9d0,family_shift,low
Y,0x7cdf4,E700,0x7b71c,family_shift,low
Y,0x7cdf4,15120,0x7d228,content_match,high
Y,0x7cdf4,32000,0x7d5e4,content_match,high
Table 2D - 395 Check DataType,0x7ce1c,D400,0x7ce1c,same_addr,high
Table 2D - 395 Check DataType,0x7ce1c,E500,0x7b694,family_shift,low
Table 2D - 395 Check DataType,0x7ce1c,C500,0x7b694,family_shift,low
Table 2D - 395 Check DataType,0x7ce1c,FB00,0x7b9f8,family_shift,low
Table 2D - 395 Check DataType,0x7ce1c,FC00,0x7b9f8,family_shift,low
Table 2D - 395 Check DataType,0x7ce1c,B900,0x7b9f8,family_shift,low
Table 2D - 395 Check DataType,0x7ce1c,E700,0x7b744,family_shift,low
Table 2D - 395 Check DataType,0x7ce1c,15120,0x7d254,family_shift,medium
Table 2D - 395 Check DataType,0x7ce1c,32000,0x7d630,family_shift,low
Y,0x7ce44,D400,0x7ce44,same_addr,high
Y,0x7ce44,E500,0x7b6bc,family_shift,low
Y,0x7ce44,C500,0x7b6bc,family_shift,low
Y,0x7ce44,FB00,0x7ba20,family_shift,low
Y,0x7ce44,FC00,0x7ba20,family_shift,low
Y,0x7ce44,B900,0x7ba20,family_shift,low
Y,0x7ce44,E700,0x7b76c,family_shift,low
Y,0x7ce44,15120,0x7d278,content_match,high
Y,0x7ce44,32000,0x7d658,family_shift,low
Table 2D - 396 Check DataType,0x7ce6c,D400,0x7ce6c,same_addr,high
Table 2D - 396 Check DataType,0x7ce6c,E500,0x7b6e4,family_shift,low
Table 2D - 396 Check DataType,0x7ce6c,C500,0x7b6e4,family_shift,low
Table 2D - 396 Check DataType,0x7ce6c,FB00,0x7ba48,family_shift,low
Table 2D - 396 Check DataType,0x7ce6c,FC00,0x7ba48,family_shift,low
Table 2D - 396 Check DataType,0x7ce6c,B900,0x7ba48,family_shift,low
Table 2D - 396 Check DataType,0x7ce6c,E700,0x7b794,family_shift,low
Table 2D - 396 Check DataType,0x7ce6c,15120,0x7d2a4,family_shift,medium
Table 2D - 396 Check DataType,0x7ce6c,32000,0x7d680,family_shift,low
Y,0x7ce94,D400,0x7ce94,same_addr,high
Y,0x7ce94,E500,0x7b70c,family_shift,low
Y,0x7ce94,C500,0x7b70c,family_shift,low
Y,0x7ce94,FB00,0x7ba70,family_shift,low
Y,0x7ce94,FC00,0x7ba70,family_shift,low
Y,0x7ce94,B900,0x7ba70,family_shift,low
Y,0x7ce94,E700,0x7b7bc,family_shift,low
Y,0x7ce94,15120,0x7d2c8,content_match,high
Y,0x7ce94,32000,0x7d6a8,family_shift,low
Table 2D - 397 Check DataType,0x7cebc,D400,0x7cebc,same_addr,high
Table 2D - 397 Check DataType,0x7cebc,E500,0x7b734,family_shift,low
Table 2D - 397 Check DataType,0x7cebc,C500,0x7b734,family_shift,low
Table 2D - 397 Check DataType,0x7cebc,FB00,0x7ba98,family_shift,low
Table 2D - 397 Check DataType,0x7cebc,FC00,0x7ba98,family_shift,low
Table 2D - 397 Check DataType,0x7cebc,B900,0x7ba98,family_shift,low
Table 2D - 397 Check DataType,0x7cebc,E700,0x7b7e4,family_shift,low
Table 2D - 397 Check DataType,0x7cebc,15120,0x7d2f0,family_shift,medium
Table 2D - 397 Check DataType,0x7cebc,32000,0x7d6d0,family_shift,low
Y,0x7cee4,D400,0x7cee4,same_addr,high
Y,0x7cee4,E500,0x7b75c,family_shift,low
Y,0x7cee4,C500,0x7b75c,family_shift,low
Y,0x7cee4,FB00,0x7bac0,family_shift,low
Y,0x7cee4,FC00,0x7bac0,family_shift,low
Y,0x7cee4,B900,0x7bac0,family_shift,low
Y,0x7cee4,E700,0x7b80c,family_shift,low
Y,0x7cee4,15120,0x7d318,content_match,high
Y,0x7cee4,32000,0x7d700,family_shift,low
Table 2D - 398 Check DataType,0x7cf0c,D400,0x7cf0c,same_addr,high
Table 2D - 398 Check DataType,0x7cf0c,E500,0x7b784,family_shift,low
Table 2D - 398 Check DataType,0x7cf0c,C500,0x7b784,family_shift,low
Table 2D - 398 Check DataType,0x7cf0c,FB00,0x7bae8,family_shift,low
Table 2D - 398 Check DataType,0x7cf0c,FC00,0x7bae8,family_shift,low
Table 2D - 398 Check DataType,0x7cf0c,B900,0x7bae8,family_shift,low
Table 2D - 398 Check DataType,0x7cf0c,E700,0x7b834,family_shift,low
Table 2D - 398 Check DataType,0x7cf0c,15120,0x7d340,family_shift,medium
Table 2D - 398 Check DataType,0x7cf0c,32000,0x7d728,family_shift,low
Y,0x7cf34,D400,0x7cf34,same_addr,high
Y,0x7cf34,E500,0x7b318,family_shift,low
Y,0x7cf34,C500,0x7b318,family_shift,low
Y,0x7cf34,FB00,0x7bb10,family_shift,low
Y,0x7cf34,FC00,0x7bb10,family_shift,low
Y,0x7cf34,B900,0x7bb10,family_shift,low
Y,0x7cf34,E700,0x7b3c8,family_shift,low
Y,0x7cf34,15120,0x7d368,content_match,high
Y,0x7cf34,32000,0x7d750,family_shift,low
Table 2D - 399 Check DataType,0x7cf5c,D400,0x7cf5c,same_addr,high
Table 2D - 399 Check DataType,0x7cf5c,E500,0x7b340,family_shift,low
Table 2D - 399 Check DataType,0x7cf5c,C500,0x7b340,family_shift,low
Table 2D - 399 Check DataType,0x7cf5c,FB00,0x7bb38,family_shift,low
Table 2D - 399 Check DataType,0x7cf5c,FC00,0x7bb38,family_shift,low
Table 2D - 399 Check DataType,0x7cf5c,B900,0x7bb38,family_shift,low
Table 2D - 399 Check DataType,0x7cf5c,E700,0x7b3f0,family_shift,low
Table 2D - 399 Check DataType,0x7cf5c,15120,0x7d390,family_shift,medium
Table 2D - 399 Check DataType,0x7cf5c,32000,0x7d778,family_shift,low
Y,0x7cf84,D400,0x7cf84,same_addr,high
Y,0x7cf84,E500,0x7b368,family_shift,low
Y,0x7cf84,C500,0x7b368,family_shift,low
Y,0x7cf84,FB00,0x7bb60,family_shift,low
Y,0x7cf84,FC00,0x7bb60,family_shift,low
Y,0x7cf84,B900,0x7bb60,family_shift,low
Y,0x7cf84,E700,0x7b418,family_shift,low
Y,0x7cf84,15120,0x7d3b8,content_match,high
Y,0x7cf84,32000,0x7d7a0,family_shift,low
Table 2D - 400 Check DataType,0x7cfac,D400,0x7cfac,same_addr,high
Table 2D - 400 Check DataType,0x7cfac,E500,0x7b390,family_shift,low
Table 2D - 400 Check DataType,0x7cfac,C500,0x7b390,family_shift,low
Table 2D - 400 Check DataType,0x7cfac,FB00,0x7bb88,family_shift,low
Table 2D - 400 Check DataType,0x7cfac,FC00,0x7bb88,family_shift,low
Table 2D - 400 Check DataType,0x7cfac,B900,0x7bb88,family_shift,low
Table 2D - 400 Check DataType,0x7cfac,E700,0x7b440,family_shift,low
Table 2D - 400 Check DataType,0x7cfac,15120,0x7d3e0,family_shift,medium
Table 2D - 400 Check DataType,0x7cfac,32000,0x7d7c8,family_shift,low
Y,0x7cfd4,D400,0x7cfd4,same_addr,high
Y,0x7cfd4,E500,0x7b3b8,family_shift,low
Y,0x7cfd4,C500,0x7b3b8,family_shift,low
Y,0x7cfd4,FB00,0x7bbb0,family_shift,low
Y,0x7cfd4,FC00,0x7bbb0,family_shift,low
Y,0x7cfd4,B900,0x7bbb0,family_shift,low
Y,0x7cfd4,E700,0x7b468,family_shift,low
Y,0x7cfd4,15120,0x7d408,content_match,high
Y,0x7cfd4,32000,0x7d7f0,family_shift,low
Table 2D - 401 Check DataType,0x7cffc,D400,0x7cffc,same_addr,high
Table 2D - 401 Check DataType,0x7cffc,E500,0x7b3e0,family_shift,low
Table 2D - 401 Check DataType,0x7cffc,C500,0x7b3e0,family_shift,low
Table 2D - 401 Check DataType,0x7cffc,FB00,0x7bbd8,family_shift,low
Table 2D - 401 Check DataType,0x7cffc,FC00,0x7bbd8,family_shift,low
Table 2D - 401 Check DataType,0x7cffc,B900,0x7bbd8,family_shift,low
Table 2D - 401 Check DataType,0x7cffc,E700,0x7b490,family_shift,low
Table 2D - 401 Check DataType,0x7cffc,15120,0x7d430,family_shift,medium
Table 2D - 401 Check DataType,0x7cffc,32000,0x7d818,family_shift,low
Y,0x7d024,D400,0x7d024,same_addr,high
Y,0x7d024,E500,0x7b408,family_shift,low
Y,0x7d024,C500,0x7b408,family_shift,low
Y,0x7d024,FB00,0x7bc00,family_shift,low
Y,0x7d024,FC00,0x7bc00,family_shift,low
Y,0x7d024,B900,0x7bc00,family_shift,low
Y,0x7d024,E700,0x7b4b8,family_shift,low
Y,0x7d024,15120,0x7d458,content_match,high
Y,0x7d024,32000,0x7d840,family_shift,low
Table 2D - 402 Check DataType,0x7d04c,D400,0x7d04c,same_addr,high
Table 2D - 402 Check DataType,0x7d04c,E500,0x7b430,family_shift,low
Table 2D - 402 Check DataType,0x7d04c,C500,0x7b430,family_shift,low
Table 2D - 402 Check DataType,0x7d04c,FB00,0x7bc28,family_shift,low
Table 2D - 402 Check DataType,0x7d04c,FC00,0x7bc28,family_shift,low
Table 2D - 402 Check DataType,0x7d04c,B900,0x7bc28,family_shift,low
Table 2D - 402 Check DataType,0x7d04c,E700,0x7b4e0,family_shift,low
Table 2D - 402 Check DataType,0x7d04c,15120,0x7d480,family_shift,medium
Table 2D - 402 Check DataType,0x7d04c,32000,0x7d868,family_shift,low
Y,0x7d074,D400,0x7d074,same_addr,high
Y,0x7d074,E500,0x7b458,family_shift,low
Y,0x7d074,C500,0x7b458,family_shift,low
Y,0x7d074,FB00,0x7bc50,family_shift,low
Y,0x7d074,FC00,0x7bc50,family_shift,low
Y,0x7d074,B900,0x7bc50,family_shift,low
Y,0x7d074,E700,0x7b508,family_shift,low
Y,0x7d074,15120,0x7d4a8,content_match,high
Y,0x7d074,32000,0x7d890,family_shift,low
Table 2D - 403 Check DataType,0x7d09c,D400,0x7d09c,same_addr,high
Table 2D - 403 Check DataType,0x7d09c,E500,0x7b480,family_shift,low
Table 2D - 403 Check DataType,0x7d09c,C500,0x7b480,family_shift,low
Table 2D - 403 Check DataType,0x7d09c,FB00,0x7bc78,family_shift,low
Table 2D - 403 Check DataType,0x7d09c,FC00,0x7bc78,family_shift,low
Table 2D - 403 Check DataType,0x7d09c,B900,0x7bc78,family_shift,low
Table 2D - 403 Check DataType,0x7d09c,E700,0x7b530,family_shift,low
Table 2D - 403 Check DataType,0x7d09c,15120,0x7d4d0,family_shift,medium
Table 2D - 403 Check DataType,0x7d09c,32000,0x7d8b8,family_shift,low
Y,0x7d0d0,D400,0x7d0d0,same_addr,high
Y,0x7d0d0,E500,0x7b4b4,family_shift,medium
Y,0x7d0d0,C500,0x7b4b4,family_shift,medium
Y,0x7d0d0,FB00,0x7bca4,family_shift,medium
Y,0x7d0d0,FC00,0x7bca4,family_shift,medium
Y,0x7d0d0,B900,0x7bca4,family_shift,medium
Y,0x7d0d0,E700,0x7b564,family_shift,medium
Y,0x7d0d0,15120,0x7d504,family_shift,medium
Y,0x7d0d0,32000,0x7d924,content_match,high
Table 2D - 366 Check DataType,0x7d0f4,D400,0x7d0f4,same_addr,high
Table 2D - 366 Check DataType,0x7d0f4,E500,0x7b4d8,content_match,high
Table 2D - 366 Check DataType,0x7d0f4,C500,0x7b4d8,content_match,high
Table 2D - 366 Check DataType,0x7d0f4,FB00,0x7b840,content_match,high
Table 2D - 366 Check DataType,0x7d0f4,FC00,0x7b840,content_match,high
Table 2D - 366 Check DataType,0x7d0f4,B900,0x7b840,content_match,high
Table 2D - 366 Check DataType,0x7d0f4,E700,0x7b588,content_match,high
Table 2D - 366 Check DataType,0x7d0f4,15120,0x7d528,content_match,high
Table 2D - 366 Check DataType,0x7d0f4,32000,0x7d670,content_match,high
X,0x7d108,D400,0x7d108,same_addr,high
X,0x7d108,E500,0x7b4ec,content_match,high
X,0x7d108,C500,0x7b4ec,content_match,high
X,0x7d108,FB00,0x7bce4,family_shift,low
X,0x7d108,FC00,0x7bce4,family_shift,low
X,0x7d108,B900,0x7bce4,family_shift,low
X,0x7d108,E700,0x7b59c,content_match,high
X,0x7d108,15120,0x7d53c,content_match,high
X,0x7d108,32000,0x7d924,family_shift,low
Y,0x7d128,D400,0x7d128,same_addr,high
Y,0x7d128,E500,0x7b50c,content_match,high
Y,0x7d128,C500,0x7b50c,content_match,high
Y,0x7d128,FB00,0x7b874,content_match,high
Y,0x7d128,FC00,0x7b874,content_match,high
Y,0x7d128,B900,0x7b874,content_match,high
Y,0x7d128,E700,0x7b5bc,content_match,high
Y,0x7d128,15120,0x7d55c,content_match,high
Y,0x7d128,32000,0x7d578,family_shift,low
Table 3D - 120_,0x7d150,D400,0x7d150,same_addr,high
Table 3D - 120_,0x7d150,E500,0x7b534,family_shift,medium
Table 3D - 120_,0x7d150,C500,0x7b534,family_shift,medium
Table 3D - 120_,0x7d150,FB00,0x7b8a0,family_shift,medium
Table 3D - 120_,0x7d150,FC00,0x7b8a0,family_shift,medium
Table 3D - 120_,0x7d150,B900,0x7b8a0,family_shift,medium
Table 3D - 120_,0x7d150,E700,0x7b5e4,family_shift,medium
Table 3D - 120_,0x7d150,15120,0x7d584,family_shift,medium
Table 3D - 120_,0x7d150,32000,0x7d5a0,family_shift,low
X,0x7d1a0,D400,0x7d1a0,same_addr,high
X,0x7d1a0,E500,0x7b584,content_match,high
X,0x7d1a0,C500,0x7b584,content_match,high
X,0x7d1a0,FB00,0x7b8ec,content_match,high
X,0x7d1a0,FC00,0x7b8ec,content_match,high
X,0x7d1a0,B900,0x7b8ec,content_match,high
X,0x7d1a0,E700,0x7b634,content_match,high
X,0x7d1a0,15120,0x7d5d4,content_match,high
X,0x7d1a0,32000,0x7d5f0,family_shift,low
Y,0x7d1c0,D400,0x7d1c0,same_addr,high
Y,0x7d1c0,E500,0x7b5a4,content_match,high
Y,0x7d1c0,C500,0x7b5a4,content_match,high
Y,0x7d1c0,FB00,0x7b90c,content_match,high
Y,0x7d1c0,FC00,0x7b90c,content_match,high
Y,0x7d1c0,B900,0x7b90c,content_match,high
Y,0x7d1c0,E700,0x7b654,content_match,high
Y,0x7d1c0,15120,0x7d5f4,content_match,high
Y,0x7d1c0,32000,0x7d610,family_shift,low
Table 3D - 121_,0x7d1e8,D400,0x7d1e8,same_addr,high
Table 3D - 121_,0x7d1e8,E500,0x7b5cc,family_shift,medium
Table 3D - 121_,0x7d1e8,C500,0x7b5cc,family_shift,medium
Table 3D - 121_,0x7d1e8,FB00,0x7b938,family_shift,medium
Table 3D - 121_,0x7d1e8,FC00,0x7b938,family_shift,medium
Table 3D - 121_,0x7d1e8,B900,0x7b938,family_shift,medium
Table 3D - 121_,0x7d1e8,E700,0x7b67c,family_shift,medium
Table 3D - 121_,0x7d1e8,15120,0x7d61c,family_shift,medium
Table 3D - 121_,0x7d1e8,32000,0x7d638,family_shift,low
Y,0x7d254,D400,0x7d254,same_addr,high
Y,0x7d254,E500,0x7b638,content_match,high
Y,0x7d254,C500,0x7b638,content_match,high
Y,0x7d254,FB00,0x7b9a4,content_match,high
Y,0x7d254,FC00,0x7b9a4,content_match,high
Y,0x7d254,B900,0x7b9a4,content_match,high
Y,0x7d254,E700,0x7b6e8,content_match,high
Y,0x7d254,15120,0x7d688,content_match,high
Y,0x7d254,32000,0x7d6a4,content_match,high
Table 2D - 235_,0x7d274,D400,0x7d274,same_addr,high
Table 2D - 235_,0x7d274,E500,0x7b658,content_match,high
Table 2D - 235_,0x7d274,C500,0x7b658,content_match,high
Table 2D - 235_,0x7d274,FB00,0x7b9c4,content_match,high
Table 2D - 235_,0x7d274,FC00,0x7b9c4,content_match,high
Table 2D - 235_,0x7d274,B900,0x7b9c4,content_match,high
Table 2D - 235_,0x7d274,E700,0x7b708,content_match,high
Table 2D - 235_,0x7d274,15120,0x7d6a8,content_match,high
Table 2D - 235_,0x7d274,32000,0x7d6c4,content_match,high
Y,0x7d2bc,D400,0x7d2bc,same_addr,high
Y,0x7d2bc,E500,0x7b6a0,family_shift,medium
Y,0x7d2bc,C500,0x7b6a0,family_shift,medium
Y,0x7d2bc,FB00,0x7ba0c,family_shift,medium
Y,0x7d2bc,FC00,0x7ba0c,family_shift,medium
Y,0x7d2bc,B900,0x7ba0c,family_shift,medium
Y,0x7d2bc,E700,0x7b750,family_shift,medium
Y,0x7d2bc,15120,0x7d6f0,family_shift,medium
Y,0x7d2bc,32000,0x7d71c,content_match,high
Table 2D - 236_,0x7d2e0,D400,0x7d2e0,same_addr,high
Table 2D - 236_,0x7d2e0,E500,0x7b6c4,content_match,high
Table 2D - 236_,0x7d2e0,C500,0x7b6c4,content_match,high
Table 2D - 236_,0x7d2e0,FB00,0x7ba30,content_match,high
Table 2D - 236_,0x7d2e0,FC00,0x7ba30,content_match,high
Table 2D - 236_,0x7d2e0,B900,0x7ba30,content_match,high
Table 2D - 236_,0x7d2e0,E700,0x7b774,content_match,high
Table 2D - 236_,0x7d2e0,15120,0x7d714,content_match,high
Table 2D - 236_,0x7d2e0,32000,0x7d730,family_shift,low
Y,0x7d2f4,D400,0x7d2f4,same_addr,high
Y,0x7d2f4,E500,0x7b6d8,family_shift,medium
Y,0x7d2f4,C500,0x7b6d8,family_shift,medium
Y,0x7d2f4,FB00,0x7ba44,family_shift,medium
Y,0x7d2f4,FC00,0x7ba44,family_shift,medium
Y,0x7d2f4,B900,0x7ba44,family_shift,medium
Y,0x7d2f4,E700,0x7b788,family_shift,medium
Y,0x7d2f4,15120,0x7d728,family_shift,medium
Y,0x7d2f4,32000,0x7d754,content_match,high
Table 2D - 237_,0x7d318,D400,0x7d318,same_addr,high
Table 2D - 237_,0x7d318,E500,0x7b6fc,content_match,high
Table 2D - 237_,0x7d318,C500,0x7b6fc,content_match,high
Table 2D - 237_,0x7d318,FB00,0x7ba68,content_match,high
Table 2D - 237_,0x7d318,FC00,0x7ba68,content_match,high
Table 2D - 237_,0x7d318,B900,0x7ba68,content_match,high
Table 2D - 237_,0x7d318,E700,0x7b7ac,content_match,high
Table 2D - 237_,0x7d318,15120,0x7d74c,content_match,high
Table 2D - 237_,0x7d318,32000,0x7d778,content_match,high
Y,0x7d32c,D400,0x7d32c,same_addr,high
Y,0x7d32c,E500,0x7b710,family_shift,medium
Y,0x7d32c,C500,0x7b710,family_shift,medium
Y,0x7d32c,FB00,0x7ba7c,family_shift,medium
Y,0x7d32c,FC00,0x7ba7c,family_shift,medium
Y,0x7d32c,B900,0x7ba7c,family_shift,medium
Y,0x7d32c,E700,0x7b7c0,family_shift,medium
Y,0x7d32c,15120,0x7d760,family_shift,medium
Y,0x7d32c,32000,0x7d78c,content_match,high
Table 2D - 238_,0x7d350,D400,0x7d350,same_addr,high
Table 2D - 238_,0x7d350,E500,0x7b734,content_match,high
Table 2D - 238_,0x7d350,C500,0x7b734,content_match,high
Table 2D - 238_,0x7d350,FB00,0x7baa0,content_match,high
Table 2D - 238_,0x7d350,FC00,0x7baa0,content_match,high
Table 2D - 238_,0x7d350,B900,0x7baa0,content_match,high
Table 2D - 238_,0x7d350,E700,0x7b7e4,content_match,high
Table 2D - 238_,0x7d350,15120,0x7d784,content_match,high
Table 2D - 238_,0x7d350,32000,0x7d7a0,family_shift,low
Y,0x7d364,D400,0x7d364,same_addr,high
Y,0x7d364,E500,0x7b748,family_shift,medium
Y,0x7d364,C500,0x7b748,family_shift,medium
Y,0x7d364,FB00,0x7bab4,family_shift,medium
Y,0x7d364,FC00,0x7bab4,family_shift,medium
Y,0x7d364,B900,0x7bab4,family_shift,medium
Y,0x7d364,E700,0x7b7f8,family_shift,medium
Y,0x7d364,15120,0x7d798,family_shift,medium
Y,0x7d364,32000,0x7d7c4,content_match,high
Table 2D - 239_,0x7d388,D400,0x7d388,same_addr,high
Table 2D - 239_,0x7d388,E500,0x7b76c,content_match,high
Table 2D - 239_,0x7d388,C500,0x7b76c,content_match,high
Table 2D - 239_,0x7d388,FB00,0x7bad8,content_match,high
Table 2D - 239_,0x7d388,FC00,0x7bad8,content_match,high
Table 2D - 239_,0x7d388,B900,0x7bad8,content_match,high
Table 2D - 239_,0x7d388,E700,0x7b81c,content_match,high
Table 2D - 239_,0x7d388,15120,0x7d7bc,content_match,high
Table 2D - 239_,0x7d388,32000,0x7d7d8,family_shift,low
Y,0x7d39c,D400,0x7d39c,same_addr,high
Y,0x7d39c,E500,0x7b780,family_shift,medium
Y,0x7d39c,C500,0x7b780,family_shift,medium
Y,0x7d39c,FB00,0x7baec,family_shift,medium
Y,0x7d39c,FC00,0x7baec,family_shift,medium
Y,0x7d39c,B900,0x7baec,family_shift,medium
Y,0x7d39c,E700,0x7b830,family_shift,medium
Y,0x7d39c,15120,0x7d7d0,family_shift,medium
Y,0x7d39c,32000,0x7d7c4,content_match,high
Table 2D - 240_,0x7d3c0,D400,0x7d3c0,same_addr,high
Table 2D - 240_,0x7d3c0,E500,0x7b7a4,content_match,high
Table 2D - 240_,0x7d3c0,C500,0x7b7a4,content_match,high
Table 2D - 240_,0x7d3c0,FB00,0x7bb10,content_match,high
Table 2D - 240_,0x7d3c0,FC00,0x7bb10,content_match,high
Table 2D - 240_,0x7d3c0,B900,0x7bb10,content_match,high
Table 2D - 240_,0x7d3c0,E700,0x7b854,content_match,high
Table 2D - 240_,0x7d3c0,15120,0x7d7f4,content_match,high
Table 2D - 240_,0x7d3c0,32000,0x7d810,family_shift,low
Y,0x7d3d4,D400,0x7d3d4,same_addr,high
Y,0x7d3d4,E500,0x7b7b8,family_shift,medium
Y,0x7d3d4,C500,0x7b7b8,family_shift,medium
Y,0x7d3d4,FB00,0x7bb24,family_shift,medium
Y,0x7d3d4,FC00,0x7bb24,family_shift,medium
Y,0x7d3d4,B900,0x7bb24,family_shift,medium
Y,0x7d3d4,E700,0x7b868,family_shift,medium
Y,0x7d3d4,15120,0x7d808,family_shift,medium
Y,0x7d3d4,32000,0x7d824,family_shift,low
Table 2D - 241_,0x7d3f8,D400,0x7d3f8,same_addr,high
Table 2D - 241_,0x7d3f8,E500,0x7b6fc,content_match,high
Table 2D - 241_,0x7d3f8,C500,0x7b7dc,content_match,high
Table 2D - 241_,0x7d3f8,FB00,0x7bb48,content_match,high
Table 2D - 241_,0x7d3f8,FC00,0x7bb48,content_match,high
Table 2D - 241_,0x7d3f8,B900,0x7bb48,content_match,high
Table 2D - 241_,0x7d3f8,E700,0x7b7ac,content_match,high
Table 2D - 241_,0x7d3f8,15120,0x7d82c,content_match,high
Table 2D - 241_,0x7d3f8,32000,0x7d848,family_shift,low
Y,0x7d40c,D400,0x7d40c,same_addr,high
Y,0x7d40c,E500,0x7b7f0,family_shift,medium
Y,0x7d40c,C500,0x7b7f0,family_shift,medium
Y,0x7d40c,FB00,0x7bb5c,family_shift,medium
Y,0x7d40c,FC00,0x7bb5c,family_shift,medium
Y,0x7d40c,B900,0x7bb5c,family_shift,medium
Y,0x7d40c,E700,0x7b8a0,family_shift,medium
Y,0x7d40c,15120,0x7d840,family_shift,medium
Y,0x7d40c,32000,0x7d85c,family_shift,low
Table 2D - 242_,0x7d430,D400,0x7d430,same_addr,high
Table 2D - 242_,0x7d430,E500,0x7b814,content_match,high
Table 2D - 242_,0x7d430,C500,0x7b814,content_match,high
Table 2D - 242_,0x7d430,FB00,0x7bb80,content_match,high
Table 2D - 242_,0x7d430,FC00,0x7bb80,content_match,high
Table 2D - 242_,0x7d430,B900,0x7bb80,content_match,high
Table 2D - 242_,0x7d430,E700,0x7b8c4,content_match,high
Table 2D - 242_,0x7d430,15120,0x7d864,content_match,high
Table 2D - 242_,0x7d430,32000,0x7d880,family_shift,low
Y,0x7d444,D400,0x7d444,same_addr,high
Y,0x7d444,E500,0x7b828,family_shift,medium
Y,0x7d444,C500,0x7b828,family_shift,medium
Y,0x7d444,FB00,0x7bb94,family_shift,medium
Y,0x7d444,FC00,0x7bb94,family_shift,medium
Y,0x7d444,B900,0x7bb94,family_shift,medium
Y,0x7d444,E700,0x7b8d8,family_shift,medium
Y,0x7d444,15120,0x7d878,family_shift,medium
Y,0x7d444,32000,0x7d894,family_shift,low
Table 2D - 243_,0x7d468,D400,0x7d468,same_addr,high
Table 2D - 243_,0x7d468,E500,0x7b84c,content_match,high
Table 2D - 243_,0x7d468,C500,0x7b84c,content_match,high
Table 2D - 243_,0x7d468,FB00,0x7bbb8,content_match,high
Table 2D - 243_,0x7d468,FC00,0x7bbb8,content_match,high
Table 2D - 243_,0x7d468,B900,0x7bbb8,content_match,high
Table 2D - 243_,0x7d468,E700,0x7b8fc,content_match,high
Table 2D - 243_,0x7d468,15120,0x7d89c,content_match,high
Table 2D - 243_,0x7d468,32000,0x7d8b8,family_shift,low
Y,0x7d47c,D400,0x7d47c,same_addr,high
Y,0x7d47c,E500,0x7b860,family_shift,medium
Y,0x7d47c,C500,0x7b860,family_shift,medium
Y,0x7d47c,FB00,0x7bbcc,family_shift,medium
Y,0x7d47c,FC00,0x7bbcc,family_shift,medium
Y,0x7d47c,B900,0x7bbcc,family_shift,medium
Y,0x7d47c,E700,0x7b910,family_shift,medium
Y,0x7d47c,15120,0x7d8b0,family_shift,medium
Y,0x7d47c,32000,0x7d8cc,family_shift,low
Table 2D - 367 Check DataType,0x7d4a0,D400,0x7d4a0,same_addr,high
Table 2D - 367 Check DataType,0x7d4a0,E500,0x7b884,content_match,high
Table 2D - 367 Check DataType,0x7d4a0,C500,0x7b884,content_match,high
Table 2D - 367 Check DataType,0x7d4a0,FB00,0x7bbf0,content_match,high
Table 2D - 367 Check DataType,0x7d4a0,FC00,0x7bbf0,content_match,high
Table 2D - 367 Check DataType,0x7d4a0,B900,0x7bbf0,content_match,high
Table 2D - 367 Check DataType,0x7d4a0,E700,0x7b934,content_match,high
Table 2D - 367 Check DataType,0x7d4a0,15120,0x7d8d4,content_match,high
Table 2D - 367 Check DataType,0x7d4a0,32000,0x7d7b0,content_match,high
Y,0x7d4b4,D400,0x7d4b4,same_addr,high
Y,0x7d4b4,E500,0x7b898,family_shift,medium
Y,0x7d4b4,C500,0x7b898,family_shift,medium
Y,0x7d4b4,FB00,0x7bc04,family_shift,medium
Y,0x7d4b4,FC00,0x7bc04,family_shift,medium
Y,0x7d4b4,B900,0x7bc04,family_shift,medium
Y,0x7d4b4,E700,0x7b948,family_shift,medium
Y,0x7d4b4,15120,0x7d8e8,family_shift,medium
Y,0x7d4b4,32000,0x7d924,content_match,high
Table 2D - 368 Check DataType,0x7d4d8,D400,0x7d4d8,same_addr,high
Table 2D - 368 Check DataType,0x7d4d8,E500,0x7b8bc,content_match,high
Table 2D - 368 Check DataType,0x7d4d8,C500,0x7b8bc,content_match,high
Table 2D - 368 Check DataType,0x7d4d8,FB00,0x7bc28,content_match,high
Table 2D - 368 Check DataType,0x7d4d8,FC00,0x7bc28,content_match,high
Table 2D - 368 Check DataType,0x7d4d8,B900,0x7bc28,content_match,high
Table 2D - 368 Check DataType,0x7d4d8,E700,0x7b96c,content_match,high
Table 2D - 368 Check DataType,0x7d4d8,15120,0x7d90c,content_match,high
Table 2D - 368 Check DataType,0x7d4d8,32000,0x7d7e8,content_match,high
Y,0x7d4ec,D400,0x7d4ec,same_addr,high
Y,0x7d4ec,E500,0x7b8d0,content_match,high
Y,0x7d4ec,C500,0x7b8d0,content_match,high
Y,0x7d4ec,FB00,0x7bc3c,content_match,high
Y,0x7d4ec,FC00,0x7bc3c,content_match,high
Y,0x7d4ec,B900,0x7bc3c,content_match,high
Y,0x7d4ec,E700,0x7b980,content_match,high
Y,0x7d4ec,15120,0x7d920,content_match,high
Y,0x7d4ec,32000,0x7d93c,family_shift,low
Table 2D - 244_,0x7d52c,D400,0x7d52c,same_addr,high
Table 2D - 244_,0x7d52c,E500,0x7b910,content_match,high
Table 2D - 244_,0x7d52c,C500,0x7b910,content_match,high
Table 2D - 244_,0x7d52c,FB00,0x7bc7c,content_match,high
Table 2D - 244_,0x7d52c,FC00,0x7bc7c,content_match,high
Table 2D - 244_,0x7d52c,B900,0x7bc7c,content_match,high
Table 2D - 244_,0x7d52c,E700,0x7b9c0,content_match,high
Table 2D - 244_,0x7d52c,15120,0x7d960,content_match,high
Table 2D - 244_,0x7d52c,32000,0x7d97c,family_shift,low
Y,0x7d554,D400,0x7d554,same_addr,high
Y,0x7d554,E500,0x7b938,family_shift,medium
Y,0x7d554,C500,0x7b938,family_shift,medium
Y,0x7d554,FB00,0x7bca4,family_shift,medium
Y,0x7d554,FC00,0x7bca4,family_shift,medium
Y,0x7d554,B900,0x7bca4,family_shift,medium
Y,0x7d554,E700,0x7b9e8,family_shift,medium
Y,0x7d554,15120,0x7d988,family_shift,medium
Y,0x7d554,32000,0x7d994,content_match,high
Table 2D - 245_,0x7d578,D400,0x7d578,same_addr,high
Table 2D - 245_,0x7d578,E500,0x7b95c,content_match,high
Table 2D - 245_,0x7d578,C500,0x7b95c,content_match,high
Table 2D - 245_,0x7d578,FB00,0x7bcc8,family_shift,low
Table 2D - 245_,0x7d578,FC00,0x7bcc8,family_shift,low
Table 2D - 245_,0x7d578,B900,0x7bcc8,family_shift,low
Table 2D - 245_,0x7d578,E700,0x7ba0c,content_match,high
Table 2D - 245_,0x7d578,15120,0x7d9ac,content_match,high
Table 2D - 245_,0x7d578,32000,0x7d9c8,family_shift,low
Y,0x7d584,D400,0x7d584,same_addr,high
Y,0x7d584,E500,0x7b968,content_match,high
Y,0x7d584,C500,0x7b968,content_match,high
Y,0x7d584,FB00,0x7bcd4,content_match,high
Y,0x7d584,FC00,0x7bcd4,content_match,high
Y,0x7d584,B900,0x7bcd4,content_match,high
Y,0x7d584,E700,0x7ba18,content_match,high
Y,0x7d584,15120,0x7d9b8,content_match,high
Y,0x7d584,32000,0x7d9d4,family_shift,low
Table 2D - 246_,0x7d5c4,D400,0x7d5c4,same_addr,high
Table 2D - 246_,0x7d5c4,E500,0x7b9a8,content_match,high
Table 2D - 246_,0x7d5c4,C500,0x7b9a8,content_match,high
Table 2D - 246_,0x7d5c4,FB00,0x7bd14,content_match,high
Table 2D - 246_,0x7d5c4,FC00,0x7bd14,content_match,high
Table 2D - 246_,0x7d5c4,B900,0x7bd14,content_match,high
Table 2D - 246_,0x7d5c4,E700,0x7ba58,content_match,high
Table 2D - 246_,0x7d5c4,15120,0x7d9f8,content_match,high
Table 2D - 246_,0x7d5c4,32000,0x7da14,family_shift,low
Y,0x7d5e4,D400,0x7d5e4,same_addr,high
Y,0x7d5e4,E500,0x7b9c8,family_shift,medium
Y,0x7d5e4,C500,0x7b9c8,family_shift,medium
Y,0x7d5e4,FB00,0x7bd34,family_shift,medium
Y,0x7d5e4,FC00,0x7bd34,family_shift,medium
Y,0x7d5e4,B900,0x7bd34,family_shift,medium
Y,0x7d5e4,E700,0x7ba78,family_shift,medium
Y,0x7d5e4,15120,0x7da18,family_shift,medium
Y,0x7d5e4,32000,0x7da34,family_shift,low
Table 2D - 247_,0x7d608,D400,0x7d608,same_addr,high
Table 2D - 247_,0x7d608,E500,0x7b9ec,content_match,high
Table 2D - 247_,0x7d608,C500,0x7b9ec,content_match,high
Table 2D - 247_,0x7d608,FB00,0x7bd58,family_shift,low
Table 2D - 247_,0x7d608,FC00,0x7bd58,family_shift,low
Table 2D - 247_,0x7d608,B900,0x7bd58,family_shift,low
Table 2D - 247_,0x7d608,E700,0x7ba9c,content_match,high
Table 2D - 247_,0x7d608,15120,0x7da3c,content_match,high
Table 2D - 247_,0x7d608,32000,0x7da58,family_shift,low
Y,0x7d61c,D400,0x7d61c,same_addr,high
Y,0x7d61c,E500,0x7ba00,family_shift,medium
Y,0x7d61c,C500,0x7ba00,family_shift,medium
Y,0x7d61c,FB00,0x7bd6c,family_shift,medium
Y,0x7d61c,FC00,0x7bd6c,family_shift,medium
Y,0x7d61c,B900,0x7bd6c,family_shift,medium
Y,0x7d61c,E700,0x7bab0,family_shift,medium
Y,0x7d61c,15120,0x7da50,family_shift,medium
Y,0x7d61c,32000,0x7da6c,family_shift,low
Table 2D - 248_,0x7d640,D400,0x7d640,same_addr,high
Table 2D - 248_,0x7d640,E500,0x7ba24,family_shift,low
Table 2D - 248_,0x7d640,C500,0x7ba24,content_match,high
Table 2D - 248_,0x7d640,FB00,0x7bd90,content_match,high
Table 2D - 248_,0x7d640,FC00,0x7bd90,content_match,high
Table 2D - 248_,0x7d640,B900,0x7bd90,content_match,high
Table 2D - 248_,0x7d640,E700,0x7bad4,family_shift,low
Table 2D - 248_,0x7d640,15120,0x7da74,content_match,high
Table 2D - 248_,0x7d640,32000,0x7d980,content_match,high
Y,0x7d654,D400,0x7d654,same_addr,high
Y,0x7d654,E500,0x7ba38,family_shift,medium
Y,0x7d654,C500,0x7ba38,family_shift,medium
Y,0x7d654,FB00,0x7bda4,family_shift,medium
Y,0x7d654,FC00,0x7bda4,family_shift,medium
Y,0x7d654,B900,0x7bda4,family_shift,medium
Y,0x7d654,E700,0x7bae8,family_shift,medium
Y,0x7d654,15120,0x7da88,family_shift,medium
Y,0x7d654,32000,0x7daa4,family_shift,low
Table 2D - 369 Check DataType,0x7d678,D400,0x7d678,same_addr,high
Table 2D - 369 Check DataType,0x7d678,E500,0x7ba5c,content_match,high
Table 2D - 369 Check DataType,0x7d678,C500,0x7ba5c,content_match,high
Table 2D - 369 Check DataType,0x7d678,FB00,0x7bdc8,family_shift,low
Table 2D - 369 Check DataType,0x7d678,FC00,0x7bdc8,family_shift,low
Table 2D - 369 Check DataType,0x7d678,B900,0x7bdc8,family_shift,low
Table 2D - 369 Check DataType,0x7d678,E700,0x7bb0c,content_match,high
Table 2D - 369 Check DataType,0x7d678,15120,0x7daac,content_match,high
Table 2D - 369 Check DataType,0x7d678,32000,0x7dac8,family_shift,low
Y,0x7d68c,D400,0x7d68c,same_addr,high
Y,0x7d68c,E500,0x7ba70,family_shift,medium
Y,0x7d68c,C500,0x7ba70,family_shift,medium
Y,0x7d68c,FB00,0x7bddc,family_shift,medium
Y,0x7d68c,FC00,0x7bddc,family_shift,medium
Y,0x7d68c,B900,0x7bddc,family_shift,medium
Y,0x7d68c,E700,0x7bb20,family_shift,medium
Y,0x7d68c,15120,0x7dac0,family_shift,medium
Y,0x7d68c,32000,0x7dadc,family_shift,low
Table 2D - 370 Check DataType,0x7d6b0,D400,0x7d6b0,same_addr,high
Table 2D - 370 Check DataType,0x7d6b0,E500,0x7ba94,family_shift,low
Table 2D - 370 Check DataType,0x7d6b0,C500,0x7ba94,content_match,high
Table 2D - 370 Check DataType,0x7d6b0,FB00,0x7be00,family_shift,low
Table 2D - 370 Check DataType,0x7d6b0,FC00,0x7be00,family_shift,low
Table 2D - 370 Check DataType,0x7d6b0,B900,0x7be00,family_shift,low
Table 2D - 370 Check DataType,0x7d6b0,E700,0x7bb44,family_shift,low
Table 2D - 370 Check DataType,0x7d6b0,15120,0x7dae4,content_match,high
Table 2D - 370 Check DataType,0x7d6b0,32000,,unmatched,low
Y,0x7d700,D400,0x7d700,same_addr,high
Y,0x7d700,E500,0x7bae4,family_shift,medium
Y,0x7d700,C500,0x7bae4,content_match,high
Y,0x7d700,FB00,0x7be50,family_shift,low
Y,0x7d700,FC00,0x7be50,family_shift,low
Y,0x7d700,B900,0x7be50,family_shift,low
Y,0x7d700,E700,0x7bb94,family_shift,medium
Y,0x7d700,15120,0x7c880,family_shift,low
Y,0x7d700,32000,,unmatched,low
Table 2D - 249_,0x7d728,D400,0x7d728,same_addr,high
Table 2D - 249_,0x7d728,E500,0x7bb0c,content_match,high
Table 2D - 249_,0x7d728,C500,0x7bb0c,content_match,high
Table 2D - 249_,0x7d728,FB00,0x7be78,family_shift,low
Table 2D - 249_,0x7d728,FC00,0x7be78,family_shift,low
Table 2D - 249_,0x7d728,B900,0x7be78,family_shift,low
Table 2D - 249_,0x7d728,E700,0x7bbbc,content_match,high
Table 2D - 249_,0x7d728,15120,0x7c8a8,family_shift,low
Table 2D - 249_,0x7d728,32000,,unmatched,low
Y,0x7d74c,D400,0x7d74c,same_addr,high
Y,0x7d74c,E500,0x7bb30,family_shift,medium
Y,0x7d74c,C500,0x7bb30,family_shift,medium
Y,0x7d74c,FB00,0x7be9c,family_shift,low
Y,0x7d74c,FC00,0x7be9c,family_shift,low
Y,0x7d74c,B900,0x7be9c,family_shift,low
Y,0x7d74c,E700,0x7bbe0,family_shift,medium
Y,0x7d74c,15120,0x7c8cc,family_shift,low
Y,0x7d74c,32000,,unmatched,low
Table 2D - 371 Check DataType,0x7d770,D400,0x7d770,same_addr,high
Table 2D - 371 Check DataType,0x7d770,E500,0x7bb54,content_match,high
Table 2D - 371 Check DataType,0x7d770,C500,0x7bb54,content_match,high
Table 2D - 371 Check DataType,0x7d770,FB00,0x7bf50,content_match,high
Table 2D - 371 Check DataType,0x7d770,FC00,0x7bf50,content_match,high
Table 2D - 371 Check DataType,0x7d770,B900,0x7bf50,content_match,high
Table 2D - 371 Check DataType,0x7d770,E700,0x7bc04,content_match,high
Table 2D - 371 Check DataType,0x7d770,15120,0x7c8f0,family_shift,low
Table 2D - 371 Check DataType,0x7d770,32000,,unmatched,low
Y,0x7d77c,D400,0x7d77c,same_addr,high
Y,0x7d77c,E500,0x7bb60,content_match,high
Y,0x7d77c,C500,0x7bb60,content_match,high
Y,0x7d77c,FB00,0x7becc,family_shift,low
Y,0x7d77c,FC00,0x7becc,family_shift,low
Y,0x7d77c,B900,0x7becc,family_shift,low
Y,0x7d77c,E700,0x7bc10,content_match,high
Y,0x7d77c,15120,0x7d688,content_match,high
Y,0x7d77c,32000,0x7d6a4,content_match,high
Table 2D - 250_,0x7d79c,D400,0x7d79c,same_addr,high
Table 2D - 250_,0x7d79c,E500,0x7bb80,content_match,high
Table 2D - 250_,0x7d79c,C500,0x7bb80,content_match,high
Table 2D - 250_,0x7d79c,FB00,0x7bf7c,content_match,high
Table 2D - 250_,0x7d79c,FC00,0x7bf7c,content_match,high
Table 2D - 250_,0x7d79c,B900,0x7bf7c,content_match,high
Table 2D - 250_,0x7d79c,E700,0x7bc30,content_match,high
Table 2D - 250_,0x7d79c,15120,0x7c91c,family_shift,low
Table 2D - 250_,0x7d79c,32000,,unmatched,low
Y,0x7d7ac,D400,0x7d7ac,same_addr,high
Y,0x7d7ac,E500,0x7bb90,content_match,high
Y,0x7d7ac,C500,0x7bb90,content_match,high
Y,0x7d7ac,FB00,0x7befc,family_shift,low
Y,0x7d7ac,FC00,0x7befc,family_shift,low
Y,0x7d7ac,B900,0x7befc,family_shift,low
Y,0x7d7ac,E700,0x7bc40,content_match,high
Y,0x7d7ac,15120,0x7d688,content_match,high
Y,0x7d7ac,32000,0x7d6a4,content_match,high
Table 2D - 251_,0x7d7cc,D400,0x7d7cc,same_addr,high
Table 2D - 251_,0x7d7cc,E500,0x7bbb0,family_shift,low
Table 2D - 251_,0x7d7cc,C500,0x7bbb0,content_match,high
Table 2D - 251_,0x7d7cc,FB00,0x7bf1c,family_shift,low
Table 2D - 251_,0x7d7cc,FC00,0x7bf1c,family_shift,low
Table 2D - 251_,0x7d7cc,B900,0x7bf1c,family_shift,low
Table 2D - 251_,0x7d7cc,E700,0x7bc60,family_shift,low
Table 2D - 251_,0x7d7cc,15120,0x7c94c,family_shift,low
Table 2D - 251_,0x7d7cc,32000,0x75fa8,content_match,high
Y,0x7d7f8,D400,0x7d7f8,same_addr,high
Y,0x7d7f8,E500,0x7bbdc,family_shift,medium
Y,0x7d7f8,C500,0x7bbdc,family_shift,medium
Y,0x7d7f8,FB00,0x7bf48,family_shift,low
Y,0x7d7f8,FC00,0x7bf48,family_shift,low
Y,0x7d7f8,B900,0x7bf48,family_shift,low
Y,0x7d7f8,E700,0x7bc8c,family_shift,medium
Y,0x7d7f8,15120,0x7c978,family_shift,low
Y,0x7d7f8,32000,,unmatched,low
Table 2D - 252_,0x7d81c,D400,0x7d81c,same_addr,high
Table 2D - 252_,0x7d81c,E500,0x7bc00,content_match,high
Table 2D - 252_,0x7d81c,C500,0x7bc00,content_match,high
Table 2D - 252_,0x7d81c,FB00,0x7bf6c,family_shift,low
Table 2D - 252_,0x7d81c,FC00,0x7bf6c,family_shift,low
Table 2D - 252_,0x7d81c,B900,0x7bf6c,family_shift,low
Table 2D - 252_,0x7d81c,E700,0x7bcb0,content_match,high
Table 2D - 252_,0x7d81c,15120,0x7c9a0,family_shift,low
Table 2D - 252_,0x7d81c,32000,,unmatched,low
Y,0x7d830,D400,0x7d830,same_addr,high
Y,0x7d830,E500,0x7bc14,family_shift,medium
Y,0x7d830,C500,0x7bc14,family_shift,medium
Y,0x7d830,FB00,0x7bf80,family_shift,low
Y,0x7d830,FC00,0x7bf80,family_shift,low
Y,0x7d830,B900,0x7bf80,family_shift,low
Y,0x7d830,E700,0x7bcc4,family_shift,medium
Y,0x7d830,15120,0x7c9b0,family_shift,low
Y,0x7d830,32000,,unmatched,low
Table 2D - 253_,0x7d854,D400,0x7d854,same_addr,high
Table 2D - 253_,0x7d854,E500,0x7bc38,content_match,high
Table 2D - 253_,0x7d854,C500,0x7bc38,content_match,high
Table 2D - 253_,0x7d854,FB00,0x7bfa4,family_shift,low
Table 2D - 253_,0x7d854,FC00,0x7bfa4,family_shift,low
Table 2D - 253_,0x7d854,B900,0x7bfa4,family_shift,low
Table 2D - 253_,0x7d854,E700,0x7bce8,content_match,high
Table 2D - 253_,0x7d854,15120,0x7c9d4,family_shift,low
Table 2D - 253_,0x7d854,32000,,unmatched,low
Y,0x7d878,D400,0x7d878,same_addr,high
Y,0x7d878,E500,0x7bc5c,family_shift,medium
Y,0x7d878,C500,0x7bc5c,family_shift,medium
Y,0x7d878,FB00,0x7bfc8,family_shift,low
Y,0x7d878,FC00,0x7bfc8,family_shift,low
Y,0x7d878,B900,0x7bfc8,family_shift,low
Y,0x7d878,E700,0x7bd0c,family_shift,medium
Y,0x7d878,15120,0x7c9f8,family_shift,low
Y,0x7d878,32000,,unmatched,low
Table 2D - 372 Check DataType,0x7d89c,D400,0x7d89c,same_addr,high
Table 2D - 372 Check DataType,0x7d89c,E500,0x7bc80,family_shift,medium
Table 2D - 372 Check DataType,0x7d89c,C500,0x7bc80,family_shift,medium
Table 2D - 372 Check DataType,0x7d89c,FB00,0x7bfec,family_shift,low
Table 2D - 372 Check DataType,0x7d89c,FC00,0x7bfec,family_shift,low
Table 2D - 372 Check DataType,0x7d89c,B900,0x7bfec,family_shift,low
Table 2D - 372 Check DataType,0x7d89c,E700,0x7bd30,family_shift,medium
Table 2D - 372 Check DataType,0x7d89c,15120,0x7ca1c,family_shift,low
Table 2D - 372 Check DataType,0x7d89c,32000,,unmatched,low
Y,0x7d8c0,D400,0x7d8c0,same_addr,high
Y,0x7d8c0,E500,0x7bca4,family_shift,medium
Y,0x7d8c0,C500,0x7bca4,family_shift,medium
Y,0x7d8c0,FB00,0x7c010,family_shift,medium
Y,0x7d8c0,FC00,0x7c010,family_shift,medium
Y,0x7d8c0,B900,0x7c010,family_shift,medium
Y,0x7d8c0,E700,0x7bd54,family_shift,medium
Y,0x7d8c0,15120,0x7ca40,family_shift,low
Y,0x7d8c0,32000,,unmatched,low
Table 2D - 373 Check DataType,0x7d8e4,D400,0x7d8e4,same_addr,high
Table 2D - 373 Check DataType,0x7d8e4,E500,0x7bcc8,family_shift,medium
Table 2D - 373 Check DataType,0x7d8e4,C500,0x7bcc8,family_shift,medium
Table 2D - 373 Check DataType,0x7d8e4,FB00,0x7c034,family_shift,low
Table 2D - 373 Check DataType,0x7d8e4,FC00,0x7c034,family_shift,low
Table 2D - 373 Check DataType,0x7d8e4,B900,0x7c034,family_shift,low
Table 2D - 373 Check DataType,0x7d8e4,E700,0x7bd78,family_shift,medium
Table 2D - 373 Check DataType,0x7d8e4,15120,0x7ca64,family_shift,low
Table 2D - 373 Check DataType,0x7d8e4,32000,,unmatched,low
Y,0x7d908,D400,0x7d908,same_addr,high
Y,0x7d908,E500,0x7bcec,family_shift,medium
Y,0x7d908,C500,0x7bcec,family_shift,medium
Y,0x7d908,FB00,0x7c058,family_shift,medium
Y,0x7d908,FC00,0x7c058,family_shift,medium
Y,0x7d908,B900,0x7c058,family_shift,medium
Y,0x7d908,E700,0x7bd9c,family_shift,medium
Y,0x7d908,15120,0x7ca88,family_shift,low
Y,0x7d908,32000,,unmatched,low
Table 2D - 374 Check DataType,0x7d92c,D400,0x7d92c,same_addr,high
Table 2D - 374 Check DataType,0x7d92c,E500,0x7bd10,content_match,high
Table 2D - 374 Check DataType,0x7d92c,C500,0x7bd10,content_match,high
Table 2D - 374 Check DataType,0x7d92c,FB00,0x7c10c,content_match,high
Table 2D - 374 Check DataType,0x7d92c,FC00,0x7c10c,content_match,high
Table 2D - 374 Check DataType,0x7d92c,B900,0x7c10c,content_match,high
Table 2D - 374 Check DataType,0x7d92c,E700,0x7bdc0,content_match,high
Table 2D - 374 Check DataType,0x7d92c,15120,0x7caac,family_shift,low
Table 2D - 374 Check DataType,0x7d92c,32000,,unmatched,low
