address,proposed_name,confidence,source,notes
0xffff00b1,immo_eeprom,high,function_names+renames,fns: immo_eeprom_read_00b1 (x1); roles: immo_eeprom_read_00b1; cats: OBD / UDS(x1)
0xffff091a,ram_091a,low,function_names+renames,fns: uds_2f_iocontrol_entry_091a (x1); roles: uds_2f_iocontrol_entry_091a; cats: OBD / UDS(x1); AMBIGUOUS: single weak ref; low16 collides with ROM fn addr & no 0xffff literal in reasons
0xffff096e,ram_096e,low,function_names+renames,fns: uds_2f_iocontrol_entry_096e (x1); roles: uds_2f_iocontrol_entry_096e; cats: OBD / UDS(x1); AMBIGUOUS: single weak ref; low16 collides with ROM fn addr & no 0xffff literal in reasons
0xffff0f16,ram_0f16,low,function_names+renames,fns: dtc_status_write_pair_0f16 (x1); roles: dtc_status_write_pair_0f16; cats: Faults & DTC(x1); AMBIGUOUS: single weak ref; low16 collides with ROM fn addr & no 0xffff literal in reasons
0xffff0ff8,ram_0ff8,low,function_names+renames,fns: obd_emit_io_bytes_0ff8 (x1); roles: obd_emit_io_bytes_0ff8; cats: OBD / UDS(x1); AMBIGUOUS: single weak ref; low16 collides with ROM fn addr & no 0xffff literal in reasons
0xffff0ffb,obd_emit_io_bytes,high,function_names+renames,fns: obd_emit_io_bytes_0ffb (x1); roles: obd_emit_io_bytes_0ffb; cats: OBD / UDS(x1)
0xffff1000,ram_1000,low,function_names+renames,fns: init_word_ca80_1000 (x1); roles: init_word_ca80_1000; cats: Boot & Init(x1); AMBIGUOUS: single weak ref; low16 collides with ROM fn addr & no 0xffff literal in reasons
0xffff173a,dtc_status_or_zero,medium,function_names+renames,fns: dtc_status_c1_clear_173a (x1); dtc_status_c0_or_zero_173a (x1); dtc_status_c0_retain_173a (x1); roles: dtc_status_c1_clear_173a; dtc_status_c0_or_zero_173a; dtc_status_c0_retain_173a; cats: Faults & DTC(x3); CAUTION: low16 also collides with a ROM function address
0xffff175c,ram_175c,low,function_names+renames,fns: uds_2f_iocontrol_entry_175c (x1); roles: uds_2f_iocontrol_entry_175c; cats: OBD / UDS(x1); AMBIGUOUS: single weak ref; low16 collides with ROM fn addr & no 0xffff literal in reasons
0xffff175d,uds_iocontrol_entry,high,function_names+renames,fns: uds_2f_iocontrol_entry_175d (x1); roles: uds_2f_iocontrol_entry_175d; cats: OBD / UDS(x1)
0xffff17ac,ram_17ac,low,function_names+renames,fns: dtc_status_c0_clear_17ac (x1); roles: dtc_status_c0_clear_17ac; cats: Faults & DTC(x1); AMBIGUOUS: single weak ref; low16 collides with ROM fn addr & no 0xffff literal in reasons
0xffff17c6,ram_17c6,low,function_names+renames,fns: uds_2f_iocontrol_entry_17c6 (x1); roles: uds_2f_iocontrol_entry_17c6; cats: OBD / UDS(x1); AMBIGUOUS: single weak ref; low16 collides with ROM fn addr & no 0xffff literal in reasons
0xffff17de,uds_iocontrol_entry,high,function_names+renames,fns: uds_2f_iocontrol_entry_17de (x1); roles: uds_2f_iocontrol_entry_17de; cats: OBD / UDS(x1)
0xffff17df,obd_control_pid,high,function_names+renames,fns: obd_control_pid_17df_handler (x1); roles: obd_control_pid_17df_handler; cats: OBD / UDS(x1)
0xffff17e1,obd_control_pid,high,function_names+renames,fns: obd_control_pid_17e1_handler (x1); roles: obd_control_pid_17e1_handler; cats: OBD / UDS(x1)
0xffff3b3c,dtc,medium,function_names+renames,fns: dtc_3b3c_qualification (x1); dtc_3b3c_delta_detect (x1); roles: dtc_3b3c_qualification; dtc_3b3c_delta_detect; cats: Faults & DTC(x2); CAUTION: low16 also collides with a ROM function address
0xffff4873,dtc_status_write_pair,high,function_names+renames,fns: dtc_status_write_pair_4873 (x1); roles: dtc_status_write_pair_4873; cats: Faults & DTC(x1)
0xffff5348,ram_5348,low,function_names+renames,fns: set_sr_delay_thunk_5348 (x1); roles: set_sr_delay_thunk_5348; cats: Boot & Init(x1); AMBIGUOUS: single weak ref; low16 collides with ROM fn addr & no 0xffff literal in reasons
0xffff6000,memcpy_loops_over_ram_ranges,medium,renames,roles: diag_transfer_data_handler; boot_ram_selftest_relocate; ctx: memcpy_loops_over_ram_ranges(x1)
0xffff6b60,ram_6b60,low,function_names+renames,fns: port_f838_bit7_clear_dispatch_6b60 (x1); roles: port_f838_bit7_clear_dispatch_6b60; cats: Peripherals & ISR(x1); AMBIGUOUS: single weak ref; low16 collides with ROM fn addr & no 0xffff literal in reasons
0xffff7408,ram_7408,low,renames,roles: rtos_task_start
0xffff74e0,ram_74e0,low,function_names+renames,fns: engine_state_cal_copy_b5b4_dispatch_74e0 (x1); roles: engine_state_cal_copy_b5b4_dispatch_74e0; cats: Memory & CRC(x1); AMBIGUOUS: single weak ref; low16 collides with ROM fn addr & no 0xffff literal in reasons
0xffff7638,reconstruction_rtos_control,medium,renames,"roles: rtos_context_switch_restore; rtos_swtimer_expire_check; cal_learned_value_update; init_main; ctx: context_save_side_rtos_tcb(x1), ldc_sr_save_restore(x1)"
0xffff763c,copy_ram_word,high,function_names+renames,"fns: copy_ram_word_763c_to_buf (x1); can_tx_word_763c_fetch (x1); roles: copy_ram_word_763c_to_buf; can_tx_word_763c_fetch; cats: Memory & CRC(x1), CAN Bus(x1); ctx: helper(x1)"
0xffff7668,code_subidx_set_bitmap,medium,renames,roles: learn_table_bucket_insert; ctx: code_subidx_set_bitmap(x1)
0xffff7d00,throttle_pwm_default,medium,function_names+renames,"fns: pwm_duty_7d00_if_flag (x1); throttle_pwm_default_7d00 (x1); roles: pwm_duty_7d00_if_flag; throttle_pwm_default_7d00; cats: Boot & Init(x1), Throttle & Torque(x1); CAUTION: low16 also collides with a ROM function address"
0xffff7fff,ram_7fff,low,renames,roles: boot_ram_selftest_relocate
0xffff8000,counter_thresh,high,function_names+renames,fns: counter_ba94_thresh_8000 (x1); roles: sensor_cal_handshake_check; sensor_cal_handshake_ack; counter_ba94_thresh_8000; cats: Math / FPU(x1)
0xffff8004,ram_8004,low,renames,roles: req_mailbox_enqueue_ring4
0xffff802c,dedup_vs_head,medium,renames,roles: req_mailbox_enqueue_ring4; ctx: dedup_vs_head(x1)
0xffff802d,req_long_param,medium,renames,roles: req_mailbox_enqueue_ring4; ctx: req_long_param(x1)
0xffff8030,crc_protected_float_record,medium,renames,roles: learned_record_crc_check; learned_record_crc_update; learned_value_average_crc_store; ctx: crc_protected_float_record(x1)
0xffff8038,ram_8038,low,function_names+renames,fns: csum_float_pair_store_8038 (x1); roles: csum_float_pair_store_8038; cats: Memory & CRC(x1); AMBIGUOUS: single weak ref; low16 collides with ROM fn addr & no 0xffff literal in reasons
0xffff8040,store_zero_floats,medium,function_names+renames,fns: store_zero_floats_8040_8048 (x1); store_zero_floats_8040_8048_v2 (x1); roles: store_zero_floats_8040_8048; store_zero_floats_8040_8048_v2; cats: Memory & CRC(x2); CAUTION: low16 also collides with a ROM function address
0xffff8048,store_zero_floats,medium,function_names+renames,fns: store_zero_floats_8040_8048 (x1); store_zero_floats_8040_8048_v2 (x1); roles: store_zero_floats_8040_8048; store_zero_floats_8040_8048_v2; cats: Memory & CRC(x2); CAUTION: low16 also collides with a ROM function address
0xffff8050,ram_8050,low,renames,roles: checksum_float_read_batch
0xffff8070,ram_8070,low,renames,roles: checksum_float_read_batch
0xffff807c,ram_807c,low,renames,roles: checksum_float_clear_807x; checksum_float_read_807x
0xffff8080,ram_8080,low,renames,roles: stepper_fault_flag_check; stepper_fault_flag_clear; stepper_fault_flag_read; stepper_fault_flag_set
0xffff8082,ram_8082,low,renames,roles: stepper_fault_dtc_raise
0xffff8088,checksummed_float_read_verify,high,function_names+renames,fns: checksummed_float_store_8088_a4c (x1); checksummed_float_read_verify_8088_a56 (x1); roles: battery_temp_conv_chain; checksummed_float_store_8088_a4c; checksummed_float_read_verify_8088_a56; cats: Memory & CRC(x2)
0xffff8090,protected_bank_reset,high,function_names+renames,fns: protected_bank_reset_8090_a27e (x1); roles: protected_bank_reset_8090_a27e; cats: Memory & CRC(x1)
0xffff80a4,ram_80a4,low,renames,roles: float_sum_default_store_cb78
0xffff80d4,ram_80d4,low,renames,roles: throttle_drive_filter_calc; closed_loop_dual_integrator; sensor_snapshot_propagate_working
0xffff80dc,ram_80dc,low,renames,roles: throttle_drive_filter_calc; sensor_snapshot_propagate_working
0xffff80ec,ram_80ec,low,renames,roles: fuel_coldstart_cell_loop_write; engine_ctrl_state_init_b134_b12c; protected_bank_zero_init_eae8; float_bank_params_validate_loop
0xffff810c,ram_810c,low,renames,roles: fuel_coldstart_cell_loop_write; protected_bank_zero_init_eae8
0xffff8124,ram_8124,low,renames,roles: fuel_pressure_sensor_calc; float_triple_reset_clear; float_triple_read_verify
0xffff812c,validate_mem8,high,function_names+renames,"fns: update_mem8_812c_thunk (x1); validate_mem8_812c_thunk (x1); roles: update_mem8_812c_thunk; validate_mem8_812c_thunk; cats: Ignition & Knock(x1), Memory & CRC(x1)"
0xffff8130,write_can_float_slot,high,function_names+renames,"fns: sensor_ram_clear_8130_8570_868x (x1); write_can_float_slot_8130 (x1); roles: eshaft_learn_state_update; protected_bank_zero_clear; sensor_ram_clear_8130_8570_868x; sensor_hw_gate_tbl_b8682; cats: Memory & CRC(x1), Faults & DTC(x1); ctx: into_e_shaft_state_vector(x1), protected_float_bank(x1)"
0xffff8570,sensor_ram_clear,high,function_names+renames,fns: sensor_ram_clear_8130_8570_868x (x1); roles: eshaft_learn_state_update; protected_bank_zero_clear; sensor_ram_clear_8130_8570_868x; sensor_hw_gate_tbl_b8682; cats: Memory & CRC(x1)
0xffff8680,ram_8680,low,function_names+renames,fns: update_mem8_8680_thunk (x1); roles: update_mem8_8680_thunk; cats: Ignition & Knock(x1); AMBIGUOUS: single weak ref; low16 collides with ROM fn addr & no 0xffff literal in reasons
0xffff8682,ram_8682,low,function_names+renames,fns: clear_byte_8682_8684 (x1); roles: clear_byte_8682_8684; cats: Ignition & Knock(x1); AMBIGUOUS: single weak ref; low16 collides with ROM fn addr & no 0xffff literal in reasons
0xffff8684,ram_8684,low,function_names+renames,fns: clear_byte_8682_8684 (x1); roles: clear_byte_8682_8684; cats: Ignition & Knock(x1); AMBIGUOUS: single weak ref; low16 collides with ROM fn addr & no 0xffff literal in reasons
0xffff8688,validate_mem,high,function_names+renames,fns: validate_mem_8688_thunk (x1); read_ram_8688_thunk (x1); roles: read_ram_8688_thunk; validate_mem_8688_thunk; cats: Memory & CRC(x2)
0xffff868c,fault_cell,medium,function_names+renames,fns: fault_cell_868c_zero (x1); fault_cell_868c_8bit_update (x1); roles: fault_cell_868c_8bit_update; fault_cell_868c_zero; cats: Faults & DTC(x2); CAUTION: low16 also collides with a ROM function address
0xffff8690,fault_cell,medium,function_names+renames,fns: fault_cell_8690_zero (x1); fault_cell_8690_8bit_update (x1); fault_flag_8690_validate (x1); fault_cells_8694_float_zero_then_8690_zero (x1); roles: fault_flag_8690_validate; fault_cell_8690_8bit_update; fault_cell_8690_zero; fault_cells_8694_float_zero_then_8690_zero; cats: Faults & DTC(x5); CAUTION: low16 also collides with a ROM function address
0xffff8694,fault_cell,medium,function_names+renames,"fns: fault_cells_8694_float_zero_then_8690_zero (x1); fault_cell_8694_validate_then_8690_update (x1); fault_float_cell_8694_zero (x1); validate_address_copy_8694_thunk (x1); roles: fault_float_cell_8694_zero; fault_cells_8694_float_zero_then_8690_zero; fault_cell_8694_validate_then_8690_update; validate_address_copy_8694_thunk; cats: Faults & DTC(x3), Memory & CRC(x1); CAUTION: low16 also collides with a ROM function address"
0xffff869c,fault_cell,high,function_names+renames,"fns: fault_cell_869c_word_zero (x1); validate_address_copy_32bit_869c_thunk (x1); fault_cell_869c_read_add_write (x1); roles: fault_cell_869c_word_zero; validate_address_copy_32bit_869c_thunk; fault_cell_869c_read_add_write; cats: Memory & CRC(x2), Faults & DTC(x1)"
0xffff86a4,float_cell,high,function_names+renames,"fns: float_cell_86a4_validate (x1); float_cell_86a4_zero_init (x1); roles: ign_cold_start_corr_write; float_cell_86a4_zero_init; float_cell_86a4_validate; cats: Math / FPU(x1), Boot & Init(x1)"
0xffff86ac,fault_monitor_sample,medium,function_names+renames,"fns: fault_fallback_float_store_86ac (x1); obd_pid_emit_16bit_86ac (x1); fault_monitor_sample_86ac (x1); fault_monitor_sample_86ac_86b4 (x1); roles: fault_fallback_float_store_86ac; obd_pid_emit_16bit_86ac; fault_monitor_sample_86ac; fault_monitor_sample_86ac_86b4; cats: Faults & DTC(x3), OBD / UDS(x1); CAUTION: low16 also collides with a ROM function address; CONFLICT-RESOLVED: kept fault_monitor_sample; alt: fault_fallback_float_store, obd_pid_emit_16bit"
0xffff86b4,fault_fallback_float_store,medium,function_names+renames,fns: fault_fallback_float_store_86b4 (x1); fault_monitor_sample_86ac_86b4 (x1); roles: fault_fallback_float_store_86b4; fault_monitor_sample_86ac_86b4; cats: Faults & DTC(x2); CAUTION: low16 also collides with a ROM function address
0xffff86bc,fault_fallback_float_store,high,function_names+renames,fns: fault_fallback_float_store_86bc (x1); roles: ign_cold_start_corr_write; fault_fallback_float_store_86bc; cats: Faults & DTC(x1)
0xffff86c8,ram_86c8,low,renames,roles: ign_cold_start_corr_write
0xffff86d0,crc_store_verify_clear,high,function_names+renames,"fns: crc_store_verify_clear_86d0 (x1); fault_flags_reset_86d0 (x1); obd_pid_emit_16bit_86d0 (x1); fault_monitor_sample_86d0 (x1); roles: ign_timing_correction_calc; fault_flags_reset_86d0; crc_store_verify_clear_86d0; obd_pid_emit_16bit_86d0; cats: Faults & DTC(x2), Memory & CRC(x1), OBD / UDS(x1)"
0xffff86d8,ram_86d8,low,function_names+renames,fns: fault_fallback_float_store_86d8 (x1); roles: fault_fallback_float_store_86d8; cats: Faults & DTC(x1); AMBIGUOUS: single weak ref; low16 collides with ROM fn addr & no 0xffff literal in reasons
0xffff86e4,fault_state_machine_flag,medium,function_names+renames,"fns: crc_clear_bytes_86e4 (x1); init_fault_bytes_86e4_86e6 (x1); fault_byte_accumulate_86e4 (x1); fault_state_machine_flag_86e4 (x1); roles: fault_state_machine_flag_86e4; crc_clear_bytes_86e4; init_fault_bytes_86e4_86e6; fault_byte_accumulate_86e4; cats: Faults & DTC(x2), Memory & CRC(x1), Boot & Init(x1); CAUTION: low16 also collides with a ROM function address"
0xffff86e6,ram_86e6,low,function_names+renames,fns: init_fault_bytes_86e4_86e6 (x1); roles: init_fault_bytes_86e4_86e6; cats: Boot & Init(x1); AMBIGUOUS: single weak ref; low16 collides with ROM fn addr & no 0xffff literal in reasons
0xffff86e8,clear_fault_bytes,medium,function_names+renames,"fns: crc_clear_bytes_86e8 (x1); clear_fault_bytes_86e8 (x1); fault_monitor_86e8_86ea (x1); roles: crc_clear_bytes_86e8; clear_fault_bytes_86e8; fault_monitor_86e8_86ea; cats: Faults & DTC(x2), Memory & CRC(x1); CAUTION: low16 also collides with a ROM function address"
0xffff86ea,ram_86ea,low,function_names+renames,fns: fault_monitor_86e8_86ea (x1); roles: fault_monitor_86e8_86ea; cats: Faults & DTC(x1); AMBIGUOUS: single weak ref; low16 collides with ROM fn addr & no 0xffff literal in reasons
0xffff86ec,ram_86ec,low,function_names+renames,fns: sensor_fault_monitor_86ec (x1); roles: sensor_fault_monitor_86ec; cats: Faults & DTC(x1); AMBIGUOUS: single weak ref; low16 collides with ROM fn addr & no 0xffff literal in reasons
0xffff86f0,ram_86f0,low,function_names+renames,fns: fault_monitor_86f0_86f2 (x1); roles: fault_monitor_86f0_86f2; cats: Faults & DTC(x1); AMBIGUOUS: single weak ref; low16 collides with ROM fn addr & no 0xffff literal in reasons
0xffff86f2,ram_86f2,low,function_names+renames,fns: fault_monitor_86f0_86f2 (x1); roles: fault_monitor_86f0_86f2; cats: Faults & DTC(x1); AMBIGUOUS: single weak ref; low16 collides with ROM fn addr & no 0xffff literal in reasons
0xffff86f4,ram_86f4,low,function_names+renames,fns: fault_monitor_86f4_86f8 (x1); roles: fault_monitor_86f4_86f8; cats: Faults & DTC(x1); AMBIGUOUS: single weak ref; low16 collides with ROM fn addr & no 0xffff literal in reasons
0xffff86f8,ram_86f8,low,function_names+renames,fns: fault_monitor_86f4_86f8 (x1); roles: fault_monitor_86f4_86f8; cats: Faults & DTC(x1); AMBIGUOUS: single weak ref; low16 collides with ROM fn addr & no 0xffff literal in reasons
0xffff86fc,ram_86fc,low,function_names+renames,fns: fault_monitor_sensor_86fc (x1); roles: fault_monitor_sensor_86fc; cats: Faults & DTC(x1); AMBIGUOUS: single weak ref; low16 collides with ROM fn addr & no 0xffff literal in reasons
0xffff86fe,clear_fault_bytes,medium,function_names+renames,"fns: crc_clear_bytes_86fe (x1); clear_fault_bytes_86fe (x1); roles: crc_clear_bytes_86fe; clear_fault_bytes_86fe; cats: Memory & CRC(x1), Faults & DTC(x1); CAUTION: low16 also collides with a ROM function address"
0xffff8704,fault_byte,high,function_names+renames,"fns: fault_byte_8704_verify (x1); fault_byte_8704_clear (x1); fault_threshold_latch_8704_cf4a (x1); roles: fault_byte_8704_verify; fault_byte_8704_clear; fault_threshold_latch_8704_cf4a; cats: Memory & CRC(x2), Faults & DTC(x1)"
0xffff8706,ram_8706,low,renames,roles: mem_enable_flag_and_gate
0xffff8708,iat_fault_word,high,function_names+renames,fns: iat_fault_word_8708_verify (x1); word_cell_8708_zero_write (x1); roles: word_cell_8708_zero_write; iat_fault_word_8708_verify; cats: Memory & CRC(x2)
0xffff870c,checksummed_float_verify,high,function_names+renames,fns: checksummed_float_verify_870c (x1); roles: fault_float_cells_87xx_init; checksummed_float_verify_870c; cats: Math / FPU(x1)
0xffff8710,ram_8710,low,renames,roles: fuel_closed_loop_confirm_ctr
0xffff8714,ram_8714,low,renames,roles: fault_float_cells_87xx_init
0xffff871c,ram_871c,low,renames,roles: fault_float_cells_87xx_init
0xffff8724,ram_8724,low,renames,roles: sr_guarded_ram_init_c638; sr_guarded_ram_init_registration
0xffff8728,checksummed_verify,medium,function_names+renames,fns: checksummed_store_aa08_8728 (x1); checksummed_verify_8728_8730 (x1); roles: checksummed_store_aa08_8728; checksummed_verify_8728_8730; cats: Memory & CRC(x2); CAUTION: low16 also collides with a ROM function address
0xffff8730,checksummed_verify,medium,function_names+renames,fns: checksummed_store_aa08_8730 (x1); checksummed_verify_8728_8730 (x1); roles: checksummed_store_aa08_8730; checksummed_verify_8728_8730; cats: Memory & CRC(x2); CAUTION: low16 also collides with a ROM function address
0xffff8738,sensor_plausibility_check,high,function_names+renames,fns: fault_float_cells_8738_8740_zero_init (x1); sensor_plausibility_check_8738 (x1); roles: fault_float_cells_8738_8740_zero_init; verify_reset_shadow_floats; fpu_ramp_update_shadow; sensor_scaling_fp_block; cats: Faults & DTC(x2)
0xffff8740,sensor_plausibility_check,high,function_names+renames,fns: fault_float_cells_8738_8740_zero_init (x1); sensor_plausibility_check_8740 (x1); roles: fault_float_cells_8738_8740_zero_init; verify_reset_shadow_floats; fpu_ramp_update_shadow; sensor_scaling_fp_block; cats: Faults & DTC(x2)
0xffff8748,validate_mem8,medium,function_names+renames,"fns: sensor_8748_snapshot_flag (x1); update_mem8_8748_thunk (x1); validate_mem8_8748_thunk (x1); roles: sensor_8748_snapshot_flag; update_mem8_8748_thunk; validate_mem8_8748_thunk; cats: Boot & Init(x1), Ignition & Knock(x1), Memory & CRC(x1); CAUTION: low16 also collides with a ROM function address"
0xffff874c,validate_mem8,medium,function_names+renames,"fns: zero_sensor_874c_if_valid (x1); update_mem8_874c_thunk (x1); validate_mem8_874c_thunk (x1); roles: zero_sensor_874c_if_valid; update_mem8_874c_thunk; validate_mem8_874c_thunk; cats: Boot & Init(x1), Ignition & Knock(x1), Memory & CRC(x1); CAUTION: low16 also collides with a ROM function address"
0xffff8750,zero_sensor_pair,medium,function_names+renames,"fns: zero_sensor_pair_8750_if_valid (x1); zero_sensor_pair_8750_8752 (x1); validate_sensor_pair_8750_8752 (x1); roles: zero_sensor_pair_8750_if_valid; zero_sensor_pair_8750_8752; validate_sensor_pair_8750_8752; cats: Memory & CRC(x2), Boot & Init(x1); CAUTION: low16 also collides with a ROM function address"
0xffff8752,validate_sensor_pair,medium,function_names+renames,fns: zero_sensor_pair_8750_8752 (x1); validate_sensor_pair_8750_8752 (x1); roles: zero_sensor_pair_8750_8752; validate_sensor_pair_8750_8752; cats: Memory & CRC(x2); CAUTION: low16 also collides with a ROM function address
0xffff8754,zero_sensor_pair,medium,function_names+renames,"fns: zero_sensor_pair_8754_if_valid (x1); zero_sensor_pair_8754_8756 (x1); validate_sensor_pair_8754_8756 (x1); roles: zero_sensor_pair_8754_if_valid; zero_sensor_pair_8754_8756; validate_sensor_pair_8754_8756; cats: Memory & CRC(x2), Boot & Init(x1); CAUTION: low16 also collides with a ROM function address"
0xffff8756,validate_sensor_pair,medium,function_names+renames,fns: zero_sensor_pair_8754_8756 (x1); validate_sensor_pair_8754_8756 (x1); roles: zero_sensor_pair_8754_8756; validate_sensor_pair_8754_8756; cats: Memory & CRC(x2); CAUTION: low16 also collides with a ROM function address
0xffff8758,validate_mem8,medium,function_names+renames,"fns: update_mem8_8758_thunk (x1); validate_mem8_8758_thunk (x1); roles: update_mem8_8758_thunk; validate_mem8_8758_thunk; cats: Ignition & Knock(x1), Memory & CRC(x1); CAUTION: low16 also collides with a ROM function address"
0xffff875c,validate_sensor_pair,medium,function_names+renames,"fns: init_sensor_pair_875c_875e (x1); zero_sensor_pair_875c_875e (x1); validate_sensor_pair_875c_875e (x1); roles: init_sensor_pair_875c_875e; zero_sensor_pair_875c_875e; validate_sensor_pair_875c_875e; cats: Memory & CRC(x2), Boot & Init(x1); CAUTION: low16 also collides with a ROM function address"
0xffff875e,validate_sensor_pair,medium,function_names+renames,"fns: init_sensor_pair_875c_875e (x1); zero_sensor_pair_875c_875e (x1); validate_sensor_pair_875c_875e (x1); roles: init_sensor_pair_875c_875e; zero_sensor_pair_875c_875e; validate_sensor_pair_875c_875e; cats: Memory & CRC(x2), Boot & Init(x1); CAUTION: low16 also collides with a ROM function address"
0xffff8760,validate_mem8,medium,function_names+renames,"fns: zero_sensor_8760_if_valid (x1); update_mem8_8760_thunk (x1); validate_mem8_8760_thunk (x1); roles: zero_sensor_8760_if_valid; update_mem8_8760_thunk; validate_mem8_8760_thunk; cats: Boot & Init(x1), Ignition & Knock(x1), Memory & CRC(x1); CAUTION: low16 also collides with a ROM function address"
0xffff8764,checksummed_byte_verify,medium,function_names+renames,"fns: boot_clear_checksummed_8764_if_8780 (x1); checksummed_byte_clear_8764 (x1); checksummed_byte_verify_8764 (x1); roles: boot_clear_checksummed_8764_if_8780; checksummed_byte_clear_8764; checksummed_byte_verify_8764; cats: Memory & CRC(x2), Boot & Init(x1); CAUTION: low16 also collides with a ROM function address"
0xffff8768,checksummed_float_clear_verify,high,function_names+renames,"fns: idle_learn_shadow_8768_876a_update (x1); ram_clear_8768_876c_vals (x1); checksummed_float_clear_876c_verify_8768_876a (x1); roles: ram_clear_8768_876c_vals; idle_learn_shadow_8768_876a_update; checksummed_float_clear_876c_verify_8768_876a; cats: Memory & CRC(x2), Boot & Init(x1)"
0xffff876a,checksummed_float_clear_verify,high,function_names+renames,"fns: idle_learn_shadow_8768_876a_update (x1); checksummed_float_clear_876c_verify_8768_876a (x1); roles: idle_learn_counter_update; ram_clear_8768_876c_vals; idle_learn_shadow_8768_876a_update; checksummed_float_clear_876c_verify_8768_876a; cats: Boot & Init(x1), Memory & CRC(x1)"
0xffff876c,checksummed_float_clear,high,function_names+renames,fns: ram_clear_8768_876c_vals (x1); checksummed_float_clear_876c_verify_8768_876a (x1); roles: idle_learn_counter_update; ram_clear_8768_876c_vals; idle_learn_shadow_8768_876a_update; checksummed_float_clear_876c_verify_8768_876a; cats: Memory & CRC(x2); ctx: checksummed(x1)
0xffff8770,checksummed_float_clear_verify,medium,function_names+renames,fns: checksummed_byte_clear_8770_8772 (x1); checksummed_float_clear_8774_verify_8770_8772 (x1); roles: checksummed_byte_clear_8770_8772; checksummed_float_clear_8774_verify_8770_8772; cats: Memory & CRC(x2); CAUTION: low16 also collides with a ROM function address
0xffff8772,checksummed_float_clear_verify,high,function_names+renames,fns: checksummed_byte_clear_8770_8772 (x1); checksummed_float_clear_8774_verify_8770_8772 (x1); roles: idle_learn_counter_update; checksummed_byte_clear_8770_8772; checksummed_float_clear_8774_verify_8770_8772; cats: Memory & CRC(x2)
0xffff8774,checksummed_float_clear,high,function_names+renames,"fns: fault_cell_8774_redundant_word_zero (x1); checksummed_float_clear_8774_verify_8770_8772 (x1); roles: dtc_fault_counter_threshold_set; idle_learn_counter_update; fault_cell_8774_redundant_word_zero; checksummed_float_clear_8774_verify_8770_8772; cats: Faults & DTC(x1), Memory & CRC(x1); ctx: fault_cluster_saturating(x1), checksummed(x1)"
0xffff8778,checksummed_byte_verify,medium,function_names+renames,"fns: boot_clear_checksummed_8778_if_8780 (x1); checksummed_byte_clear_8778 (x1); checksummed_byte_verify_8778 (x1); roles: boot_clear_checksummed_8778_if_8780; checksummed_byte_clear_8778; checksummed_byte_verify_8778; cats: Memory & CRC(x2), Boot & Init(x1); CAUTION: low16 also collides with a ROM function address"
0xffff877c,checksummed_byte_verify,medium,function_names+renames,"fns: throttle_fault_cell_877c_877e_clear_cb74 (x1); checksummed_byte_clear_877c_877e (x1); checksummed_byte_verify_877c_877e (x1); roles: throttle_fault_cell_877c_877e_clear_cb74; checksummed_byte_clear_877c_877e; checksummed_byte_verify_877c_877e; cats: Memory & CRC(x2), Throttle & Torque(x1); CAUTION: low16 also collides with a ROM function address"
0xffff877e,reset_gate_set_checksummed,high,function_names+renames,"fns: throttle_fault_cell_877c_877e_clear_cb74 (x1); checksummed_byte_clear_877c_877e (x1); checksummed_byte_verify_877c_877e (x1); reset_gate_set_checksummed_877e (x1); roles: throttle_fault_cell_877c_877e_clear_cb74; checksummed_byte_clear_877c_877e; checksummed_byte_verify_877c_877e; reset_gate_set_checksummed_877e; cats: Throttle & Torque(x2), Memory & CRC(x2)"
0xffff8780,boot_clear_checksummed,high,function_names+renames,"fns: boot_clear_checksummed_8764_if_8780 (x1); boot_clear_checksummed_8778_if_8780 (x1); ram_byte_8780_set_flag (x1); checksummed_byte_verify_8784_8780_8782 (x1); roles: sensor_snapshot_propagate_working; idle_learn_counter_update; ram_byte_8780_set_flag; boot_clear_checksummed_8764_if_8780; cats: Boot & Init(x2), Memory & CRC(x2), Throttle & Torque(x1); CONFLICT-RESOLVED: kept boot_clear_checksummed; alt: ram_byte_set_flag, checksummed_byte_verify, throttle_condition_flag"
0xffff8782,checksummed_byte_verify,high,function_names+renames,"fns: checksummed_byte_clear_8782 (x1); checksummed_byte_verify_8784_8780_8782 (x1); throttle_condition_flag_8782 (x1); roles: throttle_condition_flag_8782; checksummed_byte_clear_8782; checksummed_byte_verify_8784_8780_8782; cats: Memory & CRC(x2), Throttle & Torque(x1)"
0xffff8784,checksummed_byte_verify,high,function_names+renames,"fns: checksummed_byte_clear_8784 (x1); checksummed_byte_verify_8784_8780_8782 (x1); throttle_gate_set_8784_copy_cbb8 (x1); roles: diag_monitor_enable_timer; checksummed_byte_clear_8784; checksummed_byte_verify_8784_8780_8782; throttle_gate_set_8784_copy_cbb8; cats: Memory & CRC(x2), Throttle & Torque(x1)"
0xffff8788,checksummed_float_verify,medium,function_names+renames,"fns: checksummed_float_store_8788_from_7b004 (x1); checksummed_float_verify_8788 (x1); roles: checksummed_float_store_8788_from_7b004; checksummed_float_verify_8788; cats: Memory & CRC(x1), Math / FPU(x1); CAUTION: low16 also collides with a ROM function address"
0xffff8790,verify_checksummed,high,function_names+renames,"fns: cond_byte_store_8790_from_7b7a4 (x1); verify_checksummed_8790_8794 (x1); fault_code_8790_window_eval (x1); roles: cond_byte_store_8790_from_7b7a4; verify_checksummed_8790_8794; fault_code_8790_window_eval; cats: Memory & CRC(x1), Math / FPU(x1), Faults & DTC(x1)"
0xffff8794,checksummed_float_store,high,function_names+renames,"fns: checksummed_float_store_8794 (x1); verify_checksummed_8790_8794 (x1); cond_float_store_8794_from_ae40 (x1); roles: checksummed_float_store_8794; verify_checksummed_8790_8794; cond_float_store_8794_from_ae40; cats: Memory & CRC(x2), Math / FPU(x1)"
0xffff879c,encode_word_store,high,function_names+renames,"fns: redundant_cell_879c_validity (x1); encode_word_store_879c (x1); dtc_index_acquire_879c (x1); roles: redundant_cell_879c_validity; encode_word_store_879c; dtc_index_acquire_879c; cats: Memory & CRC(x2), Faults & DTC(x1)"
0xffff87a0,encode_word_store,high,function_names+renames,"fns: redundant_cell_87a0_validity (x1); encode_word_store_87a0 (x1); scan_d5a0_status_mask_87a0 (x1); roles: diag_flag_cfab_cond_eval; fault_flag_8ffc_update; redundant_cell_87a0_validity; encode_word_store_87a0; cats: Memory & CRC(x2), Faults & DTC(x1)"
0xffff87a4,init_checksum_words,high,function_names+renames,fns: init_checksum_words_87a4 (x1); read_word_87a4 (x1); inc_word_87a4 (x1); roles: diag_sensorFaultFlagsAny; init_checksum_words_87a4; read_word_87a4; inc_word_87a4; cats: Memory & CRC(x3)
0xffff87a8,read_word,high,function_names+renames,"fns: obd_word_87a8_to_byte_clamp (x1); read_word_87a8 (x1); inc_word_87a8_if_set (x1); roles: diag_sensorFaultFlagsAny; obd_word_87a8_to_byte_clamp; read_word_87a8; inc_word_87a8_if_set; cats: Memory & CRC(x2), OBD / UDS(x1); ctx: status_or_ram_fault_words(x1)"
0xffff87ac,ram_87ac,low,renames,roles: diag_sensorFaultFlagsAny
0xffff87b0,dtc_checksum_flags,high,known+renames,checksummed flags block 0xFFFF87B0-87CC; roles: uds_caldata_validity_gate; diag_aggregate_fault_flags; ctx: tests_ram_fault_status_words(x1)
0xffff87bc,dtc_flag_refresh,high,function_names+renames,fns: dtc_flag_refresh_87bc (x1); roles: dtc_state_table_word_store; dtc_flag_refresh_87bc; cats: Boot & Init(x1)
0xffff87c4,dtc_flag_clear,high,function_names+renames,fns: dtc_flag_clear_87c4 (x1); roles: diag_aggregate_fault_flags; dtc_flag_clear_87c4; cats: Faults & DTC(x1)
0xffff87c6,dtc_record_create,medium,function_names+renames,fns: dtc_record_create_87c6 (x1); dtc_flag_clear_87c6 (x1); roles: dtc_record_create_87c6; dtc_flag_clear_87c6; cats: Faults & DTC(x2); CAUTION: low16 also collides with a ROM function address
0xffff87c8,dtc_flag_clear,high,function_names+renames,fns: dtc_flag_clear_87c8 (x1); roles: dtc_pending_counter_update; dtc_flag_clear_87c8; cats: Faults & DTC(x1)
0xffff87ca,ram_87ca,low,function_names+renames,fns: dtc_flag_clear_87ca (x1); roles: dtc_flag_clear_87ca; cats: Faults & DTC(x1); AMBIGUOUS: single weak ref; low16 collides with ROM fn addr & no 0xffff literal in reasons
0xffff87cc,dtc_flag_update,high,function_names+renames,fns: dtc_flag_update_87cc (x1); dtc_flag_clear_87cc (x1); roles: uds_caldata_validity_gate; dtc_flag_update_87cc; dtc_flag_clear_87cc; cats: Faults & DTC(x2)
0xffff87d0,dtc_records,high,function_names+known+renames,"DTC records 21x0x10 at 0xFFFF87D0; fns: dtc_ctx_checksum_validate_87d0 (x1); dtc_record_table_init_87d0 (x1); dtc_severity_table_lookup_87d0 (x1); dtc_record_create_87d0 (x1); roles: dtc_ctx_checksum_validate_87d0; dtc_severity_table_lookup_87d0; dtc_current_rec_set_fields; dtc_record_table_init_87d0; cats: Faults & DTC(x3), Boot & Init(x1); ctx: fields_of_current_dtc_record(x1)"
0xffff87d6,dtc_active_status_update,high,function_names+known+renames,DTC status byte at 0xFFFF87D6; fns: dtc_active_status_update_87d6 (x1); roles: dtc_active_status_update_87d6; cats: Faults & DTC(x1)
0xffff87d8,doc_dtc_handler_context_table,medium,renames,roles: dtc_ctx_checksum_validate_87d0; ctx: doc_dtc_handler_context_table(x1)
0xffff8920,ram_8920,low,renames,roles: dtc_ctx_checksum_validate_87d0; dtc_severity_table_lookup_87d0
0xffff8924,ram_8924,low,function_names+renames,fns: dtc_record_find_realloc_8924 (x1); roles: dtc_record_find_realloc_8924; cats: Faults & DTC(x1); AMBIGUOUS: single weak ref; low16 collides with ROM fn addr & no 0xffff literal in reasons
0xffff8928,dtc_secondary_records,high,function_names+known+renames,"secondary DTC records 21x0x34 at 0xFFFF8928; fns: dtc_region_checksum_validate_8928 (x1); dtc_secondary_table_init_8928 (x1); dtc_secondary_find_copy_8928 (x1); roles: dtc_record_table_dispatch; dtc_pending_counter_update; dtc_region_checksum_validate_8928; dtc_storage_find_code_or_free_slot; cats: Faults & DTC(x2), Boot & Init(x1); ctx: scans_dtc_record_table(x1), service_entry_record(x1)"
0xffff8932,dtc_secondary_aging_update,high,function_names+renames,fns: dtc_secondary_aging_update_8932 (x1); roles: dtc_secondary_aging_update_8932; cats: Faults & DTC(x1)
0xffff895a,ram_895a,low,function_names+renames,fns: dtc_secondary_aging_recalc_895a (x1); roles: dtc_secondary_aging_recalc_895a; cats: Faults & DTC(x1); AMBIGUOUS: single weak ref; low16 collides with ROM fn addr & no 0xffff literal in reasons
0xffff8d6c,eeprom_region_check_guards,medium,renames,roles: dtc_record_table_dispatch; dtc_pending_counter_update; dtc_region_checksum_validate_8928; ctx: eeprom_region_check_guards(x1)
0xffff8d70,ram_8d70,low,renames,roles: dtc_storage_find_code_or_free_slot
0xffff8d74,dtc_type_table,high,function_names+known+renames,"DTC type table at 0xFFFF8D74; fns: eeprom_checksum_verify_8d74 (x1); dtc_type_table_checksum_init_8d74 (x1); obd_fault_type_scan_8d74 (x1); dtc_type_present_check_8d74 (x1); roles: dtc_state_table_word_store; eeprom_checksum_verify_8d74; dtc_type_table_checksum_init_8d74; obd_fault_type_scan_8d74; cats: Memory & CRC(x1), Boot & Init(x1), OBD / UDS(x1); ctx: table_per_dtc_management_md(x1)"
0xffff8d75,dtc_type_dispatch,high,function_names+renames,fns: dtc_type_dispatch_8d75 (x1); roles: dtc_type_dispatch_8d75; cats: Faults & DTC(x1)
0xffff8e8c,dtc_signature_accum_checksum,high,function_names+known+renames,checksummed word 0xFFFF8E8C; fns: dtc_signature_accum_checksum_8e8c (x1); roles: dtc_state_table_word_store; dtc_signature_accum_checksum_8e8c; cats: Faults & DTC(x1)
0xffff8e8e,ram_8e8e,low,renames,roles: dtc_state_table_word_store
0xffff8e90,dtc_checksum_pair_update,high,function_names+known+renames,"checksummed word 0xFFFF8E90; fns: dtc_checksum_pair_update_8e90_8e92 (x1); dtc_checksum_pair_update_8e90_8e94 (x1); roles: dtc_state_table_word_store; eeprom_checksum_verify_8d74; dtc_checksum_pair_update_8e90_8e92; dtc_checksum_pair_update_8e90_8e94; cats: Faults & DTC(x2); ctx: selector_base_also_encodes(x1), checksum_verify(x1)"
0xffff8e92,dtc_checksum_pair_update,high,function_names+known+renames,checksummed word 0xFFFF8E92; fns: dtc_type2_value_build_8e92 (x1); dtc_checksum_pair_update_8e90_8e92 (x1); roles: dtc_state_table_word_store; dtc_type2_value_build_8e92; dtc_checksum_pair_update_8e90_8e92; cats: Faults & DTC(x2); ctx: stores(x1)
0xffff8e94,dtc_checksum_pair_update,high,function_names+known+renames,checksummed word 0xFFFF8E94; fns: dtc_checksum_pair_update_8e90_8e94 (x1); roles: dtc_state_table_word_store; dtc_checksum_pair_update_8e90_8e94; cats: Faults & DTC(x1)
0xffff8e98,dtc_type_flag_recheck,high,function_names+known+renames,"checksummed word 0xFFFF8E98; fns: redundant_cell_8e98_or_8e9a_validity (x1); dtc_flag_checksum_init_8e98 (x1); dtc_type_flag_recheck_8e98 (x1); roles: redundant_cell_8e98_or_8e9a_validity; dtc_flag_checksum_init_8e98; dtc_type_flag_recheck_8e98; cats: Boot & Init(x2), Memory & CRC(x1)"
0xffff8e9a,redundant_cell_or,high,function_names+known+renames,checksummed word 0xFFFF8E9A; fns: redundant_cell_8e98_or_8e9a_validity (x1); roles: redundant_cell_8e98_or_8e9a_validity; cats: Memory & CRC(x1)
0xffff8e9c,rev_limit_flag_checksum,high,function_names+known+renames,"checksummed word 0xFFFF8E9C; fns: fault_flag_cell_8e9c_or_8e9e_validity (x1); dtc_flag_checksum_init_8e9c (x1); rev_limit_flag_checksum_8e9c (x1); roles: fault_flag_cell_8e9c_or_8e9e_validity; rev_limit_flag_checksum_8e9c; dtc_flag_checksum_init_8e9c; cats: Faults & DTC(x1), Boot & Init(x1), Rev Limit(x1)"
0xffff8e9e,fault_flag_cell_or,high,function_names+known+renames,checksummed word 0xFFFF8E9E; fns: fault_flag_cell_8e9c_or_8e9e_validity (x1); roles: fault_flag_cell_8e9c_or_8e9e_validity; boot_init_sequence_640bc; dtc_flag_checksum_init_8e9c; cats: Faults & DTC(x1)
0xffff8ea0,dtc_snap2_table,high,function_names+known+renames,"snap2 table 7x0x28 at 0xFFFF8EA0; fns: dtc_region_checksum_validate_8ea0 (x1); knk_timing_table_init_8ea0 (x1); dtc_list_elem_copy_8ea0 (x1); dtc_record_clear_8ea0_arr (x1); roles: dtc_slot_find_by_code; dtc_region_checksum_validate_8ea0; dtc_record_clear_8ea0_arr; dtc_list_elem_copy_8ea0; cats: Faults & DTC(x3), Ignition & Knock(x1)"
0xffff8ea4,vtc_lock,medium,renames,roles: mem_cellbank_flag_pair_write; ctx: vtc_lock(x1)
0xffff8ec0,ram_8ec0,low,renames,roles: table_word_store_40stride
0xffff8ec2,dtc_snap2_word,high,function_names+renames,fns: dtc_snap2_word_store_8ec2 (x1); dtc_snap2_word_get_8ec2 (x1); roles: dtc_snap2_word_store_8ec2; dtc_snap2_word_get_8ec2; cats: Faults & DTC(x2)
0xffff8ec4,dtc_snap2_word,high,function_names+renames,fns: dtc_snap2_word_store_8ec4 (x1); dtc_snap2_word_get_8ec4 (x1); roles: dtc_snap2_word_store_8ec4; dtc_snap2_word_get_8ec4; cats: Faults & DTC(x2)
0xffff8ec6,dtc_snap2_byte,high,function_names+renames,fns: dtc_snap2_byte_store_8ec6 (x1); dtc_snap2_byte_get_8ec6 (x1); roles: dtc_snap2_byte_store_8ec6; dtc_snap2_byte_get_8ec6; cats: Faults & DTC(x2)
0xffff8fb8,snapshot_row,medium,renames,"roles: dtc_region_checksum_validate_8ea0; dtc_record_clear_8ea0_arr; dtc_list_elem_copy_8ea0; table_word_store_40stride; ctx: element(x1), snapshot_row(x1)"
0xffff8fbc,element,medium,renames,roles: dtc_slot_find_by_code; dtc_list_elem_copy_8ea0; dtc_snap_idx_chksum_restore; ctx: element(x1)
0xffff8fc0,status_table,high,function_names+known+renames,status table 2x0x0A at 0xFFFF8FC0; fns: dtc_region_checksum_validate_8fc0 (x1); dtc_status_tbl_init_8fc0 (x1); dtc_status_slot_find_8fc0 (x1); dtc_status_row_copy_8fc0 (x1); roles: obd_mode137_response_payload_build; dtc_region_checksum_validate_8fc0; obd_pid_table_id_lookup; can_rx_id_table_3entry_lookup; cats: Faults & DTC(x4)
0xffff8fc2,dtc_status_word_store,high,function_names+renames,fns: dtc_status_word_store_8fc2 (x1); roles: dtc_status_word_store_8fc2; cats: Faults & DTC(x1)
0xffff8fc4,dtc_status_word,high,function_names+renames,fns: dtc_status_word_store_8fc4 (x1); dtc_status_word_get_8fc4 (x1); roles: dtc_status_word_store_8fc4; dtc_status_word_get_8fc4; cats: Faults & DTC(x2)
0xffff8fc6,dtc_status_word_store,high,function_names+renames,fns: dtc_status_word_store_8fc6 (x1); roles: dtc_status_word_store_8fc6; cats: Faults & DTC(x1)
0xffff8fd4,ram_8fd4,low,renames,roles: obd_mode137_response_payload_build; dtc_region_checksum_validate_8fc0; obd_pid_table_id_lookup; can_rx_id_table_3entry_lookup
0xffff8fdc,fault_flag,medium,function_names+renames,"fns: sensor_fault_flag_8fdc_eval (x1); fault_flag_8fdc_clear (x1); fault_flag_8fdc_verify (x1); roles: sensor_fault_flag_8fdc_eval; fault_flag_8fdc_clear; fault_flag_8fdc_verify; cats: Memory & CRC(x2), Faults & DTC(x1); CAUTION: low16 also collides with a ROM function address"
0xffff8fe0,fault_flag,medium,function_names+renames,"fns: fault_flag_8fe0_eval (x1); fault_flag_8fe0_verify (x1); fault_flag_8fe0_clear (x1); roles: fault_flag_8fe0_eval; fault_flag_8fe0_verify; fault_flag_8fe0_clear; cats: Memory & CRC(x2), Faults & DTC(x1); CAUTION: low16 also collides with a ROM function address"
0xffff8fe2,fault_flag,medium,function_names+renames,"fns: fault_cond_flag_8fe2_eval (x1); fault_flag_8fe2_verify (x1); fault_flag_8fe2_clear (x1); opt_byte_latch_8fe2_d04f (x1); roles: fault_cond_flag_8fe2_eval; fault_flag_8fe2_verify; fault_flag_8fe2_clear; opt_byte_latch_8fe2_d04f; cats: Memory & CRC(x2), Faults & DTC(x1), Boot & Init(x1); CAUTION: low16 also collides with a ROM function address"
0xffff8fe4,fault_flag,high,function_names+renames,"fns: fault_flag_8fe4_eval (x1); fault_flag_8fe4_verify (x1); fault_flag_8fe4_clear (x1); roles: mem_cellflag_sensor_cond_write; fault_flag_8fe4_eval; fault_flag_8fe4_verify; fault_flag_8fe4_clear; cats: Memory & CRC(x2), Faults & DTC(x1); ctx: else_writes_cell_bank(x1)"
0xffff8fe6,fault_flag,medium,function_names+renames,"fns: fault_cond_flag_8fe6_eval (x1); fault_flag_8fe6_verify (x1); fault_flag_8fe6_clear (x1); opt_byte_latch_8fe6_d046 (x1); roles: fault_cond_flag_8fe6_eval; fault_flag_8fe6_verify; fault_flag_8fe6_clear; opt_byte_latch_8fe6_d046; cats: Memory & CRC(x2), Faults & DTC(x1), Boot & Init(x1); CAUTION: low16 also collides with a ROM function address"
0xffff8fe8,fault_flag,high,function_names+renames,fns: ram_byte_8fe8_set_flag (x1); fault_flag_8fe8_verify (x1); fault_flag_8fe8_set (x1); roles: ram_byte_8fe8_set_flag; fault_flag_8fe8_verify; fault_flag_8fe8_set; cats: Memory & CRC(x3)
0xffff8fea,ram_8fea,low,renames,roles: mem_cellflag_vtc_lock_write
0xffff8fec,fault_flag,medium,function_names+renames,"fns: fault_flag_8fec_cond_chain (x1); fault_flag_8fec_verify (x1); fault_flag_8fec_clear (x1); roles: fault_flag_8fec_cond_chain; fault_flag_8fec_verify; fault_flag_8fec_clear; cats: Memory & CRC(x2), Faults & DTC(x1); CAUTION: low16 also collides with a ROM function address"
0xffff8fee,fault_flags,medium,function_names+renames,"fns: fault_flags_8fee_8ff2_verify (x1); fault_flags_8fee_8ff2_clear (x1); opt_byte_latch_8fee_d044 (x1); roles: fault_flags_8fee_8ff2_verify; fault_flags_8fee_8ff2_clear; opt_byte_latch_8fee_d044; cats: Memory & CRC(x2), Boot & Init(x1); CAUTION: low16 also collides with a ROM function address"
0xffff8ff0,ram_8ff0,low,renames,roles: mem_cellbank_flag_or_gate
0xffff8ff2,fault_flags,high,function_names+renames,fns: fault_flags_8fee_8ff2_verify (x1); fault_flags_8fee_8ff2_clear (x1); roles: mem_cellbank_flag_pair_write; fault_flags_8fee_8ff2_verify; fault_flags_8fee_8ff2_clear; cats: Memory & CRC(x2); ctx: gate_writes_cell_bank(x1)
0xffff8ff4,fault_flags,medium,function_names+renames,"fns: fault_flags_8ff4_8ff6_8ff8_eval (x1); fault_flags_8ff4_8ff8_verify (x1); fault_flags_8ff4_8ff8_clear (x1); roles: fault_flags_8ff4_8ff6_8ff8_eval; fault_flags_8ff4_8ff8_verify; fault_flags_8ff4_8ff8_clear; cats: Memory & CRC(x2), Faults & DTC(x1); CAUTION: low16 also collides with a ROM function address"
0xffff8ff6,ram_8ff6,low,function_names+renames,fns: fault_flags_8ff4_8ff6_8ff8_eval (x1); roles: fault_flags_8ff4_8ff6_8ff8_eval; cats: Faults & DTC(x1); AMBIGUOUS: single weak ref; low16 collides with ROM fn addr & no 0xffff literal in reasons
0xffff8ff8,fault_flags,medium,function_names+renames,"fns: fault_flags_8ff4_8ff6_8ff8_eval (x1); fault_flags_8ff4_8ff8_verify (x1); fault_flags_8ff4_8ff8_clear (x1); roles: fault_flags_8ff4_8ff6_8ff8_eval; fault_flags_8ff4_8ff8_verify; fault_flags_8ff4_8ff8_clear; cats: Memory & CRC(x2), Faults & DTC(x1); CAUTION: low16 also collides with a ROM function address"
0xffff8ffc,fault_flag,high,function_names+renames,"fns: fault_flag_8ffc_update (x1); fault_flags_8ffc_8ffe_verify (x1); fault_flags_8ffc_8ffe_clear (x1); roles: fault_flag_8ffc_update; fault_flags_8ffc_8ffe_verify; fault_flags_8ffc_8ffe_clear; cats: Memory & CRC(x2), Faults & DTC(x1); ctx: fault_flag_eval(x1)"
0xffff8ffe,fault_flags,medium,function_names+renames,fns: fault_flags_8ffc_8ffe_verify (x1); fault_flags_8ffc_8ffe_clear (x1); roles: fault_flags_8ffc_8ffe_verify; fault_flags_8ffc_8ffe_clear; cats: Memory & CRC(x2); CAUTION: low16 also collides with a ROM function address
0xffff9000,fault_flag,medium,function_names+renames,"fns: fault_cond_flag_9000_eval (x1); fault_flag_9000_verify (x1); fault_flag_9000_clear (x1); roles: fault_cond_flag_9000_eval; fault_flag_9000_verify; fault_flag_9000_clear; cats: Memory & CRC(x2), Faults & DTC(x1); CAUTION: low16 also collides with a ROM function address"
0xffff9002,fault_flag,medium,function_names+renames,"fns: fault_flag_9002_eval (x1); fault_flag_9002_verify (x1); fault_flag_9002_clear (x1); roles: fault_flag_9002_eval; fault_flag_9002_verify; fault_flag_9002_clear; cats: Memory & CRC(x2), Faults & DTC(x1); CAUTION: low16 also collides with a ROM function address"
0xffff9004,checksummed_byte_verify,medium,function_names+renames,"fns: fault_cond_flag_9004_eval (x1); checksummed_byte_verify_9004 (x1); checksummed_byte_store_9004 (x1); roles: fault_cond_flag_9004_eval; checksummed_byte_verify_9004; checksummed_byte_store_9004; cats: Memory & CRC(x2), Faults & DTC(x1); CAUTION: low16 also collides with a ROM function address"
0xffff9008,fault_flag,medium,function_names+renames,"fns: dtc_flag_9008_update (x1); fault_flag_9008_verify (x1); fault_flag_9008_clear (x1); fuel_tps_accel_wrapper_9008 (x1); roles: fuel_tps_accel_wrapper_9008; dtc_flag_9008_update; fault_flag_9008_verify; fault_flag_9008_clear; cats: Memory & CRC(x2), Faults & DTC(x1), Fuel & Lambda(x1); CAUTION: low16 also collides with a ROM function address"
0xffff900c,fault_flag,medium,function_names+renames,"fns: dtc_flags_cfcd_900c_update (x1); fault_cond_flag_900c_eval (x1); fault_flag_900c_verify (x1); fault_flag_900c_clear (x1); roles: fault_cond_flag_900c_eval; dtc_flags_cfcd_900c_update; fault_flag_900c_verify; fault_flag_900c_clear; cats: Faults & DTC(x2), Memory & CRC(x2); CAUTION: low16 also collides with a ROM function address"
0xffff9010,ram_9010,low,renames,roles: obd_assembleOidMessageChecksum; obd_service_dispatch
0xffff9039,ram_9039,low,renames,roles: obd_assembleOidMessageChecksum
0xffff903a,ram_903a,low,renames,roles: obd_assembleOidMessageChecksum
0xffff903c,diag_fault_cond_eval,high,function_names+renames,"fns: fault_record_verify_903c (x1); fault_record_clear_903c (x1); diag_fault_cond_eval_903c (x1); roles: diag_fault_cond_eval_903c; fault_record_verify_903c; fault_record_clear_903c; fault_monitor_sample_c6ec; cats: Memory & CRC(x2), Faults & DTC(x1)"
0xffff9040,diag_fault_cond_eval,high,function_names+renames,fns: diag_fault_cond_eval_9040 (x1); roles: diag_fault_cond_eval_9040; cats: Faults & DTC(x1)
0xffff9044,diag_fault_cond_eval,high,function_names+renames,fns: diag_fault_cond_eval_9044 (x1); roles: diag_fault_cond_eval_9044; cats: Faults & DTC(x1)
0xffff9048,diag_fault_cond_eval,high,function_names+renames,fns: diag_fault_cond_eval_9048 (x1); roles: diag_fault_cond_eval_9048; cats: Faults & DTC(x1)
0xffff904c,diag_fault_cond_eval,high,function_names+renames,"fns: fault_record_verify_904c (x1); fault_record_clear_904c (x1); diag_fault_cond_eval_904c (x1); roles: diag_fault_cond_eval_904c; fault_record_verify_904c; fault_record_clear_904c; fault_monitor_sample_c6f0; cats: Memory & CRC(x2), Faults & DTC(x1)"
0xffff9050,diag_fault_cond_eval,high,function_names+renames,fns: diag_fault_cond_eval_9050 (x1); roles: diag_fault_cond_eval_9050; cats: Faults & DTC(x1)
0xffff9054,diag_fault_cond_eval,high,function_names+renames,fns: diag_fault_cond_eval_9054 (x1); roles: diag_fault_cond_eval_9054; cats: Faults & DTC(x1)
0xffff9058,diag_fault_cond_eval,high,function_names+renames,fns: diag_fault_cond_eval_9058 (x1); roles: diag_fault_cond_eval_9058; cats: Faults & DTC(x1)
0xffff905c,diag_fault_cond_eval,high,function_names+renames,"fns: fault_record_verify_905c (x1); fault_record_clear_905c (x1); diag_fault_cond_eval_905c (x1); roles: diag_fault_cond_eval_905c; fault_record_verify_905c; fault_record_clear_905c; fault_monitor_sample_7b138; cats: Memory & CRC(x2), Faults & DTC(x1)"
0xffff9060,diag_fault_cond_eval,high,function_names+renames,fns: diag_fault_cond_eval_9060 (x1); roles: diag_fault_cond_eval_9060; cats: Faults & DTC(x1)
0xffff9064,diag_fault_cond_eval,high,function_names+renames,fns: diag_fault_cond_eval_9064 (x1); roles: diag_fault_cond_eval_9064; cats: Faults & DTC(x1)
0xffff9068,diag_fault_cond_eval,high,function_names+renames,fns: diag_fault_cond_eval_9068 (x1); roles: diag_fault_cond_eval_9068; cats: Faults & DTC(x1)
0xffff906c,diag_fault_cond_eval,high,function_names+renames,"fns: fault_record_verify_906c (x1); fault_record_clear_906c (x1); diag_fault_cond_eval_906c (x1); roles: diag_fault_cond_eval_906c; fault_record_verify_906c; fault_record_clear_906c; fault_monitor_sample_7b13c; cats: Memory & CRC(x2), Faults & DTC(x1)"
0xffff9070,diag_fault_cond_eval,high,function_names+renames,fns: diag_fault_cond_eval_9070 (x1); roles: diag_fault_cond_eval_9070; cats: Faults & DTC(x1)
0xffff9074,diag_fault_cond_eval,high,function_names+renames,fns: diag_fault_cond_eval_9074 (x1); roles: diag_fault_cond_eval_9074; cats: Faults & DTC(x1)
0xffff9078,diag_fault_cond_eval,high,function_names+renames,fns: diag_fault_cond_eval_9078 (x1); roles: diag_fault_cond_eval_9078; cats: Faults & DTC(x1)
0xffff907c,diag_fault_cond_eval,high,function_names+renames,"fns: fault_record_verify_907c (x1); fault_record_clear_907c (x1); diag_fault_cond_eval_907c (x1); roles: diag_fault_cond_eval_907c; fault_record_verify_907c; fault_record_clear_907c; fault_monitor_sample_7b122_cc08; cats: Memory & CRC(x2), Faults & DTC(x1)"
0xffff9080,diag_fault_cond_eval,high,function_names+renames,fns: diag_fault_cond_eval_9080 (x1); roles: diag_fault_cond_eval_9080; cats: Faults & DTC(x1)
0xffff9084,diag_fault_cond_eval,high,function_names+renames,fns: diag_fault_cond_eval_9084 (x1); roles: diag_fault_cond_eval_9084; cats: Faults & DTC(x1)
0xffff9088,diag_fault_cond_eval,high,function_names+renames,fns: diag_fault_cond_eval_9088 (x1); roles: diag_fault_cond_eval_9088; cats: Faults & DTC(x1)
0xffff908c,diag_fault_cond_eval,high,function_names+renames,"fns: diag_fault_cond_eval_908c (x1); fault_record_verify_908c (x1); fault_record_clear_908c (x1); diag_fault_cond_eval_908c_a (x1); roles: diag_fault_cond_eval_908c; diag_fault_cond_eval_908c_a; fault_record_verify_908c; fault_record_clear_908c; cats: Faults & DTC(x2), Memory & CRC(x2); ctx: tail_wrapper_mov_l(x1)"
0xffff9090,diag_fault_cond_eval,high,function_names+renames,fns: diag_fault_cond_eval_9090 (x1); roles: diag_fault_cond_eval_9090; cats: Faults & DTC(x1)
0xffff9094,diag_fault_cond_eval,high,function_names+renames,fns: diag_fault_cond_eval_9094 (x1); roles: diag_fault_cond_eval_9094; cats: Faults & DTC(x1)
0xffff9098,diag_fault_cond_eval,high,function_names+renames,fns: diag_fault_cond_eval_9098 (x1); roles: diag_fault_cond_eval_9098; cats: Faults & DTC(x1)
0xffff909c,diag_fault_cond_eval,high,function_names+renames,"fns: diag_fault_cond_eval_909c (x1); fault_record_verify_909c (x1); fault_record_clear_909c (x1); diag_fault_cond_eval_909c_a (x1); roles: diag_fault_cond_eval_909c; diag_fault_cond_eval_909c_a; fault_input_latch_ce4a; fault_record_verify_909c; cats: Faults & DTC(x2), Memory & CRC(x2); ctx: latch_for_fault_monitor(x1)"
0xffff90a0,diag_fault_cond_eval,high,function_names+renames,fns: diag_fault_cond_eval_90a0 (x1); roles: diag_fault_cond_eval_90a0; cats: Faults & DTC(x1)
0xffff90a4,diag_fault_cond_eval,high,function_names+renames,fns: diag_fault_cond_eval_90a4 (x1); roles: diag_fault_cond_eval_90a4; cats: Faults & DTC(x1)
0xffff90a8,diag_fault_cond_eval,high,function_names+renames,fns: diag_fault_cond_eval_90A8 (x1); roles: diag_fault_cond_eval_90A8; cats: Faults & DTC(x1)
0xffff90ac,diag_fault_cond_eval,high,function_names+renames,"fns: diag_fault_cond_eval_90ac (x1); fault_record_verify_90ac (x1); fault_record_clear_90ac (x1); roles: diag_fault_cond_eval_90ac; fault_input_latch_ce4d; fault_record_verify_90ac; fault_record_clear_90ac; cats: Memory & CRC(x2), Faults & DTC(x1); ctx: latch_for_fault_monitor(x1)"
0xffff90bc,diag_fault_cond_eval,high,function_names+renames,"fns: diag_fault_cond_eval_90bc (x1); fault_record_verify_90bc (x1); fault_record_clear_90bc (x1); roles: diag_fault_cond_eval_90bc; fault_input_latch_cebd; fault_record_verify_90bc; fault_record_clear_90bc; cats: Memory & CRC(x2), Faults & DTC(x1); ctx: latch_for_fault_monitor(x1)"
0xffff90c8,diag_fault_cond_eval,high,function_names+renames,fns: diag_fault_cond_eval_90C8 (x1); roles: diag_fault_cond_eval_90C8; cats: Faults & DTC(x1)
0xffff90cc,diag_fault_cond_eval,high,function_names+renames,"fns: diag_fault_cond_eval_90cc (x1); fault_record_verify_90cc (x1); fault_record_clear_90cc (x1); diag_fault_cond_eval_90cc_a (x1); roles: diag_fault_cond_eval_90cc; diag_fault_cond_eval_90cc_a; fault_input_latch_cef5; fault_record_verify_90cc; cats: Faults & DTC(x2), Memory & CRC(x2); ctx: latch_for_fault_monitor(x1)"
0xffff90d0,diag_fault_cond_eval,high,function_names+renames,fns: diag_fault_cond_eval_90d0 (x1); roles: diag_fault_cond_eval_90d0; cats: Faults & DTC(x1)
0xffff90d4,diag_fault_cond_eval,high,function_names+renames,fns: diag_fault_cond_eval_90d4 (x1); roles: diag_fault_cond_eval_90d4; cats: Faults & DTC(x1)
0xffff90d8,diag_fault_cond_eval,high,function_names+renames,fns: diag_fault_cond_eval_90D8 (x1); roles: diag_fault_cond_eval_90D8; cats: Faults & DTC(x1)
0xffff90dc,diag_fault_cond_eval,high,function_names+renames,"fns: diag_fault_cond_eval_90dc (x1); fault_record_verify_90dc (x1); fault_record_clear_90dc (x1); diag_fault_cond_eval_90dc_a (x1); roles: diag_fault_cond_eval_90dc; diag_fault_cond_eval_90dc_a; fault_record_verify_90dc; fault_record_clear_90dc; cats: Faults & DTC(x2), Memory & CRC(x2)"
0xffff90e0,diag_fault_cond_eval,high,function_names+renames,fns: diag_fault_cond_eval_90e0 (x1); roles: diag_fault_cond_eval_90e0; cats: Faults & DTC(x1)
0xffff90e4,diag_fault_cond_eval,high,function_names+renames,fns: diag_fault_cond_eval_90e4 (x1); roles: diag_fault_cond_eval_90e4; cats: Faults & DTC(x1)
0xffff90e8,diag_fault_cond_eval,high,function_names+renames,fns: diag_fault_cond_eval_90E8 (x1); roles: diag_fault_cond_eval_90E8; cats: Faults & DTC(x1)
0xffff90ec,diag_fault_cond_eval,high,function_names+renames,fns: diag_fault_cond_eval_90ec (x1); roles: dtc_fault_value_record_update; dtc_fault_record_clear_conditional; diag_fault_cond_eval_90ec; dtc_fault_state_verify_913c; cats: Faults & DTC(x1); ctx: record_update_snapshots(x1)
0xffff90f0,diag_fault_cond_eval,high,function_names+renames,fns: diag_fault_cond_eval_90f0 (x1); roles: diag_fault_cond_eval_90f0; cats: Faults & DTC(x1)
0xffff90f4,diag_fault_cond_eval,high,function_names+renames,fns: diag_fault_cond_eval_90f4 (x1); roles: diag_fault_cond_eval_90f4; cats: Faults & DTC(x1)
0xffff90f8,diag_fault_cond_eval,high,function_names+renames,fns: diag_fault_cond_eval_90F8 (x1); roles: diag_fault_cond_eval_90F8; cats: Faults & DTC(x1)
0xffff90fc,diag_fault_cond_eval,high,function_names+renames,fns: diag_fault_cond_eval_90fc (x1); roles: dtc_fault_value_record_update; dtc_fault_record_clear_conditional; diag_fault_cond_eval_90fc; dtc_fault_state_verify_913c; cats: Faults & DTC(x1)
0xffff9100,diag_fault_cond_eval,high,function_names+renames,fns: diag_fault_cond_eval_9100 (x1); roles: diag_fault_cond_eval_9100; cats: Faults & DTC(x1)
0xffff9104,diag_fault_cond_eval,high,function_names+renames,fns: diag_fault_cond_eval_9104 (x1); roles: diag_fault_cond_eval_9104; cats: Faults & DTC(x1)
0xffff9108,diag_fault_cond_eval,high,function_names+renames,fns: diag_fault_cond_eval_9108 (x1); roles: diag_fault_cond_eval_9108; cats: Faults & DTC(x1)
0xffff910c,diag_fault_cond_eval,high,function_names+renames,fns: diag_fault_cond_eval_910c (x1); roles: mem_zeroSignalCells16; diag_fault_cond_eval_910c; dtc_fault_value_record_update_9144; dtc_fault_values_verify_9144; cats: Faults & DTC(x1)
0xffff9110,diag_fault_cond_eval,high,function_names+renames,fns: diag_fault_cond_eval_9110 (x1); roles: diag_fault_cond_eval_9110; cats: Faults & DTC(x1)
0xffff9114,diag_fault_cond_eval,high,function_names+renames,fns: diag_fault_cond_eval_9114 (x1); roles: diag_fault_cond_eval_9114; cats: Faults & DTC(x1)
0xffff9118,diag_fault_cond_eval,high,function_names+renames,fns: diag_fault_cond_eval_9118 (x1); roles: diag_fault_cond_eval_9118; cats: Faults & DTC(x1)
0xffff911c,diag_fault_cond_eval,high,function_names+renames,fns: diag_fault_cond_eval_911c (x1); roles: mem_zeroSignalCells16; diag_fault_cond_eval_911c; dtc_fault_value_record_update_9144; dtc_fault_values_verify_9144; cats: Faults & DTC(x1)
0xffff9120,diag_fault_cond_eval,high,function_names+renames,fns: diag_fault_cond_eval_9120 (x1); roles: diag_fault_cond_eval_9120; cats: Faults & DTC(x1)
0xffff9124,diag_fault_cond_eval,high,function_names+renames,fns: diag_fault_cond_eval_9124 (x1); roles: diag_fault_cond_eval_9124; cats: Faults & DTC(x1)
0xffff9128,diag_fault_cond_eval,high,function_names+renames,fns: diag_fault_cond_eval_9128 (x1); roles: diag_fault_cond_eval_9128; cats: Faults & DTC(x1)
0xffff912c,diag_fault_cond_eval,high,function_names+renames,"fns: diag_fault_cond_eval_912c (x1); fault_record_verify_912c (x1); fault_record_clear_912c (x1); diag_fault_cond_eval_912c_a (x1); roles: diag_fault_cond_eval_912c; fault_cell16_getter_9138; diag_fault_cond_eval_912c_a; fault_input_latch_c520; cats: Faults & DTC(x2), Memory & CRC(x2); ctx: latch_for_fault_monitor(x1)"
0xffff9130,diag_fault_cond_eval,high,function_names+renames,fns: diag_fault_cond_eval_9130 (x1); roles: diag_fault_cond_eval_9130; cats: Faults & DTC(x1)
0xffff9134,diag_fault_cond_eval,high,function_names+renames,fns: diag_fault_cond_eval_9134 (x1); roles: diag_fault_cond_eval_9134; cats: Faults & DTC(x1)
0xffff9138,fault_cell16,high,function_names+renames,fns: fault_cell16_getter_9138 (x1); roles: fault_cell16_getter_9138; cats: Faults & DTC(x1)
0xffff913c,dtc_fault_state_verify,high,function_names+renames,"fns: dtc_fault_state_verify_913c (x1); dtc_fault_state_clear_913c (x1); roles: dtc_fault_value_record_update; dtc_fault_state_verify_913c; dtc_fault_state_clear_913c; cats: Memory & CRC(x2); ctx: verifies_fault(x1), zeroes_fault(x1)"
0xffff9140,store_word_to_ram,high,function_names+renames,fns: store_word_b6d0_to_ram_9140 (x1); roles: dtc_fault_value_record_update; store_word_b6d0_to_ram_9140; dtc_fault_state_verify_913c; dtc_fault_state_clear_913c; cats: Memory & CRC(x1)
0xffff9144,dtc_fault_value_record_update,high,function_names+renames,"fns: dtc_fault_value_record_update_9144 (x1); dtc_fault_values_verify_9144 (x1); roles: math_blend16bitCells_09; mem_zeroSignalCells16; dtc_fault_value_record_update_9144; dtc_fault_values_verify_9144; cats: Faults & DTC(x1), Memory & CRC(x1); ctx: verifies_fault(x1)"
0xffff9148,redundant_word_store,high,function_names+renames,fns: redundant_word_store_9148_from_b6d2 (x1); roles: mem_zeroSignalCells16; redundant_word_store_9148_from_b6d2; dtc_fault_value_record_update_9144; dtc_fault_values_verify_9144; cats: Memory & CRC(x1)
0xffff914c,fault_flag_verify,high,function_names+renames,"fns: dtc_flag_update_914c (x1); fault_flag_verify_914c (x1); fault_flag_clear_914c (x1); roles: dtc_fault_value_record_update; dtc_fault_value_record_update_9144; dtc_flag_update_914c; fault_flag_verify_914c; cats: Memory & CRC(x2), Faults & DTC(x1); ctx: when_fault(x1), fault(x1)"
0xffff9150,obd_pid_resp_float,high,function_names+renames,"fns: obd_pid_resp_float_9150 (x1); fault_rec_verify_9150_9158 (x1); fault_rec_clear_9150_9158 (x1); roles: sensor_8bit_corrected_float_store; obd_pid_resp_float_9150; fault_rec_verify_9150_9158; fault_rec_clear_9150_9158; cats: Memory & CRC(x2), OBD / UDS(x1)"
0xffff9158,fault_rec_verify,medium,function_names+renames,fns: fault_rec_verify_9150_9158 (x1); fault_rec_clear_9150_9158 (x1); roles: fault_rec_verify_9150_9158; fault_rec_clear_9150_9158; cats: Memory & CRC(x2); CAUTION: low16 also collides with a ROM function address
0xffff9160,fault_rec_verify,medium,function_names+renames,fns: fault_rec_verify_9168_9160 (x1); fault_rec_clear_9168_9160 (x1); roles: fault_rec_verify_9168_9160; fault_rec_clear_9168_9160; cats: Memory & CRC(x2); CAUTION: low16 also collides with a ROM function address
0xffff9168,fault_rec_verify,medium,function_names+renames,fns: fault_rec_verify_9168_9160 (x1); fault_rec_clear_9168_9160 (x1); roles: fault_rec_verify_9168_9160; fault_rec_clear_9168_9160; cats: Memory & CRC(x2); CAUTION: low16 also collides with a ROM function address
0xffff916c,fault_recs_shadow_copy,high,function_names+renames,"fns: obd_status_block_tx_916c (x1); fault_recs_shadow_copy_916c (x1); fault_recs_clear_916c_area (x1); roles: obd_32bit_signal_split_words; obd_status_block_tx_916c; fault_recs_shadow_copy_916c; fault_recs_clear_916c_area; cats: OBD / UDS(x1), Faults & DTC(x1), Memory & CRC(x1)"
0xffff91ac,verify_ram,high,function_names+renames,fns: verify_ram_91ac_91da (x1); init_ram_91ac_91da (x1); roles: fault_recs_clear_916c_area; verify_ram_91ac_91da; init_ram_91ac_91da; cats: Memory & CRC(x2)
0xffff91d0,ram_91d0,low,renames,roles: sensor_ad84_thresh_fall_clear_flag
0xffff91d2,ram_91d2,low,renames,roles: sensor_ad84_thresh_fall_clear_flag
0xffff91da,verify_ram,medium,function_names+renames,fns: verify_ram_91ac_91da (x1); init_ram_91ac_91da (x1); roles: verify_ram_91ac_91da; init_ram_91ac_91da; cats: Memory & CRC(x2); CAUTION: low16 also collides with a ROM function address
0xffff9300,ram_9300,low,renames,roles: boot_ram_selftest_relocate
0xffff9304,countdown_counter_in_tcb,medium,renames,roles: rtos_task_table_dispatch_load; rtos_table_entry_update; ctx: countdown_counter_in_tcb(x1)
0xffff9630,dtc_record_store,medium,function_names+renames,fns: dtc_bulk_store_9630 (x1); dtc_record_store_9630 (x1); roles: dtc_bulk_store_9630; dtc_record_store_9630; cats: Faults & DTC(x2); CAUTION: low16 also collides with a ROM function address
0xffff9c86,ram_9c86,low,renames,roles: thunk_to_9c86; thunk_to_9c86_5eee; AMBIGUOUS: single weak ref; low16 collides with ROM fn addr & no 0xffff literal in reasons
0xffff9c9c,ram_9c9c,low,function_names+renames,fns: port_e412_bit0_set_dispatch_9c9c (x1); roles: port_e412_bit0_set_dispatch_9c9c; cats: Peripherals & ISR(x1); AMBIGUOUS: single weak ref; low16 collides with ROM fn addr & no 0xffff literal in reasons
0xffff9ec8,port_readback_shadow_update,high,function_names+renames,"fns: port_readback_shadow_update_9ec8 (x1); sys_flags_9ec8_bit0_latch_cdb6 (x1); roles: port_readback_shadow_update_9ec8; sys_status_bit5_latch_ad7c; sys_flags_9ec8_bit0_latch_cdb6; can_rx_frame_dispatch; cats: Peripherals & ISR(x1), Faults & DTC(x1)"
0xffff9ecd,hwfault_reg,high,function_names+renames,fns: hwfault_reg_9ecd_bit0_latch_b587 (x1); hwfault_reg_9ecd_bit3_latch_bf59 (x1); hwfault_reg_9ecd_bit6_latch_bfb8 (x1); roles: hwfault_reg_9ecd_bit0_latch_b587; hwfault_reg_9ecd_bit6_latch_bfb8; hwfault_reg_9ecd_bit3_latch_bf59; cats: Faults & DTC(x3)
0xffff9ece,ram_9ece,low,renames,roles: check_status_bit_c633
0xffff9ed8,ram_9ed8,low,renames,roles: port_readback_shadow_update_9ec8
0xffff9ee4,sensor_snapshot_copy,high,function_names+renames,"fns: sensor_snapshot_copy_9ee4 (x1); roles: adc_channel_pair_linearize; adc_regs_capture_to_ram_buf; sensor_snapshot_propagate_working; adc_regs_capture_bank2_to_ram_buf; cats: Sensors(x1); ctx: loop_reads_adc(x1), copies_words(x1)"
0xffff9eec,ram_9eec,low,renames,roles: o2_front_raw_clamp_store
0xffff9eee,ram_9eee,low,renames,roles: o2_aux_raw_clamp_store
0xffff9ef4,fixed_to_float,high,function_names+renames,fns: fixed_to_float_9ef4_b68c (x1); roles: fixed_to_float_9ef4_b68c; cats: Boot & Init(x1)
0xffff9ef6,evap_pressure_raw_convert,medium,renames,roles: evap_pressure_raw_convert; ctx: evap_pressure_raw_convert(x1)
0xffff9efc,running_average_of_raw,medium,renames,roles: learned_value_average_crc_store; ctx: running_average_of_raw(x1)
0xffff9f08,copies_raw_scaled,medium,renames,roles: aux_input_signal_mirror_filter; sensor_calc_latch_first; ctx: copies_raw_scaled(x1)
0xffff9f0a,copies,medium,renames,roles: sensor_latch_copy_to_adc2_adea_ad98; ram_mirror_value_copies; ctx: copies(x2)
0xffff9f18,conversion,medium,renames,roles: sensor_word_to_float_store_b7ec; ctx: conversion(x1)
0xffff9f24,phase_state_machine_increments,medium,renames,"roles: boot_phase_output_config; boot_output_phase_state_machine; ctx: boot_init_state_machine(x1), phase_state_machine_increments(x1)"
0xffff9f25,ram_9f25,low,renames,roles: boot_phase_output_config; boot_output_phase_state_machine; boot_hw_timer_channel_setup; adc_convert_state_dispatch
0xffff9f27,ram_9f27,low,renames,roles: boot_hw_timer_channel_setup; atu2_edge_capture_config_en_dis; adc_convert_state_dispatch; port_f838_bit7_clear_dispatch_6b60
0xffff9f29,ram_9f29,low,renames,roles: boot_phase_output_config; boot_output_phase_state_machine; adc_regs_capture_to_ram_buf; adc_channel_mode_config_f818
0xffff9f2c,masks,medium,renames,roles: boot_phase_output_config; adc_regs_capture_bank2_to_ram_buf; ctx: masks(x1)
0xffff9f2f,ram_9f2f,low,renames,roles: boot_phase_output_config
0xffff9f31,mode_state,medium,renames,roles: mode_status_byte_update; ctx: mode_state(x1)
0xffff9f34,ors_gpio_coil_ctrl,medium,renames,roles: ign_drive_coil_output_ports; ctx: ors_gpio_coil_ctrl(x1)
0xffff9f35,ram_9f35,low,renames,roles: ign_drive_coil_output_ports
0xffff9f38,fuel_rate_float_calc,high,function_names+renames,"fns: fuel_rate_float_calc_9f38 (x1); roles: pwm_sensor_drive_ch1; pwm_sensor_drive_ch0; peripheral_ack_wait_f4c0; fuel_rate_float_calc_9f38; cats: Fuel & Lambda(x1); ctx: interpolate_chartable_state(x1), builds_task(x1)"
0xffff9f44,ram_9f44,low,renames,roles: peripheral_ack_wait_f4e0
0xffff9f50,ram_9f50,low,renames,roles: pwm_duty_7d00_if_flag; pwm_duty_store_scaled_f596; throttle_pwm_default_7d00
0xffff9f52,boot_init_ram,high,function_names+renames,fns: boot_init_ram_9f52 (x1); task_setup_9f52_f746 (x1); roles: boot_init_ram_9f52; task_setup_9f52_f746; cats: Boot & Init(x2); ctx: task_struct_init(x1)
0xffff9f60,float_raw_copy,high,function_names+renames,fns: float_raw_copy_9f60_ae3c_c8fa (x1); roles: checksummed_float_store_e4_c8d0; float_raw_copy_9f60_ae3c_c8fa; cats: Sensors(x1); ctx: copies(x1)
0xffff9f68,fanout_float,high,function_names+renames,"fns: fanout_float_9f68_to_b5d8_b5dc_b5e0 (x1); copy_float_9f68_b5d8 (x1); roles: fanout_float_9f68_to_b5d8_b5dc_b5e0; copy_float_9f68_b5d8; cats: Sensors(x1), Boot & Init(x1); ctx: copies(x1)"
0xffff9f70,ram_9f70,low,renames,roles: checksummed_float_store_8088_a4c; float_ramp_rate_calc; sensor_plausibility_check_c64a; fault_float_ccfc_update
0xffff9f88,ram_9f88,low,renames,roles: ignition_timing_update_all4; fuel_slot_angle_compute
0xffff9f8c,flag_mirror,high,function_names+renames,"fns: flag_mirror_9f8c_a41c (x1); roles: float_cell_c0ec_cond_zero_init; crank_sub_flags_clear_9fcc; crank_sub_flags_clear_9fce_f6e8; warm_restart_preset_a414_a415; cats: Boot & Init(x1); ctx: if_warm_restart_gate(x2), if_init_gate(x1)"
0xffff9f94,crank,medium,renames,roles: crank_fuel_mode_select; ctx: crank(x1)
0xffff9f95,ram_9f95,low,renames,roles: crank_period_ratio_calc_clamped; table_d76d_to_port_f6d8_output; crank_angle_timeout_calc
0xffff9f96,if_engine_run,medium,renames,roles: e_shaft_angle_store_validated; crank_state_timeout_countdown; crank_angle_timeout_calc; ctx: if_engine_run(x1)
0xffff9f97,ram_9f97,low,renames,roles: crank_angle_timeout_calc; ign_timing_hw_output_update
0xffff9f98,copies,medium,renames,roles: injector_fuel_correction_calc; ignition_timing_update_all4; ctx: copies(x1)
0xffff9f9c,per_injector_pulse_compute_rpm,medium,renames,roles: injector_pulse_width_calc; ctx: per_injector_pulse_compute_rpm(x1)
0xffff9fa0,ram_9fa0,low,renames,roles: crank_sub_flags_clear_9fcc
0xffff9fa2,ram_9fa2,low,renames,roles: fuel_cut_timer_cc96_count; fuel_cut_counter_cc90_update
0xffff9fa3,ram_9fa3,low,renames,roles: e_shaft_angle_store_validated; crank_sub_flags_clear_9fcc; crank_sub_flags_clear_9fce_f6e8
0xffff9fa4,ram_byte_store,high,function_names+renames,fns: ram_byte_store_9fa4 (x1); roles: fuel_engine_run_mode_select; engine_ctrl_flags_a414_a415_set_ff; ram_byte_store_9fa4; cats: Memory & CRC(x1); ctx: mov_l(x1)
0xffff9fa5,gated_by,medium,renames,roles: crank_sensor_state_init; eshaft_onRunStateReinitCrank; ctx: gated_by(x1)
0xffff9fb0,ratio,medium,renames,roles: crank_period_ratio_calc_clamped; ctx: ratio(x1)
0xffff9fb4,ram_9fb4,low,renames,roles: crank_period_ratio_calc_clamped
0xffff9fbc,ram_9fbc,low,renames,roles: e_shaft_angle_store_validated
0xffff9fc3,ram_9fc3,low,renames,roles: table_d76d_to_port_f6d8_output
0xffff9fc6,angle,medium,renames,roles: crank_angle_timeout_calc; crank_angle_set_ff; ctx: angle(x1)
0xffff9fc7,counter_inc_and_copy,high,function_names+renames,"fns: counter_inc_and_copy_9fc7 (x1); roles: e_shaft_angle_store_validated; e_shaft_angle_state_valid_check; crank_state_timeout_countdown; counter_inc_and_copy_9fc7; cats: Memory & CRC(x1); ctx: e_shaft_angle_state(x1), zeroes_crank_timeout(x1)"
0xffff9fc8,decrements_countdown,medium,renames,roles: crank_state_timeout_countdown; counter_inc_and_copy_9fc7; ctx: decrements_countdown(x1)
0xffff9fc9,ram_9fc9,low,renames,roles: e_shaft_angle_store_validated
0xffff9fca,ram_9fca,low,renames,roles: e_shaft_angle_store_validated
0xffff9fcb,ram_9fcb,low,renames,roles: e_shaft_angle_state_valid_check
0xffff9fcc,crank_sub_flags_clear,high,function_names+renames,fns: crank_sub_flags_clear_9fcc (x1); roles: crank_sub_flags_clear_9fcc; cats: Sensors(x1)
0xffff9fce,crank_sub_flags_clear,high,function_names+renames,fns: crank_sub_flags_clear_9fce_f6e8 (x1); roles: crank_sub_flags_clear_9fce_f6e8; cats: Sensors(x1)
0xffff9fec,ram_9fec,low,renames,roles: crank_period_ratio_calc_clamped; crank_ratio_cells_init
0xffff9ff0,ram_9ff0,low,renames,roles: crank_ratio_cells_init
0xffff9ff8,ram_9ff8,low,renames,roles: crank_ratio_cells_init
0xffffa004,disable_indexed_flag_table,medium,renames,"roles: rtos_task_wake_flag; fuel_injectorStateTimerUpdate; injector_fuel_correction_calc; ctx: disable_indexed_flag_table(x1), updates_per_injector_state(x1)"
0xffffa094,ram_a094,low,renames,roles: fuel_injectorStateTimerUpdate
0xffffa0ac,ram_a0ac,low,renames,roles: fuel_injectorStateTimerUpdate
0xffffa0d6,clear_word,high,function_names+renames,fns: clear_word_a0d6 (x1); roles: clear_word_a0d6; cats: Ignition & Knock(x1)
0xffffa0d8,ram_a0d8,low,renames,roles: ignition_cyl_state_read; ignition_state_clear_all
0xffffa0dc,if_cyl,medium,renames,roles: ignition_spark_cyl_dispatch; ctx: if_cyl(x1)
0xffffa0fc,ram_a0fc,low,renames,roles: ignition_timing_update_all4
0xffffa100,ram_a100,low,renames,roles: ignition_timing_update_all4
0xffffa104,ram_a104,low,renames,roles: ignition_timing_update_all4
0xffffa108,pairs,medium,renames,roles: adc_channel_pair_linearize; o2_front_raw_clamp_store; ctx: pairs(x1)
0xffffa10c,ram_a10c,low,renames,roles: o2_aux_raw_clamp_store
0xffffa110,ram_a110,low,renames,roles: evap_dtc_69_monitor; evap_dtc_68_monitor
0xffffa111,rom_words_selected_by,medium,renames,roles: evap_dtc_6b_monitor; evap_dtc_6a_monitor; ctx: rom_words_selected_by(x1)
0xffffa112,ram_a112,low,renames,roles: o2_front_raw_clamp_store; sensor_snapshot_copy_9ee4
0xffffa114,ram_a114,low,renames,roles: o2_aux_raw_clamp_store
0xffffa118,rtos_task_stub_0,high,function_names+renames,fns: rtos_task_stub_0_a118 (x1); roles: rtos_task_table_dispatch_load; rtos_task_stub_0_a118; cats: RTOS(x1); ctx: callers_use_task_flag_table(x1)
0xffffa140,rtos_task_register,high,function_names+renames,fns: rtos_task_register_a140 (x1); roles: rtos_task_register_a140; cats: RTOS(x1); ctx: invokes_task_fn(x1)
0xffffa154,rtos_task_stub_3,high,function_names+renames,fns: rtos_task_stub_3_a154 (x1); roles: rtos_task_stub_3_a154; cats: RTOS(x1)
0xffffa168,callback,medium,renames,roles: can_tx_word_763c_fetch; ctx: callback(x1)
0xffffa16c,ram_a16c,low,renames,roles: get_main_init_done_bool
0xffffa188,clear_counter_word,high,function_names+renames,"fns: clear_counter_word_a188 (x1); roles: sensor_tick_flags_init; timeout_counter_flash_tick; clear_counter_word_a188; cats: Throttle & Torque(x1); ctx: resets(x1), periodic_tick_incr(x1)"
0xffffa18a,ram_a18a,low,renames,roles: sensor_tick_flags_init; timeout_counter_flash_tick
0xffffa1a0,ram_a1a0,low,renames,roles: os_task_table_dispatcher
0xffffa1a2,ram_a1a2,low,renames,roles: os_task_table_dispatcher
0xffffa1bc,ram_a1bc,low,renames,roles: boot_flags_port_f75e_init; switch_state_mode_dispatch
0xffffa1c4,sign_splits_into_ram_words,medium,renames,roles: apv_duty_cycle_store_scaled; ctx: sign_splits_into_ram_words(x1)
0xffffa1c6,ram_a1c6,low,renames,roles: apv_duty_cycle_store_scaled
0xffffa1d0,ram_a1d0,low,renames,roles: learned_value_average_crc_store
0xffffa1d8,ram_a1d8,low,renames,roles: sensor_threshold_flag_hysteresis
0xffffa1dc,ram_a1dc,low,renames,roles: dtc_counter_word_flags
0xffffa1dd,ram_a1dd,low,renames,roles: threshold_counter_inc_latch
0xffffa1f4,ram_a1f4,low,renames,roles: learned_value_average_crc_store
0xffffa1fa,ram_a1fa,low,renames,roles: sensor_threshold_flag_hysteresis; adc_convert_state_dispatch
0xffffa1fc,reg_capture,high,function_names+renames,fns: adc_reg_capture_a1fc_a200 (x1); roles: adc_reg_capture_a1fc_a200; cats: Sensors(x1)
0xffffa200,reg_capture,high,function_names+renames,fns: adc_reg_capture_a1fc_a200 (x1); roles: adc_reg_capture_a1fc_a200; cats: Sensors(x1)
0xffffa202,ram_a202,low,renames,roles: adc_reg_capture_a1fc_a200
0xffffa204,ram_a204,low,renames,roles: sensor_threshold_flag_hysteresis
0xffffa205,ram_a205,low,renames,roles: adc_reg_capture_a1fc_a200
0xffffa206,ram_a206,low,renames,roles: sensor_threshold_flag_hysteresis
0xffffa207,increments_saturating,medium,renames,roles: adc_reg_capture_a1fc_a200; boot_irq_tick_inc_dispatch; ctx: increments_saturating(x1)
0xffffa208,ram_a208,low,renames,roles: learned_value_average_crc_store
0xffffa210,ram_a210,low,renames,roles: pwm_duty_store_scaled_f596
0xffffa214,sr_protected,medium,renames,roles: boot_pwm_ports_init_f58e_f59e; pwm_duty_7d00_if_flag; throttle_pwm_default_7d00; ctx: sr_protected(x1)
0xffffa218,ram_a218,low,renames,roles: aux_input_signal_mirror_filter
0xffffa21c,ram_a21c,low,renames,roles: sensor_latch_copy_to_adc2_adea_ad98; ram_mirror_value_copies
0xffffa220,ram_a220,low,renames,roles: sensor_pair_validity_check
0xffffa222,ram_a222,low,renames,roles: aux_input_signal_mirror_filter; sensor_pair_validity_check
0xffffa224,ram_a224,low,renames,roles: sensor_latch_copy_to_adc2_adea_ad98; ram_mirror_value_copies
0xffffa228,ram_a228,low,renames,roles: dtc_fault_status_update; table_a2de_read_copy; tamper_counter_seed
0xffffa229,are_cal_modes_when,medium,renames,roles: dtc_fault94_counter_update; ctx: are_cal_modes_when(x1)
0xffffa22a,ram_a22a,low,renames,roles: adc_channel_data_store
0xffffa2a2,ram_a2a2,low,renames,roles: adc_dma_scan_step_handler
0xffffa2de,table,high,function_names+renames,fns: table_a2de_read_copy (x1); roles: adc_dma_scan_step_handler; table_a2de_read_copy; cats: Throttle & Torque(x1); ctx: step_complete_copies_staged(x1)
0xffffa31d,ram_a31d,low,renames,roles: adc_channel_data_store
0xffffa31f,ram_a31f,low,renames,roles: adc_channel_data_store
0xffffa320,ram_a320,low,renames,roles: table_a2de_read_copy
0xffffa323,flag,high,function_names+renames,fns: flag_a323_clear (x1); roles: port_f69e_set_2f_dispatch_b5fa; flag_a323_clear; cats: Utilities(x1)
0xffffa326,ram_a326,low,renames,roles: knock_adc_store_clear_port
0xffffa390,copy_floats,high,function_names+renames,fns: copy_floats_a390_b6a0 (x1); roles: copy_floats_a390_b6a0; cats: Math / FPU(x1)
0xffffa3b0,byte,high,function_names+renames,fns: byte_a3b0_to_b69c (x1); roles: byte_a3b0_to_b69c; cats: Math / FPU(x1)
0xffffa3d0,shadow,high,function_names+renames,fns: shadow_a3d0_region_init (x1); roles: shadow_a3d0_region_init; cats: CAN Bus(x1)
0xffffa3d6,ram_a3d6,low,renames,roles: sr_protected_shadow_pair_write
0xffffa3d7,maininit_called_init,medium,renames,roles: shadow_a3d0_region_init; ctx: maininit_called_init(x1)
0xffffa3dc,ram_a3dc,low,renames,roles: coolant_temp_source_select_b804
0xffffa3e4,converts,medium,renames,"roles: rear_o2_voltage_to_fp16_ad80; float_lookup_output_store_ad94; ctx: converts(x1), floats(x1)"
0xffffa3e8,boot_ram,high,function_names+renames,fns: boot_ram_a3e8_validate (x1); roles: boot_ram_a3e8_validate; cats: Boot & Init(x1)
0xffffa3f0,shadow_init_if_idle,medium,renames,roles: boot_ram_selftest_relocate; idle_learn_counter_update; idle_learn_shadow_8768_876a_update; ctx: shadow_init_if_idle(x1)
0xffffa3f8,ram_a3f8,low,renames,roles: state_slot_acquire_if_idle
0xffffa3f9,clear,high,function_names+renames,fns: clear_a3f9_if_not_state_2 (x1); roles: dtc_fault_counter_threshold_set; state_slot_acquire_if_idle; clear_a3f9_if_not_state_2; sensor_cal_state_clear; cats: Faults & DTC(x1)
0xffffa3fa,ram_a3fa,low,renames,roles: dtc_fault_counter_threshold_set; state_slot_acquire_if_idle; clear_a3f9_if_not_state_2
0xffffa3fb,sensor_cal_flag_set,high,function_names+renames,fns: sensor_cal_flag_set_a3fb (x1); roles: sensor_cal_flag_set_a3fb; cats: Sensors(x1)
0xffffa3fc,boot_clear_flag,high,function_names+renames,fns: boot_clear_flag_a3fc (x1); set_flag_byte_a3fc (x1); roles: f6e8_write_0b_init_chain; set_flag_byte_a3fc; boot_clear_flag_a3fc; cats: Boot & Init(x2)
0xffffa400,can_init_copy,high,function_names+renames,fns: can_init_copy_a400 (x1); roles: can_init_copy_a400; cats: CAN Bus(x1)
0xffffa403,fault_status,high,function_names+renames,fns: fault_status_a403_update (x1); roles: fault_status_a403_update; cats: Faults & DTC(x1)
0xffffa407,can_rx_flag,high,function_names+renames,fns: can_rx_flag_a407_set (x1); roles: can_rx_flag_a407_set; cats: CAN Bus(x1)
0xffffa414,warm_restart_preset,high,function_names+renames,"fns: warm_restart_preset_a414_a415 (x1); engine_ctrl_flags_a414_a415_set_ff (x1); roles: warm_restart_preset_a414_a415; o2_sensor_raw_byte_shadow_copy; engine_ctrl_flags_a414_a415_set_ff; cats: Boot & Init(x1), Sensors(x1)"
0xffffa415,warm_restart_preset,high,function_names+renames,"fns: warm_restart_preset_a414_a415 (x1); engine_ctrl_flags_a414_a415_set_ff (x1); roles: warm_restart_preset_a414_a415; o2_sensor_raw_byte_shadow_copy; engine_ctrl_flags_a414_a415_set_ff; cats: Boot & Init(x1), Sensors(x1)"
0xffffa416,ram_a416,low,renames,roles: fuel_engine_run_mode_select
0xffffa418,ram_a418,low,renames,roles: fuel_engine_run_mode_select
0xffffa41c,flag_mirror,high,function_names+renames,"fns: flag_mirror_9f8c_a41c (x1); copy_byte_a41c_to_bbd1 (x1); sat_counter_cd08_a41c_gated (x1); read_flag_a41c (x1); roles: timer_engoff_counter_reload; fault_flag_cce8_eval; fault_d054_counter_load; sat_counter_cd08_a41c_gated; cats: Boot & Init(x1), CAN Bus(x1), Sensors(x1)"
0xffffa424,tps_raw_adc_words,medium,renames,roles: sensor_tps_ratio_calc; ctx: tps_raw_adc_words(x1)
0xffffa426,ram_a426,low,renames,roles: sensor_tps_ratio_calc
0xffffa428,counter_inc_cond,high,function_names+renames,fns: counter_inc_c51c_cond_a428 (x1); roles: fuel_closed_loop_confirm_ctr; sensor_tps_ratio_calc; counter_inc_c51c_cond_a428; diag_flag_cfab_cond_eval; cats: Sensors(x1); ctx: saturating_counter_if(x1)
0xffffa42c,ram_a42c,low,renames,roles: aux_idle_debounce_accumulate; fault_flag_cce8_eval; fault_cca7_cond_counter; cond_flag_bb7c_eval
0xffffa460,ram_a460,low,renames,roles: fuel_rpmThresholdTableSelect
0xffffa4a6,flag_gated,high,function_names+renames,fns: flag_bb99_gated_a4a6 (x1); roles: flag_bb99_gated_a4a6; cats: Math / FPU(x1)
0xffffa4b0,ram_a4b0,low,renames,roles: fuel_state_flags_clear
0xffffa4b1,get_fuel_state_flag,high,function_names+renames,fns: get_fuel_state_flag_a4b1 (x1); roles: get_fuel_state_flag_a4b1; cats: Fuel & Lambda(x1); ctx: getter_returns(x1)
0xffffa4b4,ram_a4b4,low,renames,roles: fuel_channel_table_init
0xffffa522,ram_a522,low,function_names+renames,fns: port_f718_bit7_clear_dispatch_a522 (x1); roles: port_f718_bit7_clear_dispatch_a522; cats: Peripherals & ISR(x1); AMBIGUOUS: single weak ref; low16 collides with ROM fn addr & no 0xffff literal in reasons
0xffffa568,fuel_long_increment,high,function_names+renames,fns: fuel_acc_long_increment_a568 (x1); roles: fuel_acc_long_increment_a568; cats: Fuel & Lambda(x1)
0xffffa56c,fuel_cut_flag,high,function_names+renames,fns: fuel_cut_flag_a56c_set (x1); roles: fuel_cut_flag_a56c_set; cats: Fuel & Lambda(x1)
0xffffa571,set_flag,high,function_names+renames,fns: set_flag_a571 (x1); roles: set_flag_a571; cats: Ignition & Knock(x1)
0xffffa574,fuel_state_mode,high,function_names+renames,fns: get_fuel_state_a574 (x1); fuel_state_mode_a574_update (x1); roles: get_fuel_state_a574; fuel_state_mode_a574_update; cats: Fuel & Lambda(x2); ctx: getter_returns(x1)
0xffffa578,ram_a578,low,renames,roles: ign_obj_array_checksum_sweep; ign_obj_state_dispatch; ign_obj_state_dispatch2; ign_obj_array_fc_bits_update
0xffffa5d0,ram_a5d0,low,renames,roles: ign_obj_array_checksum_sweep
0xffffa5d5,set_ign_flag,high,function_names+renames,fns: set_ign_flag_a5d5 (x1); roles: set_ign_flag_a5d5; cats: Ignition & Knock(x1)
0xffffa5de,ram_a5de,low,renames,roles: status_flags_byte_pack
0xffffa680,ram_a680,low,renames,roles: knock_state_update
0xffffa684,rotor_sync_gate_cells,medium,renames,roles: rotor_sync_idle_gate_cells_reset; ctx: rotor_sync_gate_cells(x1)
0xffffa692,knock_flag_copy,high,function_names+renames,fns: knock_flag_copy_b588_a692 (x1); roles: knock_flag_copy_b588_a692; cats: Ignition & Knock(x1)
0xffffa693,ram_a693,low,renames,roles: rotor_sync_idle_gate_cells_reset
0xffffa694,ram_a694,low,renames,roles: rotor_sync_idle_gate_cells_reset
0xffffa6b4,stores_prev_filtered_tps_angle,medium,renames,roles: sensor_tps_delta_lookup_store; ctx: stores_prev_filtered_tps_angle(x1)
0xffffa6b8,ram_a6b8,low,renames,roles: sensor_tps_delta_lookup_store
0xffffa704,ram_a704,low,function_names+renames,fns: cal_change_detect_a704_a705 (x1); roles: cal_change_detect_a704_a705; cats: Ignition & Knock(x1); AMBIGUOUS: single weak ref; low16 collides with ROM fn addr & no 0xffff literal in reasons
0xffffa705,cal_change_detect,high,function_names+renames,fns: cal_change_detect_a704_a705 (x1); roles: cal_change_detect_a704_a705; cats: Ignition & Knock(x1)
0xffffa706,ram_a706,low,renames,roles: o2_sensor_raw_byte_shadow_copy
0xffffa707,ram_a707,low,renames,roles: o2_sensor_raw_byte_shadow_copy
0xffffa717,copy_controller_state,medium,function_names,fns: copy_controller_state_to_a716_a717 (x1); cats: Memory & CRC(x1)
0xffffa750,knock_word_load,high,function_names+renames,fns: knock_word_load_a750 (x1); roles: knock_word_load_a750; cats: Ignition & Knock(x1)
0xffffa760,ram_a760,low,renames,roles: knock_word_load_a750
0xffffa768,ram_a768,low,renames,roles: knock_counter_set_max_21
0xffffa788,ram_a788,low,function_names+renames,fns: knock_flag_copy_b5c4_a788 (x1); roles: knock_flag_copy_b5c4_a788; cats: Ignition & Knock(x1); AMBIGUOUS: single weak ref; low16 collides with ROM fn addr & no 0xffff literal in reasons
0xffffa798,ram_a798,low,function_names,fns: write_enable_flag_to_ram_a798 (x1); cats: Memory & CRC(x1); AMBIGUOUS: single weak ref; low16 collides with ROM fn addr & no 0xffff literal in reasons
0xffffa7a0,idle_lookup,high,function_names+renames,fns: idle_2d_lookup_a7a0 (x1); roles: idle_2d_lookup_a7a0; cats: Idle Control(x1)
0xffffa7ac,init_flags,high,function_names+renames,fns: init_flags_a7ac_a7ae_a7ad (x1); roles: cal_filtered_float_update_bb3c; cats: Boot & Init(x1)
0xffffa7ad,init_flags,medium,function_names,fns: init_flags_a7ac_a7ae_a7ad (x1); cats: Boot & Init(x1)
0xffffa7ae,ram_a7ae,low,function_names,fns: init_flags_a7ac_a7ae_a7ad (x1); cats: Boot & Init(x1); AMBIGUOUS: single weak ref; low16 collides with ROM fn addr & no 0xffff literal in reasons
0xffffa7b0,fpu_multiply_accumulate_filter,medium,function_names,fns: fpu_multiply_accumulate_filter_a7b0 (x1); cats: Math / FPU(x1)
0xffffa82c,ram_a82c,low,function_names+renames,fns: idle_lookup_gated_a82c (x1); roles: idle_lookup_gated_a82c; cats: Idle Control(x1); AMBIGUOUS: single weak ref; low16 collides with ROM fn addr & no 0xffff literal in reasons
0xffffa830,uds_mode22,high,function_names+renames,fns: uds_mode22_get_a830_16bit (x1); roles: uds_mode22_get_a830_16bit; cats: OBD / UDS(x1)
0xffffa848,ram_a848,low,renames,roles: float_map_3pt_calc
0xffffa880,idle_cal_byte_load,high,function_names+renames,fns: idle_cal_byte_load_a880 (x1); roles: idle_cal_byte_load_a880; cats: Boot & Init(x1)
0xffffa884,ram_a884,low,function_names+renames,fns: idle_corr_sum_add_a884 (x1); roles: idle_corr_sum_add_a884; cats: Idle Control(x1); AMBIGUOUS: single weak ref; low16 collides with ROM fn addr & no 0xffff literal in reasons
0xffffa888,idle_learned_float_load,high,function_names+renames,fns: idle_learned_float_load_a888 (x1); roles: idle_learned_float_load_a888; cats: Idle Control(x1)
0xffffa898,float_to_ram,high,function_names+renames,fns: add_float_to_ram_a898 (x1); roles: idle_target_rpm_calc; cats: Memory & CRC(x1)
0xffffa89c,read_write_to_ram,high,function_names+renames,fns: read_adc_write_to_ram_a89c (x1); roles: idle_target_rpm_calc; cats: Sensors(x1)
0xffffa8a8,ram_a8a8,low,function_names,fns: divide_float_write_to_a8a8 (x1); cats: Math / FPU(x1); AMBIGUOUS: single weak ref; low16 collides with ROM fn addr & no 0xffff literal in reasons
0xffffa8b8,ram_a8b8,low,renames,roles: idle_state_guard_eval
0xffffa8bb,state_byte_latch,high,function_names+renames,fns: state_byte_latch_a8bb (x1); roles: state_byte_latch_a8bb; idle_state_guard_eval; cats: Boot & Init(x1)
0xffffa8c4,set_float_one,high,function_names+renames,fns: set_float_one_a8c4 (x1); roles: set_float_one_a8c4; idle_cal_select_apply; cats: Boot & Init(x1)
0xffffa8cf,copy_rotor_sync_status,medium,function_names,fns: copy_rotor_sync_status_to_a8cf (x1); cats: Memory & CRC(x1)
0xffffa8d8,init_unity,high,function_names+renames,fns: init_unity_to_a8d8 (x1); roles: sensor_minval_low_saturate; cats: Boot & Init(x1)
0xffffa8e4,takes_min_of_float_sensors,medium,renames,roles: sensor_minval_low_saturate; ctx: takes_min_of_float_sensors(x1)
0xffffa8ec,ram_a8ec,low,renames,roles: fault_float_state_init
0xffffa91c,ram_a91c,low,renames,roles: sensor_minval_low_saturate
0xffffa950,ram_a950,low,renames,roles: omp_knock_periodic_dispatch
0xffffa960,ram_a960,low,function_names+renames,fns: uds_byte_getter_a960 (x1); roles: uds_byte_getter_a960; cats: OBD / UDS(x1); AMBIGUOUS: single weak ref; low16 collides with ROM fn addr & no 0xffff literal in reasons
0xffffa962,ram_a962,low,function_names+renames,fns: uds_fault_status_mask_getter_a962 (x1); roles: uds_fault_status_mask_getter_a962; cats: OBD / UDS(x1); AMBIGUOUS: single weak ref; low16 collides with ROM fn addr & no 0xffff literal in reasons
0xffffa967,ram_a967,low,renames,roles: stepper_mode6_wrapper
0xffffa968,ram_a968,low,renames,roles: aux_ctrl_flags_write_a968_a976; stepper_step_coil_driver
0xffffa96c,ram_a96c,low,renames,roles: stepper_home_pos_check
0xffffa976,aux_ctrl_flags_write,high,function_names+renames,fns: aux_ctrl_flags_write_a968_a976 (x1); roles: aux_ctrl_flags_write_a968_a976; cats: Boot & Init(x1)
0xffffa977,dispatches_on_state,medium,renames,roles: stepper_state_driver; ctx: dispatches_on_state(x1)
0xffffa9b0,ram_a9b0,low,renames,roles: throttle_pos_learn_update
0xffffa9b8,compares,medium,renames,roles: throttle_home_condition; ctx: compares(x1)
0xffffa9bc,ram_a9bc,low,renames,roles: throttle_learn_timer
0xffffa9c0,ram_a9c0,low,function_names+renames,fns: ram_flags_a9c0_zero_init (x1); roles: ram_flags_a9c0_zero_init; cats: Boot & Init(x1); AMBIGUOUS: single weak ref; low16 collides with ROM fn addr & no 0xffff literal in reasons
0xffffa9c1,ram_a9c1,low,renames,roles: load_calc_state_machine; dtc_fault_type_flags_set; ram_flags_a9c0_zero_init
0xffffa9c6,ram_a9c6,low,renames,roles: ram_flags_a9c0_zero_init
0xffffa9ca,ram_a9ca,low,renames,roles: status_copy_latch_flag
0xffffa9cc,ram_a9cc,low,renames,roles: load_calc_state_machine
0xffffa9d0,ram_a9d0,low,function_names+renames,fns: uds_fault_status_mask_getter_a9d0 (x1); roles: uds_fault_status_mask_getter_a9d0; cats: OBD / UDS(x1); AMBIGUOUS: single weak ref; low16 collides with ROM fn addr & no 0xffff literal in reasons
0xffffa9d5,ram_a9d5,low,renames,roles: status_flags_byte_pack
0xffffa9db,ram_a9db,low,renames,roles: fault_condition_flag_eval; clt_sensor_fault_flags_update
0xffffa9e0,clt_fault_flags,high,known+renames,CLT fault flags/counters 0xFFFFA9E0-A9F3; roles: clt_sensor_fault_flags_update
0xffffa9f0,ram_a9f0,low,renames,roles: clt_sensor_fault_flags_update
0xffffa9f3,clt_fault_flags,high,known,CLT fault flags/counters 0xFFFFA9E0-A9F3
0xffffa9f4,sensor,high,function_names+renames,"fns: sensor_a9f4_dtc_11_12_monitor (x1); sensor_a9f4_dtc_11_12_monitor_b (x1); uds_mode22_get_a9f4_16bit (x1); roles: uds_mode22_get_a9f4_16bit; sensor_a9f4_dtc_11_12_monitor; sensor_a9f4_dtc_11_12_monitor_b; cats: Faults & DTC(x2), OBD / UDS(x1)"
0xffffa9fc,cond_float_copy,medium,function_names+renames,"fns: float_2dlookup_a9fc_to_c518_c51a (x1); cond_float_copy_a9fc_to_ccfc (x1); read_float_a9fc (x1); roles: cond_float_copy_a9fc_to_ccfc; float_2dlookup_a9fc_to_c518_c51a; read_float_a9fc; cats: Math / FPU(x2), Memory & CRC(x1); CAUTION: low16 also collides with a ROM function address"
0xffffaa08,checksummed_store,medium,function_names+renames,"fns: checksummed_store_aa08_8728 (x1); checksummed_store_aa08_8730 (x1); fault_monitor_aa08_ae44 (x1); roles: checksummed_store_aa08_8728; checksummed_store_aa08_8730; fault_monitor_aa08_ae44; cats: Memory & CRC(x2), Faults & DTC(x1); CAUTION: low16 also collides with a ROM function address; CONFLICT-RESOLVED: kept checksummed_store; alt: fault_monitor"
0xffffaa0c,ram_aa0c,low,renames,roles: o2_front_voltage_rate_filter
0xffffaa10,compares,medium,renames,roles: sensor_delta_monitor_flags; obd_mode_state_selector; o2_front_voltage_rate_filter; ctx: compares(x1)
0xffffaa14,ram_aa14,low,renames,roles: o2_rear_voltage_rate_filter
0xffffaa18,ram_aa18,low,renames,roles: o2_rear_voltage_rate_filter
0xffffaa24,ram_aa24,low,renames,roles: cruise_cond_flag_bd81_eval
0xffffaa2c,obd_pid_emit_byte,high,function_names+renames,fns: obd_pid_emit_byte_aa2c (x1); roles: obd_pid_emit_byte_aa2c; cats: OBD / UDS(x1)
0xffffaa38,uds_mode22_data,high,function_names+renames,fns: obd_word_aa38_scale_to_pct_a (x1); uds_mode22_data_getter_aa38 (x1); roles: uds_mode22_data_getter_aa38; fp_cal_table_b48c_init; obd_word_aa38_scale_to_pct_a; cats: OBD / UDS(x2)
0xffffaa3a,uds_mode22_data,high,function_names+renames,fns: obd_word_aa3a_scale_to_pct_b (x1); uds_mode22_data_getter_aa3a (x1); roles: uds_mode22_data_getter_aa3a; obd_word_aa3a_scale_to_pct_b; cats: OBD / UDS(x2)
0xffffaa44,ram_aa44,low,renames,roles: o2_front_raw_clamp_store
0xffffaa46,ram_aa46,low,renames,roles: o2_aux_raw_clamp_store
0xffffaa48,ram_aa48,low,renames,roles: throttle_pedal_signal_calc
0xffffaa4c,ram_aa4c,low,function_names+renames,fns: sensor_scaled_read_AA4C (x1); roles: sensor_scaled_read_AA4C; cats: Sensors(x1); AMBIGUOUS: single weak ref; low16 collides with ROM fn addr & no 0xffff literal in reasons
0xffffaa66,ram_aa66,low,renames,roles: throttle_pedal_signal_calc
0xffffaa70,ram_aa70,low,function_names+renames,fns: float_copy_aa70_to_aa74_aa7c_aca0 (x1); roles: float_copy_aa70_to_aa74_aa7c_aca0; cats: Ignition & Knock(x1); AMBIGUOUS: single weak ref; low16 collides with ROM fn addr & no 0xffff literal in reasons
0xffffaa74,ram_aa74,low,function_names+renames,fns: float_copy_aa74_to_c50c (x1); roles: float_copy_aa74_to_c50c; cats: Math / FPU(x1); AMBIGUOUS: single weak ref; low16 collides with ROM fn addr & no 0xffff literal in reasons
0xffffaa7c,float_copy,high,function_names+renames,fns: float_copy_aa70_to_aa74_aa7c_aca0 (x1); roles: float_copy_aa70_to_aa74_aa7c_aca0; cats: Ignition & Knock(x1)
0xffffaa80,float_array_clamp,high,function_names+renames,fns: float_array_clamp_aa80_aa98 (x1); roles: float_array_clamp_aa80_aa98; cats: Math / FPU(x1)
0xffffaa98,float_array_clamp,high,function_names+renames,fns: float_array_clamp_aa80_aa98 (x1); roles: float_array_clamp_aa80_aa98; cats: Math / FPU(x1)
0xffffaabc,cal_float_store,high,function_names+renames,fns: cal_float_store_aabc_aefc (x1); cal_float_store_aabc_af06 (x1); roles: cal_float_store_aabc_aefc; cal_float_store_aabc_af06; cats: Ignition & Knock(x2)
0xffffaac6,ram_aac6,low,renames,roles: cond_flag_b2e0_multi_eval
0xffffaacc,if_ssv_mode,medium,renames,roles: ssv_mode_gated_copy_bf59_to_bf58; ctx: if_ssv_mode(x1)
0xffffaacd,flag_copy,high,function_names+renames,fns: flag_copy_aacd_to_aacc_b0b0 (x1); roles: flag_copy_aacd_to_aacc_b0b0; cats: Boot & Init(x1)
0xffffaada,input_byte_copy,high,function_names+renames,fns: input_byte_copy_aada_aadb (x1); roles: fuel_closed_loop_confirm_ctr; input_byte_copy_aada_aadb; cats: Memory & CRC(x1)
0xffffaadb,input_byte_copy,high,function_names+renames,fns: input_byte_copy_aada_aadb (x1); roles: input_byte_copy_aada_aadb; cats: Memory & CRC(x1)
0xffffaae0,inputs,medium,renames,roles: aux_idle_debounce_accumulate; ctx: inputs(x1)
0xffffad74,sensor,high,function_names+renames,"fns: sensor_ad74_dtc_0c_0d_monitor (x1); sensor_ad74_dtc_0c_0d_monitor_b (x1); uds_mode22_data_getter_f32_ad74 (x1); roles: uds_mode22_data_getter_f32_ad74; sensor_ad74_dtc_0c_0d_monitor; sensor_ad74_dtc_0c_0d_monitor_b; cats: Sensors(x2), OBD / UDS(x1)"
0xffffad7c,sys_status_bit5_latch,high,function_names+renames,"fns: sys_status_bit5_latch_ad7c (x1); uds_fault_status_mask_getter_bf58_ad7c_cca4 (x1); roles: cruise_control_state_timer_a; cruise_control_state_timer_b; sys_status_bit5_latch_ad7c; uds_fault_status_mask_getter_bf58_ad7c_cca4; cats: Faults & DTC(x1), OBD / UDS(x1)"
0xffffad7e,ram_ad7e,low,renames,roles: sys_status_bit5_latch_ad7c
0xffffad80,rear_o2_voltage_to_fp16,high,function_names+renames,fns: rear_o2_voltage_to_fp16_ad80 (x1); roles: rear_o2_fp16_to_float_ad84_ad8c; rear_o2_voltage_to_fp16_ad80; cats: Fuel & Lambda(x1)
0xffffad84,rear_o2_fp16_to_float,high,function_names+renames,"fns: rear_o2_fp16_to_float_ad84_ad8c (x1); float_copy_ad84_to_cc20 (x1); sensor_ad84_thresh_fall_clear_flag (x1); snapshot_ad84_to_d1a0 (x1); roles: sensor_ad84_thresh_fall_clear_flag; rear_o2_fp16_to_float_ad84_ad8c; float_copy_ad84_to_cc20; snapshot_ad84_to_d1a0; cats: Sensors(x2), Fuel & Lambda(x1), Boot & Init(x1)"
0xffffad8c,rear_o2_fp16_to_float,high,function_names+renames,fns: rear_o2_fp16_to_float_ad84_ad8c (x1); roles: sec_o2_sensor_voltage_calc; rear_o2_fp16_to_float_ad84_ad8c; cats: Fuel & Lambda(x1)
0xffffad94,ram_ad94,low,function_names+renames,fns: float_lookup_output_store_ad94 (x1); roles: float_lookup_output_store_ad94; cats: Math / FPU(x1); AMBIGUOUS: single weak ref; low16 collides with ROM fn addr & no 0xffff literal in reasons
0xffffad98,sensor_latch_copy,high,function_names+renames,fns: sensor_latch_copy_to_adc2_adea_ad98 (x1); roles: sensor_latch_copy_to_adc2_adea_ad98; cats: Sensors(x1)
0xffffada0,ram_ada0,low,renames,roles: sensor_slew_rate_filter
0xffffada8,uds_mode22,high,function_names+renames,fns: uds_mode22_get_ada8_16bit (x1); roles: throttle_timeout_counters_update; uds_mode22_get_ada8_16bit; cats: OBD / UDS(x1)
0xffffadb4,ram_adb4,low,renames,roles: cond_flag_b2e0_multi_eval
0xffffadbc,ram_adbc,low,renames,roles: aux_monitor_confirm_counter
0xffffadc0,uds_mode22_data,high,function_names+renames,fns: uds_mode22_data_getter_adc0 (x1); roles: uds_mode22_data_getter_adc0; cats: OBD / UDS(x1)
0xffffadc2,ram_adc2,low,renames,roles: sensor_latch_copy_to_adc2_adea_ad98
0xffffadc6,ram_adc6,low,renames,roles: update_conditional_counter_adc8
0xffffadc8,update_conditional_counter,high,function_names+renames,fns: update_conditional_counter_adc8 (x1); roles: update_conditional_counter_adc8; cats: Sensors(x1)
0xffffadcc,firstorderfilter,medium,renames,roles: throttle_sensor_filter_calc; ctx: firstorderfilter(x1)
0xffffadd1,add16bit_saturate,medium,function_names,fns: add16bitSaturate_ADD1_ADD2 (x1); cats: Math / FPU(x1)
0xffffadd2,ram_add2,low,function_names,fns: add16bitSaturate_ADD1_ADD2 (x1); cats: Math / FPU(x1); AMBIGUOUS: single weak ref; low16 collides with ROM fn addr & no 0xffff literal in reasons
0xffffadd4,ram_add4,low,renames,roles: throttle_pedal_calc
0xffffaddc,ram_addc,low,renames,roles: sensor_snapshot_propagate_working
0xffffade8,ram_ade8,low,renames,roles: aux_input_signal_mirror_filter
0xffffadea,sensor_latch_copy,high,function_names+renames,fns: sensor_latch_copy_to_adc2_adea_ad98 (x1); roles: sensor_latch_copy_to_adc2_adea_ad98; cats: Sensors(x1)
0xffffadec,ram_adec,low,renames,roles: throttle_drive_filter_calc
0xffffadfe,ram_adfe,low,renames,roles: ram_mirror_value_copies
0xffffae2e,ram_ae2e,low,renames,roles: update_conditional_counter_adc8
0xffffae31,ram_ae31,low,renames,roles: sensor_snapshot_propagate_working
0xffffae32,ram_ae32,low,renames,roles: sensor_snapshot_propagate_working
0xffffae35,ram_ae35,low,renames,roles: throttle_drive_filter_calc
0xffffae36,first_run,medium,renames,roles: aux_input_signal_mirror_filter; ctx: first_run(x1)
0xffffae37,ram_ae37,low,renames,roles: throttle_sensor_filter_calc; throttle_pedal_calc
0xffffae38,sensor,high,function_names+renames,"fns: sensor_ae38_dtc_0f_10_monitor (x1); sensor_ae38_dtc_0f_10_monitor_b (x1); uds_mode22_get_ae38_16bit (x1); roles: uds_mode22_get_ae38_16bit; sensor_ae38_dtc_0f_10_monitor; sensor_ae38_dtc_0f_10_monitor_b; cats: Faults & DTC(x2), OBD / UDS(x1)"
0xffffae3c,ram_ae3c,low,function_names+renames,fns: float_raw_copy_9f60_ae3c_c8fa (x1); roles: float_raw_copy_9f60_ae3c_c8fa; cats: Sensors(x1); AMBIGUOUS: single weak ref; low16 collides with ROM fn addr & no 0xffff literal in reasons
0xffffae40,cond_float_store,medium,function_names+renames,"fns: cond_float_store_8794_from_ae40 (x1); fault_float_copy_ae40_cf64 (x1); roles: cond_float_store_8794_from_ae40; fault_float_copy_ae40_cf64; cats: Memory & CRC(x1), Math / FPU(x1); CAUTION: low16 also collides with a ROM function address"
0xffffae44,ram_ae44,low,function_names+renames,fns: fault_monitor_aa08_ae44 (x1); roles: fault_monitor_aa08_ae44; cats: Faults & DTC(x1); AMBIGUOUS: single weak ref; low16 collides with ROM fn addr & no 0xffff literal in reasons
0xffffae54,ram_ae54,low,renames,roles: sensor_delta_monitor_flags; boost_timer_latch
0xffffae7c,ram_ae7c,low,function_names+renames,fns: flag_word_clear_ae7c_cbe0 (x1); roles: flag_word_clear_ae7c_cbe0; cats: Boot & Init(x1); AMBIGUOUS: single weak ref; low16 collides with ROM fn addr & no 0xffff literal in reasons
0xffffae97,ram_ae97,low,renames,roles: obd_mode_state_selector
0xffffaed0,float_array_zero_fill,high,function_names+renames,fns: float_array_zero_fill_aed0_cb84 (x1); roles: float_array_zero_fill_aed0_cb84; cats: Boot & Init(x1)
0xffffaf2c,ram_af2c,low,renames,roles: fuel_rotor_charge_calc
0xffffaf30,float_array_reset,high,function_names+renames,fns: float_array_reset_af30_cb9c (x1); roles: float_array_reset_af30_cb9c; cats: Boot & Init(x1)
0xffffb000,ram_b000,low,function_names+renames,fns: float_arrays_zero_fill_b000_cbc2 (x1); roles: float_arrays_zero_fill_b000_cbc2; cats: Boot & Init(x1); AMBIGUOUS: single weak ref; low16 collides with ROM fn addr & no 0xffff literal in reasons
0xffffb0b0,ram_b0b0,low,renames,roles: fuel_rotor_charge_calc
0xffffb0d0,uds_mode22_float,high,function_names+renames,fns: uds_mode22_float_b0d0_u16_responder (x1); roles: uds_mode22_float_b0d0_u16_responder; cats: OBD / UDS(x1); ctx: converts(x1)
0xffffb126,flag_on_duration_counter,high,function_names+renames,fns: flag_on_duration_counter_b126_c184 (x1); roles: flag_on_duration_counter_b126_c184; cats: Throttle & Torque(x1)
0xffffb129,revlimit_byte_copy,high,function_names+renames,fns: revlimit_byte_copy_b129_to_c169 (x1); roles: revlimit_byte_copy_b129_to_c169; cats: Rev Limit(x1)
0xffffb12c,engine_ctrl_state,high,function_names+renames,fns: engine_ctrl_state_init_b134_b12c (x1); roles: engine_ctrl_state_init_b134_b12c; cats: Boot & Init(x1)
0xffffb134,engine_ctrl_state,high,function_names+renames,fns: engine_ctrl_state_init_b134_b12c (x1); roles: engine_ctrl_state_init_b134_b12c; cats: Boot & Init(x1)
0xffffb168,ram_b168,low,renames,roles: fuel_pressure_sensor_calc
0xffffb173,ram_b173,low,renames,roles: fuel_pressure_sensor_calc
0xffffb278,ram_b278,low,function_names+renames,fns: mul_float_b278_b27c (x1); roles: mul_float_b278_b27c; cats: Fuel & Lambda(x1); AMBIGUOUS: single weak ref; low16 collides with ROM fn addr & no 0xffff literal in reasons
0xffffb27c,ram_b27c,low,function_names+renames,fns: mul_float_b278_b27c (x1); roles: mul_float_b278_b27c; cats: Fuel & Lambda(x1); AMBIGUOUS: single weak ref; low16 collides with ROM fn addr & no 0xffff literal in reasons
0xffffb2ac,ram_b2ac,low,renames,roles: dsc_throttle_intervention_calc
0xffffb2ae,ram_b2ae,low,renames,roles: dsc_throttle_torque_limit_calc
0xffffb2b0,ram_b2b0,low,renames,roles: dsc_throttle_reduction_calc
0xffffb2c4,ram_b2c4,low,renames,roles: dsc_throttle_torque_limit_calc
0xffffb2c5,ram_b2c5,low,renames,roles: dsc_throttle_intervention_calc; dsc_throttle_reduction_calc
0xffffb2cc,ram_b2cc,low,renames,roles: cond_flag_b2e0_multi_eval
0xffffb2d5,ram_b2d5,low,renames,roles: input_byte_copy_aada_aadb
0xffffb2d6,ram_b2d6,low,renames,roles: input_byte_copy_aada_aadb
0xffffb2e0,cond_flag,high,function_names+renames,fns: cond_flag_b2e0_multi_eval (x1); roles: cond_flag_b2e0_multi_eval; cats: Fuel & Lambda(x1)
0xffffb34c,ram_b34c,low,function_names+renames,fns: obd_pid_resp_interp_b34c (x1); roles: obd_pid_resp_interp_b34c; cats: OBD / UDS(x1); AMBIGUOUS: single weak ref; low16 collides with ROM fn addr & no 0xffff literal in reasons
0xffffb354,ram_b354,low,renames,roles: evap_purge_calc
0xffffb37c,ram_b37c,low,renames,roles: evap_purge_calc
0xffffb380,ram_b380,low,renames,roles: evap_purge_calc
0xffffb390,ram_b390,low,function_names+renames,fns: accumulate_flow_b390 (x1); roles: accumulate_flow_b390; cats: Sensors(x1); AMBIGUOUS: single weak ref; low16 collides with ROM fn addr & no 0xffff literal in reasons
0xffffb3f0,ram_b3f0,low,function_names+renames,fns: set_flag_b3f0 (x1); roles: set_flag_b3f0; cats: Boot & Init(x1); AMBIGUOUS: single weak ref; low16 collides with ROM fn addr & no 0xffff literal in reasons
0xffffb450,ram_b450,low,function_names+renames,fns: gated_saturatelow_b450 (x1); roles: gated_saturatelow_b450; cats: Throttle & Torque(x1); AMBIGUOUS: single weak ref; low16 collides with ROM fn addr & no 0xffff literal in reasons
0xffffb454,ram_b454,low,function_names+renames,fns: set_dtc_enable_flag_b454 (x1); roles: set_dtc_enable_flag_b454; cats: Boot & Init(x1); AMBIGUOUS: single weak ref; low16 collides with ROM fn addr & no 0xffff literal in reasons
0xffffb45c,uds_mode22,high,function_names+renames,fns: uds_mode22_get_b45c_16bit (x1); roles: uds_mode22_get_b45c_16bit; cats: OBD / UDS(x1)
0xffffb481,ram_b481,low,renames,roles: throttle_control_calc
0xffffb48c,fp_cal_table,high,function_names+renames,"fns: fuel_cal_table_b48c_init_verify (x1); fp_cal_table_b48c_init (x1); fp_cal_table_b48c_apply_expand (x1); fp_cal_table_b48c_init_alt (x1); roles: fp_cal_table_b48c_init_alt; fp_cal_table_b48c_init; fuel_cal_table_b48c_init_verify; fp_cal_table_b48c_apply_expand; cats: Boot & Init(x2), Fuel & Lambda(x1), Math / FPU(x1); CONFLICT-RESOLVED: kept fp_cal_table; alt: fuel_cal_table_init_verify, fp_cal_table_apply_expand"
0xffffb4c4,ram_b4c4,low,renames,roles: fuel_cal_table_b48c_init_verify
0xffffb572,ram_b572,low,renames,roles: fp_cal_table_b48c_apply_expand; shadow_byte_store_b579
0xffffb579,shadow_byte_store,high,function_names+renames,fns: shadow_byte_store_b579 (x1); roles: shadow_byte_store_b579; cats: Math / FPU(x1)
0xffffb580,ram_b580,low,renames,roles: fault_mask_bc95_at_gear; get_speed_limit_autotrans_cals
0xffffb586,ram_b586,low,renames,roles: throttle_timeout_counters_update; fault_mask_bc95_at_gear
0xffffb587,hwfault_reg_bit0_latch,high,function_names+renames,"fns: hwfault_reg_9ecd_bit0_latch_b587 (x1); uds_fault_status_mask_getter_b587_bfb8 (x1); roles: uds_fault_status_mask_getter_b587_bfb8; hwfault_reg_9ecd_bit0_latch_b587; cats: Faults & DTC(x1), OBD / UDS(x1); ctx: latch(x1)"
0xffffb588,float_slew_filter,high,function_names+renames,"fns: knock_flag_copy_b588_a692 (x1); float_slew_filter_c05c_from_b588 (x1); roles: knock_flag_copy_b588_a692; float_slew_filter_c05c_from_b588; cats: Ignition & Knock(x1), Math / FPU(x1)"
0xffffb594,float_zero,high,function_names+renames,fns: float_zero_b594 (x1); float_copy_b594_to_b5a0 (x1); roles: fuel_rpm_baro_correction; cruise_rpm_window_enable_check; float_zero_b594; float_copy_b594_to_b5a0; cats: Ignition & Knock(x2); ctx: window_on_engine_speed(x1)
0xffffb5a0,ram_b5a0,low,function_names+renames,fns: float_copy_b594_to_b5a0 (x1); roles: float_copy_b594_to_b5a0; cats: Ignition & Knock(x1); AMBIGUOUS: single weak ref; low16 collides with ROM fn addr & no 0xffff literal in reasons
0xffffb5a4,ram_b5a4,low,renames,roles: diag_emission_monitor_state
0xffffb5a8,ram_b5a8,low,function_names+renames,fns: float_zero_b5a8_b5b0 (x1); roles: float_zero_b5a8_b5b0; cats: Ignition & Knock(x1); AMBIGUOUS: single weak ref; low16 collides with ROM fn addr & no 0xffff literal in reasons
0xffffb5aa,ram_b5aa,low,renames,roles: fuel_o2_warmup_condition
0xffffb5ac,ram_b5ac,low,renames,roles: float_copy_b594_to_b5a0
0xffffb5b0,float_zero,high,function_names+renames,fns: float_zero_b5a8_b5b0 (x1); roles: float_zero_b5a8_b5b0; cats: Ignition & Knock(x1)
0xffffb5b4,engine_state_cal_copy,high,function_names+renames,fns: engine_state_cal_copy_b5b4_dispatch_74e0 (x1); roles: engine_state_cal_copy_b5b4_dispatch_74e0; cats: Memory & CRC(x1)
0xffffb5b5,set,high,function_names+renames,fns: set_b5b5_flag_if_cca0 (x1); roles: set_b5b5_flag_if_cca0; cats: Boot & Init(x1)
0xffffb5b8,ram_b5b8,low,renames,roles: timer_engoff_counter_reload
0xffffb5bc,uds_fault_status_mask,medium,function_names+renames,"fns: float_div_store_b5bc (x1); uds_fault_status_mask_getter_b5bc_b5d0 (x1); roles: float_div_store_b5bc; uds_fault_status_mask_getter_b5bc_b5d0; cats: Math / FPU(x1), OBD / UDS(x1); CAUTION: low16 also collides with a ROM function address"
0xffffb5c0,ram_b5c0,low,renames,roles: throttle_tpsStatusOutputPort
0xffffb5c1,os_task_gate,high,function_names+renames,fns: os_task_gate_b5c1_cb96 (x1); roles: os_task_gate_b5c1_cb96; cats: RTOS(x1)
0xffffb5c4,immo_status_mirror,high,function_names+renames,"fns: knock_flag_copy_b5c4_a788 (x1); immo_status_mirror_b5c4_to_c89c (x1); roles: immo_status_mirror_b5c4_to_c89c; knock_flag_copy_b5c4_a788; cats: Ignition & Knock(x1), OBD / UDS(x1)"
0xffffb5c6,ram_b5c6,low,function_names+renames,fns: diag_timeout_counter_b5c6 (x1); roles: diag_timeout_counter_b5c6; cats: Utilities(x1); AMBIGUOUS: single weak ref; low16 collides with ROM fn addr & no 0xffff literal in reasons
0xffffb5ce,sr_protected_inc,high,function_names+renames,fns: sr_protected_inc_b5ce (x1); roles: sr_protected_inc_b5ce; cats: Peripherals & ISR(x1)
0xffffb5cf,sr_protected_inc,high,function_names+renames,fns: sr_protected_inc_b5cf (x1); roles: sr_protected_inc_b5cf; cats: Peripherals & ISR(x1)
0xffffb5d0,ram_b5d0,low,function_names+renames,fns: uds_fault_status_mask_getter_b5bc_b5d0 (x1); roles: uds_fault_status_mask_getter_b5bc_b5d0; cats: OBD / UDS(x1); AMBIGUOUS: single weak ref; low16 collides with ROM fn addr & no 0xffff literal in reasons
0xffffb5d4,ram_set_flag_byte,medium,function_names+renames,"fns: set_b5d4_flag (x1); ram_set_flag_byte_b5d4 (x1); set_b5d4_then_25df0 (x1); roles: ram_set_flag_byte_b5d4; set_b5d4_flag; set_b5d4_then_25df0; cats: Boot & Init(x2), Memory & CRC(x1); CAUTION: low16 also collides with a ROM function address"
0xffffb5d8,float,high,function_names+renames,"fns: copy_float_9f68_b5d8 (x1); float_add_74dc8_b5d8_b694 (x1); float_add_74dc8_b5d8_b698 (x1); roles: fanout_float_9f68_to_b5d8_b5dc_b5e0; copy_float_9f68_b5d8; float_add_74dc8_b5d8_b694; float_add_74dc8_b5d8_b698; cats: Faults & DTC(x2), Boot & Init(x1)"
0xffffb5dc,first_order_filter,high,function_names+renames,"fns: fanout_float_9f68_to_b5d8_b5dc_b5e0 (x1); first_order_filter_b5dc (x1); sensor_b5dc_thresh_hysteresis_check (x1); roles: evap_pressure_fault_flag_eval; sensor_b5dc_thresh_hysteresis_check; fanout_float_9f68_to_b5d8_b5dc_b5e0; first_order_filter_b5dc; cats: Sensors(x2), Boot & Init(x1); ctx: compares(x1)"
0xffffb5e0,fanout_float,high,function_names+renames,fns: fanout_float_9f68_to_b5d8_b5dc_b5e0 (x1); roles: fanout_float_9f68_to_b5d8_b5dc_b5e0; cats: Sensors(x1)
0xffffb5e8,uds_mode22,high,function_names+renames,fns: uds_mode22_get_b5e8_16bit (x1); roles: uds_mode22_get_b5e8_16bit; cats: OBD / UDS(x1)
0xffffb5f0,sr_protected_filter,medium,function_names+renames,fns: first_order_filter_b5f0 (x1); sr_protected_filter_b5f0 (x1); roles: first_order_filter_b5f0; sr_protected_filter_b5f0; cats: Sensors(x2); CAUTION: low16 also collides with a ROM function address
0xffffb5fa,ram_b5fa,low,function_names+renames,fns: port_f69e_set_2f_dispatch_b5fa (x1); roles: port_f69e_set_2f_dispatch_b5fa; cats: Peripherals & ISR(x1); AMBIGUOUS: single weak ref; low16 collides with ROM fn addr & no 0xffff literal in reasons
0xffffb5fc,ram_b5fc,low,function_names+renames,fns: dtc_report_b5fc_b5fd_7e_7c (x1); roles: dtc_report_b5fc_b5fd_7e_7c; cats: Faults & DTC(x1); AMBIGUOUS: single weak ref; low16 collides with ROM fn addr & no 0xffff literal in reasons
0xffffb5fd,dtc_report,high,function_names+renames,fns: dtc_report_b5fc_b5fd_7e_7c (x1); roles: dtc_report_b5fc_b5fd_7e_7c; cats: Faults & DTC(x1)
0xffffb600,uds_fault_status_mask,high,function_names+renames,fns: uds_fault_status_mask_getter_b600_bc6d (x1); roles: uds_fault_status_mask_getter_b600_bc6d; cats: OBD / UDS(x1)
0xffffb62c,ram_b62c,low,function_names+renames,fns: sensor_filter_comp_b62c (x1); roles: sensor_filter_comp_b62c; cats: Math / FPU(x1); AMBIGUOUS: single weak ref; low16 collides with ROM fn addr & no 0xffff literal in reasons
0xffffb68c,ram_b68c,low,function_names+renames,fns: fixed_to_float_9ef4_b68c (x1); roles: fixed_to_float_9ef4_b68c; cats: Boot & Init(x1); AMBIGUOUS: single weak ref; low16 collides with ROM fn addr & no 0xffff literal in reasons
0xffffb690,uds_mode22,high,function_names+renames,fns: uds_mode22_get_b690_16bit (x1); roles: uds_mode22_get_b690_16bit; cats: OBD / UDS(x1)
0xffffb694,ram_b694,low,function_names+renames,fns: float_add_74dc8_b5d8_b694 (x1); roles: float_add_74dc8_b5d8_b694; cats: Faults & DTC(x1); AMBIGUOUS: single weak ref; low16 collides with ROM fn addr & no 0xffff literal in reasons
0xffffb698,ram_b698,low,function_names+renames,fns: float_add_74dc8_b5d8_b698 (x1); roles: float_add_74dc8_b5d8_b698; cats: Faults & DTC(x1); AMBIGUOUS: single weak ref; low16 collides with ROM fn addr & no 0xffff literal in reasons
0xffffb69c,ram_b69c,low,function_names+renames,fns: byte_a3b0_to_b69c (x1); roles: byte_a3b0_to_b69c; cats: Math / FPU(x1); AMBIGUOUS: single weak ref; low16 collides with ROM fn addr & no 0xffff literal in reasons
0xffffb6a0,ram_b6a0,low,function_names+renames,fns: copy_floats_a390_b6a0 (x1); roles: copy_floats_a390_b6a0; cats: Math / FPU(x1); AMBIGUOUS: single weak ref; low16 collides with ROM fn addr & no 0xffff literal in reasons
0xffffb6c0,os_task_gate,high,function_names+renames,fns: os_task_gate_b6c0_b707 (x1); roles: os_task_gate_b6c0_b707; cats: RTOS(x1)
0xffffb6c4,float_counters_update,medium,function_names+renames,"fns: clear_b6c4_block_flags (x1); float_counters_update_b6c4 (x1); roles: clear_b6c4_block_flags; float_counters_update_b6c4; cats: RTOS(x1), Math / FPU(x1); CAUTION: low16 also collides with a ROM function address"
0xffffb6cc,ram_b6cc,low,function_names+renames,fns: max_word_select_b6cc_b6ce (x1); roles: max_word_select_b6cc_b6ce; cats: Math / FPU(x1); AMBIGUOUS: single weak ref; low16 collides with ROM fn addr & no 0xffff literal in reasons
0xffffb6ce,max_word_select,high,function_names+renames,fns: max_word_select_b6cc_b6ce (x1); roles: max_word_select_b6cc_b6ce; cats: Math / FPU(x1)
0xffffb6d0,store_word,high,function_names+renames,fns: store_word_b6d0_to_ram_9140 (x1); roles: store_word_b6d0_to_ram_9140; cats: Memory & CRC(x1)
0xffffb6d2,ram_b6d2,low,function_names+renames,fns: redundant_word_store_9148_from_b6d2 (x1); roles: redundant_word_store_9148_from_b6d2; cats: Memory & CRC(x1); AMBIGUOUS: single weak ref; low16 collides with ROM fn addr & no 0xffff literal in reasons
0xffffb6d4,ram_b6d4,low,renames,roles: dual_counter_inc_sat_on_flag
0xffffb6d8,td_lookup,high,function_names+renames,fns: td_lookup_68bd8_b6d8 (x1); roles: td_lookup_68bd8_b6d8; cats: Math / FPU(x1)
0xffffb6dc,ram_b6dc,low,function_names+renames,fns: set_b6dc_flag_cond (x1); roles: set_b6dc_flag_cond; cats: Math / FPU(x1); AMBIGUOUS: single weak ref; low16 collides with ROM fn addr & no 0xffff literal in reasons
0xffffb6e4,cal_copy,high,function_names+renames,"fns: cal_copy_751a2_b6e4 (x1); cal_copy_b6e4_ext (x1); cal_mirror_update_b6e4 (x1); roles: cal_copy_751a2_b6e4; cal_copy_b6e4_ext; cal_mirror_update_b6e4; cats: Boot & Init(x2), Math / FPU(x1)"
0xffffb6e6,counter,high,function_names+renames,fns: dec_counter_b6e6 (x1); roles: cal_copy_751a2_b6e4; dec_counter_b6e6; cats: CAN Bus(x1)
0xffffb6e8,counter,high,function_names+renames,fns: counter_b6e8_flag_b6eb (x1); roles: counter_b6e8_flag_b6eb; cats: Math / FPU(x1)
0xffffb6ea,ram_b6ea,low,function_names+renames,fns: cal_countdown_b6f8_b6ea (x1); roles: cal_countdown_b6f8_b6ea; cats: Math / FPU(x1); AMBIGUOUS: single weak ref; low16 collides with ROM fn addr & no 0xffff literal in reasons
0xffffb6eb,counter_flag,high,function_names+renames,fns: counter_b6e8_flag_b6eb (x1); roles: counter_b6e8_flag_b6eb; cats: Math / FPU(x1)
0xffffb6ec,ram_b6ec,low,renames,roles: dec_counter_b6e6
0xffffb6ed,delta_exceed_check,high,function_names+renames,fns: delta_exceed_check_b6ed (x1); roles: delta_exceed_check_b6ed; cats: Memory & CRC(x1)
0xffffb6f8,cal_countdown,high,function_names+renames,fns: cal_countdown_b6f8_b6ea (x1); roles: cal_countdown_b6f8_b6ea; cats: Math / FPU(x1)
0xffffb6fe,ram_b6fe,low,renames,roles: cal_copy_751a2_b6e4
0xffffb700,ram_b700,low,renames,roles: cal_copy_b6e4_ext
0xffffb704,ram_b704,low,function_names+renames,fns: thresh_word_b704_from_ba (x1); roles: thresh_word_b704_from_ba; cats: Math / FPU(x1); AMBIGUOUS: single weak ref; low16 collides with ROM fn addr & no 0xffff literal in reasons
0xffffb707,os_task_gate,high,function_names+renames,fns: os_task_gate_b6c0_b707 (x1); roles: os_task_gate_b6c0_b707; cats: RTOS(x1)
0xffffb70c,sensor_avg_build,high,function_names+renames,fns: sensor_avg_build_b70c_b934 (x1); roles: sensor_avg_build_b70c_b934; cats: Math / FPU(x1)
0xffffb72e,ram_b72e,low,renames,roles: timer_engoff_counter_reload
0xffffb92c,sensor_2dlut_corr_fix,high,function_names+renames,fns: sensor_2dlut_corr_fix_b92c_b930 (x1); roles: sensor_2dlut_corr_fix_b92c_b930; cats: Math / FPU(x1)
0xffffb930,sensor_2dlut_corr_fix,high,function_names+renames,fns: sensor_2dlut_corr_fix_b92c_b930 (x1); roles: sensor_2dlut_corr_fix_b92c_b930; sensor_avg_build_b70c_b934; cats: Math / FPU(x1)
0xffffb934,sensor_avg_build,high,function_names+renames,fns: sensor_avg_build_b70c_b934 (x1); roles: sensor_avg_build_b70c_b934; cats: Math / FPU(x1)
0xffffb9b4,ram_b9b4,low,function_names+renames,fns: fuel_cut_condition_output_b9b4 (x1); roles: fuel_cut_condition_output_b9b4; cats: Faults & DTC(x1); AMBIGUOUS: single weak ref; low16 collides with ROM fn addr & no 0xffff literal in reasons
0xffffba44,ram_ba44,low,renames,roles: dec_counter_word_baf44; thresh_flag_ba49_word_arr; sensor_avg_build_b70c_b934; sensor_table_build_90_x2
0xffffba46,sensor_multi_gate,high,function_names+renames,fns: sensor_multi_gate_ba4a_ba46 (x1); roles: sensor_multi_gate_ba4a_ba46; cats: Math / FPU(x1)
0xffffba49,thresh_flag,high,function_names+renames,fns: thresh_flag_ba49_word_arr (x1); roles: thresh_flag_ba49_word_arr; cats: Math / FPU(x1)
0xffffba4a,ram_ba4a,low,function_names+renames,fns: sensor_multi_gate_ba4a_ba46 (x1); roles: sensor_multi_gate_ba4a_ba46; cats: Math / FPU(x1); AMBIGUOUS: single weak ref; low16 collides with ROM fn addr & no 0xffff literal in reasons
0xffffba4c,ram_ba4c,low,function_names+renames,fns: float_interp_cont_ba4c (x1); roles: float_interp_cont_ba4c; cats: Faults & DTC(x1); AMBIGUOUS: single weak ref; low16 collides with ROM fn addr & no 0xffff literal in reasons
0xffffba52,ram_ba52,low,renames,roles: debounce_counter_latch
0xffffba54,diag_flag,high,function_names+renames,fns: diag_flag_ba54_cond (x1); roles: diag_flag_ba54_cond; cats: Math / FPU(x1)
0xffffba55,ram_ba55,low,renames,roles: aux_condition_duration_counters
0xffffba56,ram_ba56,low,renames,roles: aux_condition_duration_counters
0xffffba57,ram_ba57,low,renames,roles: aux_condition_duration_counters
0xffffba58,stores_last_check_result,medium,renames,roles: aux_condition_duration_counters; ctx: stores_last_check_result(x1)
0xffffba5b,sensor_hw_gated_tbl,high,function_names+renames,fns: sensor_hw_gated_tbl_ba5b (x1); roles: sensor_hw_gated_tbl_ba5b; cats: Memory & CRC(x1)
0xffffba60,pl_flag,high,function_names+renames,fns: pl_flag_ba60_cond (x1); roles: b6c4_block_update_dispatch; pl_flag_ba60_cond; revlimit_accum_counters_a; cats: Math / FPU(x1)
0xffffba62,pl_flag,high,function_names+renames,fns: pl_flag_ba62_cond (x1); roles: b6c4_block_update_dispatch; pl_flag_ba62_cond; revlimit_accum_counters_b; cats: Math / FPU(x1)
0xffffba6c,ram_ba6c,low,function_names+renames,fns: sensor_shift_filter_ba6c (x1); roles: sensor_shift_filter_ba6c; cats: Math / FPU(x1); AMBIGUOUS: single weak ref; low16 collides with ROM fn addr & no 0xffff literal in reasons
0xffffba7c,ram_ba7c,low,function_names+renames,fns: float_interp_table_ba7c (x1); roles: float_interp_table_ba7c; cats: Math / FPU(x1); AMBIGUOUS: single weak ref; low16 collides with ROM fn addr & no 0xffff literal in reasons
0xffffba90,ram_ba90,low,function_names+renames,fns: sensor_deriv_shift_ba90 (x1); roles: sensor_deriv_shift_ba90; cats: Math / FPU(x1); AMBIGUOUS: single weak ref; low16 collides with ROM fn addr & no 0xffff literal in reasons
0xffffba94,counter,medium,function_names+renames,"fns: clear_ba94_float_baa4 (x1); counter_ba94_thresh_8000 (x1); roles: clear_ba94_float_baa4; counter_ba94_thresh_8000; cats: Boot & Init(x1), Math / FPU(x1); CAUTION: low16 also collides with a ROM function address"
0xffffba96,copy_calbyte,medium,function_names+renames,fns: thunk_ba96_ba97_cf30 (x1); copy_calbyte_ba96_ba97 (x1); copy_calbyte_ba96_ba97_b (x1); roles: thunk_ba96_ba97_cf30; copy_calbyte_ba96_ba97; copy_calbyte_ba96_ba97_b; cats: Boot & Init(x3); CAUTION: low16 also collides with a ROM function address
0xffffba97,copy_calbyte,high,function_names+renames,fns: thunk_ba96_ba97_cf30 (x1); copy_calbyte_ba96_ba97 (x1); copy_calbyte_ba96_ba97_b (x1); roles: thunk_ba96_ba97_cf30; copy_calbyte_ba96_ba97; copy_calbyte_ba96_ba97_b; cats: Boot & Init(x3)
0xffffba98,hysteresis_flag,high,function_names+renames,fns: hysteresis_flag_ba98 (x1); roles: hysteresis_flag_ba98; cats: Math / FPU(x1)
0xffffba9c,ram_ba9c,low,renames,roles: float_interp_table_ba7c
0xffffbaa4,clear_float,high,function_names+renames,fns: clear_ba94_float_baa4 (x1); roles: clear_ba94_float_baa4; counter_ba94_thresh_8000; sensor_deriv_shift_ba90; cats: Boot & Init(x1)
0xffffbaa8,ram_baa8,low,renames,roles: hysteresis_flag_ba98
0xffffbaac,init_floats,high,function_names+renames,fns: init_floats_baac_bab8 (x1); init_floats_baac_bab8_b (x1); roles: init_floats_baac_bab8; init_floats_baac_bab8_b; cats: Boot & Init(x2)
0xffffbab4,ram_bab4,low,function_names+renames,fns: can_fn_float_bab4_flags (x1); roles: can_fn_float_bab4_flags; cats: Math / FPU(x1); AMBIGUOUS: single weak ref; low16 collides with ROM fn addr & no 0xffff literal in reasons
0xffffbab8,init_floats,medium,function_names+renames,fns: init_floats_baac_bab8 (x1); init_floats_baac_bab8_b (x1); roles: init_floats_baac_bab8; init_floats_baac_bab8_b; cats: Boot & Init(x2); CAUTION: low16 also collides with a ROM function address
0xffffbad4,clear_word,medium,function_names+renames,"fns: clear_word_bad4 (x1); counter_bad4_rst_can (x1); roles: clear_word_bad4; counter_bad4_rst_can; cats: Boot & Init(x1), Math / FPU(x1); CAUTION: low16 also collides with a ROM function address"
0xffffbad6,clear_word,medium,function_names+renames,"fns: clear_word_bad6 (x1); counter_bad6_7d0_thresh (x1); roles: clear_word_bad6; counter_bad6_7d0_thresh; cats: Boot & Init(x1), Math / FPU(x1); CAUTION: low16 also collides with a ROM function address"
0xffffbad8,ram_bad8,low,function_names+renames,fns: set_word_flag_bad8 (x1); roles: set_word_flag_bad8; cats: Boot & Init(x1); AMBIGUOUS: single weak ref; low16 collides with ROM fn addr & no 0xffff literal in reasons
0xffffbad9,read_inverted_flag,high,function_names+renames,fns: read_inverted_flag_bad9 (x1); roles: read_inverted_flag_bad9; cats: Faults & DTC(x1)
0xffffbae4,ram_bae4,low,renames,roles: sync_byte_bae8_can
0xffffbae5,ram_bae5,low,renames,roles: sync_byte_bae8_can
0xffffbae8,sync_byte,high,function_names+renames,fns: sync_byte_bae8_can (x1); roles: sync_byte_bae8_can; cats: CAN Bus(x1)
0xffffbb0a,decrement_counter,high,function_names+renames,fns: decrement_counter_bb0a (x1); roles: decrement_counter_bb0a; can_data_snapshot_ba_ip; cats: CAN Bus(x1); ctx: decrement(x1)
0xffffbb0c,ram_bb0c,low,renames,roles: decrement_counter_bb0a
0xffffbb24,ram_bb24,low,renames,roles: byte_change_detect_c0d0_c0d3
0xffffbb28,cal_byte,medium,function_names+renames,"fns: cal_byte_bb28 (x1); can_201_cal_bb28 (x1); roles: cal_byte_bb28; can_201_cal_bb28; cats: Sensors(x1), Faults & DTC(x1); CAUTION: low16 also collides with a ROM function address"
0xffffbb34,can201_value,high,function_names+renames,fns: can201_value_bb34 (x1); roles: can201_value_bb34; cats: CAN Bus(x1)
0xffffbb38,can201_value,high,function_names+renames,fns: can201_value_bb38 (x1); roles: can201_value_bb38; cats: CAN Bus(x1)
0xffffbb3a,can201_value,high,function_names+renames,fns: can201_value_bb3a (x1); roles: can201_value_bb3a; cats: CAN Bus(x1)
0xffffbb3c,cal_filtered_float_update,high,function_names+known+renames,cal filter pair 0xFFFFBB3C; fns: cal_filtered_float_update_bb3c (x1); roles: cal_filtered_float_update_bb3c; cats: Math / FPU(x1)
0xffffbb40,cal_filter,high,known+renames,cal filter pair 0xFFFFBB40; roles: cal_filtered_float_update_bb3c
0xffffbb44,clear,high,function_names+renames,fns: clear_bb44_cnt (x1); roles: clear_bb44_cnt; cats: CAN Bus(x1)
0xffffbb50,ram_bb50,low,function_names+renames,fns: can203_copy_byte_bb50_to_bb5f (x1); roles: can203_copy_byte_bb50_to_bb5f; cats: CAN Bus(x1); AMBIGUOUS: single weak ref; low16 collides with ROM fn addr & no 0xffff literal in reasons
0xffffbb51,can203_copy_byte,high,function_names+renames,fns: can203_copy_byte_bb51_to_bb61 (x1); roles: can203_copy_byte_bb51_to_bb61; cats: CAN Bus(x1)
0xffffbb52,can203_copy_byte,medium,function_names+renames,fns: can203_copy_byte_bb52_to_bb60 (x1); can_out_byte_bb52_calc (x1); roles: can203_copy_byte_bb52_to_bb60; can_out_byte_bb52_calc; cats: CAN Bus(x2); CAUTION: low16 also collides with a ROM function address
0xffffbb53,can203_copy_byte,high,function_names+renames,fns: can203_copy_byte_bb53_to_bb62 (x1); can_out_byte_bb53_calc (x1); roles: can203_copy_byte_bb53_to_bb62; can_out_byte_bb53_calc; cats: CAN Bus(x2)
0xffffbb5c,can_fault_active_flag,high,function_names+renames,fns: can_fault_active_flag_bb5c (x1); roles: can_fault_active_flag_bb5c; cats: CAN Bus(x1)
0xffffbb5d,flag,high,function_names+renames,fns: flag_bb5d_condition_eval (x1); roles: flag_bb5d_condition_eval; cats: CAN Bus(x1)
0xffffbb5e,ram_bb5e,low,function_names+renames,fns: torque_flag_bb5e_eval (x1); roles: torque_flag_bb5e_eval; cats: Throttle & Torque(x1); AMBIGUOUS: single weak ref; low16 collides with ROM fn addr & no 0xffff literal in reasons
0xffffbb5f,can203_copy_byte,high,function_names+renames,fns: can203_copy_byte_bb50_to_bb5f (x1); roles: can203_copy_byte_bb50_to_bb5f; cats: CAN Bus(x1)
0xffffbb60,can203_copy_byte,high,function_names+renames,fns: can203_copy_byte_bb52_to_bb60 (x1); roles: can203_copy_byte_bb52_to_bb60; cats: CAN Bus(x1)
0xffffbb61,can203_copy_byte,high,function_names+renames,fns: can203_copy_byte_bb51_to_bb61 (x1); roles: can203_copy_byte_bb51_to_bb61; cats: CAN Bus(x1)
0xffffbb62,can203_copy_byte,high,function_names+renames,fns: can203_copy_byte_bb53_to_bb62 (x1); roles: can203_copy_byte_bb53_to_bb62; cats: CAN Bus(x1)
0xffffbb66,can_reset_counter,high,function_names+renames,fns: can_reset_counter_bb66 (x1); roles: can_periodic_torque_tx_tick; can_reset_counter_bb66; cats: CAN Bus(x1); ctx: trivial_reset(x1)
0xffffbb70,ram_bb70,low,function_names+renames,fns: ram_shadow_word_copy_bb70 (x1); roles: ram_shadow_word_copy_bb70; cats: Memory & CRC(x1); AMBIGUOUS: single weak ref; low16 collides with ROM fn addr & no 0xffff literal in reasons
0xffffbb72,ram_shadow_word_copy,medium,function_names+renames,"fns: ram_shadow_word_copy_bb72 (x1); can_251_pack_field_bb72 (x1); roles: can_251_pack_field_bb72; ram_shadow_word_copy_bb72; cats: Memory & CRC(x1), CAN Bus(x1); CAUTION: low16 also collides with a ROM function address"
0xffffbb74,ram_shadow_word_copy,medium,function_names+renames,"fns: ram_shadow_word_copy_bb74 (x1); can_251_pack_field_bb74 (x1); roles: can_251_pack_field_bb74; ram_shadow_word_copy_bb74; cats: Memory & CRC(x1), CAN Bus(x1); CAUTION: low16 also collides with a ROM function address"
0xffffbb7c,cond_flag,high,function_names+renames,fns: cond_flag_bb7c_eval (x1); roles: diag_flags_pack_to_bb8f; cond_flag_bb7c_eval; cats: Throttle & Torque(x1)
0xffffbb7e,ram_bb7e,low,function_names+renames,fns: dsc_cond_flag_bb7e_eval (x1); roles: dsc_cond_flag_bb7e_eval; cats: Throttle & Torque(x1); AMBIGUOUS: single weak ref; low16 collides with ROM fn addr & no 0xffff literal in reasons
0xffffbb7f,ram_bb7f,low,renames,roles: sensor_status_byte_pack
0xffffbb88,ram_bb88,low,renames,roles: can251_throttle_values_pack; ram_shadow_word_copy_bb70
0xffffbb8a,ram_bb8a,low,renames,roles: ram_shadow_word_copy_bb72
0xffffbb8c,ram_bb8c,low,renames,roles: ram_shadow_word_copy_bb74
0xffffbb8f,diag_flags_pack,high,function_names+renames,fns: diag_flags_pack_to_bb8f (x1); roles: diag_flags_pack_to_bb8f; cats: Faults & DTC(x1)
0xffffbb90,dsc_state_filter,high,function_names+renames,fns: dsc_state_filter_bb90 (x1); roles: dsc_state_filter_bb90; cats: Math / FPU(x1); ctx: state_decay_filter_on_long(x1)
0xffffbb94,can_reset_counter,high,function_names+renames,fns: can_reset_counter_bb94 (x1); roles: can_periodic_throttle_tx_tick; can_reset_counter_bb94; cats: CAN Bus(x1); ctx: trivial_reset(x1)
0xffffbb96,ram_bb96,low,renames,roles: dsc_state_filter_bb90
0xffffbb98,ram_bb98,low,function_names+renames,fns: flag_bb98_from_bddc (x1); roles: flag_bb98_from_bddc; cats: Math / FPU(x1); AMBIGUOUS: single weak ref; low16 collides with ROM fn addr & no 0xffff literal in reasons
0xffffbb99,flag,high,function_names+renames,fns: flag_bb99_gated_a4a6 (x1); roles: flag_bb99_gated_a4a6; cats: Math / FPU(x1)
0xffffbb9c,hist4_shift_extract,high,function_names+renames,fns: f32_hist4_shift_extract_bb9c (x1); roles: f32_hist4_shift_extract_bb9c; cats: Math / FPU(x1)
0xffffbba5,ram_bba5,low,renames,roles: veh_speed_filter_rate_limit
0xffffbbac,ram_bbac,low,renames,roles: f32_hist4_shift_extract_bb9c
0xffffbbc6,ram_bbc6,low,renames,roles: veh_speed_filter_rate_limit
0xffffbbd1,copy_byte,high,function_names+renames,fns: copy_byte_a41c_to_bbd1 (x1); roles: copy_byte_a41c_to_bbd1; cats: CAN Bus(x1)
0xffffbbd3,ram_bbd3,low,renames,roles: veh_speed_filter_rate_limit
0xffffbbe4,copy_timer_reset,medium,function_names+renames,"fns: copy_timer_reset_6d480_to_bbe4 (x1); dtc_timer_bbe4_dec (x1); roles: copy_timer_reset_6d480_to_bbe4; dtc_timer_bbe4_dec; cats: CAN Bus(x1), Faults & DTC(x1); CAUTION: low16 also collides with a ROM function address"
0xffffbbe8,sample_copy_float,high,function_names+renames,fns: sample_copy_float_bbe8_to_bfbc (x1); roles: diag_window_flags_cef9_cefa_eval; f32_hist4_shift_extract_bb9c; alternator_current_delta_c608; sample_copy_float_bbe8_to_bfbc; cats: Memory & CRC(x1); ctx: hysteresis_window_eval(x1)
0xffffbc03,flag,high,function_names+renames,fns: flag_bc03_bit3_bc12 (x1); roles: cruise_control_state_timer_b; flag_bc03_bit3_bc12; cats: CAN Bus(x1)
0xffffbc04,ram_bc04,low,function_names+renames,fns: flag_bc04_threshold_bc24 (x1); roles: flag_bc04_threshold_bc24; cats: CAN Bus(x1); AMBIGUOUS: single weak ref; low16 collides with ROM fn addr & no 0xffff literal in reasons
0xffffbc10,ram_bc10,low,function_names+renames,fns: dtc_timer_bc10_dec (x1); roles: dtc_timer_bc10_dec; cats: Faults & DTC(x1); AMBIGUOUS: single weak ref; low16 collides with ROM fn addr & no 0xffff literal in reasons
0xffffbc12,ram_bc12,low,function_names+renames,fns: flag_bc03_bit3_bc12 (x1); roles: flag_bc03_bit3_bc12; cats: CAN Bus(x1); AMBIGUOUS: single weak ref; low16 collides with ROM fn addr & no 0xffff literal in reasons
0xffffbc14,ram_bc14,low,renames,roles: dsc_vehicle_state_calc
0xffffbc1c,deadband_complement_shift,medium,renames,"roles: diag_emission_monitor_state; fuel_closed_loop_confirm_ctr; boost_timer_latch; o2_boost_cond_timer_countdown; ctx: deadband_complement_shift(x1), compares(x1)"
0xffffbc24,flag_threshold,high,function_names+renames,fns: flag_bc04_threshold_bc24 (x1); roles: flag_bc04_threshold_bc24; cats: CAN Bus(x1)
0xffffbc2c,torque_limit_cal_byte_scaled,high,function_names+renames,fns: torque_limit_cal_byte_scaled_bc2c (x1); roles: dsc_vehicle_state_calc; torque_limit_cal_byte_scaled_bc2c; cats: Throttle & Torque(x1)
0xffffbc30,copy_byte,high,function_names+renames,fns: copy_byte_bc30_to_bc31 (x1); roles: copy_byte_bc30_to_bc31; cats: Faults & DTC(x1); ctx: trivial(x1)
0xffffbc31,copy_byte,high,function_names+renames,fns: copy_byte_bc30_to_bc31 (x1); roles: copy_byte_bc30_to_bc31; cats: Faults & DTC(x1)
0xffffbc32,trans_gear_init_byte_copy,high,function_names+renames,"fns: trans_gear_init_byte_copy_bc32 (x1); dtc_timer_bc32_dec (x1); roles: trans_gear_init_byte_copy_bc32; dtc_timer_bc32_dec; cats: Throttle & Torque(x1), Faults & DTC(x1)"
0xffffbc34,can_flag,high,function_names+renames,fns: can_flag_bc34_copy_and_tx (x1); roles: can_flag_bc34_copy_and_tx; cats: CAN Bus(x1)
0xffffbc35,can_flag_byte,high,function_names+renames,fns: can_flag_byte_bc35_compose (x1); roles: can_flag_bc34_copy_and_tx; can_flag_byte_bc35_compose; cats: CAN Bus(x1); ctx: copies(x1)
0xffffbc36,can_reset_counter,high,function_names+renames,fns: can_reset_counter_bc36 (x1); roles: can_reset_counter_bc36; cats: CAN Bus(x1); ctx: trivial_reset(x1)
0xffffbc3a,ram_bc3a,low,renames,roles: ram_sat_counter_state_machine
0xffffbc3c,ram_bc3c,low,renames,roles: ram_sat_counter_state_machine
0xffffbc48,ram_bc48,low,function_names+renames,fns: ram_set_flag_byte_bc48 (x1); roles: ram_set_flag_byte_bc48; cats: Memory & CRC(x1); AMBIGUOUS: single weak ref; low16 collides with ROM fn addr & no 0xffff literal in reasons
0xffffbc58,ram_bc58,low,renames,roles: crank_ign_timing_decay_bc63
0xffffbc60,ign_cond_flag,high,function_names+renames,fns: ign_cond_flag_bc60_eval (x1); roles: ign_cond_flag_bc60_eval; cats: Ignition & Knock(x1)
0xffffbc62,ram_bc62,low,renames,roles: crank_ign_timing_decay_bc63
0xffffbc63,crank_ign_timing_decay,high,function_names+renames,fns: crank_ign_timing_decay_bc63 (x1); roles: crank_ign_timing_decay_bc63; cats: Ignition & Knock(x1)
0xffffbc68,uds_mode22,high,function_names+renames,fns: uds_mode22_get_bc68_16bit (x1); roles: uds_mode22_get_bc68_16bit; cats: OBD / UDS(x1)
0xffffbc6d,uds_fault_status_mask,high,function_names+renames,fns: uds_fault_status_mask_getter_b600_bc6d (x1); roles: uds_fault_status_mask_getter_b600_bc6d; cats: OBD / UDS(x1)
0xffffbc94,ram_bc94,low,renames,roles: status_flags_byte_pack
0xffffbc95,ram_bc95,low,renames,roles: fault_mask_bc95_at_gear; can_231_frame_tx_init_bytes
0xffffbc96,can_buf_clear,high,function_names+renames,fns: can_231_buf_clear_bc96 (x1); roles: can_231_frame_tx_init_bytes; can_231_buf_clear_bc96; cats: CAN Bus(x1); ctx: zeros(x1)
0xffffbc98,can_buf_set,high,function_names+renames,fns: can_231_buf_set_bc98_ffff (x1); roles: can_231_frame_tx_init_bytes; can_231_buf_set_bc98_ffff; cats: CAN Bus(x1)
0xffffbc9a,can231_clear,high,function_names+renames,fns: can231_clear_bc9a (x1); roles: can_231_frame_tx_init_bytes; can231_clear_bc9a; cats: CAN Bus(x1); ctx: zeros(x1)
0xffffbc9c,can_reset_counter,high,function_names+renames,fns: can_reset_counter_bc9c (x1); roles: can_periodic_tx231_tick; can_reset_counter_bc9c; cats: CAN Bus(x1); ctx: trivial_reset(x1)
0xffffbcba,ram_bcba,low,renames,roles: dsc_torque_derate_calc
0xffffbce0,ram_bce0,low,function_names+renames,fns: torque_delta_bce0_calc (x1); roles: torque_delta_bce0_calc; cats: Throttle & Torque(x1); AMBIGUOUS: single weak ref; low16 collides with ROM fn addr & no 0xffff literal in reasons
0xffffbce4,torque_corr_sum,high,function_names+renames,fns: torque_corr_sum_bce4 (x1); roles: torque_corr_sum_bce4; cats: Throttle & Torque(x1)
0xffffbcf0,ram_bcf0,low,renames,roles: torque_corr_sum_bce4
0xffffbcf4,result_to_desired_torque,medium,renames,roles: torque_correction_factor_calc; ctx: result_to_desired_torque(x1)
0xffffbcf8,torque_integral,high,function_names+renames,fns: torque_integral_acc_bcf8 (x1); roles: torque_corr_sum_bce4; torque_integral_acc_bcf8; cats: Math / FPU(x1)
0xffffbd04,ram_bd04,low,renames,roles: sample_store_prev_float_bfbc
0xffffbd08,ram_bd08,low,function_names+renames,fns: dtc_bd08_threshold_report (x1); roles: dtc_bd08_threshold_report; cats: Faults & DTC(x1); AMBIGUOUS: single weak ref; low16 collides with ROM fn addr & no 0xffff literal in reasons
0xffffbd09,state_timer_pair,medium,renames,roles: cruise_control_state_timer_a; dtc_bd08_threshold_report; ctx: state_timer_pair(x1)
0xffffbd0a,state_timer_pair_b,medium,renames,roles: cruise_control_state_timer_b; dtc_bd08_threshold_report; ctx: state_timer_pair_b(x1)
0xffffbd18,ram_bd18,low,function_names+renames,fns: cruise_cond_window_eval_bd18 (x1); roles: cruise_cond_window_eval_bd18; cats: Throttle & Torque(x1); AMBIGUOUS: single weak ref; low16 collides with ROM fn addr & no 0xffff literal in reasons
0xffffbd1c,ram_bd1c,low,renames,roles: cruise_allowed_flag_eval_bd1d
0xffffbd1d,cruise_allowed_flag_eval,high,function_names+renames,fns: cruise_allowed_flag_eval_bd1d (x1); roles: cruise_float_match_flag_bd2e; cruise_allowed_flag_eval_bd1d; cruise_cond_flag_bd81_eval; cats: Throttle & Torque(x1)
0xffffbd28,ram_bd28,low,renames,roles: cruise_cond_flag_bd81_eval
0xffffbd2e,cruise_float_match_flag,high,function_names+renames,fns: cruise_float_match_flag_bd2e (x1); roles: cruise_float_match_flag_bd2e; cats: Throttle & Torque(x1)
0xffffbd5e,ram_bd5e,low,renames,roles: cruiseControlUndershootingPlausibilityMon_a; cruise_float_match_flag_bd2e
0xffffbd62,ram_bd62,low,renames,roles: cruiseControlUndershootingPlausibilityMon_a
0xffffbd68,cruise_cond_eval_then,high,function_names+renames,fns: cruise_cond_flag_bd68_eval (x1); cruise_cond_eval_bd69_then_bd68 (x1); roles: sys_status_bit5_latch_ad7c; cruise_cond_flag_bd68_eval; cruise_cond_eval_bd69_then_bd68; cats: Throttle & Torque(x2)
0xffffbd69,cruise_cond_flag,high,function_names+renames,fns: cruise_cond_flag_bd69_eval (x1); cruise_cond_eval_bd69_then_bd68 (x1); roles: cruise_cond_flag_bd69_eval; cruise_cond_eval_bd69_then_bd68; cats: Throttle & Torque(x2)
0xffffbd70,ram_bd70,low,renames,roles: cruise_control_state_update
0xffffbd72,ram_bd72,low,renames,roles: cruise_control_state_update
0xffffbd74,ram_bd74,low,renames,roles: cruise_control_state_update
0xffffbd75,ram_bd75,low,renames,roles: cruise_control_state_update
0xffffbd7a,cruise_dtc,high,function_names+renames,fns: cruise_dtc_bd7a_check (x1); roles: cruise_dtc_bd7a_check; cats: Faults & DTC(x1)
0xffffbd7c,fault_cluster_flag,high,function_names+renames,fns: fault_cluster_flag_bd7c_eval (x1); roles: fault_cluster_flag_bd7c_eval; cats: Faults & DTC(x1)
0xffffbd80,ram_bd80,low,function_names+renames,fns: cruise_fault_flag_bd80_eval (x1); roles: cruise_fault_flag_bd80_eval; cats: Faults & DTC(x1); AMBIGUOUS: single weak ref; low16 collides with ROM fn addr & no 0xffff literal in reasons
0xffffbd81,cruise_cond_flag,high,function_names+renames,fns: cruise_cond_flag_bd81_eval (x1); roles: cruise_cond_flag_bd81_eval; cats: Throttle & Torque(x1)
0xffffbd82,ram_bd82,low,renames,roles: cruise_fault_flag_bd80_eval
0xffffbd88,diag_reg_bit80,high,function_names+renames,"fns: obd_diag_reg_f76c_bit80_from_bd88 (x1); ac_diag_reg_f76c_bit80_from_bd88 (x1); roles: obd_diag_reg_f76c_bit80_from_bd88; ac_diag_reg_f76c_bit80_from_bd88; cats: OBD / UDS(x1), Faults & DTC(x1)"
0xffffbd8a,ram_bd8a,low,renames,roles: ac_compressor_boardtemp_hyst_check
0xffffbd8e,ram_bd8e,low,renames,roles: ac_compressor_load_calc
0xffffbdbc,ram_bdbc,low,renames,roles: ac_compressor_load_calc
0xffffbdd8,uds_fault_status_mask,high,function_names+renames,fns: uds_fault_status_mask_getter_bdd8 (x1); roles: aux_monitor_confirm_counter; uds_fault_status_mask_getter_bdd8; cats: OBD / UDS(x1); ctx: gated_saturating(x1)
0xffffbddc,obd_diag_reg_bits,high,function_names+renames,"fns: flag_bb98_from_bddc (x1); obd_diag_reg_f754_bits_from_bdf8_bddc (x1); roles: flag_bb98_from_bddc; obd_diag_reg_f754_bits_from_bdf8_bddc; cats: Math / FPU(x1), OBD / UDS(x1)"
0xffffbdde,ram_bdde,low,renames,roles: aux_monitor_confirm_counter
0xffffbdf8,init_diag_reg_bit2,high,function_names+renames,fns: init_diag_reg_f754_bit2_from_bdf8 (x1); init_flag_bdf8_set (x1); roles: init_diag_reg_f754_bit2_from_bdf8; obd_diag_reg_f754_bits_from_bdf8_bddc; init_flag_bdf8_set; cats: Boot & Init(x2)
0xffffbdfc,fuel_cut_flags,high,function_names+renames,"fns: init_word_bdfc_set_ffff (x1); fuel_cut_flags_bdfc_reset_bdfe_check (x1); roles: init_word_bdfc_set_ffff; fuel_cut_flags_bdfc_reset_bdfe_check; cats: Boot & Init(x1), Fuel & Lambda(x1)"
0xffffbdfe,ram_bdfe,low,function_names+renames,fns: fuel_cut_flags_bdfc_reset_bdfe_check (x1); roles: fuel_cut_flags_bdfc_reset_bdfe_check; cats: Fuel & Lambda(x1); AMBIGUOUS: single weak ref; low16 collides with ROM fn addr & no 0xffff literal in reasons
0xffffbe32,ram_be32,low,function_names+renames,fns: build_be32_from_bytes (x1); roles: build_be32_from_bytes; cats: Utilities(x1); AMBIGUOUS: single weak ref; low16 collides with ROM fn addr & no 0xffff literal in reasons
0xffffbe44,ram_be44,low,renames,roles: aux_idle_debounce_accumulate
0xffffbe84,get_flag,high,function_names+renames,fns: get_flag_be84 (x1); roles: get_flag_be84; cats: Ignition & Knock(x1); ctx: getter_returns(x1)
0xffffbe9c,warm_restart_copy_cal_float,high,function_names+renames,fns: warm_restart_copy_cal_float_be9c (x1); roles: warm_restart_copy_cal_float_be9c; cats: Boot & Init(x1)
0xffffbf58,uds_fault_status_mask,high,function_names+renames,"fns: ssv_mode_gated_copy_bf59_to_bf58 (x1); uds_fault_status_mask_getter_bf58_ad7c_cca4 (x1); roles: ssv_mode_gated_copy_bf59_to_bf58; uds_fault_status_mask_getter_bf58_ad7c_cca4; cats: Memory & CRC(x1), OBD / UDS(x1)"
0xffffbf59,hwfault_reg_bit3_latch,high,function_names+renames,"fns: hwfault_reg_9ecd_bit3_latch_bf59 (x1); ssv_mode_gated_copy_bf59_to_bf58 (x1); roles: ssv_mode_gated_copy_bf59_to_bf58; hwfault_reg_9ecd_bit3_latch_bf59; cats: Faults & DTC(x1), Memory & CRC(x1); ctx: latch(x1)"
0xffffbf88,uds_fault_status_mask,high,function_names+renames,"fns: fault_flag_copy_bf88_cf95 (x1); uds_fault_status_mask_getter_f76c_bf88 (x1); roles: fault_flag_copy_bf88_cf95; uds_fault_status_mask_getter_f76c_bf88; cats: Faults & DTC(x1), OBD / UDS(x1)"
0xffffbf8a,ram_bf8a,low,function_names+renames,fns: sr_protected_counter_bf8a_update (x1); roles: sr_protected_counter_bf8a_update; cats: Peripherals & ISR(x1); AMBIGUOUS: single weak ref; low16 collides with ROM fn addr & no 0xffff literal in reasons
0xffffbf94,sas_on_time_shadow,medium,renames,roles: sas_air_inj_on_time_calc; sas_latch_engine_state_bf9c; ctx: sas_on_time_shadow(x1)
0xffffbf9c,sas_latch_engine_state,high,function_names+renames,fns: sas_latch_engine_state_bf9c (x1); roles: battery_temp_conv_chain; sas_latch_engine_state_bf9c; cats: Sensors(x1)
0xffffbf9d,ram_bf9d,low,renames,roles: sas_air_inj_on_time_calc
0xffffbfb8,hwfault_reg_bit6_latch,high,function_names+renames,"fns: hwfault_reg_9ecd_bit6_latch_bfb8 (x1); uds_fault_status_mask_getter_b587_bfb8 (x1); roles: uds_fault_status_mask_getter_b587_bfb8; hwfault_reg_9ecd_bit6_latch_bfb8; cats: Faults & DTC(x1), OBD / UDS(x1); ctx: latch(x1)"
0xffffbfbc,sample_store_prev_float,high,function_names+renames,"fns: sample_store_prev_float_bfbc (x1); sample_copy_float_bbe8_to_bfbc (x1); roles: cruise_accel_resume_cond_check; sample_store_prev_float_bfbc; sample_copy_float_bbe8_to_bfbc; cats: Math / FPU(x1), Memory & CRC(x1); ctx: gated_float_delta(x1)"
0xffffbfc0,ram_bfc0,low,renames,roles: cruise_accel_resume_cond_check; cruise_float_match_flag_bd2e
0xffffbfc4,ram_bfc4,low,renames,roles: cruise_float_match_flag_bd2e
0xffffbfd0,ram_bfd0,low,renames,roles: cruise_allowed_flag_eval_bd1d
0xffffbfd1,ram_bfd1,low,renames,roles: cruise_allowed_flag_eval_bd1d
0xffffbfd2,ram_bfd2,low,renames,roles: cruise_accel_resume_cond_check
0xffffbfd3,ram_bfd3,low,renames,roles: cruise_accel_resume_cond_check
0xffffbfd8,ram_bfd8,low,renames,roles: cruise_accel_resume_cond_check
0xffffbff0,ram_bff0,low,renames,roles: can630_pack_frame_tx
0xffffbff8,byte_reg_copy,high,function_names+renames,fns: byte_reg_copy_d196_to_bff8 (x1); roles: byte_reg_copy_d196_to_bff8; cats: Memory & CRC(x1)
0xffffbff9,can630_status_byte,high,function_names+renames,fns: can630_status_byte_bff9_from_cbd6 (x1); roles: can630_status_byte_bff9_from_cbd6; cats: CAN Bus(x1)
0xffffbffa,can630_copy_byte,high,function_names+renames,fns: can630_copy_byte_d196_to_bffa (x1); roles: can630_copy_byte_d196_to_bffa; cats: CAN Bus(x1)
0xffffbffc,can630_tx_counter,high,function_names+renames,fns: can630_tx_counter_bffc_reset (x1); roles: can630_tx_counter_bffc_reset; cats: CAN Bus(x1)
0xffffc004,state_machine_pairing,medium,renames,roles: diag_emission_monitor_state; ctx: state_machine_pairing(x1)
0xffffc00a,can620_tx_counter,high,function_names+renames,fns: can620_tx_counter_c00a_reset (x1); roles: can620_tx_counter_c00a_reset; cats: CAN Bus(x1)
0xffffc013,can_fault_confirm_counter,high,function_names+renames,"fns: byte_reg_copy_d483_to_c013 (x1); can_fault_confirm_counter_c013 (x1); roles: byte_reg_copy_d483_to_c013; can_fault_confirm_counter_c013; cats: Memory & CRC(x1), Faults & DTC(x1)"
0xffffc014,can430_copy_bytes,high,function_names+renames,"fns: can430_copy_bytes_c017_to_c014 (x1); byte_c014_to_float_cd8c (x1); roles: byte_c014_to_float_cd8c; can430_copy_bytes_c017_to_c014; cats: CAN Bus(x1), Math / FPU(x1)"
0xffffc017,can430_copy_bytes,high,function_names+renames,fns: can430_copy_bytes_c017_to_c014 (x1); roles: can430_copy_bytes_c017_to_c014; cats: CAN Bus(x1)
0xffffc03c,init_float,high,function_names+renames,fns: init_float_c03c_set_const (x1); roles: init_float_c03c_set_const; cats: Boot & Init(x1)
0xffffc05c,float_slew_filter,high,function_names+renames,fns: float_slew_filter_c05c_from_b588 (x1); roles: can620_priority_decode_pack; float_slew_filter_c05c_from_b588; cats: Math / FPU(x1)
0xffffc070,knock_byte,high,function_names+renames,fns: knock_byte_c070_clear (x1); roles: knock_byte_c070_clear; cats: Ignition & Knock(x1)
0xffffc0ca,timeout_counters_sat_inc,medium,renames,roles: throttle_timeout_counters_update; ctx: timeout_counters_sat_inc(x1)
0xffffc0cc,ram_c0cc,low,renames,roles: throttle_timeout_counters_update
0xffffc0ce,ram_c0ce,low,renames,roles: throttle_timeout_counters_update
0xffffc0d0,byte_change_detect,high,function_names+renames,fns: byte_change_detect_c0d0_c0d3 (x1); roles: byte_change_detect_c0d0_c0d3; cats: Utilities(x1)
0xffffc0d3,byte_change_detect,high,function_names+renames,fns: byte_change_detect_c0d0_c0d3 (x1); roles: byte_change_detect_c0d0_c0d3; cats: Utilities(x1)
0xffffc0ec,float_cell,high,function_names+renames,fns: float_cell_c0ec_cond_zero_init (x1); roles: float_cell_c0ec_cond_zero_init; cats: Boot & Init(x1)
0xffffc114,ram_c114,low,renames,roles: fuel_load_factor_enrich_calc
0xffffc11c,ram_c11c,low,renames,roles: fuel_load_factor_enrich_calc
0xffffc120,ram_c120,low,renames,roles: fuel_load_factor_enrich_calc
0xffffc124,ram_c124,low,function_names+renames,fns: uds_mode22_did_c124_getter (x1); roles: uds_mode22_did_c124_getter; cats: OBD / UDS(x1); AMBIGUOUS: single weak ref; low16 collides with ROM fn addr & no 0xffff literal in reasons
0xffffc12c,ram_c12c,low,renames,roles: fuel_o2_warmup_condition
0xffffc130,ram_c130,low,renames,roles: fuel_startup_enrich_gate_lookup
0xffffc168,ram_c168,low,renames,roles: fuel_startup_enrich_gate_lookup
0xffffc169,revlimit_byte_copy,high,function_names+renames,fns: revlimit_byte_copy_b129_to_c169 (x1); roles: fuel_startup_enrich_gate_lookup; revlimit_byte_copy_b129_to_c169; cats: Rev Limit(x1)
0xffffc184,flag_on_duration_counter,high,function_names+renames,fns: flag_on_duration_counter_b126_c184 (x1); roles: flag_on_duration_counter_b126_c184; cats: Throttle & Torque(x1)
0xffffc1b4,it_then_latch,medium,renames,roles: flag_on_duration_counter_b126_c184; ctx: it_then_latch(x1)
0xffffc1b8,ram_c1b8,low,function_names+renames,fns: idle_target_c1b8_select (x1); roles: idle_target_c1b8_select; cats: Idle Control(x1); AMBIGUOUS: single weak ref; low16 collides with ROM fn addr & no 0xffff literal in reasons
0xffffc1ec,uds_mode22_status_byte,high,function_names+renames,fns: uds_mode22_status_byte_c1ec_c290 (x1); roles: uds_mode22_status_byte_c1ec_c290; cats: OBD / UDS(x1)
0xffffc1ee,uds_byte,high,function_names+renames,fns: uds_byte_getter_c1ee (x1); roles: uds_byte_getter_c1ee; obd_boot_state_select; cats: OBD / UDS(x1)
0xffffc1ef,obd_emit_status,high,function_names+renames,fns: obd_emit_status_c1ef_c1f0 (x1); roles: obd_emit_status_c1ef_c1f0; cats: OBD / UDS(x1)
0xffffc1f0,obd_emit_status,high,function_names+renames,fns: obd_emit_status_c1ef_c1f0 (x1); roles: obd_emit_status_c1ef_c1f0; cats: OBD / UDS(x1)
0xffffc1f1,uds_fault_status_mask,high,function_names+renames,fns: uds_fault_status_mask_getter_c1f1_c1f4 (x1); roles: uds_fault_status_mask_getter_c1f1_c1f4; cats: OBD / UDS(x1)
0xffffc1f4,ram_c1f4,low,function_names+renames,fns: uds_fault_status_mask_getter_c1f1_c1f4 (x1); roles: uds_fault_status_mask_getter_c1f1_c1f4; cats: OBD / UDS(x1); AMBIGUOUS: single weak ref; low16 collides with ROM fn addr & no 0xffff literal in reasons
0xffffc228,ram_c228,low,renames,roles: ImmoStateInvalidKey; immo_init_check_dispatch
0xffffc23a,received_state_machine,medium,renames,"roles: ImmoKeyRXd; ImmoStateInvalidKey; ctx: received_state_machine(x1), handler_on_key_state(x1)"
0xffffc24e,ram_c24e,low,function_names+renames,fns: obd_word_build_c24e_from_c293 (x1); roles: obd_word_build_c24e_from_c293; cats: OBD / UDS(x1); AMBIGUOUS: single weak ref; low16 collides with ROM fn addr & no 0xffff literal in reasons
0xffffc253,immo_comm_confirm_counter,high,function_names+renames,fns: immo_comm_confirm_counter_c253 (x1); roles: immo_comm_confirm_counter_c253; cats: OBD / UDS(x1)
0xffffc276,ram_c276,low,function_names+renames,fns: port_f66a_mask_efff_dispatch_c276 (x1); roles: port_f66a_mask_efff_dispatch_c276; cats: Peripherals & ISR(x1); AMBIGUOUS: single weak ref; low16 collides with ROM fn addr & no 0xffff literal in reasons
0xffffc284,ram_c284,low,renames,roles: immo_init_check_dispatch
0xffffc28e,ram_c28e,low,renames,roles: ImmoStateInvalidKey_a
0xffffc290,uds_mode22_status_byte,high,function_names+renames,fns: uds_mode22_status_byte_c1ec_c290 (x1); roles: uds_mode22_status_byte_c1ec_c290; cats: OBD / UDS(x1)
0xffffc292,ram_c292,low,function_names+renames,fns: immo_comm_confirm_counter_c292 (x1); roles: immo_comm_confirm_counter_c292; cats: OBD / UDS(x1); AMBIGUOUS: single weak ref; low16 collides with ROM fn addr & no 0xffff literal in reasons
0xffffc293,obd_byte_reorder,high,function_names+renames,fns: obd_byte_reorder_f430_to_c293 (x1); obd_word_build_c24e_from_c293 (x1); roles: obd_byte_reorder_f430_to_c293; obd_word_build_c24e_from_c293; cats: OBD / UDS(x2)
0xffffc296,ram_c296,low,function_names+renames,fns: immo_rx_word_c296_store (x1); roles: immo_rx_word_c296_store; cats: OBD / UDS(x1); AMBIGUOUS: single weak ref; low16 collides with ROM fn addr & no 0xffff literal in reasons
0xffffc297,ram_c297,low,renames,roles: immo_eeprom_write_request_01; immo_eeprom_write_request_09; immo_eeprom_write_request_08; immo_eeprom_write_request_0f
0xffffc29b,ram_c29b,low,renames,roles: immo_eeprom_write_request_01
0xffffc29c,ram_c29c,low,renames,roles: immo_eeprom_write_request_01
0xffffc2aa,buf,high,function_names+renames,fns: e2_buf_c2aa_addr_get (x1); roles: e2_buf_c2aa_addr_get; cats: Memory & CRC(x1); ctx: returns(x1)
0xffffc2ae,ram_c2ae,low,renames,roles: immo_eeprom_write_request_09
0xffffc2af,ram_c2af,low,renames,roles: immo_eeprom_write_request_09
0xffffc2b0,ram_c2b0,low,renames,roles: immo_eeprom_write_request_08
0xffffc2b1,ram_c2b1,low,renames,roles: immo_eeprom_write_request_08
0xffffc2b4,ram_c2b4,low,renames,roles: immo_eeprom_write_request_0f
0xffffc2b5,ram_c2b5,low,renames,roles: immo_eeprom_write_request_0f
0xffffc2d1,ram_c2d1,low,renames,roles: immo_eeprom_write_request_01; immo_eeprom_write_request_09; immo_eeprom_write_request_08; immo_eeprom_write_request_0f
0xffffc2f8,ram_c2f8,low,renames,roles: immo_eeprom_write_request_0e; immo_eeprom_write_request_02; immo_eeprom_write_request_01; immo_eeprom_write_request_09
0xffffc4b2,ram_c4b2,low,renames,roles: eeprom_shadow_write_state_task
0xffffc4b9,shadow,high,function_names+renames,fns: e2_shadow_c4b9_c4ba_init (x1); roles: e2_shadow_c4b9_c4ba_init; cats: Boot & Init(x1)
0xffffc4ba,ram_c4ba,low,function_names+renames,fns: e2_shadow_c4b9_c4ba_init (x1); roles: e2_shadow_c4b9_c4ba_init; cats: Boot & Init(x1); AMBIGUOUS: single weak ref; low16 collides with ROM fn addr & no 0xffff literal in reasons
0xffffc4d4,fault_confirm_counter,medium,function_names+renames,"fns: fault_cell_c4d4_from_6d487 (x1); fault_confirm_counter_c4d4 (x1); roles: fault_cell_c4d4_from_6d487; fault_confirm_counter_c4d4; cats: CAN Bus(x1), Faults & DTC(x1); CAUTION: low16 also collides with a ROM function address"
0xffffc4dc,ram_c4dc,low,renames,roles: fault_cd0c_load_gated
0xffffc4de,fault_word_copy,high,function_names+renames,fns: fault_word_copy_c4e0_to_c4de (x1); roles: fault_cd0c_load_gated; fault_word_copy_c4e0_to_c4de; cats: CAN Bus(x1)
0xffffc4e0,ram_c4e0,low,function_names+renames,fns: fault_word_copy_c4e0_to_c4de (x1); roles: fault_word_copy_c4e0_to_c4de; cats: CAN Bus(x1); AMBIGUOUS: single weak ref; low16 collides with ROM fn addr & no 0xffff literal in reasons
0xffffc50c,float_filter_2dlookup,medium,function_names+renames,fns: float_copy_aa74_to_c50c (x1); float_filter_2dlookup_c50c (x1); roles: float_copy_aa74_to_c50c; float_filter_2dlookup_c50c; cats: Math / FPU(x2); CAUTION: low16 also collides with a ROM function address
0xffffc51a,ram_c51a,low,function_names+renames,fns: float_2dlookup_a9fc_to_c518_c51a (x1); roles: float_2dlookup_a9fc_to_c518_c51a; cats: Math / FPU(x1); AMBIGUOUS: single weak ref; low16 collides with ROM fn addr & no 0xffff literal in reasons
0xffffc51c,counter_inc,high,function_names+renames,fns: counter_inc_c51c_cond_a428 (x1); roles: counter_inc_c51c_cond_a428; cats: Sensors(x1)
0xffffc520,fault_input_latch,high,function_names+renames,fns: dtc_report_17_from_c520_c521 (x1); fault_input_latch_c520 (x1); roles: dtc_report_17_from_c520_c521; fault_input_latch_c520; cats: Faults & DTC(x2)
0xffffc521,dtc_report,high,function_names+renames,fns: dtc_report_17_from_c520_c521 (x1); roles: dtc_report_17_from_c520_c521; cats: Faults & DTC(x1)
0xffffc522,ram_c522,low,function_names+renames,fns: float_state_accum_c522 (x1); roles: float_state_accum_c522; cats: Math / FPU(x1); AMBIGUOUS: single weak ref; low16 collides with ROM fn addr & no 0xffff literal in reasons
0xffffc528,rtos_task_state_switch,high,function_names+renames,fns: rtos_task_state_switch_c528 (x1); roles: rtos_task_state_switch_c528; cats: RTOS(x1)
0xffffc532,ram_c532,low,renames,roles: mem_cellflag_sensor_cond_write
0xffffc534,float,high,function_names+renames,"fns: float_c534_init_one (x1); fault_ref_float_c534_update (x1); roles: float_c534_init_one; fault_ref_float_c534_update; cats: Boot & Init(x1), Faults & DTC(x1)"
0xffffc53e,fault_confirm_counter,high,function_names+renames,fns: fault_confirm_counter_c53e (x1); roles: fault_confirm_counter_c53e; cats: Faults & DTC(x1)
0xffffc53f,fault_monitor_sample,high,function_names+renames,fns: fault_monitor_sample_c53f_79570 (x1); roles: fault_monitor_sample_c53f_79570; cats: Faults & DTC(x1)
0xffffc543,dtc_report,high,function_names+renames,fns: dtc_report_2a_from_c542_c543 (x1); roles: dtc_report_2a_from_c542_c543; cats: Faults & DTC(x1)
0xffffc546,ram_c546,low,function_names+renames,fns: fault_threshold_monitor_c546 (x1); roles: fault_threshold_monitor_c546; cats: Faults & DTC(x1); AMBIGUOUS: single weak ref; low16 collides with ROM fn addr & no 0xffff literal in reasons
0xffffc581,ram_c581,low,renames,roles: evap_fault_0x2e_cond_eval
0xffffc582,ram_c582,low,renames,roles: evap_fault_0x2e_cond_eval
0xffffc583,fuel_fault_latch,high,function_names+renames,fns: fuel_fault_latch_c583 (x1); roles: fuel_fault_latch_c583; cats: Fuel & Lambda(x1)
0xffffc58c,fault_ram_copy,high,function_names+renames,fns: fault_ram_copy_79748_c58c (x1); roles: fault_ram_copy_79748_c58c; cats: Boot & Init(x1)
0xffffc58f,fault_counter_inc_saturate,high,function_names+renames,fns: fault_counter_inc_saturate_c58f (x1); roles: fault_counter_inc_saturate_c58f; cats: Faults & DTC(x1)
0xffffc59c,ram_c59c,low,renames,roles: fuel_request_fault_fallback_update
0xffffc5a0,ram_c5a0,low,renames,roles: fuel_request_fault_fallback_update
0xffffc5a4,ram_c5a4,low,function_names+renames,fns: fault_ram_snapshot_79712_c5a4 (x1); roles: fault_ram_snapshot_79712_c5a4; cats: Boot & Init(x1); AMBIGUOUS: single weak ref; low16 collides with ROM fn addr & no 0xffff literal in reasons
0xffffc5b5,dtc_status_combine,high,function_names+renames,fns: dtc_status_combine_c5b5_c5b6 (x1); roles: dtc_status_combine_c5b5_c5b6; cats: Faults & DTC(x1)
0xffffc5b6,ram_c5b6,low,function_names+renames,fns: dtc_status_combine_c5b5_c5b6 (x1); roles: dtc_status_combine_c5b5_c5b6; cats: Faults & DTC(x1); AMBIGUOUS: single weak ref; low16 collides with ROM fn addr & no 0xffff literal in reasons
0xffffc5b7,dtc_status_combine,high,function_names+renames,fns: dtc_status_combine_c5b7_c5b8 (x1); roles: dtc_status_combine_c5b7_c5b8; cats: Faults & DTC(x1)
0xffffc5b8,ram_c5b8,low,function_names+renames,fns: dtc_status_combine_c5b7_c5b8 (x1); roles: dtc_status_combine_c5b7_c5b8; cats: Faults & DTC(x1); AMBIGUOUS: single weak ref; low16 collides with ROM fn addr & no 0xffff literal in reasons
0xffffc5c4,fault_byte_copy,high,function_names+renames,fns: fault_byte_copy_7970c_c5c4 (x1); roles: fault_byte_copy_7970c_c5c4; cats: Boot & Init(x1)
0xffffc5c8,ram_c5c8,low,function_names+renames,fns: sensor_plausibility_monitor_c5c8 (x1); roles: sensor_plausibility_monitor_c5c8; cats: Sensors(x1); AMBIGUOUS: single weak ref; low16 collides with ROM fn addr & no 0xffff literal in reasons
0xffffc5ca,sensor_byte_copy,high,function_names+renames,fns: sensor_byte_copy_79706_c5ca (x1); roles: sensor_byte_copy_79706_c5ca; cats: Sensors(x1)
0xffffc5cb,diag_fault_flag_eval,high,function_names+renames,fns: diag_fault_24_flag_eval_c5cb_c5cc (x1); roles: diag_fault_24_flag_eval_c5cb_c5cc; cats: Faults & DTC(x1)
0xffffc5cc,diag_fault_flag_eval,high,function_names+renames,fns: diag_fault_24_flag_eval_c5cb_c5cc (x1); roles: diag_fault_24_flag_eval_c5cb_c5cc; cats: Faults & DTC(x1)
0xffffc5cd,sensor_flag_copy,high,function_names+renames,fns: sensor_flag_copy_79707_c5cd (x1); roles: diag_fault_24_flag_eval_c5cb_c5cc; sensor_flag_copy_79707_c5cd; cats: Sensors(x1)
0xffffc5dc,ram_c5dc,low,function_names+renames,fns: sensor_float_range_flag_c5dc_c5dd (x1); roles: sensor_float_range_flag_c5dc_c5dd; cats: Faults & DTC(x1); AMBIGUOUS: single weak ref; low16 collides with ROM fn addr & no 0xffff literal in reasons
0xffffc5dd,sensor_float_range_flag,high,function_names+renames,fns: sensor_float_range_flag_c5dc_c5dd (x1); roles: sensor_float_range_flag_c5dc_c5dd; cats: Faults & DTC(x1)
0xffffc5ea,ram_c5ea,low,renames,roles: cond_flag_b2e0_multi_eval
0xffffc5eb,sensor_float_range_flag,high,function_names+renames,fns: sensor_float_range_flag_c5eb_c5ec (x1); roles: sensor_float_range_flag_c5eb_c5ec; cats: Faults & DTC(x1)
0xffffc5ec,ram_c5ec,low,function_names+renames,fns: sensor_float_range_flag_c5eb_c5ec (x1); roles: sensor_float_range_flag_c5eb_c5ec; cats: Faults & DTC(x1); AMBIGUOUS: single weak ref; low16 collides with ROM fn addr & no 0xffff literal in reasons
0xffffc5f4,init_temp_range_limits,high,function_names+renames,"fns: init_temp_range_limits_c5f4_c5f8 (x1); fault_monitor_sample_c5f4_792d4 (x1); roles: init_temp_range_limits_c5f4_c5f8; fault_monitor_sample_c5f4_792d4; cats: Boot & Init(x1), Faults & DTC(x1)"
0xffffc5f8,init_temp_range_limits,medium,function_names+renames,"fns: init_temp_range_limits_c5f4_c5f8 (x1); store_float_c5f8 (x1); roles: init_temp_range_limits_c5f4_c5f8; store_float_c5f8; cats: Boot & Init(x1), Math / FPU(x1); CAUTION: low16 also collides with a ROM function address"
0xffffc600,ram_c600,low,renames,roles: fuel_o2_warmup_condition
0xffffc608,alternator_current_delta,high,function_names+renames,"fns: copy_shadow_cells_c608_c614 (x1); alternator_current_delta_c608 (x1); roles: alternator_current_delta_c608; copy_shadow_cells_c608_c614; cats: Boot & Init(x1), Sensors(x1)"
0xffffc614,copy_shadow_cells,high,function_names+renames,fns: copy_shadow_cells_c608_c614 (x1); roles: alternator_current_delta_c608; copy_shadow_cells_c608_c614; cats: Boot & Init(x1)
0xffffc618,ram_c618,low,function_names+renames,fns: copy_byte_c618 (x1); roles: copy_byte_c618; cats: Boot & Init(x1); AMBIGUOUS: single weak ref; low16 collides with ROM fn addr & no 0xffff literal in reasons
0xffffc61c,copy_ram_bytes,high,function_names+renames,fns: copy_ram_bytes_c61c_c623 (x1); roles: copy_ram_bytes_c61c_c623; cats: Boot & Init(x1)
0xffffc623,copy_ram_bytes,high,function_names+renames,fns: copy_ram_bytes_c61c_c623 (x1); roles: copy_ram_bytes_c61c_c623; cats: Boot & Init(x1)
0xffffc62a,ram_c62a,low,function_names+renames,fns: copy_ram_bytes_c62a_c62b (x1); roles: copy_ram_bytes_c62a_c62b; cats: Boot & Init(x1); AMBIGUOUS: single weak ref; low16 collides with ROM fn addr & no 0xffff literal in reasons
0xffffc62b,copy_ram_bytes,high,function_names+renames,fns: copy_ram_bytes_c62a_c62b (x1); roles: copy_ram_bytes_c62a_c62b; cats: Boot & Init(x1)
0xffffc633,check_status_bit,high,function_names+renames,fns: check_status_bit_c633 (x1); roles: byte_change_flag_c634_latch; check_status_bit_c633; cats: Fuel & Lambda(x1)
0xffffc634,byte_change_flag,high,function_names+renames,fns: byte_change_flag_c634_latch (x1); roles: byte_change_flag_c634_latch; cats: Utilities(x1)
0xffffc635,ram_c635,low,renames,roles: byte_change_flag_c634_latch
0xffffc638,sr_guarded_ram,high,function_names+renames,fns: sr_guarded_ram_init_c638 (x1); roles: sr_guarded_ram_init_c638; cats: Memory & CRC(x1)
0xffffc64a,ram_c64a,low,function_names+renames,fns: sensor_plausibility_check_c64a (x1); roles: sensor_plausibility_check_c64a; cats: Faults & DTC(x1); AMBIGUOUS: single weak ref; low16 collides with ROM fn addr & no 0xffff literal in reasons
0xffffc64e,conditions,medium,renames,roles: dtc_status_write_pair_0f16; ctx: conditions(x1)
0xffffc64f,ram_c64f,low,renames,roles: dtc_status_write_pair_0f16
0xffffc650,ram_c650,low,renames,roles: dtc_status_write_pair_0f16
0xffffc658,filter_default,high,function_names+renames,fns: filter_default_c658 (x1); roles: filter_default_c658; cats: Faults & DTC(x1)
0xffffc678,filter_default,high,function_names+renames,fns: filter_default_c678 (x1); roles: filter_default_c678; cats: Faults & DTC(x1)
0xffffc68c,ram_c68c,low,renames,roles: o2_boost_cond_timer_countdown
0xffffc690,filter_default,high,function_names+renames,fns: filter_default_c690 (x1); roles: filter_default_c690; cats: Faults & DTC(x1)
0xffffc691,ram_c691,low,renames,roles: diag_emission_monitor_state
0xffffc698,ram_c698,low,renames,roles: filter_default_c678
0xffffc699,sensor_plausibility_check,high,function_names+renames,fns: sensor_plausibility_check_c699 (x1); roles: sensor_plausibility_check_c699; cats: Faults & DTC(x1)
0xffffc6a0,conditions,medium,renames,roles: dtc_status_write_pair_4873; ctx: conditions(x1)
0xffffc6a1,ram_c6a1,low,renames,roles: dtc_status_write_pair_4873
0xffffc6a4,ram_c6a4,low,renames,roles: dtc_status_write_pair_4873; plausibility_state_latch
0xffffc6a5,ram_c6a5,low,renames,roles: plausibility_state_latch
0xffffc6a8,uds_mode22,high,function_names+renames,fns: uds_mode22_get_c6a8_16bit (x1); roles: ac_compressor_boardtemp_hyst_check; uds_mode22_get_c6a8_16bit; cats: OBD / UDS(x1); ctx: board(x1)
0xffffc6ac,gpio_input_flags,high,function_names+renames,fns: gpio_input_flags_c6ac_c6ad (x1); roles: gpio_input_flags_c6ac_c6ad; cats: Peripherals & ISR(x1)
0xffffc6ad,gpio_input_flags,high,function_names+renames,fns: gpio_input_flags_c6ac_c6ad (x1); roles: gpio_input_flags_c6ac_c6ad; cats: Peripherals & ISR(x1)
0xffffc6b0,ram_c6b0,low,function_names+renames,fns: set_flag_c6b0 (x1); roles: set_flag_c6b0; cats: Faults & DTC(x1); AMBIGUOUS: single weak ref; low16 collides with ROM fn addr & no 0xffff literal in reasons
0xffffc6bc,clamp_float,high,function_names+renames,fns: clamp_float_c6bc_c6c0 (x1); roles: clamp_float_c6bc_c6c0; cats: Faults & DTC(x1)
0xffffc6c0,clamp_float,high,function_names+renames,fns: clamp_float_c6bc_c6c0 (x1); roles: clamp_float_c6bc_c6c0; cats: Faults & DTC(x1)
0xffffc6ca,limit_word_update,high,function_names+renames,fns: limit_word_update_c6ca_c6cc (x1); roles: limit_word_update_c6ca_c6cc; cats: Rev Limit(x1)
0xffffc6cc,limit_word_update,high,function_names+renames,fns: limit_word_update_c6ca_c6cc (x1); roles: limit_word_update_c6ca_c6cc; cats: Rev Limit(x1)
0xffffc6d4,ram_c6d4,low,renames,roles: sensor_plausibility_check_8738
0xffffc6d8,ram_c6d8,low,renames,roles: dtc_0x70_monitor; dtc_0x6f_monitor
0xffffc6da,ram_c6da,low,renames,roles: sensor_plausibility_check_8738; sensor_plausibility_check_8740
0xffffc6e0,ram_c6e0,low,renames,roles: fpu_ramp_update_shadow
0xffffc6e4,ram_c6e4,low,renames,roles: fpu_ramp_update_shadow
0xffffc6ec,ram_c6ec,low,function_names+renames,fns: fault_monitor_sample_c6ec (x1); roles: fault_monitor_sample_c6ec; cats: Faults & DTC(x1); AMBIGUOUS: single weak ref; low16 collides with ROM fn addr & no 0xffff literal in reasons
0xffffc6f0,ram_c6f0,low,function_names+renames,fns: fault_monitor_sample_c6f0 (x1); roles: fault_monitor_sample_c6f0; cats: Faults & DTC(x1); AMBIGUOUS: single weak ref; low16 collides with ROM fn addr & no 0xffff literal in reasons
0xffffc700,eeprom_shadow_float_cells,medium,renames,roles: eeprom_float_adapt_update; ctx: eeprom_shadow_float_cells(x1)
0xffffc704,init_float,high,function_names+renames,fns: init_float_c704_c708 (x1); roles: filter_counter_init_c750; init_float_c704_c708; filter_pair_first_order; cats: Boot & Init(x1)
0xffffc708,init_float,high,function_names+renames,fns: init_float_c704_c708 (x1); roles: filter_counter_init_c750; init_float_c704_c708; filter_pair_first_order; cats: Boot & Init(x1)
0xffffc750,filter_counter,high,function_names+renames,fns: filter_counter_init_c750 (x1); roles: filter_counter_init_c750; cats: Math / FPU(x1)
0xffffc754,ram_c754,low,renames,roles: dtc_multi_flag_eval
0xffffc76c,ram_c76c,low,renames,roles: fault_1b_filter_eval
0xffffc772,ram_c772,low,renames,roles: dtc_flag_propagation
0xffffc7fe,ram_c7fe,low,renames,roles: eeprom_float_adapt_update
0xffffc808,propagation_gate,medium,renames,roles: dtc_flag_propagation; ctx: propagation_gate(x1)
0xffffc809,ram_c809,low,renames,roles: eeprom_float_adapt_update
0xffffc810,ram_c810,low,renames,roles: evap_pressure_fault_flag_eval
0xffffc816,ram_c816,low,renames,roles: fuel_dtc_counter_eval
0xffffc81e,debounce,medium,renames,roles: fault_02_flag_eval; fault_02_debounce_latch; ctx: debounce(x1)
0xffffc820,ram_c820,low,renames,roles: fault_02_flag_eval
0xffffc822,ram_c822,low,renames,roles: fault_02_debounce_latch
0xffffc832,ram_c832,low,function_names+renames,fns: latch_flags_c832_c833 (x1); roles: latch_flags_c832_c833; cats: Faults & DTC(x1); AMBIGUOUS: single weak ref; low16 collides with ROM fn addr & no 0xffff literal in reasons
0xffffc833,latch_flags,high,function_names+renames,fns: latch_flags_c832_c833 (x1); roles: latch_flags_c832_c833; cats: Faults & DTC(x1)
0xffffc840,first_order_filter,high,function_names+renames,fns: first_order_filter_c840 (x1); roles: first_order_filter_c840; cats: Math / FPU(x1)
0xffffc844,ram_c844,low,renames,roles: dtc_threshold_eval_41554
0xffffc846,ram_c846,low,renames,roles: dtc_threshold_eval_417ec
0xffffc84a,decrement,medium,renames,roles: dtc_counter_decrement_flags; ctx: decrement(x1)
0xffffc84c,ram_c84c,low,renames,roles: dtc_counter_decrement_flags; dtc_threshold_counter_set
0xffffc84d,ram_c84d,low,renames,roles: dtc_counter_decrement_flags; dtc_threshold_eval_41554
0xffffc84e,ram_c84e,low,renames,roles: dtc_threshold_eval_417ec
0xffffc84f,ram_c84f,low,renames,roles: dtc_threshold_eval_41554; latch_flags_c832_c833
0xffffc858,ram_c858,low,renames,roles: dtc_threshold_eval_41554
0xffffc85a,ram_c85a,low,renames,roles: dtc_threshold_eval_417ec
0xffffc85c,ram_c85c,low,renames,roles: dtc_threshold_eval_417ec
0xffffc85e,ram_c85e,low,renames,roles: dtc_threshold_eval_41554
0xffffc868,ram_c868,low,renames,roles: dtc_counter_decrement_flags
0xffffc86a,ram_c86a,low,renames,roles: dtc_counter_decrement_flags
0xffffc86c,ram_c86c,low,function_names+renames,fns: flag_remap_c86c_c871 (x1); roles: flag_remap_c86c_c871; cats: Faults & DTC(x1); AMBIGUOUS: single weak ref; low16 collides with ROM fn addr & no 0xffff literal in reasons
0xffffc871,flag_remap,high,function_names+renames,fns: flag_remap_c86c_c871 (x1); roles: flag_remap_c86c_c871; cats: Faults & DTC(x1)
0xffffc874,calc_float,high,function_names+renames,fns: calc_float_c874 (x1); roles: calc_float_c874; dtc_counter_word_flags_2; cats: Faults & DTC(x1)
0xffffc878,dtc_all_clear_flag,high,function_names+renames,fns: dtc_all_clear_flag_c878 (x1); roles: dtc_all_clear_flag_c878; dtc_counter_word_flags; dtc_counter_word_flags_2; cats: Faults & DTC(x1)
0xffffc879,ram_c879,low,renames,roles: dtc_counter_word_flags; flag_remap_c86c_c871
0xffffc87a,ram_c87a,low,renames,roles: flag_remap_c86c_c871
0xffffc87b,consecutive_else_or_remap,medium,renames,roles: flag_remap_c86c_c871; ctx: consecutive_else_or_remap(x1)
0xffffc87c,ram_c87c,low,renames,roles: threshold_counter_inc_latch
0xffffc87f,ram_c87f,low,renames,roles: dtc_counter_word_flags_2; flag_remap_c86c_c871
0xffffc880,ram_c880,low,renames,roles: flag_remap_c86c_c871
0xffffc882,ram_c882,low,renames,roles: dtc_counter_word_flags
0xffffc890,ram_c890,low,renames,roles: dtc_counter_word_flags_2
0xffffc895,temp_fault_eval,high,function_names+renames,fns: temp_fault_eval_c895_c897 (x1); roles: temp_fault_eval_c895_c897; cats: Faults & DTC(x1)
0xffffc897,temp_fault_eval,high,function_names+renames,fns: temp_fault_eval_c895_c897 (x1); roles: temp_fault_eval_c895_c897; cats: Faults & DTC(x1)
0xffffc898,ram_c898,low,renames,roles: temp_fault_eval_c895_c897
0xffffc89c,immo_status_mirror,high,function_names+renames,fns: immo_status_mirror_b5c4_to_c89c (x1); roles: immo_status_mirror_b5c4_to_c89c; cats: OBD / UDS(x1)
0xffffc8ac,inf_sanitize_result,medium,renames,roles: sanitize_float_c8b0_gate_c944; ctx: inf_sanitize_result(x1)
0xffffc8b0,sanitize_float,high,function_names+renames,fns: sanitize_float_c8b0_gate_c944 (x1); roles: sanitize_float_c8b0_gate_c944; cats: Math / FPU(x1)
0xffffc8bc,ram_c8bc,low,function_names+renames,fns: ign_retard_flag_c8bc (x1); roles: ign_retard_flag_c8bc; cats: Ignition & Knock(x1); AMBIGUOUS: single weak ref; low16 collides with ROM fn addr & no 0xffff literal in reasons
0xffffc914,ram_c914,low,function_names+renames,fns: store_zero_float_c914 (x1); roles: store_zero_float_c914; cats: Ignition & Knock(x1); AMBIGUOUS: single weak ref; low16 collides with ROM fn addr & no 0xffff literal in reasons
0xffffc940,ram_c940,low,function_names+renames,fns: torque_req_ramp_c940 (x1); roles: torque_req_ramp_c940; cats: Throttle & Torque(x1); AMBIGUOUS: single weak ref; low16 collides with ROM fn addr & no 0xffff literal in reasons
0xffffc942,ram_c942,low,function_names+renames,fns: byte_ramp_c942 (x1); roles: byte_ramp_c942; cats: Ignition & Knock(x1); AMBIGUOUS: single weak ref; low16 collides with ROM fn addr & no 0xffff literal in reasons
0xffffc944,sanitize_float_gate,high,function_names+renames,fns: sanitize_float_c8b0_gate_c944 (x1); roles: sanitize_float_c8b0_gate_c944; cats: Math / FPU(x1); ctx: if_mode(x1)
0xffffc94c,ram_c94c,low,function_names+renames,fns: torque_sensor_check_c94c (x1); roles: torque_sensor_check_c94c; cats: Throttle & Torque(x1); AMBIGUOUS: single weak ref; low16 collides with ROM fn addr & no 0xffff literal in reasons
0xffffc94e,ram_c94e,low,renames,roles: fault_flag_cca4_eval
0xffffc94f,flag,high,function_names+renames,fns: flag_c94f_update (x1); roles: flag_c94f_update; cats: Ignition & Knock(x1)
0xffffc954,ram_c954,low,renames,roles: ign_timing_3d_lookup_set
0xffffc994,ram_c994,low,renames,roles: coolant_temp_flag_copy
0xffffc999,ram_c999,low,renames,roles: coolant_temp_flag_copy
0xffffc99a,ram_c99a,low,renames,roles: coolant_temp_flag_copy; byte_ramp_c942
0xffffc99b,delay_stores_stale,medium,renames,roles: flag_c94f_update; ctx: delay_stores_stale(x1)
0xffffc99c,ram_c99c,low,function_names+renames,fns: float_cell_dual_zero_c9a4_c99c (x1); roles: float_cell_dual_zero_c9a4_c99c; cats: Math / FPU(x1); AMBIGUOUS: single weak ref; low16 collides with ROM fn addr & no 0xffff literal in reasons
0xffffc9a4,float_cell_dual_zero,high,function_names+renames,fns: float_cell_dual_zero_c9a4_c99c (x1); roles: state_machine_threshold_update; float_cell_dual_zero_c9a4_c99c; cats: Math / FPU(x1); ctx: state_machine(x1)
0xffffc9b8,ram_c9b8,low,function_names+renames,fns: temp_delta_update_c9b8 (x1); roles: temp_delta_update_c9b8; cats: Fuel & Lambda(x1); AMBIGUOUS: single weak ref; low16 collides with ROM fn addr & no 0xffff literal in reasons
0xffffc9c4,fault_monitor_sample,high,function_names+renames,fns: fault_monitor_sample_c9c4 (x1); roles: fault_monitor_sample_c9c4; cats: Faults & DTC(x1)
0xffffc9d0,copy_float,high,function_names+renames,fns: copy_float_c9d0 (x1); roles: copy_float_c9d0; cats: Faults & DTC(x1)
0xffffc9d4,ram_c9d4,low,renames,roles: adaptive_learn_correction
0xffffc9e0,ram_c9e0,low,renames,roles: adaptive_learn_correction
0xffffc9ec,ram_c9ec,low,renames,roles: adaptive_learn_correction
0xffffca20,ram_ca20,low,renames,roles: adaptive_learn_correction
0xffffca3a,init_capture_set,medium,renames,roles: init_capture_temps; fault_latch_counter; big_enable_guard; ctx: init_capture_set(x1)
0xffffca3b,ram_ca3b,low,renames,roles: fault_latch_counter
0xffffca3c,ram_ca3c,low,renames,roles: init_capture_temps; init_clear_and_capture; temp_delta_update_c9b8
0xffffca40,ram_ca40,low,renames,roles: init_capture_temps; init_clear_and_capture; temp_delta_update_c9b8
0xffffca44,ram_ca44,low,renames,roles: adaptive_learn_correction
0xffffca54,ram_ca54,low,renames,roles: fault_latch_counter
0xffffca5a,ram_ca5a,low,renames,roles: adaptive_learn_correction
0xffffca5e,ram_ca5e,low,renames,roles: fault_latch_counter
0xffffca60,clear_fault_counters,medium,function_names+renames,"fns: clear_fault_counters_ca60 (x1); counter_ramp_ca60_ca62 (x1); roles: clear_fault_counters_ca60; counter_ramp_ca60_ca62; cats: Faults & DTC(x1), Math / FPU(x1); CAUTION: low16 also collides with a ROM function address"
0xffffca62,ram_ca62,low,function_names+renames,fns: counter_ramp_ca60_ca62 (x1); roles: counter_ramp_ca60_ca62; cats: Math / FPU(x1); AMBIGUOUS: single weak ref; low16 collides with ROM fn addr & no 0xffff literal in reasons
0xffffca64,lookup,high,function_names+renames,fns: 3d_lookup_ca64 (x1); roles: 3d_lookup_ca64; counter_ramp_ca60_ca62; cats: Math / FPU(x1)
0xffffca68,ram_ca68,low,renames,roles: clear_fault_counters_ca60; counter_ramp_ca60_ca62
0xffffca6c,ram_ca6c,low,function_names+renames,fns: clear_fault_flags_ca6c (x1); roles: clear_fault_flags_ca6c; cats: Faults & DTC(x1); AMBIGUOUS: single weak ref; low16 collides with ROM fn addr & no 0xffff literal in reasons
0xffffca72,store_word,high,function_names+renames,fns: store_word_ca72 (x1); roles: store_word_ca72; cats: Math / FPU(x1)
0xffffca80,track_max,medium,function_names+renames,"fns: init_word_ca80_1000 (x1); track_max_3d_ca80_with_reset (x1); track_max_3d_ca80 (x1); roles: init_word_ca80_1000; track_max_3d_ca80_with_reset; track_max_3d_ca80; cats: Rev Limit(x2), Boot & Init(x1); CAUTION: low16 also collides with a ROM function address"
0xffffca82,fuelcut_lookup_flag,high,function_names+renames,"fns: fuelcut_lookup_flag_ca82 (x1); read_flag_ca82 (x1); roles: fuelcut_lookup_flag_ca82; read_flag_ca82; cats: Rev Limit(x1), Faults & DTC(x1)"
0xffffca83,fuelcut_timer_flag,high,function_names+renames,fns: fuelcut_timer_flag_ca83 (x1); roles: fuelcut_timer_flag_ca83; cats: Rev Limit(x1)
0xffffca84,ram_ca84,low,renames,roles: fuelcut_lookup_flag_ca82
0xffffca88,ram_ca88,low,function_names+renames,fns: init_floats_ca88_ca8c (x1); roles: init_floats_ca88_ca8c; cats: Boot & Init(x1); AMBIGUOUS: single weak ref; low16 collides with ROM fn addr & no 0xffff literal in reasons
0xffffca8c,ram_ca8c,low,function_names+renames,fns: init_floats_ca88_ca8c (x1); roles: init_floats_ca88_ca8c; cats: Boot & Init(x1); AMBIGUOUS: single weak ref; low16 collides with ROM fn addr & no 0xffff literal in reasons
0xffffca90,ram_ca90,low,function_names+renames,fns: lookup_2d_ca90_ca94 (x1); roles: lookup_2d_ca90_ca94; cats: Math / FPU(x1); AMBIGUOUS: single weak ref; low16 collides with ROM fn addr & no 0xffff literal in reasons
0xffffca94,ram_ca94,low,function_names+renames,fns: lookup_2d_ca90_ca94 (x1); roles: lookup_2d_ca90_ca94; cats: Math / FPU(x1); AMBIGUOUS: single weak ref; low16 collides with ROM fn addr & no 0xffff literal in reasons
0xffffca9e,select_revlimit_threshold,high,function_names+renames,fns: select_revlimit_threshold_ca9e (x1); roles: select_revlimit_threshold_ca9e; cats: Rev Limit(x1)
0xffffcaa0,bit15_flag_latch,high,function_names+renames,fns: f74e_bit15_flag_latch_caa0 (x1); roles: f74e_bit15_flag_latch_caa0; cats: Peripherals & ISR(x1)
0xffffcaa1,ram_caa1,low,renames,roles: f74e_bit15_flag_latch_caa0; input_port_f74e_bit15_flag_capture
0xffffcaa6,ram_caa6,low,renames,roles: dtc_fault_counter_update; sensor_8748_snapshot_flag
0xffffcab2,ram_cab2,low,renames,roles: diag_fault_0x61_cond_eval
0xffffcaba,ram_caba,low,renames,roles: dtc_fault_counter_update; sensor_8748_snapshot_flag
0xffffcac0,ram_cac0,low,renames,roles: diag_fault_0x6e_cond_eval; evap_dtc_6e_filter_monitor
0xffffcac2,also_standalone_entry_debounce,medium,renames,roles: evap_dtc_6e_filter_monitor; evap_dtc_6e_threshold_debounce; ctx: also_standalone_entry_debounce(x1)
0xffffcac6,ram_cac6,low,renames,roles: evap_dtc_69_monitor
0xffffcaca,ram_caca,low,renames,roles: evap_dtc_68_monitor
0xffffcad2,ram_cad2,low,renames,roles: evap_dtc_6b_monitor
0xffffcad6,ram_cad6,low,renames,roles: evap_dtc_6a_monitor
0xffffcade,ram_cade,low,renames,roles: dtc_signal_match_counter; dtc_86_sensor_monitor
0xffffcae0,ram_cae0,low,renames,roles: dtc_signal_match_counter
0xffffcae2,previous_samples_stored,medium,renames,roles: dtc_signal_match_counter; dtc86_sensor_snapshot; ctx: previous_samples_stored(x1)
0xffffcae3,ram_cae3,low,renames,roles: dtc_signal_match_counter
0xffffcae5,ram_cae5,low,renames,roles: dtc_fault_status_update; diag_fault_0x64_cond_eval
0xffffcaf0,ram_caf0,low,renames,roles: dtc_45_sensor_monitor
0xffffcaf8,ram_caf8,low,renames,roles: dtc_45_sensor_monitor
0xffffcb04,ram_cb04,low,renames,roles: dtc_45_sensor_monitor
0xffffcb0c,ram_cb0c,low,function_names+renames,fns: init_floats_cb0c_cb10 (x1); roles: init_floats_cb0c_cb10; cats: Boot & Init(x1); AMBIGUOUS: single weak ref; low16 collides with ROM fn addr & no 0xffff literal in reasons
0xffffcb10,init_floats,high,function_names+renames,fns: init_floats_cb0c_cb10 (x1); roles: init_floats_cb0c_cb10; cats: Boot & Init(x1)
0xffffcb1e,ram_cb1e,low,renames,roles: dtc_3b3c_delta_detect
0xffffcb20,ram_cb20,low,renames,roles: dtc_3b_monitor
0xffffcb24,ram_cb24,low,renames,roles: dtc_3c_monitor
0xffffcb28,ram_cb28,low,renames,roles: dtc_3b3c_qualification
0xffffcb40,ram_cb40,low,function_names+renames,fns: boot_clear_diag_flags_cb40_cb45 (x1); roles: boot_clear_diag_flags_cb40_cb45; cats: Boot & Init(x1); AMBIGUOUS: single weak ref; low16 collides with ROM fn addr & no 0xffff literal in reasons
0xffffcb44,init_zeroes_diag,medium,renames,roles: boot_clear_diag_flags_cb40_cb45; ctx: init_zeroes_diag(x1)
0xffffcb45,boot_clear_diag_flags,high,function_names+renames,fns: boot_clear_diag_flags_cb40_cb45 (x1); roles: boot_clear_diag_flags_cb40_cb45; cats: Boot & Init(x1)
0xffffcb5c,ram_cb5c,low,function_names+renames,fns: throttle_fault_active_duration_count_cb5c (x1); roles: throttle_fault_active_duration_count_cb5c; cats: Throttle & Torque(x1); AMBIGUOUS: single weak ref; low16 collides with ROM fn addr & no 0xffff literal in reasons
0xffffcb5e,while_active_else_clears_when,medium,renames,roles: throttle_fault_active_duration_watchdog; ctx: while_active_else_clears_when(x1)
0xffffcb60,ram_cb60,low,function_names+renames,fns: copy_byte_cb60_to_cb61 (x1); roles: copy_byte_cb60_to_cb61; cats: Throttle & Torque(x1); AMBIGUOUS: single weak ref; low16 collides with ROM fn addr & no 0xffff literal in reasons
0xffffcb61,copy_byte,high,function_names+renames,fns: copy_byte_cb60_to_cb61 (x1); roles: copy_byte_cb60_to_cb61; cats: Throttle & Torque(x1)
0xffffcb62,throttle_fault_threshold_max,high,function_names+renames,fns: throttle_fault_threshold_max_cb62 (x1); roles: throttle_fault_threshold_max_cb62; cats: Throttle & Torque(x1)
0xffffcb63,throttle_status_flags,high,function_names+renames,fns: throttle_status_flags_cb63_cb6a_update (x1); roles: throttle_status_flags_cb63_cb6a_update; cats: Throttle & Torque(x1)
0xffffcb66,ram_cb66,low,function_names+renames,fns: throttle_sensor_fault_flags_cb66_cb6d (x1); roles: throttle_sensor_fault_flags_cb66_cb6d; cats: Throttle & Torque(x1); AMBIGUOUS: single weak ref; low16 collides with ROM fn addr & no 0xffff literal in reasons
0xffffcb6a,ram_cb6a,low,function_names+renames,fns: throttle_status_flags_cb63_cb6a_update (x1); roles: throttle_status_flags_cb63_cb6a_update; cats: Throttle & Torque(x1); AMBIGUOUS: single weak ref; low16 collides with ROM fn addr & no 0xffff literal in reasons
0xffffcb6d,throttle_sensor_fault_flags,high,function_names+renames,fns: throttle_sensor_fault_flags_cb66_cb6d (x1); roles: throttle_sensor_fault_flags_cb66_cb6d; cats: Throttle & Torque(x1)
0xffffcb74,ram_cb74,low,function_names+renames,fns: throttle_fault_cell_877c_877e_clear_cb74 (x1); roles: throttle_fault_cell_877c_877e_clear_cb74; cats: Throttle & Torque(x1); AMBIGUOUS: single weak ref; low16 collides with ROM fn addr & no 0xffff literal in reasons
0xffffcb75,ram_cb75,low,renames,roles: throttle_fault_active_duration_watchdog
0xffffcb78,float_sum_default_store,high,function_names+renames,fns: float_sum_default_store_cb78 (x1); roles: float_sum_default_store_cb78; cats: Math / FPU(x1)
0xffffcb7e,ram_cb7e,low,renames,roles: float_sum_default_store_cb78
0xffffcb86,ram_cb86,low,function_names+renames,fns: throttle_condition_count_cb84_cb86 (x1); roles: throttle_condition_count_cb84_cb86; cats: Throttle & Torque(x1); AMBIGUOUS: single weak ref; low16 collides with ROM fn addr & no 0xffff literal in reasons
0xffffcb88,ram_cb88,low,function_names+renames,fns: throttle_counter_cb88_update (x1); roles: throttle_counter_cb88_update; cats: Throttle & Torque(x1); AMBIGUOUS: single weak ref; low16 collides with ROM fn addr & no 0xffff literal in reasons
0xffffcb91,throttle_flag,high,function_names+renames,fns: throttle_flag_cb91_update (x1); roles: throttle_flag_cb91_update; cats: Throttle & Torque(x1)
0xffffcb92,ram_cb92,low,function_names+renames,fns: throttle_flags_cb92_cb95_update (x1); roles: throttle_flags_cb92_cb95_update; cats: Throttle & Torque(x1); AMBIGUOUS: single weak ref; low16 collides with ROM fn addr & no 0xffff literal in reasons
0xffffcb95,throttle_flags,high,function_names+renames,fns: throttle_flags_cb92_cb95_update (x1); roles: throttle_flags_cb92_cb95_update; cats: Throttle & Torque(x1)
0xffffcb96,throttle_learn_active_flag,medium,function_names+renames,"fns: os_task_gate_b5c1_cb96 (x1); throttle_learn_active_flag_cb96_update (x1); roles: os_task_gate_b5c1_cb96; throttle_learn_active_flag_cb96_update; cats: RTOS(x1), Throttle & Torque(x1); CAUTION: low16 also collides with a ROM function address"
0xffffcb98,throttle_delta_counter,high,function_names+renames,fns: throttle_delta_counter_cb9e_cb98 (x1); roles: throttle_delta_counter_cb9e_cb98; cats: Throttle & Torque(x1)
0xffffcb9a,ram_cb9a,low,function_names+renames,fns: throttle_ramp_decay_counter_cb9a (x1); roles: throttle_ramp_decay_counter_cb9a; cats: Throttle & Torque(x1); AMBIGUOUS: single weak ref; low16 collides with ROM fn addr & no 0xffff literal in reasons
0xffffcb9c,throttle_learn_delta_copy,high,function_names+renames,fns: throttle_learn_delta_copy_cb9c (x1); roles: throttle_learn_delta_copy_cb9c; cats: Math / FPU(x1)
0xffffcb9e,throttle_delta_counter,high,function_names+renames,fns: throttle_delta_counter_cb9e_cb98 (x1); roles: throttle_delta_counter_cb9e_cb98; cats: Throttle & Torque(x1)
0xffffcba0,ram_cba0,low,function_names+renames,fns: boot_fill_throttle_learn_array_cba0 (x1); roles: boot_fill_throttle_learn_array_cba0; cats: Boot & Init(x1); AMBIGUOUS: single weak ref; low16 collides with ROM fn addr & no 0xffff literal in reasons
0xffffcbb8,throttle_gate_set_copy,high,function_names+renames,fns: throttle_gate_set_8784_copy_cbb8 (x1); roles: throttle_gate_set_8784_copy_cbb8; cats: Throttle & Torque(x1)
0xffffcbbc,ram_cbbc,low,renames,roles: throttle_sensor_learn_cal
0xffffcbc0,ram_cbc0,low,renames,roles: throttle_sensor_learn_cal
0xffffcbc4,batt_temp_delta_comp_calc,high,function_names+renames,fns: batt_temp_delta_comp_calc_cbc4 (x1); roles: batt_temp_delta_comp_calc_cbc4; cats: Faults & DTC(x1)
0xffffcbd0,flag_setter_bit8,high,function_names+renames,fns: flag_setter_f76c_bit8_cbd0 (x1); roles: flag_setter_f76c_bit8_cbd0; cats: Peripherals & ISR(x1)
0xffffcbd1,ram_cbd1,low,renames,roles: flag_setter_f76c_bit8_cbd0
0xffffcbd4,status,high,function_names+renames,fns: status_cbd4_bits_to_d09c (x1); status_cbd4_bits_to_d09d (x1); roles: fault_cd0c_load_gated; status_cbd4_bits_to_d09c; status_cbd4_bits_to_d09d; cats: OBD / UDS(x2)
0xffffcbd6,ram_cbd6,low,function_names+renames,fns: can630_status_byte_bff9_from_cbd6 (x1); roles: can630_status_byte_bff9_from_cbd6; cats: CAN Bus(x1); AMBIGUOUS: single weak ref; low16 collides with ROM fn addr & no 0xffff literal in reasons
0xffffcbd7,rom_id_word_check_flag,high,function_names+renames,fns: rom_id_word_check_flag_cbd7 (x1); roles: rom_id_word_check_flag_cbd7; cats: Rev Limit(x1)
0xffffcbd8,rom_id_long_check_flag,high,function_names+renames,fns: rom_id_long_check_flag_cbd8 (x1); roles: rom_id_long_check_flag_cbd8; cats: Rev Limit(x1)
0xffffcbd9,rom_id_byte_check_flag,high,function_names+renames,fns: rom_id_byte_check_flag_cbd9 (x1); roles: rom_id_byte_check_flag_cbd9; cats: Rev Limit(x1)
0xffffcbda,ram_cbda,low,function_names+renames,fns: rom_id_byte_check_flag_cbda (x1); roles: rom_id_byte_check_flag_cbda; cats: Rev Limit(x1); AMBIGUOUS: single weak ref; low16 collides with ROM fn addr & no 0xffff literal in reasons
0xffffcbe4,ram_cbe4,low,function_names+renames,fns: dtc_fault_duration_counter_cbe4 (x1); roles: dtc_fault_duration_counter_cbe4; cats: Faults & DTC(x1); AMBIGUOUS: single weak ref; low16 collides with ROM fn addr & no 0xffff literal in reasons
0xffffcbe8,ram_cbe8,low,function_names+renames,fns: dtc_0x1d_active_flag_cbe8_update (x1); roles: dtc_0x1d_active_flag_cbe8_update; cats: Faults & DTC(x1); AMBIGUOUS: single weak ref; low16 collides with ROM fn addr & no 0xffff literal in reasons
0xffffcbe9,dtc_fault_rate_check,high,function_names+renames,fns: dtc_1d_fault_rate_check_cbe9 (x1); roles: dtc_1d_fault_rate_check_cbe9; cats: Faults & DTC(x1)
0xffffcbec,ram_cbec,low,renames,roles: dtc_0x1d_fault_counter_cbf8_update
0xffffcbf4,dtc_rate_accum,high,function_names+renames,fns: dtc_1d_rate_accum_cbf4_update (x1); roles: dtc_1d_rate_accum_cbf4_update; cats: Faults & DTC(x1)
0xffffcbf8,dtc_0x1d_fault_counter,high,function_names+renames,fns: dtc_0x1d_fault_counter_cbf8_update (x1); roles: dtc_0x1d_fault_counter_cbf8_update; cats: Faults & DTC(x1)
0xffffcbfa,dtc_fault_counter,high,function_names+renames,fns: dtc_fault_counter_cbfa_update (x1); roles: dtc_fault_counter_cbfa_update; dtc_0x1d_fault_active_flag_cbfc; cats: Faults & DTC(x1)
0xffffcbfc,dtc_0x1d_fault_active_flag,high,function_names+renames,fns: dtc_0x1d_fault_active_flag_cbfc (x1); roles: dtc_0x1d_fault_active_flag_cbfc; dtc_0x1d_fault_counter_cbf8_update; cats: Faults & DTC(x1)
0xffffcc00,boot_fault_snapshot_store,high,function_names+renames,fns: boot_fault_snapshot_store_cc07_cc00 (x1); roles: boot_fault_snapshot_store_cc07_cc00; cats: Boot & Init(x1)
0xffffcc06,ram_cc06,low,renames,roles: dtc_0x1d_active_flag_cbe8_update
0xffffcc07,boot_fault_snapshot_store,high,function_names+renames,fns: boot_fault_snapshot_store_cc07_cc00 (x1); roles: boot_fault_snapshot_store_cc07_cc00; dtc_fault_duration_counter_cbe4; dtc_0x1d_active_flag_cbe8_update; cats: Boot & Init(x1)
0xffffcc08,fault_monitor_sample,high,function_names+renames,fns: fault_monitor_sample_7b122_cc08 (x1); roles: fault_monitor_sample_7b122_cc08; cats: Faults & DTC(x1)
0xffffcc0c,ram_cc0c,low,function_names+renames,fns: dtc_1d_norm_flags_cc0c_cc0d (x1); roles: dtc_1d_norm_flags_cc0c_cc0d; cats: Faults & DTC(x1); AMBIGUOUS: single weak ref; low16 collides with ROM fn addr & no 0xffff literal in reasons
0xffffcc0d,dtc_norm_flags,high,function_names+renames,fns: dtc_1d_norm_flags_cc0c_cc0d (x1); roles: dtc_1d_norm_flags_cc0c_cc0d; cats: Faults & DTC(x1)
0xffffcc18,ram_cc18,low,function_names+renames,fns: dtc_1d_duration_accum_cc18 (x1); roles: dtc_1d_duration_accum_cc18; cats: Faults & DTC(x1); AMBIGUOUS: single weak ref; low16 collides with ROM fn addr & no 0xffff literal in reasons
0xffffcc20,float_copy,high,function_names+renames,fns: float_copy_ad84_to_cc20 (x1); roles: float_copy_ad84_to_cc20; cats: Boot & Init(x1)
0xffffcc28,or_fault_flags,high,function_names+renames,fns: or_fault_flags_to_cc28 (x1); roles: or_fault_flags_to_cc28; cats: Faults & DTC(x1)
0xffffcc29,or_fault_flags,high,function_names+renames,fns: or_fault_flags_to_cc29 (x1); roles: or_fault_flags_to_cc29; cats: Faults & DTC(x1)
0xffffcc3c,or_fault_flags,high,function_names+renames,fns: or_fault_flags_to_cc3c (x1); roles: or_fault_flags_to_cc3c; cats: Faults & DTC(x1)
0xffffcc40,ram_cc40,low,function_names+renames,fns: combine_fault_flags_to_cc40 (x1); roles: combine_fault_flags_to_cc40; cats: Faults & DTC(x1); AMBIGUOUS: single weak ref; low16 collides with ROM fn addr & no 0xffff literal in reasons
0xffffcc49,fault_flags_copy,high,function_names+renames,fns: fault_flags_copy_cc49_cc4b_to_cc4f (x1); roles: fault_flags_copy_cc49_cc4b_to_cc4f; cats: Faults & DTC(x1)
0xffffcc4b,fault_flags_copy,high,function_names+renames,fns: fault_flags_copy_cc49_cc4b_to_cc4f (x1); roles: fault_flags_copy_cc49_cc4b_to_cc4f; cats: Faults & DTC(x1)
0xffffcc4c,ram_cc4c,low,function_names+renames,fns: sensor_plausibility_flags_cc4c (x1); roles: sensor_plausibility_flags_cc4c; cats: Faults & DTC(x1); AMBIGUOUS: single weak ref; low16 collides with ROM fn addr & no 0xffff literal in reasons
0xffffcc4f,fault_flags_copy,high,function_names+renames,fns: fault_flags_copy_cc49_cc4b_to_cc4f (x1); roles: fault_flags_copy_cc49_cc4b_to_cc4f; cats: Faults & DTC(x1)
0xffffcc54,ram_cc54,low,function_names+renames,fns: dtc_filtered_counter_cc54_cc56 (x1); roles: dtc_filtered_counter_cc54_cc56; cats: Faults & DTC(x1); AMBIGUOUS: single weak ref; low16 collides with ROM fn addr & no 0xffff literal in reasons
0xffffcc56,ram_cc56,low,function_names+renames,fns: dtc_filtered_counter_cc54_cc56 (x1); roles: dtc_filtered_counter_cc54_cc56; cats: Faults & DTC(x1); AMBIGUOUS: single weak ref; low16 collides with ROM fn addr & no 0xffff literal in reasons
0xffffcc58,ram_cc58,low,function_names+renames,fns: dtc_rate_counter_cc58_update (x1); roles: dtc_rate_counter_cc58_update; cats: Faults & DTC(x1); AMBIGUOUS: single weak ref; low16 collides with ROM fn addr & no 0xffff literal in reasons
0xffffcc5c,ram_cc5c,low,function_names+renames,fns: dtc_rate_counter_cc5c_update (x1); roles: dtc_rate_counter_cc5c_update; cats: Faults & DTC(x1); AMBIGUOUS: single weak ref; low16 collides with ROM fn addr & no 0xffff literal in reasons
0xffffcc84,ram_cc84,low,function_names+renames,fns: or_fault_flags_to_cc84 (x1); roles: or_fault_flags_to_cc84; cats: Faults & DTC(x1); AMBIGUOUS: single weak ref; low16 collides with ROM fn addr & no 0xffff literal in reasons
0xffffcc8a,ram_cc8a,low,function_names+renames,fns: fuel_cut_flag_cc8a_clear (x1); roles: fuel_cut_flag_cc8a_clear; cats: Fuel & Lambda(x1); AMBIGUOUS: single weak ref; low16 collides with ROM fn addr & no 0xffff literal in reasons
0xffffcc8b,fuel_cut_condition7_flag,high,function_names+renames,fns: fuel_cut_condition7_flag_cc8b (x1); roles: fuel_cut_condition7_flag_cc8b; cats: Fuel & Lambda(x1)
0xffffcc8e,fuel_cut_timer,high,function_names+renames,fns: fuel_cut_timer_cc8e_count (x1); roles: fuel_cut_timer_cc8e_count; cats: Fuel & Lambda(x1)
0xffffcc90,fuel_cut_counter,high,function_names+renames,fns: fuel_cut_counter_cc90_update (x1); roles: fuel_cut_counter_cc90_update; cats: Fuel & Lambda(x1)
0xffffcc91,fuel_cut_counter,high,function_names+renames,fns: fuel_cut_counter_cc91_update (x1); roles: fuel_cut_counter_cc91_update; cats: Fuel & Lambda(x1)
0xffffcc96,ram_cc96,low,function_names+renames,fns: fuel_cut_timer_cc96_count (x1); roles: fuel_cut_timer_cc96_count; cats: Fuel & Lambda(x1); AMBIGUOUS: single weak ref; low16 collides with ROM fn addr & no 0xffff literal in reasons
0xffffcc9e,set_flag,high,function_names+renames,fns: set_flag_cc9e (x1); roles: set_flag_cc9e; cats: Boot & Init(x1)
0xffffcca0,set_flag,medium,function_names+renames,fns: set_b5b5_flag_if_cca0 (x1); flag_cca0_from_0xd6e4 (x1); roles: set_b5b5_flag_if_cca0; flag_cca0_from_0xd6e4; cats: Boot & Init(x2); CAUTION: low16 also collides with a ROM function address
0xffffcca4,uds_fault_status_mask,high,function_names+renames,"fns: fault_flag_cca4_eval (x1); uds_fault_status_mask_getter_bf58_ad7c_cca4 (x1); roles: fault_flag_cca4_eval; uds_fault_status_mask_getter_bf58_ad7c_cca4; cats: Faults & DTC(x1), OBD / UDS(x1)"
0xffffcca5,fault_clear_flag_gated_copy,high,function_names+renames,fns: fault_flag_byte_copy_cca5_cca9 (x1); fault_all_clear_flag_eval_cca5 (x1); fault_clear_flag_gated_copy_cca5_to_cca6 (x1); roles: fault_all_clear_flag_eval_cca5; fault_cca8_change_debounce; fault_clear_flag_gated_copy_cca5_to_cca6; fault_flag_byte_copy_cca5_cca9; cats: Faults & DTC(x3); ctx: input(x1)
0xffffcca6,fault_clear_flag_gated_copy,high,function_names+renames,fns: fault_clear_flag_gated_copy_cca5_to_cca6 (x1); roles: fault_flag_cca4_eval; fault_clear_flag_gated_copy_cca5_to_cca6; cats: Faults & DTC(x1)
0xffffcca7,fault,high,function_names+renames,fns: fault_cca7_cond_counter (x1); roles: fault_cca7_cond_counter; cats: Faults & DTC(x1)
0xffffcca8,fault,high,function_names+renames,"fns: fault_cca8_change_debounce (x1); roles: fault_cca8_change_debounce; fault_clear_flag_gated_copy_cca5_to_cca6; cats: Faults & DTC(x1); ctx: change_reload(x1), if_gate(x1)"
0xffffcca9,fault_flag_byte_copy,high,function_names+renames,fns: fault_flag_byte_copy_cca5_cca9 (x1); roles: fault_cca8_change_debounce; fault_flag_byte_copy_cca5_cca9; cats: Faults & DTC(x1)
0xffffccb1,fuel_resume_plausibility_cnt,high,function_names+renames,fns: fuel_resume_plausibility_cnt_ccb1 (x1); roles: fuel_resume_plausibility_cnt_ccb1; cats: Fuel & Lambda(x1)
0xffffccc0,ram_ccc0,low,renames,roles: fuel_enrichment_multiplier_calc
0xffffcccc,ram_cccc,low,function_names+renames,fns: float_copy_cccc_to_ccd0 (x1); roles: float_copy_cccc_to_ccd0; cats: Fuel & Lambda(x1); AMBIGUOUS: single weak ref; low16 collides with ROM fn addr & no 0xffff literal in reasons
0xffffccd0,float_copy,high,function_names+renames,fns: float_copy_cccc_to_ccd0 (x1); roles: float_copy_cccc_to_ccd0; cats: Fuel & Lambda(x1)
0xffffccd4,ram_ccd4,low,renames,roles: obd_cat_monitor_eff_calc
0xffffcce0,ram_cce0,low,function_names+renames,fns: fault_flag_invert_store_cf9c_to_cce0 (x1); roles: fault_flag_invert_store_cf9c_to_cce0; cats: Faults & DTC(x1); AMBIGUOUS: single weak ref; low16 collides with ROM fn addr & no 0xffff literal in reasons
0xffffcce4,cal_gated_status_store,high,function_names+renames,fns: cal_gated_status_store_cce4 (x1); uds_fault_status_mask_getter_cce4 (x1); roles: cal_gated_status_store_cce4; uds_fault_status_mask_getter_cce4; cats: OBD / UDS(x2); ctx: stores_returned_status(x1)
0xffffcce8,store_0x80,high,function_names+renames,"fns: store_0x80_to_cce8 (x1); fault_flag_cce8_eval (x1); roles: fault_flag_cce8_eval; store_0x80_to_cce8; cats: Boot & Init(x1), Faults & DTC(x1)"
0xffffccec,ram_ccec,low,renames,roles: sensor_8bit_corrected_float_store
0xffffccf8,uds_word,high,function_names+renames,fns: uds_word_getter_ccf8 (x1); roles: uds_word_getter_ccf8; cats: OBD / UDS(x1)
0xffffccfa,ram_ccfa,low,function_names+renames,fns: uds_fault_status_mask_getter_ccfa (x1); roles: uds_fault_status_mask_getter_ccfa; cats: OBD / UDS(x1); AMBIGUOUS: single weak ref; low16 collides with ROM fn addr & no 0xffff literal in reasons
0xffffccfc,cond_float_copy,high,function_names+renames,fns: fault_float_ccfc_update (x1); cond_float_copy_a9fc_to_ccfc (x1); roles: cond_float_copy_a9fc_to_ccfc; fault_float_ccfc_update; cats: Memory & CRC(x2)
0xffffcd04,ram_cd04,low,renames,roles: sensor_tps_ratio_calc
0xffffcd08,sat_counter,high,function_names+renames,fns: sat_counter_cd08_a41c_gated (x1); roles: sat_counter_cd08_a41c_gated; cats: Sensors(x1)
0xffffcd0c,cal_word_load,high,function_names+renames,"fns: cal_word_load_cd0c (x1); fault_cd0c_load_gated (x1); roles: cal_word_load_cd0c; fault_cd0c_load_gated; cats: Utilities(x1), Faults & DTC(x1)"
0xffffcd11,condition_two_sample_confirm,high,function_names+renames,fns: condition_two_sample_confirm_cd11 (x1); roles: sensor_tps_ratio_calc; condition_two_sample_confirm_cd11; cond_float_copy_a9fc_to_ccfc; cats: Math / FPU(x1)
0xffffcd15,ram_cd15,low,renames,roles: sensor_tps_ratio_calc
0xffffcd17,ram_cd17,low,renames,roles: cond_float_copy_a9fc_to_ccfc
0xffffcd19,ram_cd19,low,renames,roles: fault_cd0c_load_gated
0xffffcd1a,ram_cd1a,low,renames,roles: fault_cd0c_load_gated
0xffffcd40,ram_cd40,low,renames,roles: can240_timer_init_fffe; can240_timer_reset
0xffffcd4e,ram_cd4e,low,renames,roles: can620_priority_decode_pack
0xffffcd54,ram_cd54,low,renames,roles: can250_timer_init_fffe
0xffffcd60,ram_cd60,low,function_names+renames,fns: validity_flag_cd60_eval (x1); roles: validity_flag_cd60_eval; cats: Faults & DTC(x1); AMBIGUOUS: single weak ref; low16 collides with ROM fn addr & no 0xffff literal in reasons
0xffffcd61,subsystem_fault_flags,high,function_names+renames,fns: subsystem_fault_flags_cd61_latch (x1); roles: subsystem_fault_flags_cd61_latch; cats: Faults & DTC(x1)
0xffffcd66,ram_cd66,low,function_names+renames,fns: subsystem_status_decode_cd66 (x1); roles: subsystem_status_decode_cd66; cats: Peripherals & ISR(x1); AMBIGUOUS: single weak ref; low16 collides with ROM fn addr & no 0xffff literal in reasons
0xffffcd68,ram_cd68,low,function_names+renames,fns: fault_debounce_counters_cd68 (x1); roles: fault_debounce_counters_cd68; cats: Faults & DTC(x1); AMBIGUOUS: single weak ref; low16 collides with ROM fn addr & no 0xffff literal in reasons
0xffffcd7c,ram_cd7c,low,function_names+renames,fns: fault_flags_aggregate_cd7c_cd7e (x1); roles: fault_flags_aggregate_cd7c_cd7e; cats: Faults & DTC(x1); AMBIGUOUS: single weak ref; low16 collides with ROM fn addr & no 0xffff literal in reasons
0xffffcd7e,ram_cd7e,low,function_names+renames,fns: fault_flags_aggregate_cd7c_cd7e (x1); roles: fault_flags_aggregate_cd7c_cd7e; cats: Faults & DTC(x1); AMBIGUOUS: single weak ref; low16 collides with ROM fn addr & no 0xffff literal in reasons
0xffffcd80,float_copy,high,function_names+renames,fns: float_copy_7c13c_to_cd80 (x1); roles: float_copy_7c13c_to_cd80; cats: Faults & DTC(x1)
0xffffcd85,fault_counter,high,function_names+renames,fns: fault_counter_cd85_update (x1); fault_counter_pos_latch_cd85_to_cdbe (x1); roles: fault_counter_pos_latch_cd85_to_cdbe; fault_counter_cd85_update; cats: Faults & DTC(x2)
0xffffcd87,fault_flag,high,function_names+renames,fns: fault_flag_cd87_update (x1); roles: fault_flag_cd87_update; cats: Faults & DTC(x1)
0xffffcd8c,byte_to_float,high,function_names+renames,"fns: float_copy_cd8c_to_cd90 (x1); byte_c014_to_float_cd8c (x1); roles: byte_c014_to_float_cd8c; float_copy_cd8c_to_cd90; cats: Boot & Init(x1), Math / FPU(x1)"
0xffffcd90,float_copy,high,function_names+renames,fns: float_copy_cd8c_to_cd90 (x1); roles: float_copy_cd8c_to_cd90; cats: Boot & Init(x1)
0xffffcda6,counter_flag_increment,high,function_names+renames,fns: fault_compare_words_cda6 (x1); counter_flag_increment_cda6 (x1); roles: fault_compare_words_cda6; counter_flag_increment_cda6; cats: Faults & DTC(x2)
0xffffcdad,countdown_timer_fault,high,function_names+renames,fns: countdown_timer_fault_cdad (x1); roles: countdown_timer_fault_cdad; cats: Faults & DTC(x1)
0xffffcdae,countdown_timer_flag,high,function_names+renames,fns: countdown_timer_flag_cdae (x1); roles: countdown_timer_flag_cdae; cats: Faults & DTC(x1)
0xffffcdaf,fault_countdown_timer,high,function_names+renames,fns: fault_countdown_timer_cdaf (x1); roles: fault_countdown_timer_cdaf; cats: Faults & DTC(x1)
0xffffcdb0,ram_cdb0,low,function_names+renames,fns: byte_counter_copy_or_decr_cdb0 (x1); roles: byte_counter_copy_or_decr_cdb0; cats: Fuel & Lambda(x1); AMBIGUOUS: single weak ref; low16 collides with ROM fn addr & no 0xffff literal in reasons
0xffffcdb1,countdown_timer_flag,high,function_names+renames,fns: countdown_timer_flag_cdb1 (x1); roles: countdown_timer_flag_cdb1; cats: Faults & DTC(x1)
0xffffcdb2,ram_cdb2,low,function_names+renames,fns: fault_cdb2_bitmask_mode_select (x1); roles: fault_cdb2_bitmask_mode_select; cats: Faults & DTC(x1); AMBIGUOUS: single weak ref; low16 collides with ROM fn addr & no 0xffff literal in reasons
0xffffcdb4,ram_cdb4,low,function_names+renames,fns: diag_reg_sync_f746_f754_from_cdb3_cdb4 (x1); roles: diag_reg_sync_f746_f754_from_cdb3_cdb4; cats: OBD / UDS(x1); AMBIGUOUS: single weak ref; low16 collides with ROM fn addr & no 0xffff literal in reasons
0xffffcdb5,port_bit0_latch,high,function_names+renames,fns: port_f74e_bit0_latch_cdb5 (x1); roles: port_f74e_bit0_latch_cdb5; cats: Peripherals & ISR(x1); ctx: latch(x1)
0xffffcdb6,sys_flags_bit0_latch,high,function_names+renames,fns: sys_flags_9ec8_bit0_latch_cdb6 (x1); roles: sys_flags_9ec8_bit0_latch_cdb6; cats: Faults & DTC(x1); ctx: latch(x1)
0xffffcdb7,sensor_state_tracking,high,function_names+renames,fns: sensor_state_tracking_cdb7 (x1); roles: sensor_state_tracking_cdb7; cats: Fuel & Lambda(x1)
0xffffcdb9,flag_assert_latch,high,function_names+renames,fns: flag_assert_latch_cdb9 (x1); roles: flag_assert_latch_cdb9; cats: Faults & DTC(x1)
0xffffcdba,fault_decision_latch,medium,function_names+renames,fns: fault_decision_latch_cdba (x1); fault_verdict_cdba_cdbb (x1); roles: fault_decision_latch_cdba; fault_verdict_cdba_cdbb; cats: Faults & DTC(x2); CAUTION: low16 also collides with a ROM function address
0xffffcdbb,fault_verdict,high,function_names+renames,fns: fault_verdict_cdba_cdbb (x1); roles: fault_verdict_cdba_cdbb; cats: Faults & DTC(x1)
0xffffcdbc,ram_cdbc,low,function_names+renames,fns: flag_or_latch_cdbc (x1); roles: flag_or_latch_cdbc; cats: Faults & DTC(x1); AMBIGUOUS: single weak ref; low16 collides with ROM fn addr & no 0xffff literal in reasons
0xffffcdbd,flag_or_latch,high,function_names+renames,fns: flag_or_latch_cdbd (x1); roles: shared_cond_flag_cf08_eval; flag_or_latch_cdbd; cats: Faults & DTC(x1)
0xffffcdbe,ram_cdbe,low,function_names+renames,fns: fault_counter_pos_latch_cd85_to_cdbe (x1); roles: fault_counter_pos_latch_cd85_to_cdbe; cats: Faults & DTC(x1); AMBIGUOUS: single weak ref; low16 collides with ROM fn addr & no 0xffff literal in reasons
0xffffcdc2,ram_cdc2,low,renames,roles: rtos_task_state_switch_c528
0xffffcdc4,ram_cdc4,low,function_names+renames,fns: flag_or_latch_cdc4 (x1); roles: flag_or_latch_cdc4; cats: Faults & DTC(x1); AMBIGUOUS: single weak ref; low16 collides with ROM fn addr & no 0xffff literal in reasons
0xffffcdc5,flag_copy_latch,high,function_names+renames,fns: flag_copy_latch_cdc5 (x1); roles: flag_copy_latch_cdc5; cats: Faults & DTC(x1)
0xffffcdc6,ram_cdc6,low,function_names+renames,fns: flag_or_condition_cdc6 (x1); roles: flag_or_condition_cdc6; cats: Faults & DTC(x1); AMBIGUOUS: single weak ref; low16 collides with ROM fn addr & no 0xffff literal in reasons
0xffffcde0,uds_mode22,high,function_names+renames,fns: uds_mode22_get_cde0_16bit (x1); roles: shared_cond_flag_cf08_eval; uds_mode22_get_cde0_16bit; cats: OBD / UDS(x1)
0xffffcde4,uds_mode22,high,function_names+renames,fns: uds_mode22_get_cde4_16bit (x1); roles: shared_cond_flag_cf08_eval; uds_mode22_get_cde4_16bit; cats: OBD / UDS(x1); ctx: sensor_condition_gate_if(x1)
0xffffcde8,fuel_filter_float,high,function_names+renames,"fns: fuel_filter_float_cde8 (x1); uds_mode22_get_cde8_16bit (x1); roles: uds_mode22_get_cde8_16bit; fuel_filter_float_cde8; cats: Fuel & Lambda(x1), OBD / UDS(x1)"
0xffffcdec,ram_cdec,low,function_names+renames,fns: fault_state_reset_cdec (x1); roles: fault_state_reset_cdec; cats: Faults & DTC(x1); AMBIGUOUS: single weak ref; low16 collides with ROM fn addr & no 0xffff literal in reasons
0xffffcdf0,ram_cdf0,low,function_names+renames,fns: init_float_const_store_cdf0 (x1); roles: init_float_const_store_cdf0; cats: Boot & Init(x1); AMBIGUOUS: single weak ref; low16 collides with ROM fn addr & no 0xffff literal in reasons
0xffffce00,ram_ce00,low,renames,roles: shared_cond_flag_cf08_eval
0xffffce10,init_const_float,high,function_names+renames,fns: init_const_float_ce10 (x1); roles: init_const_float_ce10; cats: Boot & Init(x1)
0xffffce17,threshold_hysteresis_flag,high,function_names+renames,fns: threshold_hysteresis_flag_ce17 (x1); roles: threshold_hysteresis_flag_ce17; cats: Boot & Init(x1)
0xffffce18,ram_ce18,low,function_names+renames,fns: countdown_timer_flag_ce18 (x1); roles: countdown_timer_flag_ce18; cats: Faults & DTC(x1); AMBIGUOUS: single weak ref; low16 collides with ROM fn addr & no 0xffff literal in reasons
0xffffce4a,fault_input_latch,medium,function_names+renames,fns: dtc_monitor_ce4a_ce4b (x1); fault_input_latch_ce4a (x1); roles: dtc_monitor_ce4a_ce4b; fault_input_latch_ce4a; cats: Faults & DTC(x2); CAUTION: low16 also collides with a ROM function address
0xffffce4b,dtc_monitor,high,function_names+renames,fns: dtc_monitor_ce4a_ce4b (x1); roles: dtc_monitor_ce4a_ce4b; cats: Faults & DTC(x1)
0xffffce4d,dtc_monitor,high,function_names+renames,fns: dtc_monitor_ce4d_ce4e (x1); dtc_monitor_flag_ce4d (x1); fault_input_latch_ce4d (x1); roles: dtc_monitor_ce4d_ce4e; dtc_monitor_flag_ce4d; fault_input_latch_ce4d; cats: Faults & DTC(x3)
0xffffce4e,dtc_monitor,high,function_names+renames,fns: dtc_monitor_ce4d_ce4e (x1); roles: dtc_monitor_ce4d_ce4e; cats: Faults & DTC(x1)
0xffffce50,ram_ce50,low,function_names+renames,fns: flag_threshold_set_ce50 (x1); roles: flag_threshold_set_ce50; cats: Faults & DTC(x1); AMBIGUOUS: single weak ref; low16 collides with ROM fn addr & no 0xffff literal in reasons
0xffffce8d,ram_ce8d,low,renames,roles: obd_readiness_flags_update
0xffffce98,ram_ce98,low,renames,roles: obd_readiness_flags_update
0xffffcebc,sensor_open_circuit_fault,high,function_names+renames,fns: sensor_open_circuit_fault_cebc (x1); roles: sensor_open_circuit_fault_cebc; cats: Faults & DTC(x1)
0xffffcebd,fault_flags_clear,high,function_names+renames,fns: fault_flags_clear_cebd (x1); fault_input_latch_cebd (x1); roles: fault_flags_clear_cebd; fault_input_latch_cebd; cats: Faults & DTC(x2)
0xffffcebf,fault_flag_set,high,function_names+renames,fns: fault_flag_set_cebf (x1); roles: fault_flag_set_cebf; cats: Faults & DTC(x1)
0xffffcec8,ram_cec8,low,function_names+renames,fns: fault_delta_float_calc_cec8 (x1); roles: fault_delta_float_calc_cec8; cats: Faults & DTC(x1); AMBIGUOUS: single weak ref; low16 collides with ROM fn addr & no 0xffff literal in reasons
0xffffced8,ram_ced8,low,function_names+renames,fns: fault_float_calc_ced8 (x1); roles: fault_float_calc_ced8; cats: Faults & DTC(x1); AMBIGUOUS: single weak ref; low16 collides with ROM fn addr & no 0xffff literal in reasons
0xffffcedc,fault_monitor_sample,high,function_names+renames,fns: fault_float_calc_cedc (x1); fault_monitor_sample_cee0_cedc (x1); roles: fault_state_latch_float_reset; fault_float_calc_cedc; fault_monitor_sample_cee0_cedc; cats: Faults & DTC(x2); ctx: zero_writes_float_const(x1)
0xffffcee0,fault_monitor_sample,high,function_names+renames,"fns: fault_float_latch_cee0 (x1); fault_float_copy_cee0 (x1); uds_mode22_get_cee0_16bit (x1); fault_monitor_sample_cee0_cedc (x1); roles: uds_mode22_get_cee0_16bit; fault_float_latch_cee0; fault_float_copy_cee0; fault_monitor_sample_cee0_cedc; cats: Faults & DTC(x3), OBD / UDS(x1)"
0xffffcee4,fault_float_filter,high,function_names+renames,fns: fault_float_filter_cee4 (x1); roles: fault_float_filter_cee4; cats: Faults & DTC(x1)
0xffffcef0,fault,high,function_names+renames,fns: fault_cef0_cond_timer (x1); roles: fault_cef0_cond_timer; cats: Faults & DTC(x1)
0xffffcef1,fault_flag_condition,high,function_names+renames,fns: fault_flag_condition_cef1 (x1); roles: fault_cef0_cond_timer; fault_flag_condition_cef1; cats: Faults & DTC(x1)
0xffffcef2,ram_cef2,low,renames,roles: fault_state_latch_float_reset
0xffffcef3,latches,medium,renames,roles: fault_state_latch_float_reset; ctx: latches(x1)
0xffffcef4,ram_cef4,low,function_names+renames,fns: fault_flag_condition_cef4 (x1); roles: fault_flag_condition_cef4; cats: Faults & DTC(x1); AMBIGUOUS: single weak ref; low16 collides with ROM fn addr & no 0xffff literal in reasons
0xffffcef5,fault_input_latch,high,function_names+renames,fns: fault_monitor_cef5 (x1); fault_input_latch_cef5 (x1); roles: fault_monitor_cef5; fault_input_latch_cef5; cats: Faults & DTC(x2)
0xffffcef6,ram_cef6,low,function_names+renames,fns: fault_flag_latch_cef6 (x1); roles: fault_flag_latch_cef6; cats: Faults & DTC(x1); AMBIGUOUS: single weak ref; low16 collides with ROM fn addr & no 0xffff literal in reasons
0xffffcef9,diag_window_flags,high,function_names+renames,fns: diag_window_flags_cef9_cefa_eval (x1); roles: diag_window_flags_cef9_cefa_eval; cats: Faults & DTC(x1)
0xffffcefa,diag_window_flags,high,function_names+renames,fns: diag_window_flags_cef9_cefa_eval (x1); roles: diag_window_flags_cef9_cefa_eval; cats: Faults & DTC(x1)
0xffffcefb,engine_speed_threshold_flag,high,function_names+renames,fns: engine_speed_threshold_flag_cefb (x1); roles: engine_speed_threshold_flag_cefb; cats: Rev Limit(x1)
0xffffcefc,ram_cefc,low,function_names+renames,fns: fault_float_diff_flag_cefc (x1); roles: fault_float_diff_flag_cefc; cats: Faults & DTC(x1); AMBIGUOUS: single weak ref; low16 collides with ROM fn addr & no 0xffff literal in reasons
0xffffcefe,ram_cefe,low,renames,roles: fault_byte_accumulate_86e4
0xffffcf01,ram_cf01,low,renames,roles: fault_state_machine_flag_86e4
0xffffcf08,shared_cond_flag,high,function_names+renames,"fns: sr_clear_flag_cf08 (x1); shared_cond_flag_cf08_eval (x1); roles: shared_cond_flag_cf08_eval; sr_clear_flag_cf08; cats: Faults & DTC(x1), Sensors(x1)"
0xffffcf09,fault_counter_increment,high,function_names+renames,fns: fault_counter_increment_cf09 (x1); roles: shared_cond_flag_cf08_eval; fault_counter_increment_cf09; cats: Faults & DTC(x1)
0xffffcf0a,ram_cf0a,low,function_names+renames,fns: init_copy_cal_byte_cf0a (x1); roles: init_copy_cal_byte_cf0a; cats: Boot & Init(x1); AMBIGUOUS: single weak ref; low16 collides with ROM fn addr & no 0xffff literal in reasons
0xffffcf0d,sensor_health_check,high,function_names+renames,fns: sensor_health_check_cf0d (x1); roles: sensor_health_check_cf0d; cats: Faults & DTC(x1)
0xffffcf13,fault_monitor_flag,high,function_names+renames,fns: fault_monitor_flag_cf13 (x1); roles: fault_monitor_flag_cf13; cats: Faults & DTC(x1)
0xffffcf17,fault_flag_latch,high,function_names+renames,fns: fault_flag_latch_cf17_18 (x1); roles: fault_flag_latch_cf17_18; cats: Faults & DTC(x1)
0xffffcf19,fault_flag_set,high,function_names+renames,fns: fault_flag_set_cf19 (x1); roles: fault_flag_set_cf19; cats: Faults & DTC(x1)
0xffffcf24,fault_threshold_select,high,function_names+renames,fns: fault_threshold_select_cf24 (x1); roles: fault_threshold_select_cf24; cats: Faults & DTC(x1)
0xffffcf2c,ram_cf2c,low,renames,roles: sr_protected_clear_fault_flags
0xffffcf30,fault_float_select,medium,function_names+renames,"fns: thunk_ba96_ba97_cf30 (x1); fault_float_select_cf30 (x1); roles: thunk_ba96_ba97_cf30; fault_float_select_cf30; cats: Boot & Init(x1), Faults & DTC(x1); CAUTION: low16 also collides with a ROM function address"
0xffffcf34,fault_counter_inc_reset,high,function_names+renames,fns: fault_flag_clear_cf34 (x1); fault_counter_inc_reset_cf34 (x1); roles: fault_flag_clear_cf34; fault_counter_inc_reset_cf34; cats: Faults & DTC(x2)
0xffffcf35,fault_flag_latch,high,function_names+renames,fns: fault_flag_latch_cf35 (x1); roles: fault_flag_latch_cf35; cats: Faults & DTC(x1)
0xffffcf36,sensor_snapshot_cache,high,function_names+renames,fns: sensor_snapshot_cache_cf36 (x1); roles: sensor_snapshot_cache_cf36; cats: Sensors(x1)
0xffffcf3a,ram_cf3a,low,renames,roles: fault_flags_clear_oneshot_cond
0xffffcf44,ram_cf44,low,function_names+renames,fns: fault_accum_integrate_cf44_cf48 (x1); roles: fault_accum_integrate_cf44_cf48; cats: Faults & DTC(x1); AMBIGUOUS: single weak ref; low16 collides with ROM fn addr & no 0xffff literal in reasons
0xffffcf48,fault_accum_integrate,medium,function_names+renames,fns: fault_flag_cf48_set (x1); fault_accum_integrate_cf44_cf48 (x1); roles: fault_flag_cf48_set; fault_accum_integrate_cf44_cf48; cats: Faults & DTC(x2); CAUTION: low16 also collides with a ROM function address
0xffffcf49,fault_threshold,high,function_names+renames,fns: fault_counter_cf49_flag_cf4b (x1); fault_threshold_2d_cf49_debounce (x1); roles: fault_counter_cf49_flag_cf4b; fault_threshold_2d_cf49_debounce; cats: Faults & DTC(x2)
0xffffcf4a,ram_cf4a,low,function_names+renames,fns: fault_threshold_latch_8704_cf4a (x1); roles: fault_threshold_latch_8704_cf4a; cats: Faults & DTC(x1); AMBIGUOUS: single weak ref; low16 collides with ROM fn addr & no 0xffff literal in reasons
0xffffcf4b,fault_counter_flag,high,function_names+renames,fns: fault_counter_cf49_flag_cf4b (x1); roles: fault_counter_cf49_flag_cf4b; cats: Faults & DTC(x1)
0xffffcf4c,ram_cf4c,low,function_names+renames,fns: fault_timer_expire_cf4c_cf4d (x1); roles: fault_timer_expire_cf4c_cf4d; cats: Faults & DTC(x1); AMBIGUOUS: single weak ref; low16 collides with ROM fn addr & no 0xffff literal in reasons
0xffffcf4d,fault_timer_expire,high,function_names+renames,fns: fault_timer_expire_cf4c_cf4d (x1); roles: fault_timer_expire_cf4c_cf4d; cats: Faults & DTC(x1)
0xffffcf5c,ram_cf5c,low,renames,roles: fault_threshold_latch_8704_cf4a
0xffffcf64,ram_cf64,low,function_names+renames,fns: fault_float_copy_ae40_cf64 (x1); roles: fault_float_copy_ae40_cf64; cats: Math / FPU(x1); AMBIGUOUS: single weak ref; low16 collides with ROM fn addr & no 0xffff literal in reasons
0xffffcf6c,fault_accum_clear,high,function_names+renames,fns: fault_accum_clear_cf6c_cf80 (x1); roles: fault_accum_clear_cf6c_cf80; cats: Faults & DTC(x1)
0xffffcf80,ram_cf80,low,function_names+renames,fns: fault_accum_clear_cf6c_cf80 (x1); roles: fault_accum_clear_cf6c_cf80; cats: Faults & DTC(x1); AMBIGUOUS: single weak ref; low16 collides with ROM fn addr & no 0xffff literal in reasons
0xffffcf86,fault_threshold_flag,high,function_names+renames,fns: fault_threshold_2d_flag_cf86 (x1); roles: fault_threshold_2d_flag_cf86; cats: Faults & DTC(x1)
0xffffcf90,ram_cf90,low,function_names+renames,fns: fault_bit800_copy_cf90_cf91 (x1); roles: fault_bit800_copy_cf90_cf91; cats: Faults & DTC(x1); AMBIGUOUS: single weak ref; low16 collides with ROM fn addr & no 0xffff literal in reasons
0xffffcf91,fault_bit800_copy,high,function_names+renames,fns: fault_bit800_copy_cf90_cf91 (x1); roles: fault_bit800_copy_cf90_cf91; cats: Faults & DTC(x1)
0xffffcf94,if_any_active,medium,renames,roles: dtc_engine_fault_flag_set_update; ctx: if_any_active(x1)
0xffffcf95,fault_flag_copy,high,function_names+renames,fns: fault_flag_copy_bf88_cf95 (x1); roles: fault_flag_copy_bf88_cf95; cats: Faults & DTC(x1)
0xffffcf96,ram_cf96,low,renames,roles: fault_cond_flag_8fe2_eval
0xffffcf98,ram_cf98,low,function_names+renames,fns: fault_flag_cf98_dtc_2a_eval (x1); roles: fault_flag_cf98_dtc_2a_eval; cats: Faults & DTC(x1); AMBIGUOUS: single weak ref; low16 collides with ROM fn addr & no 0xffff literal in reasons
0xffffcf9a,ram_cf9a,low,renames,roles: fault_cond_flag_8fe6_eval
0xffffcf9c,fault_flag_invert_store,high,function_names+renames,fns: fault_flag_invert_store_cf9c_to_cce0 (x1); fault_flags_reset_cf9c_clear_cf9d_set (x1); roles: fault_flag_invert_store_cf9c_to_cce0; fault_flags_reset_cf9c_clear_cf9d_set; cats: Faults & DTC(x2)
0xffffcf9d,fault_flags_reset_clear,high,function_names+renames,fns: fault_flags_reset_cf9c_clear_cf9d_set (x1); roles: fault_flags_reset_cf9c_clear_cf9d_set; cats: Faults & DTC(x1)
0xffffcfa0,ram_cfa0,low,function_names+renames,fns: fault_flag_cfa0_dtc_gated_eval (x1); roles: fault_flag_cfa0_dtc_gated_eval; cats: Faults & DTC(x1); AMBIGUOUS: single weak ref; low16 collides with ROM fn addr & no 0xffff literal in reasons
0xffffcfa2,ram_cfa2,low,renames,roles: fault_counter_clear
0xffffcfa4,fault_flag,high,function_names+renames,fns: fault_flag_cfa4_window_eval (x1); roles: fault_flag_cfa4_window_eval; cats: Faults & DTC(x1)
0xffffcfa8,ram_cfa8,low,function_names+renames,fns: fault_counter_cfa8_inc (x1); roles: fault_counter_cfa8_inc; cats: Faults & DTC(x1); AMBIGUOUS: single weak ref; low16 collides with ROM fn addr & no 0xffff literal in reasons
0xffffcfa9,fault_flag_or_eval,high,function_names+renames,fns: fault_flag_or_eval_cfab_cfac_to_cfa9 (x1); roles: fault_flag_or_eval_cfab_cfac_to_cfa9; cats: Faults & DTC(x1)
0xffffcfaa,ram_cfaa,low,function_names+renames,fns: fault_cond_flag_cfaa_eval (x1); roles: fault_cond_flag_cfaa_eval; cats: Faults & DTC(x1); AMBIGUOUS: single weak ref; low16 collides with ROM fn addr & no 0xffff literal in reasons
0xffffcfab,fault_flag_or_eval,high,function_names+renames,fns: diag_flag_cfab_cond_eval (x1); fault_flag_or_eval_cfab_cfac_to_cfa9 (x1); roles: diag_flag_cfab_cond_eval; fault_flag_or_eval_cfab_cfac_to_cfa9; cats: Faults & DTC(x2); ctx: fault_flag_eval(x1)
0xffffcfac,fault_flag_or_eval,high,function_names+renames,fns: fault_window_flag_cfac_eval (x1); fault_flag_or_eval_cfab_cfac_to_cfa9 (x1); roles: fault_window_flag_cfac_eval; fault_flag_or_eval_cfab_cfac_to_cfa9; cats: Faults & DTC(x2)
0xffffcfb0,ram_cfb0,low,function_names+renames,fns: fault_flag_cfb0_dtc_gated_eval (x1); roles: fault_flag_cfb0_dtc_gated_eval; cats: Faults & DTC(x1); AMBIGUOUS: single weak ref; low16 collides with ROM fn addr & no 0xffff literal in reasons
0xffffcfb1,fault_flags_all_set_and,high,function_names+renames,fns: fault_flags_all_set_and_to_cfb1 (x1); roles: fault_flags_all_set_and_to_cfb1; cats: Faults & DTC(x1)
0xffffcfb2,ram_cfb2,low,function_names+renames,fns: fault_flags_any_set_or_to_cfb2 (x1); roles: fault_flags_any_set_or_to_cfb2; cats: Faults & DTC(x1); AMBIGUOUS: single weak ref; low16 collides with ROM fn addr & no 0xffff literal in reasons
0xffffcfb4,ram_cfb4,low,renames,roles: fault_cond_flag_9000_eval
0xffffcfb8,fault_counter,high,function_names+renames,"fns: fault_counter_cfb8_load_cal (x1); fault_counter_cfb8_countdown (x1); fault_counter_pos_latch_cfb8_to_cfb9 (x1); obd_pid_emit_byte_cfb8 (x1); roles: fault_counter_pos_latch_cfb8_to_cfb9; fault_counter_cfb8_load_cal; fault_counter_cfb8_countdown; obd_pid_emit_byte_cfb8; cats: Faults & DTC(x3), OBD / UDS(x1)"
0xffffcfb9,fault_counter_pos_latch,high,function_names+renames,"fns: fault_counter_pos_latch_cfb8_to_cfb9 (x1); read_flag_cfb9 (x1); roles: fault_counter_pos_latch_cfb8_to_cfb9; read_flag_cfb9; cats: Faults & DTC(x1), Sensors(x1)"
0xffffcfba,ram_cfba,low,renames,roles: sensor_b5dc_thresh_hysteresis_check
0xffffcfbc,dtc_present_shadow_flag,high,function_names+renames,fns: dtc_present_shadow_flag_cfbc (x1); roles: fault_flags_all_clear_check; dtc_present_shadow_flag_cfbc; boot_scratch_init_dispatch; cats: Faults & DTC(x1)
0xffffcfbd,ram_cfbd,low,renames,roles: dtc_present_shadow_flag_cfbc; boot_scratch_init_dispatch
0xffffcfc0,dtc_gated_flag,medium,function_names+renames,fns: dtc_gated_flag_cfc0_monitor42 (x1); dtc_report_cfc0_flag_42 (x1); roles: dtc_gated_flag_cfc0_monitor42; dtc_report_cfc0_flag_42; cats: Faults & DTC(x2); CAUTION: low16 also collides with a ROM function address
0xffffcfc4,csum_window_flag,medium,function_names+renames,"fns: csum_window_80_100_flag_cfc4 (x1); dtc_report_cfc4_flag_44 (x1); roles: csum_window_80_100_flag_cfc4; dtc_report_cfc4_flag_44; cats: Memory & CRC(x1), Faults & DTC(x1); CAUTION: low16 also collides with a ROM function address"
0xffffcfc8,ram_cfc8,low,renames,roles: fault_cond_flag_9004_eval
0xffffcfcc,ram_cfcc,low,function_names+renames,fns: dtc_flag_cfcc_cfcf_set (x1); roles: dtc_flag_cfcc_cfcf_set; cats: Faults & DTC(x1); AMBIGUOUS: single weak ref; low16 collides with ROM fn addr & no 0xffff literal in reasons
0xffffcfcd,dtc_flags,high,function_names+renames,fns: dtc_flags_cfcd_900c_update (x1); roles: dtc_flags_cfcd_900c_update; cats: Faults & DTC(x1)
0xffffcfce,dtc_gated_flag,high,function_names+renames,fns: dtc_gated_flag_cfce_1d_1e (x1); roles: dtc_gated_flag_cfce_1d_1e; cats: Faults & DTC(x1)
0xffffcfcf,dtc_flag,high,function_names+renames,fns: dtc_flag_cfcc_cfcf_set (x1); roles: dtc_flag_cfcc_cfcf_set; cats: Faults & DTC(x1)
0xffffcfd4,ram_cfd4,low,function_names+renames,fns: dtc_flags_cfd4_cfd5_report_a4 (x1); roles: dtc_flags_cfd4_cfd5_report_a4; cats: Faults & DTC(x1); AMBIGUOUS: single weak ref; low16 collides with ROM fn addr & no 0xffff literal in reasons
0xffffcfd5,dtc_flags,high,function_names+renames,fns: dtc_flags_cfd4_cfd5_report_a4 (x1); roles: dtc_flags_cfd4_cfd5_report_a4; cats: Faults & DTC(x1)
0xffffcfd6,ram_cfd6,low,renames,roles: fault_cond_flag_900c_eval
0xffffcfd9,diag_fault_record_by_condition,high,function_names+renames,"fns: reset_counters_cfd9_gated (x1); fault_latch_reset_cfd9 (x1); diag_fault_record_by_condition_cfd9 (x1); roles: diag_fault_record_by_condition_cfd9; reset_counters_cfd9_gated; fault_latch_reset_cfd9; cats: Faults & DTC(x2), RTOS(x1)"
0xffffcfda,packs,medium,renames,roles: obd_dtc_word_tx_54; ctx: packs(x1)
0xffffcfdc,ram_cfdc,low,renames,roles: dtc_code_cache_7c26c; dtc_code_change_restart_session
0xffffcfdd,ram_cfdd,low,renames,roles: dtc_diag_session_start; dtc_session_timeout_countdown
0xffffcfe0,ram_cfe0,low,function_names+renames,fns: uds_sid_dispatch_cfe0_gate (x1); roles: uds_sid_dispatch_cfe0_gate; cats: OBD / UDS(x1); AMBIGUOUS: single weak ref; low16 collides with ROM fn addr & no 0xffff literal in reasons
0xffffcfe3,uds_did_getter_byte,high,function_names+renames,fns: uds_did_getter_byte_cfe3 (x1); obd_session_flag_cfe3_cmp (x1); roles: uds_byte_resp_lookup_5414c; uds_did_getter_byte_cfe3; boot_obd_challenge_init; obd_session_flag_cfe3_cmp; cats: OBD / UDS(x2); ctx: boot_time(x1)
0xffffcfe4,obd_challenge_flag_write,high,function_names+renames,fns: obd_challenge_flag_write_cfe4 (x1); roles: mem_counter_delta_error_latch; fault_state_decision_fff9; obd_challenge_flag_write_cfe4; cats: OBD / UDS(x1)
0xffffcfe6,obd_timeout,high,function_names+renames,fns: obd_timeout_cfe6_elapsed (x1); roles: mem_counter_delta_error_latch; fault_state_decision_fff9; obd_timeout_cfe6_elapsed; cats: OBD / UDS(x1); ctx: compares(x1)
0xffffcfe9,obd_challenge_seed,high,function_names+renames,fns: obd_challenge_seed_gen_cfe9 (x1); obd_challenge_seed_read_cfe9 (x1); roles: obd_challenge_seed_gen_cfe9; obd_challenge_seed_read_cfe9; cats: OBD / UDS(x2)
0xffffcff0,obd_session_state_update,high,function_names+renames,fns: obd_session_state_update_cff0 (x1); roles: obd_session_state_update_cff0; cats: OBD / UDS(x1); ctx: state_machine(x1)
0xffffcff6,obd_timer_below,high,function_names+renames,fns: obd_timer_below_cff6 (x1); roles: obd_timer_below_cff6; cats: OBD / UDS(x1)
0xffffcff9,state_counter_decision,medium,renames,roles: fault_state_decision_fff9; ctx: state_counter_decision(x1)
0xffffcffa,ram_cffa,low,renames,roles: fault_state_decision_fff9
0xffffcffe,decision_fn_if,medium,renames,roles: fault_state_decision_fff9; ctx: decision_fn_if(x1)
0xffffd038,obd_state_clear,high,function_names+renames,fns: obd_state_clear_d038 (x1); roles: uds_service_dispatch; obd_state_clear_d038; cats: OBD / UDS(x1); ctx: zeroes_obd_state_bytes_words(x1)
0xffffd03c,obd_state_set,high,function_names+renames,fns: obd_state_set_d03c (x1); roles: obd_state_set_d03c; cats: OBD / UDS(x1)
0xffffd040,ram_d040,low,renames,roles: uds_service_dispatch
0xffffd044,opt_byte_latch,high,function_names+renames,fns: opt_byte_latch_8fee_d044 (x1); roles: dtc_fault_record_clear_conditional; opt_byte_latch_8fee_d044; cats: Boot & Init(x1)
0xffffd046,opt_byte_latch,high,function_names+renames,fns: opt_byte_latch_8fe6_d046 (x1); roles: opt_byte_latch_8fe6_d046; cats: Boot & Init(x1)
0xffffd047,latch_shadow,high,known+renames,latch shadow 0xFFFFD047; roles: fault_input_latch_ce4a
0xffffd048,latch_shadow,high,known+renames,latch shadow 0xFFFFD048; roles: mem_cellflag_sensor_cond_write; fault_input_latch_ce4a
0xffffd049,latch_shadow,high,known+renames,latch shadow 0xFFFFD049; roles: fault_input_latch_ce4d
0xffffd04a,latch_shadow,high,known+renames,latch shadow 0xFFFFD04A; roles: fault_input_latch_ce4d
0xffffd04b,latch_shadow,high,known+renames,latch shadow 0xFFFFD04B; roles: fault_input_latch_cebd
0xffffd04c,latch_shadow,high,known+renames,latch shadow 0xFFFFD04C; roles: fault_input_latch_cebd
0xffffd04d,latch_shadow,high,known+renames,latch shadow 0xFFFFD04D; roles: fault_input_latch_cef5
0xffffd04e,latch_shadow,high,known+renames,latch shadow 0xFFFFD04E; roles: fault_input_latch_cef5
0xffffd04f,opt_byte_latch,high,function_names+known+renames,latch shadow 0xFFFFD04F; fns: opt_byte_latch_8fe2_d04f (x1); roles: opt_byte_latch_8fe2_d04f; cats: Boot & Init(x1)
0xffffd050,latch_shadow,high,known+renames,latch shadow 0xFFFFD050; roles: fault_input_latch_c520
0xffffd051,latch_shadow,high,known+renames,latch shadow 0xFFFFD051; roles: fault_input_latch_c520
0xffffd052,reset_flag_store,high,function_names+renames,fns: reset_flag_11f54_store_d052 (x1); roles: dtc_fault_value_record_update; diag_fault_cond_eval_90E8; reset_flag_11f54_store_d052; cats: Boot & Init(x1)
0xffffd053,reset_flag_store,high,function_names+renames,fns: reset_flag_11f54_store_d053 (x1); roles: diag_fault_cond_eval_9108; reset_flag_11f54_store_d053; cats: Boot & Init(x1)
0xffffd054,fault,high,function_names+renames,fns: fault_d054_counter_load (x1); fault_d054_counter_dec (x1); roles: fault_d054_counter_load; fault_d054_counter_dec; cats: Faults & DTC(x2)
0xffffd056,ram_d056,low,renames,roles: fault_d054_counter_load
0xffffd057,obd_pending_flag_clear,high,function_names+renames,fns: obd_pending_flag_clear_d057 (x1); roles: fault_d054_counter_load; uds_nrc_reason_emit_65570; obd_pending_flag_clear_d057; cats: OBD / UDS(x1); ctx: response_pending(x1)
0xffffd058,ram_d058,low,function_names+renames,fns: uds_param_source_select_d058 (x1); roles: uds_param_source_select_d058; cats: OBD / UDS(x1); AMBIGUOUS: single weak ref; low16 collides with ROM fn addr & no 0xffff literal in reasons
0xffffd064,uds_service_byte,high,function_names+known+renames,UDS service byte at 0xFFFFD064; fns: uds_service_available_check_d064 (x1); uds_service_inprogress_check_d064 (x1); uds_service_activate_d064 (x1); uds_service_clear_d064 (x1); roles: uds_subfunc_running_state_reset; uds_service_available_check_d064; uds_service_inprogress_check_d064; uds_service_activate_d064; cats: OBD / UDS(x4)
0xffffd065,uds_session_byte,high,function_names+known+renames,UDS session byte at 0xFFFFD065; fns: uds_session_state_update_d065 (x1); uds_service_flag_decode_d065 (x1); roles: uds_session_state_update_d065; uds_service_flag_decode_d065; cats: OBD / UDS(x2); ctx: decodes_uds_service(x1)
0xffffd06b,uds_service_pending_flag_set,high,function_names+renames,fns: uds_service_pending_flag_set_d06b (x1); roles: uds_service_pending_flag_set_d06b; cats: OBD / UDS(x1)
0xffffd06e,flagged_reset_handler,high,function_names+renames,fns: flagged_reset_handler_d06e (x1); roles: flagged_reset_handler_d06e; cats: Boot & Init(x1)
0xffffd06f,uds_pending_flag_latch,high,function_names+renames,fns: uds_pending_flag_latch_d06f (x1); roles: uds_pending_flag_latch_d06f; cats: OBD / UDS(x1)
0xffffd071,uds_busy_or_flags,high,function_names+renames,fns: uds_busy_or_flags_d071 (x1); roles: uds_busy_or_flags_d071; cats: OBD / UDS(x1)
0xffffd07b,uds_flag_set,high,function_names+renames,fns: uds_flag_set_80_d07b (x1); roles: uds_flag_set_80_d07b; cats: OBD / UDS(x1)
0xffffd083,uds_service_check,high,function_names+renames,fns: uds_service_0f_check_d083 (x1); roles: uds_service_0f_check_d083; cats: OBD / UDS(x1)
0xffffd084,ram_d084,low,function_names+renames,fns: uds_fault_compare_d084_d085 (x1); roles: uds_fault_compare_d084_d085; cats: OBD / UDS(x1); AMBIGUOUS: single weak ref; low16 collides with ROM fn addr & no 0xffff literal in reasons
0xffffd085,uds_fault_compare,high,function_names+renames,fns: uds_fault_compare_d084_d085 (x1); roles: uds_fault_compare_d084_d085; cats: OBD / UDS(x1)
0xffffd086,diag_set_flag_byte,high,function_names+renames,fns: diag_set_flag_byte_d086 (x1); roles: uds_subfunction_running_guard; uds_subfunc_running_state_reset; diag_elapsedTimerSetFlagOnce; can_retry_counter_below_625; cats: Faults & DTC(x1)
0xffffd087,uds_state,high,function_names+known+renames,UDS state at 0xFFFFD087; fns: uds_state_byte_store_d087 (x1); uds_state_block_clear_d087 (x1); roles: uds_request_download_handler; uds_state_byte_store_d087; uds_state_block_clear_d087; cats: OBD / UDS(x2); ctx: state(x1)
0xffffd088,ram_d088,low,renames,roles: uds_state_block_clear_d087
0xffffd08a,ram_d08a,low,renames,roles: uds_state_block_clear_d087
0xffffd090,ram_d090,low,renames,roles: uds_request_download_handler
0xffffd091,ram_d091,low,renames,roles: diag_fault_flags_condition_eval; uds_subfunc_running_state_reset
0xffffd092,ram_d092,low,renames,roles: uds_subfunc_running_state_reset
0xffffd093,ram_d093,low,renames,roles: uds_subfunc_running_state_reset
0xffffd094,ram_d094,low,renames,roles: sensor_8bit_corrected_float_store
0xffffd098,engine_running_counter_inc,high,function_names+renames,"fns: obd_pid_resp_d098_scaled (x1); scale_d098_word_x1024 (x1); engine_running_counter_inc_d098 (x1); roles: engine_running_counter_inc_d098; obd_pid_resp_d098_scaled; scale_d098_word_x1024; cats: OBD / UDS(x2), Utilities(x1)"
0xffffd09b,uds_calibration_check,high,function_names+renames,fns: read_byte_d09b (x1); uds_calibration_check_d09b (x1); roles: read_byte_d09b; uds_calibration_check_d09b; cats: OBD / UDS(x2)
0xffffd09c,uds_ram_byte,high,function_names+renames,fns: uds_ram_byte_getter_d09c (x1); status_cbd4_bits_to_d09c (x1); roles: uds_ram_byte_getter_d09c; status_cbd4_bits_to_d09c; cats: OBD / UDS(x2)
0xffffd09d,uds_ram_byte,high,function_names+renames,fns: uds_ram_byte_getter_d09d (x1); status_cbd4_bits_to_d09d (x1); roles: uds_ram_byte_getter_d09d; status_cbd4_bits_to_d09d; cats: OBD / UDS(x2)
0xffffd0a0,ram_d0a0,low,renames,roles: sensor_8bit_corrected_float_store
0xffffd0a4,ram_d0a4,low,renames,roles: sensor_8bit_corrected_float_store
0xffffd0a8,ram_d0a8,low,renames,roles: obd_status_calc
0xffffd0b2,ram_d0b2,low,renames,roles: ign_cold_start_corr_write
0xffffd0b4,ram_d0b4,low,function_names+renames,fns: diag_fault_cond_eval_d0b4 (x1); roles: diag_fault_cond_eval_d0b4; cats: Faults & DTC(x1); AMBIGUOUS: single weak ref; low16 collides with ROM fn addr & no 0xffff literal in reasons
0xffffd0b5,diag_fault_cond_eval,high,function_names+renames,fns: diag_fault_cond_eval_d0b5 (x1); roles: diag_fault_cond_eval_d0b5; cats: Faults & DTC(x1)
0xffffd0b7,diag_fault_cond_eval,high,function_names+renames,fns: diag_fault_cond_eval_d0b7 (x1); roles: diag_fault_cond_eval_d0b7; cats: Faults & DTC(x1)
0xffffd0b9,diag_fault_cond_eval,high,function_names+renames,fns: diag_fault_cond_eval_d0b9 (x1); roles: diag_fault_cond_eval_d0b9; cats: Faults & DTC(x1)
0xffffd0c9,ram_d0c9,low,renames,roles: diag_fault_cond_eval_d0b9
0xffffd0cc,splits_hi_lo_words_into,medium,renames,roles: obd_32bit_signal_split_words; fault_recs_shadow_copy_916c; ctx: splits_hi_lo_words_into(x1)
0xffffd0d4,ram_d0d4,low,renames,roles: ign_timing_correction_calc
0xffffd0e0,ram_d0e0,low,renames,roles: ign_timing_correction_calc
0xffffd0ec,fault_cond_eval_enable,medium,renames,"roles: diag_fault_cond_eval_d0b5; diag_fault_cond_eval_d0b7; diag_fault_cond_eval_d0b9; diag_fault_cond_eval_d0b4; ctx: fault_cond_eval_enable(x3), fault_cond_eval_reads_enable(x1)"
0xffffd0ed,ram_d0ed,low,renames,roles: diag_fault_cond_eval_d0b4
0xffffd0ee,ram_d0ee,low,renames,roles: obd_status_calc; diag_fault_cond_eval_d0b4
0xffffd0ef,fault_flags,high,function_names+renames,fns: fault_flags_init_d0ef (x1); roles: fault_flags_init_d0ef; cats: Faults & DTC(x1)
0xffffd0f0,ram_d0f0,low,function_names+renames,fns: fault_rec_latch_d0f0 (x1); roles: fault_rec_latch_d0f0; cats: Faults & DTC(x1); AMBIGUOUS: single weak ref; low16 collides with ROM fn addr & no 0xffff literal in reasons
0xffffd0fc,ram_d0fc,low,renames,roles: uds_sid21_subfunc_access_check
0xffffd104,mask_disabled_caller,medium,renames,roles: uds_sid21_subfunc_access_check; ctx: mask_disabled_caller(x1)
0xffffd105,ram_d105,low,renames,roles: uds_sid21_subfunc_access_check
0xffffd120,uds_sid_tail_dispatch,high,function_names+renames,fns: uds_sid_dispatch_d120 (x1); uds_sid_tail_dispatch_d120 (x1); roles: uds_sid_dispatch_d120; uds_sid_tail_dispatch_d120; cats: OBD / UDS(x2)
0xffffd122,uds_sid_switch,high,function_names+renames,fns: uds_sid_switch_d122_d124 (x1); roles: timeout_counter_inc_sr_atomic_a; uds_sid_switch_d122_d124; cats: OBD / UDS(x1)
0xffffd124,ram_d124,low,function_names+renames,fns: uds_sid_switch_d122_d124 (x1); roles: uds_sid_switch_d122_d124; cats: OBD / UDS(x1); AMBIGUOUS: single weak ref; low16 collides with ROM fn addr & no 0xffff literal in reasons
0xffffd128,pid_control_word,high,known+renames,"PID control word 0xFFFFD128; roles: obd_control_pid_fan2_enable; obd_control_pid_fan1_enable; obd_control_pid_e901_handler; obd_control_pid_17e1_handler; ctx: fans_md_compares_pid(x1), gated_status_latch_pid(x1)"
0xffffd12a,pid_control_word,high,known+renames,PID control word 0xFFFFD12A; roles: obd_control_pid_e91a_handler
0xffffd12c,ram_d12c,low,renames,roles: obd_control_pid_fan2_enable; obd_control_pid_fan1_enable; obd_control_pid_e901_handler; obd_control_pid_17e1_handler
0xffffd12d,pid_control_word,high,known+renames,PID control word 0xFFFFD12D; roles: obd_control_pid_fan2_enable; obd_control_pid_fan1_enable; obd_control_pid_e901_handler; obd_control_pid_17e1_handler
0xffffd134,ram_d134,low,renames,roles: obd_control_pid_e91a_handler
0xffffd148,ram_d148,low,renames,roles: obd_control_pid_17df_handler
0xffffd149,ram_d149,low,renames,roles: mem_counter_delta_error_latch; obd_control_pid_e91a_handler; obd_control_pid_17df_handler; uds_2f_iocontrol_entry_e909
0xffffd14a,ram_d14a,low,renames,roles: mem_enable_flag_and_gate
0xffffd153,ram_d153,low,renames,roles: obd_control_pid_e91a_handler
0xffffd157,ram_d157,low,renames,roles: obd_control_pid_fan2_enable
0xffffd159,ram_d159,low,renames,roles: obd_control_pid_fan1_enable
0xffffd169,ram_d169,low,renames,roles: obd_control_pid_e901_handler
0xffffd16f,ram_d16f,low,renames,roles: obd_control_pid_17e1_handler
0xffffd177,sensor_word_latch,high,function_names+renames,fns: sensor_word_latch_d177 (x1); roles: sensor_word_latch_d177; cats: Sensors(x1)
0xffffd179,sensor_word_latch,high,function_names+renames,fns: sensor_word_latch_d179 (x1); roles: sensor_word_latch_d179; cats: Sensors(x1)
0xffffd17b,ram_d17b,low,renames,roles: obd_control_pid_17df_handler
0xffffd180,status_mask,high,function_names+known+renames,status mask at 0xFFFFD180; fns: status_mask_d180_from_flags (x1); roles: obd_control_pid_fan2_enable; obd_control_pid_e91a_handler; obd_control_pid_17df_handler; status_mask_d180_from_flags; cats: Sensors(x1)
0xffffd187,uds_subservice_table_match,high,function_names+renames,fns: uds_subservice_table_match_d187 (x1); roles: uds_subservice_table_match_d187; cats: OBD / UDS(x1)
0xffffd18e,sr_critical_section_timeout,medium,renames,roles: timeout_counter_inc_sr_atomic_b; ctx: sr_critical_section_timeout(x1)
0xffffd196,can630_copy_byte,high,function_names+renames,"fns: can630_copy_byte_d196_to_bffa (x1); byte_reg_copy_d196_to_bff8 (x1); roles: byte_reg_copy_d196_to_bff8; can630_copy_byte_d196_to_bffa; cats: CAN Bus(x1), Memory & CRC(x1); ctx: mov_b(x1)"
0xffffd198,sr_critical_section_timeout,medium,renames,"roles: timeout_counter_inc_sr_atomic_c; diag_elapsedTimerSetFlagOnce; can_retry_counter_below_625; diag_set_flag_byte_d086; ctx: sr_critical_section_timeout(x1), under_getsr_setsr_if(x1)"
0xffffd19b,ram_d19b,low,renames,roles: diag_elapsedTimerSetFlagOnce; diag_set_flag_byte_d086
0xffffd19c,ram_d19c,low,renames,roles: boost_timer_latch
0xffffd1a0,snapshot,high,function_names+renames,fns: snapshot_ad84_to_d1a0 (x1); roles: boost_timer_latch; snapshot_ad84_to_d1a0; cats: Sensors(x1)
0xffffd1a8,ram_d1a8,low,renames,roles: aux_vehicle_cfg_e2_restore
0xffffd1ae,ram_d1ae,low,renames,roles: aux_vehicle_cfg_e2_restore
0xffffd1b4,uds_word,high,function_names+renames,fns: uds_word_getter_d1b4 (x1); roles: eeprom_0x78_word_load_to_ram; uds_word_getter_d1b4; cats: OBD / UDS(x1); ctx: fail_stores(x1)
0xffffd1bc,ram_d1bc,low,renames,roles: eeprom_0x78_word_load_to_ram
0xffffd1c0,sr_guarded_counts_loops,medium,renames,roles: eeprom_shadow_write_state_task; ctx: sr_guarded_counts_loops(x1)
0xffffd1c2,ram_d1c2,low,renames,roles: eeprom_shadow_write_state_task
0xffffd1c8,obd_response_dispatch,medium,function_names+renames,"fns: obd_response_dispatch_d1c8 (x1); dtc_status_check_d1c8 (x1); uds_capability_match_d1c8 (x1); uds_d1c8_mask_byte_get (x1); roles: obd_response_dispatch_d1c8; dtc_status_check_d1c8; uds_capability_match_d1c8; uds_d1c8_mask_byte_get; cats: OBD / UDS(x3), Faults & DTC(x1); CAUTION: low16 also collides with a ROM function address"
0xffffd1cc,device_lookup,high,function_names+renames,fns: device_2d_lookup_d1cc (x1); read_float_d1cc (x1); roles: device_2d_lookup_d1cc; read_float_d1cc; cats: Math / FPU(x2)
0xffffd1cd,ram_d1cd,low,renames,roles: mem_cellflag_vtc_lock_write
0xffffd1d4,ram_d1d4,low,renames,roles: clear_ram_d382_thunk
0xffffd1d6,init_clear_bufs,high,function_names+renames,fns: init_clear_bufs_d1d6_d26a (x1); roles: init_clear_bufs_d1d6_d26a; cats: Boot & Init(x1)
0xffffd1d8,ram_d1d8,low,renames,roles: dtc_any_fault_flag_or
0xffffd20b,ram_d20b,low,renames,roles: diag_security_level0_entry
0xffffd20e,ram_d20e,low,renames,roles: uds_security_unlock_state_set
0xffffd210,ram_d210,low,renames,roles: uds_security_unlock_state_set
0xffffd211,this_data_copy_copies_seed,medium,renames,roles: security_seed_copy; ctx: this_data_copy_copies_seed(x1)
0xffffd214,ram_d214,low,renames,roles: security_seed_copy
0xffffd228,if_security_state,medium,renames,roles: immo_security_state_reset; ctx: if_security_state(x1)
0xffffd26a,fault_pending_or_confirmed,high,function_names+renames,"fns: init_clear_bufs_d1d6_d26a (x1); fault_pending_or_confirmed_d26a (x1); roles: init_clear_bufs_d1d6_d26a; fault_pending_or_confirmed_d26a; cats: Boot & Init(x1), Faults & DTC(x1)"
0xffffd27c,ram_d27c,low,renames,roles: fault_state_decision_fff9
0xffffd29f,ram_d29f,low,renames,roles: fault_gated_float_out
0xffffd2a2,ram_d2a2,low,renames,roles: timer_state_debounce_latch
0xffffd2e8,ram_d2e8,low,function_names+renames,fns: sensor_diag_bool_report_d2e8 (x1); roles: sensor_diag_bool_report_d2e8; cats: Sensors(x1); AMBIGUOUS: single weak ref; low16 collides with ROM fn addr & no 0xffff literal in reasons
0xffffd2f6,dtc_fault_state_machine,high,function_names+renames,fns: status_buf_d2f6_clear_8c (x1); dtc_fault_state_machine_d2f6 (x1); roles: status_buf_d2f6_clear_8c; dtc_fault_state_machine_d2f6; cats: Faults & DTC(x2)
0xffffd330,copies,medium,renames,roles: can_uds_memread_response_tx; ctx: copies(x1)
0xffffd34b,uds_byte,high,function_names+renames,fns: uds_byte_getter_d34b_transform (x1); roles: uds_byte_getter_d34b_transform; cats: OBD / UDS(x1)
0xffffd380,ram_d380,low,renames,roles: dtc_flag_set_orr
0xffffd382,clear_fault_status_ram,high,function_names+renames,"fns: clear_ram_d382_thunk (x1); clear_fault_status_ram_d382 (x1); roles: dtc_flag_set_orr; uds_mode22_did_202_getter; clear_ram_d382_thunk; clear_fault_status_ram_d382; cats: Memory & CRC(x1), Faults & DTC(x1); ctx: fault_status_byte_array(x1)"
0xffffd3f0,kwp_frame_in_session_ctx,medium,renames,"roles: uds_diag_service_dispatcher; position_check; kwp_frame_append_to_session_buf; kwp_session_frame_init; ctx: then_ands_runtime_mask(x1), kwp_frame_in_session_ctx(x1)"
0xffffd3f2,ram_d3f2,low,renames,roles: kwp_frame_append_to_session_buf
0xffffd3f4,ram_d3f4,low,renames,roles: kwp_frame_append_to_session_buf; kwp_session_frame_init; kwp_short_frame_init_append
0xffffd40e,dtc_status_buf,high,function_names+known+renames,DTC status buffer at 0xFFFFD40E; fns: dtc_gated_flag_d40e (x1); dtc_status_buf_refresh_d40e (x1); clear_fault_status_buf_d40e (x1); fault_status_store_single_d40e (x1); roles: dtc_gated_flag_d40e; dtc_status_buf_refresh_d40e; clear_fault_status_buf_d40e; fault_status_store_single_d40e; cats: Faults & DTC(x5); ctx: array(x1)
0xffffd467,changed_dtc_status_store,medium,renames,roles: obd_dtc_status_write; ctx: changed_dtc_status_store(x1)
0xffffd483,byte_reg_copy,high,function_names+renames,fns: byte_reg_copy_d483_to_c013 (x1); roles: byte_reg_copy_d483_to_c013; cats: Memory & CRC(x1)
0xffffd494,ram_d494,low,renames,roles: obd_dtc_status_write
0xffffd49a,ram_d49a,low,function_names+renames,fns: update_fault_status_d49a (x1); roles: update_fault_status_d49a; cats: Faults & DTC(x1); AMBIGUOUS: single weak ref; low16 collides with ROM fn addr & no 0xffff literal in reasons
0xffffd49c,ram_d49c,low,function_names+renames,fns: init_d49c_ffff_region (x1); roles: init_d49c_ffff_region; cats: Boot & Init(x1); AMBIGUOUS: single weak ref; low16 collides with ROM fn addr & no 0xffff literal in reasons
0xffffd4a4,ram_d4a4,low,function_names+renames,fns: dtc_storage_build_d4a4 (x1); roles: dtc_storage_build_d4a4; cats: Faults & DTC(x1); AMBIGUOUS: single weak ref; low16 collides with ROM fn addr & no 0xffff literal in reasons
0xffffd4cc,record_write_area,high,function_names+known+renames,record write area at 0xFFFFD4CC; fns: dtc_current_rec_write_d4cc (x1); dtc_status_classify_d4cc (x1); roles: dtc_current_rec_write_d4cc; dtc_status_classify_d4cc; cats: Faults & DTC(x2)
0xffffd54e,ram_d54e,low,function_names+renames,fns: dtc_list_copy_d576_d54e (x1); roles: dtc_list_copy_d576_d54e; cats: Faults & DTC(x1); AMBIGUOUS: single weak ref; low16 collides with ROM fn addr & no 0xffff literal in reasons
0xffffd576,ram_d576,low,function_names+renames,fns: dtc_list_copy_d576_d54e (x1); roles: dtc_list_copy_d576_d54e; cats: Faults & DTC(x1); AMBIGUOUS: single weak ref; low16 collides with ROM fn addr & no 0xffff literal in reasons
0xffffd5a0,dtc_snapshot_record,medium,function_names+renames,fns: scan_d5a0_status_mask_87a0 (x1); dtc_snapshot_record_to_d5a0 (x1); roles: scan_d5a0_status_mask_87a0; dtc_snapshot_record_to_d5a0; cats: Faults & DTC(x2); CAUTION: low16 also collides with a ROM function address
0xffffd5ac,ram_d5ac,low,renames,roles: obd_dtc_enabled_count
0xffffd5b4,working_record,high,known,working record at 0xFFFFD5B4
0xffffd5c3,dtc_record_process_a,high,function_names+renames,fns: dtc_record_process_a_d5c3 (x1); roles: dtc_record_process_a_d5c3; cats: Faults & DTC(x1)
0xffffd5c4,ram_d5c4,low,function_names+renames,fns: dtc_record_process_b_d5c4 (x1); roles: dtc_record_process_b_d5c4; cats: Faults & DTC(x1); AMBIGUOUS: single weak ref; low16 collides with ROM fn addr & no 0xffff literal in reasons
0xffffd626,obd_mode1_4byte_report,high,function_names+known+renames,OBD output counter 0xFFFFD626; fns: obd_mode1_4byte_report_d626 (x1); obd_mode1_word_report_d626 (x1); roles: obd_mode1_4byte_report_d626; obd_mode1_word_report_d626; cats: OBD / UDS(x2)
0xffffd628,obd_mode2_counter_report,high,function_names+known+renames,"OBD output counter 0xFFFFD628; fns: obd_mode2_dispatch_d628 (x1); obd_mode2_6byte_report_d628 (x1); obd_mode2_freeze_frame_d628 (x1); obd_mode2_counter_report_d628 (x1); roles: obd_mode2_dispatch_d628; obd_mode2_6byte_report_d628; obd_mode2_freeze_frame_d628; obd_mode2_counter_report_d628; cats: OBD / UDS(x4); ctx: pid_report_dispatcher_using(x1), freeze_frame_lookup_report(x1)"
0xffffd638,ram_d638,low,renames,roles: dtc_any_fault_flag_or
0xffffd710,sensor_mode2_report,high,function_names+renames,fns: sensor_mode2_report_d710 (x1); roles: sensor_mode2_report_d710; cats: Sensors(x1)
0xffffd714,obd_mode9_word_report,high,function_names+known+renames,OBD output counter 0xFFFFD714; fns: obd_mode9_report_d714 (x1); obd_mode9_scan_write_d714 (x1); obd_mode9_word_report_d714 (x1); roles: obd_mode9_report_d714; obd_mode9_scan_write_d714; obd_mode9_word_report_d714; cats: OBD / UDS(x3)
0xffffd744,obd_mode8_scan_write,high,function_names+renames,fns: obd_mode8_write_d744 (x1); obd_mode8_scan_write_d744 (x1); roles: dma_ringbuf_transfer_start_poll; obd_mode8_write_d744; obd_mode8_scan_write_d744; cats: OBD / UDS(x2); ctx: ring_buffer_ptrs(x1)
0xffffd745,payload_writer_copies,medium,renames,roles: obd_mode8_write_d744; ctx: payload_writer_copies(x1)
0xffffd74c,ram_d74c,low,function_names+renames,fns: obd_mode6_scan_write_d74c (x1); roles: obd_mode6_scan_write_d74c; cats: OBD / UDS(x1); AMBIGUOUS: single weak ref; low16 collides with ROM fn addr & no 0xffff literal in reasons
0xffffd758,obd_mode8_result_handler,high,function_names+known+renames,OBD output counter 0xFFFFD758; fns: obd_mode8_word_report_d758 (x1); obd_mode8_result_handler_d758 (x1); roles: obd_mode8_word_report_d758; obd_mode8_result_handler_d758; cats: OBD / UDS(x2)
0xffffd760,obd_mode6_word_report,high,function_names+known+renames,OBD output counter 0xFFFFD760; fns: obd_mode6_word_report_d760 (x1); roles: obd_mode6_word_report_d760; obd_mode6_send_dispatch; cats: OBD / UDS(x1)
0xffffd768,boot_flag_clear,high,function_names+renames,"fns: boot_flag_clear_d768 (x1); obd_clear_d768_send (x1); roles: uds_service_response_dispatch; boot_flag_clear_d768; obd_clear_d768_send; cats: Boot & Init(x1), OBD / UDS(x1)"
0xffffd76c,obd_channel_fifo,high,function_names+known+renames,"OBD channel FIFO at 0xFFFFD76C (stride 0x46C); fns: obd_chan_rec_zero_d76c (x1); obd_chan_fifo_read_d76c (x1); roles: obd_resp_slot_counter_step; task_event_store_dc03_stall_counter; obd_chan_rec_zero_d76c; obd_chan_fifo_read_d76c; cats: Boot & Init(x1), OBD / UDS(x1); ctx: response_buffers(x1)"
0xffffd76d,table,high,function_names+renames,fns: table_d76d_to_port_f6d8_output (x1); roles: table_d76d_to_port_f6d8_output; cats: Peripherals & ISR(x1)
0xffffd8d8,fnptr_dispatch,high,function_names+renames,fns: fnptr_dispatch_d8d8_thunk (x1); fnptr_dispatch_d8d8_thunk_5eee (x1); fnptr_dispatch_d8d8 (x1); roles: fnptr_dispatch_d8d8; thunk_to_9c86; thunk_to_9c86_5eee; cats: Utilities(x3); ctx: jmp_fnptr(x1)
0xffffd8dc,port_bit0_set_dispatch,high,function_names+renames,"fns: port_e612_bit0_set_dispatch_d8dc (x1); fnptr_dispatch_d8dc (x1); roles: port_e612_bit0_set_dispatch_d8dc; port_e412_bit0_set_dispatch_9c9c; fnptr_dispatch_d8dc; cats: Peripherals & ISR(x1), Utilities(x1); ctx: indirect_call_via_fn(x2), jmp_fnptr(x1)"
0xffffdbd8,ram_dbd8,low,renames,roles: obd_pack_12bit_value_response; obd_mode22_pid_value_pack; can_hdr_code_clamp
0xffffdbd9,ram_dbd9,low,renames,roles: obd_accumulate_and_pack_response; obd_mode22_pid_value_pack
0xffffdbe0,ram_dbe0,low,renames,roles: can_uds_resp_encode_seq7; can_uds_resp_encode_seq6
0xffffdbec,obd_result_rec_clear,high,function_names+renames,fns: obd_result_rec_clear_dbec (x1); roles: obd_mode22_pid_handler; obd_resp_mode_dispatch; obd_result_rec_clear_dbec; cats: Boot & Init(x1); ctx: clear_result_record(x1)
0xffffdbf1,response_type,medium,renames,roles: obd_resp_mode_dispatch; uds_dispatch_gate_port_check; uds_mode07_gate_chk; ctx: response_type(x1)
0xffffdbf6,obd_stream_rec_clear,high,function_names+renames,"fns: obd_stream_rec_clear_dbf6 (x1); roles: obd_pack_12bit_value_response; obd_accumulate_and_pack_response; obd_mode22_pid_value_pack; obd_stream_rec_clear_dbf6; cats: Boot & Init(x1); ctx: response_updater_increments(x1), clear_stream_rec(x1)"
0xffffdbfb,ram_dbfb,low,renames,roles: obd_resp_mode_dispatch; uds_tx_step_type3
0xffffdbfc,ram_dbfc,low,renames,roles: obd_chan_svc40_start
0xffffdbff,ram_dbff,low,renames,roles: uds_tx_step_type3
0xffffdc03,task_event_store,high,function_names+renames,"fns: task_event_store_dc03_stall_counter (x1); roles: obd_mode22_pid_handler; uds_service_slot_resolve_run; obd_resp_type_table_search; task_event_store_dc03_stall_counter; cats: RTOS(x1); ctx: lookup_pid_byte_in_table(x1), dispatch_scans_table(x1)"
0xffffdc05,ram_dc05,low,renames,roles: obd_mode22_pid_handler; obd_pack_12bit_value_response; obd_mode22_pid_value_pack
0xffffdc06,ram_dc06,low,renames,roles: obd_mode22_pid_handler
0xffffdc0c,ram_dc0c,low,renames,roles: mode22_store_service_data_scaled; obd_chan_tbl_clear_dc14
0xffffdc14,obd_chan_tbl_clear,high,function_names+renames,fns: obd_chan_tbl_clear_dc14 (x1); roles: mode22_store_service_data_scaled; obd_chan_tbl_clear_dc14; cats: Boot & Init(x1)
0xffffdf93,ram_df93,low,renames,roles: solenoid_drive_status_record_validate
0xffffdf98,ram_df98,low,renames,roles: solenoid_drive_status_record_validate
0xffffdfa0,flag_gate,high,function_names+renames,fns: flag_gate_dfa0_then_168a0 (x1); roles: solenoid_drive_status_record_validate; rtos_switch_stack_and_jump; flag_gate_dfa0_then_168a0; cats: Sensors(x1); ctx: mov_l(x1)
0xffffdfa2,flag_predicate_on,high,function_names+renames,"fns: flag_predicate_on_dfa2 (x1); load_ptr_global_dfa2 (x1); roles: load_ptr_global_dfa2; flag_predicate_on_dfa2; cats: CAN Bus(x2); ctx: mov_l(x1), passes(x1)"
0xffffdfac,ram_dfac,low,renames,roles: kwp_frame_append_to_session_buf; kwp_session_frame_init; kwp_short_frame_init_append
0xffffdfae,rolling_low_nibble_seq,medium,renames,roles: kwp_frame_append_to_session_buf; ctx: rolling_low_nibble_seq(x1)
0xffffdfb0,ram_dfb0,low,renames,roles: diag_transfer_data_sid36; diag_security_access_sid27
0xffffdfb8,ram_dfb8,low,renames,roles: diag_transfer_data_handler
0xffffdfbc,ram_dfbc,low,renames,roles: diag_transfer_data_sid36
0xffffdfc0,ram_dfc0,low,renames,roles: diag_transfer_data_sid36
0xffffdfc6,neg_resp_builder_frame,medium,renames,"roles: diag_transfer_data_handler; diag_transfer_data_sid36; diag_security_access_sid27; uds_neg_resp_build_b1; ctx: neg_resp_builder_frame(x9), neg_resp_into(x1)"
0xffffdffc,family_as_warm_boot_magic,medium,renames,roles: boot_ram_selftest_relocate; ctx: family_as_warm_boot_magic(x1)
0xffffe0a0,ram_e0a0,low,renames,roles: obd_control_pid_17e1_handler
0xffffe406,polls_can_status,medium,renames,roles: can_mbox_send8_wait_ready; ctx: polls_can_status(x1)
0xffffe40a,ram_e40a,low,renames,roles: can_mbox_send8_wait_ready; hcan_mbox_word_byteswap_write
0xffffe40e,handler_tests_rx,medium,renames,roles: can_rx_mailbox_ready_process; can_mailbox_tx_write; ctx: handler_tests_rx(x1)
0xffffe412,out_reg,high,function_names+renames,fns: out_reg_e412_or_6000_delay (x1); out_reg_e412_or_9910_delay (x1); port_e412_bit0_set_dispatch_9c9c (x1); roles: out_reg_e412_or_6000_delay; out_reg_e412_or_9910_delay; port_e412_bit0_set_dispatch_9c9c; cats: Peripherals & ISR(x3); ctx: sfr_output_step(x2); CONFLICT-RESOLVED: kept out_reg; alt: port_bit0_set_dispatch
0xffffe41a,ram_e41a,low,renames,roles: can_rx_mailbox_ready_process; can_mailbox_tx_write
0xffffe528,ram_e528,low,renames,roles: can_mbox_send8_wait_ready; copy_bytes_readback_verify
0xffffe60a,ram_e60a,low,renames,roles: hcan_mbox_word_byteswap_write
0xffffe612,out_reg,high,function_names+renames,fns: out_reg_e612_or_6000_delay (x1); out_reg_e612_or_9910_delay (x1); port_e612_bit0_set_dispatch_d8dc (x1); roles: port_e612_bit0_set_dispatch_d8dc; out_reg_e612_or_6000_delay; out_reg_e612_or_9910_delay; cats: Peripherals & ISR(x3); ctx: sfr_output_step(x2); CONFLICT-RESOLVED: kept out_reg; alt: port_bit0_set_dispatch
0xffffe901,obd_control_pid,high,function_names+renames,fns: obd_control_pid_e901_handler (x1); roles: obd_control_pid_e901_handler; cats: OBD / UDS(x1)
0xffffe906,ram_e906,low,function_names+renames,fns: uds_2f_iocontrol_entry_e906 (x1); roles: uds_2f_iocontrol_entry_e906; cats: OBD / UDS(x1); AMBIGUOUS: single weak ref; low16 collides with ROM fn addr & no 0xffff literal in reasons
0xffffe909,uds_iocontrol_entry,high,function_names+renames,fns: uds_2f_iocontrol_entry_e909 (x1); roles: uds_2f_iocontrol_entry_e909; cats: OBD / UDS(x1)
0xffffe91a,ram_e91a,low,function_names+renames,fns: obd_control_pid_e91a_handler (x1); roles: obd_control_pid_e91a_handler; cats: OBD / UDS(x1); AMBIGUOUS: single weak ref; low16 collides with ROM fn addr & no 0xffff literal in reasons
0xffffec00,timer_sfr,high,function_names+renames,fns: timer_sfr_ec00_init_max (x1); roles: timer_sfr_ec00_init_max; cats: Boot & Init(x1)
0xffffec04,ram_ec04,low,renames,roles: timer_sfr_ec00_init_max
0xffffec08,ram_ec08,low,renames,roles: timer_sfr_ec00_init_max
0xffffec0a,ram_ec0a,low,renames,roles: timer_sfr_ec00_init_max
0xffffec10,ram_ec10,low,renames,roles: rtos_noop_stub_5028
0xffffec12,ram_ec12,low,renames,roles: rtos_noop_stub_5028
0xffffecb0,configures_descriptor_regs,medium,renames,roles: dma_ringbuf_transfer_start_poll; ctx: configures_descriptor_regs(x1)
0xffffeccc,boot_sfr,high,function_names+renames,fns: boot_sfr_ECCC_and_FD_delay (x1); roles: dma_ringbuf_transfer_start_poll; boot_sfr_ECCC_and_FD_delay; cats: Boot & Init(x1); ctx: boot_sfr_step(x1)
0xffffecdc,out_reg,high,function_names+renames,fns: out_reg_ecdc_bit1_clear_delay (x1); roles: out_reg_ecdc_bit1_clear_delay; cats: Peripherals & ISR(x1); ctx: longword(x1)
0xffffecec,boot_sfr,high,function_names+renames,fns: boot_sfr_ECEC_and_FD_delay (x1); roles: boot_sfr_ECEC_and_FD_delay; cats: Boot & Init(x1); ctx: boot_sfr_step(x1)
0xffffecfc,boot_sfr,high,function_names+renames,fns: boot_sfr_ECFC_and_FD_delay (x1); roles: boot_sfr_ECFC_and_FD_delay; cats: Boot & Init(x1); ctx: boot_sfr_step(x1)
0xffffed00,ram_ed00,low,function_names+renames,fns: boot_clear_atu_ed00_block (x1); roles: boot_clear_atu_ed00_block; cats: Boot & Init(x1); AMBIGUOUS: single weak ref; low16 collides with ROM fn addr & no 0xffff literal in reasons
0xffffed1a,out_reg,high,function_names+renames,"fns: out_reg_ed1a_write_7f_delay (x1); out_reg_ed1a_write_bf_delay (x1); out_reg_ed1a_write_df_delay (x1); out_reg_ed1a_write_ef_delay (x1); roles: out_reg_ed1a_write_7f_delay; out_reg_ed1a_write_bf_delay; out_reg_ed1a_write_df_delay; out_reg_ed1a_write_ef_delay; cats: Peripherals & ISR(x7), Faults & DTC(x1); ctx: sfr_shift_bit_step(x7); CONFLICT-RESOLVED: kept out_reg; alt: fault_vector_ack"
0xfffff000,ram_f000,low,renames,roles: rtos_noop_stub_5042
0xfffff003,ram_f003,low,renames,roles: adc_serial_channel_convert
0xfffff004,out_reg,high,function_names+renames,fns: out_reg_f004_or_c0_delay (x1); out_reg_f004_or_b8_delay (x1); out_reg_f004_or_f8_delay (x1); roles: adc_serial_channel_convert; out_reg_f004_or_c0_delay; out_reg_f004_or_b8_delay; out_reg_f004_or_f8_delay; cats: Peripherals & ISR(x3); ctx: sfr_output_step(x3)
0xfffff005,ram_f005,low,renames,roles: adc_serial_channel_convert
0xfffff00c,out_reg,high,function_names+renames,fns: out_reg_f00c_or_c0_delay (x1); out_reg_f00c_or_b8_delay (x1); out_reg_f00c_or_f8_delay (x1); roles: out_reg_f00c_or_c0_delay; out_reg_f00c_or_b8_delay; out_reg_f00c_or_f8_delay; cats: Peripherals & ISR(x3); ctx: sfr_output_step(x3)
0xfffff014,out_reg,high,function_names+renames,fns: out_reg_f014_or_c0_delay (x1); out_reg_f014_or_b8_delay (x1); out_reg_f014_or_f8_delay (x1); roles: out_reg_f014_or_c0_delay; out_reg_f014_or_b8_delay; out_reg_f014_or_f8_delay; cats: Peripherals & ISR(x3); ctx: sfr_output_step(x3)
0xfffff01c,out_reg,high,function_names+renames,fns: out_reg_f01c_or_c0_delay (x1); out_reg_f01c_or_b8_delay (x1); out_reg_f01c_or_f8_delay (x1); roles: out_reg_f01c_or_c0_delay; out_reg_f01c_or_b8_delay; out_reg_f01c_or_f8_delay; cats: Peripherals & ISR(x3); ctx: sfr_output_step(x3)
0xfffff020,sensor_port,medium,function_names+renames,"fns: sensor_port_init_f020_f026 (x1); boot_port_init_f020_f026_sr (x1); roles: sensor_port_init_f020_f026; boot_port_init_f020_f026_sr; cats: Sensors(x1), Boot & Init(x1); CAUTION: low16 also collides with a ROM function address"
0xfffff024,out_reg,high,function_names+renames,fns: out_reg_f024_or_c0_delay (x1); out_reg_f024_or_b8_delay (x1); out_reg_f024_or_f8_delay (x1); roles: out_reg_f024_or_c0_delay; out_reg_f024_or_b8_delay; out_reg_f024_or_f8_delay; cats: Peripherals & ISR(x3); ctx: sfr_output_step(x3)
0xfffff026,sensor_port,medium,function_names+renames,"fns: sensor_port_init_f020_f026 (x1); boot_port_init_f020_f026_sr (x1); roles: sensor_port_init_f020_f026; boot_port_init_f020_f026_sr; cats: Sensors(x1), Boot & Init(x1); CAUTION: low16 also collides with a ROM function address"
0xfffff100,ram_f100,low,function_names+renames,fns: obd_send_f100_b2_msg (x1); roles: obd_send_f100_b2_msg; cats: OBD / UDS(x1); AMBIGUOUS: single weak ref; low16 collides with ROM fn addr & no 0xffff literal in reasons
0xfffff400,init_constants_to_many_sfrs,medium,renames,roles: sfr_output_module_bulk_init; ctx: init_constants_to_many_sfrs(x1)
0xfffff42c,out_reg,high,function_names+renames,fns: out_reg_f42c_write_001f_delay (x1); out_reg_f42c_write_fe_delay (x1); out_reg_f42c_write_fd_delay (x1); out_reg_f42c_write_fb_delay (x1); roles: out_reg_f42c_write_fe_delay; out_reg_f42c_write_fd_delay; out_reg_f42c_write_fb_delay; out_reg_f42c_write_f7_delay; cats: Peripherals & ISR(x6); ctx: sfr_shift_bit_step(x5)
0xfffff430,obd_byte_reorder,high,function_names+renames,fns: obd_byte_reorder_f430_to_c293 (x1); roles: obd_byte_reorder_f430_to_c293; obd_challenge_seed_gen_cfe9; cats: OBD / UDS(x1); ctx: samples(x1)
0xfffff440,running_timer,medium,renames,roles: boot_hw_timer_channel_setup; ctx: running_timer(x1)
0xfffff450,ram_f450,low,renames,roles: boot_hw_timer_channel_setup
0xfffff452,ram_f452,low,renames,roles: boot_hw_timer_channel_setup
0xfffff458,ram_f458,low,function_names+renames,fns: boot_ports_cfg_f458_f45b (x1); roles: boot_ports_cfg_f458_f45b; cats: Boot & Init(x1); AMBIGUOUS: single weak ref; low16 collides with ROM fn addr & no 0xffff literal in reasons
0xfffff45a,ram_f45a,low,function_names+renames,fns: boot_port_init_f45a_f628_f632 (x1); roles: boot_port_init_f45a_f628_f632; cats: Boot & Init(x1); AMBIGUOUS: single weak ref; low16 collides with ROM fn addr & no 0xffff literal in reasons
0xfffff45b,boot_ports_cfg,high,function_names+renames,fns: boot_ports_cfg_f458_f45b (x1); roles: boot_ports_cfg_f458_f45b; cats: Boot & Init(x1)
0xfffff45e,out_reg,high,function_names+renames,fns: out_regs_f45e_f460_write_delay (x1); out_reg_f45e_write_01fd_delay (x1); out_reg_f45e_write_01fb_delay (x1); out_reg_f45e_write_01f7_delay (x1); roles: out_regs_f45e_f460_write_delay; out_reg_f45e_write_01fd_delay; out_reg_f45e_write_01fb_delay; out_reg_f45e_write_01f7_delay; cats: Peripherals & ISR(x8); ctx: sfr_shift_bit_step(x7); CONFLICT-RESOLVED: kept out_reg; alt: out_regs_write_delay
0xfffff460,out_regs,high,function_names+renames,fns: out_regs_f45e_f460_write_delay (x1); out_regs_cond_f460_check_or_f62c_write_delay (x1); roles: out_regs_cond_f460_check_or_f62c_write_delay; out_regs_f45e_f460_write_delay; cats: Peripherals & ISR(x2)
0xfffff480,boot_sfr,high,function_names+renames,"fns: out_reg_f480_write_7ffe_delay (x1); out_reg_f480_write_7ffd_delay (x1); out_reg_f480_write_7ffb_delay (x1); out_reg_f480_write_7ff7_delay (x1); roles: boot_sfr_F480_and_7FDF_delay; boot_sfr_F480_and_7F7F_delay; boot_sfr_F480_and_7EFF_delay; boot_sfr_F480_and_7DFF_delay; cats: Boot & Init(x8), Peripherals & ISR(x5); ctx: boot_sfr_step(x8), sfr_shift_bit_step(x4); CONFLICT-RESOLVED: kept boot_sfr; alt: out_reg_write_delay"
0xfffff4c0,peripheral_ack_wait,high,function_names+renames,fns: peripheral_ack_wait_f4c0 (x1); roles: peripheral_ack_wait_f4c0; cats: Boot & Init(x1)
0xfffff4e0,peripheral_ack_wait,high,function_names+renames,fns: peripheral_ack_wait_f4e0 (x1); roles: peripheral_ack_wait_f4e0; cats: Boot & Init(x1)
0xfffff522,boot_sfr,high,function_names+renames,"fns: boot_sfr_F522_write_0E_delay (x1); boot_sfr_F522_write_0D_delay (x1); boot_sfr_F522_write_0B_delay (x1); out_reg_f522_write_delay (x1); roles: out_reg_f522_write_delay; boot_sfr_F522_write_0E_delay; boot_sfr_F522_write_0D_delay; boot_sfr_F522_write_0B_delay; cats: Boot & Init(x3), Peripherals & ISR(x1); ctx: boot_sfr_step(x3); CONFLICT-RESOLVED: kept boot_sfr; alt: out_reg_write_delay"
0xfffff58e,ram_f58e,low,function_names+renames,fns: boot_pwm_ports_init_f58e_f59e (x1); roles: boot_pwm_ports_init_f58e_f59e; cats: Boot & Init(x1); AMBIGUOUS: single weak ref; low16 collides with ROM fn addr & no 0xffff literal in reasons
0xfffff596,ram_f596,low,function_names+renames,fns: pwm_duty_store_scaled_f596 (x1); roles: pwm_duty_store_scaled_f596; cats: Math / FPU(x1); AMBIGUOUS: single weak ref; low16 collides with ROM fn addr & no 0xffff literal in reasons
0xfffff59e,ram_f59e,low,function_names+renames,fns: boot_pwm_ports_init_f58e_f59e (x1); roles: boot_pwm_ports_init_f58e_f59e; cats: Boot & Init(x1); AMBIGUOUS: single weak ref; low16 collides with ROM fn addr & no 0xffff literal in reasons
0xfffff5a2,boot_sfr,high,function_names+renames,fns: boot_sfr_F5A2_write_0E_delay (x1); boot_sfr_F5A2_write_0D_delay (x1); boot_sfr_F5A2_write_0B_delay (x1); boot_sfr_F5A2_write_07_delay (x1); roles: boot_sfr_F5A2_write_0E_delay; boot_sfr_F5A2_write_0D_delay; boot_sfr_F5A2_write_0B_delay; boot_sfr_F5A2_write_07_delay; cats: Boot & Init(x4); ctx: boot_sfr_step(x4)
0xfffff5ca,out_reg,high,function_names+renames,fns: out_reg_f5ca_write_03_delay (x1); roles: out_reg_f5ca_write_03_delay; cats: Peripherals & ISR(x1); ctx: sfr_output_step(x1)
0xfffff622,ram_f622,low,renames,roles: boot_hw_timer_channel_setup
0xfffff626,ram_f626,low,renames,roles: ign_configureSparkOutputRegs
0xfffff628,ram_f628,low,function_names+renames,fns: boot_port_init_f45a_f628_f632 (x1); roles: boot_port_init_f45a_f628_f632; cats: Boot & Init(x1); AMBIGUOUS: single weak ref; low16 collides with ROM fn addr & no 0xffff literal in reasons
0xfffff629,knock_ic_port,high,function_names+renames,fns: knock_ic_port_init_f629 (x1); roles: knock_ic_port_init_f629; cats: Ignition & Knock(x1)
0xfffff62c,out_regs,high,function_names+renames,fns: out_regs_f62c_f62e_write_delay (x1); out_regs_f62c_f62e_write_01fd_delay (x1); out_regs_f62c_f62e_write_01fb_delay (x1); out_regs_f62c_f62e_write_01f7_delay (x1); roles: out_regs_f62c_f62e_write_delay; out_regs_f62c_f62e_write_01f7_delay; out_regs_f62c_f62e_write_01fd_delay; out_regs_f62c_f62e_write_01fb_delay; cats: Peripherals & ISR(x8)
0xfffff62e,out_regs,high,function_names+renames,fns: out_regs_f62c_f62e_write_delay (x1); out_regs_f62c_f62e_write_01fd_delay (x1); out_regs_f62c_f62e_write_01fb_delay (x1); out_regs_f62c_f62e_write_01f7_delay (x1); roles: out_regs_f62c_f62e_write_delay; out_regs_f62c_f62e_write_01f7_delay; out_regs_f62c_f62e_write_01fd_delay; out_regs_f62c_f62e_write_01fb_delay; cats: Peripherals & ISR(x8)
0xfffff632,boot_port,high,function_names+renames,fns: boot_port_init_f45a_f628_f632 (x1); roles: boot_port_init_f45a_f628_f632; cats: Boot & Init(x1)
0xfffff64c,ram_f64c,low,renames,roles: boot_hw_timer_channel_setup
0xfffff64e,ram_f64e,low,renames,roles: boot_hw_timer_channel_setup
0xfffff65e,ram_f65e,low,renames,roles: boot_hw_timer_channel_setup
0xfffff66a,boot_sfr,high,function_names+renames,"fns: boot_sfr_F66A_and_FDFF_delay (x1); boot_sfr_F66A_and_FBFF_delay (x1); boot_sfr_F66A_and_F7FF_delay (x1); port_f66a_mask_efff_dispatch_c276 (x1); roles: out_reg_f66a_mask_clear_delay; injector_pulse_stub_clearbit; boot_sfr_F66A_and_FDFF_delay; boot_sfr_F66A_and_FBFF_delay; cats: Peripherals & ISR(x4), Boot & Init(x3); ctx: boot_sfr_step(x3), sfr_output_step(x2); CONFLICT-RESOLVED: kept boot_sfr; alt: out_reg_write_delay, port_mask_dispatch, out_reg_mask_clear_delay"
0xfffff66c,ram_f66c,low,renames,roles: knock_adc_store_clear_port
0xfffff69e,out_reg,high,function_names+renames,"fns: fault_vector_ack_f69e (x1); out_reg_f69e_write_3d_delay (x1); out_reg_f69e_write_3b_delay (x1); out_reg_f69e_write_37_delay (x1); roles: out_reg_f69e_write_3d_delay; out_reg_f69e_write_3b_delay; out_reg_f69e_write_37_delay; out_reg_f69e_write_1f_delay; cats: Peripherals & ISR(x5), Faults & DTC(x1); ctx: sfr_output_step(x4); CONFLICT-RESOLVED: kept out_reg; alt: fault_vector_ack, port_set_dispatch"
0xfffff6c4,ram_f6c4,low,renames,roles: table_d76d_to_port_f6d8_output
0xfffff6d8,table_to_port,high,function_names+renames,fns: table_d76d_to_port_f6d8_output (x1); roles: table_d76d_to_port_f6d8_output; cats: Peripherals & ISR(x1)
0xfffff6e8,crank_sub_flags_clear,high,function_names+renames,"fns: out_reg_f6e8_write_0e_delay (x1); crank_sub_flags_clear_9fce_f6e8 (x1); roles: crank_sub_flags_clear_9fce_f6e8; out_reg_f6e8_write_0e_delay; cats: Peripherals & ISR(x1), Sensors(x1); ctx: sfr_output_step(x1)"
0xfffff710,sfr_timer,high,function_names+renames,"fns: sfr_timer_init_f710_f71c (x1); boot_sfr_init_f710_f71c (x1); roles: sfr_timer_init_f710_f71c; boot_sfr_init_f710_f71c; cats: Sensors(x1), Boot & Init(x1)"
0xfffff712,out_reg,high,function_names+renames,fns: out_reg_f712_bit7_clear_delay (x1); roles: out_reg_f712_bit7_clear_delay; cats: Peripherals & ISR(x1); ctx: sfr_output_step(x1)
0xfffff718,port,high,function_names+renames,fns: port_f718_bit7_clear_dispatch_a522 (x1); roles: port_f718_bit7_clear_dispatch_a522; cats: Peripherals & ISR(x1)
0xfffff71c,sfr_timer,high,function_names+renames,"fns: sfr_timer_init_f710_f71c (x1); boot_sfr_init_f710_f71c (x1); roles: sfr_timer_init_f710_f71c; boot_sfr_init_f710_f71c; cats: Sensors(x1), Boot & Init(x1)"
0xfffff720,init_fills_fault,medium,renames,roles: periph_sfr_block_init; init_fault_counter_table; ctx: init_fills_fault(x1)
0xfffff722,port_regs_bulk_config,high,function_names+renames,fns: port_regs_bulk_config_f722 (x1); roles: port_regs_bulk_config_f722; cats: Peripherals & ISR(x1); ctx: constants_to_port_sfr(x1)
0xfffff72c,ram_f72c,low,renames,roles: ign_drive_coil_output_ports
0xfffff72e,ram_f72e,low,renames,roles: atu2_edge_capture_config_en_dis
0xfffff738,output,medium,function_names+renames,"fns: output_f738_bit15_toggle (x1); output_f738_bit15_pulse (x1); roles: output_f738_bit15_toggle; output_f738_bit15_pulse; cats: Peripherals & ISR(x1), Sensors(x1); CAUTION: low16 also collides with a ROM function address"
0xfffff746,uds_fault_status_mask,high,function_names+renames,"fns: task_setup_9f52_f746 (x1); diag_reg_sync_f746_f754_from_cdb3_cdb4 (x1); uds_fault_status_mask_getter_f754_f746 (x1); roles: throttle_tpsStatusOutputPort; task_setup_9f52_f746; diag_reg_sync_f746_f754_from_cdb3_cdb4; uds_fault_status_mask_getter_f754_f746; cats: OBD / UDS(x2), Boot & Init(x1)"
0xfffff74e,boot_init_port,high,function_names+renames,"fns: boot_init_port_f764_f74e (x1); boot_init_port_f74e_guarded (x1); boot_init_clear_wait_f74e (x1); boot_clear_wait_f74e_sr_masked (x1); roles: f74e_bit15_flag_latch_caa0; port_f74e_bit0_latch_cdb5; input_port_f74e_bit15_flag_capture; boot_init_port_f764_f74e; cats: Boot & Init(x4), Peripherals & ISR(x2); ctx: gpio_eeprom_cs_sfr(x1)"
0xfffff754,uds_fault_status_mask,high,function_names+renames,"fns: init_diag_reg_f754_bit2_from_bdf8 (x1); obd_diag_reg_f754_bits_from_bdf8_bddc (x1); diag_reg_sync_f746_f754_from_cdb3_cdb4 (x1); uds_fault_status_mask_getter_f754 (x1); roles: uds_fault_status_mask_getter_f754; init_diag_reg_f754_bit2_from_bdf8; obd_diag_reg_f754_bits_from_bdf8_bddc; diag_reg_sync_f746_f754_from_cdb3_cdb4; cats: OBD / UDS(x6), Boot & Init(x1); ctx: status_getter(x1); CONFLICT-RESOLVED: kept uds_fault_status_mask; alt: init_diag_reg_bit2, obd_diag_reg_bits, diag_reg_sync"
0xfffff75e,ram_f75e,low,function_names+renames,fns: boot_flags_port_f75e_init (x1); roles: boot_flags_port_f75e_init; cats: Boot & Init(x1); AMBIGUOUS: single weak ref; low16 collides with ROM fn addr & no 0xffff literal in reasons
0xfffff764,boot_init_port,high,function_names+renames,fns: boot_init_port_f764_f74e (x1); roles: adc_serial_channel_convert; boot_init_port_f764_f74e; cats: Boot & Init(x1)
0xfffff76c,diag_reg,high,function_names+renames,"fns: obd_diag_reg_f76c_bit80_from_bd88 (x1); ac_diag_reg_f76c_bit80_from_bd88 (x1); flag_setter_f76c_bit8_cbd0 (x1); uds_fault_status_mask_getter_f76c_bf88 (x1); roles: flag_setter_f76c_bit8_cbd0; obd_diag_reg_f76c_bit80_from_bd88; ac_diag_reg_f76c_bit80_from_bd88; uds_fault_status_mask_getter_f76c_bf88; cats: OBD / UDS(x2), Faults & DTC(x1), Peripherals & ISR(x1)"
0xfffff76e,ram_f76e,low,renames,roles: atu2_edge_capture_config_en_dis
0xfffff800,adc_data_regs,medium,renames,roles: adc_regs_capture_to_ram_buf; ctx: adc_data_regs(x1)
0xfffff816,also_samples_adc_result_regs,medium,renames,roles: boot_hw_timer_channel_setup; adc_regs_capture_to_ram_buf; ctx: also_samples_adc_result_regs(x1)
0xfffff818,channel_mode_config,high,function_names+renames,fns: adc_channel_mode_config_f818 (x1); roles: boot_output_phase_state_machine; atu2_edge_capture_config_en_dis; adc_channel_mode_config_f818; cats: Sensors(x1); ctx: per_mode_divider(x1)
0xfffff819,ram_f819,low,renames,roles: atu2_edge_capture_config_en_dis; adc_channel_mode_config_f818
0xfffff820,word_block_copy,high,function_names+renames,fns: word_block_copy_from_f820 (x1); roles: word_block_copy_from_f820; cats: Memory & CRC(x1)
0xfffff828,adc_data_regs,medium,renames,roles: adc_regs_capture_bank2_to_ram_buf; ctx: adc_data_regs(x1)
0xfffff836,ram_f836,low,renames,roles: boot_hw_timer_channel_setup; adc_regs_capture_bank2_to_ram_buf; adc_reg_capture_a1fc_a200
0xfffff838,port,high,function_names+renames,fns: port_f838_bit7_clear_dispatch_6b60 (x1); roles: boot_phase_output_config; boot_output_phase_state_machine; atu2_edge_capture_config_en_dis; port_f838_bit7_clear_dispatch_6b60; cats: Peripherals & ISR(x1)
0xfffff839,ram_f839,low,renames,roles: atu2_edge_capture_config_en_dis
0xfffff916,ram_f916,low,renames,roles: adc_reg_capture_a1fc_a200
0xfffff922,ram_f922,low,function_names+renames,fns: atomic_float_store_f922 (x1); roles: atomic_float_store_f922; cats: Fuel & Lambda(x1); AMBIGUOUS: single weak ref; low16 collides with ROM fn addr & no 0xffff literal in reasons
0xfffff964,ram_f964,low,function_names+renames,fns: atomic_bytefloat_store_f964 (x1); roles: atomic_bytefloat_store_f964; cats: Fuel & Lambda(x1); AMBIGUOUS: single weak ref; low16 collides with ROM fn addr & no 0xffff literal in reasons
0xfffffff9,fault_state_decision,high,function_names+renames,fns: fault_state_decision_fff9 (x1); roles: fault_state_decision_fff9; cats: Faults & DTC(x1)
0xfffffffd,ram_fffd,low,renames,roles: out_reg_ecdc_bit1_clear_delay; boot_sfr_ECCC_and_FD_delay; boot_sfr_ECEC_and_FD_delay; boot_sfr_ECFC_and_FD_delay
0xfffffffe,can240_timer,medium,function_names+renames,"fns: ram_init_fffe_29FCC (x1); ram_write_fffe_2A23C (x1); can240_timer_init_fffe (x1); can250_timer_init_fffe (x1); roles: can240_timer_init_fffe; can250_timer_init_fffe; cats: CAN Bus(x2), Boot & Init(x1), Memory & CRC(x1); CAUTION: low16 also collides with a ROM function address"
0xffffffff,init_word_set,high,function_names+renames,"fns: can_231_buf_set_bc98_ffff (x1); init_word_bdfc_set_ffff (x1); init_d49c_ffff_region (x1); roles: can_231_buf_set_bc98_ffff; init_word_bdfc_set_ffff; init_d49c_ffff_region; cats: Boot & Init(x2), CAN Bus(x1)"
