addr,end,name,source,flag
0x0000F4,0x000100,FUN_0000f4,derived,
0x000100,0x00011A,FUN_000100,derived,
0x00011A,0x000338,FUN_00011a,derived,
0x000338,0x00044E,FUN_000338,derived,
0x00044E,0x000450,FUN_00044e,derived,
0x000450,0x00047C,FUN_000450,derived,
0x00047C,0x0004E0,FUN_00047c,derived,
0x0004E0,0x000572,main_init,ghidra-hand-xmap,
0x000572,0x0005B0,wdt_init,ghidra-hand-xmap,
0x0005B0,0x000624,checkWatchdogTimer_OVRCOUNT,ghidra-hand-xmap,
0x000624,0x000636,FUN_000624,derived,
0x000636,0x0007C0,FUN_000636,derived,
0x0007C0,0x000806,FUN_0007c0,derived,
0x000806,0x0008CC,FUN_000806,derived,
0x0008CC,0x0008F6,FUN_0008cc,derived,
0x0008F6,0x0009C0,FUN_0008f6,derived,
0x0009C0,0x0009DE,FUN_0009c0,derived,
0x0009DE,0x0009FC,FUN_0009de,derived,
0x0009FC,0x000ACE,FUN_0009fc,derived,
0x000ACE,0x000AE8,FUN_000ace,derived,
0x000AE8,0x001008,FUN_000ae8,derived,
0x001008,0x00154C,FUN_001008,derived,
0x00154C,0x0015A6,FUN_00154c,derived,
0x0015A6,0x001624,FUN_0015a6,derived,
0x001624,0x001654,FUN_001624,derived,
0x001654,0x0016DC,FUN_001654,derived,
0x0016DC,0x001E4C,handleException?,ghidra-hand-xmap,
0x001E4C,0x001E72,FUN_001e4c,derived,
0x001E72,0x001E94,FUN_001e72,derived,
0x001E94,0x001EB2,FUN_001e94,derived,
0x001EB2,0x001ED0,FUN_001eb2,derived,
0x001ED0,0x001FA2,FUN_001ed0,derived,
0x001FA2,0x001FBC,FUN_001fa2,derived,
0x001FBC,0x001FE2,FUN_001fbc,derived,
0x001FE2,0x001FF4,FUN_001fe2,derived,
0x001FF4,0x002034,FUN_001ff4,derived,
0x002034,0x002044,FUN_002034,derived,
0x002044,0x002054,invertAndReturn_8bit_ADDR,ghidra-hand-xmap,
0x002054,0x002064,setSR_PARAM,ghidra-hand-xmap,
0x002064,0x002068,FUN_002064,derived,
0x002068,0x0020AC,FUN_002068,derived,
0x0020AC,0x0020C4,FUN_0020ac,derived,
0x0020C4,0x0020DC,FUN_0020c4,derived,
0x0020DC,0x002120,3dLookup,ghidra-hand-xmap,
0x002120,0x00213C,FUN_002120,derived,
0x00213C,0x002158,FUN_00213c,derived,
0x002158,0x002304,LongFunc,ghidra-hand-xmap,
0x002304,0x00231C,FUN_002304,derived,
0x00231C,0x00239C,mul32_saturated,ghidra-hand-xmap,
0x00239C,0x0023B0,FUN_00239c,derived,
0x0023B0,0x0023DC,FUN_0023b0,derived,
0x0023DC,0x0023E4,FUN_0023dc,derived,
0x0023E4,0x0023F4,FUN_0023e4,derived,
0x0023F4,0x002404,FUN_0023f4,derived,
0x002404,0x002420,FUN_002404,derived,
0x002420,0x002430,complement_shift_u8,ghidra-hand-xmap,
0x002430,0x002440,FUN_002430,derived,
0x002440,0x002460,FUN_002440,derived,
0x002460,0x002478,add16bitSaturate_ADD1_ADD2,ghidra-hand-xmap,
0x002478,0x002490,addSaturate8Bit,ghidra-hand-xmap,
0x002490,0x0024C0,FUN_002490,derived,
0x0024C0,0x0024D0,FUN_0024c0,derived,
0x0024D0,0x002500,FUN_0024d0,derived,
0x002500,0x002510,FUN_002500,derived,
0x002510,0x0025C8,FUN_002510,derived,
0x0025C8,0x0025F4,FUN_0025c8,derived,
0x0025F4,0x002624,FUN_0025f4,derived,
0x002624,0x002658,FUN_002624,derived,
0x002658,0x002678,FUN_002658,derived,
0x002678,0x002690,FUN_002678,derived,
0x002690,0x0026B0,FUN_002690,derived,
0x0026B0,0x0026D0,FUN_0026b0,derived,
0x0026D0,0x0026F4,FUN_0026d0,derived,
0x0026F4,0x003238,FUN_0026f4,derived,
0x003238,0x003280,FUN_003238,derived,
0x003280,0x003588,FUN_003280,derived,
0x003588,0x0035CC,FUN_003588,derived,
0x0035CC,0x0035EE,FUN_0035cc,derived,
0x0035EE,0x003610,FUN_0035ee,derived,
0x003610,0x00366E,FUN_003610,derived,
0x00366E,0x00375C,FUN_00366e,derived,
0x00375C,0x003848,FUN_00375c,derived,
0x003848,0x003854,FUN_003848,derived,
0x003854,0x003920,FUN_003854,derived,
0x003920,0x003934,getSR,ghidra-hand-xmap,
0x003934,0x003954,setSR,ghidra-hand-xmap,
0x003954,0x003964,FUN_003954,derived,
0x003964,0x0039BA,FUN_003964,derived,
0x0039BA,0x003A28,FUN_0039ba,derived,
0x003A28,0x003AC0,consistencyCheck,ghidra-hand-xmap,
0x003AC0,0x003AD8,FUN_003ac0,derived,
0x003AD8,0x003BF4,FUN_003ad8,derived,
0x003BF4,0x003C2A,FUN_003bf4,derived,
0x003C2A,0x003C58,FUN_003c2a,derived,
0x003C58,0x003C80,FUN_003c58,derived,
0x003C80,0x003D48,task_priority_scheduler,ghidra-hand-xmap,
0x003D48,0x003D50,FUN_003d48,derived,
0x003D50,0x003D58,FUN_003d50,derived,
0x003D58,0x003DAC,task_completion_handler,ghidra-hand-xmap,
0x003DAC,0x003DB0,FUN_003dac,derived,
0x003DB0,0x003E10,FUN_003db0,derived,
0x003E10,0x003EC0,FUN_003e10,derived,
0x003EC0,0x003F10,FUN_003ec0,derived,
0x003F10,0x003F88,FUN_003f10,derived,
0x003F88,0x003F8C,FUN_003f88,derived,
0x003F8C,0x003F90,FUN_003f8c,derived,
0x003F90,0x003F9C,FUN_003f90,derived,
0x003F9C,0x003FA8,FUN_003f9c,derived,
0x003FA8,0x003FB0,FUN_003fa8,derived,
0x003FB0,0x003FE8,FUN_003fb0,derived,
0x003FE8,0x00409C,FUN_003fe8,derived,
0x00409C,0x004144,FUN_00409c,derived,
0x004144,0x00420C,mod32_signed,ghidra-hand-xmap,
0x00420C,0x004218,FUN_00420c,derived,
0x004218,0x00426C,FUN_004218,derived,
0x00426C,0x0042B0,FUN_00426c,derived,
0x0042B0,0x0042E8,FUN_0042b0,derived,
0x0042E8,0x004308,FUN_0042e8,derived,
0x004308,0x004332,FUN_004308,derived,
0x004332,0x0043C0,FUN_004332,derived,
0x0043C0,0x0043C8,FUN_0043c0,derived,
0x0043C8,0x004446,FUN_0043c8,derived,
0x004446,0x0044C0,FUN_004446,derived,
0x0044C0,0x0044E0,FUN_0044c0,derived,
0x0044E0,0x0044EC,FUN_0044e0,derived,
0x0044EC,0x00450A,FUN_0044ec,derived,
0x00450A,0x00467A,FUN_00450a,derived,
0x00467A,0x0046CC,FUN_00467a,derived,
0x0046CC,0x004740,checkFloatValidity?,ghidra-hand-xmap,
0x004740,0x00481C,FUN_004740,derived,
0x00481C,0x0048C8,FUN_00481c,derived,
0x0048C8,0x004938,FUN_0048c8,derived,
0x004938,0x00493C,FUN_004938,derived,
0x00493C,0x004940,FUN_00493c,derived,
0x004940,0x004990,FUN_004940,derived,
0x004990,0x004AC0,FUN_004990,derived,
0x004AC0,0x004AEC,FUN_004ac0,derived,
0x004AEC,0x004AF4,FUN_004aec,derived,
0x004AF4,0x004AF8,FUN_004af4,derived,
0x004AF8,0x004B00,FUN_004af8,derived,
0x004B00,0x004B04,FUN_004b00,derived,
0x004B04,0x004B08,FUN_004b04,derived,
0x004B08,0x004B0C,FUN_004b08,derived,
0x004B0C,0x004B10,FUN_004b0c,derived,
0x004B10,0x004B14,FUN_004b10,derived,
0x004B14,0x004B18,FUN_004b14,derived,
0x004B18,0x004B24,FUN_004b18,derived,
0x004B24,0x004B34,FUN_004b24,derived,
0x004B34,0x004B44,FUN_004b34,derived,
0x004B44,0x004BBC,FUN_004b44,derived,
0x004BBC,0x004C14,setRegister_REG_BIT_VAL,ghidra-hand-xmap,
0x004C14,0x004C70,FUN_004c14,derived,
0x004C70,0x004C76,FUN_004c70,derived,
0x004C76,0x004C7A,FUN_004c76,derived,
0x004C7A,0x004C80,FUN_004c7a,derived,
0x004C80,0x004CB6,FUN_004c80,derived,
0x004CB6,0x004CF0,FUN_004cb6,derived,
0x004CF0,0x004D2E,FUN_004cf0,derived,
0x004D2E,0x004DEA,setRegisters,ghidra-hand-xmap,
0x004DEA,0x004DEE,FUN_004dea,derived,
0x004DEE,0x004E06,FUN_004dee,derived,
0x004E06,0x004E0A,FUN_004e06,derived,
0x004E0A,0x004E0E,FUN_004e0a,derived,
0x004E0E,0x004E12,FUN_004e0e,derived,
0x004E12,0x004E6C,FUN_004e12,derived,
0x004E6C,0x004F00,FUN_004e6c,derived,
0x004F00,0x004FD6,FUN_004f00,derived,
0x004FD6,0x005020,FUN_004fd6,derived,
0x005020,0x005024,FUN_005020,derived,
0x005024,0x005032,writeWatchdog_disable?,ghidra-hand-xmap,
0x005032,0x005036,FUN_005032,derived,
0x005036,0x00503A,FUN_005036,derived,
0x00503A,0x00503E,FUN_00503a,derived,
0x00503E,0x005056,FUN_00503e,derived,
0x005056,0x00505A,FUN_005056,derived,
0x00505A,0x00505E,FUN_00505a,derived,
0x00505E,0x005062,FUN_00505e,derived,
0x005062,0x0050A6,FUN_005062,derived,
0x0050A6,0x0050AA,FUN_0050a6,derived,
0x0050AA,0x0051C8,FUN_0050aa,derived,
0x0051C8,0x00522A,FUN_0051c8,derived,
0x00522A,0x00528E,FUN_00522a,derived,
0x00528E,0x005292,FUN_00528e,derived,
0x005292,0x005348,FUN_005292,derived,
0x005348,0x0053C6,FUN_005348,derived,
0x0053C6,0x0053D2,FUN_0053c6,derived,
0x0053D2,0x0053DE,FUN_0053d2,derived,
0x0053DE,0x0053EA,FUN_0053de,derived,
0x0053EA,0x0053F6,FUN_0053ea,derived,
0x0053F6,0x005402,FUN_0053f6,derived,
0x005402,0x00540E,FUN_005402,derived,
0x00540E,0x00541A,FUN_00540e,derived,
0x00541A,0x005426,FUN_00541a,derived,
0x005426,0x005434,FUN_005426,derived,
0x005434,0x005474,FUN_005434,derived,
0x005474,0x005482,FUN_005474,derived,
0x005482,0x005490,FUN_005482,derived,
0x005490,0x00549A,FUN_005490,derived,
0x00549A,0x0054A6,FUN_00549a,derived,
0x0054A6,0x0054B2,FUN_0054a6,derived,
0x0054B2,0x0054BE,FUN_0054b2,derived,
0x0054BE,0x0054CA,FUN_0054be,derived,
0x0054CA,0x0054D6,FUN_0054ca,derived,
0x0054D6,0x0054EA,FUN_0054d6,derived,
0x0054EA,0x0054F6,FUN_0054ea,derived,
0x0054F6,0x005502,FUN_0054f6,derived,
0x005502,0x00550E,FUN_005502,derived,
0x00550E,0x00551A,FUN_00550e,derived,
0x00551A,0x005526,FUN_00551a,derived,
0x005526,0x005532,FUN_005526,derived,
0x005532,0x00553E,FUN_005532,derived,
0x00553E,0x005564,FUN_00553e,derived,
0x005564,0x0055A0,FUN_005564,derived,
0x0055A0,0x0055B2,FUN_0055a0,derived,
0x0055B2,0x0055C4,FUN_0055b2,derived,
0x0055C4,0x0055D6,FUN_0055c4,derived,
0x0055D6,0x0055E8,FUN_0055d6,derived,
0x0055E8,0x0055FA,FUN_0055e8,derived,
0x0055FA,0x00560C,FUN_0055fa,derived,
0x00560C,0x00561E,FUN_00560c,derived,
0x00561E,0x005630,FUN_00561e,derived,
0x005630,0x00563C,FUN_005630,derived,
0x00563C,0x005648,FUN_00563c,derived,
0x005648,0x005654,FUN_005648,derived,
0x005654,0x005660,FUN_005654,derived,
0x005660,0x00566C,FUN_005660,derived,
0x00566C,0x00567A,FUN_00566c,derived,
0x00567A,0x00578E,FUN_00567a,derived,
0x00578E,0x00579C,FUN_00578e,derived,
0x00579C,0x0057AA,FUN_00579c,derived,
0x0057AA,0x0057B8,FUN_0057aa,derived,
0x0057B8,0x0057C6,FUN_0057b8,derived,
0x0057C6,0x0058E0,FUN_0057c6,derived,
0x0058E0,0x0058EE,FUN_0058e0,derived,
0x0058EE,0x0058FC,FUN_0058ee,derived,
0x0058FC,0x00590A,FUN_0058fc,derived,
0x00590A,0x005918,FUN_00590a,derived,
0x005918,0x005926,FUN_005918,derived,
0x005926,0x005934,FUN_005926,derived,
0x005934,0x00596C,FUN_005934,derived,
0x00596C,0x00597A,FUN_00596c,derived,
0x00597A,0x005988,FUN_00597a,derived,
0x005988,0x005996,FUN_005988,derived,
0x005996,0x0059A4,FUN_005996,derived,
0x0059A4,0x0059B2,FUN_0059a4,derived,
0x0059B2,0x0059C0,FUN_0059b2,derived,
0x0059C0,0x0059CE,FUN_0059c0,derived,
0x0059CE,0x0059DC,FUN_0059ce,derived,
0x0059DC,0x0059EA,FUN_0059dc,derived,
0x0059EA,0x0059F8,FUN_0059ea,derived,
0x0059F8,0x005A06,FUN_0059f8,derived,
0x005A06,0x005A14,FUN_005a06,derived,
0x005A14,0x005A22,FUN_005a14,derived,
0x005A22,0x005A30,FUN_005a22,derived,
0x005A30,0x005A3E,FUN_005a30,derived,
0x005A3E,0x005A4C,FUN_005a3e,derived,
0x005A4C,0x005A58,FUN_005a4c,derived,
0x005A58,0x005AC0,FUN_005a58,derived,
0x005AC0,0x005ACE,FUN_005ac0,derived,
0x005ACE,0x005ADC,FUN_005ace,derived,
0x005ADC,0x005AEA,FUN_005adc,derived,
0x005AEA,0x005AF8,FUN_005aea,derived,
0x005AF8,0x005B06,FUN_005af8,derived,
0x005B06,0x005B14,FUN_005b06,derived,
0x005B14,0x005B20,FUN_005b14,derived,
0x005B20,0x005B2E,FUN_005b20,derived,
0x005B2E,0x005B3C,FUN_005b2e,derived,
0x005B3C,0x005B56,FUN_005b3c,derived,
0x005B56,0x005BD8,FUN_005b56,derived,
0x005BD8,0x005CC4,FUN_005bd8,derived,
0x005CC4,0x005CD2,FUN_005cc4,derived,
0x005CD2,0x005CE2,FUN_005cd2,derived,
0x005CE2,0x005CEE,FUN_005ce2,derived,
0x005CEE,0x005CFE,FUN_005cee,derived,
0x005CFE,0x005D0A,FUN_005cfe,derived,
0x005D0A,0x005D16,FUN_005d0a,derived,
0x005D16,0x005D26,FUN_005d16,derived,
0x005D26,0x005D36,FUN_005d26,derived,
0x005D36,0x005D70,FUN_005d36,derived,
0x005D70,0x005D80,FUN_005d70,derived,
0x005D80,0x005D86,FUN_005d80,derived,
0x005D86,0x005D90,FUN_005d86,derived,
0x005D90,0x005DA0,FUN_005d90,derived,
0x005DA0,0x005DA6,FUN_005da0,derived,
0x005DA6,0x005DB6,FUN_005da6,derived,
0x005DB6,0x005DC6,FUN_005db6,derived,
0x005DC6,0x005DD6,FUN_005dc6,derived,
0x005DD6,0x005DDC,FUN_005dd6,derived,
0x005DDC,0x005DEC,FUN_005ddc,derived,
0x005DEC,0x005DFC,FUN_005dec,derived,
0x005DFC,0x005E0C,FUN_005dfc,derived,
0x005E0C,0x005E12,FUN_005e0c,derived,
0x005E12,0x005E22,FUN_005e12,derived,
0x005E22,0x005E32,FUN_005e22,derived,
0x005E32,0x005E42,FUN_005e32,derived,
0x005E42,0x005E48,FUN_005e42,derived,
0x005E48,0x005E58,FUN_005e48,derived,
0x005E58,0x005E68,FUN_005e58,derived,
0x005E68,0x005E78,FUN_005e68,derived,
0x005E78,0x005EBC,FUN_005e78,derived,
0x005EBC,0x005EC8,FUN_005ebc,derived,
0x005EC8,0x005ECE,FUN_005ec8,derived,
0x005ECE,0x005EDE,FUN_005ece,derived,
0x005EDE,0x005EEE,FUN_005ede,derived,
0x005EEE,0x005EF4,FUN_005eee,derived,
0x005EF4,0x005F18,FUN_005ef4,derived,
0x005F18,0x005F1C,FUN_005f18,derived,
0x005F1C,0x005F36,FUN_005f1c,derived,
0x005F36,0x006010,FUN_005f36,derived,
0x006010,0x0061DA,FUN_006010,derived,
0x0061DA,0x006360,FUN_0061da,derived,
0x006360,0x006366,FUN_006360,derived,
0x006366,0x00636C,FUN_006366,derived,
0x00636C,0x006372,FUN_00636c,derived,
0x006372,0x0066FE,FUN_006372,derived,
0x0066FE,0x006744,FUN_0066fe,derived,
0x006744,0x006796,getVehicleStatusInputs?,ghidra-hand-xmap,
0x006796,0x0067D2,FUN_006796,derived,
0x0067D2,0x006842,FUN_0067d2,derived,
0x006842,0x006846,FUN_006842,derived,
0x006846,0x006884,FUN_006846,derived,
0x006884,0x0068F6,FUN_006884,derived,
0x0068F6,0x006992,FUN_0068f6,derived,
0x006992,0x0069E2,FUN_006992,derived,
0x0069E2,0x006A28,FUN_0069e2,derived,
0x006A28,0x006A4C,FUN_006a28,derived,
0x006A4C,0x006B5C,FUN_006a4c,derived,
0x006B5C,0x006B60,FUN_006b5c,derived,
0x006B60,0x006B90,FUN_006b60,derived,
0x006B90,0x006B94,FUN_006b90,derived,
0x006B94,0x006C1A,FUN_006b94,derived,
0x006C1A,0x006C4C,FUN_006c1a,derived,
0x006C4C,0x006CA6,FUN_006c4c,derived,
0x006CA6,0x006CDC,FUN_006ca6,derived,
0x006CDC,0x006CE2,FUN_006cdc,derived,
0x006CE2,0x006D7C,FUN_006ce2,derived,
0x006D7C,0x006D8E,FUN_006d7c,derived,
0x006D8E,0x006DE2,FUN_006d8e,derived,
0x006DE2,0x006EFA,FUN_006de2,derived,
0x006EFA,0x006F16,FUN_006efa,derived,
0x006F16,0x006FB0,FUN_006f16,derived,
0x006FB0,0x006FFA,FUN_006fb0,derived,
0x006FFA,0x007070,FUN_006ffa,derived,
0x007070,0x007088,FUN_007070,derived,
0x007088,0x0070AC,FUN_007088,derived,
0x0070AC,0x00712E,atu_fpu_control_wrapper,ghidra-hand-xmap,
0x00712E,0x007188,FUN_00712e,derived,
0x007188,0x0071EA,FUN_007188,derived,
0x0071EA,0x007280,FUN_0071ea,derived,
0x007280,0x007290,FUN_007280,derived,
0x007290,0x007298,FUN_007290,derived,
0x007298,0x007330,FUN_007298,derived,
0x007330,0x007338,FUN_007330,derived,
0x007338,0x007398,readECMVoltage??,ghidra-hand-xmap,
0x007398,0x0073A0,FUN_007398,derived,
0x0073A0,0x007438,FUN_0073a0,derived,
0x007438,0x0074AC,getMAFSensorValue,ghidra-hand-xmap,
0x0074AC,0x0074B0,FUN_0074ac,derived,
0x0074B0,0x0074D4,FUN_0074b0,derived,
0x0074D4,0x0074DA,FUN_0074d4,derived,
0x0074DA,0x0074E0,FUN_0074da,derived,
0x0074E0,0x007518,FUN_0074e0,derived,
0x007518,0x007568,fuelingInit??,ghidra-hand-xmap,
0x007568,0x00759E,FUN_007568,derived,
0x00759E,0x0075F4,FUN_00759e,derived,
0x0075F4,0x00765A,FUN_0075f4,derived,
0x00765A,0x007668,FUN_00765a,derived,
0x007668,0x0076B8,FUN_007668,derived,
0x0076B8,0x007724,FUN_0076b8,derived,
0x007724,0x007778,FUN_007724,derived,
0x007778,0x0077F0,setInterruptTimer,ghidra-hand-xmap,
0x0077F0,0x00787A,FUN_0077f0,derived,
0x00787A,0x007A86,FUN_00787a,derived,
0x007A86,0x007AB2,FUN_007a86,derived,
0x007AB2,0x007B58,FUN_007ab2,derived,
0x007B58,0x007B84,FUN_007b58,derived,
0x007B84,0x007B90,FUN_007b84,derived,
0x007B90,0x007BDC,FUN_007b90,derived,
0x007BDC,0x007BE4,FUN_007bdc,derived,
0x007BE4,0x007C0C,FUN_007be4,derived,
0x007C0C,0x007E3C,crankSensorInit?,ghidra-hand-xmap,
0x007E3C,0x007EB4,FUN_007e3c,derived,
0x007EB4,0x007ECA,FUN_007eb4,derived,
0x007ECA,0x007F22,FUN_007eca,derived,
0x007F22,0x007F42,FUN_007f22,derived,
0x007F42,0x007F90,FUN_007f42,derived,
0x007F90,0x007FB0,FUN_007f90,derived,
0x007FB0,0x007FCC,FUN_007fb0,derived,
0x007FCC,0x008000,FUN_007fcc,derived,
0x008000,0x00803E,FUN_008000,derived,
0x00803E,0x00806A,INT_ATU101_IMI10AG,ghidra-hand-xmap,
0x00806A,0x0080F0,FUN_00806a,derived,
0x0080F0,0x0081A8,FUN_0080f0,derived,
0x0081A8,0x008268,FUN_0081a8,derived,
0x008268,0x0082B8,FUN_008268,derived,
0x0082B8,0x0082D8,FUN_0082b8,derived,
0x0082D8,0x008320,FUN_0082d8,derived,
0x008320,0x008340,FUN_008320,derived,
0x008340,0x008344,FUN_008340,derived,
0x008344,0x0083CA,FUN_008344,derived,
0x0083CA,0x0084C2,injectorRelatedFunc,ghidra-hand-xmap,
0x0084C2,0x0084C6,FUN_0084c2,derived,
0x0084C6,0x0085E4,FUN_0084c6,derived,
0x0085E4,0x0086AC,putFuelingStuffInArray?,ghidra-hand-xmap,
0x0086AC,0x0086F8,FUN_0086ac,derived,
0x0086F8,0x00871C,FUN_0086f8,derived,
0x00871C,0x0087A2,FUN_00871c,derived,
0x0087A2,0x008814,FUN_0087a2,derived,
0x008814,0x008D30,FUN_008814,derived,
0x008D30,0x008D86,FUN_008d30,derived,
0x008D86,0x008DAE,FUN_008d86,derived,
0x008DAE,0x008DE8,outputSpark1,ghidra-hand-xmap,
0x008DE8,0x008E28,FUN_008de8,derived,
0x008E28,0x008EE6,ignitionTimingHardwareTimerSomething,ghidra-hand-xmap,
0x008EE6,0x008F2A,FUN_008ee6,derived,
0x008F2A,0x008F5C,FUN_008f2a,derived,
0x008F5C,0x008F94,FUN_008f5c,derived,
0x008F94,0x009000,FUN_008f94,derived,
0x009000,0x009016,FUN_009000,derived,
0x009016,0x009038,FUN_009016,derived,
0x009038,0x009090,FUN_009038,derived,
0x009090,0x009110,FUN_009090,derived,
0x009110,0x009114,FUN_009110,derived,
0x009114,0x0091C6,FUN_009114,derived,
0x0091C6,0x009440,ignitonSomethingCalc,ghidra-hand-xmap,
0x009440,0x0094F0,FUN_009440,derived,
0x0094F0,0x0094FC,FUN_0094f0,derived,
0x0094FC,0x009630,FUN_0094fc,derived,
0x009630,0x009744,osTaskScheduler,ghidra-hand-xmap,
0x009744,0x009890,CANControllerSetup,ghidra-hand-xmap,
0x009890,0x009910,placeCANRX,ghidra-hand-xmap,
0x009910,0x0099B0,FUN_009910,derived,
0x0099B0,0x009AC4,txCAN_EventBased,ghidra-hand-xmap,
0x009AC4,0x009B08,FUN_009ac4,derived,
0x009B08,0x009B92,getHCANSomething,ghidra-hand-xmap,
0x009B92,0x009C34,doSomethingIfByteIs1InCANSetup,ghidra-hand-xmap,
0x009C34,0x009C40,FUN_009c34,derived,
0x009C40,0x009C86,FUN_009c40,derived,
0x009C86,0x009C8E,FUN_009c86,derived,
0x009C8E,0x009C9C,FUN_009c8e,derived,
0x009C9C,0x009CA4,FUN_009c9c,derived,
0x009CA4,0x009CE0,FUN_009ca4,derived,
0x009CE0,0x009D02,FUN_009ce0,derived,
0x009D02,0x009D24,FUN_009d02,derived,
0x009D24,0x009DFC,initializeCANRegisters,ghidra-hand-xmap,
0x009DFC,0x009E26,FUN_009dfc,derived,
0x009E26,0x009E68,FUN_009e26,derived,
0x009E68,0x009EA2,FUN_009e68,derived,
0x009EA2,0x009EFE,FUN_009ea2,derived,
0x009EFE,0x009F0C,whileLoop,ghidra-hand-xmap,
0x009F0C,0x009F12,FUN_009f0c,derived,
0x009F12,0x009F48,FUN_009f12,derived,
0x009F48,0x009F4C,FUN_009f48,derived,
0x009F4C,0x009F52,FUN_009f4c,derived,
0x009F52,0x009F58,FUN_009f52,derived,
0x009F58,0x00A266,FUN_009f58,derived,
0x00A266,0x00A2A8,getRotorNumberForControl?,ghidra-hand-xmap,
0x00A2A8,0x00A2B6,FUN_00a2a8,derived,
0x00A2B6,0x00A330,calledLots,ghidra-hand-xmap,
0x00A330,0x00A370,FUN_00a330,derived,
0x00A370,0x00A3AC,FUN_00a370,derived,
0x00A3AC,0x00A438,FUN_00a3ac,derived,
0x00A438,0x00A4B6,FUN_00a438,derived,
0x00A4B6,0x00A4BE,FUN_00a4b6,derived,
0x00A4BE,0x00A4F0,FUN_00a4be,derived,
0x00A4F0,0x00A50E,FUN_00a4f0,derived,
0x00A50E,0x00A518,FUN_00a50e,derived,
0x00A518,0x00A522,FUN_00a518,derived,
0x00A522,0x00A53C,FUN_00a522,derived,
0x00A53C,0x00A55A,FUN_00a53c,derived,
0x00A55A,0x00A824,FUN_00a55a,derived,
0x00A824,0x00A850,FUN_00a824,derived,
0x00A850,0x00A8A4,FUN_00a850,derived,
0x00A8A4,0x00A8DC,FUN_00a8a4,derived,
0x00A8DC,0x00A936,FUN_00a8dc,derived,
0x00A936,0x00AA90,apvHardwareOutputRelated?,ghidra-hand-xmap,
0x00AA90,0x00AAC4,FUN_00aa90,derived,
0x00AAC4,0x00AADE,FUN_00aac4,derived,
0x00AADE,0x00AB6C,FUN_00aade,derived,
0x00AB6C,0x00AB8A,FUN_00ab6c,derived,
0x00AB8A,0x00ABD2,FUN_00ab8a,derived,
0x00ABD2,0x00ABDA,FUN_00abd2,derived,
0x00ABDA,0x00ABEA,FUN_00abda,derived,
0x00ABEA,0x00ABFA,FUN_00abea,derived,
0x00ABFA,0x00AC02,FUN_00abfa,derived,
0x00AC02,0x00AC08,FUN_00ac02,derived,
0x00AC08,0x00ACFC,FUN_00ac08,derived,
0x00ACFC,0x00AD16,FUN_00acfc,derived,
0x00AD16,0x00AD2A,FUN_00ad16,derived,
0x00AD2A,0x00AD40,FUN_00ad2a,derived,
0x00AD40,0x00B0A6,FUN_00ad40,derived,
0x00B0A6,0x00B114,FUN_00b0a6,derived,
0x00B114,0x00B1DA,FUN_00b114,derived,
0x00B1DA,0x00B23C,FUN_00b1da,derived,
0x00B23C,0x00B290,FUN_00b23c,derived,
0x00B290,0x00B2C0,FUN_00b290,derived,
0x00B2C0,0x00B308,FUN_00b2c0,derived,
0x00B308,0x00B398,FUN_00b308,derived,
0x00B398,0x00B3AA,FUN_00b398,derived,
0x00B3AA,0x00B4EC,FUN_00b3aa,derived,
0x00B4EC,0x00B5A0,FUN_00b4ec,derived,
0x00B5A0,0x00B5FA,FUN_00b5a0,derived,
0x00B5FA,0x00B602,FUN_00b5fa,derived,
0x00B602,0x00B6B2,FUN_00b602,derived,
0x00B6B2,0x00B886,FUN_00b6b2,derived,
0x00B886,0x00B958,FUN_00b886,derived,
0x00B958,0x00B99C,FUN_00b958,derived,
0x00B99C,0x00BCCC,updateIO_MAYBE,ghidra-hand-xmap,
0x00BCCC,0x00BD28,FUN_00bccc,derived,
0x00BD28,0x00BDA0,FUN_00bd28,derived,
0x00BDA0,0x00BDBC,FUN_00bda0,derived,
0x00BDBC,0x00BDFA,FUN_00bdbc,derived,
0x00BDFA,0x00BE30,FUN_00bdfa,derived,
0x00BE30,0x00BE5E,FUN_00be30,derived,
0x00BE5E,0x00BED8,FUN_00be5e,derived,
0x00BED8,0x00BF3A,FUN_00bed8,derived,
0x00BF3A,0x00BFA0,FUN_00bf3a,derived,
0x00BFA0,0x00C02C,FUN_00bfa0,derived,
0x00C02C,0x00C0F0,FUN_00c02c,derived,
0x00C0F0,0x00C116,store_knock_learn_buffer,ghidra-hand-xmap,
0x00C116,0x00C14C,enableDisableCruiseControl??,ghidra-hand-xmap,
0x00C14C,0x00C176,knockFunctionInit,ghidra-hand-xmap,
0x00C176,0x00C180,FUN_00c176,derived,
0x00C180,0x00C1F8,FUN_00c180,derived,
0x00C1F8,0x00C276,knockRelatedInit,ghidra-hand-xmap,
0x00C276,0x00C290,FUN_00c276,derived,
0x00C290,0x00C338,knockSensorADCFault,ghidra-hand-xmap,
0x00C338,0x00C350,FUN_00c338,derived,
0x00C350,0x00C3CE,FUN_00c350,derived,
0x00C3CE,0x00C7BA,FUN_00c3ce,derived,
0x00C7BA,0x00C8DC,setupCoilOutputs,ghidra-hand-xmap,
0x00C8DC,0x00CA9C,detectKnockOverTime,ghidra-hand-xmap,
0x00CA9C,0x00CAB4,FUN_00ca9c,derived,
0x00CAB4,0x00CACC,FUN_00cab4,derived,
0x00CACC,0x00CB42,setCANRegisters,ghidra-hand-xmap,
0x00CB42,0x00CB9C,HCANRegisterInit??,ghidra-hand-xmap,
0x00CB9C,0x00CBF8,set_MCR_bits2_3,ghidra-hand-xmap,
0x00CBF8,0x00CC1E,set_MCR_bits5_7,ghidra-hand-xmap,
0x00CC1E,0x00CC46,set_MCR_bit7,ghidra-hand-xmap,
0x00CC46,0x00CCA4,FUN_00cc46,derived,
0x00CCA4,0x00CCDA,FUN_00cca4,derived,
0x00CCDA,0x00CD10,FUN_00ccda,derived,
0x00CD10,0x00CD40,FUN_00cd10,derived,
0x00CD40,0x00CD74,FUN_00cd40,derived,
0x00CD74,0x00CE24,FUN_00cd74,derived,
0x00CE24,0x00CE76,FUN_00ce24,derived,
0x00CE76,0x00CEC8,FUN_00ce76,derived,
0x00CEC8,0x00CEE8,FUN_00cec8,derived,
0x00CEE8,0x00CEFE,FUN_00cee8,derived,
0x00CEFE,0x00CF12,getHCANRegisterAddress,ghidra-hand-xmap,
0x00CF12,0x00CF30,FUN_00cf12,derived,
0x00CF30,0x00CF56,FUN_00cf30,derived,
0x00CF56,0x00CF74,FUN_00cf56,derived,
0x00CF74,0x00CF96,FUN_00cf74,derived,
0x00CF96,0x00D13C,FUN_00cf96,derived,
0x00D13C,0x00D144,FUN_00d13c,derived,
0x00D144,0x00D16A,FUN_00d144,derived,
0x00D16A,0x00D1E0,FUN_00d16a,derived,
0x00D1E0,0x00D21E,getRearO2Voltage,ghidra-hand-xmap,
0x00D21E,0x00D262,main??,ghidra-hand-xmap,
0x00D262,0x00D28E,interestingCANSomething,ghidra-hand-xmap,
0x00D28E,0x00D2E8,FUN_00d28e,derived,
0x00D2E8,0x00D2F6,FUN_00d2e8,derived,
0x00D2F6,0x00D3B8,FUN_00d2f6,derived,
0x00D3B8,0x00D3CE,FUN_00d3b8,derived,
0x00D3CE,0x00D408,FUN_00d3ce,derived,
0x00D408,0x00D44C,FUN_00d408,derived,
0x00D44C,0x00D46C,FUN_00d44c,derived,
0x00D46C,0x00D518,FUN_00d46c,derived,
0x00D518,0x00D5AC,FUN_00d518,derived,
0x00D5AC,0x00D648,FUN_00d5ac,derived,
0x00D648,0x00D64E,FUN_00d648,derived,
0x00D64E,0x00D674,FUN_00d64e,derived,
0x00D674,0x00D6B0,FUN_00d674,derived,
0x00D6B0,0x00D6B2,FUN_00d6b0,derived,
0x00D6B2,0x00D6E4,FUN_00d6b2,derived,
0x00D6E4,0x00D6F8,FUN_00d6e4,derived,
0x00D6F8,0x00D70A,FUN_00d6f8,derived,
0x00D70A,0x00D712,FUN_00d70a,derived,
0x00D712,0x00D716,FUN_00d712,derived,
0x00D716,0x00D730,FUN_00d716,derived,
0x00D730,0x00D734,FUN_00d730,derived,
0x00D734,0x00D738,FUN_00d734,derived,
0x00D738,0x00D744,FUN_00d738,derived,
0x00D744,0x00D748,FUN_00d744,derived,
0x00D748,0x00D74C,FUN_00d748,derived,
0x00D74C,0x00D74E,FUN_00d74c,derived,
0x00D74E,0x00D76C,FUN_00d74e,derived,
0x00D76C,0x00D798,FUN_00d76c,derived,
0x00D798,0x00D7B6,FUN_00d798,derived,
0x00D7B6,0x00D7BC,FUN_00d7b6,derived,
0x00D7BC,0x00D7D4,FUN_00d7bc,derived,
0x00D7D4,0x00D81C,FUN_00d7d4,derived,
0x00D81C,0x00D87C,FUN_00d81c,derived,
0x00D87C,0x00D888,FUN_00d87c,derived,
0x00D888,0x00D894,FUN_00d888,derived,
0x00D894,0x00D8B4,FUN_00d894,derived,
0x00D8B4,0x00D8B8,FUN_00d8b4,derived,
0x00D8B8,0x00D8C4,FUN_00d8b8,derived,
0x00D8C4,0x00D8C8,FUN_00d8c4,derived,
0x00D8C8,0x00D8D0,FUN_00d8c8,derived,
0x00D8D0,0x00D8D4,FUN_00d8d0,derived,
0x00D8D4,0x00D8D8,FUN_00d8d4,derived,
0x00D8D8,0x00D8DC,FUN_00d8d8,derived,
0x00D8DC,0x00D8F0,FUN_00d8dc,derived,
0x00D8F0,0x00D8FC,FUN_00d8f0,derived,
0x00D8FC,0x00D904,FUN_00d8fc,derived,
0x00D904,0x00D90C,FUN_00d904,derived,
0x00D90C,0x00D90E,FUN_00d90c,derived,
0x00D90E,0x00D910,FUN_00d90e,derived,
0x00D910,0x00D914,FUN_00d910,derived,
0x00D914,0x00D934,FUN_00d914,derived,
0x00D934,0x00D9AC,FUN_00d934,derived,
0x00D9AC,0x00D9BC,FUN_00d9ac,derived,
0x00D9BC,0x00D9F4,FUN_00d9bc,derived,
0x00D9F4,0x00DA94,canSetup,ghidra-hand-xmap,
0x00DA94,0x00DADE,resetCANTimers,ghidra-hand-xmap,
0x00DADE,0x00DAE8,FUN_00dade,derived,
0x00DAE8,0x00DAF0,canTimerInit??,ghidra-hand-xmap,
0x00DAF0,0x00DB58,handleCANReset,ghidra-hand-xmap,
0x00DB58,0x00DBF6,CANTX_Main,ghidra-hand-xmap,
0x00DBF6,0x00DCC0,FUN_00dbf6,derived,
0x00DCC0,0x00DD44,checkCANsomethingKeyOnBased,ghidra-hand-xmap,
0x00DD44,0x00DDDC,FUN_00dd44,derived,
0x00DDDC,0x00DE0A,FUN_00dddc,derived,
0x00DE0A,0x00DE0E,FUN_00de0a,derived,
0x00DE0E,0x00DE1A,FUN_00de0e,derived,
0x00DE1A,0x00DE3C,FUN_00de1a,derived,
0x00DE3C,0x00DE46,FUN_00de3c,derived,
0x00DE46,0x00DE72,FUN_00de46,derived,
0x00DE72,0x00DF08,EBCMCommEval,ghidra-hand-xmap,
0x00DF08,0x00DF6A,FUN_00df08,derived,
0x00DF6A,0x00DFB2,FUN_00df6a,derived,
0x00DFB2,0x00DFE2,FUN_00dfb2,derived,
0x00DFE2,0x00DFEC,FUN_00dfe2,derived,
0x00DFEC,0x00E000,FUN_00dfec,derived,
0x00E000,0x00E038,FUN_00e000,derived,
0x00E038,0x00E040,FUN_00e038,derived,
0x00E040,0x00E048,FUN_00e040,derived,
0x00E048,0x00E050,FUN_00e048,derived,
0x00E050,0x00E060,FUN_00e050,derived,
0x00E060,0x00E07A,FUN_00e060,derived,
0x00E07A,0x00E0E4,FUN_00e07a,derived,
0x00E0E4,0x00E0F4,FUN_00e0e4,derived,
0x00E0F4,0x00E1B0,FUN_00e0f4,derived,
0x00E1B0,0x00E1B8,FUN_00e1b0,derived,
0x00E1B8,0x00E1D8,FUN_00e1b8,derived,
0x00E1D8,0x00E1FA,calculateEngineRunningTimer2,ghidra-hand-xmap,
0x00E1FA,0x00E21C,getEngineOnTimeForOilMetering,ghidra-hand-xmap,
0x00E21C,0x00E240,FUN_00e21c,derived,
0x00E240,0x00E274,FUN_00e240,derived,
0x00E274,0x00E2A8,FUN_00e274,derived,
0x00E2A8,0x00E2D4,setEngineRunningInjectorsOffFlag,ghidra-hand-xmap,
0x00E2D4,0x00E454,arbitrateFuelCut,ghidra-hand-xmap,
0x00E454,0x00E458,FUN_00e454,derived,
0x00E458,0x00E468,FUN_00e458,derived,
0x00E468,0x00E4A2,FUN_00e468,derived,
0x00E4A2,0x00E508,intake_temp_increase_step,ghidra-hand-xmap,
0x00E508,0x00E50E,FUN_00e508,derived,
0x00E50E,0x00E574,FUN_00e50e,derived,
0x00E574,0x00E5EA,FUN_00e574,derived,
0x00E5EA,0x00E63A,FUN_00e5ea,derived,
0x00E63A,0x00E78C,FUN_00e63a,derived,
0x00E78C,0x00E812,FUN_00e78c,derived,
0x00E812,0x00E902,FUN_00e812,derived,
0x00E902,0x00E906,FUN_00e902,derived,
0x00E906,0x00E914,FUN_00e906,derived,
0x00E914,0x00E91A,FUN_00e914,derived,
0x00E91A,0x00E924,FUN_00e91a,derived,
0x00E924,0x00E926,FUN_00e924,derived,
0x00E926,0x00E972,FUN_00e926,derived,
0x00E972,0x00EA94,FUN_00e972,derived,
0x00EA94,0x00EABE,FUN_00ea94,derived,
0x00EABE,0x00EBCC,FUN_00eabe,derived,
0x00EBCC,0x00ECF8,FUN_00ebcc,derived,
0x00ECF8,0x00EDD8,FUN_00ecf8,derived,
0x00EDD8,0x00EDF0,FUN_00edd8,derived,
0x00EDF0,0x00EE18,FUN_00edf0,derived,
0x00EE18,0x00EE78,FUN_00ee18,derived,
0x00EE78,0x00EE96,revLimitFuelCutInit,ghidra-hand-xmap,
0x00EE96,0x00EF0E,FUN_00ee96,derived,
0x00EF0E,0x00F026,calculateRevLimiterFuelCut,ghidra-hand-xmap,
0x00F026,0x00F122,FUN_00f026,derived,
0x00F122,0x00F12C,FUN_00f122,derived,
0x00F12C,0x00F146,FUN_00f12c,derived,
0x00F146,0x00F156,FUN_00f146,derived,
0x00F156,0x00F17C,FUN_00f156,derived,
0x00F17C,0x00F2B0,FUN_00f17c,derived,
0x00F2B0,0x00F2BE,FUN_00f2b0,derived,
0x00F2BE,0x00F2C0,FUN_00f2be,derived,
0x00F2C0,0x00F2F8,FUN_00f2c0,derived,
0x00F2F8,0x00F32C,FUN_00f2f8,derived,
0x00F32C,0x00F330,FUN_00f32c,derived,
0x00F330,0x00F358,FUN_00f330,derived,
0x00F358,0x00F390,FUN_00f358,derived,
0x00F390,0x00F414,fuelingArrayInit?,ghidra-hand-xmap,
0x00F414,0x00F464,FUN_00f414,derived,
0x00F464,0x00F484,FUN_00f464,derived,
0x00F484,0x00F4EC,FUN_00f484,derived,
0x00F4EC,0x00F56C,FUN_00f4ec,derived,
0x00F56C,0x00F57C,FUN_00f56c,derived,
0x00F57C,0x00F5A6,FUN_00f57c,derived,
0x00F5A6,0x00F780,FUN_00f5a6,derived,
0x00F780,0x00F80C,FUN_00f780,derived,
0x00F80C,0x00F8DC,FUN_00f80c,derived,
0x00F8DC,0x00F8E4,FUN_00f8dc,derived,
0x00F8E4,0x00F932,FUN_00f8e4,derived,
0x00F932,0x00F974,FUN_00f932,derived,
0x00F974,0x00FA06,somethingFuelCutRelated,ghidra-hand-xmap,
0x00FA06,0x00FA1A,FUN_00fa06,derived,
0x00FA1A,0x00FA22,FUN_00fa1a,derived,
0x00FA22,0x00FA4E,FUN_00fa22,derived,
0x00FA4E,0x00FA62,FUN_00fa4e,derived,
0x00FA62,0x00FA90,FUN_00fa62,derived,
0x00FA90,0x00FABE,FUN_00fa90,derived,
0x00FABE,0x00FBA0,FUN_00fabe,derived,
0x00FBA0,0x00FC10,setFuelCutDriver?,ghidra-hand-xmap,
0x00FC10,0x00FCFE,FUN_00fc10,derived,
0x00FCFE,0x00FD2C,FUN_00fcfe,derived,
0x00FD2C,0x00FE60,FUN_00fd2c,derived,
0x00FE60,0x00FE74,FUN_00fe60,derived,
0x00FE74,0x00FE7E,FUN_00fe74,derived,
0x00FE7E,0x00FEC8,FUN_00fe7e,derived,
0x00FEC8,0x00FF00,FUN_00fec8,derived,
0x00FF00,0x00FF18,FUN_00ff00,derived,
0x00FF18,0x00FF1E,FUN_00ff18,derived,
0x00FF1E,0x00FF24,FUN_00ff1e,derived,
0x00FF24,0x00FF28,FUN_00ff24,derived,
0x00FF28,0x00FF32,FUN_00ff28,derived,
0x00FF32,0x00FF44,FUN_00ff32,derived,
0x00FF44,0x00FF46,FUN_00ff44,derived,
0x00FF46,0x00FF4E,FUN_00ff46,derived,
0x00FF4E,0x00FFAC,FUN_00ff4e,derived,
0x00FFAC,0x00FFAE,FUN_00ffac,derived,
0x00FFAE,0x00FFEA,FUN_00ffae,derived,
0x00FFEA,0x00FFF8,fuelInjectionTiming?,ghidra-hand-xmap,
0x00FFF8,0x00FFFC,FUN_00fff8,derived,
0x00FFFC,0x00FFFE,FUN_00fffc,derived,
0x00FFFE,0x010000,FUN_00fffe,derived,
0x010000,0x010184,FUN_010000,derived,
0x010184,0x0101C0,FUN_010184,derived,
0x0101C0,0x01021C,FUN_0101c0,derived,
0x01021C,0x010244,setAllInjectorto0?,ghidra-hand-xmap,
0x010244,0x01025C,FUN_010244,derived,
0x01025C,0x01032C,FUN_01025c,derived,
0x01032C,0x010396,FUN_01032c,derived,
0x010396,0x01039C,FUN_010396,derived,
0x01039C,0x010400,FUN_01039c,derived,
0x010400,0x01050E,FUN_010400,derived,
0x01050E,0x010514,FUN_01050e,derived,
0x010514,0x0105D6,FUN_010514,derived,
0x0105D6,0x010660,FUN_0105d6,derived,
0x010660,0x010776,FUN_010660,derived,
0x010776,0x01077E,FUN_010776,derived,
0x01077E,0x0107D8,FUN_01077e,derived,
0x0107D8,0x010804,FUN_0107d8,derived,
0x010804,0x01081A,FUN_010804,derived,
0x01081A,0x0108CA,FUN_01081a,derived,
0x0108CA,0x0108D6,FUN_0108ca,derived,
0x0108D6,0x010912,FUN_0108d6,derived,
0x010912,0x010942,FUN_010912,derived,
0x010942,0x01094E,FUN_010942,derived,
0x01094E,0x010A9C,FUN_01094e,derived,
0x010A9C,0x010B44,FUN_010a9c,derived,
0x010B44,0x010EC0,FUN_010b44,derived,
0x010EC0,0x010EE6,FUN_010ec0,derived,
0x010EE6,0x010EFA,getEngineCrankingStatusEnum??,ghidra-hand-xmap,
0x010EFA,0x010F18,getEngineCrankingStatus?,ghidra-hand-xmap,
0x010F18,0x010F86,setTimingArrayValuesForOutput?,ghidra-hand-xmap,
0x010F86,0x010F8A,FUN_010f86,derived,
0x010F8A,0x010F98,returnDwellTime_fp,ghidra-hand-xmap,
0x010F98,0x010FFE,outputPerRotorIgnitionDwell,ghidra-hand-xmap,
0x010FFE,0x011068,calculatePerRotorIgnitionDwell,ghidra-hand-xmap,
0x011068,0x01108E,FUN_011068,derived,
0x01108E,0x01128E,FUN_01108e,derived,
0x01128E,0x01141C,FUN_01128e,derived,
0x01141C,0x0114F6,FUN_01141c,derived,
0x0114F6,0x011514,FUN_0114f6,derived,
0x011514,0x011534,FUN_011514,derived,
0x011534,0x011578,someMainFunction,ghidra-hand-xmap,
0x011578,0x01159E,FUN_011578,derived,
0x01159E,0x0117B4,FUN_01159e,derived,
0x0117B4,0x011816,engineControlTASK2,ghidra-hand-xmap,
0x011816,0x0118EA,FUN_011816,derived,
0x0118EA,0x01193A,cruiseControl?,ghidra-hand-xmap,
0x01193A,0x011A98,FUN_01193a,derived,
0x011A98,0x011B40,FUN_011a98,derived,
0x011B40,0x011B6C,FUN_011b40,derived,
0x011B6C,0x011B86,FUN_011b6c,derived,
0x011B86,0x011BCA,FUN_011b86,derived,
0x011BCA,0x011BE2,FUN_011bca,derived,
0x011BE2,0x011BEE,FUN_011be2,derived,
0x011BEE,0x011C08,FUN_011bee,derived,
0x011C08,0x011C4A,FUN_011c08,derived,
0x011C4A,0x011C56,FUN_011c4a,derived,
0x011C56,0x011C5A,FUN_011c56,derived,
0x011C5A,0x011C5E,FUN_011c5a,derived,
0x011C5E,0x011C8E,FUN_011c5e,derived,
0x011C8E,0x011CC0,FUN_011c8e,derived,
0x011CC0,0x011CC4,FUN_011cc0,derived,
0x011CC4,0x011CC8,FUN_011cc4,derived,
0x011CC8,0x011CCC,FUN_011cc8,derived,
0x011CCC,0x011CFC,FUN_011ccc,derived,
0x011CFC,0x011D20,FUN_011cfc,derived,
0x011D20,0x011F28,FUN_011d20,derived,
0x011F28,0x011F40,FUN_011f28,derived,
0x011F40,0x011F64,FUN_011f40,derived,
0x011F64,0x012016,FUN_011f64,derived,
0x012016,0x0120C2,FUN_012016,derived,
0x0120C2,0x01216C,FUN_0120c2,derived,
0x01216C,0x01217E,FUN_01216c,derived,
0x01217E,0x012190,FUN_01217e,derived,
0x012190,0x0121D6,FUN_012190,derived,
0x0121D6,0x012280,FUN_0121d6,derived,
0x012280,0x01232E,FUN_012280,derived,
0x01232E,0x01233E,FUN_01232e,derived,
0x01233E,0x01234E,FUN_01233e,derived,
0x01234E,0x012442,FUN_01234e,derived,
0x012442,0x012528,FUN_012442,derived,
0x012528,0x012562,FUN_012528,derived,
0x012562,0x01259C,FUN_012562,derived,
0x01259C,0x012630,FUN_01259c,derived,
0x012630,0x0126AC,FUN_012630,derived,
0x0126AC,0x0127B8,FUN_0126ac,derived,
0x0127B8,0x0127C2,FUN_0127b8,derived,
0x0127C2,0x0127D4,FUN_0127c2,derived,
0x0127D4,0x01282C,FUN_0127d4,derived,
0x01282C,0x0128F0,FUN_01282c,derived,
0x0128F0,0x012B56,FUN_0128f0,derived,
0x012B56,0x012BC2,calculateOffThrottleORFuelCutTimer,ghidra-hand-xmap,
0x012BC2,0x012BD2,FUN_012bc2,derived,
0x012BD2,0x012BE8,FUN_012bd2,derived,
0x012BE8,0x012CD4,FUN_012be8,derived,
0x012CD4,0x012D1C,FUN_012cd4,derived,
0x012D1C,0x012D78,engineConditionDetectForTimingModification,ghidra-hand-xmap,
0x012D78,0x012D92,FUN_012d78,derived,
0x012D92,0x012E80,FUN_012d92,derived,
0x012E80,0x012EC4,FUN_012e80,derived,
0x012EC4,0x012F90,FUN_012ec4,derived,
0x012F90,0x013000,FUN_012f90,derived,
0x013000,0x01305C,FUN_013000,derived,
0x01305C,0x0130C0,FUN_01305c,derived,
0x0130C0,0x013212,FUN_0130c0,derived,
0x013212,0x013248,FUN_013212,derived,
0x013248,0x01325A,FUN_013248,derived,
0x01325A,0x0132B6,FUN_01325a,derived,
0x0132B6,0x013354,FUN_0132b6,derived,
0x013354,0x0133DE,FUN_013354,derived,
0x0133DE,0x0133E0,FUN_0133de,derived,
0x0133E0,0x013400,FUN_0133e0,derived,
0x013400,0x013404,FUN_013400,derived,
0x013404,0x0134BE,FUN_013404,derived,
0x0134BE,0x0134E4,FUN_0134be,derived,
0x0134E4,0x013504,FUN_0134e4,derived,
0x013504,0x013530,FUN_013504,derived,
0x013530,0x013660,FUN_013530,derived,
0x013660,0x01366A,FUN_013660,derived,
0x01366A,0x013672,FUN_01366a,derived,
0x013672,0x0136C2,getKnockControlAllowed??,ghidra-hand-xmap,
0x0136C2,0x0136EA,getKnockSensorFaultedStatus?,ghidra-hand-xmap,
0x0136EA,0x01374A,getKnockControlActive,ghidra-hand-xmap,
0x01374A,0x01374C,FUN_01374a,derived,
0x01374C,0x0137F4,FUN_01374c,derived,
0x0137F4,0x0137F6,FUN_0137f4,derived,
0x0137F6,0x013890,FUN_0137f6,derived,
0x013890,0x01395C,FUN_013890,derived,
0x01395C,0x0139A0,FUN_01395c,derived,
0x0139A0,0x013A2A,FUN_0139a0,derived,
0x013A2A,0x013AD0,FUN_013a2a,derived,
0x013AD0,0x013B36,FUN_013ad0,derived,
0x013B36,0x013B4A,FUN_013b36,derived,
0x013B4A,0x013BBC,FUN_013b4a,derived,
0x013BBC,0x013BCC,FUN_013bbc,derived,
0x013BCC,0x013C30,FUN_013bcc,derived,
0x013C30,0x013CF0,FUN_013c30,derived,
0x013CF0,0x013D08,FUN_013cf0,derived,
0x013D08,0x013D8E,FUN_013d08,derived,
0x013D8E,0x013DF0,FUN_013d8e,derived,
0x013DF0,0x013E1C,FUN_013df0,derived,
0x013E1C,0x013E84,FUN_013e1c,derived,
0x013E84,0x013F4C,FUN_013e84,derived,
0x013F4C,0x013FE0,FUN_013f4c,derived,
0x013FE0,0x014016,FUN_013fe0,derived,
0x014016,0x014026,FUN_014016,derived,
0x014026,0x014028,FUN_014026,derived,
0x014028,0x014038,FUN_014028,derived,
0x014038,0x014050,FUN_014038,derived,
0x014050,0x014054,FUN_014050,derived,
0x014054,0x0140C8,FUN_014054,derived,
0x0140C8,0x0140FA,FUN_0140c8,derived,
0x0140FA,0x01412C,FUN_0140fa,derived,
0x01412C,0x014146,FUN_01412c,derived,
0x014146,0x014156,FUN_014146,derived,
0x014156,0x014158,FUN_014156,derived,
0x014158,0x014168,FUN_014158,derived,
0x014168,0x01416A,FUN_014168,derived,
0x01416A,0x014184,FUN_01416a,derived,
0x014184,0x0141E8,FUN_014184,derived,
0x0141E8,0x014268,engineControlCalculateTiming,ghidra-hand-xmap,
0x014268,0x014386,FUN_014268,derived,
0x014386,0x01438A,FUN_014386,derived,
0x01438A,0x0143A6,FUN_01438a,derived,
0x0143A6,0x0143BE,FUN_0143a6,derived,
0x0143BE,0x0144B8,FUN_0143be,derived,
0x0144B8,0x0144C2,FUN_0144b8,derived,
0x0144C2,0x01450C,FUN_0144c2,derived,
0x01450C,0x01454E,FUN_01450c,derived,
0x01454E,0x014572,FUN_01454e,derived,
0x014572,0x0145A8,FUN_014572,derived,
0x0145A8,0x0145C6,FUN_0145a8,derived,
0x0145C6,0x0145F0,FUN_0145c6,derived,
0x0145F0,0x014600,FUN_0145f0,derived,
0x014600,0x014606,FUN_014600,derived,
0x014606,0x01460C,FUN_014606,derived,
0x01460C,0x0146A0,FUN_01460c,derived,
0x0146A0,0x0146B2,FUN_0146a0,derived,
0x0146B2,0x0146C0,FUN_0146b2,derived,
0x0146C0,0x0146D6,FUN_0146c0,derived,
0x0146D6,0x0146DE,FUN_0146d6,derived,
0x0146DE,0x0146F6,FUN_0146de,derived,
0x0146F6,0x014758,FUN_0146f6,derived,
0x014758,0x014768,engineCrankingConditionsInit??,ghidra-hand-xmap,
0x014768,0x01476C,FUN_014768,derived,
0x01476C,0x0147C0,FUN_01476c,derived,
0x0147C0,0x0147E4,FUN_0147c0,derived,
0x0147E4,0x0147F0,FUN_0147e4,derived,
0x0147F0,0x014810,FUN_0147f0,derived,
0x014810,0x014890,FUN_014810,derived,
0x014890,0x014894,FUN_014890,derived,
0x014894,0x0148A6,FUN_014894,derived,
0x0148A6,0x0148B6,FUN_0148a6,derived,
0x0148B6,0x014904,FUN_0148b6,derived,
0x014904,0x014AF6,FUN_014904,derived,
0x014AF6,0x014BEA,FUN_014af6,derived,
0x014BEA,0x014BFE,FUN_014bea,derived,
0x014BFE,0x014C5C,FUN_014bfe,derived,
0x014C5C,0x014C8E,FUN_014c5c,derived,
0x014C8E,0x014EB8,FUN_014c8e,derived,
0x014EB8,0x014FB8,FUN_014eb8,derived,
0x014FB8,0x015272,FUN_014fb8,derived,
0x015272,0x015324,FUN_015272,derived,
0x015324,0x015396,FUN_015324,derived,
0x015396,0x0153A8,FUN_015396,derived,
0x0153A8,0x01547C,FUN_0153a8,derived,
0x01547C,0x015482,FUN_01547c,derived,
0x015482,0x015490,FUN_015482,derived,
0x015490,0x0154A6,FUN_015490,derived,
0x0154A6,0x01551E,FUN_0154a6,derived,
0x01551E,0x015670,FUN_01551e,derived,
0x015670,0x0156D6,FUN_015670,derived,
0x0156D6,0x015764,FUN_0156d6,derived,
0x015764,0x015876,FUN_015764,derived,
0x015876,0x015880,FUN_015876,derived,
0x015880,0x01598C,FUN_015880,derived,
0x01598C,0x01599A,FUN_01598c,derived,
0x01599A,0x0159D2,FUN_01599a,derived,
0x0159D2,0x0159DC,FUN_0159d2,derived,
0x0159DC,0x0159E6,FUN_0159dc,derived,
0x0159E6,0x015BB2,FUN_0159e6,derived,
0x015BB2,0x015BBC,FUN_015bb2,derived,
0x015BBC,0x015C70,FUN_015bbc,derived,
0x015C70,0x015CA8,FUN_015c70,derived,
0x015CA8,0x015DD0,FUN_015ca8,derived,
0x015DD0,0x015E5E,FUN_015dd0,derived,
0x015E5E,0x015EA8,FUN_015e5e,derived,
0x015EA8,0x015EC0,FUN_015ea8,derived,
0x015EC0,0x015EDA,FUN_015ec0,derived,
0x015EDA,0x015EEC,FUN_015eda,derived,
0x015EEC,0x015F48,FUN_015eec,derived,
0x015F48,0x015FA2,FUN_015f48,derived,
0x015FA2,0x0160B0,FUN_015fa2,derived,
0x0160B0,0x0160CA,FUN_0160b0,derived,
0x0160CA,0x0160DC,FUN_0160ca,derived,
0x0160DC,0x0160E2,FUN_0160dc,derived,
0x0160E2,0x0162A4,FUN_0160e2,derived,
0x0162A4,0x0162CC,FUN_0162a4,derived,
0x0162CC,0x016374,FUN_0162cc,derived,
0x016374,0x01637E,FUN_016374,derived,
0x01637E,0x0163B2,FUN_01637e,derived,
0x0163B2,0x01645E,FUN_0163b2,derived,
0x01645E,0x01647E,FUN_01645e,derived,
0x01647E,0x0164FA,FUN_01647e,derived,
0x0164FA,0x016522,FUN_0164fa,derived,
0x016522,0x0165B2,FUN_016522,derived,
0x0165B2,0x0165BE,FUN_0165b2,derived,
0x0165BE,0x01661E,FUN_0165be,derived,
0x01661E,0x016636,FUN_01661e,derived,
0x016636,0x01666C,FUN_016636,derived,
0x01666C,0x01668C,FUN_01666c,derived,
0x01668C,0x016694,FUN_01668c,derived,
0x016694,0x0166F8,FUN_016694,derived,
0x0166F8,0x016704,FUN_0166f8,derived,
0x016704,0x01670C,FUN_016704,derived,
0x01670C,0x0167BA,FUN_01670c,derived,
0x0167BA,0x0167C0,FUN_0167ba,derived,
0x0167C0,0x0167DA,FUN_0167c0,derived,
0x0167DA,0x01684A,FUN_0167da,derived,
0x01684A,0x01684C,FUN_01684a,derived,
0x01684C,0x016920,FUN_01684c,derived,
0x016920,0x016968,ImmoRelatedFaultSomething?,ghidra-hand-xmap,
0x016968,0x0169E8,FUN_016968,derived,
0x0169E8,0x0169F2,FUN_0169e8,derived,
0x0169F2,0x016A3A,FUN_0169f2,derived,
0x016A3A,0x016A64,FUN_016a3a,derived,
0x016A64,0x016A6C,FUN_016a64,derived,
0x016A6C,0x016A76,FUN_016a6c,derived,
0x016A76,0x016A7E,FUN_016a76,derived,
0x016A7E,0x016A9C,FUN_016a7e,derived,
0x016A9C,0x016ACE,FUN_016a9c,derived,
0x016ACE,0x016B00,FUN_016ace,derived,
0x016B00,0x016B32,FUN_016b00,derived,
0x016B32,0x016B66,FUN_016b32,derived,
0x016B66,0x016B70,FUN_016b66,derived,
0x016B70,0x016BA2,FUN_016b70,derived,
0x016BA2,0x016BB4,FUN_016ba2,derived,
0x016BB4,0x016BD4,FUN_016bb4,derived,
0x016BD4,0x016C10,FUN_016bd4,derived,
0x016C10,0x016C78,FUN_016c10,derived,
0x016C78,0x016CDE,FUN_016c78,derived,
0x016CDE,0x016CE4,FUN_016cde,derived,
0x016CE4,0x016CF0,FUN_016ce4,derived,
0x016CF0,0x016E9C,FUN_016cf0,derived,
0x016E9C,0x016F08,FUN_016e9c,derived,
0x016F08,0x016F8E,FUN_016f08,derived,
0x016F8E,0x01700E,FUN_016f8e,derived,
0x01700E,0x017174,FUN_01700e,derived,
0x017174,0x0171A0,FUN_017174,derived,
0x0171A0,0x017206,FUN_0171a0,derived,
0x017206,0x017364,FUN_017206,derived,
0x017364,0x01740A,FUN_017364,derived,
0x01740A,0x017422,FUN_01740a,derived,
0x017422,0x017434,FUN_017422,derived,
0x017434,0x01743C,FUN_017434,derived,
0x01743C,0x01743E,FUN_01743c,derived,
0x01743E,0x0175B6,FUN_01743e,derived,
0x0175B6,0x0176CC,FUN_0175b6,derived,
0x0176CC,0x017788,FUN_0176cc,derived,
0x017788,0x0178D6,FUN_017788,derived,
0x0178D6,0x017A30,FUN_0178d6,derived,
0x017A30,0x017A84,FUN_017a30,derived,
0x017A84,0x017AC2,FUN_017a84,derived,
0x017AC2,0x017B6C,FUN_017ac2,derived,
0x017B6C,0x017B80,FUN_017b6c,derived,
0x017B80,0x017BE0,FUN_017b80,derived,
0x017BE0,0x017BF8,FUN_017be0,derived,
0x017BF8,0x017C16,FUN_017bf8,derived,
0x017C16,0x017C2E,FUN_017c16,derived,
0x017C2E,0x017C42,FUN_017c2e,derived,
0x017C42,0x017CB8,FUN_017c42,derived,
0x017CB8,0x017DA0,FUN_017cb8,derived,
0x017DA0,0x017DA2,FUN_017da0,derived,
0x017DA2,0x017E78,FUN_017da2,derived,
0x017E78,0x017E86,FUN_017e78,derived,
0x017E86,0x017EA4,FUN_017e86,derived,
0x017EA4,0x017EC2,FUN_017ea4,derived,
0x017EC2,0x017FE8,omp_control_task_1825E,ghidra-hand-xmap,
0x017FE8,0x018006,FUN_017fe8,derived,
0x018006,0x0181B6,FUN_018006,derived,
0x0181B6,0x01834A,FUN_0181b6,derived,
0x01834A,0x0183AE,FUN_01834a,derived,
0x0183AE,0x0184C4,FUN_0183ae,derived,
0x0184C4,0x0185AE,FUN_0184c4,derived,
0x0185AE,0x0185B8,FUN_0185ae,derived,
0x0185B8,0x0185CC,FUN_0185b8,derived,
0x0185CC,0x0185F0,FUN_0185cc,derived,
0x0185F0,0x018652,FUN_0185f0,derived,
0x018652,0x018762,FUN_018652,derived,
0x018762,0x018816,FUN_018762,derived,
0x018816,0x01884C,FUN_018816,derived,
0x01884C,0x01886C,FUN_01884c,derived,
0x01886C,0x0188C0,FUN_01886c,derived,
0x0188C0,0x0188D0,FUN_0188c0,derived,
0x0188D0,0x018924,FUN_0188d0,derived,
0x018924,0x01896C,FUN_018924,derived,
0x01896C,0x01897A,FUN_01896c,derived,
0x01897A,0x018988,FUN_01897a,derived,
0x018988,0x018992,FUN_018988,derived,
0x018992,0x01899C,FUN_018992,derived,
0x01899C,0x0189C2,FUN_01899c,derived,
0x0189C2,0x0189E6,FUN_0189c2,derived,
0x0189E6,0x0189F2,FUN_0189e6,derived,
0x0189F2,0x0189F8,FUN_0189f2,derived,
0x0189F8,0x018A54,FUN_0189f8,derived,
0x018A54,0x018AB4,FUN_018a54,derived,
0x018AB4,0x018AE8,FUN_018ab4,derived,
0x018AE8,0x018B0C,FUN_018ae8,derived,
0x018B0C,0x018B30,FUN_018b0c,derived,
0x018B30,0x018BFC,FUN_018b30,derived,
0x018BFC,0x018C64,FUN_018bfc,derived,
0x018C64,0x018D0A,FUN_018c64,derived,
0x018D0A,0x018DA0,FUN_018d0a,derived,
0x018DA0,0x018DF4,FUN_018da0,derived,
0x018DF4,0x018E84,FUN_018df4,derived,
0x018E84,0x018E94,dscRelatedTiming?,ghidra-hand-xmap,
0x018E94,0x018FA2,FUN_018e94,derived,
0x018FA2,0x019084,FUN_018fa2,derived,
0x019084,0x0190B4,FUN_019084,derived,
0x0190B4,0x0190E4,FUN_0190b4,derived,
0x0190E4,0x01941C,FUN_0190e4,derived,
0x01941C,0x0194FC,FUN_01941c,derived,
0x0194FC,0x019520,getSecondaryAirPumpRequest,ghidra-hand-xmap,
0x019520,0x0195E8,FUN_019520,derived,
0x0195E8,0x01973C,getConditonalsFuelCutRelated?,ghidra-hand-xmap,
0x01973C,0x019770,FUN_01973c,derived,
0x019770,0x01982E,FUN_019770,derived,
0x01982E,0x0198A0,FUN_01982e,derived,
0x0198A0,0x0198D2,FUN_0198a0,derived,
0x0198D2,0x019902,FUN_0198d2,derived,
0x019902,0x01994A,FUN_019902,derived,
0x01994A,0x019962,FUN_01994a,derived,
0x019962,0x01997E,FUN_019962,derived,
0x01997E,0x0199A2,FUN_01997e,derived,
0x0199A2,0x0199F2,FUN_0199a2,derived,
0x0199F2,0x019A20,FUN_0199f2,derived,
0x019A20,0x019A42,FUN_019a20,derived,
0x019A42,0x019A66,FUN_019a42,derived,
0x019A66,0x019AE6,FUN_019a66,derived,
0x019AE6,0x019AFC,FUN_019ae6,derived,
0x019AFC,0x019B6C,FUN_019afc,derived,
0x019B6C,0x019B7E,FUN_019b6c,derived,
0x019B7E,0x019B94,FUN_019b7e,derived,
0x019B94,0x019B9E,FUN_019b94,derived,
0x019B9E,0x019BA6,FUN_019b9e,derived,
0x019BA6,0x019BB2,FUN_019ba6,derived,
0x019BB2,0x019BBE,FUN_019bb2,derived,
0x019BBE,0x019BC8,FUN_019bbe,derived,
0x019BC8,0x019BFA,FUN_019bc8,derived,
0x019BFA,0x019C24,decrementTempForCatModel??,ghidra-hand-xmap,
0x019C24,0x019C88,FUN_019c24,derived,
0x019C88,0x019CA4,FUN_019c88,derived,
0x019CA4,0x019CCA,FUN_019ca4,derived,
0x019CCA,0x019CE8,FUN_019cca,derived,
0x019CE8,0x019D02,FUN_019ce8,derived,
0x019D02,0x019D0E,FUN_019d02,derived,
0x019D0E,0x019D2C,FUN_019d0e,derived,
0x019D2C,0x019DAA,FUN_019d2c,derived,
0x019DAA,0x019DF2,FUN_019daa,derived,
0x019DF2,0x019E42,FUN_019df2,derived,
0x019E42,0x019E7A,FUN_019e42,derived,
0x019E7A,0x019ED2,FUN_019e7a,derived,
0x019ED2,0x019F56,FUN_019ed2,derived,
0x019F56,0x019FA2,FUN_019f56,derived,
0x019FA2,0x019FD6,FUN_019fa2,derived,
0x019FD6,0x019FDA,FUN_019fd6,derived,
0x019FDA,0x01A022,FUN_019fda,derived,
0x01A022,0x01A07E,FUN_01a022,derived,
0x01A07E,0x01A106,FUN_01a07e,derived,
0x01A106,0x01A108,FUN_01a106,derived,
0x01A108,0x01A14E,FUN_01a108,derived,
0x01A14E,0x01A182,FUN_01a14e,derived,
0x01A182,0x01A1D0,FUN_01a182,derived,
0x01A1D0,0x01A2B6,FUN_01a1d0,derived,
0x01A2B6,0x01A342,FUN_01a2b6,derived,
0x01A342,0x01A3C6,FUN_01a342,derived,
0x01A3C6,0x01A3DC,FUN_01a3c6,derived,
0x01A3DC,0x01A3E6,FUN_01a3dc,derived,
0x01A3E6,0x01A40E,FUN_01a3e6,derived,
0x01A40E,0x01A430,FUN_01a40e,derived,
0x01A430,0x01A458,calculateKeyOnTime,ghidra-hand-xmap,
0x01A458,0x01A488,calculateKeyOffTime,ghidra-hand-xmap,
0x01A488,0x01A496,FUN_01a488,derived,
0x01A496,0x01A4A4,FUN_01a496,derived,
0x01A4A4,0x01A4C2,FUN_01a4a4,derived,
0x01A4C2,0x01A4FA,FUN_01a4c2,derived,
0x01A4FA,0x01A5C0,FUN_01a4fa,derived,
0x01A5C0,0x01A5FA,FUN_01a5c0,derived,
0x01A5FA,0x01A604,FUN_01a5fa,derived,
0x01A604,0x01A61A,FUN_01a604,derived,
0x01A61A,0x01A62E,FUN_01a61a,derived,
0x01A62E,0x01A67C,engineControlGetAir,ghidra-hand-xmap,
0x01A67C,0x01A776,FUN_01a67c,derived,
0x01A776,0x01A7D4,FUN_01a776,derived,
0x01A7D4,0x01A81E,FUN_01a7d4,derived,
0x01A81E,0x01A858,FUN_01a81e,derived,
0x01A858,0x01A866,FUN_01a858,derived,
0x01A866,0x01A870,FUN_01a866,derived,
0x01A870,0x01A912,FUN_01a870,derived,
0x01A912,0x01A942,FUN_01a912,derived,
0x01A942,0x01AA16,FUN_01a942,derived,
0x01AA16,0x01AA88,FUN_01aa16,derived,
0x01AA88,0x01AA96,FUN_01aa88,derived,
0x01AA96,0x01AAEA,FUN_01aa96,derived,
0x01AAEA,0x01AB36,FUN_01aaea,derived,
0x01AB36,0x01AB66,FUN_01ab36,derived,
0x01AB66,0x01ABCC,FUN_01ab66,derived,
0x01ABCC,0x01ABE4,FUN_01abcc,derived,
0x01ABE4,0x01ABF6,FUN_01abe4,derived,
0x01ABF6,0x01ABFE,FUN_01abf6,derived,
0x01ABFE,0x01AC14,FUN_01abfe,derived,
0x01AC14,0x01AC52,FUN_01ac14,derived,
0x01AC52,0x01AC56,FUN_01ac52,derived,
0x01AC56,0x01AC76,FUN_01ac56,derived,
0x01AC76,0x01AC7E,FUN_01ac76,derived,
0x01AC7E,0x01ACEA,FUN_01ac7e,derived,
0x01ACEA,0x01AD3A,FUN_01acea,derived,
0x01AD3A,0x01AD46,FUN_01ad3a,derived,
0x01AD46,0x01AD9A,FUN_01ad46,derived,
0x01AD9A,0x01ADA0,FUN_01ad9a,derived,
0x01ADA0,0x01ADC8,FUN_01ada0,derived,
0x01ADC8,0x01ADE8,FUN_01adc8,derived,
0x01ADE8,0x01ADF6,FUN_01ade8,derived,
0x01ADF6,0x01AE82,FUN_01adf6,derived,
0x01AE82,0x01AECA,FUN_01ae82,derived,
0x01AECA,0x01AED4,FUN_01aeca,derived,
0x01AED4,0x01AF2E,FUN_01aed4,derived,
0x01AF2E,0x01AF42,FUN_01af2e,derived,
0x01AF42,0x01AFD2,FUN_01af42,derived,
0x01AFD2,0x01B044,FUN_01afd2,derived,
0x01B044,0x01B04E,FUN_01b044,derived,
0x01B04E,0x01B058,FUN_01b04e,derived,
0x01B058,0x01B100,FUN_01b058,derived,
0x01B100,0x01B114,FUN_01b100,derived,
0x01B114,0x01B12E,FUN_01b114,derived,
0x01B12E,0x01B15C,FUN_01b12e,derived,
0x01B15C,0x01B1D0,FUN_01b15c,derived,
0x01B1D0,0x01B1F8,FUN_01b1d0,derived,
0x01B1F8,0x01B20C,FUN_01b1f8,derived,
0x01B20C,0x01B278,FUN_01b20c,derived,
0x01B278,0x01B27E,FUN_01b278,derived,
0x01B27E,0x01B2B8,FUN_01b27e,derived,
0x01B2B8,0x01B3AC,FUN_01b2b8,derived,
0x01B3AC,0x01B54E,FUN_01b3ac,derived,
0x01B54E,0x01B690,FUN_01b54e,derived,
0x01B690,0x01B6FA,FUN_01b690,derived,
0x01B6FA,0x01B7F8,FUN_01b6fa,derived,
0x01B7F8,0x01B934,FUN_01b7f8,derived,
0x01B934,0x01B94C,FUN_01b934,derived,
0x01B94C,0x01B984,FUN_01b94c,derived,
0x01B984,0x01B9B0,FUN_01b984,derived,
0x01B9B0,0x01B9CE,FUN_01b9b0,derived,
0x01B9CE,0x01BA38,FUN_01b9ce,derived,
0x01BA38,0x01BA54,FUN_01ba38,derived,
0x01BA54,0x01BA6C,FUN_01ba54,derived,
0x01BA6C,0x01BA7E,FUN_01ba6c,derived,
0x01BA7E,0x01BB5A,FUN_01ba7e,derived,
0x01BB5A,0x01BBA8,FUN_01bb5a,derived,
0x01BBA8,0x01BC28,FUN_01bba8,derived,
0x01BC28,0x01BC36,FUN_01bc28,derived,
0x01BC36,0x01BC86,FUN_01bc36,derived,
0x01BC86,0x01BD44,FUN_01bc86,derived,
0x01BD44,0x01BD5E,FUN_01bd44,derived,
0x01BD5E,0x01BFEA,FUN_01bd5e,derived,
0x01BFEA,0x01BFEC,FUN_01bfea,derived,
0x01BFEC,0x01C2B6,FUN_01bfec,derived,
0x01C2B6,0x01C2F4,FUN_01c2b6,derived,
0x01C2F4,0x01C538,FUN_01c2f4,derived,
0x01C538,0x01C618,FUN_01c538,derived,
0x01C618,0x01C68A,FUN_01c618,derived,
0x01C68A,0x01C6A0,FUN_01c68a,derived,
0x01C6A0,0x01C702,FUN_01c6a0,derived,
0x01C702,0x01C7E8,FUN_01c702,derived,
0x01C7E8,0x01C7F2,FUN_01c7e8,derived,
0x01C7F2,0x01C874,FUN_01c7f2,derived,
0x01C874,0x01C8A6,FUN_01c874,derived,
0x01C8A6,0x01C90C,FUN_01c8a6,derived,
0x01C90C,0x01C916,FUN_01c90c,derived,
0x01C916,0x01C928,FUN_01c916,derived,
0x01C928,0x01C93C,FUN_01c928,derived,
0x01C93C,0x01C98C,FUN_01c93c,derived,
0x01C98C,0x01C990,FUN_01c98c,derived,
0x01C990,0x01C996,FUN_01c990,derived,
0x01C996,0x01C9A4,FUN_01c996,derived,
0x01C9A4,0x01C9F8,FUN_01c9a4,derived,
0x01C9F8,0x01CA18,FUN_01c9f8,derived,
0x01CA18,0x01CA22,FUN_01ca18,derived,
0x01CA22,0x01CA2A,FUN_01ca22,derived,
0x01CA2A,0x01CA42,FUN_01ca2a,derived,
0x01CA42,0x01CA4C,FUN_01ca42,derived,
0x01CA4C,0x01CA66,FUN_01ca4c,derived,
0x01CA66,0x01CA90,FUN_01ca66,derived,
0x01CA90,0x01CB8C,FUN_01ca90,derived,
0x01CB8C,0x01CBAE,FUN_01cb8c,derived,
0x01CBAE,0x01CBB8,FUN_01cbae,derived,
0x01CBB8,0x01CC84,FUN_01cbb8,derived,
0x01CC84,0x01CCA0,FUN_01cc84,derived,
0x01CCA0,0x01CCCC,FUN_01cca0,derived,
0x01CCCC,0x01CCE0,FUN_01cccc,derived,
0x01CCE0,0x01CCE4,FUN_01cce0,derived,
0x01CCE4,0x01CD0A,FUN_01cce4,derived,
0x01CD0A,0x01CD28,FUN_01cd0a,derived,
0x01CD28,0x01CD34,FUN_01cd28,derived,
0x01CD34,0x01CD3A,FUN_01cd34,derived,
0x01CD3A,0x01CDB6,FUN_01cd3a,derived,
0x01CDB6,0x01CE2C,FUN_01cdb6,derived,
0x01CE2C,0x01CE40,FUN_01ce2c,derived,
0x01CE40,0x01CE72,FUN_01ce40,derived,
0x01CE72,0x01CE98,FUN_01ce72,derived,
0x01CE98,0x01CEAC,FUN_01ce98,derived,
0x01CEAC,0x01CEBE,FUN_01ceac,derived,
0x01CEBE,0x01CF14,FUN_01cebe,derived,
0x01CF14,0x01CF1A,FUN_01cf14,derived,
0x01CF1A,0x01CF1C,FUN_01cf1a,derived,
0x01CF1C,0x01CF20,FUN_01cf1c,derived,
0x01CF20,0x01CF56,FUN_01cf20,derived,
0x01CF56,0x01CF5C,FUN_01cf56,derived,
0x01CF5C,0x01CF7C,FUN_01cf5c,derived,
0x01CF7C,0x01CF92,FUN_01cf7c,derived,
0x01CF92,0x01D06A,FUN_01cf92,derived,
0x01D06A,0x01D08A,FUN_01d06a,derived,
0x01D08A,0x01D094,FUN_01d08a,derived,
0x01D094,0x01D098,FUN_01d094,derived,
0x01D098,0x01D09E,FUN_01d098,derived,
0x01D09E,0x01D0A4,FUN_01d09e,derived,
0x01D0A4,0x01D0AE,FUN_01d0a4,derived,
0x01D0AE,0x01D14A,FUN_01d0ae,derived,
0x01D14A,0x01D158,FUN_01d14a,derived,
0x01D158,0x01D162,FUN_01d158,derived,
0x01D162,0x01D166,FUN_01d162,derived,
0x01D166,0x01D170,FUN_01d166,derived,
0x01D170,0x01D1E8,FUN_01d170,derived,
0x01D1E8,0x01D276,FUN_01d1e8,derived,
0x01D276,0x01D280,FUN_01d276,derived,
0x01D280,0x01D286,FUN_01d280,derived,
0x01D286,0x01D30E,FUN_01d286,derived,
0x01D30E,0x01D34E,FUN_01d30e,derived,
0x01D34E,0x01D366,FUN_01d34e,derived,
0x01D366,0x01D38E,FUN_01d366,derived,
0x01D38E,0x01D3A2,FUN_01d38e,derived,
0x01D3A2,0x01D3CA,FUN_01d3a2,derived,
0x01D3CA,0x01D3D6,FUN_01d3ca,derived,
0x01D3D6,0x01D3FA,FUN_01d3d6,derived,
0x01D3FA,0x01D428,FUN_01d3fa,derived,
0x01D428,0x01D61A,FUN_01d428,derived,
0x01D61A,0x01D69E,FUN_01d61a,derived,
0x01D69E,0x01D6AE,FUN_01d69e,derived,
0x01D6AE,0x01D6C6,FUN_01d6ae,derived,
0x01D6C6,0x01D77A,FUN_01d6c6,derived,
0x01D77A,0x01D77C,FUN_01d77a,derived,
0x01D77C,0x01D7DA,FUN_01d77c,derived,
0x01D7DA,0x01D7DC,FUN_01d7da,derived,
0x01D7DC,0x01D7E8,FUN_01d7dc,derived,
0x01D7E8,0x01D7F6,FUN_01d7e8,derived,
0x01D7F6,0x01D8DE,FUN_01d7f6,derived,
0x01D8DE,0x01D8EE,FUN_01d8de,derived,
0x01D8EE,0x01D906,FUN_01d8ee,derived,
0x01D906,0x01D92A,FUN_01d906,derived,
0x01D92A,0x01D92C,FUN_01d92a,derived,
0x01D92C,0x01D932,FUN_01d92c,derived,
0x01D932,0x01D936,FUN_01d932,derived,
0x01D936,0x01D942,FUN_01d936,derived,
0x01D942,0x01D94E,FUN_01d942,derived,
0x01D94E,0x01DA14,FUN_01d94e,derived,
0x01DA14,0x01DA18,FUN_01da14,derived,
0x01DA18,0x01DA1E,FUN_01da18,derived,
0x01DA1E,0x01DA56,FUN_01da1e,derived,
0x01DA56,0x01DABA,FUN_01da56,derived,
0x01DABA,0x01DAC2,FUN_01daba,derived,
0x01DAC2,0x01DAE6,FUN_01dac2,derived,
0x01DAE6,0x01DAEA,FUN_01dae6,derived,
0x01DAEA,0x01DB0A,FUN_01daea,derived,
0x01DB0A,0x01DB7E,FUN_01db0a,derived,
0x01DB7E,0x01DBAA,FUN_01db7e,derived,
0x01DBAA,0x01DBF2,FUN_01dbaa,derived,
0x01DBF2,0x01DC2C,FUN_01dbf2,derived,
0x01DC2C,0x01DC5A,FUN_01dc2c,derived,
0x01DC5A,0x01DCA0,FUN_01dc5a,derived,
0x01DCA0,0x01DCC2,FUN_01dca0,derived,
0x01DCC2,0x01DD6A,FUN_01dcc2,derived,
0x01DD6A,0x01DD72,FUN_01dd6a,derived,
0x01DD72,0x01DD78,FUN_01dd72,derived,
0x01DD78,0x01DD82,FUN_01dd78,derived,
0x01DD82,0x01DDA0,FUN_01dd82,derived,
0x01DDA0,0x01DDAE,FUN_01dda0,derived,
0x01DDAE,0x01DDF6,FUN_01ddae,derived,
0x01DDF6,0x01DE06,FUN_01ddf6,derived,
0x01DE06,0x01DE22,FUN_01de06,derived,
0x01DE22,0x01DE30,FUN_01de22,derived,
0x01DE30,0x01DE86,FUN_01de30,derived,
0x01DE86,0x01DEAE,FUN_01de86,derived,
0x01DEAE,0x01DEB6,FUN_01deae,derived,
0x01DEB6,0x01DEBA,FUN_01deb6,derived,
0x01DEBA,0x01DEBE,FUN_01deba,derived,
0x01DEBE,0x01DED0,FUN_01debe,derived,
0x01DED0,0x01DEDA,FUN_01ded0,derived,
0x01DEDA,0x01DEFA,FUN_01deda,derived,
0x01DEFA,0x01DF42,FUN_01defa,derived,
0x01DF42,0x01DF5E,FUN_01df42,derived,
0x01DF5E,0x01DF68,FUN_01df5e,derived,
0x01DF68,0x01DF82,FUN_01df68,derived,
0x01DF82,0x01DFD6,FUN_01df82,derived,
0x01DFD6,0x01DFEA,FUN_01dfd6,derived,
0x01DFEA,0x01E00E,FUN_01dfea,derived,
0x01E00E,0x01E04E,FUN_01e00e,derived,
0x01E04E,0x01E074,FUN_01e04e,derived,
0x01E074,0x01E0B6,FUN_01e074,derived,
0x01E0B6,0x01E0BC,FUN_01e0b6,derived,
0x01E0BC,0x01E0C8,FUN_01e0bc,derived,
0x01E0C8,0x01E142,FUN_01e0c8,derived,
0x01E142,0x01E156,FUN_01e142,derived,
0x01E156,0x01E16A,FUN_01e156,derived,
0x01E16A,0x01E1BA,FUN_01e16a,derived,
0x01E1BA,0x01E1CC,FUN_01e1ba,derived,
0x01E1CC,0x01E1E4,FUN_01e1cc,derived,
0x01E1E4,0x01E25C,FUN_01e1e4,derived,
0x01E25C,0x01E2B2,FUN_01e25c,derived,
0x01E2B2,0x01E2CC,FUN_01e2b2,derived,
0x01E2CC,0x01E2CE,FUN_01e2cc,derived,
0x01E2CE,0x01E31A,FUN_01e2ce,derived,
0x01E31A,0x01E3F8,FUN_01e31a,derived,
0x01E3F8,0x01E404,getRearO2FilteredValue,ghidra-hand-xmap,
0x01E404,0x01E484,FUN_01e404,derived,
0x01E484,0x01E49C,FUN_01e484,derived,
0x01E49C,0x01E4B0,FUN_01e49c,derived,
0x01E4B0,0x01E508,FUN_01e4b0,derived,
0x01E508,0x01E520,FUN_01e508,derived,
0x01E520,0x01E5AA,FUN_01e520,derived,
0x01E5AA,0x01E5BA,FUN_01e5aa,derived,
0x01E5BA,0x01E5BE,FUN_01e5ba,derived,
0x01E5BE,0x01E5F6,FUN_01e5be,derived,
0x01E5F6,0x01E602,FUN_01e5f6,derived,
0x01E602,0x01E62E,FUN_01e602,derived,
0x01E62E,0x01E63E,FUN_01e62e,derived,
0x01E63E,0x01E71E,FUN_01e63e,derived,
0x01E71E,0x01E720,FUN_01e71e,derived,
0x01E720,0x01E728,FUN_01e720,derived,
0x01E728,0x01E72C,FUN_01e728,derived,
0x01E72C,0x01E74A,FUN_01e72c,derived,
0x01E74A,0x01E782,FUN_01e74a,derived,
0x01E782,0x01E786,FUN_01e782,derived,
0x01E786,0x01E78A,FUN_01e786,derived,
0x01E78A,0x01E792,FUN_01e78a,derived,
0x01E792,0x01E7C6,FUN_01e792,derived,
0x01E7C6,0x01E7E8,FUN_01e7c6,derived,
0x01E7E8,0x01E874,FUN_01e7e8,derived,
0x01E874,0x01E87A,FUN_01e874,derived,
0x01E87A,0x01E8AA,FUN_01e87a,derived,
0x01E8AA,0x01E8D6,FUN_01e8aa,derived,
0x01E8D6,0x01E8F6,FUN_01e8d6,derived,
0x01E8F6,0x01E8FE,FUN_01e8f6,derived,
0x01E8FE,0x01E9A4,FUN_01e8fe,derived,
0x01E9A4,0x01E9D2,FUN_01e9a4,derived,
0x01E9D2,0x01EA02,FUN_01e9d2,derived,
0x01EA02,0x01EA14,FUN_01ea02,derived,
0x01EA14,0x01EA1A,FUN_01ea14,derived,
0x01EA1A,0x01EA3A,FUN_01ea1a,derived,
0x01EA3A,0x01EA66,FUN_01ea3a,derived,
0x01EA66,0x01EA9E,FUN_01ea66,derived,
0x01EA9E,0x01EABC,FUN_01ea9e,derived,
0x01EABC,0x01EB0C,FUN_01eabc,derived,
0x01EB0C,0x01EB46,FUN_01eb0c,derived,
0x01EB46,0x01EB52,FUN_01eb46,derived,
0x01EB52,0x01EB6E,FUN_01eb52,derived,
0x01EB6E,0x01EB76,FUN_01eb6e,derived,
0x01EB76,0x01EB8A,FUN_01eb76,derived,
0x01EB8A,0x01EBA6,FUN_01eb8a,derived,
0x01EBA6,0x01EBAA,FUN_01eba6,derived,
0x01EBAA,0x01EC18,FUN_01ebaa,derived,
0x01EC18,0x01EC30,FUN_01ec18,derived,
0x01EC30,0x01EC42,FUN_01ec30,derived,
0x01EC42,0x01EC78,FUN_01ec42,derived,
0x01EC78,0x01ECDC,FUN_01ec78,derived,
0x01ECDC,0x01ED50,fuelTrimRelated?,ghidra-hand-xmap,
0x01ED50,0x01EE44,FUN_01ed50,derived,
0x01EE44,0x01EE48,FUN_01ee44,derived,
0x01EE48,0x01EE4C,FUN_01ee48,derived,
0x01EE4C,0x01EE50,FUN_01ee4c,derived,
0x01EE50,0x01EE54,FUN_01ee50,derived,
0x01EE54,0x01EE58,FUN_01ee54,derived,
0x01EE58,0x01EE5C,FUN_01ee58,derived,
0x01EE5C,0x01EEA0,FUN_01ee5c,derived,
0x01EEA0,0x01EF1C,FUN_01eea0,derived,
0x01EF1C,0x01EF2A,FUN_01ef1c,derived,
0x01EF2A,0x01EFF0,FUN_01ef2a,derived,
0x01EFF0,0x01F06E,FUN_01eff0,derived,
0x01F06E,0x01F07E,FUN_01f06e,derived,
0x01F07E,0x01F0BE,FUN_01f07e,derived,
0x01F0BE,0x01F0CA,FUN_01f0be,derived,
0x01F0CA,0x01F17E,FUN_01f0ca,derived,
0x01F17E,0x01F18E,FUN_01f17e,derived,
0x01F18E,0x01F1C2,FUN_01f18e,derived,
0x01F1C2,0x01F1CA,FUN_01f1c2,derived,
0x01F1CA,0x01F1D6,FUN_01f1ca,derived,
0x01F1D6,0x01F1FA,FUN_01f1d6,derived,
0x01F1FA,0x01F1FE,FUN_01f1fa,derived,
0x01F1FE,0x01F206,FUN_01f1fe,derived,
0x01F206,0x01F282,FUN_01f206,derived,
0x01F282,0x01F286,FUN_01f282,derived,
0x01F286,0x01F296,FUN_01f286,derived,
0x01F296,0x01F36C,FUN_01f296,derived,
0x01F36C,0x01F376,FUN_01f36c,derived,
0x01F376,0x01F37E,FUN_01f376,derived,
0x01F37E,0x01F38E,FUN_01f37e,derived,
0x01F38E,0x01F3C0,FUN_01f38e,derived,
0x01F3C0,0x01F3D6,FUN_01f3c0,derived,
0x01F3D6,0x01F3DE,FUN_01f3d6,derived,
0x01F3DE,0x01F3EA,FUN_01f3de,derived,
0x01F3EA,0x01F424,getMAFOpertionRange,ghidra-hand-xmap,
0x01F424,0x01F462,FUN_01f424,derived,
0x01F462,0x01F4A8,FUN_01f462,derived,
0x01F4A8,0x01F544,FUN_01f4a8,derived,
0x01F544,0x01F5DA,FUN_01f544,derived,
0x01F5DA,0x01F5F4,FUN_01f5da,derived,
0x01F5F4,0x01F5FE,FUN_01f5f4,derived,
0x01F5FE,0x01F642,FUN_01f5fe,derived,
0x01F642,0x01F666,FUN_01f642,derived,
0x01F666,0x01F688,FUN_01f666,derived,
0x01F688,0x01F6F2,FUN_01f688,derived,
0x01F6F2,0x01F702,FUN_01f6f2,derived,
0x01F702,0x01F70C,FUN_01f702,derived,
0x01F70C,0x01F730,FUN_01f70c,derived,
0x01F730,0x01F74E,FUN_01f730,derived,
0x01F74E,0x01F760,FUN_01f74e,derived,
0x01F760,0x01F766,FUN_01f760,derived,
0x01F766,0x01F76C,FUN_01f766,derived,
0x01F76C,0x01F776,FUN_01f76c,derived,
0x01F776,0x01F7DA,FUN_01f776,derived,
0x01F7DA,0x01F816,FUN_01f7da,derived,
0x01F816,0x01F896,FUN_01f816,derived,
0x01F896,0x01F8A6,FUN_01f896,derived,
0x01F8A6,0x01F8AC,FUN_01f8a6,derived,
0x01F8AC,0x01F8CA,FUN_01f8ac,derived,
0x01F8CA,0x01F902,FUN_01f8ca,derived,
0x01F902,0x01F906,FUN_01f902,derived,
0x01F906,0x01F910,FUN_01f906,derived,
0x01F910,0x01F91A,FUN_01f910,derived,
0x01F91A,0x01F958,FUN_01f91a,derived,
0x01F958,0x01F95E,FUN_01f958,derived,
0x01F95E,0x01F9AE,FUN_01f95e,derived,
0x01F9AE,0x01F9C8,FUN_01f9ae,derived,
0x01F9C8,0x01F9D8,FUN_01f9c8,derived,
0x01F9D8,0x01F9F2,setClosedLoopBool,ghidra-hand-xmap,
0x01F9F2,0x01FAE4,calcOpenLoopFuelingTarget,ghidra-hand-xmap,
0x01FAE4,0x01FB08,FUN_01fae4,derived,
0x01FB08,0x01FB1A,FUN_01fb08,derived,
0x01FB1A,0x01FB1E,FUN_01fb1a,derived,
0x01FB1E,0x01FB26,FUN_01fb1e,derived,
0x01FB26,0x01FB42,FUN_01fb26,derived,
0x01FB42,0x01FB92,FUN_01fb42,derived,
0x01FB92,0x01FBC4,FUN_01fb92,derived,
0x01FBC4,0x01FBCE,FUN_01fbc4,derived,
0x01FBCE,0x01FBEE,FUN_01fbce,derived,
0x01FBEE,0x01FC2E,FUN_01fbee,derived,
0x01FC2E,0x01FC4E,FUN_01fc2e,derived,
0x01FC4E,0x01FC52,FUN_01fc4e,derived,
0x01FC52,0x01FC5A,FUN_01fc52,derived,
0x01FC5A,0x01FC62,FUN_01fc5a,derived,
0x01FC62,0x01FC6C,FUN_01fc62,derived,
0x01FC6C,0x01FC8C,calcCLorOLControl,ghidra-hand-xmap,
0x01FC8C,0x01FCC8,FUN_01fc8c,derived,
0x01FCC8,0x01FCF0,FUN_01fcc8,derived,
0x01FCF0,0x01FDA0,FUN_01fcf0,derived,
0x01FDA0,0x01FDE0,FUN_01fda0,derived,
0x01FDE0,0x01FDEA,FUN_01fde0,derived,
0x01FDEA,0x01FDF0,FUN_01fdea,derived,
0x01FDF0,0x01FDF2,FUN_01fdf0,derived,
0x01FDF2,0x01FE08,FUN_01fdf2,derived,
0x01FE08,0x01FE4A,FUN_01fe08,derived,
0x01FE4A,0x01FE5A,FUN_01fe4a,derived,
0x01FE5A,0x01FE9A,FUN_01fe5a,derived,
0x01FE9A,0x01FEDE,FUN_01fe9a,derived,
0x01FEDE,0x01FEEA,FUN_01fede,derived,
0x01FEEA,0x01FF7E,FUN_01feea,derived,
0x01FF7E,0x01FF86,FUN_01ff7e,derived,
0x01FF86,0x01FF8E,FUN_01ff86,derived,
0x01FF8E,0x01FF92,FUN_01ff8e,derived,
0x01FF92,0x01FFCE,FUN_01ff92,derived,
0x01FFCE,0x01FFD2,FUN_01ffce,derived,
0x01FFD2,0x020000,FUN_01ffd2,derived,
0x020000,0x020016,FUN_020000,derived,
0x020016,0x02003E,FUN_020016,derived,
0x02003E,0x0200D4,FUN_02003e,derived,
0x0200D4,0x020122,FUN_0200d4,derived,
0x020122,0x02012E,FUN_020122,derived,
0x02012E,0x02013E,FUN_02012e,derived,
0x02013E,0x02014E,FUN_02013e,derived,
0x02014E,0x020162,FUN_02014e,derived,
0x020162,0x02023A,FUN_020162,derived,
0x02023A,0x020240,FUN_02023a,derived,
0x020240,0x020256,FUN_020240,derived,
0x020256,0x0202A2,FUN_020256,derived,
0x0202A2,0x0202C6,FUN_0202a2,derived,
0x0202C6,0x02032A,FUN_0202c6,derived,
0x02032A,0x020330,FUN_02032a,derived,
0x020330,0x020336,FUN_020330,derived,
0x020336,0x020340,FUN_020336,derived,
0x020340,0x020346,FUN_020340,derived,
0x020346,0x02034A,FUN_020346,derived,
0x02034A,0x02034C,FUN_02034a,derived,
0x02034C,0x020350,FUN_02034c,derived,
0x020350,0x02036E,FUN_020350,derived,
0x02036E,0x02037E,FUN_02036e,derived,
0x02037E,0x020386,FUN_02037e,derived,
0x020386,0x02039A,FUN_020386,derived,
0x02039A,0x0203AA,FUN_02039a,derived,
0x0203AA,0x0203D2,FUN_0203aa,derived,
0x0203D2,0x0203DE,FUN_0203d2,derived,
0x0203DE,0x020422,FUN_0203de,derived,
0x020422,0x020452,FUN_020422,derived,
0x020452,0x020462,FUN_020452,derived,
0x020462,0x02046A,FUN_020462,derived,
0x02046A,0x020470,FUN_02046a,derived,
0x020470,0x020476,FUN_020470,derived,
0x020476,0x02047E,FUN_020476,derived,
0x02047E,0x02049C,FUN_02047e,derived,
0x02049C,0x0204FE,FUN_02049c,derived,
0x0204FE,0x020536,FUN_0204fe,derived,
0x020536,0x020542,FUN_020536,derived,
0x020542,0x02054C,FUN_020542,derived,
0x02054C,0x020556,FUN_02054c,derived,
0x020556,0x02055A,FUN_020556,derived,
0x02055A,0x0205FE,FUN_02055a,derived,
0x0205FE,0x020602,FUN_0205fe,derived,
0x020602,0x020618,FUN_020602,derived,
0x020618,0x02062A,FUN_020618,derived,
0x02062A,0x02062E,FUN_02062a,derived,
0x02062E,0x020638,FUN_02062e,derived,
0x020638,0x020678,FUN_020638,derived,
0x020678,0x0206F4,FUN_020678,derived,
0x0206F4,0x0206FA,FUN_0206f4,derived,
0x0206FA,0x02070A,FUN_0206fa,derived,
0x02070A,0x020712,FUN_02070a,derived,
0x020712,0x02071E,FUN_020712,derived,
0x02071E,0x02072A,FUN_02071e,derived,
0x02072A,0x020794,FUN_02072a,derived,
0x020794,0x0207A4,FUN_020794,derived,
0x0207A4,0x0207AE,FUN_0207a4,derived,
0x0207AE,0x0207B0,FUN_0207ae,derived,
0x0207B0,0x0207C6,FUN_0207b0,derived,
0x0207C6,0x0208B6,FUN_0207c6,derived,
0x0208B6,0x0208BE,FUN_0208b6,derived,
0x0208BE,0x0208CE,FUN_0208be,derived,
0x0208CE,0x0208DE,FUN_0208ce,derived,
0x0208DE,0x0208F0,FUN_0208de,derived,
0x0208F0,0x02092E,fuelingStateStuff??,ghidra-hand-xmap,
0x02092E,0x020930,FUN_02092e,derived,
0x020930,0x02093C,FUN_020930,derived,
0x02093C,0x02093E,FUN_02093c,derived,
0x02093E,0x02094E,FUN_02093e,derived,
0x02094E,0x02095C,FUN_02094e,derived,
0x02095C,0x020966,FUN_02095c,derived,
0x020966,0x020968,FUN_020966,derived,
0x020968,0x020970,FUN_020968,derived,
0x020970,0x020972,FUN_020970,derived,
0x020972,0x02097A,FUN_020972,derived,
0x02097A,0x02097C,FUN_02097a,derived,
0x02097C,0x020986,FUN_02097c,derived,
0x020986,0x020A06,FUN_020986,derived,
0x020A06,0x020A08,FUN_020a06,derived,
0x020A08,0x020A3E,FUN_020a08,derived,
0x020A3E,0x020A5C,FUN_020a3e,derived,
0x020A5C,0x020AE0,FUN_020a5c,derived,
0x020AE0,0x020AF4,FUN_020ae0,derived,
0x020AF4,0x020AFA,FUN_020af4,derived,
0x020AFA,0x020B00,FUN_020afa,derived,
0x020B00,0x020B06,FUN_020b00,derived,
0x020B06,0x020B0C,FUN_020b06,derived,
0x020B0C,0x020B12,FUN_020b0c,derived,
0x020B12,0x020B1E,FUN_020b12,derived,
0x020B1E,0x020B2E,FUN_020b1e,derived,
0x020B2E,0x020B36,FUN_020b2e,derived,
0x020B36,0x020B3E,FUN_020b36,derived,
0x020B3E,0x020B48,FUN_020b3e,derived,
0x020B48,0x020B4C,FUN_020b48,derived,
0x020B4C,0x020B4E,FUN_020b4c,derived,
0x020B4E,0x020C1E,FUN_020b4e,derived,
0x020C1E,0x020C50,FUN_020c1e,derived,
0x020C50,0x020C64,FUN_020c50,derived,
0x020C64,0x020C6A,FUN_020c64,derived,
0x020C6A,0x020C6E,FUN_020c6a,derived,
0x020C6E,0x020C78,FUN_020c6e,derived,
0x020C78,0x020C90,FUN_020c78,derived,
0x020C90,0x020D22,FUN_020c90,derived,
0x020D22,0x020D30,FUN_020d22,derived,
0x020D30,0x020D50,FUN_020d30,derived,
0x020D50,0x020D58,FUN_020d50,derived,
0x020D58,0x020D5A,FUN_020d58,derived,
0x020D5A,0x020D60,FUN_020d5a,derived,
0x020D60,0x020DF4,FUN_020d60,derived,
0x020DF4,0x020E18,CLChangeoverEnrichment??,ghidra-hand-xmap,
0x020E18,0x020E1E,FUN_020e18,derived,
0x020E1E,0x020E24,FUN_020e1e,derived,
0x020E24,0x020E2A,FUN_020e24,derived,
0x020E2A,0x020E30,FUN_020e2a,derived,
0x020E30,0x020E36,FUN_020e30,derived,
0x020E36,0x020E40,FUN_020e36,derived,
0x020E40,0x020E5E,FUN_020e40,derived,
0x020E5E,0x020EDA,FUN_020e5e,derived,
0x020EDA,0x020F1A,FUN_020eda,derived,
0x020F1A,0x020F20,FUN_020f1a,derived,
0x020F20,0x020F46,FUN_020f20,derived,
0x020F46,0x020F4E,FUN_020f46,derived,
0x020F4E,0x020F62,FUN_020f4e,derived,
0x020F62,0x020F76,FUN_020f62,derived,
0x020F76,0x020F8A,FUN_020f76,derived,
0x020F8A,0x021006,FUN_020f8a,derived,
0x021006,0x021010,FUN_021006,derived,
0x021010,0x021018,FUN_021010,derived,
0x021018,0x02101A,FUN_021018,derived,
0x02101A,0x021026,FUN_02101a,derived,
0x021026,0x02102E,FUN_021026,derived,
0x02102E,0x021034,FUN_02102e,derived,
0x021034,0x02103C,FUN_021034,derived,
0x02103C,0x021046,FUN_02103c,derived,
0x021046,0x021048,FUN_021046,derived,
0x021048,0x0210C4,FUN_021048,derived,
0x0210C4,0x0210CA,FUN_0210c4,derived,
0x0210CA,0x0210F4,FUN_0210ca,derived,
0x0210F4,0x02112A,FUN_0210f4,derived,
0x02112A,0x02112C,FUN_02112a,derived,
0x02112C,0x021142,FUN_02112c,derived,
0x021142,0x02114E,FUN_021142,derived,
0x02114E,0x021176,FUN_02114e,derived,
0x021176,0x0211EC,FUN_021176,derived,
0x0211EC,0x0211FE,FUN_0211ec,derived,
0x0211FE,0x021370,FUN_0211fe,derived,
0x021370,0x02137E,FUN_021370,derived,
0x02137E,0x021384,FUN_02137e,derived,
0x021384,0x021386,FUN_021384,derived,
0x021386,0x021396,FUN_021386,derived,
0x021396,0x0213AE,FUN_021396,derived,
0x0213AE,0x0213D2,FUN_0213ae,derived,
0x0213D2,0x021442,FUN_0213d2,derived,
0x021442,0x02149E,FUN_021442,derived,
0x02149E,0x0214A2,FUN_02149e,derived,
0x0214A2,0x0214D2,FUN_0214a2,derived,
0x0214D2,0x0214E2,FUN_0214d2,derived,
0x0214E2,0x0214E6,FUN_0214e2,derived,
0x0214E6,0x0214EA,FUN_0214e6,derived,
0x0214EA,0x0214F0,FUN_0214ea,derived,
0x0214F0,0x0214F2,FUN_0214f0,derived,
0x0214F2,0x0214F6,FUN_0214f2,derived,
0x0214F6,0x021522,FUN_0214f6,derived,
0x021522,0x02153A,FUN_021522,derived,
0x02153A,0x021572,FUN_02153a,derived,
0x021572,0x0215D8,FUN_021572,derived,
0x0215D8,0x02161E,FUN_0215d8,derived,
0x02161E,0x021632,FUN_02161e,derived,
0x021632,0x021638,FUN_021632,derived,
0x021638,0x021642,FUN_021638,derived,
0x021642,0x021648,FUN_021642,derived,
0x021648,0x02164E,FUN_021648,derived,
0x02164E,0x021666,FUN_02164e,derived,
0x021666,0x02167C,FUN_021666,derived,
0x02167C,0x0216C2,FUN_02167c,derived,
0x0216C2,0x0216C8,FUN_0216c2,derived,
0x0216C8,0x0216F2,FUN_0216c8,derived,
0x0216F2,0x02170C,FUN_0216f2,derived,
0x02170C,0x02171A,FUN_02170c,derived,
0x02171A,0x02172A,FUN_02171a,derived,
0x02172A,0x021764,FUN_02172a,derived,
0x021764,0x0217A4,FUN_021764,derived,
0x0217A4,0x02181C,FUN_0217a4,derived,
0x02181C,0x021830,FUN_02181c,derived,
0x021830,0x021878,FUN_021830,derived,
0x021878,0x02187A,FUN_021878,derived,
0x02187A,0x021880,FUN_02187a,derived,
0x021880,0x021886,FUN_021880,derived,
0x021886,0x02188A,FUN_021886,derived,
0x02188A,0x021890,FUN_02188a,derived,
0x021890,0x021896,FUN_021890,derived,
0x021896,0x0218A0,FUN_021896,derived,
0x0218A0,0x0218A4,FUN_0218a0,derived,
0x0218A4,0x0218F4,FUN_0218a4,derived,
0x0218F4,0x021972,FUN_0218f4,derived,
0x021972,0x0219BE,FUN_021972,derived,
0x0219BE,0x0219FE,FUN_0219be,derived,
0x0219FE,0x021A0C,FUN_0219fe,derived,
0x021A0C,0x021A12,FUN_021a0c,derived,
0x021A12,0x021A18,FUN_021a12,derived,
0x021A18,0x021A22,FUN_021a18,derived,
0x021A22,0x021A36,FUN_021a22,derived,
0x021A36,0x021A4E,FUN_021a36,derived,
0x021A4E,0x021AC6,FUN_021a4e,derived,
0x021AC6,0x021B20,FUN_021ac6,derived,
0x021B20,0x021B3E,FUN_021b20,derived,
0x021B3E,0x021B4E,FUN_021b3e,derived,
0x021B4E,0x021B56,FUN_021b4e,derived,
0x021B56,0x021B5E,FUN_021b56,derived,
0x021B5E,0x021B64,FUN_021b5e,derived,
0x021B64,0x021B76,FUN_021b64,derived,
0x021B76,0x021B7C,FUN_021b76,derived,
0x021B7C,0x021B84,FUN_021b7c,derived,
0x021B84,0x021B9A,FUN_021b84,derived,
0x021B9A,0x021BA0,FUN_021b9a,derived,
0x021BA0,0x021BBA,FUN_021ba0,derived,
0x021BBA,0x021BBE,FUN_021bba,derived,
0x021BBE,0x021BC6,FUN_021bbe,derived,
0x021BC6,0x021BDC,FUN_021bc6,derived,
0x021BDC,0x021BE6,FUN_021bdc,derived,
0x021BE6,0x021C02,FUN_021be6,derived,
0x021C02,0x021C04,FUN_021c02,derived,
0x021C04,0x021C0A,FUN_021c04,derived,
0x021C0A,0x021C1E,FUN_021c0a,derived,
0x021C1E,0x021C3E,FUN_021c1e,derived,
0x021C3E,0x021CB0,FUN_021c3e,derived,
0x021CB0,0x021CBE,FUN_021cb0,derived,
0x021CBE,0x021CC4,FUN_021cbe,derived,
0x021CC4,0x021CC6,FUN_021cc4,derived,
0x021CC6,0x021CCA,FUN_021cc6,derived,
0x021CCA,0x021CF8,FUN_021cca,derived,
0x021CF8,0x021D06,FUN_021cf8,derived,
0x021D06,0x021D16,FUN_021d06,derived,
0x021D16,0x021D18,FUN_021d16,derived,
0x021D18,0x021D24,FUN_021d18,derived,
0x021D24,0x021D2A,FUN_021d24,derived,
0x021D2A,0x021D30,FUN_021d2a,derived,
0x021D30,0x021D38,FUN_021d30,derived,
0x021D38,0x021D3C,FUN_021d38,derived,
0x021D3C,0x021D6C,FUN_021d3c,derived,
0x021D6C,0x021DAC,FUN_021d6c,derived,
0x021DAC,0x021DAE,FUN_021dac,derived,
0x021DAE,0x021DC2,FUN_021dae,derived,
0x021DC2,0x021DC6,FUN_021dc2,derived,
0x021DC6,0x021DCA,FUN_021dc6,derived,
0x021DCA,0x021DD6,FUN_021dca,derived,
0x021DD6,0x021DDE,FUN_021dd6,derived,
0x021DDE,0x021E5E,FUN_021dde,derived,
0x021E5E,0x021E82,FUN_021e5e,derived,
0x021E82,0x021F10,FUN_021e82,derived,
0x021F10,0x021F28,FUN_021f10,derived,
0x021F28,0x021F40,FUN_021f28,derived,
0x021F40,0x021F4E,FUN_021f40,derived,
0x021F4E,0x021F5C,FUN_021f4e,derived,
0x021F5C,0x021F98,FUN_021f5c,derived,
0x021F98,0x021FE4,acCompressorLeadingTimingRetard,ghidra-hand-xmap,
0x021FE4,0x022098,FUN_021fe4,derived,
0x022098,0x0220A6,FUN_022098,derived,
0x0220A6,0x0220D4,FUN_0220a6,derived,
0x0220D4,0x0220E2,FUN_0220d4,derived,
0x0220E2,0x0220FE,FUN_0220e2,derived,
0x0220FE,0x022160,FUN_0220fe,derived,
0x022160,0x022198,FUN_022160,derived,
0x022198,0x022200,FUN_022198,derived,
0x022200,0x022206,FUN_022200,derived,
0x022206,0x02222C,FUN_022206,derived,
0x02222C,0x0222C6,ssvControl,ghidra-hand-xmap,
0x0222C6,0x02234A,FUN_0222c6,derived,
0x02234A,0x022364,FUN_02234a,derived,
0x022364,0x0223D2,FUN_022364,derived,
0x0223D2,0x022410,FUN_0223d2,derived,
0x022410,0x02245A,fpu_zero_init_routine_222DC,ghidra-hand-xmap,
0x02245A,0x022552,FUN_02245a,derived,
0x022552,0x022588,FUN_022552,derived,
0x022588,0x0225E8,FUN_022588,derived,
0x0225E8,0x0225EC,FUN_0225e8,derived,
0x0225EC,0x022624,throttlePlateTorqueStuff,ghidra-hand-xmap,
0x022624,0x02262A,FUN_022624,derived,
0x02262A,0x022632,FUN_02262a,derived,
0x022632,0x02264E,FUN_022632,derived,
0x02264E,0x02265C,FUN_02264e,derived,
0x02265C,0x02265E,FUN_02265c,derived,
0x02265E,0x022666,FUN_02265e,derived,
0x022666,0x02266C,FUN_022666,derived,
0x02266C,0x022672,FUN_02266c,derived,
0x022672,0x022682,FUN_022672,derived,
0x022682,0x0226B4,FUN_022682,derived,
0x0226B4,0x02272E,FUN_0226b4,derived,
0x02272E,0x02273A,FUN_02272e,derived,
0x02273A,0x022748,FUN_02273a,derived,
0x022748,0x022756,FUN_022748,derived,
0x022756,0x022764,FUN_022756,derived,
0x022764,0x022766,FUN_022764,derived,
0x022766,0x02276E,FUN_022766,derived,
0x02276E,0x022774,FUN_02276e,derived,
0x022774,0x02277E,FUN_022774,derived,
0x02277E,0x022784,FUN_02277e,derived,
0x022784,0x0227EE,FUN_022784,derived,
0x0227EE,0x022806,FUN_0227ee,derived,
0x022806,0x022816,FUN_022806,derived,
0x022816,0x02282A,FUN_022816,derived,
0x02282A,0x022892,FUN_02282a,derived,
0x022892,0x0228A2,FUN_022892,derived,
0x0228A2,0x02294C,FUN_0228a2,derived,
0x02294C,0x022950,FUN_02294c,derived,
0x022950,0x02296A,FUN_022950,derived,
0x02296A,0x022974,FUN_02296a,derived,
0x022974,0x02299C,FUN_022974,derived,
0x02299C,0x022AA6,FUN_02299c,derived,
0x022AA6,0x022ABA,FUN_022aa6,derived,
0x022ABA,0x022AD2,FUN_022aba,derived,
0x022AD2,0x022AE4,FUN_022ad2,derived,
0x022AE4,0x022AE6,FUN_022ae4,derived,
0x022AE6,0x022AEA,FUN_022ae6,derived,
0x022AEA,0x022AEE,FUN_022aea,derived,
0x022AEE,0x022B0A,FUN_022aee,derived,
0x022B0A,0x022B2E,FUN_022b0a,derived,
0x022B2E,0x022BBC,FUN_022b2e,derived,
0x022BBC,0x022BDE,FUN_022bbc,derived,
0x022BDE,0x022BE4,FUN_022bde,derived,
0x022BE4,0x022BF6,FUN_022be4,derived,
0x022BF6,0x022C00,FUN_022bf6,derived,
0x022C00,0x022C10,FUN_022c00,derived,
0x022C10,0x022C2E,FUN_022c10,derived,
0x022C2E,0x022C42,FUN_022c2e,derived,
0x022C42,0x022C46,FUN_022c42,derived,
0x022C46,0x022C48,FUN_022c46,derived,
0x022C48,0x022C4A,FUN_022c48,derived,
0x022C4A,0x022C5E,FUN_022c4a,derived,
0x022C5E,0x022C7A,FUN_022c5e,derived,
0x022C7A,0x022CE8,FUN_022c7a,derived,
0x022CE8,0x022CEE,FUN_022ce8,derived,
0x022CEE,0x022D34,FUN_022cee,derived,
0x022D34,0x022D8A,FUN_022d34,derived,
0x022D8A,0x022E14,FUN_022d8a,derived,
0x022E14,0x022E46,FUN_022e14,derived,
0x022E46,0x022E54,FUN_022e46,derived,
0x022E54,0x022E5C,FUN_022e54,derived,
0x022E5C,0x022EAA,FUN_022e5c,derived,
0x022EAA,0x022EB2,FUN_022eaa,derived,
0x022EB2,0x022EC8,FUN_022eb2,derived,
0x022EC8,0x022F02,FUN_022ec8,derived,
0x022F02,0x022F08,FUN_022f02,derived,
0x022F08,0x022F0C,FUN_022f08,derived,
0x022F0C,0x022F5E,FUN_022f0c,derived,
0x022F5E,0x022FB0,FUN_022f5e,derived,
0x022FB0,0x022FB2,FUN_022fb0,derived,
0x022FB2,0x022FBC,FUN_022fb2,derived,
0x022FBC,0x022FBE,FUN_022fbc,derived,
0x022FBE,0x022FCA,FUN_022fbe,derived,
0x022FCA,0x022FD8,FUN_022fca,derived,
0x022FD8,0x022FDC,FUN_022fd8,derived,
0x022FDC,0x022FE2,FUN_022fdc,derived,
0x022FE2,0x022FE8,FUN_022fe2,derived,
0x022FE8,0x022FEE,FUN_022fe8,derived,
0x022FEE,0x023014,FUN_022fee,derived,
0x023014,0x02306A,FUN_023014,derived,
0x02306A,0x023086,FUN_02306a,derived,
0x023086,0x023092,FUN_023086,derived,
0x023092,0x023098,FUN_023092,derived,
0x023098,0x0230B6,FUN_023098,derived,
0x0230B6,0x0230BA,FUN_0230b6,derived,
0x0230BA,0x0230D0,FUN_0230ba,derived,
0x0230D0,0x0230E2,FUN_0230d0,derived,
0x0230E2,0x02310E,FUN_0230e2,derived,
0x02310E,0x023124,FUN_02310e,derived,
0x023124,0x023134,FUN_023124,derived,
0x023134,0x023150,FUN_023134,derived,
0x023150,0x023182,FUN_023150,derived,
0x023182,0x02318E,FUN_023182,derived,
0x02318E,0x0231B2,FUN_02318e,derived,
0x0231B2,0x0231B6,FUN_0231b2,derived,
0x0231B6,0x0231C2,FUN_0231b6,derived,
0x0231C2,0x0231D6,FUN_0231c2,derived,
0x0231D6,0x023264,FUN_0231d6,derived,
0x023264,0x023296,FUN_023264,derived,
0x023296,0x0232AE,FUN_023296,derived,
0x0232AE,0x0232C6,FUN_0232ae,derived,
0x0232C6,0x0232CA,FUN_0232c6,derived,
0x0232CA,0x0232E2,FUN_0232ca,derived,
0x0232E2,0x0232F6,FUN_0232e2,derived,
0x0232F6,0x023362,FUN_0232f6,derived,
0x023362,0x023374,FUN_023362,derived,
0x023374,0x02337C,FUN_023374,derived,
0x02337C,0x0233AA,FUN_02337c,derived,
0x0233AA,0x0233B0,FUN_0233aa,derived,
0x0233B0,0x0233B2,FUN_0233b0,derived,
0x0233B2,0x0233E2,FUN_0233b2,derived,
0x0233E2,0x023408,FUN_0233e2,derived,
0x023408,0x02342A,FUN_023408,derived,
0x02342A,0x0234A2,FUN_02342a,derived,
0x0234A2,0x0234B4,FUN_0234a2,derived,
0x0234B4,0x02355A,FUN_0234b4,derived,
0x02355A,0x02356A,FUN_02355a,derived,
0x02356A,0x023578,FUN_02356a,derived,
0x023578,0x023586,FUN_023578,derived,
0x023586,0x02358A,FUN_023586,derived,
0x02358A,0x0235F2,FUN_02358a,derived,
0x0235F2,0x02365E,FUN_0235f2,derived,
0x02365E,0x023664,FUN_02365e,derived,
0x023664,0x023668,FUN_023664,derived,
0x023668,0x023676,FUN_023668,derived,
0x023676,0x02367C,FUN_023676,derived,
0x02367C,0x0236E4,FUN_02367c,derived,
0x0236E4,0x0236EE,FUN_0236e4,derived,
0x0236EE,0x023712,FUN_0236ee,derived,
0x023712,0x0237C6,FUN_023712,derived,
0x0237C6,0x023854,FUN_0237c6,derived,
0x023854,0x023888,FUN_023854,derived,
0x023888,0x0238AE,FUN_023888,derived,
0x0238AE,0x02390E,FUN_0238ae,derived,
0x02390E,0x023916,FUN_02390e,derived,
0x023916,0x023934,FUN_023916,derived,
0x023934,0x023974,FUN_023934,derived,
0x023974,0x023986,FUN_023974,derived,
0x023986,0x023990,FUN_023986,derived,
0x023990,0x0239BC,FUN_023990,derived,
0x0239BC,0x0239CE,FUN_0239bc,derived,
0x0239CE,0x0239D2,FUN_0239ce,derived,
0x0239D2,0x0239DA,FUN_0239d2,derived,
0x0239DA,0x0239E6,FUN_0239da,derived,
0x0239E6,0x0239F2,FUN_0239e6,derived,
0x0239F2,0x0239F4,FUN_0239f2,derived,
0x0239F4,0x0239FA,FUN_0239f4,derived,
0x0239FA,0x0239FC,FUN_0239fa,derived,
0x0239FC,0x023A26,FUN_0239fc,derived,
0x023A26,0x023A2C,FUN_023a26,derived,
0x023A2C,0x023A72,FUN_023a2c,derived,
0x023A72,0x023AA2,FUN_023a72,derived,
0x023AA2,0x023ACA,FUN_023aa2,derived,
0x023ACA,0x023ACE,FUN_023aca,derived,
0x023ACE,0x023AD2,FUN_023ace,derived,
0x023AD2,0x023AEA,FUN_023ad2,derived,
0x023AEA,0x023B02,FUN_023aea,derived,
0x023B02,0x023B0A,FUN_023b02,derived,
0x023B0A,0x023B16,FUN_023b0a,derived,
0x023B16,0x023B1C,FUN_023b16,derived,
0x023B1C,0x023B22,FUN_023b1c,derived,
0x023B22,0x023B32,FUN_023b22,derived,
0x023B32,0x023B3A,FUN_023b32,derived,
0x023B3A,0x023B54,FUN_023b3a,derived,
0x023B54,0x023C0E,FUN_023b54,derived,
0x023C0E,0x023C12,FUN_023c0e,derived,
0x023C12,0x023C16,FUN_023c12,derived,
0x023C16,0x023C34,FUN_023c16,derived,
0x023C34,0x023C3C,FUN_023c34,derived,
0x023C3C,0x023C54,FUN_023c3c,derived,
0x023C54,0x023C82,FUN_023c54,derived,
0x023C82,0x023C9C,FUN_023c82,derived,
0x023C9C,0x023CF0,FUN_023c9c,derived,
0x023CF0,0x023D0E,FUN_023cf0,derived,
0x023D0E,0x023D36,FUN_023d0e,derived,
0x023D36,0x023D6A,FUN_023d36,derived,
0x023D6A,0x023DFC,FUN_023d6a,derived,
0x023DFC,0x023E2E,FUN_023dfc,derived,
0x023E2E,0x023E50,FUN_023e2e,derived,
0x023E50,0x023E6A,FUN_023e50,derived,
0x023E6A,0x023E78,FUN_023e6a,derived,
0x023E78,0x023E98,FUN_023e78,derived,
0x023E98,0x023EA8,FUN_023e98,derived,
0x023EA8,0x023F5A,FUN_023ea8,derived,
0x023F5A,0x023F66,FUN_023f5a,derived,
0x023F66,0x023F72,FUN_023f66,derived,
0x023F72,0x023F9A,FUN_023f72,derived,
0x023F9A,0x023FA2,FUN_023f9a,derived,
0x023FA2,0x023FC0,FUN_023fa2,derived,
0x023FC0,0x023FE4,FUN_023fc0,derived,
0x023FE4,0x023FE8,FUN_023fe4,derived,
0x023FE8,0x023FEA,FUN_023fe8,derived,
0x023FEA,0x023FF6,FUN_023fea,derived,
0x023FF6,0x024004,FUN_023ff6,derived,
0x024004,0x024074,FUN_024004,derived,
0x024074,0x024086,FUN_024074,derived,
0x024086,0x02408A,FUN_024086,derived,
0x02408A,0x02409A,FUN_02408a,derived,
0x02409A,0x02409E,FUN_02409a,derived,
0x02409E,0x0240A4,FUN_02409e,derived,
0x0240A4,0x0240BE,FUN_0240a4,derived,
0x0240BE,0x0240C4,FUN_0240be,derived,
0x0240C4,0x0240DE,FUN_0240c4,derived,
0x0240DE,0x0240E4,FUN_0240de,derived,
0x0240E4,0x0240F2,FUN_0240e4,derived,
0x0240F2,0x024102,FUN_0240f2,derived,
0x024102,0x024178,FUN_024102,derived,
0x024178,0x0241EC,FUN_024178,derived,
0x0241EC,0x0241F8,FUN_0241ec,derived,
0x0241F8,0x0241FA,FUN_0241f8,derived,
0x0241FA,0x024208,FUN_0241fa,derived,
0x024208,0x024212,FUN_024208,derived,
0x024212,0x024218,FUN_024212,derived,
0x024218,0x02421E,FUN_024218,derived,
0x02421E,0x024222,FUN_02421e,derived,
0x024222,0x024226,FUN_024222,derived,
0x024226,0x02422A,FUN_024226,derived,
0x02422A,0x024230,FUN_02422a,derived,
0x024230,0x024278,FUN_024230,derived,
0x024278,0x024280,FUN_024278,derived,
0x024280,0x0242B4,FUN_024280,derived,
0x0242B4,0x0242F0,FUN_0242b4,derived,
0x0242F0,0x024364,FUN_0242f0,derived,
0x024364,0x024508,FUN_024364,derived,
0x024508,0x02453C,FUN_024508,derived,
0x02453C,0x02455E,FUN_02453c,derived,
0x02455E,0x024566,FUN_02455e,derived,
0x024566,0x024668,FUN_024566,derived,
0x024668,0x024676,FUN_024668,derived,
0x024676,0x024682,FUN_024676,derived,
0x024682,0x02468E,FUN_024682,derived,
0x02468E,0x02469E,FUN_02468e,derived,
0x02469E,0x0246AA,FUN_02469e,derived,
0x0246AA,0x0246D6,FUN_0246aa,derived,
0x0246D6,0x0246F0,FUN_0246d6,derived,
0x0246F0,0x0246F6,FUN_0246f0,derived,
0x0246F6,0x02472E,FUN_0246f6,derived,
0x02472E,0x0247A0,FUN_02472e,derived,
0x0247A0,0x0247D6,FUN_0247a0,derived,
0x0247D6,0x0247F6,FUN_0247d6,derived,
0x0247F6,0x024832,FUN_0247f6,derived,
0x024832,0x024846,FUN_024832,derived,
0x024846,0x0248EA,FUN_024846,derived,
0x0248EA,0x02491C,FUN_0248ea,derived,
0x02491C,0x024928,FUN_02491c,derived,
0x024928,0x02492A,FUN_024928,derived,
0x02492A,0x024942,FUN_02492a,derived,
0x024942,0x024972,FUN_024942,derived,
0x024972,0x024982,FUN_024972,derived,
0x024982,0x024986,FUN_024982,derived,
0x024986,0x024992,FUN_024986,derived,
0x024992,0x0249FA,FUN_024992,derived,
0x0249FA,0x024A88,FUN_0249fa,derived,
0x024A88,0x024A8E,FUN_024a88,derived,
0x024A8E,0x024A94,FUN_024a8e,derived,
0x024A94,0x024A9A,FUN_024a94,derived,
0x024A9A,0x024AFE,FUN_024a9a,derived,
0x024AFE,0x024B02,FUN_024afe,derived,
0x024B02,0x024B0E,FUN_024b02,derived,
0x024B0E,0x024B16,FUN_024b0e,derived,
0x024B16,0x024B6A,FUN_024b16,derived,
0x024B6A,0x024BAC,FUN_024b6a,derived,
0x024BAC,0x024BCA,FUN_024bac,derived,
0x024BCA,0x024CEA,FUN_024bca,derived,
0x024CEA,0x024D5A,FUN_024cea,derived,
0x024D5A,0x024D5E,FUN_024d5a,derived,
0x024D5E,0x024D98,FUN_024d5e,derived,
0x024D98,0x024DD0,FUN_024d98,derived,
0x024DD0,0x024DDA,FUN_024dd0,derived,
0x024DDA,0x024DEE,FUN_024dda,derived,
0x024DEE,0x024DFA,FUN_024dee,derived,
0x024DFA,0x024E0C,FUN_024dfa,derived,
0x024E0C,0x024E12,FUN_024e0c,derived,
0x024E12,0x024E18,FUN_024e12,derived,
0x024E18,0x024E1E,FUN_024e18,derived,
0x024E1E,0x024E24,FUN_024e1e,derived,
0x024E24,0x024E5C,FUN_024e24,derived,
0x024E5C,0x024EFE,FUN_024e5c,derived,
0x024EFE,0x024F10,FUN_024efe,derived,
0x024F10,0x024F76,FUN_024f10,derived,
0x024F76,0x024FA2,FUN_024f76,derived,
0x024FA2,0x024FA6,FUN_024fa2,derived,
0x024FA6,0x024FAA,FUN_024fa6,derived,
0x024FAA,0x024FAE,FUN_024faa,derived,
0x024FAE,0x024FB2,FUN_024fae,derived,
0x024FB2,0x024FB6,FUN_024fb2,derived,
0x024FB6,0x024FBA,FUN_024fb6,derived,
0x024FBA,0x024FBE,FUN_024fba,derived,
0x024FBE,0x024FC2,FUN_024fbe,derived,
0x024FC2,0x024FC6,FUN_024fc2,derived,
0x024FC6,0x02502A,FUN_024fc6,derived,
0x02502A,0x02502C,FUN_02502a,derived,
0x02502C,0x02503E,FUN_02502c,derived,
0x02503E,0x0250CE,FUN_02503e,derived,
0x0250CE,0x0250D2,FUN_0250ce,derived,
0x0250D2,0x0250D6,FUN_0250d2,derived,
0x0250D6,0x0250DA,FUN_0250d6,derived,
0x0250DA,0x0250DE,FUN_0250da,derived,
0x0250DE,0x0250E2,FUN_0250de,derived,
0x0250E2,0x0250E6,FUN_0250e2,derived,
0x0250E6,0x0250EA,FUN_0250e6,derived,
0x0250EA,0x0250EE,FUN_0250ea,derived,
0x0250EE,0x025146,FUN_0250ee,derived,
0x025146,0x025154,FUN_025146,derived,
0x025154,0x025158,FUN_025154,derived,
0x025158,0x025166,FUN_025158,derived,
0x025166,0x025212,FUN_025166,derived,
0x025212,0x025216,FUN_025212,derived,
0x025216,0x02521A,FUN_025216,derived,
0x02521A,0x02521E,FUN_02521a,derived,
0x02521E,0x025222,FUN_02521e,derived,
0x025222,0x025226,FUN_025222,derived,
0x025226,0x02522A,FUN_025226,derived,
0x02522A,0x02522E,FUN_02522a,derived,
0x02522E,0x025232,FUN_02522e,derived,
0x025232,0x025236,FUN_025232,derived,
0x025236,0x02527E,FUN_025236,derived,
0x02527E,0x025290,FUN_02527e,derived,
0x025290,0x02534E,FUN_025290,derived,
0x02534E,0x025352,FUN_02534e,derived,
0x025352,0x025356,FUN_025352,derived,
0x025356,0x02535A,FUN_025356,derived,
0x02535A,0x02535E,FUN_02535a,derived,
0x02535E,0x025362,FUN_02535e,derived,
0x025362,0x025366,FUN_025362,derived,
0x025366,0x02536A,FUN_025366,derived,
0x02536A,0x02536E,FUN_02536a,derived,
0x02536E,0x025372,FUN_02536e,derived,
0x025372,0x0253A8,FUN_025372,derived,
0x0253A8,0x0253BA,FUN_0253a8,derived,
0x0253BA,0x025456,FUN_0253ba,derived,
0x025456,0x02545A,FUN_025456,derived,
0x02545A,0x02545E,FUN_02545a,derived,
0x02545E,0x025462,FUN_02545e,derived,
0x025462,0x025466,FUN_025462,derived,
0x025466,0x02546A,FUN_025466,derived,
0x02546A,0x02546E,FUN_02546a,derived,
0x02546E,0x025472,FUN_02546e,derived,
0x025472,0x02549A,FUN_025472,derived,
0x02549A,0x0254AC,FUN_02549a,derived,
0x0254AC,0x0254DE,FUN_0254ac,derived,
0x0254DE,0x0254E8,FUN_0254de,derived,
0x0254E8,0x0254F2,FUN_0254e8,derived,
0x0254F2,0x0254FE,FUN_0254f2,derived,
0x0254FE,0x025502,FUN_0254fe,derived,
0x025502,0x025506,FUN_025502,derived,
0x025506,0x02550A,FUN_025506,derived,
0x02550A,0x02550E,FUN_02550a,derived,
0x02550E,0x025512,FUN_02550e,derived,
0x025512,0x025564,FUN_025512,derived,
0x025564,0x025568,FUN_025564,derived,
0x025568,0x02556E,FUN_025568,derived,
0x02556E,0x025572,FUN_02556e,derived,
0x025572,0x02557A,FUN_025572,derived,
0x02557A,0x025580,FUN_02557a,derived,
0x025580,0x025584,FUN_025580,derived,
0x025584,0x0255C0,FUN_025584,derived,
0x0255C0,0x025604,FUN_0255c0,derived,
0x025604,0x025624,getAutoTransCal??,ghidra-hand-xmap,
0x025624,0x02564C,FUN_025624,derived,
0x02564C,0x025652,FUN_02564c,derived,
0x025652,0x025656,FUN_025652,derived,
0x025656,0x02565C,FUN_025656,derived,
0x02565C,0x025660,FUN_02565c,derived,
0x025660,0x025664,FUN_025660,derived,
0x025664,0x025668,FUN_025664,derived,
0x025668,0x02566C,FUN_025668,derived,
0x02566C,0x025670,FUN_02566c,derived,
0x025670,0x025674,FUN_025670,derived,
0x025674,0x025678,FUN_025674,derived,
0x025678,0x02567C,FUN_025678,derived,
0x02567C,0x025680,FUN_02567c,derived,
0x025680,0x0256E4,FUN_025680,derived,
0x0256E4,0x025768,FUN_0256e4,derived,
0x025768,0x02576C,FUN_025768,derived,
0x02576C,0x025772,FUN_02576c,derived,
0x025772,0x025776,FUN_025772,derived,
0x025776,0x02577A,FUN_025776,derived,
0x02577A,0x025798,FUN_02577a,derived,
0x025798,0x02579C,FUN_025798,derived,
0x02579C,0x0257A0,FUN_02579c,derived,
0x0257A0,0x0257A4,FUN_0257a0,derived,
0x0257A4,0x0257A8,FUN_0257a4,derived,
0x0257A8,0x0257AC,FUN_0257a8,derived,
0x0257AC,0x0257B0,FUN_0257ac,derived,
0x0257B0,0x02584A,FUN_0257b0,derived,
0x02584A,0x02584E,FUN_02584a,derived,
0x02584E,0x025852,FUN_02584e,derived,
0x025852,0x0258A8,FUN_025852,derived,
0x0258A8,0x0258AA,FUN_0258a8,derived,
0x0258AA,0x0258AC,FUN_0258aa,derived,
0x0258AC,0x0258B0,FUN_0258ac,derived,
0x0258B0,0x0258B4,FUN_0258b0,derived,
0x0258B4,0x0258B8,FUN_0258b4,derived,
0x0258B8,0x0258BC,FUN_0258b8,derived,
0x0258BC,0x0258BE,FUN_0258bc,derived,
0x0258BE,0x0258C8,FUN_0258be,derived,
0x0258C8,0x0258CA,FUN_0258c8,derived,
0x0258CA,0x02590C,FUN_0258ca,derived,
0x02590C,0x02591E,FUN_02590c,derived,
0x02591E,0x025926,FUN_02591e,derived,
0x025926,0x02592A,FUN_025926,derived,
0x02592A,0x02592E,FUN_02592a,derived,
0x02592E,0x025936,FUN_02592e,derived,
0x025936,0x025938,FUN_025936,derived,
0x025938,0x025940,FUN_025938,derived,
0x025940,0x025942,FUN_025940,derived,
0x025942,0x025946,FUN_025942,derived,
0x025946,0x02594A,FUN_025946,derived,
0x02594A,0x02594E,FUN_02594a,derived,
0x02594E,0x025952,FUN_02594e,derived,
0x025952,0x025958,FUN_025952,derived,
0x025958,0x02595A,FUN_025958,derived,
0x02595A,0x02595C,FUN_02595a,derived,
0x02595C,0x025960,FUN_02595c,derived,
0x025960,0x025964,FUN_025960,derived,
0x025964,0x025966,FUN_025964,derived,
0x025966,0x025968,FUN_025966,derived,
0x025968,0x02596C,FUN_025968,derived,
0x02596C,0x02598A,FUN_02596c,derived,
0x02598A,0x025A0E,FUN_02598a,derived,
0x025A0E,0x025A52,calculatePredictedEngineSpeed?,ghidra-hand-xmap,
0x025A52,0x025A56,FUN_025a52,derived,
0x025A56,0x025A62,FUN_025a56,derived,
0x025A62,0x025A66,FUN_025a62,derived,
0x025A66,0x025A6A,FUN_025a66,derived,
0x025A6A,0x025A70,FUN_025a6a,derived,
0x025A70,0x025A84,FUN_025a70,derived,
0x025A84,0x025A8C,FUN_025a84,derived,
0x025A8C,0x025A92,FUN_025a8c,derived,
0x025A92,0x025A9A,FUN_025a92,derived,
0x025A9A,0x025AA4,FUN_025a9a,derived,
0x025AA4,0x025AB0,FUN_025aa4,derived,
0x025AB0,0x025AD0,FUN_025ab0,derived,
0x025AD0,0x025B18,FUN_025ad0,derived,
0x025B18,0x025B2C,FUN_025b18,derived,
0x025B2C,0x025B30,FUN_025b2c,derived,
0x025B30,0x025B4C,FUN_025b30,derived,
0x025B4C,0x025BE0,FUN_025b4c,derived,
0x025BE0,0x025BEA,FUN_025be0,derived,
0x025BEA,0x025BF8,FUN_025bea,derived,
0x025BF8,0x025C52,FUN_025bf8,derived,
0x025C52,0x025C58,FUN_025c52,derived,
0x025C58,0x025C5A,FUN_025c58,derived,
0x025C5A,0x025C62,FUN_025c5a,derived,
0x025C62,0x025C6A,FUN_025c62,derived,
0x025C6A,0x025C90,FUN_025c6a,derived,
0x025C90,0x025CD6,FUN_025c90,derived,
0x025CD6,0x025D00,FUN_025cd6,derived,
0x025D00,0x025D06,FUN_025d00,derived,
0x025D06,0x025D0A,FUN_025d06,derived,
0x025D0A,0x025D0E,FUN_025d0a,derived,
0x025D0E,0x025D12,FUN_025d0e,derived,
0x025D12,0x025D16,FUN_025d12,derived,
0x025D16,0x025D2C,FUN_025d16,derived,
0x025D2C,0x025D50,FUN_025d2c,derived,
0x025D50,0x025D5E,setValues,ghidra-hand-xmap,
0x025D5E,0x025D66,FUN_025d5e,derived,
0x025D66,0x025D6E,FUN_025d66,derived,
0x025D6E,0x025D78,FUN_025d6e,derived,
0x025D78,0x025D82,FUN_025d78,derived,
0x025D82,0x025DBE,FUN_025d82,derived,
0x025DBE,0x025DD6,FUN_025dbe,derived,
0x025DD6,0x025E1C,FUN_025dd6,derived,
0x025E1C,0x025E22,FUN_025e1c,derived,
0x025E22,0x025E34,FUN_025e22,derived,
0x025E34,0x025E38,FUN_025e34,derived,
0x025E38,0x025E3C,FUN_025e38,derived,
0x025E3C,0x025E40,FUN_025e3c,derived,
0x025E40,0x025E42,FUN_025e40,derived,
0x025E42,0x025E44,FUN_025e42,derived,
0x025E44,0x025E6C,FUN_025e44,derived,
0x025E6C,0x025E72,FUN_025e6c,derived,
0x025E72,0x025E78,FUN_025e72,derived,
0x025E78,0x025E90,FUN_025e78,derived,
0x025E90,0x025EA4,FUN_025e90,derived,
0x025EA4,0x025EA8,FUN_025ea4,derived,
0x025EA8,0x025EAE,FUN_025ea8,derived,
0x025EAE,0x025EC8,FUN_025eae,derived,
0x025EC8,0x025EF8,FUN_025ec8,derived,
0x025EF8,0x025F50,FUN_025ef8,derived,
0x025F50,0x025F5E,FUN_025f50,derived,
0x025F5E,0x025F60,FUN_025f5e,derived,
0x025F60,0x025FD0,FUN_025f60,derived,
0x025FD0,0x025FD8,FUN_025fd0,derived,
0x025FD8,0x025FE2,FUN_025fd8,derived,
0x025FE2,0x025FE4,FUN_025fe2,derived,
0x025FE4,0x025FF2,FUN_025fe4,derived,
0x025FF2,0x026038,FUN_025ff2,derived,
0x026038,0x02603E,FUN_026038,derived,
0x02603E,0x026074,FUN_02603e,derived,
0x026074,0x0260A0,FUN_026074,derived,
0x0260A0,0x0260B4,FUN_0260a0,derived,
0x0260B4,0x0260BE,FUN_0260b4,derived,
0x0260BE,0x0260DC,FUN_0260be,derived,
0x0260DC,0x026114,FUN_0260dc,derived,
0x026114,0x02613A,FUN_026114,derived,
0x02613A,0x02614A,FUN_02613a,derived,
0x02614A,0x0261B0,FUN_02614a,derived,
0x0261B0,0x026212,FUN_0261b0,derived,
0x026212,0x026230,FUN_026212,derived,
0x026230,0x026242,FUN_026230,derived,
0x026242,0x026244,FUN_026242,derived,
0x026244,0x02624A,FUN_026244,derived,
0x02624A,0x02624C,FUN_02624a,derived,
0x02624C,0x026252,FUN_02624c,derived,
0x026252,0x026254,FUN_026252,derived,
0x026254,0x026256,FUN_026254,derived,
0x026256,0x026258,FUN_026256,derived,
0x026258,0x02625C,FUN_026258,derived,
0x02625C,0x026272,FUN_02625c,derived,
0x026272,0x0262D6,FUN_026272,derived,
0x0262D6,0x02633C,FUN_0262d6,derived,
0x02633C,0x026342,FUN_02633c,derived,
0x026342,0x026348,FUN_026342,derived,
0x026348,0x02635C,FUN_026348,derived,
0x02635C,0x0263AA,FUN_02635c,derived,
0x0263AA,0x0263EC,getBatteryVoltageStatus,ghidra-hand-xmap,
0x0263EC,0x026450,FUN_0263ec,derived,
0x026450,0x026452,FUN_026450,derived,
0x026452,0x026464,FUN_026452,derived,
0x026464,0x026472,FUN_026464,derived,
0x026472,0x0264C2,FUN_026472,derived,
0x0264C2,0x0264DC,getAlternatorFaultStatus,ghidra-hand-xmap,
0x0264DC,0x026508,FUN_0264dc,derived,
0x026508,0x026540,FUN_026508,derived,
0x026540,0x026592,FUN_026540,derived,
0x026592,0x02659E,FUN_026592,derived,
0x02659E,0x0265A4,FUN_02659e,derived,
0x0265A4,0x0265B0,FUN_0265a4,derived,
0x0265B0,0x0265BC,FUN_0265b0,derived,
0x0265BC,0x0265C2,FUN_0265bc,derived,
0x0265C2,0x0265D6,FUN_0265c2,derived,
0x0265D6,0x0265E2,FUN_0265d6,derived,
0x0265E2,0x026644,FUN_0265e2,derived,
0x026644,0x0266CA,calculate12VBatteryTemperature,ghidra-hand-xmap,
0x0266CA,0x0266D0,FUN_0266ca,derived,
0x0266D0,0x0266D6,FUN_0266d0,derived,
0x0266D6,0x0266D8,FUN_0266d6,derived,
0x0266D8,0x0266DA,FUN_0266d8,derived,
0x0266DA,0x02670C,FUN_0266da,derived,
0x02670C,0x026826,FUN_02670c,derived,
0x026826,0x0268E6,FUN_026826,derived,
0x0268E6,0x0268F8,FUN_0268e6,derived,
0x0268F8,0x0269D2,FUN_0268f8,derived,
0x0269D2,0x0269EA,FUN_0269d2,derived,
0x0269EA,0x0269F0,FUN_0269ea,derived,
0x0269F0,0x0269F6,FUN_0269f0,derived,
0x0269F6,0x0269FA,FUN_0269f6,derived,
0x0269FA,0x026A16,FUN_0269fa,derived,
0x026A16,0x026A1A,FUN_026a16,derived,
0x026A1A,0x026A1C,FUN_026a1a,derived,
0x026A1C,0x026A2E,FUN_026a1c,derived,
0x026A2E,0x026AD2,FUN_026a2e,derived,
0x026AD2,0x026B0A,FUN_026ad2,derived,
0x026B0A,0x026B7A,FUN_026b0a,derived,
0x026B7A,0x026BA0,FUN_026b7a,derived,
0x026BA0,0x026BAE,FUN_026ba0,derived,
0x026BAE,0x026BB4,FUN_026bae,derived,
0x026BB4,0x026BF0,FUN_026bb4,derived,
0x026BF0,0x026C0E,FUN_026bf0,derived,
0x026C0E,0x026C60,FUN_026c0e,derived,
0x026C60,0x026CD6,FUN_026c60,derived,
0x026CD6,0x026CE0,FUN_026cd6,derived,
0x026CE0,0x026CEA,FUN_026ce0,derived,
0x026CEA,0x026DD4,FUN_026cea,derived,
0x026DD4,0x026DD8,FUN_026dd4,derived,
0x026DD8,0x026DDE,FUN_026dd8,derived,
0x026DDE,0x026DFC,FUN_026dde,derived,
0x026DFC,0x026E22,FUN_026dfc,derived,
0x026E22,0x026F0C,FUN_026e22,derived,
0x026F0C,0x026F62,FUN_026f0c,derived,
0x026F62,0x026F76,FUN_026f62,derived,
0x026F76,0x026F90,FUN_026f76,derived,
0x026F90,0x026FF6,FUN_026f90,derived,
0x026FF6,0x026FFC,FUN_026ff6,derived,
0x026FFC,0x027006,FUN_026ffc,derived,
0x027006,0x02702A,FUN_027006,derived,
0x02702A,0x027066,FUN_02702a,derived,
0x027066,0x027068,FUN_027066,derived,
0x027068,0x02706C,FUN_027068,derived,
0x02706C,0x02707A,FUN_02706c,derived,
0x02707A,0x02709A,FUN_02707a,derived,
0x02709A,0x0270A4,FUN_02709a,derived,
0x0270A4,0x0270A6,FUN_0270a4,derived,
0x0270A6,0x0270B6,FUN_0270a6,derived,
0x0270B6,0x0270C0,FUN_0270b6,derived,
0x0270C0,0x0270C4,FUN_0270c0,derived,
0x0270C4,0x027124,FUN_0270c4,derived,
0x027124,0x02715E,FUN_027124,derived,
0x02715E,0x02717A,FUN_02715e,derived,
0x02717A,0x027186,FUN_02717a,derived,
0x027186,0x02718E,FUN_027186,derived,
0x02718E,0x027194,FUN_02718e,derived,
0x027194,0x02719A,FUN_027194,derived,
0x02719A,0x0271BA,FUN_02719a,derived,
0x0271BA,0x0271C4,FUN_0271ba,derived,
0x0271C4,0x027200,FUN_0271c4,derived,
0x027200,0x02723A,FUN_027200,derived,
0x02723A,0x02724C,FUN_02723a,derived,
0x02724C,0x027258,FUN_02724c,derived,
0x027258,0x027266,FUN_027258,derived,
0x027266,0x027298,FUN_027266,derived,
0x027298,0x02729E,FUN_027298,derived,
0x02729E,0x0272AE,FUN_02729e,derived,
0x0272AE,0x0272C6,FUN_0272ae,derived,
0x0272C6,0x0272C8,FUN_0272c6,derived,
0x0272C8,0x0272D2,FUN_0272c8,derived,
0x0272D2,0x0272D4,FUN_0272d2,derived,
0x0272D4,0x0272DC,FUN_0272d4,derived,
0x0272DC,0x0272EE,FUN_0272dc,derived,
0x0272EE,0x0272F0,FUN_0272ee,derived,
0x0272F0,0x0272FA,FUN_0272f0,derived,
0x0272FA,0x027308,FUN_0272fa,derived,
0x027308,0x02735E,FUN_027308,derived,
0x02735E,0x027378,FUN_02735e,derived,
0x027378,0x02737C,FUN_027378,derived,
0x02737C,0x027398,FUN_02737c,derived,
0x027398,0x0273A8,FUN_027398,derived,
0x0273A8,0x0273D4,FUN_0273a8,derived,
0x0273D4,0x0273DA,FUN_0273d4,derived,
0x0273DA,0x0273E0,FUN_0273da,derived,
0x0273E0,0x0273F2,FUN_0273e0,derived,
0x0273F2,0x0273F6,FUN_0273f2,derived,
0x0273F6,0x0273FA,FUN_0273f6,derived,
0x0273FA,0x027400,FUN_0273fa,derived,
0x027400,0x027404,FUN_027400,derived,
0x027404,0x027408,FUN_027404,derived,
0x027408,0x02740E,FUN_027408,derived,
0x02740E,0x027422,FUN_02740e,derived,
0x027422,0x02742E,FUN_027422,derived,
0x02742E,0x027434,FUN_02742e,derived,
0x027434,0x027438,FUN_027434,derived,
0x027438,0x02743A,FUN_027438,derived,
0x02743A,0x02743E,FUN_02743a,derived,
0x02743E,0x027460,FUN_02743e,derived,
0x027460,0x0274B0,FUN_027460,derived,
0x0274B0,0x0274B6,FUN_0274b0,derived,
0x0274B6,0x0274BE,FUN_0274b6,derived,
0x0274BE,0x0274CE,FUN_0274be,derived,
0x0274CE,0x0274D0,FUN_0274ce,derived,
0x0274D0,0x0274E2,FUN_0274d0,derived,
0x0274E2,0x0274F6,FUN_0274e2,derived,
0x0274F6,0x0274F8,FUN_0274f6,derived,
0x0274F8,0x0274FA,FUN_0274f8,derived,
0x0274FA,0x02752A,FUN_0274fa,derived,
0x02752A,0x02752E,FUN_02752a,derived,
0x02752E,0x027532,FUN_02752e,derived,
0x027532,0x02753C,FUN_027532,derived,
0x02753C,0x027540,FUN_02753c,derived,
0x027540,0x02756A,FUN_027540,derived,
0x02756A,0x02756E,FUN_02756a,derived,
0x02756E,0x027590,FUN_02756e,derived,
0x027590,0x0275A2,FUN_027590,derived,
0x0275A2,0x0275AA,FUN_0275a2,derived,
0x0275AA,0x0275B2,FUN_0275aa,derived,
0x0275B2,0x0275B6,FUN_0275b2,derived,
0x0275B6,0x0275BA,FUN_0275b6,derived,
0x0275BA,0x0275BC,FUN_0275ba,derived,
0x0275BC,0x0275CC,FUN_0275bc,derived,
0x0275CC,0x0275DA,FUN_0275cc,derived,
0x0275DA,0x027606,FUN_0275da,derived,
0x027606,0x027622,FUN_027606,derived,
0x027622,0x027638,FUN_027622,derived,
0x027638,0x027650,FUN_027638,derived,
0x027650,0x027658,FUN_027650,derived,
0x027658,0x02767A,FUN_027658,derived,
0x02767A,0x027688,FUN_02767a,derived,
0x027688,0x02769C,FUN_027688,derived,
0x02769C,0x0276A4,FUN_02769c,derived,
0x0276A4,0x0276A6,FUN_0276a4,derived,
0x0276A6,0x0276B0,FUN_0276a6,derived,
0x0276B0,0x0276B4,FUN_0276b0,derived,
0x0276B4,0x0276E2,FUN_0276b4,derived,
0x0276E2,0x0276E6,FUN_0276e2,derived,
0x0276E6,0x0276EE,FUN_0276e6,derived,
0x0276EE,0x0276F4,FUN_0276ee,derived,
0x0276F4,0x02770C,FUN_0276f4,derived,
0x02770C,0x027718,FUN_02770c,derived,
0x027718,0x027752,FUN_027718,derived,
0x027752,0x02778A,FUN_027752,derived,
0x02778A,0x027790,FUN_02778a,derived,
0x027790,0x027794,FUN_027790,derived,
0x027794,0x0277B0,FUN_027794,derived,
0x0277B0,0x0277D4,FUN_0277b0,derived,
0x0277D4,0x0277E0,FUN_0277d4,derived,
0x0277E0,0x0277E8,FUN_0277e0,derived,
0x0277E8,0x0277FE,FUN_0277e8,derived,
0x0277FE,0x02780C,FUN_0277fe,derived,
0x02780C,0x02781A,FUN_02780c,derived,
0x02781A,0x02782C,FUN_02781a,derived,
0x02782C,0x0278A2,FUN_02782c,derived,
0x0278A2,0x0278AC,FUN_0278a2,derived,
0x0278AC,0x0278B0,FUN_0278ac,derived,
0x0278B0,0x0278C0,FUN_0278b0,derived,
0x0278C0,0x0278CC,FUN_0278c0,derived,
0x0278CC,0x0278D6,FUN_0278cc,derived,
0x0278D6,0x0278E8,FUN_0278d6,derived,
0x0278E8,0x02790A,FUN_0278e8,derived,
0x02790A,0x027914,FUN_02790a,derived,
0x027914,0x027916,FUN_027914,derived,
0x027916,0x027922,FUN_027916,derived,
0x027922,0x02793A,FUN_027922,derived,
0x02793A,0x027946,FUN_02793a,derived,
0x027946,0x027956,FUN_027946,derived,
0x027956,0x027958,FUN_027956,derived,
0x027958,0x027982,FUN_027958,derived,
0x027982,0x027994,FUN_027982,derived,
0x027994,0x02799A,FUN_027994,derived,
0x02799A,0x0279B4,FUN_02799a,derived,
0x0279B4,0x027A16,FUN_0279b4,derived,
0x027A16,0x027A22,FUN_027a16,derived,
0x027A22,0x027A38,FUN_027a22,derived,
0x027A38,0x027A3E,FUN_027a38,derived,
0x027A3E,0x027A48,FUN_027a3e,derived,
0x027A48,0x027A82,FUN_027a48,derived,
0x027A82,0x027A88,FUN_027a82,derived,
0x027A88,0x027A8C,FUN_027a88,derived,
0x027A8C,0x027A8E,FUN_027a8c,derived,
0x027A8E,0x027AA0,FUN_027a8e,derived,
0x027AA0,0x027AAA,FUN_027aa0,derived,
0x027AAA,0x027AAE,FUN_027aaa,derived,
0x027AAE,0x027ABE,FUN_027aae,derived,
0x027ABE,0x027AF2,FUN_027abe,derived,
0x027AF2,0x027AFA,FUN_027af2,derived,
0x027AFA,0x027B0E,FUN_027afa,derived,
0x027B0E,0x027B24,FUN_027b0e,derived,
0x027B24,0x027B7A,FUN_027b24,derived,
0x027B7A,0x027B7E,FUN_027b7a,derived,
0x027B7E,0x027B96,FUN_027b7e,derived,
0x027B96,0x027B98,FUN_027b96,derived,
0x027B98,0x027B9A,FUN_027b98,derived,
0x027B9A,0x027BAE,FUN_027b9a,derived,
0x027BAE,0x027BE2,FUN_027bae,derived,
0x027BE2,0x027BEA,FUN_027be2,derived,
0x027BEA,0x027BEC,FUN_027bea,derived,
0x027BEC,0x027C14,FUN_027bec,derived,
0x027C14,0x027C46,FUN_027c14,derived,
0x027C46,0x027C7A,FUN_027c46,derived,
0x027C7A,0x027C7C,FUN_027c7a,derived,
0x027C7C,0x027C8C,FUN_027c7c,derived,
0x027C8C,0x027C9E,FUN_027c8c,derived,
0x027C9E,0x027CAE,FUN_027c9e,derived,
0x027CAE,0x027CB6,FUN_027cae,derived,
0x027CB6,0x027CBA,FUN_027cb6,derived,
0x027CBA,0x027CBE,FUN_027cba,derived,
0x027CBE,0x027D02,FUN_027cbe,derived,
0x027D02,0x027D0E,FUN_027d02,derived,
0x027D0E,0x027D18,FUN_027d0e,derived,
0x027D18,0x027D22,FUN_027d18,derived,
0x027D22,0x027D6A,FUN_027d22,derived,
0x027D6A,0x027D76,FUN_027d6a,derived,
0x027D76,0x027D7E,FUN_027d76,derived,
0x027D7E,0x027D88,FUN_027d7e,derived,
0x027D88,0x027D8C,FUN_027d88,derived,
0x027D8C,0x027D96,FUN_027d8c,derived,
0x027D96,0x027DB0,FUN_027d96,derived,
0x027DB0,0x027DB2,FUN_027db0,derived,
0x027DB2,0x027DBA,FUN_027db2,derived,
0x027DBA,0x027DBE,FUN_027dba,derived,
0x027DBE,0x027DC0,FUN_027dbe,derived,
0x027DC0,0x027DE0,FUN_027dc0,derived,
0x027DE0,0x027E20,FUN_027de0,derived,
0x027E20,0x027E36,FUN_027e20,derived,
0x027E36,0x027E5C,FUN_027e36,derived,
0x027E5C,0x027E60,FUN_027e5c,derived,
0x027E60,0x027E72,FUN_027e60,derived,
0x027E72,0x027E76,FUN_027e72,derived,
0x027E76,0x027E7A,FUN_027e76,derived,
0x027E7A,0x027E90,FUN_027e7a,derived,
0x027E90,0x027EA4,FUN_027e90,derived,
0x027EA4,0x027EAA,FUN_027ea4,derived,
0x027EAA,0x027EC4,FUN_027eaa,derived,
0x027EC4,0x027ECC,FUN_027ec4,derived,
0x027ECC,0x027F36,FUN_027ecc,derived,
0x027F36,0x027F50,FUN_027f36,derived,
0x027F50,0x027F98,FUN_027f50,derived,
0x027F98,0x027FAE,FUN_027f98,derived,
0x027FAE,0x027FB6,FUN_027fae,derived,
0x027FB6,0x027FCA,FUN_027fb6,derived,
0x027FCA,0x027FEE,FUN_027fca,derived,
0x027FEE,0x028038,FUN_027fee,derived,
0x028038,0x02804C,FUN_028038,derived,
0x02804C,0x028054,FUN_02804c,derived,
0x028054,0x0280FC,FUN_028054,derived,
0x0280FC,0x0280FE,FUN_0280fc,derived,
0x0280FE,0x028100,FUN_0280fe,derived,
0x028100,0x02811C,FUN_028100,derived,
0x02811C,0x028126,FUN_02811c,derived,
0x028126,0x028132,FUN_028126,derived,
0x028132,0x02813C,FUN_028132,derived,
0x02813C,0x028146,FUN_02813c,derived,
0x028146,0x028170,FUN_028146,derived,
0x028170,0x028214,FUN_028170,derived,
0x028214,0x02821C,FUN_028214,derived,
0x02821C,0x02821E,FUN_02821c,derived,
0x02821E,0x028228,FUN_02821e,derived,
0x028228,0x028232,FUN_028228,derived,
0x028232,0x028238,FUN_028232,derived,
0x028238,0x02823C,FUN_028238,derived,
0x02823C,0x028246,FUN_02823c,derived,
0x028246,0x028250,FUN_028246,derived,
0x028250,0x02825A,FUN_028250,derived,
0x02825A,0x02826E,FUN_02825a,derived,
0x02826E,0x028276,FUN_02826e,derived,
0x028276,0x028290,FUN_028276,derived,
0x028290,0x0282D8,FUN_028290,derived,
0x0282D8,0x0282EC,FUN_0282d8,derived,
0x0282EC,0x028336,FUN_0282ec,derived,
0x028336,0x02833A,FUN_028336,derived,
0x02833A,0x028348,FUN_02833a,derived,
0x028348,0x028358,FUN_028348,derived,
0x028358,0x028360,FUN_028358,derived,
0x028360,0x028362,FUN_028360,derived,
0x028362,0x028364,FUN_028362,derived,
0x028364,0x02836E,FUN_028364,derived,
0x02836E,0x02837C,FUN_02836e,derived,
0x02837C,0x028382,FUN_02837c,derived,
0x028382,0x028388,FUN_028382,derived,
0x028388,0x02838E,FUN_028388,derived,
0x02838E,0x02839C,FUN_02838e,derived,
0x02839C,0x0283A0,FUN_02839c,derived,
0x0283A0,0x0283AE,FUN_0283a0,derived,
0x0283AE,0x0283B4,FUN_0283ae,derived,
0x0283B4,0x0283C6,FUN_0283b4,derived,
0x0283C6,0x028408,FUN_0283c6,derived,
0x028408,0x02841C,FUN_028408,derived,
0x02841C,0x028466,FUN_02841c,derived,
0x028466,0x02846C,FUN_028466,derived,
0x02846C,0x028470,FUN_02846c,derived,
0x028470,0x02847A,FUN_028470,derived,
0x02847A,0x02848C,FUN_02847a,derived,
0x02848C,0x0284BE,FUN_02848c,derived,
0x0284BE,0x0284F4,FUN_0284be,derived,
0x0284F4,0x028552,FUN_0284f4,derived,
0x028552,0x028562,FUN_028552,derived,
0x028562,0x028572,FUN_028562,derived,
0x028572,0x02857A,FUN_028572,derived,
0x02857A,0x02858A,FUN_02857a,derived,
0x02858A,0x02859A,FUN_02858a,derived,
0x02859A,0x02859E,FUN_02859a,derived,
0x02859E,0x0285A0,FUN_02859e,derived,
0x0285A0,0x0285AA,FUN_0285a0,derived,
0x0285AA,0x0285AE,FUN_0285aa,derived,
0x0285AE,0x0285B0,FUN_0285ae,derived,
0x0285B0,0x0285B8,FUN_0285b0,derived,
0x0285B8,0x0285BE,FUN_0285b8,derived,
0x0285BE,0x0285CA,FUN_0285be,derived,
0x0285CA,0x0285E4,FUN_0285ca,derived,
0x0285E4,0x0285EE,FUN_0285e4,derived,
0x0285EE,0x0285F8,FUN_0285ee,derived,
0x0285F8,0x028602,FUN_0285f8,derived,
0x028602,0x02863A,FUN_028602,derived,
0x02863A,0x028650,FUN_02863a,derived,
0x028650,0x028656,FUN_028650,derived,
0x028656,0x02865E,FUN_028656,derived,
0x02865E,0x0286C6,FUN_02865e,derived,
0x0286C6,0x0286D2,FUN_0286c6,derived,
0x0286D2,0x0286D4,FUN_0286d2,derived,
0x0286D4,0x0286EE,FUN_0286d4,derived,
0x0286EE,0x0286FA,FUN_0286ee,derived,
0x0286FA,0x028708,FUN_0286fa,derived,
0x028708,0x028718,FUN_028708,derived,
0x028718,0x02871A,FUN_028718,derived,
0x02871A,0x028724,FUN_02871a,derived,
0x028724,0x028736,FUN_028724,derived,
0x028736,0x028762,FUN_028736,derived,
0x028762,0x02878A,FUN_028762,derived,
0x02878A,0x02878C,FUN_02878a,derived,
0x02878C,0x0287B6,FUN_02878c,derived,
0x0287B6,0x0287C6,FUN_0287b6,derived,
0x0287C6,0x0287D0,FUN_0287c6,derived,
0x0287D0,0x0287F2,FUN_0287d0,derived,
0x0287F2,0x0287FC,FUN_0287f2,derived,
0x0287FC,0x028802,FUN_0287fc,derived,
0x028802,0x028814,FUN_028802,derived,
0x028814,0x02881A,FUN_028814,derived,
0x02881A,0x028866,FUN_02881a,derived,
0x028866,0x02888E,FUN_028866,derived,
0x02888E,0x028892,FUN_02888e,derived,
0x028892,0x0288A4,FUN_028892,derived,
0x0288A4,0x02891C,FUN_0288a4,derived,
0x02891C,0x0289E4,FUN_02891c,derived,
0x0289E4,0x028A02,FUN_0289e4,derived,
0x028A02,0x028A30,FUN_028a02,derived,
0x028A30,0x028A54,FUN_028a30,derived,
0x028A54,0x028AB0,FUN_028a54,derived,
0x028AB0,0x028AC8,FUN_028ab0,derived,
0x028AC8,0x028AE0,FUN_028ac8,derived,
0x028AE0,0x028AEE,FUN_028ae0,derived,
0x028AEE,0x028AF6,FUN_028aee,derived,
0x028AF6,0x028B48,FUN_028af6,derived,
0x028B48,0x028B7C,FUN_028b48,derived,
0x028B7C,0x028BC6,FUN_028b7c,derived,
0x028BC6,0x028BC8,FUN_028bc6,derived,
0x028BC8,0x028BF0,FUN_028bc8,derived,
0x028BF0,0x028BF6,FUN_028bf0,derived,
0x028BF6,0x028C46,FUN_028bf6,derived,
0x028C46,0x028CE4,FUN_028c46,derived,
0x028CE4,0x028CEA,FUN_028ce4,derived,
0x028CEA,0x028D00,FUN_028cea,derived,
0x028D00,0x028D06,FUN_028d00,derived,
0x028D06,0x028D1A,FUN_028d06,derived,
0x028D1A,0x028D20,FUN_028d1a,derived,
0x028D20,0x028D22,FUN_028d20,derived,
0x028D22,0x028D26,FUN_028d22,derived,
0x028D26,0x028D2E,FUN_028d26,derived,
0x028D2E,0x028D36,FUN_028d2e,derived,
0x028D36,0x028D4E,FUN_028d36,derived,
0x028D4E,0x028DAC,FUN_028d4e,derived,
0x028DAC,0x028DEE,FUN_028dac,derived,
0x028DEE,0x028E02,FUN_028dee,derived,
0x028E02,0x028E5C,FUN_028e02,derived,
0x028E5C,0x028E74,FUN_028e5c,derived,
0x028E74,0x028EB4,FUN_028e74,derived,
0x028EB4,0x028F1C,FUN_028eb4,derived,
0x028F1C,0x028F26,FUN_028f1c,derived,
0x028F26,0x028F40,FUN_028f26,derived,
0x028F40,0x028F4C,FUN_028f40,derived,
0x028F4C,0x028F52,FUN_028f4c,derived,
0x028F52,0x028F56,FUN_028f52,derived,
0x028F56,0x028F58,FUN_028f56,derived,
0x028F58,0x028F5A,FUN_028f58,derived,
0x028F5A,0x028F60,FUN_028f5a,derived,
0x028F60,0x028F6C,FUN_028f60,derived,
0x028F6C,0x028F6E,FUN_028f6c,derived,
0x028F6E,0x028F82,FUN_028f6e,derived,
0x028F82,0x028FA6,FUN_028f82,derived,
0x028FA6,0x028FD6,FUN_028fa6,derived,
0x028FD6,0x028FE2,FUN_028fd6,derived,
0x028FE2,0x028FEC,FUN_028fe2,derived,
0x028FEC,0x029048,FUN_028fec,derived,
0x029048,0x02905A,FUN_029048,derived,
0x02905A,0x029066,FUN_02905a,derived,
0x029066,0x029070,FUN_029066,derived,
0x029070,0x02907A,FUN_029070,derived,
0x02907A,0x029084,FUN_02907a,derived,
0x029084,0x029086,FUN_029084,derived,
0x029086,0x029094,FUN_029086,derived,
0x029094,0x029096,FUN_029094,derived,
0x029096,0x02909E,FUN_029096,derived,
0x02909E,0x0290A6,FUN_02909e,derived,
0x0290A6,0x0290AE,FUN_0290a6,derived,
0x0290AE,0x0290B6,FUN_0290ae,derived,
0x0290B6,0x029100,FUN_0290b6,derived,
0x029100,0x02911C,FUN_029100,derived,
0x02911C,0x029120,FUN_02911c,derived,
0x029120,0x029126,FUN_029120,derived,
0x029126,0x0291B8,FUN_029126,derived,
0x0291B8,0x0291BA,FUN_0291b8,derived,
0x0291BA,0x0291F0,FUN_0291ba,derived,
0x0291F0,0x029216,FUN_0291f0,derived,
0x029216,0x029252,FUN_029216,derived,
0x029252,0x029256,FUN_029252,derived,
0x029256,0x029260,FUN_029256,derived,
0x029260,0x029264,FUN_029260,derived,
0x029264,0x029268,FUN_029264,derived,
0x029268,0x02926A,FUN_029268,derived,
0x02926A,0x02926E,FUN_02926a,derived,
0x02926E,0x029272,FUN_02926e,derived,
0x029272,0x029276,FUN_029272,derived,
0x029276,0x029290,FUN_029276,derived,
0x029290,0x029296,FUN_029290,derived,
0x029296,0x02932A,FUN_029296,derived,
0x02932A,0x029360,FUN_02932a,derived,
0x029360,0x02939C,FUN_029360,derived,
0x02939C,0x0293AE,FUN_02939c,derived,
0x0293AE,0x0293B2,FUN_0293ae,derived,
0x0293B2,0x0293BA,FUN_0293b2,derived,
0x0293BA,0x0293C6,FUN_0293ba,derived,
0x0293C6,0x0293CE,FUN_0293c6,derived,
0x0293CE,0x0293D2,FUN_0293ce,derived,
0x0293D2,0x0293D6,FUN_0293d2,derived,
0x0293D6,0x0293DC,FUN_0293d6,derived,
0x0293DC,0x0293EA,FUN_0293dc,derived,
0x0293EA,0x0293F2,FUN_0293ea,derived,
0x0293F2,0x0293FE,FUN_0293f2,derived,
0x0293FE,0x029502,FUN_0293fe,derived,
0x029502,0x029514,FUN_029502,derived,
0x029514,0x029522,FUN_029514,derived,
0x029522,0x02952C,FUN_029522,derived,
0x02952C,0x029538,FUN_02952c,derived,
0x029538,0x029540,FUN_029538,derived,
0x029540,0x029548,FUN_029540,derived,
0x029548,0x029550,FUN_029548,derived,
0x029550,0x02957C,FUN_029550,derived,
0x02957C,0x0295BC,FUN_02957c,derived,
0x0295BC,0x0295C4,FUN_0295bc,derived,
0x0295C4,0x029618,FUN_0295c4,derived,
0x029618,0x02961E,FUN_029618,derived,
0x02961E,0x029640,FUN_02961e,derived,
0x029640,0x029648,FUN_029640,derived,
0x029648,0x02964E,FUN_029648,derived,
0x02964E,0x029650,FUN_02964e,derived,
0x029650,0x029652,FUN_029650,derived,
0x029652,0x029656,FUN_029652,derived,
0x029656,0x029658,FUN_029656,derived,
0x029658,0x02965E,FUN_029658,derived,
0x02965E,0x029662,FUN_02965e,derived,
0x029662,0x029688,FUN_029662,derived,
0x029688,0x02968C,FUN_029688,derived,
0x02968C,0x029692,FUN_02968c,derived,
0x029692,0x029698,FUN_029692,derived,
0x029698,0x02969E,FUN_029698,derived,
0x02969E,0x0296A2,FUN_02969e,derived,
0x0296A2,0x0296A4,FUN_0296a2,derived,
0x0296A4,0x0296AA,FUN_0296a4,derived,
0x0296AA,0x0296AC,FUN_0296aa,derived,
0x0296AC,0x0296B6,FUN_0296ac,derived,
0x0296B6,0x0296BE,stubByte420TX,ghidra-hand-xmap,
0x0296BE,0x0296E6,setOilPressureGaugeStatus,ghidra-hand-xmap,
0x0296E6,0x02976E,FUN_0296e6,derived,
0x02976E,0x029776,FUN_02976e,derived,
0x029776,0x02977C,FUN_029776,derived,
0x02977C,0x029780,FUN_02977c,derived,
0x029780,0x029784,FUN_029780,derived,
0x029784,0x029788,FUN_029784,derived,
0x029788,0x029790,FUN_029788,derived,
0x029790,0x0297AE,FUN_029790,derived,
0x0297AE,0x0297FC,FUN_0297ae,derived,
0x0297FC,0x02980E,canRX_216_stubs?,ghidra-hand-xmap,
0x02980E,0x02981C,FUN_02980e,derived,
0x02981C,0x029824,FUN_02981c,derived,
0x029824,0x02982C,FUN_029824,derived,
0x02982C,0x029856,FUN_02982c,derived,
0x029856,0x02985E,FUN_029856,derived,
0x02985E,0x029886,can216RXTimer,ghidra-hand-xmap,
0x029886,0x02988C,FUN_029886,derived,
0x02988C,0x029892,FUN_02988c,derived,
0x029892,0x029898,FUN_029892,derived,
0x029898,0x0298A8,FUN_029898,derived,
0x0298A8,0x0298C8,FUN_0298a8,derived,
0x0298C8,0x0298E2,FUN_0298c8,derived,
0x0298E2,0x029924,FUN_0298e2,derived,
0x029924,0x029954,FUN_029924,derived,
0x029954,0x02995A,FUN_029954,derived,
0x02995A,0x029968,FUN_02995a,derived,
0x029968,0x0299D2,FUN_029968,derived,
0x0299D2,0x0299DC,FUN_0299d2,derived,
0x0299DC,0x0299DE,FUN_0299dc,derived,
0x0299DE,0x0299EA,FUN_0299de,derived,
0x0299EA,0x0299EC,FUN_0299ea,derived,
0x0299EC,0x029A62,FUN_0299ec,derived,
0x029A62,0x029A6E,FUN_029a62,derived,
0x029A6E,0x029A94,FUN_029a6e,derived,
0x029A94,0x029A9E,can216ResetTimer,ghidra-hand-xmap,
0x029A9E,0x029ADC,FUN_029a9e,derived,
0x029ADC,0x029AE0,FUN_029adc,derived,
0x029AE0,0x029B0A,FUN_029ae0,derived,
0x029B0A,0x029B28,FUN_029b0a,derived,
0x029B28,0x029B2A,FUN_029b28,derived,
0x029B2A,0x029B30,FUN_029b2a,derived,
0x029B30,0x029B32,FUN_029b30,derived,
0x029B32,0x029B3E,FUN_029b32,derived,
0x029B3E,0x029B40,FUN_029b3e,derived,
0x029B40,0x029B42,FUN_029b40,derived,
0x029B42,0x029B8C,FUN_029b42,derived,
0x029B8C,0x029BA4,FUN_029b8c,derived,
0x029BA4,0x029BAA,FUN_029ba4,derived,
0x029BAA,0x029BB6,FUN_029baa,derived,
0x029BB6,0x029BBA,FUN_029bb6,derived,
0x029BBA,0x029BBE,FUN_029bba,derived,
0x029BBE,0x029BC0,FUN_029bbe,derived,
0x029BC0,0x029BF4,FUN_029bc0,derived,
0x029BF4,0x029C10,FUN_029bf4,derived,
0x029C10,0x029C16,FUN_029c10,derived,
0x029C16,0x029C40,FUN_029c16,derived,
0x029C40,0x029C48,FUN_029c40,derived,
0x029C48,0x029C78,FUN_029c48,derived,
0x029C78,0x029C84,FUN_029c78,derived,
0x029C84,0x029C88,FUN_029c84,derived,
0x029C88,0x029C8A,FUN_029c88,derived,
0x029C8A,0x029C92,FUN_029c8a,derived,
0x029C92,0x029C96,FUN_029c92,derived,
0x029C96,0x029CA2,FUN_029c96,derived,
0x029CA2,0x029CA8,FUN_029ca2,derived,
0x029CA8,0x029CAE,FUN_029ca8,derived,
0x029CAE,0x029CB2,FUN_029cae,derived,
0x029CB2,0x029CC6,FUN_029cb2,derived,
0x029CC6,0x029CDE,FUN_029cc6,derived,
0x029CDE,0x029CE0,FUN_029cde,derived,
0x029CE0,0x029CE8,stubCAN201Byte2_3,ghidra-hand-xmap,
0x029CE8,0x029D26,FUN_029ce8,derived,
0x029D26,0x029D32,FUN_029d26,derived,
0x029D32,0x029D64,FUN_029d32,derived,
0x029D64,0x029DAC,FUN_029d64,derived,
0x029DAC,0x029DC8,FUN_029dac,derived,
0x029DC8,0x029DD4,FUN_029dc8,derived,
0x029DD4,0x029DDC,FUN_029dd4,derived,
0x029DDC,0x029E5C,FUN_029ddc,derived,
0x029E5C,0x029E80,FUN_029e5c,derived,
0x029E80,0x029E82,FUN_029e80,derived,
0x029E82,0x029E86,FUN_029e82,derived,
0x029E86,0x029EB0,FUN_029e86,derived,
0x029EB0,0x029EB8,FUN_029eb0,derived,
0x029EB8,0x029EEC,can203pack,ghidra-hand-xmap,
0x029EEC,0x029F16,FUN_029eec,derived,
0x029F16,0x029F1C,FUN_029f16,derived,
0x029F1C,0x029F22,FUN_029f1c,derived,
0x029F22,0x029F3A,FUN_029f22,derived,
0x029F3A,0x029F44,FUN_029f3a,derived,
0x029F44,0x029F4E,FUN_029f44,derived,
0x029F4E,0x029F58,torqueCaltoCAN203_byte4,ghidra-hand-xmap,
0x029F58,0x029F5E,FUN_029f58,derived,
0x029F5E,0x029F62,FUN_029f5e,derived,
0x029F62,0x029F6A,FUN_029f62,derived,
0x029F6A,0x029F72,FUN_029f6a,derived,
0x029F72,0x029F76,FUN_029f72,derived,
0x029F76,0x029F7A,FUN_029f76,derived,
0x029F7A,0x029F80,FUN_029f7a,derived,
0x029F80,0x029FA4,FUN_029f80,derived,
0x029FA4,0x029FAA,FUN_029fa4,derived,
0x029FAA,0x029FB6,FUN_029faa,derived,
0x029FB6,0x02A030,FUN_029fb6,derived,
0x02A030,0x02A042,FUN_02a030,derived,
0x02A042,0x02A070,FUN_02a042,derived,
0x02A070,0x02A074,FUN_02a070,derived,
0x02A074,0x02A082,FUN_02a074,derived,
0x02A082,0x02A086,FUN_02a082,derived,
0x02A086,0x02A088,FUN_02a086,derived,
0x02A088,0x02A08C,FUN_02a088,derived,
0x02A08C,0x02A0AE,FUN_02a08c,derived,
0x02A0AE,0x02A0DA,FUN_02a0ae,derived,
0x02A0DA,0x02A0E8,FUN_02a0da,derived,
0x02A0E8,0x02A100,FUN_02a0e8,derived,
0x02A100,0x02A122,FUN_02a100,derived,
0x02A122,0x02A178,FUN_02a122,derived,
0x02A178,0x02A1A6,FUN_02a178,derived,
0x02A1A6,0x02A1AE,FUN_02a1a6,derived,
0x02A1AE,0x02A1B6,FUN_02a1ae,derived,
0x02A1B6,0x02A1D4,FUN_02a1b6,derived,
0x02A1D4,0x02A2B8,FUN_02a1d4,derived,
0x02A2B8,0x02A2CE,FUN_02a2b8,derived,
0x02A2CE,0x02A2E0,FUN_02a2ce,derived,
0x02A2E0,0x02A2F2,FUN_02a2e0,derived,
0x02A2F2,0x02A31A,FUN_02a2f2,derived,
0x02A31A,0x02A332,FUN_02a31a,derived,
0x02A332,0x02A336,FUN_02a332,derived,
0x02A336,0x02A348,FUN_02a336,derived,
0x02A348,0x02A37A,FUN_02a348,derived,
0x02A37A,0x02A384,FUN_02a37a,derived,
0x02A384,0x02A3AE,FUN_02a384,derived,
0x02A3AE,0x02A3FE,FUN_02a3ae,derived,
0x02A3FE,0x02A400,FUN_02a3fe,derived,
0x02A400,0x02A408,FUN_02a400,derived,
0x02A408,0x02A40A,FUN_02a408,derived,
0x02A40A,0x02A40C,FUN_02a40a,derived,
0x02A40C,0x02A462,FUN_02a40c,derived,
0x02A462,0x02A482,FUN_02a462,derived,
0x02A482,0x02A494,FUN_02a482,derived,
0x02A494,0x02A4DA,FUN_02a494,derived,
0x02A4DA,0x02A528,FUN_02a4da,derived,
0x02A528,0x02A550,FUN_02a528,derived,
0x02A550,0x02A5AC,FUN_02a550,derived,
0x02A5AC,0x02A5B4,FUN_02a5ac,derived,
0x02A5B4,0x02A65E,FUN_02a5b4,derived,
0x02A65E,0x02A686,FUN_02a65e,derived,
0x02A686,0x02A692,FUN_02a686,derived,
0x02A692,0x02A6DA,FUN_02a692,derived,
0x02A6DA,0x02A6F4,FUN_02a6da,derived,
0x02A6F4,0x02A6FA,FUN_02a6f4,derived,
0x02A6FA,0x02A724,can251TX_getAndPack,ghidra-hand-xmap,
0x02A724,0x02A72C,FUN_02a724,derived,
0x02A72C,0x02A736,FUN_02a72c,derived,
0x02A736,0x02A76C,FUN_02a736,derived,
0x02A76C,0x02A79A,FUN_02a76c,derived,
0x02A79A,0x02A7A4,FUN_02a79a,derived,
0x02A7A4,0x02A7AE,FUN_02a7a4,derived,
0x02A7AE,0x02A7B8,FUN_02a7ae,derived,
0x02A7B8,0x02A86A,FUN_02a7b8,derived,
0x02A86A,0x02A8D6,FUN_02a86a,derived,
0x02A8D6,0x02A916,FUN_02a8d6,derived,
0x02A916,0x02A940,FUN_02a916,derived,
0x02A940,0x02A946,FUN_02a940,derived,
0x02A946,0x02A982,FUN_02a946,derived,
0x02A982,0x02A9DA,FUN_02a982,derived,
0x02A9DA,0x02AA48,FUN_02a9da,derived,
0x02AA48,0x02AAC6,FUN_02aa48,derived,
0x02AAC6,0x02AAEE,FUN_02aac6,derived,
0x02AAEE,0x02AB26,FUN_02aaee,derived,
0x02AB26,0x02ABC4,FUN_02ab26,derived,
0x02ABC4,0x02ABD4,FUN_02abc4,derived,
0x02ABD4,0x02AC0C,FUN_02abd4,derived,
0x02AC0C,0x02AC42,FUN_02ac0c,derived,
0x02AC42,0x02ACB4,FUN_02ac42,derived,
0x02ACB4,0x02ACCC,FUN_02acb4,derived,
0x02ACCC,0x02ACCE,FUN_02accc,derived,
0x02ACCE,0x02ACD0,FUN_02acce,derived,
0x02ACD0,0x02ACD2,FUN_02acd0,derived,
0x02ACD2,0x02ACE6,FUN_02acd2,derived,
0x02ACE6,0x02ACF6,FUN_02ace6,derived,
0x02ACF6,0x02ACFA,FUN_02acf6,derived,
0x02ACFA,0x02ACFC,FUN_02acfa,derived,
0x02ACFC,0x02AD12,FUN_02acfc,derived,
0x02AD12,0x02AD1A,FUN_02ad12,derived,
0x02AD1A,0x02AD54,FUN_02ad1a,derived,
0x02AD54,0x02AD68,FUN_02ad54,derived,
0x02AD68,0x02AD72,FUN_02ad68,derived,
0x02AD72,0x02AD7A,FUN_02ad72,derived,
0x02AD7A,0x02ADE0,FUN_02ad7a,derived,
0x02ADE0,0x02AE0A,FUN_02ade0,derived,
0x02AE0A,0x02AE1A,FUN_02ae0a,derived,
0x02AE1A,0x02AE28,FUN_02ae1a,derived,
0x02AE28,0x02AE40,FUN_02ae28,derived,
0x02AE40,0x02AE46,FUN_02ae40,derived,
0x02AE46,0x02AE52,FUN_02ae46,derived,
0x02AE52,0x02AEAA,FUN_02ae52,derived,
0x02AEAA,0x02AEAE,FUN_02aeaa,derived,
0x02AEAE,0x02AECA,FUN_02aeae,derived,
0x02AECA,0x02AEE6,FUN_02aeca,derived,
0x02AEE6,0x02AEEA,FUN_02aee6,derived,
0x02AEEA,0x02AEEC,FUN_02aeea,derived,
0x02AEEC,0x02AEF6,FUN_02aeec,derived,
0x02AEF6,0x02AEF8,FUN_02aef6,derived,
0x02AEF8,0x02AEFA,FUN_02aef8,derived,
0x02AEFA,0x02AF02,FUN_02aefa,derived,
0x02AF02,0x02AF12,FUN_02af02,derived,
0x02AF12,0x02AF1A,FUN_02af12,derived,
0x02AF1A,0x02AF24,FUN_02af1a,derived,
0x02AF24,0x02AF2A,FUN_02af24,derived,
0x02AF2A,0x02AF36,FUN_02af2a,derived,
0x02AF36,0x02AF3E,FUN_02af36,derived,
0x02AF3E,0x02AF64,FUN_02af3e,derived,
0x02AF64,0x02AF8C,FUN_02af64,derived,
0x02AF8C,0x02AF90,FUN_02af8c,derived,
0x02AF90,0x02AFC8,FUN_02af90,derived,
0x02AFC8,0x02AFE6,FUN_02afc8,derived,
0x02AFE6,0x02AFFC,FUN_02afe6,derived,
0x02AFFC,0x02B006,FUN_02affc,derived,
0x02B006,0x02B02A,FUN_02b006,derived,
0x02B02A,0x02B042,FUN_02b02a,derived,
0x02B042,0x02B056,FUN_02b042,derived,
0x02B056,0x02B112,FUN_02b056,derived,
0x02B112,0x02B11A,FUN_02b112,derived,
0x02B11A,0x02B124,FUN_02b11a,derived,
0x02B124,0x02B126,FUN_02b124,derived,
0x02B126,0x02B12A,FUN_02b126,derived,
0x02B12A,0x02B138,FUN_02b12a,derived,
0x02B138,0x02B144,FUN_02b138,derived,
0x02B144,0x02B166,FUN_02b144,derived,
0x02B166,0x02B1BC,FUN_02b166,derived,
0x02B1BC,0x02B1D4,FUN_02b1bc,derived,
0x02B1D4,0x02B1F2,FUN_02b1d4,derived,
0x02B1F2,0x02B21A,FUN_02b1f2,derived,
0x02B21A,0x02B22E,FUN_02b21a,derived,
0x02B22E,0x02B346,FUN_02b22e,derived,
0x02B346,0x02B362,FUN_02b346,derived,
0x02B362,0x02B368,FUN_02b362,derived,
0x02B368,0x02B384,FUN_02b368,derived,
0x02B384,0x02B38E,FUN_02b384,derived,
0x02B38E,0x02B464,FUN_02b38e,derived,
0x02B464,0x02B46E,FUN_02b464,derived,
0x02B46E,0x02B4A8,FUN_02b46e,derived,
0x02B4A8,0x02B4AA,FUN_02b4a8,derived,
0x02B4AA,0x02B4AE,FUN_02b4aa,derived,
0x02B4AE,0x02B4B2,FUN_02b4ae,derived,
0x02B4B2,0x02B4B4,FUN_02b4b2,derived,
0x02B4B4,0x02B4BC,FUN_02b4b4,derived,
0x02B4BC,0x02B4BE,FUN_02b4bc,derived,
0x02B4BE,0x02B4C0,FUN_02b4be,derived,
0x02B4C0,0x02B4C2,FUN_02b4c0,derived,
0x02B4C2,0x02B4C8,FUN_02b4c2,derived,
0x02B4C8,0x02B4CE,FUN_02b4c8,derived,
0x02B4CE,0x02B4F2,FUN_02b4ce,derived,
0x02B4F2,0x02B4F4,FUN_02b4f2,derived,
0x02B4F4,0x02B50E,FUN_02b4f4,derived,
0x02B50E,0x02B5B4,FUN_02b50e,derived,
0x02B5B4,0x02B5B8,FUN_02b5b4,derived,
0x02B5B8,0x02B5BE,FUN_02b5b8,derived,
0x02B5BE,0x02B62A,FUN_02b5be,derived,
0x02B62A,0x02B682,FUN_02b62a,derived,
0x02B682,0x02B68E,FUN_02b682,derived,
0x02B68E,0x02B696,FUN_02b68e,derived,
0x02B696,0x02B69E,FUN_02b696,derived,
0x02B69E,0x02B6B2,FUN_02b69e,derived,
0x02B6B2,0x02B6B8,FUN_02b6b2,derived,
0x02B6B8,0x02B6BE,FUN_02b6b8,derived,
0x02B6BE,0x02B6EA,FUN_02b6be,derived,
0x02B6EA,0x02B706,FUN_02b6ea,derived,
0x02B706,0x02B70A,FUN_02b706,derived,
0x02B70A,0x02B712,FUN_02b70a,derived,
0x02B712,0x02B722,FUN_02b712,derived,
0x02B722,0x02B72E,FUN_02b722,derived,
0x02B72E,0x02B756,FUN_02b72e,derived,
0x02B756,0x02B83A,FUN_02b756,derived,
0x02B83A,0x02B85C,FUN_02b83a,derived,
0x02B85C,0x02B862,FUN_02b85c,derived,
0x02B862,0x02B8AA,FUN_02b862,derived,
0x02B8AA,0x02B8BA,FUN_02b8aa,derived,
0x02B8BA,0x02B8CA,FUN_02b8ba,derived,
0x02B8CA,0x02B8D6,FUN_02b8ca,derived,
0x02B8D6,0x02B8DE,FUN_02b8d6,derived,
0x02B8DE,0x02B8E6,FUN_02b8de,derived,
0x02B8E6,0x02B8E8,FUN_02b8e6,derived,
0x02B8E8,0x02B8F2,FUN_02b8e8,derived,
0x02B8F2,0x02B8FC,FUN_02b8f2,derived,
0x02B8FC,0x02B936,FUN_02b8fc,derived,
0x02B936,0x02B9C2,FUN_02b936,derived,
0x02B9C2,0x02B9C6,FUN_02b9c2,derived,
0x02B9C6,0x02B9CE,FUN_02b9c6,derived,
0x02B9CE,0x02B9E6,FUN_02b9ce,derived,
0x02B9E6,0x02BA18,FUN_02b9e6,derived,
0x02BA18,0x02BA24,FUN_02ba18,derived,
0x02BA24,0x02BA4C,FUN_02ba24,derived,
0x02BA4C,0x02BA56,FUN_02ba4c,derived,
0x02BA56,0x02BA58,FUN_02ba56,derived,
0x02BA58,0x02BA5C,FUN_02ba58,derived,
0x02BA5C,0x02BA92,FUN_02ba5c,derived,
0x02BA92,0x02BAB2,FUN_02ba92,derived,
0x02BAB2,0x02BAEC,FUN_02bab2,derived,
0x02BAEC,0x02BAF2,FUN_02baec,derived,
0x02BAF2,0x02BAF6,FUN_02baf2,derived,
0x02BAF6,0x02BAFC,FUN_02baf6,derived,
0x02BAFC,0x02BB1A,FUN_02bafc,derived,
0x02BB1A,0x02BB4E,FUN_02bb1a,derived,
0x02BB4E,0x02BB52,FUN_02bb4e,derived,
0x02BB52,0x02BB5E,FUN_02bb52,derived,
0x02BB5E,0x02BB64,FUN_02bb5e,derived,
0x02BB64,0x02BB6A,FUN_02bb64,derived,
0x02BB6A,0x02BB70,FUN_02bb6a,derived,
0x02BB70,0x02BBC2,FUN_02bb70,derived,
0x02BBC2,0x02BBDA,FUN_02bbc2,derived,
0x02BBDA,0x02BBE0,FUN_02bbda,derived,
0x02BBE0,0x02BBE4,FUN_02bbe0,derived,
0x02BBE4,0x02BBEA,FUN_02bbe4,derived,
0x02BBEA,0x02BC0C,FUN_02bbea,derived,
0x02BC0C,0x02BC16,FUN_02bc0c,derived,
0x02BC16,0x02BC42,FUN_02bc16,derived,
0x02BC42,0x02BC44,FUN_02bc42,derived,
0x02BC44,0x02BC52,FUN_02bc44,derived,
0x02BC52,0x02BC8C,FUN_02bc52,derived,
0x02BC8C,0x02BCD0,FUN_02bc8c,derived,
0x02BCD0,0x02BCD6,FUN_02bcd0,derived,
0x02BCD6,0x02BCDA,FUN_02bcd6,derived,
0x02BCDA,0x02BCEA,FUN_02bcda,derived,
0x02BCEA,0x02BD04,FUN_02bcea,derived,
0x02BD04,0x02BD08,FUN_02bd04,derived,
0x02BD08,0x02BD70,CAN212RX_Main,ghidra-hand-xmap,
0x02BD70,0x02BD80,FUN_02bd70,derived,
0x02BD80,0x02BD9A,FUN_02bd80,derived,
0x02BD9A,0x02BDA0,FUN_02bd9a,derived,
0x02BDA0,0x02BE0E,FUN_02bda0,derived,
0x02BE0E,0x02BE16,FUN_02be0e,derived,
0x02BE16,0x02BE1E,FUN_02be16,derived,
0x02BE1E,0x02BE24,FUN_02be1e,derived,
0x02BE24,0x02BE96,FUN_02be24,derived,
0x02BE96,0x02BE9E,FUN_02be96,derived,
0x02BE9E,0x02BEA6,FUN_02be9e,derived,
0x02BEA6,0x02BEEC,FUN_02bea6,derived,
0x02BEEC,0x02BF02,FUN_02beec,derived,
0x02BF02,0x02BF4C,FUN_02bf02,derived,
0x02BF4C,0x02BF5E,FUN_02bf4c,derived,
0x02BF5E,0x02C004,FUN_02bf5e,derived,
0x02C004,0x02C00A,FUN_02c004,derived,
0x02C00A,0x02C034,FUN_02c00a,derived,
0x02C034,0x02C04A,FUN_02c034,derived,
0x02C04A,0x02C05A,FUN_02c04a,derived,
0x02C05A,0x02C07E,FUN_02c05a,derived,
0x02C07E,0x02C086,FUN_02c07e,derived,
0x02C086,0x02C08C,FUN_02c086,derived,
0x02C08C,0x02C096,FUN_02c08c,derived,
0x02C096,0x02C09A,FUN_02c096,derived,
0x02C09A,0x02C0AC,FUN_02c09a,derived,
0x02C0AC,0x02C110,FUN_02c0ac,derived,
0x02C110,0x02C12E,FUN_02c110,derived,
0x02C12E,0x02C1BA,DSC_checkIfMode_x80,ghidra-hand-xmap,
0x02C1BA,0x02C1C0,FUN_02c1ba,derived,
0x02C1C0,0x02C1C4,FUN_02c1c0,derived,
0x02C1C4,0x02C1CE,FUN_02c1c4,derived,
0x02C1CE,0x02C1D2,FUN_02c1ce,derived,
0x02C1D2,0x02C1DA,FUN_02c1d2,derived,
0x02C1DA,0x02C1EC,FUN_02c1da,derived,
0x02C1EC,0x02C1F4,FUN_02c1ec,derived,
0x02C1F4,0x02C212,DSC_checkIfMode_x20,ghidra-hand-xmap,
0x02C212,0x02C230,DSC_checkIfMode_x10,ghidra-hand-xmap,
0x02C230,0x02C24E,FUN_02c230,derived,
0x02C24E,0x02C282,can212RXUnpack,ghidra-hand-xmap,
0x02C282,0x02C2C8,checkTorqueRequestValidity,ghidra-hand-xmap,
0x02C2C8,0x02C2FC,FUN_02c2c8,derived,
0x02C2FC,0x02C31A,FUN_02c2fc,derived,
0x02C31A,0x02C360,FUN_02c31a,derived,
0x02C360,0x02C36A,FUN_02c360,derived,
0x02C36A,0x02C3C0,FUN_02c36a,derived,
0x02C3C0,0x02C3C4,FUN_02c3c0,derived,
0x02C3C4,0x02C3E0,FUN_02c3c4,derived,
0x02C3E0,0x02C3E4,FUN_02c3e0,derived,
0x02C3E4,0x02C3EA,FUN_02c3e4,derived,
0x02C3EA,0x02C3EE,FUN_02c3ea,derived,
0x02C3EE,0x02C3F4,FUN_02c3ee,derived,
0x02C3F4,0x02C3FC,FUN_02c3f4,derived,
0x02C3FC,0x02C3FE,FUN_02c3fc,derived,
0x02C3FE,0x02C434,FUN_02c3fe,derived,
0x02C434,0x02C444,FUN_02c434,derived,
0x02C444,0x02C448,FUN_02c444,derived,
0x02C448,0x02C44A,FUN_02c448,derived,
0x02C44A,0x02C474,can650TX_getAndPack,ghidra-hand-xmap,
0x02C474,0x02C47C,FUN_02c474,derived,
0x02C47C,0x02C48C,FUN_02c47c,derived,
0x02C48C,0x02C4C8,FUN_02c48c,derived,
0x02C4C8,0x02C4D2,FUN_02c4c8,derived,
0x02C4D2,0x02C4D6,FUN_02c4d2,derived,
0x02C4D6,0x02C4DC,FUN_02c4d6,derived,
0x02C4DC,0x02C4E2,FUN_02c4dc,derived,
0x02C4E2,0x02C4E4,FUN_02c4e2,derived,
0x02C4E4,0x02C4E8,FUN_02c4e4,derived,
0x02C4E8,0x02C4F2,FUN_02c4e8,derived,
0x02C4F2,0x02C4F4,FUN_02c4f2,derived,
0x02C4F4,0x02C568,FUN_02c4f4,derived,
0x02C568,0x02C5D2,writeOilPressureLight??,ghidra-hand-xmap,
0x02C5D2,0x02C5D8,FUN_02c5d2,derived,
0x02C5D8,0x02C5DC,FUN_02c5d8,derived,
0x02C5DC,0x02C5E0,FUN_02c5dc,derived,
0x02C5E0,0x02C5E4,FUN_02c5e0,derived,
0x02C5E4,0x02C5E8,FUN_02c5e4,derived,
0x02C5E8,0x02C5EA,FUN_02c5e8,derived,
0x02C5EA,0x02C602,FUN_02c5ea,derived,
0x02C602,0x02C622,FUN_02c602,derived,
0x02C622,0x02C68C,FUN_02c622,derived,
0x02C68C,0x02C696,FUN_02c68c,derived,
0x02C696,0x02C6A0,FUN_02c696,derived,
0x02C6A0,0x02C6C2,FUN_02c6a0,derived,
0x02C6C2,0x02C6DC,FUN_02c6c2,derived,
0x02C6DC,0x02C6E0,FUN_02c6dc,derived,
0x02C6E0,0x02C6F6,FUN_02c6e0,derived,
0x02C6F6,0x02C702,FUN_02c6f6,derived,
0x02C702,0x02C712,FUN_02c702,derived,
0x02C712,0x02C79C,FUN_02c712,derived,
0x02C79C,0x02C7DC,FUN_02c79c,derived,
0x02C7DC,0x02C7E4,FUN_02c7dc,derived,
0x02C7E4,0x02C7FE,FUN_02c7e4,derived,
0x02C7FE,0x02C860,FUN_02c7fe,derived,
0x02C860,0x02C8E8,FUN_02c860,derived,
0x02C8E8,0x02C900,FUN_02c8e8,derived,
0x02C900,0x02C908,FUN_02c900,derived,
0x02C908,0x02C910,FUN_02c908,derived,
0x02C910,0x02C95E,FUN_02c910,derived,
0x02C95E,0x02C96A,FUN_02c95e,derived,
0x02C96A,0x02C976,FUN_02c96a,derived,
0x02C976,0x02C982,FUN_02c976,derived,
0x02C982,0x02C984,FUN_02c982,derived,
0x02C984,0x02C98E,FUN_02c984,derived,
0x02C98E,0x02C99A,FUN_02c98e,derived,
0x02C99A,0x02CA72,FUN_02c99a,derived,
0x02CA72,0x02CA80,FUN_02ca72,derived,
0x02CA80,0x02CA86,FUN_02ca80,derived,
0x02CA86,0x02CA8E,FUN_02ca86,derived,
0x02CA8E,0x02CA96,FUN_02ca8e,derived,
0x02CA96,0x02CB9C,FUN_02ca96,derived,
0x02CB9C,0x02CBA6,FUN_02cb9c,derived,
0x02CBA6,0x02CBB0,FUN_02cba6,derived,
0x02CBB0,0x02CBC4,FUN_02cbb0,derived,
0x02CBC4,0x02CBC6,FUN_02cbc4,derived,
0x02CBC6,0x02CBC8,FUN_02cbc6,derived,
0x02CBC8,0x02CBCA,FUN_02cbc8,derived,
0x02CBCA,0x02CBD0,FUN_02cbca,derived,
0x02CBD0,0x02CBD2,FUN_02cbd0,derived,
0x02CBD2,0x02CBD4,FUN_02cbd2,derived,
0x02CBD4,0x02CBDA,FUN_02cbd4,derived,
0x02CBDA,0x02CC02,FUN_02cbda,derived,
0x02CC02,0x02CC18,FUN_02cc02,derived,
0x02CC18,0x02CC2A,FUN_02cc18,derived,
0x02CC2A,0x02CCB8,debounceGearConditionAutoTransMAYBE,ghidra-hand-xmap,
0x02CCB8,0x02CD22,FUN_02ccb8,derived,
0x02CD22,0x02CD28,FUN_02cd22,derived,
0x02CD28,0x02CD30,FUN_02cd28,derived,
0x02CD30,0x02CD36,FUN_02cd30,derived,
0x02CD36,0x02CD3C,FUN_02cd36,derived,
0x02CD3C,0x02CD42,FUN_02cd3c,derived,
0x02CD42,0x02CDF4,FUN_02cd42,derived,
0x02CDF4,0x02CE26,FUN_02cdf4,derived,
0x02CE26,0x02CE2A,FUN_02ce26,derived,
0x02CE2A,0x02CE82,FUN_02ce2a,derived,
0x02CE82,0x02CF26,FUN_02ce82,derived,
0x02CF26,0x02CF28,FUN_02cf26,derived,
0x02CF28,0x02CF2E,FUN_02cf28,derived,
0x02CF2E,0x02CF3A,FUN_02cf2e,derived,
0x02CF3A,0x02CF42,FUN_02cf3a,derived,
0x02CF42,0x02CF46,FUN_02cf42,derived,
0x02CF46,0x02CF82,FUN_02cf46,derived,
0x02CF82,0x02CFD8,FUN_02cf82,derived,
0x02CFD8,0x02CFE0,FUN_02cfd8,derived,
0x02CFE0,0x02CFE4,FUN_02cfe0,derived,
0x02CFE4,0x02CFF0,FUN_02cfe4,derived,
0x02CFF0,0x02D040,FUN_02cff0,derived,
0x02D040,0x02D046,FUN_02d040,derived,
0x02D046,0x02D070,FUN_02d046,derived,
0x02D070,0x02D078,FUN_02d070,derived,
0x02D078,0x02D0A2,canPackandTx231,ghidra-hand-xmap,
0x02D0A2,0x02D0B4,FUN_02d0a2,derived,
0x02D0B4,0x02D0E0,FUN_02d0b4,derived,
0x02D0E0,0x02D0E8,FUN_02d0e0,derived,
0x02D0E8,0x02D124,FUN_02d0e8,derived,
0x02D124,0x02D13C,dscDerateInit?,ghidra-hand-xmap,
0x02D13C,0x02D1AA,FUN_02d13c,derived,
0x02D1AA,0x02D1EE,FUN_02d1aa,derived,
0x02D1EE,0x02D1F0,FUN_02d1ee,derived,
0x02D1F0,0x02D1F8,FUN_02d1f0,derived,
0x02D1F8,0x02D202,FUN_02d1f8,derived,
0x02D202,0x02D20E,FUN_02d202,derived,
0x02D20E,0x02D21A,FUN_02d20e,derived,
0x02D21A,0x02D22E,FUN_02d21a,derived,
0x02D22E,0x02D238,FUN_02d22e,derived,
0x02D238,0x02D244,FUN_02d238,derived,
0x02D244,0x02D252,FUN_02d244,derived,
0x02D252,0x02D25C,FUN_02d252,derived,
0x02D25C,0x02D2A0,FUN_02d25c,derived,
0x02D2A0,0x02D35E,FUN_02d2a0,derived,
0x02D35E,0x02D36A,FUN_02d35e,derived,
0x02D36A,0x02D374,FUN_02d36a,derived,
0x02D374,0x02D378,FUN_02d374,derived,
0x02D378,0x02D38C,FUN_02d378,derived,
0x02D38C,0x02D38E,FUN_02d38c,derived,
0x02D38E,0x02D3AA,FUN_02d38e,derived,
0x02D3AA,0x02D3BE,FUN_02d3aa,derived,
0x02D3BE,0x02D3DC,FUN_02d3be,derived,
0x02D3DC,0x02D3E6,FUN_02d3dc,derived,
0x02D3E6,0x02D440,FUN_02d3e6,derived,
0x02D440,0x02D456,FUN_02d440,derived,
0x02D456,0x02D488,FUN_02d456,derived,
0x02D488,0x02D49A,FUN_02d488,derived,
0x02D49A,0x02D4D6,FUN_02d49a,derived,
0x02D4D6,0x02D4E0,FUN_02d4d6,derived,
0x02D4E0,0x02D55E,FUN_02d4e0,derived,
0x02D55E,0x02D58C,FUN_02d55e,derived,
0x02D58C,0x02D59E,FUN_02d58c,derived,
0x02D59E,0x02D5A6,FUN_02d59e,derived,
0x02D5A6,0x02D5D8,FUN_02d5a6,derived,
0x02D5D8,0x02D630,arbitrateDSCFuelCut?,ghidra-hand-xmap,
0x02D630,0x02D634,FUN_02d630,derived,
0x02D634,0x02D6AE,calculateTorqueRelatedParams,ghidra-hand-xmap,
0x02D6AE,0x02D6C6,FUN_02d6ae,derived,
0x02D6C6,0x02D6C8,FUN_02d6c6,derived,
0x02D6C8,0x02D6E4,FUN_02d6c8,derived,
0x02D6E4,0x02D6FC,FUN_02d6e4,derived,
0x02D6FC,0x02D700,FUN_02d6fc,derived,
0x02D700,0x02D708,FUN_02d700,derived,
0x02D708,0x02D70E,FUN_02d708,derived,
0x02D70E,0x02D714,FUN_02d70e,derived,
0x02D714,0x02D728,FUN_02d714,derived,
0x02D728,0x02D72C,FUN_02d728,derived,
0x02D72C,0x02D74C,FUN_02d72c,derived,
0x02D74C,0x02D7B8,FUN_02d74c,derived,
0x02D7B8,0x02D7C8,FUN_02d7b8,derived,
0x02D7C8,0x02D7CE,FUN_02d7c8,derived,
0x02D7CE,0x02D7E4,FUN_02d7ce,derived,
0x02D7E4,0x02D804,FUN_02d7e4,derived,
0x02D804,0x02D82C,FUN_02d804,derived,
0x02D82C,0x02D838,FUN_02d82c,derived,
0x02D838,0x02D83A,FUN_02d838,derived,
0x02D83A,0x02D84A,FUN_02d83a,derived,
0x02D84A,0x02D85C,FUN_02d84a,derived,
0x02D85C,0x02D85E,FUN_02d85c,derived,
0x02D85E,0x02D86C,FUN_02d85e,derived,
0x02D86C,0x02D882,FUN_02d86c,derived,
0x02D882,0x02D89A,FUN_02d882,derived,
0x02D89A,0x02D8B2,FUN_02d89a,derived,
0x02D8B2,0x02D8D8,FUN_02d8b2,derived,
0x02D8D8,0x02D8E8,FUN_02d8d8,derived,
0x02D8E8,0x02D8FC,FUN_02d8e8,derived,
0x02D8FC,0x02D920,FUN_02d8fc,derived,
0x02D920,0x02D934,FUN_02d920,derived,
0x02D934,0x02D954,FUN_02d934,derived,
0x02D954,0x02D962,FUN_02d954,derived,
0x02D962,0x02D970,FUN_02d962,derived,
0x02D970,0x02D992,FUN_02d970,derived,
0x02D992,0x02D9A8,FUN_02d992,derived,
0x02D9A8,0x02D9B2,FUN_02d9a8,derived,
0x02D9B2,0x02D9BE,FUN_02d9b2,derived,
0x02D9BE,0x02D9CC,FUN_02d9be,derived,
0x02D9CC,0x02D9D6,FUN_02d9cc,derived,
0x02D9D6,0x02D9E4,FUN_02d9d6,derived,
0x02D9E4,0x02D9F8,FUN_02d9e4,derived,
0x02D9F8,0x02DA08,FUN_02d9f8,derived,
0x02DA08,0x02DA0C,FUN_02da08,derived,
0x02DA0C,0x02DA10,FUN_02da0c,derived,
0x02DA10,0x02DA18,FUN_02da10,derived,
0x02DA18,0x02DA3A,FUN_02da18,derived,
0x02DA3A,0x02DA5E,FUN_02da3a,derived,
0x02DA5E,0x02DA64,FUN_02da5e,derived,
0x02DA64,0x02DA72,FUN_02da64,derived,
0x02DA72,0x02DA86,FUN_02da72,derived,
0x02DA86,0x02DA8C,FUN_02da86,derived,
0x02DA8C,0x02DA8E,FUN_02da8c,derived,
0x02DA8E,0x02DAB0,FUN_02da8e,derived,
0x02DAB0,0x02DAB4,FUN_02dab0,derived,
0x02DAB4,0x02DAB6,FUN_02dab4,derived,
0x02DAB6,0x02DAE0,FUN_02dab6,derived,
0x02DAE0,0x02DAE4,FUN_02dae0,derived,
0x02DAE4,0x02DAE8,FUN_02dae4,derived,
0x02DAE8,0x02DB22,FUN_02dae8,derived,
0x02DB22,0x02DB26,FUN_02db22,derived,
0x02DB26,0x02DB28,FUN_02db26,derived,
0x02DB28,0x02DB2A,FUN_02db28,derived,
0x02DB2A,0x02DB36,FUN_02db2a,derived,
0x02DB36,0x02DB4E,FUN_02db36,derived,
0x02DB4E,0x02DB54,FUN_02db4e,derived,
0x02DB54,0x02DBEC,FUN_02db54,derived,
0x02DBEC,0x02DBF0,FUN_02dbec,derived,
0x02DBF0,0x02DBFE,FUN_02dbf0,derived,
0x02DBFE,0x02DC24,FUN_02dbfe,derived,
0x02DC24,0x02DC32,FUN_02dc24,derived,
0x02DC32,0x02DC58,FUN_02dc32,derived,
0x02DC58,0x02DC8A,FUN_02dc58,derived,
0x02DC8A,0x02DCA2,FUN_02dc8a,derived,
0x02DCA2,0x02DCA4,FUN_02dca2,derived,
0x02DCA4,0x02DCAA,FUN_02dca4,derived,
0x02DCAA,0x02DCBA,FUN_02dcaa,derived,
0x02DCBA,0x02DCC2,FUN_02dcba,derived,
0x02DCC2,0x02DCCC,FUN_02dcc2,derived,
0x02DCCC,0x02DCF4,FUN_02dccc,derived,
0x02DCF4,0x02DCF8,FUN_02dcf4,derived,
0x02DCF8,0x02DCFC,FUN_02dcf8,derived,
0x02DCFC,0x02DD14,FUN_02dcfc,derived,
0x02DD14,0x02DD50,FUN_02dd14,derived,
0x02DD50,0x02DD6E,FUN_02dd50,derived,
0x02DD6E,0x02DD78,FUN_02dd6e,derived,
0x02DD78,0x02DD8E,FUN_02dd78,derived,
0x02DD8E,0x02DDE8,FUN_02dd8e,derived,
0x02DDE8,0x02DDF6,cruiseControlUndershootingPlausibilityMon,ghidra-hand-xmap,
0x02DDF6,0x02DE42,FUN_02ddf6,derived,
0x02DE42,0x02DE50,FUN_02de42,derived,
0x02DE50,0x02DE54,FUN_02de50,derived,
0x02DE54,0x02DE74,FUN_02de54,derived,
0x02DE74,0x02DE9C,FUN_02de74,derived,
0x02DE9C,0x02DEA6,FUN_02de9c,derived,
0x02DEA6,0x02DEB2,FUN_02dea6,derived,
0x02DEB2,0x02DEBE,FUN_02deb2,derived,
0x02DEBE,0x02DECE,FUN_02debe,derived,
0x02DECE,0x02DEEA,FUN_02dece,derived,
0x02DEEA,0x02DF2C,FUN_02deea,derived,
0x02DF2C,0x02DF9A,cruiseControlOvershootPlausibilityMon,ghidra-hand-xmap,
0x02DF9A,0x02DFA0,FUN_02df9a,derived,
0x02DFA0,0x02DFC6,FUN_02dfa0,derived,
0x02DFC6,0x02DFCA,FUN_02dfc6,derived,
0x02DFCA,0x02DFD2,FUN_02dfca,derived,
0x02DFD2,0x02DFF0,FUN_02dfd2,derived,
0x02DFF0,0x02E056,getCruiseControlAllowedBool??,ghidra-hand-xmap,
0x02E056,0x02E072,FUN_02e056,derived,
0x02E072,0x02E09E,FUN_02e072,derived,
0x02E09E,0x02E0A2,FUN_02e09e,derived,
0x02E0A2,0x02E0B2,FUN_02e0a2,derived,
0x02E0B2,0x02E0B4,FUN_02e0b2,derived,
0x02E0B4,0x02E0D2,FUN_02e0b4,derived,
0x02E0D2,0x02E0FE,FUN_02e0d2,derived,
0x02E0FE,0x02E104,FUN_02e0fe,derived,
0x02E104,0x02E106,FUN_02e104,derived,
0x02E106,0x02E108,FUN_02e106,derived,
0x02E108,0x02E10A,FUN_02e108,derived,
0x02E10A,0x02E110,FUN_02e10a,derived,
0x02E110,0x02E168,FUN_02e110,derived,
0x02E168,0x02E172,FUN_02e168,derived,
0x02E172,0x02E17C,FUN_02e172,derived,
0x02E17C,0x02E218,FUN_02e17c,derived,
0x02E218,0x02E226,FUN_02e218,derived,
0x02E226,0x02E290,FUN_02e226,derived,
0x02E290,0x02E29A,FUN_02e290,derived,
0x02E29A,0x02E29E,FUN_02e29a,derived,
0x02E29E,0x02E31A,FUN_02e29e,derived,
0x02E31A,0x02E324,FUN_02e31a,derived,
0x02E324,0x02E362,FUN_02e324,derived,
0x02E362,0x02E372,FUN_02e362,derived,
0x02E372,0x02E37C,FUN_02e372,derived,
0x02E37C,0x02E3AC,FUN_02e37c,derived,
0x02E3AC,0x02E3B0,FUN_02e3ac,derived,
0x02E3B0,0x02E3B4,FUN_02e3b0,derived,
0x02E3B4,0x02E3B8,FUN_02e3b4,derived,
0x02E3B8,0x02E3C4,FUN_02e3b8,derived,
0x02E3C4,0x02E41A,FUN_02e3c4,derived,
0x02E41A,0x02E42A,FUN_02e41a,derived,
0x02E42A,0x02E43E,FUN_02e42a,derived,
0x02E43E,0x02E442,FUN_02e43e,derived,
0x02E442,0x02E444,FUN_02e442,derived,
0x02E444,0x02E448,FUN_02e444,derived,
0x02E448,0x02E44A,FUN_02e448,derived,
0x02E44A,0x02E452,FUN_02e44a,derived,
0x02E452,0x02E458,FUN_02e452,derived,
0x02E458,0x02E490,FUN_02e458,derived,
0x02E490,0x02E492,FUN_02e490,derived,
0x02E492,0x02E4A6,FUN_02e492,derived,
0x02E4A6,0x02E4B0,FUN_02e4a6,derived,
0x02E4B0,0x02E4C2,FUN_02e4b0,derived,
0x02E4C2,0x02E4DE,FUN_02e4c2,derived,
0x02E4DE,0x02E4F2,FUN_02e4de,derived,
0x02E4F2,0x02E526,FUN_02e4f2,derived,
0x02E526,0x02E55A,FUN_02e526,derived,
0x02E55A,0x02E568,FUN_02e55a,derived,
0x02E568,0x02E574,FUN_02e568,derived,
0x02E574,0x02E5A2,FUN_02e574,derived,
0x02E5A2,0x02E5A6,FUN_02e5a2,derived,
0x02E5A6,0x02E5B4,FUN_02e5a6,derived,
0x02E5B4,0x02E5BC,FUN_02e5b4,derived,
0x02E5BC,0x02E5D4,FUN_02e5bc,derived,
0x02E5D4,0x02E5F0,FUN_02e5d4,derived,
0x02E5F0,0x02E61A,FUN_02e5f0,derived,
0x02E61A,0x02E6B2,FUN_02e61a,derived,
0x02E6B2,0x02E6CA,FUN_02e6b2,derived,
0x02E6CA,0x02E6D0,FUN_02e6ca,derived,
0x02E6D0,0x02E6E6,FUN_02e6d0,derived,
0x02E6E6,0x02E6EC,FUN_02e6e6,derived,
0x02E6EC,0x02E6F2,FUN_02e6ec,derived,
0x02E6F2,0x02E790,FUN_02e6f2,derived,
0x02E790,0x02E7A6,FUN_02e790,derived,
0x02E7A6,0x02E7B0,FUN_02e7a6,derived,
0x02E7B0,0x02E7B2,FUN_02e7b0,derived,
0x02E7B2,0x02E7BE,FUN_02e7b2,derived,
0x02E7BE,0x02E7E0,FUN_02e7be,derived,
0x02E7E0,0x02E822,FUN_02e7e0,derived,
0x02E822,0x02E82A,FUN_02e822,derived,
0x02E82A,0x02E8C2,FUN_02e82a,derived,
0x02E8C2,0x02E8D8,FUN_02e8c2,derived,
0x02E8D8,0x02E8E0,FUN_02e8d8,derived,
0x02E8E0,0x02E92E,FUN_02e8e0,derived,
0x02E92E,0x02E938,FUN_02e92e,derived,
0x02E938,0x02E948,FUN_02e938,derived,
0x02E948,0x02E9AC,FUN_02e948,derived,
0x02E9AC,0x02E9BE,FUN_02e9ac,derived,
0x02E9BE,0x02E9D8,FUN_02e9be,derived,
0x02E9D8,0x02E9E4,FUN_02e9d8,derived,
0x02E9E4,0x02E9EA,FUN_02e9e4,derived,
0x02E9EA,0x02E9F2,FUN_02e9ea,derived,
0x02E9F2,0x02EA0E,FUN_02e9f2,derived,
0x02EA0E,0x02EA10,FUN_02ea0e,derived,
0x02EA10,0x02EA1E,FUN_02ea10,derived,
0x02EA1E,0x02EA30,FUN_02ea1e,derived,
0x02EA30,0x02EA66,FUN_02ea30,derived,
0x02EA66,0x02EA84,FUN_02ea66,derived,
0x02EA84,0x02EA96,FUN_02ea84,derived,
0x02EA96,0x02EA98,FUN_02ea96,derived,
0x02EA98,0x02EB0E,cruiseControlStateStuff,ghidra-hand-xmap,
0x02EB0E,0x02EB54,FUN_02eb0e,derived,
0x02EB54,0x02EB5E,FUN_02eb54,derived,
0x02EB5E,0x02EC5A,FUN_02eb5e,derived,
0x02EC5A,0x02EC7C,FUN_02ec5a,derived,
0x02EC7C,0x02ECD4,FUN_02ec7c,derived,
0x02ECD4,0x02ECEC,FUN_02ecd4,derived,
0x02ECEC,0x02ED8C,FUN_02ecec,derived,
0x02ED8C,0x02ED9E,FUN_02ed8c,derived,
0x02ED9E,0x02EDBA,FUN_02ed9e,derived,
0x02EDBA,0x02EDBE,FUN_02edba,derived,
0x02EDBE,0x02EDFA,FUN_02edbe,derived,
0x02EDFA,0x02EE00,FUN_02edfa,derived,
0x02EE00,0x02EE12,FUN_02ee00,derived,
0x02EE12,0x02EE1A,FUN_02ee12,derived,
0x02EE1A,0x02EE2A,FUN_02ee1a,derived,
0x02EE2A,0x02EE30,FUN_02ee2a,derived,
0x02EE30,0x02EE64,FUN_02ee30,derived,
0x02EE64,0x02EE6A,FUN_02ee64,derived,
0x02EE6A,0x02EE80,FUN_02ee6a,derived,
0x02EE80,0x02EE88,FUN_02ee80,derived,
0x02EE88,0x02EEEA,FUN_02ee88,derived,
0x02EEEA,0x02EEFE,FUN_02eeea,derived,
0x02EEFE,0x02EF0A,FUN_02eefe,derived,
0x02EF0A,0x02EF10,FUN_02ef0a,derived,
0x02EF10,0x02EF16,FUN_02ef10,derived,
0x02EF16,0x02EF3C,FUN_02ef16,derived,
0x02EF3C,0x02EF4A,FUN_02ef3c,derived,
0x02EF4A,0x02EF4E,FUN_02ef4a,derived,
0x02EF4E,0x02EF6C,FUN_02ef4e,derived,
0x02EF6C,0x02EFA6,FUN_02ef6c,derived,
0x02EFA6,0x02EFAA,FUN_02efa6,derived,
0x02EFAA,0x02EFDE,FUN_02efaa,derived,
0x02EFDE,0x02EFE2,FUN_02efde,derived,
0x02EFE2,0x02EFE4,FUN_02efe2,derived,
0x02EFE4,0x02EFEE,FUN_02efe4,derived,
0x02EFEE,0x02EFF6,FUN_02efee,derived,
0x02EFF6,0x02F006,FUN_02eff6,derived,
0x02F006,0x02F00E,FUN_02f006,derived,
0x02F00E,0x02F01A,FUN_02f00e,derived,
0x02F01A,0x02F020,FUN_02f01a,derived,
0x02F020,0x02F026,FUN_02f020,derived,
0x02F026,0x02F038,FUN_02f026,derived,
0x02F038,0x02F046,FUN_02f038,derived,
0x02F046,0x02F0E4,FUN_02f046,derived,
0x02F0E4,0x02F124,FUN_02f0e4,derived,
0x02F124,0x02F12A,FUN_02f124,derived,
0x02F12A,0x02F13E,FUN_02f12a,derived,
0x02F13E,0x02F14E,FUN_02f13e,derived,
0x02F14E,0x02F15A,FUN_02f14e,derived,
0x02F15A,0x02F180,FUN_02f15a,derived,
0x02F180,0x02F184,FUN_02f180,derived,
0x02F184,0x02F1B0,FUN_02f184,derived,
0x02F1B0,0x02F288,FUN_02f1b0,derived,
0x02F288,0x02F33E,FUN_02f288,derived,
0x02F33E,0x02F346,FUN_02f33e,derived,
0x02F346,0x02F34A,FUN_02f346,derived,
0x02F34A,0x02F366,FUN_02f34a,derived,
0x02F366,0x02F36C,FUN_02f366,derived,
0x02F36C,0x02F37E,FUN_02f36c,derived,
0x02F37E,0x02F382,FUN_02f37e,derived,
0x02F382,0x02F388,FUN_02f382,derived,
0x02F388,0x02F38E,FUN_02f388,derived,
0x02F38E,0x02F394,FUN_02f38e,derived,
0x02F394,0x02F396,FUN_02f394,derived,
0x02F396,0x02F3A6,FUN_02f396,derived,
0x02F3A6,0x02F400,FUN_02f3a6,derived,
0x02F400,0x02F498,FUN_02f400,derived,
0x02F498,0x02F4AA,FUN_02f498,derived,
0x02F4AA,0x02F4B0,FUN_02f4aa,derived,
0x02F4B0,0x02F4BA,FUN_02f4b0,derived,
0x02F4BA,0x02F4BE,FUN_02f4ba,derived,
0x02F4BE,0x02F4E6,FUN_02f4be,derived,
0x02F4E6,0x02F4F0,FUN_02f4e6,derived,
0x02F4F0,0x02F4F6,FUN_02f4f0,derived,
0x02F4F6,0x02F538,FUN_02f4f6,derived,
0x02F538,0x02F548,FUN_02f538,derived,
0x02F548,0x02F556,FUN_02f548,derived,
0x02F556,0x02F576,FUN_02f556,derived,
0x02F576,0x02F59A,FUN_02f576,derived,
0x02F59A,0x02F5A0,FUN_02f59a,derived,
0x02F5A0,0x02F706,FUN_02f5a0,derived,
0x02F706,0x02F70C,FUN_02f706,derived,
0x02F70C,0x02F738,FUN_02f70c,derived,
0x02F738,0x02F7F6,FUN_02f738,derived,
0x02F7F6,0x02F868,FUN_02f7f6,derived,
0x02F868,0x02F890,FUN_02f868,derived,
0x02F890,0x02F892,FUN_02f890,derived,
0x02F892,0x02F896,FUN_02f892,derived,
0x02F896,0x02F89C,FUN_02f896,derived,
0x02F89C,0x02F8A2,FUN_02f89c,derived,
0x02F8A2,0x02F8A8,FUN_02f8a2,derived,
0x02F8A8,0x02F930,FUN_02f8a8,derived,
0x02F930,0x02F958,FUN_02f930,derived,
0x02F958,0x02F96E,FUN_02f958,derived,
0x02F96E,0x02F97A,FUN_02f96e,derived,
0x02F97A,0x02F982,FUN_02f97a,derived,
0x02F982,0x02F988,FUN_02f982,derived,
0x02F988,0x02F98E,FUN_02f988,derived,
0x02F98E,0x02F99C,FUN_02f98e,derived,
0x02F99C,0x02F9AA,FUN_02f99c,derived,
0x02F9AA,0x02FA00,FUN_02f9aa,derived,
0x02FA00,0x02FA06,FUN_02fa00,derived,
0x02FA06,0x02FA18,FUN_02fa06,derived,
0x02FA18,0x02FA48,FUN_02fa18,derived,
0x02FA48,0x02FA4E,FUN_02fa48,derived,
0x02FA4E,0x02FA52,FUN_02fa4e,derived,
0x02FA52,0x02FA54,FUN_02fa52,derived,
0x02FA54,0x02FA6C,FUN_02fa54,derived,
0x02FA6C,0x02FA98,FUN_02fa6c,derived,
0x02FA98,0x02FA9E,FUN_02fa98,derived,
0x02FA9E,0x02FAC0,FUN_02fa9e,derived,
0x02FAC0,0x02FAFC,FUN_02fac0,derived,
0x02FAFC,0x02FB00,FUN_02fafc,derived,
0x02FB00,0x02FB30,FUN_02fb00,derived,
0x02FB30,0x02FB44,FUN_02fb30,derived,
0x02FB44,0x02FB4A,FUN_02fb44,derived,
0x02FB4A,0x02FB90,fanControlMain,ghidra-hand-xmap,
0x02FB90,0x02FBBA,calcFanControlFaultRelated_MAYBE,ghidra-hand-xmap,
0x02FBBA,0x02FBF6,FUN_02fbba,derived,
0x02FBF6,0x02FC06,FUN_02fbf6,derived,
0x02FC06,0x02FC0C,FUN_02fc06,derived,
0x02FC0C,0x02FC12,FUN_02fc0c,derived,
0x02FC12,0x02FC5A,FUN_02fc12,derived,
0x02FC5A,0x02FC6C,FUN_02fc5a,derived,
0x02FC6C,0x02FCD0,FUN_02fc6c,derived,
0x02FCD0,0x02FCE6,FUN_02fcd0,derived,
0x02FCE6,0x02FCF6,FUN_02fce6,derived,
0x02FCF6,0x02FCFC,FUN_02fcf6,derived,
0x02FCFC,0x02FD06,FUN_02fcfc,derived,
0x02FD06,0x02FD16,FUN_02fd06,derived,
0x02FD16,0x02FD1C,FUN_02fd16,derived,
0x02FD1C,0x02FD22,FUN_02fd1c,derived,
0x02FD22,0x02FD32,FUN_02fd22,derived,
0x02FD32,0x02FD78,FUN_02fd32,derived,
0x02FD78,0x02FDA0,FUN_02fd78,derived,
0x02FDA0,0x02FDFE,FUN_02fda0,derived,
0x02FDFE,0x02FE2C,calcFan1Control,ghidra-hand-xmap,
0x02FE2C,0x02FE60,FUN_02fe2c,derived,
0x02FE60,0x02FE6A,FUN_02fe60,derived,
0x02FE6A,0x02FED8,FUN_02fe6a,derived,
0x02FED8,0x02FF40,FUN_02fed8,derived,
0x02FF40,0x02FFE2,FUN_02ff40,derived,
0x02FFE2,0x030000,FUN_02ffe2,derived,
0x030000,0x030006,FUN_030000,derived,
0x030006,0x03000A,FUN_030006,derived,
0x03000A,0x030016,FUN_03000a,derived,
0x030016,0x03001A,FUN_030016,derived,
0x03001A,0x0300A8,FUN_03001a,derived,
0x0300A8,0x0300B0,FUN_0300a8,derived,
0x0300B0,0x0300C2,FUN_0300b0,derived,
0x0300C2,0x0300C4,FUN_0300c2,derived,
0x0300C4,0x0300D0,FUN_0300c4,derived,
0x0300D0,0x0300DA,FUN_0300d0,derived,
0x0300DA,0x030108,FUN_0300da,derived,
0x030108,0x03010E,FUN_030108,derived,
0x03010E,0x03014C,FUN_03010e,derived,
0x03014C,0x030174,getACSwitchStatus,ghidra-hand-xmap,
0x030174,0x03017E,FUN_030174,derived,
0x03017E,0x0301A8,FUN_03017e,derived,
0x0301A8,0x0301B2,FUN_0301a8,derived,
0x0301B2,0x0301FE,FUN_0301b2,derived,
0x0301FE,0x030212,FUN_0301fe,derived,
0x030212,0x030216,FUN_030212,derived,
0x030216,0x030222,FUN_030216,derived,
0x030222,0x03022A,FUN_030222,derived,
0x03022A,0x03022C,FUN_03022a,derived,
0x03022C,0x030240,FUN_03022c,derived,
0x030240,0x030270,FUN_030240,derived,
0x030270,0x0302B4,FUN_030270,derived,
0x0302B4,0x0302C8,FUN_0302b4,derived,
0x0302C8,0x0302D2,FUN_0302c8,derived,
0x0302D2,0x0302DC,FUN_0302d2,derived,
0x0302DC,0x0302E0,FUN_0302dc,derived,
0x0302E0,0x0302EE,FUN_0302e0,derived,
0x0302EE,0x0302FE,FUN_0302ee,derived,
0x0302FE,0x03030E,FUN_0302fe,derived,
0x03030E,0x0303D4,FUN_03030e,derived,
0x0303D4,0x0303D6,FUN_0303d4,derived,
0x0303D6,0x0303EA,FUN_0303d6,derived,
0x0303EA,0x0303F4,FUN_0303ea,derived,
0x0303F4,0x0303FE,FUN_0303f4,derived,
0x0303FE,0x030404,FUN_0303fe,derived,
0x030404,0x030408,FUN_030404,derived,
0x030408,0x030412,FUN_030408,derived,
0x030412,0x03041E,FUN_030412,derived,
0x03041E,0x0304D4,FUN_03041e,derived,
0x0304D4,0x0304DC,FUN_0304d4,derived,
0x0304DC,0x0304E4,FUN_0304dc,derived,
0x0304E4,0x030504,FUN_0304e4,derived,
0x030504,0x03050A,FUN_030504,derived,
0x03050A,0x030510,FUN_03050a,derived,
0x030510,0x030526,FUN_030510,derived,
0x030526,0x03052A,FUN_030526,derived,
0x03052A,0x030530,FUN_03052a,derived,
0x030530,0x03053A,FUN_030530,derived,
0x03053A,0x030540,FUN_03053a,derived,
0x030540,0x030546,FUN_030540,derived,
0x030546,0x030564,FUN_030546,derived,
0x030564,0x03056E,FUN_030564,derived,
0x03056E,0x030572,FUN_03056e,derived,
0x030572,0x030578,FUN_030572,derived,
0x030578,0x03057C,FUN_030578,derived,
0x03057C,0x030584,FUN_03057c,derived,
0x030584,0x030590,FUN_030584,derived,
0x030590,0x0305D6,FUN_030590,derived,
0x0305D6,0x0305DC,FUN_0305d6,derived,
0x0305DC,0x0305E4,FUN_0305dc,derived,
0x0305E4,0x0305F2,FUN_0305e4,derived,
0x0305F2,0x0305FE,FUN_0305f2,derived,
0x0305FE,0x030622,FUN_0305fe,derived,
0x030622,0x030624,FUN_030622,derived,
0x030624,0x030632,FUN_030624,derived,
0x030632,0x030640,FUN_030632,derived,
0x030640,0x030694,FUN_030640,derived,
0x030694,0x0306B6,FUN_030694,derived,
0x0306B6,0x0306C0,FUN_0306b6,derived,
0x0306C0,0x0306CA,FUN_0306c0,derived,
0x0306CA,0x0306E4,FUN_0306ca,derived,
0x0306E4,0x030702,FUN_0306e4,derived,
0x030702,0x030720,FUN_030702,derived,
0x030720,0x030770,FUN_030720,derived,
0x030770,0x030788,FUN_030770,derived,
0x030788,0x030796,FUN_030788,derived,
0x030796,0x0307A4,FUN_030796,derived,
0x0307A4,0x030806,FUN_0307a4,derived,
0x030806,0x03080C,FUN_030806,derived,
0x03080C,0x03082C,FUN_03080c,derived,
0x03082C,0x030840,FUN_03082c,derived,
0x030840,0x030886,getFuelInectorLatencyCals,ghidra-hand-xmap,
0x030886,0x03088A,FUN_030886,derived,
0x03088A,0x03088C,FUN_03088a,derived,
0x03088C,0x030890,FUN_03088c,derived,
0x030890,0x0308E2,FUN_030890,derived,
0x0308E2,0x0308F8,FUN_0308e2,derived,
0x0308F8,0x030926,FUN_0308f8,derived,
0x030926,0x030932,FUN_030926,derived,
0x030932,0x03093C,FUN_030932,derived,
0x03093C,0x030962,FUN_03093c,derived,
0x030962,0x030966,FUN_030962,derived,
0x030966,0x030970,FUN_030966,derived,
0x030970,0x03097A,FUN_030970,derived,
0x03097A,0x030984,FUN_03097a,derived,
0x030984,0x030990,FUN_030984,derived,
0x030990,0x03099C,FUN_030990,derived,
0x03099C,0x0309B2,FUN_03099c,derived,
0x0309B2,0x0309B8,FUN_0309b2,derived,
0x0309B8,0x0309CA,FUN_0309b8,derived,
0x0309CA,0x030A2C,FUN_0309ca,derived,
0x030A2C,0x030A60,FUN_030a2c,derived,
0x030A60,0x030A62,FUN_030a60,derived,
0x030A62,0x030A6E,FUN_030a62,derived,
0x030A6E,0x030A78,FUN_030a6e,derived,
0x030A78,0x030A7E,FUN_030a78,derived,
0x030A7E,0x030A84,FUN_030a7e,derived,
0x030A84,0x030A9C,FUN_030a84,derived,
0x030A9C,0x030AE0,FUN_030a9c,derived,
0x030AE0,0x030B2C,calcInjectorCrankingTime??,ghidra-hand-xmap,
0x030B2C,0x030B54,getCrankingInjectorPulseTime,ghidra-hand-xmap,
0x030B54,0x030BEE,getDiagnosticFuelPulseCranking?,ghidra-hand-xmap,
0x030BEE,0x030C04,FUN_030bee,derived,
0x030C04,0x030C0A,FUN_030c04,derived,
0x030C0A,0x030C1A,FUN_030c0a,derived,
0x030C1A,0x030C1E,FUN_030c1a,derived,
0x030C1E,0x030C24,FUN_030c1e,derived,
0x030C24,0x030C26,FUN_030c24,derived,
0x030C26,0x030C2C,FUN_030c26,derived,
0x030C2C,0x030C32,FUN_030c2c,derived,
0x030C32,0x030C68,FUN_030c32,derived,
0x030C68,0x030CC6,throttleDownDeFloodCheck?,ghidra-hand-xmap,
0x030CC6,0x030CCC,FUN_030cc6,derived,
0x030CCC,0x030D30,FUN_030ccc,derived,
0x030D30,0x030D38,FUN_030d30,derived,
0x030D38,0x030D3E,FUN_030d38,derived,
0x030D3E,0x030D56,FUN_030d3e,derived,
0x030D56,0x030D66,FUN_030d56,derived,
0x030D66,0x030E06,FUN_030d66,derived,
0x030E06,0x030EE2,FUN_030e06,derived,
0x030EE2,0x030EEC,FUN_030ee2,derived,
0x030EEC,0x030EF8,FUN_030eec,derived,
0x030EF8,0x030F02,FUN_030ef8,derived,
0x030F02,0x030F3A,FUN_030f02,derived,
0x030F3A,0x030F40,FUN_030f3a,derived,
0x030F40,0x030F46,FUN_030f40,derived,
0x030F46,0x030F98,FUN_030f46,derived,
0x030F98,0x030FB0,FUN_030f98,derived,
0x030FB0,0x030FD0,FUN_030fb0,derived,
0x030FD0,0x030FD2,FUN_030fd0,derived,
0x030FD2,0x030FDC,FUN_030fd2,derived,
0x030FDC,0x030FE8,FUN_030fdc,derived,
0x030FE8,0x030FEA,FUN_030fe8,derived,
0x030FEA,0x030FF4,FUN_030fea,derived,
0x030FF4,0x030FFA,FUN_030ff4,derived,
0x030FFA,0x031000,FUN_030ffa,derived,
0x031000,0x031022,FUN_031000,derived,
0x031022,0x03102E,FUN_031022,derived,
0x03102E,0x03103A,FUN_03102e,derived,
0x03103A,0x031098,FUN_03103a,derived,
0x031098,0x03109C,FUN_031098,derived,
0x03109C,0x0310A8,FUN_03109c,derived,
0x0310A8,0x0310CE,FUN_0310a8,derived,
0x0310CE,0x0310EA,FUN_0310ce,derived,
0x0310EA,0x0311A6,FUN_0310ea,derived,
0x0311A6,0x0311F6,FUN_0311a6,derived,
0x0311F6,0x03120A,FUN_0311f6,derived,
0x03120A,0x031210,FUN_03120a,derived,
0x031210,0x031216,FUN_031210,derived,
0x031216,0x03121A,FUN_031216,derived,
0x03121A,0x03122A,FUN_03121a,derived,
0x03122A,0x03123A,FUN_03122a,derived,
0x03123A,0x03124E,FUN_03123a,derived,
0x03124E,0x03126A,FUN_03124e,derived,
0x03126A,0x03128A,FUN_03126a,derived,
0x03128A,0x0312C0,FUN_03128a,derived,
0x0312C0,0x0312EC,FUN_0312c0,derived,
0x0312EC,0x0312FC,FUN_0312ec,derived,
0x0312FC,0x031302,FUN_0312fc,derived,
0x031302,0x031322,FUN_031302,derived,
0x031322,0x03132E,FUN_031322,derived,
0x03132E,0x03133A,FUN_03132e,derived,
0x03133A,0x03134A,FUN_03133a,derived,
0x03134A,0x031352,FUN_03134a,derived,
0x031352,0x03138E,FUN_031352,derived,
0x03138E,0x0313BE,FUN_03138e,derived,
0x0313BE,0x0313D0,FUN_0313be,derived,
0x0313D0,0x0313D6,FUN_0313d0,derived,
0x0313D6,0x0313EA,FUN_0313d6,derived,
0x0313EA,0x0313EE,FUN_0313ea,derived,
0x0313EE,0x0313FA,FUN_0313ee,derived,
0x0313FA,0x031402,FUN_0313fa,derived,
0x031402,0x031410,FUN_031402,derived,
0x031410,0x03141E,FUN_031410,derived,
0x03141E,0x031426,FUN_03141e,derived,
0x031426,0x031440,FUN_031426,derived,
0x031440,0x0314A2,FUN_031440,derived,
0x0314A2,0x0314A6,FUN_0314a2,derived,
0x0314A6,0x0314B6,FUN_0314a6,derived,
0x0314B6,0x0314C2,FUN_0314b6,derived,
0x0314C2,0x0314DE,FUN_0314c2,derived,
0x0314DE,0x031514,FUN_0314de,derived,
0x031514,0x03151A,FUN_031514,derived,
0x03151A,0x03154C,FUN_03151a,derived,
0x03154C,0x031572,FUN_03154c,derived,
0x031572,0x0315DE,FUN_031572,derived,
0x0315DE,0x0315E6,FUN_0315de,derived,
0x0315E6,0x0315E8,FUN_0315e6,derived,
0x0315E8,0x0315EC,FUN_0315e8,derived,
0x0315EC,0x031606,FUN_0315ec,derived,
0x031606,0x03162C,FUN_031606,derived,
0x03162C,0x0316BE,FUN_03162c,derived,
0x0316BE,0x0316C4,FUN_0316be,derived,
0x0316C4,0x0316F4,FUN_0316c4,derived,
0x0316F4,0x031734,FUN_0316f4,derived,
0x031734,0x031742,FUN_031734,derived,
0x031742,0x03178A,FUN_031742,derived,
0x03178A,0x031792,FUN_03178a,derived,
0x031792,0x03179A,FUN_031792,derived,
0x03179A,0x0317AE,FUN_03179a,derived,
0x0317AE,0x0317B6,FUN_0317ae,derived,
0x0317B6,0x0317C6,FUN_0317b6,derived,
0x0317C6,0x0317E6,FUN_0317c6,derived,
0x0317E6,0x0317FC,FUN_0317e6,derived,
0x0317FC,0x03181C,FUN_0317fc,derived,
0x03181C,0x03185E,FUN_03181c,derived,
0x03185E,0x0318EA,FUN_03185e,derived,
0x0318EA,0x031928,FUN_0318ea,derived,
0x031928,0x031932,FUN_031928,derived,
0x031932,0x03194A,FUN_031932,derived,
0x03194A,0x031956,FUN_03194a,derived,
0x031956,0x03195A,FUN_031956,derived,
0x03195A,0x031960,FUN_03195a,derived,
0x031960,0x031964,FUN_031960,derived,
0x031964,0x03197A,FUN_031964,derived,
0x03197A,0x031986,FUN_03197a,derived,
0x031986,0x031996,FUN_031986,derived,
0x031996,0x031A12,FUN_031996,derived,
0x031A12,0x031A28,FUN_031a12,derived,
0x031A28,0x031B12,FUN_031a28,derived,
0x031B12,0x031B18,FUN_031b12,derived,
0x031B18,0x031BCC,FUN_031b18,derived,
0x031BCC,0x031BEC,FUN_031bcc,derived,
0x031BEC,0x031C10,FUN_031bec,derived,
0x031C10,0x031C1C,FUN_031c10,derived,
0x031C1C,0x031C76,FUN_031c1c,derived,
0x031C76,0x031C9A,FUN_031c76,derived,
0x031C9A,0x031CB2,FUN_031c9a,derived,
0x031CB2,0x031DA4,FUN_031cb2,derived,
0x031DA4,0x031DC4,FUN_031da4,derived,
0x031DC4,0x031E02,FUN_031dc4,derived,
0x031E02,0x031E16,FUN_031e02,derived,
0x031E16,0x031E1E,FUN_031e16,derived,
0x031E1E,0x031E2A,FUN_031e1e,derived,
0x031E2A,0x031EBE,FUN_031e2a,derived,
0x031EBE,0x031EC0,FUN_031ebe,derived,
0x031EC0,0x031EE2,FUN_031ec0,derived,
0x031EE2,0x031EEE,FUN_031ee2,derived,
0x031EEE,0x031EF8,FUN_031eee,derived,
0x031EF8,0x031F12,FUN_031ef8,derived,
0x031F12,0x031F68,FUN_031f12,derived,
0x031F68,0x031FCC,FUN_031f68,derived,
0x031FCC,0x032010,turnOnSecondaryAir??,ghidra-hand-xmap,
0x032010,0x032016,FUN_032010,derived,
0x032016,0x03201E,FUN_032016,derived,
0x03201E,0x032042,FUN_03201e,derived,
0x032042,0x03207C,FUN_032042,derived,
0x03207C,0x0320FA,FUN_03207c,derived,
0x0320FA,0x0321D4,FUN_0320fa,derived,
0x0321D4,0x0321EC,FUN_0321d4,derived,
0x0321EC,0x0321F6,FUN_0321ec,derived,
0x0321F6,0x03221E,getEngineOffTimer,ghidra-hand-xmap,
0x03221E,0x032222,FUN_03221e,derived,
0x032222,0x032242,FUN_032222,derived,
0x032242,0x03224C,FUN_032242,derived,
0x03224C,0x03224E,FUN_03224c,derived,
0x03224E,0x0322F8,FUN_03224e,derived,
0x0322F8,0x032300,FUN_0322f8,derived,
0x032300,0x03231A,FUN_032300,derived,
0x03231A,0x032340,FUN_03231a,derived,
0x032340,0x032342,FUN_032340,derived,
0x032342,0x032354,FUN_032342,derived,
0x032354,0x032356,FUN_032354,derived,
0x032356,0x032362,FUN_032356,derived,
0x032362,0x03236C,FUN_032362,derived,
0x03236C,0x0323C2,FUN_03236c,derived,
0x0323C2,0x032400,FUN_0323c2,derived,
0x032400,0x032412,FUN_032400,derived,
0x032412,0x032428,FUN_032412,derived,
0x032428,0x03243E,FUN_032428,derived,
0x03243E,0x032444,FUN_03243e,derived,
0x032444,0x032452,FUN_032444,derived,
0x032452,0x03247E,FUN_032452,derived,
0x03247E,0x03248E,FUN_03247e,derived,
0x03248E,0x0324C0,FUN_03248e,derived,
0x0324C0,0x0324E2,FUN_0324c0,derived,
0x0324E2,0x0324EE,FUN_0324e2,derived,
0x0324EE,0x0324F0,FUN_0324ee,derived,
0x0324F0,0x0324F4,FUN_0324f0,derived,
0x0324F4,0x032532,FUN_0324f4,derived,
0x032532,0x03253A,FUN_032532,derived,
0x03253A,0x032540,FUN_03253a,derived,
0x032540,0x0325CC,calcAPVControl,ghidra-hand-xmap,
0x0325CC,0x0325DA,FUN_0325cc,derived,
0x0325DA,0x0325F2,FUN_0325da,derived,
0x0325F2,0x0325F6,FUN_0325f2,derived,
0x0325F6,0x0325FC,FUN_0325f6,derived,
0x0325FC,0x0325FE,FUN_0325fc,derived,
0x0325FE,0x032606,FUN_0325fe,derived,
0x032606,0x032616,FUN_032606,derived,
0x032616,0x032656,FUN_032616,derived,
0x032656,0x0326B4,FUN_032656,derived,
0x0326B4,0x0326C2,FUN_0326b4,derived,
0x0326C2,0x0326EA,FUN_0326c2,derived,
0x0326EA,0x0326F0,FUN_0326ea,derived,
0x0326F0,0x0326F6,FUN_0326f0,derived,
0x0326F6,0x032724,FUN_0326f6,derived,
0x032724,0x032772,FUN_032724,derived,
0x032772,0x0327A2,FUN_032772,derived,
0x0327A2,0x0327CA,FUN_0327a2,derived,
0x0327CA,0x0327CE,FUN_0327ca,derived,
0x0327CE,0x0327D2,FUN_0327ce,derived,
0x0327D2,0x0327DE,FUN_0327d2,derived,
0x0327DE,0x0327EA,FUN_0327de,derived,
0x0327EA,0x0327F0,FUN_0327ea,derived,
0x0327F0,0x0327F6,FUN_0327f0,derived,
0x0327F6,0x032800,FUN_0327f6,derived,
0x032800,0x032806,FUN_032800,derived,
0x032806,0x03281E,FUN_032806,derived,
0x03281E,0x032890,FUN_03281e,derived,
0x032890,0x032896,FUN_032890,derived,
0x032896,0x0328C2,FUN_032896,derived,
0x0328C2,0x0328CC,FUN_0328c2,derived,
0x0328CC,0x0328D8,FUN_0328cc,derived,
0x0328D8,0x0328DA,FUN_0328d8,derived,
0x0328DA,0x032954,FUN_0328da,derived,
0x032954,0x032968,FUN_032954,derived,
0x032968,0x03298E,FUN_032968,derived,
0x03298E,0x032990,FUN_03298e,derived,
0x032990,0x03299A,FUN_032990,derived,
0x03299A,0x0329C8,FUN_03299a,derived,
0x0329C8,0x0329D0,FUN_0329c8,derived,
0x0329D0,0x0329D8,FUN_0329d0,derived,
0x0329D8,0x0329F6,FUN_0329d8,derived,
0x0329F6,0x032A6C,FUN_0329f6,derived,
0x032A6C,0x032A8A,FUN_032a6c,derived,
0x032A8A,0x032A9A,FUN_032a8a,derived,
0x032A9A,0x032AC8,FUN_032a9a,derived,
0x032AC8,0x032AD4,FUN_032ac8,derived,
0x032AD4,0x032B7C,FUN_032ad4,derived,
0x032B7C,0x032B8E,FUN_032b7c,derived,
0x032B8E,0x032B94,FUN_032b8e,derived,
0x032B94,0x032BBE,FUN_032b94,derived,
0x032BBE,0x032BC0,FUN_032bbe,derived,
0x032BC0,0x032BC6,FUN_032bc0,derived,
0x032BC6,0x032BD0,FUN_032bc6,derived,
0x032BD0,0x032BFA,FUN_032bd0,derived,
0x032BFA,0x032C4C,debounceCruiseControlSET,ghidra-hand-xmap,
0x032C4C,0x032C76,FUN_032c4c,derived,
0x032C76,0x032CDE,FUN_032c76,derived,
0x032CDE,0x032D00,FUN_032cde,derived,
0x032D00,0x032DCE,cruiseControlSetRealted,ghidra-hand-xmap,
0x032DCE,0x032DD4,FUN_032dce,derived,
0x032DD4,0x032DF6,FUN_032dd4,derived,
0x032DF6,0x032DFE,FUN_032df6,derived,
0x032DFE,0x032E06,FUN_032dfe,derived,
0x032E06,0x032EE8,FUN_032e06,derived,
0x032EE8,0x032F08,FUN_032ee8,derived,
0x032F08,0x032F0E,FUN_032f08,derived,
0x032F0E,0x032F1A,FUN_032f0e,derived,
0x032F1A,0x032F20,FUN_032f1a,derived,
0x032F20,0x032F24,FUN_032f20,derived,
0x032F24,0x032F28,FUN_032f24,derived,
0x032F28,0x032F2C,FUN_032f28,derived,
0x032F2C,0x033038,FUN_032f2c,derived,
0x033038,0x03303C,FUN_033038,derived,
0x03303C,0x033132,FUN_03303c,derived,
0x033132,0x03313C,FUN_033132,derived,
0x03313C,0x033140,FUN_03313c,derived,
0x033140,0x03316C,FUN_033140,derived,
0x03316C,0x033194,FUN_03316c,derived,
0x033194,0x033198,FUN_033194,derived,
0x033198,0x0331A0,FUN_033198,derived,
0x0331A0,0x0331BE,FUN_0331a0,derived,
0x0331BE,0x0331DA,FUN_0331be,derived,
0x0331DA,0x033208,FUN_0331da,derived,
0x033208,0x03320E,FUN_033208,derived,
0x03320E,0x03321E,FUN_03320e,derived,
0x03321E,0x033238,FUN_03321e,derived,
0x033238,0x033240,FUN_033238,derived,
0x033240,0x033254,FUN_033240,derived,
0x033254,0x03326A,FUN_033254,derived,
0x03326A,0x033278,FUN_03326a,derived,
0x033278,0x0332C4,FUN_033278,derived,
0x0332C4,0x0332FC,FUN_0332c4,derived,
0x0332FC,0x033302,FUN_0332fc,derived,
0x033302,0x03332C,FUN_033302,derived,
0x03332C,0x033334,FUN_03332c,derived,
0x033334,0x03335A,can620Pack,ghidra-hand-xmap,
0x03335A,0x033364,FUN_03335a,derived,
0x033364,0x033380,FUN_033364,derived,
0x033380,0x03338C,FUN_033380,derived,
0x03338C,0x0333E2,FUN_03338c,derived,
0x0333E2,0x033468,FUN_0333e2,derived,
0x033468,0x03346C,FUN_033468,derived,
0x03346C,0x033496,FUN_03346c,derived,
0x033496,0x0334C4,can430rx_unpack,ghidra-hand-xmap,
0x0334C4,0x0334E8,FUN_0334c4,derived,
0x0334E8,0x033550,FUN_0334e8,derived,
0x033550,0x03362C,FUN_033550,derived,
0x03362C,0x033690,FUN_03362c,derived,
0x033690,0x033788,FUN_033690,derived,
0x033788,0x033792,FUN_033788,derived,
0x033792,0x03382E,FUN_033792,derived,
0x03382E,0x03388C,FUN_03382e,derived,
0x03388C,0x03391E,FUN_03388c,derived,
0x03391E,0x0339A2,FUN_03391e,derived,
0x0339A2,0x033AD0,FUN_0339a2,derived,
0x033AD0,0x033C58,FUN_033ad0,derived,
0x033C58,0x033CA2,FUN_033c58,derived,
0x033CA2,0x033D38,FUN_033ca2,derived,
0x033D38,0x033D86,cruiseControlInit,ghidra-hand-xmap,
0x033D86,0x033DA6,FUN_033d86,derived,
0x033DA6,0x033DAE,FUN_033da6,derived,
0x033DAE,0x033DBE,knockInit,ghidra-hand-xmap,
0x033DBE,0x033DCA,knockConditonalInit,ghidra-hand-xmap,
0x033DCA,0x033E44,FUN_033dca,derived,
0x033E44,0x0340DE,FUN_033e44,derived,
0x0340DE,0x034154,FUN_0340de,derived,
0x034154,0x034158,FUN_034154,derived,
0x034158,0x0341D0,FUN_034158,derived,
0x0341D0,0x03434C,throttlePedalParameters,ghidra-hand-xmap,
0x03434C,0x03439C,detectDriverIntentKnockControl?,ghidra-hand-xmap,
0x03439C,0x0343D0,FUN_03439c,derived,
0x0343D0,0x03453C,calculateKnockConditionA,ghidra-hand-xmap,
0x03453C,0x0345AA,FUN_03453c,derived,
0x0345AA,0x0345FC,FUN_0345aa,derived,
0x0345FC,0x034606,FUN_0345fc,derived,
0x034606,0x034610,FUN_034606,derived,
0x034610,0x034620,FUN_034610,derived,
0x034620,0x034654,calculateEngineLoadMax,ghidra-hand-xmap,
0x034654,0x034676,FUN_034654,derived,
0x034676,0x0346FC,FUN_034676,derived,
0x0346FC,0x034708,FUN_0346fc,derived,
0x034708,0x034748,FUN_034708,derived,
0x034748,0x0347B4,FUN_034748,derived,
0x0347B4,0x034830,FUN_0347b4,derived,
0x034830,0x03483C,FUN_034830,derived,
0x03483C,0x03483E,FUN_03483c,derived,
0x03483E,0x034884,FUN_03483e,derived,
0x034884,0x0348F8,FUN_034884,derived,
0x0348F8,0x03494A,FUN_0348f8,derived,
0x03494A,0x034962,FUN_03494a,derived,
0x034962,0x0349E0,FUN_034962,derived,
0x0349E0,0x0349F0,FUN_0349e0,derived,
0x0349F0,0x034A1C,FUN_0349f0,derived,
0x034A1C,0x034A64,FUN_034a1c,derived,
0x034A64,0x034AC2,FUN_034a64,derived,
0x034AC2,0x034B1C,FUN_034ac2,derived,
0x034B1C,0x034BA8,FUN_034b1c,derived,
0x034BA8,0x034C7A,FUN_034ba8,derived,
0x034C7A,0x034CE0,FUN_034c7a,derived,
0x034CE0,0x034CF8,FUN_034ce0,derived,
0x034CF8,0x034D1A,getEngineStartupEnrichValue,ghidra-hand-xmap,
0x034D1A,0x034D1E,FUN_034d1a,derived,
0x034D1E,0x034D90,FUN_034d1e,derived,
0x034D90,0x034DF8,FUN_034d90,derived,
0x034DF8,0x034E04,FUN_034df8,derived,
0x034E04,0x034E0A,FUN_034e04,derived,
0x034E0A,0x034E5C,FUN_034e0a,derived,
0x034E5C,0x034E6C,FUN_034e5c,derived,
0x034E6C,0x034E76,FUN_034e6c,derived,
0x034E76,0x034EB0,FUN_034e76,derived,
0x034EB0,0x034EDE,FUN_034eb0,derived,
0x034EDE,0x034FEA,FUN_034ede,derived,
0x034FEA,0x034FF2,FUN_034fea,derived,
0x034FF2,0x035002,FUN_034ff2,derived,
0x035002,0x035102,FUN_035002,derived,
0x035102,0x03519C,FUN_035102,derived,
0x03519C,0x0351AE,FUN_03519c,derived,
0x0351AE,0x035250,FUN_0351ae,derived,
0x035250,0x035360,FUN_035250,derived,
0x035360,0x035384,FUN_035360,derived,
0x035384,0x035390,FUN_035384,derived,
0x035390,0x035430,VDIControl,ghidra-hand-xmap,
0x035430,0x035436,FUN_035430,derived,
0x035436,0x03545C,FUN_035436,derived,
0x03545C,0x035462,FUN_03545c,derived,
0x035462,0x035488,FUN_035462,derived,
0x035488,0x0354D2,vfadControl,ghidra-hand-xmap,
0x0354D2,0x035530,FUN_0354d2,derived,
0x035530,0x035550,FUN_035530,derived,
0x035550,0x035574,FUN_035550,derived,
0x035574,0x03557A,FUN_035574,derived,
0x03557A,0x0355B0,FUN_03557a,derived,
0x0355B0,0x0355B8,FUN_0355b0,derived,
0x0355B8,0x0355C0,FUN_0355b8,derived,
0x0355C0,0x035622,FUN_0355c0,derived,
0x035622,0x03562E,FUN_035622,derived,
0x03562E,0x03576E,ImmoMain,ghidra-hand-xmap,
0x03576E,0x0357A2,FUN_03576e,derived,
0x0357A2,0x035856,FUN_0357a2,derived,
0x035856,0x03589C,FUN_035856,derived,
0x03589C,0x035A7E,FUN_03589c,derived,
0x035A7E,0x035AAE,FUN_035a7e,derived,
0x035AAE,0x035B94,FUN_035aae,derived,
0x035B94,0x035CDE,FUN_035b94,derived,
0x035CDE,0x035D88,ImmoStateInvalidKey,ghidra-hand-xmap,
0x035D88,0x035DCC,FUN_035d88,derived,
0x035DCC,0x035DF4,FUN_035dcc,derived,
0x035DF4,0x035DF6,FUN_035df4,derived,
0x035DF6,0x035E68,FUN_035df6,derived,
0x035E68,0x035E86,ImmoBadStateSet?,ghidra-hand-xmap,
0x035E86,0x035EAA,FUN_035e86,derived,
0x035EAA,0x035EB2,FUN_035eaa,derived,
0x035EB2,0x035EFE,FUN_035eb2,derived,
0x035EFE,0x035F62,ImmoGetSeed,ghidra-hand-xmap,
0x035F62,0x035F68,FUN_035f62,derived,
0x035F68,0x03600C,FUN_035f68,derived,
0x03600C,0x036060,FUN_03600c,derived,
0x036060,0x036120,FUN_036060,derived,
0x036120,0x036250,ImmoGetCANData,ghidra-hand-xmap,
0x036250,0x036268,FUN_036250,derived,
0x036268,0x036368,FUN_036268,derived,
0x036368,0x036376,FUN_036368,derived,
0x036376,0x0363A4,FUN_036376,derived,
0x0363A4,0x03647E,Immo_Keygen_related_ADC,ghidra-hand-xmap,
0x03647E,0x0364C4,loadDatafromE2intoRAM?,ghidra-hand-xmap,
0x0364C4,0x0365B4,getDataFromE2RAM,ghidra-hand-xmap,
0x0365B4,0x0366A4,updateE2RAMBasedOnInput,ghidra-hand-xmap,
0x0366A4,0x03674E,FUN_0366a4,derived,
0x03674E,0x0367E2,FUN_03674e,derived,
0x0367E2,0x0368A8,FUN_0367e2,derived,
0x0368A8,0x0368FE,FUN_0368a8,derived,
0x0368FE,0x0369C8,FUN_0368fe,derived,
0x0369C8,0x036A8C,ImmoUpdateRelated,ghidra-hand-xmap,
0x036A8C,0x036BD0,checkImmoStatus?,ghidra-hand-xmap,
0x036BD0,0x036BF0,FUN_036bd0,derived,
0x036BF0,0x036C6A,FUN_036bf0,derived,
0x036C6A,0x036D0C,FUN_036c6a,derived,
0x036D0C,0x036D86,FUN_036d0c,derived,
0x036D86,0x036E94,FUN_036d86,derived,
0x036E94,0x036EF8,FUN_036e94,derived,
0x036EF8,0x036F46,FUN_036ef8,derived,
0x036F46,0x036F8C,FUN_036f46,derived,
0x036F8C,0x037068,FUN_036f8c,derived,
0x037068,0x037182,FUN_037068,derived,
0x037182,0x037228,FUN_037182,derived,
0x037228,0x0372A2,FUN_037228,derived,
0x0372A2,0x037358,FUN_0372a2,derived,
0x037358,0x0373D2,FUN_037358,derived,
0x0373D2,0x037418,FUN_0373d2,derived,
0x037418,0x037430,FUN_037418,derived,
0x037430,0x0375F4,FUN_037430,derived,
0x0375F4,0x037764,afterImmo_1,ghidra-hand-xmap,
0x037764,0x0378D6,afterImmo_2,ghidra-hand-xmap,
0x0378D6,0x03791A,FUN_0378d6,derived,
0x03791A,0x0379FC,FUN_03791a,derived,
0x0379FC,0x037B64,afterImmo_3,ghidra-hand-xmap,
0x037B64,0x037BAA,FUN_037b64,derived,
0x037BAA,0x037C5C,FUN_037baa,derived,
0x037C5C,0x037DB4,afterImmo_5,ghidra-hand-xmap,
0x037DB4,0x037E80,afterImmo_7,ghidra-hand-xmap,
0x037E80,0x037E9A,FUN_037e80,derived,
0x037E9A,0x037FE6,FUN_037e9a,derived,
0x037FE6,0x038062,FUN_037fe6,derived,
0x038062,0x03806E,FUN_038062,derived,
0x03806E,0x0380E8,FUN_03806e,derived,
0x0380E8,0x03816A,FUN_0380e8,derived,
0x03816A,0x03830E,FUN_03816a,derived,
0x03830E,0x038366,FUN_03830e,derived,
0x038366,0x0383EE,FUN_038366,derived,
0x0383EE,0x038404,FUN_0383ee,derived,
0x038404,0x03845E,FUN_038404,derived,
0x03845E,0x0384AE,FUN_03845e,derived,
0x0384AE,0x03850C,FUN_0384ae,derived,
0x03850C,0x038652,FUN_03850c,derived,
0x038652,0x0386AA,FUN_038652,derived,
0x0386AA,0x03871E,FUN_0386aa,derived,
0x03871E,0x038800,FUN_03871e,derived,
0x038800,0x03884E,FUN_038800,derived,
0x03884E,0x0389A6,FUN_03884e,derived,
0x0389A6,0x0389CC,FUN_0389a6,derived,
0x0389CC,0x038A18,writeToE2RAMArea_INDEX_ADDR_LEN,ghidra-hand-xmap,
0x038A18,0x038ACE,getFromE2_E2ADDR_RAMADDR_LEN,ghidra-hand-xmap,
0x038ACE,0x038AFC,FUN_038ace,derived,
0x038AFC,0x038B02,FUN_038afc,derived,
0x038B02,0x038B12,FUN_038b02,derived,
0x038B12,0x038B26,FUN_038b12,derived,
0x038B26,0x038BA4,FUN_038b26,derived,
0x038BA4,0x038BAA,FUN_038ba4,derived,
0x038BAA,0x038BC2,FUN_038baa,derived,
0x038BC2,0x038BE2,FUN_038bc2,derived,
0x038BE2,0x038BF0,FUN_038be2,derived,
0x038BF0,0x038C40,can41TXPack,ghidra-hand-xmap,
0x038C40,0x038C44,FUN_038c40,derived,
0x038C44,0x038C78,CAN47RX_Main,ghidra-hand-xmap,
0x038C78,0x038CB2,can47RXunpack,ghidra-hand-xmap,
0x038CB2,0x038CBC,FUN_038cb2,derived,
0x038CBC,0x038CC6,FUN_038cbc,derived,
0x038CC6,0x038D20,FUN_038cc6,derived,
0x038D20,0x038D36,FUN_038d20,derived,
0x038D36,0x038D82,FUN_038d36,derived,
0x038D82,0x038DB2,FUN_038d82,derived,
0x038DB2,0x038E92,FUN_038db2,derived,
0x038E92,0x038E9E,FUN_038e92,derived,
0x038E9E,0x038F1E,FUN_038e9e,derived,
0x038F1E,0x038F34,FUN_038f1e,derived,
0x038F34,0x038F5E,FUN_038f34,derived,
0x038F5E,0x038FCA,FUN_038f5e,derived,
0x038FCA,0x038FE6,FUN_038fca,derived,
0x038FE6,0x039006,FUN_038fe6,derived,
0x039006,0x039092,FUN_039006,derived,
0x039092,0x039094,FUN_039092,derived,
0x039094,0x0390EE,FUN_039094,derived,
0x0390EE,0x039106,FUN_0390ee,derived,
0x039106,0x03911E,FUN_039106,derived,
0x03911E,0x039140,FUN_03911e,derived,
0x039140,0x039150,FUN_039140,derived,
0x039150,0x039152,FUN_039150,derived,
0x039152,0x0391B2,FUN_039152,derived,
0x0391B2,0x03921A,FUN_0391b2,derived,
0x03921A,0x039222,FUN_03921a,derived,
0x039222,0x0392FC,FUN_039222,derived,
0x0392FC,0x0393EE,FUN_0392fc,derived,
0x0393EE,0x0394B2,FUN_0393ee,derived,
0x0394B2,0x0394DE,FUN_0394b2,derived,
0x0394DE,0x03952C,FUN_0394de,derived,
0x03952C,0x039536,FUN_03952c,derived,
0x039536,0x039540,FUN_039536,derived,
0x039540,0x0396AA,FUN_039540,derived,
0x0396AA,0x039704,FUN_0396aa,derived,
0x039704,0x039736,FUN_039704,derived,
0x039736,0x039864,FUN_039736,derived,
0x039864,0x0398F2,FUN_039864,derived,
0x0398F2,0x03993A,FUN_0398f2,derived,
0x03993A,0x0399DA,FUN_03993a,derived,
0x0399DA,0x039A0C,FUN_0399da,derived,
0x039A0C,0x039A66,FUN_039a0c,derived,
0x039A66,0x039B8E,FUN_039a66,derived,
0x039B8E,0x039BE0,FUN_039b8e,derived,
0x039BE0,0x039C24,FUN_039be0,derived,
0x039C24,0x039D8E,FUN_039c24,derived,
0x039D8E,0x039F42,FUN_039d8e,derived,
0x039F42,0x039FF2,FUN_039f42,derived,
0x039FF2,0x03A016,FUN_039ff2,derived,
0x03A016,0x03A02E,FUN_03a016,derived,
0x03A02E,0x03A06E,FUN_03a02e,derived,
0x03A06E,0x03A0A4,FUN_03a06e,derived,
0x03A0A4,0x03A24A,FUN_03a0a4,derived,
0x03A24A,0x03A312,FUN_03a24a,derived,
0x03A312,0x03A34A,FUN_03a312,derived,
0x03A34A,0x03A3BE,FUN_03a34a,derived,
0x03A3BE,0x03A406,FUN_03a3be,derived,
0x03A406,0x03A4D6,FUN_03a406,derived,
0x03A4D6,0x03A54A,FUN_03a4d6,derived,
0x03A54A,0x03A582,FUN_03a54a,derived,
0x03A582,0x03A5EE,FUN_03a582,derived,
0x03A5EE,0x03A62A,FUN_03a5ee,derived,
0x03A62A,0x03A630,FUN_03a62a,derived,
0x03A630,0x03A696,FUN_03a630,derived,
0x03A696,0x03A71E,FUN_03a696,derived,
0x03A71E,0x03A766,FUN_03a71e,derived,
0x03A766,0x03A78E,FUN_03a766,derived,
0x03A78E,0x03A7D0,FUN_03a78e,derived,
0x03A7D0,0x03A7D6,FUN_03a7d0,derived,
0x03A7D6,0x03A7FA,FUN_03a7d6,derived,
0x03A7FA,0x03A818,FUN_03a7fa,derived,
0x03A818,0x03A878,FUN_03a818,derived,
0x03A878,0x03A888,FUN_03a878,derived,
0x03A888,0x03A8A0,FUN_03a888,derived,
0x03A8A0,0x03A8BE,FUN_03a8a0,derived,
0x03A8BE,0x03A966,FUN_03a8be,derived,
0x03A966,0x03AA8C,FUN_03a966,derived,
0x03AA8C,0x03AAB6,FUN_03aa8c,derived,
0x03AAB6,0x03AAC6,FUN_03aab6,derived,
0x03AAC6,0x03ABB2,FUN_03aac6,derived,
0x03ABB2,0x03ABE4,FUN_03abb2,derived,
0x03ABE4,0x03AC14,FUN_03abe4,derived,
0x03AC14,0x03AC7A,FUN_03ac14,derived,
0x03AC7A,0x03ACF4,FUN_03ac7a,derived,
0x03ACF4,0x03ACFC,FUN_03acf4,derived,
0x03ACFC,0x03AD72,FUN_03acfc,derived,
0x03AD72,0x03ADAA,FUN_03ad72,derived,
0x03ADAA,0x03AE20,FUN_03adaa,derived,
0x03AE20,0x03AE3E,FUN_03ae20,derived,
0x03AE3E,0x03AE92,FUN_03ae3e,derived,
0x03AE92,0x03AE94,FUN_03ae92,derived,
0x03AE94,0x03AEFE,FUN_03ae94,derived,
0x03AEFE,0x03AF88,FUN_03aefe,derived,
0x03AF88,0x03AFE6,FUN_03af88,derived,
0x03AFE6,0x03AFF0,FUN_03afe6,derived,
0x03AFF0,0x03B04E,FUN_03aff0,derived,
0x03B04E,0x03B064,FUN_03b04e,derived,
0x03B064,0x03B0E4,FUN_03b064,derived,
0x03B0E4,0x03B1F0,FUN_03b0e4,derived,
0x03B1F0,0x03B37E,FUN_03b1f0,derived,
0x03B37E,0x03B3F4,FUN_03b37e,derived,
0x03B3F4,0x03B45C,FUN_03b3f4,derived,
0x03B45C,0x03B566,FUN_03b45c,derived,
0x03B566,0x03B5C0,FUN_03b566,derived,
0x03B5C0,0x03B630,FUN_03b5c0,derived,
0x03B630,0x03B79C,FUN_03b630,derived,
0x03B79C,0x03B8FE,FUN_03b79c,derived,
0x03B8FE,0x03B92A,FUN_03b8fe,derived,
0x03B92A,0x03B940,FUN_03b92a,derived,
0x03B940,0x03B978,FUN_03b940,derived,
0x03B978,0x03B998,FUN_03b978,derived,
0x03B998,0x03B9D6,FUN_03b998,derived,
0x03B9D6,0x03BA38,FUN_03b9d6,derived,
0x03BA38,0x03BB54,FUN_03ba38,derived,
0x03BB54,0x03BB78,FUN_03bb54,derived,
0x03BB78,0x03BC38,FUN_03bb78,derived,
0x03BC38,0x03BC9C,FUN_03bc38,derived,
0x03BC9C,0x03BCDA,FUN_03bc9c,derived,
0x03BCDA,0x03BD1C,FUN_03bcda,derived,
0x03BD1C,0x03BD3C,FUN_03bd1c,derived,
0x03BD3C,0x03BF12,FUN_03bd3c,derived,
0x03BF12,0x03C08C,FUN_03bf12,derived,
0x03C08C,0x03C0A2,FUN_03c08c,derived,
0x03C0A2,0x03C0CE,FUN_03c0a2,derived,
0x03C0CE,0x03C130,FUN_03c0ce,derived,
0x03C130,0x03C13C,FUN_03c130,derived,
0x03C13C,0x03C15C,FUN_03c13c,derived,
0x03C15C,0x03C184,FUN_03c15c,derived,
0x03C184,0x03C1AA,FUN_03c184,derived,
0x03C1AA,0x03C1C8,FUN_03c1aa,derived,
0x03C1C8,0x03C310,FUN_03c1c8,derived,
0x03C310,0x03C37C,setFuelingRequestPointer,ghidra-hand-xmap,
0x03C37C,0x03C42E,FUN_03c37c,derived,
0x03C42E,0x03C512,FUN_03c42e,derived,
0x03C512,0x03C5B4,FUN_03c512,derived,
0x03C5B4,0x03C6EC,FUN_03c5b4,derived,
0x03C6EC,0x03C7AE,FUN_03c6ec,derived,
0x03C7AE,0x03C848,FUN_03c7ae,derived,
0x03C848,0x03C888,FUN_03c848,derived,
0x03C888,0x03C97A,FUN_03c888,derived,
0x03C97A,0x03CA1A,FUN_03c97a,derived,
0x03CA1A,0x03CA64,FUN_03ca1a,derived,
0x03CA64,0x03CA90,FUN_03ca64,derived,
0x03CA90,0x03CB50,FUN_03ca90,derived,
0x03CB50,0x03CB5A,FUN_03cb50,derived,
0x03CB5A,0x03CBBA,FUN_03cb5a,derived,
0x03CBBA,0x03CBD6,FUN_03cbba,derived,
0x03CBD6,0x03CC1C,FUN_03cbd6,derived,
0x03CC1C,0x03CC2E,FUN_03cc1c,derived,
0x03CC2E,0x03CC4C,FUN_03cc2e,derived,
0x03CC4C,0x03CD7C,FUN_03cc4c,derived,
0x03CD7C,0x03CDA8,FUN_03cd7c,derived,
0x03CDA8,0x03CDD4,FUN_03cda8,derived,
0x03CDD4,0x03CEEC,FUN_03cdd4,derived,
0x03CEEC,0x03D02A,FUN_03ceec,derived,
0x03D02A,0x03D086,FUN_03d02a,derived,
0x03D086,0x03D0C8,FUN_03d086,derived,
0x03D0C8,0x03D180,FUN_03d0c8,derived,
0x03D180,0x03D1F0,FUN_03d180,derived,
0x03D1F0,0x03D32E,FUN_03d1f0,derived,
0x03D32E,0x03D416,FUN_03d32e,derived,
0x03D416,0x03D424,FUN_03d416,derived,
0x03D424,0x03D43A,FUN_03d424,derived,
0x03D43A,0x03D466,FUN_03d43a,derived,
0x03D466,0x03D4C2,FUN_03d466,derived,
0x03D4C2,0x03D504,FUN_03d4c2,derived,
0x03D504,0x03D50C,FUN_03d504,derived,
0x03D50C,0x03D586,FUN_03d50c,derived,
0x03D586,0x03D624,FUN_03d586,derived,
0x03D624,0x03D762,FUN_03d624,derived,
0x03D762,0x03D7BE,FUN_03d762,derived,
0x03D7BE,0x03D7D4,FUN_03d7be,derived,
0x03D7D4,0x03D814,FUN_03d7d4,derived,
0x03D814,0x03D82E,FUN_03d814,derived,
0x03D82E,0x03D952,FUN_03d82e,derived,
0x03D952,0x03DA74,FUN_03d952,derived,
0x03DA74,0x03DA7A,FUN_03da74,derived,
0x03DA7A,0x03DAA6,FUN_03da7a,derived,
0x03DAA6,0x03DB38,FUN_03daa6,derived,
0x03DB38,0x03DCAC,FUN_03db38,derived,
0x03DCAC,0x03DCC6,FUN_03dcac,derived,
0x03DCC6,0x03DCDA,FUN_03dcc6,derived,
0x03DCDA,0x03DE50,FUN_03dcda,derived,
0x03DE50,0x03DE7C,FUN_03de50,derived,
0x03DE7C,0x03DEC0,FUN_03de7c,derived,
0x03DEC0,0x03DECA,FUN_03dec0,derived,
0x03DECA,0x03DEF0,FUN_03deca,derived,
0x03DEF0,0x03DF0E,FUN_03def0,derived,
0x03DF0E,0x03DFB2,FUN_03df0e,derived,
0x03DFB2,0x03DFE4,FUN_03dfb2,derived,
0x03DFE4,0x03E018,FUN_03dfe4,derived,
0x03E018,0x03E03A,FUN_03e018,derived,
0x03E03A,0x03E0FA,FUN_03e03a,derived,
0x03E0FA,0x03E154,FUN_03e0fa,derived,
0x03E154,0x03E224,FUN_03e154,derived,
0x03E224,0x03E244,FUN_03e224,derived,
0x03E244,0x03E29C,FUN_03e244,derived,
0x03E29C,0x03E2D4,FUN_03e29c,derived,
0x03E2D4,0x03E2E6,FUN_03e2d4,derived,
0x03E2E6,0x03E306,FUN_03e2e6,derived,
0x03E306,0x03E47C,FUN_03e306,derived,
0x03E47C,0x03E582,FUN_03e47c,derived,
0x03E582,0x03E5AE,FUN_03e582,derived,
0x03E5AE,0x03E61C,FUN_03e5ae,derived,
0x03E61C,0x03E64C,FUN_03e61c,derived,
0x03E64C,0x03E67C,FUN_03e64c,derived,
0x03E67C,0x03E6BC,readValue_8bit_ADDRESS_VAL,ghidra-hand-xmap,
0x03E6BC,0x03E6FC,readValue_16bit_ADDRESS_VAL,ghidra-hand-xmap,
0x03E6FC,0x03E74A,readValue_32bit_ADDRESS_VAL,ghidra-hand-xmap,
0x03E74A,0x03E798,FUN_03e74a,derived,
0x03E798,0x03E7A8,updateMemoryAtAddress_8bit_ADDR_VAL,ghidra-hand-xmap,
0x03E7A8,0x03E7B8,updateMemoryAtAddress_16bit_ADDR_VAL,ghidra-hand-xmap,
0x03E7B8,0x03E7F8,updateMemoryAtAddress_32bit_ADDR_VAL,ghidra-hand-xmap,
0x03E7F8,0x03E83E,FUN_03e7f8,derived,
0x03E83E,0x03E87A,validateAddressCopy_8bit_ADDRESS??,ghidra-hand-xmap,
0x03E87A,0x03E8D0,validateAddressCopy_16bit_ADDRESS??,ghidra-hand-xmap,
0x03E8D0,0x03E92A,validateAddressCopy_32bit_ADDRESS??,ghidra-hand-xmap,
0x03E92A,0x03E990,validateAddressCopy_float_ADDRESS??,ghidra-hand-xmap,
0x03E990,0x03E998,FUN_03e990,derived,
0x03E998,0x03EA1C,FUN_03e998,derived,
0x03EA1C,0x03EAA4,FUN_03ea1c,derived,
0x03EAA4,0x03EAF8,FUN_03eaa4,derived,
0x03EAF8,0x03EAFE,FUN_03eaf8,derived,
0x03EAFE,0x03EB1A,FUN_03eafe,derived,
0x03EB1A,0x03EB48,FUN_03eb1a,derived,
0x03EB48,0x03EB58,FUN_03eb48,derived,
0x03EB58,0x03EC62,FUN_03eb58,derived,
0x03EC62,0x03EC6C,FUN_03ec62,derived,
0x03EC6C,0x03ED18,FUN_03ec6c,derived,
0x03ED18,0x03ED3C,FUN_03ed18,derived,
0x03ED3C,0x03ED98,FUN_03ed3c,derived,
0x03ED98,0x03EDF4,FUN_03ed98,derived,
0x03EDF4,0x03EDFC,FUN_03edf4,derived,
0x03EDFC,0x03EE0C,FUN_03edfc,derived,
0x03EE0C,0x03EE14,FUN_03ee0c,derived,
0x03EE14,0x03EE1E,FUN_03ee14,derived,
0x03EE1E,0x03EE28,FUN_03ee1e,derived,
0x03EE28,0x03EE8C,FUN_03ee28,derived,
0x03EE8C,0x03EEC6,FUN_03ee8c,derived,
0x03EEC6,0x03F034,FUN_03eec6,derived,
0x03F034,0x03F046,FUN_03f034,derived,
0x03F046,0x03F088,FUN_03f046,derived,
0x03F088,0x03F1E6,FUN_03f088,derived,
0x03F1E6,0x03F274,FUN_03f1e6,derived,
0x03F274,0x03F28A,FUN_03f274,derived,
0x03F28A,0x03F28E,FUN_03f28a,derived,
0x03F28E,0x03F29E,FUN_03f28e,derived,
0x03F29E,0x03F2B6,FUN_03f29e,derived,
0x03F2B6,0x03F2D0,FUN_03f2b6,derived,
0x03F2D0,0x03F2DE,FUN_03f2d0,derived,
0x03F2DE,0x03F32E,FUN_03f2de,derived,
0x03F32E,0x03F39E,FUN_03f32e,derived,
0x03F39E,0x03F3D8,FUN_03f39e,derived,
0x03F3D8,0x03F42A,FUN_03f3d8,derived,
0x03F42A,0x03F43A,FUN_03f42a,derived,
0x03F43A,0x03F442,FUN_03f43a,derived,
0x03F442,0x03F456,FUN_03f442,derived,
0x03F456,0x03F45A,FUN_03f456,derived,
0x03F45A,0x03F476,FUN_03f45a,derived,
0x03F476,0x03F48A,FUN_03f476,derived,
0x03F48A,0x03F496,FUN_03f48a,derived,
0x03F496,0x03F5AE,FUN_03f496,derived,
0x03F5AE,0x03F5B6,FUN_03f5ae,derived,
0x03F5B6,0x03F5C2,FUN_03f5b6,derived,
0x03F5C2,0x03F5DE,FUN_03f5c2,derived,
0x03F5DE,0x03F5E2,FUN_03f5de,derived,
0x03F5E2,0x03F5F6,FUN_03f5e2,derived,
0x03F5F6,0x03F5FE,FUN_03f5f6,derived,
0x03F5FE,0x03F600,FUN_03f5fe,derived,
0x03F600,0x03F612,FUN_03f600,derived,
0x03F612,0x03F616,FUN_03f612,derived,
0x03F616,0x03F61E,FUN_03f616,derived,
0x03F61E,0x03F620,FUN_03f61e,derived,
0x03F620,0x03F63E,FUN_03f620,derived,
0x03F63E,0x03F646,FUN_03f63e,derived,
0x03F646,0x03F662,FUN_03f646,derived,
0x03F662,0x03F686,FUN_03f662,derived,
0x03F686,0x03F694,FUN_03f686,derived,
0x03F694,0x03F698,FUN_03f694,derived,
0x03F698,0x03F6C2,FUN_03f698,derived,
0x03F6C2,0x03F6E4,FUN_03f6c2,derived,
0x03F6E4,0x03F70C,FUN_03f6e4,derived,
0x03F70C,0x03F746,FUN_03f70c,derived,
0x03F746,0x03F75A,FUN_03f746,derived,
0x03F75A,0x03F764,FUN_03f75a,derived,
0x03F764,0x03F770,FUN_03f764,derived,
0x03F770,0x03F776,FUN_03f770,derived,
0x03F776,0x03F7AE,FUN_03f776,derived,
0x03F7AE,0x03F7B0,FUN_03f7ae,derived,
0x03F7B0,0x03F7BE,FUN_03f7b0,derived,
0x03F7BE,0x03F7CA,FUN_03f7be,derived,
0x03F7CA,0x03F7D6,FUN_03f7ca,derived,
0x03F7D6,0x03F7E2,FUN_03f7d6,derived,
0x03F7E2,0x03F7EE,FUN_03f7e2,derived,
0x03F7EE,0x03F87E,FUN_03f7ee,derived,
0x03F87E,0x03F89E,FUN_03f87e,derived,
0x03F89E,0x03F8A2,FUN_03f89e,derived,
0x03F8A2,0x03F8CE,FUN_03f8a2,derived,
0x03F8CE,0x03F8DE,FUN_03f8ce,derived,
0x03F8DE,0x03F8EA,FUN_03f8de,derived,
0x03F8EA,0x03F8F6,FUN_03f8ea,derived,
0x03F8F6,0x03F902,FUN_03f8f6,derived,
0x03F902,0x03F90E,FUN_03f902,derived,
0x03F90E,0x03FA08,FUN_03f90e,derived,
0x03FA08,0x03FA24,FUN_03fa08,derived,
0x03FA24,0x03FA32,FUN_03fa24,derived,
0x03FA32,0x03FA3E,FUN_03fa32,derived,
0x03FA3E,0x03FA4A,FUN_03fa3e,derived,
0x03FA4A,0x03FA52,FUN_03fa4a,derived,
0x03FA52,0x03FA56,FUN_03fa52,derived,
0x03FA56,0x03FA5E,FUN_03fa56,derived,
0x03FA5E,0x03FA62,FUN_03fa5e,derived,
0x03FA62,0x03FA6E,FUN_03fa62,derived,
0x03FA6E,0x03FA7A,FUN_03fa6e,derived,
0x03FA7A,0x03FA82,FUN_03fa7a,derived,
0x03FA82,0x03FA86,FUN_03fa82,derived,
0x03FA86,0x03FA92,FUN_03fa86,derived,
0x03FA92,0x03FAAA,FUN_03fa92,derived,
0x03FAAA,0x03FACC,FUN_03faaa,derived,
0x03FACC,0x03FB0E,FUN_03facc,derived,
0x03FB0E,0x03FB1A,FUN_03fb0e,derived,
0x03FB1A,0x03FB6A,FUN_03fb1a,derived,
0x03FB6A,0x03FB76,FUN_03fb6a,derived,
0x03FB76,0x03FB8A,FUN_03fb76,derived,
0x03FB8A,0x03FBE6,FUN_03fb8a,derived,
0x03FBE6,0x03FC46,FUN_03fbe6,derived,
0x03FC46,0x03FC52,FUN_03fc46,derived,
0x03FC52,0x03FC56,FUN_03fc52,derived,
0x03FC56,0x03FD0C,FUN_03fc56,derived,
0x03FD0C,0x03FD16,FUN_03fd0c,derived,
0x03FD16,0x03FD1E,FUN_03fd16,derived,
0x03FD1E,0x03FD32,FUN_03fd1e,derived,
0x03FD32,0x03FD38,FUN_03fd32,derived,
0x03FD38,0x03FD76,FUN_03fd38,derived,
0x03FD76,0x03FD7E,FUN_03fd76,derived,
0x03FD7E,0x03FD8A,FUN_03fd7e,derived,
0x03FD8A,0x03FDAE,FUN_03fd8a,derived,
0x03FDAE,0x03FDB0,FUN_03fdae,derived,
0x03FDB0,0x03FE4E,FUN_03fdb0,derived,
0x03FE4E,0x03FECA,FUN_03fe4e,derived,
0x03FECA,0x03FEE2,FUN_03feca,derived,
0x03FEE2,0x03FF6C,FUN_03fee2,derived,
0x03FF6C,0x03FF98,FUN_03ff6c,derived,
0x03FF98,0x040038,FUN_03ff98,derived,
0x040038,0x0400B4,FUN_040038,derived,
0x0400B4,0x0400BA,FUN_0400b4,derived,
0x0400BA,0x0400CC,FUN_0400ba,derived,
0x0400CC,0x040100,FUN_0400cc,derived,
0x040100,0x040108,FUN_040100,derived,
0x040108,0x0401AC,FUN_040108,derived,
0x0401AC,0x0401E6,FUN_0401ac,derived,
0x0401E6,0x04027E,FUN_0401e6,derived,
0x04027E,0x040288,FUN_04027e,derived,
0x040288,0x040306,FUN_040288,derived,
0x040306,0x040394,FUN_040306,derived,
0x040394,0x0403AE,FUN_040394,derived,
0x0403AE,0x040400,FUN_0403ae,derived,
0x040400,0x04044C,FUN_040400,derived,
0x04044C,0x04051A,FUN_04044c,derived,
0x04051A,0x040540,FUN_04051a,derived,
0x040540,0x0405AE,FUN_040540,derived,
0x0405AE,0x040606,FUN_0405ae,derived,
0x040606,0x0406C4,FUN_040606,derived,
0x0406C4,0x0406C6,FUN_0406c4,derived,
0x0406C6,0x040800,FUN_0406c6,derived,
0x040800,0x040A50,FUN_040800,derived,
0x040A50,0x040B64,FUN_040a50,derived,
0x040B64,0x040CF4,FUN_040b64,derived,
0x040CF4,0x040D0E,FUN_040cf4,derived,
0x040D0E,0x0411A0,FUN_040d0e,derived,
0x0411A0,0x0412C4,FUN_0411a0,derived,
0x0412C4,0x041D9E,FUN_0412c4,derived,
0x041D9E,0x041DB2,FUN_041d9e,derived,
0x041DB2,0x041DB6,FUN_041db2,derived,
0x041DB6,0x041DC6,FUN_041db6,derived,
0x041DC6,0x041DD6,FUN_041dc6,derived,
0x041DD6,0x041EA2,FUN_041dd6,derived,
0x041EA2,0x041EAA,FUN_041ea2,derived,
0x041EAA,0x041EB2,FUN_041eaa,derived,
0x041EB2,0x041EBA,FUN_041eb2,derived,
0x041EBA,0x041EC2,FUN_041eba,derived,
0x041EC2,0x041ECA,FUN_041ec2,derived,
0x041ECA,0x041FF2,FUN_041eca,derived,
0x041FF2,0x04200A,FUN_041ff2,derived,
0x04200A,0x042012,FUN_04200a,derived,
0x042012,0x04210C,FUN_042012,derived,
0x04210C,0x042156,FUN_04210c,derived,
0x042156,0x0421E4,FUN_042156,derived,
0x0421E4,0x0422B4,FUN_0421e4,derived,
0x0422B4,0x042340,FUN_0422b4,derived,
0x042340,0x04239E,FUN_042340,derived,
0x04239E,0x042420,FUN_04239e,derived,
0x042420,0x04248C,FUN_042420,derived,
0x04248C,0x04265A,FUN_04248c,derived,
0x04265A,0x0426FC,FUN_04265a,derived,
0x0426FC,0x042808,FUN_0426fc,derived,
0x042808,0x042836,FUN_042808,derived,
0x042836,0x042848,FUN_042836,derived,
0x042848,0x04297C,FUN_042848,derived,
0x04297C,0x042A62,FUN_04297c,derived,
0x042A62,0x042A6E,FUN_042a62,derived,
0x042A6E,0x042AE0,FUN_042a6e,derived,
0x042AE0,0x042AF8,FUN_042ae0,derived,
0x042AF8,0x042B8A,FUN_042af8,derived,
0x042B8A,0x042B9A,FUN_042b8a,derived,
0x042B9A,0x042BA6,FUN_042b9a,derived,
0x042BA6,0x042BA8,FUN_042ba6,derived,
0x042BA8,0x042BB2,FUN_042ba8,derived,
0x042BB2,0x042BD2,FUN_042bb2,derived,
0x042BD2,0x042BE6,FUN_042bd2,derived,
0x042BE6,0x042CC6,FUN_042be6,derived,
0x042CC6,0x042CCE,FUN_042cc6,derived,
0x042CCE,0x042CD6,FUN_042cce,derived,
0x042CD6,0x042CDA,FUN_042cd6,derived,
0x042CDA,0x042CEA,FUN_042cda,derived,
0x042CEA,0x042D34,FUN_042cea,derived,
0x042D34,0x042D98,lambdaRelated,ghidra-hand-xmap,
0x042D98,0x042DAA,FUN_042d98,derived,
0x042DAA,0x042DB6,FUN_042daa,derived,
0x042DB6,0x042DEE,FUN_042db6,derived,
0x042DEE,0x042E30,FUN_042dee,derived,
0x042E30,0x042E36,FUN_042e30,derived,
0x042E36,0x042E7C,FUN_042e36,derived,
0x042E7C,0x042ED0,FUN_042e7c,derived,
0x042ED0,0x042F50,FUN_042ed0,derived,
0x042F50,0x043070,FUN_042f50,derived,
0x043070,0x0430A0,FUN_043070,derived,
0x0430A0,0x0430AC,FUN_0430a0,derived,
0x0430AC,0x04310A,FUN_0430ac,derived,
0x04310A,0x0431BA,FUN_04310a,derived,
0x0431BA,0x04328E,FUN_0431ba,derived,
0x04328E,0x043344,FUN_04328e,derived,
0x043344,0x043490,FUN_043344,derived,
0x043490,0x043504,FUN_043490,derived,
0x043504,0x043524,FUN_043504,derived,
0x043524,0x04358A,FUN_043524,derived,
0x04358A,0x0435D8,calculateDriverConditions,ghidra-hand-xmap,
0x0435D8,0x043624,FUN_0435d8,derived,
0x043624,0x0436EE,FUN_043624,derived,
0x0436EE,0x0436F8,FUN_0436ee,derived,
0x0436F8,0x043740,FUN_0436f8,derived,
0x043740,0x0437A0,FUN_043740,derived,
0x0437A0,0x0437D0,FUN_0437a0,derived,
0x0437D0,0x0437D6,FUN_0437d0,derived,
0x0437D6,0x043828,FUN_0437d6,derived,
0x043828,0x043842,FUN_043828,derived,
0x043842,0x043848,FUN_043842,derived,
0x043848,0x043896,FUN_043848,derived,
0x043896,0x0439B6,FUN_043896,derived,
0x0439B6,0x0439DE,FUN_0439b6,derived,
0x0439DE,0x043A12,FUN_0439de,derived,
0x043A12,0x043A1E,FUN_043a12,derived,
0x043A1E,0x043A3A,FUN_043a1e,derived,
0x043A3A,0x043A3E,FUN_043a3a,derived,
0x043A3E,0x043AAC,FUN_043a3e,derived,
0x043AAC,0x043B0C,FUN_043aac,derived,
0x043B0C,0x043B20,FUN_043b0c,derived,
0x043B20,0x043B3E,FUN_043b20,derived,
0x043B3E,0x043B46,FUN_043b3e,derived,
0x043B46,0x043C28,FUN_043b46,derived,
0x043C28,0x043CB0,FUN_043c28,derived,
0x043CB0,0x043CE2,FUN_043cb0,derived,
0x043CE2,0x043E46,filterEngineSpeedRateOfChange,ghidra-hand-xmap,
0x043E46,0x043E70,FUN_043e46,derived,
0x043E70,0x043EEA,FUN_043e70,derived,
0x043EEA,0x043FD4,calc_decel_fuel_cut_445AA,ghidra-hand-xmap,
0x043FD4,0x043FFC,FUN_043fd4,derived,
0x043FFC,0x044000,FUN_043ffc,derived,
0x044000,0x044088,FUN_044000,derived,
0x044088,0x044092,FUN_044088,derived,
0x044092,0x0440C2,FUN_044092,derived,
0x0440C2,0x0440D6,FUN_0440c2,derived,
0x0440D6,0x0440F0,FUN_0440d6,derived,
0x0440F0,0x04412C,FUN_0440f0,derived,
0x04412C,0x04413A,FUN_04412c,derived,
0x04413A,0x04414E,FUN_04413a,derived,
0x04414E,0x044164,FUN_04414e,derived,
0x044164,0x0441CE,FUN_044164,derived,
0x0441CE,0x044220,FUN_0441ce,derived,
0x044220,0x04424A,getThrottleLessThanLookupTimer,ghidra-hand-xmap,
0x04424A,0x044264,FUN_04424a,derived,
0x044264,0x0442C8,FUN_044264,derived,
0x0442C8,0x0442FA,FUN_0442c8,derived,
0x0442FA,0x04434C,FUN_0442fa,derived,
0x04434C,0x044352,FUN_04434c,derived,
0x044352,0x044398,FUN_044352,derived,
0x044398,0x0443F2,FUN_044398,derived,
0x0443F2,0x044444,FUN_0443f2,derived,
0x044444,0x044450,FUN_044444,derived,
0x044450,0x04445C,FUN_044450,derived,
0x04445C,0x044464,FUN_04445c,derived,
0x044464,0x04447C,FUN_044464,derived,
0x04447C,0x0444DA,FUN_04447c,derived,
0x0444DA,0x044570,FUN_0444da,derived,
0x044570,0x0445A4,FUN_044570,derived,
0x0445A4,0x0445AE,FUN_0445a4,derived,
0x0445AE,0x0445B4,FUN_0445ae,derived,
0x0445B4,0x0445C6,FUN_0445b4,derived,
0x0445C6,0x0445D4,getApvVoltageRange,ghidra-hand-xmap,
0x0445D4,0x044620,FUN_0445d4,derived,
0x044620,0x044638,FUN_044620,derived,
0x044638,0x044654,FUN_044638,derived,
0x044654,0x0446CE,FUN_044654,derived,
0x0446CE,0x0446D8,FUN_0446ce,derived,
0x0446D8,0x044730,FUN_0446d8,derived,
0x044730,0x04473A,FUN_044730,derived,
0x04473A,0x04475C,FUN_04473a,derived,
0x04475C,0x04477C,FUN_04475c,derived,
0x04477C,0x044842,FUN_04477c,derived,
0x044842,0x04489E,FUN_044842,derived,
0x04489E,0x0448A4,FUN_04489e,derived,
0x0448A4,0x0448AA,FUN_0448a4,derived,
0x0448AA,0x0448C2,FUN_0448aa,derived,
0x0448C2,0x0448D2,FUN_0448c2,derived,
0x0448D2,0x0448D4,FUN_0448d2,derived,
0x0448D4,0x0448E2,FUN_0448d4,derived,
0x0448E2,0x044960,FUN_0448e2,derived,
0x044960,0x04497E,FUN_044960,derived,
0x04497E,0x04498C,FUN_04497e,derived,
0x04498C,0x0449BA,FUN_04498c,derived,
0x0449BA,0x0449C0,FUN_0449ba,derived,
0x0449C0,0x0449CE,FUN_0449c0,derived,
0x0449CE,0x044A30,FUN_0449ce,derived,
0x044A30,0x044CEE,FUN_044a30,derived,
0x044CEE,0x044DA2,FUN_044cee,derived,
0x044DA2,0x044DB0,FUN_044da2,derived,
0x044DB0,0x044DC2,FUN_044db0,derived,
0x044DC2,0x044F0E,FUN_044dc2,derived,
0x044F0E,0x044F18,FUN_044f0e,derived,
0x044F18,0x044F1C,FUN_044f18,derived,
0x044F1C,0x044F46,FUN_044f1c,derived,
0x044F46,0x044F5E,FUN_044f46,derived,
0x044F5E,0x04501C,FUN_044f5e,derived,
0x04501C,0x045080,FUN_04501c,derived,
0x045080,0x045084,FUN_045080,derived,
0x045084,0x0450B2,FUN_045084,derived,
0x0450B2,0x0450E2,FUN_0450b2,derived,
0x0450E2,0x045234,FUN_0450e2,derived,
0x045234,0x045252,FUN_045234,derived,
0x045252,0x0452C4,FUN_045252,derived,
0x0452C4,0x0452F2,FUN_0452c4,derived,
0x0452F2,0x0453AC,FUN_0452f2,derived,
0x0453AC,0x0453C0,FUN_0453ac,derived,
0x0453C0,0x04544A,FUN_0453c0,derived,
0x04544A,0x04547C,FUN_04544a,derived,
0x04547C,0x045484,FUN_04547c,derived,
0x045484,0x0454AC,FUN_045484,derived,
0x0454AC,0x0454F4,FUN_0454ac,derived,
0x0454F4,0x04552E,FUN_0454f4,derived,
0x04552E,0x045588,FUN_04552e,derived,
0x045588,0x04559A,FUN_045588,derived,
0x04559A,0x0455B2,FUN_04559a,derived,
0x0455B2,0x0455E0,FUN_0455b2,derived,
0x0455E0,0x045612,FUN_0455e0,derived,
0x045612,0x045642,FUN_045612,derived,
0x045642,0x045702,FUN_045642,derived,
0x045702,0x0457B8,FUN_045702,derived,
0x0457B8,0x0457F0,FUN_0457b8,derived,
0x0457F0,0x0457FA,FUN_0457f0,derived,
0x0457FA,0x04580A,FUN_0457fa,derived,
0x04580A,0x045840,FUN_04580a,derived,
0x045840,0x04588E,FUN_045840,derived,
0x04588E,0x045894,FUN_04588e,derived,
0x045894,0x0458A2,FUN_045894,derived,
0x0458A2,0x0458AC,FUN_0458a2,derived,
0x0458AC,0x0458B2,FUN_0458ac,derived,
0x0458B2,0x0458C4,FUN_0458b2,derived,
0x0458C4,0x045974,FUN_0458c4,derived,
0x045974,0x045996,FUN_045974,derived,
0x045996,0x0459C2,FUN_045996,derived,
0x0459C2,0x0459CC,FUN_0459c2,derived,
0x0459CC,0x0459CE,FUN_0459cc,derived,
0x0459CE,0x0459DA,FUN_0459ce,derived,
0x0459DA,0x045A46,FUN_0459da,derived,
0x045A46,0x045AE0,FUN_045a46,derived,
0x045AE0,0x045B14,FUN_045ae0,derived,
0x045B14,0x045B38,FUN_045b14,derived,
0x045B38,0x045B5C,FUN_045b38,derived,
0x045B5C,0x045B6C,FUN_045b5c,derived,
0x045B6C,0x045BDA,FUN_045b6c,derived,
0x045BDA,0x045D40,FUN_045bda,derived,
0x045D40,0x045E0A,FUN_045d40,derived,
0x045E0A,0x045E1E,FUN_045e0a,derived,
0x045E1E,0x045ED8,FUN_045e1e,derived,
0x045ED8,0x045F0A,FUN_045ed8,derived,
0x045F0A,0x045F4E,FUN_045f0a,derived,
0x045F4E,0x045F7A,FUN_045f4e,derived,
0x045F7A,0x045F80,FUN_045f7a,derived,
0x045F80,0x045FA4,FUN_045f80,derived,
0x045FA4,0x045FB6,FUN_045fa4,derived,
0x045FB6,0x045FF8,FUN_045fb6,derived,
0x045FF8,0x046040,FUN_045ff8,derived,
0x046040,0x046048,FUN_046040,derived,
0x046048,0x046050,FUN_046048,derived,
0x046050,0x04607C,FUN_046050,derived,
0x04607C,0x046082,FUN_04607c,derived,
0x046082,0x0460A0,FUN_046082,derived,
0x0460A0,0x0460B8,FUN_0460a0,derived,
0x0460B8,0x046118,FUN_0460b8,derived,
0x046118,0x046120,FUN_046118,derived,
0x046120,0x0461EC,FUN_046120,derived,
0x0461EC,0x04635E,FUN_0461ec,derived,
0x04635E,0x0463CC,FUN_04635e,derived,
0x0463CC,0x0463EE,FUN_0463cc,derived,
0x0463EE,0x0463F6,FUN_0463ee,derived,
0x0463F6,0x0463FE,FUN_0463f6,derived,
0x0463FE,0x04643E,FUN_0463fe,derived,
0x04643E,0x0464B8,FUN_04643e,derived,
0x0464B8,0x0464EE,FUN_0464b8,derived,
0x0464EE,0x0465D0,FUN_0464ee,derived,
0x0465D0,0x0465F2,FUN_0465d0,derived,
0x0465F2,0x0465F8,FUN_0465f2,derived,
0x0465F8,0x0465FA,FUN_0465f8,derived,
0x0465FA,0x04660E,FUN_0465fa,derived,
0x04660E,0x046620,FUN_04660e,derived,
0x046620,0x0466B2,FUN_046620,derived,
0x0466B2,0x046726,FUN_0466b2,derived,
0x046726,0x04676C,FUN_046726,derived,
0x04676C,0x046824,FUN_04676c,derived,
0x046824,0x04684E,FUN_046824,derived,
0x04684E,0x046862,FUN_04684e,derived,
0x046862,0x046870,FUN_046862,derived,
0x046870,0x046874,FUN_046870,derived,
0x046874,0x0468F8,FUN_046874,derived,
0x0468F8,0x04697A,FUN_0468f8,derived,
0x04697A,0x046A78,FUN_04697a,derived,
0x046A78,0x046AA2,FUN_046a78,derived,
0x046AA2,0x046AAA,FUN_046aa2,derived,
0x046AAA,0x046AB2,FUN_046aaa,derived,
0x046AB2,0x046ABA,FUN_046ab2,derived,
0x046ABA,0x046B0C,FUN_046aba,derived,
0x046B0C,0x046B5E,FUN_046b0c,derived,
0x046B5E,0x046BD2,FUN_046b5e,derived,
0x046BD2,0x046C70,FUN_046bd2,derived,
0x046C70,0x046C9A,FUN_046c70,derived,
0x046C9A,0x046CAE,FUN_046c9a,derived,
0x046CAE,0x046CC0,FUN_046cae,derived,
0x046CC0,0x046D00,FUN_046cc0,derived,
0x046D00,0x046E44,FUN_046d00,derived,
0x046E44,0x046E66,FUN_046e44,derived,
0x046E66,0x046E6E,FUN_046e66,derived,
0x046E6E,0x046E76,FUN_046e6e,derived,
0x046E76,0x046EE8,FUN_046e76,derived,
0x046EE8,0x0470FC,FUN_046ee8,derived,
0x0470FC,0x04710A,FUN_0470fc,derived,
0x04710A,0x047246,FUN_04710a,derived,
0x047246,0x047302,FUN_047246,derived,
0x047302,0x04743E,FUN_047302,derived,
0x04743E,0x047484,FUN_04743e,derived,
0x047484,0x04757C,FUN_047484,derived,
0x04757C,0x04759E,FUN_04757c,derived,
0x04759E,0x0475A6,FUN_04759e,derived,
0x0475A6,0x0475AE,FUN_0475a6,derived,
0x0475AE,0x047608,FUN_0475ae,derived,
0x047608,0x047618,FUN_047608,derived,
0x047618,0x047688,FUN_047618,derived,
0x047688,0x0477A8,FUN_047688,derived,
0x0477A8,0x0477F8,FUN_0477a8,derived,
0x0477F8,0x047848,FUN_0477f8,derived,
0x047848,0x047864,FUN_047848,derived,
0x047864,0x04787E,FUN_047864,derived,
0x04787E,0x0478CA,FUN_04787e,derived,
0x0478CA,0x0478EC,FUN_0478ca,derived,
0x0478EC,0x04798C,FUN_0478ec,derived,
0x04798C,0x0479AE,FUN_04798c,derived,
0x0479AE,0x0479B6,FUN_0479ae,derived,
0x0479B6,0x0479CA,FUN_0479b6,derived,
0x0479CA,0x047A1C,FUN_0479ca,derived,
0x047A1C,0x047A60,FUN_047a1c,derived,
0x047A60,0x047A82,FUN_047a60,derived,
0x047A82,0x047A8A,FUN_047a82,derived,
0x047A8A,0x047A92,FUN_047a8a,derived,
0x047A92,0x047AD2,FUN_047a92,derived,
0x047AD2,0x047B46,FUN_047ad2,derived,
0x047B46,0x047B9C,FUN_047b46,derived,
0x047B9C,0x047BB4,FUN_047b9c,derived,
0x047BB4,0x047E5E,FUN_047bb4,derived,
0x047E5E,0x047F22,fuelCutSomethingSomething,ghidra-hand-xmap,
0x047F22,0x047F96,FUN_047f22,derived,
0x047F96,0x047FE0,setPerRotorLevel1FuelCut,ghidra-hand-xmap,
0x047FE0,0x048054,FUN_047fe0,derived,
0x048054,0x04805C,FUN_048054,derived,
0x04805C,0x0480B6,FUN_04805c,derived,
0x0480B6,0x0480CA,FUN_0480b6,derived,
0x0480CA,0x0480DC,FUN_0480ca,derived,
0x0480DC,0x0480F4,FUN_0480dc,derived,
0x0480F4,0x0481E8,FUN_0480f4,derived,
0x0481E8,0x0482FC,FUN_0481e8,derived,
0x0482FC,0x04877E,setThrottleStatus,ghidra-hand-xmap,
0x04877E,0x0487AE,FUN_04877e,derived,
0x0487AE,0x0487B2,FUN_0487ae,derived,
0x0487B2,0x0487B8,FUN_0487b2,derived,
0x0487B8,0x0487BC,FUN_0487b8,derived,
0x0487BC,0x048880,FUN_0487bc,derived,
0x048880,0x048A5A,FUN_048880,derived,
0x048A5A,0x048C08,FUN_048a5a,derived,
0x048C08,0x048C10,FUN_048c08,derived,
0x048C10,0x048C18,FUN_048c10,derived,
0x048C18,0x048C1E,FUN_048c18,derived,
0x048C1E,0x048CB6,FUN_048c1e,derived,
0x048CB6,0x048CE6,FUN_048cb6,derived,
0x048CE6,0x048EC4,FUN_048ce6,derived,
0x048EC4,0x048ECA,FUN_048ec4,derived,
0x048ECA,0x048ED0,FUN_048eca,derived,
0x048ED0,0x048ED6,FUN_048ed0,derived,
0x048ED6,0x048EDE,FUN_048ed6,derived,
0x048EDE,0x048EE0,FUN_048ede,derived,
0x048EE0,0x048F68,FUN_048ee0,derived,
0x048F68,0x04901C,FUN_048f68,derived,
0x04901C,0x04903C,FUN_04901c,derived,
0x04903C,0x049052,FUN_04903c,derived,
0x049052,0x049154,FUN_049052,derived,
0x049154,0x049164,FUN_049154,derived,
0x049164,0x049184,FUN_049164,derived,
0x049184,0x04918C,FUN_049184,derived,
0x04918C,0x049194,FUN_04918c,derived,
0x049194,0x04919C,FUN_049194,derived,
0x04919C,0x0491A4,FUN_04919c,derived,
0x0491A4,0x0491B6,FUN_0491a4,derived,
0x0491B6,0x0491BC,FUN_0491b6,derived,
0x0491BC,0x0491C2,FUN_0491bc,derived,
0x0491C2,0x049250,FUN_0491c2,derived,
0x049250,0x0492BA,FUN_049250,derived,
0x0492BA,0x0492C2,FUN_0492ba,derived,
0x0492C2,0x0492C8,FUN_0492c2,derived,
0x0492C8,0x0492CE,FUN_0492c8,derived,
0x0492CE,0x04943A,FUN_0492ce,derived,
0x04943A,0x049440,FUN_04943a,derived,
0x049440,0x049446,FUN_049440,derived,
0x049446,0x04944C,FUN_049446,derived,
0x04944C,0x049454,FUN_04944c,derived,
0x049454,0x049456,FUN_049454,derived,
0x049456,0x04958A,FUN_049456,derived,
0x04958A,0x0495B8,FUN_04958a,derived,
0x0495B8,0x0495C6,FUN_0495b8,derived,
0x0495C6,0x049706,FUN_0495c6,derived,
0x049706,0x04970C,FUN_049706,derived,
0x04970C,0x04970E,FUN_04970c,derived,
0x04970E,0x049714,FUN_04970e,derived,
0x049714,0x04972C,FUN_049714,derived,
0x04972C,0x04975E,FUN_04972c,derived,
0x04975E,0x0497A4,FUN_04975e,derived,
0x0497A4,0x0497EE,FUN_0497a4,derived,
0x0497EE,0x04981C,FUN_0497ee,derived,
0x04981C,0x049854,FUN_04981c,derived,
0x049854,0x049930,FUN_049854,derived,
0x049930,0x049934,FUN_049930,derived,
0x049934,0x04993A,FUN_049934,derived,
0x04993A,0x049940,FUN_04993a,derived,
0x049940,0x049946,FUN_049940,derived,
0x049946,0x04994E,FUN_049946,derived,
0x04994E,0x049950,FUN_04994e,derived,
0x049950,0x049972,FUN_049950,derived,
0x049972,0x04997A,FUN_049972,derived,
0x04997A,0x049980,FUN_04997a,derived,
0x049980,0x049986,FUN_049980,derived,
0x049986,0x0499A0,FUN_049986,derived,
0x0499A0,0x0499B0,FUN_0499a0,derived,
0x0499B0,0x049A7C,FUN_0499b0,derived,
0x049A7C,0x049A8A,FUN_049a7c,derived,
0x049A8A,0x049A90,FUN_049a8a,derived,
0x049A90,0x049A92,FUN_049a90,derived,
0x049A92,0x049A96,FUN_049a92,derived,
0x049A96,0x049A98,FUN_049a96,derived,
0x049A98,0x049ABA,FUN_049a98,derived,
0x049ABA,0x049ACC,FUN_049aba,derived,
0x049ACC,0x049AF4,FUN_049acc,derived,
0x049AF4,0x049B36,FUN_049af4,derived,
0x049B36,0x049B64,FUN_049b36,derived,
0x049B64,0x049BDC,FUN_049b64,derived,
0x049BDC,0x049BE0,FUN_049bdc,derived,
0x049BE0,0x049BEA,FUN_049be0,derived,
0x049BEA,0x049BF2,FUN_049bea,derived,
0x049BF2,0x049C48,FUN_049bf2,derived,
0x049C48,0x049DEC,FUN_049c48,derived,
0x049DEC,0x049E0C,FUN_049dec,derived,
0x049E0C,0x049E14,FUN_049e0c,derived,
0x049E14,0x049E18,FUN_049e14,derived,
0x049E18,0x049E1C,FUN_049e18,derived,
0x049E1C,0x049E20,FUN_049e1c,derived,
0x049E20,0x049EBC,FUN_049e20,derived,
0x049EBC,0x049F4E,FUN_049ebc,derived,
0x049F4E,0x049F74,FUN_049f4e,derived,
0x049F74,0x049FA0,FUN_049f74,derived,
0x049FA0,0x04A068,getSpeedLimitCal,ghidra-hand-xmap,
0x04A068,0x04A0C4,FUN_04a068,derived,
0x04A0C4,0x04A122,FUN_04a0c4,derived,
0x04A122,0x04A1AA,FUN_04a122,derived,
0x04A1AA,0x04A214,FUN_04a1aa,derived,
0x04A214,0x04A29C,FUN_04a214,derived,
0x04A29C,0x04A2AE,FUN_04a29c,derived,
0x04A2AE,0x04A2BC,FUN_04a2ae,derived,
0x04A2BC,0x04A318,FUN_04a2bc,derived,
0x04A318,0x04A31A,FUN_04a318,derived,
0x04A31A,0x04A35C,FUN_04a31a,derived,
0x04A35C,0x04A37C,FUN_04a35c,derived,
0x04A37C,0x04A3BE,FUN_04a37c,derived,
0x04A3BE,0x04A428,FUN_04a3be,derived,
0x04A428,0x04A42E,FUN_04a428,derived,
0x04A42E,0x04A448,FUN_04a42e,derived,
0x04A448,0x04A4BA,FUN_04a448,derived,
0x04A4BA,0x04A4D4,FUN_04a4ba,derived,
0x04A4D4,0x04A566,FUN_04a4d4,derived,
0x04A566,0x04A5D4,FUN_04a566,derived,
0x04A5D4,0x04A5DE,FUN_04a5d4,derived,
0x04A5DE,0x04A608,FUN_04a5de,derived,
0x04A608,0x04A6D4,FUN_04a608,derived,
0x04A6D4,0x04A734,FUN_04a6d4,derived,
0x04A734,0x04A73E,FUN_04a734,derived,
0x04A73E,0x04A7BA,FUN_04a73e,derived,
0x04A7BA,0x04A8FA,FUN_04a7ba,derived,
0x04A8FA,0x04A95A,FUN_04a8fa,derived,
0x04A95A,0x04A95E,FUN_04a95a,derived,
0x04A95E,0x04A962,FUN_04a95e,derived,
0x04A962,0x04A98C,FUN_04a962,derived,
0x04A98C,0x04AA14,FUN_04a98c,derived,
0x04AA14,0x04AA5A,FUN_04aa14,derived,
0x04AA5A,0x04AA90,FUN_04aa5a,derived,
0x04AA90,0x04AB68,FUN_04aa90,derived,
0x04AB68,0x04AC00,FUN_04ab68,derived,
0x04AC00,0x04AC68,FUN_04ac00,derived,
0x04AC68,0x04ACD4,FUN_04ac68,derived,
0x04ACD4,0x04ACDE,FUN_04acd4,derived,
0x04ACDE,0x04AE3A,FUN_04acde,derived,
0x04AE3A,0x04AEE0,FUN_04ae3a,derived,
0x04AEE0,0x04AFE2,FUN_04aee0,derived,
0x04AFE2,0x04B042,FUN_04afe2,derived,
0x04B042,0x04B08E,FUN_04b042,derived,
0x04B08E,0x04B162,FUN_04b08e,derived,
0x04B162,0x04B254,FUN_04b162,derived,
0x04B254,0x04B2DE,FUN_04b254,derived,
0x04B2DE,0x04B306,FUN_04b2de,derived,
0x04B306,0x04B332,FUN_04b306,derived,
0x04B332,0x04B34C,FUN_04b332,derived,
0x04B34C,0x04B3D0,FUN_04b34c,derived,
0x04B3D0,0x04B400,FUN_04b3d0,derived,
0x04B400,0x04B402,FUN_04b400,derived,
0x04B402,0x04B406,FUN_04b402,derived,
0x04B406,0x04B408,FUN_04b406,derived,
0x04B408,0x04B448,fuelCutVariableInit,ghidra-hand-xmap,
0x04B448,0x04B46E,FUN_04b448,derived,
0x04B46E,0x04B4A4,FUN_04b46e,derived,
0x04B4A4,0x04B4DE,FUN_04b4a4,derived,
0x04B4DE,0x04B4E6,FUN_04b4de,derived,
0x04B4E6,0x04B4F6,FUN_04b4e6,derived,
0x04B4F6,0x04B502,FUN_04b4f6,derived,
0x04B502,0x04B508,FUN_04b502,derived,
0x04B508,0x04B544,FUN_04b508,derived,
0x04B544,0x04B594,fuelCutTimerAfterReset,ghidra-hand-xmap,
0x04B594,0x04B5B6,FUN_04b594,derived,
0x04B5B6,0x04B5E6,resetFuelCutCondition7,ghidra-hand-xmap,
0x04B5E6,0x04B60E,FUN_04b5e6,derived,
0x04B60E,0x04B614,FUN_04b60e,derived,
0x04B614,0x04B64C,FUN_04b614,derived,
0x04B64C,0x04B682,FUN_04b64c,derived,
0x04B682,0x04B698,FUN_04b682,derived,
0x04B698,0x04B6BA,FUN_04b698,derived,
0x04B6BA,0x04B748,FUN_04b6ba,derived,
0x04B748,0x04B7DE,FUN_04b748,derived,
0x04B7DE,0x04B7E4,FUN_04b7de,derived,
0x04B7E4,0x04B814,FUN_04b7e4,derived,
0x04B814,0x04B870,FUN_04b814,derived,
0x04B870,0x04B878,FUN_04b870,derived,
0x04B878,0x04B87A,FUN_04b878,derived,
0x04B87A,0x04B8A8,FUN_04b87a,derived,
0x04B8A8,0x04B8D4,FUN_04b8a8,derived,
0x04B8D4,0x04B8DE,FUN_04b8d4,derived,
0x04B8DE,0x04B908,FUN_04b8de,derived,
0x04B908,0x04B948,FUN_04b908,derived,
0x04B948,0x04B988,FUN_04b948,derived,
0x04B988,0x04B9AA,FUN_04b988,derived,
0x04B9AA,0x04B9F8,FUN_04b9aa,derived,
0x04B9F8,0x04BAB6,FUN_04b9f8,derived,
0x04BAB6,0x04BABA,FUN_04bab6,derived,
0x04BABA,0x04BB04,FUN_04baba,derived,
0x04BB04,0x04BC0C,FUN_04bb04,derived,
0x04BC0C,0x04BC6C,FUN_04bc0c,derived,
0x04BC6C,0x04BC74,FUN_04bc6c,derived,
0x04BC74,0x04BCF8,FUN_04bc74,derived,
0x04BCF8,0x04BE5C,FUN_04bcf8,derived,
0x04BE5C,0x04BE90,FUN_04be5c,derived,
0x04BE90,0x04BF94,FUN_04be90,derived,
0x04BF94,0x04BFB4,FUN_04bf94,derived,
0x04BFB4,0x04BFD8,FUN_04bfb4,derived,
0x04BFD8,0x04BFE0,FUN_04bfd8,derived,
0x04BFE0,0x04C01C,FUN_04bfe0,derived,
0x04C01C,0x04C01E,FUN_04c01c,derived,
0x04C01E,0x04C02A,FUN_04c01e,derived,
0x04C02A,0x04C036,FUN_04c02a,derived,
0x04C036,0x04C04A,FUN_04c036,derived,
0x04C04A,0x04C07C,FUN_04c04a,derived,
0x04C07C,0x04C09E,FUN_04c07c,derived,
0x04C09E,0x04C150,FUN_04c09e,derived,
0x04C150,0x04C18E,FUN_04c150,derived,
0x04C18E,0x04C1A2,FUN_04c18e,derived,
0x04C1A2,0x04C1AE,FUN_04c1a2,derived,
0x04C1AE,0x04C1BA,FUN_04c1ae,derived,
0x04C1BA,0x04C264,FUN_04c1ba,derived,
0x04C264,0x04C27C,FUN_04c264,derived,
0x04C27C,0x04C28E,FUN_04c27c,derived,
0x04C28E,0x04C2F0,FUN_04c28e,derived,
0x04C2F0,0x04C332,FUN_04c2f0,derived,
0x04C332,0x04C390,FUN_04c332,derived,
0x04C390,0x04C46A,FUN_04c390,derived,
0x04C46A,0x04C490,FUN_04c46a,derived,
0x04C490,0x04C4FE,FUN_04c490,derived,
0x04C4FE,0x04C50C,FUN_04c4fe,derived,
0x04C50C,0x04C54C,FUN_04c50c,derived,
0x04C54C,0x04C56E,FUN_04c54c,derived,
0x04C56E,0x04C59C,FUN_04c56e,derived,
0x04C59C,0x04C646,FUN_04c59c,derived,
0x04C646,0x04C750,FUN_04c646,derived,
0x04C750,0x04C768,FUN_04c750,derived,
0x04C768,0x04C774,FUN_04c768,derived,
0x04C774,0x04C82A,FUN_04c774,derived,
0x04C82A,0x04C82C,FUN_04c82a,derived,
0x04C82C,0x04C830,FUN_04c82c,derived,
0x04C830,0x04C84E,FUN_04c830,derived,
0x04C84E,0x04C856,FUN_04c84e,derived,
0x04C856,0x04C894,can4B1RXUnpack,ghidra-hand-xmap,
0x04C894,0x04C8F8,FUN_04c894,derived,
0x04C8F8,0x04C8FE,FUN_04c8f8,derived,
0x04C8FE,0x04C924,FUN_04c8fe,derived,
0x04C924,0x04C92C,FUN_04c924,derived,
0x04C92C,0x04C95A,FUN_04c92c,derived,
0x04C95A,0x04C966,FUN_04c95a,derived,
0x04C966,0x04C9AA,getOBDCANTXVars1,ghidra-hand-xmap,
0x04C9AA,0x04C9C2,FUN_04c9aa,derived,
0x04C9C2,0x04C9F2,FUN_04c9c2,derived,
0x04C9F2,0x04C9F4,FUN_04c9f2,derived,
0x04C9F4,0x04C9FA,FUN_04c9f4,derived,
0x04C9FA,0x04CA02,FUN_04c9fa,derived,
0x04CA02,0x04CA10,FUN_04ca02,derived,
0x04CA10,0x04CA20,FUN_04ca10,derived,
0x04CA20,0x04CA28,FUN_04ca20,derived,
0x04CA28,0x04CA36,FUN_04ca28,derived,
0x04CA36,0x04CA40,FUN_04ca36,derived,
0x04CA40,0x04CA4A,FUN_04ca40,derived,
0x04CA4A,0x04CA52,FUN_04ca4a,derived,
0x04CA52,0x04CA5A,FUN_04ca52,derived,
0x04CA5A,0x04CA5E,FUN_04ca5a,derived,
0x04CA5E,0x04CA64,FUN_04ca5e,derived,
0x04CA64,0x04CAAA,getOBDCANTXVars2,ghidra-hand-xmap,
0x04CAAA,0x04CAC2,FUN_04caaa,derived,
0x04CAC2,0x04CAE0,FUN_04cac2,derived,
0x04CAE0,0x04CAF2,FUN_04cae0,derived,
0x04CAF2,0x04CB06,FUN_04caf2,derived,
0x04CB06,0x04CB3E,FUN_04cb06,derived,
0x04CB3E,0x04CB4A,FUN_04cb3e,derived,
0x04CB4A,0x04CB5A,FUN_04cb4a,derived,
0x04CB5A,0x04CB5E,FUN_04cb5a,derived,
0x04CB5E,0x04CB7A,FUN_04cb5e,derived,
0x04CB7A,0x04CB90,FUN_04cb7a,derived,
0x04CB90,0x04CB9A,FUN_04cb90,derived,
0x04CB9A,0x04CBAA,FUN_04cb9a,derived,
0x04CBAA,0x04CBC2,FUN_04cbaa,derived,
0x04CBC2,0x04CBDA,FUN_04cbc2,derived,
0x04CBDA,0x04CBF2,FUN_04cbda,derived,
0x04CBF2,0x04CC42,FUN_04cbf2,derived,
0x04CC42,0x04CC4A,FUN_04cc42,derived,
0x04CC4A,0x04CC86,FUN_04cc4a,derived,
0x04CC86,0x04CCAA,FUN_04cc86,derived,
0x04CCAA,0x04CCD6,FUN_04ccaa,derived,
0x04CCD6,0x04CD42,FUN_04ccd6,derived,
0x04CD42,0x04CDAA,FUN_04cd42,derived,
0x04CDAA,0x04CDD0,FUN_04cdaa,derived,
0x04CDD0,0x04CDDA,FUN_04cdd0,derived,
0x04CDDA,0x04CDDE,FUN_04cdda,derived,
0x04CDDE,0x04CDE6,FUN_04cdde,derived,
0x04CDE6,0x04CDEC,FUN_04cde6,derived,
0x04CDEC,0x04CDF2,FUN_04cdec,derived,
0x04CDF2,0x04CDF6,FUN_04cdf2,derived,
0x04CDF6,0x04CE32,FUN_04cdf6,derived,
0x04CE32,0x04CE42,FUN_04ce32,derived,
0x04CE42,0x04CE88,FUN_04ce42,derived,
0x04CE88,0x04CEAA,FUN_04ce88,derived,
0x04CEAA,0x04CEF6,FUN_04ceaa,derived,
0x04CEF6,0x04CEFA,FUN_04cef6,derived,
0x04CEFA,0x04CEFC,FUN_04cefa,derived,
0x04CEFC,0x04CF00,FUN_04cefc,derived,
0x04CF00,0x04CF04,FUN_04cf00,derived,
0x04CF04,0x04CF06,FUN_04cf04,derived,
0x04CF06,0x04CF2A,FUN_04cf06,derived,
0x04CF2A,0x04CF5A,FUN_04cf2a,derived,
0x04CF5A,0x04CF66,FUN_04cf5a,derived,
0x04CF66,0x04CFEE,FUN_04cf66,derived,
0x04CFEE,0x04D002,FUN_04cfee,derived,
0x04D002,0x04D042,FUN_04d002,derived,
0x04D042,0x04D04E,FUN_04d042,derived,
0x04D04E,0x04D05A,FUN_04d04e,derived,
0x04D05A,0x04D080,FUN_04d05a,derived,
0x04D080,0x04D0AE,FUN_04d080,derived,
0x04D0AE,0x04D0CA,FUN_04d0ae,derived,
0x04D0CA,0x04D106,FUN_04d0ca,derived,
0x04D106,0x04D11E,FUN_04d106,derived,
0x04D11E,0x04D12A,FUN_04d11e,derived,
0x04D12A,0x04D136,FUN_04d12a,derived,
0x04D136,0x04D142,FUN_04d136,derived,
0x04D142,0x04D14E,FUN_04d142,derived,
0x04D14E,0x04D15E,FUN_04d14e,derived,
0x04D15E,0x04D16E,FUN_04d15e,derived,
0x04D16E,0x04D184,FUN_04d16e,derived,
0x04D184,0x04D18C,FUN_04d184,derived,
0x04D18C,0x04D25E,FUN_04d18c,derived,
0x04D25E,0x04D276,FUN_04d25e,derived,
0x04D276,0x04D282,FUN_04d276,derived,
0x04D282,0x04D2FC,FUN_04d282,derived,
0x04D2FC,0x04D300,FUN_04d2fc,derived,
0x04D300,0x04D304,FUN_04d300,derived,
0x04D304,0x04D314,FUN_04d304,derived,
0x04D314,0x04D324,FUN_04d314,derived,
0x04D324,0x04D334,FUN_04d324,derived,
0x04D334,0x04D344,FUN_04d334,derived,
0x04D344,0x04D354,FUN_04d344,derived,
0x04D354,0x04D362,FUN_04d354,derived,
0x04D362,0x04D364,FUN_04d362,derived,
0x04D364,0x04D36C,FUN_04d364,derived,
0x04D36C,0x04D374,FUN_04d36c,derived,
0x04D374,0x04D384,FUN_04d374,derived,
0x04D384,0x04D394,FUN_04d384,derived,
0x04D394,0x04D3A4,FUN_04d394,derived,
0x04D3A4,0x04D3B4,FUN_04d3a4,derived,
0x04D3B4,0x04D3C4,FUN_04d3b4,derived,
0x04D3C4,0x04D3F4,FUN_04d3c4,derived,
0x04D3F4,0x04D404,FUN_04d3f4,derived,
0x04D404,0x04D444,FUN_04d404,derived,
0x04D444,0x04D446,FUN_04d444,derived,
0x04D446,0x04D456,FUN_04d446,derived,
0x04D456,0x04D504,FUN_04d456,derived,
0x04D504,0x04D5C4,FUN_04d504,derived,
0x04D5C4,0x04D604,FUN_04d5c4,derived,
0x04D604,0x04D614,FUN_04d604,derived,
0x04D614,0x04D624,FUN_04d614,derived,
0x04D624,0x04D634,FUN_04d624,derived,
0x04D634,0x04D644,FUN_04d634,derived,
0x04D644,0x04D654,FUN_04d644,derived,
0x04D654,0x04D664,FUN_04d654,derived,
0x04D664,0x04D684,FUN_04d664,derived,
0x04D684,0x04D688,FUN_04d684,derived,
0x04D688,0x04D6A8,FUN_04d688,derived,
0x04D6A8,0x04D6B0,FUN_04d6a8,derived,
0x04D6B0,0x04D6B6,FUN_04d6b0,derived,
0x04D6B6,0x04D6BC,FUN_04d6b6,derived,
0x04D6BC,0x04D6DC,FUN_04d6bc,derived,
0x04D6DC,0x04D6E0,FUN_04d6dc,derived,
0x04D6E0,0x04D6EC,FUN_04d6e0,derived,
0x04D6EC,0x04D700,FUN_04d6ec,derived,
0x04D700,0x04D724,FUN_04d700,derived,
0x04D724,0x04D72C,FUN_04d724,derived,
0x04D72C,0x04D734,FUN_04d72c,derived,
0x04D734,0x04D73C,FUN_04d734,derived,
0x04D73C,0x04D75C,FUN_04d73c,derived,
0x04D75C,0x04D774,FUN_04d75c,derived,
0x04D774,0x04D77C,FUN_04d774,derived,
0x04D77C,0x04D780,FUN_04d77c,derived,
0x04D780,0x04D86A,FUN_04d780,derived,
0x04D86A,0x04D876,FUN_04d86a,derived,
0x04D876,0x04D8AA,FUN_04d876,derived,
0x04D8AA,0x04D8B6,FUN_04d8aa,derived,
0x04D8B6,0x04D8BA,FUN_04d8b6,derived,
0x04D8BA,0x04D8D0,FUN_04d8ba,derived,
0x04D8D0,0x04D8D2,FUN_04d8d0,derived,
0x04D8D2,0x04D8DE,FUN_04d8d2,derived,
0x04D8DE,0x04D926,FUN_04d8de,derived,
0x04D926,0x04D92E,FUN_04d926,derived,
0x04D92E,0x04D932,FUN_04d92e,derived,
0x04D932,0x04D93E,FUN_04d932,derived,
0x04D93E,0x04D944,FUN_04d93e,derived,
0x04D944,0x04D94A,FUN_04d944,derived,
0x04D94A,0x04D94E,FUN_04d94a,derived,
0x04D94E,0x04D98A,FUN_04d94e,derived,
0x04D98A,0x04D9D8,FUN_04d98a,derived,
0x04D9D8,0x04D9E2,FUN_04d9d8,derived,
0x04D9E2,0x04D9EA,FUN_04d9e2,derived,
0x04D9EA,0x04D9F2,FUN_04d9ea,derived,
0x04D9F2,0x04DA0A,FUN_04d9f2,derived,
0x04DA0A,0x04DA7A,FUN_04da0a,derived,
0x04DA7A,0x04DB14,FUN_04da7a,derived,
0x04DB14,0x04DB1E,FUN_04db14,derived,
0x04DB1E,0x04DB38,FUN_04db1e,derived,
0x04DB38,0x04DB6C,FUN_04db38,derived,
0x04DB6C,0x04DB92,FUN_04db6c,derived,
0x04DB92,0x04DBC2,FUN_04db92,derived,
0x04DBC2,0x04DBEA,FUN_04dbc2,derived,
0x04DBEA,0x04DC10,FUN_04dbea,derived,
0x04DC10,0x04DC3A,FUN_04dc10,derived,
0x04DC3A,0x04DCAE,FUN_04dc3a,derived,
0x04DCAE,0x04DD10,FUN_04dcae,derived,
0x04DD10,0x04DD38,FUN_04dd10,derived,
0x04DD38,0x04DD54,FUN_04dd38,derived,
0x04DD54,0x04DD6A,FUN_04dd54,derived,
0x04DD6A,0x04DDB8,FUN_04dd6a,derived,
0x04DDB8,0x04DDF8,FUN_04ddb8,derived,
0x04DDF8,0x04DDFC,FUN_04ddf8,derived,
0x04DDFC,0x04DEA8,FUN_04ddfc,derived,
0x04DEA8,0x04DEF8,FUN_04dea8,derived,
0x04DEF8,0x04DF16,FUN_04def8,derived,
0x04DF16,0x04E0B8,FUN_04df16,derived,
0x04E0B8,0x04E0E0,FUN_04e0b8,derived,
0x04E0E0,0x04E0FC,FUN_04e0e0,derived,
0x04E0FC,0x04E124,FUN_04e0fc,derived,
0x04E124,0x04E144,FUN_04e124,derived,
0x04E144,0x04E168,FUN_04e144,derived,
0x04E168,0x04E1CA,FUN_04e168,derived,
0x04E1CA,0x04E232,FUN_04e1ca,derived,
0x04E232,0x04E36E,FUN_04e232,derived,
0x04E36E,0x04E446,FUN_04e36e,derived,
0x04E446,0x04E46A,FUN_04e446,derived,
0x04E46A,0x04E484,FUN_04e46a,derived,
0x04E484,0x04E5CC,FUN_04e484,derived,
0x04E5CC,0x04E5D4,FUN_04e5cc,derived,
0x04E5D4,0x04E5DA,FUN_04e5d4,derived,
0x04E5DA,0x04E5E0,FUN_04e5da,derived,
0x04E5E0,0x04E612,FUN_04e5e0,derived,
0x04E612,0x04E616,FUN_04e612,derived,
0x04E616,0x04E650,FUN_04e616,derived,
0x04E650,0x04E672,FUN_04e650,derived,
0x04E672,0x04E68A,FUN_04e672,derived,
0x04E68A,0x04E6E8,FUN_04e68a,derived,
0x04E6E8,0x04E6F4,FUN_04e6e8,derived,
0x04E6F4,0x04E6F8,FUN_04e6f4,derived,
0x04E6F8,0x04E702,FUN_04e6f8,derived,
0x04E702,0x04E7AA,FUN_04e702,derived,
0x04E7AA,0x04E7E2,FUN_04e7aa,derived,
0x04E7E2,0x04E7EA,FUN_04e7e2,derived,
0x04E7EA,0x04E7F2,FUN_04e7ea,derived,
0x04E7F2,0x04E7F4,FUN_04e7f2,derived,
0x04E7F4,0x04E7FE,FUN_04e7f4,derived,
0x04E7FE,0x04E80E,FUN_04e7fe,derived,
0x04E80E,0x04E82C,FUN_04e80e,derived,
0x04E82C,0x04E8E0,FUN_04e82c,derived,
0x04E8E0,0x04E8F8,FUN_04e8e0,derived,
0x04E8F8,0x04E982,filterEvapSomething?,ghidra-hand-xmap,
0x04E982,0x04E9AA,FUN_04e982,derived,
0x04E9AA,0x04EA28,FUN_04e9aa,derived,
0x04EA28,0x04EAD2,FUN_04ea28,derived,
0x04EAD2,0x04EADA,FUN_04ead2,derived,
0x04EADA,0x04EADE,FUN_04eada,derived,
0x04EADE,0x04EAE2,FUN_04eade,derived,
0x04EAE2,0x04EAE6,FUN_04eae2,derived,
0x04EAE6,0x04EAEA,FUN_04eae6,derived,
0x04EAEA,0x04EAF2,FUN_04eaea,derived,
0x04EAF2,0x04EB18,FUN_04eaf2,derived,
0x04EB18,0x04EB86,FUN_04eb18,derived,
0x04EB86,0x04EC06,FUN_04eb86,derived,
0x04EC06,0x04EC08,FUN_04ec06,derived,
0x04EC08,0x04EC18,FUN_04ec08,derived,
0x04EC18,0x04EC28,FUN_04ec18,derived,
0x04EC28,0x04ECD2,FUN_04ec28,derived,
0x04ECD2,0x04ECFE,FUN_04ecd2,derived,
0x04ECFE,0x04ED08,FUN_04ecfe,derived,
0x04ED08,0x04ED74,initLTFTStuff?,ghidra-hand-xmap,
0x04ED74,0x04ED9E,FUN_04ed74,derived,
0x04ED9E,0x04EDDC,FUN_04ed9e,derived,
0x04EDDC,0x04EDE2,FUN_04eddc,derived,
0x04EDE2,0x04EE4E,FUN_04ede2,derived,
0x04EE4E,0x04EE96,FUN_04ee4e,derived,
0x04EE96,0x04EF3C,FUN_04ee96,derived,
0x04EF3C,0x04EFB6,FUN_04ef3c,derived,
0x04EFB6,0x04EFBC,FUN_04efb6,derived,
0x04EFBC,0x04F092,FUN_04efbc,derived,
0x04F092,0x04F0C8,FUN_04f092,derived,
0x04F0C8,0x04F108,FUN_04f0c8,derived,
0x04F108,0x04F156,FUN_04f108,derived,
0x04F156,0x04F248,FUN_04f156,derived,
0x04F248,0x04F284,FUN_04f248,derived,
0x04F284,0x04F39A,FUN_04f284,derived,
0x04F39A,0x04F3D2,FUN_04f39a,derived,
0x04F3D2,0x04F400,FUN_04f3d2,derived,
0x04F400,0x04F498,FUN_04f400,derived,
0x04F498,0x04F50A,FUN_04f498,derived,
0x04F50A,0x04F516,FUN_04f50a,derived,
0x04F516,0x04F590,FUN_04f516,derived,
0x04F590,0x04F5C2,FUN_04f590,derived,
0x04F5C2,0x04F638,FUN_04f5c2,derived,
0x04F638,0x04F65C,FUN_04f638,derived,
0x04F65C,0x04F67E,FUN_04f65c,derived,
0x04F67E,0x04F6F0,FUN_04f67e,derived,
0x04F6F0,0x04F754,FUN_04f6f0,derived,
0x04F754,0x04F888,FUN_04f754,derived,
0x04F888,0x04F8C8,FUN_04f888,derived,
0x04F8C8,0x04F90E,FUN_04f8c8,derived,
0x04F90E,0x04F9A8,FUN_04f90e,derived,
0x04F9A8,0x04FA2E,FUN_04f9a8,derived,
0x04FA2E,0x04FA50,FUN_04fa2e,derived,
0x04FA50,0x04FA5E,FUN_04fa50,derived,
0x04FA5E,0x04FA66,FUN_04fa5e,derived,
0x04FA66,0x04FA6A,FUN_04fa66,derived,
0x04FA6A,0x04FA72,FUN_04fa6a,derived,
0x04FA72,0x04FA8A,FUN_04fa72,derived,
0x04FA8A,0x04FAB0,FUN_04fa8a,derived,
0x04FAB0,0x04FAB2,FUN_04fab0,derived,
0x04FAB2,0x04FABE,FUN_04fab2,derived,
0x04FABE,0x04FADA,FUN_04fabe,derived,
0x04FADA,0x04FB34,FUN_04fada,derived,
0x04FB34,0x04FC94,FUN_04fb34,derived,
0x04FC94,0x04FD38,FUN_04fc94,derived,
0x04FD38,0x04FD42,FUN_04fd38,derived,
0x04FD42,0x04FD52,FUN_04fd42,derived,
0x04FD52,0x04FD76,FUN_04fd52,derived,
0x04FD76,0x04FD84,FUN_04fd76,derived,
0x04FD84,0x04FD86,FUN_04fd84,derived,
0x04FD86,0x04FD96,FUN_04fd86,derived,
0x04FD96,0x04FDA6,FUN_04fd96,derived,
0x04FDA6,0x04FDAA,FUN_04fda6,derived,
0x04FDAA,0x04FDB2,FUN_04fdaa,derived,
0x04FDB2,0x04FDBA,FUN_04fdb2,derived,
0x04FDBA,0x04FDBE,FUN_04fdba,derived,
0x04FDBE,0x04FE00,FUN_04fdbe,derived,
0x04FE00,0x04FE7A,FUN_04fe00,derived,
0x04FE7A,0x04FEA2,FUN_04fe7a,derived,
0x04FEA2,0x04FEB6,FUN_04fea2,derived,
0x04FEB6,0x04FEC6,FUN_04feb6,derived,
0x04FEC6,0x04FF40,FUN_04fec6,derived,
0x04FF40,0x04FF8A,FUN_04ff40,derived,
0x04FF8A,0x04FFB4,FUN_04ff8a,derived,
0x04FFB4,0x04FFBE,FUN_04ffb4,derived,
0x04FFBE,0x050000,FUN_04ffbe,derived,
0x050000,0x050034,FUN_050000,derived,
0x050034,0x050074,FUN_050034,derived,
0x050074,0x0500BA,FUN_050074,derived,
0x0500BA,0x0500CA,FUN_0500ba,derived,
0x0500CA,0x050126,FUN_0500ca,derived,
0x050126,0x050180,FUN_050126,derived,
0x050180,0x0501FE,FUN_050180,derived,
0x0501FE,0x05020A,FUN_0501fe,derived,
0x05020A,0x05024A,FUN_05020a,derived,
0x05024A,0x05033C,FUN_05024a,derived,
0x05033C,0x05033E,FUN_05033c,derived,
0x05033E,0x05038A,FUN_05033e,derived,
0x05038A,0x0503B2,FUN_05038a,derived,
0x0503B2,0x050432,FUN_0503b2,derived,
0x050432,0x05054E,FUN_050432,derived,
0x05054E,0x0505F6,FUN_05054e,derived,
0x0505F6,0x05060A,FUN_0505f6,derived,
0x05060A,0x05060E,FUN_05060a,derived,
0x05060E,0x050676,FUN_05060e,derived,
0x050676,0x0506AA,FUN_050676,derived,
0x0506AA,0x0506F0,FUN_0506aa,derived,
0x0506F0,0x05074A,FUN_0506f0,derived,
0x05074A,0x05075C,FUN_05074a,derived,
0x05075C,0x050772,FUN_05075c,derived,
0x050772,0x0507B8,FUN_050772,derived,
0x0507B8,0x05085C,FUN_0507b8,derived,
0x05085C,0x0508B0,FUN_05085c,derived,
0x0508B0,0x050A6A,FUN_0508b0,derived,
0x050A6A,0x050A70,FUN_050a6a,derived,
0x050A70,0x050AA2,FUN_050a70,derived,
0x050AA2,0x050ABA,FUN_050aa2,derived,
0x050ABA,0x050B2C,FUN_050aba,derived,
0x050B2C,0x050BB6,FUN_050b2c,derived,
0x050BB6,0x050C16,FUN_050bb6,derived,
0x050C16,0x050C26,FUN_050c16,derived,
0x050C26,0x050C64,FUN_050c26,derived,
0x050C64,0x050CAC,FUN_050c64,derived,
0x050CAC,0x050D6A,FUN_050cac,derived,
0x050D6A,0x050DB2,FUN_050d6a,derived,
0x050DB2,0x050DEE,FUN_050db2,derived,
0x050DEE,0x050DF0,FUN_050dee,derived,
0x050DF0,0x050F08,FUN_050df0,derived,
0x050F08,0x050F2E,FUN_050f08,derived,
0x050F2E,0x050F3A,FUN_050f2e,derived,
0x050F3A,0x050F98,FUN_050f3a,derived,
0x050F98,0x051010,FUN_050f98,derived,
0x051010,0x05101A,FUN_051010,derived,
0x05101A,0x05101E,FUN_05101a,derived,
0x05101E,0x051066,FUN_05101e,derived,
0x051066,0x0510B0,FUN_051066,derived,
0x0510B0,0x0510F4,FUN_0510b0,derived,
0x0510F4,0x0510F8,FUN_0510f4,derived,
0x0510F8,0x051140,FUN_0510f8,derived,
0x051140,0x051216,FUN_051140,derived,
0x051216,0x051226,FUN_051216,derived,
0x051226,0x051244,FUN_051226,derived,
0x051244,0x051296,FUN_051244,derived,
0x051296,0x051332,FUN_051296,derived,
0x051332,0x051460,FUN_051332,derived,
0x051460,0x051478,FUN_051460,derived,
0x051478,0x051542,FUN_051478,derived,
0x051542,0x05163E,FUN_051542,derived,
0x05163E,0x051666,FUN_05163e,derived,
0x051666,0x051672,FUN_051666,derived,
0x051672,0x051676,FUN_051672,derived,
0x051676,0x05168E,FUN_051676,derived,
0x05168E,0x0516A4,FUN_05168e,derived,
0x0516A4,0x051786,FUN_0516a4,derived,
0x051786,0x0517AA,FUN_051786,derived,
0x0517AA,0x0517AE,FUN_0517aa,derived,
0x0517AE,0x0517B6,FUN_0517ae,derived,
0x0517B6,0x051822,FUN_0517b6,derived,
0x051822,0x05185E,FUN_051822,derived,
0x05185E,0x051890,FUN_05185e,derived,
0x051890,0x051896,FUN_051890,derived,
0x051896,0x0518DE,FUN_051896,derived,
0x0518DE,0x051932,FUN_0518de,derived,
0x051932,0x051AC0,FUN_051932,derived,
0x051AC0,0x051B16,FUN_051ac0,derived,
0x051B16,0x051B96,FUN_051b16,derived,
0x051B96,0x051BE2,FUN_051b96,derived,
0x051BE2,0x051BEA,FUN_051be2,derived,
0x051BEA,0x051C4C,FUN_051bea,derived,
0x051C4C,0x051C4E,FUN_051c4c,derived,
0x051C4E,0x051C78,FUN_051c4e,derived,
0x051C78,0x051CE4,FUN_051c78,derived,
0x051CE4,0x051CF0,FUN_051ce4,derived,
0x051CF0,0x051CF8,FUN_051cf0,derived,
0x051CF8,0x051D3E,FUN_051cf8,derived,
0x051D3E,0x051D62,FUN_051d3e,derived,
0x051D62,0x051D88,FUN_051d62,derived,
0x051D88,0x051DE4,FUN_051d88,derived,
0x051DE4,0x051E12,FUN_051de4,derived,
0x051E12,0x051E24,FUN_051e12,derived,
0x051E24,0x051E3C,FUN_051e24,derived,
0x051E3C,0x051EF2,FUN_051e3c,derived,
0x051EF2,0x051F6A,FUN_051ef2,derived,
0x051F6A,0x051FBC,FUN_051f6a,derived,
0x051FBC,0x051FEC,FUN_051fbc,derived,
0x051FEC,0x05200E,FUN_051fec,derived,
0x05200E,0x052014,FUN_05200e,derived,
0x052014,0x052072,FUN_052014,derived,
0x052072,0x052082,FUN_052072,derived,
0x052082,0x0520C2,FUN_052082,derived,
0x0520C2,0x05210C,FUN_0520c2,derived,
0x05210C,0x0521D2,FUN_05210c,derived,
0x0521D2,0x0522CC,FUN_0521d2,derived,
0x0522CC,0x052314,FUN_0522cc,derived,
0x052314,0x05231C,FUN_052314,derived,
0x05231C,0x052324,FUN_05231c,derived,
0x052324,0x05232C,FUN_052324,derived,
0x05232C,0x0523DA,FUN_05232c,derived,
0x0523DA,0x05243C,FUN_0523da,derived,
0x05243C,0x0524E6,FUN_05243c,derived,
0x0524E6,0x0524EA,FUN_0524e6,derived,
0x0524EA,0x05254C,FUN_0524ea,derived,
0x05254C,0x052596,FUN_05254c,derived,
0x052596,0x0526A8,FUN_052596,derived,
0x0526A8,0x0526B0,FUN_0526a8,derived,
0x0526B0,0x0526B8,FUN_0526b0,derived,
0x0526B8,0x052778,FUN_0526b8,derived,
0x052778,0x052782,FUN_052778,derived,
0x052782,0x0527E4,IATTimerOperation??,ghidra-hand-xmap,
0x0527E4,0x05284E,FUN_0527e4,derived,
0x05284E,0x052956,FUN_05284e,derived,
0x052956,0x052A08,FUN_052956,derived,
0x052A08,0x052A54,FUN_052a08,derived,
0x052A54,0x052A5C,FUN_052a54,derived,
0x052A5C,0x052A80,FUN_052a5c,derived,
0x052A80,0x052AB8,FUN_052a80,derived,
0x052AB8,0x052AC0,FUN_052ab8,derived,
0x052AC0,0x052AC8,FUN_052ac0,derived,
0x052AC8,0x052B28,FUN_052ac8,derived,
0x052B28,0x052B30,FUN_052b28,derived,
0x052B30,0x052B54,FUN_052b30,derived,
0x052B54,0x052BBC,FUN_052b54,derived,
0x052BBC,0x052BF4,FUN_052bbc,derived,
0x052BF4,0x052BFC,FUN_052bf4,derived,
0x052BFC,0x052C04,FUN_052bfc,derived,
0x052C04,0x052C64,FUN_052c04,derived,
0x052C64,0x052C6C,FUN_052c64,derived,
0x052C6C,0x052C74,FUN_052c6c,derived,
0x052C74,0x052CBC,FUN_052c74,derived,
0x052CBC,0x052CC8,FUN_052cbc,derived,
0x052CC8,0x052D4A,FUN_052cc8,derived,
0x052D4A,0x052D6C,FUN_052d4a,derived,
0x052D6C,0x052D74,FUN_052d6c,derived,
0x052D74,0x052D7C,FUN_052d74,derived,
0x052D7C,0x052E12,FUN_052d7c,derived,
0x052E12,0x052E18,FUN_052e12,derived,
0x052E18,0x052E30,FUN_052e18,derived,
0x052E30,0x052E42,FUN_052e30,derived,
0x052E42,0x052E56,FUN_052e42,derived,
0x052E56,0x052F1C,FUN_052e56,derived,
0x052F1C,0x052FF0,FUN_052f1c,derived,
0x052FF0,0x05300E,FUN_052ff0,derived,
0x05300E,0x05304C,FUN_05300e,derived,
0x05304C,0x053070,FUN_05304c,derived,
0x053070,0x0530B2,FUN_053070,derived,
0x0530B2,0x0530DA,calcAPVCounter,ghidra-hand-xmap,
0x0530DA,0x053130,FUN_0530da,derived,
0x053130,0x053152,FUN_053130,derived,
0x053152,0x05315E,FUN_053152,derived,
0x05315E,0x05316A,FUN_05315e,derived,
0x05316A,0x0531A6,FUN_05316a,derived,
0x0531A6,0x0531CE,FUN_0531a6,derived,
0x0531CE,0x053206,FUN_0531ce,derived,
0x053206,0x053218,FUN_053206,derived,
0x053218,0x053248,FUN_053218,derived,
0x053248,0x053280,FUN_053248,derived,
0x053280,0x053288,FUN_053280,derived,
0x053288,0x053290,FUN_053288,derived,
0x053290,0x0532B2,FUN_053290,derived,
0x0532B2,0x0532F0,FUN_0532b2,derived,
0x0532F0,0x0532F8,FUN_0532f0,derived,
0x0532F8,0x053300,FUN_0532f8,derived,
0x053300,0x053374,FUN_053300,derived,
0x053374,0x0533B4,FUN_053374,derived,
0x0533B4,0x05340C,FUN_0533b4,derived,
0x05340C,0x053416,FUN_05340c,derived,
0x053416,0x05344A,FUN_053416,derived,
0x05344A,0x053466,FUN_05344a,derived,
0x053466,0x0534A8,FUN_053466,derived,
0x0534A8,0x0534BA,FUN_0534a8,derived,
0x0534BA,0x05356C,FUN_0534ba,derived,
0x05356C,0x05356E,FUN_05356c,derived,
0x05356E,0x0535D8,FUN_05356e,derived,
0x0535D8,0x05363E,FUN_0535d8,derived,
0x05363E,0x0537CC,FUN_05363e,derived,
0x0537CC,0x05380E,getTireSizeChecksumthing?,ghidra-hand-xmap,
0x05380E,0x05386E,FUN_05380e,derived,
0x05386E,0x0538AC,FUN_05386e,derived,
0x0538AC,0x053946,FUN_0538ac,derived,
0x053946,0x053978,FUN_053946,derived,
0x053978,0x05398E,FUN_053978,derived,
0x05398E,0x0539A4,updateSUBSYSTEMSomethingFault,ghidra-hand-xmap,
0x0539A4,0x0539C4,FUN_0539a4,derived,
0x0539C4,0x053A24,FUN_0539c4,derived,
0x053A24,0x053A2C,FUN_053a24,derived,
0x053A2C,0x053A34,FUN_053a2c,derived,
0x053A34,0x053A6A,FUN_053a34,derived,
0x053A6A,0x053A92,FUN_053a6a,derived,
0x053A92,0x053AE0,FUN_053a92,derived,
0x053AE0,0x053B58,FUN_053ae0,derived,
0x053B58,0x053B60,FUN_053b58,derived,
0x053B60,0x053B68,FUN_053b60,derived,
0x053B68,0x053BB8,FUN_053b68,derived,
0x053BB8,0x053BC0,FUN_053bb8,derived,
0x053BC0,0x053BD6,FUN_053bc0,derived,
0x053BD6,0x053C54,FUN_053bd6,derived,
0x053C54,0x053C6C,FUN_053c54,derived,
0x053C6C,0x053CAA,FUN_053c6c,derived,
0x053CAA,0x053CB8,updateRAM??,ghidra-hand-xmap,
0x053CB8,0x053CD4,FUN_053cb8,derived,
0x053CD4,0x053D0E,FUN_053cd4,derived,
0x053D0E,0x053D32,udsResponseRelated??,ghidra-hand-xmap,
0x053D32,0x053D56,FUN_053d32,derived,
0x053D56,0x053D7C,udsErrorResponse,ghidra-hand-xmap,
0x053D7C,0x053DE8,FUN_053d7c,derived,
0x053DE8,0x053E1E,FUN_053de8,derived,
0x053E1E,0x053E88,FUN_053e1e,derived,
0x053E88,0x053F14,FUN_053e88,derived,
0x053F14,0x053F4A,FUN_053f14,derived,
0x053F4A,0x053F80,FUN_053f4a,derived,
0x053F80,0x053FD0,FUN_053f80,derived,
0x053FD0,0x054054,FUN_053fd0,derived,
0x054054,0x05407E,FUN_054054,derived,
0x05407E,0x05408E,FUN_05407e,derived,
0x05408E,0x0540E0,FUN_05408e,derived,
0x0540E0,0x0540EC,FUN_0540e0,derived,
0x0540EC,0x05410C,FUN_0540ec,derived,
0x05410C,0x054110,FUN_05410c,derived,
0x054110,0x054178,FUN_054110,derived,
0x054178,0x0542F2,FUN_054178,derived,
0x0542F2,0x054312,FUN_0542f2,derived,
0x054312,0x0545E0,FUN_054312,derived,
0x0545E0,0x0545E2,FUN_0545e0,derived,
0x0545E2,0x0545E4,FUN_0545e2,derived,
0x0545E4,0x054660,FUN_0545e4,derived,
0x054660,0x054688,FUN_054660,derived,
0x054688,0x05468E,FUN_054688,derived,
0x05468E,0x054694,FUN_05468e,derived,
0x054694,0x0546FE,FUN_054694,derived,
0x0546FE,0x054746,FUN_0546fe,derived,
0x054746,0x05479E,FUN_054746,derived,
0x05479E,0x0547B4,FUN_05479e,derived,
0x0547B4,0x0547C0,FUN_0547b4,derived,
0x0547C0,0x0547C4,FUN_0547c0,derived,
0x0547C4,0x054812,FUN_0547c4,derived,
0x054812,0x054828,FUN_054812,derived,
0x054828,0x05484E,FUN_054828,derived,
0x05484E,0x05486C,FUN_05484e,derived,
0x05486C,0x054882,FUN_05486c,derived,
0x054882,0x054896,FUN_054882,derived,
0x054896,0x0548AE,FUN_054896,derived,
0x0548AE,0x054910,FUN_0548ae,derived,
0x054910,0x054926,FUN_054910,derived,
0x054926,0x054952,FUN_054926,derived,
0x054952,0x054968,getSecondaryAirPumpRequestForMode22,ghidra-hand-xmap,
0x054968,0x05496E,FUN_054968,derived,
0x05496E,0x054994,FUN_05496e,derived,
0x054994,0x0549B2,FUN_054994,derived,
0x0549B2,0x0549B8,FUN_0549b2,derived,
0x0549B8,0x0549E0,FUN_0549b8,derived,
0x0549E0,0x0549FE,FUN_0549e0,derived,
0x0549FE,0x054A14,FUN_0549fe,derived,
0x054A14,0x054A1A,FUN_054a14,derived,
0x054A1A,0x054A98,FUN_054a1a,derived,
0x054A98,0x054AB6,FUN_054a98,derived,
0x054AB6,0x054AD4,FUN_054ab6,derived,
0x054AD4,0x054AE2,FUN_054ad4,derived,
0x054AE2,0x054AEA,FUN_054ae2,derived,
0x054AEA,0x054B02,FUN_054aea,derived,
0x054B02,0x054B1A,FUN_054b02,derived,
0x054B1A,0x054B30,FUN_054b1a,derived,
0x054B30,0x054B46,FUN_054b30,derived,
0x054B46,0x054B5C,FUN_054b46,derived,
0x054B5C,0x054B72,FUN_054b5c,derived,
0x054B72,0x054B7E,FUN_054b72,derived,
0x054B7E,0x054B9E,FUN_054b7e,derived,
0x054B9E,0x054BE8,FUN_054b9e,derived,
0x054BE8,0x054C20,FUN_054be8,derived,
0x054C20,0x054C4C,FUN_054c20,derived,
0x054C4C,0x054D2A,FUN_054c4c,derived,
0x054D2A,0x054D70,FUN_054d2a,derived,
0x054D70,0x054D7A,FUN_054d70,derived,
0x054D7A,0x054DC4,FUN_054d7a,derived,
0x054DC4,0x054DEE,FUN_054dc4,derived,
0x054DEE,0x054E64,FUN_054dee,derived,
0x054E64,0x055070,FUN_054e64,derived,
0x055070,0x055096,calculateDiagSessionConditional,ghidra-hand-xmap,
0x055096,0x055098,FUN_055096,derived,
0x055098,0x0550CC,runSubfunction??,ghidra-hand-xmap,
0x0550CC,0x0550D4,FUN_0550cc,derived,
0x0550D4,0x0550E8,FUN_0550d4,derived,
0x0550E8,0x05512A,FUN_0550e8,derived,
0x05512A,0x055194,FUN_05512a,derived,
0x055194,0x0551CA,FUN_055194,derived,
0x0551CA,0x055212,getDiagSessionSubFunction,ghidra-hand-xmap,
0x055212,0x055226,FUN_055212,derived,
0x055226,0x05523E,FUN_055226,derived,
0x05523E,0x055292,FUN_05523e,derived,
0x055292,0x0552BC,FUN_055292,derived,
0x0552BC,0x0552D4,securityNotUnlocked,ghidra-hand-xmap,
0x0552D4,0x055336,FUN_0552d4,derived,
0x055336,0x055346,FUN_055336,derived,
0x055346,0x055422,FUN_055346,derived,
0x055422,0x05546C,FUN_055422,derived,
0x05546C,0x055486,FUN_05546c,derived,
0x055486,0x055558,SeedKeyRelated,ghidra-hand-xmap,
0x055558,0x055686,FUN_055558,derived,
0x055686,0x055708,checkDeviceControlConditional,ghidra-hand-xmap,
0x055708,0x055712,getSubFunctionMapping,ghidra-hand-xmap,
0x055712,0x0557B8,FUN_055712,derived,
0x0557B8,0x0557C4,FUN_0557b8,derived,
0x0557C4,0x0557C6,FUN_0557c4,derived,
0x0557C6,0x0557F2,FUN_0557c6,derived,
0x0557F2,0x055810,FUN_0557f2,derived,
0x055810,0x055894,FUN_055810,derived,
0x055894,0x0558BC,FUN_055894,derived,
0x0558BC,0x055996,FUN_0558bc,derived,
0x055996,0x0559CC,FUN_055996,derived,
0x0559CC,0x055AD8,FUN_0559cc,derived,
0x055AD8,0x055B32,FUN_055ad8,derived,
0x055B32,0x055B92,runImmoRelatedCounter,ghidra-hand-xmap,
0x055B92,0x055BAA,FUN_055b92,derived,
0x055BAA,0x055C3E,FUN_055baa,derived,
0x055C3E,0x055E74,FUN_055c3e,derived,
0x055E74,0x055E8E,FUN_055e74,derived,
0x055E8E,0x0560E4,FUN_055e8e,derived,
0x0560E4,0x0562BA,FUN_0560e4,derived,
0x0562BA,0x05641A,FUN_0562ba,derived,
0x05641A,0x0565AE,FUN_05641a,derived,
0x0565AE,0x0565B4,FUN_0565ae,derived,
0x0565B4,0x05672C,FUN_0565b4,derived,
0x05672C,0x05679A,FUN_05672c,derived,
0x05679A,0x056B34,FUN_05679a,derived,
0x056B34,0x056B94,FUN_056b34,derived,
0x056B94,0x056C40,FUN_056b94,derived,
0x056C40,0x056D90,UDSPositiveResponse_16bit,ghidra-hand-xmap,
0x056D90,0x056DF4,memory_match_accumulate_583E4,ghidra-hand-xmap,
0x056DF4,0x056E16,intToUDS_SERVICE_DATA,ghidra-hand-xmap,
0x056E16,0x056EB2,byteToUDS_SERVICE_DATA,ghidra-hand-xmap,
0x056EB2,0x056FF6,FUN_056eb2,derived,
0x056FF6,0x057022,FUN_056ff6,derived,
0x057022,0x057114,FUN_057022,derived,
0x057114,0x057138,udsResponseSOmething,ghidra-hand-xmap,
0x057138,0x057174,parseSubFunction,ghidra-hand-xmap,
0x057174,0x057192,FUN_057174,derived,
0x057192,0x05725A,FUN_057192,derived,
0x05725A,0x0572B0,FUN_05725a,derived,
0x0572B0,0x057304,FUN_0572b0,derived,
0x057304,0x057366,FUN_057304,derived,
0x057366,0x057390,FUN_057366,derived,
0x057390,0x057550,FUN_057390,derived,
0x057550,0x057594,FUN_057550,derived,
0x057594,0x0575DC,FUN_057594,derived,
0x0575DC,0x0575E4,FUN_0575dc,derived,
0x0575E4,0x0575F6,FUN_0575e4,derived,
0x0575F6,0x05763E,FUN_0575f6,derived,
0x05763E,0x057644,FUN_05763e,derived,
0x057644,0x05764A,FUN_057644,derived,
0x05764A,0x0576C2,FUN_05764a,derived,
0x0576C2,0x0576C8,FUN_0576c2,derived,
0x0576C8,0x05777C,FUN_0576c8,derived,
0x05777C,0x05778E,FUN_05777c,derived,
0x05778E,0x0577E6,FUN_05778e,derived,
0x0577E6,0x0577EC,FUN_0577e6,derived,
0x0577EC,0x057828,FUN_0577ec,derived,
0x057828,0x05788A,FUN_057828,derived,
0x05788A,0x057890,FUN_05788a,derived,
0x057890,0x057896,FUN_057890,derived,
0x057896,0x0578F8,FUN_057896,derived,
0x0578F8,0x0578FE,FUN_0578f8,derived,
0x0578FE,0x057904,FUN_0578fe,derived,
0x057904,0x0579A4,FUN_057904,derived,
0x0579A4,0x0579AA,FUN_0579a4,derived,
0x0579AA,0x0579CE,FUN_0579aa,derived,
0x0579CE,0x057A44,FUN_0579ce,derived,
0x057A44,0x057A56,FUN_057a44,derived,
0x057A56,0x057ADC,FUN_057a56,derived,
0x057ADC,0x057AE2,FUN_057adc,derived,
0x057AE2,0x057AF2,FUN_057ae2,derived,
0x057AF2,0x057B66,FUN_057af2,derived,
0x057B66,0x057B78,FUN_057b66,derived,
0x057B78,0x057BD4,FUN_057b78,derived,
0x057BD4,0x057BDA,FUN_057bd4,derived,
0x057BDA,0x057CA4,FUN_057bda,derived,
0x057CA4,0x057CB6,FUN_057ca4,derived,
0x057CB6,0x057D12,FUN_057cb6,derived,
0x057D12,0x057D18,FUN_057d12,derived,
0x057D18,0x057DEC,FUN_057d18,derived,
0x057DEC,0x057DFE,FUN_057dec,derived,
0x057DFE,0x057E5A,FUN_057dfe,derived,
0x057E5A,0x057E60,FUN_057e5a,derived,
0x057E60,0x057F28,FUN_057e60,derived,
0x057F28,0x057F3A,FUN_057f28,derived,
0x057F3A,0x057F96,FUN_057f3a,derived,
0x057F96,0x057F9C,FUN_057f96,derived,
0x057F9C,0x058060,FUN_057f9c,derived,
0x058060,0x058072,FUN_058060,derived,
0x058072,0x0580B2,FUN_058072,derived,
0x0580B2,0x0580B8,FUN_0580b2,derived,
0x0580B8,0x058186,FUN_0580b8,derived,
0x058186,0x0581A8,FUN_058186,derived,
0x0581A8,0x05827E,FUN_0581a8,derived,
0x05827E,0x058284,FUN_05827e,derived,
0x058284,0x05828A,FUN_058284,derived,
0x05828A,0x058312,FUN_05828a,derived,
0x058312,0x058318,FUN_058312,derived,
0x058318,0x058346,FUN_058318,derived,
0x058346,0x058432,FUN_058346,derived,
0x058432,0x05850C,FUN_058432,derived,
0x05850C,0x058514,FUN_05850c,derived,
0x058514,0x05854C,FUN_058514,derived,
0x05854C,0x058578,FUN_05854c,derived,
0x058578,0x0585D0,FUN_058578,derived,
0x0585D0,0x0585E2,FUN_0585d0,derived,
0x0585E2,0x058698,udsCheckMode31Conditions,ghidra-hand-xmap,
0x058698,0x0586E8,FUN_058698,derived,
0x0586E8,0x058702,FUN_0586e8,derived,
0x058702,0x05876E,FUN_058702,derived,
0x05876E,0x058770,FUN_05876e,derived,
0x058770,0x058778,FUN_058770,derived,
0x058778,0x058780,FUN_058778,derived,
0x058780,0x0587CA,FUN_058780,derived,
0x0587CA,0x0587D0,FUN_0587ca,derived,
0x0587D0,0x0587F0,FUN_0587d0,derived,
0x0587F0,0x05888A,FUN_0587f0,derived,
0x05888A,0x0589F0,FUN_05888a,derived,
0x0589F0,0x058A44,FUN_0589f0,derived,
0x058A44,0x058B50,FUN_058a44,derived,
0x058B50,0x058BC0,FUN_058b50,derived,
0x058BC0,0x058BCE,FUN_058bc0,derived,
0x058BCE,0x058BF4,FUN_058bce,derived,
0x058BF4,0x058C10,FUN_058bf4,derived,
0x058C10,0x058C3A,FUN_058c10,derived,
0x058C3A,0x058C90,FUN_058c3a,derived,
0x058C90,0x058CDA,calcBatteryRelatedFaults??,ghidra-hand-xmap,
0x058CDA,0x058D02,FUN_058cda,derived,
0x058D02,0x058D0E,FUN_058d02,derived,
0x058D0E,0x058D20,FUN_058d0e,derived,
0x058D20,0x058D92,FUN_058d20,derived,
0x058D92,0x058D96,FUN_058d92,derived,
0x058D96,0x058D9E,FUN_058d96,derived,
0x058D9E,0x058DA2,FUN_058d9e,derived,
0x058DA2,0x058E40,FUN_058da2,derived,
0x058E40,0x058E92,FUN_058e40,derived,
0x058E92,0x058E98,FUN_058e92,derived,
0x058E98,0x058EA2,FUN_058e98,derived,
0x058EA2,0x058EDC,FUN_058ea2,derived,
0x058EDC,0x058F9C,idleEnumRealted???,ghidra-hand-xmap,
0x058F9C,0x058FAA,FUN_058f9c,derived,
0x058FAA,0x0590CA,FUN_058faa,derived,
0x0590CA,0x0590EA,FUN_0590ca,derived,
0x0590EA,0x059168,FUN_0590ea,derived,
0x059168,0x05917A,FUN_059168,derived,
0x05917A,0x059180,FUN_05917a,derived,
0x059180,0x059186,FUN_059180,derived,
0x059186,0x059278,FUN_059186,derived,
0x059278,0x059296,FUN_059278,derived,
0x059296,0x059388,FUN_059296,derived,
0x059388,0x05939E,FUN_059388,derived,
0x05939E,0x0593C8,FUN_05939e,derived,
0x0593C8,0x059408,FUN_0593c8,derived,
0x059408,0x05945C,FUN_059408,derived,
0x05945C,0x05948A,FUN_05945c,derived,
0x05948A,0x0594D8,FUN_05948a,derived,
0x0594D8,0x059518,FUN_0594d8,derived,
0x059518,0x05954A,faultSomething0x1,ghidra-hand-xmap,
0x05954A,0x059570,FUN_05954a,derived,
0x059570,0x059596,FUN_059570,derived,
0x059596,0x05965C,FUN_059596,derived,
0x05965C,0x05969E,FUN_05965c,derived,
0x05969E,0x0596B0,FUN_05969e,derived,
0x0596B0,0x0596CA,FUN_0596b0,derived,
0x0596CA,0x0596DC,FUN_0596ca,derived,
0x0596DC,0x0597A0,FUN_0596dc,derived,
0x0597A0,0x0597AE,FUN_0597a0,derived,
0x0597AE,0x0597C0,FUN_0597ae,derived,
0x0597C0,0x0597DC,FUN_0597c0,derived,
0x0597DC,0x05992A,FUN_0597dc,derived,
0x05992A,0x059962,FUN_05992a,derived,
0x059962,0x05998E,FUN_059962,derived,
0x05998E,0x059A04,FUN_05998e,derived,
0x059A04,0x059A1E,FUN_059a04,derived,
0x059A1E,0x059A22,FUN_059a1e,derived,
0x059A22,0x059A2A,FUN_059a22,derived,
0x059A2A,0x059A36,FUN_059a2a,derived,
0x059A36,0x059A4A,FUN_059a36,derived,
0x059A4A,0x059A5E,FUN_059a4a,derived,
0x059A5E,0x059A62,FUN_059a5e,derived,
0x059A62,0x059A80,FUN_059a62,derived,
0x059A80,0x059AA6,FUN_059a80,derived,
0x059AA6,0x059AB2,FUN_059aa6,derived,
0x059AB2,0x059ADA,FUN_059ab2,derived,
0x059ADA,0x059AFC,FUN_059ada,derived,
0x059AFC,0x059B42,FUN_059afc,derived,
0x059B42,0x059B48,FUN_059b42,derived,
0x059B48,0x059BEA,FUN_059b48,derived,
0x059BEA,0x059C12,FUN_059bea,derived,
0x059C12,0x059C1E,FUN_059c12,derived,
0x059C1E,0x059D0E,FUN_059c1e,derived,
0x059D0E,0x059D1A,FUN_059d0e,derived,
0x059D1A,0x059DFA,FUN_059d1a,derived,
0x059DFA,0x059E06,FUN_059dfa,derived,
0x059E06,0x059E20,FUN_059e06,derived,
0x059E20,0x059EEE,FUN_059e20,derived,
0x059EEE,0x059EFA,FUN_059eee,derived,
0x059EFA,0x05A00A,FUN_059efa,derived,
0x05A00A,0x05A016,FUN_05a00a,derived,
0x05A016,0x05A02A,FUN_05a016,derived,
0x05A02A,0x05A036,FUN_05a02a,derived,
0x05A036,0x05A042,FUN_05a036,derived,
0x05A042,0x05A3FE,FUN_05a042,derived,
0x05A3FE,0x05A400,FUN_05a3fe,derived,
0x05A400,0x05A45E,FUN_05a400,derived,
0x05A45E,0x05A516,FUN_05a45e,derived,
0x05A516,0x05A522,dtcCodeTypeInit,ghidra-hand-xmap,
0x05A522,0x05A6DA,FUN_05a522,derived,
0x05A6DA,0x05A722,writeDTCCodeType,ghidra-hand-xmap,
0x05A722,0x05A86A,FUN_05a722,derived,
0x05A86A,0x05A87A,FUN_05a86a,derived,
0x05A87A,0x05A8D0,FUN_05a87a,derived,
0x05A8D0,0x05A998,FUN_05a8d0,derived,
0x05A998,0x05ABD4,FUN_05a998,derived,
0x05ABD4,0x05ACA6,FUN_05abd4,derived,
0x05ACA6,0x05AD6C,checkIfAddressInRange,ghidra-hand-xmap,
0x05AD6C,0x05ADC8,FUN_05ad6c,derived,
0x05ADC8,0x05ADCC,FUN_05adc8,derived,
0x05ADCC,0x05AEE8,FUN_05adcc,derived,
0x05AEE8,0x05AF3E,FUN_05aee8,derived,
0x05AF3E,0x05AF7A,FUN_05af3e,derived,
0x05AF7A,0x05AFAE,FUN_05af7a,derived,
0x05AFAE,0x05AFD6,FUN_05afae,derived,
0x05AFD6,0x05B014,FUN_05afd6,derived,
0x05B014,0x05B254,FUN_05b014,derived,
0x05B254,0x05B338,FUN_05b254,derived,
0x05B338,0x05B384,FUN_05b338,derived,
0x05B384,0x05B390,FUN_05b384,derived,
0x05B390,0x05B3E6,FUN_05b390,derived,
0x05B3E6,0x05B40C,FUN_05b3e6,derived,
0x05B40C,0x05B4D8,FUN_05b40c,derived,
0x05B4D8,0x05B5EC,FUN_05b4d8,derived,
0x05B5EC,0x05B6CC,FUN_05b5ec,derived,
0x05B6CC,0x05B7A8,FUN_05b6cc,derived,
0x05B7A8,0x05B884,FUN_05b7a8,derived,
0x05B884,0x05B954,FUN_05b884,derived,
0x05B954,0x05BA30,FUN_05b954,derived,
0x05BA30,0x05BB0C,FUN_05ba30,derived,
0x05BB0C,0x05BBE8,FUN_05bb0c,derived,
0x05BBE8,0x05BCF8,FUN_05bbe8,derived,
0x05BCF8,0x05BD94,diagMeteringPumpPositionControl,ghidra-hand-xmap,
0x05BD94,0x05BE7C,FUN_05bd94,derived,
0x05BE7C,0x05BF8C,FUN_05be7c,derived,
0x05BF8C,0x05C09C,FUN_05bf8c,derived,
0x05C09C,0x05C1AC,FUN_05c09c,derived,
0x05C1AC,0x05C288,FUN_05c1ac,derived,
0x05C288,0x05C364,FUN_05c288,derived,
0x05C364,0x05C440,FUN_05c364,derived,
0x05C440,0x05C51C,FUN_05c440,derived,
0x05C51C,0x05C5F8,FUN_05c51c,derived,
0x05C5F8,0x05C6D4,FUN_05c5f8,derived,
0x05C6D4,0x05C770,FUN_05c6d4,derived,
0x05C770,0x05C838,FUN_05c770,derived,
0x05C838,0x05C910,FUN_05c838,derived,
0x05C910,0x05C9C2,FUN_05c910,derived,
0x05C9C2,0x05CA8A,FUN_05c9c2,derived,
0x05CA8A,0x05CAC0,FUN_05ca8a,derived,
0x05CAC0,0x05CB64,FUN_05cac0,derived,
0x05CB64,0x05CDC0,FUN_05cb64,derived,
0x05CDC0,0x05CF20,FUN_05cdc0,derived,
0x05CF20,0x05CFC2,FUN_05cf20,derived,
0x05CFC2,0x05CFEE,FUN_05cfc2,derived,
0x05CFEE,0x05D028,FUN_05cfee,derived,
0x05D028,0x05D058,FUN_05d028,derived,
0x05D058,0x05D0AA,FUN_05d058,derived,
0x05D0AA,0x05D0B2,FUN_05d0aa,derived,
0x05D0B2,0x05D0E0,FUN_05d0b2,derived,
0x05D0E0,0x05D160,FUN_05d0e0,derived,
0x05D160,0x05D19C,FUN_05d160,derived,
0x05D19C,0x05D1D0,setDiagMode85Bool?,ghidra-hand-xmap,
0x05D1D0,0x05D200,setDiagMode85Bool2,ghidra-hand-xmap,
0x05D200,0x05D224,FUN_05d200,derived,
0x05D224,0x05D25C,FUN_05d224,derived,
0x05D25C,0x05D338,getTireSize,ghidra-hand-xmap,
0x05D338,0x05D4B6,FUN_05d338,derived,
0x05D4B6,0x05D588,FUN_05d4b6,derived,
0x05D588,0x05D5DE,FUN_05d588,derived,
0x05D5DE,0x05D61A,FUN_05d5de,derived,
0x05D61A,0x05D656,FUN_05d61a,derived,
0x05D656,0x05D67A,FUN_05d656,derived,
0x05D67A,0x05D6C0,FUN_05d67a,derived,
0x05D6C0,0x05D6D4,FUN_05d6c0,derived,
0x05D6D4,0x05D6E0,FUN_05d6d4,derived,
0x05D6E0,0x05D72A,FUN_05d6e0,derived,
0x05D72A,0x05D736,FUN_05d72a,derived,
0x05D736,0x05D74A,FUN_05d736,derived,
0x05D74A,0x05D752,FUN_05d74a,derived,
0x05D752,0x05D754,FUN_05d752,derived,
0x05D754,0x05D75C,FUN_05d754,derived,
0x05D75C,0x05D796,FUN_05d75c,derived,
0x05D796,0x05D7C0,FUN_05d796,derived,
0x05D7C0,0x05D7EA,FUN_05d7c0,derived,
0x05D7EA,0x05D88A,FUN_05d7ea,derived,
0x05D88A,0x05D89A,FUN_05d88a,derived,
0x05D89A,0x05D908,FUN_05d89a,derived,
0x05D908,0x05D94C,FUN_05d908,derived,
0x05D94C,0x05D9C4,FUN_05d94c,derived,
0x05D9C4,0x05D9DC,FUN_05d9c4,derived,
0x05D9DC,0x05DA1E,FUN_05d9dc,derived,
0x05DA1E,0x05DA4C,FUN_05da1e,derived,
0x05DA4C,0x05DAA4,FUN_05da4c,derived,
0x05DAA4,0x05DB30,FUN_05daa4,derived,
0x05DB30,0x05DB88,FUN_05db30,derived,
0x05DB88,0x05DBCC,FUN_05db88,derived,
0x05DBCC,0x05DC8C,FUN_05dbcc,derived,
0x05DC8C,0x05DCBA,FUN_05dc8c,derived,
0x05DCBA,0x05DDF0,FUN_05dcba,derived,
0x05DDF0,0x05DF00,FUN_05ddf0,derived,
0x05DF00,0x05DF28,FUN_05df00,derived,
0x05DF28,0x05E078,FUN_05df28,derived,
0x05E078,0x05E07C,FUN_05e078,derived,
0x05E07C,0x05E07E,FUN_05e07c,derived,
0x05E07E,0x05E080,FUN_05e07e,derived,
0x05E080,0x05E0A4,FUN_05e080,derived,
0x05E0A4,0x05E198,FUN_05e0a4,derived,
0x05E198,0x05E264,FUN_05e198,derived,
0x05E264,0x05E3A0,FUN_05e264,derived,
0x05E3A0,0x05E3F0,FUN_05e3a0,derived,
0x05E3F0,0x05E400,FUN_05e3f0,derived,
0x05E400,0x05E402,FUN_05e400,derived,
0x05E402,0x05E404,FUN_05e402,derived,
0x05E404,0x05E406,FUN_05e404,derived,
0x05E406,0x05E408,FUN_05e406,derived,
0x05E408,0x05E40A,FUN_05e408,derived,
0x05E40A,0x05E40C,FUN_05e40a,derived,
0x05E40C,0x05E40E,FUN_05e40c,derived,
0x05E40E,0x05E410,FUN_05e40e,derived,
0x05E410,0x05E412,FUN_05e410,derived,
0x05E412,0x05E414,FUN_05e412,derived,
0x05E414,0x05E416,FUN_05e414,derived,
0x05E416,0x05E418,FUN_05e416,derived,
0x05E418,0x05E41C,FUN_05e418,derived,
0x05E41C,0x05E41E,FUN_05e41c,derived,
0x05E41E,0x05E430,FUN_05e41e,derived,
0x05E430,0x05E432,FUN_05e430,derived,
0x05E432,0x05E434,FUN_05e432,derived,
0x05E434,0x05E442,FUN_05e434,derived,
0x05E442,0x05E460,FUN_05e442,derived,
0x05E460,0x05E470,FUN_05e460,derived,
0x05E470,0x05E4B0,FUN_05e470,derived,
0x05E4B0,0x05E4BC,FUN_05e4b0,derived,
0x05E4BC,0x05E4E8,FUN_05e4bc,derived,
0x05E4E8,0x05E6E0,FUN_05e4e8,derived,
0x05E6E0,0x05E98C,FUN_05e6e0,derived,
0x05E98C,0x05E98E,FUN_05e98c,derived,
0x05E98E,0x05EA68,FUN_05e98e,derived,
0x05EA68,0x05EA78,FUN_05ea68,derived,
0x05EA78,0x05EAB8,FUN_05ea78,derived,
0x05EAB8,0x05EABA,FUN_05eab8,derived,
0x05EABA,0x05EAC0,FUN_05eaba,derived,
0x05EAC0,0x05EAC4,FUN_05eac0,derived,
0x05EAC4,0x05EAD0,FUN_05eac4,derived,
0x05EAD0,0x05EADC,FUN_05ead0,derived,
0x05EADC,0x05EAE8,FUN_05eadc,derived,
0x05EAE8,0x05EAF4,FUN_05eae8,derived,
0x05EAF4,0x05EB00,FUN_05eaf4,derived,
0x05EB00,0x05EB04,FUN_05eb00,derived,
0x05EB04,0x05EB06,FUN_05eb04,derived,
0x05EB06,0x05EB0C,FUN_05eb06,derived,
0x05EB0C,0x05EB10,FUN_05eb0c,derived,
0x05EB10,0x05EB24,FUN_05eb10,derived,
0x05EB24,0x05EB34,FUN_05eb24,derived,
0x05EB34,0x05EB44,FUN_05eb34,derived,
0x05EB44,0x05EB54,FUN_05eb44,derived,
0x05EB54,0x05EB64,FUN_05eb54,derived,
0x05EB64,0x05EB74,FUN_05eb64,derived,
0x05EB74,0x05EB84,FUN_05eb74,derived,
0x05EB84,0x05EBA4,FUN_05eb84,derived,
0x05EBA4,0x05EBB4,FUN_05eba4,derived,
0x05EBB4,0x05EBF4,FUN_05ebb4,derived,
0x05EBF4,0x05EC04,FUN_05ebf4,derived,
0x05EC04,0x05EC14,FUN_05ec04,derived,
0x05EC14,0x05EC24,FUN_05ec14,derived,
0x05EC24,0x05EC34,FUN_05ec24,derived,
0x05EC34,0x05EC44,FUN_05ec34,derived,
0x05EC44,0x05EC54,FUN_05ec44,derived,
0x05EC54,0x05EC64,FUN_05ec54,derived,
0x05EC64,0x05EC74,FUN_05ec64,derived,
0x05EC74,0x05EC84,FUN_05ec74,derived,
0x05EC84,0x05EC94,FUN_05ec84,derived,
0x05EC94,0x05ECA4,FUN_05ec94,derived,
0x05ECA4,0x05ECA8,FUN_05eca4,derived,
0x05ECA8,0x05ECD6,FUN_05eca8,derived,
0x05ECD6,0x05ED2C,FUN_05ecd6,derived,
0x05ED2C,0x05ED36,returnFaultCode,ghidra-hand-xmap,
0x05ED36,0x05ED40,FUN_05ed36,derived,
0x05ED40,0x05ED66,lookupCodeTypeAll,ghidra-hand-xmap,
0x05ED66,0x05ED8C,lookupCodeTypeMisfire,ghidra-hand-xmap,
0x05ED8C,0x05ED9E,faultEnableStatus2,ghidra-hand-xmap,
0x05ED9E,0x05EDCC,faultConfirmationSomething?,ghidra-hand-xmap,
0x05EDCC,0x05EDFA,FUN_05edcc,derived,
0x05EDFA,0x05EE50,FUN_05edfa,derived,
0x05EE50,0x05EE8E,faultSomething0x2,ghidra-hand-xmap,
0x05EE8E,0x05EEE4,faultSomething0x0,ghidra-hand-xmap,
0x05EEE4,0x05EF44,FUN_05eee4,derived,
0x05EF44,0x05EFF4,FUN_05ef44,derived,
0x05EFF4,0x05F01C,checkIfDeviceControl?,ghidra-hand-xmap,
0x05F01C,0x05F048,FUN_05f01c,derived,
0x05F048,0x05F04E,FUN_05f048,derived,
0x05F04E,0x05F054,FUN_05f04e,derived,
0x05F054,0x05F05A,FUN_05f054,derived,
0x05F05A,0x05F060,FUN_05f05a,derived,
0x05F060,0x05F074,FUN_05f060,derived,
0x05F074,0x05F08A,FUN_05f074,derived,
0x05F08A,0x05F098,FUN_05f08a,derived,
0x05F098,0x05F0C0,FUN_05f098,derived,
0x05F0C0,0x05F0CE,FUN_05f0c0,derived,
0x05F0CE,0x05F0D4,FUN_05f0ce,derived,
0x05F0D4,0x05F0DA,FUN_05f0d4,derived,
0x05F0DA,0x05F0E2,FUN_05f0da,derived,
0x05F0E2,0x05F114,FUN_05f0e2,derived,
0x05F114,0x05F118,FUN_05f114,derived,
0x05F118,0x05F126,updateFaultStatusTHUNKNoR6?,ghidra-hand-xmap,
0x05F126,0x05F148,FUN_05f126,derived,
0x05F148,0x05F160,FUN_05f148,derived,
0x05F160,0x05F16E,FUN_05f160,derived,
0x05F16E,0x05F172,FUN_05f16e,derived,
0x05F172,0x05F1D0,FUN_05f172,derived,
0x05F1D0,0x05F1EA,FUN_05f1d0,derived,
0x05F1EA,0x05F2FA,FUN_05f1ea,derived,
0x05F2FA,0x05F30C,FUN_05f2fa,derived,
0x05F30C,0x05F336,FUN_05f30c,derived,
0x05F336,0x05F426,FUN_05f336,derived,
0x05F426,0x05F442,FUN_05f426,derived,
0x05F442,0x05F49E,FUN_05f442,derived,
0x05F49E,0x05F56C,FUN_05f49e,derived,
0x05F56C,0x05F58E,FUN_05f56c,derived,
0x05F58E,0x05F5EA,FUN_05f58e,derived,
0x05F5EA,0x05F668,FUN_05f5ea,derived,
0x05F668,0x05F6A4,FUN_05f668,derived,
0x05F6A4,0x05F6BC,FUN_05f6a4,derived,
0x05F6BC,0x05F6D8,FUN_05f6bc,derived,
0x05F6D8,0x05F6F4,FUN_05f6d8,derived,
0x05F6F4,0x05F754,FUN_05f6f4,derived,
0x05F754,0x05F78E,setFaultEvalState?,ghidra-hand-xmap,
0x05F78E,0x05F854,FUN_05f78e,derived,
0x05F854,0x05F89E,FUN_05f854,derived,
0x05F89E,0x05F8D4,FUN_05f89e,derived,
0x05F8D4,0x05F8F4,FUN_05f8d4,derived,
0x05F8F4,0x05F8F8,FUN_05f8f4,derived,
0x05F8F8,0x05F910,FUN_05f8f8,derived,
0x05F910,0x05F914,FUN_05f910,derived,
0x05F914,0x05F93C,FUN_05f914,derived,
0x05F93C,0x05F95A,FUN_05f93c,derived,
0x05F95A,0x05F96A,FUN_05f95a,derived,
0x05F96A,0x05F96E,FUN_05f96a,derived,
0x05F96E,0x05F972,FUN_05f96e,derived,
0x05F972,0x05FA9A,FUN_05f972,derived,
0x05FA9A,0x05FAD2,FUN_05fa9a,derived,
0x05FAD2,0x05FAFA,FUN_05fad2,derived,
0x05FAFA,0x05FC0C,FUN_05fafa,derived,
0x05FC0C,0x05FC36,FUN_05fc0c,derived,
0x05FC36,0x05FC4E,FUN_05fc36,derived,
0x05FC4E,0x05FCA4,FUN_05fc4e,derived,
0x05FCA4,0x05FD8A,FUN_05fca4,derived,
0x05FD8A,0x05FDDA,FUN_05fd8a,derived,
0x05FDDA,0x05FE44,FUN_05fdda,derived,
0x05FE44,0x05FE62,FUN_05fe44,derived,
0x05FE62,0x05FE72,FUN_05fe62,derived,
0x05FE72,0x05FEF0,FUN_05fe72,derived,
0x05FEF0,0x060000,FUN_05fef0,derived,
0x060000,0x060022,FUN_060000,derived,
0x060022,0x060056,FUN_060022,derived,
0x060056,0x060082,FUN_060056,derived,
0x060082,0x0600B2,FUN_060082,derived,
0x0600B2,0x06018A,FUN_0600b2,derived,
0x06018A,0x0601B8,FUN_06018a,derived,
0x0601B8,0x0601EC,FUN_0601b8,derived,
0x0601EC,0x0602DE,FUN_0601ec,derived,
0x0602DE,0x060312,FUN_0602de,derived,
0x060312,0x060334,FUN_060312,derived,
0x060334,0x060380,FUN_060334,derived,
0x060380,0x0603C2,FUN_060380,derived,
0x0603C2,0x0603F0,FUN_0603c2,derived,
0x0603F0,0x0603F2,FUN_0603f0,derived,
0x0603F2,0x06044A,FUN_0603f2,derived,
0x06044A,0x0606CA,FUN_06044a,derived,
0x0606CA,0x060800,FUN_0606ca,derived,
0x060800,0x06082C,FUN_060800,derived,
0x06082C,0x0609A2,faultSomethingIdunno,ghidra-hand-xmap,
0x0609A2,0x060BDC,dtcRelated,ghidra-hand-xmap,
0x060BDC,0x060C90,FUN_060bdc,derived,
0x060C90,0x060C96,FUN_060c90,derived,
0x060C96,0x060CD4,FUN_060c96,derived,
0x060CD4,0x060EC2,FUN_060cd4,derived,
0x060EC2,0x060ED0,FUN_060ec2,derived,
0x060ED0,0x060EDE,FUN_060ed0,derived,
0x060EDE,0x060F04,FUN_060ede,derived,
0x060F04,0x0610F0,FUN_060f04,derived,
0x0610F0,0x0610F6,FUN_0610f0,derived,
0x0610F6,0x061104,FUN_0610f6,derived,
0x061104,0x06128C,FUN_061104,derived,
0x06128C,0x06139C,FUN_06128c,derived,
0x06139C,0x06141C,FUN_06139c,derived,
0x06141C,0x06145C,FUN_06141c,derived,
0x06145C,0x0614C4,FUN_06145c,derived,
0x0614C4,0x061514,FUN_0614c4,derived,
0x061514,0x061558,FUN_061514,derived,
0x061558,0x0615B4,FUN_061558,derived,
0x0615B4,0x061678,FUN_0615b4,derived,
0x061678,0x0616BC,FUN_061678,derived,
0x0616BC,0x061738,FUN_0616bc,derived,
0x061738,0x06177C,FUN_061738,derived,
0x06177C,0x06178C,FUN_06177c,derived,
0x06178C,0x0617FC,FUN_06178c,derived,
0x0617FC,0x06194C,FUN_0617fc,derived,
0x06194C,0x061A44,FUN_06194c,derived,
0x061A44,0x061AB0,FUN_061a44,derived,
0x061AB0,0x061B7C,FUN_061ab0,derived,
0x061B7C,0x061C76,FUN_061b7c,derived,
0x061C76,0x061C94,FUN_061c76,derived,
0x061C94,0x061CB2,FUN_061c94,derived,
0x061CB2,0x061CD0,FUN_061cb2,derived,
0x061CD0,0x061CF4,FUN_061cd0,derived,
0x061CF4,0x061D18,FUN_061cf4,derived,
0x061D18,0x061FEC,FUN_061d18,derived,
0x061FEC,0x06207C,FUN_061fec,derived,
0x06207C,0x062108,FUN_06207c,derived,
0x062108,0x06218A,FUN_062108,derived,
0x06218A,0x0621B4,FUN_06218a,derived,
0x0621B4,0x0621D4,FUN_0621b4,derived,
0x0621D4,0x062226,FUN_0621d4,derived,
0x062226,0x062246,FUN_062226,derived,
0x062246,0x062298,FUN_062246,derived,
0x062298,0x06230A,FUN_062298,derived,
0x06230A,0x06237C,FUN_06230a,derived,
0x06237C,0x062402,FUN_06237c,derived,
0x062402,0x062422,FUN_062402,derived,
0x062422,0x062474,FUN_062422,derived,
0x062474,0x062494,FUN_062474,derived,
0x062494,0x0624E6,FUN_062494,derived,
0x0624E6,0x062558,FUN_0624e6,derived,
0x062558,0x062586,FUN_062558,derived,
0x062586,0x0625D8,FUN_062586,derived,
0x0625D8,0x062606,FUN_0625d8,derived,
0x062606,0x062666,FUN_062606,derived,
0x062666,0x062772,FUN_062666,derived,
0x062772,0x062894,FUN_062772,derived,
0x062894,0x06291C,FUN_062894,derived,
0x06291C,0x0629CA,FUN_06291c,derived,
0x0629CA,0x062A5C,FUN_0629ca,derived,
0x062A5C,0x062AE2,FUN_062a5c,derived,
0x062AE2,0x062BF8,FUN_062ae2,derived,
0x062BF8,0x062C3E,FUN_062bf8,derived,
0x062C3E,0x062CBE,FUN_062c3e,derived,
0x062CBE,0x062CFC,FUN_062cbe,derived,
0x062CFC,0x062D4E,FUN_062cfc,derived,
0x062D4E,0x062D74,FUN_062d4e,derived,
0x062D74,0x062DB8,FUN_062d74,derived,
0x062DB8,0x062E30,FUN_062db8,derived,
0x062E30,0x062EB6,FUN_062e30,derived,
0x062EB6,0x062F3C,FUN_062eb6,derived,
0x062F3C,0x062FB0,FUN_062f3c,derived,
0x062FB0,0x062FF8,FUN_062fb0,derived,
0x062FF8,0x0630C6,FUN_062ff8,derived,
0x0630C6,0x063168,FUN_0630c6,derived,
0x063168,0x063200,FUN_063168,derived,
0x063200,0x063254,FUN_063200,derived,
0x063254,0x0632A8,FUN_063254,derived,
0x0632A8,0x0632D8,FUN_0632a8,derived,
0x0632D8,0x063340,FUN_0632d8,derived,
0x063340,0x0633E0,FUN_063340,derived,
0x0633E0,0x0633E6,FUN_0633e0,derived,
0x0633E6,0x063464,FUN_0633e6,derived,
0x063464,0x0634D0,FUN_063464,derived,
0x0634D0,0x0634FE,FUN_0634d0,derived,
0x0634FE,0x063550,FUN_0634fe,derived,
0x063550,0x063610,FUN_063550,derived,
0x063610,0x063644,FUN_063610,derived,
0x063644,0x063694,FUN_063644,derived,
0x063694,0x0636B6,FUN_063694,derived,
0x0636B6,0x0636EE,FUN_0636b6,derived,
0x0636EE,0x063736,FUN_0636ee,derived,
0x063736,0x063794,FUN_063736,derived,
0x063794,0x0637F4,FUN_063794,derived,
0x0637F4,0x06385A,FUN_0637f4,derived,
0x06385A,0x0638C0,FUN_06385a,derived,
0x0638C0,0x0638EE,FUN_0638c0,derived,
0x0638EE,0x063908,FUN_0638ee,derived,
0x063908,0x06390C,FUN_063908,derived,
0x06390C,0x063938,FUN_06390c,derived,
0x063938,0x0639FC,FUN_063938,derived,
0x0639FC,0x063B58,FUN_0639fc,derived,
0x063B58,0x063CA8,FUN_063b58,derived,
0x063CA8,0x063CEE,FUN_063ca8,derived,
0x063CEE,0x063CF4,FUN_063cee,derived,
0x063CF4,0x063D4E,FUN_063cf4,derived,
0x063D4E,0x063F0C,FUN_063d4e,derived,
0x063F0C,0x064050,FUN_063f0c,derived,
0x064050,0x064150,FUN_064050,derived,
0x064150,0x064182,FUN_064150,derived,
0x064182,0x064296,FUN_064182,derived,
0x064296,0x0642AC,FUN_064296,derived,
0x0642AC,0x0642C0,FUN_0642ac,derived,
0x0642C0,0x064320,FUN_0642c0,derived,
0x064320,0x064370,FUN_064320,derived,
0x064370,0x0643E6,FUN_064370,derived,
0x0643E6,0x064468,FUN_0643e6,derived,
0x064468,0x0644C6,FUN_064468,derived,
0x0644C6,0x064534,FUN_0644c6,derived,
0x064534,0x0645E2,FUN_064534,derived,
0x0645E2,0x06464C,FUN_0645e2,derived,
0x06464C,0x064690,FUN_06464c,derived,
0x064690,0x0646F0,FUN_064690,derived,
0x0646F0,0x064720,FUN_0646f0,derived,
0x064720,0x0647BC,FUN_064720,derived,
0x0647BC,0x06485C,FUN_0647bc,derived,
0x06485C,0x064978,FUN_06485c,derived,
0x064978,0x0649C0,FUN_064978,derived,
0x0649C0,0x0649F2,FUN_0649c0,derived,
0x0649F2,0x064A0C,FUN_0649f2,derived,
0x064A0C,0x064A34,FUN_064a0c,derived,
0x064A34,0x064A6C,FUN_064a34,derived,
0x064A6C,0x064B54,FUN_064a6c,derived,
0x064B54,0x064BA8,FUN_064b54,derived,
0x064BA8,0x064D12,FUN_064ba8,derived,
0x064D12,0x064D5C,FUN_064d12,derived,
0x064D5C,0x064FA0,FUN_064d5c,derived,
0x064FA0,0x064FE8,FUN_064fa0,derived,
0x064FE8,0x065232,FUN_064fe8,derived,
0x065232,0x0652AC,FUN_065232,derived,
0x0652AC,0x065372,FUN_0652ac,derived,
0x065372,0x06554E,FUN_065372,derived,
0x06554E,0x065576,FUN_06554e,derived,
0x065576,0x065858,FUN_065576,derived,
0x065858,0x0658A0,FUN_065858,derived,
0x0658A0,0x0658DC,FUN_0658a0,derived,
0x0658DC,0x065902,FUN_0658dc,derived,
0x065902,0x0659A8,FUN_065902,derived,
0x0659A8,0x0659FC,FUN_0659a8,derived,
0x0659FC,0x065A54,FUN_0659fc,derived,
0x065A54,0x065A86,FUN_065a54,derived,
0x065A86,0x065AA4,FUN_065a86,derived,
0x065AA4,0x065AF4,FUN_065aa4,derived,
0x065AF4,0x065B06,FUN_065af4,derived,
0x065B06,0x065BA4,FUN_065b06,derived,
0x065BA4,0x065C7A,FUN_065ba4,derived,
0x065C7A,0x065D26,FUN_065c7a,derived,
0x065D26,0x065D9A,FUN_065d26,derived,
0x065D9A,0x065DDC,FUN_065d9a,derived,
0x065DDC,0x065DFE,FUN_065ddc,derived,
0x065DFE,0x065E22,FUN_065dfe,derived,
0x065E22,0x065E34,getFaultEvalState,ghidra-hand-xmap,
0x065E34,0x065ED4,FUN_065e34,derived,
0x065ED4,0x065ED8,FUN_065ed4,derived,
0x065ED8,0x065F4C,FUN_065ed8,derived,
0x065F4C,0x065F6A,FUN_065f4c,derived,
0x065F6A,0x065F86,FUN_065f6a,derived,
0x065F86,0x066028,FUN_065f86,derived,
0x066028,0x06605C,FUN_066028,derived,
0x06605C,0x066090,FUN_06605c,derived,
0x066090,0x06616C,FUN_066090,derived,
0x06616C,0x06620C,FUN_06616c,derived,
0x06620C,0x066236,FUN_06620c,derived,
0x066236,0x0662E2,FUN_066236,derived,
0x0662E2,0x066368,FUN_0662e2,derived,
0x066368,0x066518,FUN_066368,derived,
0x066518,0x06653C,FUN_066518,derived,
0x06653C,0x06659E,FUN_06653c,derived,
0x06659E,0x0665B4,FUN_06659e,derived,
0x0665B4,0x0665CC,FUN_0665b4,derived,
0x0665CC,0x0666C8,FUN_0665cc,derived,
0x0666C8,0x0666EC,FUN_0666c8,derived,
0x0666EC,0x066702,FUN_0666ec,derived,
0x066702,0x066728,FUN_066702,derived,
0x066728,0x0667BC,FUN_066728,derived,
0x0667BC,0x066852,FUN_0667bc,derived,
0x066852,0x0668F4,FUN_066852,derived,
0x0668F4,0x06698C,FUN_0668f4,derived,
0x06698C,0x06699E,FUN_06698c,derived,
0x06699E,0x0669D0,FUN_06699e,derived,
0x0669D0,0x066A18,FUN_0669d0,derived,
0x066A18,0x066A50,FUN_066a18,derived,
0x066A50,0x066AA4,FUN_066a50,derived,
0x066AA4,0x066ABA,FUN_066aa4,derived,
0x066ABA,0x066B0E,FUN_066aba,derived,
0x066B0E,0x066B3C,FUN_066b0e,derived,
0x066B3C,0x066B54,FUN_066b3c,derived,
0x066B54,0x066BCE,FUN_066b54,derived,
0x066BCE,0x066C02,FUN_066bce,derived,
0x066C02,0x066C7A,FUN_066c02,derived,
0x066C7A,0x066C90,FUN_066c7a,derived,
0x066C90,0x066CF8,FUN_066c90,derived,
0x066CF8,0x066D6C,FUN_066cf8,derived,
0x066D6C,0x066E00,FUN_066d6c,derived,
0x066E00,0x066E64,FUN_066e00,derived,
0x066E64,0x066EF2,FUN_066e64,derived,
0x066EF2,0x066F04,FUN_066ef2,derived,
0x066F04,0x066F34,FUN_066f04,derived,
0x066F34,0x066F64,FUN_066f34,derived,
0x066F64,0x066F98,FUN_066f64,derived,
0x066F98,0x066FE2,FUN_066f98,derived,
0x066FE2,0x066FF6,FUN_066fe2,derived,
0x066FF6,0x067040,FUN_066ff6,derived,
0x067040,0x067054,FUN_067040,derived,
0x067054,0x06709E,FUN_067054,derived,
0x06709E,0x067114,FUN_06709e,derived,
0x067114,0x067120,FUN_067114,derived,
0x067120,0x06713C,FUN_067120,derived,
0x06713C,0x067168,FUN_06713c,derived,
0x067168,0x067194,FUN_067168,derived,
0x067194,0x0671C0,FUN_067194,derived,
0x0671C0,0x0671F8,FUN_0671c0,derived,
0x0671F8,0x067254,pack_for_OBD_response?,ghidra-hand-xmap,
0x067254,0x0672EC,FUN_067254,derived,
0x0672EC,0x067340,FUN_0672ec,derived,
0x067340,0x067386,FUN_067340,derived,
0x067386,0x06747C,FUN_067386,derived,
0x06747C,0x0674BA,FUN_06747c,derived,
0x0674BA,0x067500,FUN_0674ba,derived,
0x067500,0x067560,FUN_067500,derived,
0x067560,0x067596,FUN_067560,derived,
0x067596,0x067774,unknownMode22Func,ghidra-hand-xmap,
0x067774,0x067790,FUN_067774,derived,
0x067790,0x0677B0,FUN_067790,derived,
0x0677B0,0x067808,FUN_0677b0,derived,
0x067808,0x067924,FUN_067808,derived,
0x067924,0x06797A,FUN_067924,derived,
0x06797A,0x0679FC,FUN_06797a,derived,
0x0679FC,0x067A64,FUN_0679fc,derived,
0x067A64,0x067AD4,FUN_067a64,derived,
0x067AD4,0x067AEE,FUN_067ad4,derived,
0x067AEE,0x067B08,FUN_067aee,derived,
0x067B08,0x067B40,FUN_067b08,derived,
0x067B40,0x067B52,FUN_067b40,derived,
0x067B52,0x067BA0,FUN_067b52,derived,
0x067BA0,0x067BC4,FUN_067ba0,derived,
0x067BC4,0x067C02,FUN_067bc4,derived,
0x067C02,0x067C44,FUN_067c02,derived,
0x067C44,0x067CA0,FUN_067c44,derived,
0x067CA0,0x067CEC,FUN_067ca0,derived,
0x067CEC,0x067E4E,FUN_067cec,derived,
0x067E4E,0x067E62,FUN_067e4e,derived,
0x067E62,0x067EC4,FUN_067e62,derived,
0x067EC4,0x067EEC,FUN_067ec4,derived,
0x067EEC,0x067EFE,FUN_067eec,derived,
0x067EFE,0x067F22,FUN_067efe,derived,
0x067F22,0x067F74,FUN_067f22,derived,
0x067F74,0x067F84,FUN_067f74,derived,
0x067F84,0x067FA2,FUN_067f84,derived,
0x067FA2,0x067FC4,FUN_067fa2,derived,
0x067FC4,0x068034,FUN_067fc4,derived,
0x068034,0x068074,FUN_068034,derived,
0x068074,0x068132,FUN_068074,derived,
0x068132,0x068140,FUN_068132,derived,
0x068140,0x068146,FUN_068140,derived,
0x068146,0x06814C,FUN_068146,derived,
0x06814C,0x068152,FUN_06814c,derived,
0x068152,0x068158,FUN_068152,derived,
0x068158,0x06815E,FUN_068158,derived,
0x06815E,0x068188,FUN_06815e,derived,
0x068188,0x06821A,udsHandler,ghidra-hand-xmap,
0x06821A,0x0682B8,udsResponseRelated2,ghidra-hand-xmap,
0x0682B8,0x0682D4,FUN_0682b8,derived,
0x0682D4,0x0682E8,FUN_0682d4,derived,
0x0682E8,0x0682FC,FUN_0682e8,derived,
0x0682FC,0x068310,FUN_0682fc,derived,
0x068310,0x068324,FUN_068310,derived,
0x068324,0x068338,FUN_068324,derived,
0x068338,0x068344,FUN_068338,derived,
0x068344,0x068350,FUN_068344,derived,
0x068350,0x06835C,FUN_068350,derived,
0x06835C,0x068370,FUN_06835c,derived,
0x068370,0x068384,FUN_068370,derived,
0x068384,0x068390,FUN_068384,derived,
0x068390,0x0683A0,FUN_068390,derived,
0x0683A0,0x0683B8,FUN_0683a0,derived,
0x0683B8,0x0683BC,FUN_0683b8,derived,
0x0683BC,0x0683D8,FUN_0683bc,derived,
0x0683D8,0x0683E0,FUN_0683d8,derived,
0x0683E0,0x0683F4,FUN_0683e0,derived,
0x0683F4,0x068408,FUN_0683f4,derived,
0x068408,0x06841C,FUN_068408,derived,
0x06841C,0x068430,FUN_06841c,derived,
0x068430,0x068444,FUN_068430,derived,
0x068444,0x068460,FUN_068444,derived,
0x068460,0x06847C,FUN_068460,derived,
0x06847C,0x068498,FUN_06847c,derived,
0x068498,0x0684B4,FUN_068498,derived,
0x0684B4,0x0684C8,FUN_0684b4,derived,
0x0684C8,0x0684DC,FUN_0684c8,derived,
0x0684DC,0x0684F0,FUN_0684dc,derived,
0x0684F0,0x068504,FUN_0684f0,derived,
0x068504,0x068518,FUN_068504,derived,
0x068518,0x06852C,FUN_068518,derived,
0x06852C,0x068540,FUN_06852c,derived,
0x068540,0x068554,FUN_068540,derived,
0x068554,0x068568,FUN_068554,derived,
0x068568,0x068574,FUN_068568,derived,
0x068574,0x06857C,FUN_068574,derived,
0x06857C,0x068590,FUN_06857c,derived,
0x068590,0x0685A4,FUN_068590,derived,
0x0685A4,0x0685B8,FUN_0685a4,derived,
0x0685B8,0x0685CC,FUN_0685b8,derived,
0x0685CC,0x0685E0,FUN_0685cc,derived,
0x0685E0,0x0685F4,FUN_0685e0,derived,
0x0685F4,0x068608,FUN_0685f4,derived,
0x068608,0x06861C,FUN_068608,derived,
0x06861C,0x068630,FUN_06861c,derived,
0x068630,0x068644,FUN_068630,derived,
0x068644,0x068658,FUN_068644,derived,
0x068658,0x06866C,FUN_068658,derived,
0x06866C,0x068680,FUN_06866c,derived,
0x068680,0x068694,FUN_068680,derived,
0x068694,0x0686A8,FUN_068694,derived,
0x0686A8,0x0686BC,FUN_0686a8,derived,
0x0686BC,0x0686D0,FUN_0686bc,derived,
0x0686D0,0x0686EC,FUN_0686d0,derived,
0x0686EC,0x068700,FUN_0686ec,derived,
0x068700,0x068714,FUN_068700,derived,
0x068714,0x068728,FUN_068714,derived,
0x068728,0x06873C,FUN_068728,derived,
0x06873C,0x068750,FUN_06873c,derived,
0x068750,0x068764,FUN_068750,derived,
0x068764,0x068778,FUN_068764,derived,
0x068778,0x06878C,FUN_068778,derived,
0x06878C,0x0687A0,FUN_06878c,derived,
0x0687A0,0x0687B4,FUN_0687a0,derived,
0x0687B4,0x0687C8,FUN_0687b4,derived,
0x0687C8,0x0687DC,FUN_0687c8,derived,
0x0687DC,0x0687F0,FUN_0687dc,derived,
0x0687F0,0x06880C,FUN_0687f0,derived,
0x06880C,0x068828,FUN_06880c,derived,
0x068828,0x068844,FUN_068828,derived,
0x068844,0x068860,FUN_068844,derived,
0x068860,0x06887C,FUN_068860,derived,
0x06887C,0x068890,FUN_06887c,derived,
0x068890,0x0688A4,FUN_068890,derived,
0x0688A4,0x0688B8,FUN_0688a4,derived,
0x0688B8,0x0688CC,FUN_0688b8,derived,
0x0688CC,0x0688E0,FUN_0688cc,derived,
0x0688E0,0x0688F4,FUN_0688e0,derived,
0x0688F4,0x068908,FUN_0688f4,derived,
0x068908,0x06891C,FUN_068908,derived,
0x06891C,0x068930,FUN_06891c,derived,
0x068930,0x068944,FUN_068930,derived,
0x068944,0x068958,FUN_068944,derived,
0x068958,0x068974,FUN_068958,derived,
0x068974,0x068990,FUN_068974,derived,
0x068990,0x0689AC,FUN_068990,derived,
0x0689AC,0x0689C8,FUN_0689ac,derived,
0x0689C8,0x0689DC,FUN_0689c8,derived,
0x0689DC,0x0689E8,FUN_0689dc,derived,
0x0689E8,0x0689FC,FUN_0689e8,derived,
0x0689FC,0x068A08,FUN_0689fc,derived,
0x068A08,0x068A14,FUN_068a08,derived,
0x068A14,0x068A20,FUN_068a14,derived,
0x068A20,0x068A2C,FUN_068a20,derived,
0x068A2C,0x068A38,FUN_068a2c,derived,
0x068A38,0x068A44,FUN_068a38,derived,
0x068A44,0x068A50,FUN_068a44,derived,
0x068A50,0x068A5C,FUN_068a50,derived,
0x068A5C,0x068A68,FUN_068a5c,derived,
0x068A68,0x068A74,FUN_068a68,derived,
0x068A74,0x068A7C,FUN_068a74,derived,
0x068A7C,0x068A88,FUN_068a7c,derived,
0x068A88,0x068A9C,FUN_068a88,derived,
0x068A9C,0x068AB0,FUN_068a9c,derived,
0x068AB0,0x068AC4,FUN_068ab0,derived,
0x068AC4,0x068AD8,FUN_068ac4,derived,
0x068AD8,0x068AEC,FUN_068ad8,derived,
0x068AEC,0x068B00,FUN_068aec,derived,
0x068B00,0x068B14,FUN_068b00,derived,
0x068B14,0x068B28,FUN_068b14,derived,
0x068B28,0x068B34,FUN_068b28,derived,
0x068B34,0x068B40,FUN_068b34,derived,
0x068B40,0x068B54,FUN_068b40,derived,
0x068B54,0x068B60,FUN_068b54,derived,
0x068B60,0x068B70,FUN_068b60,derived,
0x068B70,0x068B74,FUN_068b70,derived,
0x068B74,0x068B80,FUN_068b74,derived,
0x068B80,0x068B8C,FUN_068b80,derived,
0x068B8C,0x068B98,FUN_068b8c,derived,
0x068B98,0x068BA4,FUN_068b98,derived,
0x068BA4,0x068BA8,FUN_068ba4,derived,
0x068BA8,0x068BB0,FUN_068ba8,derived,
0x068BB0,0x068BBC,FUN_068bb0,derived,
0x068BBC,0x068BC4,FUN_068bbc,derived,
0x068BC4,0x068BC8,FUN_068bc4,derived,
0x068BC8,0x068BE0,FUN_068bc8,derived,
0x068BE0,0x068BE4,FUN_068be0,derived,
0x068BE4,0x068BFC,FUN_068be4,derived,
0x068BFC,0x068C00,FUN_068bfc,derived,
0x068C00,0x068C1C,FUN_068c00,derived,
0x068C1C,0x068C38,FUN_068c1c,derived,
0x068C38,0x068C54,FUN_068c38,derived,
0x068C54,0x068C70,FUN_068c54,derived,
0x068C70,0x068C8C,FUN_068c70,derived,
0x068C8C,0x068CA8,FUN_068c8c,derived,
0x068CA8,0x068CC4,FUN_068ca8,derived,
0x068CC4,0x068CE0,FUN_068cc4,derived,
0x068CE0,0x068CFC,FUN_068ce0,derived,
0x068CFC,0x068D10,FUN_068cfc,derived,
0x068D10,0x068D24,FUN_068d10,derived,
0x068D24,0x068D38,FUN_068d24,derived,
0x068D38,0x068D4C,FUN_068d38,derived,
0x068D4C,0x068D60,FUN_068d4c,derived,
0x068D60,0x068D74,FUN_068d60,derived,
0x068D74,0x068D88,FUN_068d74,derived,
0x068D88,0x068D9C,FUN_068d88,derived,
0x068D9C,0x068DB0,FUN_068d9c,derived,
0x068DB0,0x068DC4,FUN_068db0,derived,
0x068DC4,0x068DD0,FUN_068dc4,derived,
0x068DD0,0x068DE4,FUN_068dd0,derived,
0x068DE4,0x068DF8,FUN_068de4,derived,
0x068DF8,0x068E0C,FUN_068df8,derived,
0x068E0C,0x068E20,FUN_068e0c,derived,
0x068E20,0x068E2C,FUN_068e20,derived,
0x068E2C,0x068E38,FUN_068e2c,derived,
0x068E38,0x068E44,FUN_068e38,derived,
0x068E44,0x068E58,FUN_068e44,derived,
0x068E58,0x068E64,FUN_068e58,derived,
0x068E64,0x068E78,FUN_068e64,derived,
0x068E78,0x068E8C,FUN_068e78,derived,
0x068E8C,0x068E98,FUN_068e8c,derived,
0x068E98,0x068EA4,FUN_068e98,derived,
0x068EA4,0x068EB0,FUN_068ea4,derived,
0x068EB0,0x068EC4,FUN_068eb0,derived,
0x068EC4,0x068ED8,FUN_068ec4,derived,
0x068ED8,0x068EEC,FUN_068ed8,derived,
0x068EEC,0x068F00,FUN_068eec,derived,
0x068F00,0x068F14,FUN_068f00,derived,
0x068F14,0x068F28,FUN_068f14,derived,
0x068F28,0x068F3C,FUN_068f28,derived,
0x068F3C,0x068F50,FUN_068f3c,derived,
0x068F50,0x068F64,FUN_068f50,derived,
0x068F64,0x068F78,FUN_068f64,derived,
0x068F78,0x068F8C,FUN_068f78,derived,
0x068F8C,0x068FA0,FUN_068f8c,derived,
0x068FA0,0x068FB4,FUN_068fa0,derived,
0x068FB4,0x068FC8,FUN_068fb4,derived,
0x068FC8,0x068FDC,FUN_068fc8,derived,
0x068FDC,0x068FF0,FUN_068fdc,derived,
0x068FF0,0x069004,FUN_068ff0,derived,
0x069004,0x069018,FUN_069004,derived,
0x069018,0x069024,FUN_069018,derived,
0x069024,0x069030,FUN_069024,derived,
0x069030,0x06903C,FUN_069030,derived,
0x06903C,0x069048,FUN_06903c,derived,
0x069048,0x069054,FUN_069048,derived,
0x069054,0x069060,FUN_069054,derived,
0x069060,0x06906C,FUN_069060,derived,
0x06906C,0x069078,FUN_06906c,derived,
0x069078,0x069084,FUN_069078,derived,
0x069084,0x0690A0,FUN_069084,derived,
0x0690A0,0x0690BC,FUN_0690a0,derived,
0x0690BC,0x0690D8,FUN_0690bc,derived,
0x0690D8,0x0690F4,FUN_0690d8,derived,
0x0690F4,0x069110,FUN_0690f4,derived,
0x069110,0x06912C,FUN_069110,derived,
0x06912C,0x069148,FUN_06912c,derived,
0x069148,0x069164,FUN_069148,derived,
0x069164,0x069170,FUN_069164,derived,
0x069170,0x069184,FUN_069170,derived,
0x069184,0x069198,FUN_069184,derived,
0x069198,0x0691AC,FUN_069198,derived,
0x0691AC,0x0691C0,FUN_0691ac,derived,
0x0691C0,0x0691D4,FUN_0691c0,derived,
0x0691D4,0x069210,FUN_0691d4,derived,
0x069210,0x069224,FUN_069210,derived,
0x069224,0x069238,FUN_069224,derived,
0x069238,0x06924C,FUN_069238,derived,
0x06924C,0x069260,FUN_06924c,derived,
0x069260,0x069274,FUN_069260,derived,
0x069274,0x069288,FUN_069274,derived,
0x069288,0x06929C,FUN_069288,derived,
0x06929C,0x0692B8,FUN_06929c,derived,
0x0692B8,0x0692D4,FUN_0692b8,derived,
0x0692D4,0x0692E8,FUN_0692d4,derived,
0x0692E8,0x0692FC,FUN_0692e8,derived,
0x0692FC,0x069318,FUN_0692fc,derived,
0x069318,0x069334,FUN_069318,derived,
0x069334,0x069350,FUN_069334,derived,
0x069350,0x069364,FUN_069350,derived,
0x069364,0x069378,FUN_069364,derived,
0x069378,0x06938C,FUN_069378,derived,
0x06938C,0x0693A0,FUN_06938c,derived,
0x0693A0,0x0693B4,FUN_0693a0,derived,
0x0693B4,0x0693C8,FUN_0693b4,derived,
0x0693C8,0x0693CA,FUN_0693c8,derived,
0x0693CA,0x0693D4,FUN_0693ca,derived,
0x0693D4,0x0693E8,FUN_0693d4,derived,
0x0693E8,0x069402,FUN_0693e8,derived,
0x069402,0x069404,FUN_069402,derived,
0x069404,0x069418,FUN_069404,derived,
0x069418,0x06942C,FUN_069418,derived,
0x06942C,0x069440,FUN_06942c,derived,
0x069440,0x06944E,FUN_069440,derived,
0x06944E,0x06945C,FUN_06944e,derived,
0x06945C,0x069478,FUN_06945c,derived,
0x069478,0x069486,FUN_069478,derived,
0x069486,0x06948C,FUN_069486,derived,
0x06948C,0x0694A0,FUN_06948c,derived,
0x0694A0,0x0694B4,FUN_0694a0,derived,
0x0694B4,0x0694C8,FUN_0694b4,derived,
0x0694C8,0x0694D2,FUN_0694c8,derived,
0x0694D2,0x0694DC,FUN_0694d2,derived,
0x0694DC,0x0694F0,FUN_0694dc,derived,
0x0694F0,0x069502,FUN_0694f0,derived,
0x069502,0x069504,FUN_069502,derived,
0x069504,0x069518,FUN_069504,derived,
0x069518,0x06952C,FUN_069518,derived,
0x06952C,0x069540,FUN_06952c,derived,
0x069540,0x06954E,FUN_069540,derived,
0x06954E,0x069554,FUN_06954e,derived,
0x069554,0x069568,FUN_069554,derived,
0x069568,0x06957C,FUN_069568,derived,
0x06957C,0x06957E,FUN_06957c,derived,
0x06957E,0x069590,FUN_06957e,derived,
0x069590,0x0695AC,FUN_069590,derived,
0x0695AC,0x0695B8,FUN_0695ac,derived,
0x0695B8,0x0695C8,FUN_0695b8,derived,
0x0695C8,0x0695CC,FUN_0695c8,derived,
0x0695CC,0x0695DA,FUN_0695cc,derived,
0x0695DA,0x0695E0,FUN_0695da,derived,
0x0695E0,0x0695E4,FUN_0695e0,derived,
0x0695E4,0x0695F4,FUN_0695e4,derived,
0x0695F4,0x069600,FUN_0695f4,derived,
0x069600,0x069602,FUN_069600,derived,
0x069602,0x069608,FUN_069602,derived,
0x069608,0x069614,FUN_069608,derived,
0x069614,0x069628,FUN_069614,derived,
0x069628,0x06963C,FUN_069628,derived,
0x06963C,0x069650,FUN_06963c,derived,
0x069650,0x06965C,FUN_069650,derived,
0x06965C,0x069662,FUN_06965c,derived,
0x069662,0x069670,FUN_069662,derived,
0x069670,0x069684,FUN_069670,derived,
0x069684,0x069698,FUN_069684,derived,
0x069698,0x0696AC,FUN_069698,derived,
0x0696AC,0x0696AE,FUN_0696ac,derived,
0x0696AE,0x0696C0,FUN_0696ae,derived,
0x0696C0,0x0696D4,FUN_0696c0,derived,
0x0696D4,0x0696D6,FUN_0696d4,derived,
0x0696D6,0x0696E8,FUN_0696d6,derived,
0x0696E8,0x0696F4,FUN_0696e8,derived,
0x0696F4,0x0696FC,FUN_0696f4,derived,
0x0696FC,0x069710,FUN_0696fc,derived,
0x069710,0x069718,FUN_069710,derived,
0x069718,0x06972C,FUN_069718,derived,
0x06972C,0x069748,FUN_06972c,derived,
0x069748,0x06975A,FUN_069748,derived,
0x06975A,0x069764,FUN_06975a,derived,
0x069764,0x069778,FUN_069764,derived,
0x069778,0x069784,FUN_069778,derived,
0x069784,0x069790,FUN_069784,derived,
0x069790,0x06979C,FUN_069790,derived,
0x06979C,0x0697AA,FUN_06979c,derived,
0x0697AA,0x0697B0,FUN_0697aa,derived,
0x0697B0,0x0697C4,FUN_0697b0,derived,
0x0697C4,0x0697C6,FUN_0697c4,derived,
0x0697C6,0x0697D8,FUN_0697c6,derived,
0x0697D8,0x0697F4,FUN_0697d8,derived,
0x0697F4,0x0697F6,FUN_0697f4,derived,
0x0697F6,0x069810,FUN_0697f6,derived,
0x069810,0x06982C,FUN_069810,derived,
0x06982C,0x06982E,FUN_06982c,derived,
0x06982E,0x069840,FUN_06982e,derived,
0x069840,0x069854,FUN_069840,derived,
0x069854,0x069868,FUN_069854,derived,
0x069868,0x06987A,FUN_069868,derived,
0x06987A,0x069884,FUN_06987a,derived,
0x069884,0x0698A0,FUN_069884,derived,
0x0698A0,0x0698B2,FUN_0698a0,derived,
0x0698B2,0x0698BC,FUN_0698b2,derived,
0x0698BC,0x0698D8,FUN_0698bc,derived,
0x0698D8,0x0698F4,FUN_0698d8,derived,
0x0698F4,0x0698FE,FUN_0698f4,derived,
0x0698FE,0x069908,FUN_0698fe,derived,
0x069908,0x06991C,FUN_069908,derived,
0x06991C,0x06992E,FUN_06991c,derived,
0x06992E,0x069930,FUN_06992e,derived,
0x069930,0x069944,FUN_069930,derived,
0x069944,0x069958,FUN_069944,derived,
0x069958,0x06996C,FUN_069958,derived,
0x06996C,0x06997A,FUN_06996c,derived,
0x06997A,0x069980,FUN_06997a,derived,
0x069980,0x069994,FUN_069980,derived,
0x069994,0x0699A0,FUN_069994,derived,
0x0699A0,0x0699A8,FUN_0699a0,derived,
0x0699A8,0x0699BC,FUN_0699a8,derived,
0x0699BC,0x0699D0,FUN_0699bc,derived,
0x0699D0,0x0699DC,FUN_0699d0,derived,
0x0699DC,0x0699F0,FUN_0699dc,derived,
0x0699F0,0x069A04,FUN_0699f0,derived,
0x069A04,0x069A18,FUN_069a04,derived,
0x069A18,0x069A22,FUN_069a18,derived,
0x069A22,0x069A34,FUN_069a22,derived,
0x069A34,0x069A48,FUN_069a34,derived,
0x069A48,0x069A50,FUN_069a48,derived,
0x069A50,0x069A6C,FUN_069a50,derived,
0x069A6C,0x069A76,FUN_069a6c,derived,
0x069A76,0x069A80,FUN_069a76,derived,
0x069A80,0x069A94,FUN_069a80,derived,
0x069A94,0x069A9C,FUN_069a94,derived,
0x069A9C,0x069AB0,FUN_069a9c,derived,
0x069AB0,0x069AB8,FUN_069ab0,derived,
0x069AB8,0x069ACC,FUN_069ab8,derived,
0x069ACC,0x069ACE,FUN_069acc,derived,
0x069ACE,0x069AD4,FUN_069ace,derived,
0x069AD4,0x069AE8,FUN_069ad4,derived,
0x069AE8,0x069AF0,FUN_069ae8,derived,
0x069AF0,0x069AFC,FUN_069af0,derived,
0x069AFC,0x069B0C,FUN_069afc,derived,
0x069B0C,0x069B10,FUN_069b0c,derived,
0x069B10,0x069B1A,FUN_069b10,derived,
0x069B1A,0x069B24,FUN_069b1a,derived,
0x069B24,0x069B28,FUN_069b24,derived,
0x069B28,0x069B38,FUN_069b28,derived,
0x069B38,0x069B3A,FUN_069b38,derived,
0x069B3A,0x069B44,FUN_069b3a,derived,
0x069B44,0x069B58,FUN_069b44,derived,
0x069B58,0x069B6C,FUN_069b58,derived,
0x069B6C,0x069B7E,FUN_069b6c,derived,
0x069B7E,0x069B80,FUN_069b7e,derived,
0x069B80,0x069B94,FUN_069b80,derived,
0x069B94,0x069BA0,FUN_069b94,derived,
0x069BA0,0x069BAC,FUN_069ba0,derived,
0x069BAC,0x069BAE,FUN_069bac,derived,
0x069BAE,0x069BB8,FUN_069bae,derived,
0x069BB8,0x069BC4,FUN_069bb8,derived,
0x069BC4,0x069BD8,FUN_069bc4,derived,
0x069BD8,0x069BEC,FUN_069bd8,derived,
0x069BEC,0x069BF2,FUN_069bec,derived,
0x069BF2,0x069C00,FUN_069bf2,derived,
0x069C00,0x069C14,FUN_069c00,derived,
0x069C14,0x069C28,FUN_069c14,derived,
0x069C28,0x069C38,FUN_069c28,derived,
0x069C38,0x069C44,FUN_069c38,derived,
0x069C44,0x069C4C,FUN_069c44,derived,
0x069C4C,0x069C58,FUN_069c4c,derived,
0x069C58,0x069C5A,FUN_069c58,derived,
0x069C5A,0x069C6C,FUN_069c5a,derived,
0x069C6C,0x069C80,FUN_069c6c,derived,
0x069C80,0x069C94,FUN_069c80,derived,
0x069C94,0x069CA6,FUN_069c94,derived,
0x069CA6,0x069CA8,FUN_069ca6,derived,
0x069CA8,0x069CBC,FUN_069ca8,derived,
0x069CBC,0x069CD0,FUN_069cbc,derived,
0x069CD0,0x069CDE,FUN_069cd0,derived,
0x069CDE,0x069CE4,FUN_069cde,derived,
0x069CE4,0x069CF8,FUN_069ce4,derived,
0x069CF8,0x069D0C,FUN_069cf8,derived,
0x069D0C,0x069D20,FUN_069d0c,derived,
0x069D20,0x069D2A,FUN_069d20,derived,
0x069D2A,0x069D34,FUN_069d2a,derived,
0x069D34,0x069D40,FUN_069d34,derived,
0x069D40,0x069D54,FUN_069d40,derived,
0x069D54,0x069D68,FUN_069d54,derived,
0x069D68,0x069D74,FUN_069d68,derived,
0x069D74,0x069D80,FUN_069d74,derived,
0x069D80,0x069D82,FUN_069d80,derived,
0x069D82,0x069D8C,FUN_069d82,derived,
0x069D8C,0x069D98,FUN_069d8c,derived,
0x069D98,0x069DAC,FUN_069d98,derived,
0x069DAC,0x069DB8,FUN_069dac,derived,
0x069DB8,0x069DC4,FUN_069db8,derived,
0x069DC4,0x069DCE,FUN_069dc4,derived,
0x069DCE,0x069DD0,FUN_069dce,derived,
0x069DD0,0x069DDC,FUN_069dd0,derived,
0x069DDC,0x069DF0,FUN_069ddc,derived,
0x069DF0,0x069E04,FUN_069df0,derived,
0x069E04,0x069E18,FUN_069e04,derived,
0x069E18,0x069E1E,FUN_069e18,derived,
0x069E1E,0x069E2C,FUN_069e1e,derived,
0x069E2C,0x069E48,FUN_069e2c,derived,
0x069E48,0x069E64,FUN_069e48,derived,
0x069E64,0x069E6A,FUN_069e64,derived,
0x069E6A,0x069E80,FUN_069e6a,derived,
0x069E80,0x069E94,FUN_069e80,derived,
0x069E94,0x069EA8,FUN_069e94,derived,
0x069EA8,0x069EBA,FUN_069ea8,derived,
0x069EBA,0x069EC4,FUN_069eba,derived,
0x069EC4,0x069EE0,FUN_069ec4,derived,
0x069EE0,0x069EF4,FUN_069ee0,derived,
0x069EF4,0x069F06,FUN_069ef4,derived,
0x069F06,0x069F08,FUN_069f06,derived,
0x069F08,0x069F1C,FUN_069f08,derived,
0x069F1C,0x069F30,FUN_069f1c,derived,
0x069F30,0x069F44,FUN_069f30,derived,
0x069F44,0x069F58,FUN_069f44,derived,
0x069F58,0x069F6C,FUN_069f58,derived,
0x069F6C,0x069F80,FUN_069f6c,derived,
0x069F80,0x069F94,FUN_069f80,derived,
0x069F94,0x069FA8,FUN_069f94,derived,
0x069FA8,0x069FBC,FUN_069fa8,derived,
0x069FBC,0x069FD0,FUN_069fbc,derived,
0x069FD0,0x069FE4,FUN_069fd0,derived,
0x069FE4,0x069FF8,FUN_069fe4,derived,
0x069FF8,0x06A014,FUN_069ff8,derived,
0x06A014,0x06A030,FUN_06a014,derived,
0x06A030,0x06A04C,FUN_06a030,derived,
0x06A04C,0x06A060,FUN_06a04c,derived,
0x06A060,0x06A074,FUN_06a060,derived,
0x06A074,0x06A088,FUN_06a074,derived,
0x06A088,0x06A09C,FUN_06a088,derived,
0x06A09C,0x06A0B0,FUN_06a09c,derived,
0x06A0B0,0x06A0C4,FUN_06a0b0,derived,
0x06A0C4,0x06A0E0,FUN_06a0c4,derived,
0x06A0E0,0x06A0FC,FUN_06a0e0,derived,
0x06A0FC,0x06A118,FUN_06a0fc,derived,
0x06A118,0x06A134,FUN_06a118,derived,
0x06A134,0x06A150,FUN_06a134,derived,
0x06A150,0x06A164,FUN_06a150,derived,
0x06A164,0x06A178,FUN_06a164,derived,
0x06A178,0x06A18C,FUN_06a178,derived,
0x06A18C,0x06A1A0,FUN_06a18c,derived,
0x06A1A0,0x06A1B4,FUN_06a1a0,derived,
0x06A1B4,0x06A1C8,FUN_06a1b4,derived,
0x06A1C8,0x06A1D4,FUN_06a1c8,derived,
0x06A1D4,0x06A1E0,FUN_06a1d4,derived,
0x06A1E0,0x06A1EC,FUN_06a1e0,derived,
0x06A1EC,0x06A1F8,FUN_06a1ec,derived,
0x06A1F8,0x06A214,FUN_06a1f8,derived,
0x06A214,0x06A230,FUN_06a214,derived,
0x06A230,0x06A244,FUN_06a230,derived,
0x06A244,0x06A258,FUN_06a244,derived,
0x06A258,0x06A26C,FUN_06a258,derived,
0x06A26C,0x06A280,FUN_06a26c,derived,
0x06A280,0x06A294,FUN_06a280,derived,
0x06A294,0x06A2A8,FUN_06a294,derived,
0x06A2A8,0x06A2BC,FUN_06a2a8,derived,
0x06A2BC,0x06A2C8,FUN_06a2bc,derived,
0x06A2C8,0x06A2D4,FUN_06a2c8,derived,
0x06A2D4,0x06A2E0,FUN_06a2d4,derived,
0x06A2E0,0x06A2F4,FUN_06a2e0,derived,
0x06A2F4,0x06A308,FUN_06a2f4,derived,
0x06A308,0x06A31C,FUN_06a308,derived,
0x06A31C,0x06A330,FUN_06a31c,derived,
0x06A330,0x06A344,FUN_06a330,derived,
0x06A344,0x06A358,FUN_06a344,derived,
0x06A358,0x06A36C,FUN_06a358,derived,
0x06A36C,0x06A380,FUN_06a36c,derived,
0x06A380,0x06A394,FUN_06a380,derived,
0x06A394,0x06A3A8,FUN_06a394,derived,
0x06A3A8,0x06A3BC,FUN_06a3a8,derived,
0x06A3BC,0x06A3C8,FUN_06a3bc,derived,
0x06A3C8,0x06A3D4,FUN_06a3c8,derived,
0x06A3D4,0x06A3E8,FUN_06a3d4,derived,
0x06A3E8,0x06A3FC,FUN_06a3e8,derived,
0x06A3FC,0x06A410,FUN_06a3fc,derived,
0x06A410,0x06A424,FUN_06a410,derived,
0x06A424,0x06A438,FUN_06a424,derived,
0x06A438,0x06A444,FUN_06a438,derived,
0x06A444,0x06A450,FUN_06a444,derived,
0x06A450,0x06A464,FUN_06a450,derived,
0x06A464,0x06A470,FUN_06a464,derived,
0x06A470,0x06A484,FUN_06a470,derived,
0x06A484,0x06A498,FUN_06a484,derived,
0x06A498,0x06A4AC,FUN_06a498,derived,
0x06A4AC,0x06A4C0,FUN_06a4ac,derived,
0x06A4C0,0x06A4CC,FUN_06a4c0,derived,
0x06A4CC,0x06A4D8,FUN_06a4cc,derived,
0x06A4D8,0x06A4E4,FUN_06a4d8,derived,
0x06A4E4,0x06A4EC,FUN_06a4e4,derived,
0x06A4EC,0x06A4F8,FUN_06a4ec,derived,
0x06A4F8,0x06A508,FUN_06a4f8,derived,
0x06A508,0x06A50C,FUN_06a508,derived,
0x06A50C,0x06A528,FUN_06a50c,derived,
0x06A528,0x06A534,FUN_06a528,derived,
0x06A534,0x06A548,FUN_06a534,derived,
0x06A548,0x06A55C,FUN_06a548,derived,
0x06A55C,0x06A570,FUN_06a55c,derived,
0x06A570,0x06A584,FUN_06a570,derived,
0x06A584,0x06A598,FUN_06a584,derived,
0x06A598,0x06A5B4,FUN_06a598,derived,
0x06A5B4,0x06A5D0,FUN_06a5b4,derived,
0x06A5D0,0x06A5EC,FUN_06a5d0,derived,
0x06A5EC,0x06A608,FUN_06a5ec,derived,
0x06A608,0x06A61C,FUN_06a608,derived,
0x06A61C,0x06A628,FUN_06a61c,derived,
0x06A628,0x06A634,FUN_06a628,derived,
0x06A634,0x06A648,FUN_06a634,derived,
0x06A648,0x06A65C,FUN_06a648,derived,
0x06A65C,0x06A670,FUN_06a65c,derived,
0x06A670,0x06A684,FUN_06a670,derived,
0x06A684,0x06A698,FUN_06a684,derived,
0x06A698,0x06A6AC,FUN_06a698,derived,
0x06A6AC,0x06A6C0,FUN_06a6ac,derived,
0x06A6C0,0x06A6CC,FUN_06a6c0,derived,
0x06A6CC,0x06A6D4,FUN_06a6cc,derived,
0x06A6D4,0x06A6E8,FUN_06a6d4,derived,
0x06A6E8,0x06A6FC,FUN_06a6e8,derived,
0x06A6FC,0x06A718,FUN_06a6fc,derived,
0x06A718,0x06A72C,FUN_06a718,derived,
0x06A72C,0x06A740,FUN_06a72c,derived,
0x06A740,0x06A754,FUN_06a740,derived,
0x06A754,0x06A768,FUN_06a754,derived,
0x06A768,0x06A77C,FUN_06a768,derived,
0x06A77C,0x06A790,FUN_06a77c,derived,
0x06A790,0x06A7A4,FUN_06a790,derived,
0x06A7A4,0x06A7C0,FUN_06a7a4,derived,
0x06A7C0,0x06A7DC,FUN_06a7c0,derived,
0x06A7DC,0x06A7F8,FUN_06a7dc,derived,
0x06A7F8,0x06A814,FUN_06a7f8,derived,
0x06A814,0x06A830,FUN_06a814,derived,
0x06A830,0x06A84C,FUN_06a830,derived,
0x06A84C,0x06A868,FUN_06a84c,derived,
0x06A868,0x06A884,FUN_06a868,derived,
0x06A884,0x06A890,FUN_06a884,derived,
0x06A890,0x06A89C,FUN_06a890,derived,
0x06A89C,0x06A8AC,FUN_06a89c,derived,
0x06A8AC,0x06A8B0,FUN_06a8ac,derived,
0x06A8B0,0x06A8C0,FUN_06a8b0,derived,
0x06A8C0,0x06A8C4,FUN_06a8c0,derived,
0x06A8C4,0x06A8D8,FUN_06a8c4,derived,
0x06A8D8,0x06A8EC,FUN_06a8d8,derived,
0x06A8EC,0x06A900,FUN_06a8ec,derived,
0x06A900,0x06A90C,FUN_06a900,derived,
0x06A90C,0x06A918,FUN_06a90c,derived,
0x06A918,0x06A92C,FUN_06a918,derived,
0x06A92C,0x06A938,FUN_06a92c,derived,
0x06A938,0x06A944,FUN_06a938,derived,
0x06A944,0x06A950,FUN_06a944,derived,
0x06A950,0x06A964,FUN_06a950,derived,
0x06A964,0x06A978,FUN_06a964,derived,
0x06A978,0x06A98C,FUN_06a978,derived,
0x06A98C,0x06A998,FUN_06a98c,derived,
0x06A998,0x06A9A4,FUN_06a998,derived,
0x06A9A4,0x06A9B0,FUN_06a9a4,derived,
0x06A9B0,0x06A9BC,FUN_06a9b0,derived,
0x06A9BC,0x06A9C8,FUN_06a9bc,derived,
0x06A9C8,0x06A9DC,FUN_06a9c8,derived,
0x06A9DC,0x06A9F0,FUN_06a9dc,derived,
0x06A9F0,0x06A9FC,FUN_06a9f0,derived,
0x06A9FC,0x06AA10,FUN_06a9fc,derived,
0x06AA10,0x06AA24,FUN_06aa10,derived,
0x06AA24,0x06AA40,FUN_06aa24,derived,
0x06AA40,0x06AA46,FUN_06aa40,derived,
0x06AA46,0x06AA5C,FUN_06aa46,derived,
0x06AA5C,0x06AA70,FUN_06aa5c,derived,
0x06AA70,0x06AA84,FUN_06aa70,derived,
0x06AA84,0x06AA92,FUN_06aa84,derived,
0x06AA92,0x06AAA0,FUN_06aa92,derived,
0x06AAA0,0x06AAC6,FUN_06aaa0,derived,
0x06AAC6,0x06AB4A,FUN_06aac6,derived,
0x06AB4A,0x06AB96,FUN_06ab4a,derived,
0x06AB96,0x06ABCA,FUN_06ab96,derived,
0x06ABCA,0x06AC46,FUN_06abca,derived,
0x06AC46,0x06AC92,FUN_06ac46,derived,
0x06AC92,0x06ACB6,FUN_06ac92,derived,
0x06ACB6,0x06ACC2,FUN_06acb6,derived,
0x06ACC2,0x06AD06,FUN_06acc2,derived,
0x06AD06,0x06AD32,FUN_06ad06,derived,
0x06AD32,0x06AD5A,FUN_06ad32,derived,
0x06AD5A,0x06AD62,FUN_06ad5a,derived,
0x06AD62,0x06ADAE,FUN_06ad62,derived,
0x06ADAE,0x06ADD6,FUN_06adae,derived,
0x06ADD6,0x06AE06,FUN_06add6,derived,
0x06AE06,0x06AE4A,FUN_06ae06,derived,
0x06AE4A,0x06AE9A,FUN_06ae4a,derived,
0x06AE9A,0x06AE9E,FUN_06ae9a,derived,
0x06AE9E,0x06AEEE,FUN_06ae9e,derived,
0x06AEEE,0x06AF82,FUN_06aeee,derived,
0x06AF82,0x06AFC6,FUN_06af82,derived,
0x06AFC6,0x06B066,FUN_06afc6,derived,
0x06B066,0x06B0B2,FUN_06b066,derived,
0x06B0B2,0x06B0EA,FUN_06b0b2,derived,
0x06B0EA,0x06B136,FUN_06b0ea,derived,
0x06B136,0x06B14A,FUN_06b136,derived,
0x06B14A,0x06B16E,FUN_06b14a,derived,
0x06B16E,0x06B196,FUN_06b16e,derived,
0x06B196,0x06B1BA,FUN_06b196,derived,
0x06B1BA,0x06B1E2,FUN_06b1ba,derived,
0x06B1E2,0x06B1F2,FUN_06b1e2,derived,
0x06B1F2,0x06B23E,FUN_06b1f2,derived,
0x06B23E,0x06B276,FUN_06b23e,derived,
0x06B276,0x06B2C2,FUN_06b276,derived,
0x06B2C2,0x06B2FA,FUN_06b2c2,derived,
0x06B2FA,0x06B346,FUN_06b2fa,derived,
0x06B346,0x06B37E,FUN_06b346,derived,
0x06B37E,0x06B514,FUN_06b37e,derived,
0x06B514,0x06B528,FUN_06b514,derived,
0x06B528,0x06C560,FUN_06b528,derived,
0x06C560,0x06C600,FUN_06c560,derived,
0x06C600,0x06C610,FUN_06c600,derived,
0x06C610,0x06C646,FUN_06c610,derived,
0x06C646,0x06C65C,FUN_06c646,derived,
0x06C65C,0x06C700,FUN_06c65c,derived,
0x06C700,0x06C702,FUN_06c700,derived,
0x06C702,0x06C704,FUN_06c702,derived,
0x06C704,0x06C708,FUN_06c704,derived,
0x06C708,0x06C70C,FUN_06c708,derived,
0x06C70C,0x06C710,FUN_06c70c,derived,
0x06C710,0x06C714,FUN_06c710,derived,
0x06C714,0x06C718,FUN_06c714,derived,
0x06C718,0x06C71C,FUN_06c718,derived,
0x06C71C,0x06C720,FUN_06c71c,derived,
0x06C720,0x06C724,FUN_06c720,derived,
0x06C724,0x06C728,FUN_06c724,derived,
0x06C728,0x06C72C,FUN_06c728,derived,
0x06C72C,0x06C72E,FUN_06c72c,derived,
0x06C72E,0x06C730,FUN_06c72e,derived,
0x06C730,0x06C732,FUN_06c730,derived,
0x06C732,0x06C734,FUN_06c732,derived,
0x06C734,0x06C736,FUN_06c734,derived,
0x06C736,0x06C738,FUN_06c736,derived,
0x06C738,0x06C744,FUN_06c738,derived,
0x06C744,0x06C746,FUN_06c744,derived,
0x06C746,0x06C748,FUN_06c746,derived,
0x06C748,0x06C74A,FUN_06c748,derived,
0x06C74A,0x06C74C,FUN_06c74a,derived,
0x06C74C,0x06C750,FUN_06c74c,derived,
0x06C750,0x06C752,FUN_06c750,derived,
0x06C752,0x06C754,FUN_06c752,derived,
0x06C754,0x06C756,FUN_06c754,derived,
0x06C756,0x06C758,FUN_06c756,derived,
0x06C758,0x06C75C,FUN_06c758,derived,
0x06C75C,0x06C760,FUN_06c75c,derived,
0x06C760,0x06C764,FUN_06c760,derived,
0x06C764,0x06C768,FUN_06c764,derived,
0x06C768,0x06C76A,FUN_06c768,derived,
0x06C76A,0x06C76C,FUN_06c76a,derived,
0x06C76C,0x06C76E,FUN_06c76c,derived,
0x06C76E,0x06C770,FUN_06c76e,derived,
0x06C770,0x06C772,FUN_06c770,derived,
0x06C772,0x06C776,FUN_06c772,derived,
0x06C776,0x06C77A,FUN_06c776,derived,
0x06C77A,0x06C77C,FUN_06c77a,derived,
0x06C77C,0x06C77E,FUN_06c77c,derived,
0x06C77E,0x06C780,FUN_06c77e,derived,
0x06C780,0x06C782,FUN_06c780,derived,
0x06C782,0x06C784,FUN_06c782,derived,
0x06C784,0x06C786,FUN_06c784,derived,
0x06C786,0x06C788,FUN_06c786,derived,
0x06C788,0x06C78C,FUN_06c788,derived,
0x06C78C,0x06C790,FUN_06c78c,derived,
0x06C790,0x06C794,FUN_06c790,derived,
0x06C794,0x06C798,FUN_06c794,derived,
0x06C798,0x06C79C,FUN_06c798,derived,
0x06C79C,0x06C7A0,FUN_06c79c,derived,
0x06C7A0,0x06C894,FUN_06c7a0,derived,
0x06C894,0x06C896,FUN_06c894,derived,
0x06C896,0x06C898,FUN_06c896,derived,
0x06C898,0x06C89A,FUN_06c898,derived,
0x06C89A,0x06C89C,FUN_06c89a,derived,
0x06C89C,0x06C89E,FUN_06c89c,derived,
0x06C89E,0x06C8A0,FUN_06c89e,derived,
0x06C8A0,0x06C8A4,FUN_06c8a0,derived,
0x06C8A4,0x06C8A8,FUN_06c8a4,derived,
0x06C8A8,0x06C8AC,FUN_06c8a8,derived,
0x06C8AC,0x06C8B0,FUN_06c8ac,derived,
0x06C8B0,0x06C8B4,FUN_06c8b0,derived,
0x06C8B4,0x06C8B8,FUN_06c8b4,derived,
0x06C8B8,0x06C8BC,FUN_06c8b8,derived,
0x06C8BC,0x06C8C0,FUN_06c8bc,derived,
0x06C8C0,0x06C8C4,FUN_06c8c0,derived,
0x06C8C4,0x06C8C8,FUN_06c8c4,derived,
0x06C8C8,0x06C8CC,FUN_06c8c8,derived,
0x06C8CC,0x06C8D0,FUN_06c8cc,derived,
0x06C8D0,0x06C8D4,FUN_06c8d0,derived,
0x06C8D4,0x06C8D8,FUN_06c8d4,derived,
0x06C8D8,0x06C8DC,FUN_06c8d8,derived,
0x06C8DC,0x06C8E0,FUN_06c8dc,derived,
0x06C8E0,0x06C8E4,FUN_06c8e0,derived,
0x06C8E4,0x06C8E8,FUN_06c8e4,derived,
0x06C8E8,0x06C960,FUN_06c8e8,derived,
0x06C960,0x06CC1C,FUN_06c960,derived,
0x06CC1C,0x06CD34,FUN_06cc1c,derived,
0x06CD34,0x06CD36,FUN_06cd34,derived,
0x06CD36,0x06CD38,FUN_06cd36,derived,
0x06CD38,0x06CD3C,FUN_06cd38,derived,
0x06CD3C,0x06CD40,FUN_06cd3c,derived,
0x06CD40,0x06CD44,FUN_06cd40,derived,
0x06CD44,0x06CD48,FUN_06cd44,derived,
0x06CD48,0x06CD4C,FUN_06cd48,derived,
0x06CD4C,0x06CD50,FUN_06cd4c,derived,
0x06CD50,0x06CD54,FUN_06cd50,derived,
0x06CD54,0x06CD58,FUN_06cd54,derived,
0x06CD58,0x06CD5C,FUN_06cd58,derived,
0x06CD5C,0x06CD60,FUN_06cd5c,derived,
0x06CD60,0x06CD64,FUN_06cd60,derived,
0x06CD64,0x06CD68,FUN_06cd64,derived,
0x06CD68,0x06CD6C,FUN_06cd68,derived,
0x06CD6C,0x06CD70,FUN_06cd6c,derived,
0x06CD70,0x06CDF0,FUN_06cd70,derived,
