addr,end,name,source,flag
0x0000F4,0x000100,FUN_0000f4,derived,
0x000100,0x00011A,FUN_000100,derived,
0x00011A,0x000338,FUN_00011a,derived,
0x000338,0x00044E,FUN_000338,derived,
0x00044E,0x000450,FUN_00044e,derived,
0x000450,0x00047C,FUN_000450,derived,
0x00047C,0x0004E0,FUN_00047c,derived,
0x0004E0,0x000572,main_init,ghidra-hand-xmap,
0x000572,0x0005B0,wdt_init,ghidra-hand-xmap,
0x0005B0,0x000624,checkWatchdogTimer_OVRCOUNT,ghidra-hand-xmap,
0x000624,0x000636,FUN_000624,derived,
0x000636,0x0007C0,FUN_000636,derived,
0x0007C0,0x000806,FUN_0007c0,derived,
0x000806,0x0008CC,FUN_000806,derived,
0x0008CC,0x0008F6,FUN_0008cc,derived,
0x0008F6,0x0009C0,FUN_0008f6,derived,
0x0009C0,0x0009DE,FUN_0009c0,derived,
0x0009DE,0x0009FC,FUN_0009de,derived,
0x0009FC,0x000ACE,FUN_0009fc,derived,
0x000ACE,0x000AE8,FUN_000ace,derived,
0x000AE8,0x001008,FUN_000ae8,derived,
0x001008,0x00154C,FUN_001008,derived,
0x00154C,0x0015A6,FUN_00154c,derived,
0x0015A6,0x001624,FUN_0015a6,derived,
0x001624,0x001654,FUN_001624,derived,
0x001654,0x0016DC,FUN_001654,derived,
0x0016DC,0x001E4C,handleException?,ghidra-hand-xmap,
0x001E4C,0x001E72,FUN_001e4c,derived,
0x001E72,0x001E94,FUN_001e72,derived,
0x001E94,0x001EB2,FUN_001e94,derived,
0x001EB2,0x001ED0,FUN_001eb2,derived,
0x001ED0,0x001FA2,FUN_001ed0,derived,
0x001FA2,0x001FBC,FUN_001fa2,derived,
0x001FBC,0x001FE2,FUN_001fbc,derived,
0x001FE2,0x001FF4,FUN_001fe2,derived,
0x001FF4,0x002034,FUN_001ff4,derived,
0x002034,0x002044,FUN_002034,derived,
0x002044,0x002054,invertAndReturn_8bit_ADDR,ghidra-hand-xmap,
0x002054,0x002064,setSR_PARAM,ghidra-hand-xmap,
0x002064,0x002068,FUN_002064,derived,
0x002068,0x0020AC,FUN_002068,derived,
0x0020AC,0x0020C4,FUN_0020ac,derived,
0x0020C4,0x0020DC,FUN_0020c4,derived,
0x0020DC,0x002120,3dLookup,ghidra-hand-xmap,
0x002120,0x00213C,FUN_002120,derived,
0x00213C,0x002158,FUN_00213c,derived,
0x002158,0x002304,LongFunc,ghidra-hand-xmap,
0x002304,0x00231C,FUN_002304,derived,
0x00231C,0x00239C,mul32_saturated,ghidra-hand-xmap,
0x00239C,0x0023B0,FUN_00239c,derived,
0x0023B0,0x0023DC,FUN_0023b0,derived,
0x0023DC,0x0023E4,FUN_0023dc,derived,
0x0023E4,0x0023F4,FUN_0023e4,derived,
0x0023F4,0x002404,FUN_0023f4,derived,
0x002404,0x002420,FUN_002404,derived,
0x002420,0x002430,complement_shift_u8,ghidra-hand-xmap,
0x002430,0x002440,FUN_002430,derived,
0x002440,0x002460,FUN_002440,derived,
0x002460,0x002478,add16bitSaturate_ADD1_ADD2,ghidra-hand-xmap,
0x002478,0x002490,addSaturate8Bit,ghidra-hand-xmap,
0x002490,0x0024C0,FUN_002490,derived,
0x0024C0,0x0024D0,FUN_0024c0,derived,
0x0024D0,0x002500,FUN_0024d0,derived,
0x002500,0x002510,FUN_002500,derived,
0x002510,0x0025C8,FUN_002510,derived,
0x0025C8,0x0025F4,FUN_0025c8,derived,
0x0025F4,0x002624,FUN_0025f4,derived,
0x002624,0x002658,FUN_002624,derived,
0x002658,0x002678,FUN_002658,derived,
0x002678,0x002690,FUN_002678,derived,
0x002690,0x0026B0,FUN_002690,derived,
0x0026B0,0x0026D0,FUN_0026b0,derived,
0x0026D0,0x0026F4,FUN_0026d0,derived,
0x0026F4,0x003238,FUN_0026f4,derived,
0x003238,0x003280,FUN_003238,derived,
0x003280,0x003588,FUN_003280,derived,
0x003588,0x0035CC,FUN_003588,derived,
0x0035CC,0x0035EE,FUN_0035cc,derived,
0x0035EE,0x003610,FUN_0035ee,derived,
0x003610,0x00366E,FUN_003610,derived,
0x00366E,0x00375C,FUN_00366e,derived,
0x00375C,0x003848,FUN_00375c,derived,
0x003848,0x003854,FUN_003848,derived,
0x003854,0x003920,FUN_003854,derived,
0x003920,0x003934,getSR,ghidra-hand-xmap,
0x003934,0x003954,setSR,ghidra-hand-xmap,
0x003954,0x003964,FUN_003954,derived,
0x003964,0x0039BA,FUN_003964,derived,
0x0039BA,0x003A28,FUN_0039ba,derived,
0x003A28,0x003AC0,consistencyCheck,ghidra-hand-xmap,
0x003AC0,0x003AD8,FUN_003ac0,derived,
0x003AD8,0x003BF4,FUN_003ad8,derived,
0x003BF4,0x003C2A,FUN_003bf4,derived,
0x003C2A,0x003C58,FUN_003c2a,derived,
0x003C58,0x003C80,FUN_003c58,derived,
0x003C80,0x003D48,task_priority_scheduler,ghidra-hand-xmap,
0x003D48,0x003D50,FUN_003d48,derived,
0x003D50,0x003D58,FUN_003d50,derived,
0x003D58,0x003DAC,task_completion_handler,ghidra-hand-xmap,
0x003DAC,0x003DB0,FUN_003dac,derived,
0x003DB0,0x003E10,FUN_003db0,derived,
0x003E10,0x003EC0,FUN_003e10,derived,
0x003EC0,0x003F10,FUN_003ec0,derived,
0x003F10,0x003F88,FUN_003f10,derived,
0x003F88,0x003F8C,FUN_003f88,derived,
0x003F8C,0x003F90,FUN_003f8c,derived,
0x003F90,0x003F9C,FUN_003f90,derived,
0x003F9C,0x003FA8,FUN_003f9c,derived,
0x003FA8,0x003FB0,FUN_003fa8,derived,
0x003FB0,0x003FE8,FUN_003fb0,derived,
0x003FE8,0x00409C,FUN_003fe8,derived,
0x00409C,0x004144,FUN_00409c,derived,
0x004144,0x00420C,mod32_signed,ghidra-hand-xmap,
0x00420C,0x004218,FUN_00420c,derived,
0x004218,0x00426C,FUN_004218,derived,
0x00426C,0x0042B0,FUN_00426c,derived,
0x0042B0,0x0042E8,FUN_0042b0,derived,
0x0042E8,0x004308,FUN_0042e8,derived,
0x004308,0x004332,FUN_004308,derived,
0x004332,0x0043C0,FUN_004332,derived,
0x0043C0,0x0043C8,FUN_0043c0,derived,
0x0043C8,0x004446,FUN_0043c8,derived,
0x004446,0x0044C0,FUN_004446,derived,
0x0044C0,0x0044E0,FUN_0044c0,derived,
0x0044E0,0x0044EC,FUN_0044e0,derived,
0x0044EC,0x00450A,FUN_0044ec,derived,
0x00450A,0x00467A,FUN_00450a,derived,
0x00467A,0x0046CC,FUN_00467a,derived,
0x0046CC,0x004740,checkFloatValidity?,ghidra-hand-xmap,
0x004740,0x00481C,FUN_004740,derived,
0x00481C,0x0048C8,FUN_00481c,derived,
0x0048C8,0x004938,FUN_0048c8,derived,
0x004938,0x00493C,FUN_004938,derived,
0x00493C,0x004940,FUN_00493c,derived,
0x004940,0x004990,FUN_004940,derived,
0x004990,0x004AC0,FUN_004990,derived,
0x004AC0,0x004AEC,FUN_004ac0,derived,
0x004AEC,0x004AF4,FUN_004aec,derived,
0x004AF4,0x004AF8,FUN_004af4,derived,
0x004AF8,0x004B00,FUN_004af8,derived,
0x004B00,0x004B04,FUN_004b00,derived,
0x004B04,0x004B08,FUN_004b04,derived,
0x004B08,0x004B0C,FUN_004b08,derived,
0x004B0C,0x004B10,FUN_004b0c,derived,
0x004B10,0x004B14,FUN_004b10,derived,
0x004B14,0x004B18,FUN_004b14,derived,
0x004B18,0x004B24,FUN_004b18,derived,
0x004B24,0x004B34,FUN_004b24,derived,
0x004B34,0x004B44,FUN_004b34,derived,
0x004B44,0x004BBC,FUN_004b44,derived,
0x004BBC,0x004C14,setRegister_REG_BIT_VAL,ghidra-hand-xmap,
0x004C14,0x004C70,FUN_004c14,derived,
0x004C70,0x004C76,FUN_004c70,derived,
0x004C76,0x004C7A,FUN_004c76,derived,
0x004C7A,0x004C80,FUN_004c7a,derived,
0x004C80,0x004CB6,FUN_004c80,derived,
0x004CB6,0x004CF0,FUN_004cb6,derived,
0x004CF0,0x004D2E,FUN_004cf0,derived,
0x004D2E,0x004DEA,setRegisters,ghidra-hand-xmap,
0x004DEA,0x004DEE,FUN_004dea,derived,
0x004DEE,0x004E06,FUN_004dee,derived,
0x004E06,0x004E0A,FUN_004e06,derived,
0x004E0A,0x004E0E,FUN_004e0a,derived,
0x004E0E,0x004E12,FUN_004e0e,derived,
0x004E12,0x004E6C,FUN_004e12,derived,
0x004E6C,0x004F00,FUN_004e6c,derived,
0x004F00,0x004FD6,FUN_004f00,derived,
0x004FD6,0x005020,FUN_004fd6,derived,
0x005020,0x005024,FUN_005020,derived,
0x005024,0x005032,writeWatchdog_disable?,ghidra-hand-xmap,
0x005032,0x005036,FUN_005032,derived,
0x005036,0x00503A,FUN_005036,derived,
0x00503A,0x00503E,FUN_00503a,derived,
0x00503E,0x005056,FUN_00503e,derived,
0x005056,0x00505A,FUN_005056,derived,
0x00505A,0x00505E,FUN_00505a,derived,
0x00505E,0x005062,FUN_00505e,derived,
0x005062,0x0050A6,FUN_005062,derived,
0x0050A6,0x0050AA,FUN_0050a6,derived,
0x0050AA,0x0051C8,FUN_0050aa,derived,
0x0051C8,0x00522A,FUN_0051c8,derived,
0x00522A,0x00528E,FUN_00522a,derived,
0x00528E,0x005292,FUN_00528e,derived,
0x005292,0x005348,FUN_005292,derived,
0x005348,0x0053C6,FUN_005348,derived,
0x0053C6,0x0053D2,FUN_0053c6,derived,
0x0053D2,0x0053DE,FUN_0053d2,derived,
0x0053DE,0x0053EA,FUN_0053de,derived,
0x0053EA,0x0053F6,FUN_0053ea,derived,
0x0053F6,0x005402,FUN_0053f6,derived,
0x005402,0x00540E,FUN_005402,derived,
0x00540E,0x00541A,FUN_00540e,derived,
0x00541A,0x005426,FUN_00541a,derived,
0x005426,0x005434,FUN_005426,derived,
0x005434,0x005474,FUN_005434,derived,
0x005474,0x005482,FUN_005474,derived,
0x005482,0x005490,FUN_005482,derived,
0x005490,0x00549A,FUN_005490,derived,
0x00549A,0x0054A6,FUN_00549a,derived,
0x0054A6,0x0054B2,FUN_0054a6,derived,
0x0054B2,0x0054BE,FUN_0054b2,derived,
0x0054BE,0x0054CA,FUN_0054be,derived,
0x0054CA,0x0054D6,FUN_0054ca,derived,
0x0054D6,0x0054EA,FUN_0054d6,derived,
0x0054EA,0x0054F6,FUN_0054ea,derived,
0x0054F6,0x005502,FUN_0054f6,derived,
0x005502,0x00550E,FUN_005502,derived,
0x00550E,0x00551A,FUN_00550e,derived,
0x00551A,0x005526,FUN_00551a,derived,
0x005526,0x005532,FUN_005526,derived,
0x005532,0x00553E,FUN_005532,derived,
0x00553E,0x005564,FUN_00553e,derived,
0x005564,0x0055A0,FUN_005564,derived,
0x0055A0,0x0055B2,FUN_0055a0,derived,
0x0055B2,0x0055C4,FUN_0055b2,derived,
0x0055C4,0x0055D6,FUN_0055c4,derived,
0x0055D6,0x0055E8,FUN_0055d6,derived,
0x0055E8,0x0055FA,FUN_0055e8,derived,
0x0055FA,0x00560C,FUN_0055fa,derived,
0x00560C,0x00561E,FUN_00560c,derived,
0x00561E,0x005630,FUN_00561e,derived,
0x005630,0x00563C,FUN_005630,derived,
0x00563C,0x005648,FUN_00563c,derived,
0x005648,0x005654,FUN_005648,derived,
0x005654,0x005660,FUN_005654,derived,
0x005660,0x00566C,FUN_005660,derived,
0x00566C,0x00567A,FUN_00566c,derived,
0x00567A,0x00578E,FUN_00567a,derived,
0x00578E,0x00579C,FUN_00578e,derived,
0x00579C,0x0057AA,FUN_00579c,derived,
0x0057AA,0x0057B8,FUN_0057aa,derived,
0x0057B8,0x0057C6,FUN_0057b8,derived,
0x0057C6,0x0058E0,FUN_0057c6,derived,
0x0058E0,0x0058EE,FUN_0058e0,derived,
0x0058EE,0x0058FC,FUN_0058ee,derived,
0x0058FC,0x00590A,FUN_0058fc,derived,
0x00590A,0x005918,FUN_00590a,derived,
0x005918,0x005926,FUN_005918,derived,
0x005926,0x005934,FUN_005926,derived,
0x005934,0x00596C,FUN_005934,derived,
0x00596C,0x00597A,FUN_00596c,derived,
0x00597A,0x005988,FUN_00597a,derived,
0x005988,0x005996,FUN_005988,derived,
0x005996,0x0059A4,FUN_005996,derived,
0x0059A4,0x0059B2,FUN_0059a4,derived,
0x0059B2,0x0059C0,FUN_0059b2,derived,
0x0059C0,0x0059CE,FUN_0059c0,derived,
0x0059CE,0x0059DC,FUN_0059ce,derived,
0x0059DC,0x0059EA,FUN_0059dc,derived,
0x0059EA,0x0059F8,FUN_0059ea,derived,
0x0059F8,0x005A06,FUN_0059f8,derived,
0x005A06,0x005A14,FUN_005a06,derived,
0x005A14,0x005A22,FUN_005a14,derived,
0x005A22,0x005A30,FUN_005a22,derived,
0x005A30,0x005A3E,FUN_005a30,derived,
0x005A3E,0x005A4C,FUN_005a3e,derived,
0x005A4C,0x005A58,FUN_005a4c,derived,
0x005A58,0x005AC0,FUN_005a58,derived,
0x005AC0,0x005ACE,FUN_005ac0,derived,
0x005ACE,0x005ADC,FUN_005ace,derived,
0x005ADC,0x005AEA,FUN_005adc,derived,
0x005AEA,0x005AF8,FUN_005aea,derived,
0x005AF8,0x005B06,FUN_005af8,derived,
0x005B06,0x005B14,FUN_005b06,derived,
0x005B14,0x005B20,FUN_005b14,derived,
0x005B20,0x005B2E,FUN_005b20,derived,
0x005B2E,0x005B3C,FUN_005b2e,derived,
0x005B3C,0x005B56,FUN_005b3c,derived,
0x005B56,0x005BD8,FUN_005b56,derived,
0x005BD8,0x005CC4,FUN_005bd8,derived,
0x005CC4,0x005CD2,FUN_005cc4,derived,
0x005CD2,0x005CE2,FUN_005cd2,derived,
0x005CE2,0x005CEE,FUN_005ce2,derived,
0x005CEE,0x005CFE,FUN_005cee,derived,
0x005CFE,0x005D0A,FUN_005cfe,derived,
0x005D0A,0x005D16,FUN_005d0a,derived,
0x005D16,0x005D26,FUN_005d16,derived,
0x005D26,0x005D36,FUN_005d26,derived,
0x005D36,0x005D70,FUN_005d36,derived,
0x005D70,0x005D80,FUN_005d70,derived,
0x005D80,0x005D86,FUN_005d80,derived,
0x005D86,0x005D90,FUN_005d86,derived,
0x005D90,0x005DA0,FUN_005d90,derived,
0x005DA0,0x005DA6,FUN_005da0,derived,
0x005DA6,0x005DB6,FUN_005da6,derived,
0x005DB6,0x005DC6,FUN_005db6,derived,
0x005DC6,0x005DD6,FUN_005dc6,derived,
0x005DD6,0x005DDC,FUN_005dd6,derived,
0x005DDC,0x005DEC,FUN_005ddc,derived,
0x005DEC,0x005DFC,FUN_005dec,derived,
0x005DFC,0x005E0C,FUN_005dfc,derived,
0x005E0C,0x005E12,FUN_005e0c,derived,
0x005E12,0x005E22,FUN_005e12,derived,
0x005E22,0x005E32,FUN_005e22,derived,
0x005E32,0x005E42,FUN_005e32,derived,
0x005E42,0x005E48,FUN_005e42,derived,
0x005E48,0x005E58,FUN_005e48,derived,
0x005E58,0x005E68,FUN_005e58,derived,
0x005E68,0x005E78,FUN_005e68,derived,
0x005E78,0x005EBC,FUN_005e78,derived,
0x005EBC,0x005EC8,FUN_005ebc,derived,
0x005EC8,0x005ECE,FUN_005ec8,derived,
0x005ECE,0x005EDE,FUN_005ece,derived,
0x005EDE,0x005EEE,FUN_005ede,derived,
0x005EEE,0x005EF4,FUN_005eee,derived,
0x005EF4,0x005F18,FUN_005ef4,derived,
0x005F18,0x005F1C,FUN_005f18,derived,
0x005F1C,0x005F36,FUN_005f1c,derived,
0x005F36,0x006010,FUN_005f36,derived,
0x006010,0x0061DA,FUN_006010,derived,
0x0061DA,0x006360,FUN_0061da,derived,
0x006360,0x006366,FUN_006360,derived,
0x006366,0x00636C,FUN_006366,derived,
0x00636C,0x006372,FUN_00636c,derived,
0x006372,0x0066FE,FUN_006372,derived,
0x0066FE,0x006744,FUN_0066fe,derived,
0x006744,0x006796,getVehicleStatusInputs?,ghidra-hand-xmap,
0x006796,0x0067D2,FUN_006796,derived,
0x0067D2,0x006842,FUN_0067d2,derived,
0x006842,0x006846,FUN_006842,derived,
0x006846,0x006884,FUN_006846,derived,
0x006884,0x0068F6,FUN_006884,derived,
0x0068F6,0x006992,FUN_0068f6,derived,
0x006992,0x0069E2,FUN_006992,derived,
0x0069E2,0x006A28,FUN_0069e2,derived,
0x006A28,0x006A4C,FUN_006a28,derived,
0x006A4C,0x006B5C,FUN_006a4c,derived,
0x006B5C,0x006B60,FUN_006b5c,derived,
0x006B60,0x006B90,FUN_006b60,derived,
0x006B90,0x006B94,FUN_006b90,derived,
0x006B94,0x006C1A,FUN_006b94,derived,
0x006C1A,0x006C4C,FUN_006c1a,derived,
0x006C4C,0x006CA6,FUN_006c4c,derived,
0x006CA6,0x006CDC,FUN_006ca6,derived,
0x006CDC,0x006CE2,FUN_006cdc,derived,
0x006CE2,0x006D7C,FUN_006ce2,derived,
0x006D7C,0x006D8E,FUN_006d7c,derived,
0x006D8E,0x006DE2,FUN_006d8e,derived,
0x006DE2,0x006EFA,FUN_006de2,derived,
0x006EFA,0x006F16,FUN_006efa,derived,
0x006F16,0x006FB0,FUN_006f16,derived,
0x006FB0,0x006FFA,FUN_006fb0,derived,
0x006FFA,0x007070,FUN_006ffa,derived,
0x007070,0x007088,FUN_007070,derived,
0x007088,0x0070AC,FUN_007088,derived,
0x0070AC,0x00712E,atu_fpu_control_wrapper,ghidra-hand-xmap,
0x00712E,0x007188,FUN_00712e,derived,
0x007188,0x0071EA,FUN_007188,derived,
0x0071EA,0x007280,FUN_0071ea,derived,
0x007280,0x007290,FUN_007280,derived,
0x007290,0x007298,FUN_007290,derived,
0x007298,0x007330,FUN_007298,derived,
0x007330,0x007338,FUN_007330,derived,
0x007338,0x007398,readECMVoltage??,ghidra-hand-xmap,
0x007398,0x0073A0,FUN_007398,derived,
0x0073A0,0x007438,FUN_0073a0,derived,
0x007438,0x0074AC,getMAFSensorValue,ghidra-hand-xmap,
0x0074AC,0x0074B0,FUN_0074ac,derived,
0x0074B0,0x0074D4,FUN_0074b0,derived,
0x0074D4,0x0074DA,FUN_0074d4,derived,
0x0074DA,0x0074E0,FUN_0074da,derived,
0x0074E0,0x007518,FUN_0074e0,derived,
0x007518,0x007568,fuelingInit??,ghidra-hand-xmap,
0x007568,0x00759E,FUN_007568,derived,
0x00759E,0x0075F4,FUN_00759e,derived,
0x0075F4,0x00765A,FUN_0075f4,derived,
0x00765A,0x007668,FUN_00765a,derived,
0x007668,0x0076B8,FUN_007668,derived,
0x0076B8,0x007724,FUN_0076b8,derived,
0x007724,0x007778,FUN_007724,derived,
0x007778,0x0077F0,setInterruptTimer,ghidra-hand-xmap,
0x0077F0,0x00787A,FUN_0077f0,derived,
0x00787A,0x007A86,FUN_00787a,derived,
0x007A86,0x007AB2,FUN_007a86,derived,
0x007AB2,0x007B58,FUN_007ab2,derived,
0x007B58,0x007B84,FUN_007b58,derived,
0x007B84,0x007B90,FUN_007b84,derived,
0x007B90,0x007BDC,FUN_007b90,derived,
0x007BDC,0x007BE4,FUN_007bdc,derived,
0x007BE4,0x007C0C,FUN_007be4,derived,
0x007C0C,0x007E3C,crankSensorInit?,ghidra-hand-xmap,
0x007E3C,0x007EB4,FUN_007e3c,derived,
0x007EB4,0x007ECA,FUN_007eb4,derived,
0x007ECA,0x007F22,FUN_007eca,derived,
0x007F22,0x007F42,FUN_007f22,derived,
0x007F42,0x007F90,FUN_007f42,derived,
0x007F90,0x007FB0,FUN_007f90,derived,
0x007FB0,0x007FCC,FUN_007fb0,derived,
0x007FCC,0x008000,FUN_007fcc,derived,
0x008000,0x00803E,FUN_008000,derived,
0x00803E,0x00806A,INT_ATU101_IMI10AG,ghidra-hand-xmap,
0x00806A,0x0080F0,FUN_00806a,derived,
0x0080F0,0x0081A8,FUN_0080f0,derived,
0x0081A8,0x008268,FUN_0081a8,derived,
0x008268,0x0082B8,FUN_008268,derived,
0x0082B8,0x0082D8,FUN_0082b8,derived,
0x0082D8,0x008320,FUN_0082d8,derived,
0x008320,0x008340,FUN_008320,derived,
0x008340,0x008344,FUN_008340,derived,
0x008344,0x0083CA,FUN_008344,derived,
0x0083CA,0x0084C2,injectorRelatedFunc,ghidra-hand-xmap,
0x0084C2,0x0084C6,FUN_0084c2,derived,
0x0084C6,0x0085E4,FUN_0084c6,derived,
0x0085E4,0x0086AC,putFuelingStuffInArray?,ghidra-hand-xmap,
0x0086AC,0x0086F8,FUN_0086ac,derived,
0x0086F8,0x00871C,FUN_0086f8,derived,
0x00871C,0x0087A2,FUN_00871c,derived,
0x0087A2,0x008814,FUN_0087a2,derived,
0x008814,0x008CA2,FUN_008814,derived,
0x008CA2,0x008CB2,FUN_008ca2,derived,
0x008CB2,0x008D30,FUN_008cb2,derived,
0x008D30,0x008D86,FUN_008d30,derived,
0x008D86,0x008DAE,FUN_008d86,derived,
0x008DAE,0x008DE8,outputSpark1,ghidra-hand-xmap,
0x008DE8,0x008E28,FUN_008de8,derived,
0x008E28,0x008EE6,ignitionTimingHardwareTimerSomething,ghidra-hand-xmap,
0x008EE6,0x008F2A,FUN_008ee6,derived,
0x008F2A,0x008F5C,FUN_008f2a,derived,
0x008F5C,0x008F94,FUN_008f5c,derived,
0x008F94,0x009000,FUN_008f94,derived,
0x009000,0x009016,FUN_009000,derived,
0x009016,0x009038,FUN_009016,derived,
0x009038,0x009090,FUN_009038,derived,
0x009090,0x009110,FUN_009090,derived,
0x009110,0x009114,FUN_009110,derived,
0x009114,0x0091C6,FUN_009114,derived,
0x0091C6,0x009440,ignitonSomethingCalc,ghidra-hand-xmap,
0x009440,0x0094F0,FUN_009440,derived,
0x0094F0,0x0094FC,FUN_0094f0,derived,
0x0094FC,0x009630,FUN_0094fc,derived,
0x009630,0x009744,osTaskScheduler,ghidra-hand-xmap,
0x009744,0x009890,CANControllerSetup,ghidra-hand-xmap,
0x009890,0x009910,placeCANRX,ghidra-hand-xmap,
0x009910,0x0099B0,FUN_009910,derived,
0x0099B0,0x009AC4,txCAN_EventBased,ghidra-hand-xmap,
0x009AC4,0x009B08,FUN_009ac4,derived,
0x009B08,0x009B92,getHCANSomething,ghidra-hand-xmap,
0x009B92,0x009C34,doSomethingIfByteIs1InCANSetup,ghidra-hand-xmap,
0x009C34,0x009C40,FUN_009c34,derived,
0x009C40,0x009C86,FUN_009c40,derived,
0x009C86,0x009C8E,FUN_009c86,derived,
0x009C8E,0x009C9C,FUN_009c8e,derived,
0x009C9C,0x009CA4,FUN_009c9c,derived,
0x009CA4,0x009CE0,FUN_009ca4,derived,
0x009CE0,0x009D02,FUN_009ce0,derived,
0x009D02,0x009D24,FUN_009d02,derived,
0x009D24,0x009DFC,initializeCANRegisters,ghidra-hand-xmap,
0x009DFC,0x009E26,FUN_009dfc,derived,
0x009E26,0x009E68,FUN_009e26,derived,
0x009E68,0x009EA2,FUN_009e68,derived,
0x009EA2,0x009EFE,FUN_009ea2,derived,
0x009EFE,0x009F0C,whileLoop,ghidra-hand-xmap,
0x009F0C,0x009F12,FUN_009f0c,derived,
0x009F12,0x009F48,FUN_009f12,derived,
0x009F48,0x009F4C,FUN_009f48,derived,
0x009F4C,0x009F52,FUN_009f4c,derived,
0x009F52,0x009F58,FUN_009f52,derived,
0x009F58,0x00A266,FUN_009f58,derived,
0x00A266,0x00A2A8,getRotorNumberForControl?,ghidra-hand-xmap,
0x00A2A8,0x00A2B6,FUN_00a2a8,derived,
0x00A2B6,0x00A330,calledLots,ghidra-hand-xmap,
0x00A330,0x00A370,FUN_00a330,derived,
0x00A370,0x00A3AC,FUN_00a370,derived,
0x00A3AC,0x00A438,FUN_00a3ac,derived,
0x00A438,0x00A4B6,FUN_00a438,derived,
0x00A4B6,0x00A4BE,FUN_00a4b6,derived,
0x00A4BE,0x00A4F0,FUN_00a4be,derived,
0x00A4F0,0x00A50E,FUN_00a4f0,derived,
0x00A50E,0x00A518,FUN_00a50e,derived,
0x00A518,0x00A522,FUN_00a518,derived,
0x00A522,0x00A53C,FUN_00a522,derived,
0x00A53C,0x00A55A,FUN_00a53c,derived,
0x00A55A,0x00A824,FUN_00a55a,derived,
0x00A824,0x00A850,FUN_00a824,derived,
0x00A850,0x00A8A4,FUN_00a850,derived,
0x00A8A4,0x00A8DC,FUN_00a8a4,derived,
0x00A8DC,0x00A936,FUN_00a8dc,derived,
0x00A936,0x00AA90,apvHardwareOutputRelated?,ghidra-hand-xmap,
0x00AA90,0x00AAC4,FUN_00aa90,derived,
0x00AAC4,0x00AB6C,FUN_00aac4,derived,
0x00AB6C,0x00AB8A,FUN_00ab6c,derived,
0x00AB8A,0x00ABFA,FUN_00ab8a,derived,
0x00ABFA,0x00AC02,FUN_00abfa,derived,
0x00AC02,0x00AC08,FUN_00ac02,derived,
0x00AC08,0x00ACFC,FUN_00ac08,derived,
0x00ACFC,0x00AD2A,FUN_00acfc,derived,
0x00AD2A,0x00AD40,FUN_00ad2a,derived,
0x00AD40,0x00B0A6,FUN_00ad40,derived,
0x00B0A6,0x00B114,FUN_00b0a6,derived,
0x00B114,0x00B1DA,FUN_00b114,derived,
0x00B1DA,0x00B23C,FUN_00b1da,derived,
0x00B23C,0x00B290,FUN_00b23c,derived,
0x00B290,0x00B2C0,FUN_00b290,derived,
0x00B2C0,0x00B308,FUN_00b2c0,derived,
0x00B308,0x00B398,FUN_00b308,derived,
0x00B398,0x00B3AA,FUN_00b398,derived,
0x00B3AA,0x00B3DE,FUN_00b3aa,derived,
0x00B3DE,0x00B4EC,FUN_00b3de,derived,
0x00B4EC,0x00B5A0,FUN_00b4ec,derived,
0x00B5A0,0x00B5FA,FUN_00b5a0,derived,
0x00B5FA,0x00B602,FUN_00b5fa,derived,
0x00B602,0x00B6B2,FUN_00b602,derived,
0x00B6B2,0x00B886,FUN_00b6b2,derived,
0x00B886,0x00B958,FUN_00b886,derived,
0x00B958,0x00B99C,FUN_00b958,derived,
0x00B99C,0x00BCCC,updateIO_MAYBE,ghidra-hand-xmap,
0x00BCCC,0x00BD28,FUN_00bccc,derived,
0x00BD28,0x00BDA0,FUN_00bd28,derived,
0x00BDA0,0x00BDBC,FUN_00bda0,derived,
0x00BDBC,0x00BDFA,FUN_00bdbc,derived,
0x00BDFA,0x00BE30,FUN_00bdfa,derived,
0x00BE30,0x00BE5E,FUN_00be30,derived,
0x00BE5E,0x00BED8,FUN_00be5e,derived,
0x00BED8,0x00BF3A,FUN_00bed8,derived,
0x00BF3A,0x00BFA0,FUN_00bf3a,derived,
0x00BFA0,0x00C02C,FUN_00bfa0,derived,
0x00C02C,0x00C0F0,FUN_00c02c,derived,
0x00C0F0,0x00C116,store_knock_learn_buffer,ghidra-hand-xmap,
0x00C116,0x00C14C,enableDisableCruiseControl??,ghidra-hand-xmap,
0x00C14C,0x00C176,knockFunctionInit,ghidra-hand-xmap,
0x00C176,0x00C180,FUN_00c176,derived,
0x00C180,0x00C1F8,FUN_00c180,derived,
0x00C1F8,0x00C276,knockRelatedInit,ghidra-hand-xmap,
0x00C276,0x00C290,FUN_00c276,derived,
0x00C290,0x00C338,knockSensorADCFault,ghidra-hand-xmap,
0x00C338,0x00C350,FUN_00c338,derived,
0x00C350,0x00C3CE,FUN_00c350,derived,
0x00C3CE,0x00C7BA,FUN_00c3ce,derived,
0x00C7BA,0x00C8DC,setupCoilOutputs,ghidra-hand-xmap,
0x00C8DC,0x00CA9C,detectKnockOverTime,ghidra-hand-xmap,
0x00CA9C,0x00CAB4,FUN_00ca9c,derived,
0x00CAB4,0x00CACC,FUN_00cab4,derived,
0x00CACC,0x00CB42,setCANRegisters,ghidra-hand-xmap,
0x00CB42,0x00CB9C,HCANRegisterInit??,ghidra-hand-xmap,
0x00CB9C,0x00CBF8,set_MCR_bits2_3,ghidra-hand-xmap,
0x00CBF8,0x00CC1E,set_MCR_bits5_7,ghidra-hand-xmap,
0x00CC1E,0x00CC46,set_MCR_bit7,ghidra-hand-xmap,
0x00CC46,0x00CCA4,FUN_00cc46,derived,
0x00CCA4,0x00CCDA,FUN_00cca4,derived,
0x00CCDA,0x00CD10,FUN_00ccda,derived,
0x00CD10,0x00CD40,FUN_00cd10,derived,
0x00CD40,0x00CD74,FUN_00cd40,derived,
0x00CD74,0x00CE24,FUN_00cd74,derived,
0x00CE24,0x00CE76,FUN_00ce24,derived,
0x00CE76,0x00CEC8,FUN_00ce76,derived,
0x00CEC8,0x00CEE8,FUN_00cec8,derived,
0x00CEE8,0x00CEFE,FUN_00cee8,derived,
0x00CEFE,0x00CF12,getHCANRegisterAddress,ghidra-hand-xmap,
0x00CF12,0x00CF30,FUN_00cf12,derived,
0x00CF30,0x00CF56,FUN_00cf30,derived,
0x00CF56,0x00CF74,FUN_00cf56,derived,
0x00CF74,0x00CF96,FUN_00cf74,derived,
0x00CF96,0x00D082,FUN_00cf96,derived,
0x00D082,0x00D13C,FUN_00d082,derived,
0x00D13C,0x00D142,FUN_00d13c,derived,
0x00D142,0x00D144,FUN_00d142,derived,
0x00D144,0x00D1E0,FUN_00d144,derived,
0x00D1E0,0x00D21E,getRearO2Voltage,ghidra-hand-xmap,
0x00D21E,0x00D262,main??,ghidra-hand-xmap,
0x00D262,0x00D28E,interestingCANSomething,ghidra-hand-xmap,
0x00D28E,0x00D2E8,FUN_00d28e,derived,
0x00D2E8,0x00D2F6,FUN_00d2e8,derived,
0x00D2F6,0x00D31E,FUN_00d2f6,derived,
0x00D31E,0x00D346,FUN_00d31e,derived,
0x00D346,0x00D3B8,FUN_00d346,derived,
0x00D3B8,0x00D3CE,FUN_00d3b8,derived,
0x00D3CE,0x00D408,FUN_00d3ce,derived,
0x00D408,0x00D44C,FUN_00d408,derived,
0x00D44C,0x00D46C,FUN_00d44c,derived,
0x00D46C,0x00D518,FUN_00d46c,derived,
0x00D518,0x00D552,FUN_00d518,derived,
0x00D552,0x00D5AC,FUN_00d552,derived,
0x00D5AC,0x00D610,FUN_00d5ac,derived,
0x00D610,0x00D648,FUN_00d610,derived,
0x00D648,0x00D672,FUN_00d648,derived,
0x00D672,0x00D674,FUN_00d672,derived,
0x00D674,0x00D6B0,FUN_00d674,derived,
0x00D6B0,0x00D6E4,FUN_00d6b0,derived,
0x00D6E4,0x00D706,FUN_00d6e4,derived,
0x00D706,0x00D70A,FUN_00d706,derived,
0x00D70A,0x00D712,FUN_00d70a,derived,
0x00D712,0x00D716,FUN_00d712,derived,
0x00D716,0x00D730,FUN_00d716,derived,
0x00D730,0x00D734,FUN_00d730,derived,
0x00D734,0x00D738,FUN_00d734,derived,
0x00D738,0x00D744,FUN_00d738,derived,
0x00D744,0x00D748,FUN_00d744,derived,
0x00D748,0x00D74C,FUN_00d748,derived,
0x00D74C,0x00D750,FUN_00d74c,derived,
0x00D750,0x00D76C,FUN_00d750,derived,
0x00D76C,0x00D7B6,FUN_00d76c,derived,
0x00D7B6,0x00D7BC,FUN_00d7b6,derived,
0x00D7BC,0x00D7D4,FUN_00d7bc,derived,
0x00D7D4,0x00D81C,FUN_00d7d4,derived,
0x00D81C,0x00D87C,FUN_00d81c,derived,
0x00D87C,0x00D888,FUN_00d87c,derived,
0x00D888,0x00D894,FUN_00d888,derived,
0x00D894,0x00D8B4,FUN_00d894,derived,
0x00D8B4,0x00D8B8,FUN_00d8b4,derived,
0x00D8B8,0x00D8C4,FUN_00d8b8,derived,
0x00D8C4,0x00D8C8,FUN_00d8c4,derived,
0x00D8C8,0x00D8D0,FUN_00d8c8,derived,
0x00D8D0,0x00D8D4,FUN_00d8d0,derived,
0x00D8D4,0x00D8D8,FUN_00d8d4,derived,
0x00D8D8,0x00D8DC,FUN_00d8d8,derived,
0x00D8DC,0x00D8F0,FUN_00d8dc,derived,
0x00D8F0,0x00D8FC,FUN_00d8f0,derived,
0x00D8FC,0x00D904,FUN_00d8fc,derived,
0x00D904,0x00D90C,FUN_00d904,derived,
0x00D90C,0x00D90E,FUN_00d90c,derived,
0x00D90E,0x00D910,FUN_00d90e,derived,
0x00D910,0x00D914,FUN_00d910,derived,
0x00D914,0x00D926,FUN_00d914,derived,
0x00D926,0x00D934,FUN_00d926,derived,
0x00D934,0x00D9AC,FUN_00d934,derived,
0x00D9AC,0x00D9BC,FUN_00d9ac,derived,
0x00D9BC,0x00D9F4,FUN_00d9bc,derived,
0x00D9F4,0x00DA94,canSetup,ghidra-hand-xmap,
0x00DA94,0x00DADE,resetCANTimers,ghidra-hand-xmap,
0x00DADE,0x00DAE8,FUN_00dade,derived,
0x00DAE8,0x00DAF0,FUN_00dae8,derived,
0x00DAF0,0x00DB58,handleCANReset,ghidra-hand-xmap,
0x00DB58,0x00DBF6,CANTX_Main,ghidra-hand-xmap,
0x00DBF6,0x00DCC0,CANRX_Main,ghidra-hand-xmap,
0x00DCC0,0x00DD2A,FUN_00dcc0,derived,
0x00DD2A,0x00DD6C,FUN_00dd2a,derived,
0x00DD6C,0x00DD82,FUN_00dd6c,derived,
0x00DD82,0x00DDBE,FUN_00dd82,derived,
0x00DDBE,0x00DDC2,FUN_00ddbe,derived,
0x00DDC2,0x00DDDC,FUN_00ddc2,derived,
0x00DDDC,0x00DE22,FUN_00dddc,derived,
0x00DE22,0x00DE3C,FUN_00de22,derived,
0x00DE3C,0x00DE46,FUN_00de3c,derived,
0x00DE46,0x00DE72,FUN_00de46,derived,
0x00DE72,0x00DF08,EBCMCommEval,ghidra-hand-xmap,
0x00DF08,0x00DF6C,can216RXFaultEval,ghidra-hand-xmap,
0x00DF6C,0x00DF8A,FUN_00df6c,derived,
0x00DF8A,0x00DF94,FUN_00df8a,derived,
0x00DF94,0x00DFB4,FUN_00df94,derived,
0x00DFB4,0x00E000,FUN_00dfb4,derived,
0x00E000,0x00E03C,FUN_00e000,derived,
0x00E03C,0x00E044,FUN_00e03c,derived,
0x00E044,0x00E04C,FUN_00e044,derived,
0x00E04C,0x00E054,FUN_00e04c,derived,
0x00E054,0x00E064,FUN_00e054,derived,
0x00E064,0x00E07E,FUN_00e064,derived,
0x00E07E,0x00E0E8,FUN_00e07e,derived,
0x00E0E8,0x00E0F8,FUN_00e0e8,derived,
0x00E0F8,0x00E1B4,FUN_00e0f8,derived,
0x00E1B4,0x00E1BC,FUN_00e1b4,derived,
0x00E1BC,0x00E1DC,FUN_00e1bc,derived,
0x00E1DC,0x00E1FE,calculateEngineRunningTimer2,ghidra-hand-xmap,
0x00E1FE,0x00E220,getEngineOnTimeForOilMetering,ghidra-hand-xmap,
0x00E220,0x00E244,FUN_00e220,derived,
0x00E244,0x00E278,FUN_00e244,derived,
0x00E278,0x00E2AC,FUN_00e278,derived,
0x00E2AC,0x00E2D8,setEngineRunningInjectorsOffFlag,ghidra-hand-xmap,
0x00E2D8,0x00E444,arbitrateFuelCut,ghidra-hand-xmap,
0x00E444,0x00E448,FUN_00e444,derived,
0x00E448,0x00E458,FUN_00e448,derived,
0x00E458,0x00E492,FUN_00e458,derived,
0x00E492,0x00E4A6,intake_temp_increase_step,ghidra-hand-xmap,
0x00E4A6,0x00E4F8,FUN_00e4a6,derived,
0x00E4F8,0x00E564,FUN_00e4f8,derived,
0x00E564,0x00E59A,FUN_00e564,derived,
0x00E59A,0x00E612,FUN_00e59a,derived,
0x00E612,0x00E764,FUN_00e612,derived,
0x00E764,0x00E7EA,FUN_00e764,derived,
0x00E7EA,0x00E902,FUN_00e7ea,derived,
0x00E902,0x00E906,FUN_00e902,derived,
0x00E906,0x00E914,FUN_00e906,derived,
0x00E914,0x00E91A,FUN_00e914,derived,
0x00E91A,0x00E926,FUN_00e91a,derived,
0x00E926,0x00E94A,FUN_00e926,derived,
0x00E94A,0x00EA6C,FUN_00e94a,derived,
0x00EA6C,0x00EA96,FUN_00ea6c,derived,
0x00EA96,0x00EB3A,FUN_00ea96,derived,
0x00EB3A,0x00EBA6,FUN_00eb3a,derived,
0x00EBA6,0x00ECD4,FUN_00eba6,derived,
0x00ECD4,0x00EDC8,FUN_00ecd4,derived,
0x00EDC8,0x00EDCC,FUN_00edc8,derived,
0x00EDCC,0x00EE00,FUN_00edcc,derived,
0x00EE00,0x00EE68,FUN_00ee00,derived,
0x00EE68,0x00EE86,revLimitFuelCutInit,ghidra-hand-xmap,
0x00EE86,0x00EEFE,FUN_00ee86,derived,
0x00EEFE,0x00EFEE,calculateRevLimiterFuelCut,ghidra-hand-xmap,
0x00EFEE,0x00F046,FUN_00efee,derived,
0x00F046,0x00F05A,FUN_00f046,derived,
0x00F05A,0x00F0EA,FUN_00f05a,derived,
0x00F0EA,0x00F0F4,FUN_00f0ea,derived,
0x00F0F4,0x00F10E,FUN_00f0f4,derived,
0x00F10E,0x00F11E,FUN_00f10e,derived,
0x00F11E,0x00F144,FUN_00f11e,derived,
0x00F144,0x00F20A,FUN_00f144,derived,
0x00F20A,0x00F23E,FUN_00f20a,derived,
0x00F23E,0x00F256,FUN_00f23e,derived,
0x00F256,0x00F2A0,FUN_00f256,derived,
0x00F2A0,0x00F2A6,FUN_00f2a0,derived,
0x00F2A6,0x00F2B0,FUN_00f2a6,derived,
0x00F2B0,0x00F2C0,FUN_00f2b0,derived,
0x00F2C0,0x00F2F4,FUN_00f2c0,derived,
0x00F2F4,0x00F320,FUN_00f2f4,derived,
0x00F320,0x00F348,FUN_00f320,derived,
0x00F348,0x00F380,FUN_00f348,derived,
0x00F380,0x00F38E,FUN_00f380,derived,
0x00F38E,0x00F3DC,FUN_00f38e,derived,
0x00F3DC,0x00F454,FUN_00f3dc,derived,
0x00F454,0x00F484,FUN_00f454,derived,
0x00F484,0x00F4DC,FUN_00f484,derived,
0x00F4DC,0x00F534,FUN_00f4dc,derived,
0x00F534,0x00F544,FUN_00f534,derived,
0x00F544,0x00F56E,FUN_00f544,derived,
0x00F56E,0x00F586,FUN_00f56e,derived,
0x00F586,0x00F606,FUN_00f586,derived,
0x00F606,0x00F622,FUN_00f606,derived,
0x00F622,0x00F636,FUN_00f622,derived,
0x00F636,0x00F748,FUN_00f636,derived,
0x00F748,0x00F7D2,FUN_00f748,derived,
0x00F7D2,0x00F7FC,FUN_00f7d2,derived,
0x00F7FC,0x00F822,FUN_00f7fc,derived,
0x00F822,0x00F8CC,FUN_00f822,derived,
0x00F8CC,0x00F8D4,FUN_00f8cc,derived,
0x00F8D4,0x00F922,FUN_00f8d4,derived,
0x00F922,0x00F964,FUN_00f922,derived,
0x00F964,0x00F9F6,somethingFuelCutRelated,ghidra-hand-xmap,
0x00F9F6,0x00FA0A,FUN_00f9f6,derived,
0x00FA0A,0x00FA12,FUN_00fa0a,derived,
0x00FA12,0x00FA3E,FUN_00fa12,derived,
0x00FA3E,0x00FA52,FUN_00fa3e,derived,
0x00FA52,0x00FA58,FUN_00fa52,derived,
0x00FA58,0x00FA86,FUN_00fa58,derived,
0x00FA86,0x00FB90,FUN_00fa86,derived,
0x00FB90,0x00FBD8,setFuelCutDriver?,ghidra-hand-xmap,
0x00FBD8,0x00FCC4,FUN_00fbd8,derived,
0x00FCC4,0x00FCFE,FUN_00fcc4,derived,
0x00FCFE,0x00FDF8,FUN_00fcfe,derived,
0x00FDF8,0x00FE0C,FUN_00fdf8,derived,
0x00FE0C,0x00FE16,FUN_00fe0c,derived,
0x00FE16,0x00FEB8,FUN_00fe16,derived,
0x00FEB8,0x00FEC0,FUN_00feb8,derived,
0x00FEC0,0x00FECA,FUN_00fec0,derived,
0x00FECA,0x00FEDC,FUN_00feca,derived,
0x00FEDC,0x00FEE6,FUN_00fedc,derived,
0x00FEE6,0x00FF00,FUN_00fee6,derived,
0x00FF00,0x00FF08,FUN_00ff00,derived,
0x00FF08,0x00FF0E,FUN_00ff08,derived,
0x00FF0E,0x00FF14,FUN_00ff0e,derived,
0x00FF14,0x00FF36,FUN_00ff14,derived,
0x00FF36,0x00FF46,FUN_00ff36,derived,
0x00FF46,0x00FF9C,FUN_00ff46,derived,
0x00FF9C,0x00FFDA,FUN_00ff9c,derived,
0x00FFDA,0x00FFF8,fuelInjectionTiming?,ghidra-hand-xmap,
0x00FFF8,0x00FFFE,FUN_00fff8,derived,
0x00FFFE,0x010000,FUN_00fffe,derived,
0x010000,0x0100CE,FUN_010000,derived,
0x0100CE,0x010122,FUN_0100ce,derived,
0x010122,0x010136,FUN_010122,derived,
0x010136,0x010174,FUN_010136,derived,
0x010174,0x0101B0,FUN_010174,derived,
0x0101B0,0x01020C,FUN_0101b0,derived,
0x01020C,0x010234,setAllInjectorto0?,ghidra-hand-xmap,
0x010234,0x01024C,FUN_010234,derived,
0x01024C,0x0102BA,FUN_01024c,derived,
0x0102BA,0x0102E6,FUN_0102ba,derived,
0x0102E6,0x010306,FUN_0102e6,derived,
0x010306,0x01031C,FUN_010306,derived,
0x01031C,0x01033E,FUN_01031c,derived,
0x01033E,0x010386,FUN_01033e,derived,
0x010386,0x01038C,FUN_010386,derived,
0x01038C,0x010400,FUN_01038c,derived,
0x010400,0x0104B2,FUN_010400,derived,
0x0104B2,0x0104B8,FUN_0104b2,derived,
0x0104B8,0x01057A,FUN_0104b8,derived,
0x01057A,0x01058A,FUN_01057a,derived,
0x01058A,0x010650,FUN_01058a,derived,
0x010650,0x0106B6,FUN_010650,derived,
0x0106B6,0x010766,FUN_0106b6,derived,
0x010766,0x01076E,FUN_010766,derived,
0x01076E,0x0107C8,FUN_01076e,derived,
0x0107C8,0x0107F4,FUN_0107c8,derived,
0x0107F4,0x01080A,FUN_0107f4,derived,
0x01080A,0x01086E,FUN_01080a,derived,
0x01086E,0x01087A,FUN_01086e,derived,
0x01087A,0x0108E6,FUN_01087a,derived,
0x0108E6,0x0108F2,FUN_0108e6,derived,
0x0108F2,0x010902,FUN_0108f2,derived,
0x010902,0x010A8C,FUN_010902,derived,
0x010A8C,0x010B34,FUN_010a8c,derived,
0x010B34,0x010EAC,FUN_010b34,derived,
0x010EAC,0x010ED2,FUN_010eac,derived,
0x010ED2,0x010EE6,getEngineCrankingStatusEnum??,ghidra-hand-xmap,
0x010EE6,0x010F04,getEngineCrankingStatus?,ghidra-hand-xmap,
0x010F04,0x010F72,setTimingArrayValuesForOutput?,ghidra-hand-xmap,
0x010F72,0x010F76,FUN_010f72,derived,
0x010F76,0x010F84,returnDwellTime_fp,ghidra-hand-xmap,
0x010F84,0x010FEA,outputPerRotorIgnitionDwell,ghidra-hand-xmap,
0x010FEA,0x011054,calculatePerRotorIgnitionDwell,ghidra-hand-xmap,
0x011054,0x01107A,FUN_011054,derived,
0x01107A,0x0111DE,FUN_01107a,derived,
0x0111DE,0x011286,FUN_0111de,derived,
0x011286,0x01133A,FUN_011286,derived,
0x01133A,0x01141C,FUN_01133a,derived,
0x01141C,0x0114FC,FUN_01141c,derived,
0x0114FC,0x01151A,FUN_0114fc,derived,
0x01151A,0x011540,FUN_01151a,derived,
0x011540,0x011584,someMainFunction,ghidra-hand-xmap,
0x011584,0x0115AA,FUN_011584,derived,
0x0115AA,0x01168A,FUN_0115aa,derived,
0x01168A,0x0117C8,FUN_01168a,derived,
0x0117C8,0x01182A,engineControlTASK2,ghidra-hand-xmap,
0x01182A,0x0118FE,FUN_01182a,derived,
0x0118FE,0x01194E,cruiseControl?,ghidra-hand-xmap,
0x01194E,0x011A64,FUN_01194e,derived,
0x011A64,0x011B54,FUN_011a64,derived,
0x011B54,0x011B80,FUN_011b54,derived,
0x011B80,0x011B96,FUN_011b80,derived,
0x011B96,0x011B9A,FUN_011b96,derived,
0x011B9A,0x011BAA,FUN_011b9a,derived,
0x011BAA,0x011BF6,FUN_011baa,derived,
0x011BF6,0x011C1C,FUN_011bf6,derived,
0x011C1C,0x011C6A,engineControlTASK,ghidra-hand-xmap,
0x011C6A,0x011C6E,FUN_011c6a,derived,
0x011C6E,0x011C72,FUN_011c6e,derived,
0x011C72,0x011CA2,FUN_011c72,derived,
0x011CA2,0x011CD4,FUN_011ca2,derived,
0x011CD4,0x011CD8,FUN_011cd4,derived,
0x011CD8,0x011CDC,FUN_011cd8,derived,
0x011CDC,0x011CE0,FUN_011cdc,derived,
0x011CE0,0x011D10,FUN_011ce0,derived,
0x011D10,0x011F3C,FUN_011d10,derived,
0x011F3C,0x011F54,FUN_011f3c,derived,
0x011F54,0x011F78,FUN_011f54,derived,
0x011F78,0x01202A,FUN_011f78,derived,
0x01202A,0x01208E,FUN_01202a,derived,
0x01208E,0x012180,FUN_01208e,derived,
0x012180,0x012192,FUN_012180,derived,
0x012192,0x0121A4,FUN_012192,derived,
0x0121A4,0x012294,FUN_0121a4,derived,
0x012294,0x012342,FUN_012294,derived,
0x012342,0x012352,FUN_012342,derived,
0x012352,0x012362,FUN_012352,derived,
0x012362,0x012456,FUN_012362,derived,
0x012456,0x01253C,FUN_012456,derived,
0x01253C,0x012576,FUN_01253c,derived,
0x012576,0x0125B0,FUN_012576,derived,
0x0125B0,0x0125EC,FUN_0125b0,derived,
0x0125EC,0x0126C0,FUN_0125ec,derived,
0x0126C0,0x0127CC,FUN_0126c0,derived,
0x0127CC,0x0127D6,FUN_0127cc,derived,
0x0127D6,0x0127E8,FUN_0127d6,derived,
0x0127E8,0x012840,FUN_0127e8,derived,
0x012840,0x012904,FUN_012840,derived,
0x012904,0x012B6A,FUN_012904,derived,
0x012B6A,0x012BBE,FUN_012b6a,derived,
0x012BBE,0x012BD6,FUN_012bbe,derived,
0x012BD6,0x012BDE,FUN_012bd6,derived,
0x012BDE,0x012BF4,FUN_012bde,derived,
0x012BF4,0x012CE8,FUN_012bf4,derived,
0x012CE8,0x012D30,FUN_012ce8,derived,
0x012D30,0x012D34,FUN_012d30,derived,
0x012D34,0x012D7E,FUN_012d34,derived,
0x012D7E,0x012E94,FUN_012d7e,derived,
0x012E94,0x012EB0,FUN_012e94,derived,
0x012EB0,0x012FA4,FUN_012eb0,derived,
0x012FA4,0x012FEC,FUN_012fa4,derived,
0x012FEC,0x013070,FUN_012fec,derived,
0x013070,0x0130D4,FUN_013070,derived,
0x0130D4,0x0131E6,FUN_0130d4,derived,
0x0131E6,0x01325C,FUN_0131e6,derived,
0x01325C,0x01326E,FUN_01325c,derived,
0x01326E,0x0132CA,FUN_01326e,derived,
0x0132CA,0x0132E6,FUN_0132ca,derived,
0x0132E6,0x013368,FUN_0132e6,derived,
0x013368,0x0133CA,FUN_013368,derived,
0x0133CA,0x0133CC,FUN_0133ca,derived,
0x0133CC,0x0133F0,FUN_0133cc,derived,
0x0133F0,0x013414,FUN_0133f0,derived,
0x013414,0x01348A,FUN_013414,derived,
0x01348A,0x0134D0,FUN_01348a,derived,
0x0134D0,0x0134F0,FUN_0134d0,derived,
0x0134F0,0x013544,FUN_0134f0,derived,
0x013544,0x01363E,FUN_013544,derived,
0x01363E,0x013674,FUN_01363e,derived,
0x013674,0x01367E,FUN_013674,derived,
0x01367E,0x013686,FUN_01367e,derived,
0x013686,0x0136D6,getKnockControlAllowed??,ghidra-hand-xmap,
0x0136D6,0x0136FE,getKnockSensorFaultedStatus?,ghidra-hand-xmap,
0x0136FE,0x013736,getKnockControlActive,ghidra-hand-xmap,
0x013736,0x013760,FUN_013736,derived,
0x013760,0x0137B2,FUN_013760,derived,
0x0137B2,0x013808,FUN_0137b2,derived,
0x013808,0x0138A4,updateKnockMaxRAM,ghidra-hand-xmap,
0x0138A4,0x013948,FUN_0138a4,derived,
0x013948,0x0139B4,FUN_013948,derived,
0x0139B4,0x013A16,FUN_0139b4,derived,
0x013A16,0x013AE4,FUN_013a16,derived,
0x013AE4,0x013B4A,FUN_013ae4,derived,
0x013B4A,0x013B5E,FUN_013b4a,derived,
0x013B5E,0x013BD0,FUN_013b5e,derived,
0x013BD0,0x013BE0,FUN_013bd0,derived,
0x013BE0,0x013C44,FUN_013be0,derived,
0x013C44,0x013D04,FUN_013c44,derived,
0x013D04,0x013D1C,FUN_013d04,derived,
0x013D1C,0x013DA2,FUN_013d1c,derived,
0x013DA2,0x013E04,FUN_013da2,derived,
0x013E04,0x013E30,FUN_013e04,derived,
0x013E30,0x013E98,FUN_013e30,derived,
0x013E98,0x013F60,FUN_013e98,derived,
0x013F60,0x013FF4,FUN_013f60,derived,
0x013FF4,0x014002,FUN_013ff4,derived,
0x014002,0x014012,FUN_014002,derived,
0x014012,0x014014,FUN_014012,derived,
0x014014,0x014024,FUN_014014,derived,
0x014024,0x014040,FUN_014024,derived,
0x014040,0x014064,FUN_014040,derived,
0x014064,0x0140DC,calculateAllTimingLoadCompensation,ghidra-hand-xmap,
0x0140DC,0x01410E,FUN_0140dc,derived,
0x01410E,0x014132,FUN_01410e,derived,
0x014132,0x014136,FUN_014132,derived,
0x014136,0x014140,FUN_014136,derived,
0x014140,0x014142,FUN_014140,derived,
0x014142,0x014144,FUN_014142,derived,
0x014144,0x014154,FUN_014144,derived,
0x014154,0x014170,FUN_014154,derived,
0x014170,0x0141FC,FUN_014170,derived,
0x0141FC,0x014254,FUN_0141fc,derived,
0x014254,0x014376,FUN_014254,derived,
0x014376,0x01439A,FUN_014376,derived,
0x01439A,0x0143BA,FUN_01439a,derived,
0x0143BA,0x0143D2,FUN_0143ba,derived,
0x0143D2,0x01447E,FUN_0143d2,derived,
0x01447E,0x0144A4,FUN_01447e,derived,
0x0144A4,0x01451A,FUN_0144a4,derived,
0x01451A,0x014520,FUN_01451a,derived,
0x014520,0x014586,FUN_014520,derived,
0x014586,0x0145BC,torqueModelRealted,ghidra-hand-xmap,
0x0145BC,0x0145DA,FUN_0145bc,derived,
0x0145DA,0x014604,FUN_0145da,derived,
0x014604,0x014614,FUN_014604,derived,
0x014614,0x01461A,FUN_014614,derived,
0x01461A,0x014620,FUN_01461a,derived,
0x014620,0x01465C,FUN_014620,derived,
0x01465C,0x01469E,FUN_01465c,derived,
0x01469E,0x0146AC,FUN_01469e,derived,
0x0146AC,0x0146B4,FUN_0146ac,derived,
0x0146B4,0x0146C2,FUN_0146b4,derived,
0x0146C2,0x0146D4,FUN_0146c2,derived,
0x0146D4,0x01470A,FUN_0146d4,derived,
0x01470A,0x01476C,FUN_01470a,derived,
0x01476C,0x01477C,engineCrankingConditionsInit??,ghidra-hand-xmap,
0x01477C,0x014780,FUN_01477c,derived,
0x014780,0x0147AC,FUN_014780,derived,
0x0147AC,0x0147D0,FUN_0147ac,derived,
0x0147D0,0x014804,FUN_0147d0,derived,
0x014804,0x014824,FUN_014804,derived,
0x014824,0x01485A,FUN_014824,derived,
0x01485A,0x014862,FUN_01485a,derived,
0x014862,0x0148A2,FUN_014862,derived,
0x0148A2,0x0148A4,FUN_0148a2,derived,
0x0148A4,0x0148F0,FUN_0148a4,derived,
0x0148F0,0x014B0A,FUN_0148f0,derived,
0x014B0A,0x014BA0,updateIdleTimersMAYBE??,ghidra-hand-xmap,
0x014BA0,0x014BEA,FUN_014ba0,derived,
0x014BEA,0x014C44,FUN_014bea,derived,
0x014C44,0x014C70,FUN_014c44,derived,
0x014C70,0x014ECC,FUN_014c70,derived,
0x014ECC,0x014FCC,FUN_014ecc,derived,
0x014FCC,0x01525E,FUN_014fcc,derived,
0x01525E,0x015310,FUN_01525e,derived,
0x015310,0x015382,FUN_015310,derived,
0x015382,0x015394,FUN_015382,derived,
0x015394,0x015468,FUN_015394,derived,
0x015468,0x01546E,FUN_015468,derived,
0x01546E,0x01547C,FUN_01546e,derived,
0x01547C,0x015492,FUN_01547c,derived,
0x015492,0x015614,FUN_015492,derived,
0x015614,0x01565C,FUN_015614,derived,
0x01565C,0x0156C2,FUN_01565c,derived,
0x0156C2,0x015726,FUN_0156c2,derived,
0x015726,0x015844,FUN_015726,derived,
0x015844,0x015862,FUN_015844,derived,
0x015862,0x015894,FUN_015862,derived,
0x015894,0x01589E,FUN_015894,derived,
0x01589E,0x015986,FUN_01589e,derived,
0x015986,0x0159BE,FUN_015986,derived,
0x0159BE,0x015B98,FUN_0159be,derived,
0x015B98,0x015BA2,FUN_015b98,derived,
0x015BA2,0x015BBA,FUN_015ba2,derived,
0x015BBA,0x015C56,FUN_015bba,derived,
0x015C56,0x015C8E,FUN_015c56,derived,
0x015C8E,0x015CCE,FUN_015c8e,derived,
0x015CCE,0x015D60,FUN_015cce,derived,
0x015D60,0x015D78,FUN_015d60,derived,
0x015D78,0x015D88,FUN_015d78,derived,
0x015D88,0x015D92,FUN_015d88,derived,
0x015D92,0x015DA4,FUN_015d92,derived,
0x015DA4,0x015E00,FUN_015da4,derived,
0x015E00,0x015E02,FUN_015e00,derived,
0x015E02,0x015F10,FUN_015e02,derived,
0x015F10,0x015F68,FUN_015f10,derived,
0x015F68,0x015F82,FUN_015f68,derived,
0x015F82,0x016076,FUN_015f82,derived,
0x016076,0x01615C,FUN_016076,derived,
0x01615C,0x016184,FUN_01615c,derived,
0x016184,0x016212,FUN_016184,derived,
0x016212,0x01622C,FUN_016212,derived,
0x01622C,0x016236,FUN_01622c,derived,
0x016236,0x0162BE,FUN_016236,derived,
0x0162BE,0x0162CE,FUN_0162be,derived,
0x0162CE,0x01635A,FUN_0162ce,derived,
0x01635A,0x0163DA,FUN_01635a,derived,
0x0163DA,0x016422,FUN_0163da,derived,
0x016422,0x016476,FUN_016422,derived,
0x016476,0x0164AE,FUN_016476,derived,
0x0164AE,0x0164C6,FUN_0164ae,derived,
0x0164C6,0x016524,FUN_0164c6,derived,
0x016524,0x016544,FUN_016524,derived,
0x016544,0x01654C,FUN_016544,derived,
0x01654C,0x0165B0,FUN_01654c,derived,
0x0165B0,0x0165B4,FUN_0165b0,derived,
0x0165B4,0x0165C4,FUN_0165b4,derived,
0x0165C4,0x016672,FUN_0165c4,derived,
0x016672,0x016678,FUN_016672,derived,
0x016678,0x01668A,FUN_016678,derived,
0x01668A,0x0166FA,FUN_01668a,derived,
0x0166FA,0x016704,FUN_0166fa,derived,
0x016704,0x0167D8,FUN_016704,derived,
0x0167D8,0x016820,ImmoRelatedFaultSomething?,ghidra-hand-xmap,
0x016820,0x01689A,FUN_016820,derived,
0x01689A,0x0168A0,FUN_01689a,derived,
0x0168A0,0x0168A2,FUN_0168a0,derived,
0x0168A2,0x0168EE,FUN_0168a2,derived,
0x0168EE,0x0168F4,FUN_0168ee,derived,
0x0168F4,0x016906,FUN_0168f4,derived,
0x016906,0x016924,FUN_016906,derived,
0x016924,0x016954,readImmoBit,ghidra-hand-xmap,
0x016954,0x016986,FUN_016954,derived,
0x016986,0x0169B8,FUN_016986,derived,
0x0169B8,0x0169EA,FUN_0169b8,derived,
0x0169EA,0x016A28,FUN_0169ea,derived,
0x016A28,0x016A44,FUN_016a28,derived,
0x016A44,0x016A5A,FUN_016a44,derived,
0x016A5A,0x016A8C,FUN_016a5a,derived,
0x016A8C,0x016AC8,FUN_016a8c,derived,
0x016AC8,0x016B30,FUN_016ac8,derived,
0x016B30,0x016B6E,FUN_016b30,derived,
0x016B6E,0x016B80,FUN_016b6e,derived,
0x016B80,0x016B9C,FUN_016b80,derived,
0x016B9C,0x016D2C,FUN_016b9c,derived,
0x016D2C,0x016DC0,FUN_016d2c,derived,
0x016DC0,0x016E1E,FUN_016dc0,derived,
0x016E1E,0x016E7E,FUN_016e1e,derived,
0x016E7E,0x01702C,FUN_016e7e,derived,
0x01702C,0x017030,FUN_01702c,derived,
0x017030,0x017096,FUN_017030,derived,
0x017096,0x01721C,FUN_017096,derived,
0x01721C,0x01722E,FUN_01721c,derived,
0x01722E,0x0172B2,FUN_01722e,derived,
0x0172B2,0x0172C2,FUN_0172b2,derived,
0x0172C2,0x0172C4,FUN_0172c2,derived,
0x0172C4,0x0172CC,FUN_0172c4,derived,
0x0172CC,0x0172CE,FUN_0172cc,derived,
0x0172CE,0x01746E,FUN_0172ce,derived,
0x01746E,0x017584,FUN_01746e,derived,
0x017584,0x017640,FUN_017584,derived,
0x017640,0x017766,FUN_017640,derived,
0x017766,0x0178E8,FUN_017766,derived,
0x0178E8,0x01793C,FUN_0178e8,derived,
0x01793C,0x01797A,FUN_01793c,derived,
0x01797A,0x017A24,FUN_01797a,derived,
0x017A24,0x017A38,FUN_017a24,derived,
0x017A38,0x017A98,FUN_017a38,derived,
0x017A98,0x017AB0,FUN_017a98,derived,
0x017AB0,0x017ACE,FUN_017ab0,derived,
0x017ACE,0x017AE6,FUN_017ace,derived,
0x017AE6,0x017AFA,FUN_017ae6,derived,
0x017AFA,0x017B70,FUN_017afa,derived,
0x017B70,0x017C30,FUN_017b70,derived,
0x017C30,0x017C32,FUN_017c30,derived,
0x017C32,0x017D30,FUN_017c32,derived,
0x017D30,0x017D3A,FUN_017d30,derived,
0x017D3A,0x017D3E,FUN_017d3a,derived,
0x017D3E,0x017D5C,FUN_017d3e,derived,
0x017D5C,0x017D7A,FUN_017d5c,derived,
0x017D7A,0x017E78,omp_control_task_1825E,ghidra-hand-xmap,
0x017E78,0x017E96,FUN_017e78,derived,
0x017E96,0x01806E,FUN_017e96,derived,
0x01806E,0x0181DA,FUN_01806e,derived,
0x0181DA,0x018226,FUN_0181da,derived,
0x018226,0x01837C,FUN_018226,derived,
0x01837C,0x01841E,FUN_01837c,derived,
0x01841E,0x018428,FUN_01841e,derived,
0x018428,0x01843C,FUN_018428,derived,
0x01843C,0x018468,FUN_01843c,derived,
0x018468,0x01850A,FUN_018468,derived,
0x01850A,0x0185C2,FUN_01850a,derived,
0x0185C2,0x018686,FUN_0185c2,derived,
0x018686,0x0186AC,FUN_018686,derived,
0x0186AC,0x018724,FUN_0186ac,derived,
0x018724,0x018778,FUN_018724,derived,
0x018778,0x018788,FUN_018778,derived,
0x018788,0x0187CC,FUN_018788,derived,
0x0187CC,0x0187DA,FUN_0187cc,derived,
0x0187DA,0x0187DC,FUN_0187da,derived,
0x0187DC,0x0187E8,FUN_0187dc,derived,
0x0187E8,0x0187F2,FUN_0187e8,derived,
0x0187F2,0x0187FC,FUN_0187f2,derived,
0x0187FC,0x018822,FUN_0187fc,derived,
0x018822,0x018846,FUN_018822,derived,
0x018846,0x018852,FUN_018846,derived,
0x018852,0x018858,FUN_018852,derived,
0x018858,0x01890C,FUN_018858,derived,
0x01890C,0x01896C,FUN_01890c,derived,
0x01896C,0x0189A0,FUN_01896c,derived,
0x0189A0,0x0189C4,FUN_0189a0,derived,
0x0189C4,0x0189E8,FUN_0189c4,derived,
0x0189E8,0x018AB4,FUN_0189e8,derived,
0x018AB4,0x018B1C,FUN_018ab4,derived,
0x018B1C,0x018BC2,FUN_018b1c,derived,
0x018BC2,0x018BDA,FUN_018bc2,derived,
0x018BDA,0x018C58,FUN_018bda,derived,
0x018C58,0x018CAC,FUN_018c58,derived,
0x018CAC,0x018D04,FUN_018cac,derived,
0x018D04,0x018D3C,FUN_018d04,derived,
0x018D3C,0x018E12,dscRelatedTiming?,ghidra-hand-xmap,
0x018E12,0x018F3C,FUN_018e12,derived,
0x018F3C,0x018F6C,FUN_018f3c,derived,
0x018F6C,0x018F9C,FUN_018f6c,derived,
0x018F9C,0x0192D4,FUN_018f9c,derived,
0x0192D4,0x019380,FUN_0192d4,derived,
0x019380,0x0193B4,FUN_019380,derived,
0x0193B4,0x0194A0,getSecondaryAirPumpRequest,ghidra-hand-xmap,
0x0194A0,0x0195A6,getConditonalsFuelCutRelated?,ghidra-hand-xmap,
0x0195A6,0x0195F4,FUN_0195a6,derived,
0x0195F4,0x019600,FUN_0195f4,derived,
0x019600,0x01961A,FUN_019600,derived,
0x01961A,0x0196E6,FUN_01961a,derived,
0x0196E6,0x019730,FUN_0196e6,derived,
0x019730,0x019762,FUN_019730,derived,
0x019762,0x0197A6,FUN_019762,derived,
0x0197A6,0x0197DA,FUN_0197a6,derived,
0x0197DA,0x019832,FUN_0197da,derived,
0x019832,0x019890,FUN_019832,derived,
0x019890,0x0198FA,FUN_019890,derived,
0x0198FA,0x01992A,FUN_0198fa,derived,
0x01992A,0x01998C,FUN_01992a,derived,
0x01998C,0x0199B4,FUN_01998c,derived,
0x0199B4,0x019A24,FUN_0199b4,derived,
0x019A24,0x019A4C,FUN_019a24,derived,
0x019A4C,0x019A56,FUN_019a4c,derived,
0x019A56,0x019A5E,FUN_019a56,derived,
0x019A5E,0x019A6A,FUN_019a5e,derived,
0x019A6A,0x019A76,FUN_019a6a,derived,
0x019A76,0x019A80,FUN_019a76,derived,
0x019A80,0x019AB2,FUN_019a80,derived,
0x019AB2,0x019ADC,decrementTempForCatModel??,ghidra-hand-xmap,
0x019ADC,0x019B40,FUN_019adc,derived,
0x019B40,0x019B5C,FUN_019b40,derived,
0x019B5C,0x019B82,FUN_019b5c,derived,
0x019B82,0x019BA0,FUN_019b82,derived,
0x019BA0,0x019BC6,FUN_019ba0,derived,
0x019BC6,0x019BE4,FUN_019bc6,derived,
0x019BE4,0x019BFE,FUN_019be4,derived,
0x019BFE,0x019C3A,FUN_019bfe,derived,
0x019C3A,0x019C52,FUN_019c3a,derived,
0x019C52,0x019D76,FUN_019c52,derived,
0x019D76,0x019DAA,FUN_019d76,derived,
0x019DAA,0x019F36,FUN_019daa,derived,
0x019F36,0x019F6A,FUN_019f36,derived,
0x019F6A,0x019F96,FUN_019f6a,derived,
0x019F96,0x019FC0,FUN_019f96,derived,
0x019FC0,0x01A060,FUN_019fc0,derived,
0x01A060,0x01A0EA,FUN_01a060,derived,
0x01A0EA,0x01A122,FUN_01a0ea,derived,
0x01A122,0x01A146,FUN_01a122,derived,
0x01A146,0x01A222,FUN_01a146,derived,
0x01A222,0x01A26C,FUN_01a222,derived,
0x01A26C,0x01A276,FUN_01a26c,derived,
0x01A276,0x01A27E,FUN_01a276,derived,
0x01A27E,0x01A29E,FUN_01a27e,derived,
0x01A29E,0x01A2E8,FUN_01a29e,derived,
0x01A2E8,0x01A310,calculateKeyOnTime,ghidra-hand-xmap,
0x01A310,0x01A340,calculateKeyOffTime,ghidra-hand-xmap,
0x01A340,0x01A34E,FUN_01a340,derived,
0x01A34E,0x01A35C,FUN_01a34e,derived,
0x01A35C,0x01A36E,FUN_01a35c,derived,
0x01A36E,0x01A478,FUN_01a36e,derived,
0x01A478,0x01A4AA,FUN_01a478,derived,
0x01A4AA,0x01A4BC,FUN_01a4aa,derived,
0x01A4BC,0x01A4E6,FUN_01a4bc,derived,
0x01A4E6,0x01A534,engineControlGetAir,ghidra-hand-xmap,
0x01A534,0x01A63E,FUN_01a534,derived,
0x01A63E,0x01A68C,FUN_01a63e,derived,
0x01A68C,0x01A6BE,FUN_01a68c,derived,
0x01A6BE,0x01A702,FUN_01a6be,derived,
0x01A702,0x01A710,FUN_01a702,derived,
0x01A710,0x01A712,FUN_01a710,derived,
0x01A712,0x01A728,FUN_01a712,derived,
0x01A728,0x01A7FA,FUN_01a728,derived,
0x01A7FA,0x01A826,FUN_01a7fa,derived,
0x01A826,0x01A842,FUN_01a826,derived,
0x01A842,0x01A89E,FUN_01a842,derived,
0x01A89E,0x01A912,FUN_01a89e,derived,
0x01A912,0x01A940,FUN_01a912,derived,
0x01A940,0x01A96E,FUN_01a940,derived,
0x01A96E,0x01A9C2,FUN_01a96e,derived,
0x01A9C2,0x01A9DA,FUN_01a9c2,derived,
0x01A9DA,0x01A9EE,FUN_01a9da,derived,
0x01A9EE,0x01AA1E,FUN_01a9ee,derived,
0x01AA1E,0x01AA84,FUN_01aa1e,derived,
0x01AA84,0x01AA9C,FUN_01aa84,derived,
0x01AA9C,0x01AAAA,FUN_01aa9c,derived,
0x01AAAA,0x01AACC,FUN_01aaaa,derived,
0x01AACC,0x01AAF2,FUN_01aacc,derived,
0x01AAF2,0x01AB0A,FUN_01aaf2,derived,
0x01AB0A,0x01AB36,FUN_01ab0a,derived,
0x01AB36,0x01AB6A,FUN_01ab36,derived,
0x01AB6A,0x01AB92,FUN_01ab6a,derived,
0x01AB92,0x01ABCA,FUN_01ab92,derived,
0x01ABCA,0x01AC58,FUN_01abca,derived,
0x01AC58,0x01AC80,FUN_01ac58,derived,
0x01AC80,0x01ACA0,FUN_01ac80,derived,
0x01ACA0,0x01ACAE,FUN_01aca0,derived,
0x01ACAE,0x01AD56,FUN_01acae,derived,
0x01AD56,0x01AD8C,FUN_01ad56,derived,
0x01AD8C,0x01ADE6,FUN_01ad8c,derived,
0x01ADE6,0x01AE8A,FUN_01ade6,derived,
0x01AE8A,0x01AEFC,FUN_01ae8a,derived,
0x01AEFC,0x01AF06,FUN_01aefc,derived,
0x01AF06,0x01AF10,FUN_01af06,derived,
0x01AF10,0x01AFB8,FUN_01af10,derived,
0x01AFB8,0x01AFCC,FUN_01afb8,derived,
0x01AFCC,0x01B014,FUN_01afcc,derived,
0x01B014,0x01B088,FUN_01b014,derived,
0x01B088,0x01B0B0,FUN_01b088,derived,
0x01B0B0,0x01B0C4,FUN_01b0b0,derived,
0x01B0C4,0x01B0E8,FUN_01b0c4,derived,
0x01B0E8,0x01B136,FUN_01b0e8,derived,
0x01B136,0x01B170,FUN_01b136,derived,
0x01B170,0x01B264,FUN_01b170,derived,
0x01B264,0x01B322,FUN_01b264,derived,
0x01B322,0x01B3AE,FUN_01b322,derived,
0x01B3AE,0x01B548,FUN_01b3ae,derived,
0x01B548,0x01B572,FUN_01b548,derived,
0x01B572,0x01B5F6,FUN_01b572,derived,
0x01B5F6,0x01B6B0,FUN_01b5f6,derived,
0x01B6B0,0x01B7EC,FUN_01b6b0,derived,
0x01B7EC,0x01B804,FUN_01b7ec,derived,
0x01B804,0x01B83C,FUN_01b804,derived,
0x01B83C,0x01B868,FUN_01b83c,derived,
0x01B868,0x01B8F0,FUN_01b868,derived,
0x01B8F0,0x01B90C,FUN_01b8f0,derived,
0x01B90C,0x01B924,FUN_01b90c,derived,
0x01B924,0x01B9EA,FUN_01b924,derived,
0x01B9EA,0x01BA60,FUN_01b9ea,derived,
0x01BA60,0x01BAB8,FUN_01ba60,derived,
0x01BAB8,0x01BAEE,FUN_01bab8,derived,
0x01BAEE,0x01BB3E,FUN_01baee,derived,
0x01BB3E,0x01BBCA,FUN_01bb3e,derived,
0x01BBCA,0x01BBFC,FUN_01bbca,derived,
0x01BBFC,0x01BC16,FUN_01bbfc,derived,
0x01BC16,0x01BE7C,FUN_01bc16,derived,
0x01BE7C,0x01BEA2,FUN_01be7c,derived,
0x01BEA2,0x01C166,FUN_01bea2,derived,
0x01C166,0x01C1AC,FUN_01c166,derived,
0x01C1AC,0x01C3F0,FUN_01c1ac,derived,
0x01C3F0,0x01C4D0,FUN_01c3f0,derived,
0x01C4D0,0x01C530,FUN_01c4d0,derived,
0x01C530,0x01C542,FUN_01c530,derived,
0x01C542,0x01C5BA,FUN_01c542,derived,
0x01C5BA,0x01C678,FUN_01c5ba,derived,
0x01C678,0x01C682,FUN_01c678,derived,
0x01C682,0x01C6D4,FUN_01c682,derived,
0x01C6D4,0x01C75E,FUN_01c6d4,derived,
0x01C75E,0x01C79C,FUN_01c75e,derived,
0x01C79C,0x01C7A6,FUN_01c79c,derived,
0x01C7A6,0x01C7B8,FUN_01c7a6,derived,
0x01C7B8,0x01C7F4,FUN_01c7b8,derived,
0x01C7F4,0x01C820,FUN_01c7f4,derived,
0x01C820,0x01C834,FUN_01c820,derived,
0x01C834,0x01C844,FUN_01c834,derived,
0x01C844,0x01C84E,FUN_01c844,derived,
0x01C84E,0x01C8B0,FUN_01c84e,derived,
0x01C8B0,0x01C8D0,FUN_01c8b0,derived,
0x01C8D0,0x01C8DA,FUN_01c8d0,derived,
0x01C8DA,0x01C8E2,FUN_01c8da,derived,
0x01C8E2,0x01C8FA,FUN_01c8e2,derived,
0x01C8FA,0x01C904,FUN_01c8fa,derived,
0x01C904,0x01C91E,FUN_01c904,derived,
0x01C91E,0x01C948,FUN_01c91e,derived,
0x01C948,0x01CA3E,FUN_01c948,derived,
0x01CA3E,0x01CA44,FUN_01ca3e,derived,
0x01CA44,0x01CA48,FUN_01ca44,derived,
0x01CA48,0x01CB34,FUN_01ca48,derived,
0x01CB34,0x01CB58,FUN_01cb34,derived,
0x01CB58,0x01CB70,FUN_01cb58,derived,
0x01CB70,0x01CB74,FUN_01cb70,derived,
0x01CB74,0x01CB84,FUN_01cb74,derived,
0x01CB84,0x01CB9C,FUN_01cb84,derived,
0x01CB9C,0x01CBAA,FUN_01cb9c,derived,
0x01CBAA,0x01CBC2,FUN_01cbaa,derived,
0x01CBC2,0x01CBE0,FUN_01cbc2,derived,
0x01CBE0,0x01CBEC,FUN_01cbe0,derived,
0x01CBEC,0x01CC66,getEngineFuelingStatus?,ghidra-hand-xmap,
0x01CC66,0x01CCA0,FUN_01cc66,derived,
0x01CCA0,0x01CCBC,FUN_01cca0,derived,
0x01CCBC,0x01CD22,FUN_01ccbc,derived,
0x01CD22,0x01CD28,FUN_01cd22,derived,
0x01CD28,0x01CD3C,FUN_01cd28,derived,
0x01CD3C,0x01CD6E,FUN_01cd3c,derived,
0x01CD6E,0x01CD7C,FUN_01cd6e,derived,
0x01CD7C,0x01CDCA,FUN_01cd7c,derived,
0x01CDCA,0x01CDCC,FUN_01cdca,derived,
0x01CDCC,0x01CDD0,FUN_01cdcc,derived,
0x01CDD0,0x01CE06,FUN_01cdd0,derived,
0x01CE06,0x01CE0C,FUN_01ce06,derived,
0x01CE0C,0x01CE34,FUN_01ce0c,derived,
0x01CE34,0x01CE4A,FUN_01ce34,derived,
0x01CE4A,0x01CF1A,FUN_01ce4a,derived,
0x01CF1A,0x01CF3A,FUN_01cf1a,derived,
0x01CF3A,0x01CF3E,FUN_01cf3a,derived,
0x01CF3E,0x01CF44,FUN_01cf3e,derived,
0x01CF44,0x01CF4E,FUN_01cf44,derived,
0x01CF4E,0x01CF50,FUN_01cf4e,derived,
0x01CF50,0x01CF54,FUN_01cf50,derived,
0x01CF54,0x01CFFA,FUN_01cf54,derived,
0x01CFFA,0x01D008,FUN_01cffa,derived,
0x01D008,0x01D012,FUN_01d008,derived,
0x01D012,0x01D016,FUN_01d012,derived,
0x01D016,0x01D020,FUN_01d016,derived,
0x01D020,0x01D098,FUN_01d020,derived,
0x01D098,0x01D106,FUN_01d098,derived,
0x01D106,0x01D110,FUN_01d106,derived,
0x01D110,0x01D116,FUN_01d110,derived,
0x01D116,0x01D1BE,FUN_01d116,derived,
0x01D1BE,0x01D1FE,FUN_01d1be,derived,
0x01D1FE,0x01D216,FUN_01d1fe,derived,
0x01D216,0x01D23E,FUN_01d216,derived,
0x01D23E,0x01D252,FUN_01d23e,derived,
0x01D252,0x01D27A,FUN_01d252,derived,
0x01D27A,0x01D286,FUN_01d27a,derived,
0x01D286,0x01D2AA,FUN_01d286,derived,
0x01D2AA,0x01D2E0,FUN_01d2aa,derived,
0x01D2E0,0x01D4CA,FUN_01d2e0,derived,
0x01D4CA,0x01D54E,FUN_01d4ca,derived,
0x01D54E,0x01D55E,FUN_01d54e,derived,
0x01D55E,0x01D576,FUN_01d55e,derived,
0x01D576,0x01D62A,FUN_01d576,derived,
0x01D62A,0x01D62C,FUN_01d62a,derived,
0x01D62C,0x01D68A,FUN_01d62c,derived,
0x01D68A,0x01D694,FUN_01d68a,derived,
0x01D694,0x01D698,FUN_01d694,derived,
0x01D698,0x01D6A6,FUN_01d698,derived,
0x01D6A6,0x01D76E,FUN_01d6a6,derived,
0x01D76E,0x01D78E,FUN_01d76e,derived,
0x01D78E,0x01D79E,FUN_01d78e,derived,
0x01D79E,0x01D7B6,FUN_01d79e,derived,
0x01D7B6,0x01D7DA,FUN_01d7b6,derived,
0x01D7DA,0x01D7DC,FUN_01d7da,derived,
0x01D7DC,0x01D7E2,FUN_01d7dc,derived,
0x01D7E2,0x01D7E6,FUN_01d7e2,derived,
0x01D7E6,0x01D7F2,FUN_01d7e6,derived,
0x01D7F2,0x01D7FE,FUN_01d7f2,derived,
0x01D7FE,0x01D8C8,FUN_01d7fe,derived,
0x01D8C8,0x01D8CC,FUN_01d8c8,derived,
0x01D8CC,0x01D8CE,FUN_01d8cc,derived,
0x01D8CE,0x01D906,FUN_01d8ce,derived,
0x01D906,0x01D96A,FUN_01d906,derived,
0x01D96A,0x01D972,FUN_01d96a,derived,
0x01D972,0x01D97A,FUN_01d972,derived,
0x01D97A,0x01D996,FUN_01d97a,derived,
0x01D996,0x01D99A,FUN_01d996,derived,
0x01D99A,0x01DA2E,FUN_01d99a,derived,
0x01DA2E,0x01DA5A,FUN_01da2e,derived,
0x01DA5A,0x01DAA2,FUN_01da5a,derived,
0x01DAA2,0x01DACA,FUN_01daa2,derived,
0x01DACA,0x01DADC,FUN_01daca,derived,
0x01DADC,0x01DB50,FUN_01dadc,derived,
0x01DB50,0x01DB72,FUN_01db50,derived,
0x01DB72,0x01DC1A,FUN_01db72,derived,
0x01DC1A,0x01DC28,FUN_01dc1a,derived,
0x01DC28,0x01DC2A,FUN_01dc28,derived,
0x01DC2A,0x01DC32,FUN_01dc2a,derived,
0x01DC32,0x01DC50,FUN_01dc32,derived,
0x01DC50,0x01DC5E,FUN_01dc50,derived,
0x01DC5E,0x01DCA6,FUN_01dc5e,derived,
0x01DCA6,0x01DCB6,FUN_01dca6,derived,
0x01DCB6,0x01DCD2,FUN_01dcb6,derived,
0x01DCD2,0x01DCE0,FUN_01dcd2,derived,
0x01DCE0,0x01DD3E,FUN_01dce0,derived,
0x01DD3E,0x01DD5E,FUN_01dd3e,derived,
0x01DD5E,0x01DD66,FUN_01dd5e,derived,
0x01DD66,0x01DD6A,FUN_01dd66,derived,
0x01DD6A,0x01DD6E,FUN_01dd6a,derived,
0x01DD6E,0x01DD80,FUN_01dd6e,derived,
0x01DD80,0x01DD8A,FUN_01dd80,derived,
0x01DD8A,0x01DDAA,FUN_01dd8a,derived,
0x01DDAA,0x01DDF2,FUN_01ddaa,derived,
0x01DDF2,0x01DE0E,FUN_01ddf2,derived,
0x01DE0E,0x01DE18,FUN_01de0e,derived,
0x01DE18,0x01DE3A,FUN_01de18,derived,
0x01DE3A,0x01DE86,FUN_01de3a,derived,
0x01DE86,0x01DE9A,FUN_01de86,derived,
0x01DE9A,0x01DEBE,FUN_01de9a,derived,
0x01DEBE,0x01DEFE,FUN_01debe,derived,
0x01DEFE,0x01DF04,FUN_01defe,derived,
0x01DF04,0x01DF66,FUN_01df04,derived,
0x01DF66,0x01DF6C,FUN_01df66,derived,
0x01DF6C,0x01DF78,FUN_01df6c,derived,
0x01DF78,0x01DFF2,FUN_01df78,derived,
0x01DFF2,0x01E006,FUN_01dff2,derived,
0x01E006,0x01E022,FUN_01e006,derived,
0x01E022,0x01E06A,FUN_01e022,derived,
0x01E06A,0x01E07C,FUN_01e06a,derived,
0x01E07C,0x01E094,FUN_01e07c,derived,
0x01E094,0x01E114,FUN_01e094,derived,
0x01E114,0x01E142,FUN_01e114,derived,
0x01E142,0x01E17C,FUN_01e142,derived,
0x01E17C,0x01E17E,FUN_01e17c,derived,
0x01E17E,0x01E1D2,FUN_01e17e,derived,
0x01E1D2,0x01E294,FUN_01e1d2,derived,
0x01E294,0x01E2B0,FUN_01e294,derived,
0x01E2B0,0x01E310,getRearO2FilteredValue,ghidra-hand-xmap,
0x01E310,0x01E33C,FUN_01e310,derived,
0x01E33C,0x01E34C,FUN_01e33c,derived,
0x01E34C,0x01E3B0,FUN_01e34c,derived,
0x01E3B0,0x01E3B8,FUN_01e3b0,derived,
0x01E3B8,0x01E45A,FUN_01e3b8,derived,
0x01E45A,0x01E46A,FUN_01e45a,derived,
0x01E46A,0x01E46E,FUN_01e46a,derived,
0x01E46E,0x01E4A6,FUN_01e46e,derived,
0x01E4A6,0x01E4B2,FUN_01e4a6,derived,
0x01E4B2,0x01E4BE,FUN_01e4b2,derived,
0x01E4BE,0x01E4EE,FUN_01e4be,derived,
0x01E4EE,0x01E5CE,FUN_01e4ee,derived,
0x01E5CE,0x01E5D0,FUN_01e5ce,derived,
0x01E5D0,0x01E5D8,FUN_01e5d0,derived,
0x01E5D8,0x01E5DC,FUN_01e5d8,derived,
0x01E5DC,0x01E5FA,FUN_01e5dc,derived,
0x01E5FA,0x01E632,FUN_01e5fa,derived,
0x01E632,0x01E636,FUN_01e632,derived,
0x01E636,0x01E63A,FUN_01e636,derived,
0x01E63A,0x01E642,FUN_01e63a,derived,
0x01E642,0x01E676,FUN_01e642,derived,
0x01E676,0x01E698,FUN_01e676,derived,
0x01E698,0x01E72A,FUN_01e698,derived,
0x01E72A,0x01E72C,FUN_01e72a,derived,
0x01E72C,0x01E75A,FUN_01e72c,derived,
0x01E75A,0x01E786,FUN_01e75a,derived,
0x01E786,0x01E78E,FUN_01e786,derived,
0x01E78E,0x01E7A6,FUN_01e78e,derived,
0x01E7A6,0x01E85C,FUN_01e7a6,derived,
0x01E85C,0x01E882,FUN_01e85c,derived,
0x01E882,0x01E8B2,FUN_01e882,derived,
0x01E8B2,0x01E8CA,FUN_01e8b2,derived,
0x01E8CA,0x01E8CC,FUN_01e8ca,derived,
0x01E8CC,0x01E8EA,FUN_01e8cc,derived,
0x01E8EA,0x01E916,FUN_01e8ea,derived,
0x01E916,0x01E94E,FUN_01e916,derived,
0x01E94E,0x01E96C,FUN_01e94e,derived,
0x01E96C,0x01E9BC,FUN_01e96c,derived,
0x01E9BC,0x01E9F6,FUN_01e9bc,derived,
0x01E9F6,0x01EA02,FUN_01e9f6,derived,
0x01EA02,0x01EA06,FUN_01ea02,derived,
0x01EA06,0x01EA1E,FUN_01ea06,derived,
0x01EA1E,0x01EA3A,FUN_01ea1e,derived,
0x01EA3A,0x01EA56,FUN_01ea3a,derived,
0x01EA56,0x01EA5A,FUN_01ea56,derived,
0x01EA5A,0x01EAD0,FUN_01ea5a,derived,
0x01EAD0,0x01EAE8,FUN_01ead0,derived,
0x01EAE8,0x01EAF2,FUN_01eae8,derived,
0x01EAF2,0x01EB30,FUN_01eaf2,derived,
0x01EB30,0x01EB94,FUN_01eb30,derived,
0x01EB94,0x01EC00,fuelTrimRelated?,ghidra-hand-xmap,
0x01EC00,0x01ECF4,FUN_01ec00,derived,
0x01ECF4,0x01ECF8,FUN_01ecf4,derived,
0x01ECF8,0x01ECFC,FUN_01ecf8,derived,
0x01ECFC,0x01ED00,FUN_01ecfc,derived,
0x01ED00,0x01ED04,FUN_01ed00,derived,
0x01ED04,0x01ED08,FUN_01ed04,derived,
0x01ED08,0x01ED0C,FUN_01ed08,derived,
0x01ED0C,0x01ED30,FUN_01ed0c,derived,
0x01ED30,0x01EDCC,FUN_01ed30,derived,
0x01EDCC,0x01EDDA,FUN_01edcc,derived,
0x01EDDA,0x01EEA8,FUN_01edda,derived,
0x01EEA8,0x01EF1E,FUN_01eea8,derived,
0x01EF1E,0x01EF2E,FUN_01ef1e,derived,
0x01EF2E,0x01EF6E,FUN_01ef2e,derived,
0x01EF6E,0x01EF7A,FUN_01ef6e,derived,
0x01EF7A,0x01EFF6,FUN_01ef7a,derived,
0x01EFF6,0x01F03E,FUN_01eff6,derived,
0x01F03E,0x01F072,FUN_01f03e,derived,
0x01F072,0x01F07A,FUN_01f072,derived,
0x01F07A,0x01F086,FUN_01f07a,derived,
0x01F086,0x01F0AA,FUN_01f086,derived,
0x01F0AA,0x01F0AE,FUN_01f0aa,derived,
0x01F0AE,0x01F0B6,FUN_01f0ae,derived,
0x01F0B6,0x01F132,FUN_01f0b6,derived,
0x01F132,0x01F136,FUN_01f132,derived,
0x01F136,0x01F146,FUN_01f136,derived,
0x01F146,0x01F21C,FUN_01f146,derived,
0x01F21C,0x01F226,FUN_01f21c,derived,
0x01F226,0x01F22E,FUN_01f226,derived,
0x01F22E,0x01F23E,FUN_01f22e,derived,
0x01F23E,0x01F270,FUN_01f23e,derived,
0x01F270,0x01F286,FUN_01f270,derived,
0x01F286,0x01F28E,FUN_01f286,derived,
0x01F28E,0x01F294,FUN_01f28e,derived,
0x01F294,0x01F29A,FUN_01f294,derived,
0x01F29A,0x01F2A2,FUN_01f29a,derived,
0x01F2A2,0x01F312,getMAFOpertionRange,ghidra-hand-xmap,
0x01F312,0x01F360,FUN_01f312,derived,
0x01F360,0x01F3FC,FUN_01f360,derived,
0x01F3FC,0x01F48A,FUN_01f3fc,derived,
0x01F48A,0x01F4A4,FUN_01f48a,derived,
0x01F4A4,0x01F4B6,FUN_01f4a4,derived,
0x01F4B6,0x01F4F2,FUN_01f4b6,derived,
0x01F4F2,0x01F516,FUN_01f4f2,derived,
0x01F516,0x01F540,FUN_01f516,derived,
0x01F540,0x01F5A2,FUN_01f540,derived,
0x01F5A2,0x01F5B2,FUN_01f5a2,derived,
0x01F5B2,0x01F5C4,FUN_01f5b2,derived,
0x01F5C4,0x01F5E8,FUN_01f5c4,derived,
0x01F5E8,0x01F606,FUN_01f5e8,derived,
0x01F606,0x01F610,FUN_01f606,derived,
0x01F610,0x01F616,FUN_01f610,derived,
0x01F616,0x01F61C,FUN_01f616,derived,
0x01F61C,0x01F626,FUN_01f61c,derived,
0x01F626,0x01F68A,FUN_01f626,derived,
0x01F68A,0x01F6CE,FUN_01f68a,derived,
0x01F6CE,0x01F74E,FUN_01f6ce,derived,
0x01F74E,0x01F756,FUN_01f74e,derived,
0x01F756,0x01F75C,FUN_01f756,derived,
0x01F75C,0x01F77A,FUN_01f75c,derived,
0x01F77A,0x01F792,FUN_01f77a,derived,
0x01F792,0x01F7B6,FUN_01f792,derived,
0x01F7B6,0x01F7C0,FUN_01f7b6,derived,
0x01F7C0,0x01F7CA,FUN_01f7c0,derived,
0x01F7CA,0x01F808,FUN_01f7ca,derived,
0x01F808,0x01F80E,FUN_01f808,derived,
0x01F80E,0x01F85E,FUN_01f80e,derived,
0x01F85E,0x01F878,FUN_01f85e,derived,
0x01F878,0x01F890,FUN_01f878,derived,
0x01F890,0x01F8AA,setClosedLoopBool,ghidra-hand-xmap,
0x01F8AA,0x01F994,calcOpenLoopFuelingTarget,ghidra-hand-xmap,
0x01F994,0x01F9B8,FUN_01f994,derived,
0x01F9B8,0x01F9CA,FUN_01f9b8,derived,
0x01F9CA,0x01F9CE,FUN_01f9ca,derived,
0x01F9CE,0x01F9D6,FUN_01f9ce,derived,
0x01F9D6,0x01F9F2,FUN_01f9d6,derived,
0x01F9F2,0x01FA24,FUN_01f9f2,derived,
0x01FA24,0x01FA2E,FUN_01fa24,derived,
0x01FA2E,0x01FA9E,FUN_01fa2e,derived,
0x01FA9E,0x01FADE,FUN_01fa9e,derived,
0x01FADE,0x01FAF2,FUN_01fade,derived,
0x01FAF2,0x01FAFE,FUN_01faf2,derived,
0x01FAFE,0x01FB02,FUN_01fafe,derived,
0x01FB02,0x01FB0A,FUN_01fb02,derived,
0x01FB0A,0x01FB12,FUN_01fb0a,derived,
0x01FB12,0x01FB24,FUN_01fb12,derived,
0x01FB24,0x01FB3C,calcCLorOLControl,ghidra-hand-xmap,
0x01FB3C,0x01FB78,FUN_01fb3c,derived,
0x01FB78,0x01FBA0,FUN_01fb78,derived,
0x01FBA0,0x01FC50,FUN_01fba0,derived,
0x01FC50,0x01FC90,FUN_01fc50,derived,
0x01FC90,0x01FC9A,FUN_01fc90,derived,
0x01FC9A,0x01FCA0,FUN_01fc9a,derived,
0x01FCA0,0x01FCA2,FUN_01fca0,derived,
0x01FCA2,0x01FCB8,FUN_01fca2,derived,
0x01FCB8,0x01FCFA,FUN_01fcb8,derived,
0x01FCFA,0x01FD0A,FUN_01fcfa,derived,
0x01FD0A,0x01FD4A,FUN_01fd0a,derived,
0x01FD4A,0x01FD8E,FUN_01fd4a,derived,
0x01FD8E,0x01FD9A,FUN_01fd8e,derived,
0x01FD9A,0x01FE2E,FUN_01fd9a,derived,
0x01FE2E,0x01FE36,FUN_01fe2e,derived,
0x01FE36,0x01FE3E,FUN_01fe36,derived,
0x01FE3E,0x01FE42,FUN_01fe3e,derived,
0x01FE42,0x01FE7E,FUN_01fe42,derived,
0x01FE7E,0x01FE82,FUN_01fe7e,derived,
0x01FE82,0x01FEC6,FUN_01fe82,derived,
0x01FEC6,0x01FEEE,FUN_01fec6,derived,
0x01FEEE,0x01FF84,FUN_01feee,derived,
0x01FF84,0x01FFD2,FUN_01ff84,derived,
0x01FFD2,0x01FFDE,FUN_01ffd2,derived,
0x01FFDE,0x01FFEE,FUN_01ffde,derived,
0x01FFEE,0x01FFFE,FUN_01ffee,derived,
0x01FFFE,0x020000,FUN_01fffe,derived,
0x020000,0x020012,FUN_020000,derived,
0x020012,0x0200EA,FUN_020012,derived,
0x0200EA,0x0200F0,FUN_0200ea,derived,
0x0200F0,0x02010E,FUN_0200f0,derived,
0x02010E,0x020136,FUN_02010e,derived,
0x020136,0x020152,FUN_020136,derived,
0x020152,0x0201DA,FUN_020152,derived,
0x0201DA,0x0201E0,FUN_0201da,derived,
0x0201E0,0x0201E6,FUN_0201e0,derived,
0x0201E6,0x0201F0,FUN_0201e6,derived,
0x0201F0,0x0201F6,FUN_0201f0,derived,
0x0201F6,0x0201FA,FUN_0201f6,derived,
0x0201FA,0x0201FC,FUN_0201fa,derived,
0x0201FC,0x020200,FUN_0201fc,derived,
0x020200,0x02021E,FUN_020200,derived,
0x02021E,0x02022E,FUN_02021e,derived,
0x02022E,0x020236,FUN_02022e,derived,
0x020236,0x02024A,FUN_020236,derived,
0x02024A,0x02025A,FUN_02024a,derived,
0x02025A,0x020282,FUN_02025a,derived,
0x020282,0x02028E,FUN_020282,derived,
0x02028E,0x0202D2,FUN_02028e,derived,
0x0202D2,0x020302,FUN_0202d2,derived,
0x020302,0x020312,FUN_020302,derived,
0x020312,0x02031A,FUN_020312,derived,
0x02031A,0x020320,FUN_02031a,derived,
0x020320,0x020326,FUN_020320,derived,
0x020326,0x02032E,FUN_020326,derived,
0x02032E,0x02034C,FUN_02032e,derived,
0x02034C,0x0203AE,FUN_02034c,derived,
0x0203AE,0x0203E6,FUN_0203ae,derived,
0x0203E6,0x0203F2,FUN_0203e6,derived,
0x0203F2,0x0203FC,FUN_0203f2,derived,
0x0203FC,0x020406,FUN_0203fc,derived,
0x020406,0x02040A,FUN_020406,derived,
0x02040A,0x0204A8,FUN_02040a,derived,
0x0204A8,0x0204AE,FUN_0204a8,derived,
0x0204AE,0x0204B2,FUN_0204ae,derived,
0x0204B2,0x0204BE,FUN_0204b2,derived,
0x0204BE,0x0204DA,FUN_0204be,derived,
0x0204DA,0x0204E8,FUN_0204da,derived,
0x0204E8,0x020528,FUN_0204e8,derived,
0x020528,0x0205AA,FUN_020528,derived,
0x0205AA,0x0205AC,FUN_0205aa,derived,
0x0205AC,0x0205BA,FUN_0205ac,derived,
0x0205BA,0x0205C2,FUN_0205ba,derived,
0x0205C2,0x0205CE,FUN_0205c2,derived,
0x0205CE,0x0205DA,FUN_0205ce,derived,
0x0205DA,0x020626,FUN_0205da,derived,
0x020626,0x020644,FUN_020626,derived,
0x020644,0x020654,FUN_020644,derived,
0x020654,0x02065E,FUN_020654,derived,
0x02065E,0x020660,FUN_02065e,derived,
0x020660,0x020766,FUN_020660,derived,
0x020766,0x02076E,FUN_020766,derived,
0x02076E,0x02077E,FUN_02076e,derived,
0x02077E,0x0207A8,FUN_02077e,derived,
0x0207A8,0x0207DE,fuelingStateStuff??,ghidra-hand-xmap,
0x0207DE,0x0207E0,FUN_0207de,derived,
0x0207E0,0x0207EC,FUN_0207e0,derived,
0x0207EC,0x0207EE,FUN_0207ec,derived,
0x0207EE,0x0207FE,FUN_0207ee,derived,
0x0207FE,0x02080C,FUN_0207fe,derived,
0x02080C,0x020816,FUN_02080c,derived,
0x020816,0x020818,FUN_020816,derived,
0x020818,0x020820,FUN_020818,derived,
0x020820,0x020822,FUN_020820,derived,
0x020822,0x02082A,FUN_020822,derived,
0x02082A,0x02082C,FUN_02082a,derived,
0x02082C,0x020836,FUN_02082c,derived,
0x020836,0x0208B6,FUN_020836,derived,
0x0208B6,0x0208B8,FUN_0208b6,derived,
0x0208B8,0x0208EE,FUN_0208b8,derived,
0x0208EE,0x02090C,FUN_0208ee,derived,
0x02090C,0x020998,FUN_02090c,derived,
0x020998,0x0209A4,FUN_020998,derived,
0x0209A4,0x0209AA,FUN_0209a4,derived,
0x0209AA,0x0209B0,FUN_0209aa,derived,
0x0209B0,0x0209B6,FUN_0209b0,derived,
0x0209B6,0x0209BC,FUN_0209b6,derived,
0x0209BC,0x0209C2,FUN_0209bc,derived,
0x0209C2,0x0209CE,FUN_0209c2,derived,
0x0209CE,0x0209DE,FUN_0209ce,derived,
0x0209DE,0x0209E6,FUN_0209de,derived,
0x0209E6,0x0209EE,FUN_0209e6,derived,
0x0209EE,0x0209F8,FUN_0209ee,derived,
0x0209F8,0x0209FC,FUN_0209f8,derived,
0x0209FC,0x0209FE,FUN_0209fc,derived,
0x0209FE,0x020ACE,FUN_0209fe,derived,
0x020ACE,0x020AF0,FUN_020ace,derived,
0x020AF0,0x020B00,FUN_020af0,derived,
0x020B00,0x020B14,FUN_020b00,derived,
0x020B14,0x020B1A,FUN_020b14,derived,
0x020B1A,0x020B26,FUN_020b1a,derived,
0x020B26,0x020B28,FUN_020b26,derived,
0x020B28,0x020BB8,FUN_020b28,derived,
0x020BB8,0x020BD2,FUN_020bb8,derived,
0x020BD2,0x020BE0,FUN_020bd2,derived,
0x020BE0,0x020C00,FUN_020be0,derived,
0x020C00,0x020C0A,FUN_020c00,derived,
0x020C0A,0x020C10,FUN_020c0a,derived,
0x020C10,0x020CAC,FUN_020c10,derived,
0x020CAC,0x020CC8,CLChangeoverEnrichment??,ghidra-hand-xmap,
0x020CC8,0x020CCE,FUN_020cc8,derived,
0x020CCE,0x020CD4,FUN_020cce,derived,
0x020CD4,0x020CDA,FUN_020cd4,derived,
0x020CDA,0x020CE6,FUN_020cda,derived,
0x020CE6,0x020CE8,FUN_020ce6,derived,
0x020CE8,0x020CEE,FUN_020ce8,derived,
0x020CEE,0x020CF0,FUN_020cee,derived,
0x020CF0,0x020CF8,FUN_020cf0,derived,
0x020CF8,0x020D8A,FUN_020cf8,derived,
0x020D8A,0x020DCA,FUN_020d8a,derived,
0x020DCA,0x020DD0,FUN_020dca,derived,
0x020DD0,0x020DFE,FUN_020dd0,derived,
0x020DFE,0x020E12,FUN_020dfe,derived,
0x020E12,0x020E26,FUN_020e12,derived,
0x020E26,0x020E3A,FUN_020e26,derived,
0x020E3A,0x020EB6,FUN_020e3a,derived,
0x020EB6,0x020EC0,FUN_020eb6,derived,
0x020EC0,0x020EC8,FUN_020ec0,derived,
0x020EC8,0x020ECA,FUN_020ec8,derived,
0x020ECA,0x020ED6,FUN_020eca,derived,
0x020ED6,0x020EDE,FUN_020ed6,derived,
0x020EDE,0x020EEC,FUN_020ede,derived,
0x020EEC,0x020EF6,FUN_020eec,derived,
0x020EF6,0x020EF8,FUN_020ef6,derived,
0x020EF8,0x020F74,FUN_020ef8,derived,
0x020F74,0x020F7A,FUN_020f74,derived,
0x020F7A,0x020FA4,FUN_020f7a,derived,
0x020FA4,0x020FDA,FUN_020fa4,derived,
0x020FDA,0x020FDC,FUN_020fda,derived,
0x020FDC,0x020FF2,FUN_020fdc,derived,
0x020FF2,0x020FFE,FUN_020ff2,derived,
0x020FFE,0x021026,FUN_020ffe,derived,
0x021026,0x0210A4,FUN_021026,derived,
0x0210A4,0x0210B6,FUN_0210a4,derived,
0x0210B6,0x021228,FUN_0210b6,derived,
0x021228,0x02122E,FUN_021228,derived,
0x02122E,0x021234,FUN_02122e,derived,
0x021234,0x02125E,FUN_021234,derived,
0x02125E,0x021282,FUN_02125e,derived,
0x021282,0x02134E,FUN_021282,derived,
0x02134E,0x021352,FUN_02134e,derived,
0x021352,0x021372,FUN_021352,derived,
0x021372,0x02138A,FUN_021372,derived,
0x02138A,0x021396,FUN_02138a,derived,
0x021396,0x02139A,FUN_021396,derived,
0x02139A,0x0213A0,FUN_02139a,derived,
0x0213A0,0x0213A2,FUN_0213a0,derived,
0x0213A2,0x0213A6,FUN_0213a2,derived,
0x0213A6,0x0213D2,FUN_0213a6,derived,
0x0213D2,0x0213EA,FUN_0213d2,derived,
0x0213EA,0x021422,FUN_0213ea,derived,
0x021422,0x021488,FUN_021422,derived,
0x021488,0x0214CE,FUN_021488,derived,
0x0214CE,0x0214E2,FUN_0214ce,derived,
0x0214E2,0x0214E8,FUN_0214e2,derived,
0x0214E8,0x0214F2,FUN_0214e8,derived,
0x0214F2,0x0214F8,FUN_0214f2,derived,
0x0214F8,0x0214FE,FUN_0214f8,derived,
0x0214FE,0x021516,FUN_0214fe,derived,
0x021516,0x021534,FUN_021516,derived,
0x021534,0x021572,FUN_021534,derived,
0x021572,0x021580,FUN_021572,derived,
0x021580,0x02159C,FUN_021580,derived,
0x02159C,0x0215A2,FUN_02159c,derived,
0x0215A2,0x0215CA,FUN_0215a2,derived,
0x0215CA,0x0215DA,FUN_0215ca,derived,
0x0215DA,0x021614,FUN_0215da,derived,
0x021614,0x02165C,FUN_021614,derived,
0x02165C,0x0216BA,FUN_02165c,derived,
0x0216BA,0x0216CC,FUN_0216ba,derived,
0x0216CC,0x0216D4,FUN_0216cc,derived,
0x0216D4,0x0216E0,FUN_0216d4,derived,
0x0216E0,0x02172A,FUN_0216e0,derived,
0x02172A,0x021730,FUN_02172a,derived,
0x021730,0x021736,FUN_021730,derived,
0x021736,0x02173A,FUN_021736,derived,
0x02173A,0x021740,FUN_02173a,derived,
0x021740,0x021746,FUN_021740,derived,
0x021746,0x021750,FUN_021746,derived,
0x021750,0x021762,FUN_021750,derived,
0x021762,0x0217A4,FUN_021762,derived,
0x0217A4,0x0217B2,FUN_0217a4,derived,
0x0217B2,0x021802,FUN_0217b2,derived,
0x021802,0x02186E,FUN_021802,derived,
0x02186E,0x0218AE,FUN_02186e,derived,
0x0218AE,0x0218BC,FUN_0218ae,derived,
0x0218BC,0x0218C2,FUN_0218bc,derived,
0x0218C2,0x0218C8,FUN_0218c2,derived,
0x0218C8,0x0218D2,FUN_0218c8,derived,
0x0218D2,0x0218F4,FUN_0218d2,derived,
0x0218F4,0x021952,FUN_0218f4,derived,
0x021952,0x0219D0,FUN_021952,derived,
0x0219D0,0x0219EE,FUN_0219d0,derived,
0x0219EE,0x0219FE,FUN_0219ee,derived,
0x0219FE,0x021A06,FUN_0219fe,derived,
0x021A06,0x021A0E,FUN_021a06,derived,
0x021A0E,0x021A14,FUN_021a0e,derived,
0x021A14,0x021A26,FUN_021a14,derived,
0x021A26,0x021A2C,FUN_021a26,derived,
0x021A2C,0x021A30,FUN_021a2c,derived,
0x021A30,0x021A34,FUN_021a30,derived,
0x021A34,0x021A3A,FUN_021a34,derived,
0x021A3A,0x021A4A,FUN_021a3a,derived,
0x021A4A,0x021A54,FUN_021a4a,derived,
0x021A54,0x021A6A,FUN_021a54,derived,
0x021A6A,0x021A72,FUN_021a6a,derived,
0x021A72,0x021A76,FUN_021a72,derived,
0x021A76,0x021A90,FUN_021a76,derived,
0x021A90,0x021AAE,FUN_021a90,derived,
0x021AAE,0x021AB4,FUN_021aae,derived,
0x021AB4,0x021AB6,FUN_021ab4,derived,
0x021AB6,0x021ABA,FUN_021ab6,derived,
0x021ABA,0x021AF8,FUN_021aba,derived,
0x021AF8,0x021B3A,FUN_021af8,derived,
0x021B3A,0x021B42,FUN_021b3a,derived,
0x021B42,0x021B48,FUN_021b42,derived,
0x021B48,0x021B4A,FUN_021b48,derived,
0x021B4A,0x021B4E,FUN_021b4a,derived,
0x021B4E,0x021B6A,FUN_021b4e,derived,
0x021B6A,0x021BB2,FUN_021b6a,derived,
0x021BB2,0x021BB6,FUN_021bb2,derived,
0x021BB6,0x021BC6,FUN_021bb6,derived,
0x021BC6,0x021BC8,FUN_021bc6,derived,
0x021BC8,0x021BD4,FUN_021bc8,derived,
0x021BD4,0x021BDA,FUN_021bd4,derived,
0x021BDA,0x021BE0,FUN_021bda,derived,
0x021BE0,0x021BE8,FUN_021be0,derived,
0x021BE8,0x021BEC,FUN_021be8,derived,
0x021BEC,0x021BFC,FUN_021bec,derived,
0x021BFC,0x021C46,FUN_021bfc,derived,
0x021C46,0x021C4A,FUN_021c46,derived,
0x021C4A,0x021C4E,FUN_021c4a,derived,
0x021C4E,0x021C5E,FUN_021c4e,derived,
0x021C5E,0x021C66,FUN_021c5e,derived,
0x021C66,0x021C86,FUN_021c66,derived,
0x021C86,0x021C8E,FUN_021c86,derived,
0x021C8E,0x021CEE,FUN_021c8e,derived,
0x021CEE,0x021DA0,FUN_021cee,derived,
0x021DA0,0x021DCA,FUN_021da0,derived,
0x021DCA,0x021DE2,FUN_021dca,derived,
0x021DE2,0x021DFA,FUN_021de2,derived,
0x021DFA,0x021E08,FUN_021dfa,derived,
0x021E08,0x021E16,FUN_021e08,derived,
0x021E16,0x021E64,FUN_021e16,derived,
0x021E64,0x021E74,FUN_021e64,derived,
0x021E74,0x021F58,FUN_021e74,derived,
0x021F58,0x021F64,FUN_021f58,derived,
0x021F64,0x021F8E,FUN_021f64,derived,
0x021F8E,0x021FD4,FUN_021f8e,derived,
0x021FD4,0x022064,FUN_021fd4,derived,
0x022064,0x0220CC,FUN_022064,derived,
0x0220CC,0x0220D2,FUN_0220cc,derived,
0x0220D2,0x0220F8,FUN_0220d2,derived,
0x0220F8,0x022156,ssvControl,ghidra-hand-xmap,
0x022156,0x022230,FUN_022156,derived,
0x022230,0x0222CE,FUN_022230,derived,
0x0222CE,0x0222DC,FUN_0222ce,derived,
0x0222DC,0x0223C6,fpu_zero_init_routine_222DC,ghidra-hand-xmap,
0x0223C6,0x022454,FUN_0223c6,derived,
0x022454,0x0224B4,FUN_022454,derived,
0x0224B4,0x0224B8,FUN_0224b4,derived,
0x0224B8,0x0224F0,throttlePlateTorqueStuff,ghidra-hand-xmap,
0x0224F0,0x0224F6,FUN_0224f0,derived,
0x0224F6,0x022512,FUN_0224f6,derived,
0x022512,0x022520,FUN_022512,derived,
0x022520,0x022522,FUN_022520,derived,
0x022522,0x02252A,FUN_022522,derived,
0x02252A,0x022530,FUN_02252a,derived,
0x022530,0x022532,FUN_022530,derived,
0x022532,0x022536,FUN_022532,derived,
0x022536,0x022546,FUN_022536,derived,
0x022546,0x02255E,FUN_022546,derived,
0x02255E,0x022580,FUN_02255e,derived,
0x022580,0x0225A2,FUN_022580,derived,
0x0225A2,0x0225BC,FUN_0225a2,derived,
0x0225BC,0x0225FE,FUN_0225bc,derived,
0x0225FE,0x02261A,FUN_0225fe,derived,
0x02261A,0x022628,FUN_02261a,derived,
0x022628,0x02262A,FUN_022628,derived,
0x02262A,0x022632,FUN_02262a,derived,
0x022632,0x022638,FUN_022632,derived,
0x022638,0x022648,FUN_022638,derived,
0x022648,0x02264A,FUN_022648,derived,
0x02264A,0x0226B2,FUN_02264a,derived,
0x0226B2,0x0226CA,FUN_0226b2,derived,
0x0226CA,0x0226DA,FUN_0226ca,derived,
0x0226DA,0x0226F6,FUN_0226da,derived,
0x0226F6,0x022716,FUN_0226f6,derived,
0x022716,0x02275E,FUN_022716,derived,
0x02275E,0x0227C0,FUN_02275e,derived,
0x0227C0,0x022814,FUN_0227c0,derived,
0x022814,0x02282E,FUN_022814,derived,
0x02282E,0x022838,FUN_02282e,derived,
0x022838,0x022868,FUN_022838,derived,
0x022868,0x02296A,FUN_022868,derived,
0x02296A,0x02297E,FUN_02296a,derived,
0x02297E,0x022996,FUN_02297e,derived,
0x022996,0x0229A8,FUN_022996,derived,
0x0229A8,0x0229AA,FUN_0229a8,derived,
0x0229AA,0x0229AE,FUN_0229aa,derived,
0x0229AE,0x0229B2,FUN_0229ae,derived,
0x0229B2,0x0229CE,FUN_0229b2,derived,
0x0229CE,0x0229F2,FUN_0229ce,derived,
0x0229F2,0x022A80,FUN_0229f2,derived,
0x022A80,0x022AA2,FUN_022a80,derived,
0x022AA2,0x022AB0,FUN_022aa2,derived,
0x022AB0,0x022ABA,FUN_022ab0,derived,
0x022ABA,0x022AC4,FUN_022aba,derived,
0x022AC4,0x022AD4,FUN_022ac4,derived,
0x022AD4,0x022AF2,FUN_022ad4,derived,
0x022AF2,0x022B06,FUN_022af2,derived,
0x022B06,0x022B0A,FUN_022b06,derived,
0x022B0A,0x022B0C,FUN_022b0a,derived,
0x022B0C,0x022B0E,FUN_022b0c,derived,
0x022B0E,0x022B22,FUN_022b0e,derived,
0x022B22,0x022B3E,FUN_022b22,derived,
0x022B3E,0x022BB4,FUN_022b3e,derived,
0x022BB4,0x022BBA,FUN_022bb4,derived,
0x022BBA,0x022C00,FUN_022bba,derived,
0x022C00,0x022C4E,FUN_022c00,derived,
0x022C4E,0x022CD8,FUN_022c4e,derived,
0x022CD8,0x022D0A,FUN_022cd8,derived,
0x022D0A,0x022D18,FUN_022d0a,derived,
0x022D18,0x022D20,FUN_022d18,derived,
0x022D20,0x022D6E,FUN_022d20,derived,
0x022D6E,0x022D76,FUN_022d6e,derived,
0x022D76,0x022D8C,FUN_022d76,derived,
0x022D8C,0x022DC6,FUN_022d8c,derived,
0x022DC6,0x022DCC,FUN_022dc6,derived,
0x022DCC,0x022DD0,FUN_022dcc,derived,
0x022DD0,0x022E22,FUN_022dd0,derived,
0x022E22,0x022E60,FUN_022e22,derived,
0x022E60,0x022E62,FUN_022e60,derived,
0x022E62,0x022E76,FUN_022e62,derived,
0x022E76,0x022E7C,FUN_022e76,derived,
0x022E7C,0x022E8E,FUN_022e7c,derived,
0x022E8E,0x022EA4,FUN_022e8e,derived,
0x022EA4,0x022EA6,FUN_022ea4,derived,
0x022EA6,0x022EA8,FUN_022ea6,derived,
0x022EA8,0x022EAC,FUN_022ea8,derived,
0x022EAC,0x022EB2,FUN_022eac,derived,
0x022EB2,0x022EE0,FUN_022eb2,derived,
0x022EE0,0x022F2E,FUN_022ee0,derived,
0x022F2E,0x022F4A,FUN_022f2e,derived,
0x022F4A,0x022F56,FUN_022f4a,derived,
0x022F56,0x022F5C,FUN_022f56,derived,
0x022F5C,0x022F7A,FUN_022f5c,derived,
0x022F7A,0x022F7E,FUN_022f7a,derived,
0x022F7E,0x022F86,FUN_022f7e,derived,
0x022F86,0x022F9C,FUN_022f86,derived,
0x022F9C,0x022FB2,FUN_022f9c,derived,
0x022FB2,0x022FF8,FUN_022fb2,derived,
0x022FF8,0x023014,FUN_022ff8,derived,
0x023014,0x023046,FUN_023014,derived,
0x023046,0x023076,FUN_023046,derived,
0x023076,0x02307A,FUN_023076,derived,
0x02307A,0x023086,FUN_02307a,derived,
0x023086,0x02309A,FUN_023086,derived,
0x02309A,0x0230BE,FUN_02309a,derived,
0x0230BE,0x023128,FUN_0230be,derived,
0x023128,0x02315A,FUN_023128,derived,
0x02315A,0x023172,FUN_02315a,derived,
0x023172,0x02318A,FUN_023172,derived,
0x02318A,0x02318E,FUN_02318a,derived,
0x02318E,0x0231A6,FUN_02318e,derived,
0x0231A6,0x0231F2,FUN_0231a6,derived,
0x0231F2,0x023226,FUN_0231f2,derived,
0x023226,0x023264,FUN_023226,derived,
0x023264,0x02326A,FUN_023264,derived,
0x02326A,0x02326C,FUN_02326a,derived,
0x02326C,0x02326E,FUN_02326c,derived,
0x02326E,0x023274,FUN_02326e,derived,
0x023274,0x023276,FUN_023274,derived,
0x023276,0x0232A6,FUN_023276,derived,
0x0232A6,0x0232AC,FUN_0232a6,derived,
0x0232AC,0x0233A4,FUN_0232ac,derived,
0x0233A4,0x02341E,FUN_0233a4,derived,
0x02341E,0x02342E,FUN_02341e,derived,
0x02342E,0x02343C,FUN_02342e,derived,
0x02343C,0x02344A,FUN_02343c,derived,
0x02344A,0x02344E,FUN_02344a,derived,
0x02344E,0x023496,FUN_02344e,derived,
0x023496,0x023522,FUN_023496,derived,
0x023522,0x023528,FUN_023522,derived,
0x023528,0x02352C,FUN_023528,derived,
0x02352C,0x02353A,FUN_02352c,derived,
0x02353A,0x023540,FUN_02353a,derived,
0x023540,0x0235A8,FUN_023540,derived,
0x0235A8,0x0235B2,FUN_0235a8,derived,
0x0235B2,0x0235CC,FUN_0235b2,derived,
0x0235CC,0x0235D6,FUN_0235cc,derived,
0x0235D6,0x02361C,FUN_0235d6,derived,
0x02361C,0x02374C,FUN_02361c,derived,
0x02374C,0x023772,FUN_02374c,derived,
0x023772,0x023784,FUN_023772,derived,
0x023784,0x0237BC,FUN_023784,derived,
0x0237BC,0x0237D2,FUN_0237bc,derived,
0x0237D2,0x0237DA,FUN_0237d2,derived,
0x0237DA,0x0237EE,FUN_0237da,derived,
0x0237EE,0x0237F4,FUN_0237ee,derived,
0x0237F4,0x0237F8,FUN_0237f4,derived,
0x0237F8,0x023818,FUN_0237f8,derived,
0x023818,0x023858,FUN_023818,derived,
0x023858,0x02385E,FUN_023858,derived,
0x02385E,0x02389E,FUN_02385e,derived,
0x02389E,0x0238A0,FUN_02389e,derived,
0x0238A0,0x0238A2,FUN_0238a0,derived,
0x0238A2,0x0238AA,FUN_0238a2,derived,
0x0238AA,0x0238B6,FUN_0238aa,derived,
0x0238B6,0x0238C2,FUN_0238b6,derived,
0x0238C2,0x0238CA,FUN_0238c2,derived,
0x0238CA,0x0238E4,FUN_0238ca,derived,
0x0238E4,0x023902,FUN_0238e4,derived,
0x023902,0x023916,FUN_023902,derived,
0x023916,0x02391C,FUN_023916,derived,
0x02391C,0x0239B2,FUN_02391c,derived,
0x0239B2,0x0239B6,FUN_0239b2,derived,
0x0239B6,0x0239BA,FUN_0239b6,derived,
0x0239BA,0x0239CE,FUN_0239ba,derived,
0x0239CE,0x0239E6,FUN_0239ce,derived,
0x0239E6,0x0239EE,FUN_0239e6,derived,
0x0239EE,0x0239FA,FUN_0239ee,derived,
0x0239FA,0x0239FC,FUN_0239fa,derived,
0x0239FC,0x023A04,FUN_0239fc,derived,
0x023A04,0x023A06,FUN_023a04,derived,
0x023A06,0x023A16,FUN_023a06,derived,
0x023A16,0x023A64,FUN_023a16,derived,
0x023A64,0x023ABA,FUN_023a64,derived,
0x023ABA,0x023ABE,FUN_023aba,derived,
0x023ABE,0x023AC2,FUN_023abe,derived,
0x023AC2,0x023B3C,FUN_023ac2,derived,
0x023B3C,0x023B6A,FUN_023b3c,derived,
0x023B6A,0x023B94,FUN_023b6a,derived,
0x023B94,0x023BE0,FUN_023b94,derived,
0x023BE0,0x023BF6,FUN_023be0,derived,
0x023BF6,0x023C0E,FUN_023bf6,derived,
0x023C0E,0x023C1A,FUN_023c0e,derived,
0x023C1A,0x023C40,FUN_023c1a,derived,
0x023C40,0x023C60,FUN_023c40,derived,
0x023C60,0x023CAC,FUN_023c60,derived,
0x023CAC,0x023CDA,FUN_023cac,derived,
0x023CDA,0x023D06,FUN_023cda,derived,
0x023D06,0x023D10,FUN_023d06,derived,
0x023D10,0x023D12,FUN_023d10,derived,
0x023D12,0x023D32,FUN_023d12,derived,
0x023D32,0x023DAE,FUN_023d32,derived,
0x023DAE,0x023DBA,FUN_023dae,derived,
0x023DBA,0x023DC6,FUN_023dba,derived,
0x023DC6,0x023DCC,FUN_023dc6,derived,
0x023DCC,0x023DDC,FUN_023dcc,derived,
0x023DDC,0x023DE2,FUN_023ddc,derived,
0x023DE2,0x023DEE,FUN_023de2,derived,
0x023DEE,0x023E0E,FUN_023dee,derived,
0x023E0E,0x023E16,FUN_023e0e,derived,
0x023E16,0x023E32,FUN_023e16,derived,
0x023E32,0x023E3C,FUN_023e32,derived,
0x023E3C,0x023E6C,FUN_023e3c,derived,
0x023E6C,0x023E88,FUN_023e6c,derived,
0x023E88,0x023EB0,FUN_023e88,derived,
0x023EB0,0x023F40,FUN_023eb0,derived,
0x023F40,0x023F90,FUN_023f40,derived,
0x023F90,0x023F98,FUN_023f90,derived,
0x023F98,0x023FB4,FUN_023f98,derived,
0x023FB4,0x023FBE,FUN_023fb4,derived,
0x023FBE,0x023FC2,FUN_023fbe,derived,
0x023FC2,0x023FC6,FUN_023fc2,derived,
0x023FC6,0x023FCA,FUN_023fc6,derived,
0x023FCA,0x023FD0,FUN_023fca,derived,
0x023FD0,0x023FDA,FUN_023fd0,derived,
0x023FDA,0x023FE0,FUN_023fda,derived,
0x023FE0,0x023FEE,FUN_023fe0,derived,
0x023FEE,0x024020,FUN_023fee,derived,
0x024020,0x024040,FUN_024020,derived,
0x024040,0x024054,FUN_024040,derived,
0x024054,0x024098,FUN_024054,derived,
0x024098,0x0240A6,FUN_024098,derived,
0x0240A6,0x0240B8,FUN_0240a6,derived,
0x0240B8,0x024104,FUN_0240b8,derived,
0x024104,0x0242C8,FUN_024104,derived,
0x0242C8,0x0242FC,FUN_0242c8,derived,
0x0242FC,0x0242FE,FUN_0242fc,derived,
0x0242FE,0x024326,FUN_0242fe,derived,
0x024326,0x024416,FUN_024326,derived,
0x024416,0x024422,FUN_024416,derived,
0x024422,0x024428,FUN_024422,derived,
0x024428,0x02443E,FUN_024428,derived,
0x02443E,0x02444A,FUN_02443e,derived,
0x02444A,0x02444E,FUN_02444a,derived,
0x02444E,0x024490,FUN_02444e,derived,
0x024490,0x024496,FUN_024490,derived,
0x024496,0x0244CE,FUN_024496,derived,
0x0244CE,0x024540,FUN_0244ce,derived,
0x024540,0x024576,FUN_024540,derived,
0x024576,0x024596,FUN_024576,derived,
0x024596,0x0245D2,FUN_024596,derived,
0x0245D2,0x0245E6,FUN_0245d2,derived,
0x0245E6,0x02468A,FUN_0245e6,derived,
0x02468A,0x0246BC,FUN_02468a,derived,
0x0246BC,0x0246C8,FUN_0246bc,derived,
0x0246C8,0x0246CA,FUN_0246c8,derived,
0x0246CA,0x0246E2,FUN_0246ca,derived,
0x0246E2,0x024712,FUN_0246e2,derived,
0x024712,0x024722,FUN_024712,derived,
0x024722,0x024726,FUN_024722,derived,
0x024726,0x024732,FUN_024726,derived,
0x024732,0x024782,FUN_024732,derived,
0x024782,0x0247C2,FUN_024782,derived,
0x0247C2,0x024828,FUN_0247c2,derived,
0x024828,0x02482E,FUN_024828,derived,
0x02482E,0x024834,FUN_02482e,derived,
0x024834,0x02483A,FUN_024834,derived,
0x02483A,0x02486E,FUN_02483a,derived,
0x02486E,0x0248A2,FUN_02486e,derived,
0x0248A2,0x0248AE,FUN_0248a2,derived,
0x0248AE,0x0248B6,FUN_0248ae,derived,
0x0248B6,0x02490A,FUN_0248b6,derived,
0x02490A,0x02493A,FUN_02490a,derived,
0x02493A,0x02494C,FUN_02493a,derived,
0x02494C,0x024A8A,FUN_02494c,derived,
0x024A8A,0x024AFE,FUN_024a8a,derived,
0x024AFE,0x024B20,FUN_024afe,derived,
0x024B20,0x024B22,FUN_024b20,derived,
0x024B22,0x024B70,FUN_024b22,derived,
0x024B70,0x024B7A,FUN_024b70,derived,
0x024B7A,0x024B8E,FUN_024b7a,derived,
0x024B8E,0x024B9A,FUN_024b8e,derived,
0x024B9A,0x024BAC,FUN_024b9a,derived,
0x024BAC,0x024BB2,FUN_024bac,derived,
0x024BB2,0x024BB8,FUN_024bb2,derived,
0x024BB8,0x024BBE,FUN_024bb8,derived,
0x024BBE,0x024BC4,FUN_024bbe,derived,
0x024BC4,0x024BFC,FUN_024bc4,derived,
0x024BFC,0x024C9E,FUN_024bfc,derived,
0x024C9E,0x024CB0,FUN_024c9e,derived,
0x024CB0,0x024D3E,FUN_024cb0,derived,
0x024D3E,0x024D42,FUN_024d3e,derived,
0x024D42,0x024D46,FUN_024d42,derived,
0x024D46,0x024D4A,FUN_024d46,derived,
0x024D4A,0x024D4E,FUN_024d4a,derived,
0x024D4E,0x024D52,FUN_024d4e,derived,
0x024D52,0x024D56,FUN_024d52,derived,
0x024D56,0x024D5A,FUN_024d56,derived,
0x024D5A,0x024D5E,FUN_024d5a,derived,
0x024D5E,0x024D62,FUN_024d5e,derived,
0x024D62,0x024D66,FUN_024d62,derived,
0x024D66,0x024DAA,FUN_024d66,derived,
0x024DAA,0x024DCC,FUN_024daa,derived,
0x024DCC,0x024DDE,FUN_024dcc,derived,
0x024DDE,0x024E6E,FUN_024dde,derived,
0x024E6E,0x024E72,FUN_024e6e,derived,
0x024E72,0x024E76,FUN_024e72,derived,
0x024E76,0x024E7A,FUN_024e76,derived,
0x024E7A,0x024E7E,FUN_024e7a,derived,
0x024E7E,0x024E82,FUN_024e7e,derived,
0x024E82,0x024E86,FUN_024e82,derived,
0x024E86,0x024E8A,FUN_024e86,derived,
0x024E8A,0x024E8E,FUN_024e8a,derived,
0x024E8E,0x024EE6,FUN_024e8e,derived,
0x024EE6,0x024EF4,FUN_024ee6,derived,
0x024EF4,0x024EF8,FUN_024ef4,derived,
0x024EF8,0x024F06,FUN_024ef8,derived,
0x024F06,0x024FB2,FUN_024f06,derived,
0x024FB2,0x024FB6,FUN_024fb2,derived,
0x024FB6,0x024FBA,FUN_024fb6,derived,
0x024FBA,0x024FBE,FUN_024fba,derived,
0x024FBE,0x024FC2,FUN_024fbe,derived,
0x024FC2,0x024FC6,FUN_024fc2,derived,
0x024FC6,0x024FCA,FUN_024fc6,derived,
0x024FCA,0x024FCE,FUN_024fca,derived,
0x024FCE,0x024FD2,FUN_024fce,derived,
0x024FD2,0x024FD6,FUN_024fd2,derived,
0x024FD6,0x02501E,FUN_024fd6,derived,
0x02501E,0x025030,FUN_02501e,derived,
0x025030,0x0250EE,FUN_025030,derived,
0x0250EE,0x0250F2,FUN_0250ee,derived,
0x0250F2,0x0250F6,FUN_0250f2,derived,
0x0250F6,0x0250FA,FUN_0250f6,derived,
0x0250FA,0x0250FE,FUN_0250fa,derived,
0x0250FE,0x025102,FUN_0250fe,derived,
0x025102,0x025106,FUN_025102,derived,
0x025106,0x02510A,FUN_025106,derived,
0x02510A,0x02510E,FUN_02510a,derived,
0x02510E,0x025112,FUN_02510e,derived,
0x025112,0x025148,FUN_025112,derived,
0x025148,0x02515A,FUN_025148,derived,
0x02515A,0x0251F6,FUN_02515a,derived,
0x0251F6,0x0251FA,FUN_0251f6,derived,
0x0251FA,0x0251FE,FUN_0251fa,derived,
0x0251FE,0x025202,FUN_0251fe,derived,
0x025202,0x025206,FUN_025202,derived,
0x025206,0x02520A,FUN_025206,derived,
0x02520A,0x02520E,FUN_02520a,derived,
0x02520E,0x025212,FUN_02520e,derived,
0x025212,0x02523A,FUN_025212,derived,
0x02523A,0x02524C,FUN_02523a,derived,
0x02524C,0x02527E,FUN_02524c,derived,
0x02527E,0x025288,FUN_02527e,derived,
0x025288,0x025292,FUN_025288,derived,
0x025292,0x02529E,FUN_025292,derived,
0x02529E,0x0252A2,FUN_02529e,derived,
0x0252A2,0x0252A6,FUN_0252a2,derived,
0x0252A6,0x0252AA,FUN_0252a6,derived,
0x0252AA,0x0252AE,FUN_0252aa,derived,
0x0252AE,0x0252B2,FUN_0252ae,derived,
0x0252B2,0x025304,FUN_0252b2,derived,
0x025304,0x025308,FUN_025304,derived,
0x025308,0x02530E,FUN_025308,derived,
0x02530E,0x025312,FUN_02530e,derived,
0x025312,0x02531A,FUN_025312,derived,
0x02531A,0x025320,FUN_02531a,derived,
0x025320,0x025324,FUN_025320,derived,
0x025324,0x025388,FUN_025324,derived,
0x025388,0x0253CC,FUN_025388,derived,
0x0253CC,0x0253EC,getAutoTransCal??,ghidra-hand-xmap,
0x0253EC,0x0253F2,FUN_0253ec,derived,
0x0253F2,0x0253F6,FUN_0253f2,derived,
0x0253F6,0x0253FC,FUN_0253f6,derived,
0x0253FC,0x025400,FUN_0253fc,derived,
0x025400,0x025404,FUN_025400,derived,
0x025404,0x025408,FUN_025404,derived,
0x025408,0x02540C,FUN_025408,derived,
0x02540C,0x025410,FUN_02540c,derived,
0x025410,0x025414,FUN_025410,derived,
0x025414,0x025418,FUN_025414,derived,
0x025418,0x02541C,FUN_025418,derived,
0x02541C,0x025420,FUN_02541c,derived,
0x025420,0x025454,FUN_025420,derived,
0x025454,0x025508,FUN_025454,derived,
0x025508,0x02550C,FUN_025508,derived,
0x02550C,0x025512,FUN_02550c,derived,
0x025512,0x025516,FUN_025512,derived,
0x025516,0x02551A,FUN_025516,derived,
0x02551A,0x025538,FUN_02551a,derived,
0x025538,0x02553C,FUN_025538,derived,
0x02553C,0x025540,FUN_02553c,derived,
0x025540,0x025544,FUN_025540,derived,
0x025544,0x025548,FUN_025544,derived,
0x025548,0x02554C,FUN_025548,derived,
0x02554C,0x025550,FUN_02554c,derived,
0x025550,0x0255EA,FUN_025550,derived,
0x0255EA,0x0255EE,FUN_0255ea,derived,
0x0255EE,0x0255F2,FUN_0255ee,derived,
0x0255F2,0x025648,FUN_0255f2,derived,
0x025648,0x02564A,FUN_025648,derived,
0x02564A,0x02564C,FUN_02564a,derived,
0x02564C,0x025650,FUN_02564c,derived,
0x025650,0x025654,FUN_025650,derived,
0x025654,0x025658,FUN_025654,derived,
0x025658,0x02565C,FUN_025658,derived,
0x02565C,0x02565E,FUN_02565c,derived,
0x02565E,0x025668,FUN_02565e,derived,
0x025668,0x02566A,FUN_025668,derived,
0x02566A,0x0256AC,FUN_02566a,derived,
0x0256AC,0x0256BE,FUN_0256ac,derived,
0x0256BE,0x0256C6,FUN_0256be,derived,
0x0256C6,0x0256CE,FUN_0256c6,derived,
0x0256CE,0x0256E2,FUN_0256ce,derived,
0x0256E2,0x0256E6,FUN_0256e2,derived,
0x0256E6,0x0256EA,FUN_0256e6,derived,
0x0256EA,0x0256EE,FUN_0256ea,derived,
0x0256EE,0x0256F2,FUN_0256ee,derived,
0x0256F2,0x0256F8,FUN_0256f2,derived,
0x0256F8,0x0256FC,FUN_0256f8,derived,
0x0256FC,0x025700,FUN_0256fc,derived,
0x025700,0x025704,FUN_025700,derived,
0x025704,0x025708,FUN_025704,derived,
0x025708,0x02570C,FUN_025708,derived,
0x02570C,0x025722,FUN_02570c,derived,
0x025722,0x02572E,FUN_025722,derived,
0x02572E,0x025752,getEngineSpeed,ghidra-hand-xmap,
0x025752,0x0257D6,FUN_025752,derived,
0x0257D6,0x0257F2,calculatePredictedEngineSpeed?,ghidra-hand-xmap,
0x0257F2,0x0257F6,FUN_0257f2,derived,
0x0257F6,0x025802,FUN_0257f6,derived,
0x025802,0x025806,FUN_025802,derived,
0x025806,0x02580A,FUN_025806,derived,
0x02580A,0x025810,FUN_02580a,derived,
0x025810,0x025824,FUN_025810,derived,
0x025824,0x02582C,FUN_025824,derived,
0x02582C,0x025832,FUN_02582c,derived,
0x025832,0x025844,FUN_025832,derived,
0x025844,0x025854,FUN_025844,derived,
0x025854,0x025862,FUN_025854,derived,
0x025862,0x025870,FUN_025862,derived,
0x025870,0x025878,FUN_025870,derived,
0x025878,0x0258B8,FUN_025878,derived,
0x0258B8,0x0258EC,FUN_0258b8,derived,
0x0258EC,0x0258F0,FUN_0258ec,derived,
0x0258F0,0x025914,FUN_0258f0,derived,
0x025914,0x02598A,FUN_025914,derived,
0x02598A,0x025998,FUN_02598a,derived,
0x025998,0x0259A8,FUN_025998,derived,
0x0259A8,0x0259F2,FUN_0259a8,derived,
0x0259F2,0x0259FA,FUN_0259f2,derived,
0x0259FA,0x025A02,FUN_0259fa,derived,
0x025A02,0x025A0A,FUN_025a02,derived,
0x025A0A,0x025A20,FUN_025a0a,derived,
0x025A20,0x025A58,FUN_025a20,derived,
0x025A58,0x025A9E,FUN_025a58,derived,
0x025A9E,0x025AA0,FUN_025a9e,derived,
0x025AA0,0x025AA6,FUN_025aa0,derived,
0x025AA6,0x025AAA,FUN_025aa6,derived,
0x025AAA,0x025AAE,FUN_025aaa,derived,
0x025AAE,0x025AB2,FUN_025aae,derived,
0x025AB2,0x025AB6,FUN_025ab2,derived,
0x025AB6,0x025ACC,FUN_025ab6,derived,
0x025ACC,0x025B18,FUN_025acc,derived,
0x025B18,0x025B26,setValues,ghidra-hand-xmap,
0x025B26,0x025B2E,FUN_025b26,derived,
0x025B2E,0x025B36,FUN_025b2e,derived,
0x025B36,0x025B40,FUN_025b36,derived,
0x025B40,0x025B4A,FUN_025b40,derived,
0x025B4A,0x025B76,FUN_025b4a,derived,
0x025B76,0x025B7E,FUN_025b76,derived,
0x025B7E,0x025BA0,FUN_025b7e,derived,
0x025BA0,0x025BBC,FUN_025ba0,derived,
0x025BBC,0x025BC2,FUN_025bbc,derived,
0x025BC2,0x025BD4,FUN_025bc2,derived,
0x025BD4,0x025BD8,FUN_025bd4,derived,
0x025BD8,0x025BDC,FUN_025bd8,derived,
0x025BDC,0x025BE0,FUN_025bdc,derived,
0x025BE0,0x025BE2,FUN_025be0,derived,
0x025BE2,0x025BE4,FUN_025be2,derived,
0x025BE4,0x025C34,FUN_025be4,derived,
0x025C34,0x025C3A,FUN_025c34,derived,
0x025C3A,0x025C40,FUN_025c3a,derived,
0x025C40,0x025C4E,FUN_025c40,derived,
0x025C4E,0x025C58,FUN_025c4e,derived,
0x025C58,0x025C70,FUN_025c58,derived,
0x025C70,0x025C90,FUN_025c70,derived,
0x025C90,0x025CB2,FUN_025c90,derived,
0x025CB2,0x025CC0,FUN_025cb2,derived,
0x025CC0,0x025CF0,FUN_025cc0,derived,
0x025CF0,0x025CFE,FUN_025cf0,derived,
0x025CFE,0x025D00,FUN_025cfe,derived,
0x025D00,0x025D26,FUN_025d00,derived,
0x025D26,0x025D98,FUN_025d26,derived,
0x025D98,0x025DA0,FUN_025d98,derived,
0x025DA0,0x025DAC,FUN_025da0,derived,
0x025DAC,0x025DAE,FUN_025dac,derived,
0x025DAE,0x025DBA,FUN_025dae,derived,
0x025DBA,0x025DF0,FUN_025dba,derived,
0x025DF0,0x025DF4,FUN_025df0,derived,
0x025DF4,0x025E14,FUN_025df4,derived,
0x025E14,0x025E88,FUN_025e14,derived,
0x025E88,0x025E9C,FUN_025e88,derived,
0x025E9C,0x025EA6,FUN_025e9c,derived,
0x025EA6,0x025EC4,FUN_025ea6,derived,
0x025EC4,0x025EDA,FUN_025ec4,derived,
0x025EDA,0x025EEA,FUN_025eda,derived,
0x025EEA,0x025EFC,FUN_025eea,derived,
0x025EFC,0x025F98,FUN_025efc,derived,
0x025F98,0x025FDA,FUN_025f98,derived,
0x025FDA,0x025FE2,FUN_025fda,derived,
0x025FE2,0x025FE4,FUN_025fe2,derived,
0x025FE4,0x025FEA,FUN_025fe4,derived,
0x025FEA,0x025FEC,FUN_025fea,derived,
0x025FEC,0x025FF2,FUN_025fec,derived,
0x025FF2,0x025FF6,FUN_025ff2,derived,
0x025FF6,0x025FF8,FUN_025ff6,derived,
0x025FF8,0x025FFC,FUN_025ff8,derived,
0x025FFC,0x026012,FUN_025ffc,derived,
0x026012,0x026018,FUN_026012,derived,
0x026018,0x026044,FUN_026018,derived,
0x026044,0x026096,alternatorStuff,ghidra-hand-xmap,
0x026096,0x0260DC,FUN_026096,derived,
0x0260DC,0x0260E2,FUN_0260dc,derived,
0x0260E2,0x0260E8,FUN_0260e2,derived,
0x0260E8,0x0260FC,FUN_0260e8,derived,
0x0260FC,0x02619A,FUN_0260fc,derived,
0x02619A,0x0261AC,getBatteryVoltageStatus,ghidra-hand-xmap,
0x0261AC,0x0261F0,FUN_0261ac,derived,
0x0261F0,0x0261F2,FUN_0261f0,derived,
0x0261F2,0x026204,FUN_0261f2,derived,
0x026204,0x026212,FUN_026204,derived,
0x026212,0x026298,FUN_026212,derived,
0x026298,0x0262DC,getAlternatorFaultStatus,ghidra-hand-xmap,
0x0262DC,0x026308,FUN_0262dc,derived,
0x026308,0x026332,FUN_026308,derived,
0x026332,0x02633E,FUN_026332,derived,
0x02633E,0x026340,FUN_02633e,derived,
0x026340,0x026344,FUN_026340,derived,
0x026344,0x026350,FUN_026344,derived,
0x026350,0x02635C,FUN_026350,derived,
0x02635C,0x026362,FUN_02635c,derived,
0x026362,0x026376,FUN_026362,derived,
0x026376,0x026382,FUN_026376,derived,
0x026382,0x02639A,FUN_026382,derived,
0x02639A,0x02644C,FUN_02639a,derived,
0x02644C,0x02646A,calculate12VBatteryTemperature,ghidra-hand-xmap,
0x02646A,0x026470,FUN_02646a,derived,
0x026470,0x026476,FUN_026470,derived,
0x026476,0x026478,FUN_026476,derived,
0x026478,0x02647A,FUN_026478,derived,
0x02647A,0x026490,FUN_02647a,derived,
0x026490,0x026520,FUN_026490,derived,
0x026520,0x0265C6,FUN_026520,derived,
0x0265C6,0x026686,FUN_0265c6,derived,
0x026686,0x026698,FUN_026686,derived,
0x026698,0x02678A,FUN_026698,derived,
0x02678A,0x026790,FUN_02678a,derived,
0x026790,0x02679A,FUN_026790,derived,
0x02679A,0x0267B6,FUN_02679a,derived,
0x0267B6,0x0267BA,FUN_0267b6,derived,
0x0267BA,0x0267BC,FUN_0267ba,derived,
0x0267BC,0x02683A,FUN_0267bc,derived,
0x02683A,0x026906,FUN_02683a,derived,
0x026906,0x02691A,FUN_026906,derived,
0x02691A,0x026954,FUN_02691a,derived,
0x026954,0x0269D8,FUN_026954,derived,
0x0269D8,0x0269E6,FUN_0269d8,derived,
0x0269E6,0x026A94,FUN_0269e6,derived,
0x026A94,0x026A96,FUN_026a94,derived,
0x026A96,0x026AA0,FUN_026a96,derived,
0x026AA0,0x026AAA,FUN_026aa0,derived,
0x026AAA,0x026AD8,FUN_026aaa,derived,
0x026AD8,0x026BE2,FUN_026ad8,derived,
0x026BE2,0x026C62,FUN_026be2,derived,
0x026C62,0x026C80,FUN_026c62,derived,
0x026C80,0x026CAC,FUN_026c80,derived,
0x026CAC,0x026CB0,FUN_026cac,derived,
0x026CB0,0x026CB8,FUN_026cb0,derived,
0x026CB8,0x026CCC,FUN_026cb8,derived,
0x026CCC,0x026D86,FUN_026ccc,derived,
0x026D86,0x026DA2,FUN_026d86,derived,
0x026DA2,0x026DA6,FUN_026da2,derived,
0x026DA6,0x026DAC,FUN_026da6,derived,
0x026DAC,0x026DBA,FUN_026dac,derived,
0x026DBA,0x026DC4,FUN_026dba,derived,
0x026DC4,0x026DF2,FUN_026dc4,derived,
0x026DF2,0x026DF8,FUN_026df2,derived,
0x026DF8,0x026E06,FUN_026df8,derived,
0x026E06,0x026E14,FUN_026e06,derived,
0x026E14,0x026E26,FUN_026e14,derived,
0x026E26,0x026E30,FUN_026e26,derived,
0x026E30,0x026E3A,FUN_026e30,derived,
0x026E3A,0x026E4E,FUN_026e3a,derived,
0x026E4E,0x026EB0,FUN_026e4e,derived,
0x026EB0,0x026EB6,FUN_026eb0,derived,
0x026EB6,0x026EBC,FUN_026eb6,derived,
0x026EBC,0x026ED6,FUN_026ebc,derived,
0x026ED6,0x026EEC,FUN_026ed6,derived,
0x026EEC,0x026F48,FUN_026eec,derived,
0x026F48,0x026F6A,FUN_026f48,derived,
0x026F6A,0x026F7E,FUN_026f6a,derived,
0x026F7E,0x026F8A,FUN_026f7e,derived,
0x026F8A,0x026F8E,FUN_026f8a,derived,
0x026F8E,0x026FAC,FUN_026f8e,derived,
0x026FAC,0x026FB4,FUN_026fac,derived,
0x026FB4,0x026FC2,FUN_026fb4,derived,
0x026FC2,0x026FD8,FUN_026fc2,derived,
0x026FD8,0x026FE2,FUN_026fd8,derived,
0x026FE2,0x027080,FUN_026fe2,derived,
0x027080,0x027084,FUN_027080,derived,
0x027084,0x02708C,FUN_027084,derived,
0x02708C,0x0270D2,FUN_02708c,derived,
0x0270D2,0x0270DC,FUN_0270d2,derived,
0x0270DC,0x0270DE,FUN_0270dc,derived,
0x0270DE,0x0270E8,FUN_0270de,derived,
0x0270E8,0x0270EA,FUN_0270e8,derived,
0x0270EA,0x0270EC,FUN_0270ea,derived,
0x0270EC,0x0270F8,FUN_0270ec,derived,
0x0270F8,0x027102,FUN_0270f8,derived,
0x027102,0x02710E,FUN_027102,derived,
0x02710E,0x027132,FUN_02710e,derived,
0x027132,0x027174,FUN_027132,derived,
0x027174,0x02718C,FUN_027174,derived,
0x02718C,0x027196,FUN_02718c,derived,
0x027196,0x02719E,FUN_027196,derived,
0x02719E,0x0271AA,FUN_02719e,derived,
0x0271AA,0x0271BA,FUN_0271aa,derived,
0x0271BA,0x0271C6,FUN_0271ba,derived,
0x0271C6,0x0271D2,FUN_0271c6,derived,
0x0271D2,0x0271E4,FUN_0271d2,derived,
0x0271E4,0x027200,FUN_0271e4,derived,
0x027200,0x027204,FUN_027200,derived,
0x027204,0x02721C,FUN_027204,derived,
0x02721C,0x02722C,FUN_02721c,derived,
0x02722C,0x027258,FUN_02722c,derived,
0x027258,0x027264,FUN_027258,derived,
0x027264,0x0272A6,FUN_027264,derived,
0x0272A6,0x0272B2,FUN_0272a6,derived,
0x0272B2,0x0272C6,FUN_0272b2,derived,
0x0272C6,0x0272C8,FUN_0272c6,derived,
0x0272C8,0x0272CA,FUN_0272c8,derived,
0x0272CA,0x0272D2,FUN_0272ca,derived,
0x0272D2,0x0272E0,FUN_0272d2,derived,
0x0272E0,0x0272F8,FUN_0272e0,derived,
0x0272F8,0x0272FC,FUN_0272f8,derived,
0x0272FC,0x027300,FUN_0272fc,derived,
0x027300,0x027308,FUN_027300,derived,
0x027308,0x02730C,FUN_027308,derived,
0x02730C,0x027310,FUN_02730c,derived,
0x027310,0x027312,FUN_027310,derived,
0x027312,0x027316,FUN_027312,derived,
0x027316,0x027334,FUN_027316,derived,
0x027334,0x027338,FUN_027334,derived,
0x027338,0x027366,FUN_027338,derived,
0x027366,0x02736A,FUN_027366,derived,
0x02736A,0x02738A,FUN_02736a,derived,
0x02738A,0x02738E,FUN_02738a,derived,
0x02738E,0x027394,FUN_02738e,derived,
0x027394,0x027396,FUN_027394,derived,
0x027396,0x0273A0,FUN_027396,derived,
0x0273A0,0x0273A4,FUN_0273a0,derived,
0x0273A4,0x0273A6,FUN_0273a4,derived,
0x0273A6,0x0273C4,FUN_0273a6,derived,
0x0273C4,0x0273D2,FUN_0273c4,derived,
0x0273D2,0x027418,FUN_0273d2,derived,
0x027418,0x027442,FUN_027418,derived,
0x027442,0x027444,FUN_027442,derived,
0x027444,0x027446,FUN_027444,derived,
0x027446,0x027450,FUN_027446,derived,
0x027450,0x02745A,FUN_027450,derived,
0x02745A,0x027468,FUN_02745a,derived,
0x027468,0x02747A,FUN_027468,derived,
0x02747A,0x027482,FUN_02747a,derived,
0x027482,0x027492,FUN_027482,derived,
0x027492,0x027494,FUN_027492,derived,
0x027494,0x0274DE,FUN_027494,derived,
0x0274DE,0x027508,FUN_0274de,derived,
0x027508,0x027548,FUN_027508,derived,
0x027548,0x02754E,FUN_027548,derived,
0x02754E,0x027550,FUN_02754e,derived,
0x027550,0x027552,FUN_027550,derived,
0x027552,0x02755C,FUN_027552,derived,
0x02755C,0x027568,FUN_02755c,derived,
0x027568,0x027576,FUN_027568,derived,
0x027576,0x027592,FUN_027576,derived,
0x027592,0x027594,FUN_027592,derived,
0x027594,0x0275A6,FUN_027594,derived,
0x0275A6,0x0275BE,FUN_0275a6,derived,
0x0275BE,0x0275C6,FUN_0275be,derived,
0x0275C6,0x0275CC,FUN_0275c6,derived,
0x0275CC,0x0275E4,FUN_0275cc,derived,
0x0275E4,0x02760C,FUN_0275e4,derived,
0x02760C,0x02762C,FUN_02760c,derived,
0x02762C,0x027630,FUN_02762c,derived,
0x027630,0x027652,FUN_027630,derived,
0x027652,0x02765C,FUN_027652,derived,
0x02765C,0x02766A,FUN_02765c,derived,
0x02766A,0x02769A,FUN_02766a,derived,
0x02769A,0x02769C,FUN_02769a,derived,
0x02769C,0x0276EC,FUN_02769c,derived,
0x0276EC,0x0276F2,FUN_0276ec,derived,
0x0276F2,0x027700,FUN_0276f2,derived,
0x027700,0x027704,FUN_027700,derived,
0x027704,0x02771E,FUN_027704,derived,
0x02771E,0x02772A,FUN_02771e,derived,
0x02772A,0x02774E,FUN_02772a,derived,
0x02774E,0x027772,FUN_02774e,derived,
0x027772,0x027778,FUN_027772,derived,
0x027778,0x027780,FUN_027778,derived,
0x027780,0x027798,FUN_027780,derived,
0x027798,0x0277DE,FUN_027798,derived,
0x0277DE,0x0277F2,FUN_0277de,derived,
0x0277F2,0x0277F8,FUN_0277f2,derived,
0x0277F8,0x02781A,FUN_0277f8,derived,
0x02781A,0x02781E,FUN_02781a,derived,
0x02781E,0x027830,FUN_02781e,derived,
0x027830,0x02786E,FUN_027830,derived,
0x02786E,0x02787C,FUN_02786e,derived,
0x02787C,0x02787E,FUN_02787c,derived,
0x02787E,0x0278A4,FUN_02787e,derived,
0x0278A4,0x0278E8,FUN_0278a4,derived,
0x0278E8,0x0278FC,FUN_0278e8,derived,
0x0278FC,0x027906,FUN_0278fc,derived,
0x027906,0x02790A,FUN_027906,derived,
0x02790A,0x02791A,FUN_02790a,derived,
0x02791A,0x02792E,FUN_02791a,derived,
0x02792E,0x027950,FUN_02792e,derived,
0x027950,0x02795A,FUN_027950,derived,
0x02795A,0x027966,FUN_02795a,derived,
0x027966,0x027988,FUN_027966,derived,
0x027988,0x0279A0,FUN_027988,derived,
0x0279A0,0x0279D2,FUN_0279a0,derived,
0x0279D2,0x0279EA,FUN_0279d2,derived,
0x0279EA,0x0279F4,FUN_0279ea,derived,
0x0279F4,0x027A0A,FUN_0279f4,derived,
0x027A0A,0x027A12,FUN_027a0a,derived,
0x027A12,0x027A26,FUN_027a12,derived,
0x027A26,0x027A3E,FUN_027a26,derived,
0x027A3E,0x027A48,FUN_027a3e,derived,
0x027A48,0x027A52,FUN_027a48,derived,
0x027A52,0x027A70,FUN_027a52,derived,
0x027A70,0x027A72,FUN_027a70,derived,
0x027A72,0x027A96,FUN_027a72,derived,
0x027A96,0x027AAA,FUN_027a96,derived,
0x027AAA,0x027AE8,FUN_027aaa,derived,
0x027AE8,0x027AEA,FUN_027ae8,derived,
0x027AEA,0x027AF2,FUN_027aea,derived,
0x027AF2,0x027AFA,FUN_027af2,derived,
0x027AFA,0x027B16,FUN_027afa,derived,
0x027B16,0x027B2C,FUN_027b16,derived,
0x027B2C,0x027B52,FUN_027b2c,derived,
0x027B52,0x027B54,FUN_027b52,derived,
0x027B54,0x027B5E,FUN_027b54,derived,
0x027B5E,0x027B6A,FUN_027b5e,derived,
0x027B6A,0x027B74,FUN_027b6a,derived,
0x027B74,0x027B7E,FUN_027b74,derived,
0x027B7E,0x027BDA,FUN_027b7e,derived,
0x027BDA,0x027C0C,FUN_027bda,derived,
0x027C0C,0x027C16,FUN_027c0c,derived,
0x027C16,0x027C3C,FUN_027c16,derived,
0x027C3C,0x027C56,FUN_027c3c,derived,
0x027C56,0x027C60,FUN_027c56,derived,
0x027C60,0x027C6E,FUN_027c60,derived,
0x027C6E,0x027C82,FUN_027c6e,derived,
0x027C82,0x027C8A,FUN_027c82,derived,
0x027C8A,0x027C92,FUN_027c8a,derived,
0x027C92,0x027C96,FUN_027c92,derived,
0x027C96,0x027CA4,FUN_027c96,derived,
0x027CA4,0x027CB8,FUN_027ca4,derived,
0x027CB8,0x027CBC,FUN_027cb8,derived,
0x027CBC,0x027CCE,FUN_027cbc,derived,
0x027CCE,0x027CD2,FUN_027cce,derived,
0x027CD2,0x027CD6,FUN_027cd2,derived,
0x027CD6,0x027CD8,FUN_027cd6,derived,
0x027CD8,0x027D08,FUN_027cd8,derived,
0x027D08,0x027D0E,FUN_027d08,derived,
0x027D0E,0x027D28,FUN_027d0e,derived,
0x027D28,0x027D38,FUN_027d28,derived,
0x027D38,0x027D9A,FUN_027d38,derived,
0x027D9A,0x027DA4,FUN_027d9a,derived,
0x027DA4,0x027DA8,FUN_027da4,derived,
0x027DA8,0x027DF4,FUN_027da8,derived,
0x027DF4,0x027E68,FUN_027df4,derived,
0x027E68,0x027E86,FUN_027e68,derived,
0x027E86,0x027E8E,FUN_027e86,derived,
0x027E8E,0x027EA2,FUN_027e8e,derived,
0x027EA2,0x027EC6,FUN_027ea2,derived,
0x027EC6,0x027F10,FUN_027ec6,derived,
0x027F10,0x027F24,FUN_027f10,derived,
0x027F24,0x027F58,FUN_027f24,derived,
0x027F58,0x027F62,FUN_027f58,derived,
0x027F62,0x027F64,FUN_027f62,derived,
0x027F64,0x027F6E,FUN_027f64,derived,
0x027F6E,0x027F78,FUN_027f6e,derived,
0x027F78,0x027FD4,FUN_027f78,derived,
0x027FD4,0x027FD6,FUN_027fd4,derived,
0x027FD6,0x027FD8,FUN_027fd6,derived,
0x027FD8,0x02800A,FUN_027fd8,derived,
0x02800A,0x02801E,FUN_02800a,derived,
0x02801E,0x028034,FUN_02801e,derived,
0x028034,0x028050,FUN_028034,derived,
0x028050,0x028058,FUN_028050,derived,
0x028058,0x02805A,FUN_028058,derived,
0x02805A,0x028064,FUN_02805a,derived,
0x028064,0x02806E,FUN_028064,derived,
0x02806E,0x028078,FUN_02806e,derived,
0x028078,0x028080,FUN_028078,derived,
0x028080,0x028082,FUN_028080,derived,
0x028082,0x02808C,FUN_028082,derived,
0x02808C,0x028096,FUN_02808c,derived,
0x028096,0x0280B2,FUN_028096,derived,
0x0280B2,0x028130,FUN_0280b2,derived,
0x028130,0x028146,FUN_028130,derived,
0x028146,0x028150,FUN_028146,derived,
0x028150,0x028162,FUN_028150,derived,
0x028162,0x028180,FUN_028162,derived,
0x028180,0x0281A8,FUN_028180,derived,
0x0281A8,0x0281AE,FUN_0281a8,derived,
0x0281AE,0x0281B4,FUN_0281ae,derived,
0x0281B4,0x0281BA,FUN_0281b4,derived,
0x0281BA,0x0281CC,FUN_0281ba,derived,
0x0281CC,0x0281D0,FUN_0281cc,derived,
0x0281D0,0x0281DA,FUN_0281d0,derived,
0x0281DA,0x0281E8,FUN_0281da,derived,
0x0281E8,0x028212,FUN_0281e8,derived,
0x028212,0x028220,FUN_028212,derived,
0x028220,0x028230,FUN_028220,derived,
0x028230,0x028238,FUN_028230,derived,
0x028238,0x02823A,FUN_028238,derived,
0x02823A,0x02823C,FUN_02823a,derived,
0x02823C,0x028246,FUN_02823c,derived,
0x028246,0x02829E,FUN_028246,derived,
0x02829E,0x0282A4,FUN_02829e,derived,
0x0282A4,0x0282BC,FUN_0282a4,derived,
0x0282BC,0x0282C4,FUN_0282bc,derived,
0x0282C4,0x0282D6,FUN_0282c4,derived,
0x0282D6,0x0282DE,FUN_0282d6,derived,
0x0282DE,0x0282E6,FUN_0282de,derived,
0x0282E6,0x0282FC,FUN_0282e6,derived,
0x0282FC,0x028320,FUN_0282fc,derived,
0x028320,0x02833E,FUN_028320,derived,
0x02833E,0x028344,FUN_02833e,derived,
0x028344,0x028348,FUN_028344,derived,
0x028348,0x028352,FUN_028348,derived,
0x028352,0x028364,FUN_028352,derived,
0x028364,0x028396,FUN_028364,derived,
0x028396,0x0283E4,FUN_028396,derived,
0x0283E4,0x02842A,FUN_0283e4,derived,
0x02842A,0x02843A,FUN_02842a,derived,
0x02843A,0x02844A,FUN_02843a,derived,
0x02844A,0x028452,FUN_02844a,derived,
0x028452,0x028462,FUN_028452,derived,
0x028462,0x028472,FUN_028462,derived,
0x028472,0x028476,FUN_028472,derived,
0x028476,0x028478,FUN_028476,derived,
0x028478,0x028482,FUN_028478,derived,
0x028482,0x028486,FUN_028482,derived,
0x028486,0x028488,FUN_028486,derived,
0x028488,0x0284A2,FUN_028488,derived,
0x0284A2,0x0284BC,FUN_0284a2,derived,
0x0284BC,0x0284C6,FUN_0284bc,derived,
0x0284C6,0x0284C8,FUN_0284c6,derived,
0x0284C8,0x0284D0,FUN_0284c8,derived,
0x0284D0,0x0284D6,FUN_0284d0,derived,
0x0284D6,0x0284DA,FUN_0284d6,derived,
0x0284DA,0x028512,FUN_0284da,derived,
0x028512,0x02852E,FUN_028512,derived,
0x02852E,0x028536,FUN_02852e,derived,
0x028536,0x028540,FUN_028536,derived,
0x028540,0x02859E,FUN_028540,derived,
0x02859E,0x0285AA,FUN_02859e,derived,
0x0285AA,0x0285AC,FUN_0285aa,derived,
0x0285AC,0x0285C6,FUN_0285ac,derived,
0x0285C6,0x0285F2,FUN_0285c6,derived,
0x0285F2,0x0285F8,FUN_0285f2,derived,
0x0285F8,0x0285FC,FUN_0285f8,derived,
0x0285FC,0x02860A,FUN_0285fc,derived,
0x02860A,0x028628,FUN_02860a,derived,
0x028628,0x02863A,FUN_028628,derived,
0x02863A,0x02864E,FUN_02863a,derived,
0x02864E,0x028662,FUN_02864e,derived,
0x028662,0x028664,FUN_028662,derived,
0x028664,0x02868E,FUN_028664,derived,
0x02868E,0x02869E,FUN_02868e,derived,
0x02869E,0x0286A8,FUN_02869e,derived,
0x0286A8,0x0286CA,FUN_0286a8,derived,
0x0286CA,0x0286DA,FUN_0286ca,derived,
0x0286DA,0x0286EC,FUN_0286da,derived,
0x0286EC,0x0286F2,FUN_0286ec,derived,
0x0286F2,0x02873E,FUN_0286f2,derived,
0x02873E,0x028766,FUN_02873e,derived,
0x028766,0x02876A,FUN_028766,derived,
0x02876A,0x0287B4,FUN_02876a,derived,
0x0287B4,0x028834,FUN_0287b4,derived,
0x028834,0x0288DA,FUN_028834,derived,
0x0288DA,0x0288FC,FUN_0288da,derived,
0x0288FC,0x028900,FUN_0288fc,derived,
0x028900,0x02896C,FUN_028900,derived,
0x02896C,0x0289C8,FUN_02896c,derived,
0x0289C8,0x0289CE,FUN_0289c8,derived,
0x0289CE,0x0289E0,FUN_0289ce,derived,
0x0289E0,0x0289F8,FUN_0289e0,derived,
0x0289F8,0x028A06,FUN_0289f8,derived,
0x028A06,0x028A4C,FUN_028a06,derived,
0x028A4C,0x028A60,FUN_028a4c,derived,
0x028A60,0x028AB6,FUN_028a60,derived,
0x028AB6,0x028AE0,FUN_028ab6,derived,
0x028AE0,0x028AE4,FUN_028ae0,derived,
0x028AE4,0x028AEA,FUN_028ae4,derived,
0x028AEA,0x028B1E,FUN_028aea,derived,
0x028B1E,0x028B2A,FUN_028b1e,derived,
0x028B2A,0x028BB4,FUN_028b2a,derived,
0x028BB4,0x028BBA,FUN_028bb4,derived,
0x028BBA,0x028BFC,FUN_028bba,derived,
0x028BFC,0x028C02,FUN_028bfc,derived,
0x028C02,0x028C16,FUN_028c02,derived,
0x028C16,0x028C1C,FUN_028c16,derived,
0x028C1C,0x028C1E,FUN_028c1c,derived,
0x028C1E,0x028C22,FUN_028c1e,derived,
0x028C22,0x028C2A,FUN_028c22,derived,
0x028C2A,0x028C32,FUN_028c2a,derived,
0x028C32,0x028C3E,FUN_028c32,derived,
0x028C3E,0x028CC4,FUN_028c3e,derived,
0x028CC4,0x028CEA,FUN_028cc4,derived,
0x028CEA,0x028CFE,FUN_028cea,derived,
0x028CFE,0x028D4C,FUN_028cfe,derived,
0x028D4C,0x028D74,FUN_028d4c,derived,
0x028D74,0x028DCC,FUN_028d74,derived,
0x028DCC,0x028E18,FUN_028dcc,derived,
0x028E18,0x028E22,FUN_028e18,derived,
0x028E22,0x028E40,FUN_028e22,derived,
0x028E40,0x028E46,FUN_028e40,derived,
0x028E46,0x028E4C,FUN_028e46,derived,
0x028E4C,0x028E4E,FUN_028e4c,derived,
0x028E4E,0x028E52,FUN_028e4e,derived,
0x028E52,0x028E54,FUN_028e52,derived,
0x028E54,0x028E56,FUN_028e54,derived,
0x028E56,0x028E58,FUN_028e56,derived,
0x028E58,0x028E6A,FUN_028e58,derived,
0x028E6A,0x028E6E,FUN_028e6a,derived,
0x028E6E,0x028E84,FUN_028e6e,derived,
0x028E84,0x028E9A,FUN_028e84,derived,
0x028E9A,0x028ECA,FUN_028e9a,derived,
0x028ECA,0x028EDE,FUN_028eca,derived,
0x028EDE,0x028EE4,FUN_028ede,derived,
0x028EE4,0x028F20,FUN_028ee4,derived,
0x028F20,0x028F56,FUN_028f20,derived,
0x028F56,0x028F5E,FUN_028f56,derived,
0x028F5E,0x028F62,FUN_028f5e,derived,
0x028F62,0x028F6C,FUN_028f62,derived,
0x028F6C,0x028F76,FUN_028f6c,derived,
0x028F76,0x028F80,FUN_028f76,derived,
0x028F80,0x028F92,FUN_028f80,derived,
0x028F92,0x028F9A,FUN_028f92,derived,
0x028F9A,0x028FA2,FUN_028f9a,derived,
0x028FA2,0x028FAA,FUN_028fa2,derived,
0x028FAA,0x028FAC,FUN_028faa,derived,
0x028FAC,0x028FB2,FUN_028fac,derived,
0x028FB2,0x028FD2,FUN_028fb2,derived,
0x028FD2,0x028FFC,FUN_028fd2,derived,
0x028FFC,0x029018,FUN_028ffc,derived,
0x029018,0x02901C,FUN_029018,derived,
0x02901C,0x02901E,FUN_02901c,derived,
0x02901E,0x02908E,FUN_02901e,derived,
0x02908E,0x029092,FUN_02908e,derived,
0x029092,0x0290D0,FUN_029092,derived,
0x0290D0,0x029108,FUN_0290d0,derived,
0x029108,0x02912E,FUN_029108,derived,
0x02912E,0x02914E,FUN_02912e,derived,
0x02914E,0x029152,FUN_02914e,derived,
0x029152,0x02915C,FUN_029152,derived,
0x02915C,0x029160,FUN_02915c,derived,
0x029160,0x029164,FUN_029160,derived,
0x029164,0x029166,FUN_029164,derived,
0x029166,0x029168,FUN_029166,derived,
0x029168,0x02916A,FUN_029168,derived,
0x02916A,0x02916E,FUN_02916a,derived,
0x02916E,0x029172,FUN_02916e,derived,
0x029172,0x02918C,FUN_029172,derived,
0x02918C,0x029192,FUN_02918c,derived,
0x029192,0x029248,FUN_029192,derived,
0x029248,0x02927E,FUN_029248,derived,
0x02927E,0x02928A,FUN_02927e,derived,
0x02928A,0x029292,FUN_02928a,derived,
0x029292,0x0292AA,FUN_029292,derived,
0x0292AA,0x0292B6,FUN_0292aa,derived,
0x0292B6,0x0292BA,FUN_0292b6,derived,
0x0292BA,0x0292C2,FUN_0292ba,derived,
0x0292C2,0x0292CA,FUN_0292c2,derived,
0x0292CA,0x0292D2,FUN_0292ca,derived,
0x0292D2,0x0292D8,FUN_0292d2,derived,
0x0292D8,0x0292EE,FUN_0292d8,derived,
0x0292EE,0x0292F0,FUN_0292ee,derived,
0x0292F0,0x029308,FUN_0292f0,derived,
0x029308,0x02931A,FUN_029308,derived,
0x02931A,0x02931C,FUN_02931a,derived,
0x02931C,0x0293FE,FUN_02931c,derived,
0x0293FE,0x029410,FUN_0293fe,derived,
0x029410,0x02941E,FUN_029410,derived,
0x02941E,0x029420,FUN_02941e,derived,
0x029420,0x02945C,FUN_029420,derived,
0x02945C,0x029464,FUN_02945c,derived,
0x029464,0x02946C,FUN_029464,derived,
0x02946C,0x029474,FUN_02946c,derived,
0x029474,0x0294A0,FUN_029474,derived,
0x0294A0,0x0294B4,FUN_0294a0,derived,
0x0294B4,0x0294F0,FUN_0294b4,derived,
0x0294F0,0x029534,FUN_0294f0,derived,
0x029534,0x02953E,FUN_029534,derived,
0x02953E,0x029542,FUN_02953e,derived,
0x029542,0x029546,FUN_029542,derived,
0x029546,0x029548,FUN_029546,derived,
0x029548,0x02954E,FUN_029548,derived,
0x02954E,0x029552,FUN_02954e,derived,
0x029552,0x029554,FUN_029552,derived,
0x029554,0x02955A,FUN_029554,derived,
0x02955A,0x029578,FUN_02955a,derived,
0x029578,0x02957E,FUN_029578,derived,
0x02957E,0x029584,FUN_02957e,derived,
0x029584,0x02958A,FUN_029584,derived,
0x02958A,0x02958C,FUN_02958a,derived,
0x02958C,0x029590,FUN_02958c,derived,
0x029590,0x029596,FUN_029590,derived,
0x029596,0x0295C4,FUN_029596,derived,
0x0295C4,0x0295D6,FUN_0295c4,derived,
0x0295D6,0x0295DE,FUN_0295d6,derived,
0x0295DE,0x0295E8,FUN_0295de,derived,
0x0295E8,0x0295F2,FUN_0295e8,derived,
0x0295F2,0x0295FA,stubByte420TX,ghidra-hand-xmap,
0x0295FA,0x029682,setOilPressureGaugeStatus,ghidra-hand-xmap,
0x029682,0x02968A,FUN_029682,derived,
0x02968A,0x02968E,FUN_02968a,derived,
0x02968E,0x029694,FUN_02968e,derived,
0x029694,0x029698,FUN_029694,derived,
0x029698,0x0296BE,FUN_029698,derived,
0x0296BE,0x0296CC,FUN_0296be,derived,
0x0296CC,0x0296DE,FUN_0296cc,derived,
0x0296DE,0x0296F4,FUN_0296de,derived,
0x0296F4,0x02971C,FUN_0296f4,derived,
0x02971C,0x029738,FUN_02971c,derived,
0x029738,0x029758,canRX_216_stubs?,ghidra-hand-xmap,
0x029758,0x029760,FUN_029758,derived,
0x029760,0x029764,FUN_029760,derived,
0x029764,0x029768,FUN_029764,derived,
0x029768,0x029792,FUN_029768,derived,
0x029792,0x02979A,FUN_029792,derived,
0x02979A,0x0297BA,FUN_02979a,derived,
0x0297BA,0x0297C2,FUN_0297ba,derived,
0x0297C2,0x0297C8,FUN_0297c2,derived,
0x0297C8,0x0297D2,FUN_0297c8,derived,
0x0297D2,0x0297D4,FUN_0297d2,derived,
0x0297D4,0x0297D8,FUN_0297d4,derived,
0x0297D8,0x0297DE,FUN_0297d8,derived,
0x0297DE,0x029824,FUN_0297de,derived,
0x029824,0x02982A,FUN_029824,derived,
0x02982A,0x029860,FUN_02982a,derived,
0x029860,0x0298A4,can216RXUnpack,ghidra-hand-xmap,
0x0298A4,0x029918,FUN_0298a4,derived,
0x029918,0x02992A,FUN_029918,derived,
0x02992A,0x029930,FUN_02992a,derived,
0x029930,0x029932,FUN_029930,derived,
0x029932,0x02993E,FUN_029932,derived,
0x02993E,0x02996E,FUN_02993e,derived,
0x02996E,0x0299A8,FUN_02996e,derived,
0x0299A8,0x0299D0,FUN_0299a8,derived,
0x0299D0,0x0299DA,can216ResetTimer,ghidra-hand-xmap,
0x0299DA,0x029A00,FUN_0299da,derived,
0x029A00,0x029A18,FUN_029a00,derived,
0x029A18,0x029A1C,FUN_029a18,derived,
0x029A1C,0x029A46,FUN_029a1c,derived,
0x029A46,0x029A54,FUN_029a46,derived,
0x029A54,0x029A5A,FUN_029a54,derived,
0x029A5A,0x029A66,FUN_029a5a,derived,
0x029A66,0x029A6E,FUN_029a66,derived,
0x029A6E,0x029A72,FUN_029a6e,derived,
0x029A72,0x029A74,FUN_029a72,derived,
0x029A74,0x029A76,FUN_029a74,derived,
0x029A76,0x029A7C,FUN_029a76,derived,
0x029A7C,0x029A86,FUN_029a7c,derived,
0x029A86,0x029A8A,FUN_029a86,derived,
0x029A8A,0x029A8E,FUN_029a8a,derived,
0x029A8E,0x029A94,FUN_029a8e,derived,
0x029A94,0x029AC4,FUN_029a94,derived,
0x029AC4,0x029ADE,FUN_029ac4,derived,
0x029ADE,0x029AE6,FUN_029ade,derived,
0x029AE6,0x029B2A,FUN_029ae6,derived,
0x029B2A,0x029B4C,FUN_029b2a,derived,
0x029B4C,0x029B52,FUN_029b4c,derived,
0x029B52,0x029B62,FUN_029b52,derived,
0x029B62,0x029B78,FUN_029b62,derived,
0x029B78,0x029B7C,FUN_029b78,derived,
0x029B7C,0x029B82,FUN_029b7c,derived,
0x029B82,0x029B84,FUN_029b82,derived,
0x029B84,0x029B9E,FUN_029b84,derived,
0x029B9E,0x029BAE,FUN_029b9e,derived,
0x029BAE,0x029BB6,FUN_029bae,derived,
0x029BB6,0x029BB8,FUN_029bb6,derived,
0x029BB8,0x029BBC,FUN_029bb8,derived,
0x029BBC,0x029BC2,FUN_029bbc,derived,
0x029BC2,0x029BC4,FUN_029bc2,derived,
0x029BC4,0x029BDE,FUN_029bc4,derived,
0x029BDE,0x029BFE,FUN_029bde,derived,
0x029BFE,0x029C0A,FUN_029bfe,derived,
0x029C0A,0x029C12,FUN_029c0a,derived,
0x029C12,0x029C16,FUN_029c12,derived,
0x029C16,0x029C1A,FUN_029c16,derived,
0x029C1A,0x029C1C,FUN_029c1a,derived,
0x029C1C,0x029C20,FUN_029c1c,derived,
0x029C20,0x029C24,FUN_029c20,derived,
0x029C24,0x029C4A,FUN_029c24,derived,
0x029C4A,0x029C52,FUN_029c4a,derived,
0x029C52,0x029C56,FUN_029c52,derived,
0x029C56,0x029CA0,FUN_029c56,derived,
0x029CA0,0x029CE8,FUN_029ca0,derived,
0x029CE8,0x029CEA,FUN_029ce8,derived,
0x029CEA,0x029D10,FUN_029cea,derived,
0x029D10,0x029D14,FUN_029d10,derived,
0x029D14,0x029D22,FUN_029d14,derived,
0x029D22,0x029D28,FUN_029d22,derived,
0x029D28,0x029D2C,FUN_029d28,derived,
0x029D2C,0x029D3E,FUN_029d2c,derived,
0x029D3E,0x029D4E,FUN_029d3e,derived,
0x029D4E,0x029D7A,FUN_029d4e,derived,
0x029D7A,0x029D88,FUN_029d7a,derived,
0x029D88,0x029D92,FUN_029d88,derived,
0x029D92,0x029DBC,FUN_029d92,derived,
0x029DBC,0x029DC2,FUN_029dbc,derived,
0x029DC2,0x029DEC,FUN_029dc2,derived,
0x029DEC,0x029DEE,FUN_029dec,derived,
0x029DEE,0x029DF4,FUN_029dee,derived,
0x029DF4,0x029E20,FUN_029df4,derived,
0x029E20,0x029E28,FUN_029e20,derived,
0x029E28,0x029E46,FUN_029e28,derived,
0x029E46,0x029E4E,FUN_029e46,derived,
0x029E4E,0x029E56,FUN_029e4e,derived,
0x029E56,0x029E6A,FUN_029e56,derived,
0x029E6A,0x029E74,FUN_029e6a,derived,
0x029E74,0x029E7E,FUN_029e74,derived,
0x029E7E,0x029E88,FUN_029e7e,derived,
0x029E88,0x029E92,FUN_029e88,derived,
0x029E92,0x029ED4,FUN_029e92,derived,
0x029ED4,0x029F22,FUN_029ed4,derived,
0x029F22,0x029F3E,FUN_029f22,derived,
0x029F3E,0x029F6E,FUN_029f3e,derived,
0x029F6E,0x029F80,FUN_029f6e,derived,
0x029F80,0x029F88,FUN_029f80,derived,
0x029F88,0x029F8E,FUN_029f88,derived,
0x029F8E,0x029FBA,FUN_029f8e,derived,
0x029FBA,0x029FD6,FUN_029fba,derived,
0x029FD6,0x029FE8,FUN_029fd6,derived,
0x029FE8,0x029FFE,FUN_029fe8,derived,
0x029FFE,0x02A01E,FUN_029ffe,derived,
0x02A01E,0x02A092,FUN_02a01e,derived,
0x02A092,0x02A0A0,FUN_02a092,derived,
0x02A0A0,0x02A0C0,FUN_02a0a0,derived,
0x02A0C0,0x02A112,FUN_02a0c0,derived,
0x02A112,0x02A124,FUN_02a112,derived,
0x02A124,0x02A1DE,FUN_02a124,derived,
0x02A1DE,0x02A1E4,FUN_02a1de,derived,
0x02A1E4,0x02A23C,FUN_02a1e4,derived,
0x02A23C,0x02A23E,FUN_02a23c,derived,
0x02A23E,0x02A264,FUN_02a23e,derived,
0x02A264,0x02A266,FUN_02a264,derived,
0x02A266,0x02A272,FUN_02a266,derived,
0x02A272,0x02A2A4,FUN_02a272,derived,
0x02A2A4,0x02A2CE,FUN_02a2a4,derived,
0x02A2CE,0x02A2FA,FUN_02a2ce,derived,
0x02A2FA,0x02A2FE,FUN_02a2fa,derived,
0x02A2FE,0x02A31C,FUN_02a2fe,derived,
0x02A31C,0x02A372,FUN_02a31c,derived,
0x02A372,0x02A37A,FUN_02a372,derived,
0x02A37A,0x02A37C,FUN_02a37a,derived,
0x02A37C,0x02A39E,FUN_02a37c,derived,
0x02A39E,0x02A3DC,FUN_02a39e,derived,
0x02A3DC,0x02A3E2,FUN_02a3dc,derived,
0x02A3E2,0x02A40C,can251TX_getAndPack,ghidra-hand-xmap,
0x02A40C,0x02A414,FUN_02a40c,derived,
0x02A414,0x02A44C,FUN_02a414,derived,
0x02A44C,0x02A454,FUN_02a44c,derived,
0x02A454,0x02A482,FUN_02a454,derived,
0x02A482,0x02A48C,FUN_02a482,derived,
0x02A48C,0x02A496,FUN_02a48c,derived,
0x02A496,0x02A4A0,FUN_02a496,derived,
0x02A4A0,0x02A5FE,FUN_02a4a0,derived,
0x02A5FE,0x02A6C2,FUN_02a5fe,derived,
0x02A6C2,0x02A730,FUN_02a6c2,derived,
0x02A730,0x02A7AE,FUN_02a730,derived,
0x02A7AE,0x02A7BE,FUN_02a7ae,derived,
0x02A7BE,0x02A7D6,FUN_02a7be,derived,
0x02A7D6,0x02A7FE,FUN_02a7d6,derived,
0x02A7FE,0x02A896,FUN_02a7fe,derived,
0x02A896,0x02A8AC,FUN_02a896,derived,
0x02A8AC,0x02A8B4,FUN_02a8ac,derived,
0x02A8B4,0x02A8F4,FUN_02a8b4,derived,
0x02A8F4,0x02A926,FUN_02a8f4,derived,
0x02A926,0x02A96C,FUN_02a926,derived,
0x02A96C,0x02A972,FUN_02a96c,derived,
0x02A972,0x02A992,FUN_02a972,derived,
0x02A992,0x02A996,FUN_02a992,derived,
0x02A996,0x02A99A,FUN_02a996,derived,
0x02A99A,0x02A99C,FUN_02a99a,derived,
0x02A99C,0x02A9AE,FUN_02a99c,derived,
0x02A9AE,0x02A9B0,FUN_02a9ae,derived,
0x02A9B0,0x02A9B2,FUN_02a9b0,derived,
0x02A9B2,0x02A9BA,FUN_02a9b2,derived,
0x02A9BA,0x02A9D2,FUN_02a9ba,derived,
0x02A9D2,0x02A9E4,FUN_02a9d2,derived,
0x02A9E4,0x02A9F4,FUN_02a9e4,derived,
0x02A9F4,0x02AA02,FUN_02a9f4,derived,
0x02AA02,0x02AA08,FUN_02aa02,derived,
0x02AA08,0x02AA12,FUN_02aa08,derived,
0x02AA12,0x02AA62,FUN_02aa12,derived,
0x02AA62,0x02AABA,FUN_02aa62,derived,
0x02AABA,0x02AAC8,FUN_02aaba,derived,
0x02AAC8,0x02AAF2,FUN_02aac8,derived,
0x02AAF2,0x02AB10,FUN_02aaf2,derived,
0x02AB10,0x02AB28,FUN_02ab10,derived,
0x02AB28,0x02AB2E,FUN_02ab28,derived,
0x02AB2E,0x02AB32,FUN_02ab2e,derived,
0x02AB32,0x02AB4A,FUN_02ab32,derived,
0x02AB4A,0x02AB4E,FUN_02ab4a,derived,
0x02AB4E,0x02AB6A,FUN_02ab4e,derived,
0x02AB6A,0x02AB86,FUN_02ab6a,derived,
0x02AB86,0x02AB8A,FUN_02ab86,derived,
0x02AB8A,0x02AB8C,FUN_02ab8a,derived,
0x02AB8C,0x02AB96,FUN_02ab8c,derived,
0x02AB96,0x02AB98,FUN_02ab96,derived,
0x02AB98,0x02AB9A,FUN_02ab98,derived,
0x02AB9A,0x02ABA2,FUN_02ab9a,derived,
0x02ABA2,0x02ABB2,FUN_02aba2,derived,
0x02ABB2,0x02ABBA,FUN_02abb2,derived,
0x02ABBA,0x02ABC4,FUN_02abba,derived,
0x02ABC4,0x02ABCA,FUN_02abc4,derived,
0x02ABCA,0x02ABD6,FUN_02abca,derived,
0x02ABD6,0x02AC1E,FUN_02abd6,derived,
0x02AC1E,0x02AC4C,FUN_02ac1e,derived,
0x02AC4C,0x02AC68,FUN_02ac4c,derived,
0x02AC68,0x02AC6C,FUN_02ac68,derived,
0x02AC6C,0x02AC70,FUN_02ac6c,derived,
0x02AC70,0x02AC86,FUN_02ac70,derived,
0x02AC86,0x02AC9C,FUN_02ac86,derived,
0x02AC9C,0x02ACA6,FUN_02ac9c,derived,
0x02ACA6,0x02ACAA,FUN_02aca6,derived,
0x02ACAA,0x02ACCA,FUN_02acaa,derived,
0x02ACCA,0x02ACE2,FUN_02acca,derived,
0x02ACE2,0x02ACF6,FUN_02ace2,derived,
0x02ACF6,0x02AD16,FUN_02acf6,derived,
0x02AD16,0x02ADB2,FUN_02ad16,derived,
0x02ADB2,0x02ADBA,FUN_02adb2,derived,
0x02ADBA,0x02ADC4,FUN_02adba,derived,
0x02ADC4,0x02ADC6,FUN_02adc4,derived,
0x02ADC6,0x02ADCA,FUN_02adc6,derived,
0x02ADCA,0x02ADD8,FUN_02adca,derived,
0x02ADD8,0x02ADDA,FUN_02add8,derived,
0x02ADDA,0x02ADE4,FUN_02adda,derived,
0x02ADE4,0x02ADF6,FUN_02ade4,derived,
0x02ADF6,0x02AE5C,FUN_02adf6,derived,
0x02AE5C,0x02AE74,FUN_02ae5c,derived,
0x02AE74,0x02AE92,FUN_02ae74,derived,
0x02AE92,0x02AEAA,FUN_02ae92,derived,
0x02AEAA,0x02AEBA,FUN_02aeaa,derived,
0x02AEBA,0x02AECE,FUN_02aeba,derived,
0x02AECE,0x02AEF2,FUN_02aece,derived,
0x02AEF2,0x02AF62,FUN_02aef2,derived,
0x02AF62,0x02AF9E,FUN_02af62,derived,
0x02AF9E,0x02AFEE,FUN_02af9e,derived,
0x02AFEE,0x02B002,FUN_02afee,derived,
0x02B002,0x02B006,FUN_02b002,derived,
0x02B006,0x02B008,FUN_02b006,derived,
0x02B008,0x02B024,FUN_02b008,derived,
0x02B024,0x02B02E,FUN_02b024,derived,
0x02B02E,0x02B148,FUN_02b02e,derived,
0x02B148,0x02B14A,FUN_02b148,derived,
0x02B14A,0x02B14C,FUN_02b14a,derived,
0x02B14C,0x02B14E,FUN_02b14c,derived,
0x02B14E,0x02B152,FUN_02b14e,derived,
0x02B152,0x02B154,FUN_02b152,derived,
0x02B154,0x02B156,FUN_02b154,derived,
0x02B156,0x02B15C,FUN_02b156,derived,
0x02B15C,0x02B15E,FUN_02b15c,derived,
0x02B15E,0x02B160,FUN_02b15e,derived,
0x02B160,0x02B162,FUN_02b160,derived,
0x02B162,0x02B168,FUN_02b162,derived,
0x02B168,0x02B192,FUN_02b168,derived,
0x02B192,0x02B19A,FUN_02b192,derived,
0x02B19A,0x02B1AE,FUN_02b19a,derived,
0x02B1AE,0x02B1B6,FUN_02b1ae,derived,
0x02B1B6,0x02B1DC,FUN_02b1b6,derived,
0x02B1DC,0x02B25C,FUN_02b1dc,derived,
0x02B25C,0x02B260,FUN_02b25c,derived,
0x02B260,0x02B262,FUN_02b260,derived,
0x02B262,0x02B2CA,FUN_02b262,derived,
0x02B2CA,0x02B2DA,FUN_02b2ca,derived,
0x02B2DA,0x02B322,FUN_02b2da,derived,
0x02B322,0x02B32E,FUN_02b322,derived,
0x02B32E,0x02B336,FUN_02b32e,derived,
0x02B336,0x02B33E,FUN_02b336,derived,
0x02B33E,0x02B352,FUN_02b33e,derived,
0x02B352,0x02B358,FUN_02b352,derived,
0x02B358,0x02B35E,FUN_02b358,derived,
0x02B35E,0x02B3A6,FUN_02b35e,derived,
0x02B3A6,0x02B3AA,FUN_02b3a6,derived,
0x02B3AA,0x02B3B2,FUN_02b3aa,derived,
0x02B3B2,0x02B3BA,FUN_02b3b2,derived,
0x02B3BA,0x02B3CE,FUN_02b3ba,derived,
0x02B3CE,0x02B3F6,FUN_02b3ce,derived,
0x02B3F6,0x02B4FC,FUN_02b3f6,derived,
0x02B4FC,0x02B502,FUN_02b4fc,derived,
0x02B502,0x02B50A,FUN_02b502,derived,
0x02B50A,0x02B55A,FUN_02b50a,derived,
0x02B55A,0x02B56A,FUN_02b55a,derived,
0x02B56A,0x02B576,FUN_02b56a,derived,
0x02B576,0x02B57E,FUN_02b576,derived,
0x02B57E,0x02B582,FUN_02b57e,derived,
0x02B582,0x02B586,FUN_02b582,derived,
0x02B586,0x02B58C,FUN_02b586,derived,
0x02B58C,0x02B59C,FUN_02b58c,derived,
0x02B59C,0x02B5D0,FUN_02b59c,derived,
0x02B5D0,0x02B662,FUN_02b5d0,derived,
0x02B662,0x02B666,FUN_02b662,derived,
0x02B666,0x02B66E,FUN_02b666,derived,
0x02B66E,0x02B686,FUN_02b66e,derived,
0x02B686,0x02B6A8,FUN_02b686,derived,
0x02B6A8,0x02B6C4,FUN_02b6a8,derived,
0x02B6C4,0x02B6DC,FUN_02b6c4,derived,
0x02B6DC,0x02B6E6,FUN_02b6dc,derived,
0x02B6E6,0x02B6F6,FUN_02b6e6,derived,
0x02B6F6,0x02B702,FUN_02b6f6,derived,
0x02B702,0x02B73A,FUN_02b702,derived,
0x02B73A,0x02B740,FUN_02b73a,derived,
0x02B740,0x02B744,FUN_02b740,derived,
0x02B744,0x02B78C,FUN_02b744,derived,
0x02B78C,0x02B792,FUN_02b78c,derived,
0x02B792,0x02B796,FUN_02b792,derived,
0x02B796,0x02B79A,FUN_02b796,derived,
0x02B79A,0x02B79C,FUN_02b79a,derived,
0x02B79C,0x02B7BA,FUN_02b79c,derived,
0x02B7BA,0x02B7DA,FUN_02b7ba,derived,
0x02B7DA,0x02B7EE,FUN_02b7da,derived,
0x02B7EE,0x02B7F2,FUN_02b7ee,derived,
0x02B7F2,0x02B7FE,FUN_02b7f2,derived,
0x02B7FE,0x02B804,FUN_02b7fe,derived,
0x02B804,0x02B80A,FUN_02b804,derived,
0x02B80A,0x02B810,FUN_02b80a,derived,
0x02B810,0x02B87A,FUN_02b810,derived,
0x02B87A,0x02B880,FUN_02b87a,derived,
0x02B880,0x02B884,FUN_02b880,derived,
0x02B884,0x02B8AA,FUN_02b884,derived,
0x02B8AA,0x02B8AC,FUN_02b8aa,derived,
0x02B8AC,0x02B8D2,FUN_02b8ac,derived,
0x02B8D2,0x02B8E4,FUN_02b8d2,derived,
0x02B8E4,0x02B8F2,FUN_02b8e4,derived,
0x02B8F2,0x02B8FE,FUN_02b8f2,derived,
0x02B8FE,0x02B92A,FUN_02b8fe,derived,
0x02B92A,0x02B974,canrx4b0related,ghidra-hand-xmap,
0x02B974,0x02B976,FUN_02b974,derived,
0x02B976,0x02B97A,FUN_02b976,derived,
0x02B97A,0x02B98A,FUN_02b97a,derived,
0x02B98A,0x02B9B8,FUN_02b98a,derived,
0x02B9B8,0x02B9EA,FUN_02b9b8,derived,
0x02B9EA,0x02B9EC,FUN_02b9ea,derived,
0x02B9EC,0x02B9F0,FUN_02b9ec,derived,
0x02B9F0,0x02BA3A,FUN_02b9f0,derived,
0x02BA3A,0x02BA40,FUN_02ba3a,derived,
0x02BA40,0x02BA58,FUN_02ba40,derived,
0x02BA58,0x02BA68,FUN_02ba58,derived,
0x02BA68,0x02BAAE,FUN_02ba68,derived,
0x02BAAE,0x02BAB6,FUN_02baae,derived,
0x02BAB6,0x02BABE,FUN_02bab6,derived,
0x02BABE,0x02BB0C,FUN_02babe,derived,
0x02BB0C,0x02BB1A,FUN_02bb0c,derived,
0x02BB1A,0x02BB36,FUN_02bb1a,derived,
0x02BB36,0x02BB3E,FUN_02bb36,derived,
0x02BB3E,0x02BB46,FUN_02bb3e,derived,
0x02BB46,0x02BBC6,FUN_02bb46,derived,
0x02BBC6,0x02BBD4,FUN_02bbc6,derived,
0x02BBD4,0x02BBEA,FUN_02bbd4,derived,
0x02BBEA,0x02BBEC,FUN_02bbea,derived,
0x02BBEC,0x02BBFE,FUN_02bbec,derived,
0x02BBFE,0x02BC94,FUN_02bbfe,derived,
0x02BC94,0x02BC9A,FUN_02bc94,derived,
0x02BC9A,0x02BCC4,FUN_02bc9a,derived,
0x02BCC4,0x02BCEA,FUN_02bcc4,derived,
0x02BCEA,0x02BCFA,FUN_02bcea,derived,
0x02BCFA,0x02BD1E,FUN_02bcfa,derived,
0x02BD1E,0x02BD26,FUN_02bd1e,derived,
0x02BD26,0x02BD2C,FUN_02bd26,derived,
0x02BD2C,0x02BD36,FUN_02bd2c,derived,
0x02BD36,0x02BD3A,FUN_02bd36,derived,
0x02BD3A,0x02BD6C,FUN_02bd3a,derived,
0x02BD6C,0x02BDF8,FUN_02bd6c,derived,
0x02BDF8,0x02BE16,FUN_02bdf8,derived,
0x02BE16,0x02BE5A,DSC_checkIfMode_x80,ghidra-hand-xmap,
0x02BE5A,0x02BE64,FUN_02be5a,derived,
0x02BE64,0x02BE6E,FUN_02be64,derived,
0x02BE6E,0x02BE72,FUN_02be6e,derived,
0x02BE72,0x02BE7A,FUN_02be72,derived,
0x02BE7A,0x02BE8C,FUN_02be7a,derived,
0x02BE8C,0x02BEA8,FUN_02be8c,derived,
0x02BEA8,0x02BEDC,DSC_checkIfMode_x40,ghidra-hand-xmap,
0x02BEDC,0x02BEFA,DSC_checkIfMode_x20,ghidra-hand-xmap,
0x02BEFA,0x02BF18,DSC_checkIfMode_x10,ghidra-hand-xmap,
0x02BF18,0x02BF36,FUN_02bf18,derived,
0x02BF36,0x02BF68,FUN_02bf36,derived,
0x02BF68,0x02BF6A,FUN_02bf68,derived,
0x02BF6A,0x02BF9C,checkTorqueRequestValidity,ghidra-hand-xmap,
0x02BF9C,0x02BFBA,FUN_02bf9c,derived,
0x02BFBA,0x02C048,FUN_02bfba,derived,
0x02C048,0x02C052,FUN_02c048,derived,
0x02C052,0x02C080,FUN_02c052,derived,
0x02C080,0x02C084,FUN_02c080,derived,
0x02C084,0x02C08E,FUN_02c084,derived,
0x02C08E,0x02C094,FUN_02c08e,derived,
0x02C094,0x02C09C,FUN_02c094,derived,
0x02C09C,0x02C0A8,FUN_02c09c,derived,
0x02C0A8,0x02C0AC,FUN_02c0a8,derived,
0x02C0AC,0x02C0D2,FUN_02c0ac,derived,
0x02C0D2,0x02C0D8,FUN_02c0d2,derived,
0x02C0D8,0x02C0DC,FUN_02c0d8,derived,
0x02C0DC,0x02C0E6,FUN_02c0dc,derived,
0x02C0E6,0x02C12C,FUN_02c0e6,derived,
0x02C12C,0x02C132,FUN_02c12c,derived,
0x02C132,0x02C15C,can650TX_getAndPack,ghidra-hand-xmap,
0x02C15C,0x02C164,FUN_02c15c,derived,
0x02C164,0x02C168,FUN_02c164,derived,
0x02C168,0x02C172,FUN_02c168,derived,
0x02C172,0x02C174,FUN_02c172,derived,
0x02C174,0x02C176,FUN_02c174,derived,
0x02C176,0x02C17C,FUN_02c176,derived,
0x02C17C,0x02C182,FUN_02c17c,derived,
0x02C182,0x02C188,FUN_02c182,derived,
0x02C188,0x02C192,FUN_02c188,derived,
0x02C192,0x02C1DC,FUN_02c192,derived,
0x02C1DC,0x02C250,FUN_02c1dc,derived,
0x02C250,0x02C272,FUN_02c250,derived,
0x02C272,0x02C278,FUN_02c272,derived,
0x02C278,0x02C27C,FUN_02c278,derived,
0x02C27C,0x02C280,FUN_02c27c,derived,
0x02C280,0x02C284,FUN_02c280,derived,
0x02C284,0x02C28A,FUN_02c284,derived,
0x02C28A,0x02C28E,FUN_02c28a,derived,
0x02C28E,0x02C2A2,FUN_02c28e,derived,
0x02C2A2,0x02C2C2,FUN_02c2a2,derived,
0x02C2C2,0x02C2C8,FUN_02c2c2,derived,
0x02C2C8,0x02C2D0,FUN_02c2c8,derived,
0x02C2D0,0x02C362,writeOilPressureGauge??,ghidra-hand-xmap,
0x02C362,0x02C374,FUN_02c362,derived,
0x02C374,0x02C37C,FUN_02c374,derived,
0x02C37C,0x02C37E,FUN_02c37c,derived,
0x02C37E,0x02C380,FUN_02c37e,derived,
0x02C380,0x02C388,FUN_02c380,derived,
0x02C388,0x02C396,FUN_02c388,derived,
0x02C396,0x02C3A2,FUN_02c396,derived,
0x02C3A2,0x02C3B2,FUN_02c3a2,derived,
0x02C3B2,0x02C47C,FUN_02c3b2,derived,
0x02C47C,0x02C484,FUN_02c47c,derived,
0x02C484,0x02C4E6,FUN_02c484,derived,
0x02C4E6,0x02C548,FUN_02c4e6,derived,
0x02C548,0x02C5D0,checkFuelCutStatusForSomething,ghidra-hand-xmap,
0x02C5D0,0x02C5E8,FUN_02c5d0,derived,
0x02C5E8,0x02C5F0,FUN_02c5e8,derived,
0x02C5F0,0x02C5F8,FUN_02c5f0,derived,
0x02C5F8,0x02C5FE,FUN_02c5f8,derived,
0x02C5FE,0x02C60A,FUN_02c5fe,derived,
0x02C60A,0x02C614,FUN_02c60a,derived,
0x02C614,0x02C616,FUN_02c614,derived,
0x02C616,0x02C622,FUN_02c616,derived,
0x02C622,0x02C62E,FUN_02c622,derived,
0x02C62E,0x02C63A,FUN_02c62e,derived,
0x02C63A,0x02C712,FUN_02c63a,derived,
0x02C712,0x02C720,FUN_02c712,derived,
0x02C720,0x02C726,FUN_02c720,derived,
0x02C726,0x02C72E,FUN_02c726,derived,
0x02C72E,0x02C736,FUN_02c72e,derived,
0x02C736,0x02C852,FUN_02c736,derived,
0x02C852,0x02C86C,FUN_02c852,derived,
0x02C86C,0x02C86E,FUN_02c86c,derived,
0x02C86E,0x02C870,FUN_02c86e,derived,
0x02C870,0x02C874,FUN_02c870,derived,
0x02C874,0x02C876,FUN_02c874,derived,
0x02C876,0x02C87A,FUN_02c876,derived,
0x02C87A,0x02C87C,FUN_02c87a,derived,
0x02C87C,0x02C8A2,FUN_02c87c,derived,
0x02C8A2,0x02C8AC,FUN_02c8a2,derived,
0x02C8AC,0x02C8BE,FUN_02c8ac,derived,
0x02C8BE,0x02C8D2,FUN_02c8be,derived,
0x02C8D2,0x02C912,FUN_02c8d2,derived,
0x02C912,0x02C9B0,debounceGearConditionAutoTransMAYBE,ghidra-hand-xmap,
0x02C9B0,0x02C9B4,FUN_02c9b0,derived,
0x02C9B4,0x02C9C8,FUN_02c9b4,derived,
0x02C9C8,0x02C9D4,FUN_02c9c8,derived,
0x02C9D4,0x02C9DE,FUN_02c9d4,derived,
0x02C9DE,0x02CAD2,FUN_02c9de,derived,
0x02CAD2,0x02CAD4,FUN_02cad2,derived,
0x02CAD4,0x02CADA,FUN_02cad4,derived,
0x02CADA,0x02CADC,FUN_02cada,derived,
0x02CADC,0x02CAE6,FUN_02cadc,derived,
0x02CAE6,0x02CAEE,FUN_02cae6,derived,
0x02CAEE,0x02CAF2,FUN_02caee,derived,
0x02CAF2,0x02CB1C,FUN_02caf2,derived,
0x02CB1C,0x02CB2E,FUN_02cb1c,derived,
0x02CB2E,0x02CB6A,FUN_02cb2e,derived,
0x02CB6A,0x02CB6E,FUN_02cb6a,derived,
0x02CB6E,0x02CD28,FUN_02cb6e,derived,
0x02CD28,0x02CD2E,FUN_02cd28,derived,
0x02CD2E,0x02CD58,FUN_02cd2e,derived,
0x02CD58,0x02CD60,FUN_02cd58,derived,
0x02CD60,0x02CD6A,FUN_02cd60,derived,
0x02CD6A,0x02CD6C,FUN_02cd6a,derived,
0x02CD6C,0x02CD74,FUN_02cd6c,derived,
0x02CD74,0x02CD7E,FUN_02cd74,derived,
0x02CD7E,0x02CD8A,FUN_02cd7e,derived,
0x02CD8A,0x02CD96,FUN_02cd8a,derived,
0x02CD96,0x02CD9C,FUN_02cd96,derived,
0x02CD9C,0x02CDAA,FUN_02cd9c,derived,
0x02CDAA,0x02CDB4,FUN_02cdaa,derived,
0x02CDB4,0x02CDC0,FUN_02cdb4,derived,
0x02CDC0,0x02CDC8,FUN_02cdc0,derived,
0x02CDC8,0x02CDCE,FUN_02cdc8,derived,
0x02CDCE,0x02CDD0,FUN_02cdce,derived,
0x02CDD0,0x02CDD8,FUN_02cdd0,derived,
0x02CDD8,0x02CE0C,FUN_02cdd8,derived,
0x02CE0C,0x02CE24,dscDerateInit?,ghidra-hand-xmap,
0x02CE24,0x02CE6A,FUN_02ce24,derived,
0x02CE6A,0x02CEB8,FUN_02ce6a,derived,
0x02CEB8,0x02CEE6,getCondtionsForSomething,ghidra-hand-xmap,
0x02CEE6,0x02CEEA,FUN_02cee6,derived,
0x02CEEA,0x02CEF0,FUN_02ceea,derived,
0x02CEF0,0x02CEF4,FUN_02cef0,derived,
0x02CEF4,0x02CF08,FUN_02cef4,derived,
0x02CF08,0x02CF0A,FUN_02cf08,derived,
0x02CF0A,0x02CF26,FUN_02cf0a,derived,
0x02CF26,0x02CF3A,FUN_02cf26,derived,
0x02CF3A,0x02CF60,FUN_02cf3a,derived,
0x02CF60,0x02CF62,FUN_02cf60,derived,
0x02CF62,0x02CFBC,FUN_02cf62,derived,
0x02CFBC,0x02CFD2,FUN_02cfbc,derived,
0x02CFD2,0x02CFFA,FUN_02cfd2,derived,
0x02CFFA,0x02D014,FUN_02cffa,derived,
0x02D014,0x02D052,FUN_02d014,derived,
0x02D052,0x02D088,FUN_02d052,derived,
0x02D088,0x02D0CE,FUN_02d088,derived,
0x02D0CE,0x02D108,FUN_02d0ce,derived,
0x02D108,0x02D11A,FUN_02d108,derived,
0x02D11A,0x02D122,FUN_02d11a,derived,
0x02D122,0x02D132,FUN_02d122,derived,
0x02D132,0x02D1C0,FUN_02d132,derived,
0x02D1C0,0x02D204,arbitrateDSCFuelCut?,ghidra-hand-xmap,
0x02D204,0x02D208,FUN_02d204,derived,
0x02D208,0x02D22A,FUN_02d208,derived,
0x02D22A,0x02D242,FUN_02d22a,derived,
0x02D242,0x02D244,FUN_02d242,derived,
0x02D244,0x02D27C,FUN_02d244,derived,
0x02D27C,0x02D284,FUN_02d27c,derived,
0x02D284,0x02D28A,FUN_02d284,derived,
0x02D28A,0x02D2B4,FUN_02d28a,derived,
0x02D2B4,0x02D2B8,FUN_02d2b4,derived,
0x02D2B8,0x02D2D0,FUN_02d2b8,derived,
0x02D2D0,0x02D2E8,FUN_02d2d0,derived,
0x02D2E8,0x02D300,FUN_02d2e8,derived,
0x02D300,0x02D320,FUN_02d300,derived,
0x02D320,0x02D38C,FUN_02d320,derived,
0x02D38C,0x02D390,FUN_02d38c,derived,
0x02D390,0x02D3A2,FUN_02d390,derived,
0x02D3A2,0x02D3A8,FUN_02d3a2,derived,
0x02D3A8,0x02D3B4,FUN_02d3a8,derived,
0x02D3B4,0x02D3B6,FUN_02d3b4,derived,
0x02D3B6,0x02D3B8,FUN_02d3b6,derived,
0x02D3B8,0x02D3C6,FUN_02d3b8,derived,
0x02D3C6,0x02D3DA,FUN_02d3c6,derived,
0x02D3DA,0x02D430,FUN_02d3da,derived,
0x02D430,0x02D440,FUN_02d430,derived,
0x02D440,0x02D454,FUN_02d440,derived,
0x02D454,0x02D456,FUN_02d454,derived,
0x02D456,0x02D46E,FUN_02d456,derived,
0x02D46E,0x02D478,FUN_02d46e,derived,
0x02D478,0x02D486,FUN_02d478,derived,
0x02D486,0x02D488,FUN_02d486,derived,
0x02D488,0x02D49C,FUN_02d488,derived,
0x02D49C,0x02D4BC,FUN_02d49c,derived,
0x02D4BC,0x02D4D0,FUN_02d4bc,derived,
0x02D4D0,0x02D4DE,FUN_02d4d0,derived,
0x02D4DE,0x02D4EC,FUN_02d4de,derived,
0x02D4EC,0x02D508,FUN_02d4ec,derived,
0x02D508,0x02D50E,FUN_02d508,derived,
0x02D50E,0x02D53A,FUN_02d50e,derived,
0x02D53A,0x02D57C,FUN_02d53a,derived,
0x02D57C,0x02D586,FUN_02d57c,derived,
0x02D586,0x02D588,FUN_02d586,derived,
0x02D588,0x02D5A0,FUN_02d588,derived,
0x02D5A0,0x02D5DA,FUN_02d5a0,derived,
0x02D5DA,0x02D5DC,FUN_02d5da,derived,
0x02D5DC,0x02D5E0,FUN_02d5dc,derived,
0x02D5E0,0x02D5E4,FUN_02d5e0,derived,
0x02D5E4,0x02D5EC,FUN_02d5e4,derived,
0x02D5EC,0x02D5EE,FUN_02d5ec,derived,
0x02D5EE,0x02D602,FUN_02d5ee,derived,
0x02D602,0x02D608,FUN_02d602,derived,
0x02D608,0x02D60A,FUN_02d608,derived,
0x02D60A,0x02D60E,FUN_02d60a,derived,
0x02D60E,0x02D63C,FUN_02d60e,derived,
0x02D63C,0x02D640,FUN_02d63c,derived,
0x02D640,0x02D642,FUN_02d640,derived,
0x02D642,0x02D66C,FUN_02d642,derived,
0x02D66C,0x02D670,FUN_02d66c,derived,
0x02D670,0x02D674,FUN_02d670,derived,
0x02D674,0x02D696,FUN_02d674,derived,
0x02D696,0x02D69E,FUN_02d696,derived,
0x02D69E,0x02D6A2,FUN_02d69e,derived,
0x02D6A2,0x02D6A4,FUN_02d6a2,derived,
0x02D6A4,0x02D6A6,FUN_02d6a4,derived,
0x02D6A6,0x02D6B2,FUN_02d6a6,derived,
0x02D6B2,0x02D6B8,FUN_02d6b2,derived,
0x02D6B8,0x02D6D0,FUN_02d6b8,derived,
0x02D6D0,0x02D722,FUN_02d6d0,derived,
0x02D722,0x02D778,FUN_02d722,derived,
0x02D778,0x02D77C,FUN_02d778,derived,
0x02D77C,0x02D78A,FUN_02d77c,derived,
0x02D78A,0x02D7AE,FUN_02d78a,derived,
0x02D7AE,0x02D806,FUN_02d7ae,derived,
0x02D806,0x02D81E,FUN_02d806,derived,
0x02D81E,0x02D826,FUN_02d81e,derived,
0x02D826,0x02D82C,FUN_02d826,derived,
0x02D82C,0x02D836,FUN_02d82c,derived,
0x02D836,0x02D83E,FUN_02d836,derived,
0x02D83E,0x02D848,FUN_02d83e,derived,
0x02D848,0x02D878,FUN_02d848,derived,
0x02D878,0x02D880,FUN_02d878,derived,
0x02D880,0x02D884,FUN_02d880,derived,
0x02D884,0x02D888,FUN_02d884,derived,
0x02D888,0x02D890,FUN_02d888,derived,
0x02D890,0x02D8E4,FUN_02d890,derived,
0x02D8E4,0x02D8EA,FUN_02d8e4,derived,
0x02D8EA,0x02D8F2,FUN_02d8ea,derived,
0x02D8F2,0x02D8F4,FUN_02d8f2,derived,
0x02D8F4,0x02D90A,FUN_02d8f4,derived,
0x02D90A,0x02D924,FUN_02d90a,derived,
0x02D924,0x02D972,calculateCruiseControlDisableCondition,ghidra-hand-xmap,
0x02D972,0x02D9BC,FUN_02d972,derived,
0x02D9BC,0x02D9BE,FUN_02d9bc,derived,
0x02D9BE,0x02D9CC,FUN_02d9be,derived,
0x02D9CC,0x02D9D0,FUN_02d9cc,derived,
0x02D9D0,0x02DA18,FUN_02d9d0,derived,
0x02DA18,0x02DA22,FUN_02da18,derived,
0x02DA22,0x02DA2E,FUN_02da22,derived,
0x02DA2E,0x02DA3A,FUN_02da2e,derived,
0x02DA3A,0x02DA48,FUN_02da3a,derived,
0x02DA48,0x02DA4A,FUN_02da48,derived,
0x02DA4A,0x02DA50,FUN_02da4a,derived,
0x02DA50,0x02DA60,FUN_02da50,derived,
0x02DA60,0x02DA66,FUN_02da60,derived,
0x02DA66,0x02DB00,FUN_02da66,derived,
0x02DB00,0x02DB16,cruiseControlOvershootPlausibilityMon,ghidra-hand-xmap,
0x02DB16,0x02DB1C,FUN_02db16,derived,
0x02DB1C,0x02DB42,FUN_02db1c,derived,
0x02DB42,0x02DB46,FUN_02db42,derived,
0x02DB46,0x02DB4E,FUN_02db46,derived,
0x02DB4E,0x02DBC4,FUN_02db4e,derived,
0x02DBC4,0x02DBEE,FUN_02dbc4,derived,
0x02DBEE,0x02DC1A,FUN_02dbee,derived,
0x02DC1A,0x02DC1E,FUN_02dc1a,derived,
0x02DC1E,0x02DC2A,FUN_02dc1e,derived,
0x02DC2A,0x02DC2E,FUN_02dc2a,derived,
0x02DC2E,0x02DC4E,FUN_02dc2e,derived,
0x02DC4E,0x02DC7A,FUN_02dc4e,derived,
0x02DC7A,0x02DC80,FUN_02dc7a,derived,
0x02DC80,0x02DC82,FUN_02dc80,derived,
0x02DC82,0x02DC86,FUN_02dc82,derived,
0x02DC86,0x02DC88,FUN_02dc86,derived,
0x02DC88,0x02DC8C,FUN_02dc88,derived,
0x02DC8C,0x02DCB8,FUN_02dc8c,derived,
0x02DCB8,0x02DCDC,FUN_02dcb8,derived,
0x02DCDC,0x02DCEE,FUN_02dcdc,derived,
0x02DCEE,0x02DCF8,FUN_02dcee,derived,
0x02DCF8,0x02DD94,FUN_02dcf8,derived,
0x02DD94,0x02DDA2,FUN_02dd94,derived,
0x02DDA2,0x02DE16,FUN_02dda2,derived,
0x02DE16,0x02DE1A,FUN_02de16,derived,
0x02DE1A,0x02DE64,FUN_02de1a,derived,
0x02DE64,0x02DE96,FUN_02de64,derived,
0x02DE96,0x02DEA0,FUN_02de96,derived,
0x02DEA0,0x02DEEE,FUN_02dea0,derived,
0x02DEEE,0x02DEF8,FUN_02deee,derived,
0x02DEF8,0x02DF0E,FUN_02def8,derived,
0x02DF0E,0x02DF28,FUN_02df0e,derived,
0x02DF28,0x02DF2C,FUN_02df28,derived,
0x02DF2C,0x02DF30,FUN_02df2c,derived,
0x02DF30,0x02DF34,FUN_02df30,derived,
0x02DF34,0x02DF40,FUN_02df34,derived,
0x02DF40,0x02DF46,FUN_02df40,derived,
0x02DF46,0x02DF96,FUN_02df46,derived,
0x02DF96,0x02DFA6,FUN_02df96,derived,
0x02DFA6,0x02DFBA,FUN_02dfa6,derived,
0x02DFBA,0x02DFBE,FUN_02dfba,derived,
0x02DFBE,0x02DFC0,FUN_02dfbe,derived,
0x02DFC0,0x02DFC4,FUN_02dfc0,derived,
0x02DFC4,0x02DFC6,FUN_02dfc4,derived,
0x02DFC6,0x02DFCE,FUN_02dfc6,derived,
0x02DFCE,0x02DFD4,FUN_02dfce,derived,
0x02DFD4,0x02E00C,FUN_02dfd4,derived,
0x02E00C,0x02E00E,FUN_02e00c,derived,
0x02E00E,0x02E022,FUN_02e00e,derived,
0x02E022,0x02E03E,FUN_02e022,derived,
0x02E03E,0x02E05A,FUN_02e03e,derived,
0x02E05A,0x02E05C,FUN_02e05a,derived,
0x02E05C,0x02E06E,FUN_02e05c,derived,
0x02E06E,0x02E0A2,FUN_02e06e,derived,
0x02E0A2,0x02E106,FUN_02e0a2,derived,
0x02E106,0x02E114,FUN_02e106,derived,
0x02E114,0x02E120,FUN_02e114,derived,
0x02E120,0x02E12E,FUN_02e120,derived,
0x02E12E,0x02E130,FUN_02e12e,derived,
0x02E130,0x02E132,FUN_02e130,derived,
0x02E132,0x02E138,FUN_02e132,derived,
0x02E138,0x02E160,FUN_02e138,derived,
0x02E160,0x02E17C,FUN_02e160,derived,
0x02E17C,0x02E196,FUN_02e17c,derived,
0x02E196,0x02E22E,FUN_02e196,derived,
0x02E22E,0x02E246,FUN_02e22e,derived,
0x02E246,0x02E24C,FUN_02e246,derived,
0x02E24C,0x02E262,FUN_02e24c,derived,
0x02E262,0x02E268,FUN_02e262,derived,
0x02E268,0x02E26E,FUN_02e268,derived,
0x02E26E,0x02E30C,FUN_02e26e,derived,
0x02E30C,0x02E322,FUN_02e30c,derived,
0x02E322,0x02E32C,FUN_02e322,derived,
0x02E32C,0x02E32E,FUN_02e32c,derived,
0x02E32E,0x02E33A,FUN_02e32e,derived,
0x02E33A,0x02E35C,FUN_02e33a,derived,
0x02E35C,0x02E39E,FUN_02e35c,derived,
0x02E39E,0x02E3A6,FUN_02e39e,derived,
0x02E3A6,0x02E43E,FUN_02e3a6,derived,
0x02E43E,0x02E454,FUN_02e43e,derived,
0x02E454,0x02E45C,FUN_02e454,derived,
0x02E45C,0x02E4AA,FUN_02e45c,derived,
0x02E4AA,0x02E4C4,FUN_02e4aa,derived,
0x02E4C4,0x02E50C,FUN_02e4c4,derived,
0x02E50C,0x02E53A,FUN_02e50c,derived,
0x02E53A,0x02E554,FUN_02e53a,derived,
0x02E554,0x02E560,FUN_02e554,derived,
0x02E560,0x02E566,FUN_02e560,derived,
0x02E566,0x02E56E,FUN_02e566,derived,
0x02E56E,0x02E580,FUN_02e56e,derived,
0x02E580,0x02E58A,FUN_02e580,derived,
0x02E58A,0x02E59A,FUN_02e58a,derived,
0x02E59A,0x02E5BC,FUN_02e59a,derived,
0x02E5BC,0x02E600,FUN_02e5bc,derived,
0x02E600,0x02E604,FUN_02e600,derived,
0x02E604,0x02E612,FUN_02e604,derived,
0x02E612,0x02E63A,FUN_02e612,derived,
0x02E63A,0x02E66C,FUN_02e63a,derived,
0x02E66C,0x02E6D0,FUN_02e66c,derived,
0x02E6D0,0x02E6DA,FUN_02e6d0,derived,
0x02E6DA,0x02E6E2,FUN_02e6da,derived,
0x02E6E2,0x02E7D6,FUN_02e6e2,derived,
0x02E7D6,0x02E7E2,FUN_02e7d6,derived,
0x02E7E2,0x02E850,FUN_02e7e2,derived,
0x02E850,0x02E8C0,FUN_02e850,derived,
0x02E8C0,0x02E92A,FUN_02e8c0,derived,
0x02E92A,0x02E936,FUN_02e92a,derived,
0x02E936,0x02E93A,FUN_02e936,derived,
0x02E93A,0x02E960,FUN_02e93a,derived,
0x02E960,0x02E976,FUN_02e960,derived,
0x02E976,0x02E97C,FUN_02e976,derived,
0x02E97C,0x02E98E,FUN_02e97c,derived,
0x02E98E,0x02E996,FUN_02e98e,derived,
0x02E996,0x02E9A6,FUN_02e996,derived,
0x02E9A6,0x02E9AC,FUN_02e9a6,derived,
0x02E9AC,0x02E9E0,FUN_02e9ac,derived,
0x02E9E0,0x02E9E6,FUN_02e9e0,derived,
0x02E9E6,0x02E9FC,FUN_02e9e6,derived,
0x02E9FC,0x02EA04,FUN_02e9fc,derived,
0x02EA04,0x02EA0A,FUN_02ea04,derived,
0x02EA0A,0x02EA66,FUN_02ea0a,derived,
0x02EA66,0x02EA86,FUN_02ea66,derived,
0x02EA86,0x02EA8C,FUN_02ea86,derived,
0x02EA8C,0x02EA92,FUN_02ea8c,derived,
0x02EA92,0x02EAD2,FUN_02ea92,derived,
0x02EAD2,0x02EB10,FUN_02ead2,derived,
0x02EB10,0x02EB1E,FUN_02eb10,derived,
0x02EB1E,0x02EB22,FUN_02eb1e,derived,
0x02EB22,0x02EB26,FUN_02eb22,derived,
0x02EB26,0x02EB40,FUN_02eb26,derived,
0x02EB40,0x02EB5A,FUN_02eb40,derived,
0x02EB5A,0x02EB5E,FUN_02eb5a,derived,
0x02EB5E,0x02EB60,FUN_02eb5e,derived,
0x02EB60,0x02EB6A,FUN_02eb60,derived,
0x02EB6A,0x02EB72,FUN_02eb6a,derived,
0x02EB72,0x02EB82,FUN_02eb72,derived,
0x02EB82,0x02EB8A,FUN_02eb82,derived,
0x02EB8A,0x02EB96,FUN_02eb8a,derived,
0x02EB96,0x02EB9C,FUN_02eb96,derived,
0x02EB9C,0x02EBA2,FUN_02eb9c,derived,
0x02EBA2,0x02EBEE,FUN_02eba2,derived,
0x02EBEE,0x02EC0C,FUN_02ebee,derived,
0x02EC0C,0x02EC1A,FUN_02ec0c,derived,
0x02EC1A,0x02ECA6,FUN_02ec1a,derived,
0x02ECA6,0x02ECB8,FUN_02eca6,derived,
0x02ECB8,0x02ECBA,FUN_02ecb8,derived,
0x02ECBA,0x02ECCA,FUN_02ecba,derived,
0x02ECCA,0x02ECF8,FUN_02ecca,derived,
0x02ECF8,0x02ED00,FUN_02ecf8,derived,
0x02ED00,0x02ED2C,FUN_02ed00,derived,
0x02ED2C,0x02ED54,FUN_02ed2c,derived,
0x02ED54,0x02EE5C,calculateACClutchOn??,ghidra-hand-xmap,
0x02EE5C,0x02EEBA,FUN_02ee5c,derived,
0x02EEBA,0x02EEC2,FUN_02eeba,derived,
0x02EEC2,0x02EEC6,FUN_02eec2,derived,
0x02EEC6,0x02EEE2,FUN_02eec6,derived,
0x02EEE2,0x02EEE8,FUN_02eee2,derived,
0x02EEE8,0x02EEFA,FUN_02eee8,derived,
0x02EEFA,0x02EEFE,FUN_02eefa,derived,
0x02EEFE,0x02EF04,FUN_02eefe,derived,
0x02EF04,0x02EF0A,FUN_02ef04,derived,
0x02EF0A,0x02EF10,FUN_02ef0a,derived,
0x02EF10,0x02EF12,FUN_02ef10,derived,
0x02EF12,0x02EF22,FUN_02ef12,derived,
0x02EF22,0x02EFD4,FUN_02ef22,derived,
0x02EFD4,0x02F014,FUN_02efd4,derived,
0x02F014,0x02F026,FUN_02f014,derived,
0x02F026,0x02F02C,FUN_02f026,derived,
0x02F02C,0x02F036,FUN_02f02c,derived,
0x02F036,0x02F03A,FUN_02f036,derived,
0x02F03A,0x02F062,FUN_02f03a,derived,
0x02F062,0x02F06C,FUN_02f062,derived,
0x02F06C,0x02F072,FUN_02f06c,derived,
0x02F072,0x02F092,FUN_02f072,derived,
0x02F092,0x02F0C4,FUN_02f092,derived,
0x02F0C4,0x02F0D2,FUN_02f0c4,derived,
0x02F0D2,0x02F0E4,FUN_02f0d2,derived,
0x02F0E4,0x02F0F2,FUN_02f0e4,derived,
0x02F0F2,0x02F116,FUN_02f0f2,derived,
0x02F116,0x02F11C,FUN_02f116,derived,
0x02F11C,0x02F282,FUN_02f11c,derived,
0x02F282,0x02F288,FUN_02f282,derived,
0x02F288,0x02F30C,FUN_02f288,derived,
0x02F30C,0x02F382,FUN_02f30c,derived,
0x02F382,0x02F40C,FUN_02f382,derived,
0x02F40C,0x02F40E,FUN_02f40c,derived,
0x02F40E,0x02F412,FUN_02f40e,derived,
0x02F412,0x02F414,FUN_02f412,derived,
0x02F414,0x02F418,FUN_02f414,derived,
0x02F418,0x02F41E,FUN_02f418,derived,
0x02F41E,0x02F424,FUN_02f41e,derived,
0x02F424,0x02F4D4,FUN_02f424,derived,
0x02F4D4,0x02F4EA,FUN_02f4d4,derived,
0x02F4EA,0x02F4F6,FUN_02f4ea,derived,
0x02F4F6,0x02F4FE,FUN_02f4f6,derived,
0x02F4FE,0x02F504,FUN_02f4fe,derived,
0x02F504,0x02F50A,FUN_02f504,derived,
0x02F50A,0x02F518,FUN_02f50a,derived,
0x02F518,0x02F526,FUN_02f518,derived,
0x02F526,0x02F57E,FUN_02f526,derived,
0x02F57E,0x02F594,FUN_02f57e,derived,
0x02F594,0x02F5C4,FUN_02f594,derived,
0x02F5C4,0x02F5CA,FUN_02f5c4,derived,
0x02F5CA,0x02F5CE,FUN_02f5ca,derived,
0x02F5CE,0x02F5D0,FUN_02f5ce,derived,
0x02F5D0,0x02F5D4,FUN_02f5d0,derived,
0x02F5D4,0x02F5DA,FUN_02f5d4,derived,
0x02F5DA,0x02F614,FUN_02f5da,derived,
0x02F614,0x02F61A,FUN_02f614,derived,
0x02F61A,0x02F640,FUN_02f61a,derived,
0x02F640,0x02F678,FUN_02f640,derived,
0x02F678,0x02F67C,FUN_02f678,derived,
0x02F67C,0x02F694,FUN_02f67c,derived,
0x02F694,0x02F6AC,FUN_02f694,derived,
0x02F6AC,0x02F718,FUN_02f6ac,derived,
0x02F718,0x02F71E,FUN_02f718,derived,
0x02F71E,0x02F736,FUN_02f71e,derived,
0x02F736,0x02F764,FUN_02f736,derived,
0x02F764,0x02F772,FUN_02f764,derived,
0x02F772,0x02F782,FUN_02f772,derived,
0x02F782,0x02F788,FUN_02f782,derived,
0x02F788,0x02F78E,FUN_02f788,derived,
0x02F78E,0x02F7D6,FUN_02f78e,derived,
0x02F7D6,0x02F7E8,FUN_02f7d6,derived,
0x02F7E8,0x02F84C,FUN_02f7e8,derived,
0x02F84C,0x02F862,FUN_02f84c,derived,
0x02F862,0x02F872,FUN_02f862,derived,
0x02F872,0x02F878,FUN_02f872,derived,
0x02F878,0x02F882,FUN_02f878,derived,
0x02F882,0x02F892,FUN_02f882,derived,
0x02F892,0x02F898,FUN_02f892,derived,
0x02F898,0x02F89E,FUN_02f898,derived,
0x02F89E,0x02F8AE,FUN_02f89e,derived,
0x02F8AE,0x02F8F4,FUN_02f8ae,derived,
0x02F8F4,0x02F94C,FUN_02f8f4,derived,
0x02F94C,0x02F9A8,FUN_02f94c,derived,
0x02F9A8,0x02F9D2,FUN_02f9a8,derived,
0x02F9D2,0x02F9DC,calcFan1Control,ghidra-hand-xmap,
0x02F9DC,0x02FA16,FUN_02f9dc,derived,
0x02FA16,0x02FA54,FUN_02fa16,derived,
0x02FA54,0x02FB14,FUN_02fa54,derived,
0x02FB14,0x02FB5E,FUN_02fb14,derived,
0x02FB5E,0x02FB82,FUN_02fb5e,derived,
0x02FB82,0x02FB86,FUN_02fb82,derived,
0x02FB86,0x02FB92,FUN_02fb86,derived,
0x02FB92,0x02FB96,FUN_02fb92,derived,
0x02FB96,0x02FC24,FUN_02fb96,derived,
0x02FC24,0x02FC3E,FUN_02fc24,derived,
0x02FC3E,0x02FC56,FUN_02fc3e,derived,
0x02FC56,0x02FC5C,FUN_02fc56,derived,
0x02FC5C,0x02FC6E,FUN_02fc5c,derived,
0x02FC6E,0x02FC70,FUN_02fc6e,derived,
0x02FC70,0x02FC7C,FUN_02fc70,derived,
0x02FC7C,0x02FC84,FUN_02fc7c,derived,
0x02FC84,0x02FC8A,FUN_02fc84,derived,
0x02FC8A,0x02FD20,FUN_02fc8a,derived,
0x02FD20,0x02FD24,FUN_02fd20,derived,
0x02FD24,0x02FD48,FUN_02fd24,derived,
0x02FD48,0x02FD4A,FUN_02fd48,derived,
0x02FD4A,0x02FD7A,FUN_02fd4a,derived,
0x02FD7A,0x02FD86,FUN_02fd7a,derived,
0x02FD86,0x02FD8E,FUN_02fd86,derived,
0x02FD8E,0x02FD92,FUN_02fd8e,derived,
0x02FD92,0x02FD9E,FUN_02fd92,derived,
0x02FD9E,0x02FDA6,FUN_02fd9e,derived,
0x02FDA6,0x02FE00,FUN_02fda6,derived,
0x02FE00,0x02FE14,FUN_02fe00,derived,
0x02FE14,0x02FE44,FUN_02fe14,derived,
0x02FE44,0x02FE4E,FUN_02fe44,derived,
0x02FE4E,0x02FE58,FUN_02fe4e,derived,
0x02FE58,0x02FE6A,FUN_02fe58,derived,
0x02FE6A,0x02FE7A,FUN_02fe6a,derived,
0x02FE7A,0x02FE88,FUN_02fe7a,derived,
0x02FE88,0x02FE8A,FUN_02fe88,derived,
0x02FE8A,0x02FEB4,FUN_02fe8a,derived,
0x02FEB4,0x02FF50,FUN_02feb4,derived,
0x02FF50,0x02FF52,FUN_02ff50,derived,
0x02FF52,0x02FF66,FUN_02ff52,derived,
0x02FF66,0x02FF70,FUN_02ff66,derived,
0x02FF70,0x02FF7A,FUN_02ff70,derived,
0x02FF7A,0x02FF80,FUN_02ff7a,derived,
0x02FF80,0x02FF84,FUN_02ff80,derived,
0x02FF84,0x02FF8E,FUN_02ff84,derived,
0x02FF8E,0x02FF9A,FUN_02ff8e,derived,
0x02FF9A,0x02FFD8,FUN_02ff9a,derived,
0x02FFD8,0x030000,fuelingAddOBDControlMode?,ghidra-hand-xmap,
0x030000,0x030004,FUN_030000,derived,
0x030004,0x030080,FUN_030004,derived,
0x030080,0x030086,FUN_030080,derived,
0x030086,0x03008C,FUN_030086,derived,
0x03008C,0x0300A2,FUN_03008c,derived,
0x0300A2,0x0300A6,FUN_0300a2,derived,
0x0300A6,0x0300A8,FUN_0300a6,derived,
0x0300A8,0x0300AC,FUN_0300a8,derived,
0x0300AC,0x0300B0,FUN_0300ac,derived,
0x0300B0,0x0300B6,FUN_0300b0,derived,
0x0300B6,0x0300B8,FUN_0300b6,derived,
0x0300B8,0x0300BC,FUN_0300b8,derived,
0x0300BC,0x0300C2,FUN_0300bc,derived,
0x0300C2,0x0300E0,FUN_0300c2,derived,
0x0300E0,0x0300EA,FUN_0300e0,derived,
0x0300EA,0x0300EE,FUN_0300ea,derived,
0x0300EE,0x0300F4,FUN_0300ee,derived,
0x0300F4,0x0300F8,FUN_0300f4,derived,
0x0300F8,0x030100,FUN_0300f8,derived,
0x030100,0x030152,FUN_030100,derived,
0x030152,0x030160,FUN_030152,derived,
0x030160,0x030164,FUN_030160,derived,
0x030164,0x03016E,FUN_030164,derived,
0x03016E,0x03017A,FUN_03016e,derived,
0x03017A,0x0301A0,FUN_03017a,derived,
0x0301A0,0x0301AE,FUN_0301a0,derived,
0x0301AE,0x0301B0,FUN_0301ae,derived,
0x0301B0,0x0301BC,FUN_0301b0,derived,
0x0301BC,0x0301F6,FUN_0301bc,derived,
0x0301F6,0x030232,getInjectorTempBasedMultiplierLookups,ghidra-hand-xmap,
0x030232,0x03023C,FUN_030232,derived,
0x03023C,0x030246,FUN_03023c,derived,
0x030246,0x030268,FUN_030246,derived,
0x030268,0x0302B8,FUN_030268,derived,
0x0302B8,0x0302D6,FUN_0302b8,derived,
0x0302D6,0x0302F4,FUN_0302d6,derived,
0x0302F4,0x030304,FUN_0302f4,derived,
0x030304,0x030312,FUN_030304,derived,
0x030312,0x030320,FUN_030312,derived,
0x030320,0x030344,FUN_030320,derived,
0x030344,0x030382,injectorPulseTimeArbitrate_crankAddTimer,ghidra-hand-xmap,
0x030382,0x030388,FUN_030382,derived,
0x030388,0x0303A8,FUN_030388,derived,
0x0303A8,0x030402,FUN_0303a8,derived,
0x030402,0x030406,FUN_030402,derived,
0x030406,0x030408,FUN_030406,derived,
0x030408,0x03040C,FUN_030408,derived,
0x03040C,0x030414,FUN_03040c,derived,
0x030414,0x03045E,getFuelInectorLatencyCals,ghidra-hand-xmap,
0x03045E,0x0304A2,FUN_03045e,derived,
0x0304A2,0x0304AE,FUN_0304a2,derived,
0x0304AE,0x0304B8,FUN_0304ae,derived,
0x0304B8,0x0304CC,FUN_0304b8,derived,
0x0304CC,0x0304DE,FUN_0304cc,derived,
0x0304DE,0x0304E2,FUN_0304de,derived,
0x0304E2,0x0304EC,FUN_0304e2,derived,
0x0304EC,0x0304F6,FUN_0304ec,derived,
0x0304F6,0x030500,FUN_0304f6,derived,
0x030500,0x03050C,FUN_030500,derived,
0x03050C,0x030534,FUN_03050c,derived,
0x030534,0x030546,FUN_030534,derived,
0x030546,0x030570,FUN_030546,derived,
0x030570,0x030586,FUN_030570,derived,
0x030586,0x03059E,FUN_030586,derived,
0x03059E,0x0305DC,FUN_03059e,derived,
0x0305DC,0x0305DE,FUN_0305dc,derived,
0x0305DE,0x0305EA,FUN_0305de,derived,
0x0305EA,0x0305F4,FUN_0305ea,derived,
0x0305F4,0x0305FA,FUN_0305f4,derived,
0x0305FA,0x030600,FUN_0305fa,derived,
0x030600,0x030618,FUN_030600,derived,
0x030618,0x0306B4,FUN_030618,derived,
0x0306B4,0x030700,calcInjectorCrankingTime??,ghidra-hand-xmap,
0x030700,0x030728,getCrankingInjectorPulseTime,ghidra-hand-xmap,
0x030728,0x03076A,getDiagnosticFuelPulseCranking?,ghidra-hand-xmap,
0x03076A,0x030780,FUN_03076a,derived,
0x030780,0x030786,FUN_030780,derived,
0x030786,0x030796,FUN_030786,derived,
0x030796,0x03079A,FUN_030796,derived,
0x03079A,0x0307A0,FUN_03079a,derived,
0x0307A0,0x0307A2,FUN_0307a0,derived,
0x0307A2,0x0307A8,FUN_0307a2,derived,
0x0307A8,0x0307AE,FUN_0307a8,derived,
0x0307AE,0x03083C,FUN_0307ae,derived,
0x03083C,0x030848,FUN_03083c,derived,
0x030848,0x03089A,FUN_030848,derived,
0x03089A,0x0308B4,setStartupInjectorPwMult,ghidra-hand-xmap,
0x0308B4,0x0308BA,FUN_0308b4,derived,
0x0308BA,0x0308D2,FUN_0308ba,derived,
0x0308D2,0x0308E2,FUN_0308d2,derived,
0x0308E2,0x030904,FUN_0308e2,derived,
0x030904,0x030A5E,FUN_030904,derived,
0x030A5E,0x030A68,FUN_030a5e,derived,
0x030A68,0x030A74,FUN_030a68,derived,
0x030A74,0x030AAE,FUN_030a74,derived,
0x030AAE,0x030AB6,FUN_030aae,derived,
0x030AB6,0x030AC2,FUN_030ab6,derived,
0x030AC2,0x030B14,FUN_030ac2,derived,
0x030B14,0x030B44,diagCrankingInjectorPulseAdder?,ghidra-hand-xmap,
0x030B44,0x030B4C,FUN_030b44,derived,
0x030B4C,0x030B4E,FUN_030b4c,derived,
0x030B4E,0x030B58,FUN_030b4e,derived,
0x030B58,0x030B64,FUN_030b58,derived,
0x030B64,0x030B66,FUN_030b64,derived,
0x030B66,0x030B70,FUN_030b66,derived,
0x030B70,0x030B76,FUN_030b70,derived,
0x030B76,0x030B84,FUN_030b76,derived,
0x030B84,0x030B9E,FUN_030b84,derived,
0x030B9E,0x030BAA,FUN_030b9e,derived,
0x030BAA,0x030BB6,FUN_030baa,derived,
0x030BB6,0x030C14,FUN_030bb6,derived,
0x030C14,0x030C18,FUN_030c14,derived,
0x030C18,0x030C4A,FUN_030c18,derived,
0x030C4A,0x030C66,FUN_030c4a,derived,
0x030C66,0x030C7C,FUN_030c66,derived,
0x030C7C,0x030D22,FUN_030c7c,derived,
0x030D22,0x030D72,FUN_030d22,derived,
0x030D72,0x030D86,FUN_030d72,derived,
0x030D86,0x030D92,FUN_030d86,derived,
0x030D92,0x030D96,FUN_030d92,derived,
0x030D96,0x030DA6,FUN_030d96,derived,
0x030DA6,0x030DB6,FUN_030da6,derived,
0x030DB6,0x030DCA,FUN_030db6,derived,
0x030DCA,0x030DE4,FUN_030dca,derived,
0x030DE4,0x030E36,calculateFuelAmountPerRotationMinMax,ghidra-hand-xmap,
0x030E36,0x030E3C,FUN_030e36,derived,
0x030E3C,0x030E68,FUN_030e3c,derived,
0x030E68,0x030E78,FUN_030e68,derived,
0x030E78,0x030E7E,FUN_030e78,derived,
0x030E7E,0x030EAA,FUN_030e7e,derived,
0x030EAA,0x030EB6,FUN_030eaa,derived,
0x030EB6,0x030ECE,FUN_030eb6,derived,
0x030ECE,0x030EEE,FUN_030ece,derived,
0x030EEE,0x030F0A,FUN_030eee,derived,
0x030F0A,0x030F16,FUN_030f0a,derived,
0x030F16,0x030F3A,FUN_030f16,derived,
0x030F3A,0x030F66,FUN_030f3a,derived,
0x030F66,0x030F76,FUN_030f66,derived,
0x030F76,0x030F7E,FUN_030f76,derived,
0x030F7E,0x030F8C,FUN_030f7e,derived,
0x030F8C,0x030FA2,FUN_030f8c,derived,
0x030FA2,0x030FA4,FUN_030fa2,derived,
0x030FA4,0x030FBA,FUN_030fa4,derived,
0x030FBA,0x030FBC,FUN_030fba,derived,
0x030FBC,0x030FEA,FUN_030fbc,derived,
0x030FEA,0x031000,FUN_030fea,derived,
0x031000,0x03101E,FUN_031000,derived,
0x03101E,0x031022,FUN_03101e,derived,
0x031022,0x031032,FUN_031022,derived,
0x031032,0x03103E,FUN_031032,derived,
0x03103E,0x031062,FUN_03103e,derived,
0x031062,0x031090,FUN_031062,derived,
0x031090,0x031096,FUN_031090,derived,
0x031096,0x0310AA,FUN_031096,derived,
0x0310AA,0x0310C8,FUN_0310aa,derived,
0x0310C8,0x0310EE,FUN_0310c8,derived,
0x0310EE,0x03115A,FUN_0310ee,derived,
0x03115A,0x031162,FUN_03115a,derived,
0x031162,0x031164,FUN_031162,derived,
0x031164,0x031168,FUN_031164,derived,
0x031168,0x0311A8,FUN_031168,derived,
0x0311A8,0x0311B2,FUN_0311a8,derived,
0x0311B2,0x03123A,FUN_0311b2,derived,
0x03123A,0x031240,FUN_03123a,derived,
0x031240,0x0312B0,FUN_031240,derived,
0x0312B0,0x0312BE,FUN_0312b0,derived,
0x0312BE,0x0312C0,FUN_0312be,derived,
0x0312C0,0x031306,FUN_0312c0,derived,
0x031306,0x03130E,FUN_031306,derived,
0x03130E,0x031316,FUN_03130e,derived,
0x031316,0x03132A,FUN_031316,derived,
0x03132A,0x031332,FUN_03132a,derived,
0x031332,0x031342,FUN_031332,derived,
0x031342,0x031362,FUN_031342,derived,
0x031362,0x031378,FUN_031362,derived,
0x031378,0x0313DA,FUN_031378,derived,
0x0313DA,0x0313F0,FUN_0313da,derived,
0x0313F0,0x031466,FUN_0313f0,derived,
0x031466,0x0314A4,FUN_031466,derived,
0x0314A4,0x0314AA,FUN_0314a4,derived,
0x0314AA,0x0314AE,FUN_0314aa,derived,
0x0314AE,0x0314D2,FUN_0314ae,derived,
0x0314D2,0x0314D6,FUN_0314d2,derived,
0x0314D6,0x0314DC,FUN_0314d6,derived,
0x0314DC,0x0314E0,FUN_0314dc,derived,
0x0314E0,0x0314F6,FUN_0314e0,derived,
0x0314F6,0x031502,FUN_0314f6,derived,
0x031502,0x031542,FUN_031502,derived,
0x031542,0x03158E,FUN_031542,derived,
0x03158E,0x0315A4,FUN_03158e,derived,
0x0315A4,0x03168E,FUN_0315a4,derived,
0x03168E,0x031694,FUN_03168e,derived,
0x031694,0x0317A0,FUN_031694,derived,
0x0317A0,0x0317C0,FUN_0317a0,derived,
0x0317C0,0x0317C8,FUN_0317c0,derived,
0x0317C8,0x0317E4,FUN_0317c8,derived,
0x0317E4,0x0317F2,FUN_0317e4,derived,
0x0317F2,0x031816,FUN_0317f2,derived,
0x031816,0x03182E,FUN_031816,derived,
0x03182E,0x031940,FUN_03182e,derived,
0x031940,0x031978,FUN_031940,derived,
0x031978,0x03197E,FUN_031978,derived,
0x03197E,0x031992,FUN_03197e,derived,
0x031992,0x03199A,FUN_031992,derived,
0x03199A,0x0319A6,FUN_03199a,derived,
0x0319A6,0x031A3C,FUN_0319a6,derived,
0x031A3C,0x031A5E,FUN_031a3c,derived,
0x031A5E,0x031A6A,FUN_031a5e,derived,
0x031A6A,0x031A8E,FUN_031a6a,derived,
0x031A8E,0x031ACC,FUN_031a8e,derived,
0x031ACC,0x031AE4,FUN_031acc,derived,
0x031AE4,0x031BA0,FUN_031ae4,derived,
0x031BA0,0x031BC2,FUN_031ba0,derived,
0x031BC2,0x031BE4,FUN_031bc2,derived,
0x031BE4,0x031BF2,FUN_031be4,derived,
0x031BF2,0x031C16,FUN_031bf2,derived,
0x031C16,0x031C50,FUN_031c16,derived,
0x031C50,0x031C76,FUN_031c50,derived,
0x031C76,0x031D60,FUN_031c76,derived,
0x031D60,0x031D9A,FUN_031d60,derived,
0x031D9A,0x031D9E,FUN_031d9a,derived,
0x031D9E,0x031DBE,FUN_031d9e,derived,
0x031DBE,0x031DC0,FUN_031dbe,derived,
0x031DC0,0x031DC8,FUN_031dc0,derived,
0x031DC8,0x031DCA,FUN_031dc8,derived,
0x031DCA,0x031DF2,getEngineOffTimer,ghidra-hand-xmap,
0x031DF2,0x031E7C,FUN_031df2,derived,
0x031E7C,0x031E96,FUN_031e7c,derived,
0x031E96,0x031EBC,FUN_031e96,derived,
0x031EBC,0x031EBE,FUN_031ebc,derived,
0x031EBE,0x031ECC,FUN_031ebe,derived,
0x031ECC,0x031ED0,FUN_031ecc,derived,
0x031ED0,0x031ED2,FUN_031ed0,derived,
0x031ED2,0x031EDE,FUN_031ed2,derived,
0x031EDE,0x031EE8,FUN_031ede,derived,
0x031EE8,0x031F4E,FUN_031ee8,derived,
0x031F4E,0x031F7C,FUN_031f4e,derived,
0x031F7C,0x031F8E,FUN_031f7c,derived,
0x031F8E,0x031FA4,FUN_031f8e,derived,
0x031FA4,0x031FBA,FUN_031fa4,derived,
0x031FBA,0x031FC0,FUN_031fba,derived,
0x031FC0,0x031FCE,FUN_031fc0,derived,
0x031FCE,0x031FFA,FUN_031fce,derived,
0x031FFA,0x03200A,FUN_031ffa,derived,
0x03200A,0x03206E,FUN_03200a,derived,
0x03206E,0x03207A,FUN_03206e,derived,
0x03207A,0x032094,FUN_03207a,derived,
0x032094,0x0320AE,FUN_032094,derived,
0x0320AE,0x0320B6,FUN_0320ae,derived,
0x0320B6,0x0320C4,FUN_0320b6,derived,
0x0320C4,0x0320C8,FUN_0320c4,derived,
0x0320C8,0x032114,FUN_0320c8,derived,
0x032114,0x032148,calcAPVControl,ghidra-hand-xmap,
0x032148,0x032156,FUN_032148,derived,
0x032156,0x03216E,FUN_032156,derived,
0x03216E,0x032172,FUN_03216e,derived,
0x032172,0x032178,FUN_032172,derived,
0x032178,0x03218A,FUN_032178,derived,
0x03218A,0x032192,FUN_03218a,derived,
0x032192,0x0321D2,FUN_032192,derived,
0x0321D2,0x032230,FUN_0321d2,derived,
0x032230,0x03223E,FUN_032230,derived,
0x03223E,0x032266,FUN_03223e,derived,
0x032266,0x03226C,FUN_032266,derived,
0x03226C,0x032272,FUN_03226c,derived,
0x032272,0x0322B0,FUN_032272,derived,
0x0322B0,0x0322EE,FUN_0322b0,derived,
0x0322EE,0x032346,FUN_0322ee,derived,
0x032346,0x03234A,FUN_032346,derived,
0x03234A,0x03234E,FUN_03234a,derived,
0x03234E,0x032366,FUN_03234e,derived,
0x032366,0x03236C,FUN_032366,derived,
0x03236C,0x032372,FUN_03236c,derived,
0x032372,0x032376,FUN_032372,derived,
0x032376,0x03237C,FUN_032376,derived,
0x03237C,0x03239A,FUN_03237c,derived,
0x03239A,0x0323B2,FUN_03239a,derived,
0x0323B2,0x0323D6,FUN_0323b2,derived,
0x0323D6,0x0323DA,FUN_0323d6,derived,
0x0323DA,0x03240C,FUN_0323da,derived,
0x03240C,0x032412,FUN_03240c,derived,
0x032412,0x03243E,FUN_032412,derived,
0x03243E,0x032448,FUN_03243e,derived,
0x032448,0x032454,FUN_032448,derived,
0x032454,0x032456,FUN_032454,derived,
0x032456,0x0324D0,FUN_032456,derived,
0x0324D0,0x0324EA,FUN_0324d0,derived,
0x0324EA,0x03250A,FUN_0324ea,derived,
0x03250A,0x03253C,FUN_03250a,derived,
0x03253C,0x032564,FUN_03253c,derived,
0x032564,0x03256E,FUN_032564,derived,
0x03256E,0x03259C,FUN_03256e,derived,
0x03259C,0x0325A2,FUN_03259c,derived,
0x0325A2,0x0325A4,FUN_0325a2,derived,
0x0325A4,0x0325AC,FUN_0325a4,derived,
0x0325AC,0x0325E8,FUN_0325ac,derived,
0x0325E8,0x032616,FUN_0325e8,derived,
0x032616,0x032624,FUN_032616,derived,
0x032624,0x032636,FUN_032624,derived,
0x032636,0x032650,FUN_032636,derived,
0x032650,0x032668,FUN_032650,derived,
0x032668,0x03269C,FUN_032668,derived,
0x03269C,0x03270A,FUN_03269c,derived,
0x03270A,0x032710,FUN_03270a,derived,
0x032710,0x03273A,FUN_032710,derived,
0x03273A,0x03273C,FUN_03273a,derived,
0x03273C,0x032742,FUN_03273c,derived,
0x032742,0x032748,FUN_032742,derived,
0x032748,0x03274C,FUN_032748,derived,
0x03274C,0x032750,FUN_03274c,derived,
0x032750,0x032762,FUN_032750,derived,
0x032762,0x032772,FUN_032762,derived,
0x032772,0x032784,FUN_032772,derived,
0x032784,0x032792,FUN_032784,derived,
0x032792,0x0327CE,FUN_032792,derived,
0x0327CE,0x0327F2,FUN_0327ce,derived,
0x0327F2,0x032820,FUN_0327f2,derived,
0x032820,0x03285A,FUN_032820,derived,
0x03285A,0x03285E,FUN_03285a,derived,
0x03285E,0x032864,FUN_03285e,derived,
0x032864,0x032876,FUN_032864,derived,
0x032876,0x03288A,FUN_032876,derived,
0x03288A,0x03288E,FUN_03288a,derived,
0x03288E,0x0328A0,FUN_03288e,derived,
0x0328A0,0x0328D4,FUN_0328a0,derived,
0x0328D4,0x03294A,cruiseControlSetRealted,ghidra-hand-xmap,
0x03294A,0x032950,FUN_03294a,derived,
0x032950,0x032972,FUN_032950,derived,
0x032972,0x03297A,FUN_032972,derived,
0x03297A,0x032982,FUN_03297a,derived,
0x032982,0x03298A,FUN_032982,derived,
0x03298A,0x03299C,FUN_03298a,derived,
0x03299C,0x0329A6,FUN_03299c,derived,
0x0329A6,0x0329A8,FUN_0329a6,derived,
0x0329A8,0x0329B4,FUN_0329a8,derived,
0x0329B4,0x0329BA,FUN_0329b4,derived,
0x0329BA,0x0329C4,FUN_0329ba,derived,
0x0329C4,0x032A84,FUN_0329c4,derived,
0x032A84,0x032A8A,FUN_032a84,derived,
0x032A8A,0x032A96,FUN_032a8a,derived,
0x032A96,0x032A9C,FUN_032a96,derived,
0x032A9C,0x032AA0,FUN_032a9c,derived,
0x032AA0,0x032AA4,FUN_032aa0,derived,
0x032AA4,0x032AA8,FUN_032aa4,derived,
0x032AA8,0x032AAE,FUN_032aa8,derived,
0x032AAE,0x032ABC,FUN_032aae,derived,
0x032ABC,0x032AD0,FUN_032abc,derived,
0x032AD0,0x032ADC,FUN_032ad0,derived,
0x032ADC,0x032AE0,FUN_032adc,derived,
0x032AE0,0x032AE2,FUN_032ae0,derived,
0x032AE2,0x032AE6,FUN_032ae2,derived,
0x032AE6,0x032B62,FUN_032ae6,derived,
0x032B62,0x032BB4,FUN_032b62,derived,
0x032BB4,0x032BB8,FUN_032bb4,derived,
0x032BB8,0x032BC6,FUN_032bb8,derived,
0x032BC6,0x032BFA,FUN_032bc6,derived,
0x032BFA,0x032CAE,FUN_032bfa,derived,
0x032CAE,0x032CB8,FUN_032cae,derived,
0x032CB8,0x032CBC,FUN_032cb8,derived,
0x032CBC,0x032CBE,FUN_032cbc,derived,
0x032CBE,0x032CC4,FUN_032cbe,derived,
0x032CC4,0x032CC6,FUN_032cc4,derived,
0x032CC6,0x032CE6,FUN_032cc6,derived,
0x032CE6,0x032D0E,FUN_032ce6,derived,
0x032D0E,0x032D18,FUN_032d0e,derived,
0x032D18,0x032D1C,FUN_032d18,derived,
0x032D1C,0x032D20,FUN_032d1c,derived,
0x032D20,0x032D24,FUN_032d20,derived,
0x032D24,0x032D2C,FUN_032d24,derived,
0x032D2C,0x032D3A,FUN_032d2c,derived,
0x032D3A,0x032D56,FUN_032d3a,derived,
0x032D56,0x032D62,FUN_032d56,derived,
0x032D62,0x032D8E,FUN_032d62,derived,
0x032D8E,0x032DAE,FUN_032d8e,derived,
0x032DAE,0x032DB2,FUN_032dae,derived,
0x032DB2,0x032DB4,FUN_032db2,derived,
0x032DB4,0x032DDC,FUN_032db4,derived,
0x032DDC,0x032DE2,FUN_032ddc,derived,
0x032DE2,0x032DE8,FUN_032de2,derived,
0x032DE8,0x032E0C,FUN_032de8,derived,
0x032E0C,0x032E14,FUN_032e0c,derived,
0x032E14,0x032E3E,FUN_032e14,derived,
0x032E3E,0x032E4C,FUN_032e3e,derived,
0x032E4C,0x032E98,FUN_032e4c,derived,
0x032E98,0x032EA0,FUN_032e98,derived,
0x032EA0,0x032EA2,FUN_032ea0,derived,
0x032EA2,0x032EB6,FUN_032ea2,derived,
0x032EB6,0x032EB8,FUN_032eb6,derived,
0x032EB8,0x032EBE,FUN_032eb8,derived,
0x032EBE,0x032ED0,FUN_032ebe,derived,
0x032ED0,0x032ED6,FUN_032ed0,derived,
0x032ED6,0x032F00,FUN_032ed6,derived,
0x032F00,0x032F08,FUN_032f00,derived,
0x032F08,0x032F20,FUN_032f08,derived,
0x032F20,0x032F2C,FUN_032f20,derived,
0x032F2C,0x032F2E,FUN_032f2c,derived,
0x032F2E,0x032F38,FUN_032f2e,derived,
0x032F38,0x032F6E,FUN_032f38,derived,
0x032F6E,0x03303C,FUN_032f6e,derived,
0x03303C,0x033040,FUN_03303c,derived,
0x033040,0x03306A,FUN_033040,derived,
0x03306A,0x033098,can430rx_unpack,ghidra-hand-xmap,
0x033098,0x0330BC,FUN_033098,derived,
0x0330BC,0x033124,FUN_0330bc,derived,
0x033124,0x033200,FUN_033124,derived,
0x033200,0x033264,FUN_033200,derived,
0x033264,0x03335C,FUN_033264,derived,
0x03335C,0x033366,FUN_03335c,derived,
0x033366,0x0333AA,FUN_033366,derived,
0x0333AA,0x033426,FUN_0333aa,derived,
0x033426,0x033460,FUN_033426,derived,
0x033460,0x03349A,FUN_033460,derived,
0x03349A,0x03356E,FUN_03349a,derived,
0x03356E,0x0336A4,FUN_03356e,derived,
0x0336A4,0x0337EC,FUN_0336a4,derived,
0x0337EC,0x033876,FUN_0337ec,derived,
0x033876,0x03390C,FUN_033876,derived,
0x03390C,0x03395A,cruiseControlInit,ghidra-hand-xmap,
0x03395A,0x03397A,FUN_03395a,derived,
0x03397A,0x033982,FUN_03397a,derived,
0x033982,0x033992,knockInit,ghidra-hand-xmap,
0x033992,0x03399E,knockConditonalInit,ghidra-hand-xmap,
0x03399E,0x033A18,FUN_03399e,derived,
0x033A18,0x033CB2,FUN_033a18,derived,
0x033CB2,0x033D00,FUN_033cb2,derived,
0x033D00,0x033D2C,FUN_033d00,derived,
0x033D2C,0x033DA4,FUN_033d2c,derived,
0x033DA4,0x033F20,throttlePedalParameters,ghidra-hand-xmap,
0x033F20,0x033F48,detectDriverIntentKnockControl?,ghidra-hand-xmap,
0x033F48,0x033FA4,FUN_033f48,derived,
0x033FA4,0x034110,calculateKnockConditionA,ghidra-hand-xmap,
0x034110,0x03417E,FUN_034110,derived,
0x03417E,0x0341D0,FUN_03417e,derived,
0x0341D0,0x0341DA,FUN_0341d0,derived,
0x0341DA,0x0341E4,FUN_0341da,derived,
0x0341E4,0x0341F4,FUN_0341e4,derived,
0x0341F4,0x034228,calculateEngineLoadMax,ghidra-hand-xmap,
0x034228,0x03424A,FUN_034228,derived,
0x03424A,0x0342A8,FUN_03424a,derived,
0x0342A8,0x0342B4,FUN_0342a8,derived,
0x0342B4,0x03431C,FUN_0342b4,derived,
0x03431C,0x034388,FUN_03431c,derived,
0x034388,0x0343DC,FUN_034388,derived,
0x0343DC,0x0343E8,FUN_0343dc,derived,
0x0343E8,0x0343EA,FUN_0343e8,derived,
0x0343EA,0x034458,FUN_0343ea,derived,
0x034458,0x0344CC,FUN_034458,derived,
0x0344CC,0x0344F6,FUN_0344cc,derived,
0x0344F6,0x034536,FUN_0344f6,derived,
0x034536,0x0345B4,FUN_034536,derived,
0x0345B4,0x0345C4,FUN_0345b4,derived,
0x0345C4,0x0345F0,FUN_0345c4,derived,
0x0345F0,0x034610,FUN_0345f0,derived,
0x034610,0x03464E,FUN_034610,derived,
0x03464E,0x0346F0,FUN_03464e,derived,
0x0346F0,0x03477C,FUN_0346f0,derived,
0x03477C,0x03484E,FUN_03477c,derived,
0x03484E,0x03488C,FUN_03484e,derived,
0x03488C,0x0348CC,FUN_03488c,derived,
0x0348CC,0x0348EA,getEngineStartupEnrichValue,ghidra-hand-xmap,
0x0348EA,0x0348EE,FUN_0348ea,derived,
0x0348EE,0x034964,derateEngineStartupEnrich,ghidra-hand-xmap,
0x034964,0x0349A4,FUN_034964,derived,
0x0349A4,0x0349B6,FUN_0349a4,derived,
0x0349B6,0x0349D8,FUN_0349b6,derived,
0x0349D8,0x034A30,resetStartupEnrich??,ghidra-hand-xmap,
0x034A30,0x034A38,FUN_034a30,derived,
0x034A38,0x034A4A,FUN_034a38,derived,
0x034A4A,0x034A84,FUN_034a4a,derived,
0x034A84,0x034A8A,FUN_034a84,derived,
0x034A8A,0x034B96,FUN_034a8a,derived,
0x034B96,0x034B9E,FUN_034b96,derived,
0x034B9E,0x034BAE,FUN_034b9e,derived,
0x034BAE,0x034CAE,FUN_034bae,derived,
0x034CAE,0x034D70,FUN_034cae,derived,
0x034D70,0x034D7A,FUN_034d70,derived,
0x034D7A,0x034DFC,FUN_034d7a,derived,
0x034DFC,0x034F30,FUN_034dfc,derived,
0x034F30,0x034F34,FUN_034f30,derived,
0x034F34,0x034F64,FUN_034f34,derived,
0x034F64,0x035004,VDIControl,ghidra-hand-xmap,
0x035004,0x03500A,FUN_035004,derived,
0x03500A,0x035030,FUN_03500a,derived,
0x035030,0x035036,FUN_035030,derived,
0x035036,0x03505C,FUN_035036,derived,
0x03505C,0x03507E,vfadControl,ghidra-hand-xmap,
0x03507E,0x035104,FUN_03507e,derived,
0x035104,0x035124,FUN_035104,derived,
0x035124,0x035148,FUN_035124,derived,
0x035148,0x03514E,FUN_035148,derived,
0x03514E,0x035184,FUN_03514e,derived,
0x035184,0x03518C,FUN_035184,derived,
0x03518C,0x035194,FUN_03518c,derived,
0x035194,0x0351CE,FUN_035194,derived,
0x0351CE,0x035202,FUN_0351ce,derived,
0x035202,0x03531A,ImmoMain,ghidra-hand-xmap,
0x03531A,0x03537C,FUN_03531a,derived,
0x03537C,0x035432,ImmoIdleFcn,ghidra-hand-xmap,
0x035432,0x035448,FUN_035432,derived,
0x035448,0x03565A,FUN_035448,derived,
0x03565A,0x035662,FUN_03565a,derived,
0x035662,0x035782,ImmoCalculateSeedResult,ghidra-hand-xmap,
0x035782,0x0358CE,ImmoStateGoodFunc,ghidra-hand-xmap,
0x0358CE,0x035978,ImmoStateInvalidKey,ghidra-hand-xmap,
0x035978,0x0359A2,FUN_035978,derived,
0x0359A2,0x0359E4,FUN_0359a2,derived,
0x0359E4,0x035A56,ImmoGoodStateSet?,ghidra-hand-xmap,
0x035A56,0x035A58,FUN_035a56,derived,
0x035A58,0x035A5E,FUN_035a58,derived,
0x035A5E,0x035A76,FUN_035a5e,derived,
0x035A76,0x035AEE,immo_related??,ghidra-hand-xmap,
0x035AEE,0x035B0E,ImmoGetSeed,ghidra-hand-xmap,
0x035B0E,0x035B58,FUN_035b0e,derived,
0x035B58,0x035BFC,FUN_035b58,derived,
0x035BFC,0x035C0C,FUN_035bfc,derived,
0x035C0C,0x035C62,FUN_035c0c,derived,
0x035C62,0x035D10,FUN_035c62,derived,
0x035D10,0x035DFC,ImmoGetCANData,ghidra-hand-xmap,
0x035DFC,0x035E58,FUN_035dfc,derived,
0x035E58,0x035F5C,setImmoCANTXData,ghidra-hand-xmap,
0x035F5C,0x035F9C,FUN_035f5c,derived,
0x035F9C,0x036076,Immo_Keygen_related_ADC,ghidra-hand-xmap,
0x036076,0x0360BC,loadDatafromE2intoRAM?,ghidra-hand-xmap,
0x0360BC,0x0361AC,getDataFromE2RAM,ghidra-hand-xmap,
0x0361AC,0x036278,updateE2RAMBasedOnInput,ghidra-hand-xmap,
0x036278,0x036314,FUN_036278,derived,
0x036314,0x0363A8,FUN_036314,derived,
0x0363A8,0x0364A0,FUN_0363a8,derived,
0x0364A0,0x0364C6,FUN_0364a0,derived,
0x0364C6,0x0365C0,FUN_0364c6,derived,
0x0365C0,0x036684,ImmoUpdateRelated,ghidra-hand-xmap,
0x036684,0x0367C8,checkImmoStatus?,ghidra-hand-xmap,
0x0367C8,0x0367E8,FUN_0367c8,derived,
0x0367E8,0x036862,FUN_0367e8,derived,
0x036862,0x036904,FUN_036862,derived,
0x036904,0x03697E,FUN_036904,derived,
0x03697E,0x036A8C,FUN_03697e,derived,
0x036A8C,0x036AF0,FUN_036a8c,derived,
0x036AF0,0x036B3E,FUN_036af0,derived,
0x036B3E,0x036B84,FUN_036b3e,derived,
0x036B84,0x036C60,FUN_036b84,derived,
0x036C60,0x036D7A,FUN_036c60,derived,
0x036D7A,0x036E20,FUN_036d7a,derived,
0x036E20,0x036E9A,FUN_036e20,derived,
0x036E9A,0x036F50,FUN_036e9a,derived,
0x036F50,0x036FCA,FUN_036f50,derived,
0x036FCA,0x037010,FUN_036fca,derived,
0x037010,0x037028,FUN_037010,derived,
0x037028,0x0371EC,afterImmoMain,ghidra-hand-xmap,
0x0371EC,0x03735C,afterImmo_1,ghidra-hand-xmap,
0x03735C,0x0374CE,afterImmo_2,ghidra-hand-xmap,
0x0374CE,0x0374EA,FUN_0374ce,derived,
0x0374EA,0x0375F4,FUN_0374ea,derived,
0x0375F4,0x03775C,afterImmo_3,ghidra-hand-xmap,
0x03775C,0x03777A,FUN_03775c,derived,
0x03777A,0x037854,FUN_03777a,derived,
0x037854,0x0379AC,afterImmo_5,ghidra-hand-xmap,
0x0379AC,0x037A78,afterImmo_7,ghidra-hand-xmap,
0x037A78,0x037A92,FUN_037a78,derived,
0x037A92,0x037BDE,FUN_037a92,derived,
0x037BDE,0x037C5A,FUN_037bde,derived,
0x037C5A,0x037C66,FUN_037c5a,derived,
0x037C66,0x037CE0,FUN_037c66,derived,
0x037CE0,0x037D62,FUN_037ce0,derived,
0x037D62,0x037D7E,FUN_037d62,derived,
0x037D7E,0x037F06,FUN_037d7e,derived,
0x037F06,0x037F5E,FUN_037f06,derived,
0x037F5E,0x037FE6,FUN_037f5e,derived,
0x037FE6,0x037FFC,FUN_037fe6,derived,
0x037FFC,0x038056,FUN_037ffc,derived,
0x038056,0x0380A6,FUN_038056,derived,
0x0380A6,0x038104,FUN_0380a6,derived,
0x038104,0x03820A,FUN_038104,derived,
0x03820A,0x0382A2,FUN_03820a,derived,
0x0382A2,0x0383CE,FUN_0382a2,derived,
0x0383CE,0x0383F8,FUN_0383ce,derived,
0x0383F8,0x038440,FUN_0383f8,derived,
0x038440,0x038446,FUN_038440,derived,
0x038446,0x0385C4,FUN_038446,derived,
0x0385C4,0x0385FE,FUN_0385c4,derived,
0x0385FE,0x038610,FUN_0385fe,derived,
0x038610,0x0386F4,getFromE2_E2ADDR_RAMADDR_LEN,ghidra-hand-xmap,
0x0386F4,0x0386FA,FUN_0386f4,derived,
0x0386FA,0x03870A,FUN_0386fa,derived,
0x03870A,0x03879C,FUN_03870a,derived,
0x03879C,0x0387A2,FUN_03879c,derived,
0x0387A2,0x0387BA,FUN_0387a2,derived,
0x0387BA,0x0387E8,FUN_0387ba,derived,
0x0387E8,0x038838,can41TXPack,ghidra-hand-xmap,
0x038838,0x03883C,FUN_038838,derived,
0x03883C,0x038870,CAN47RX_Main,ghidra-hand-xmap,
0x038870,0x038882,FUN_038870,derived,
0x038882,0x0388AA,FUN_038882,derived,
0x0388AA,0x0388B4,FUN_0388aa,derived,
0x0388B4,0x0388BE,FUN_0388b4,derived,
0x0388BE,0x038918,FUN_0388be,derived,
0x038918,0x038922,FUN_038918,derived,
0x038922,0x03894E,FUN_038922,derived,
0x03894E,0x038AB6,FUN_03894e,derived,
0x038AB6,0x038B7E,FUN_038ab6,derived,
0x038B7E,0x038BA6,FUN_038b7e,derived,
0x038BA6,0x038BF4,FUN_038ba6,derived,
0x038BF4,0x038BF6,FUN_038bf4,derived,
0x038BF6,0x038C2C,FUN_038bf6,derived,
0x038C2C,0x038C52,FUN_038c2c,derived,
0x038C52,0x038C7C,FUN_038c52,derived,
0x038C7C,0x038D2A,FUN_038c7c,derived,
0x038D2A,0x038E1C,FUN_038d2a,derived,
0x038E1C,0x038E5C,FUN_038e1c,derived,
0x038E5C,0x038E70,FUN_038e5c,derived,
0x038E70,0x03901A,FUN_038e70,derived,
0x03901A,0x039040,FUN_03901a,derived,
0x039040,0x03905A,FUN_039040,derived,
0x03905A,0x039210,dealsWithFuelCutSetting,ghidra-hand-xmap,
0x039210,0x039258,setupFuelingVariables,ghidra-hand-xmap,
0x039258,0x039270,FUN_039258,derived,
0x039270,0x039296,FUN_039270,derived,
0x039296,0x039342,FUN_039296,derived,
0x039342,0x03939C,FUN_039342,derived,
0x03939C,0x0393DE,FUN_03939c,derived,
0x0393DE,0x0394BE,FUN_0393de,derived,
0x0394BE,0x0394FC,FUN_0394be,derived,
0x0394FC,0x03966E,FUN_0394fc,derived,
0x03966E,0x039756,FUN_03966e,derived,
0x039756,0x039794,FUN_039756,derived,
0x039794,0x03986A,FUN_039794,derived,
0x03986A,0x0398F4,FUN_03986a,derived,
0x0398F4,0x03992E,FUN_0398f4,derived,
0x03992E,0x039938,FUN_03992e,derived,
0x039938,0x039986,FUN_039938,derived,
0x039986,0x0399C2,FUN_039986,derived,
0x0399C2,0x0399D2,FUN_0399c2,derived,
0x0399D2,0x039A22,FUN_0399d2,derived,
0x039A22,0x039A52,FUN_039a22,derived,
0x039A52,0x039B1A,FUN_039a52,derived,
0x039B1A,0x039BBA,FUN_039b1a,derived,
0x039BBA,0x039C46,FUN_039bba,derived,
0x039C46,0x039CA6,FUN_039c46,derived,
0x039CA6,0x039CC6,FUN_039ca6,derived,
0x039CC6,0x039CEE,FUN_039cc6,derived,
0x039CEE,0x039D1A,FUN_039cee,derived,
0x039D1A,0x039D3A,FUN_039d1a,derived,
0x039D3A,0x039D56,FUN_039d3a,derived,
0x039D56,0x039DBA,FUN_039d56,derived,
0x039DBA,0x039DE2,FUN_039dba,derived,
0x039DE2,0x039F00,FUN_039de2,derived,
0x039F00,0x039F22,FUN_039f00,derived,
0x039F22,0x03A06A,FUN_039f22,derived,
0x03A06A,0x03A076,FUN_03a06a,derived,
0x03A076,0x03A0C8,FUN_03a076,derived,
0x03A0C8,0x03A10A,FUN_03a0c8,derived,
0x03A10A,0x03A164,FUN_03a10a,derived,
0x03A164,0x03A174,FUN_03a164,derived,
0x03A174,0x03A18C,FUN_03a174,derived,
0x03A18C,0x03A1AA,FUN_03a18c,derived,
0x03A1AA,0x03A384,FUN_03a1aa,derived,
0x03A384,0x03A4CE,FUN_03a384,derived,
0x03A4CE,0x03A4F0,FUN_03a4ce,derived,
0x03A4F0,0x03A520,FUN_03a4f0,derived,
0x03A520,0x03A536,FUN_03a520,derived,
0x03A536,0x03A586,FUN_03a536,derived,
0x03A586,0x03A600,FUN_03a586,derived,
0x03A600,0x03A608,FUN_03a600,derived,
0x03A608,0x03A626,FUN_03a608,derived,
0x03A626,0x03A6B6,FUN_03a626,derived,
0x03A6B6,0x03A6D4,FUN_03a6b6,derived,
0x03A6D4,0x03A748,FUN_03a6d4,derived,
0x03A748,0x03A74A,FUN_03a748,derived,
0x03A74A,0x03A80A,FUN_03a74a,derived,
0x03A80A,0x03A83C,FUN_03a80a,derived,
0x03A83C,0x03A8F2,FUN_03a83c,derived,
0x03A8F2,0x03A8FC,FUN_03a8f2,derived,
0x03A8FC,0x03A952,FUN_03a8fc,derived,
0x03A952,0x03A970,FUN_03a952,derived,
0x03A970,0x03A998,FUN_03a970,derived,
0x03A998,0x03AAFC,FUN_03a998,derived,
0x03AAFC,0x03ABE2,FUN_03aafc,derived,
0x03ABE2,0x03AC8A,FUN_03abe2,derived,
0x03AC8A,0x03ACAE,FUN_03ac8a,derived,
0x03ACAE,0x03AD00,FUN_03acae,derived,
0x03AD00,0x03AD68,FUN_03ad00,derived,
0x03AD68,0x03ADC2,FUN_03ad68,derived,
0x03ADC2,0x03AECC,FUN_03adc2,derived,
0x03AECC,0x03AF3C,FUN_03aecc,derived,
0x03AF3C,0x03B0A8,FUN_03af3c,derived,
0x03B0A8,0x03B20A,FUN_03b0a8,derived,
0x03B20A,0x03B224,FUN_03b20a,derived,
0x03B224,0x03B236,FUN_03b224,derived,
0x03B236,0x03B284,FUN_03b236,derived,
0x03B284,0x03B2A4,FUN_03b284,derived,
0x03B2A4,0x03B2E2,FUN_03b2a4,derived,
0x03B2E2,0x03B344,FUN_03b2e2,derived,
0x03B344,0x03B45C,FUN_03b344,derived,
0x03B45C,0x03B460,FUN_03b45c,derived,
0x03B460,0x03B544,FUN_03b460,derived,
0x03B544,0x03B560,FUN_03b544,derived,
0x03B560,0x03B5E6,FUN_03b560,derived,
0x03B5E6,0x03B628,FUN_03b5e6,derived,
0x03B628,0x03B648,FUN_03b628,derived,
0x03B648,0x03B81E,FUN_03b648,derived,
0x03B81E,0x03B998,FUN_03b81e,derived,
0x03B998,0x03B9AE,FUN_03b998,derived,
0x03B9AE,0x03B9DA,FUN_03b9ae,derived,
0x03B9DA,0x03BA10,FUN_03b9da,derived,
0x03BA10,0x03BA34,FUN_03ba10,derived,
0x03BA34,0x03BA48,FUN_03ba34,derived,
0x03BA48,0x03BA90,FUN_03ba48,derived,
0x03BA90,0x03BAB6,FUN_03ba90,derived,
0x03BAB6,0x03BAD4,FUN_03bab6,derived,
0x03BAD4,0x03BC1C,FUN_03bad4,derived,
0x03BC1C,0x03BC88,setFuelingRequestPointer,ghidra-hand-xmap,
0x03BC88,0x03BD3A,FUN_03bc88,derived,
0x03BD3A,0x03BE1E,FUN_03bd3a,derived,
0x03BE1E,0x03BEB8,FUN_03be1e,derived,
0x03BEB8,0x03BFF8,FUN_03beb8,derived,
0x03BFF8,0x03C0BA,FUN_03bff8,derived,
0x03C0BA,0x03C154,FUN_03c0ba,derived,
0x03C154,0x03C194,FUN_03c154,derived,
0x03C194,0x03C25E,FUN_03c194,derived,
0x03C25E,0x03C2FE,FUN_03c25e,derived,
0x03C2FE,0x03C370,FUN_03c2fe,derived,
0x03C370,0x03C39C,FUN_03c370,derived,
0x03C39C,0x03C45C,FUN_03c39c,derived,
0x03C45C,0x03C466,FUN_03c45c,derived,
0x03C466,0x03C49E,FUN_03c466,derived,
0x03C49E,0x03C4E2,FUN_03c49e,derived,
0x03C4E2,0x03C528,FUN_03c4e2,derived,
0x03C528,0x03C53A,FUN_03c528,derived,
0x03C53A,0x03C558,FUN_03c53a,derived,
0x03C558,0x03C688,FUN_03c558,derived,
0x03C688,0x03C6B4,FUN_03c688,derived,
0x03C6B4,0x03C6E0,FUN_03c6b4,derived,
0x03C6E0,0x03C7F8,FUN_03c6e0,derived,
0x03C7F8,0x03C936,FUN_03c7f8,derived,
0x03C936,0x03C992,FUN_03c936,derived,
0x03C992,0x03C9D4,FUN_03c992,derived,
0x03C9D4,0x03CA64,FUN_03c9d4,derived,
0x03CA64,0x03CB04,FUN_03ca64,derived,
0x03CB04,0x03CC42,FUN_03cb04,derived,
0x03CC42,0x03CDE8,FUN_03cc42,derived,
0x03CDE8,0x03CE22,FUN_03cde8,derived,
0x03CE22,0x03CE32,FUN_03ce22,derived,
0x03CE32,0x03CE48,FUN_03ce32,derived,
0x03CE48,0x03CE74,FUN_03ce48,derived,
0x03CE74,0x03CF00,FUN_03ce74,derived,
0x03CF00,0x03CF3C,FUN_03cf00,derived,
0x03CF3C,0x03CF9E,FUN_03cf3c,derived,
0x03CF9E,0x03D054,FUN_03cf9e,derived,
0x03D054,0x03D192,FUN_03d054,derived,
0x03D192,0x03D1EC,FUN_03d192,derived,
0x03D1EC,0x03D1EE,FUN_03d1ec,derived,
0x03D1EE,0x03D244,FUN_03d1ee,derived,
0x03D244,0x03D25E,FUN_03d244,derived,
0x03D25E,0x03D36A,FUN_03d25e,derived,
0x03D36A,0x03D492,FUN_03d36a,derived,
0x03D492,0x03D4D0,FUN_03d492,derived,
0x03D4D0,0x03D502,FUN_03d4d0,derived,
0x03D502,0x03D59C,FUN_03d502,derived,
0x03D59C,0x03D70C,FUN_03d59c,derived,
0x03D70C,0x03D726,FUN_03d70c,derived,
0x03D726,0x03D73A,FUN_03d726,derived,
0x03D73A,0x03D8B0,FUN_03d73a,derived,
0x03D8B0,0x03D8DC,FUN_03d8b0,derived,
0x03D8DC,0x03D920,FUN_03d8dc,derived,
0x03D920,0x03D92A,FUN_03d920,derived,
0x03D92A,0x03D946,FUN_03d92a,derived,
0x03D946,0x03D96E,FUN_03d946,derived,
0x03D96E,0x03DA08,FUN_03d96e,derived,
0x03DA08,0x03DA44,FUN_03da08,derived,
0x03DA44,0x03DA78,FUN_03da44,derived,
0x03DA78,0x03DA9A,FUN_03da78,derived,
0x03DA9A,0x03DB02,FUN_03da9a,derived,
0x03DB02,0x03DBB4,FUN_03db02,derived,
0x03DBB4,0x03DC2C,FUN_03dbb4,derived,
0x03DC2C,0x03DCA4,FUN_03dc2c,derived,
0x03DCA4,0x03DCFC,FUN_03dca4,derived,
0x03DCFC,0x03DD34,FUN_03dcfc,derived,
0x03DD34,0x03DD46,FUN_03dd34,derived,
0x03DD46,0x03DD66,FUN_03dd46,derived,
0x03DD66,0x03DEDC,FUN_03dd66,derived,
0x03DEDC,0x03DFE2,FUN_03dedc,derived,
0x03DFE2,0x03E00E,FUN_03dfe2,derived,
0x03E00E,0x03E07C,FUN_03e00e,derived,
0x03E07C,0x03E0AC,FUN_03e07c,derived,
0x03E0AC,0x03E0DC,FUN_03e0ac,derived,
0x03E0DC,0x03E11C,readValue_8bit_ADDRESS_VAL,ghidra-hand-xmap,
0x03E11C,0x03E15C,readValue_16bit_ADDRESS_VAL,ghidra-hand-xmap,
0x03E15C,0x03E1AA,readValue_32bit_ADDRESS_VAL,ghidra-hand-xmap,
0x03E1AA,0x03E1F8,FUN_03e1aa,derived,
0x03E1F8,0x03E208,updateMemoryAtAddress_8bit_ADDR_VAL,ghidra-hand-xmap,
0x03E208,0x03E218,updateMemoryAtAddress_16bit_ADDR_VAL,ghidra-hand-xmap,
0x03E218,0x03E258,updateMemoryAtAddress_32bit_ADDR_VAL,ghidra-hand-xmap,
0x03E258,0x03E29E,FUN_03e258,derived,
0x03E29E,0x03E2DA,validateAddressCopy_8bit_ADDRESS??,ghidra-hand-xmap,
0x03E2DA,0x03E330,validateAddressCopy_16bit_ADDRESS??,ghidra-hand-xmap,
0x03E330,0x03E38A,validateAddressCopy_32bit_ADDRESS??,ghidra-hand-xmap,
0x03E38A,0x03E3F0,validateAddressCopy_float_ADDRESS??,ghidra-hand-xmap,
0x03E3F0,0x03E3F8,FUN_03e3f0,derived,
0x03E3F8,0x03E474,FUN_03e3f8,derived,
0x03E474,0x03E530,FUN_03e474,derived,
0x03E530,0x03E536,FUN_03e530,derived,
0x03E536,0x03E552,FUN_03e536,derived,
0x03E552,0x03E5A8,FUN_03e552,derived,
0x03E5A8,0x03E5B0,FUN_03e5a8,derived,
0x03E5B0,0x03E69A,FUN_03e5b0,derived,
0x03E69A,0x03E6A4,FUN_03e69a,derived,
0x03E6A4,0x03E78C,FUN_03e6a4,derived,
0x03E78C,0x03E7B0,FUN_03e78c,derived,
0x03E7B0,0x03E7D0,FUN_03e7b0,derived,
0x03E7D0,0x03E80C,FUN_03e7d0,derived,
0x03E80C,0x03E868,FUN_03e80c,derived,
0x03E868,0x03E870,FUN_03e868,derived,
0x03E870,0x03E880,FUN_03e870,derived,
0x03E880,0x03E888,FUN_03e880,derived,
0x03E888,0x03E892,FUN_03e888,derived,
0x03E892,0x03E89C,FUN_03e892,derived,
0x03E89C,0x03E900,FUN_03e89c,derived,
0x03E900,0x03E93A,FUN_03e900,derived,
0x03E93A,0x03EA50,FUN_03e93a,derived,
0x03EA50,0x03EABA,FUN_03ea50,derived,
0x03EABA,0x03EAFC,FUN_03eaba,derived,
0x03EAFC,0x03EC52,FUN_03eafc,derived,
0x03EC52,0x03EC90,FUN_03ec52,derived,
0x03EC90,0x03ECF6,FUN_03ec90,derived,
0x03ECF6,0x03ECFC,FUN_03ecf6,derived,
0x03ECFC,0x03ED02,FUN_03ecfc,derived,
0x03ED02,0x03ED0A,FUN_03ed02,derived,
0x03ED0A,0x03ED2A,FUN_03ed0a,derived,
0x03ED2A,0x03ED52,FUN_03ed2a,derived,
0x03ED52,0x03ED9A,FUN_03ed52,derived,
0x03ED9A,0x03EE12,FUN_03ed9a,derived,
0x03EE12,0x03EE44,FUN_03ee12,derived,
0x03EE44,0x03F074,FUN_03ee44,derived,
0x03F074,0x03F094,FUN_03f074,derived,
0x03F094,0x03F0B2,FUN_03f094,derived,
0x03F0B2,0x03F0D6,FUN_03f0b2,derived,
0x03F0D6,0x03F0FA,FUN_03f0d6,derived,
0x03F0FA,0x03F104,FUN_03f0fa,derived,
0x03F104,0x03F108,FUN_03f104,derived,
0x03F108,0x03F158,FUN_03f108,derived,
0x03F158,0x03F180,FUN_03f158,derived,
0x03F180,0x03F1D8,FUN_03f180,derived,
0x03F1D8,0x03F1E4,FUN_03f1d8,derived,
0x03F1E4,0x03F224,FUN_03f1e4,derived,
0x03F224,0x03F474,FUN_03f224,derived,
0x03F474,0x03F498,FUN_03f474,derived,
0x03F498,0x03F516,FUN_03f498,derived,
0x03F516,0x03F518,FUN_03f516,derived,
0x03F518,0x03F6BA,FUN_03f518,derived,
0x03F6BA,0x03F780,FUN_03f6ba,derived,
0x03F780,0x03F792,FUN_03f780,derived,
0x03F792,0x03F7AC,FUN_03f792,derived,
0x03F7AC,0x03F824,FUN_03f7ac,derived,
0x03F824,0x03F9D8,FUN_03f824,derived,
0x03F9D8,0x03F9E4,FUN_03f9d8,derived,
0x03F9E4,0x03FAAC,FUN_03f9e4,derived,
0x03FAAC,0x03FB20,FUN_03faac,derived,
0x03FB20,0x03FB26,FUN_03fb20,derived,
0x03FB26,0x03FB38,FUN_03fb26,derived,
0x03FB38,0x03FB7C,FUN_03fb38,derived,
0x03FB7C,0x03FC20,FUN_03fb7c,derived,
0x03FC20,0x03FC52,FUN_03fc20,derived,
0x03FC52,0x03FCF2,FUN_03fc52,derived,
0x03FCF2,0x03FCF4,FUN_03fcf2,derived,
0x03FCF4,0x03FD7A,FUN_03fcf4,derived,
0x03FD7A,0x03FE08,FUN_03fd7a,derived,
0x03FE08,0x03FE1A,FUN_03fe08,derived,
0x03FE1A,0x03FE44,FUN_03fe1a,derived,
0x03FE44,0x03FE50,FUN_03fe44,derived,
0x03FE50,0x03FF1C,FUN_03fe50,derived,
0x03FF1C,0x03FF86,FUN_03ff1c,derived,
0x03FF86,0x04001A,FUN_03ff86,derived,
0x04001A,0x040052,FUN_04001a,derived,
0x040052,0x040078,FUN_040052,derived,
0x040078,0x040100,FUN_040078,derived,
0x040100,0x040130,FUN_040100,derived,
0x040130,0x04049C,FUN_040130,derived,
0x04049C,0x04052C,FUN_04049c,derived,
0x04052C,0x0406D6,FUN_04052c,derived,
0x0406D6,0x040B4A,FUN_0406d6,derived,
0x040B4A,0x040BE0,FUN_040b4a,derived,
0x040BE0,0x040CA8,FUN_040be0,derived,
0x040CA8,0x040E18,FUN_040ca8,derived,
0x040E18,0x040E62,FUN_040e18,derived,
0x040E62,0x040EF0,FUN_040e62,derived,
0x040EF0,0x040FC0,FUN_040ef0,derived,
0x040FC0,0x04104C,FUN_040fc0,derived,
0x04104C,0x0410AA,FUN_04104c,derived,
0x0410AA,0x04112C,FUN_0410aa,derived,
0x04112C,0x041198,FUN_04112c,derived,
0x041198,0x041366,FUN_041198,derived,
0x041366,0x041408,FUN_041366,derived,
0x041408,0x04150C,FUN_041408,derived,
0x04150C,0x04153A,FUN_04150c,derived,
0x04153A,0x041554,FUN_04153a,derived,
0x041554,0x041680,FUN_041554,derived,
0x041680,0x0417EC,FUN_041680,derived,
0x0417EC,0x0418AC,FUN_0417ec,derived,
0x0418AC,0x0418BE,FUN_0418ac,derived,
0x0418BE,0x0418EA,FUN_0418be,derived,
0x0418EA,0x041A40,FUN_0418ea,derived,
0x041A40,0x041AA4,lambdaRelated,ghidra-hand-xmap,
0x041AA4,0x041AAE,FUN_041aa4,derived,
0x041AAE,0x041AC2,FUN_041aae,derived,
0x041AC2,0x041AD2,FUN_041ac2,derived,
0x041AD2,0x041B34,FUN_041ad2,derived,
0x041B34,0x041B3A,FUN_041b34,derived,
0x041B3A,0x041B88,FUN_041b3a,derived,
0x041B88,0x041BDC,FUN_041b88,derived,
0x041BDC,0x041C54,FUN_041bdc,derived,
0x041C54,0x041D7C,FUN_041c54,derived,
0x041D7C,0x041DAC,FUN_041d7c,derived,
0x041DAC,0x041DB0,FUN_041dac,derived,
0x041DB0,0x041DEE,FUN_041db0,derived,
0x041DEE,0x041EC6,FUN_041dee,derived,
0x041EC6,0x041F9A,FUN_041ec6,derived,
0x041F9A,0x042050,FUN_041f9a,derived,
0x042050,0x04219C,FUN_042050,derived,
0x04219C,0x042210,FUN_04219c,derived,
0x042210,0x042230,FUN_042210,derived,
0x042230,0x04228C,FUN_042230,derived,
0x04228C,0x042296,FUN_04228c,derived,
0x042296,0x042330,calculateDriverConditions,ghidra-hand-xmap,
0x042330,0x0423F2,FUN_042330,derived,
0x0423F2,0x042404,FUN_0423f2,derived,
0x042404,0x04244C,FUN_042404,derived,
0x04244C,0x04248A,FUN_04244c,derived,
0x04248A,0x0424AC,FUN_04248a,derived,
0x0424AC,0x0424DC,FUN_0424ac,derived,
0x0424DC,0x042534,FUN_0424dc,derived,
0x042534,0x042546,FUN_042534,derived,
0x042546,0x04254C,FUN_042546,derived,
0x04254C,0x0425A2,FUN_04254c,derived,
0x0425A2,0x0426C2,FUN_0425a2,derived,
0x0426C2,0x0426DE,FUN_0426c2,derived,
0x0426DE,0x0426EA,FUN_0426de,derived,
0x0426EA,0x042706,FUN_0426ea,derived,
0x042706,0x04270A,FUN_042706,derived,
0x04270A,0x04272A,FUN_04270a,derived,
0x04272A,0x0427B8,FUN_04272a,derived,
0x0427B8,0x0427C0,FUN_0427b8,derived,
0x0427C0,0x0427D4,FUN_0427c0,derived,
0x0427D4,0x042842,FUN_0427d4,derived,
0x042842,0x042852,FUN_042842,derived,
0x042852,0x042934,FUN_042852,derived,
0x042934,0x0429BC,FUN_042934,derived,
0x0429BC,0x0429EE,FUN_0429bc,derived,
0x0429EE,0x042B52,filterEngineSpeedRateOfChange,ghidra-hand-xmap,
0x042B52,0x042B7C,FUN_042b52,derived,
0x042B7C,0x042BF6,FUN_042b7c,derived,
0x042BF6,0x042CE0,calc_decel_fuel_cut_445AA,ghidra-hand-xmap,
0x042CE0,0x042CE4,FUN_042ce0,derived,
0x042CE4,0x042D08,FUN_042ce4,derived,
0x042D08,0x042D56,FUN_042d08,derived,
0x042D56,0x042D94,FUN_042d56,derived,
0x042D94,0x042DBA,FUN_042d94,derived,
0x042DBA,0x042DCE,FUN_042dba,derived,
0x042DCE,0x042DFC,FUN_042dce,derived,
0x042DFC,0x042E10,FUN_042dfc,derived,
0x042E10,0x042E1E,FUN_042e10,derived,
0x042E1E,0x042E32,FUN_042e1e,derived,
0x042E32,0x042E70,FUN_042e32,derived,
0x042E70,0x042EDA,FUN_042e70,derived,
0x042EDA,0x042F2C,FUN_042eda,derived,
0x042F2C,0x042F48,FUN_042f2c,derived,
0x042F48,0x042F56,FUN_042f48,derived,
0x042F56,0x042FD4,liftConditionSRLatch,ghidra-hand-xmap,
0x042FD4,0x043006,FUN_042fd4,derived,
0x043006,0x043030,FUN_043006,derived,
0x043030,0x04305E,FUN_043030,derived,
0x04305E,0x0430A4,FUN_04305e,derived,
0x0430A4,0x0430FE,FUN_0430a4,derived,
0x0430FE,0x043148,FUN_0430fe,derived,
0x043148,0x043150,FUN_043148,derived,
0x043150,0x04315C,FUN_043150,derived,
0x04315C,0x043160,FUN_04315c,derived,
0x043160,0x043168,FUN_043160,derived,
0x043168,0x0431E6,FUN_043168,derived,
0x0431E6,0x04323C,FUN_0431e6,derived,
0x04323C,0x043298,FUN_04323c,derived,
0x043298,0x0432A0,FUN_043298,derived,
0x0432A0,0x0432B0,FUN_0432a0,derived,
0x0432B0,0x0432BA,FUN_0432b0,derived,
0x0432BA,0x0432D2,FUN_0432ba,derived,
0x0432D2,0x04332C,getApvVoltageRange,ghidra-hand-xmap,
0x04332C,0x043344,FUN_04332c,derived,
0x043344,0x043360,FUN_043344,derived,
0x043360,0x0433DA,FUN_043360,derived,
0x0433DA,0x0433E4,FUN_0433da,derived,
0x0433E4,0x04341E,FUN_0433e4,derived,
0x04341E,0x04343C,FUN_04341e,derived,
0x04343C,0x043440,FUN_04343c,derived,
0x043440,0x043448,FUN_043440,derived,
0x043448,0x043506,FUN_043448,derived,
0x043506,0x04356A,FUN_043506,derived,
0x04356A,0x043570,FUN_04356a,derived,
0x043570,0x043576,FUN_043570,derived,
0x043576,0x04359E,FUN_043576,derived,
0x04359E,0x0435A0,FUN_04359e,derived,
0x0435A0,0x0435AE,FUN_0435a0,derived,
0x0435AE,0x0435C6,FUN_0435ae,derived,
0x0435C6,0x04364A,FUN_0435c6,derived,
0x04364A,0x043664,FUN_04364a,derived,
0x043664,0x043686,FUN_043664,derived,
0x043686,0x04368C,FUN_043686,derived,
0x04368C,0x043698,FUN_04368c,derived,
0x043698,0x04369A,FUN_043698,derived,
0x04369A,0x043734,FUN_04369a,derived,
0x043734,0x0439BA,FUN_043734,derived,
0x0439BA,0x043A86,FUN_0439ba,derived,
0x043A86,0x043A94,FUN_043a86,derived,
0x043A94,0x043AA6,FUN_043a94,derived,
0x043AA6,0x043BFC,FUN_043aa6,derived,
0x043BFC,0x043C12,FUN_043bfc,derived,
0x043C12,0x043C28,FUN_043c12,derived,
0x043C28,0x043C52,FUN_043c28,derived,
0x043C52,0x043C6A,FUN_043c52,derived,
0x043C6A,0x043D20,FUN_043c6a,derived,
0x043D20,0x043D68,FUN_043d20,derived,
0x043D68,0x043D8C,FUN_043d68,derived,
0x043D8C,0x043DBE,FUN_043d8c,derived,
0x043DBE,0x043DEE,FUN_043dbe,derived,
0x043DEE,0x043F36,FUN_043dee,derived,
0x043F36,0x043F40,FUN_043f36,derived,
0x043F40,0x043FD0,FUN_043f40,derived,
0x043FD0,0x043FFE,FUN_043fd0,derived,
0x043FFE,0x0440A4,FUN_043ffe,derived,
0x0440A4,0x0440B8,FUN_0440a4,derived,
0x0440B8,0x044156,FUN_0440b8,derived,
0x044156,0x044188,FUN_044156,derived,
0x044188,0x044190,FUN_044188,derived,
0x044190,0x0441B8,FUN_044190,derived,
0x0441B8,0x044200,FUN_0441b8,derived,
0x044200,0x04423A,FUN_044200,derived,
0x04423A,0x044294,FUN_04423a,derived,
0x044294,0x0442A6,FUN_044294,derived,
0x0442A6,0x0442EC,FUN_0442a6,derived,
0x0442EC,0x04431E,FUN_0442ec,derived,
0x04431E,0x04434E,FUN_04431e,derived,
0x04434E,0x0443E6,FUN_04434e,derived,
0x0443E6,0x0444C4,FUN_0443e6,derived,
0x0444C4,0x04454C,obdFaultRelated?,ghidra-hand-xmap,
0x04454C,0x04455E,FUN_04454c,derived,
0x04455E,0x0445A0,FUN_04455e,derived,
0x0445A0,0x0445E8,FUN_0445a0,derived,
0x0445E8,0x0445F0,FUN_0445e8,derived,
0x0445F0,0x0445F8,FUN_0445f0,derived,
0x0445F8,0x044648,FUN_0445f8,derived,
0x044648,0x044840,FUN_044648,derived,
0x044840,0x044850,FUN_044840,derived,
0x044850,0x044974,FUN_044850,derived,
0x044974,0x044996,FUN_044974,derived,
0x044996,0x04499E,FUN_044996,derived,
0x04499E,0x0449A6,FUN_04499e,derived,
0x0449A6,0x0449E6,FUN_0449a6,derived,
0x0449E6,0x044AD6,FUN_0449e6,derived,
0x044AD6,0x044AEA,FUN_044ad6,derived,
0x044AEA,0x044B78,FUN_044aea,derived,
0x044B78,0x044BA2,FUN_044b78,derived,
0x044BA2,0x044BB6,FUN_044ba2,derived,
0x044BB6,0x044BC8,FUN_044bb6,derived,
0x044BC8,0x044C02,FUN_044bc8,derived,
0x044C02,0x044C3E,FUN_044c02,derived,
0x044C3E,0x044CCE,FUN_044c3e,derived,
0x044CCE,0x044D40,FUN_044cce,derived,
0x044D40,0x044D46,FUN_044d40,derived,
0x044D46,0x044D9C,FUN_044d46,derived,
0x044D9C,0x044DCC,FUN_044d9c,derived,
0x044DCC,0x044DE4,FUN_044dcc,derived,
0x044DE4,0x044DF6,FUN_044de4,derived,
0x044DF6,0x044DFC,FUN_044df6,derived,
0x044DFC,0x044E0A,FUN_044dfc,derived,
0x044E0A,0x044E1C,FUN_044e0a,derived,
0x044E1C,0x044EB0,FUN_044e1c,derived,
0x044EB0,0x044F22,FUN_044eb0,derived,
0x044F22,0x045002,FUN_044f22,derived,
0x045002,0x045020,FUN_045002,derived,
0x045020,0x04502A,FUN_045020,derived,
0x04502A,0x045052,FUN_04502a,derived,
0x045052,0x04505A,FUN_045052,derived,
0x04505A,0x045062,FUN_04505a,derived,
0x045062,0x0450B4,FUN_045062,derived,
0x0450B4,0x0450DE,FUN_0450b4,derived,
0x0450DE,0x04517A,FUN_0450de,derived,
0x04517A,0x0451B2,FUN_04517a,derived,
0x0451B2,0x045218,FUN_0451b2,derived,
0x045218,0x045242,FUN_045218,derived,
0x045242,0x045256,FUN_045242,derived,
0x045256,0x045268,FUN_045256,derived,
0x045268,0x0452A8,FUN_045268,derived,
0x0452A8,0x0452B6,FUN_0452a8,derived,
0x0452B6,0x0452BC,FUN_0452b6,derived,
0x0452BC,0x0453EC,FUN_0452bc,derived,
0x0453EC,0x04540E,FUN_0453ec,derived,
0x04540E,0x045416,FUN_04540e,derived,
0x045416,0x04541E,FUN_045416,derived,
0x04541E,0x045490,FUN_04541e,derived,
0x045490,0x0456A4,FUN_045490,derived,
0x0456A4,0x0456B2,FUN_0456a4,derived,
0x0456B2,0x0457EE,FUN_0456b2,derived,
0x0457EE,0x0458AA,FUN_0457ee,derived,
0x0458AA,0x0459E4,FUN_0458aa,derived,
0x0459E4,0x0459E6,FUN_0459e4,derived,
0x0459E6,0x045B24,FUN_0459e6,derived,
0x045B24,0x045B46,FUN_045b24,derived,
0x045B46,0x045B4E,FUN_045b46,derived,
0x045B4E,0x045B56,FUN_045b4e,derived,
0x045B56,0x045B98,FUN_045b56,derived,
0x045B98,0x045BB0,FUN_045b98,derived,
0x045BB0,0x045C08,FUN_045bb0,derived,
0x045C08,0x045D50,FUN_045c08,derived,
0x045D50,0x045DA0,FUN_045d50,derived,
0x045DA0,0x045DF0,FUN_045da0,derived,
0x045DF0,0x045E0C,FUN_045df0,derived,
0x045E0C,0x045E26,FUN_045e0c,derived,
0x045E26,0x045E4A,FUN_045e26,derived,
0x045E4A,0x045E94,FUN_045e4a,derived,
0x045E94,0x045EDC,FUN_045e94,derived,
0x045EDC,0x045F56,FUN_045edc,derived,
0x045F56,0x045F5E,FUN_045f56,derived,
0x045F5E,0x045F72,FUN_045f5e,derived,
0x045F72,0x045FC4,FUN_045f72,derived,
0x045FC4,0x046008,FUN_045fc4,derived,
0x046008,0x04602A,FUN_046008,derived,
0x04602A,0x046032,FUN_04602a,derived,
0x046032,0x04603A,FUN_046032,derived,
0x04603A,0x04607A,FUN_04603a,derived,
0x04607A,0x0460C6,FUN_04607a,derived,
0x0460C6,0x046144,FUN_0460c6,derived,
0x046144,0x04615C,FUN_046144,derived,
0x04615C,0x046406,FUN_04615c,derived,
0x046406,0x0464A2,fuelCutSomethingSomething,ghidra-hand-xmap,
0x0464A2,0x04653E,FUN_0464a2,derived,
0x04653E,0x046588,setPerRotorLevel1FuelCut,ghidra-hand-xmap,
0x046588,0x0465DC,FUN_046588,derived,
0x0465DC,0x0465FC,FUN_0465dc,derived,
0x0465FC,0x04665E,FUN_0465fc,derived,
0x04665E,0x046672,FUN_04665e,derived,
0x046672,0x046684,FUN_046672,derived,
0x046684,0x04669C,FUN_046684,derived,
0x04669C,0x046790,FUN_04669c,derived,
0x046790,0x0468A4,FUN_046790,derived,
0x0468A4,0x046D26,setThrottleStatus,ghidra-hand-xmap,
0x046D26,0x046D2E,FUN_046d26,derived,
0x046D2E,0x046D38,FUN_046d2e,derived,
0x046D38,0x046D5A,FUN_046d38,derived,
0x046D5A,0x046D64,FUN_046d5a,derived,
0x046D64,0x046E28,getThrottleStatusBooleans,ghidra-hand-xmap,
0x046E28,0x046FDA,FUN_046e28,derived,
0x046FDA,0x047188,FUN_046fda,derived,
0x047188,0x047190,FUN_047188,derived,
0x047190,0x047198,FUN_047190,derived,
0x047198,0x04719E,FUN_047198,derived,
0x04719E,0x04725E,FUN_04719e,derived,
0x04725E,0x04728E,FUN_04725e,derived,
0x04728E,0x047444,FUN_04728e,derived,
0x047444,0x04744A,FUN_047444,derived,
0x04744A,0x047450,FUN_04744a,derived,
0x047450,0x047456,FUN_047450,derived,
0x047456,0x04745E,FUN_047456,derived,
0x04745E,0x047460,FUN_04745e,derived,
0x047460,0x047510,FUN_047460,derived,
0x047510,0x0475C4,FUN_047510,derived,
0x0475C4,0x0475D2,FUN_0475c4,derived,
0x0475D2,0x0475E4,FUN_0475d2,derived,
0x0475E4,0x0476E4,FUN_0475e4,derived,
0x0476E4,0x0476FC,FUN_0476e4,derived,
0x0476FC,0x04772C,FUN_0476fc,derived,
0x04772C,0x047734,FUN_04772c,derived,
0x047734,0x047736,FUN_047734,derived,
0x047736,0x04773C,FUN_047736,derived,
0x04773C,0x047744,FUN_04773c,derived,
0x047744,0x04774C,FUN_047744,derived,
0x04774C,0x04776A,FUN_04774c,derived,
0x04776A,0x0477F8,FUN_04776a,derived,
0x0477F8,0x047842,FUN_0477f8,derived,
0x047842,0x047848,FUN_047842,derived,
0x047848,0x04784E,FUN_047848,derived,
0x04784E,0x047862,FUN_04784e,derived,
0x047862,0x0479BA,FUN_047862,derived,
0x0479BA,0x0479C0,FUN_0479ba,derived,
0x0479C0,0x0479C6,FUN_0479c0,derived,
0x0479C6,0x0479CC,FUN_0479c6,derived,
0x0479CC,0x0479D4,FUN_0479cc,derived,
0x0479D4,0x0479D6,FUN_0479d4,derived,
0x0479D6,0x047B0A,FUN_0479d6,derived,
0x047B0A,0x047B26,FUN_047b0a,derived,
0x047B26,0x047B38,FUN_047b26,derived,
0x047B38,0x047C86,FUN_047b38,derived,
0x047C86,0x047C8C,FUN_047c86,derived,
0x047C8C,0x047C8E,FUN_047c8c,derived,
0x047C8E,0x047C94,FUN_047c8e,derived,
0x047C94,0x047CCC,FUN_047c94,derived,
0x047CCC,0x047D06,FUN_047ccc,derived,
0x047D06,0x047D4C,FUN_047d06,derived,
0x047D4C,0x047D6E,FUN_047d4c,derived,
0x047D6E,0x047DC4,FUN_047d6e,derived,
0x047DC4,0x047DFC,FUN_047dc4,derived,
0x047DFC,0x047EB4,FUN_047dfc,derived,
0x047EB4,0x047EBA,FUN_047eb4,derived,
0x047EBA,0x047EC0,FUN_047eba,derived,
0x047EC0,0x047EC6,FUN_047ec0,derived,
0x047EC6,0x047ECE,FUN_047ec6,derived,
0x047ECE,0x047ED0,FUN_047ece,derived,
0x047ED0,0x047ED8,FUN_047ed0,derived,
0x047ED8,0x047EF2,FUN_047ed8,derived,
0x047EF2,0x047EFA,FUN_047ef2,derived,
0x047EFA,0x047F00,FUN_047efa,derived,
0x047F00,0x047F06,FUN_047f00,derived,
0x047F06,0x047F20,FUN_047f06,derived,
0x047F20,0x047F58,FUN_047f20,derived,
0x047F58,0x047FFC,FUN_047f58,derived,
0x047FFC,0x04800A,FUN_047ffc,derived,
0x04800A,0x048010,FUN_04800a,derived,
0x048010,0x048012,FUN_048010,derived,
0x048012,0x048016,FUN_048012,derived,
0x048016,0x048018,FUN_048016,derived,
0x048018,0x04803A,FUN_048018,derived,
0x04803A,0x048074,FUN_04803a,derived,
0x048074,0x0480DE,FUN_048074,derived,
0x0480DE,0x04810C,FUN_0480de,derived,
0x04810C,0x048184,FUN_04810c,derived,
0x048184,0x048188,FUN_048184,derived,
0x048188,0x048192,FUN_048188,derived,
0x048192,0x04819A,FUN_048192,derived,
0x04819A,0x0481C8,FUN_04819a,derived,
0x0481C8,0x048232,FUN_0481c8,derived,
0x048232,0x048246,FUN_048232,derived,
0x048246,0x048252,FUN_048246,derived,
0x048252,0x04827A,FUN_048252,derived,
0x04827A,0x0482B2,FUN_04827a,derived,
0x0482B2,0x04833E,FUN_0482b2,derived,
0x04833E,0x04838C,FUN_04833e,derived,
0x04838C,0x048394,FUN_04838c,derived,
0x048394,0x048396,FUN_048394,derived,
0x048396,0x048398,FUN_048396,derived,
0x048398,0x04839C,FUN_048398,derived,
0x04839C,0x0483A0,FUN_04839c,derived,
0x0483A0,0x0483C0,FUN_0483a0,derived,
0x0483C0,0x04843C,FUN_0483c0,derived,
0x04843C,0x048488,FUN_04843c,derived,
0x048488,0x0484CE,FUN_048488,derived,
0x0484CE,0x0484E4,FUN_0484ce,derived,
0x0484E4,0x048542,FUN_0484e4,derived,
0x048542,0x0485CA,FUN_048542,derived,
0x0485CA,0x048634,FUN_0485ca,derived,
0x048634,0x0486BC,FUN_048634,derived,
0x0486BC,0x0486CE,FUN_0486bc,derived,
0x0486CE,0x04873A,FUN_0486ce,derived,
0x04873A,0x04877C,FUN_04873a,derived,
0x04877C,0x0487B4,FUN_04877c,derived,
0x0487B4,0x0487CE,FUN_0487b4,derived,
0x0487CE,0x0487D8,FUN_0487ce,derived,
0x0487D8,0x0487DE,FUN_0487d8,derived,
0x0487DE,0x0487E2,FUN_0487de,derived,
0x0487E2,0x0487EE,FUN_0487e2,derived,
0x0487EE,0x04883C,FUN_0487ee,derived,
0x04883C,0x048860,FUN_04883c,derived,
0x048860,0x048868,FUN_048860,derived,
0x048868,0x048898,FUN_048868,derived,
0x048898,0x0488FC,FUN_048898,derived,
0x0488FC,0x0489A8,FUN_0488fc,derived,
0x0489A8,0x0489AE,FUN_0489a8,derived,
0x0489AE,0x0489EC,FUN_0489ae,derived,
0x0489EC,0x048A28,FUN_0489ec,derived,
0x048A28,0x048A3A,FUN_048a28,derived,
0x048A3A,0x048A3E,FUN_048a3a,derived,
0x048A3E,0x048A54,FUN_048a3e,derived,
0x048A54,0x048AE6,FUN_048a54,derived,
0x048AE6,0x048AF4,FUN_048ae6,derived,
0x048AF4,0x048B4E,FUN_048af4,derived,
0x048B4E,0x048B54,FUN_048b4e,derived,
0x048B54,0x048B5E,FUN_048b54,derived,
0x048B5E,0x048B6E,FUN_048b5e,derived,
0x048B6E,0x048B7A,FUN_048b6e,derived,
0x048B7A,0x048B86,FUN_048b7a,derived,
0x048B86,0x048B92,FUN_048b86,derived,
0x048B92,0x048BDA,FUN_048b92,derived,
0x048BDA,0x048C26,FUN_048bda,derived,
0x048C26,0x048C52,FUN_048c26,derived,
0x048C52,0x048C5E,FUN_048c52,derived,
0x048C5E,0x048C6A,FUN_048c5e,derived,
0x048C6A,0x048C76,FUN_048c6a,derived,
0x048C76,0x048C82,FUN_048c76,derived,
0x048C82,0x048D5A,FUN_048c82,derived,
0x048D5A,0x048D86,FUN_048d5a,derived,
0x048D86,0x048DB6,FUN_048d86,derived,
0x048DB6,0x048DD6,FUN_048db6,derived,
0x048DD6,0x048E0E,FUN_048dd6,derived,
0x048E0E,0x048E64,FUN_048e0e,derived,
0x048E64,0x048E7C,FUN_048e64,derived,
0x048E7C,0x048E8E,FUN_048e7c,derived,
0x048E8E,0x048E9A,FUN_048e8e,derived,
0x048E9A,0x048EA6,FUN_048e9a,derived,
0x048EA6,0x048EB2,FUN_048ea6,derived,
0x048EB2,0x048EEC,FUN_048eb2,derived,
0x048EEC,0x048F68,FUN_048eec,derived,
0x048F68,0x048F72,FUN_048f68,derived,
0x048F72,0x048FAA,FUN_048f72,derived,
0x048FAA,0x048FAE,FUN_048faa,derived,
0x048FAE,0x048FBE,FUN_048fae,derived,
0x048FBE,0x049040,FUN_048fbe,derived,
0x049040,0x049086,updateKnockSensorFaultMemory,ghidra-hand-xmap,
0x049086,0x04909A,FUN_049086,derived,
0x04909A,0x04909E,FUN_04909a,derived,
0x04909E,0x0490A2,FUN_04909e,derived,
0x0490A2,0x0490B2,FUN_0490a2,derived,
0x0490B2,0x0490D8,FUN_0490b2,derived,
0x0490D8,0x049140,FUN_0490d8,derived,
0x049140,0x0491AC,FUN_049140,derived,
0x0491AC,0x0491B6,FUN_0491ac,derived,
0x0491B6,0x049312,FUN_0491b6,derived,
0x049312,0x0493B8,FUN_049312,derived,
0x0493B8,0x0493DA,FUN_0493b8,derived,
0x0493DA,0x04942A,FUN_0493da,derived,
0x04942A,0x04950A,FUN_04942a,derived,
0x04950A,0x049510,FUN_04950a,derived,
0x049510,0x049512,FUN_049510,derived,
0x049512,0x049566,FUN_049512,derived,
0x049566,0x0495C6,FUN_049566,derived,
0x0495C6,0x049632,FUN_0495c6,derived,
0x049632,0x0496F6,FUN_049632,derived,
0x0496F6,0x049712,FUN_0496f6,derived,
0x049712,0x04971E,FUN_049712,derived,
0x04971E,0x04972A,FUN_04971e,derived,
0x04972A,0x04972C,FUN_04972a,derived,
0x04972C,0x04974E,FUN_04972c,derived,
0x04974E,0x04975E,FUN_04974e,derived,
0x04975E,0x0497AE,FUN_04975e,derived,
0x0497AE,0x0497B6,FUN_0497ae,derived,
0x0497B6,0x04980A,FUN_0497b6,derived,
0x04980A,0x049856,FUN_04980a,derived,
0x049856,0x049862,FUN_049856,derived,
0x049862,0x04986A,FUN_049862,derived,
0x04986A,0x04987A,FUN_04986a,derived,
0x04987A,0x04987E,FUN_04987a,derived,
0x04987E,0x04989A,FUN_04987e,derived,
0x04989A,0x0498A8,FUN_04989a,derived,
0x0498A8,0x0498D8,FUN_0498a8,derived,
0x0498D8,0x0498E0,FUN_0498d8,derived,
0x0498E0,0x0498F2,FUN_0498e0,derived,
0x0498F2,0x049920,FUN_0498f2,derived,
0x049920,0x04997C,fuelCutRelated_Something?,ghidra-hand-xmap,
0x04997C,0x04999A,FUN_04997c,derived,
0x04999A,0x0499B8,FUN_04999a,derived,
0x0499B8,0x0499C6,FUN_0499b8,derived,
0x0499C6,0x0499D2,FUN_0499c6,derived,
0x0499D2,0x0499DA,FUN_0499d2,derived,
0x0499DA,0x0499FE,FUN_0499da,derived,
0x0499FE,0x049A1C,FUN_0499fe,derived,
0x049A1C,0x049A6C,fuelCutTimerAfterReset,ghidra-hand-xmap,
0x049A6C,0x049A8E,FUN_049a6c,derived,
0x049A8E,0x049AA2,FUN_049a8e,derived,
0x049AA2,0x049ABA,FUN_049aa2,derived,
0x049ABA,0x049ABE,FUN_049aba,derived,
0x049ABE,0x049B24,FUN_049abe,derived,
0x049B24,0x049B3E,FUN_049b24,derived,
0x049B3E,0x049B5A,FUN_049b3e,derived,
0x049B5A,0x049B68,FUN_049b5a,derived,
0x049B68,0x049C20,FUN_049b68,derived,
0x049C20,0x049CB4,FUN_049c20,derived,
0x049CB4,0x049CB6,FUN_049cb4,derived,
0x049CB6,0x049CEC,initFuelCutStuff,ghidra-hand-xmap,
0x049CEC,0x049D48,initFuelCutStuff2,ghidra-hand-xmap,
0x049D48,0x049D80,FUN_049d48,derived,
0x049D80,0x049D8A,FUN_049d80,derived,
0x049D8A,0x049DAC,FUN_049d8a,derived,
0x049DAC,0x049DB6,FUN_049dac,derived,
0x049DB6,0x049DE0,FUN_049db6,derived,
0x049DE0,0x049E20,FUN_049de0,derived,
0x049E20,0x049E60,FUN_049e20,derived,
0x049E60,0x049E82,FUN_049e60,derived,
0x049E82,0x049ED0,FUN_049e82,derived,
0x049ED0,0x049EE2,FUN_049ed0,derived,
0x049EE2,0x049F02,FUN_049ee2,derived,
0x049F02,0x04A01C,FUN_049f02,derived,
0x04A01C,0x04A0BC,FUN_04a01c,derived,
0x04A0BC,0x04A0D8,FUN_04a0bc,derived,
0x04A0D8,0x04A13E,FUN_04a0d8,derived,
0x04A13E,0x04A27C,FUN_04a13e,derived,
0x04A27C,0x04A284,FUN_04a27c,derived,
0x04A284,0x04A2CA,FUN_04a284,derived,
0x04A2CA,0x04A2D2,FUN_04a2ca,derived,
0x04A2D2,0x04A2DC,FUN_04a2d2,derived,
0x04A2DC,0x04A2FE,FUN_04a2dc,derived,
0x04A2FE,0x04A308,FUN_04a2fe,derived,
0x04A308,0x04A30C,FUN_04a308,derived,
0x04A30C,0x04A32A,FUN_04a30c,derived,
0x04A32A,0x04A330,FUN_04a32a,derived,
0x04A330,0x04A336,FUN_04a330,derived,
0x04A336,0x04A46C,FUN_04a336,derived,
0x04A46C,0x04A4A0,FUN_04a46c,derived,
0x04A4A0,0x04A530,FUN_04a4a0,derived,
0x04A530,0x04A532,FUN_04a530,derived,
0x04A532,0x04A542,FUN_04a532,derived,
0x04A542,0x04A54E,FUN_04a542,derived,
0x04A54E,0x04A5A4,FUN_04a54e,derived,
0x04A5A4,0x04A5C0,FUN_04a5a4,derived,
0x04A5C0,0x04A5F2,FUN_04a5c0,derived,
0x04A5F2,0x04A612,FUN_04a5f2,derived,
0x04A612,0x04A64E,FUN_04a612,derived,
0x04A64E,0x04A656,FUN_04a64e,derived,
0x04A656,0x04A684,FUN_04a656,derived,
0x04A684,0x04A6A8,FUN_04a684,derived,
0x04A6A8,0x04A6B0,FUN_04a6a8,derived,
0x04A6B0,0x04A6EC,FUN_04a6b0,derived,
0x04A6EC,0x04A722,FUN_04a6ec,derived,
0x04A722,0x04A740,FUN_04a722,derived,
0x04A740,0x04A742,FUN_04a740,derived,
0x04A742,0x04A74C,FUN_04a742,derived,
0x04A74C,0x04A76E,FUN_04a74c,derived,
0x04A76E,0x04A776,FUN_04a76e,derived,
0x04A776,0x04A820,FUN_04a776,derived,
0x04A820,0x04A934,vehicleSPeed_E2_something,ghidra-hand-xmap,
0x04A934,0x04A94C,FUN_04a934,derived,
0x04A94C,0x04A95E,FUN_04a94c,derived,
0x04A95E,0x04A9AE,FUN_04a95e,derived,
0x04A9AE,0x04A9BC,FUN_04a9ae,derived,
0x04A9BC,0x04A9C0,FUN_04a9bc,derived,
0x04A9C0,0x04AA02,FUN_04a9c0,derived,
0x04AA02,0x04AA60,FUN_04aa02,derived,
0x04AA60,0x04AB3A,FUN_04aa60,derived,
0x04AB3A,0x04AB60,FUN_04ab3a,derived,
0x04AB60,0x04AC1C,FUN_04ab60,derived,
0x04AC1C,0x04AC3E,FUN_04ac1c,derived,
0x04AC3E,0x04AC6C,FUN_04ac3e,derived,
0x04AC6C,0x04ACF6,FUN_04ac6c,derived,
0x04ACF6,0x04AD02,FUN_04acf6,derived,
0x04AD02,0x04AD0E,FUN_04ad02,derived,
0x04AD0E,0x04AD1A,FUN_04ad0e,derived,
0x04AD1A,0x04AD22,FUN_04ad1a,derived,
0x04AD22,0x04AE12,FUN_04ad22,derived,
0x04AE12,0x04AE38,FUN_04ae12,derived,
0x04AE38,0x04AE66,calcDiagFuelInjectorTrim,ghidra-hand-xmap,
0x04AE66,0x04AE7A,FUN_04ae66,derived,
0x04AE7A,0x04AE86,FUN_04ae7a,derived,
0x04AE86,0x04AE92,FUN_04ae86,derived,
0x04AE92,0x04AEFC,FUN_04ae92,derived,
0x04AEFC,0x04AF00,FUN_04aefc,derived,
0x04AF00,0x04AF26,FUN_04af00,derived,
0x04AF26,0x04AF64,can4B1RXUnpack,ghidra-hand-xmap,
0x04AF64,0x04AFC8,FUN_04af64,derived,
0x04AFC8,0x04AFCE,FUN_04afc8,derived,
0x04AFCE,0x04AFF4,FUN_04afce,derived,
0x04AFF4,0x04AFFC,FUN_04aff4,derived,
0x04AFFC,0x04B02A,FUN_04affc,derived,
0x04B02A,0x04B036,FUN_04b02a,derived,
0x04B036,0x04B03A,FUN_04b036,derived,
0x04B03A,0x04B07A,FUN_04b03a,derived,
0x04B07A,0x04B092,FUN_04b07a,derived,
0x04B092,0x04B0C2,FUN_04b092,derived,
0x04B0C2,0x04B0C4,FUN_04b0c2,derived,
0x04B0C4,0x04B0CA,FUN_04b0c4,derived,
0x04B0CA,0x04B0F0,FUN_04b0ca,derived,
0x04B0F0,0x04B0F8,FUN_04b0f0,derived,
0x04B0F8,0x04B112,FUN_04b0f8,derived,
0x04B112,0x04B12A,FUN_04b112,derived,
0x04B12A,0x04B134,FUN_04b12a,derived,
0x04B134,0x04B17A,getOBDCANTXVars2,ghidra-hand-xmap,
0x04B17A,0x04B192,FUN_04b17a,derived,
0x04B192,0x04B1B0,FUN_04b192,derived,
0x04B1B0,0x04B1C2,FUN_04b1b0,derived,
0x04B1C2,0x04B1D6,FUN_04b1c2,derived,
0x04B1D6,0x04B1FA,FUN_04b1d6,derived,
0x04B1FA,0x04B20E,FUN_04b1fa,derived,
0x04B20E,0x04B212,FUN_04b20e,derived,
0x04B212,0x04B22A,FUN_04b212,derived,
0x04B22A,0x04B260,FUN_04b22a,derived,
0x04B260,0x04B27A,FUN_04b260,derived,
0x04B27A,0x04B292,FUN_04b27a,derived,
0x04B292,0x04B2C2,FUN_04b292,derived,
0x04B2C2,0x04B30A,FUN_04b2c2,derived,
0x04B30A,0x04B312,FUN_04b30a,derived,
0x04B312,0x04B364,FUN_04b312,derived,
0x04B364,0x04B36C,FUN_04b364,derived,
0x04B36C,0x04B372,FUN_04b36c,derived,
0x04B372,0x04B378,FUN_04b372,derived,
0x04B378,0x04B3A6,FUN_04b378,derived,
0x04B3A6,0x04B3CE,FUN_04b3a6,derived,
0x04B3CE,0x04B40A,FUN_04b3ce,derived,
0x04B40A,0x04B472,FUN_04b40a,derived,
0x04B472,0x04B492,FUN_04b472,derived,
0x04B492,0x04B4E0,FUN_04b492,derived,
0x04B4E0,0x04B4FA,FUN_04b4e0,derived,
0x04B4FA,0x04B50A,FUN_04b4fa,derived,
0x04B50A,0x04B568,FUN_04b50a,derived,
0x04B568,0x04B572,FUN_04b568,derived,
0x04B572,0x04B586,FUN_04b572,derived,
0x04B586,0x04B592,FUN_04b586,derived,
0x04B592,0x04B5A6,FUN_04b592,derived,
0x04B5A6,0x04B5B6,FUN_04b5a6,derived,
0x04B5B6,0x04B5C2,FUN_04b5b6,derived,
0x04B5C2,0x04B5D2,FUN_04b5c2,derived,
0x04B5D2,0x04B5E6,FUN_04b5d2,derived,
0x04B5E6,0x04B608,FUN_04b5e6,derived,
0x04B608,0x04B678,FUN_04b608,derived,
0x04B678,0x04B762,FUN_04b678,derived,
0x04B762,0x04B77E,FUN_04b762,derived,
0x04B77E,0x04B79A,FUN_04b77e,derived,
0x04B79A,0x04B7A8,FUN_04b79a,derived,
0x04B7A8,0x04B7CE,FUN_04b7a8,derived,
0x04B7CE,0x04B7D8,FUN_04b7ce,derived,
0x04B7D8,0x04B7E2,FUN_04b7d8,derived,
0x04B7E2,0x04B7F6,FUN_04b7e2,derived,
0x04B7F6,0x04B876,FUN_04b7f6,derived,
0x04B876,0x04B87E,FUN_04b876,derived,
0x04B87E,0x04B882,FUN_04b87e,derived,
0x04B882,0x04B886,FUN_04b882,derived,
0x04B886,0x04B88A,FUN_04b886,derived,
0x04B88A,0x04B88E,FUN_04b88a,derived,
0x04B88E,0x04B894,FUN_04b88e,derived,
0x04B894,0x04B896,FUN_04b894,derived,
0x04B896,0x04B89C,FUN_04b896,derived,
0x04B89C,0x04B912,FUN_04b89c,derived,
0x04B912,0x04B932,FUN_04b912,derived,
0x04B932,0x04B972,FUN_04b932,derived,
0x04B972,0x04B996,FUN_04b972,derived,
0x04B996,0x04BA0C,FUN_04b996,derived,
0x04BA0C,0x04BA10,FUN_04ba0c,derived,
0x04BA10,0x04BA14,FUN_04ba10,derived,
0x04BA14,0x04BA1E,FUN_04ba14,derived,
0x04BA1E,0x04BA24,FUN_04ba1e,derived,
0x04BA24,0x04BA34,FUN_04ba24,derived,
0x04BA34,0x04BA44,FUN_04ba34,derived,
0x04BA44,0x04BA54,FUN_04ba44,derived,
0x04BA54,0x04BA64,FUN_04ba54,derived,
0x04BA64,0x04BA72,FUN_04ba64,derived,
0x04BA72,0x04BA74,FUN_04ba72,derived,
0x04BA74,0x04BA84,FUN_04ba74,derived,
0x04BA84,0x04BA94,FUN_04ba84,derived,
0x04BA94,0x04BAA4,FUN_04ba94,derived,
0x04BAA4,0x04BAA6,FUN_04baa4,derived,
0x04BAA6,0x04BAB4,FUN_04baa6,derived,
0x04BAB4,0x04BAC4,FUN_04bab4,derived,
0x04BAC4,0x04BAD4,FUN_04bac4,derived,
0x04BAD4,0x04BB04,FUN_04bad4,derived,
0x04BB04,0x04BB14,FUN_04bb04,derived,
0x04BB14,0x04BB72,FUN_04bb14,derived,
0x04BB72,0x04BB76,FUN_04bb72,derived,
0x04BB76,0x04BB7E,FUN_04bb76,derived,
0x04BB7E,0x04BB84,FUN_04bb7e,derived,
0x04BB84,0x04BB8A,FUN_04bb84,derived,
0x04BB8A,0x04BB8E,FUN_04bb8a,derived,
0x04BB8E,0x04BBA4,FUN_04bb8e,derived,
0x04BBA4,0x04BBC2,FUN_04bba4,derived,
0x04BBC2,0x04BC14,FUN_04bbc2,derived,
0x04BC14,0x04BC72,FUN_04bc14,derived,
0x04BC72,0x04BC8E,FUN_04bc72,derived,
0x04BC8E,0x04BC92,FUN_04bc8e,derived,
0x04BC92,0x04BC94,FUN_04bc92,derived,
0x04BC94,0x04BC98,FUN_04bc94,derived,
0x04BC98,0x04BC9C,FUN_04bc98,derived,
0x04BC9C,0x04BC9E,FUN_04bc9c,derived,
0x04BC9E,0x04BCC2,FUN_04bc9e,derived,
0x04BCC2,0x04BCCC,FUN_04bcc2,derived,
0x04BCCC,0x04BCF2,FUN_04bccc,derived,
0x04BCF2,0x04BCFE,FUN_04bcf2,derived,
0x04BCFE,0x04BD14,FUN_04bcfe,derived,
0x04BD14,0x04BD24,FUN_04bd14,derived,
0x04BD24,0x04BD34,FUN_04bd24,derived,
0x04BD34,0x04BD44,FUN_04bd34,derived,
0x04BD44,0x04BD54,FUN_04bd44,derived,
0x04BD54,0x04BD64,FUN_04bd54,derived,
0x04BD64,0x04BD74,FUN_04bd64,derived,
0x04BD74,0x04BD86,FUN_04bd74,derived,
0x04BD86,0x04BD94,FUN_04bd86,derived,
0x04BD94,0x04BD98,FUN_04bd94,derived,
0x04BD98,0x04BD9A,FUN_04bd98,derived,
0x04BD9A,0x04BDB8,FUN_04bd9a,derived,
0x04BDB8,0x04BDC0,FUN_04bdb8,derived,
0x04BDC0,0x04BDC6,FUN_04bdc0,derived,
0x04BDC6,0x04BDCC,FUN_04bdc6,derived,
0x04BDCC,0x04BDDA,FUN_04bdcc,derived,
0x04BDDA,0x04BDE6,FUN_04bdda,derived,
0x04BDE6,0x04BDEC,FUN_04bde6,derived,
0x04BDEC,0x04BDF0,FUN_04bdec,derived,
0x04BDF0,0x04BDF2,FUN_04bdf0,derived,
0x04BDF2,0x04BDFC,FUN_04bdf2,derived,
0x04BDFC,0x04BE10,FUN_04bdfc,derived,
0x04BE10,0x04BE34,FUN_04be10,derived,
0x04BE34,0x04BE3C,FUN_04be34,derived,
0x04BE3C,0x04BE44,FUN_04be3c,derived,
0x04BE44,0x04BE46,FUN_04be44,derived,
0x04BE46,0x04BE64,FUN_04be46,derived,
0x04BE64,0x04BE7C,FUN_04be64,derived,
0x04BE7C,0x04BE84,FUN_04be7c,derived,
0x04BE84,0x04BE88,FUN_04be84,derived,
0x04BE88,0x04BEB6,FUN_04be88,derived,
0x04BEB6,0x04BEC2,FUN_04beb6,derived,
0x04BEC2,0x04BECE,FUN_04bec2,derived,
0x04BECE,0x04BEDA,FUN_04bece,derived,
0x04BEDA,0x04BEE0,FUN_04beda,derived,
0x04BEE0,0x04BEE6,FUN_04bee0,derived,
0x04BEE6,0x04BF6E,FUN_04bee6,derived,
0x04BF6E,0x04BFAE,FUN_04bf6e,derived,
0x04BFAE,0x04BFBC,FUN_04bfae,derived,
0x04BFBC,0x04BFBE,FUN_04bfbc,derived,
0x04BFBE,0x04BFC2,FUN_04bfbe,derived,
0x04BFC2,0x04C030,FUN_04bfc2,derived,
0x04C030,0x04C03A,FUN_04c030,derived,
0x04C03A,0x04C0C4,FUN_04c03a,derived,
0x04C0C4,0x04C0CE,FUN_04c0c4,derived,
0x04C0CE,0x04C0D6,FUN_04c0ce,derived,
0x04C0D6,0x04C0DE,FUN_04c0d6,derived,
0x04C0DE,0x04C0EA,FUN_04c0de,derived,
0x04C0EA,0x04C0F4,FUN_04c0ea,derived,
0x04C0F4,0x04C0F6,FUN_04c0f4,derived,
0x04C0F6,0x04C0FC,FUN_04c0f6,derived,
0x04C0FC,0x04C14C,FUN_04c0fc,derived,
0x04C14C,0x04C150,FUN_04c14c,derived,
0x04C150,0x04C166,FUN_04c150,derived,
0x04C166,0x04C200,FUN_04c166,derived,
0x04C200,0x04C234,FUN_04c200,derived,
0x04C234,0x04C262,FUN_04c234,derived,
0x04C262,0x04C292,FUN_04c262,derived,
0x04C292,0x04C2BA,FUN_04c292,derived,
0x04C2BA,0x04C2E0,FUN_04c2ba,derived,
0x04C2E0,0x04C30A,FUN_04c2e0,derived,
0x04C30A,0x04C382,FUN_04c30a,derived,
0x04C382,0x04C3E4,FUN_04c382,derived,
0x04C3E4,0x04C40C,FUN_04c3e4,derived,
0x04C40C,0x04C428,FUN_04c40c,derived,
0x04C428,0x04C438,FUN_04c428,derived,
0x04C438,0x04C452,FUN_04c438,derived,
0x04C452,0x04C472,FUN_04c452,derived,
0x04C472,0x04C48C,FUN_04c472,derived,
0x04C48C,0x04C4D0,FUN_04c48c,derived,
0x04C4D0,0x04C4E0,FUN_04c4d0,derived,
0x04C4E0,0x04C504,FUN_04c4e0,derived,
0x04C504,0x04C52E,FUN_04c504,derived,
0x04C52E,0x04C57C,FUN_04c52e,derived,
0x04C57C,0x04C5C2,FUN_04c57c,derived,
0x04C5C2,0x04C5E0,FUN_04c5c2,derived,
0x04C5E0,0x04C5FC,FUN_04c5e0,derived,
0x04C5FC,0x04C642,FUN_04c5fc,derived,
0x04C642,0x04C64E,FUN_04c642,derived,
0x04C64E,0x04C682,FUN_04c64e,derived,
0x04C682,0x04C68E,FUN_04c682,derived,
0x04C68E,0x04C692,FUN_04c68e,derived,
0x04C692,0x04C6AA,FUN_04c692,derived,
0x04C6AA,0x04C6B6,FUN_04c6aa,derived,
0x04C6B6,0x04C6FE,FUN_04c6b6,derived,
0x04C6FE,0x04C706,FUN_04c6fe,derived,
0x04C706,0x04C70A,FUN_04c706,derived,
0x04C70A,0x04C716,FUN_04c70a,derived,
0x04C716,0x04C722,FUN_04c716,derived,
0x04C722,0x04C762,FUN_04c722,derived,
0x04C762,0x04C76E,FUN_04c762,derived,
0x04C76E,0x04C790,FUN_04c76e,derived,
0x04C790,0x04C7B8,FUN_04c790,derived,
0x04C7B8,0x04C7D4,FUN_04c7b8,derived,
0x04C7D4,0x04C7FC,FUN_04c7d4,derived,
0x04C7FC,0x04C840,FUN_04c7fc,derived,
0x04C840,0x04C874,FUN_04c840,derived,
0x04C874,0x04C8D0,FUN_04c874,derived,
0x04C8D0,0x04C93A,FUN_04c8d0,derived,
0x04C93A,0x04C96A,FUN_04c93a,derived,
0x04C96A,0x04C972,FUN_04c96a,derived,
0x04C972,0x04C974,FUN_04c972,derived,
0x04C974,0x04C976,FUN_04c974,derived,
0x04C976,0x04C97E,FUN_04c976,derived,
0x04C97E,0x04C996,FUN_04c97e,derived,
0x04C996,0x04C9BC,FUN_04c996,derived,
0x04C9BC,0x04C9CA,FUN_04c9bc,derived,
0x04C9CA,0x04C9E6,FUN_04c9ca,derived,
0x04C9E6,0x04CAB0,FUN_04c9e6,derived,
0x04CAB0,0x04CBCA,FUN_04cab0,derived,
0x04CBCA,0x04CC82,driveCycleDetermination??,ghidra-hand-xmap,
0x04CC82,0x04CCC2,FUN_04cc82,derived,
0x04CCC2,0x04CD74,FUN_04ccc2,derived,
0x04CD74,0x04CDAA,FUN_04cd74,derived,
0x04CDAA,0x04CDE4,FUN_04cdaa,derived,
0x04CDE4,0x04CE40,FUN_04cde4,derived,
0x04CE40,0x04CE74,FUN_04ce40,derived,
0x04CE74,0x04CEB0,FUN_04ce74,derived,
0x04CEB0,0x04CECC,FUN_04ceb0,derived,
0x04CECC,0x04CED6,FUN_04cecc,derived,
0x04CED6,0x04CF7E,FUN_04ced6,derived,
0x04CF7E,0x04D004,FUN_04cf7e,derived,
0x04D004,0x04D0D0,FUN_04d004,derived,
0x04D0D0,0x04D15A,filterEvapSomething?,ghidra-hand-xmap,
0x04D15A,0x04D186,FUN_04d15a,derived,
0x04D186,0x04D200,FUN_04d186,derived,
0x04D200,0x04D2F0,FUN_04d200,derived,
0x04D2F0,0x04D35E,FUN_04d2f0,derived,
0x04D35E,0x04D3DA,FUN_04d35e,derived,
0x04D3DA,0x04D3E4,FUN_04d3da,derived,
0x04D3E4,0x04D44C,FUN_04d3e4,derived,
0x04D44C,0x04D45C,FUN_04d44c,derived,
0x04D45C,0x04D506,FUN_04d45c,derived,
0x04D506,0x04D532,FUN_04d506,derived,
0x04D532,0x04D53C,FUN_04d532,derived,
0x04D53C,0x04D5A8,initLTFTStuff?,ghidra-hand-xmap,
0x04D5A8,0x04D5D2,FUN_04d5a8,derived,
0x04D5D2,0x04D610,FUN_04d5d2,derived,
0x04D610,0x04D682,FUN_04d610,derived,
0x04D682,0x04D6B6,FUN_04d682,derived,
0x04D6B6,0x04D6CA,FUN_04d6b6,derived,
0x04D6CA,0x04D770,FUN_04d6ca,derived,
0x04D770,0x04D7E2,FUN_04d770,derived,
0x04D7E2,0x04D8C6,FUN_04d7e2,derived,
0x04D8C6,0x04D8FC,FUN_04d8c6,derived,
0x04D8FC,0x04D93C,FUN_04d8fc,derived,
0x04D93C,0x04D976,FUN_04d93c,derived,
0x04D976,0x04D9FE,FUN_04d976,derived,
0x04D9FE,0x04DA74,FUN_04d9fe,derived,
0x04DA74,0x04DAB8,FUN_04da74,derived,
0x04DAB8,0x04DB7C,FUN_04dab8,derived,
0x04DB7C,0x04DBA6,FUN_04db7c,derived,
0x04DBA6,0x04DC34,FUN_04dba6,derived,
0x04DC34,0x04DCCC,FUN_04dc34,derived,
0x04DCCC,0x04DD66,FUN_04dccc,derived,
0x04DD66,0x04DE6C,FUN_04dd66,derived,
0x04DE6C,0x04DF24,FUN_04de6c,derived,
0x04DF24,0x04DFDE,FUN_04df24,derived,
0x04DFDE,0x04E0D6,FUN_04dfde,derived,
0x04E0D6,0x04E0FC,FUN_04e0d6,derived,
0x04E0FC,0x04E1DC,FUN_04e0fc,derived,
0x04E1DC,0x04E284,FUN_04e1dc,derived,
0x04E284,0x04E2F8,FUN_04e284,derived,
0x04E2F8,0x04E368,FUN_04e2f8,derived,
0x04E368,0x04E38E,FUN_04e368,derived,
0x04E38E,0x04E3C6,FUN_04e38e,derived,
0x04E3C6,0x04E4C8,FUN_04e3c6,derived,
0x04E4C8,0x04E4D6,FUN_04e4c8,derived,
0x04E4D6,0x04E56C,FUN_04e4d6,derived,
0x04E56C,0x04E5A6,FUN_04e56c,derived,
0x04E5A6,0x04E5FC,FUN_04e5a6,derived,
0x04E5FC,0x04E61E,FUN_04e5fc,derived,
0x04E61E,0x04E660,FUN_04e61e,derived,
0x04E660,0x04E78E,FUN_04e660,derived,
0x04E78E,0x04E7F6,FUN_04e78e,derived,
0x04E7F6,0x04E82C,FUN_04e7f6,derived,
0x04E82C,0x04E884,FUN_04e82c,derived,
0x04E884,0x04E8C6,FUN_04e884,derived,
0x04E8C6,0x04E8D0,FUN_04e8c6,derived,
0x04E8D0,0x04E910,FUN_04e8d0,derived,
0x04E910,0x04EA54,FUN_04e910,derived,
0x04EA54,0x04EC14,FUN_04ea54,derived,
0x04EC14,0x04EC92,FUN_04ec14,derived,
0x04EC92,0x04ED0A,FUN_04ec92,derived,
0x04ED0A,0x04EDE6,FUN_04ed0a,derived,
0x04EDE6,0x04EDF6,FUN_04ede6,derived,
0x04EDF6,0x04EE32,FUN_04edf6,derived,
0x04EE32,0x04EE42,FUN_04ee32,derived,
0x04EE42,0x04EE52,FUN_04ee42,derived,
0x04EE52,0x04EE56,FUN_04ee52,derived,
0x04EE56,0x04EE66,FUN_04ee56,derived,
0x04EE66,0x04EF26,FUN_04ee66,derived,
0x04EF26,0x04EF56,FUN_04ef26,derived,
0x04EF56,0x04EF6A,FUN_04ef56,derived,
0x04EF6A,0x04EF76,FUN_04ef6a,derived,
0x04EF76,0x04EF7A,FUN_04ef76,derived,
0x04EF7A,0x04EFBC,FUN_04ef7a,derived,
0x04EFBC,0x04F016,FUN_04efbc,derived,
0x04F016,0x04F028,FUN_04f016,derived,
0x04F028,0x04F03E,FUN_04f028,derived,
0x04F03E,0x04F04E,FUN_04f03e,derived,
0x04F04E,0x04F074,FUN_04f04e,derived,
0x04F074,0x04F078,FUN_04f074,derived,
0x04F078,0x04F07E,FUN_04f078,derived,
0x04F07E,0x04F084,FUN_04f07e,derived,
0x04F084,0x04F08E,FUN_04f084,derived,
0x04F08E,0x04F096,FUN_04f08e,derived,
0x04F096,0x04F128,FUN_04f096,derived,
0x04F128,0x04F186,FUN_04f128,derived,
0x04F186,0x04F1A6,FUN_04f186,derived,
0x04F1A6,0x04F1B6,FUN_04f1a6,derived,
0x04F1B6,0x04F216,FUN_04f1b6,derived,
0x04F216,0x04F2DA,FUN_04f216,derived,
0x04F2DA,0x04F2E2,FUN_04f2da,derived,
0x04F2E2,0x04F342,FUN_04f2e2,derived,
0x04F342,0x04F3B6,FUN_04f342,derived,
0x04F3B6,0x04F3C6,FUN_04f3b6,derived,
0x04F3C6,0x04F3F8,FUN_04f3c6,derived,
0x04F3F8,0x04F488,FUN_04f3f8,derived,
0x04F488,0x04F48E,FUN_04f488,derived,
0x04F48E,0x04F4B6,FUN_04f48e,derived,
0x04F4B6,0x04F4DE,FUN_04f4b6,derived,
0x04F4DE,0x04F506,FUN_04f4de,derived,
0x04F506,0x04F50E,FUN_04f506,derived,
0x04F50E,0x04F56E,FUN_04f50e,derived,
0x04F56E,0x04F5F0,FUN_04f56e,derived,
0x04F5F0,0x04F608,FUN_04f5f0,derived,
0x04F608,0x04F69A,FUN_04f608,derived,
0x04F69A,0x04F6F2,FUN_04f69a,derived,
0x04F6F2,0x04F764,FUN_04f6f2,derived,
0x04F764,0x04F77E,FUN_04f764,derived,
0x04F77E,0x04F792,FUN_04f77e,derived,
0x04F792,0x04F79A,FUN_04f792,derived,
0x04F79A,0x04F7E2,FUN_04f79a,derived,
0x04F7E2,0x04F816,FUN_04f7e2,derived,
0x04F816,0x04F87C,FUN_04f816,derived,
0x04F87C,0x04F90C,FUN_04f87c,derived,
0x04F90C,0x04F93E,FUN_04f90c,derived,
0x04F93E,0x04F984,FUN_04f93e,derived,
0x04F984,0x04F9D2,FUN_04f984,derived,
0x04F9D2,0x04F9DA,FUN_04f9d2,derived,
0x04F9DA,0x04FA02,FUN_04f9da,derived,
0x04FA02,0x04FA6C,FUN_04fa02,derived,
0x04FA6C,0x04FA82,FUN_04fa6c,derived,
0x04FA82,0x04FAC4,FUN_04fa82,derived,
0x04FAC4,0x04FB2C,FUN_04fac4,derived,
0x04FB2C,0x04FBD6,FUN_04fb2c,derived,
0x04FBD6,0x04FBDE,FUN_04fbd6,derived,
0x04FBDE,0x04FC56,FUN_04fbde,derived,
0x04FC56,0x04FC5E,FUN_04fc56,derived,
0x04FC5E,0x04FC7C,FUN_04fc5e,derived,
0x04FC7C,0x04FD0A,FUN_04fc7c,derived,
0x04FD0A,0x04FDDC,FUN_04fd0a,derived,
0x04FDDC,0x04FE52,FUN_04fddc,derived,
0x04FE52,0x04FFB6,FUN_04fe52,derived,
0x04FFB6,0x050022,FUN_04ffb6,derived,
0x050022,0x05007C,FUN_050022,derived,
0x05007C,0x0500BC,FUN_05007c,derived,
0x0500BC,0x05010E,FUN_0500bc,derived,
0x05010E,0x050142,FUN_05010e,derived,
0x050142,0x0501EE,FUN_050142,derived,
0x0501EE,0x05025E,FUN_0501ee,derived,
0x05025E,0x05028C,FUN_05025e,derived,
0x05028C,0x0502F0,FUN_05028c,derived,
0x0502F0,0x0502FA,FUN_0502f0,derived,
0x0502FA,0x0502FE,FUN_0502fa,derived,
0x0502FE,0x0504FA,FUN_0502fe,derived,
0x0504FA,0x05050A,FUN_0504fa,derived,
0x05050A,0x05051E,FUN_05050a,derived,
0x05051E,0x050576,FUN_05051e,derived,
0x050576,0x0505AC,FUN_050576,derived,
0x0505AC,0x050602,FUN_0505ac,derived,
0x050602,0x050682,FUN_050602,derived,
0x050682,0x05072A,FUN_050682,derived,
0x05072A,0x050756,FUN_05072a,derived,
0x050756,0x0507C0,FUN_050756,derived,
0x0507C0,0x050800,FUN_0507c0,derived,
0x050800,0x050816,FUN_050800,derived,
0x050816,0x05081A,FUN_050816,derived,
0x05081A,0x05083E,FUN_05081a,derived,
0x05083E,0x050864,FUN_05083e,derived,
0x050864,0x0508C0,FUN_050864,derived,
0x0508C0,0x05093A,FUN_0508c0,derived,
0x05093A,0x05093E,FUN_05093a,derived,
0x05093E,0x0509DE,FUN_05093e,derived,
0x0509DE,0x050A12,FUN_0509de,derived,
0x050A12,0x050ABE,FUN_050a12,derived,
0x050ABE,0x050B1A,FUN_050abe,derived,
0x050B1A,0x050B3E,FUN_050b1a,derived,
0x050B3E,0x050B40,FUN_050b3e,derived,
0x050B40,0x050B4A,FUN_050b40,derived,
0x050B4A,0x050B56,FUN_050b4a,derived,
0x050B56,0x050BB0,FUN_050b56,derived,
0x050BB0,0x050C0E,FUN_050bb0,derived,
0x050C0E,0x050C24,FUN_050c0e,derived,
0x050C24,0x050C2A,FUN_050c24,derived,
0x050C2A,0x050CA8,FUN_050c2a,derived,
0x050CA8,0x050CC6,FUN_050ca8,derived,
0x050CC6,0x050E68,FUN_050cc6,derived,
0x050E68,0x050EB0,FUN_050e68,derived,
0x050EB0,0x050EB8,FUN_050eb0,derived,
0x050EB8,0x050EC0,FUN_050eb8,derived,
0x050EC0,0x050EC8,FUN_050ec0,derived,
0x050EC8,0x050F76,FUN_050ec8,derived,
0x050F76,0x050F7E,FUN_050f76,derived,
0x050F7E,0x050FD8,FUN_050f7e,derived,
0x050FD8,0x051084,FUN_050fd8,derived,
0x051084,0x05108C,FUN_051084,derived,
0x05108C,0x0510E8,FUN_05108c,derived,
0x0510E8,0x051132,FUN_0510e8,derived,
0x051132,0x051162,FUN_051132,derived,
0x051162,0x05116E,FUN_051162,derived,
0x05116E,0x0511A6,FUN_05116e,derived,
0x0511A6,0x0511B8,FUN_0511a6,derived,
0x0511B8,0x0511D0,FUN_0511b8,derived,
0x0511D0,0x051244,FUN_0511d0,derived,
0x051244,0x05124C,FUN_051244,derived,
0x05124C,0x051254,FUN_05124c,derived,
0x051254,0x051314,FUN_051254,derived,
0x051314,0x05131E,FUN_051314,derived,
0x05131E,0x051380,IATTimerOperation??,ghidra-hand-xmap,
0x051380,0x0513EA,FUN_051380,derived,
0x0513EA,0x051456,FUN_0513ea,derived,
0x051456,0x0514F2,FUN_051456,derived,
0x0514F2,0x0515A4,FUN_0514f2,derived,
0x0515A4,0x0515F0,FUN_0515a4,derived,
0x0515F0,0x0515F8,FUN_0515f0,derived,
0x0515F8,0x05161C,FUN_0515f8,derived,
0x05161C,0x051654,FUN_05161c,derived,
0x051654,0x05165C,FUN_051654,derived,
0x05165C,0x051664,FUN_05165c,derived,
0x051664,0x051684,FUN_051664,derived,
0x051684,0x0516C4,FUN_051684,derived,
0x0516C4,0x0516CC,FUN_0516c4,derived,
0x0516CC,0x0516F0,FUN_0516cc,derived,
0x0516F0,0x051750,FUN_0516f0,derived,
0x051750,0x051778,FUN_051750,derived,
0x051778,0x0517B0,FUN_051778,derived,
0x0517B0,0x0517B8,FUN_0517b0,derived,
0x0517B8,0x0517C0,FUN_0517b8,derived,
0x0517C0,0x051820,FUN_0517c0,derived,
0x051820,0x051828,FUN_051820,derived,
0x051828,0x051830,FUN_051828,derived,
0x051830,0x051880,FUN_051830,derived,
0x051880,0x051888,FUN_051880,derived,
0x051888,0x051890,FUN_051888,derived,
0x051890,0x051898,FUN_051890,derived,
0x051898,0x0518B4,FUN_051898,derived,
0x0518B4,0x051958,FUN_0518b4,derived,
0x051958,0x051960,FUN_051958,derived,
0x051960,0x051968,FUN_051960,derived,
0x051968,0x051AAE,FUN_051968,derived,
0x051AAE,0x051ACC,FUN_051aae,derived,
0x051ACC,0x051B18,FUN_051acc,derived,
0x051B18,0x051BCC,FUN_051b18,derived,
0x051BCC,0x051CA0,FUN_051bcc,derived,
0x051CA0,0x051CBE,FUN_051ca0,derived,
0x051CBE,0x051CFC,FUN_051cbe,derived,
0x051CFC,0x051D78,FUN_051cfc,derived,
0x051D78,0x051D9C,FUN_051d78,derived,
0x051D9C,0x051DDE,FUN_051d9c,derived,
0x051DDE,0x051E06,calcAPVCounter,ghidra-hand-xmap,
0x051E06,0x051E5C,FUN_051e06,derived,
0x051E5C,0x051ED2,FUN_051e5c,derived,
0x051ED2,0x051EFA,FUN_051ed2,derived,
0x051EFA,0x051F32,FUN_051efa,derived,
0x051F32,0x051F44,FUN_051f32,derived,
0x051F44,0x051F74,FUN_051f44,derived,
0x051F74,0x051FAC,FUN_051f74,derived,
0x051FAC,0x051FB4,FUN_051fac,derived,
0x051FB4,0x051FBC,FUN_051fb4,derived,
0x051FBC,0x05201C,FUN_051fbc,derived,
0x05201C,0x052024,FUN_05201c,derived,
0x052024,0x052048,FUN_052024,derived,
0x052048,0x0520A0,FUN_052048,derived,
0x0520A0,0x0520E0,FUN_0520a0,derived,
0x0520E0,0x05213C,FUN_0520e0,derived,
0x05213C,0x052146,FUN_05213c,derived,
0x052146,0x05217A,FUN_052146,derived,
0x05217A,0x052196,FUN_05217a,derived,
0x052196,0x0521D8,FUN_052196,derived,
0x0521D8,0x0521EA,FUN_0521d8,derived,
0x0521EA,0x05228E,FUN_0521ea,derived,
0x05228E,0x0522F8,FUN_05228e,derived,
0x0522F8,0x0524C0,FUN_0522f8,derived,
0x0524C0,0x052502,getTireSizeChecksumthing?,ghidra-hand-xmap,
0x052502,0x052562,FUN_052502,derived,
0x052562,0x0525A0,FUN_052562,derived,
0x0525A0,0x05263A,FUN_0525a0,derived,
0x05263A,0x05266C,FUN_05263a,derived,
0x05266C,0x052682,updateSUBSYSTEMSomethingFault,ghidra-hand-xmap,
0x052682,0x052698,FUN_052682,derived,
0x052698,0x0526B8,setAlternatorFault,ghidra-hand-xmap,
0x0526B8,0x052718,FUN_0526b8,derived,
0x052718,0x052720,FUN_052718,derived,
0x052720,0x052728,FUN_052720,derived,
0x052728,0x05275E,FUN_052728,derived,
0x05275E,0x05278A,FUN_05275e,derived,
0x05278A,0x0527DC,FUN_05278a,derived,
0x0527DC,0x052854,FUN_0527dc,derived,
0x052854,0x05285C,FUN_052854,derived,
0x05285C,0x052864,FUN_05285c,derived,
0x052864,0x0528BC,FUN_052864,derived,
0x0528BC,0x0528C4,FUN_0528bc,derived,
0x0528C4,0x0528DA,set_CAN_fault???,ghidra-hand-xmap,
0x0528DA,0x05295C,updateCANFaults,ghidra-hand-xmap,
0x05295C,0x052970,FUN_05295c,derived,
0x052970,0x0529AE,FUN_052970,derived,
0x0529AE,0x0529BC,updateRAM??,ghidra-hand-xmap,
0x0529BC,0x0529D8,FUN_0529bc,derived,
0x0529D8,0x052A12,FUN_0529d8,derived,
0x052A12,0x052A36,udsResponseRelated??,ghidra-hand-xmap,
0x052A36,0x052A5A,FUN_052a36,derived,
0x052A5A,0x052A80,udsErrorResponse,ghidra-hand-xmap,
0x052A80,0x052AEC,FUN_052a80,derived,
0x052AEC,0x052B22,FUN_052aec,derived,
0x052B22,0x052B8C,FUN_052b22,derived,
0x052B8C,0x052C18,FUN_052b8c,derived,
0x052C18,0x052C4E,FUN_052c18,derived,
0x052C4E,0x052C84,FUN_052c4e,derived,
0x052C84,0x052CD4,FUN_052c84,derived,
0x052CD4,0x052D58,FUN_052cd4,derived,
0x052D58,0x052D86,FUN_052d58,derived,
0x052D86,0x052D92,FUN_052d86,derived,
0x052D92,0x052DE4,FUN_052d92,derived,
0x052DE4,0x052E0E,FUN_052de4,derived,
0x052E0E,0x052E10,FUN_052e0e,derived,
0x052E10,0x052E14,FUN_052e10,derived,
0x052E14,0x052E7C,FUN_052e14,derived,
0x052E7C,0x0532AC,FUN_052e7c,derived,
0x0532AC,0x0532AE,FUN_0532ac,derived,
0x0532AE,0x0532B0,FUN_0532ae,derived,
0x0532B0,0x0533CC,FUN_0532b0,derived,
0x0533CC,0x0533F4,FUN_0533cc,derived,
0x0533F4,0x0533FA,FUN_0533f4,derived,
0x0533FA,0x053400,FUN_0533fa,derived,
0x053400,0x05346A,FUN_053400,derived,
0x05346A,0x0534B2,FUN_05346a,derived,
0x0534B2,0x05352C,FUN_0534b2,derived,
0x05352C,0x053530,FUN_05352c,derived,
0x053530,0x053590,FUN_053530,derived,
0x053590,0x0535A6,FUN_053590,derived,
0x0535A6,0x0535CC,FUN_0535a6,derived,
0x0535CC,0x0535EA,FUN_0535cc,derived,
0x0535EA,0x053600,FUN_0535ea,derived,
0x053600,0x053614,FUN_053600,derived,
0x053614,0x053678,FUN_053614,derived,
0x053678,0x05368E,FUN_053678,derived,
0x05368E,0x0536B6,FUN_05368e,derived,
0x0536B6,0x0536E2,FUN_0536b6,derived,
0x0536E2,0x0536F8,getSecondaryAirPumpRequestForMode22,ghidra-hand-xmap,
0x0536F8,0x0536FE,FUN_0536f8,derived,
0x0536FE,0x053724,FUN_0536fe,derived,
0x053724,0x053742,FUN_053724,derived,
0x053742,0x053748,FUN_053742,derived,
0x053748,0x053770,FUN_053748,derived,
0x053770,0x0537E8,FUN_053770,derived,
0x0537E8,0x0537FE,FUN_0537e8,derived,
0x0537FE,0x053804,FUN_0537fe,derived,
0x053804,0x053826,FUN_053804,derived,
0x053826,0x053844,FUN_053826,derived,
0x053844,0x053862,FUN_053844,derived,
0x053862,0x053878,FUN_053862,derived,
0x053878,0x053890,FUN_053878,derived,
0x053890,0x053892,FUN_053890,derived,
0x053892,0x0538A8,FUN_053892,derived,
0x0538A8,0x0538F0,FUN_0538a8,derived,
0x0538F0,0x05393C,FUN_0538f0,derived,
0x05393C,0x05395C,FUN_05393c,derived,
0x05395C,0x0539C0,FUN_05395c,derived,
0x0539C0,0x053A24,FUN_0539c0,derived,
0x053A24,0x053A3A,FUN_053a24,derived,
0x053A3A,0x053A62,FUN_053a3a,derived,
0x053A62,0x053A78,FUN_053a62,derived,
0x053A78,0x053A9E,FUN_053a78,derived,
0x053A9E,0x053AB4,FUN_053a9e,derived,
0x053AB4,0x053B28,FUN_053ab4,derived,
0x053B28,0x053B54,FUN_053b28,derived,
0x053B54,0x053B80,FUN_053b54,derived,
0x053B80,0x053C5E,FUN_053b80,derived,
0x053C5E,0x053CA4,FUN_053c5e,derived,
0x053CA4,0x053CAE,FUN_053ca4,derived,
0x053CAE,0x053CF8,FUN_053cae,derived,
0x053CF8,0x053D22,FUN_053cf8,derived,
0x053D22,0x053D98,FUN_053d22,derived,
0x053D98,0x053DD6,FUN_053d98,derived,
0x053DD6,0x053F48,FUN_053dd6,derived,
0x053F48,0x053FA4,FUN_053f48,derived,
0x053FA4,0x053FCA,calculateDiagSessionConditional,ghidra-hand-xmap,
0x053FCA,0x053FCC,FUN_053fca,derived,
0x053FCC,0x054000,runSubfunction??,ghidra-hand-xmap,
0x054000,0x054008,FUN_054000,derived,
0x054008,0x05405E,FUN_054008,derived,
0x05405E,0x0540C8,FUN_05405e,derived,
0x0540C8,0x0540FE,FUN_0540c8,derived,
0x0540FE,0x054146,getDiagSessionSubFunction,ghidra-hand-xmap,
0x054146,0x05414C,FUN_054146,derived,
0x05414C,0x05415A,FUN_05414c,derived,
0x05415A,0x054164,FUN_05415a,derived,
0x054164,0x054172,FUN_054164,derived,
0x054172,0x0541C6,FUN_054172,derived,
0x0541C6,0x0541F0,FUN_0541c6,derived,
0x0541F0,0x054208,securityNotUnlocked,ghidra-hand-xmap,
0x054208,0x05426A,FUN_054208,derived,
0x05426A,0x05427A,FUN_05426a,derived,
0x05427A,0x0543A0,FUN_05427a,derived,
0x0543A0,0x0543BA,FUN_0543a0,derived,
0x0543BA,0x054466,SeedKeyRelated,ghidra-hand-xmap,
0x054466,0x0545BA,FUN_054466,derived,
0x0545BA,0x05463C,checkDeviceControlConditional,ghidra-hand-xmap,
0x05463C,0x054646,getSubFunctionMapping,ghidra-hand-xmap,
0x054646,0x0546A6,FUN_054646,derived,
0x0546A6,0x0546F8,FUN_0546a6,derived,
0x0546F8,0x0546FA,FUN_0546f8,derived,
0x0546FA,0x054744,FUN_0546fa,derived,
0x054744,0x0547C8,FUN_054744,derived,
0x0547C8,0x0547F0,FUN_0547c8,derived,
0x0547F0,0x0548CA,FUN_0547f0,derived,
0x0548CA,0x054900,FUN_0548ca,derived,
0x054900,0x054A0C,FUN_054900,derived,
0x054A0C,0x054A66,FUN_054a0c,derived,
0x054A66,0x054AC6,runImmoRelatedCounter,ghidra-hand-xmap,
0x054AC6,0x054ADE,FUN_054ac6,derived,
0x054ADE,0x054B72,FUN_054ade,derived,
0x054B72,0x054DBE,mode22Hanlder,ghidra-hand-xmap,
0x054DBE,0x054F14,FUN_054dbe,derived,
0x054F14,0x054FBC,FUN_054f14,derived,
0x054FBC,0x05500C,FUN_054fbc,derived,
0x05500C,0x055184,FUN_05500c,derived,
0x055184,0x055316,FUN_055184,derived,
0x055316,0x055326,FUN_055316,derived,
0x055326,0x0553B8,FUN_055326,derived,
0x0553B8,0x055526,FUN_0553b8,derived,
0x055526,0x055610,FUN_055526,derived,
0x055610,0x055788,FUN_055610,derived,
0x055788,0x0557F6,FUN_055788,derived,
0x0557F6,0x055AF0,FUN_0557f6,derived,
0x055AF0,0x055C14,FUN_055af0,derived,
0x055C14,0x055D24,getMode22PID,ghidra-hand-xmap,
0x055D24,0x055E0E,UDSPositiveResponse_16bit,ghidra-hand-xmap,
0x055E0E,0x055E68,FUN_055e0e,derived,
0x055E68,0x055ECC,memory_match_accumulate_583E4,ghidra-hand-xmap,
0x055ECC,0x055EEE,intToUDS_SERVICE_DATA,ghidra-hand-xmap,
0x055EEE,0x0560D8,byteToUDS_SERVICE_DATA,ghidra-hand-xmap,
0x0560D8,0x0560DE,FUN_0560d8,derived,
0x0560DE,0x0561FC,FUN_0560de,derived,
0x0561FC,0x05620A,FUN_0561fc,derived,
0x05620A,0x056220,FUN_05620a,derived,
0x056220,0x056238,FUN_056220,derived,
0x056238,0x056342,FUN_056238,derived,
0x056342,0x056390,FUN_056342,derived,
0x056390,0x056398,FUN_056390,derived,
0x056398,0x0563F2,FUN_056398,derived,
0x0563F2,0x05641C,FUN_0563f2,derived,
0x05641C,0x056638,FUN_05641c,derived,
0x056638,0x05667C,FUN_056638,derived,
0x05667C,0x0566CC,FUN_05667c,derived,
0x0566CC,0x0566DE,FUN_0566cc,derived,
0x0566DE,0x056726,FUN_0566de,derived,
0x056726,0x05672E,FUN_056726,derived,
0x05672E,0x056736,FUN_05672e,derived,
0x056736,0x0567B0,FUN_056736,derived,
0x0567B0,0x0567B8,FUN_0567b0,derived,
0x0567B8,0x05687A,FUN_0567b8,derived,
0x05687A,0x05688C,FUN_05687a,derived,
0x05688C,0x0568DC,FUN_05688c,derived,
0x0568DC,0x0568E2,FUN_0568dc,derived,
0x0568E2,0x056920,FUN_0568e2,derived,
0x056920,0x056982,FUN_056920,derived,
0x056982,0x056988,FUN_056982,derived,
0x056988,0x05698E,FUN_056988,derived,
0x05698E,0x0569F0,FUN_05698e,derived,
0x0569F0,0x0569F6,FUN_0569f0,derived,
0x0569F6,0x056ACC,FUN_0569f6,derived,
0x056ACC,0x056ADE,FUN_056acc,derived,
0x056ADE,0x056B1E,FUN_056ade,derived,
0x056B1E,0x056B24,FUN_056b1e,derived,
0x056B24,0x056BE2,FUN_056b24,derived,
0x056BE2,0x056BF4,FUN_056be2,derived,
0x056BF4,0x056C50,FUN_056bf4,derived,
0x056C50,0x056C56,FUN_056c50,derived,
0x056C56,0x056C7A,FUN_056c56,derived,
0x056C7A,0x056CA2,FUN_056c7a,derived,
0x056CA2,0x056D20,FUN_056ca2,derived,
0x056D20,0x056D32,FUN_056d20,derived,
0x056D32,0x056D7E,FUN_056d32,derived,
0x056D7E,0x056D8E,FUN_056d7e,derived,
0x056D8E,0x056D94,FUN_056d8e,derived,
0x056D94,0x056E68,FUN_056d94,derived,
0x056E68,0x056E7A,FUN_056e68,derived,
0x056E7A,0x056ED6,FUN_056e7a,derived,
0x056ED6,0x056EDC,FUN_056ed6,derived,
0x056EDC,0x056FA4,FUN_056edc,derived,
0x056FA4,0x056FB6,FUN_056fa4,derived,
0x056FB6,0x057012,FUN_056fb6,derived,
0x057012,0x057018,FUN_057012,derived,
0x057018,0x0570DC,FUN_057018,derived,
0x0570DC,0x0570EE,FUN_0570dc,derived,
0x0570EE,0x05712E,FUN_0570ee,derived,
0x05712E,0x057134,FUN_05712e,derived,
0x057134,0x057202,FUN_057134,derived,
0x057202,0x057212,FUN_057202,derived,
0x057212,0x0572DE,FUN_057212,derived,
0x0572DE,0x0572FC,FUN_0572de,derived,
0x0572FC,0x05731A,FUN_0572fc,derived,
0x05731A,0x05737A,FUN_05731a,derived,
0x05737A,0x057414,FUN_05737a,derived,
0x057414,0x057424,FUN_057414,derived,
0x057424,0x057508,FUN_057424,derived,
0x057508,0x057526,FUN_057508,derived,
0x057526,0x057544,FUN_057526,derived,
0x057544,0x05754E,FUN_057544,derived,
0x05754E,0x05755A,FUN_05754e,derived,
0x05755A,0x0575A4,FUN_05755a,derived,
0x0575A4,0x0575FE,FUN_0575a4,derived,
0x0575FE,0x057664,FUN_0575fe,derived,
0x057664,0x0576C0,FUN_057664,derived,
0x0576C0,0x0576C6,FUN_0576c0,derived,
0x0576C6,0x05777C,FUN_0576c6,derived,
0x05777C,0x0577AC,FUN_05777c,derived,
0x0577AC,0x0577B4,FUN_0577ac,derived,
0x0577B4,0x0577BC,FUN_0577b4,derived,
0x0577BC,0x0577E8,FUN_0577bc,derived,
0x0577E8,0x05781C,FUN_0577e8,derived,
0x05781C,0x0578BE,FUN_05781c,derived,
0x0578BE,0x0578C6,FUN_0578be,derived,
0x0578C6,0x0578FE,FUN_0578c6,derived,
0x0578FE,0x05792C,FUN_0578fe,derived,
0x05792C,0x057984,FUN_05792c,derived,
0x057984,0x057996,FUN_057984,derived,
0x057996,0x057A4C,udsCheckMode31Conditions,ghidra-hand-xmap,
0x057A4C,0x057A9C,FUN_057a4c,derived,
0x057A9C,0x057AB6,FUN_057a9c,derived,
0x057AB6,0x057AD0,FUN_057ab6,derived,
0x057AD0,0x057B3E,FUN_057ad0,derived,
0x057B3E,0x057B5C,FUN_057b3e,derived,
0x057B5C,0x057B64,FUN_057b5c,derived,
0x057B64,0x057B92,FUN_057b64,derived,
0x057B92,0x057B98,FUN_057b92,derived,
0x057B98,0x057BB8,FUN_057b98,derived,
0x057BB8,0x057DC0,FUN_057bb8,derived,
0x057DC0,0x057E14,FUN_057dc0,derived,
0x057E14,0x057F20,FUN_057e14,derived,
0x057F20,0x057F90,FUN_057f20,derived,
0x057F90,0x057F98,FUN_057f90,derived,
0x057F98,0x057FC4,FUN_057f98,derived,
0x057FC4,0x05800A,FUN_057fc4,derived,
0x05800A,0x058060,FUN_05800a,derived,
0x058060,0x0580F0,calcBatteryRelatedFaults??,ghidra-hand-xmap,
0x0580F0,0x058128,FUN_0580f0,derived,
0x058128,0x058210,FUN_058128,derived,
0x058210,0x058268,FUN_058210,derived,
0x058268,0x0582AC,FUN_058268,derived,
0x0582AC,0x0583B8,idleEnumRealted???,ghidra-hand-xmap,
0x0583B8,0x058538,FUN_0583b8,derived,
0x058538,0x058550,FUN_058538,derived,
0x058550,0x058586,FUN_058550,derived,
0x058586,0x058648,FUN_058586,derived,
0x058648,0x058666,FUN_058648,derived,
0x058666,0x058758,FUN_058666,derived,
0x058758,0x05876E,FUN_058758,derived,
0x05876E,0x058798,FUN_05876e,derived,
0x058798,0x0587D8,FUN_058798,derived,
0x0587D8,0x0587E4,FUN_0587d8,derived,
0x0587E4,0x05885A,FUN_0587e4,derived,
0x05885A,0x0588E8,FUN_05885a,derived,
0x0588E8,0x05891A,faultSomething0x1,ghidra-hand-xmap,
0x05891A,0x058940,FUN_05891a,derived,
0x058940,0x058A2C,FUN_058940,derived,
0x058A2C,0x058A6E,FUN_058a2c,derived,
0x058A6E,0x058A80,FUN_058a6e,derived,
0x058A80,0x058A9A,FUN_058a80,derived,
0x058A9A,0x058AAC,FUN_058a9a,derived,
0x058AAC,0x058B70,getFuelLevelValidity,ghidra-hand-xmap,
0x058B70,0x058B7E,FUN_058b70,derived,
0x058B7E,0x058B90,FUN_058b7e,derived,
0x058B90,0x058BAC,FUN_058b90,derived,
0x058BAC,0x058D0A,FUN_058bac,derived,
0x058D0A,0x058D5E,FUN_058d0a,derived,
0x058D5E,0x058DD4,FUN_058d5e,derived,
0x058DD4,0x058DF2,FUN_058dd4,derived,
0x058DF2,0x058E1A,FUN_058df2,derived,
0x058E1A,0x058E50,FUN_058e1a,derived,
0x058E50,0x058E82,FUN_058e50,derived,
0x058E82,0x058ECC,FUN_058e82,derived,
0x058ECC,0x058FBA,FUN_058ecc,derived,
0x058FBA,0x0591F0,FUN_058fba,derived,
0x0591F0,0x059806,FUN_0591f0,derived,
0x059806,0x059808,FUN_059806,derived,
0x059808,0x059866,delay?,ghidra-hand-xmap,
0x059866,0x05991E,FUN_059866,derived,
0x05991E,0x05992A,dtcCodeTypeInit,ghidra-hand-xmap,
0x05992A,0x059AE2,FUN_05992a,derived,
0x059AE2,0x059B2A,writeDTCCodeType,ghidra-hand-xmap,
0x059B2A,0x059C72,FUN_059b2a,derived,
0x059C72,0x059C82,FUN_059c72,derived,
0x059C82,0x059CD8,FUN_059c82,derived,
0x059CD8,0x059DA0,FUN_059cd8,derived,
0x059DA0,0x059FDC,FUN_059da0,derived,
0x059FDC,0x05A0AE,getMemoryFromRAMForUDS23,ghidra-hand-xmap,
0x05A0AE,0x05A174,checkIfAddressInRange,ghidra-hand-xmap,
0x05A174,0x05A1D0,FUN_05a174,derived,
0x05A1D0,0x05A1D4,FUN_05a1d0,derived,
0x05A1D4,0x05A2AE,FUN_05a1d4,derived,
0x05A2AE,0x05A2F0,FUN_05a2ae,derived,
0x05A2F0,0x05A346,FUN_05a2f0,derived,
0x05A346,0x05A382,FUN_05a346,derived,
0x05A382,0x05A3B6,FUN_05a382,derived,
0x05A3B6,0x05A3CE,FUN_05a3b6,derived,
0x05A3CE,0x05A3DE,FUN_05a3ce,derived,
0x05A3DE,0x05A41C,FUN_05a3de,derived,
0x05A41C,0x05A65C,FUN_05a41c,derived,
0x05A65C,0x05A740,FUN_05a65c,derived,
0x05A740,0x05A78C,FUN_05a740,derived,
0x05A78C,0x05A798,FUN_05a78c,derived,
0x05A798,0x05A7EE,FUN_05a798,derived,
0x05A7EE,0x05A814,FUN_05a7ee,derived,
0x05A814,0x05A8E0,FUN_05a814,derived,
0x05A8E0,0x05A9F4,FUN_05a8e0,derived,
0x05A9F4,0x05AAD4,FUN_05a9f4,derived,
0x05AAD4,0x05ABB0,FUN_05aad4,derived,
0x05ABB0,0x05AC8C,FUN_05abb0,derived,
0x05AC8C,0x05AD5C,FUN_05ac8c,derived,
0x05AD5C,0x05AE38,FUN_05ad5c,derived,
0x05AE38,0x05AF14,FUN_05ae38,derived,
0x05AF14,0x05AFF0,FUN_05af14,derived,
0x05AFF0,0x05B100,FUN_05aff0,derived,
0x05B100,0x05B19C,diagMeteringPumpPositionControl,ghidra-hand-xmap,
0x05B19C,0x05B284,ssvDiagControl?,ghidra-hand-xmap,
0x05B284,0x05B394,FUN_05b284,derived,
0x05B394,0x05B4A4,FUN_05b394,derived,
0x05B4A4,0x05B5B4,FUN_05b4a4,derived,
0x05B5B4,0x05B690,FUN_05b5b4,derived,
0x05B690,0x05B76C,FUN_05b690,derived,
0x05B76C,0x05B848,FUN_05b76c,derived,
0x05B848,0x05B924,FUN_05b848,derived,
0x05B924,0x05BA00,FUN_05b924,derived,
0x05BA00,0x05BADC,FUN_05ba00,derived,
0x05BADC,0x05BB78,FUN_05badc,derived,
0x05BB78,0x05BC40,FUN_05bb78,derived,
0x05BC40,0x05BD18,FUN_05bc40,derived,
0x05BD18,0x05BDCA,FUN_05bd18,derived,
0x05BDCA,0x05BE92,FUN_05bdca,derived,
0x05BE92,0x05BEC8,FUN_05be92,derived,
0x05BEC8,0x05BF6C,FUN_05bec8,derived,
0x05BF6C,0x05C1C8,FUN_05bf6c,derived,
0x05C1C8,0x05C328,FUN_05c1c8,derived,
0x05C328,0x05C3CA,FUN_05c328,derived,
0x05C3CA,0x05C3F6,FUN_05c3ca,derived,
0x05C3F6,0x05C430,FUN_05c3f6,derived,
0x05C430,0x05C434,FUN_05c430,derived,
0x05C434,0x05C4E8,UDSMode85Func,ghidra-hand-xmap,
0x05C4E8,0x05C568,FUN_05c4e8,derived,
0x05C568,0x05C5A4,FUN_05c568,derived,
0x05C5A4,0x05C5D8,setDiagMode85Bool?,ghidra-hand-xmap,
0x05C5D8,0x05C608,setDiagMode85Bool2,ghidra-hand-xmap,
0x05C608,0x05C62C,FUN_05c608,derived,
0x05C62C,0x05C664,FUN_05c62c,derived,
0x05C664,0x05C740,getTireSize,ghidra-hand-xmap,
0x05C740,0x05C9AC,FUN_05c740,derived,
0x05C9AC,0x05CA02,FUN_05c9ac,derived,
0x05CA02,0x05CA3E,FUN_05ca02,derived,
0x05CA3E,0x05CA7A,FUN_05ca3e,derived,
0x05CA7A,0x05CA9E,FUN_05ca7a,derived,
0x05CA9E,0x05CAB4,FUN_05ca9e,derived,
0x05CAB4,0x05CAE4,FUN_05cab4,derived,
0x05CAE4,0x05CB04,FUN_05cae4,derived,
0x05CB04,0x05CB5A,FUN_05cb04,derived,
0x05CB5A,0x05CBBA,FUN_05cb5a,derived,
0x05CBBA,0x05CBE4,FUN_05cbba,derived,
0x05CBE4,0x05CC0E,FUN_05cbe4,derived,
0x05CC0E,0x05CC56,FUN_05cc0e,derived,
0x05CC56,0x05CCBE,FUN_05cc56,derived,
0x05CCBE,0x05CD18,FUN_05ccbe,derived,
0x05CD18,0x05CD2C,FUN_05cd18,derived,
0x05CD2C,0x05CDE8,getBrakingOrInNeutral,ghidra-hand-xmap,
0x05CDE8,0x05CE00,FUN_05cde8,derived,
0x05CE00,0x05CE42,FUN_05ce00,derived,
0x05CE42,0x05CE70,FUN_05ce42,derived,
0x05CE70,0x05CEC0,FUN_05ce70,derived,
0x05CEC0,0x05CF54,FUN_05cec0,derived,
0x05CF54,0x05CFAC,FUN_05cf54,derived,
0x05CFAC,0x05CFF0,FUN_05cfac,derived,
0x05CFF0,0x05D0B0,FUN_05cff0,derived,
0x05D0B0,0x05D106,FUN_05d0b0,derived,
0x05D106,0x05D214,FUN_05d106,derived,
0x05D214,0x05D334,FUN_05d214,derived,
0x05D334,0x05D35C,FUN_05d334,derived,
0x05D35C,0x05D3EA,FUN_05d35c,derived,
0x05D3EA,0x05D4C4,FUN_05d3ea,derived,
0x05D4C4,0x05D4C8,FUN_05d4c4,derived,
0x05D4C8,0x05D4CC,FUN_05d4c8,derived,
0x05D4CC,0x05D4F0,FUN_05d4cc,derived,
0x05D4F0,0x05D5E4,FUN_05d4f0,derived,
0x05D5E4,0x05D6B0,FUN_05d5e4,derived,
0x05D6B0,0x05D83C,FUN_05d6b0,derived,
0x05D83C,0x05D89C,FUN_05d83c,derived,
0x05D89C,0x05D8AC,FUN_05d89c,derived,
0x05D8AC,0x05D8AE,FUN_05d8ac,derived,
0x05D8AE,0x05D8B0,FUN_05d8ae,derived,
0x05D8B0,0x05D8B2,FUN_05d8b0,derived,
0x05D8B2,0x05D8B4,FUN_05d8b2,derived,
0x05D8B4,0x05D8B6,FUN_05d8b4,derived,
0x05D8B6,0x05D8B8,FUN_05d8b6,derived,
0x05D8B8,0x05D8BA,FUN_05d8b8,derived,
0x05D8BA,0x05D8BC,FUN_05d8ba,derived,
0x05D8BC,0x05D8BE,FUN_05d8bc,derived,
0x05D8BE,0x05D8C0,FUN_05d8be,derived,
0x05D8C0,0x05D8C2,FUN_05d8c0,derived,
0x05D8C2,0x05D8C4,FUN_05d8c2,derived,
0x05D8C4,0x05D8C8,FUN_05d8c4,derived,
0x05D8C8,0x05D8CA,FUN_05d8c8,derived,
0x05D8CA,0x05D8DC,FUN_05d8ca,derived,
0x05D8DC,0x05D8DE,FUN_05d8dc,derived,
0x05D8DE,0x05D8E0,FUN_05d8de,derived,
0x05D8E0,0x05D8EE,FUN_05d8e0,derived,
0x05D8EE,0x05D90C,FUN_05d8ee,derived,
0x05D90C,0x05D91C,FUN_05d90c,derived,
0x05D91C,0x05D994,FUN_05d91c,derived,
0x05D994,0x05DBD0,FUN_05d994,derived,
0x05DBD0,0x05DEBC,FUN_05dbd0,derived,
0x05DEBC,0x05DEBE,FUN_05debc,derived,
0x05DEBE,0x05DF98,FUN_05debe,derived,
0x05DF98,0x05DFA8,FUN_05df98,derived,
0x05DFA8,0x05DFE8,FUN_05dfa8,derived,
0x05DFE8,0x05DFEA,FUN_05dfe8,derived,
0x05DFEA,0x05DFF0,FUN_05dfea,derived,
0x05DFF0,0x05DFF4,FUN_05dff0,derived,
0x05DFF4,0x05E000,FUN_05dff4,derived,
0x05E000,0x05E00C,FUN_05e000,derived,
0x05E00C,0x05E018,FUN_05e00c,derived,
0x05E018,0x05E024,FUN_05e018,derived,
0x05E024,0x05E030,FUN_05e024,derived,
0x05E030,0x05E034,FUN_05e030,derived,
0x05E034,0x05E036,FUN_05e034,derived,
0x05E036,0x05E03C,FUN_05e036,derived,
0x05E03C,0x05E040,FUN_05e03c,derived,
0x05E040,0x05E054,FUN_05e040,derived,
0x05E054,0x05E064,FUN_05e054,derived,
0x05E064,0x05E074,FUN_05e064,derived,
0x05E074,0x05E084,FUN_05e074,derived,
0x05E084,0x05E094,FUN_05e084,derived,
0x05E094,0x05E0A4,FUN_05e094,derived,
0x05E0A4,0x05E0B4,FUN_05e0a4,derived,
0x05E0B4,0x05E0D4,FUN_05e0b4,derived,
0x05E0D4,0x05E0E4,FUN_05e0d4,derived,
0x05E0E4,0x05E124,FUN_05e0e4,derived,
0x05E124,0x05E134,FUN_05e124,derived,
0x05E134,0x05E144,FUN_05e134,derived,
0x05E144,0x05E154,FUN_05e144,derived,
0x05E154,0x05E164,FUN_05e154,derived,
0x05E164,0x05E174,FUN_05e164,derived,
0x05E174,0x05E184,FUN_05e174,derived,
0x05E184,0x05E194,FUN_05e184,derived,
0x05E194,0x05E1A4,FUN_05e194,derived,
0x05E1A4,0x05E1B4,FUN_05e1a4,derived,
0x05E1B4,0x05E1C4,FUN_05e1b4,derived,
0x05E1C4,0x05E1D4,FUN_05e1c4,derived,
0x05E1D4,0x05E1D8,FUN_05e1d4,derived,
0x05E1D8,0x05E206,FUN_05e1d8,derived,
0x05E206,0x05E25C,FUN_05e206,derived,
0x05E25C,0x05E266,returnFaultCode,ghidra-hand-xmap,
0x05E266,0x05E270,FUN_05e266,derived,
0x05E270,0x05E296,lookupCodeTypeAll,ghidra-hand-xmap,
0x05E296,0x05E2BC,lookupCodeTypeMisfire,ghidra-hand-xmap,
0x05E2BC,0x05E2CE,faultEnableStatus2,ghidra-hand-xmap,
0x05E2CE,0x05E2FC,faultConfirmationSomething?,ghidra-hand-xmap,
0x05E2FC,0x05E380,FUN_05e2fc,derived,
0x05E380,0x05E3BE,faultSomething0x2,ghidra-hand-xmap,
0x05E3BE,0x05E414,faultSomething0x0,ghidra-hand-xmap,
0x05E414,0x05E474,FUN_05e414,derived,
0x05E474,0x05E4DE,FUN_05e474,derived,
0x05E4DE,0x05E524,FUN_05e4de,derived,
0x05E524,0x05E54C,checkIfDeviceControl?,ghidra-hand-xmap,
0x05E54C,0x05E578,FUN_05e54c,derived,
0x05E578,0x05E57E,FUN_05e578,derived,
0x05E57E,0x05E584,FUN_05e57e,derived,
0x05E584,0x05E58A,FUN_05e584,derived,
0x05E58A,0x05E590,FUN_05e58a,derived,
0x05E590,0x05E5A4,FUN_05e590,derived,
0x05E5A4,0x05E5BA,FUN_05e5a4,derived,
0x05E5BA,0x05E5C8,FUN_05e5ba,derived,
0x05E5C8,0x05E5F0,FUN_05e5c8,derived,
0x05E5F0,0x05E5FE,FUN_05e5f0,derived,
0x05E5FE,0x05E604,FUN_05e5fe,derived,
0x05E604,0x05E60A,FUN_05e604,derived,
0x05E60A,0x05E644,FUN_05e60a,derived,
0x05E644,0x05E648,FUN_05e644,derived,
0x05E648,0x05E656,updateFaultStatusTHUNKNoR6?,ghidra-hand-xmap,
0x05E656,0x05E678,FUN_05e656,derived,
0x05E678,0x05E690,FUN_05e678,derived,
0x05E690,0x05E69E,FUN_05e690,derived,
0x05E69E,0x05E6A2,FUN_05e69e,derived,
0x05E6A2,0x05E700,FUN_05e6a2,derived,
0x05E700,0x05E7FA,FUN_05e700,derived,
0x05E7FA,0x05E84C,FUN_05e7fa,derived,
0x05E84C,0x05E93C,checkAndSetFault?,ghidra-hand-xmap,
0x05E93C,0x05EA80,FUN_05e93c,derived,
0x05EA80,0x05EAA2,FUN_05ea80,derived,
0x05EAA2,0x05EAFE,FUN_05eaa2,derived,
0x05EAFE,0x05EB7C,FUN_05eafe,derived,
0x05EB7C,0x05EBB8,FUN_05eb7c,derived,
0x05EBB8,0x05EBD0,FUN_05ebb8,derived,
0x05EBD0,0x05EBEC,FUN_05ebd0,derived,
0x05EBEC,0x05EC08,FUN_05ebec,derived,
0x05EC08,0x05EC68,FUN_05ec08,derived,
0x05EC68,0x05ECA2,setFaultEvalState?,ghidra-hand-xmap,
0x05ECA2,0x05ED68,FUN_05eca2,derived,
0x05ED68,0x05EDB2,FUN_05ed68,derived,
0x05EDB2,0x05EDE8,FUN_05edb2,derived,
0x05EDE8,0x05EE08,FUN_05ede8,derived,
0x05EE08,0x05EE0C,FUN_05ee08,derived,
0x05EE0C,0x05EE24,FUN_05ee0c,derived,
0x05EE24,0x05EE28,FUN_05ee24,derived,
0x05EE28,0x05EE50,FUN_05ee28,derived,
0x05EE50,0x05EE6E,FUN_05ee50,derived,
0x05EE6E,0x05EE7E,FUN_05ee6e,derived,
0x05EE7E,0x05EE82,FUN_05ee7e,derived,
0x05EE82,0x05EE86,FUN_05ee82,derived,
0x05EE86,0x05EFAE,FUN_05ee86,derived,
0x05EFAE,0x05EFE6,FUN_05efae,derived,
0x05EFE6,0x05F00E,FUN_05efe6,derived,
0x05F00E,0x05F114,FUN_05f00e,derived,
0x05F114,0x05F13E,FUN_05f114,derived,
0x05F13E,0x05F162,FUN_05f13e,derived,
0x05F162,0x05F1B8,FUN_05f162,derived,
0x05F1B8,0x05F29E,FUN_05f1b8,derived,
0x05F29E,0x05F2EE,FUN_05f29e,derived,
0x05F2EE,0x05F358,FUN_05f2ee,derived,
0x05F358,0x05F376,FUN_05f358,derived,
0x05F376,0x05F386,FUN_05f376,derived,
0x05F386,0x05F404,FUN_05f386,derived,
0x05F404,0x05F56A,FUN_05f404,derived,
0x05F56A,0x05F596,FUN_05f56a,derived,
0x05F596,0x05F5C6,FUN_05f596,derived,
0x05F5C6,0x05F69E,FUN_05f5c6,derived,
0x05F69E,0x05F6CC,FUN_05f69e,derived,
0x05F6CC,0x05F700,FUN_05f6cc,derived,
0x05F700,0x05F7F2,FUN_05f700,derived,
0x05F7F2,0x05F826,FUN_05f7f2,derived,
0x05F826,0x05F848,FUN_05f826,derived,
0x05F848,0x05F894,FUN_05f848,derived,
0x05F894,0x05F8D6,FUN_05f894,derived,
0x05F8D6,0x05F904,FUN_05f8d6,derived,
0x05F904,0x05F95E,FUN_05f904,derived,
0x05F95E,0x05FBDE,FUN_05f95e,derived,
0x05FBDE,0x05FD40,FUN_05fbde,derived,
0x05FD40,0x05FEB6,faultSomethingIdunno,ghidra-hand-xmap,
0x05FEB6,0x0600F0,dtcRelated,ghidra-hand-xmap,
0x0600F0,0x0601A4,FUN_0600f0,derived,
0x0601A4,0x0601AA,FUN_0601a4,derived,
0x0601AA,0x0601E8,FUN_0601aa,derived,
0x0601E8,0x0603D6,FUN_0601e8,derived,
0x0603D6,0x0603E4,FUN_0603d6,derived,
0x0603E4,0x0603F2,FUN_0603e4,derived,
0x0603F2,0x060418,FUN_0603f2,derived,
0x060418,0x060604,FUN_060418,derived,
0x060604,0x06060A,FUN_060604,derived,
0x06060A,0x060618,FUN_06060a,derived,
0x060618,0x0607A0,FUN_060618,derived,
0x0607A0,0x060800,FUN_0607a0,derived,
0x060800,0x0608B0,FUN_060800,derived,
0x0608B0,0x060930,FUN_0608b0,derived,
0x060930,0x060970,FUN_060930,derived,
0x060970,0x0609D8,FUN_060970,derived,
0x0609D8,0x060A28,FUN_0609d8,derived,
0x060A28,0x060A6C,FUN_060a28,derived,
0x060A6C,0x060AC8,FUN_060a6c,derived,
0x060AC8,0x060B8C,FUN_060ac8,derived,
0x060B8C,0x060BD0,FUN_060b8c,derived,
0x060BD0,0x060C4C,FUN_060bd0,derived,
0x060C4C,0x060C90,FUN_060c4c,derived,
0x060C90,0x060CA0,FUN_060c90,derived,
0x060CA0,0x060D10,FUN_060ca0,derived,
0x060D10,0x060E60,FUN_060d10,derived,
0x060E60,0x060F58,FUN_060e60,derived,
0x060F58,0x060FC4,FUN_060f58,derived,
0x060FC4,0x061090,FUN_060fc4,derived,
0x061090,0x06118A,FUN_061090,derived,
0x06118A,0x0611A8,FUN_06118a,derived,
0x0611A8,0x0611C6,FUN_0611a8,derived,
0x0611C6,0x0611E4,FUN_0611c6,derived,
0x0611E4,0x061208,FUN_0611e4,derived,
0x061208,0x06122C,FUN_061208,derived,
0x06122C,0x061500,FUN_06122c,derived,
0x061500,0x061590,FUN_061500,derived,
0x061590,0x06161C,FUN_061590,derived,
0x06161C,0x06169E,FUN_06161c,derived,
0x06169E,0x0616C8,FUN_06169e,derived,
0x0616C8,0x0616E8,FUN_0616c8,derived,
0x0616E8,0x06173A,FUN_0616e8,derived,
0x06173A,0x06175A,FUN_06173a,derived,
0x06175A,0x0617AC,FUN_06175a,derived,
0x0617AC,0x06181E,FUN_0617ac,derived,
0x06181E,0x061890,FUN_06181e,derived,
0x061890,0x061916,FUN_061890,derived,
0x061916,0x061936,FUN_061916,derived,
0x061936,0x061988,FUN_061936,derived,
0x061988,0x0619A8,FUN_061988,derived,
0x0619A8,0x0619FA,FUN_0619a8,derived,
0x0619FA,0x061A6C,FUN_0619fa,derived,
0x061A6C,0x061A9A,FUN_061a6c,derived,
0x061A9A,0x061AEC,FUN_061a9a,derived,
0x061AEC,0x061B1A,FUN_061aec,derived,
0x061B1A,0x061B7A,FUN_061b1a,derived,
0x061B7A,0x061C86,FUN_061b7a,derived,
0x061C86,0x061DA8,FUN_061c86,derived,
0x061DA8,0x061E30,FUN_061da8,derived,
0x061E30,0x061EDE,FUN_061e30,derived,
0x061EDE,0x061F70,FUN_061ede,derived,
0x061F70,0x061FF6,FUN_061f70,derived,
0x061FF6,0x06210C,FUN_061ff6,derived,
0x06210C,0x062152,FUN_06210c,derived,
0x062152,0x0621D2,FUN_062152,derived,
0x0621D2,0x062210,FUN_0621d2,derived,
0x062210,0x062262,FUN_062210,derived,
0x062262,0x062288,FUN_062262,derived,
0x062288,0x0622CC,FUN_062288,derived,
0x0622CC,0x062344,FUN_0622cc,derived,
0x062344,0x0623CA,FUN_062344,derived,
0x0623CA,0x062450,FUN_0623ca,derived,
0x062450,0x0624C4,FUN_062450,derived,
0x0624C4,0x06250C,FUN_0624c4,derived,
0x06250C,0x0625DA,FUN_06250c,derived,
0x0625DA,0x06267C,FUN_0625da,derived,
0x06267C,0x062714,FUN_06267c,derived,
0x062714,0x062768,FUN_062714,derived,
0x062768,0x0627BC,FUN_062768,derived,
0x0627BC,0x0627EC,FUN_0627bc,derived,
0x0627EC,0x062854,FUN_0627ec,derived,
0x062854,0x0628F4,FUN_062854,derived,
0x0628F4,0x0628FA,FUN_0628f4,derived,
0x0628FA,0x062978,FUN_0628fa,derived,
0x062978,0x0629E4,FUN_062978,derived,
0x0629E4,0x062A12,FUN_0629e4,derived,
0x062A12,0x062A64,FUN_062a12,derived,
0x062A64,0x062B24,FUN_062a64,derived,
0x062B24,0x062B58,FUN_062b24,derived,
0x062B58,0x062BA8,FUN_062b58,derived,
0x062BA8,0x062BCA,FUN_062ba8,derived,
0x062BCA,0x062C02,FUN_062bca,derived,
0x062C02,0x062C4A,FUN_062c02,derived,
0x062C4A,0x062CA8,FUN_062c4a,derived,
0x062CA8,0x062D08,FUN_062ca8,derived,
0x062D08,0x062D6E,FUN_062d08,derived,
0x062D6E,0x062DD4,FUN_062d6e,derived,
0x062DD4,0x062E02,FUN_062dd4,derived,
0x062E02,0x062E1C,FUN_062e02,derived,
0x062E1C,0x062E20,FUN_062e1c,derived,
0x062E20,0x062E4C,FUN_062e20,derived,
0x062E4C,0x062F10,FUN_062e4c,derived,
0x062F10,0x06306C,FUN_062f10,derived,
0x06306C,0x0631BC,FUN_06306c,derived,
0x0631BC,0x063202,FUN_0631bc,derived,
0x063202,0x063208,FUN_063202,derived,
0x063208,0x063262,FUN_063208,derived,
0x063262,0x063420,FUN_063262,derived,
0x063420,0x063564,FUN_063420,derived,
0x063564,0x063664,FUN_063564,derived,
0x063664,0x063696,FUN_063664,derived,
0x063696,0x0637AA,FUN_063696,derived,
0x0637AA,0x0637C0,FUN_0637aa,derived,
0x0637C0,0x0637D4,FUN_0637c0,derived,
0x0637D4,0x063834,FUN_0637d4,derived,
0x063834,0x063884,FUN_063834,derived,
0x063884,0x0638FA,FUN_063884,derived,
0x0638FA,0x06397C,FUN_0638fa,derived,
0x06397C,0x0639DA,FUN_06397c,derived,
0x0639DA,0x063A48,FUN_0639da,derived,
0x063A48,0x063AF6,FUN_063a48,derived,
0x063AF6,0x063B60,FUN_063af6,derived,
0x063B60,0x063BA4,FUN_063b60,derived,
0x063BA4,0x063C04,FUN_063ba4,derived,
0x063C04,0x063C34,FUN_063c04,derived,
0x063C34,0x063CD0,FUN_063c34,derived,
0x063CD0,0x063D70,FUN_063cd0,derived,
0x063D70,0x063E8C,FUN_063d70,derived,
0x063E8C,0x063ED4,FUN_063e8c,derived,
0x063ED4,0x063F06,FUN_063ed4,derived,
0x063F06,0x063F20,FUN_063f06,derived,
0x063F20,0x063F48,FUN_063f20,derived,
0x063F48,0x063F80,FUN_063f48,derived,
0x063F80,0x064068,FUN_063f80,derived,
0x064068,0x0640BC,FUN_064068,derived,
0x0640BC,0x064226,FUN_0640bc,derived,
0x064226,0x064270,FUN_064226,derived,
0x064270,0x0644B4,FUN_064270,derived,
0x0644B4,0x0644FC,FUN_0644b4,derived,
0x0644FC,0x064746,FUN_0644fc,derived,
0x064746,0x0647C0,FUN_064746,derived,
0x0647C0,0x064886,FUN_0647c0,derived,
0x064886,0x0649C0,FUN_064886,derived,
0x0649C0,0x064A62,FUN_0649c0,derived,
0x064A62,0x064A8A,FUN_064a62,derived,
0x064A8A,0x064D6C,FUN_064a8a,derived,
0x064D6C,0x064DB4,FUN_064d6c,derived,
0x064DB4,0x064DF0,FUN_064db4,derived,
0x064DF0,0x064E16,FUN_064df0,derived,
0x064E16,0x064EBC,FUN_064e16,derived,
0x064EBC,0x064F10,FUN_064ebc,derived,
0x064F10,0x064F68,FUN_064f10,derived,
0x064F68,0x064F9A,FUN_064f68,derived,
0x064F9A,0x064FB8,FUN_064f9a,derived,
0x064FB8,0x065008,FUN_064fb8,derived,
0x065008,0x06501A,FUN_065008,derived,
0x06501A,0x0650B8,FUN_06501a,derived,
0x0650B8,0x06518A,FUN_0650b8,derived,
0x06518A,0x06518E,FUN_06518a,derived,
0x06518E,0x06523A,FUN_06518e,derived,
0x06523A,0x0652AE,FUN_06523a,derived,
0x0652AE,0x0652F0,FUN_0652ae,derived,
0x0652F0,0x065336,getFaultStatus??,ghidra-hand-xmap,
0x065336,0x065348,getFaultEvalState,ghidra-hand-xmap,
0x065348,0x0653E8,FUN_065348,derived,
0x0653E8,0x0653EC,FUN_0653e8,derived,
0x0653EC,0x065460,FUN_0653ec,derived,
0x065460,0x06547E,FUN_065460,derived,
0x06547E,0x06549A,FUN_06547e,derived,
0x06549A,0x06553C,FUN_06549a,derived,
0x06553C,0x065570,FUN_06553c,derived,
0x065570,0x0655A4,FUN_065570,derived,
0x0655A4,0x065680,FUN_0655a4,derived,
0x065680,0x065720,FUN_065680,derived,
0x065720,0x06574A,FUN_065720,derived,
0x06574A,0x0657F6,FUN_06574a,derived,
0x0657F6,0x06587C,FUN_0657f6,derived,
0x06587C,0x065990,FUN_06587c,derived,
0x065990,0x065A2C,FUN_065990,derived,
0x065A2C,0x065A50,FUN_065a2c,derived,
0x065A50,0x065AB2,FUN_065a50,derived,
0x065AB2,0x065AC8,FUN_065ab2,derived,
0x065AC8,0x065AE0,FUN_065ac8,derived,
0x065AE0,0x065BDC,FUN_065ae0,derived,
0x065BDC,0x065C00,FUN_065bdc,derived,
0x065C00,0x065C16,FUN_065c00,derived,
0x065C16,0x065C3C,FUN_065c16,derived,
0x065C3C,0x065CD0,FUN_065c3c,derived,
0x065CD0,0x065D66,FUN_065cd0,derived,
0x065D66,0x065E08,FUN_065d66,derived,
0x065E08,0x065EA0,FUN_065e08,derived,
0x065EA0,0x065EB2,FUN_065ea0,derived,
0x065EB2,0x065EE4,FUN_065eb2,derived,
0x065EE4,0x065F2C,FUN_065ee4,derived,
0x065F2C,0x065F64,FUN_065f2c,derived,
0x065F64,0x065FB8,FUN_065f64,derived,
0x065FB8,0x065FCE,FUN_065fb8,derived,
0x065FCE,0x066022,FUN_065fce,derived,
0x066022,0x066050,FUN_066022,derived,
0x066050,0x066068,FUN_066050,derived,
0x066068,0x0660E2,FUN_066068,derived,
0x0660E2,0x066116,FUN_0660e2,derived,
0x066116,0x06618E,FUN_066116,derived,
0x06618E,0x0661A4,FUN_06618e,derived,
0x0661A4,0x0661BE,FUN_0661a4,derived,
0x0661BE,0x06620C,FUN_0661be,derived,
0x06620C,0x066280,FUN_06620c,derived,
0x066280,0x066314,FUN_066280,derived,
0x066314,0x066378,FUN_066314,derived,
0x066378,0x066406,FUN_066378,derived,
0x066406,0x066418,FUN_066406,derived,
0x066418,0x066448,FUN_066418,derived,
0x066448,0x066478,FUN_066448,derived,
0x066478,0x0664AC,FUN_066478,derived,
0x0664AC,0x0664F6,FUN_0664ac,derived,
0x0664F6,0x06650A,FUN_0664f6,derived,
0x06650A,0x066554,FUN_06650a,derived,
0x066554,0x066568,FUN_066554,derived,
0x066568,0x0665B2,FUN_066568,derived,
0x0665B2,0x066628,FUN_0665b2,derived,
0x066628,0x066634,FUN_066628,derived,
0x066634,0x066650,FUN_066634,derived,
0x066650,0x06667C,FUN_066650,derived,
0x06667C,0x0666A8,FUN_06667c,derived,
0x0666A8,0x0666D4,FUN_0666a8,derived,
0x0666D4,0x06670C,FUN_0666d4,derived,
0x06670C,0x066768,pack_for_OBD_response?,ghidra-hand-xmap,
0x066768,0x0667EA,FUN_066768,derived,
0x0667EA,0x066800,FUN_0667ea,derived,
0x066800,0x066854,FUN_066800,derived,
0x066854,0x06689A,FUN_066854,derived,
0x06689A,0x066990,FUN_06689a,derived,
0x066990,0x0669CE,FUN_066990,derived,
0x0669CE,0x066A14,FUN_0669ce,derived,
0x066A14,0x066A74,FUN_066a14,derived,
0x066A74,0x066AAA,FUN_066a74,derived,
0x066AAA,0x066C88,unknownMode22Func,ghidra-hand-xmap,
0x066C88,0x066CA4,FUN_066c88,derived,
0x066CA4,0x066CC4,FUN_066ca4,derived,
0x066CC4,0x066D1C,FUN_066cc4,derived,
0x066D1C,0x066E38,FUN_066d1c,derived,
0x066E38,0x066E8E,FUN_066e38,derived,
0x066E8E,0x066F10,FUN_066e8e,derived,
0x066F10,0x066F78,FUN_066f10,derived,
0x066F78,0x066FE8,FUN_066f78,derived,
0x066FE8,0x067002,FUN_066fe8,derived,
0x067002,0x06701C,FUN_067002,derived,
0x06701C,0x067054,FUN_06701c,derived,
0x067054,0x067066,FUN_067054,derived,
0x067066,0x0670B4,FUN_067066,derived,
0x0670B4,0x0670D8,FUN_0670b4,derived,
0x0670D8,0x067116,FUN_0670d8,derived,
0x067116,0x067158,FUN_067116,derived,
0x067158,0x0671B4,FUN_067158,derived,
0x0671B4,0x067200,FUN_0671b4,derived,
0x067200,0x067362,FUN_067200,derived,
0x067362,0x067376,FUN_067362,derived,
0x067376,0x0673D8,FUN_067376,derived,
0x0673D8,0x067400,FUN_0673d8,derived,
0x067400,0x067412,FUN_067400,derived,
0x067412,0x067436,FUN_067412,derived,
0x067436,0x067488,FUN_067436,derived,
0x067488,0x067498,FUN_067488,derived,
0x067498,0x0674B6,FUN_067498,derived,
0x0674B6,0x0674D8,FUN_0674b6,derived,
0x0674D8,0x067548,FUN_0674d8,derived,
0x067548,0x067588,FUN_067548,derived,
0x067588,0x067646,FUN_067588,derived,
0x067646,0x067654,FUN_067646,derived,
0x067654,0x06765A,FUN_067654,derived,
0x06765A,0x067660,FUN_06765a,derived,
0x067660,0x067666,FUN_067660,derived,
0x067666,0x06766C,FUN_067666,derived,
0x06766C,0x067672,FUN_06766c,derived,
0x067672,0x06769C,FUN_067672,derived,
0x06769C,0x06772E,udsHandler,ghidra-hand-xmap,
0x06772E,0x0677CC,udsResponseRelated2,ghidra-hand-xmap,
0x0677CC,0x0677E8,FUN_0677cc,derived,
0x0677E8,0x0677FC,FUN_0677e8,derived,
0x0677FC,0x067810,FUN_0677fc,derived,
0x067810,0x067824,FUN_067810,derived,
0x067824,0x067838,FUN_067824,derived,
0x067838,0x06784C,FUN_067838,derived,
0x06784C,0x067858,FUN_06784c,derived,
0x067858,0x067864,FUN_067858,derived,
0x067864,0x067870,FUN_067864,derived,
0x067870,0x067884,FUN_067870,derived,
0x067884,0x067898,FUN_067884,derived,
0x067898,0x0678A4,FUN_067898,derived,
0x0678A4,0x0678B4,FUN_0678a4,derived,
0x0678B4,0x0678CC,FUN_0678b4,derived,
0x0678CC,0x0678D0,FUN_0678cc,derived,
0x0678D0,0x0678EC,FUN_0678d0,derived,
0x0678EC,0x0678F4,FUN_0678ec,derived,
0x0678F4,0x067908,FUN_0678f4,derived,
0x067908,0x06791C,FUN_067908,derived,
0x06791C,0x067930,FUN_06791c,derived,
0x067930,0x067944,FUN_067930,derived,
0x067944,0x067958,FUN_067944,derived,
0x067958,0x067974,FUN_067958,derived,
0x067974,0x067990,FUN_067974,derived,
0x067990,0x0679AC,FUN_067990,derived,
0x0679AC,0x0679C8,FUN_0679ac,derived,
0x0679C8,0x0679DC,FUN_0679c8,derived,
0x0679DC,0x0679F0,FUN_0679dc,derived,
0x0679F0,0x067A04,FUN_0679f0,derived,
0x067A04,0x067A18,FUN_067a04,derived,
0x067A18,0x067A2C,FUN_067a18,derived,
0x067A2C,0x067A40,FUN_067a2c,derived,
0x067A40,0x067A54,FUN_067a40,derived,
0x067A54,0x067A68,FUN_067a54,derived,
0x067A68,0x067A7C,FUN_067a68,derived,
0x067A7C,0x067A88,FUN_067a7c,derived,
0x067A88,0x067A90,FUN_067a88,derived,
0x067A90,0x067AA4,FUN_067a90,derived,
0x067AA4,0x067AB8,FUN_067aa4,derived,
0x067AB8,0x067ACC,FUN_067ab8,derived,
0x067ACC,0x067AE0,FUN_067acc,derived,
0x067AE0,0x067AF4,FUN_067ae0,derived,
0x067AF4,0x067B08,FUN_067af4,derived,
0x067B08,0x067B1C,FUN_067b08,derived,
0x067B1C,0x067B30,FUN_067b1c,derived,
0x067B30,0x067B44,FUN_067b30,derived,
0x067B44,0x067B58,FUN_067b44,derived,
0x067B58,0x067B6C,FUN_067b58,derived,
0x067B6C,0x067B80,FUN_067b6c,derived,
0x067B80,0x067B94,FUN_067b80,derived,
0x067B94,0x067BA8,FUN_067b94,derived,
0x067BA8,0x067BBC,FUN_067ba8,derived,
0x067BBC,0x067BD0,FUN_067bbc,derived,
0x067BD0,0x067BE4,FUN_067bd0,derived,
0x067BE4,0x067C00,FUN_067be4,derived,
0x067C00,0x067C14,FUN_067c00,derived,
0x067C14,0x067C28,FUN_067c14,derived,
0x067C28,0x067C3C,FUN_067c28,derived,
0x067C3C,0x067C50,FUN_067c3c,derived,
0x067C50,0x067C64,FUN_067c50,derived,
0x067C64,0x067C78,FUN_067c64,derived,
0x067C78,0x067C8C,FUN_067c78,derived,
0x067C8C,0x067CA0,FUN_067c8c,derived,
0x067CA0,0x067CB4,FUN_067ca0,derived,
0x067CB4,0x067CC8,FUN_067cb4,derived,
0x067CC8,0x067CDC,FUN_067cc8,derived,
0x067CDC,0x067CF0,FUN_067cdc,derived,
0x067CF0,0x067D04,FUN_067cf0,derived,
0x067D04,0x067D20,FUN_067d04,derived,
0x067D20,0x067D3C,FUN_067d20,derived,
0x067D3C,0x067D58,FUN_067d3c,derived,
0x067D58,0x067D74,FUN_067d58,derived,
0x067D74,0x067D90,FUN_067d74,derived,
0x067D90,0x067DA4,FUN_067d90,derived,
0x067DA4,0x067DB8,FUN_067da4,derived,
0x067DB8,0x067DCC,FUN_067db8,derived,
0x067DCC,0x067DE0,FUN_067dcc,derived,
0x067DE0,0x067DF4,FUN_067de0,derived,
0x067DF4,0x067E08,FUN_067df4,derived,
0x067E08,0x067E1C,FUN_067e08,derived,
0x067E1C,0x067E30,FUN_067e1c,derived,
0x067E30,0x067E44,FUN_067e30,derived,
0x067E44,0x067E58,FUN_067e44,derived,
0x067E58,0x067E6C,FUN_067e58,derived,
0x067E6C,0x067E88,FUN_067e6c,derived,
0x067E88,0x067EA4,FUN_067e88,derived,
0x067EA4,0x067EC0,FUN_067ea4,derived,
0x067EC0,0x067EDC,FUN_067ec0,derived,
0x067EDC,0x067EF0,FUN_067edc,derived,
0x067EF0,0x067EFC,FUN_067ef0,derived,
0x067EFC,0x067F10,FUN_067efc,derived,
0x067F10,0x067F1C,FUN_067f10,derived,
0x067F1C,0x067F28,FUN_067f1c,derived,
0x067F28,0x067F34,FUN_067f28,derived,
0x067F34,0x067F40,FUN_067f34,derived,
0x067F40,0x067F4C,FUN_067f40,derived,
0x067F4C,0x067F58,FUN_067f4c,derived,
0x067F58,0x067F64,FUN_067f58,derived,
0x067F64,0x067F70,FUN_067f64,derived,
0x067F70,0x067F7C,FUN_067f70,derived,
0x067F7C,0x067F88,FUN_067f7c,derived,
0x067F88,0x067F90,FUN_067f88,derived,
0x067F90,0x067F9C,FUN_067f90,derived,
0x067F9C,0x067FB0,FUN_067f9c,derived,
0x067FB0,0x067FC4,FUN_067fb0,derived,
0x067FC4,0x067FD8,FUN_067fc4,derived,
0x067FD8,0x067FEC,FUN_067fd8,derived,
0x067FEC,0x068000,FUN_067fec,derived,
0x068000,0x068014,FUN_068000,derived,
0x068014,0x068028,FUN_068014,derived,
0x068028,0x06803C,FUN_068028,derived,
0x06803C,0x068048,FUN_06803c,derived,
0x068048,0x068054,FUN_068048,derived,
0x068054,0x068068,FUN_068054,derived,
0x068068,0x068074,FUN_068068,derived,
0x068074,0x068084,FUN_068074,derived,
0x068084,0x068088,FUN_068084,derived,
0x068088,0x068094,FUN_068088,derived,
0x068094,0x0680A0,FUN_068094,derived,
0x0680A0,0x0680AC,FUN_0680a0,derived,
0x0680AC,0x0680B8,FUN_0680ac,derived,
0x0680B8,0x0680BC,FUN_0680b8,derived,
0x0680BC,0x0680C4,FUN_0680bc,derived,
0x0680C4,0x0680D0,FUN_0680c4,derived,
0x0680D0,0x0680D8,FUN_0680d0,derived,
0x0680D8,0x0680DC,FUN_0680d8,derived,
0x0680DC,0x0680F4,FUN_0680dc,derived,
0x0680F4,0x0680F8,FUN_0680f4,derived,
0x0680F8,0x068110,FUN_0680f8,derived,
0x068110,0x068114,FUN_068110,derived,
0x068114,0x068130,FUN_068114,derived,
0x068130,0x06814C,FUN_068130,derived,
0x06814C,0x068168,FUN_06814c,derived,
0x068168,0x068184,FUN_068168,derived,
0x068184,0x0681A0,FUN_068184,derived,
0x0681A0,0x0681BC,FUN_0681a0,derived,
0x0681BC,0x0681D8,FUN_0681bc,derived,
0x0681D8,0x0681F4,FUN_0681d8,derived,
0x0681F4,0x068210,FUN_0681f4,derived,
0x068210,0x068224,FUN_068210,derived,
0x068224,0x068238,FUN_068224,derived,
0x068238,0x06824C,FUN_068238,derived,
0x06824C,0x068260,FUN_06824c,derived,
0x068260,0x068274,FUN_068260,derived,
0x068274,0x068288,FUN_068274,derived,
0x068288,0x06829C,FUN_068288,derived,
0x06829C,0x0682B0,FUN_06829c,derived,
0x0682B0,0x0682C4,FUN_0682b0,derived,
0x0682C4,0x0682D8,FUN_0682c4,derived,
0x0682D8,0x0682E4,FUN_0682d8,derived,
0x0682E4,0x0682F8,FUN_0682e4,derived,
0x0682F8,0x06830C,FUN_0682f8,derived,
0x06830C,0x068320,FUN_06830c,derived,
0x068320,0x068334,FUN_068320,derived,
0x068334,0x068340,FUN_068334,derived,
0x068340,0x06834C,FUN_068340,derived,
0x06834C,0x068358,FUN_06834c,derived,
0x068358,0x06836C,FUN_068358,derived,
0x06836C,0x068378,FUN_06836c,derived,
0x068378,0x06838C,FUN_068378,derived,
0x06838C,0x0683A0,FUN_06838c,derived,
0x0683A0,0x0683AC,FUN_0683a0,derived,
0x0683AC,0x0683B8,FUN_0683ac,derived,
0x0683B8,0x0683C4,FUN_0683b8,derived,
0x0683C4,0x0683D8,FUN_0683c4,derived,
0x0683D8,0x0683EC,FUN_0683d8,derived,
0x0683EC,0x068400,FUN_0683ec,derived,
0x068400,0x068414,FUN_068400,derived,
0x068414,0x068428,FUN_068414,derived,
0x068428,0x06843C,FUN_068428,derived,
0x06843C,0x068450,FUN_06843c,derived,
0x068450,0x068464,FUN_068450,derived,
0x068464,0x068478,FUN_068464,derived,
0x068478,0x06848C,FUN_068478,derived,
0x06848C,0x0684A0,FUN_06848c,derived,
0x0684A0,0x0684B4,FUN_0684a0,derived,
0x0684B4,0x0684C8,FUN_0684b4,derived,
0x0684C8,0x0684DC,FUN_0684c8,derived,
0x0684DC,0x0684F0,FUN_0684dc,derived,
0x0684F0,0x068504,FUN_0684f0,derived,
0x068504,0x068518,FUN_068504,derived,
0x068518,0x06852C,FUN_068518,derived,
0x06852C,0x068538,FUN_06852c,derived,
0x068538,0x068544,FUN_068538,derived,
0x068544,0x068550,FUN_068544,derived,
0x068550,0x06855C,FUN_068550,derived,
0x06855C,0x068568,FUN_06855c,derived,
0x068568,0x068574,FUN_068568,derived,
0x068574,0x068580,FUN_068574,derived,
0x068580,0x06858C,FUN_068580,derived,
0x06858C,0x068598,FUN_06858c,derived,
0x068598,0x0685B4,FUN_068598,derived,
0x0685B4,0x0685D0,FUN_0685b4,derived,
0x0685D0,0x0685EC,FUN_0685d0,derived,
0x0685EC,0x068608,FUN_0685ec,derived,
0x068608,0x068624,FUN_068608,derived,
0x068624,0x068640,FUN_068624,derived,
0x068640,0x06865C,FUN_068640,derived,
0x06865C,0x068678,FUN_06865c,derived,
0x068678,0x068684,FUN_068678,derived,
0x068684,0x068698,FUN_068684,derived,
0x068698,0x0686AC,FUN_068698,derived,
0x0686AC,0x0686C0,FUN_0686ac,derived,
0x0686C0,0x0686D4,FUN_0686c0,derived,
0x0686D4,0x0686E8,FUN_0686d4,derived,
0x0686E8,0x068724,FUN_0686e8,derived,
0x068724,0x068738,FUN_068724,derived,
0x068738,0x06874C,FUN_068738,derived,
0x06874C,0x068760,FUN_06874c,derived,
0x068760,0x068774,FUN_068760,derived,
0x068774,0x068788,FUN_068774,derived,
0x068788,0x06878E,FUN_068788,derived,
0x06878E,0x06879C,FUN_06878e,derived,
0x06879C,0x0687B0,FUN_06879c,derived,
0x0687B0,0x0687CC,FUN_0687b0,derived,
0x0687CC,0x0687DA,FUN_0687cc,derived,
0x0687DA,0x0687E8,FUN_0687da,derived,
0x0687E8,0x0687FC,FUN_0687e8,derived,
0x0687FC,0x06880A,FUN_0687fc,derived,
0x06880A,0x068810,FUN_06880a,derived,
0x068810,0x06882C,FUN_068810,derived,
0x06882C,0x068848,FUN_06882c,derived,
0x068848,0x06884E,FUN_068848,derived,
0x06884E,0x068864,FUN_06884e,derived,
0x068864,0x068878,FUN_068864,derived,
0x068878,0x06888C,FUN_068878,derived,
0x06888C,0x0688A0,FUN_06888c,derived,
0x0688A0,0x0688A2,FUN_0688a0,derived,
0x0688A2,0x0688B4,FUN_0688a2,derived,
0x0688B4,0x0688C8,FUN_0688b4,derived,
0x0688C8,0x0688DC,FUN_0688c8,derived,
0x0688DC,0x0688E8,FUN_0688dc,derived,
0x0688E8,0x0688FC,FUN_0688e8,derived,
0x0688FC,0x068918,FUN_0688fc,derived,
0x068918,0x06892C,FUN_068918,derived,
0x06892C,0x068940,FUN_06892c,derived,
0x068940,0x06894E,FUN_068940,derived,
0x06894E,0x068954,FUN_06894e,derived,
0x068954,0x068970,FUN_068954,derived,
0x068970,0x06898C,FUN_068970,derived,
0x06898C,0x068992,FUN_06898c,derived,
0x068992,0x0689A0,FUN_068992,derived,
0x0689A0,0x0689B4,FUN_0689a0,derived,
0x0689B4,0x0689C8,FUN_0689b4,derived,
0x0689C8,0x0689DC,FUN_0689c8,derived,
0x0689DC,0x0689E6,FUN_0689dc,derived,
0x0689E6,0x0689F0,FUN_0689e6,derived,
0x0689F0,0x068A04,FUN_0689f0,derived,
0x068A04,0x068A20,FUN_068a04,derived,
0x068A20,0x068A3C,FUN_068a20,derived,
0x068A3C,0x068A4E,FUN_068a3c,derived,
0x068A4E,0x068A58,FUN_068a4e,derived,
0x068A58,0x068A74,FUN_068a58,derived,
0x068A74,0x068A88,FUN_068a74,derived,
0x068A88,0x068A9C,FUN_068a88,derived,
0x068A9C,0x068AB0,FUN_068a9c,derived,
0x068AB0,0x068AC4,FUN_068ab0,derived,
0x068AC4,0x068ACC,FUN_068ac4,derived,
0x068ACC,0x068AD0,FUN_068acc,derived,
0x068AD0,0x068AD2,FUN_068ad0,derived,
0x068AD2,0x068AE0,FUN_068ad2,derived,
0x068AE0,0x068AE4,FUN_068ae0,derived,
0x068AE4,0x068AF4,FUN_068ae4,derived,
0x068AF4,0x068AF8,FUN_068af4,derived,
0x068AF8,0x068B08,FUN_068af8,derived,
0x068B08,0x068B0C,FUN_068b08,derived,
0x068B0C,0x068B16,FUN_068b0c,derived,
0x068B16,0x068B1C,FUN_068b16,derived,
0x068B1C,0x068B20,FUN_068b1c,derived,
0x068B20,0x068B34,FUN_068b20,derived,
0x068B34,0x068B48,FUN_068b34,derived,
0x068B48,0x068B5C,FUN_068b48,derived,
0x068B5C,0x068B68,FUN_068b5c,derived,
0x068B68,0x068B70,FUN_068b68,derived,
0x068B70,0x068B84,FUN_068b70,derived,
0x068B84,0x068B8C,FUN_068b84,derived,
0x068B8C,0x068BA0,FUN_068b8c,derived,
0x068BA0,0x068BB6,FUN_068ba0,derived,
0x068BB6,0x068BBC,FUN_068bb6,derived,
0x068BBC,0x068BD8,FUN_068bbc,derived,
0x068BD8,0x068BEC,FUN_068bd8,derived,
0x068BEC,0x068BF8,FUN_068bec,derived,
0x068BF8,0x068C02,FUN_068bf8,derived,
0x068C02,0x068C04,FUN_068c02,derived,
0x068C04,0x068C10,FUN_068c04,derived,
0x068C10,0x068C24,FUN_068c10,derived,
0x068C24,0x068C38,FUN_068c24,derived,
0x068C38,0x068C3A,FUN_068c38,derived,
0x068C3A,0x068C4C,FUN_068c3a,derived,
0x068C4C,0x068C68,FUN_068c4c,derived,
0x068C68,0x068C84,FUN_068c68,derived,
0x068C84,0x068C86,FUN_068c84,derived,
0x068C86,0x068CA0,FUN_068c86,derived,
0x068CA0,0x068CB4,FUN_068ca0,derived,
0x068CB4,0x068CBE,FUN_068cb4,derived,
0x068CBE,0x068CC8,FUN_068cbe,derived,
0x068CC8,0x068CDC,FUN_068cc8,derived,
0x068CDC,0x068CF8,FUN_068cdc,derived,
0x068CF8,0x068D0A,FUN_068cf8,derived,
0x068D0A,0x068D14,FUN_068d0a,derived,
0x068D14,0x068D30,FUN_068d14,derived,
0x068D30,0x068D42,FUN_068d30,derived,
0x068D42,0x068D4C,FUN_068d42,derived,
0x068D4C,0x068D68,FUN_068d4c,derived,
0x068D68,0x068D7C,FUN_068d68,derived,
0x068D7C,0x068D8E,FUN_068d7c,derived,
0x068D8E,0x068D90,FUN_068d8e,derived,
0x068D90,0x068DA4,FUN_068d90,derived,
0x068DA4,0x068DB8,FUN_068da4,derived,
0x068DB8,0x068DC6,FUN_068db8,derived,
0x068DC6,0x068DCC,FUN_068dc6,derived,
0x068DCC,0x068DE0,FUN_068dcc,derived,
0x068DE0,0x068DF4,FUN_068de0,derived,
0x068DF4,0x068E08,FUN_068df4,derived,
0x068E08,0x068E12,FUN_068e08,derived,
0x068E12,0x068E1C,FUN_068e12,derived,
0x068E1C,0x068E30,FUN_068e1c,derived,
0x068E30,0x068E44,FUN_068e30,derived,
0x068E44,0x068E4A,FUN_068e44,derived,
0x068E4A,0x068E50,FUN_068e4a,derived,
0x068E50,0x068E64,FUN_068e50,derived,
0x068E64,0x068E78,FUN_068e64,derived,
0x068E78,0x068E8C,FUN_068e78,derived,
0x068E8C,0x068E96,FUN_068e8c,derived,
0x068E96,0x068EA8,FUN_068e96,derived,
0x068EA8,0x068EB4,FUN_068ea8,derived,
0x068EB4,0x068EC4,FUN_068eb4,derived,
0x068EC4,0x068ECE,FUN_068ec4,derived,
0x068ECE,0x068EE0,FUN_068ece,derived,
0x068EE0,0x068EF4,FUN_068ee0,derived,
0x068EF4,0x068F08,FUN_068ef4,derived,
0x068F08,0x068F1A,FUN_068f08,derived,
0x068F1A,0x068F24,FUN_068f1a,derived,
0x068F24,0x068F40,FUN_068f24,derived,
0x068F40,0x068F52,FUN_068f40,derived,
0x068F52,0x068F5C,FUN_068f52,derived,
0x068F5C,0x068F70,FUN_068f5c,derived,
0x068F70,0x068F84,FUN_068f70,derived,
0x068F84,0x068F94,FUN_068f84,derived,
0x068F94,0x068F98,FUN_068f94,derived,
0x068F98,0x068F9E,FUN_068f98,derived,
0x068F9E,0x068FAC,FUN_068f9e,derived,
0x068FAC,0x068FB0,FUN_068fac,derived,
0x068FB0,0x068FB8,FUN_068fb0,derived,
0x068FB8,0x068FCC,FUN_068fb8,derived,
0x068FCC,0x068FD6,FUN_068fcc,derived,
0x068FD6,0x068FE0,FUN_068fd6,derived,
0x068FE0,0x068FE8,FUN_068fe0,derived,
0x068FE8,0x068FF4,FUN_068fe8,derived,
0x068FF4,0x069004,FUN_068ff4,derived,
0x069004,0x069008,FUN_069004,derived,
0x069008,0x069014,FUN_069008,derived,
0x069014,0x069020,FUN_069014,derived,
0x069020,0x069022,FUN_069020,derived,
0x069022,0x06902C,FUN_069022,derived,
0x06902C,0x069038,FUN_06902c,derived,
0x069038,0x06903C,FUN_069038,derived,
0x06903C,0x06904C,FUN_06903c,derived,
0x06904C,0x069052,FUN_06904c,derived,
0x069052,0x069060,FUN_069052,derived,
0x069060,0x069074,FUN_069060,derived,
0x069074,0x069088,FUN_069074,derived,
0x069088,0x06909C,FUN_069088,derived,
0x06909C,0x06909E,FUN_06909c,derived,
0x06909E,0x0690AC,FUN_06909e,derived,
0x0690AC,0x0690B8,FUN_0690ac,derived,
0x0690B8,0x0690C0,FUN_0690b8,derived,
0x0690C0,0x0690CC,FUN_0690c0,derived,
0x0690CC,0x0690CE,FUN_0690cc,derived,
0x0690CE,0x0690E0,FUN_0690ce,derived,
0x0690E0,0x0690F4,FUN_0690e0,derived,
0x0690F4,0x069108,FUN_0690f4,derived,
0x069108,0x06911C,FUN_069108,derived,
0x06911C,0x069130,FUN_06911c,derived,
0x069130,0x069144,FUN_069130,derived,
0x069144,0x06914C,FUN_069144,derived,
0x06914C,0x069152,FUN_06914c,derived,
0x069152,0x069158,FUN_069152,derived,
0x069158,0x069160,FUN_069158,derived,
0x069160,0x06916C,FUN_069160,derived,
0x06916C,0x069180,FUN_06916c,derived,
0x069180,0x069194,FUN_069180,derived,
0x069194,0x0691A8,FUN_069194,derived,
0x0691A8,0x0691B2,FUN_0691a8,derived,
0x0691B2,0x0691B4,FUN_0691b2,derived,
0x0691B4,0x0691C8,FUN_0691b4,derived,
0x0691C8,0x0691DC,FUN_0691c8,derived,
0x0691DC,0x0691E8,FUN_0691dc,derived,
0x0691E8,0x0691F4,FUN_0691e8,derived,
0x0691F4,0x0691FE,FUN_0691f4,derived,
0x0691FE,0x069200,FUN_0691fe,derived,
0x069200,0x06920C,FUN_069200,derived,
0x06920C,0x069220,FUN_06920c,derived,
0x069220,0x069226,FUN_069220,derived,
0x069226,0x06922C,FUN_069226,derived,
0x06922C,0x069238,FUN_06922c,derived,
0x069238,0x069244,FUN_069238,derived,
0x069244,0x069250,FUN_069244,derived,
0x069250,0x069264,FUN_069250,derived,
0x069264,0x069278,FUN_069264,derived,
0x069278,0x06928C,FUN_069278,derived,
0x06928C,0x0692A0,FUN_06928c,derived,
0x0692A0,0x0692AA,FUN_0692a0,derived,
0x0692AA,0x0692BC,FUN_0692aa,derived,
0x0692BC,0x0692D8,FUN_0692bc,derived,
0x0692D8,0x0692F4,FUN_0692d8,derived,
0x0692F4,0x0692FA,FUN_0692f4,derived,
0x0692FA,0x069308,FUN_0692fa,derived,
0x069308,0x06931C,FUN_069308,derived,
0x06931C,0x069338,FUN_06931c,derived,
0x069338,0x069346,FUN_069338,derived,
0x069346,0x069354,FUN_069346,derived,
0x069354,0x069368,FUN_069354,derived,
0x069368,0x06937C,FUN_069368,derived,
0x06937C,0x06937E,FUN_06937c,derived,
0x06937E,0x069390,FUN_06937e,derived,
0x069390,0x0693A4,FUN_069390,derived,
0x0693A4,0x0693B8,FUN_0693a4,derived,
0x0693B8,0x0693C8,FUN_0693b8,derived,
0x0693C8,0x0693CA,FUN_0693c8,derived,
0x0693CA,0x0693CC,FUN_0693ca,derived,
0x0693CC,0x0693DC,FUN_0693cc,derived,
0x0693DC,0x0693E0,FUN_0693dc,derived,
0x0693E0,0x0693F4,FUN_0693e0,derived,
0x0693F4,0x069402,FUN_0693f4,derived,
0x069402,0x069408,FUN_069402,derived,
0x069408,0x06941C,FUN_069408,derived,
0x06941C,0x069430,FUN_06941c,derived,
0x069430,0x069444,FUN_069430,derived,
0x069444,0x06944E,FUN_069444,derived,
0x06944E,0x069458,FUN_06944e,derived,
0x069458,0x06946C,FUN_069458,derived,
0x06946C,0x06947E,FUN_06946c,derived,
0x06947E,0x069488,FUN_06947e,derived,
0x069488,0x0694A4,FUN_069488,derived,
0x0694A4,0x0694C0,FUN_0694a4,derived,
0x0694C0,0x0694CA,FUN_0694c0,derived,
0x0694CA,0x0694D4,FUN_0694ca,derived,
0x0694D4,0x0694E8,FUN_0694d4,derived,
0x0694E8,0x0694FA,FUN_0694e8,derived,
0x0694FA,0x0694FC,FUN_0694fa,derived,
0x0694FC,0x069510,FUN_0694fc,derived,
0x069510,0x069524,FUN_069510,derived,
0x069524,0x069538,FUN_069524,derived,
0x069538,0x069554,FUN_069538,derived,
0x069554,0x069570,FUN_069554,derived,
0x069570,0x06957E,FUN_069570,derived,
0x06957E,0x06958C,FUN_06957e,derived,
0x06958C,0x0695A8,FUN_06958c,derived,
0x0695A8,0x0695C4,FUN_0695a8,derived,
0x0695C4,0x0695D8,FUN_0695c4,derived,
0x0695D8,0x0695EC,FUN_0695d8,derived,
0x0695EC,0x069600,FUN_0695ec,derived,
0x069600,0x069614,FUN_069600,derived,
0x069614,0x069628,FUN_069614,derived,
0x069628,0x06963C,FUN_069628,derived,
0x06963C,0x069648,FUN_06963c,derived,
0x069648,0x069654,FUN_069648,derived,
0x069654,0x069660,FUN_069654,derived,
0x069660,0x06966C,FUN_069660,derived,
0x06966C,0x069688,FUN_06966c,derived,
0x069688,0x06968E,FUN_069688,derived,
0x06968E,0x0696A4,FUN_06968e,derived,
0x0696A4,0x0696B8,FUN_0696a4,derived,
0x0696B8,0x0696CC,FUN_0696b8,derived,
0x0696CC,0x0696E0,FUN_0696cc,derived,
0x0696E0,0x0696E2,FUN_0696e0,derived,
0x0696E2,0x0696F4,FUN_0696e2,derived,
0x0696F4,0x069708,FUN_0696f4,derived,
0x069708,0x06971C,FUN_069708,derived,
0x06971C,0x069728,FUN_06971c,derived,
0x069728,0x069734,FUN_069728,derived,
0x069734,0x069740,FUN_069734,derived,
0x069740,0x06974A,FUN_069740,derived,
0x06974A,0x06974C,FUN_06974a,derived,
0x06974C,0x069758,FUN_06974c,derived,
0x069758,0x06976C,FUN_069758,derived,
0x06976C,0x069780,FUN_06976c,derived,
0x069780,0x069794,FUN_069780,derived,
0x069794,0x069796,FUN_069794,derived,
0x069796,0x0697A8,FUN_069796,derived,
0x0697A8,0x0697B6,FUN_0697a8,derived,
0x0697B6,0x0697BC,FUN_0697b6,derived,
0x0697BC,0x0697D0,FUN_0697bc,derived,
0x0697D0,0x0697E4,FUN_0697d0,derived,
0x0697E4,0x0697F8,FUN_0697e4,derived,
0x0697F8,0x0697FA,FUN_0697f8,derived,
0x0697FA,0x06980C,FUN_0697fa,derived,
0x06980C,0x069820,FUN_06980c,derived,
0x069820,0x06982A,FUN_069820,derived,
0x06982A,0x069834,FUN_06982a,derived,
0x069834,0x069840,FUN_069834,derived,
0x069840,0x06984C,FUN_069840,derived,
0x06984C,0x069860,FUN_06984c,derived,
0x069860,0x06986E,FUN_069860,derived,
0x06986E,0x069874,FUN_06986e,derived,
0x069874,0x069888,FUN_069874,derived,
0x069888,0x06989C,FUN_069888,derived,
0x06989C,0x0698B0,FUN_06989c,derived,
0x0698B0,0x0698BC,FUN_0698b0,derived,
0x0698BC,0x0698C8,FUN_0698bc,derived,
0x0698C8,0x0698D4,FUN_0698c8,derived,
0x0698D4,0x0698D6,FUN_0698d4,derived,
0x0698D6,0x0698E8,FUN_0698d6,derived,
0x0698E8,0x0698F4,FUN_0698e8,derived,
0x0698F4,0x069908,FUN_0698f4,derived,
0x069908,0x06991C,FUN_069908,derived,
0x06991C,0x069922,FUN_06991c,derived,
0x069922,0x069930,FUN_069922,derived,
0x069930,0x069944,FUN_069930,derived,
0x069944,0x069950,FUN_069944,derived,
0x069950,0x06995C,FUN_069950,derived,
0x06995C,0x069968,FUN_06995c,derived,
0x069968,0x06997C,FUN_069968,derived,
0x06997C,0x069990,FUN_06997c,derived,
0x069990,0x0699AC,FUN_069990,derived,
0x0699AC,0x0699B8,FUN_0699ac,derived,
0x0699B8,0x0699CC,FUN_0699b8,derived,
0x0699CC,0x0699E0,FUN_0699cc,derived,
0x0699E0,0x0699F4,FUN_0699e0,derived,
0x0699F4,0x069A08,FUN_0699f4,derived,
0x069A08,0x069A1C,FUN_069a08,derived,
0x069A1C,0x069A38,FUN_069a1c,derived,
0x069A38,0x069A54,FUN_069a38,derived,
0x069A54,0x069A68,FUN_069a54,derived,
0x069A68,0x069A74,FUN_069a68,derived,
0x069A74,0x069A80,FUN_069a74,derived,
0x069A80,0x069A94,FUN_069a80,derived,
0x069A94,0x069AA8,FUN_069a94,derived,
0x069AA8,0x069ABC,FUN_069aa8,derived,
0x069ABC,0x069AD0,FUN_069abc,derived,
0x069AD0,0x069AE4,FUN_069ad0,derived,
0x069AE4,0x069AF8,FUN_069ae4,derived,
0x069AF8,0x069B0C,FUN_069af8,derived,
0x069B0C,0x069B20,FUN_069b0c,derived,
0x069B20,0x069B34,FUN_069b20,derived,
0x069B34,0x069B40,FUN_069b34,derived,
0x069B40,0x069B48,FUN_069b40,derived,
0x069B48,0x069B64,FUN_069b48,derived,
0x069B64,0x069B78,FUN_069b64,derived,
0x069B78,0x069B8C,FUN_069b78,derived,
0x069B8C,0x069BA0,FUN_069b8c,derived,
0x069BA0,0x069BB4,FUN_069ba0,derived,
0x069BB4,0x069BC8,FUN_069bb4,derived,
0x069BC8,0x069BDC,FUN_069bc8,derived,
0x069BDC,0x069BF0,FUN_069bdc,derived,
0x069BF0,0x069C0C,FUN_069bf0,derived,
0x069C0C,0x069C28,FUN_069c0c,derived,
0x069C28,0x069C44,FUN_069c28,derived,
0x069C44,0x069C60,FUN_069c44,derived,
0x069C60,0x069C7C,FUN_069c60,derived,
0x069C7C,0x069C98,FUN_069c7c,derived,
0x069C98,0x069CB4,FUN_069c98,derived,
0x069CB4,0x069CD0,FUN_069cb4,derived,
0x069CD0,0x069CDC,FUN_069cd0,derived,
0x069CDC,0x069CE8,FUN_069cdc,derived,
0x069CE8,0x069CFC,FUN_069ce8,derived,
0x069CFC,0x069D18,FUN_069cfc,derived,
0x069D18,0x069D20,FUN_069d18,derived,
0x069D20,0x069D34,FUN_069d20,derived,
0x069D34,0x069D48,FUN_069d34,derived,
0x069D48,0x069D5C,FUN_069d48,derived,
0x069D5C,0x069D68,FUN_069d5c,derived,
0x069D68,0x069D74,FUN_069d68,derived,
0x069D74,0x069D88,FUN_069d74,derived,
0x069D88,0x069D94,FUN_069d88,derived,
0x069D94,0x069DA0,FUN_069d94,derived,
0x069DA0,0x069DAC,FUN_069da0,derived,
0x069DAC,0x069DC0,FUN_069dac,derived,
0x069DC0,0x069DCE,FUN_069dc0,derived,
0x069DCE,0x069DD4,FUN_069dce,derived,
0x069DD4,0x069DE8,FUN_069dd4,derived,
0x069DE8,0x069DF4,FUN_069de8,derived,
0x069DF4,0x069E00,FUN_069df4,derived,
0x069E00,0x069E0C,FUN_069e00,derived,
0x069E0C,0x069E18,FUN_069e0c,derived,
0x069E18,0x069E22,FUN_069e18,derived,
0x069E22,0x069E24,FUN_069e22,derived,
0x069E24,0x069E38,FUN_069e24,derived,
0x069E38,0x069E4A,FUN_069e38,derived,
0x069E4A,0x069E4C,FUN_069e4a,derived,
0x069E4C,0x069E58,FUN_069e4c,derived,
0x069E58,0x069E64,FUN_069e58,derived,
0x069E64,0x069E78,FUN_069e64,derived,
0x069E78,0x069E8C,FUN_069e78,derived,
0x069E8C,0x069E9E,FUN_069e8c,derived,
0x069E9E,0x069EA0,FUN_069e9e,derived,
0x069EA0,0x069EB4,FUN_069ea0,derived,
0x069EB4,0x069EC6,FUN_069eb4,derived,
0x069EC6,0x069ED0,FUN_069ec6,derived,
0x069ED0,0x069EEC,FUN_069ed0,derived,
0x069EEC,0x069F00,FUN_069eec,derived,
0x069F00,0x069F14,FUN_069f00,derived,
0x069F14,0x069F1A,FUN_069f14,derived,
0x069F1A,0x069F30,FUN_069f1a,derived,
0x069F30,0x069F42,FUN_069f30,derived,
0x069F42,0x069F96,FUN_069f42,derived,
0x069F96,0x069FC6,FUN_069f96,derived,
0x069FC6,0x06A012,FUN_069fc6,derived,
0x06A012,0x06A0FA,FUN_06a012,derived,
0x06A0FA,0x06A146,FUN_06a0fa,derived,
0x06A146,0x06A1DE,FUN_06a146,derived,
0x06A1DE,0x06A20A,FUN_06a1de,derived,
0x06A20A,0x06A23A,FUN_06a20a,derived,
0x06A23A,0x06A266,FUN_06a23a,derived,
0x06A266,0x06A2A6,FUN_06a266,derived,
0x06A2A6,0x06A2E2,FUN_06a2a6,derived,
0x06A2E2,0x06A302,FUN_06a2e2,derived,
0x06A302,0x06A356,FUN_06a302,derived,
0x06A356,0x06A396,FUN_06a356,derived,
0x06A396,0x06A3BA,FUN_06a396,derived,
0x06A3BA,0x06A3CA,FUN_06a3ba,derived,
0x06A3CA,0x06A3EE,FUN_06a3ca,derived,
0x06A3EE,0x06A3FE,FUN_06a3ee,derived,
0x06A3FE,0x06A44A,FUN_06a3fe,derived,
0x06A44A,0x06A472,FUN_06a44a,derived,
0x06A472,0x06A4B6,FUN_06a472,derived,
0x06A4B6,0x06A4E6,FUN_06a4b6,derived,
0x06A4E6,0x06A52A,FUN_06a4e6,derived,
0x06A52A,0x06A55A,FUN_06a52a,derived,
0x06A55A,0x06A57E,FUN_06a55a,derived,
0x06A57E,0x06A59E,FUN_06a57e,derived,
0x06A59E,0x06A5EA,FUN_06a59e,derived,
0x06A5EA,0x06A61E,FUN_06a5ea,derived,
0x06A61E,0x06A6A2,FUN_06a61e,derived,
0x06A6A2,0x06A6EE,FUN_06a6a2,derived,
0x06A6EE,0x06A722,FUN_06a6ee,derived,
0x06A722,0x06A80E,FUN_06a722,derived,
0x06A80E,0x06A88A,FUN_06a80e,derived,
0x06A88A,0x06A8BA,FUN_06a88a,derived,
0x06A8BA,0x06A906,FUN_06a8ba,derived,
0x06A906,0x06A92E,FUN_06a906,derived,
0x06A92E,0x06A960,FUN_06a92e,derived,
0x06A960,0x06A974,FUN_06a960,derived,
0x06A974,0x06A9F2,FUN_06a974,derived,
0x06A9F2,0x06AA46,FUN_06a9f2,derived,
0x06AA46,0x06ACA2,FUN_06aa46,derived,
0x06ACA2,0x06ACEE,FUN_06aca2,derived,
0x06ACEE,0x06AD3A,FUN_06acee,derived,
0x06AD3A,0x06ADBA,FUN_06ad3a,derived,
