addr,end,name,source,flag
0x0000F4,0x000100,FUN_0000f4,derived,
0x000100,0x00011A,FUN_000100,derived,
0x00011A,0x000250,FUN_00011a,derived,
0x000250,0x000338,FUN_000250,derived,
0x000338,0x00044E,FUN_000338,derived,
0x00044E,0x000450,FUN_00044e,derived,
0x000450,0x00047C,FUN_000450,derived,
0x00047C,0x0004E0,FUN_00047c,derived,
0x0004E0,0x000572,main_init,ghidra-hand-xmap,
0x000572,0x0005B0,wdt_init,ghidra-hand-xmap,
0x0005B0,0x000624,checkWatchdogTimer_OVRCOUNT,ghidra-hand-xmap,
0x000624,0x000636,FUN_000624,derived,
0x000636,0x0007C0,FUN_000636,derived,
0x0007C0,0x0007E0,FUN_0007c0,derived,
0x0007E0,0x000806,FUN_0007e0,derived,
0x000806,0x0008CC,FUN_000806,derived,
0x0008CC,0x0008F6,FUN_0008cc,derived,
0x0008F6,0x0009C0,FUN_0008f6,derived,
0x0009C0,0x0009DE,FUN_0009c0,derived,
0x0009DE,0x0009FC,FUN_0009de,derived,
0x0009FC,0x000ACE,FUN_0009fc,derived,
0x000ACE,0x000AE8,FUN_000ace,derived,
0x000AE8,0x001008,FUN_000ae8,derived,
0x001008,0x001094,FUN_001008,derived,
0x001094,0x001572,FUN_001094,derived,
0x001572,0x0015CC,FUN_001572,derived,
0x0015CC,0x001648,FUN_0015cc,derived,
0x001648,0x001678,FUN_001648,derived,
0x001678,0x0016EE,FUN_001678,derived,
0x0016EE,0x001720,FUN_0016ee,derived,
0x001720,0x001DD4,handleException?,ghidra-hand-xmap,
0x001DD4,0x001DFA,FUN_001dd4,derived,
0x001DFA,0x001E1C,FUN_001dfa,derived,
0x001E1C,0x001E3A,FUN_001e1c,derived,
0x001E3A,0x001E58,FUN_001e3a,derived,
0x001E58,0x001F2A,FUN_001e58,derived,
0x001F2A,0x001F52,FUN_001f2a,derived,
0x001F52,0x001F80,FUN_001f52,derived,
0x001F80,0x001FA2,FUN_001f80,derived,
0x001FA2,0x001FBC,FUN_001fa2,derived,
0x001FBC,0x001FFC,FUN_001fbc,derived,
0x001FFC,0x002034,FUN_001ffc,derived,
0x002034,0x002044,FUN_002034,derived,
0x002044,0x002054,invertAndReturn_8bit_ADDR,ghidra-hand-xmap,
0x002054,0x002064,setSR_PARAM,ghidra-hand-xmap,
0x002064,0x002068,FUN_002064,derived,
0x002068,0x0020AC,FUN_002068,derived,
0x0020AC,0x0020C4,FUN_0020ac,derived,
0x0020C4,0x0020DC,FUN_0020c4,derived,
0x0020DC,0x002120,3dLookup,ghidra-hand-xmap,
0x002120,0x00213C,FUN_002120,derived,
0x00213C,0x002158,FUN_00213c,derived,
0x002158,0x002304,LongFunc,ghidra-hand-xmap,
0x002304,0x00231C,FUN_002304,derived,
0x00231C,0x00239C,mul32_saturated,ghidra-hand-xmap,
0x00239C,0x0023B0,FUN_00239c,derived,
0x0023B0,0x0023DC,FUN_0023b0,derived,
0x0023DC,0x0023E4,FUN_0023dc,derived,
0x0023E4,0x0023F4,FUN_0023e4,derived,
0x0023F4,0x002404,FUN_0023f4,derived,
0x002404,0x002420,FUN_002404,derived,
0x002420,0x002430,complement_shift_u8,ghidra-hand-xmap,
0x002430,0x002440,FUN_002430,derived,
0x002440,0x002460,FUN_002440,derived,
0x002460,0x002478,add16bitSaturate_ADD1_ADD2,ghidra-hand-xmap,
0x002478,0x002490,addSaturate8Bit,ghidra-hand-xmap,
0x002490,0x0024C0,FUN_002490,derived,
0x0024C0,0x0024D0,FUN_0024c0,derived,
0x0024D0,0x002500,FUN_0024d0,derived,
0x002500,0x002510,FUN_002500,derived,
0x002510,0x0025C8,FUN_002510,derived,
0x0025C8,0x0025F4,FUN_0025c8,derived,
0x0025F4,0x002624,FUN_0025f4,derived,
0x002624,0x002658,FUN_002624,derived,
0x002658,0x002678,FUN_002658,derived,
0x002678,0x002690,FUN_002678,derived,
0x002690,0x0026B0,FUN_002690,derived,
0x0026B0,0x0026D0,FUN_0026b0,derived,
0x0026D0,0x0026F4,FUN_0026d0,derived,
0x0026F4,0x003238,FUN_0026f4,derived,
0x003238,0x003280,FUN_003238,derived,
0x003280,0x003588,FUN_003280,derived,
0x003588,0x0035CC,FUN_003588,derived,
0x0035CC,0x0035EE,FUN_0035cc,derived,
0x0035EE,0x003610,FUN_0035ee,derived,
0x003610,0x00366E,FUN_003610,derived,
0x00366E,0x00375C,FUN_00366e,derived,
0x00375C,0x003848,FUN_00375c,derived,
0x003848,0x003854,FUN_003848,derived,
0x003854,0x003920,FUN_003854,derived,
0x003920,0x003934,getSR,ghidra-hand-xmap,
0x003934,0x003954,setSR,ghidra-hand-xmap,
0x003954,0x003964,FUN_003954,derived,
0x003964,0x0039BA,FUN_003964,derived,
0x0039BA,0x003A28,FUN_0039ba,derived,
0x003A28,0x003AC0,consistencyCheck,ghidra-hand-xmap,
0x003AC0,0x003AD8,FUN_003ac0,derived,
0x003AD8,0x003BF4,FUN_003ad8,derived,
0x003BF4,0x003C00,FUN_003bf4,derived,
0x003C00,0x003C2A,FUN_003c00,derived,
0x003C2A,0x003C58,FUN_003c2a,derived,
0x003C58,0x003C80,FUN_003c58,derived,
0x003C80,0x003D48,task_priority_scheduler,ghidra-hand-xmap,
0x003D48,0x003D50,FUN_003d48,derived,
0x003D50,0x003D58,FUN_003d50,derived,
0x003D58,0x003DAC,task_completion_handler,ghidra-hand-xmap,
0x003DAC,0x003DB0,FUN_003dac,derived,
0x003DB0,0x003E10,FUN_003db0,derived,
0x003E10,0x003EC0,FUN_003e10,derived,
0x003EC0,0x003F10,FUN_003ec0,derived,
0x003F10,0x003F88,FUN_003f10,derived,
0x003F88,0x003F8C,FUN_003f88,derived,
0x003F8C,0x003F90,FUN_003f8c,derived,
0x003F90,0x003F9C,FUN_003f90,derived,
0x003F9C,0x003FA8,FUN_003f9c,derived,
0x003FA8,0x003FB0,FUN_003fa8,derived,
0x003FB0,0x003FE8,FUN_003fb0,derived,
0x003FE8,0x00409C,FUN_003fe8,derived,
0x00409C,0x004144,FUN_00409c,derived,
0x004144,0x00420C,mod32_signed,ghidra-hand-xmap,
0x00420C,0x004218,FUN_00420c,derived,
0x004218,0x00426C,FUN_004218,derived,
0x00426C,0x0042B0,FUN_00426c,derived,
0x0042B0,0x0042E8,FUN_0042b0,derived,
0x0042E8,0x004332,FUN_0042e8,derived,
0x004332,0x0043C0,FUN_004332,derived,
0x0043C0,0x0043C8,FUN_0043c0,derived,
0x0043C8,0x004446,FUN_0043c8,derived,
0x004446,0x0044C0,FUN_004446,derived,
0x0044C0,0x0044E0,FUN_0044c0,derived,
0x0044E0,0x0044EC,FUN_0044e0,derived,
0x0044EC,0x00450A,FUN_0044ec,derived,
0x00450A,0x004582,FUN_00450a,derived,
0x004582,0x00467A,FUN_004582,derived,
0x00467A,0x0046CC,FUN_00467a,derived,
0x0046CC,0x004740,checkFloatValidity?,ghidra-hand-xmap,
0x004740,0x00481C,FUN_004740,derived,
0x00481C,0x0048C8,FUN_00481c,derived,
0x0048C8,0x004938,FUN_0048c8,derived,
0x004938,0x00493C,FUN_004938,derived,
0x00493C,0x004940,FUN_00493c,derived,
0x004940,0x004990,FUN_004940,derived,
0x004990,0x004AC0,FUN_004990,derived,
0x004AC0,0x004AEC,FUN_004ac0,derived,
0x004AEC,0x004AF4,FUN_004aec,derived,
0x004AF4,0x004AF8,FUN_004af4,derived,
0x004AF8,0x004B00,FUN_004af8,derived,
0x004B00,0x004B04,FUN_004b00,derived,
0x004B04,0x004B08,FUN_004b04,derived,
0x004B08,0x004B0C,FUN_004b08,derived,
0x004B0C,0x004B10,FUN_004b0c,derived,
0x004B10,0x004B14,FUN_004b10,derived,
0x004B14,0x004B18,FUN_004b14,derived,
0x004B18,0x004B24,FUN_004b18,derived,
0x004B24,0x004B34,FUN_004b24,derived,
0x004B34,0x004B44,FUN_004b34,derived,
0x004B44,0x004BBC,FUN_004b44,derived,
0x004BBC,0x004C14,setRegister_REG_BIT_VAL,ghidra-hand-xmap,
0x004C14,0x004C70,FUN_004c14,derived,
0x004C70,0x004C76,FUN_004c70,derived,
0x004C76,0x004C7A,FUN_004c76,derived,
0x004C7A,0x004C80,FUN_004c7a,derived,
0x004C80,0x004CBA,FUN_004c80,derived,
0x004CBA,0x004CF8,FUN_004cba,derived,
0x004CF8,0x004D36,FUN_004cf8,derived,
0x004D36,0x004DF2,setRegisters,ghidra-hand-xmap,
0x004DF2,0x004DF6,FUN_004df2,derived,
0x004DF6,0x004E0E,FUN_004df6,derived,
0x004E0E,0x004E12,FUN_004e0e,derived,
0x004E12,0x004E16,FUN_004e12,derived,
0x004E16,0x004E1A,FUN_004e16,derived,
0x004E1A,0x004E74,FUN_004e1a,derived,
0x004E74,0x004F08,FUN_004e74,derived,
0x004F08,0x004FDE,FUN_004f08,derived,
0x004FDE,0x005028,FUN_004fde,derived,
0x005028,0x00502C,FUN_005028,derived,
0x00502C,0x00503A,writeWatchdog_disable?,ghidra-hand-xmap,
0x00503A,0x00503E,FUN_00503a,derived,
0x00503E,0x005042,FUN_00503e,derived,
0x005042,0x005046,FUN_005042,derived,
0x005046,0x00505E,FUN_005046,derived,
0x00505E,0x005062,FUN_00505e,derived,
0x005062,0x005066,FUN_005062,derived,
0x005066,0x00506A,FUN_005066,derived,
0x00506A,0x0050AE,FUN_00506a,derived,
0x0050AE,0x0050B2,FUN_0050ae,derived,
0x0050B2,0x0051D0,FUN_0050b2,derived,
0x0051D0,0x005232,FUN_0051d0,derived,
0x005232,0x005286,FUN_005232,derived,
0x005286,0x00528E,FUN_005286,derived,
0x00528E,0x005292,FUN_00528e,derived,
0x005292,0x0052B0,FUN_005292,derived,
0x0052B0,0x005360,FUN_0052b0,derived,
0x005360,0x0053DE,FUN_005360,derived,
0x0053DE,0x0053EA,FUN_0053de,derived,
0x0053EA,0x0053F6,FUN_0053ea,derived,
0x0053F6,0x005402,FUN_0053f6,derived,
0x005402,0x00540E,FUN_005402,derived,
0x00540E,0x00541A,FUN_00540e,derived,
0x00541A,0x005426,FUN_00541a,derived,
0x005426,0x005432,FUN_005426,derived,
0x005432,0x00543E,FUN_005432,derived,
0x00543E,0x00544C,FUN_00543e,derived,
0x00544C,0x00548C,FUN_00544c,derived,
0x00548C,0x00549A,FUN_00548c,derived,
0x00549A,0x0054A8,FUN_00549a,derived,
0x0054A8,0x0054B2,FUN_0054a8,derived,
0x0054B2,0x0054BE,FUN_0054b2,derived,
0x0054BE,0x0054CA,FUN_0054be,derived,
0x0054CA,0x0054D6,FUN_0054ca,derived,
0x0054D6,0x0054E2,FUN_0054d6,derived,
0x0054E2,0x0054EE,FUN_0054e2,derived,
0x0054EE,0x005502,FUN_0054ee,derived,
0x005502,0x00550E,FUN_005502,derived,
0x00550E,0x00551A,FUN_00550e,derived,
0x00551A,0x005526,FUN_00551a,derived,
0x005526,0x005532,FUN_005526,derived,
0x005532,0x00553E,FUN_005532,derived,
0x00553E,0x00554A,FUN_00553e,derived,
0x00554A,0x005556,FUN_00554a,derived,
0x005556,0x00557C,FUN_005556,derived,
0x00557C,0x0055B8,FUN_00557c,derived,
0x0055B8,0x0055CA,FUN_0055b8,derived,
0x0055CA,0x0055DC,FUN_0055ca,derived,
0x0055DC,0x0055EE,FUN_0055dc,derived,
0x0055EE,0x005600,FUN_0055ee,derived,
0x005600,0x005612,FUN_005600,derived,
0x005612,0x005624,FUN_005612,derived,
0x005624,0x005636,FUN_005624,derived,
0x005636,0x005648,FUN_005636,derived,
0x005648,0x005654,FUN_005648,derived,
0x005654,0x005660,FUN_005654,derived,
0x005660,0x00566C,FUN_005660,derived,
0x00566C,0x005678,FUN_00566c,derived,
0x005678,0x005684,FUN_005678,derived,
0x005684,0x005692,FUN_005684,derived,
0x005692,0x0057A6,FUN_005692,derived,
0x0057A6,0x0057B4,FUN_0057a6,derived,
0x0057B4,0x0057C2,FUN_0057b4,derived,
0x0057C2,0x0057D0,FUN_0057c2,derived,
0x0057D0,0x0057DE,FUN_0057d0,derived,
0x0057DE,0x0058F8,FUN_0057de,derived,
0x0058F8,0x005906,FUN_0058f8,derived,
0x005906,0x005914,FUN_005906,derived,
0x005914,0x005922,FUN_005914,derived,
0x005922,0x005930,FUN_005922,derived,
0x005930,0x00593E,FUN_005930,derived,
0x00593E,0x00594C,FUN_00593e,derived,
0x00594C,0x005984,FUN_00594c,derived,
0x005984,0x005992,FUN_005984,derived,
0x005992,0x0059A0,FUN_005992,derived,
0x0059A0,0x0059AE,FUN_0059a0,derived,
0x0059AE,0x0059BC,FUN_0059ae,derived,
0x0059BC,0x0059CA,FUN_0059bc,derived,
0x0059CA,0x0059D8,FUN_0059ca,derived,
0x0059D8,0x0059E6,FUN_0059d8,derived,
0x0059E6,0x0059F4,FUN_0059e6,derived,
0x0059F4,0x005A02,FUN_0059f4,derived,
0x005A02,0x005A10,FUN_005a02,derived,
0x005A10,0x005A1E,FUN_005a10,derived,
0x005A1E,0x005A2C,FUN_005a1e,derived,
0x005A2C,0x005A3A,FUN_005a2c,derived,
0x005A3A,0x005A48,FUN_005a3a,derived,
0x005A48,0x005A56,FUN_005a48,derived,
0x005A56,0x005A64,FUN_005a56,derived,
0x005A64,0x005A70,FUN_005a64,derived,
0x005A70,0x005AD8,FUN_005a70,derived,
0x005AD8,0x005AE6,FUN_005ad8,derived,
0x005AE6,0x005AF4,FUN_005ae6,derived,
0x005AF4,0x005B02,FUN_005af4,derived,
0x005B02,0x005B10,FUN_005b02,derived,
0x005B10,0x005B1E,FUN_005b10,derived,
0x005B1E,0x005B2C,FUN_005b1e,derived,
0x005B2C,0x005B38,FUN_005b2c,derived,
0x005B38,0x005B46,FUN_005b38,derived,
0x005B46,0x005B54,FUN_005b46,derived,
0x005B54,0x005B6E,FUN_005b54,derived,
0x005B6E,0x005BF0,FUN_005b6e,derived,
0x005BF0,0x005CDC,FUN_005bf0,derived,
0x005CDC,0x005CEA,FUN_005cdc,derived,
0x005CEA,0x005CFA,FUN_005cea,derived,
0x005CFA,0x005D06,FUN_005cfa,derived,
0x005D06,0x005D16,FUN_005d06,derived,
0x005D16,0x005D22,FUN_005d16,derived,
0x005D22,0x005D2E,FUN_005d22,derived,
0x005D2E,0x005D3E,FUN_005d2e,derived,
0x005D3E,0x005D4E,FUN_005d3e,derived,
0x005D4E,0x005D88,FUN_005d4e,derived,
0x005D88,0x005D98,FUN_005d88,derived,
0x005D98,0x005DA8,FUN_005d98,derived,
0x005DA8,0x005DB8,FUN_005da8,derived,
0x005DB8,0x005DBE,FUN_005db8,derived,
0x005DBE,0x005DCE,FUN_005dbe,derived,
0x005DCE,0x005DDE,FUN_005dce,derived,
0x005DDE,0x005DEE,FUN_005dde,derived,
0x005DEE,0x005DF4,FUN_005dee,derived,
0x005DF4,0x005E04,FUN_005df4,derived,
0x005E04,0x005E14,FUN_005e04,derived,
0x005E14,0x005E24,FUN_005e14,derived,
0x005E24,0x005E2A,FUN_005e24,derived,
0x005E2A,0x005E3A,FUN_005e2a,derived,
0x005E3A,0x005E4A,FUN_005e3a,derived,
0x005E4A,0x005E5A,FUN_005e4a,derived,
0x005E5A,0x005E60,FUN_005e5a,derived,
0x005E60,0x005E70,FUN_005e60,derived,
0x005E70,0x005E80,FUN_005e70,derived,
0x005E80,0x005E90,FUN_005e80,derived,
0x005E90,0x005ED4,FUN_005e90,derived,
0x005ED4,0x005EE0,FUN_005ed4,derived,
0x005EE0,0x005EE6,FUN_005ee0,derived,
0x005EE6,0x005EF6,FUN_005ee6,derived,
0x005EF6,0x005F06,FUN_005ef6,derived,
0x005F06,0x005F0C,FUN_005f06,derived,
0x005F0C,0x005F30,FUN_005f0c,derived,
0x005F30,0x005F34,FUN_005f30,derived,
0x005F34,0x006034,FUN_005f34,derived,
0x006034,0x00613A,FUN_006034,derived,
0x00613A,0x0062EA,FUN_00613a,derived,
0x0062EA,0x006384,FUN_0062ea,derived,
0x006384,0x00638A,FUN_006384,derived,
0x00638A,0x006390,FUN_00638a,derived,
0x006390,0x006396,FUN_006390,derived,
0x006396,0x0066A8,FUN_006396,derived,
0x0066A8,0x006768,FUN_0066a8,derived,
0x006768,0x0067BA,getVehicleStatusInputs?,ghidra-hand-xmap,
0x0067BA,0x006866,FUN_0067ba,derived,
0x006866,0x00686A,FUN_006866,derived,
0x00686A,0x0068A8,FUN_00686a,derived,
0x0068A8,0x006A06,sensorADCRead,ghidra-hand-xmap,
0x006A06,0x006A4C,FUN_006a06,derived,
0x006A4C,0x006A70,FUN_006a4c,derived,
0x006A70,0x006AB2,FUN_006a70,derived,
0x006AB2,0x006B7A,FUN_006ab2,derived,
0x006B7A,0x006B80,FUN_006b7a,derived,
0x006B80,0x006B84,FUN_006b80,derived,
0x006B84,0x006BB4,FUN_006b84,derived,
0x006BB4,0x006BB8,FUN_006bb4,derived,
0x006BB8,0x006C70,FUN_006bb8,derived,
0x006C70,0x006CAA,FUN_006c70,derived,
0x006CAA,0x006D00,FUN_006caa,derived,
0x006D00,0x006D46,FUN_006d00,derived,
0x006D46,0x006DA0,FUN_006d46,derived,
0x006DA0,0x006E06,FUN_006da0,derived,
0x006E06,0x006F3A,FUN_006e06,derived,
0x006F3A,0x006FCE,FUN_006f3a,derived,
0x006FCE,0x006FD4,FUN_006fce,derived,
0x006FD4,0x00705A,readADCResult,ghidra-hand-xmap,
0x00705A,0x007094,FUN_00705a,derived,
0x007094,0x007096,FUN_007094,derived,
0x007096,0x0070AC,FUN_007096,derived,
0x0070AC,0x0070D0,FUN_0070ac,derived,
0x0070D0,0x007142,FUN_0070d0,derived,
0x007142,0x0071AC,FUN_007142,derived,
0x0071AC,0x00720E,FUN_0071ac,derived,
0x00720E,0x0072A4,FUN_00720e,derived,
0x0072A4,0x0072AE,FUN_0072a4,derived,
0x0072AE,0x0072B4,FUN_0072ae,derived,
0x0072B4,0x0072BC,FUN_0072b4,derived,
0x0072BC,0x007354,FUN_0072bc,derived,
0x007354,0x00735C,FUN_007354,derived,
0x00735C,0x0073AE,readECMVoltage??,ghidra-hand-xmap,
0x0073AE,0x0073BC,FUN_0073ae,derived,
0x0073BC,0x0073C4,FUN_0073bc,derived,
0x0073C4,0x00745C,FUN_0073c4,derived,
0x00745C,0x0074D0,getMAFSensorValue,ghidra-hand-xmap,
0x0074D0,0x0074D4,FUN_0074d0,derived,
0x0074D4,0x0074E2,FUN_0074d4,derived,
0x0074E2,0x0074F8,FUN_0074e2,derived,
0x0074F8,0x0074FE,FUN_0074f8,derived,
0x0074FE,0x007504,FUN_0074fe,derived,
0x007504,0x00753C,FUN_007504,derived,
0x00753C,0x00758C,fuelingInit??,ghidra-hand-xmap,
0x00758C,0x0075C2,FUN_00758c,derived,
0x0075C2,0x007618,FUN_0075c2,derived,
0x007618,0x00767E,FUN_007618,derived,
0x00767E,0x00768C,FUN_00767e,derived,
0x00768C,0x0076DC,FUN_00768c,derived,
0x0076DC,0x007748,FUN_0076dc,derived,
0x007748,0x00779C,FUN_007748,derived,
0x00779C,0x007814,setInterruptTimer,ghidra-hand-xmap,
0x007814,0x00789E,FUN_007814,derived,
0x00789E,0x007AAA,FUN_00789e,derived,
0x007AAA,0x007AD6,FUN_007aaa,derived,
0x007AD6,0x007B7C,FUN_007ad6,derived,
0x007B7C,0x007BA8,FUN_007b7c,derived,
0x007BA8,0x007BB4,FUN_007ba8,derived,
0x007BB4,0x007C00,FUN_007bb4,derived,
0x007C00,0x007C08,FUN_007c00,derived,
0x007C08,0x007C30,FUN_007c08,derived,
0x007C30,0x007E60,crankSensorInit?,ghidra-hand-xmap,
0x007E60,0x007ED8,FUN_007e60,derived,
0x007ED8,0x007EEE,FUN_007ed8,derived,
0x007EEE,0x007F46,FUN_007eee,derived,
0x007F46,0x007F66,FUN_007f46,derived,
0x007F66,0x007FB4,FUN_007f66,derived,
0x007FB4,0x007FD4,FUN_007fb4,derived,
0x007FD4,0x007FF0,FUN_007fd4,derived,
0x007FF0,0x008000,FUN_007ff0,derived,
0x008000,0x00803E,FUN_008000,derived,
0x00803E,0x00808E,FUN_00803e,derived,
0x00808E,0x008114,FUN_00808e,derived,
0x008114,0x0081CC,FUN_008114,derived,
0x0081CC,0x00828C,FUN_0081cc,derived,
0x00828C,0x0082DC,FUN_00828c,derived,
0x0082DC,0x00830A,FUN_0082dc,derived,
0x00830A,0x008358,FUN_00830a,derived,
0x008358,0x008378,FUN_008358,derived,
0x008378,0x00837C,FUN_008378,derived,
0x00837C,0x008402,FUN_00837c,derived,
0x008402,0x0084FA,injectorRelatedFunc,ghidra-hand-xmap,
0x0084FA,0x0084FE,FUN_0084fa,derived,
0x0084FE,0x008620,FUN_0084fe,derived,
0x008620,0x0086E8,putFuelingStuffInArray?,ghidra-hand-xmap,
0x0086E8,0x008734,FUN_0086e8,derived,
0x008734,0x008758,FUN_008734,derived,
0x008758,0x0087DE,FUN_008758,derived,
0x0087DE,0x008826,FUN_0087de,derived,
0x008826,0x008D60,FUN_008826,derived,
0x008D60,0x008DB6,FUN_008d60,derived,
0x008DB6,0x008DDE,FUN_008db6,derived,
0x008DDE,0x008E18,outputSpark1,ghidra-hand-xmap,
0x008E18,0x008E58,FUN_008e18,derived,
0x008E58,0x008F16,ignitionTimingHardwareTimerSomething,ghidra-hand-xmap,
0x008F16,0x008F5A,FUN_008f16,derived,
0x008F5A,0x008F5C,FUN_008f5a,derived,
0x008F5C,0x008FC4,FUN_008f5c,derived,
0x008FC4,0x009000,FUN_008fc4,derived,
0x009000,0x009046,FUN_009000,derived,
0x009046,0x009068,FUN_009046,derived,
0x009068,0x009090,FUN_009068,derived,
0x009090,0x009140,FUN_009090,derived,
0x009140,0x009144,FUN_009140,derived,
0x009144,0x0091F6,FUN_009144,derived,
0x0091F6,0x009470,ignitonSomethingCalc,ghidra-hand-xmap,
0x009470,0x009520,FUN_009470,derived,
0x009520,0x00952C,FUN_009520,derived,
0x00952C,0x009660,FUN_00952c,derived,
0x009660,0x009870,osTaskScheduler,ghidra-hand-xmap,
0x009870,0x009910,CANControllerSetup,ghidra-hand-xmap,
0x009910,0x0099B0,FUN_009910,derived,
0x0099B0,0x0099BC,FUN_0099b0,derived,
0x0099BC,0x009ADC,placeCANRX,ghidra-hand-xmap,
0x009ADC,0x009BF0,txCAN_EventBased,ghidra-hand-xmap,
0x009BF0,0x009C34,FUN_009bf0,derived,
0x009C34,0x009C40,FUN_009c34,derived,
0x009C40,0x009CBE,FUN_009c40,derived,
0x009CBE,0x009D60,doSomethingIfByteIs1InCANSetup,ghidra-hand-xmap,
0x009D60,0x009DB2,FUN_009d60,derived,
0x009DB2,0x009DBA,FUN_009db2,derived,
0x009DBA,0x009DC8,FUN_009dba,derived,
0x009DC8,0x009DD0,FUN_009dc8,derived,
0x009DD0,0x009E0C,FUN_009dd0,derived,
0x009E0C,0x009E4C,FUN_009e0c,derived,
0x009E4C,0x009E8C,FUN_009e4c,derived,
0x009E8C,0x009F90,FUN_009e8c,derived,
0x009F90,0x009FBA,FUN_009f90,derived,
0x009FBA,0x00A030,FUN_009fba,derived,
0x00A030,0x00A06A,FUN_00a030,derived,
0x00A06A,0x00A0C6,FUN_00a06a,derived,
0x00A0C6,0x00A0D4,whileLoop,ghidra-hand-xmap,
0x00A0D4,0x00A0DA,FUN_00a0d4,derived,
0x00A0DA,0x00A110,FUN_00a0da,derived,
0x00A110,0x00A114,FUN_00a110,derived,
0x00A114,0x00A11A,FUN_00a114,derived,
0x00A11A,0x00A120,FUN_00a11a,derived,
0x00A120,0x00A42E,FUN_00a120,derived,
0x00A42E,0x00A470,getRotorNumberForControl?,ghidra-hand-xmap,
0x00A470,0x00A47E,FUN_00a470,derived,
0x00A47E,0x00A4F8,calledLots,ghidra-hand-xmap,
0x00A4F8,0x00A518,FUN_00a4f8,derived,
0x00A518,0x00A538,FUN_00a518,derived,
0x00A538,0x00A53C,FUN_00a538,derived,
0x00A53C,0x00A55A,FUN_00a53c,derived,
0x00A55A,0x00A574,FUN_00a55a,derived,
0x00A574,0x00A600,FUN_00a574,derived,
0x00A600,0x00A67E,FUN_00a600,derived,
0x00A67E,0x00A686,FUN_00a67e,derived,
0x00A686,0x00A6B8,FUN_00a686,derived,
0x00A6B8,0x00A6D6,FUN_00a6b8,derived,
0x00A6D6,0x00A6EA,FUN_00a6d6,derived,
0x00A6EA,0x00A9EC,FUN_00a6ea,derived,
0x00A9EC,0x00AA18,FUN_00a9ec,derived,
0x00AA18,0x00AA6C,FUN_00aa18,derived,
0x00AA6C,0x00AAA4,FUN_00aa6c,derived,
0x00AAA4,0x00AAFE,FUN_00aaa4,derived,
0x00AAFE,0x00AC08,apvHardwareOutputRelated?,ghidra-hand-xmap,
0x00AC08,0x00AC58,FUN_00ac08,derived,
0x00AC58,0x00AC8C,FUN_00ac58,derived,
0x00AC8C,0x00AD34,FUN_00ac8c,derived,
0x00AD34,0x00AD52,FUN_00ad34,derived,
0x00AD52,0x00ADC2,FUN_00ad52,derived,
0x00ADC2,0x00ADCA,FUN_00adc2,derived,
0x00ADCA,0x00AEC4,FUN_00adca,derived,
0x00AEC4,0x00AEF2,FUN_00aec4,derived,
0x00AEF2,0x00AF08,FUN_00aef2,derived,
0x00AF08,0x00B26E,FUN_00af08,derived,
0x00B26E,0x00B2DC,FUN_00b26e,derived,
0x00B2DC,0x00B3A2,FUN_00b2dc,derived,
0x00B3A2,0x00B404,FUN_00b3a2,derived,
0x00B404,0x00B458,FUN_00b404,derived,
0x00B458,0x00B488,FUN_00b458,derived,
0x00B488,0x00B4D0,FUN_00b488,derived,
0x00B4D0,0x00B560,FUN_00b4d0,derived,
0x00B560,0x00B572,FUN_00b560,derived,
0x00B572,0x00B6B4,FUN_00b572,derived,
0x00B6B4,0x00B768,FUN_00b6b4,derived,
0x00B768,0x00B7C2,FUN_00b768,derived,
0x00B7C2,0x00B7CA,FUN_00b7c2,derived,
0x00B7CA,0x00B87A,FUN_00b7ca,derived,
0x00B87A,0x00BA4E,FUN_00b87a,derived,
0x00BA4E,0x00BB20,FUN_00ba4e,derived,
0x00BB20,0x00BB64,FUN_00bb20,derived,
0x00BB64,0x00BE94,updateIO_MAYBE,ghidra-hand-xmap,
0x00BE94,0x00BEF0,FUN_00be94,derived,
0x00BEF0,0x00BF68,FUN_00bef0,derived,
0x00BF68,0x00BF84,FUN_00bf68,derived,
0x00BF84,0x00BFC2,FUN_00bf84,derived,
0x00BFC2,0x00BFF8,FUN_00bfc2,derived,
0x00BFF8,0x00C026,FUN_00bff8,derived,
0x00C026,0x00C0A0,FUN_00c026,derived,
0x00C0A0,0x00C102,FUN_00c0a0,derived,
0x00C102,0x00C168,FUN_00c102,derived,
0x00C168,0x00C180,FUN_00c168,derived,
0x00C180,0x00C1F4,FUN_00c180,derived,
0x00C1F4,0x00C2B8,FUN_00c1f4,derived,
0x00C2B8,0x00C2DE,store_knock_learn_buffer,ghidra-hand-xmap,
0x00C2DE,0x00C314,enableDisableCruiseControl??,ghidra-hand-xmap,
0x00C314,0x00C33E,knockFunctionInit,ghidra-hand-xmap,
0x00C33E,0x00C350,FUN_00c33e,derived,
0x00C350,0x00C3C0,FUN_00c350,derived,
0x00C3C0,0x00C43E,knockRelatedInit,ghidra-hand-xmap,
0x00C43E,0x00C458,FUN_00c43e,derived,
0x00C458,0x00C4A6,knockSensorADCFault,ghidra-hand-xmap,
0x00C4A6,0x00C500,FUN_00c4a6,derived,
0x00C500,0x00C50E,FUN_00c500,derived,
0x00C50E,0x00C56E,FUN_00c50e,derived,
0x00C56E,0x00C57A,FUN_00c56e,derived,
0x00C57A,0x00C596,FUN_00c57a,derived,
0x00C596,0x00C686,FUN_00c596,derived,
0x00C686,0x00C692,FUN_00c686,derived,
0x00C692,0x00C6A2,FUN_00c692,derived,
0x00C6A2,0x00C95A,FUN_00c6a2,derived,
0x00C95A,0x00C982,FUN_00c95a,derived,
0x00C982,0x00C98A,FUN_00c982,derived,
0x00C98A,0x00CAA4,FUN_00c98a,derived,
0x00CAA4,0x00CAC6,FUN_00caa4,derived,
0x00CAC6,0x00CC64,FUN_00cac6,derived,
0x00CC64,0x00CC7C,FUN_00cc64,derived,
0x00CC7C,0x00CC94,FUN_00cc7c,derived,
0x00CC94,0x00CD0A,setCANRegisters,ghidra-hand-xmap,
0x00CD0A,0x00CDBC,FUN_00cd0a,derived,
0x00CDBC,0x00CDF2,FUN_00cdbc,derived,
0x00CDF2,0x00CE2C,FUN_00cdf2,derived,
0x00CE2C,0x00CE5E,FUN_00ce2c,derived,
0x00CE5E,0x00CE68,FUN_00ce5e,derived,
0x00CE68,0x00CEEC,FUN_00ce68,derived,
0x00CEEC,0x00CF1E,FUN_00ceec,derived,
0x00CF1E,0x00CF3A,FUN_00cf1e,derived,
0x00CF3A,0x00CF88,FUN_00cf3a,derived,
0x00CF88,0x00CFCC,FUN_00cf88,derived,
0x00CFCC,0x00CFEE,FUN_00cfcc,derived,
0x00CFEE,0x00D0B8,FUN_00cfee,derived,
0x00D0B8,0x00D10A,FUN_00d0b8,derived,
0x00D10A,0x00D13C,FUN_00d10a,derived,
0x00D13C,0x00D15C,FUN_00d13c,derived,
0x00D15C,0x00D190,FUN_00d15c,derived,
0x00D190,0x00D1A4,getHCANRegisterAddress,ghidra-hand-xmap,
0x00D1A4,0x00D1B8,FUN_00d1a4,derived,
0x00D1B8,0x00D1DE,FUN_00d1b8,derived,
0x00D1DE,0x00D1FC,FUN_00d1de,derived,
0x00D1FC,0x00D21E,FUN_00d1fc,derived,
0x00D21E,0x00D3CC,FUN_00d21e,derived,
0x00D3CC,0x00D3D4,FUN_00d3cc,derived,
0x00D3D4,0x00D470,FUN_00d3d4,derived,
0x00D470,0x00D4AE,getRearO2Voltage,ghidra-hand-xmap,
0x00D4AE,0x00D4F2,main??,ghidra-hand-xmap,
0x00D4F2,0x00D51E,interestingCANSomething,ghidra-hand-xmap,
0x00D51E,0x00D578,FUN_00d51e,derived,
0x00D578,0x00D586,FUN_00d578,derived,
0x00D586,0x00D648,FUN_00d586,derived,
0x00D648,0x00D65E,FUN_00d648,derived,
0x00D65E,0x00D698,FUN_00d65e,derived,
0x00D698,0x00D6DC,FUN_00d698,derived,
0x00D6DC,0x00D6FC,FUN_00d6dc,derived,
0x00D6FC,0x00D7A8,FUN_00d6fc,derived,
0x00D7A8,0x00D7DE,FUN_00d7a8,derived,
0x00D7DE,0x00D83C,FUN_00d7de,derived,
0x00D83C,0x00D840,FUN_00d83c,derived,
0x00D840,0x00D8D8,FUN_00d840,derived,
0x00D8D8,0x00D904,FUN_00d8d8,derived,
0x00D904,0x00D974,FUN_00d904,derived,
0x00D974,0x00D99A,FUN_00d974,derived,
0x00D99A,0x00D9A2,FUN_00d99a,derived,
0x00D9A2,0x00D9A6,FUN_00d9a2,derived,
0x00D9A6,0x00D9C0,FUN_00d9a6,derived,
0x00D9C0,0x00D9C4,FUN_00d9c0,derived,
0x00D9C4,0x00D9C8,FUN_00d9c4,derived,
0x00D9C8,0x00D9D4,FUN_00d9c8,derived,
0x00D9D4,0x00D9D8,FUN_00d9d4,derived,
0x00D9D8,0x00D9DC,FUN_00d9d8,derived,
0x00D9DC,0x00D9FC,FUN_00d9dc,derived,
0x00D9FC,0x00DA12,FUN_00d9fc,derived,
0x00DA12,0x00DA44,FUN_00da12,derived,
0x00DA44,0x00DA46,FUN_00da44,derived,
0x00DA46,0x00DA4C,FUN_00da46,derived,
0x00DA4C,0x00DA64,FUN_00da4c,derived,
0x00DA64,0x00DAAC,FUN_00da64,derived,
0x00DAAC,0x00DB0C,FUN_00daac,derived,
0x00DB0C,0x00DB18,FUN_00db0c,derived,
0x00DB18,0x00DB24,FUN_00db18,derived,
0x00DB24,0x00DB44,FUN_00db24,derived,
0x00DB44,0x00DB48,FUN_00db44,derived,
0x00DB48,0x00DB4A,FUN_00db48,derived,
0x00DB4A,0x00DB54,FUN_00db4a,derived,
0x00DB54,0x00DB58,FUN_00db54,derived,
0x00DB58,0x00DB60,FUN_00db58,derived,
0x00DB60,0x00DB64,FUN_00db60,derived,
0x00DB64,0x00DB68,FUN_00db64,derived,
0x00DB68,0x00DB6C,FUN_00db68,derived,
0x00DB6C,0x00DB80,FUN_00db6c,derived,
0x00DB80,0x00DB8C,FUN_00db80,derived,
0x00DB8C,0x00DB94,FUN_00db8c,derived,
0x00DB94,0x00DB9C,FUN_00db94,derived,
0x00DB9C,0x00DB9E,FUN_00db9c,derived,
0x00DB9E,0x00DBA0,FUN_00db9e,derived,
0x00DBA0,0x00DBA4,FUN_00dba0,derived,
0x00DBA4,0x00DBC4,FUN_00dba4,derived,
0x00DBC4,0x00DC0A,FUN_00dbc4,derived,
0x00DC0A,0x00DC3C,FUN_00dc0a,derived,
0x00DC3C,0x00DC4C,FUN_00dc3c,derived,
0x00DC4C,0x00DC84,FUN_00dc4c,derived,
0x00DC84,0x00DD24,FUN_00dc84,derived,
0x00DD24,0x00DD7E,FUN_00dd24,derived,
0x00DD7E,0x00DD88,FUN_00dd7e,derived,
0x00DD88,0x00DDE0,FUN_00dd88,derived,
0x00DDE0,0x00DDFE,handleCANReset,ghidra-hand-xmap,
0x00DDFE,0x00DEF4,FUN_00ddfe,derived,
0x00DEF4,0x00DF5E,FUN_00def4,derived,
0x00DF5E,0x00DFFC,FUN_00df5e,derived,
0x00DFFC,0x00E000,FUN_00dffc,derived,
0x00E000,0x00E012,FUN_00e000,derived,
0x00E012,0x00E074,FUN_00e012,derived,
0x00E074,0x00E080,FUN_00e074,derived,
0x00E080,0x00E098,FUN_00e080,derived,
0x00E098,0x00E0F8,FUN_00e098,derived,
0x00E0F8,0x00E12C,FUN_00e0f8,derived,
0x00E12C,0x00E158,FUN_00e12c,derived,
0x00E158,0x00E17A,FUN_00e158,derived,
0x00E17A,0x00E1BE,FUN_00e17a,derived,
0x00E1BE,0x00E222,FUN_00e1be,derived,
0x00E222,0x00E22C,FUN_00e222,derived,
0x00E22C,0x00E268,FUN_00e22c,derived,
0x00E268,0x00E2B0,FUN_00e268,derived,
0x00E2B0,0x00E304,FUN_00e2b0,derived,
0x00E304,0x00E314,FUN_00e304,derived,
0x00E314,0x00E31C,FUN_00e314,derived,
0x00E31C,0x00E324,FUN_00e31c,derived,
0x00E324,0x00E32C,FUN_00e324,derived,
0x00E32C,0x00E354,FUN_00e32c,derived,
0x00E354,0x00E36E,FUN_00e354,derived,
0x00E36E,0x00E3D8,FUN_00e36e,derived,
0x00E3D8,0x00E3E8,FUN_00e3d8,derived,
0x00E3E8,0x00E4A4,FUN_00e3e8,derived,
0x00E4A4,0x00E4AC,FUN_00e4a4,derived,
0x00E4AC,0x00E4CC,FUN_00e4ac,derived,
0x00E4CC,0x00E4EE,FUN_00e4cc,derived,
0x00E4EE,0x00E510,getEngineOnTimeForOilMetering,ghidra-hand-xmap,
0x00E510,0x00E534,FUN_00e510,derived,
0x00E534,0x00E568,FUN_00e534,derived,
0x00E568,0x00E59C,FUN_00e568,derived,
0x00E59C,0x00E5C8,FUN_00e59c,derived,
0x00E5C8,0x00E728,arbitrateFuelCut,ghidra-hand-xmap,
0x00E728,0x00E734,FUN_00e728,derived,
0x00E734,0x00E738,FUN_00e734,derived,
0x00E738,0x00E748,FUN_00e738,derived,
0x00E748,0x00E782,FUN_00e748,derived,
0x00E782,0x00E7E8,intake_temp_increase_step,ghidra-hand-xmap,
0x00E7E8,0x00E804,FUN_00e7e8,derived,
0x00E804,0x00E81C,FUN_00e804,derived,
0x00E81C,0x00E854,FUN_00e81c,derived,
0x00E854,0x00E8D2,FUN_00e854,derived,
0x00E8D2,0x00E902,FUN_00e8d2,derived,
0x00E902,0x00E906,FUN_00e902,derived,
0x00E906,0x00E914,FUN_00e906,derived,
0x00E914,0x00E91A,FUN_00e914,derived,
0x00E91A,0x00E926,FUN_00e91a,derived,
0x00E926,0x00E97A,FUN_00e926,derived,
0x00E97A,0x00E9F4,FUN_00e97a,derived,
0x00E9F4,0x00EA2A,FUN_00e9f4,derived,
0x00EA2A,0x00EA3A,FUN_00ea2a,derived,
0x00EA3A,0x00EAF8,FUN_00ea3a,derived,
0x00EAF8,0x00EC30,FUN_00eaf8,derived,
0x00EC30,0x00EC4A,FUN_00ec30,derived,
0x00EC4A,0x00ED24,FUN_00ec4a,derived,
0x00ED24,0x00ED78,FUN_00ed24,derived,
0x00ED78,0x00EDA2,FUN_00ed78,derived,
0x00EDA2,0x00EE7C,FUN_00eda2,derived,
0x00EE7C,0x00EF7C,FUN_00ee7c,derived,
0x00EF7C,0x00F066,FUN_00ef7c,derived,
0x00F066,0x00F074,FUN_00f066,derived,
0x00F074,0x00F0E2,FUN_00f074,derived,
0x00F0E2,0x00F184,FUN_00f0e2,derived,
0x00F184,0x00F1BE,FUN_00f184,derived,
0x00F1BE,0x00F1DC,FUN_00f1be,derived,
0x00F1DC,0x00F296,FUN_00f1dc,derived,
0x00F296,0x00F2AC,FUN_00f296,derived,
0x00F2AC,0x00F34C,FUN_00f2ac,derived,
0x00F34C,0x00F360,FUN_00f34c,derived,
0x00F360,0x00F3B8,FUN_00f360,derived,
0x00F3B8,0x00F3C8,FUN_00f3b8,derived,
0x00F3C8,0x00F3EE,FUN_00f3c8,derived,
0x00F3EE,0x00F422,FUN_00f3ee,derived,
0x00F422,0x00F484,FUN_00f422,derived,
0x00F484,0x00F4EE,FUN_00f484,derived,
0x00F4EE,0x00F512,FUN_00f4ee,derived,
0x00F512,0x00F518,FUN_00f512,derived,
0x00F518,0x00F554,FUN_00f518,derived,
0x00F554,0x00F580,FUN_00f554,derived,
0x00F580,0x00F5A0,FUN_00f580,derived,
0x00F5A0,0x00F5C8,FUN_00f5a0,derived,
0x00F5C8,0x00F60E,FUN_00f5c8,derived,
0x00F60E,0x00F672,FUN_00f60e,derived,
0x00F672,0x00F708,FUN_00f672,derived,
0x00F708,0x00F7CA,FUN_00f708,derived,
0x00F7CA,0x00F818,FUN_00f7ca,derived,
0x00F818,0x00F842,FUN_00f818,derived,
0x00F842,0x00F904,FUN_00f842,derived,
0x00F904,0x00F914,FUN_00f904,derived,
0x00F914,0x00F984,FUN_00f914,derived,
0x00F984,0x00F9AC,FUN_00f984,derived,
0x00F9AC,0x00F9D4,FUN_00f9ac,derived,
0x00F9D4,0x00F9E4,FUN_00f9d4,derived,
0x00F9E4,0x00FAB8,fuelingArrayInit?,ghidra-hand-xmap,
0x00FAB8,0x00FB40,FUN_00fab8,derived,
0x00FB40,0x00FCC6,FUN_00fb40,derived,
0x00FCC6,0x00FCFE,FUN_00fcc6,derived,
0x00FCFE,0x00FE18,FUN_00fcfe,derived,
0x00FE18,0x00FE60,FUN_00fe18,derived,
0x00FE60,0x00FEE2,FUN_00fe60,derived,
0x00FEE2,0x00FF00,FUN_00fee2,derived,
0x00FF00,0x00FF30,FUN_00ff00,derived,
0x00FF30,0x00FF38,FUN_00ff30,derived,
0x00FF38,0x00FF3E,FUN_00ff38,derived,
0x00FF3E,0x00FF86,FUN_00ff3e,derived,
0x00FF86,0x00FFC8,FUN_00ff86,derived,
0x00FFC8,0x00FFF8,somethingFuelCutRelated,ghidra-hand-xmap,
0x00FFF8,0x00FFFC,FUN_00fff8,derived,
0x00FFFC,0x00FFFE,FUN_00fffc,derived,
0x00FFFE,0x010000,FUN_00fffe,derived,
0x010000,0x01005A,FUN_010000,derived,
0x01005A,0x01006E,FUN_01005a,derived,
0x01006E,0x010076,FUN_01006e,derived,
0x010076,0x0100A2,FUN_010076,derived,
0x0100A2,0x0100B6,FUN_0100a2,derived,
0x0100B6,0x010100,FUN_0100b6,derived,
0x010100,0x0101F4,FUN_010100,derived,
0x0101F4,0x0102B8,setFuelCutDriver?,ghidra-hand-xmap,
0x0102B8,0x0103EC,FUN_0102b8,derived,
0x0103EC,0x010400,FUN_0103ec,derived,
0x010400,0x01040A,FUN_010400,derived,
0x01040A,0x0104B4,FUN_01040a,derived,
0x0104B4,0x0104BE,FUN_0104b4,derived,
0x0104BE,0x0104D0,FUN_0104be,derived,
0x0104D0,0x0104DA,FUN_0104d0,derived,
0x0104DA,0x01051C,FUN_0104da,derived,
0x01051C,0x01053A,FUN_01051c,derived,
0x01053A,0x01056C,FUN_01053a,derived,
0x01056C,0x010572,FUN_01056c,derived,
0x010572,0x010578,FUN_010572,derived,
0x010578,0x01059A,FUN_010578,derived,
0x01059A,0x010600,FUN_01059a,derived,
0x010600,0x01063E,FUN_010600,derived,
0x01063E,0x0107D8,fuelInjectionTiming?,ghidra-hand-xmap,
0x0107D8,0x010814,FUN_0107d8,derived,
0x010814,0x010870,FUN_010814,derived,
0x010870,0x010898,setAllInjectorto0?,ghidra-hand-xmap,
0x010898,0x0108B0,FUN_010898,derived,
0x0108B0,0x010980,FUN_0108b0,derived,
0x010980,0x0109EA,FUN_010980,derived,
0x0109EA,0x0109F0,FUN_0109ea,derived,
0x0109F0,0x010AB6,FUN_0109f0,derived,
0x010AB6,0x010ABC,FUN_010ab6,derived,
0x010ABC,0x010B7E,FUN_010abc,derived,
0x010B7E,0x010CB4,FUN_010b7e,derived,
0x010CB4,0x010DCA,FUN_010cb4,derived,
0x010DCA,0x010DD2,FUN_010dca,derived,
0x010DD2,0x010E2C,FUN_010dd2,derived,
0x010E2C,0x010E58,FUN_010e2c,derived,
0x010E58,0x010E6E,FUN_010e58,derived,
0x010E6E,0x010E72,FUN_010e6e,derived,
0x010E72,0x010E7E,FUN_010e72,derived,
0x010E7E,0x010EBE,FUN_010e7e,derived,
0x010EBE,0x010EC6,FUN_010ebe,derived,
0x010EC6,0x010EEA,FUN_010ec6,derived,
0x010EEA,0x010EF6,FUN_010eea,derived,
0x010EF6,0x010F66,FUN_010ef6,derived,
0x010F66,0x0110F0,FUN_010f66,derived,
0x0110F0,0x011198,FUN_0110f0,derived,
0x011198,0x0112DA,FUN_011198,derived,
0x0112DA,0x01139A,FUN_0112da,derived,
0x01139A,0x0113EE,FUN_01139a,derived,
0x0113EE,0x011510,FUN_0113ee,derived,
0x011510,0x011536,FUN_011510,derived,
0x011536,0x01154A,getEngineCrankingStatusEnum??,ghidra-hand-xmap,
0x01154A,0x011568,getEngineCrankingStatus?,ghidra-hand-xmap,
0x011568,0x0115D6,setTimingArrayValuesForOutput?,ghidra-hand-xmap,
0x0115D6,0x0115DA,FUN_0115d6,derived,
0x0115DA,0x0115E8,returnDwellTime_fp,ghidra-hand-xmap,
0x0115E8,0x01164E,outputPerRotorIgnitionDwell,ghidra-hand-xmap,
0x01164E,0x0116B8,calculatePerRotorIgnitionDwell,ghidra-hand-xmap,
0x0116B8,0x0116DE,FUN_0116b8,derived,
0x0116DE,0x011792,FUN_0116de,derived,
0x011792,0x0118EA,FUN_011792,derived,
0x0118EA,0x011A2A,FUN_0118ea,derived,
0x011A2A,0x011A80,FUN_011a2a,derived,
0x011A80,0x011B3A,FUN_011a80,derived,
0x011B3A,0x011B78,FUN_011b3a,derived,
0x011B78,0x011B96,FUN_011b78,derived,
0x011B96,0x011BBC,FUN_011b96,derived,
0x011BBC,0x011C06,FUN_011bbc,derived,
0x011C06,0x011C22,FUN_011c06,derived,
0x011C22,0x011D38,FUN_011c22,derived,
0x011D38,0x011DE8,FUN_011d38,derived,
0x011DE8,0x011E42,FUN_011de8,derived,
0x011E42,0x011E50,FUN_011e42,derived,
0x011E50,0x011F2A,FUN_011e50,derived,
0x011F2A,0x01205A,cruiseControl?,ghidra-hand-xmap,
0x01205A,0x0120F4,FUN_01205a,derived,
0x0120F4,0x0120F8,FUN_0120f4,derived,
0x0120F8,0x012136,FUN_0120f8,derived,
0x012136,0x012196,FUN_012136,derived,
0x012196,0x0121C2,FUN_012196,derived,
0x0121C2,0x0121DC,FUN_0121c2,derived,
0x0121DC,0x012216,FUN_0121dc,derived,
0x012216,0x01222C,FUN_012216,derived,
0x01222C,0x01223E,FUN_01222c,derived,
0x01223E,0x012264,FUN_01223e,derived,
0x012264,0x0122B2,engineControlTASK,ghidra-hand-xmap,
0x0122B2,0x0122B6,FUN_0122b2,derived,
0x0122B6,0x0122BA,FUN_0122b6,derived,
0x0122BA,0x0122EA,FUN_0122ba,derived,
0x0122EA,0x01231C,FUN_0122ea,derived,
0x01231C,0x012320,FUN_01231c,derived,
0x012320,0x012324,FUN_012320,derived,
0x012324,0x012328,FUN_012324,derived,
0x012328,0x012344,FUN_012328,derived,
0x012344,0x01234E,FUN_012344,derived,
0x01234E,0x012392,FUN_01234e,derived,
0x012392,0x0123D6,FUN_012392,derived,
0x0123D6,0x0123DA,FUN_0123d6,derived,
0x0123DA,0x01240A,FUN_0123da,derived,
0x01240A,0x012496,FUN_01240a,derived,
0x012496,0x01251E,FUN_012496,derived,
0x01251E,0x012576,FUN_01251e,derived,
0x012576,0x0125EC,FUN_012576,derived,
0x0125EC,0x012604,FUN_0125ec,derived,
0x012604,0x012628,FUN_012604,derived,
0x012628,0x012656,FUN_012628,derived,
0x012656,0x01267A,FUN_012656,derived,
0x01267A,0x0126DA,FUN_01267a,derived,
0x0126DA,0x0126E6,FUN_0126da,derived,
0x0126E6,0x01273A,FUN_0126e6,derived,
0x01273A,0x012786,FUN_01273a,derived,
0x012786,0x0127F2,FUN_012786,derived,
0x0127F2,0x012830,FUN_0127f2,derived,
0x012830,0x012842,FUN_012830,derived,
0x012842,0x012854,FUN_012842,derived,
0x012854,0x0128CA,FUN_012854,derived,
0x0128CA,0x01296C,FUN_0128ca,derived,
0x01296C,0x01296E,FUN_01296c,derived,
0x01296E,0x0129AE,FUN_01296e,derived,
0x0129AE,0x012A36,FUN_0129ae,derived,
0x012A36,0x012A46,FUN_012a36,derived,
0x012A46,0x012A96,FUN_012a46,derived,
0x012A96,0x012AA8,FUN_012a96,derived,
0x012AA8,0x012AF2,FUN_012aa8,derived,
0x012AF2,0x012B42,FUN_012af2,derived,
0x012B42,0x012B4C,FUN_012b42,derived,
0x012B4C,0x012BE2,FUN_012b4c,derived,
0x012BE2,0x012C34,FUN_012be2,derived,
0x012C34,0x012C68,FUN_012c34,derived,
0x012C68,0x012C6E,FUN_012c68,derived,
0x012C6E,0x012C9C,FUN_012c6e,derived,
0x012C9C,0x012D16,FUN_012c9c,derived,
0x012D16,0x012DB4,FUN_012d16,derived,
0x012DB4,0x012E56,FUN_012db4,derived,
0x012E56,0x012EB8,FUN_012e56,derived,
0x012EB8,0x012EC2,FUN_012eb8,derived,
0x012EC2,0x012ED4,FUN_012ec2,derived,
0x012ED4,0x012F2C,FUN_012ed4,derived,
0x012F2C,0x012FF0,FUN_012f2c,derived,
0x012FF0,0x013226,FUN_012ff0,derived,
0x013226,0x01324C,FUN_013226,derived,
0x01324C,0x013254,FUN_01324c,derived,
0x013254,0x013260,FUN_013254,derived,
0x013260,0x0132C0,FUN_013260,derived,
0x0132C0,0x0133B0,FUN_0132c0,derived,
0x0133B0,0x0133D4,FUN_0133b0,derived,
0x0133D4,0x013402,FUN_0133d4,derived,
0x013402,0x01341C,FUN_013402,derived,
0x01341C,0x01353A,engineConditionDetectForTimingModification,ghidra-hand-xmap,
0x01353A,0x013580,FUN_01353a,derived,
0x013580,0x01368C,FUN_013580,derived,
0x01368C,0x0136F0,FUN_01368c,derived,
0x0136F0,0x01379E,FUN_0136f0,derived,
0x01379E,0x013820,FUN_01379e,derived,
0x013820,0x0138DA,FUN_013820,derived,
0x0138DA,0x01398C,FUN_0138da,derived,
0x01398C,0x01399E,FUN_01398c,derived,
0x01399E,0x0139F8,FUN_01399e,derived,
0x0139F8,0x013A26,FUN_0139f8,derived,
0x013A26,0x013A32,FUN_013a26,derived,
0x013A32,0x013A94,FUN_013a32,derived,
0x013A94,0x013B34,FUN_013a94,derived,
0x013B34,0x013B60,FUN_013b34,derived,
0x013B60,0x013B76,FUN_013b60,derived,
0x013B76,0x013B92,FUN_013b76,derived,
0x013B92,0x013C90,FUN_013b92,derived,
0x013C90,0x013D9A,FUN_013c90,derived,
0x013D9A,0x013DC0,FUN_013d9a,derived,
0x013DC0,0x013DCA,FUN_013dc0,derived,
0x013DCA,0x013DD2,FUN_013dca,derived,
0x013DD2,0x013E22,getKnockControlAllowed??,ghidra-hand-xmap,
0x013E22,0x013E4A,getKnockSensorFaultedStatus?,ghidra-hand-xmap,
0x013E4A,0x013E9E,getKnockControlActive,ghidra-hand-xmap,
0x013E9E,0x013EAC,FUN_013e9e,derived,
0x013EAC,0x013F54,FUN_013eac,derived,
0x013F54,0x013FEC,updateKnockMaxRAM,ghidra-hand-xmap,
0x013FEC,0x013FF0,FUN_013fec,derived,
0x013FF0,0x01407E,FUN_013ff0,derived,
0x01407E,0x014100,FUN_01407e,derived,
0x014100,0x0141B4,FUN_014100,derived,
0x0141B4,0x014230,FUN_0141b4,derived,
0x014230,0x014296,FUN_014230,derived,
0x014296,0x0142AA,FUN_014296,derived,
0x0142AA,0x014324,FUN_0142aa,derived,
0x014324,0x014334,FUN_014324,derived,
0x014334,0x014398,FUN_014334,derived,
0x014398,0x014458,FUN_014398,derived,
0x014458,0x014470,FUN_014458,derived,
0x014470,0x0144F6,FUN_014470,derived,
0x0144F6,0x014558,FUN_0144f6,derived,
0x014558,0x014584,FUN_014558,derived,
0x014584,0x0145EC,FUN_014584,derived,
0x0145EC,0x0146B4,FUN_0145ec,derived,
0x0146B4,0x0146BE,FUN_0146b4,derived,
0x0146BE,0x0146D8,FUN_0146be,derived,
0x0146D8,0x0146DA,FUN_0146d8,derived,
0x0146DA,0x014728,FUN_0146da,derived,
0x014728,0x014744,FUN_014728,derived,
0x014744,0x014748,FUN_014744,derived,
0x014748,0x0147B8,FUN_014748,derived,
0x0147B8,0x0147EE,calculateAllTimingLoadCompensation,ghidra-hand-xmap,
0x0147EE,0x014808,FUN_0147ee,derived,
0x014808,0x01480A,FUN_014808,derived,
0x01480A,0x014830,FUN_01480a,derived,
0x014830,0x01484A,FUN_014830,derived,
0x01484A,0x014858,FUN_01484a,derived,
0x014858,0x014862,FUN_014858,derived,
0x014862,0x014874,FUN_014862,derived,
0x014874,0x014894,FUN_014874,derived,
0x014894,0x014950,FUN_014894,derived,
0x014950,0x014958,FUN_014950,derived,
0x014958,0x014A7A,FUN_014958,derived,
0x014A7A,0x014AEE,FUN_014a7a,derived,
0x014AEE,0x014B0E,FUN_014aee,derived,
0x014B0E,0x014B26,FUN_014b0e,derived,
0x014B26,0x014B6A,FUN_014b26,derived,
0x014B6A,0x014BA8,FUN_014b6a,derived,
0x014BA8,0x014C2E,FUN_014ba8,derived,
0x014C2E,0x014C74,FUN_014c2e,derived,
0x014C74,0x014CD4,FUN_014c74,derived,
0x014CD4,0x014D10,FUN_014cd4,derived,
0x014D10,0x014D2E,FUN_014d10,derived,
0x014D2E,0x014D48,FUN_014d2e,derived,
0x014D48,0x014D58,FUN_014d48,derived,
0x014D58,0x014D5A,FUN_014d58,derived,
0x014D5A,0x014D68,FUN_014d5a,derived,
0x014D68,0x014D6E,FUN_014d68,derived,
0x014D6E,0x014D74,FUN_014d6e,derived,
0x014D74,0x014DA4,FUN_014d74,derived,
0x014DA4,0x014DC6,FUN_014da4,derived,
0x014DC6,0x014E08,FUN_014dc6,derived,
0x014E08,0x014E28,FUN_014e08,derived,
0x014E28,0x014E5E,FUN_014e28,derived,
0x014E5E,0x014E7A,FUN_014e5e,derived,
0x014E7A,0x014EC0,FUN_014e7a,derived,
0x014EC0,0x014ED0,FUN_014ec0,derived,
0x014ED0,0x014ED4,FUN_014ed0,derived,
0x014ED4,0x014EDC,FUN_014ed4,derived,
0x014EDC,0x014F4E,FUN_014edc,derived,
0x014F4E,0x014F58,FUN_014f4e,derived,
0x014F58,0x014F6A,FUN_014f58,derived,
0x014F6A,0x014F78,FUN_014f6a,derived,
0x014F78,0x014FAE,FUN_014f78,derived,
0x014FAE,0x014FF8,FUN_014fae,derived,
0x014FF8,0x014FFC,FUN_014ff8,derived,
0x014FFC,0x01525E,FUN_014ffc,derived,
0x01525E,0x015288,FUN_01525e,derived,
0x015288,0x0152F6,FUN_015288,derived,
0x0152F6,0x015334,FUN_0152f6,derived,
0x015334,0x0153C4,FUN_015334,derived,
0x0153C4,0x01561C,FUN_0153c4,derived,
0x01561C,0x01571C,FUN_01561c,derived,
0x01571C,0x01596A,FUN_01571c,derived,
0x01596A,0x015A1C,FUN_01596a,derived,
0x015A1C,0x015A46,FUN_015a1c,derived,
0x015A46,0x015A62,FUN_015a46,derived,
0x015A62,0x015B32,FUN_015a62,derived,
0x015B32,0x015B4A,FUN_015b32,derived,
0x015B4A,0x015B74,FUN_015b4a,derived,
0x015B74,0x015B9E,FUN_015b74,derived,
0x015B9E,0x015D2A,FUN_015b9e,derived,
0x015D2A,0x015D78,FUN_015d2a,derived,
0x015D78,0x015DCE,FUN_015d78,derived,
0x015DCE,0x015E92,FUN_015dce,derived,
0x015E92,0x015F30,FUN_015e92,derived,
0x015F30,0x015FB4,FUN_015f30,derived,
0x015FB4,0x016004,FUN_015fb4,derived,
0x016004,0x01600E,FUN_016004,derived,
0x01600E,0x016050,FUN_01600e,derived,
0x016050,0x0160C6,FUN_016050,derived,
0x0160C6,0x016258,FUN_0160c6,derived,
0x016258,0x01626C,FUN_016258,derived,
0x01626C,0x01635E,FUN_01626c,derived,
0x01635E,0x016396,FUN_01635e,derived,
0x016396,0x0163C2,FUN_016396,derived,
0x0163C2,0x016452,FUN_0163c2,derived,
0x016452,0x016494,FUN_016452,derived,
0x016494,0x0164AC,FUN_016494,derived,
0x0164AC,0x0164C6,FUN_0164ac,derived,
0x0164C6,0x0164CA,FUN_0164c6,derived,
0x0164CA,0x0164D8,FUN_0164ca,derived,
0x0164D8,0x016534,FUN_0164d8,derived,
0x016534,0x0165D8,FUN_016534,derived,
0x0165D8,0x01662E,FUN_0165d8,derived,
0x01662E,0x0166B6,FUN_01662e,derived,
0x0166B6,0x016744,FUN_0166b6,derived,
0x016744,0x016890,FUN_016744,derived,
0x016890,0x0168B8,FUN_016890,derived,
0x0168B8,0x0168D2,FUN_0168b8,derived,
0x0168D2,0x016960,FUN_0168d2,derived,
0x016960,0x01696A,FUN_016960,derived,
0x01696A,0x0169AA,FUN_01696a,derived,
0x0169AA,0x016A0E,FUN_0169aa,derived,
0x016A0E,0x016AF2,FUN_016a0e,derived,
0x016AF2,0x016B0A,FUN_016af2,derived,
0x016B0A,0x016B98,FUN_016b0a,derived,
0x016B98,0x016BAA,FUN_016b98,derived,
0x016BAA,0x016BEE,FUN_016baa,derived,
0x016BEE,0x016C58,FUN_016bee,derived,
0x016C58,0x016C68,FUN_016c58,derived,
0x016C68,0x016C78,FUN_016c68,derived,
0x016C78,0x016C80,FUN_016c78,derived,
0x016C80,0x016CC4,FUN_016c80,derived,
0x016CC4,0x016CD8,FUN_016cc4,derived,
0x016CD8,0x016D16,FUN_016cd8,derived,
0x016D16,0x016D86,FUN_016d16,derived,
0x016D86,0x016D8C,FUN_016d86,derived,
0x016D8C,0x016E18,FUN_016d8c,derived,
0x016E18,0x016EEC,FUN_016e18,derived,
0x016EEC,0x016F34,ImmoRelatedFaultSomething?,ghidra-hand-xmap,
0x016F34,0x016F3A,FUN_016f34,derived,
0x016F3A,0x016F56,FUN_016f3a,derived,
0x016F56,0x016F98,FUN_016f56,derived,
0x016F98,0x016FB4,FUN_016f98,derived,
0x016FB4,0x016FC6,FUN_016fb4,derived,
0x016FC6,0x017038,FUN_016fc6,derived,
0x017038,0x017068,readImmoBit,ghidra-hand-xmap,
0x017068,0x01709A,FUN_017068,derived,
0x01709A,0x0170CC,FUN_01709a,derived,
0x0170CC,0x0170FE,FUN_0170cc,derived,
0x0170FE,0x017130,FUN_0170fe,derived,
0x017130,0x01713C,FUN_017130,derived,
0x01713C,0x01716E,FUN_01713c,derived,
0x01716E,0x0171A0,FUN_01716e,derived,
0x0171A0,0x0171DC,FUN_0171a0,derived,
0x0171DC,0x017212,FUN_0171dc,derived,
0x017212,0x01722E,FUN_017212,derived,
0x01722E,0x017244,FUN_01722e,derived,
0x017244,0x0172F8,FUN_017244,derived,
0x0172F8,0x017418,FUN_0172f8,derived,
0x017418,0x017506,FUN_017418,derived,
0x017506,0x01752C,FUN_017506,derived,
0x01752C,0x017556,FUN_01752c,derived,
0x017556,0x01771C,FUN_017556,derived,
0x01771C,0x017744,FUN_01771c,derived,
0x017744,0x017934,FUN_017744,derived,
0x017934,0x017936,FUN_017934,derived,
0x017936,0x017952,FUN_017936,derived,
0x017952,0x01795A,FUN_017952,derived,
0x01795A,0x01795C,FUN_01795a,derived,
0x01795C,0x0179DA,FUN_01795c,derived,
0x0179DA,0x017B86,FUN_0179da,derived,
0x017B86,0x017C9C,FUN_017b86,derived,
0x017C9C,0x017D58,FUN_017c9c,derived,
0x017D58,0x017E2E,FUN_017d58,derived,
0x017E2E,0x018000,FUN_017e2e,derived,
0x018000,0x018054,FUN_018000,derived,
0x018054,0x018092,FUN_018054,derived,
0x018092,0x01813C,FUN_018092,derived,
0x01813C,0x018150,FUN_01813c,derived,
0x018150,0x0181B0,FUN_018150,derived,
0x0181B0,0x0181C8,FUN_0181b0,derived,
0x0181C8,0x0181E6,FUN_0181c8,derived,
0x0181E6,0x0181FE,FUN_0181e6,derived,
0x0181FE,0x018212,FUN_0181fe,derived,
0x018212,0x018288,FUN_018212,derived,
0x018288,0x0182C2,FUN_018288,derived,
0x0182C2,0x0182C4,FUN_0182c2,derived,
0x0182C4,0x018448,FUN_0182c4,derived,
0x018448,0x018456,FUN_018448,derived,
0x018456,0x018474,FUN_018456,derived,
0x018474,0x018492,FUN_018474,derived,
0x018492,0x01850A,omp_control_task_1825E,ghidra-hand-xmap,
0x01850A,0x018566,FUN_01850a,derived,
0x018566,0x018786,FUN_018566,derived,
0x018786,0x0188AA,FUN_018786,derived,
0x0188AA,0x0188D8,FUN_0188aa,derived,
0x0188D8,0x018A94,FUN_0188d8,derived,
0x018A94,0x018AE6,FUN_018a94,derived,
0x018AE6,0x018AF0,FUN_018ae6,derived,
0x018AF0,0x018AFC,FUN_018af0,derived,
0x018AFC,0x018C22,FUN_018afc,derived,
0x018C22,0x018C6A,FUN_018c22,derived,
0x018C6A,0x018C70,FUN_018c6a,derived,
0x018C70,0x018E3C,FUN_018c70,derived,
0x018E3C,0x018E90,FUN_018e3c,derived,
0x018E90,0x018E9E,FUN_018e90,derived,
0x018E9E,0x018EA0,FUN_018e9e,derived,
0x018EA0,0x018EA2,FUN_018ea0,derived,
0x018EA2,0x018EF4,FUN_018ea2,derived,
0x018EF4,0x018FCC,FUN_018ef4,derived,
0x018FCC,0x018FDA,FUN_018fcc,derived,
0x018FDA,0x018FE8,FUN_018fda,derived,
0x018FE8,0x018FF2,FUN_018fe8,derived,
0x018FF2,0x018FFC,FUN_018ff2,derived,
0x018FFC,0x019022,FUN_018ffc,derived,
0x019022,0x019024,FUN_019022,derived,
0x019024,0x019046,FUN_019024,derived,
0x019046,0x019052,FUN_019046,derived,
0x019052,0x019058,FUN_019052,derived,
0x019058,0x019084,FUN_019058,derived,
0x019084,0x0190B8,FUN_019084,derived,
0x0190B8,0x0190DC,FUN_0190b8,derived,
0x0190DC,0x019100,FUN_0190dc,derived,
0x019100,0x0191CC,FUN_019100,derived,
0x0191CC,0x019234,FUN_0191cc,derived,
0x019234,0x0192E2,FUN_019234,derived,
0x0192E2,0x0193F8,FUN_0192e2,derived,
0x0193F8,0x019460,FUN_0193f8,derived,
0x019460,0x0194F4,FUN_019460,derived,
0x0194F4,0x019534,FUN_0194f4,derived,
0x019534,0x01959C,FUN_019534,derived,
0x01959C,0x019642,FUN_01959c,derived,
0x019642,0x0197AC,FUN_019642,derived,
0x0197AC,0x0197DC,FUN_0197ac,derived,
0x0197DC,0x01980C,FUN_0197dc,derived,
0x01980C,0x019B44,FUN_01980c,derived,
0x019B44,0x019B80,FUN_019b44,derived,
0x019B80,0x019C24,FUN_019b80,derived,
0x019C24,0x019CD0,getSecondaryAirPumpRequest,ghidra-hand-xmap,
0x019CD0,0x019D10,FUN_019cd0,derived,
0x019D10,0x019DAA,getConditonalsFuelCutRelated?,ghidra-hand-xmap,
0x019DAA,0x019E64,FUN_019daa,derived,
0x019E64,0x019E7A,FUN_019e64,derived,
0x019E7A,0x019F22,FUN_019e7a,derived,
0x019F22,0x019F36,FUN_019f22,derived,
0x019F36,0x019F56,FUN_019f36,derived,
0x019F56,0x019F7E,FUN_019f56,derived,
0x019F7E,0x01A01A,FUN_019f7e,derived,
0x01A01A,0x01A03A,FUN_01a01a,derived,
0x01A03A,0x01A0C0,FUN_01a03a,derived,
0x01A0C0,0x01A16A,FUN_01a0c0,derived,
0x01A16A,0x01A19A,FUN_01a16a,derived,
0x01A19A,0x01A1A4,FUN_01a19a,derived,
0x01A1A4,0x01A1EE,FUN_01a1a4,derived,
0x01A1EE,0x01A224,FUN_01a1ee,derived,
0x01A224,0x01A226,FUN_01a224,derived,
0x01A226,0x01A294,FUN_01a226,derived,
0x01A294,0x01A2BC,FUN_01a294,derived,
0x01A2BC,0x01A2C6,FUN_01a2bc,derived,
0x01A2C6,0x01A2CE,FUN_01a2c6,derived,
0x01A2CE,0x01A2E6,FUN_01a2ce,derived,
0x01A2E6,0x01A2F0,FUN_01a2e6,derived,
0x01A2F0,0x01A322,FUN_01a2f0,derived,
0x01A322,0x01A332,decrementTempForCatModel??,ghidra-hand-xmap,
0x01A332,0x01A34C,FUN_01a332,derived,
0x01A34C,0x01A37A,FUN_01a34c,derived,
0x01A37A,0x01A3B0,FUN_01a37a,derived,
0x01A3B0,0x01A3B2,FUN_01a3b0,derived,
0x01A3B2,0x01A3CC,FUN_01a3b2,derived,
0x01A3CC,0x01A3F2,FUN_01a3cc,derived,
0x01A3F2,0x01A40E,FUN_01a3f2,derived,
0x01A40E,0x01A410,FUN_01a40e,derived,
0x01A410,0x01A436,FUN_01a410,derived,
0x01A436,0x01A454,FUN_01a436,derived,
0x01A454,0x01A462,FUN_01a454,derived,
0x01A462,0x01A4B6,FUN_01a462,derived,
0x01A4B6,0x01A5D2,FUN_01a4b6,derived,
0x01A5D2,0x01A616,FUN_01a5d2,derived,
0x01A616,0x01A696,FUN_01a616,derived,
0x01A696,0x01A7A6,FUN_01a696,derived,
0x01A7A6,0x01A7BE,FUN_01a7a6,derived,
0x01A7BE,0x01A830,FUN_01a7be,derived,
0x01A830,0x01A872,FUN_01a830,derived,
0x01A872,0x01A888,FUN_01a872,derived,
0x01A888,0x01A930,FUN_01a888,derived,
0x01A930,0x01AA4C,FUN_01a930,derived,
0x01AA4C,0x01AA60,FUN_01aa4c,derived,
0x01AA60,0x01AAC6,FUN_01aa60,derived,
0x01AAC6,0x01AAEE,FUN_01aac6,derived,
0x01AAEE,0x01AB0E,FUN_01aaee,derived,
0x01AB0E,0x01AB58,FUN_01ab0e,derived,
0x01AB58,0x01AB80,calculateKeyOnTime,ghidra-hand-xmap,
0x01AB80,0x01ABB0,calculateKeyOffTime,ghidra-hand-xmap,
0x01ABB0,0x01ABBE,FUN_01abb0,derived,
0x01ABBE,0x01ABCC,FUN_01abbe,derived,
0x01ABCC,0x01ACC6,FUN_01abcc,derived,
0x01ACC6,0x01ACD2,FUN_01acc6,derived,
0x01ACD2,0x01AD06,FUN_01acd2,derived,
0x01AD06,0x01AD4A,someMainFunction,ghidra-hand-xmap,
0x01AD4A,0x01AD74,FUN_01ad4a,derived,
0x01AD74,0x01ADC2,FUN_01ad74,derived,
0x01ADC2,0x01AF2C,FUN_01adc2,derived,
0x01AF2C,0x01AFB0,initOrNewLoopMAYBE,ghidra-hand-xmap,
0x01AFB0,0x01AFC8,FUN_01afb0,derived,
0x01AFC8,0x01AFEA,FUN_01afc8,derived,
0x01AFEA,0x01B03E,FUN_01afea,derived,
0x01B03E,0x01B0A0,FUN_01b03e,derived,
0x01B0A0,0x01B0A6,FUN_01b0a0,derived,
0x01B0A6,0x01B1E8,FUN_01b0a6,derived,
0x01B1E8,0x01B1EE,FUN_01b1e8,derived,
0x01B1EE,0x01B2D8,FUN_01b1ee,derived,
0x01B2D8,0x01B308,FUN_01b2d8,derived,
0x01B308,0x01B368,FUN_01b308,derived,
0x01B368,0x01B380,FUN_01b368,derived,
0x01B380,0x01B398,FUN_01b380,derived,
0x01B398,0x01B3B4,FUN_01b398,derived,
0x01B3B4,0x01B3C6,FUN_01b3b4,derived,
0x01B3C6,0x01B3C8,FUN_01b3c6,derived,
0x01B3C8,0x01B406,FUN_01b3c8,derived,
0x01B406,0x01B432,FUN_01b406,derived,
0x01B432,0x01B580,FUN_01b432,derived,
0x01B580,0x01B5A8,FUN_01b580,derived,
0x01B5A8,0x01B5C8,FUN_01b5a8,derived,
0x01B5C8,0x01B5D6,FUN_01b5c8,derived,
0x01B5D6,0x01B6B4,FUN_01b5d6,derived,
0x01B6B4,0x01B70E,FUN_01b6b4,derived,
0x01B70E,0x01B782,FUN_01b70e,derived,
0x01B782,0x01B7B2,FUN_01b782,derived,
0x01B7B2,0x01B824,FUN_01b7b2,derived,
0x01B824,0x01B82E,FUN_01b824,derived,
0x01B82E,0x01B838,FUN_01b82e,derived,
0x01B838,0x01B8E0,FUN_01b838,derived,
0x01B8E0,0x01B8F4,FUN_01b8e0,derived,
0x01B8F4,0x01B922,FUN_01b8f4,derived,
0x01B922,0x01B93C,FUN_01b922,derived,
0x01B93C,0x01B954,FUN_01b93c,derived,
0x01B954,0x01B9B0,FUN_01b954,derived,
0x01B9B0,0x01B9D8,FUN_01b9b0,derived,
0x01B9D8,0x01B9EC,FUN_01b9d8,derived,
0x01B9EC,0x01BA04,FUN_01b9ec,derived,
0x01BA04,0x01BA22,FUN_01ba04,derived,
0x01BA22,0x01BA66,FUN_01ba22,derived,
0x01BA66,0x01BA76,FUN_01ba66,derived,
0x01BA76,0x01BAB4,FUN_01ba76,derived,
0x01BAB4,0x01BAD6,FUN_01bab4,derived,
0x01BAD6,0x01BBA0,FUN_01bad6,derived,
0x01BBA0,0x01BBF2,FUN_01bba0,derived,
0x01BBF2,0x01BC96,FUN_01bbf2,derived,
0x01BC96,0x01BD16,FUN_01bc96,derived,
0x01BD16,0x01BDC8,FUN_01bd16,derived,
0x01BDC8,0x01BE5A,FUN_01bdc8,derived,
0x01BE5A,0x01BF58,FUN_01be5a,derived,
0x01BF58,0x01C098,FUN_01bf58,derived,
0x01C098,0x01C0B0,FUN_01c098,derived,
0x01C0B0,0x01C0E8,FUN_01c0b0,derived,
0x01C0E8,0x01C114,FUN_01c0e8,derived,
0x01C114,0x01C19C,FUN_01c114,derived,
0x01C19C,0x01C1B8,FUN_01c19c,derived,
0x01C1B8,0x01C1D0,FUN_01c1b8,derived,
0x01C1D0,0x01C2CA,FUN_01c1d0,derived,
0x01C2CA,0x01C328,FUN_01c2ca,derived,
0x01C328,0x01C398,FUN_01c328,derived,
0x01C398,0x01C3B6,FUN_01c398,derived,
0x01C3B6,0x01C406,FUN_01c3b6,derived,
0x01C406,0x01C4C4,FUN_01c406,derived,
0x01C4C4,0x01C4DE,FUN_01c4c4,derived,
0x01C4DE,0x01C76A,FUN_01c4de,derived,
0x01C76A,0x01C9C0,FUN_01c76a,derived,
0x01C9C0,0x01CA74,FUN_01c9c0,derived,
0x01CA74,0x01CCB8,FUN_01ca74,derived,
0x01CCB8,0x01CD5C,FUN_01ccb8,derived,
0x01CD5C,0x01CD66,FUN_01cd5c,derived,
0x01CD66,0x01CD68,FUN_01cd66,derived,
0x01CD68,0x01CE20,FUN_01cd68,derived,
0x01CE20,0x01CEB0,FUN_01ce20,derived,
0x01CEB0,0x01CEBA,FUN_01ceb0,derived,
0x01CEBA,0x01CFD4,FUN_01ceba,derived,
0x01CFD4,0x01CFDA,FUN_01cfd4,derived,
0x01CFDA,0x01CFDE,FUN_01cfda,derived,
0x01CFDE,0x01CFF0,FUN_01cfde,derived,
0x01CFF0,0x01D02A,FUN_01cff0,derived,
0x01D02A,0x01D058,FUN_01d02a,derived,
0x01D058,0x01D06C,FUN_01d058,derived,
0x01D06C,0x01D09C,FUN_01d06c,derived,
0x01D09C,0x01D0DC,FUN_01d09c,derived,
0x01D0DC,0x01D0FC,FUN_01d0dc,derived,
0x01D0FC,0x01D106,FUN_01d0fc,derived,
0x01D106,0x01D10E,FUN_01d106,derived,
0x01D10E,0x01D126,FUN_01d10e,derived,
0x01D126,0x01D130,FUN_01d126,derived,
0x01D130,0x01D14A,FUN_01d130,derived,
0x01D14A,0x01D174,FUN_01d14a,derived,
0x01D174,0x01D270,FUN_01d174,derived,
0x01D270,0x01D276,FUN_01d270,derived,
0x01D276,0x01D280,FUN_01d276,derived,
0x01D280,0x01D2C4,FUN_01d280,derived,
0x01D2C4,0x01D30A,FUN_01d2c4,derived,
0x01D30A,0x01D322,FUN_01d30a,derived,
0x01D322,0x01D348,FUN_01d322,derived,
0x01D348,0x01D366,FUN_01d348,derived,
0x01D366,0x01D372,FUN_01d366,derived,
0x01D372,0x01D37E,FUN_01d372,derived,
0x01D37E,0x01D3A8,FUN_01d37e,derived,
0x01D3A8,0x01D3AC,FUN_01d3a8,derived,
0x01D3AC,0x01D3D4,FUN_01d3ac,derived,
0x01D3D4,0x01D3DC,FUN_01d3d4,derived,
0x01D3DC,0x01D41A,FUN_01d3dc,derived,
0x01D41A,0x01D482,FUN_01d41a,derived,
0x01D482,0x01D488,FUN_01d482,derived,
0x01D488,0x01D496,FUN_01d488,derived,
0x01D496,0x01D4BA,FUN_01d496,derived,
0x01D4BA,0x01D4E4,FUN_01d4ba,derived,
0x01D4E4,0x01D4F0,FUN_01d4e4,derived,
0x01D4F0,0x01D4F4,FUN_01d4f0,derived,
0x01D4F4,0x01D502,FUN_01d4f4,derived,
0x01D502,0x01D516,FUN_01d502,derived,
0x01D516,0x01D520,FUN_01d516,derived,
0x01D520,0x01D560,FUN_01d520,derived,
0x01D560,0x01D574,FUN_01d560,derived,
0x01D574,0x01D5B4,FUN_01d574,derived,
0x01D5B4,0x01D5BE,FUN_01d5b4,derived,
0x01D5BE,0x01D5D6,FUN_01d5be,derived,
0x01D5D6,0x01D60A,FUN_01d5d6,derived,
0x01D60A,0x01D614,FUN_01d60a,derived,
0x01D614,0x01D61C,FUN_01d614,derived,
0x01D61C,0x01D620,FUN_01d61c,derived,
0x01D620,0x01D626,FUN_01d620,derived,
0x01D626,0x01D6E4,FUN_01d626,derived,
0x01D6E4,0x01D716,FUN_01d6e4,derived,
0x01D716,0x01D724,FUN_01d716,derived,
0x01D724,0x01D732,FUN_01d724,derived,
0x01D732,0x01D734,FUN_01d732,derived,
0x01D734,0x01D740,FUN_01d734,derived,
0x01D740,0x01D7A0,FUN_01d740,derived,
0x01D7A0,0x01D89E,FUN_01d7a0,derived,
0x01D89E,0x01D8C6,FUN_01d89e,derived,
0x01D8C6,0x01D8EA,FUN_01d8c6,derived,
0x01D8EA,0x01D8EE,FUN_01d8ea,derived,
0x01D8EE,0x01D8F2,FUN_01d8ee,derived,
0x01D8F2,0x01D8FC,FUN_01d8f2,derived,
0x01D8FC,0x01D902,FUN_01d8fc,derived,
0x01D902,0x01D918,FUN_01d902,derived,
0x01D918,0x01D922,FUN_01d918,derived,
0x01D922,0x01DB48,FUN_01d922,derived,
0x01DB48,0x01DB4E,FUN_01db48,derived,
0x01DB4E,0x01DCB6,FUN_01db4e,derived,
0x01DCB6,0x01DCC6,FUN_01dcb6,derived,
0x01DCC6,0x01DD2E,FUN_01dcc6,derived,
0x01DD2E,0x01DD3C,FUN_01dd2e,derived,
0x01DD3C,0x01DD4A,FUN_01dd3c,derived,
0x01DD4A,0x01DD54,FUN_01dd4a,derived,
0x01DD54,0x01DDD8,FUN_01dd54,derived,
0x01DDD8,0x01DDEE,FUN_01ddd8,derived,
0x01DDEE,0x01DE32,FUN_01ddee,derived,
0x01DE32,0x01DE42,FUN_01de32,derived,
0x01DE42,0x01DE52,FUN_01de42,derived,
0x01DE52,0x01DE56,FUN_01de52,derived,
0x01DE56,0x01DE5A,FUN_01de56,derived,
0x01DE5A,0x01DE5C,FUN_01de5a,derived,
0x01DE5C,0x01DE66,FUN_01de5c,derived,
0x01DE66,0x01DE6E,FUN_01de66,derived,
0x01DE6E,0x01DE8C,FUN_01de6e,derived,
0x01DE8C,0x01DEB4,FUN_01de8c,derived,
0x01DEB4,0x01DF6A,FUN_01deb4,derived,
0x01DF6A,0x01DFDE,FUN_01df6a,derived,
0x01DFDE,0x01DFE6,FUN_01dfde,derived,
0x01DFE6,0x01DFEA,FUN_01dfe6,derived,
0x01DFEA,0x01DFEC,FUN_01dfea,derived,
0x01DFEC,0x01DFF2,FUN_01dfec,derived,
0x01DFF2,0x01DFFC,FUN_01dff2,derived,
0x01DFFC,0x01E002,FUN_01dffc,derived,
0x01E002,0x01E008,FUN_01e002,derived,
0x01E008,0x01E022,FUN_01e008,derived,
0x01E022,0x01E044,FUN_01e022,derived,
0x01E044,0x01E08A,FUN_01e044,derived,
0x01E08A,0x01E090,FUN_01e08a,derived,
0x01E090,0x01E0B6,FUN_01e090,derived,
0x01E0B6,0x01E0C6,FUN_01e0b6,derived,
0x01E0C6,0x01E0DE,FUN_01e0c6,derived,
0x01E0DE,0x01E0EA,FUN_01e0de,derived,
0x01E0EA,0x01E0EE,FUN_01e0ea,derived,
0x01E0EE,0x01E106,FUN_01e0ee,derived,
0x01E106,0x01E112,FUN_01e106,derived,
0x01E112,0x01E11E,FUN_01e112,derived,
0x01E11E,0x01E12A,FUN_01e11e,derived,
0x01E12A,0x01E148,FUN_01e12a,derived,
0x01E148,0x01E15A,FUN_01e148,derived,
0x01E15A,0x01E162,FUN_01e15a,derived,
0x01E162,0x01E292,FUN_01e162,derived,
0x01E292,0x01E340,FUN_01e292,derived,
0x01E340,0x01E3D6,FUN_01e340,derived,
0x01E3D6,0x01E3FA,FUN_01e3d6,derived,
0x01E3FA,0x01E468,FUN_01e3fa,derived,
0x01E468,0x01E4FE,FUN_01e468,derived,
0x01E4FE,0x01E522,FUN_01e4fe,derived,
0x01E522,0x01E5AA,FUN_01e522,derived,
0x01E5AA,0x01E5B8,FUN_01e5aa,derived,
0x01E5B8,0x01E604,FUN_01e5b8,derived,
0x01E604,0x01E646,FUN_01e604,derived,
0x01E646,0x01E666,FUN_01e646,derived,
0x01E666,0x01E66A,FUN_01e666,derived,
0x01E66A,0x01E672,FUN_01e66a,derived,
0x01E672,0x01E694,FUN_01e672,derived,
0x01E694,0x01E6BC,FUN_01e694,derived,
0x01E6BC,0x01E6D4,FUN_01e6bc,derived,
0x01E6D4,0x01E726,FUN_01e6d4,derived,
0x01E726,0x01E73E,FUN_01e726,derived,
0x01E73E,0x01E76C,FUN_01e73e,derived,
0x01E76C,0x01E76E,FUN_01e76c,derived,
0x01E76E,0x01E778,FUN_01e76e,derived,
0x01E778,0x01E79C,FUN_01e778,derived,
0x01E79C,0x01E892,FUN_01e79c,derived,
0x01E892,0x01E8A8,FUN_01e892,derived,
0x01E8A8,0x01E8C8,FUN_01e8a8,derived,
0x01E8C8,0x01E8DE,FUN_01e8c8,derived,
0x01E8DE,0x01E8FC,FUN_01e8de,derived,
0x01E8FC,0x01E9A2,FUN_01e8fc,derived,
0x01E9A2,0x01E9E6,FUN_01e9a2,derived,
0x01E9E6,0x01EA0C,FUN_01e9e6,derived,
0x01EA0C,0x01EA2C,FUN_01ea0c,derived,
0x01EA2C,0x01EA62,FUN_01ea2c,derived,
0x01EA62,0x01EA76,FUN_01ea62,derived,
0x01EA76,0x01EAEA,FUN_01ea76,derived,
0x01EAEA,0x01EB10,FUN_01eaea,derived,
0x01EB10,0x01EB34,FUN_01eb10,derived,
0x01EB34,0x01EB8A,FUN_01eb34,derived,
0x01EB8A,0x01EBEC,FUN_01eb8a,derived,
0x01EBEC,0x01EBEE,FUN_01ebec,derived,
0x01EBEE,0x01EC60,FUN_01ebee,derived,
0x01EC60,0x01EC7A,FUN_01ec60,derived,
0x01EC7A,0x01ECA8,FUN_01ec7a,derived,
0x01ECA8,0x01ECF8,FUN_01eca8,derived,
0x01ECF8,0x01ED92,FUN_01ecf8,derived,
0x01ED92,0x01ED9E,FUN_01ed92,derived,
0x01ED9E,0x01EDB6,FUN_01ed9e,derived,
0x01EDB6,0x01EDD0,FUN_01edb6,derived,
0x01EDD0,0x01EDD6,FUN_01edd0,derived,
0x01EDD6,0x01EE62,FUN_01edd6,derived,
0x01EE62,0x01EE8C,FUN_01ee62,derived,
0x01EE8C,0x01EEBE,getRearO2FilteredValue,ghidra-hand-xmap,
0x01EEBE,0x01EED4,FUN_01eebe,derived,
0x01EED4,0x01EF06,FUN_01eed4,derived,
0x01EF06,0x01EF18,FUN_01ef06,derived,
0x01EF18,0x01EF76,FUN_01ef18,derived,
0x01EF76,0x01EF86,FUN_01ef76,derived,
0x01EF86,0x01EF8A,FUN_01ef86,derived,
0x01EF8A,0x01EF8E,FUN_01ef8a,derived,
0x01EF8E,0x01EFB8,FUN_01ef8e,derived,
0x01EFB8,0x01EFC4,FUN_01efb8,derived,
0x01EFC4,0x01F002,FUN_01efc4,derived,
0x01F002,0x01F0FC,FUN_01f002,derived,
0x01F0FC,0x01F106,FUN_01f0fc,derived,
0x01F106,0x01F110,FUN_01f106,derived,
0x01F110,0x01F114,FUN_01f110,derived,
0x01F114,0x01F12E,FUN_01f114,derived,
0x01F12E,0x01F162,FUN_01f12e,derived,
0x01F162,0x01F16E,FUN_01f162,derived,
0x01F16E,0x01F172,FUN_01f16e,derived,
0x01F172,0x01F17E,FUN_01f172,derived,
0x01F17E,0x01F19E,FUN_01f17e,derived,
0x01F19E,0x01F1D2,FUN_01f19e,derived,
0x01F1D2,0x01F1DC,FUN_01f1d2,derived,
0x01F1DC,0x01F1F0,FUN_01f1dc,derived,
0x01F1F0,0x01F216,FUN_01f1f0,derived,
0x01F216,0x01F218,FUN_01f216,derived,
0x01F218,0x01F23A,FUN_01f218,derived,
0x01F23A,0x01F24E,FUN_01f23a,derived,
0x01F24E,0x01F2A2,FUN_01f24e,derived,
0x01F2A2,0x01F2AA,FUN_01f2a2,derived,
0x01F2AA,0x01F2C4,FUN_01f2aa,derived,
0x01F2C4,0x01F32E,FUN_01f2c4,derived,
0x01F32E,0x01F342,FUN_01f32e,derived,
0x01F342,0x01F366,FUN_01f342,derived,
0x01F366,0x01F38A,FUN_01f366,derived,
0x01F38A,0x01F38E,FUN_01f38a,derived,
0x01F38E,0x01F3A6,FUN_01f38e,derived,
0x01F3A6,0x01F3B6,FUN_01f3a6,derived,
0x01F3B6,0x01F3CA,FUN_01f3b6,derived,
0x01F3CA,0x01F3DA,FUN_01f3ca,derived,
0x01F3DA,0x01F476,FUN_01f3da,derived,
0x01F476,0x01F48E,FUN_01f476,derived,
0x01F48E,0x01F4BE,FUN_01f48e,derived,
0x01F4BE,0x01F4DE,FUN_01f4be,derived,
0x01F4DE,0x01F50A,FUN_01f4de,derived,
0x01F50A,0x01F51A,FUN_01f50a,derived,
0x01F51A,0x01F526,FUN_01f51a,derived,
0x01F526,0x01F536,FUN_01f526,derived,
0x01F536,0x01F5A6,FUN_01f536,derived,
0x01F5A6,0x01F5FE,FUN_01f5a6,derived,
0x01F5FE,0x01F63E,FUN_01f5fe,derived,
0x01F63E,0x01F640,FUN_01f63e,derived,
0x01F640,0x01F64A,FUN_01f640,derived,
0x01F64A,0x01F652,FUN_01f64a,derived,
0x01F652,0x01F664,FUN_01f652,derived,
0x01F664,0x01F68E,FUN_01f664,derived,
0x01F68E,0x01F726,FUN_01f68e,derived,
0x01F726,0x01F73E,FUN_01f726,derived,
0x01F73E,0x01F75E,FUN_01f73e,derived,
0x01F75E,0x01F786,FUN_01f75e,derived,
0x01F786,0x01F78A,FUN_01f786,derived,
0x01F78A,0x01F79E,FUN_01f78a,derived,
0x01F79E,0x01F7C4,FUN_01f79e,derived,
0x01F7C4,0x01F7D2,FUN_01f7c4,derived,
0x01F7D2,0x01F7F0,FUN_01f7d2,derived,
0x01F7F0,0x01F7F6,FUN_01f7f0,derived,
0x01F7F6,0x01F834,FUN_01f7f6,derived,
0x01F834,0x01F856,FUN_01f834,derived,
0x01F856,0x01F896,FUN_01f856,derived,
0x01F896,0x01F8A2,FUN_01f896,derived,
0x01F8A2,0x01F8BE,FUN_01f8a2,derived,
0x01F8BE,0x01F8CC,FUN_01f8be,derived,
0x01F8CC,0x01F8DA,FUN_01f8cc,derived,
0x01F8DA,0x01F8F6,FUN_01f8da,derived,
0x01F8F6,0x01F8FA,FUN_01f8f6,derived,
0x01F8FA,0x01F9B2,FUN_01f8fa,derived,
0x01F9B2,0x01FA38,FUN_01f9b2,derived,
0x01FA38,0x01FA50,FUN_01fa38,derived,
0x01FA50,0x01FA98,FUN_01fa50,derived,
0x01FA98,0x01FAC0,FUN_01fa98,derived,
0x01FAC0,0x01FAFC,FUN_01fac0,derived,
0x01FAFC,0x01FBB4,fuelTrimRelated?,ghidra-hand-xmap,
0x01FBB4,0x01FBB8,FUN_01fbb4,derived,
0x01FBB8,0x01FBBC,FUN_01fbb8,derived,
0x01FBBC,0x01FBBE,FUN_01fbbc,derived,
0x01FBBE,0x01FBC0,FUN_01fbbe,derived,
0x01FBC0,0x01FBC4,FUN_01fbc0,derived,
0x01FBC4,0x01FBC8,FUN_01fbc4,derived,
0x01FBC8,0x01FBCC,FUN_01fbc8,derived,
0x01FBCC,0x01FC8C,FUN_01fbcc,derived,
0x01FC8C,0x01FC9A,FUN_01fc8c,derived,
0x01FC9A,0x01FD1C,FUN_01fc9a,derived,
0x01FD1C,0x01FDDE,FUN_01fd1c,derived,
0x01FDDE,0x01FDEE,FUN_01fdde,derived,
0x01FDEE,0x01FE2A,FUN_01fdee,derived,
0x01FE2A,0x01FE36,FUN_01fe2a,derived,
0x01FE36,0x01FE44,FUN_01fe36,derived,
0x01FE44,0x01FF0A,FUN_01fe44,derived,
0x01FF0A,0x01FF3E,FUN_01ff0a,derived,
0x01FF3E,0x01FF46,FUN_01ff3e,derived,
0x01FF46,0x01FF52,FUN_01ff46,derived,
0x01FF52,0x01FF72,FUN_01ff52,derived,
0x01FF72,0x01FF7A,FUN_01ff72,derived,
0x01FF7A,0x01FF7E,FUN_01ff7a,derived,
0x01FF7E,0x020000,FUN_01ff7e,derived,
0x020000,0x020022,FUN_020000,derived,
0x020022,0x02002A,FUN_020022,derived,
0x02002A,0x02003A,FUN_02002a,derived,
0x02003A,0x020104,FUN_02003a,derived,
0x020104,0x02010E,FUN_020104,derived,
0x02010E,0x020116,FUN_02010e,derived,
0x020116,0x020126,FUN_020116,derived,
0x020126,0x020154,FUN_020126,derived,
0x020154,0x020166,FUN_020154,derived,
0x020166,0x02016E,FUN_020166,derived,
0x02016E,0x0201FA,FUN_02016e,derived,
0x0201FA,0x020200,FUN_0201fa,derived,
0x020200,0x02022E,FUN_020200,derived,
0x02022E,0x0202C2,getMAFOpertionRange,ghidra-hand-xmap,
0x0202C2,0x02036A,FUN_0202c2,derived,
0x02036A,0x02037C,FUN_02036a,derived,
0x02037C,0x020380,FUN_02037c,derived,
0x020380,0x0203FA,FUN_020380,derived,
0x0203FA,0x020478,FUN_0203fa,derived,
0x020478,0x0204B2,FUN_020478,derived,
0x0204B2,0x0204BA,FUN_0204b2,derived,
0x0204BA,0x0204BE,FUN_0204ba,derived,
0x0204BE,0x0204D2,FUN_0204be,derived,
0x0204D2,0x02052C,FUN_0204d2,derived,
0x02052C,0x020532,FUN_02052c,derived,
0x020532,0x020538,FUN_020532,derived,
0x020538,0x020540,FUN_020538,derived,
0x020540,0x02057C,FUN_020540,derived,
0x02057C,0x0205D4,FUN_02057c,derived,
0x0205D4,0x0205E8,FUN_0205d4,derived,
0x0205E8,0x0205EE,FUN_0205e8,derived,
0x0205EE,0x020622,FUN_0205ee,derived,
0x020622,0x02065E,FUN_020622,derived,
0x02065E,0x020664,FUN_02065e,derived,
0x020664,0x02066E,FUN_020664,derived,
0x02066E,0x0206B2,FUN_02066e,derived,
0x0206B2,0x0206D0,FUN_0206b2,derived,
0x0206D0,0x0206D6,FUN_0206d0,derived,
0x0206D6,0x0206EE,FUN_0206d6,derived,
0x0206EE,0x020728,FUN_0206ee,derived,
0x020728,0x020736,FUN_020728,derived,
0x020736,0x0207A8,FUN_020736,derived,
0x0207A8,0x0208DC,FUN_0207a8,derived,
0x0208DC,0x0208F2,FUN_0208dc,derived,
0x0208F2,0x02090A,FUN_0208f2,derived,
0x02090A,0x02090E,FUN_02090a,derived,
0x02090E,0x020916,FUN_02090e,derived,
0x020916,0x02094C,FUN_020916,derived,
0x02094C,0x020956,FUN_02094c,derived,
0x020956,0x02096C,FUN_020956,derived,
0x02096C,0x020970,FUN_02096c,derived,
0x020970,0x0209A2,FUN_020970,derived,
0x0209A2,0x0209D4,FUN_0209a2,derived,
0x0209D4,0x0209E6,FUN_0209d4,derived,
0x0209E6,0x020A34,FUN_0209e6,derived,
0x020A34,0x020A4E,FUN_020a34,derived,
0x020A4E,0x020A56,FUN_020a4e,derived,
0x020A56,0x020A5E,FUN_020a56,derived,
0x020A5E,0x020B36,FUN_020a5e,derived,
0x020B36,0x020B42,FUN_020b36,derived,
0x020B42,0x020B44,FUN_020b42,derived,
0x020B44,0x020B88,calcCLorOLControl,ghidra-hand-xmap,
0x020B88,0x020CAC,FUN_020b88,derived,
0x020CAC,0x020CB6,FUN_020cac,derived,
0x020CB6,0x020CBA,FUN_020cb6,derived,
0x020CBA,0x020CC2,FUN_020cba,derived,
0x020CC2,0x020CC4,FUN_020cc2,derived,
0x020CC4,0x020D0E,FUN_020cc4,derived,
0x020D0E,0x020D1E,FUN_020d0e,derived,
0x020D1E,0x020D3E,FUN_020d1e,derived,
0x020D3E,0x020D4A,FUN_020d3e,derived,
0x020D4A,0x020D66,FUN_020d4a,derived,
0x020D66,0x020DA2,FUN_020d66,derived,
0x020DA2,0x020DAA,FUN_020da2,derived,
0x020DAA,0x020DB6,FUN_020daa,derived,
0x020DB6,0x020DC6,FUN_020db6,derived,
0x020DC6,0x020DE6,FUN_020dc6,derived,
0x020DE6,0x020DF2,FUN_020de6,derived,
0x020DF2,0x020DF6,FUN_020df2,derived,
0x020DF6,0x020E8E,FUN_020df6,derived,
0x020E8E,0x020F4A,FUN_020e8e,derived,
0x020F4A,0x020F56,FUN_020f4a,derived,
0x020F56,0x020F66,FUN_020f56,derived,
0x020F66,0x020F76,FUN_020f66,derived,
0x020F76,0x020F8A,FUN_020f76,derived,
0x020F8A,0x02105A,FUN_020f8a,derived,
0x02105A,0x021060,FUN_02105a,derived,
0x021060,0x0210CE,FUN_021060,derived,
0x0210CE,0x021100,FUN_0210ce,derived,
0x021100,0x02112A,FUN_021100,derived,
0x02112A,0x02113A,FUN_02112a,derived,
0x02113A,0x021146,FUN_02113a,derived,
0x021146,0x02114A,FUN_021146,derived,
0x02114A,0x021150,FUN_02114a,derived,
0x021150,0x021156,FUN_021150,derived,
0x021156,0x021158,FUN_021156,derived,
0x021158,0x02115C,FUN_021158,derived,
0x02115C,0x021166,FUN_02115c,derived,
0x021166,0x02116C,FUN_021166,derived,
0x02116C,0x021170,FUN_02116c,derived,
0x021170,0x0211CA,FUN_021170,derived,
0x0211CA,0x0211E4,FUN_0211ca,derived,
0x0211E4,0x02120A,FUN_0211e4,derived,
0x02120A,0x02121A,FUN_02120a,derived,
0x02121A,0x021228,FUN_02121a,derived,
0x021228,0x021232,FUN_021228,derived,
0x021232,0x021236,FUN_021232,derived,
0x021236,0x021252,FUN_021236,derived,
0x021252,0x02125E,FUN_021252,derived,
0x02125E,0x0212CA,FUN_02125e,derived,
0x0212CA,0x0212D0,FUN_0212ca,derived,
0x0212D0,0x0212E2,FUN_0212d0,derived,
0x0212E2,0x0212E8,FUN_0212e2,derived,
0x0212E8,0x0212EE,FUN_0212e8,derived,
0x0212EE,0x0212F6,FUN_0212ee,derived,
0x0212F6,0x0212FE,FUN_0212f6,derived,
0x0212FE,0x02130A,FUN_0212fe,derived,
0x02130A,0x021342,FUN_02130a,derived,
0x021342,0x0213DA,FUN_021342,derived,
0x0213DA,0x0213DE,FUN_0213da,derived,
0x0213DE,0x0213E2,FUN_0213de,derived,
0x0213E2,0x0213E8,FUN_0213e2,derived,
0x0213E8,0x0213EC,FUN_0213e8,derived,
0x0213EC,0x0213F6,FUN_0213ec,derived,
0x0213F6,0x021456,FUN_0213f6,derived,
0x021456,0x021496,FUN_021456,derived,
0x021496,0x0214A2,FUN_021496,derived,
0x0214A2,0x0214AA,FUN_0214a2,derived,
0x0214AA,0x021512,FUN_0214aa,derived,
0x021512,0x02153C,FUN_021512,derived,
0x02153C,0x02155E,FUN_02153c,derived,
0x02155E,0x021572,FUN_02155e,derived,
0x021572,0x0215D8,FUN_021572,derived,
0x0215D8,0x0215E8,FUN_0215d8,derived,
0x0215E8,0x021610,FUN_0215e8,derived,
0x021610,0x02161A,FUN_021610,derived,
0x02161A,0x02161C,FUN_02161a,derived,
0x02161C,0x021624,FUN_02161c,derived,
0x021624,0x021626,FUN_021624,derived,
0x021626,0x021746,FUN_021626,derived,
0x021746,0x021750,FUN_021746,derived,
0x021750,0x021752,FUN_021750,derived,
0x021752,0x021766,FUN_021752,derived,
0x021766,0x0217D4,FUN_021766,derived,
0x0217D4,0x0217DA,FUN_0217d4,derived,
0x0217DA,0x0217DC,FUN_0217da,derived,
0x0217DC,0x0217E6,FUN_0217dc,derived,
0x0217E6,0x0217F8,FUN_0217e6,derived,
0x0217F8,0x021802,FUN_0217f8,derived,
0x021802,0x021804,FUN_021802,derived,
0x021804,0x02180C,FUN_021804,derived,
0x02180C,0x02180E,FUN_02180c,derived,
0x02180E,0x021816,FUN_02180e,derived,
0x021816,0x021818,FUN_021816,derived,
0x021818,0x021822,FUN_021818,derived,
0x021822,0x021838,FUN_021822,derived,
0x021838,0x02183A,FUN_021838,derived,
0x02183A,0x021846,FUN_02183a,derived,
0x021846,0x02186E,FUN_021846,derived,
0x02186E,0x021878,FUN_02186e,derived,
0x021878,0x021890,FUN_021878,derived,
0x021890,0x021928,FUN_021890,derived,
0x021928,0x02192E,FUN_021928,derived,
0x02192E,0x021934,FUN_02192e,derived,
0x021934,0x02193A,FUN_021934,derived,
0x02193A,0x021946,FUN_02193a,derived,
0x021946,0x021962,FUN_021946,derived,
0x021962,0x02196A,FUN_021962,derived,
0x02196A,0x021972,FUN_02196a,derived,
0x021972,0x021974,FUN_021972,derived,
0x021974,0x02197A,FUN_021974,derived,
0x02197A,0x021980,FUN_02197a,derived,
0x021980,0x0219B8,FUN_021980,derived,
0x0219B8,0x021A52,FUN_0219b8,derived,
0x021A52,0x021A82,FUN_021a52,derived,
0x021A82,0x021A90,FUN_021a82,derived,
0x021A90,0x021A96,FUN_021a90,derived,
0x021A96,0x021AA4,FUN_021a96,derived,
0x021AA4,0x021B0C,FUN_021aa4,derived,
0x021B0C,0x021B54,FUN_021b0c,derived,
0x021B54,0x021B5C,FUN_021b54,derived,
0x021B5C,0x021B7C,FUN_021b5c,derived,
0x021B7C,0x021B86,FUN_021b7c,derived,
0x021B86,0x021B8C,FUN_021b86,derived,
0x021B8C,0x021BC4,FUN_021b8c,derived,
0x021BC4,0x021BD4,FUN_021bc4,derived,
0x021BD4,0x021C44,FUN_021bd4,derived,
0x021C44,0x021C4A,FUN_021c44,derived,
0x021C4A,0x021C50,FUN_021c4a,derived,
0x021C50,0x021C56,FUN_021c50,derived,
0x021C56,0x021C60,FUN_021c56,derived,
0x021C60,0x021C62,FUN_021c60,derived,
0x021C62,0x021C6A,FUN_021c62,derived,
0x021C6A,0x021CFE,FUN_021c6a,derived,
0x021CFE,0x021D08,FUN_021cfe,derived,
0x021D08,0x021D20,FUN_021d08,derived,
0x021D20,0x021D26,FUN_021d20,derived,
0x021D26,0x021D3E,CLChangeoverEnrichment??,ghidra-hand-xmap,
0x021D3E,0x021D44,FUN_021d3e,derived,
0x021D44,0x021D74,FUN_021d44,derived,
0x021D74,0x021D84,FUN_021d74,derived,
0x021D84,0x021D96,FUN_021d84,derived,
0x021D96,0x021DAA,FUN_021d96,derived,
0x021DAA,0x021DFC,FUN_021daa,derived,
0x021DFC,0x021E30,FUN_021dfc,derived,
0x021E30,0x021E38,FUN_021e30,derived,
0x021E38,0x021E46,FUN_021e38,derived,
0x021E46,0x021E4A,FUN_021e46,derived,
0x021E4A,0x021E4E,FUN_021e4a,derived,
0x021E4E,0x021E86,FUN_021e4e,derived,
0x021E86,0x021ECE,FUN_021e86,derived,
0x021ECE,0x021ED4,FUN_021ece,derived,
0x021ED4,0x021EF8,FUN_021ed4,derived,
0x021EF8,0x021F36,FUN_021ef8,derived,
0x021F36,0x021F62,FUN_021f36,derived,
0x021F62,0x021F66,FUN_021f62,derived,
0x021F66,0x021F6A,FUN_021f66,derived,
0x021F6A,0x021F6E,FUN_021f6a,derived,
0x021F6E,0x021F78,FUN_021f6e,derived,
0x021F78,0x021FB0,FUN_021f78,derived,
0x021FB0,0x021FC0,FUN_021fb0,derived,
0x021FC0,0x02200A,FUN_021fc0,derived,
0x02200A,0x022056,FUN_02200a,derived,
0x022056,0x022130,FUN_022056,derived,
0x022130,0x022142,FUN_022130,derived,
0x022142,0x022212,FUN_022142,derived,
0x022212,0x022218,FUN_022212,derived,
0x022218,0x022242,FUN_022218,derived,
0x022242,0x022266,FUN_022242,derived,
0x022266,0x0222B4,FUN_022266,derived,
0x0222B4,0x022332,FUN_0222b4,derived,
0x022332,0x022336,FUN_022332,derived,
0x022336,0x022354,FUN_022336,derived,
0x022354,0x02237A,FUN_022354,derived,
0x02237A,0x02237E,FUN_02237a,derived,
0x02237E,0x022384,FUN_02237e,derived,
0x022384,0x022386,FUN_022384,derived,
0x022386,0x02238A,FUN_022386,derived,
0x02238A,0x0223CE,FUN_02238a,derived,
0x0223CE,0x0223DE,FUN_0223ce,derived,
0x0223DE,0x022406,FUN_0223de,derived,
0x022406,0x022416,FUN_022406,derived,
0x022416,0x02246C,FUN_022416,derived,
0x02246C,0x0224B2,FUN_02246c,derived,
0x0224B2,0x0224C6,FUN_0224b2,derived,
0x0224C6,0x0224CC,FUN_0224c6,derived,
0x0224CC,0x0224E2,FUN_0224cc,derived,
0x0224E2,0x0224FA,FUN_0224e2,derived,
0x0224FA,0x0224FE,FUN_0224fa,derived,
0x0224FE,0x022504,FUN_0224fe,derived,
0x022504,0x022556,FUN_022504,derived,
0x022556,0x022574,FUN_022556,derived,
0x022574,0x022586,FUN_022574,derived,
0x022586,0x0225AE,FUN_022586,derived,
0x0225AE,0x0225BE,FUN_0225ae,derived,
0x0225BE,0x0225C0,FUN_0225be,derived,
0x0225C0,0x02260C,FUN_0225c0,derived,
0x02260C,0x022620,FUN_02260c,derived,
0x022620,0x0226B0,FUN_022620,derived,
0x0226B0,0x0226C4,FUN_0226b0,derived,
0x0226C4,0x0226E8,FUN_0226c4,derived,
0x0226E8,0x02270E,FUN_0226e8,derived,
0x02270E,0x022714,FUN_02270e,derived,
0x022714,0x02271A,FUN_022714,derived,
0x02271A,0x02271E,FUN_02271a,derived,
0x02271E,0x022724,FUN_02271e,derived,
0x022724,0x02272A,FUN_022724,derived,
0x02272A,0x022734,FUN_02272a,derived,
0x022734,0x022760,FUN_022734,derived,
0x022760,0x022788,FUN_022760,derived,
0x022788,0x0227C8,FUN_022788,derived,
0x0227C8,0x022800,FUN_0227c8,derived,
0x022800,0x022836,FUN_022800,derived,
0x022836,0x022850,FUN_022836,derived,
0x022850,0x022852,FUN_022850,derived,
0x022852,0x022892,FUN_022852,derived,
0x022892,0x0228A0,FUN_022892,derived,
0x0228A0,0x0228A6,FUN_0228a0,derived,
0x0228A6,0x0228AC,FUN_0228a6,derived,
0x0228AC,0x0228B6,FUN_0228ac,derived,
0x0228B6,0x022988,FUN_0228b6,derived,
0x022988,0x022992,FUN_022988,derived,
0x022992,0x0229B4,FUN_022992,derived,
0x0229B4,0x0229D2,FUN_0229b4,derived,
0x0229D2,0x0229E2,FUN_0229d2,derived,
0x0229E2,0x0229EA,FUN_0229e2,derived,
0x0229EA,0x0229F2,FUN_0229ea,derived,
0x0229F2,0x0229F8,FUN_0229f2,derived,
0x0229F8,0x022A0A,FUN_0229f8,derived,
0x022A0A,0x022A10,FUN_022a0a,derived,
0x022A10,0x022A18,FUN_022a10,derived,
0x022A18,0x022A2E,FUN_022a18,derived,
0x022A2E,0x022A4E,FUN_022a2e,derived,
0x022A4E,0x022A72,FUN_022a4e,derived,
0x022A72,0x022A98,FUN_022a72,derived,
0x022A98,0x022A9E,FUN_022a98,derived,
0x022A9E,0x022AD0,FUN_022a9e,derived,
0x022AD0,0x022ADC,FUN_022ad0,derived,
0x022ADC,0x022AE8,FUN_022adc,derived,
0x022AE8,0x022AF2,FUN_022ae8,derived,
0x022AF2,0x022B00,FUN_022af2,derived,
0x022B00,0x022B08,FUN_022b00,derived,
0x022B08,0x022B1E,FUN_022b08,derived,
0x022B1E,0x022B28,FUN_022b1e,derived,
0x022B28,0x022B3C,FUN_022b28,derived,
0x022B3C,0x022B62,FUN_022b3c,derived,
0x022B62,0x022B80,FUN_022b62,derived,
0x022B80,0x022B9A,FUN_022b80,derived,
0x022B9A,0x022BAA,FUN_022b9a,derived,
0x022BAA,0x022BAC,FUN_022baa,derived,
0x022BAC,0x022BB8,FUN_022bac,derived,
0x022BB8,0x022BBE,FUN_022bb8,derived,
0x022BBE,0x022BC2,FUN_022bbe,derived,
0x022BC2,0x022BC4,FUN_022bc2,derived,
0x022BC4,0x022BCC,FUN_022bc4,derived,
0x022BCC,0x022BD0,FUN_022bcc,derived,
0x022BD0,0x022BF8,FUN_022bd0,derived,
0x022BF8,0x022C2E,FUN_022bf8,derived,
0x022C2E,0x022C34,FUN_022c2e,derived,
0x022C34,0x022C42,FUN_022c34,derived,
0x022C42,0x022C6A,FUN_022c42,derived,
0x022C6A,0x022C72,FUN_022c6a,derived,
0x022C72,0x022C86,FUN_022c72,derived,
0x022C86,0x022CA2,FUN_022c86,derived,
0x022CA2,0x022CAC,FUN_022ca2,derived,
0x022CAC,0x022D2C,FUN_022cac,derived,
0x022D2C,0x022D32,FUN_022d2c,derived,
0x022D32,0x022D4C,FUN_022d32,derived,
0x022D4C,0x022D54,FUN_022d4c,derived,
0x022D54,0x022D56,FUN_022d54,derived,
0x022D56,0x022DEA,FUN_022d56,derived,
0x022DEA,0x022DF4,FUN_022dea,derived,
0x022DF4,0x022E10,FUN_022df4,derived,
0x022E10,0x022E2E,FUN_022e10,derived,
0x022E2E,0x022E5E,FUN_022e2e,derived,
0x022E5E,0x022E76,FUN_022e5e,derived,
0x022E76,0x022E8E,FUN_022e76,derived,
0x022E8E,0x022E9C,FUN_022e8e,derived,
0x022E9C,0x022EAA,FUN_022e9c,derived,
0x022EAA,0x022EB8,FUN_022eaa,derived,
0x022EB8,0x022F1A,FUN_022eb8,derived,
0x022F1A,0x022F1E,FUN_022f1a,derived,
0x022F1E,0x022F22,FUN_022f1e,derived,
0x022F22,0x022F90,FUN_022f22,derived,
0x022F90,0x022F94,FUN_022f90,derived,
0x022F94,0x022FA0,FUN_022f94,derived,
0x022FA0,0x02309C,FUN_022fa0,derived,
0x02309C,0x023100,FUN_02309c,derived,
0x023100,0x023106,FUN_023100,derived,
0x023106,0x02312C,FUN_023106,derived,
0x02312C,0x02319A,ssvControl,ghidra-hand-xmap,
0x02319A,0x0231FC,FUN_02319a,derived,
0x0231FC,0x023264,FUN_0231fc,derived,
0x023264,0x02329A,FUN_023264,derived,
0x02329A,0x0232BC,FUN_02329a,derived,
0x0232BC,0x023542,FUN_0232bc,derived,
0x023542,0x023584,FUN_023542,derived,
0x023584,0x02358E,FUN_023584,derived,
0x02358E,0x0235A8,FUN_02358e,derived,
0x0235A8,0x0235AA,FUN_0235a8,derived,
0x0235AA,0x0235AE,FUN_0235aa,derived,
0x0235AE,0x0235B2,FUN_0235ae,derived,
0x0235B2,0x0235B8,FUN_0235b2,derived,
0x0235B8,0x0235C4,FUN_0235b8,derived,
0x0235C4,0x02362C,fpu_zero_init_routine_222DC,ghidra-hand-xmap,
0x02362C,0x02363A,FUN_02362c,derived,
0x02363A,0x023646,FUN_02363a,derived,
0x023646,0x023656,FUN_023646,derived,
0x023656,0x023714,FUN_023656,derived,
0x023714,0x023778,FUN_023714,derived,
0x023778,0x02378C,FUN_023778,derived,
0x02378C,0x023790,FUN_02378c,derived,
0x023790,0x0237AA,FUN_023790,derived,
0x0237AA,0x0237B4,FUN_0237aa,derived,
0x0237B4,0x0237D4,FUN_0237b4,derived,
0x0237D4,0x0237DA,FUN_0237d4,derived,
0x0237DA,0x023816,FUN_0237da,derived,
0x023816,0x02381A,FUN_023816,derived,
0x02381A,0x023834,FUN_02381a,derived,
0x023834,0x023864,FUN_023834,derived,
0x023864,0x0238DA,FUN_023864,derived,
0x0238DA,0x02392E,FUN_0238da,derived,
0x02392E,0x023938,FUN_02392e,derived,
0x023938,0x023944,FUN_023938,derived,
0x023944,0x02394E,FUN_023944,derived,
0x02394E,0x023956,FUN_02394e,derived,
0x023956,0x02398E,FUN_023956,derived,
0x02398E,0x0239DA,FUN_02398e,derived,
0x0239DA,0x023A7E,FUN_0239da,derived,
0x023A7E,0x023A80,FUN_023a7e,derived,
0x023A80,0x023A84,FUN_023a80,derived,
0x023A84,0x023A8A,FUN_023a84,derived,
0x023A8A,0x023A92,FUN_023a8a,derived,
0x023A92,0x023A9A,FUN_023a92,derived,
0x023A9A,0x023AB8,FUN_023a9a,derived,
0x023AB8,0x023AC6,FUN_023ab8,derived,
0x023AC6,0x023AFC,FUN_023ac6,derived,
0x023AFC,0x023B12,FUN_023afc,derived,
0x023B12,0x023B28,FUN_023b12,derived,
0x023B28,0x023B30,FUN_023b28,derived,
0x023B30,0x023B44,FUN_023b30,derived,
0x023B44,0x023B4C,FUN_023b44,derived,
0x023B4C,0x023B66,FUN_023b4c,derived,
0x023B66,0x023B8A,FUN_023b66,derived,
0x023B8A,0x023C2E,FUN_023b8a,derived,
0x023C2E,0x023C32,FUN_023c2e,derived,
0x023C32,0x023C36,FUN_023c32,derived,
0x023C36,0x023C88,FUN_023c36,derived,
0x023C88,0x023CC2,FUN_023c88,derived,
0x023CC2,0x023CD0,FUN_023cc2,derived,
0x023CD0,0x023CDE,FUN_023cd0,derived,
0x023CDE,0x023CE0,FUN_023cde,derived,
0x023CE0,0x023D06,FUN_023ce0,derived,
0x023D06,0x023D1E,FUN_023d06,derived,
0x023D1E,0x023D22,FUN_023d1e,derived,
0x023D22,0x023D36,FUN_023d22,derived,
0x023D36,0x023D42,FUN_023d36,derived,
0x023D42,0x023D46,FUN_023d42,derived,
0x023D46,0x023D4C,FUN_023d46,derived,
0x023D4C,0x023D52,FUN_023d4c,derived,
0x023D52,0x023E18,FUN_023d52,derived,
0x023E18,0x023E1E,FUN_023e18,derived,
0x023E1E,0x023E7E,FUN_023e1e,derived,
0x023E7E,0x023F1C,FUN_023e7e,derived,
0x023F1C,0x023F22,FUN_023f1c,derived,
0x023F22,0x023F68,FUN_023f22,derived,
0x023F68,0x023F6E,FUN_023f68,derived,
0x023F6E,0x023F7C,FUN_023f6e,derived,
0x023F7C,0x023F7E,FUN_023f7c,derived,
0x023F7E,0x023F84,FUN_023f7e,derived,
0x023F84,0x023FDA,FUN_023f84,derived,
0x023FDA,0x023FE2,FUN_023fda,derived,
0x023FE2,0x023FF8,FUN_023fe2,derived,
0x023FF8,0x024032,FUN_023ff8,derived,
0x024032,0x024086,FUN_024032,derived,
0x024086,0x024088,FUN_024086,derived,
0x024088,0x02408C,FUN_024088,derived,
0x02408C,0x024090,FUN_02408c,derived,
0x024090,0x0240E2,FUN_024090,derived,
0x0240E2,0x024104,FUN_0240e2,derived,
0x024104,0x024112,FUN_024104,derived,
0x024112,0x024118,FUN_024112,derived,
0x024118,0x02411E,FUN_024118,derived,
0x02411E,0x024152,FUN_02411e,derived,
0x024152,0x024164,FUN_024152,derived,
0x024164,0x02416C,FUN_024164,derived,
0x02416C,0x02419A,FUN_02416c,derived,
0x02419A,0x0241BA,FUN_02419a,derived,
0x0241BA,0x0241C2,FUN_0241ba,derived,
0x0241C2,0x0241C8,FUN_0241c2,derived,
0x0241C8,0x0241CC,FUN_0241c8,derived,
0x0241CC,0x0241D0,FUN_0241cc,derived,
0x0241D0,0x0241D6,FUN_0241d0,derived,
0x0241D6,0x0241DC,FUN_0241d6,derived,
0x0241DC,0x0241EA,FUN_0241dc,derived,
0x0241EA,0x02420A,FUN_0241ea,derived,
0x02420A,0x024220,FUN_02420a,derived,
0x024220,0x02422E,FUN_024220,derived,
0x02422E,0x024258,FUN_02422e,derived,
0x024258,0x024260,FUN_024258,derived,
0x024260,0x02427C,FUN_024260,derived,
0x02427C,0x0242B6,FUN_02427c,derived,
0x0242B6,0x0242D6,FUN_0242b6,derived,
0x0242D6,0x0242E0,FUN_0242d6,derived,
0x0242E0,0x0242EA,cruiseControlSetRealted,ghidra-hand-xmap,
0x0242EA,0x0242F6,FUN_0242ea,derived,
0x0242F6,0x02430A,FUN_0242f6,derived,
0x02430A,0x0243F6,FUN_02430a,derived,
0x0243F6,0x02443A,FUN_0243f6,derived,
0x02443A,0x024452,FUN_02443a,derived,
0x024452,0x02446A,FUN_024452,derived,
0x02446A,0x02446E,FUN_02446a,derived,
0x02446E,0x024486,FUN_02446e,derived,
0x024486,0x02450E,FUN_024486,derived,
0x02450E,0x024548,FUN_02450e,derived,
0x024548,0x02455E,FUN_024548,derived,
0x02455E,0x024564,FUN_02455e,derived,
0x024564,0x024566,FUN_024564,derived,
0x024566,0x024596,FUN_024566,derived,
0x024596,0x0245C4,FUN_024596,derived,
0x0245C4,0x0245CC,FUN_0245c4,derived,
0x0245CC,0x024704,FUN_0245cc,derived,
0x024704,0x02470E,FUN_024704,derived,
0x02470E,0x02471E,FUN_02470e,derived,
0x02471E,0x024724,FUN_02471e,derived,
0x024724,0x024732,FUN_024724,derived,
0x024732,0x024736,FUN_024732,derived,
0x024736,0x02482E,FUN_024736,derived,
0x02482E,0x024838,FUN_02482e,derived,
0x024838,0x02483C,FUN_024838,derived,
0x02483C,0x024842,FUN_02483c,derived,
0x024842,0x024846,FUN_024842,derived,
0x024846,0x024858,FUN_024846,derived,
0x024858,0x02492C,FUN_024858,derived,
0x02492C,0x024962,FUN_02492c,derived,
0x024962,0x02497C,FUN_024962,derived,
0x02497C,0x0249DA,FUN_02497c,derived,
0x0249DA,0x024A22,FUN_0249da,derived,
0x024A22,0x024A86,FUN_024a22,derived,
0x024A86,0x024AA8,FUN_024a86,derived,
0x024AA8,0x024AAE,FUN_024aa8,derived,
0x024AAE,0x024AE4,FUN_024aae,derived,
0x024AE4,0x024B1C,FUN_024ae4,derived,
0x024B1C,0x024B38,FUN_024b1c,derived,
0x024B38,0x024B3E,FUN_024b38,derived,
0x024B3E,0x024B48,FUN_024b3e,derived,
0x024B48,0x024B4E,FUN_024b48,derived,
0x024B4E,0x024B7A,FUN_024b4e,derived,
0x024B7A,0x024B86,FUN_024b7a,derived,
0x024B86,0x024B8A,FUN_024b86,derived,
0x024B8A,0x024B96,FUN_024b8a,derived,
0x024B96,0x024B9E,FUN_024b96,derived,
0x024B9E,0x024BA2,FUN_024b9e,derived,
0x024BA2,0x024BC0,FUN_024ba2,derived,
0x024BC0,0x024BCE,FUN_024bc0,derived,
0x024BCE,0x024C3E,FUN_024bce,derived,
0x024C3E,0x024C5C,FUN_024c3e,derived,
0x024C5C,0x024C62,FUN_024c5c,derived,
0x024C62,0x024C66,FUN_024c62,derived,
0x024C66,0x024C6A,FUN_024c66,derived,
0x024C6A,0x024C72,FUN_024c6a,derived,
0x024C72,0x024C76,FUN_024c72,derived,
0x024C76,0x024CA2,FUN_024c76,derived,
0x024CA2,0x024CBE,FUN_024ca2,derived,
0x024CBE,0x024CC2,FUN_024cbe,derived,
0x024CC2,0x024CC6,FUN_024cc2,derived,
0x024CC6,0x024CD2,FUN_024cc6,derived,
0x024CD2,0x024CE2,FUN_024cd2,derived,
0x024CE2,0x024D50,FUN_024ce2,derived,
0x024D50,0x024D58,FUN_024d50,derived,
0x024D58,0x024D6A,FUN_024d58,derived,
0x024D6A,0x024D6E,FUN_024d6a,derived,
0x024D6E,0x024D72,FUN_024d6e,derived,
0x024D72,0x024DB8,FUN_024d72,derived,
0x024DB8,0x024E0C,FUN_024db8,derived,
0x024E0C,0x024E3A,FUN_024e0c,derived,
0x024E3A,0x024E88,FUN_024e3a,derived,
0x024E88,0x024EA8,FUN_024e88,derived,
0x024EA8,0x024EC6,FUN_024ea8,derived,
0x024EC6,0x024EDE,FUN_024ec6,derived,
0x024EDE,0x024F10,FUN_024ede,derived,
0x024F10,0x024FAA,FUN_024f10,derived,
0x024FAA,0x024FCC,FUN_024faa,derived,
0x024FCC,0x024FD4,FUN_024fcc,derived,
0x024FD4,0x024FD6,FUN_024fd4,derived,
0x024FD6,0x024FE0,FUN_024fd6,derived,
0x024FE0,0x024FE2,FUN_024fe0,derived,
0x024FE2,0x025002,FUN_024fe2,derived,
0x025002,0x0250AC,FUN_025002,derived,
0x0250AC,0x0250B2,FUN_0250ac,derived,
0x0250B2,0x0250BE,FUN_0250b2,derived,
0x0250BE,0x0250DE,FUN_0250be,derived,
0x0250DE,0x0250E6,FUN_0250de,derived,
0x0250E6,0x025102,FUN_0250e6,derived,
0x025102,0x0251A0,FUN_025102,derived,
0x0251A0,0x0251B4,FUN_0251a0,derived,
0x0251B4,0x0251C8,FUN_0251b4,derived,
0x0251C8,0x02521C,FUN_0251c8,derived,
0x02521C,0x02524C,FUN_02521c,derived,
0x02524C,0x025268,FUN_02524c,derived,
0x025268,0x02528E,FUN_025268,derived,
0x02528E,0x025292,FUN_02528e,derived,
0x025292,0x025296,FUN_025292,derived,
0x025296,0x02529A,FUN_025296,derived,
0x02529A,0x0252A0,FUN_02529a,derived,
0x0252A0,0x0252A8,FUN_0252a0,derived,
0x0252A8,0x0252F0,FUN_0252a8,derived,
0x0252F0,0x025320,FUN_0252f0,derived,
0x025320,0x025324,FUN_025320,derived,
0x025324,0x025368,FUN_025324,derived,
0x025368,0x025380,FUN_025368,derived,
0x025380,0x025394,FUN_025380,derived,
0x025394,0x0253A2,FUN_025394,derived,
0x0253A2,0x0253BA,FUN_0253a2,derived,
0x0253BA,0x0253C0,FUN_0253ba,derived,
0x0253C0,0x0253CE,FUN_0253c0,derived,
0x0253CE,0x0253D4,FUN_0253ce,derived,
0x0253D4,0x025420,FUN_0253d4,derived,
0x025420,0x025498,FUN_025420,derived,
0x025498,0x0255C2,FUN_025498,derived,
0x0255C2,0x0255FC,FUN_0255c2,derived,
0x0255FC,0x025628,FUN_0255fc,derived,
0x025628,0x02563E,FUN_025628,derived,
0x02563E,0x025666,FUN_02563e,derived,
0x025666,0x02566C,FUN_025666,derived,
0x02566C,0x0256DA,FUN_02566c,derived,
0x0256DA,0x0256E6,FUN_0256da,derived,
0x0256E6,0x025702,FUN_0256e6,derived,
0x025702,0x02570E,FUN_025702,derived,
0x02570E,0x025754,FUN_02570e,derived,
0x025754,0x02575A,FUN_025754,derived,
0x02575A,0x025766,FUN_02575a,derived,
0x025766,0x025792,FUN_025766,derived,
0x025792,0x0257B4,FUN_025792,derived,
0x0257B4,0x0257EA,FUN_0257b4,derived,
0x0257EA,0x0257F2,FUN_0257ea,derived,
0x0257F2,0x02584A,FUN_0257f2,derived,
0x02584A,0x0258F6,FUN_02584a,derived,
0x0258F6,0x02592A,FUN_0258f6,derived,
0x02592A,0x025996,FUN_02592a,derived,
0x025996,0x025A12,FUN_025996,derived,
0x025A12,0x025A1E,FUN_025a12,derived,
0x025A1E,0x025A20,FUN_025a1e,derived,
0x025A20,0x025A38,FUN_025a20,derived,
0x025A38,0x025A62,FUN_025a38,derived,
0x025A62,0x025A72,FUN_025a62,derived,
0x025A72,0x025A76,FUN_025a72,derived,
0x025A76,0x025A82,FUN_025a76,derived,
0x025A82,0x025B78,FUN_025a82,derived,
0x025B78,0x025B7E,FUN_025b78,derived,
0x025B7E,0x025B84,FUN_025b7e,derived,
0x025B84,0x025B8A,FUN_025b84,derived,
0x025B8A,0x025BA2,FUN_025b8a,derived,
0x025BA2,0x025BE6,FUN_025ba2,derived,
0x025BE6,0x025BF2,FUN_025be6,derived,
0x025BF2,0x025BFE,FUN_025bf2,derived,
0x025BFE,0x025C06,FUN_025bfe,derived,
0x025C06,0x025C6A,FUN_025c06,derived,
0x025C6A,0x025CBA,FUN_025c6a,derived,
0x025CBA,0x025CEA,FUN_025cba,derived,
0x025CEA,0x025DDA,FUN_025cea,derived,
0x025DDA,0x025E4E,FUN_025dda,derived,
0x025E4E,0x025EC0,FUN_025e4e,derived,
0x025EC0,0x025EC6,FUN_025ec0,derived,
0x025EC6,0x025ECA,FUN_025ec6,derived,
0x025ECA,0x025EDE,FUN_025eca,derived,
0x025EDE,0x025EEA,FUN_025ede,derived,
0x025EEA,0x025EFC,FUN_025eea,derived,
0x025EFC,0x025F02,FUN_025efc,derived,
0x025F02,0x025F08,FUN_025f02,derived,
0x025F08,0x025F0E,FUN_025f08,derived,
0x025F0E,0x025F14,FUN_025f0e,derived,
0x025F14,0x025F4C,FUN_025f14,derived,
0x025F4C,0x025FEE,FUN_025f4c,derived,
0x025FEE,0x026000,FUN_025fee,derived,
0x026000,0x026092,FUN_026000,derived,
0x026092,0x026096,FUN_026092,derived,
0x026096,0x02609A,FUN_026096,derived,
0x02609A,0x02609E,FUN_02609a,derived,
0x02609E,0x0260A2,FUN_02609e,derived,
0x0260A2,0x0260A6,FUN_0260a2,derived,
0x0260A6,0x0260AA,FUN_0260a6,derived,
0x0260AA,0x0260AE,FUN_0260aa,derived,
0x0260AE,0x0260B2,FUN_0260ae,derived,
0x0260B2,0x0260B6,FUN_0260b2,derived,
0x0260B6,0x02611C,FUN_0260b6,derived,
0x02611C,0x02611E,FUN_02611c,derived,
0x02611E,0x02612E,FUN_02611e,derived,
0x02612E,0x026166,FUN_02612e,derived,
0x026166,0x0261BE,FUN_026166,derived,
0x0261BE,0x0261C2,FUN_0261be,derived,
0x0261C2,0x0261C6,FUN_0261c2,derived,
0x0261C6,0x0261CA,FUN_0261c6,derived,
0x0261CA,0x0261CE,FUN_0261ca,derived,
0x0261CE,0x0261D2,FUN_0261ce,derived,
0x0261D2,0x0261D6,FUN_0261d2,derived,
0x0261D6,0x0261DA,FUN_0261d6,derived,
0x0261DA,0x0261DE,FUN_0261da,derived,
0x0261DE,0x026236,FUN_0261de,derived,
0x026236,0x026244,FUN_026236,derived,
0x026244,0x026248,FUN_026244,derived,
0x026248,0x026256,FUN_026248,derived,
0x026256,0x02628A,FUN_026256,derived,
0x02628A,0x026302,FUN_02628a,derived,
0x026302,0x026306,FUN_026302,derived,
0x026306,0x02630A,FUN_026306,derived,
0x02630A,0x02630E,FUN_02630a,derived,
0x02630E,0x026312,FUN_02630e,derived,
0x026312,0x026316,FUN_026312,derived,
0x026316,0x02631A,FUN_026316,derived,
0x02631A,0x02631E,FUN_02631a,derived,
0x02631E,0x026322,FUN_02631e,derived,
0x026322,0x026326,FUN_026322,derived,
0x026326,0x02636E,FUN_026326,derived,
0x02636E,0x026380,FUN_02636e,derived,
0x026380,0x02638C,FUN_026380,derived,
0x02638C,0x02638E,FUN_02638c,derived,
0x02638E,0x0263AE,FUN_02638e,derived,
0x0263AE,0x02643E,FUN_0263ae,derived,
0x02643E,0x026442,FUN_02643e,derived,
0x026442,0x026446,FUN_026442,derived,
0x026446,0x02644A,FUN_026446,derived,
0x02644A,0x02644E,FUN_02644a,derived,
0x02644E,0x026452,FUN_02644e,derived,
0x026452,0x026456,FUN_026452,derived,
0x026456,0x02645A,FUN_026456,derived,
0x02645A,0x02645E,FUN_02645a,derived,
0x02645E,0x026462,FUN_02645e,derived,
0x026462,0x026498,FUN_026462,derived,
0x026498,0x0264A4,FUN_026498,derived,
0x0264A4,0x0264AA,FUN_0264a4,derived,
0x0264AA,0x026546,FUN_0264aa,derived,
0x026546,0x02654A,FUN_026546,derived,
0x02654A,0x02654E,FUN_02654a,derived,
0x02654E,0x026552,FUN_02654e,derived,
0x026552,0x026556,FUN_026552,derived,
0x026556,0x02655A,FUN_026556,derived,
0x02655A,0x02655E,FUN_02655a,derived,
0x02655E,0x026562,FUN_02655e,derived,
0x026562,0x02656A,FUN_026562,derived,
0x02656A,0x026570,FUN_02656a,derived,
0x026570,0x026576,FUN_026570,derived,
0x026576,0x02658A,FUN_026576,derived,
0x02658A,0x02659C,FUN_02658a,derived,
0x02659C,0x0265CE,FUN_02659c,derived,
0x0265CE,0x0265D8,FUN_0265ce,derived,
0x0265D8,0x0265E2,FUN_0265d8,derived,
0x0265E2,0x0265EE,FUN_0265e2,derived,
0x0265EE,0x0265F2,FUN_0265ee,derived,
0x0265F2,0x0265F6,FUN_0265f2,derived,
0x0265F6,0x0265FA,FUN_0265f6,derived,
0x0265FA,0x0265FE,FUN_0265fa,derived,
0x0265FE,0x026602,FUN_0265fe,derived,
0x026602,0x026654,FUN_026602,derived,
0x026654,0x026658,FUN_026654,derived,
0x026658,0x02665E,FUN_026658,derived,
0x02665E,0x026662,FUN_02665e,derived,
0x026662,0x02666A,FUN_026662,derived,
0x02666A,0x026670,FUN_02666a,derived,
0x026670,0x026674,FUN_026670,derived,
0x026674,0x026680,FUN_026674,derived,
0x026680,0x026742,FUN_026680,derived,
0x026742,0x026746,FUN_026742,derived,
0x026746,0x02674C,FUN_026746,derived,
0x02674C,0x026750,FUN_02674c,derived,
0x026750,0x026754,FUN_026750,derived,
0x026754,0x026758,FUN_026754,derived,
0x026758,0x02675C,FUN_026758,derived,
0x02675C,0x026760,FUN_02675c,derived,
0x026760,0x026764,FUN_026760,derived,
0x026764,0x026768,FUN_026764,derived,
0x026768,0x02676C,FUN_026768,derived,
0x02676C,0x026770,FUN_02676c,derived,
0x026770,0x02677A,FUN_026770,derived,
0x02677A,0x0267C0,FUN_02677a,derived,
0x0267C0,0x0267E0,getAutoTransCal??,ghidra-hand-xmap,
0x0267E0,0x026808,FUN_0267e0,derived,
0x026808,0x026858,FUN_026808,derived,
0x026858,0x02685C,FUN_026858,derived,
0x02685C,0x026862,FUN_02685c,derived,
0x026862,0x026866,FUN_026862,derived,
0x026866,0x02686A,FUN_026866,derived,
0x02686A,0x026888,FUN_02686a,derived,
0x026888,0x02688C,FUN_026888,derived,
0x02688C,0x026890,FUN_02688c,derived,
0x026890,0x026894,FUN_026890,derived,
0x026894,0x026898,FUN_026894,derived,
0x026898,0x02689C,FUN_026898,derived,
0x02689C,0x0268A0,FUN_02689c,derived,
0x0268A0,0x02693A,FUN_0268a0,derived,
0x02693A,0x02693E,FUN_02693a,derived,
0x02693E,0x026942,FUN_02693e,derived,
0x026942,0x026986,FUN_026942,derived,
0x026986,0x026998,FUN_026986,derived,
0x026998,0x02699A,FUN_026998,derived,
0x02699A,0x02699C,FUN_02699a,derived,
0x02699C,0x0269A0,FUN_02699c,derived,
0x0269A0,0x0269A4,FUN_0269a0,derived,
0x0269A4,0x0269A8,FUN_0269a4,derived,
0x0269A8,0x0269AC,FUN_0269a8,derived,
0x0269AC,0x0269AE,FUN_0269ac,derived,
0x0269AE,0x0269B8,FUN_0269ae,derived,
0x0269B8,0x0269BA,FUN_0269b8,derived,
0x0269BA,0x0269FC,FUN_0269ba,derived,
0x0269FC,0x026A0E,FUN_0269fc,derived,
0x026A0E,0x026A16,FUN_026a0e,derived,
0x026A16,0x026A1E,FUN_026a16,derived,
0x026A1E,0x026A32,FUN_026a1e,derived,
0x026A32,0x026A36,FUN_026a32,derived,
0x026A36,0x026A3A,FUN_026a36,derived,
0x026A3A,0x026A3E,FUN_026a3a,derived,
0x026A3E,0x026A42,FUN_026a3e,derived,
0x026A42,0x026A48,FUN_026a42,derived,
0x026A48,0x026A4C,FUN_026a48,derived,
0x026A4C,0x026A50,FUN_026a4c,derived,
0x026A50,0x026A54,FUN_026a50,derived,
0x026A54,0x026A58,FUN_026a54,derived,
0x026A58,0x026A5C,FUN_026a58,derived,
0x026A5C,0x026B42,FUN_026a5c,derived,
0x026B42,0x026B46,FUN_026b42,derived,
0x026B46,0x026B52,FUN_026b46,derived,
0x026B52,0x026B56,FUN_026b52,derived,
0x026B56,0x026B5A,FUN_026b56,derived,
0x026B5A,0x026B60,FUN_026b5a,derived,
0x026B60,0x026B74,FUN_026b60,derived,
0x026B74,0x026B7C,FUN_026b74,derived,
0x026B7C,0x026B82,FUN_026b7c,derived,
0x026B82,0x026B94,FUN_026b82,derived,
0x026B94,0x026BC0,FUN_026b94,derived,
0x026BC0,0x026C0C,FUN_026bc0,derived,
0x026C0C,0x026C12,FUN_026c0c,derived,
0x026C12,0x026C50,FUN_026c12,derived,
0x026C50,0x026C82,FUN_026c50,derived,
0x026C82,0x026C8A,FUN_026c82,derived,
0x026C8A,0x026CDA,FUN_026c8a,derived,
0x026CDA,0x026CE8,FUN_026cda,derived,
0x026CE8,0x026CEC,FUN_026ce8,derived,
0x026CEC,0x026D32,FUN_026cec,derived,
0x026D32,0x026D42,FUN_026d32,derived,
0x026D42,0x026D4A,FUN_026d42,derived,
0x026D4A,0x026D52,FUN_026d4a,derived,
0x026D52,0x026D5A,FUN_026d52,derived,
0x026D5A,0x026DA0,FUN_026d5a,derived,
0x026DA0,0x026DB6,FUN_026da0,derived,
0x026DB6,0x026DF0,FUN_026db6,derived,
0x026DF0,0x026DF6,FUN_026df0,derived,
0x026DF6,0x026DFA,FUN_026df6,derived,
0x026DFA,0x026DFE,FUN_026dfa,derived,
0x026DFE,0x026E02,FUN_026dfe,derived,
0x026E02,0x026E06,FUN_026e02,derived,
0x026E06,0x026E1C,FUN_026e06,derived,
0x026E1C,0x026E42,FUN_026e1c,derived,
0x026E42,0x026E6E,FUN_026e42,derived,
0x026E6E,0x026EB8,FUN_026e6e,derived,
0x026EB8,0x026EE2,FUN_026eb8,derived,
0x026EE2,0x026F0C,FUN_026ee2,derived,
0x026F0C,0x026F12,FUN_026f0c,derived,
0x026F12,0x026F1C,FUN_026f12,derived,
0x026F1C,0x026F22,FUN_026f1c,derived,
0x026F22,0x026F24,FUN_026f22,derived,
0x026F24,0x026F28,FUN_026f24,derived,
0x026F28,0x026F2C,FUN_026f28,derived,
0x026F2C,0x026F30,FUN_026f2c,derived,
0x026F30,0x026F34,FUN_026f30,derived,
0x026F34,0x026F50,FUN_026f34,derived,
0x026F50,0x026F74,FUN_026f50,derived,
0x026F74,0x026F9E,FUN_026f74,derived,
0x026F9E,0x026FBA,FUN_026f9e,derived,
0x026FBA,0x027030,FUN_026fba,derived,
0x027030,0x027038,FUN_027030,derived,
0x027038,0x027040,FUN_027038,derived,
0x027040,0x027052,FUN_027040,derived,
0x027052,0x02705E,FUN_027052,derived,
0x02705E,0x027062,FUN_02705e,derived,
0x027062,0x027082,FUN_027062,derived,
0x027082,0x027106,FUN_027082,derived,
0x027106,0x027178,calculatePredictedEngineSpeed?,ghidra-hand-xmap,
0x027178,0x027184,FUN_027178,derived,
0x027184,0x027192,FUN_027184,derived,
0x027192,0x0271A8,FUN_027192,derived,
0x0271A8,0x027244,FUN_0271a8,derived,
0x027244,0x02724E,FUN_027244,derived,
0x02724E,0x027286,FUN_02724e,derived,
0x027286,0x0272D8,FUN_027286,derived,
0x0272D8,0x02734E,FUN_0272d8,derived,
0x02734E,0x027350,FUN_02734e,derived,
0x027350,0x02735C,FUN_027350,derived,
0x02735C,0x027362,FUN_02735c,derived,
0x027362,0x027364,FUN_027362,derived,
0x027364,0x02736A,FUN_027364,derived,
0x02736A,0x027388,FUN_02736a,derived,
0x027388,0x0273C0,FUN_027388,derived,
0x0273C0,0x0273C4,FUN_0273c0,derived,
0x0273C4,0x0273CA,FUN_0273c4,derived,
0x0273CA,0x0273CE,FUN_0273ca,derived,
0x0273CE,0x027448,FUN_0273ce,derived,
0x027448,0x02744E,FUN_027448,derived,
0x02744E,0x027452,FUN_02744e,derived,
0x027452,0x027454,FUN_027452,derived,
0x027454,0x027456,FUN_027454,derived,
0x027456,0x02745C,FUN_027456,derived,
0x02745C,0x02745E,FUN_02745c,derived,
0x02745E,0x027466,FUN_02745e,derived,
0x027466,0x02746C,FUN_027466,derived,
0x02746C,0x027470,FUN_02746c,derived,
0x027470,0x027472,FUN_027470,derived,
0x027472,0x02747A,FUN_027472,derived,
0x02747A,0x027490,FUN_02747a,derived,
0x027490,0x0274B8,FUN_027490,derived,
0x0274B8,0x027534,FUN_0274b8,derived,
0x027534,0x027538,FUN_027534,derived,
0x027538,0x02753E,FUN_027538,derived,
0x02753E,0x027548,FUN_02753e,derived,
0x027548,0x02755A,FUN_027548,derived,
0x02755A,0x027564,FUN_02755a,derived,
0x027564,0x02756A,FUN_027564,derived,
0x02756A,0x027570,FUN_02756a,derived,
0x027570,0x027588,FUN_027570,derived,
0x027588,0x02758E,FUN_027588,derived,
0x02758E,0x0275A0,FUN_02758e,derived,
0x0275A0,0x0275A2,FUN_0275a0,derived,
0x0275A2,0x0275C0,FUN_0275a2,derived,
0x0275C0,0x0275F0,FUN_0275c0,derived,
0x0275F0,0x02763A,FUN_0275f0,derived,
0x02763A,0x02763E,FUN_02763a,derived,
0x02763E,0x027644,FUN_02763e,derived,
0x027644,0x02764E,FUN_027644,derived,
0x02764E,0x027656,FUN_02764e,derived,
0x027656,0x02769C,FUN_027656,derived,
0x02769C,0x0276B4,FUN_02769c,derived,
0x0276B4,0x0276C8,FUN_0276b4,derived,
0x0276C8,0x0276D0,FUN_0276c8,derived,
0x0276D0,0x0276DC,FUN_0276d0,derived,
0x0276DC,0x0276EA,FUN_0276dc,derived,
0x0276EA,0x027720,FUN_0276ea,derived,
0x027720,0x027724,FUN_027720,derived,
0x027724,0x027754,FUN_027724,derived,
0x027754,0x027760,FUN_027754,derived,
0x027760,0x027762,FUN_027760,derived,
0x027762,0x027764,FUN_027762,derived,
0x027764,0x02777A,FUN_027764,derived,
0x02777A,0x02777E,FUN_02777a,derived,
0x02777E,0x02779E,FUN_02777e,derived,
0x02779E,0x0277B4,FUN_02779e,derived,
0x0277B4,0x0277B8,FUN_0277b4,derived,
0x0277B8,0x0277CC,FUN_0277b8,derived,
0x0277CC,0x0277D6,FUN_0277cc,derived,
0x0277D6,0x0277F4,FUN_0277d6,derived,
0x0277F4,0x02782C,FUN_0277f4,derived,
0x02782C,0x02786E,FUN_02782c,derived,
0x02786E,0x02787C,FUN_02786e,derived,
0x02787C,0x027884,FUN_02787c,derived,
0x027884,0x027888,FUN_027884,derived,
0x027888,0x02788C,FUN_027888,derived,
0x02788C,0x027892,FUN_02788c,derived,
0x027892,0x02789A,FUN_027892,derived,
0x02789A,0x0278C8,FUN_02789a,derived,
0x0278C8,0x0278E0,FUN_0278c8,derived,
0x0278E0,0x027946,FUN_0278e0,derived,
0x027946,0x027948,FUN_027946,derived,
0x027948,0x027974,FUN_027948,derived,
0x027974,0x02797E,FUN_027974,derived,
0x02797E,0x027986,FUN_02797e,derived,
0x027986,0x027988,FUN_027986,derived,
0x027988,0x02798A,FUN_027988,derived,
0x02798A,0x02798E,FUN_02798a,derived,
0x02798E,0x027A5C,FUN_02798e,derived,
0x027A5C,0x027A7E,FUN_027a5c,derived,
0x027A7E,0x027A80,FUN_027a7e,derived,
0x027A80,0x027A96,FUN_027a80,derived,
0x027A96,0x027AA4,FUN_027a96,derived,
0x027AA4,0x027AA8,FUN_027aa4,derived,
0x027AA8,0x027AB4,FUN_027aa8,derived,
0x027AB4,0x027AB6,FUN_027ab4,derived,
0x027AB6,0x027AC2,FUN_027ab6,derived,
0x027AC2,0x027ACA,FUN_027ac2,derived,
0x027ACA,0x027B06,getBatteryVoltageStatus,ghidra-hand-xmap,
0x027B06,0x027BC8,FUN_027b06,derived,
0x027BC8,0x027C0C,getAlternatorFaultStatus,ghidra-hand-xmap,
0x027C0C,0x027C1A,FUN_027c0c,derived,
0x027C1A,0x027C26,FUN_027c1a,derived,
0x027C26,0x027C2C,FUN_027c26,derived,
0x027C2C,0x027C38,FUN_027c2c,derived,
0x027C38,0x027C44,FUN_027c38,derived,
0x027C44,0x027C4A,FUN_027c44,derived,
0x027C4A,0x027C5E,FUN_027c4a,derived,
0x027C5E,0x027C6A,FUN_027c5e,derived,
0x027C6A,0x027C70,FUN_027c6a,derived,
0x027C70,0x027C9A,FUN_027c70,derived,
0x027C9A,0x027CCA,FUN_027c9a,derived,
0x027CCA,0x027D48,FUN_027cca,derived,
0x027D48,0x027D52,FUN_027d48,derived,
0x027D52,0x027D58,FUN_027d52,derived,
0x027D58,0x027D5E,FUN_027d58,derived,
0x027D5E,0x027D60,FUN_027d5e,derived,
0x027D60,0x027D62,FUN_027d60,derived,
0x027D62,0x027D7C,FUN_027d62,derived,
0x027D7C,0x027E50,calculate12VBatteryTemperature,ghidra-hand-xmap,
0x027E50,0x027EAE,FUN_027e50,derived,
0x027EAE,0x027F6E,FUN_027eae,derived,
0x027F6E,0x027F80,FUN_027f6e,derived,
0x027F80,0x028072,FUN_027f80,derived,
0x028072,0x028078,FUN_028072,derived,
0x028078,0x028082,FUN_028078,derived,
0x028082,0x02809E,FUN_028082,derived,
0x02809E,0x0280A2,FUN_02809e,derived,
0x0280A2,0x0280A4,FUN_0280a2,derived,
0x0280A4,0x0280C0,FUN_0280a4,derived,
0x0280C0,0x0280EE,FUN_0280c0,derived,
0x0280EE,0x0281BA,FUN_0280ee,derived,
0x0281BA,0x028202,FUN_0281ba,derived,
0x028202,0x02823C,FUN_028202,derived,
0x02823C,0x02828C,FUN_02823c,derived,
0x02828C,0x02829A,FUN_02828c,derived,
0x02829A,0x02837E,FUN_02829a,derived,
0x02837E,0x028380,FUN_02837e,derived,
0x028380,0x028388,FUN_028380,derived,
0x028388,0x02838C,FUN_028388,derived,
0x02838C,0x028392,FUN_02838c,derived,
0x028392,0x0284CA,FUN_028392,derived,
0x0284CA,0x0285A0,FUN_0284ca,derived,
0x0285A0,0x0285B0,FUN_0285a0,derived,
0x0285B0,0x0285B4,FUN_0285b0,derived,
0x0285B4,0x0285CE,FUN_0285b4,derived,
0x0285CE,0x02866E,FUN_0285ce,derived,
0x02866E,0x028682,FUN_02866e,derived,
0x028682,0x028686,FUN_028682,derived,
0x028686,0x02868A,FUN_028686,derived,
0x02868A,0x02868E,FUN_02868a,derived,
0x02868E,0x028694,FUN_02868e,derived,
0x028694,0x0286A2,FUN_028694,derived,
0x0286A2,0x0286AC,FUN_0286a2,derived,
0x0286AC,0x0286DA,FUN_0286ac,derived,
0x0286DA,0x0286E0,FUN_0286da,derived,
0x0286E0,0x0286EE,FUN_0286e0,derived,
0x0286EE,0x02870E,FUN_0286ee,derived,
0x02870E,0x028718,FUN_02870e,derived,
0x028718,0x02874A,FUN_028718,derived,
0x02874A,0x02875E,FUN_02874a,derived,
0x02875E,0x028798,FUN_02875e,derived,
0x028798,0x02879E,FUN_028798,derived,
0x02879E,0x0287A4,FUN_02879e,derived,
0x0287A4,0x0287BE,FUN_0287a4,derived,
0x0287BE,0x0287D4,FUN_0287be,derived,
0x0287D4,0x028852,FUN_0287d4,derived,
0x028852,0x028854,FUN_028852,derived,
0x028854,0x028872,FUN_028854,derived,
0x028872,0x02888E,FUN_028872,derived,
0x02888E,0x028894,FUN_02888e,derived,
0x028894,0x02889C,FUN_028894,derived,
0x02889C,0x02889E,FUN_02889c,derived,
0x02889E,0x0288AA,FUN_02889e,derived,
0x0288AA,0x0288C0,FUN_0288aa,derived,
0x0288C0,0x0288CA,FUN_0288c0,derived,
0x0288CA,0x028968,FUN_0288ca,derived,
0x028968,0x02896C,FUN_028968,derived,
0x02896C,0x028974,FUN_02896c,derived,
0x028974,0x028990,FUN_028974,derived,
0x028990,0x0289BA,FUN_028990,derived,
0x0289BA,0x0289C4,FUN_0289ba,derived,
0x0289C4,0x0289C6,FUN_0289c4,derived,
0x0289C6,0x0289D0,FUN_0289c6,derived,
0x0289D0,0x0289D4,FUN_0289d0,derived,
0x0289D4,0x0289E0,FUN_0289d4,derived,
0x0289E0,0x0289E8,FUN_0289e0,derived,
0x0289E8,0x0289EA,FUN_0289e8,derived,
0x0289EA,0x0289F6,FUN_0289ea,derived,
0x0289F6,0x028A3E,FUN_0289f6,derived,
0x028A3E,0x028A66,FUN_028a3e,derived,
0x028A66,0x028A7E,FUN_028a66,derived,
0x028A7E,0x028A80,FUN_028a7e,derived,
0x028A80,0x028A86,FUN_028a80,derived,
0x028A86,0x028A98,FUN_028a86,derived,
0x028A98,0x028ABA,FUN_028a98,derived,
0x028ABA,0x028ACC,FUN_028aba,derived,
0x028ACC,0x028AD6,FUN_028acc,derived,
0x028AD6,0x028AE2,FUN_028ad6,derived,
0x028AE2,0x028AEC,FUN_028ae2,derived,
0x028AEC,0x028B0C,FUN_028aec,derived,
0x028B0C,0x028B28,FUN_028b0c,derived,
0x028B28,0x028B38,FUN_028b28,derived,
0x028B38,0x028B64,FUN_028b38,derived,
0x028B64,0x028B70,FUN_028b64,derived,
0x028B70,0x028BAC,FUN_028b70,derived,
0x028BAC,0x028BAE,FUN_028bac,derived,
0x028BAE,0x028BB0,FUN_028bae,derived,
0x028BB0,0x028BB2,FUN_028bb0,derived,
0x028BB2,0x028BBE,FUN_028bb2,derived,
0x028BBE,0x028BDA,FUN_028bbe,derived,
0x028BDA,0x028BDE,FUN_028bda,derived,
0x028BDE,0x028BE2,FUN_028bde,derived,
0x028BE2,0x028BE6,FUN_028be2,derived,
0x028BE6,0x028BEE,FUN_028be6,derived,
0x028BEE,0x028BF0,FUN_028bee,derived,
0x028BF0,0x028C1C,FUN_028bf0,derived,
0x028C1C,0x028C20,FUN_028c1c,derived,
0x028C20,0x028C22,FUN_028c20,derived,
0x028C22,0x028C26,FUN_028c22,derived,
0x028C26,0x028C40,FUN_028c26,derived,
0x028C40,0x028C46,FUN_028c40,derived,
0x028C46,0x028C48,FUN_028c46,derived,
0x028C48,0x028C72,FUN_028c48,derived,
0x028C72,0x028C76,FUN_028c72,derived,
0x028C76,0x028C7C,FUN_028c76,derived,
0x028C7C,0x028C8C,FUN_028c7c,derived,
0x028C8C,0x028C9E,FUN_028c8c,derived,
0x028C9E,0x028CA6,FUN_028c9e,derived,
0x028CA6,0x028CB6,FUN_028ca6,derived,
0x028CB6,0x028CBA,FUN_028cb6,derived,
0x028CBA,0x028CD0,FUN_028cba,derived,
0x028CD0,0x028CF4,FUN_028cd0,derived,
0x028CF4,0x028D2C,FUN_028cf4,derived,
0x028D2C,0x028D38,FUN_028d2c,derived,
0x028D38,0x028D50,FUN_028d38,derived,
0x028D50,0x028D52,FUN_028d50,derived,
0x028D52,0x028D56,FUN_028d52,derived,
0x028D56,0x028D5E,FUN_028d56,derived,
0x028D5E,0x028D78,FUN_028d5e,derived,
0x028D78,0x028D8A,FUN_028d78,derived,
0x028D8A,0x028DA2,FUN_028d8a,derived,
0x028DA2,0x028DA4,FUN_028da2,derived,
0x028DA4,0x028DE6,FUN_028da4,derived,
0x028DE6,0x028DEE,FUN_028de6,derived,
0x028DEE,0x028E26,FUN_028dee,derived,
0x028E26,0x028E2C,FUN_028e26,derived,
0x028E2C,0x028E30,FUN_028e2c,derived,
0x028E30,0x028E54,FUN_028e30,derived,
0x028E54,0x028E5C,FUN_028e54,derived,
0x028E5C,0x028E60,FUN_028e5c,derived,
0x028E60,0x028E70,FUN_028e60,derived,
0x028E70,0x028E72,FUN_028e70,derived,
0x028E72,0x028EAA,FUN_028e72,derived,
0x028EAA,0x028ECE,FUN_028eaa,derived,
0x028ECE,0x028ED6,FUN_028ece,derived,
0x028ED6,0x028EEA,FUN_028ed6,derived,
0x028EEA,0x028EF4,FUN_028eea,derived,
0x028EF4,0x028EFE,FUN_028ef4,derived,
0x028EFE,0x028F0E,FUN_028efe,derived,
0x028F0E,0x028F24,FUN_028f0e,derived,
0x028F24,0x028F2C,FUN_028f24,derived,
0x028F2C,0x028F68,FUN_028f2c,derived,
0x028F68,0x028F6A,FUN_028f68,derived,
0x028F6A,0x028F74,FUN_028f6a,derived,
0x028F74,0x028F80,FUN_028f74,derived,
0x028F80,0x028FB8,FUN_028f80,derived,
0x028FB8,0x028FC0,FUN_028fb8,derived,
0x028FC0,0x028FC8,FUN_028fc0,derived,
0x028FC8,0x028FCC,FUN_028fc8,derived,
0x028FCC,0x028FD6,FUN_028fcc,derived,
0x028FD6,0x028FD8,FUN_028fd6,derived,
0x028FD8,0x029002,FUN_028fd8,derived,
0x029002,0x029014,FUN_029002,derived,
0x029014,0x029038,FUN_029014,derived,
0x029038,0x029060,FUN_029038,derived,
0x029060,0x029070,FUN_029060,derived,
0x029070,0x029074,FUN_029070,derived,
0x029074,0x02909E,FUN_029074,derived,
0x02909E,0x0290D2,FUN_02909e,derived,
0x0290D2,0x0290F0,FUN_0290d2,derived,
0x0290F0,0x029106,FUN_0290f0,derived,
0x029106,0x02912E,FUN_029106,derived,
0x02912E,0x029140,FUN_02912e,derived,
0x029140,0x029142,FUN_029140,derived,
0x029142,0x029144,FUN_029142,derived,
0x029144,0x029156,FUN_029144,derived,
0x029156,0x029160,FUN_029156,derived,
0x029160,0x029164,FUN_029160,derived,
0x029164,0x029174,FUN_029164,derived,
0x029174,0x02919E,FUN_029174,derived,
0x02919E,0x0291A4,FUN_02919e,derived,
0x0291A4,0x0291E2,FUN_0291a4,derived,
0x0291E2,0x02921A,FUN_0291e2,derived,
0x02921A,0x02923E,FUN_02921a,derived,
0x02923E,0x02926A,FUN_02923e,derived,
0x02926A,0x02926C,FUN_02926a,derived,
0x02926C,0x029276,FUN_02926c,derived,
0x029276,0x0292B8,FUN_029276,derived,
0x0292B8,0x0292E4,FUN_0292b8,derived,
0x0292E4,0x029308,FUN_0292e4,derived,
0x029308,0x029326,FUN_029308,derived,
0x029326,0x02934E,FUN_029326,derived,
0x02934E,0x029362,FUN_02934e,derived,
0x029362,0x029364,FUN_029362,derived,
0x029364,0x02936A,FUN_029364,derived,
0x02936A,0x02936E,FUN_02936a,derived,
0x02936E,0x029372,FUN_02936e,derived,
0x029372,0x02937A,FUN_029372,derived,
0x02937A,0x029380,FUN_02937a,derived,
0x029380,0x029382,FUN_029380,derived,
0x029382,0x029386,FUN_029382,derived,
0x029386,0x02938E,FUN_029386,derived,
0x02938E,0x0293A0,FUN_02938e,derived,
0x0293A0,0x0293A6,FUN_0293a0,derived,
0x0293A6,0x0293BC,FUN_0293a6,derived,
0x0293BC,0x0293FE,FUN_0293bc,derived,
0x0293FE,0x029404,FUN_0293fe,derived,
0x029404,0x029410,FUN_029404,derived,
0x029410,0x02941A,FUN_029410,derived,
0x02941A,0x029424,FUN_02941a,derived,
0x029424,0x029462,FUN_029424,derived,
0x029462,0x029464,FUN_029462,derived,
0x029464,0x029480,FUN_029464,derived,
0x029480,0x029494,FUN_029480,derived,
0x029494,0x0294D0,FUN_029494,derived,
0x0294D0,0x0294DA,FUN_0294d0,derived,
0x0294DA,0x029500,FUN_0294da,derived,
0x029500,0x029556,FUN_029500,derived,
0x029556,0x029566,FUN_029556,derived,
0x029566,0x029570,FUN_029566,derived,
0x029570,0x02957C,FUN_029570,derived,
0x02957C,0x02957E,FUN_02957c,derived,
0x02957E,0x029580,FUN_02957e,derived,
0x029580,0x029592,FUN_029580,derived,
0x029592,0x029596,FUN_029592,derived,
0x029596,0x02959A,FUN_029596,derived,
0x02959A,0x0295A6,FUN_02959a,derived,
0x0295A6,0x0295CC,FUN_0295a6,derived,
0x0295CC,0x0295D2,FUN_0295cc,derived,
0x0295D2,0x0295EA,FUN_0295d2,derived,
0x0295EA,0x0295EC,FUN_0295ea,derived,
0x0295EC,0x02960C,FUN_0295ec,derived,
0x02960C,0x029640,FUN_02960c,derived,
0x029640,0x02965E,FUN_029640,derived,
0x02965E,0x0296A0,FUN_02965e,derived,
0x0296A0,0x0296B4,FUN_0296a0,derived,
0x0296B4,0x0296B8,FUN_0296b4,derived,
0x0296B8,0x029710,FUN_0296b8,derived,
0x029710,0x029796,FUN_029710,derived,
0x029796,0x02979E,FUN_029796,derived,
0x02979E,0x0297B2,FUN_02979e,derived,
0x0297B2,0x0297D0,FUN_0297b2,derived,
0x0297D0,0x0297D6,FUN_0297d0,derived,
0x0297D6,0x02981C,FUN_0297d6,derived,
0x02981C,0x029820,FUN_02981c,derived,
0x029820,0x029824,FUN_029820,derived,
0x029824,0x029826,FUN_029824,derived,
0x029826,0x029832,FUN_029826,derived,
0x029832,0x029834,FUN_029832,derived,
0x029834,0x02983C,FUN_029834,derived,
0x02983C,0x0298E4,FUN_02983c,derived,
0x0298E4,0x0298E6,FUN_0298e4,derived,
0x0298E6,0x0298E8,FUN_0298e6,derived,
0x0298E8,0x029914,FUN_0298e8,derived,
0x029914,0x02991A,FUN_029914,derived,
0x02991A,0x02991C,FUN_02991a,derived,
0x02991C,0x02991E,FUN_02991c,derived,
0x02991E,0x029928,FUN_02991e,derived,
0x029928,0x02992E,FUN_029928,derived,
0x02992E,0x029932,FUN_02992e,derived,
0x029932,0x02993C,FUN_029932,derived,
0x02993C,0x029940,FUN_02993c,derived,
0x029940,0x029946,FUN_029940,derived,
0x029946,0x029950,FUN_029946,derived,
0x029950,0x02995A,FUN_029950,derived,
0x02995A,0x029976,FUN_02995a,derived,
0x029976,0x02999C,FUN_029976,derived,
0x02999C,0x0299E4,calcFanControlFaultRelated_MAYBE,ghidra-hand-xmap,
0x0299E4,0x029A26,FUN_0299e4,derived,
0x029A26,0x029A4E,FUN_029a26,derived,
0x029A4E,0x029A56,FUN_029a4e,derived,
0x029A56,0x029A6C,FUN_029a56,derived,
0x029A6C,0x029A72,FUN_029a6c,derived,
0x029A72,0x029A78,FUN_029a72,derived,
0x029A78,0x029A7E,FUN_029a78,derived,
0x029A7E,0x029A90,FUN_029a7e,derived,
0x029A90,0x029A94,FUN_029a90,derived,
0x029A94,0x029A9E,FUN_029a94,derived,
0x029A9E,0x029AA8,FUN_029a9e,derived,
0x029AA8,0x029AB8,FUN_029aa8,derived,
0x029AB8,0x029B22,FUN_029ab8,derived,
0x029B22,0x029B30,FUN_029b22,derived,
0x029B30,0x029B40,FUN_029b30,derived,
0x029B40,0x029B48,FUN_029b40,derived,
0x029B48,0x029B4A,FUN_029b48,derived,
0x029B4A,0x029B4C,FUN_029b4a,derived,
0x029B4C,0x029B56,FUN_029b4c,derived,
0x029B56,0x029B80,FUN_029b56,derived,
0x029B80,0x029B88,FUN_029b80,derived,
0x029B88,0x029B9A,FUN_029b88,derived,
0x029B9A,0x029BA0,FUN_029b9a,derived,
0x029BA0,0x029BA2,FUN_029ba0,derived,
0x029BA2,0x029BAA,FUN_029ba2,derived,
0x029BAA,0x029BAE,FUN_029baa,derived,
0x029BAE,0x029BC0,FUN_029bae,derived,
0x029BC0,0x029C4E,FUN_029bc0,derived,
0x029C4E,0x029C54,FUN_029c4e,derived,
0x029C54,0x029C58,FUN_029c54,derived,
0x029C58,0x029C62,FUN_029c58,derived,
0x029C62,0x029C74,FUN_029c62,derived,
0x029C74,0x029C88,FUN_029c74,derived,
0x029C88,0x029C8C,FUN_029c88,derived,
0x029C8C,0x029CA6,FUN_029c8c,derived,
0x029CA6,0x029D08,FUN_029ca6,derived,
0x029D08,0x029D1A,FUN_029d08,derived,
0x029D1A,0x029D1E,FUN_029d1a,derived,
0x029D1E,0x029D20,FUN_029d1e,derived,
0x029D20,0x029D2A,FUN_029d20,derived,
0x029D2A,0x029D2E,FUN_029d2a,derived,
0x029D2E,0x029D36,FUN_029d2e,derived,
0x029D36,0x029D3C,FUN_029d36,derived,
0x029D3C,0x029D3E,FUN_029d3c,derived,
0x029D3E,0x029DB0,FUN_029d3e,derived,
0x029DB0,0x029DB2,FUN_029db0,derived,
0x029DB2,0x029DCC,FUN_029db2,derived,
0x029DCC,0x029DD6,FUN_029dcc,derived,
0x029DD6,0x029DE0,FUN_029dd6,derived,
0x029DE0,0x029DEA,FUN_029de0,derived,
0x029DEA,0x029E22,FUN_029dea,derived,
0x029E22,0x029E2A,FUN_029e22,derived,
0x029E2A,0x029E3E,FUN_029e2a,derived,
0x029E3E,0x029E46,FUN_029e3e,derived,
0x029E46,0x029E5E,FUN_029e46,derived,
0x029E5E,0x029E68,FUN_029e5e,derived,
0x029E68,0x029E6E,FUN_029e68,derived,
0x029E6E,0x029E70,FUN_029e6e,derived,
0x029E70,0x029E80,FUN_029e70,derived,
0x029E80,0x029E96,FUN_029e80,derived,
0x029E96,0x029ECA,FUN_029e96,derived,
0x029ECA,0x029ED6,FUN_029eca,derived,
0x029ED6,0x029F02,FUN_029ed6,derived,
0x029F02,0x029F0C,FUN_029f02,derived,
0x029F0C,0x029F10,FUN_029f0c,derived,
0x029F10,0x029F18,FUN_029f10,derived,
0x029F18,0x029F44,FUN_029f18,derived,
0x029F44,0x029F46,FUN_029f44,derived,
0x029F46,0x029F4A,FUN_029f46,derived,
0x029F4A,0x029F4E,FUN_029f4a,derived,
0x029F4E,0x029F72,FUN_029f4e,derived,
0x029F72,0x029F7A,FUN_029f72,derived,
0x029F7A,0x029F86,FUN_029f7a,derived,
0x029F86,0x029F88,FUN_029f86,derived,
0x029F88,0x029FB6,FUN_029f88,derived,
0x029FB6,0x02A00C,FUN_029fb6,derived,
0x02A00C,0x02A02E,FUN_02a00c,derived,
0x02A02E,0x02A030,FUN_02a02e,derived,
0x02A030,0x02A052,FUN_02a030,derived,
0x02A052,0x02A05A,FUN_02a052,derived,
0x02A05A,0x02A06A,FUN_02a05a,derived,
0x02A06A,0x02A06C,FUN_02a06a,derived,
0x02A06C,0x02A096,FUN_02a06c,derived,
0x02A096,0x02A09C,FUN_02a096,derived,
0x02A09C,0x02A0AA,FUN_02a09c,derived,
0x02A0AA,0x02A0B4,FUN_02a0aa,derived,
0x02A0B4,0x02A19C,FUN_02a0b4,derived,
0x02A19C,0x02A1EA,FUN_02a19c,derived,
0x02A1EA,0x02A220,FUN_02a1ea,derived,
0x02A220,0x02A264,FUN_02a220,derived,
0x02A264,0x02A2D4,FUN_02a264,derived,
0x02A2D4,0x02A2DE,FUN_02a2d4,derived,
0x02A2DE,0x02A330,FUN_02a2de,derived,
0x02A330,0x02A348,FUN_02a330,derived,
0x02A348,0x02A360,FUN_02a348,derived,
0x02A360,0x02A36C,FUN_02a360,derived,
0x02A36C,0x02A36E,FUN_02a36c,derived,
0x02A36E,0x02A3C8,FUN_02a36e,derived,
0x02A3C8,0x02A3D6,FUN_02a3c8,derived,
0x02A3D6,0x02A3FC,FUN_02a3d6,derived,
0x02A3FC,0x02A402,FUN_02a3fc,derived,
0x02A402,0x02A42E,FUN_02a402,derived,
0x02A42E,0x02A448,FUN_02a42e,derived,
0x02A448,0x02A4D4,FUN_02a448,derived,
0x02A4D4,0x02A4DA,FUN_02a4d4,derived,
0x02A4DA,0x02A514,FUN_02a4da,derived,
0x02A514,0x02A51A,FUN_02a514,derived,
0x02A51A,0x02A52E,FUN_02a51a,derived,
0x02A52E,0x02A534,FUN_02a52e,derived,
0x02A534,0x02A536,FUN_02a534,derived,
0x02A536,0x02A53A,FUN_02a536,derived,
0x02A53A,0x02A542,FUN_02a53a,derived,
0x02A542,0x02A54A,FUN_02a542,derived,
0x02A54A,0x02A55E,FUN_02a54a,derived,
0x02A55E,0x02A602,FUN_02a55e,derived,
0x02A602,0x02A616,FUN_02a602,derived,
0x02A616,0x02A62C,FUN_02a616,derived,
0x02A62C,0x02A66C,FUN_02a62c,derived,
0x02A66C,0x02A6DC,FUN_02a66c,derived,
0x02A6DC,0x02A730,FUN_02a6dc,derived,
0x02A730,0x02A734,FUN_02a730,derived,
0x02A734,0x02A73A,FUN_02a734,derived,
0x02A73A,0x02A76E,FUN_02a73a,derived,
0x02A76E,0x02A770,FUN_02a76e,derived,
0x02A770,0x02A772,FUN_02a770,derived,
0x02A772,0x02A776,FUN_02a772,derived,
0x02A776,0x02A77C,FUN_02a776,derived,
0x02A77C,0x02A784,FUN_02a77c,derived,
0x02A784,0x02A78A,FUN_02a784,derived,
0x02A78A,0x02A7AA,FUN_02a78a,derived,
0x02A7AA,0x02A7C0,FUN_02a7aa,derived,
0x02A7C0,0x02A7D6,FUN_02a7c0,derived,
0x02A7D6,0x02A7DA,FUN_02a7d6,derived,
0x02A7DA,0x02A7EC,FUN_02a7da,derived,
0x02A7EC,0x02A7F6,FUN_02a7ec,derived,
0x02A7F6,0x02A7FC,FUN_02a7f6,derived,
0x02A7FC,0x02A830,FUN_02a7fc,derived,
0x02A830,0x02A86A,FUN_02a830,derived,
0x02A86A,0x02A86E,FUN_02a86a,derived,
0x02A86E,0x02A872,FUN_02a86e,derived,
0x02A872,0x02A87A,FUN_02a872,derived,
0x02A87A,0x02A8B6,FUN_02a87a,derived,
0x02A8B6,0x02A8BE,FUN_02a8b6,derived,
0x02A8BE,0x02A8CA,FUN_02a8be,derived,
0x02A8CA,0x02A8D2,FUN_02a8ca,derived,
0x02A8D2,0x02A914,FUN_02a8d2,derived,
0x02A914,0x02A936,FUN_02a914,derived,
0x02A936,0x02A93C,FUN_02a936,derived,
0x02A93C,0x02A9A0,FUN_02a93c,derived,
0x02A9A0,0x02A9A2,FUN_02a9a0,derived,
0x02A9A2,0x02A9AA,FUN_02a9a2,derived,
0x02A9AA,0x02A9B8,FUN_02a9aa,derived,
0x02A9B8,0x02A9C6,FUN_02a9b8,derived,
0x02A9C6,0x02A9CA,FUN_02a9c6,derived,
0x02A9CA,0x02A9CC,FUN_02a9ca,derived,
0x02A9CC,0x02A9D0,FUN_02a9cc,derived,
0x02A9D0,0x02A9F2,FUN_02a9d0,derived,
0x02A9F2,0x02AA0C,FUN_02a9f2,derived,
0x02AA0C,0x02AA0E,FUN_02aa0c,derived,
0x02AA0E,0x02AA38,FUN_02aa0e,derived,
0x02AA38,0x02AA70,FUN_02aa38,derived,
0x02AA70,0x02AA78,FUN_02aa70,derived,
0x02AA78,0x02AA96,FUN_02aa78,derived,
0x02AA96,0x02AB5A,FUN_02aa96,derived,
0x02AB5A,0x02AB5E,FUN_02ab5a,derived,
0x02AB5E,0x02AB68,FUN_02ab5e,derived,
0x02AB68,0x02AB6C,FUN_02ab68,derived,
0x02AB6C,0x02AB70,FUN_02ab6c,derived,
0x02AB70,0x02AB72,FUN_02ab70,derived,
0x02AB72,0x02AB76,FUN_02ab72,derived,
0x02AB76,0x02AB7A,FUN_02ab76,derived,
0x02AB7A,0x02AB7E,FUN_02ab7a,derived,
0x02AB7E,0x02AB98,FUN_02ab7e,derived,
0x02AB98,0x02AB9A,FUN_02ab98,derived,
0x02AB9A,0x02AB9E,FUN_02ab9a,derived,
0x02AB9E,0x02ABB0,FUN_02ab9e,derived,
0x02ABB0,0x02ABEC,FUN_02abb0,derived,
0x02ABEC,0x02AC28,FUN_02abec,derived,
0x02AC28,0x02AC4C,FUN_02ac28,derived,
0x02AC4C,0x02AC5C,FUN_02ac4c,derived,
0x02AC5C,0x02AC74,FUN_02ac5c,derived,
0x02AC74,0x02AC88,FUN_02ac74,derived,
0x02AC88,0x02ACB6,FUN_02ac88,derived,
0x02ACB6,0x02ACC2,FUN_02acb6,derived,
0x02ACC2,0x02ACCE,FUN_02acc2,derived,
0x02ACCE,0x02ACD6,FUN_02acce,derived,
0x02ACD6,0x02ACDE,FUN_02acd6,derived,
0x02ACDE,0x02ACE4,FUN_02acde,derived,
0x02ACE4,0x02ACFA,FUN_02ace4,derived,
0x02ACFA,0x02AD96,FUN_02acfa,derived,
0x02AD96,0x02ADCC,FUN_02ad96,derived,
0x02ADCC,0x02ADD4,FUN_02adcc,derived,
0x02ADD4,0x02ADDC,FUN_02add4,derived,
0x02ADDC,0x02ADE4,FUN_02addc,derived,
0x02ADE4,0x02AE0A,FUN_02ade4,derived,
0x02AE0A,0x02AE10,FUN_02ae0a,derived,
0x02AE10,0x02AE1C,FUN_02ae10,derived,
0x02AE1C,0x02AE2A,FUN_02ae1c,derived,
0x02AE2A,0x02AE44,FUN_02ae2a,derived,
0x02AE44,0x02AE60,FUN_02ae44,derived,
0x02AE60,0x02AEC4,FUN_02ae60,derived,
0x02AEC4,0x02AECA,FUN_02aec4,derived,
0x02AECA,0x02AEF4,FUN_02aeca,derived,
0x02AEF4,0x02AEF6,FUN_02aef4,derived,
0x02AEF6,0x02AEFC,FUN_02aef6,derived,
0x02AEFC,0x02AF34,can420TXPack,ghidra-hand-xmap,
0x02AF34,0x02AF4A,FUN_02af34,derived,
0x02AF4A,0x02AF4E,FUN_02af4a,derived,
0x02AF4E,0x02AF52,FUN_02af4e,derived,
0x02AF52,0x02AF54,FUN_02af52,derived,
0x02AF54,0x02AF58,FUN_02af54,derived,
0x02AF58,0x02AF5A,FUN_02af58,derived,
0x02AF5A,0x02AF5E,FUN_02af5a,derived,
0x02AF5E,0x02AF62,FUN_02af5e,derived,
0x02AF62,0x02AF6A,stubByte420TX,ghidra-hand-xmap,
0x02AF6A,0x02AF84,FUN_02af6a,derived,
0x02AF84,0x02AF8A,FUN_02af84,derived,
0x02AF8A,0x02AF90,FUN_02af8a,derived,
0x02AF90,0x02AF96,FUN_02af90,derived,
0x02AF96,0x02AF9C,FUN_02af96,derived,
0x02AF9C,0x02AFA2,FUN_02af9c,derived,
0x02AFA2,0x02AFFE,FUN_02afa2,derived,
0x02AFFE,0x02B004,FUN_02affe,derived,
0x02B004,0x02B03C,FUN_02b004,derived,
0x02B03C,0x02B084,FUN_02b03c,derived,
0x02B084,0x02B08E,FUN_02b084,derived,
0x02B08E,0x02B094,FUN_02b08e,derived,
0x02B094,0x02B09A,FUN_02b094,derived,
0x02B09A,0x02B0A0,FUN_02b09a,derived,
0x02B0A0,0x02B0A2,FUN_02b0a0,derived,
0x02B0A2,0x02B0A4,FUN_02b0a2,derived,
0x02B0A4,0x02B0A8,FUN_02b0a4,derived,
0x02B0A8,0x02B0C8,canRX_216_stubs?,ghidra-hand-xmap,
0x02B0C8,0x02B0CA,FUN_02b0c8,derived,
0x02B0CA,0x02B0D0,FUN_02b0ca,derived,
0x02B0D0,0x02B0D8,FUN_02b0d0,derived,
0x02B0D8,0x02B102,FUN_02b0d8,derived,
0x02B102,0x02B10A,FUN_02b102,derived,
0x02B10A,0x02B132,can216RXTimer,ghidra-hand-xmap,
0x02B132,0x02B144,FUN_02b132,derived,
0x02B144,0x02B14A,FUN_02b144,derived,
0x02B14A,0x02B1D0,FUN_02b14a,derived,
0x02B1D0,0x02B1D4,FUN_02b1d0,derived,
0x02B1D4,0x02B1DE,FUN_02b1d4,derived,
0x02B1DE,0x02B1E4,FUN_02b1de,derived,
0x02B1E4,0x02B1EA,FUN_02b1e4,derived,
0x02B1EA,0x02B1F8,FUN_02b1ea,derived,
0x02B1F8,0x02B214,FUN_02b1f8,derived,
0x02B214,0x02B252,FUN_02b214,derived,
0x02B252,0x02B258,FUN_02b252,derived,
0x02B258,0x02B25E,FUN_02b258,derived,
0x02B25E,0x02B310,FUN_02b25e,derived,
0x02B310,0x02B324,FUN_02b310,derived,
0x02B324,0x02B336,FUN_02b324,derived,
0x02B336,0x02B33C,FUN_02b336,derived,
0x02B33C,0x02B34A,FUN_02b33c,derived,
0x02B34A,0x02B35E,FUN_02b34a,derived,
0x02B35E,0x02B3AA,FUN_02b35e,derived,
0x02B3AA,0x02B3AC,FUN_02b3aa,derived,
0x02B3AC,0x02B3AE,FUN_02b3ac,derived,
0x02B3AE,0x02B3B4,FUN_02b3ae,derived,
0x02B3B4,0x02B3E4,FUN_02b3b4,derived,
0x02B3E4,0x02B43C,FUN_02b3e4,derived,
0x02B43C,0x02B446,FUN_02b43c,derived,
0x02B446,0x02B46A,FUN_02b446,derived,
0x02B46A,0x02B470,FUN_02b46a,derived,
0x02B470,0x02B472,FUN_02b470,derived,
0x02B472,0x02B47C,FUN_02b472,derived,
0x02B47C,0x02B480,FUN_02b47c,derived,
0x02B480,0x02B492,FUN_02b480,derived,
0x02B492,0x02B496,FUN_02b492,derived,
0x02B496,0x02B498,FUN_02b496,derived,
0x02B498,0x02B49A,FUN_02b498,derived,
0x02B49A,0x02B4A2,FUN_02b49a,derived,
0x02B4A2,0x02B4AA,FUN_02b4a2,derived,
0x02B4AA,0x02B4CE,FUN_02b4aa,derived,
0x02B4CE,0x02B4D2,FUN_02b4ce,derived,
0x02B4D2,0x02B4D6,FUN_02b4d2,derived,
0x02B4D6,0x02B4D8,FUN_02b4d6,derived,
0x02B4D8,0x02B4E2,FUN_02b4d8,derived,
0x02B4E2,0x02B4EE,FUN_02b4e2,derived,
0x02B4EE,0x02B54A,FUN_02b4ee,derived,
0x02B54A,0x02B5B0,FUN_02b54a,derived,
0x02B5B0,0x02B5B6,FUN_02b5b0,derived,
0x02B5B6,0x02B5E0,FUN_02b5b6,derived,
0x02B5E0,0x02B5E8,FUN_02b5e0,derived,
0x02B5E8,0x02B5EC,FUN_02b5e8,derived,
0x02B5EC,0x02B5F2,FUN_02b5ec,derived,
0x02B5F2,0x02B5F8,FUN_02b5f2,derived,
0x02B5F8,0x02B628,FUN_02b5f8,derived,
0x02B628,0x02B636,FUN_02b628,derived,
0x02B636,0x02B642,FUN_02b636,derived,
0x02B642,0x02B64A,FUN_02b642,derived,
0x02B64A,0x02B64E,FUN_02b64a,derived,
0x02B64E,0x02B652,FUN_02b64e,derived,
0x02B652,0x02B656,FUN_02b652,derived,
0x02B656,0x02B658,FUN_02b656,derived,
0x02B658,0x02B65A,FUN_02b658,derived,
0x02B65A,0x02B680,FUN_02b65a,derived,
0x02B680,0x02B688,stubCAN201Byte2_3,ghidra-hand-xmap,
0x02B688,0x02B68E,FUN_02b688,derived,
0x02B68E,0x02B6FA,FUN_02b68e,derived,
0x02B6FA,0x02B704,FUN_02b6fa,derived,
0x02B704,0x02B73E,FUN_02b704,derived,
0x02B73E,0x02B74C,FUN_02b73e,derived,
0x02B74C,0x02B76A,FUN_02b74c,derived,
0x02B76A,0x02B782,FUN_02b76a,derived,
0x02B782,0x02B7B6,FUN_02b782,derived,
0x02B7B6,0x02B820,FUN_02b7b6,derived,
0x02B820,0x02B826,FUN_02b820,derived,
0x02B826,0x02B850,FUN_02b826,derived,
0x02B850,0x02B856,FUN_02b850,derived,
0x02B856,0x02B858,FUN_02b856,derived,
0x02B858,0x02B880,FUN_02b858,derived,
0x02B880,0x02B88A,FUN_02b880,derived,
0x02B88A,0x02B88C,FUN_02b88a,derived,
0x02B88C,0x02B892,FUN_02b88c,derived,
0x02B892,0x02B894,FUN_02b892,derived,
0x02B894,0x02B898,FUN_02b894,derived,
0x02B898,0x02B8CE,FUN_02b898,derived,
0x02B8CE,0x02B8D4,FUN_02b8ce,derived,
0x02B8D4,0x02B8D8,FUN_02b8d4,derived,
0x02B8D8,0x02B8E2,FUN_02b8d8,derived,
0x02B8E2,0x02B8EC,FUN_02b8e2,derived,
0x02B8EC,0x02B8F6,FUN_02b8ec,derived,
0x02B8F6,0x02B938,FUN_02b8f6,derived,
0x02B938,0x02B95C,FUN_02b938,derived,
0x02B95C,0x02B984,FUN_02b95c,derived,
0x02B984,0x02B98A,FUN_02b984,derived,
0x02B98A,0x02B9A2,FUN_02b98a,derived,
0x02B9A2,0x02B9A8,FUN_02b9a2,derived,
0x02B9A8,0x02BA06,FUN_02b9a8,derived,
0x02BA06,0x02BA0E,FUN_02ba06,derived,
0x02BA0E,0x02BA4A,FUN_02ba0e,derived,
0x02BA4A,0x02BA82,FUN_02ba4a,derived,
0x02BA82,0x02BAA4,FUN_02ba82,derived,
0x02BAA4,0x02BAE2,FUN_02baa4,derived,
0x02BAE2,0x02BAFE,FUN_02bae2,derived,
0x02BAFE,0x02BB24,FUN_02bafe,derived,
0x02BB24,0x02BB4C,FUN_02bb24,derived,
0x02BB4C,0x02BBBE,FUN_02bb4c,derived,
0x02BBBE,0x02BBCE,FUN_02bbbe,derived,
0x02BBCE,0x02BBD2,FUN_02bbce,derived,
0x02BBD2,0x02BBD4,FUN_02bbd2,derived,
0x02BBD4,0x02BBF8,FUN_02bbd4,derived,
0x02BBF8,0x02BBFA,FUN_02bbf8,derived,
0x02BBFA,0x02BC20,FUN_02bbfa,derived,
0x02BC20,0x02BC26,FUN_02bc20,derived,
0x02BC26,0x02BC44,FUN_02bc26,derived,
0x02BC44,0x02BC48,FUN_02bc44,derived,
0x02BC48,0x02BC4C,FUN_02bc48,derived,
0x02BC4C,0x02BC6A,FUN_02bc4c,derived,
0x02BC6A,0x02BC94,FUN_02bc6a,derived,
0x02BC94,0x02BCC8,FUN_02bc94,derived,
0x02BCC8,0x02BD08,FUN_02bcc8,derived,
0x02BD08,0x02BD32,FUN_02bd08,derived,
0x02BD32,0x02BD36,FUN_02bd32,derived,
0x02BD36,0x02BD38,FUN_02bd36,derived,
0x02BD38,0x02BD64,FUN_02bd38,derived,
0x02BD64,0x02BD80,FUN_02bd64,derived,
0x02BD80,0x02BE52,FUN_02bd80,derived,
0x02BE52,0x02BE94,FUN_02be52,derived,
0x02BE94,0x02BE9A,FUN_02be94,derived,
0x02BE9A,0x02BEC4,can251TX_getAndPack,ghidra-hand-xmap,
0x02BEC4,0x02BECC,FUN_02bec4,derived,
0x02BECC,0x02BF0C,FUN_02becc,derived,
0x02BF0C,0x02BF42,FUN_02bf0c,derived,
0x02BF42,0x02BF4C,FUN_02bf42,derived,
0x02BF4C,0x02BF56,FUN_02bf4c,derived,
0x02BF56,0x02BF90,FUN_02bf56,derived,
0x02BF90,0x02C164,FUN_02bf90,derived,
0x02C164,0x02C1B0,FUN_02c164,derived,
0x02C1B0,0x02C254,FUN_02c1b0,derived,
0x02C254,0x02C260,FUN_02c254,derived,
0x02C260,0x02C2A4,FUN_02c260,derived,
0x02C2A4,0x02C2B2,FUN_02c2a4,derived,
0x02C2B2,0x02C328,FUN_02c2b2,derived,
0x02C328,0x02C3A6,FUN_02c328,derived,
0x02C3A6,0x02C3C2,FUN_02c3a6,derived,
0x02C3C2,0x02C3E6,FUN_02c3c2,derived,
0x02C3E6,0x02C48C,FUN_02c3e6,derived,
0x02C48C,0x02C49A,FUN_02c48c,derived,
0x02C49A,0x02C4F8,FUN_02c49a,derived,
0x02C4F8,0x02C53C,FUN_02c4f8,derived,
0x02C53C,0x02C5EC,FUN_02c53c,derived,
0x02C5EC,0x02C62A,FUN_02c5ec,derived,
0x02C62A,0x02C63E,FUN_02c62a,derived,
0x02C63E,0x02C642,FUN_02c63e,derived,
0x02C642,0x02C646,FUN_02c642,derived,
0x02C646,0x02C654,FUN_02c646,derived,
0x02C654,0x02C65A,FUN_02c654,derived,
0x02C65A,0x02C67E,FUN_02c65a,derived,
0x02C67E,0x02C682,FUN_02c67e,derived,
0x02C682,0x02C69A,FUN_02c682,derived,
0x02C69A,0x02C6DC,FUN_02c69a,derived,
0x02C6DC,0x02C6EC,FUN_02c6dc,derived,
0x02C6EC,0x02C6F0,FUN_02c6ec,derived,
0x02C6F0,0x02C6FA,FUN_02c6f0,derived,
0x02C6FA,0x02C716,FUN_02c6fa,derived,
0x02C716,0x02C73A,FUN_02c716,derived,
0x02C73A,0x02C782,FUN_02c73a,derived,
0x02C782,0x02C7BE,FUN_02c782,derived,
0x02C7BE,0x02C7C4,FUN_02c7be,derived,
0x02C7C4,0x02C832,FUN_02c7c4,derived,
0x02C832,0x02C836,FUN_02c832,derived,
0x02C836,0x02C852,FUN_02c836,derived,
0x02C852,0x02C860,FUN_02c852,derived,
0x02C860,0x02C86E,FUN_02c860,derived,
0x02C86E,0x02C872,FUN_02c86e,derived,
0x02C872,0x02C874,FUN_02c872,derived,
0x02C874,0x02C876,FUN_02c874,derived,
0x02C876,0x02C87E,FUN_02c876,derived,
0x02C87E,0x02C880,FUN_02c87e,derived,
0x02C880,0x02C882,FUN_02c880,derived,
0x02C882,0x02C88A,FUN_02c882,derived,
0x02C88A,0x02C896,FUN_02c88a,derived,
0x02C896,0x02C89A,FUN_02c896,derived,
0x02C89A,0x02C89C,FUN_02c89a,derived,
0x02C89C,0x02C8A2,FUN_02c89c,derived,
0x02C8A2,0x02C8AC,FUN_02c8a2,derived,
0x02C8AC,0x02C8B2,FUN_02c8ac,derived,
0x02C8B2,0x02C8BE,FUN_02c8b2,derived,
0x02C8BE,0x02C8DA,FUN_02c8be,derived,
0x02C8DA,0x02C950,FUN_02c8da,derived,
0x02C950,0x02C96E,FUN_02c950,derived,
0x02C96E,0x02C974,FUN_02c96e,derived,
0x02C974,0x02C984,FUN_02c974,derived,
0x02C984,0x02C98E,FUN_02c984,derived,
0x02C98E,0x02C9B2,FUN_02c98e,derived,
0x02C9B2,0x02C9CA,FUN_02c9b2,derived,
0x02C9CA,0x02C9DE,FUN_02c9ca,derived,
0x02C9DE,0x02CA1A,FUN_02c9de,derived,
0x02CA1A,0x02CA8E,FUN_02ca1a,derived,
0x02CA8E,0x02CA9A,FUN_02ca8e,derived,
0x02CA9A,0x02CAA2,FUN_02ca9a,derived,
0x02CAA2,0x02CAAC,FUN_02caa2,derived,
0x02CAAC,0x02CAB2,FUN_02caac,derived,
0x02CAB2,0x02CABE,FUN_02cab2,derived,
0x02CABE,0x02CAC0,FUN_02cabe,derived,
0x02CAC0,0x02CACC,FUN_02cac0,derived,
0x02CACC,0x02CACE,FUN_02cacc,derived,
0x02CACE,0x02CB02,FUN_02cace,derived,
0x02CB02,0x02CB16,FUN_02cb02,derived,
0x02CB16,0x02CB22,FUN_02cb16,derived,
0x02CB22,0x02CB44,FUN_02cb22,derived,
0x02CB44,0x02CB5A,FUN_02cb44,derived,
0x02CB5A,0x02CB5C,FUN_02cb5a,derived,
0x02CB5C,0x02CB7A,FUN_02cb5c,derived,
0x02CB7A,0x02CBA2,FUN_02cb7a,derived,
0x02CBA2,0x02CBB6,FUN_02cba2,derived,
0x02CBB6,0x02CC62,FUN_02cbb6,derived,
0x02CC62,0x02CCEA,FUN_02cc62,derived,
0x02CCEA,0x02CCF0,FUN_02ccea,derived,
0x02CCF0,0x02CD0C,FUN_02ccf0,derived,
0x02CD0C,0x02CD16,FUN_02cd0c,derived,
0x02CD16,0x02CE30,FUN_02cd16,derived,
0x02CE30,0x02CE32,FUN_02ce30,derived,
0x02CE32,0x02CE36,FUN_02ce32,derived,
0x02CE36,0x02CE3A,FUN_02ce36,derived,
0x02CE3A,0x02CE3C,FUN_02ce3a,derived,
0x02CE3C,0x02CE44,FUN_02ce3c,derived,
0x02CE44,0x02CE46,FUN_02ce44,derived,
0x02CE46,0x02CE48,FUN_02ce46,derived,
0x02CE48,0x02CE4A,FUN_02ce48,derived,
0x02CE4A,0x02CE50,FUN_02ce4a,derived,
0x02CE50,0x02CE74,FUN_02ce50,derived,
0x02CE74,0x02CE7A,FUN_02ce74,derived,
0x02CE7A,0x02CE7E,FUN_02ce7a,derived,
0x02CE7E,0x02CE96,FUN_02ce7e,derived,
0x02CE96,0x02CEC2,FUN_02ce96,derived,
0x02CEC2,0x02CEDC,FUN_02cec2,derived,
0x02CEDC,0x02CEDE,FUN_02cedc,derived,
0x02CEDE,0x02CF04,FUN_02cede,derived,
0x02CF04,0x02CF92,FUN_02cf04,derived,
0x02CF92,0x02CF96,FUN_02cf92,derived,
0x02CF96,0x02CF98,FUN_02cf96,derived,
0x02CF98,0x02CFB2,FUN_02cf98,derived,
0x02CFB2,0x02CFDE,FUN_02cfb2,derived,
0x02CFDE,0x02CFF6,FUN_02cfde,derived,
0x02CFF6,0x02D006,FUN_02cff6,derived,
0x02D006,0x02D00E,FUN_02d006,derived,
0x02D00E,0x02D022,FUN_02d00e,derived,
0x02D022,0x02D028,FUN_02d022,derived,
0x02D028,0x02D02E,FUN_02d028,derived,
0x02D02E,0x02D032,FUN_02d02e,derived,
0x02D032,0x02D0BC,FUN_02d032,derived,
0x02D0BC,0x02D0F4,FUN_02d0bc,derived,
0x02D0F4,0x02D100,FUN_02d0f4,derived,
0x02D100,0x02D106,FUN_02d100,derived,
0x02D106,0x02D114,FUN_02d106,derived,
0x02D114,0x02D136,FUN_02d114,derived,
0x02D136,0x02D15E,FUN_02d136,derived,
0x02D15E,0x02D1C2,FUN_02d15e,derived,
0x02D1C2,0x02D1F8,FUN_02d1c2,derived,
0x02D1F8,0x02D216,FUN_02d1f8,derived,
0x02D216,0x02D226,FUN_02d216,derived,
0x02D226,0x02D22A,FUN_02d226,derived,
0x02D22A,0x02D22E,FUN_02d22a,derived,
0x02D22E,0x02D232,FUN_02d22e,derived,
0x02D232,0x02D236,FUN_02d232,derived,
0x02D236,0x02D23C,FUN_02d236,derived,
0x02D23C,0x02D242,FUN_02d23c,derived,
0x02D242,0x02D276,FUN_02d242,derived,
0x02D276,0x02D27A,FUN_02d276,derived,
0x02D27A,0x02D2B0,FUN_02d27a,derived,
0x02D2B0,0x02D2BA,FUN_02d2b0,derived,
0x02D2BA,0x02D2F8,FUN_02d2ba,derived,
0x02D2F8,0x02D34C,FUN_02d2f8,derived,
0x02D34C,0x02D350,FUN_02d34c,derived,
0x02D350,0x02D352,FUN_02d350,derived,
0x02D352,0x02D356,FUN_02d352,derived,
0x02D356,0x02D35A,FUN_02d356,derived,
0x02D35A,0x02D36A,FUN_02d35a,derived,
0x02D36A,0x02D37A,FUN_02d36a,derived,
0x02D37A,0x02D3A2,FUN_02d37a,derived,
0x02D3A2,0x02D3A8,FUN_02d3a2,derived,
0x02D3A8,0x02D3AE,FUN_02d3a8,derived,
0x02D3AE,0x02D3B4,FUN_02d3ae,derived,
0x02D3B4,0x02D3BA,FUN_02d3b4,derived,
0x02D3BA,0x02D3D2,FUN_02d3ba,derived,
0x02D3D2,0x02D452,FUN_02d3d2,derived,
0x02D452,0x02D456,FUN_02d452,derived,
0x02D456,0x02D466,FUN_02d456,derived,
0x02D466,0x02D468,FUN_02d466,derived,
0x02D468,0x02D46C,FUN_02d468,derived,
0x02D46C,0x02D4C2,CAN4B0RX_Main,ghidra-hand-xmap,
0x02D4C2,0x02D516,FUN_02d4c2,derived,
0x02D516,0x02D51C,FUN_02d516,derived,
0x02D51C,0x02D58A,FUN_02d51c,derived,
0x02D58A,0x02D592,FUN_02d58a,derived,
0x02D592,0x02D59A,FUN_02d592,derived,
0x02D59A,0x02D5D2,FUN_02d59a,derived,
0x02D5D2,0x02D5FA,FUN_02d5d2,derived,
0x02D5FA,0x02D612,FUN_02d5fa,derived,
0x02D612,0x02D61A,FUN_02d612,derived,
0x02D61A,0x02D622,FUN_02d61a,derived,
0x02D622,0x02D626,FUN_02d622,derived,
0x02D626,0x02D652,FUN_02d626,derived,
0x02D652,0x02D69C,canrx4b0related,ghidra-hand-xmap,
0x02D69C,0x02D6C8,FUN_02d69c,derived,
0x02D6C8,0x02D6DA,FUN_02d6c8,derived,
0x02D6DA,0x02D6E0,FUN_02d6da,derived,
0x02D6E0,0x02D714,FUN_02d6e0,derived,
0x02D714,0x02D718,FUN_02d714,derived,
0x02D718,0x02D768,FUN_02d718,derived,
0x02D768,0x02D76E,FUN_02d768,derived,
0x02D76E,0x02D780,FUN_02d76e,derived,
0x02D780,0x02D790,FUN_02d780,derived,
0x02D790,0x02D798,FUN_02d790,derived,
0x02D798,0x02D7C6,FUN_02d798,derived,
0x02D7C6,0x02D7D6,FUN_02d7c6,derived,
0x02D7D6,0x02D7FA,FUN_02d7d6,derived,
0x02D7FA,0x02D802,FUN_02d7fa,derived,
0x02D802,0x02D808,FUN_02d802,derived,
0x02D808,0x02D812,FUN_02d808,derived,
0x02D812,0x02D816,FUN_02d812,derived,
0x02D816,0x02D834,FUN_02d816,derived,
0x02D834,0x02D8C8,FUN_02d834,derived,
0x02D8C8,0x02D936,FUN_02d8c8,derived,
0x02D936,0x02D940,FUN_02d936,derived,
0x02D940,0x02D94A,FUN_02d940,derived,
0x02D94A,0x02D94E,FUN_02d94a,derived,
0x02D94E,0x02D956,FUN_02d94e,derived,
0x02D956,0x02D968,FUN_02d956,derived,
0x02D968,0x02D974,FUN_02d968,derived,
0x02D974,0x02D992,FUN_02d974,derived,
0x02D992,0x02D9D2,DSC_checkIfMode_x80,ghidra-hand-xmap,
0x02D9D2,0x02DA06,DSC_checkIfMode_x40,ghidra-hand-xmap,
0x02DA06,0x02DA24,DSC_checkIfMode_x20,ghidra-hand-xmap,
0x02DA24,0x02DA42,DSC_checkIfMode_x10,ghidra-hand-xmap,
0x02DA42,0x02DA44,FUN_02da42,derived,
0x02DA44,0x02DA4C,FUN_02da44,derived,
0x02DA4C,0x02DA78,FUN_02da4c,derived,
0x02DA78,0x02DA8C,FUN_02da78,derived,
0x02DA8C,0x02DA96,FUN_02da8c,derived,
0x02DA96,0x02DAC0,FUN_02da96,derived,
0x02DAC0,0x02DB5C,FUN_02dac0,derived,
0x02DB5C,0x02DB60,FUN_02db5c,derived,
0x02DB60,0x02DB6A,FUN_02db60,derived,
0x02DB6A,0x02DB70,FUN_02db6a,derived,
0x02DB70,0x02DB74,FUN_02db70,derived,
0x02DB74,0x02DB78,FUN_02db74,derived,
0x02DB78,0x02DBB4,FUN_02db78,derived,
0x02DBB4,0x02DBBE,FUN_02dbb4,derived,
0x02DBBE,0x02DBE4,FUN_02dbbe,derived,
0x02DBE4,0x02DBE8,FUN_02dbe4,derived,
0x02DBE8,0x02DC0E,FUN_02dbe8,derived,
0x02DC0E,0x02DC22,FUN_02dc0e,derived,
0x02DC22,0x02DC48,FUN_02dc22,derived,
0x02DC48,0x02DC4E,FUN_02dc48,derived,
0x02DC4E,0x02DC52,FUN_02dc4e,derived,
0x02DC52,0x02DC58,FUN_02dc52,derived,
0x02DC58,0x02DC5E,FUN_02dc58,derived,
0x02DC5E,0x02DC64,FUN_02dc5e,derived,
0x02DC64,0x02DC66,FUN_02dc64,derived,
0x02DC66,0x02DC68,FUN_02dc66,derived,
0x02DC68,0x02DC6E,FUN_02dc68,derived,
0x02DC6E,0x02DC98,can650TX_getAndPack,ghidra-hand-xmap,
0x02DC98,0x02DCA0,FUN_02dc98,derived,
0x02DCA0,0x02DCB0,FUN_02dca0,derived,
0x02DCB0,0x02DD18,FUN_02dcb0,derived,
0x02DD18,0x02DD50,FUN_02dd18,derived,
0x02DD50,0x02DD56,FUN_02dd50,derived,
0x02DD56,0x02DD5A,FUN_02dd56,derived,
0x02DD5A,0x02DD5E,FUN_02dd5a,derived,
0x02DD5E,0x02DD64,FUN_02dd5e,derived,
0x02DD64,0x02DD66,FUN_02dd64,derived,
0x02DD66,0x02DD68,FUN_02dd66,derived,
0x02DD68,0x02DD7E,FUN_02dd68,derived,
0x02DD7E,0x02DD8C,FUN_02dd7e,derived,
0x02DD8C,0x02DD9E,FUN_02dd8c,derived,
0x02DD9E,0x02DE04,FUN_02dd9e,derived,
0x02DE04,0x02DE0C,FUN_02de04,derived,
0x02DE0C,0x02DE56,FUN_02de0c,derived,
0x02DE56,0x02DE5A,FUN_02de56,derived,
0x02DE5A,0x02DE64,FUN_02de5a,derived,
0x02DE64,0x02DE72,FUN_02de64,derived,
0x02DE72,0x02DE7E,FUN_02de72,derived,
0x02DE7E,0x02DE82,FUN_02de7e,derived,
0x02DE82,0x02DE8E,FUN_02de82,derived,
0x02DE8E,0x02DEB0,FUN_02de8e,derived,
0x02DEB0,0x02DEBA,FUN_02deb0,derived,
0x02DEBA,0x02DEC4,FUN_02deba,derived,
0x02DEC4,0x02DF5E,FUN_02dec4,derived,
0x02DF5E,0x02DF66,FUN_02df5e,derived,
0x02DF66,0x02DFC0,FUN_02df66,derived,
0x02DFC0,0x02E022,FUN_02dfc0,derived,
0x02E022,0x02E084,FUN_02e022,derived,
0x02E084,0x02E0E0,FUN_02e084,derived,
0x02E0E0,0x02E0E2,FUN_02e0e0,derived,
0x02E0E2,0x02E0EE,FUN_02e0e2,derived,
0x02E0EE,0x02E0FA,FUN_02e0ee,derived,
0x02E0FA,0x02E106,FUN_02e0fa,derived,
0x02E106,0x02E10C,FUN_02e106,derived,
0x02E10C,0x02E112,FUN_02e10c,derived,
0x02E112,0x02E11E,FUN_02e112,derived,
0x02E11E,0x02E124,FUN_02e11e,derived,
0x02E124,0x02E12C,FUN_02e124,derived,
0x02E12C,0x02E134,FUN_02e12c,derived,
0x02E134,0x02E1F6,FUN_02e134,derived,
0x02E1F6,0x02E204,FUN_02e1f6,derived,
0x02E204,0x02E20A,FUN_02e204,derived,
0x02E20A,0x02E212,FUN_02e20a,derived,
0x02E212,0x02E21A,FUN_02e212,derived,
0x02E21A,0x02E336,FUN_02e21a,derived,
0x02E336,0x02E350,FUN_02e336,derived,
0x02E350,0x02E352,FUN_02e350,derived,
0x02E352,0x02E354,FUN_02e352,derived,
0x02E354,0x02E356,FUN_02e354,derived,
0x02E356,0x02E358,FUN_02e356,derived,
0x02E358,0x02E35A,FUN_02e358,derived,
0x02E35A,0x02E35E,FUN_02e35a,derived,
0x02E35E,0x02E360,FUN_02e35e,derived,
0x02E360,0x02E386,FUN_02e360,derived,
0x02E386,0x02E3A2,FUN_02e386,derived,
0x02E3A2,0x02E3B6,FUN_02e3a2,derived,
0x02E3B6,0x02E3E8,FUN_02e3b6,derived,
0x02E3E8,0x02E44E,setGearBools,ghidra-hand-xmap,
0x02E44E,0x02E494,FUN_02e44e,derived,
0x02E494,0x02E498,FUN_02e494,derived,
0x02E498,0x02E4AC,FUN_02e498,derived,
0x02E4AC,0x02E4B8,FUN_02e4ac,derived,
0x02E4B8,0x02E4C2,FUN_02e4b8,derived,
0x02E4C2,0x02E5B8,FUN_02e4c2,derived,
0x02E5B8,0x02E5BE,FUN_02e5b8,derived,
0x02E5BE,0x02E5CA,FUN_02e5be,derived,
0x02E5CA,0x02E5D2,FUN_02e5ca,derived,
0x02E5D2,0x02E5D6,FUN_02e5d2,derived,
0x02E5D6,0x02E608,FUN_02e5d6,derived,
0x02E608,0x02E612,FUN_02e608,derived,
0x02E612,0x02E61E,FUN_02e612,derived,
0x02E61E,0x02E67A,FUN_02e61e,derived,
0x02E67A,0x02E686,FUN_02e67a,derived,
0x02E686,0x02E68A,FUN_02e686,derived,
0x02E68A,0x02E694,FUN_02e68a,derived,
0x02E694,0x02E6AC,FUN_02e694,derived,
0x02E6AC,0x02E86C,FUN_02e6ac,derived,
0x02E86C,0x02E872,FUN_02e86c,derived,
0x02E872,0x02E89C,FUN_02e872,derived,
0x02E89C,0x02E89E,FUN_02e89c,derived,
0x02E89E,0x02E8A0,FUN_02e89e,derived,
0x02E8A0,0x02E8A4,FUN_02e8a0,derived,
0x02E8A4,0x02E8A8,FUN_02e8a4,derived,
0x02E8A8,0x02E8B2,FUN_02e8a8,derived,
0x02E8B2,0x02E8BE,FUN_02e8b2,derived,
0x02E8BE,0x02E8CA,FUN_02e8be,derived,
0x02E8CA,0x02E8CE,FUN_02e8ca,derived,
0x02E8CE,0x02E8DE,FUN_02e8ce,derived,
0x02E8DE,0x02E8E0,FUN_02e8de,derived,
0x02E8E0,0x02E8E8,FUN_02e8e0,derived,
0x02E8E8,0x02E8F4,FUN_02e8e8,derived,
0x02E8F4,0x02E902,FUN_02e8f4,derived,
0x02E902,0x02E90C,FUN_02e902,derived,
0x02E90C,0x02E914,FUN_02e90c,derived,
0x02E914,0x02E916,FUN_02e914,derived,
0x02E916,0x02E950,FUN_02e916,derived,
0x02E950,0x02E968,dscDerateInit?,ghidra-hand-xmap,
0x02E968,0x02E9FC,FUN_02e968,derived,
0x02E9FC,0x02EA1A,getCondtionsForSomething,ghidra-hand-xmap,
0x02EA1A,0x02EA24,FUN_02ea1a,derived,
0x02EA24,0x02EA28,FUN_02ea24,derived,
0x02EA28,0x02EA2C,FUN_02ea28,derived,
0x02EA2C,0x02EA3C,FUN_02ea2c,derived,
0x02EA3C,0x02EA3E,FUN_02ea3c,derived,
0x02EA3E,0x02EA54,FUN_02ea3e,derived,
0x02EA54,0x02EA5A,FUN_02ea54,derived,
0x02EA5A,0x02EA6E,FUN_02ea5a,derived,
0x02EA6E,0x02EA96,FUN_02ea6e,derived,
0x02EA96,0x02EAF0,FUN_02ea96,derived,
0x02EAF0,0x02EB06,FUN_02eaf0,derived,
0x02EB06,0x02EB3E,FUN_02eb06,derived,
0x02EB3E,0x02EB46,FUN_02eb3e,derived,
0x02EB46,0x02EB7E,FUN_02eb46,derived,
0x02EB7E,0x02EBCC,FUN_02eb7e,derived,
0x02EBCC,0x02EC12,FUN_02ebcc,derived,
0x02EC12,0x02EC2C,FUN_02ec12,derived,
0x02EC2C,0x02EC3E,FUN_02ec2c,derived,
0x02EC3E,0x02EC46,FUN_02ec3e,derived,
0x02EC46,0x02EC76,FUN_02ec46,derived,
0x02EC76,0x02ED36,FUN_02ec76,derived,
0x02ED36,0x02ED42,FUN_02ed36,derived,
0x02ED42,0x02ED5A,FUN_02ed42,derived,
0x02ED5A,0x02ED5C,FUN_02ed5a,derived,
0x02ED5C,0x02ED98,FUN_02ed5c,derived,
0x02ED98,0x02ED9C,FUN_02ed98,derived,
0x02ED9C,0x02EDFA,FUN_02ed9c,derived,
0x02EDFA,0x02EE04,FUN_02edfa,derived,
0x02EE04,0x02EE0A,FUN_02ee04,derived,
0x02EE0A,0x02EE4C,FUN_02ee0a,derived,
0x02EE4C,0x02EE54,FUN_02ee4c,derived,
0x02EE54,0x02EE64,FUN_02ee54,derived,
0x02EE64,0x02EE7C,FUN_02ee64,derived,
0x02EE7C,0x02EE94,FUN_02ee7c,derived,
0x02EE94,0x02EEB4,FUN_02ee94,derived,
0x02EEB4,0x02EF10,FUN_02eeb4,derived,
0x02EF10,0x02EF20,FUN_02ef10,derived,
0x02EF20,0x02EF28,FUN_02ef20,derived,
0x02EF28,0x02EF34,FUN_02ef28,derived,
0x02EF34,0x02EF36,FUN_02ef34,derived,
0x02EF36,0x02EF46,FUN_02ef36,derived,
0x02EF46,0x02EF4C,FUN_02ef46,derived,
0x02EF4C,0x02EF5A,FUN_02ef4c,derived,
0x02EF5A,0x02EFC4,FUN_02ef5a,derived,
0x02EFC4,0x02EFCC,FUN_02efc4,derived,
0x02EFCC,0x02EFD4,FUN_02efcc,derived,
0x02EFD4,0x02EFEA,FUN_02efd4,derived,
0x02EFEA,0x02EFF0,FUN_02efea,derived,
0x02EFF0,0x02F002,FUN_02eff0,derived,
0x02F002,0x02F01A,FUN_02f002,derived,
0x02F01A,0x02F01C,FUN_02f01a,derived,
0x02F01C,0x02F050,FUN_02f01c,derived,
0x02F050,0x02F05E,FUN_02f050,derived,
0x02F05E,0x02F06C,FUN_02f05e,derived,
0x02F06C,0x02F08E,FUN_02f06c,derived,
0x02F08E,0x02F09C,FUN_02f08e,derived,
0x02F09C,0x02F100,FUN_02f09c,derived,
0x02F100,0x02F110,FUN_02f100,derived,
0x02F110,0x02F11A,FUN_02f110,derived,
0x02F11A,0x02F134,FUN_02f11a,derived,
0x02F134,0x02F148,FUN_02f134,derived,
0x02F148,0x02F15A,FUN_02f148,derived,
0x02F15A,0x02F160,FUN_02f15a,derived,
0x02F160,0x02F16E,FUN_02f160,derived,
0x02F16E,0x02F170,FUN_02f16e,derived,
0x02F170,0x02F178,FUN_02f170,derived,
0x02F178,0x02F180,FUN_02f178,derived,
0x02F180,0x02F182,FUN_02f180,derived,
0x02F182,0x02F188,FUN_02f182,derived,
0x02F188,0x02F18A,FUN_02f188,derived,
0x02F18A,0x02F1A2,FUN_02f18a,derived,
0x02F1A2,0x02F1B2,FUN_02f1a2,derived,
0x02F1B2,0x02F21E,FUN_02f1b2,derived,
0x02F21E,0x02F222,FUN_02f21e,derived,
0x02F222,0x02F224,FUN_02f222,derived,
0x02F224,0x02F226,FUN_02f224,derived,
0x02F226,0x02F232,FUN_02f226,derived,
0x02F232,0x02F246,FUN_02f232,derived,
0x02F246,0x02F24A,FUN_02f246,derived,
0x02F24A,0x02F24C,FUN_02f24a,derived,
0x02F24C,0x02F250,FUN_02f24c,derived,
0x02F250,0x02F2DA,FUN_02f250,derived,
0x02F2DA,0x02F346,FUN_02f2da,derived,
0x02F346,0x02F398,FUN_02f346,derived,
0x02F398,0x02F39A,FUN_02f398,derived,
0x02F39A,0x02F3AA,FUN_02f39a,derived,
0x02F3AA,0x02F3B0,FUN_02f3aa,derived,
0x02F3B0,0x02F3BE,FUN_02f3b0,derived,
0x02F3BE,0x02F3C2,FUN_02f3be,derived,
0x02F3C2,0x02F3CA,FUN_02f3c2,derived,
0x02F3CA,0x02F3D4,FUN_02f3ca,derived,
0x02F3D4,0x02F40A,FUN_02f3d4,derived,
0x02F40A,0x02F458,FUN_02f40a,derived,
0x02F458,0x02F45A,FUN_02f458,derived,
0x02F45A,0x02F464,FUN_02f45a,derived,
0x02F464,0x02F47A,FUN_02f464,derived,
0x02F47A,0x02F4E2,FUN_02f47a,derived,
0x02F4E2,0x02F504,FUN_02f4e2,derived,
0x02F504,0x02F544,calculateCruiseControlDisableCondition,ghidra-hand-xmap,
0x02F544,0x02F57C,FUN_02f544,derived,
0x02F57C,0x02F580,FUN_02f57c,derived,
0x02F580,0x02F582,FUN_02f580,derived,
0x02F582,0x02F588,FUN_02f582,derived,
0x02F588,0x02F592,FUN_02f588,derived,
0x02F592,0x02F59C,FUN_02f592,derived,
0x02F59C,0x02F5BA,cruiseControlUndershootingPlausibilityMon,ghidra-hand-xmap,
0x02F5BA,0x02F5C0,FUN_02f5ba,derived,
0x02F5C0,0x02F5C8,FUN_02f5c0,derived,
0x02F5C8,0x02F5D0,FUN_02f5c8,derived,
0x02F5D0,0x02F5D2,FUN_02f5d0,derived,
0x02F5D2,0x02F5D8,FUN_02f5d2,derived,
0x02F5D8,0x02F636,FUN_02f5d8,derived,
0x02F636,0x02F642,FUN_02f636,derived,
0x02F642,0x02F646,FUN_02f642,derived,
0x02F646,0x02F65A,FUN_02f646,derived,
0x02F65A,0x02F686,FUN_02f65a,derived,
0x02F686,0x02F68C,FUN_02f686,derived,
0x02F68C,0x02F69A,FUN_02f68c,derived,
0x02F69A,0x02F6A0,FUN_02f69a,derived,
0x02F6A0,0x02F6A2,FUN_02f6a0,derived,
0x02F6A2,0x02F6A6,FUN_02f6a2,derived,
0x02F6A6,0x02F6B2,FUN_02f6a6,derived,
0x02F6B2,0x02F6BE,FUN_02f6b2,derived,
0x02F6BE,0x02F6E0,FUN_02f6be,derived,
0x02F6E0,0x02F750,cruiseControlOvershootPlausibilityMon,ghidra-hand-xmap,
0x02F750,0x02F75E,FUN_02f750,derived,
0x02F75E,0x02F768,FUN_02f75e,derived,
0x02F768,0x02F78A,FUN_02f768,derived,
0x02F78A,0x02F78E,FUN_02f78a,derived,
0x02F78E,0x02F7A4,FUN_02f78e,derived,
0x02F7A4,0x02F80A,getCruiseControlAllowedBool??,ghidra-hand-xmap,
0x02F80A,0x02F822,FUN_02f80a,derived,
0x02F822,0x02F858,FUN_02f822,derived,
0x02F858,0x02F868,FUN_02f858,derived,
0x02F868,0x02F876,FUN_02f868,derived,
0x02F876,0x02F880,FUN_02f876,derived,
0x02F880,0x02F888,FUN_02f880,derived,
0x02F888,0x02F88C,FUN_02f888,derived,
0x02F88C,0x02F8BC,FUN_02f88c,derived,
0x02F8BC,0x02F8FE,FUN_02f8bc,derived,
0x02F8FE,0x02F90C,FUN_02f8fe,derived,
0x02F90C,0x02F9D2,FUN_02f90c,derived,
0x02F9D2,0x02F9EE,FUN_02f9d2,derived,
0x02F9EE,0x02FA26,FUN_02f9ee,derived,
0x02FA26,0x02FA5A,FUN_02fa26,derived,
0x02FA5A,0x02FAC0,FUN_02fa5a,derived,
0x02FAC0,0x02FAD0,FUN_02fac0,derived,
0x02FAD0,0x02FAD2,FUN_02fad0,derived,
0x02FAD2,0x02FAE6,FUN_02fad2,derived,
0x02FAE6,0x02FAEA,FUN_02fae6,derived,
0x02FAEA,0x02FAEC,FUN_02faea,derived,
0x02FAEC,0x02FAEE,FUN_02faec,derived,
0x02FAEE,0x02FAF6,FUN_02faee,derived,
0x02FAF6,0x02FB1E,FUN_02faf6,derived,
0x02FB1E,0x02FB22,FUN_02fb1e,derived,
0x02FB22,0x02FB26,FUN_02fb22,derived,
0x02FB26,0x02FB2E,FUN_02fb26,derived,
0x02FB2E,0x02FB32,FUN_02fb2e,derived,
0x02FB32,0x02FB38,FUN_02fb32,derived,
0x02FB38,0x02FB52,FUN_02fb38,derived,
0x02FB52,0x02FB62,FUN_02fb52,derived,
0x02FB62,0x02FB76,FUN_02fb62,derived,
0x02FB76,0x02FB7A,FUN_02fb76,derived,
0x02FB7A,0x02FB7C,FUN_02fb7a,derived,
0x02FB7C,0x02FB80,FUN_02fb7c,derived,
0x02FB80,0x02FB82,FUN_02fb80,derived,
0x02FB82,0x02FB8A,FUN_02fb82,derived,
0x02FB8A,0x02FB90,FUN_02fb8a,derived,
0x02FB90,0x02FBA8,FUN_02fb90,derived,
0x02FBA8,0x02FBAA,FUN_02fba8,derived,
0x02FBAA,0x02FBBA,FUN_02fbaa,derived,
0x02FBBA,0x02FBC6,FUN_02fbba,derived,
0x02FBC6,0x02FC26,FUN_02fbc6,derived,
0x02FC26,0x02FC52,FUN_02fc26,derived,
0x02FC52,0x02FC60,FUN_02fc52,derived,
0x02FC60,0x02FC6C,FUN_02fc60,derived,
0x02FC6C,0x02FC94,FUN_02fc6c,derived,
0x02FC94,0x02FC9C,FUN_02fc94,derived,
0x02FC9C,0x02FCCA,FUN_02fc9c,derived,
0x02FCCA,0x02FCCE,FUN_02fcca,derived,
0x02FCCE,0x02FCF4,FUN_02fcce,derived,
0x02FCF4,0x02FCFC,FUN_02fcf4,derived,
0x02FCFC,0x02FD02,FUN_02fcfc,derived,
0x02FD02,0x02FD92,FUN_02fd02,derived,
0x02FD92,0x02FDAA,FUN_02fd92,derived,
0x02FDAA,0x02FDB0,FUN_02fdaa,derived,
0x02FDB0,0x02FDC6,FUN_02fdb0,derived,
0x02FDC6,0x02FDCC,FUN_02fdc6,derived,
0x02FDCC,0x02FDD2,FUN_02fdcc,derived,
0x02FDD2,0x02FE70,FUN_02fdd2,derived,
0x02FE70,0x02FE86,FUN_02fe70,derived,
0x02FE86,0x02FE90,FUN_02fe86,derived,
0x02FE90,0x02FE92,FUN_02fe90,derived,
0x02FE92,0x02FE9E,FUN_02fe92,derived,
0x02FE9E,0x02FED8,FUN_02fe9e,derived,
0x02FED8,0x02FF10,FUN_02fed8,derived,
0x02FF10,0x02FF1A,FUN_02ff10,derived,
0x02FF1A,0x02FFB2,FUN_02ff1a,derived,
0x02FFB2,0x02FFC8,FUN_02ffb2,derived,
0x02FFC8,0x02FFD8,FUN_02ffc8,derived,
0x02FFD8,0x030000,FUN_02ffd8,derived,
0x030000,0x030026,FUN_030000,derived,
0x030026,0x030040,FUN_030026,derived,
0x030040,0x03009A,FUN_030040,derived,
0x03009A,0x0300B6,FUN_03009a,derived,
0x0300B6,0x0300BC,FUN_0300b6,derived,
0x0300BC,0x0300C2,FUN_0300bc,derived,
0x0300C2,0x0300D0,FUN_0300c2,derived,
0x0300D0,0x0300E2,FUN_0300d0,derived,
0x0300E2,0x0300FE,FUN_0300e2,derived,
0x0300FE,0x03010E,FUN_0300fe,derived,
0x03010E,0x030116,FUN_03010e,derived,
0x030116,0x030158,FUN_030116,derived,
0x030158,0x030174,FUN_030158,derived,
0x030174,0x030186,FUN_030174,derived,
0x030186,0x0301D0,FUN_030186,derived,
0x0301D0,0x030206,FUN_0301d0,derived,
0x030206,0x03022C,FUN_030206,derived,
0x03022C,0x030236,FUN_03022c,derived,
0x030236,0x030238,FUN_030236,derived,
0x030238,0x0302AE,cruiseControlStateStuff,ghidra-hand-xmap,
0x0302AE,0x030332,FUN_0302ae,derived,
0x030332,0x03033E,FUN_030332,derived,
0x03033E,0x03041C,FUN_03033e,derived,
0x03041C,0x030484,FUN_03041c,derived,
0x030484,0x03049C,FUN_030484,derived,
0x03049C,0x03053C,FUN_03049c,derived,
0x03053C,0x03054C,FUN_03053c,derived,
0x03054C,0x030552,FUN_03054c,derived,
0x030552,0x030568,FUN_030552,derived,
0x030568,0x030570,FUN_030568,derived,
0x030570,0x030576,FUN_030570,derived,
0x030576,0x030582,FUN_030576,derived,
0x030582,0x030584,FUN_030582,derived,
0x030584,0x0305A8,FUN_030584,derived,
0x0305A8,0x0305C2,FUN_0305a8,derived,
0x0305C2,0x0305C8,FUN_0305c2,derived,
0x0305C8,0x0305DA,FUN_0305c8,derived,
0x0305DA,0x0305E2,FUN_0305da,derived,
0x0305E2,0x0305F2,FUN_0305e2,derived,
0x0305F2,0x0305F8,FUN_0305f2,derived,
0x0305F8,0x0306AE,FUN_0305f8,derived,
0x0306AE,0x0306B2,FUN_0306ae,derived,
0x0306B2,0x0306D2,FUN_0306b2,derived,
0x0306D2,0x0306D8,FUN_0306d2,derived,
0x0306D8,0x0306DE,FUN_0306d8,derived,
0x0306DE,0x0306EC,FUN_0306de,derived,
0x0306EC,0x0306FA,FUN_0306ec,derived,
0x0306FA,0x030708,FUN_0306fa,derived,
0x030708,0x030726,FUN_030708,derived,
0x030726,0x030772,FUN_030726,derived,
0x030772,0x0307A6,FUN_030772,derived,
0x0307A6,0x0307AA,FUN_0307a6,derived,
0x0307AA,0x0307AC,FUN_0307aa,derived,
0x0307AC,0x0307B6,FUN_0307ac,derived,
0x0307B6,0x0307BE,FUN_0307b6,derived,
0x0307BE,0x0307CE,FUN_0307be,derived,
0x0307CE,0x0307D6,FUN_0307ce,derived,
0x0307D6,0x0307E2,FUN_0307d6,derived,
0x0307E2,0x0307E8,FUN_0307e2,derived,
0x0307E8,0x0307EE,FUN_0307e8,derived,
0x0307EE,0x0307F2,FUN_0307ee,derived,
0x0307F2,0x030846,FUN_0307f2,derived,
0x030846,0x030864,FUN_030846,derived,
0x030864,0x030872,FUN_030864,derived,
0x030872,0x0308FA,FUN_030872,derived,
0x0308FA,0x03090A,FUN_0308fa,derived,
0x03090A,0x03091A,FUN_03090a,derived,
0x03091A,0x030954,FUN_03091a,derived,
0x030954,0x03095E,FUN_030954,derived,
0x03095E,0x03097C,FUN_03095e,derived,
0x03097C,0x030982,FUN_03097c,derived,
0x030982,0x030994,FUN_030982,derived,
0x030994,0x0309F0,FUN_030994,derived,
0x0309F0,0x030AFE,calculateACClutchOn??,ghidra-hand-xmap,
0x030AFE,0x030B06,FUN_030afe,derived,
0x030B06,0x030B0A,FUN_030b06,derived,
0x030B0A,0x030B10,FUN_030b0a,derived,
0x030B10,0x030B1A,FUN_030b10,derived,
0x030B1A,0x030B24,FUN_030b1a,derived,
0x030B24,0x030B32,FUN_030b24,derived,
0x030B32,0x030B36,FUN_030b32,derived,
0x030B36,0x030B3C,FUN_030b36,derived,
0x030B3C,0x030B42,FUN_030b3c,derived,
0x030B42,0x030B4A,FUN_030b42,derived,
0x030B4A,0x030B4C,FUN_030b4a,derived,
0x030B4C,0x030B5A,FUN_030b4c,derived,
0x030B5A,0x030B82,FUN_030b5a,derived,
0x030B82,0x030C2E,FUN_030b82,derived,
0x030C2E,0x030C54,FUN_030c2e,derived,
0x030C54,0x030C66,FUN_030c54,derived,
0x030C66,0x030C6C,FUN_030c66,derived,
0x030C6C,0x030C76,FUN_030c6c,derived,
0x030C76,0x030C7A,FUN_030c76,derived,
0x030C7A,0x030C88,FUN_030c7a,derived,
0x030C88,0x030CA2,FUN_030c88,derived,
0x030CA2,0x030CAC,FUN_030ca2,derived,
0x030CAC,0x030CB2,FUN_030cac,derived,
0x030CB2,0x030D04,FUN_030cb2,derived,
0x030D04,0x030D20,FUN_030d04,derived,
0x030D20,0x030D32,FUN_030d20,derived,
0x030D32,0x030D46,FUN_030d32,derived,
0x030D46,0x030D56,FUN_030d46,derived,
0x030D56,0x030D5C,FUN_030d56,derived,
0x030D5C,0x030E18,FUN_030d5c,derived,
0x030E18,0x030EC2,FUN_030e18,derived,
0x030EC2,0x030EC8,FUN_030ec2,derived,
0x030EC8,0x030F60,FUN_030ec8,derived,
0x030F60,0x031000,FUN_030f60,derived,
0x031000,0x031048,FUN_031000,derived,
0x031048,0x03104E,FUN_031048,derived,
0x03104E,0x031054,FUN_03104e,derived,
0x031054,0x03105A,FUN_031054,derived,
0x03105A,0x031060,FUN_03105a,derived,
0x031060,0x0310AE,FUN_031060,derived,
0x0310AE,0x0310CA,FUN_0310ae,derived,
0x0310CA,0x0310DE,FUN_0310ca,derived,
0x0310DE,0x0310E0,FUN_0310de,derived,
0x0310E0,0x0310E2,FUN_0310e0,derived,
0x0310E2,0x0311AC,FUN_0310e2,derived,
0x0311AC,0x0311CC,FUN_0311ac,derived,
0x0311CC,0x0311E6,FUN_0311cc,derived,
0x0311E6,0x0311EE,FUN_0311e6,derived,
0x0311EE,0x0311FA,FUN_0311ee,derived,
0x0311FA,0x031200,FUN_0311fa,derived,
0x031200,0x031202,FUN_031200,derived,
0x031202,0x031206,FUN_031202,derived,
0x031206,0x031214,FUN_031206,derived,
0x031214,0x03121A,FUN_031214,derived,
0x03121A,0x031226,FUN_03121a,derived,
0x031226,0x03122C,FUN_031226,derived,
0x03122C,0x03127C,FUN_03122c,derived,
0x03127C,0x031282,FUN_03127c,derived,
0x031282,0x031296,FUN_031282,derived,
0x031296,0x0312CE,FUN_031296,derived,
0x0312CE,0x0312D2,FUN_0312ce,derived,
0x0312D2,0x0312D8,FUN_0312d2,derived,
0x0312D8,0x0312E8,FUN_0312d8,derived,
0x0312E8,0x031318,FUN_0312e8,derived,
0x031318,0x03131E,FUN_031318,derived,
0x03131E,0x03133C,FUN_03131e,derived,
0x03133C,0x03137C,FUN_03133c,derived,
0x03137C,0x031380,FUN_03137c,derived,
0x031380,0x0313B4,FUN_031380,derived,
0x0313B4,0x0313C0,FUN_0313b4,derived,
0x0313C0,0x0313C6,FUN_0313c0,derived,
0x0313C6,0x03140C,FUN_0313c6,derived,
0x03140C,0x03143A,FUN_03140c,derived,
0x03143A,0x03147A,FUN_03143a,derived,
0x03147A,0x03148C,FUN_03147a,derived,
0x03148C,0x031492,FUN_03148c,derived,
0x031492,0x031498,FUN_031492,derived,
0x031498,0x0314DA,FUN_031498,derived,
0x0314DA,0x0314EC,FUN_0314da,derived,
0x0314EC,0x031550,FUN_0314ec,derived,
0x031550,0x031566,FUN_031550,derived,
0x031566,0x03157A,FUN_031566,derived,
0x03157A,0x031584,FUN_03157a,derived,
0x031584,0x03158A,FUN_031584,derived,
0x03158A,0x03159C,FUN_03158a,derived,
0x03159C,0x0315A2,FUN_03159c,derived,
0x0315A2,0x0315A8,FUN_0315a2,derived,
0x0315A8,0x0315B6,FUN_0315a8,derived,
0x0315B6,0x031600,FUN_0315b6,derived,
0x031600,0x031682,FUN_031600,derived,
0x031682,0x0316B4,FUN_031682,derived,
0x0316B4,0x0316D8,FUN_0316b4,derived,
0x0316D8,0x03173C,FUN_0316d8,derived,
0x03173C,0x031750,FUN_03173c,derived,
0x031750,0x031800,FUN_031750,derived,
0x031800,0x03180C,FUN_031800,derived,
0x03180C,0x03185E,FUN_03180c,derived,
0x03185E,0x03187A,FUN_03185e,derived,
0x03187A,0x031880,FUN_03187a,derived,
0x031880,0x031886,FUN_031880,derived,
0x031886,0x03188A,FUN_031886,derived,
0x03188A,0x031892,FUN_03188a,derived,
0x031892,0x0318A6,FUN_031892,derived,
0x0318A6,0x0318A8,FUN_0318a6,derived,
0x0318A8,0x0318F2,FUN_0318a8,derived,
0x0318F2,0x031920,FUN_0318f2,derived,
0x031920,0x03193A,FUN_031920,derived,
0x03193A,0x031952,FUN_03193a,derived,
0x031952,0x031972,FUN_031952,derived,
0x031972,0x031978,FUN_031972,derived,
0x031978,0x031A0E,FUN_031978,derived,
0x031A0E,0x031A14,FUN_031a0e,derived,
0x031A14,0x031A66,FUN_031a14,derived,
0x031A66,0x031A7A,FUN_031a66,derived,
0x031A7A,0x031A7E,FUN_031a7a,derived,
0x031A7E,0x031A8A,FUN_031a7e,derived,
0x031A8A,0x031A8C,FUN_031a8a,derived,
0x031A8C,0x031A92,FUN_031a8c,derived,
0x031A92,0x031AB4,FUN_031a92,derived,
0x031AB4,0x031AF2,FUN_031ab4,derived,
0x031AF2,0x031B3C,FUN_031af2,derived,
0x031B3C,0x031B46,FUN_031b3c,derived,
0x031B46,0x031B50,FUN_031b46,derived,
0x031B50,0x031B62,FUN_031b50,derived,
0x031B62,0x031B6C,FUN_031b62,derived,
0x031B6C,0x031B72,FUN_031b6c,derived,
0x031B72,0x031B80,FUN_031b72,derived,
0x031B80,0x031B82,FUN_031b80,derived,
0x031B82,0x031BB0,FUN_031b82,derived,
0x031BB0,0x031BF4,FUN_031bb0,derived,
0x031BF4,0x031C20,FUN_031bf4,derived,
0x031C20,0x031C54,FUN_031c20,derived,
0x031C54,0x031C56,FUN_031c54,derived,
0x031C56,0x031C6A,FUN_031c56,derived,
0x031C6A,0x031C74,FUN_031c6a,derived,
0x031C74,0x031C7E,FUN_031c74,derived,
0x031C7E,0x031C84,FUN_031c7e,derived,
0x031C84,0x031C88,FUN_031c84,derived,
0x031C88,0x031C92,FUN_031c88,derived,
0x031C92,0x031C9E,FUN_031c92,derived,
0x031C9E,0x031D34,FUN_031c9e,derived,
0x031D34,0x031D84,fuelingAddOBDControlMode?,ghidra-hand-xmap,
0x031D84,0x031D8A,FUN_031d84,derived,
0x031D8A,0x031D90,FUN_031d8a,derived,
0x031D90,0x031DA6,FUN_031d90,derived,
0x031DA6,0x031DAA,FUN_031da6,derived,
0x031DAA,0x031DB0,FUN_031daa,derived,
0x031DB0,0x031DBA,FUN_031db0,derived,
0x031DBA,0x031DC0,FUN_031dba,derived,
0x031DC0,0x031DC6,FUN_031dc0,derived,
0x031DC6,0x031DE4,FUN_031dc6,derived,
0x031DE4,0x031DEE,FUN_031de4,derived,
0x031DEE,0x031DF2,FUN_031dee,derived,
0x031DF2,0x031DF8,FUN_031df2,derived,
0x031DF8,0x031DFC,FUN_031df8,derived,
0x031DFC,0x031E04,FUN_031dfc,derived,
0x031E04,0x031E0C,FUN_031e04,derived,
0x031E0C,0x031E14,FUN_031e0c,derived,
0x031E14,0x031E56,FUN_031e14,derived,
0x031E56,0x031E64,FUN_031e56,derived,
0x031E64,0x031E72,FUN_031e64,derived,
0x031E72,0x031E7E,FUN_031e72,derived,
0x031E7E,0x031EA4,FUN_031e7e,derived,
0x031EA4,0x031EB2,FUN_031ea4,derived,
0x031EB2,0x031EC0,FUN_031eb2,derived,
0x031EC0,0x031F0C,FUN_031ec0,derived,
0x031F0C,0x031F36,FUN_031f0c,derived,
0x031F36,0x031F40,FUN_031f36,derived,
0x031F40,0x031F4A,FUN_031f40,derived,
0x031F4A,0x031F52,FUN_031f4a,derived,
0x031F52,0x031FDC,FUN_031f52,derived,
0x031FDC,0x032008,FUN_031fdc,derived,
0x032008,0x032016,FUN_032008,derived,
0x032016,0x032024,FUN_032016,derived,
0x032024,0x03202C,FUN_032024,derived,
0x03202C,0x03204A,FUN_03202c,derived,
0x03204A,0x032068,FUN_03204a,derived,
0x032068,0x032086,FUN_032068,derived,
0x032086,0x03208C,FUN_032086,derived,
0x03208C,0x0320AC,FUN_03208c,derived,
0x0320AC,0x0320B8,FUN_0320ac,derived,
0x0320B8,0x032106,injectorPulseTimeArbitrate_crankAddTimer,ghidra-hand-xmap,
0x032106,0x03210A,FUN_032106,derived,
0x03210A,0x03210C,FUN_03210a,derived,
0x03210C,0x032110,FUN_03210c,derived,
0x032110,0x032162,FUN_032110,derived,
0x032162,0x032188,FUN_032162,derived,
0x032188,0x0321A6,getFuelInectorLatencyCals,ghidra-hand-xmap,
0x0321A6,0x0321B2,FUN_0321a6,derived,
0x0321B2,0x0321BC,FUN_0321b2,derived,
0x0321BC,0x0321E2,FUN_0321bc,derived,
0x0321E2,0x0321E6,FUN_0321e2,derived,
0x0321E6,0x0321F0,FUN_0321e6,derived,
0x0321F0,0x0321FA,FUN_0321f0,derived,
0x0321FA,0x032204,FUN_0321fa,derived,
0x032204,0x032210,FUN_032204,derived,
0x032210,0x032238,FUN_032210,derived,
0x032238,0x032240,FUN_032238,derived,
0x032240,0x03224A,FUN_032240,derived,
0x03224A,0x0322E0,FUN_03224a,derived,
0x0322E0,0x0322E2,FUN_0322e0,derived,
0x0322E2,0x0322E4,FUN_0322e2,derived,
0x0322E4,0x0322EE,FUN_0322e4,derived,
0x0322EE,0x0322F8,FUN_0322ee,derived,
0x0322F8,0x0322FA,FUN_0322f8,derived,
0x0322FA,0x032304,FUN_0322fa,derived,
0x032304,0x032312,FUN_032304,derived,
0x032312,0x032318,FUN_032312,derived,
0x032318,0x03231C,FUN_032318,derived,
0x03231C,0x032374,FUN_03231c,derived,
0x032374,0x032428,FUN_032374,derived,
0x032428,0x03246E,calcInjectorCrankingTime??,ghidra-hand-xmap,
0x03246E,0x032474,FUN_03246e,derived,
0x032474,0x032484,getCrankingInjectorPulseTime,ghidra-hand-xmap,
0x032484,0x03248A,FUN_032484,derived,
0x03248A,0x03249A,FUN_03248a,derived,
0x03249A,0x03249C,FUN_03249a,derived,
0x03249C,0x03249E,FUN_03249c,derived,
0x03249E,0x0324A4,FUN_03249e,derived,
0x0324A4,0x0324A6,FUN_0324a4,derived,
0x0324A6,0x0324AC,FUN_0324a6,derived,
0x0324AC,0x0324B2,FUN_0324ac,derived,
0x0324B2,0x03254C,FUN_0324b2,derived,
0x03254C,0x0325B0,FUN_03254c,derived,
0x0325B0,0x0325B8,FUN_0325b0,derived,
0x0325B8,0x0325BE,FUN_0325b8,derived,
0x0325BE,0x0325D6,FUN_0325be,derived,
0x0325D6,0x0325E6,FUN_0325d6,derived,
0x0325E6,0x03260E,FUN_0325e6,derived,
0x03260E,0x032678,setStartupInjectorPwMult,ghidra-hand-xmap,
0x032678,0x03276E,FUN_032678,derived,
0x03276E,0x032778,FUN_03276e,derived,
0x032778,0x032784,FUN_032778,derived,
0x032784,0x0327C6,FUN_032784,derived,
0x0327C6,0x0327CE,FUN_0327c6,derived,
0x0327CE,0x032858,FUN_0327ce,derived,
0x032858,0x03285A,FUN_032858,derived,
0x03285A,0x03285C,FUN_03285a,derived,
0x03285C,0x032864,FUN_03285c,derived,
0x032864,0x032870,FUN_032864,derived,
0x032870,0x032872,FUN_032870,derived,
0x032872,0x03287C,FUN_032872,derived,
0x03287C,0x032882,FUN_03287c,derived,
0x032882,0x032888,FUN_032882,derived,
0x032888,0x0328AA,FUN_032888,derived,
0x0328AA,0x0328B6,FUN_0328aa,derived,
0x0328B6,0x0328C2,FUN_0328b6,derived,
0x0328C2,0x0328F8,FUN_0328c2,derived,
0x0328F8,0x032920,FUN_0328f8,derived,
0x032920,0x032924,FUN_032920,derived,
0x032924,0x032956,FUN_032924,derived,
0x032956,0x032972,FUN_032956,derived,
0x032972,0x0329F8,FUN_032972,derived,
0x0329F8,0x032A0A,FUN_0329f8,derived,
0x032A0A,0x032A2E,FUN_032a0a,derived,
0x032A2E,0x032A7E,FUN_032a2e,derived,
0x032A7E,0x032A92,FUN_032a7e,derived,
0x032A92,0x032A9E,FUN_032a92,derived,
0x032A9E,0x032AA2,FUN_032a9e,derived,
0x032AA2,0x032AB2,FUN_032aa2,derived,
0x032AB2,0x032AC2,FUN_032ab2,derived,
0x032AC2,0x032AD6,FUN_032ac2,derived,
0x032AD6,0x032B48,FUN_032ad6,derived,
0x032B48,0x032B60,FUN_032b48,derived,
0x032B60,0x032B62,FUN_032b60,derived,
0x032B62,0x032B74,FUN_032b62,derived,
0x032B74,0x032B8C,FUN_032b74,derived,
0x032B8C,0x032B92,FUN_032b8c,derived,
0x032B92,0x032BB6,FUN_032b92,derived,
0x032BB6,0x032BC2,FUN_032bb6,derived,
0x032BC2,0x032BC4,FUN_032bc2,derived,
0x032BC4,0x032BDA,FUN_032bc4,derived,
0x032BDA,0x032BEC,FUN_032bda,derived,
0x032BEC,0x032C16,FUN_032bec,derived,
0x032C16,0x032C46,FUN_032c16,derived,
0x032C46,0x032C72,FUN_032c46,derived,
0x032C72,0x032C78,FUN_032c72,derived,
0x032C78,0x032C82,FUN_032c78,derived,
0x032C82,0x032C8A,FUN_032c82,derived,
0x032C8A,0x032C8E,FUN_032c8a,derived,
0x032C8E,0x032C98,FUN_032c8e,derived,
0x032C98,0x032CAE,FUN_032c98,derived,
0x032CAE,0x032CBE,FUN_032cae,derived,
0x032CBE,0x032CD0,FUN_032cbe,derived,
0x032CD0,0x032D20,FUN_032cd0,derived,
0x032D20,0x032D2A,FUN_032d20,derived,
0x032D2A,0x032D2E,FUN_032d2a,derived,
0x032D2E,0x032D3E,FUN_032d2e,derived,
0x032D3E,0x032D4A,FUN_032d3e,derived,
0x032D4A,0x032D7E,FUN_032d4a,derived,
0x032D7E,0x032D8E,FUN_032d7e,derived,
0x032D8E,0x032D9C,FUN_032d8e,derived,
0x032D9C,0x032DA2,FUN_032d9c,derived,
0x032DA2,0x032DDC,FUN_032da2,derived,
0x032DDC,0x032DFA,FUN_032ddc,derived,
0x032DFA,0x032E66,FUN_032dfa,derived,
0x032E66,0x032E6E,FUN_032e66,derived,
0x032E6E,0x032E70,FUN_032e6e,derived,
0x032E70,0x032E74,FUN_032e70,derived,
0x032E74,0x032E88,FUN_032e74,derived,
0x032E88,0x032E96,FUN_032e88,derived,
0x032E96,0x032EBC,FUN_032e96,derived,
0x032EBC,0x032F46,FUN_032ebc,derived,
0x032F46,0x032F4C,FUN_032f46,derived,
0x032F4C,0x032F94,FUN_032f4c,derived,
0x032F94,0x032FBC,FUN_032f94,derived,
0x032FBC,0x032FD2,FUN_032fbc,derived,
0x032FD2,0x033012,FUN_032fd2,derived,
0x033012,0x03301A,FUN_033012,derived,
0x03301A,0x033022,FUN_03301a,derived,
0x033022,0x033036,FUN_033022,derived,
0x033036,0x03303E,FUN_033036,derived,
0x03303E,0x03304E,FUN_03303e,derived,
0x03304E,0x03306E,FUN_03304e,derived,
0x03306E,0x033084,FUN_03306e,derived,
0x033084,0x0330E6,FUN_033084,derived,
0x0330E6,0x03316C,FUN_0330e6,derived,
0x03316C,0x033172,FUN_03316c,derived,
0x033172,0x0331B0,FUN_033172,derived,
0x0331B0,0x0331BA,FUN_0331b0,derived,
0x0331BA,0x0331DE,FUN_0331ba,derived,
0x0331DE,0x0331E2,FUN_0331de,derived,
0x0331E2,0x0331E8,FUN_0331e2,derived,
0x0331E8,0x0331EC,FUN_0331e8,derived,
0x0331EC,0x033202,FUN_0331ec,derived,
0x033202,0x03320E,FUN_033202,derived,
0x03320E,0x03326E,FUN_03320e,derived,
0x03326E,0x03329A,FUN_03326e,derived,
0x03329A,0x0332B0,FUN_03329a,derived,
0x0332B0,0x03339A,FUN_0332b0,derived,
0x03339A,0x0333A0,FUN_03339a,derived,
0x0333A0,0x0334F2,FUN_0333a0,derived,
0x0334F2,0x0334FE,FUN_0334f2,derived,
0x0334FE,0x033516,FUN_0334fe,derived,
0x033516,0x03351C,FUN_033516,derived,
0x03351C,0x03352E,FUN_03351c,derived,
0x03352E,0x03353C,FUN_03352e,derived,
0x03353C,0x033560,FUN_03353c,derived,
0x033560,0x03363E,FUN_033560,derived,
0x03363E,0x03367A,FUN_03363e,derived,
0x03367A,0x03368E,FUN_03367a,derived,
0x03368E,0x033696,FUN_03368e,derived,
0x033696,0x0336A2,FUN_033696,derived,
0x0336A2,0x0336E6,FUN_0336a2,derived,
0x0336E6,0x033730,FUN_0336e6,derived,
0x033730,0x033752,FUN_033730,derived,
0x033752,0x03375E,FUN_033752,derived,
0x03375E,0x03377C,FUN_03375e,derived,
0x03377C,0x033780,FUN_03377c,derived,
0x033780,0x033782,FUN_033780,derived,
0x033782,0x03379E,FUN_033782,derived,
0x03379E,0x0337D4,FUN_03379e,derived,
0x0337D4,0x033838,FUN_0337d4,derived,
0x033838,0x0338F6,FUN_033838,derived,
0x0338F6,0x033900,FUN_0338f6,derived,
0x033900,0x033944,turnOnSecondaryAir??,ghidra-hand-xmap,
0x033944,0x033952,FUN_033944,derived,
0x033952,0x033966,FUN_033952,derived,
0x033966,0x033976,FUN_033966,derived,
0x033976,0x0339B0,FUN_033976,derived,
0x0339B0,0x033A8A,FUN_0339b0,derived,
0x033A8A,0x033A8E,FUN_033a8a,derived,
0x033A8E,0x033AB2,FUN_033a8e,derived,
0x033AB2,0x033ABC,FUN_033ab2,derived,
0x033ABC,0x033ABE,FUN_033abc,derived,
0x033ABE,0x033AD0,FUN_033abe,derived,
0x033AD0,0x033B20,FUN_033ad0,derived,
0x033B20,0x033B2A,FUN_033b20,derived,
0x033B2A,0x033B52,getEngineOffTimer,ghidra-hand-xmap,
0x033B52,0x033B6C,getSecondaryAirOnTimer,ghidra-hand-xmap,
0x033B6C,0x033B86,FUN_033b6c,derived,
0x033B86,0x033BAA,FUN_033b86,derived,
0x033BAA,0x033BB0,FUN_033baa,derived,
0x033BB0,0x033BC4,FUN_033bb0,derived,
0x033BC4,0x033BC6,FUN_033bc4,derived,
0x033BC6,0x033BD2,FUN_033bc6,derived,
0x033BD2,0x033BDC,FUN_033bd2,derived,
0x033BDC,0x033C2C,FUN_033bdc,derived,
0x033C2C,0x033C92,FUN_033c2c,derived,
0x033C92,0x033C9E,FUN_033c92,derived,
0x033C9E,0x033CA2,FUN_033c9e,derived,
0x033CA2,0x033CBC,FUN_033ca2,derived,
0x033CBC,0x033CC2,FUN_033cbc,derived,
0x033CC2,0x033CDA,FUN_033cc2,derived,
0x033CDA,0x033CE0,FUN_033cda,derived,
0x033CE0,0x033CF2,FUN_033ce0,derived,
0x033CF2,0x033D1A,FUN_033cf2,derived,
0x033D1A,0x033D2A,FUN_033d1a,derived,
0x033D2A,0x033DBE,FUN_033d2a,derived,
0x033DBE,0x033DCA,FUN_033dbe,derived,
0x033DCA,0x033DFE,FUN_033dca,derived,
0x033DFE,0x033E06,FUN_033dfe,derived,
0x033E06,0x033E24,FUN_033e06,derived,
0x033E24,0x033E54,FUN_033e24,derived,
0x033E54,0x033E58,FUN_033e54,derived,
0x033E58,0x033E68,FUN_033e58,derived,
0x033E68,0x033E76,FUN_033e68,derived,
0x033E76,0x033E8E,FUN_033e76,derived,
0x033E8E,0x033E92,FUN_033e8e,derived,
0x033E92,0x033E98,FUN_033e92,derived,
0x033E98,0x033EA4,FUN_033e98,derived,
0x033EA4,0x033EB2,calcAPVControl,ghidra-hand-xmap,
0x033EB2,0x033EDA,FUN_033eb2,derived,
0x033EDA,0x033EE2,FUN_033eda,derived,
0x033EE2,0x033F22,FUN_033ee2,derived,
0x033F22,0x033F50,FUN_033f22,derived,
0x033F50,0x033F5E,FUN_033f50,derived,
0x033F5E,0x033F86,FUN_033f5e,derived,
0x033F86,0x033F8C,FUN_033f86,derived,
0x033F8C,0x033F92,FUN_033f8c,derived,
0x033F92,0x034000,FUN_033f92,derived,
0x034000,0x03403E,FUN_034000,derived,
0x03403E,0x034068,FUN_03403e,derived,
0x034068,0x03406A,FUN_034068,derived,
0x03406A,0x03406E,FUN_03406a,derived,
0x03406E,0x034072,FUN_03406e,derived,
0x034072,0x034086,FUN_034072,derived,
0x034086,0x03408C,FUN_034086,derived,
0x03408C,0x034092,FUN_03408c,derived,
0x034092,0x03409C,FUN_034092,derived,
0x03409C,0x034120,FUN_03409c,derived,
0x034120,0x03415C,FUN_034120,derived,
0x03415C,0x034162,FUN_03415c,derived,
0x034162,0x03416C,FUN_034162,derived,
0x03416C,0x034178,FUN_03416c,derived,
0x034178,0x03417A,FUN_034178,derived,
0x03417A,0x0341A2,FUN_03417a,derived,
0x0341A2,0x0341B4,FUN_0341a2,derived,
0x0341B4,0x034210,FUN_0341b4,derived,
0x034210,0x03424A,FUN_034210,derived,
0x03424A,0x0342C8,FUN_03424a,derived,
0x0342C8,0x0342EC,FUN_0342c8,derived,
0x0342EC,0x034314,FUN_0342ec,derived,
0x034314,0x03431E,FUN_034314,derived,
0x03431E,0x034328,FUN_03431e,derived,
0x034328,0x03434C,FUN_034328,derived,
0x03434C,0x034354,FUN_03434c,derived,
0x034354,0x034356,FUN_034354,derived,
0x034356,0x03435C,FUN_034356,derived,
0x03435C,0x034364,FUN_03435c,derived,
0x034364,0x0343A8,FUN_034364,derived,
0x0343A8,0x0343AC,FUN_0343a8,derived,
0x0343AC,0x03444A,FUN_0343ac,derived,
0x03444A,0x03444C,FUN_03444a,derived,
0x03444C,0x034450,FUN_03444c,derived,
0x034450,0x03447A,FUN_034450,derived,
0x03447A,0x03447C,FUN_03447a,derived,
0x03447C,0x034482,FUN_03447c,derived,
0x034482,0x034488,FUN_034482,derived,
0x034488,0x0344A6,FUN_034488,derived,
0x0344A6,0x0344AA,FUN_0344a6,derived,
0x0344AA,0x0344B6,FUN_0344aa,derived,
0x0344B6,0x0344C8,FUN_0344b6,derived,
0x0344C8,0x0344D6,FUN_0344c8,derived,
0x0344D6,0x034500,FUN_0344d6,derived,
0x034500,0x034548,FUN_034500,derived,
0x034548,0x03457E,FUN_034548,derived,
0x03457E,0x03459A,FUN_03457e,derived,
0x03459A,0x03459E,FUN_03459a,derived,
0x03459E,0x0345A4,FUN_03459e,derived,
0x0345A4,0x0345BA,FUN_0345a4,derived,
0x0345BA,0x0345CE,FUN_0345ba,derived,
0x0345CE,0x0345D0,FUN_0345ce,derived,
0x0345D0,0x0345D2,FUN_0345d0,derived,
0x0345D2,0x0345E4,FUN_0345d2,derived,
0x0345E4,0x0345F0,FUN_0345e4,derived,
0x0345F0,0x034684,FUN_0345f0,derived,
0x034684,0x03468A,FUN_034684,derived,
0x03468A,0x034690,FUN_03468a,derived,
0x034690,0x0346B2,FUN_034690,derived,
0x0346B2,0x0346BA,FUN_0346b2,derived,
0x0346BA,0x0346C2,FUN_0346ba,derived,
0x0346C2,0x0346CA,FUN_0346c2,derived,
0x0346CA,0x0346DA,FUN_0346ca,derived,
0x0346DA,0x0346E0,FUN_0346da,derived,
0x0346E0,0x0346EA,FUN_0346e0,derived,
0x0346EA,0x0346EC,FUN_0346ea,derived,
0x0346EC,0x0346F8,FUN_0346ec,derived,
0x0346F8,0x0346FE,FUN_0346f8,derived,
0x0346FE,0x034708,FUN_0346fe,derived,
0x034708,0x0347C4,FUN_034708,derived,
0x0347C4,0x0347CA,FUN_0347c4,derived,
0x0347CA,0x0347D6,FUN_0347ca,derived,
0x0347D6,0x0347DC,FUN_0347d6,derived,
0x0347DC,0x0347E0,FUN_0347dc,derived,
0x0347E0,0x0347E4,FUN_0347e0,derived,
0x0347E4,0x0347E8,FUN_0347e4,derived,
0x0347E8,0x0347EE,FUN_0347e8,derived,
0x0347EE,0x034814,FUN_0347ee,derived,
0x034814,0x034820,FUN_034814,derived,
0x034820,0x034824,FUN_034820,derived,
0x034824,0x034826,FUN_034824,derived,
0x034826,0x03482A,FUN_034826,derived,
0x03482A,0x03486C,FUN_03482a,derived,
0x03486C,0x0348FC,FUN_03486c,derived,
0x0348FC,0x034900,FUN_0348fc,derived,
0x034900,0x03490E,FUN_034900,derived,
0x03490E,0x03494E,FUN_03490e,derived,
0x03494E,0x0349FC,FUN_03494e,derived,
0x0349FC,0x034A06,FUN_0349fc,derived,
0x034A06,0x034A0A,FUN_034a06,derived,
0x034A0A,0x034A0C,FUN_034a0a,derived,
0x034A0C,0x034A12,FUN_034a0c,derived,
0x034A12,0x034A14,FUN_034a12,derived,
0x034A14,0x034A32,FUN_034a14,derived,
0x034A32,0x034A5A,FUN_034a32,derived,
0x034A5A,0x034A60,FUN_034a5a,derived,
0x034A60,0x034A68,FUN_034a60,derived,
0x034A68,0x034B18,FUN_034a68,derived,
0x034B18,0x034B20,FUN_034b18,derived,
0x034B20,0x034B3C,FUN_034b20,derived,
0x034B3C,0x034B46,FUN_034b3c,derived,
0x034B46,0x034B48,FUN_034b46,derived,
0x034B48,0x034B4C,FUN_034b48,derived,
0x034B4C,0x034B56,FUN_034b4c,derived,
0x034B56,0x034B64,FUN_034b56,derived,
0x034B64,0x034B82,FUN_034b64,derived,
0x034B82,0x034BA2,FUN_034b82,derived,
0x034BA2,0x034BA8,FUN_034ba2,derived,
0x034BA8,0x034BB4,FUN_034ba8,derived,
0x034BB4,0x034BBA,FUN_034bb4,derived,
0x034BBA,0x034BC0,FUN_034bba,derived,
0x034BC0,0x034BCA,FUN_034bc0,derived,
0x034BCA,0x034BFA,FUN_034bca,derived,
0x034BFA,0x034BFE,FUN_034bfa,derived,
0x034BFE,0x034C30,FUN_034bfe,derived,
0x034C30,0x034C34,FUN_034c30,derived,
0x034C34,0x034C36,FUN_034c34,derived,
0x034C36,0x034C3C,FUN_034c36,derived,
0x034C3C,0x034C42,FUN_034c3c,derived,
0x034C42,0x034C54,FUN_034c42,derived,
0x034C54,0x034C80,FUN_034c54,derived,
0x034C80,0x034C86,FUN_034c80,derived,
0x034C86,0x034C8E,FUN_034c86,derived,
0x034C8E,0x034C94,FUN_034c8e,derived,
0x034C94,0x034CBA,FUN_034c94,derived,
0x034CBA,0x034CF0,FUN_034cba,derived,
0x034CF0,0x034D18,FUN_034cf0,derived,
0x034D18,0x034D1E,FUN_034d18,derived,
0x034D1E,0x034D48,FUN_034d1e,derived,
0x034D48,0x034D50,FUN_034d48,derived,
0x034D50,0x034D70,FUN_034d50,derived,
0x034D70,0x034D7A,FUN_034d70,derived,
0x034D7A,0x034D88,FUN_034d7a,derived,
0x034D88,0x034D8A,FUN_034d88,derived,
0x034D8A,0x034D9E,FUN_034d8a,derived,
0x034D9E,0x034DA0,FUN_034d9e,derived,
0x034DA0,0x034DA6,FUN_034da0,derived,
0x034DA6,0x034DE0,FUN_034da6,derived,
0x034DE0,0x034E18,FUN_034de0,derived,
0x034E18,0x034E1E,FUN_034e18,derived,
0x034E1E,0x034E38,FUN_034e1e,derived,
0x034E38,0x034E48,FUN_034e38,derived,
0x034E48,0x034E50,FUN_034e48,derived,
0x034E50,0x034E76,can620Pack,ghidra-hand-xmap,
0x034E76,0x034E80,FUN_034e76,derived,
0x034E80,0x034E8C,FUN_034e80,derived,
0x034E8C,0x034EDE,FUN_034e8c,derived,
0x034EDE,0x034EE2,FUN_034ede,derived,
0x034EE2,0x034EF2,FUN_034ee2,derived,
0x034EF2,0x034EF6,FUN_034ef2,derived,
0x034EF6,0x034F48,FUN_034ef6,derived,
0x034F48,0x034F98,FUN_034f48,derived,
0x034F98,0x034F9C,FUN_034f98,derived,
0x034F9C,0x034FC6,FUN_034f9c,derived,
0x034FC6,0x034FF4,can430rx_unpack,ghidra-hand-xmap,
0x034FF4,0x03500E,FUN_034ff4,derived,
0x03500E,0x035012,FUN_03500e,derived,
0x035012,0x035016,FUN_035012,derived,
0x035016,0x035018,FUN_035016,derived,
0x035018,0x03501A,FUN_035018,derived,
0x03501A,0x035034,FUN_03501a,derived,
0x035034,0x03503A,FUN_035034,derived,
0x03503A,0x035040,FUN_03503a,derived,
0x035040,0x035046,FUN_035040,derived,
0x035046,0x03504C,FUN_035046,derived,
0x03504C,0x035052,FUN_03504c,derived,
0x035052,0x035058,FUN_035052,derived,
0x035058,0x035080,FUN_035058,derived,
0x035080,0x035114,FUN_035080,derived,
0x035114,0x035118,FUN_035114,derived,
0x035118,0x035142,FUN_035118,derived,
0x035142,0x03514E,FUN_035142,derived,
0x03514E,0x03515C,FUN_03514e,derived,
0x03515C,0x0351C0,FUN_03515c,derived,
0x0351C0,0x03528A,FUN_0351c0,derived,
0x03528A,0x0352B8,FUN_03528a,derived,
0x0352B8,0x035316,FUN_0352b8,derived,
0x035316,0x035332,FUN_035316,derived,
0x035332,0x03537A,FUN_035332,derived,
0x03537A,0x0353B0,FUN_03537a,derived,
0x0353B0,0x035422,FUN_0353b0,derived,
0x035422,0x0355F4,FUN_035422,derived,
0x0355F4,0x035718,FUN_0355f4,derived,
0x035718,0x0357F2,FUN_035718,derived,
0x0357F2,0x035890,FUN_0357f2,derived,
0x035890,0x0358DE,cruiseControlInit,ghidra-hand-xmap,
0x0358DE,0x0358FE,FUN_0358de,derived,
0x0358FE,0x035906,FUN_0358fe,derived,
0x035906,0x035916,knockInit,ghidra-hand-xmap,
0x035916,0x035922,knockConditonalInit,ghidra-hand-xmap,
0x035922,0x03599C,FUN_035922,derived,
0x03599C,0x0359AE,FUN_03599c,derived,
0x0359AE,0x0359BE,FUN_0359ae,derived,
0x0359BE,0x0359CE,FUN_0359be,derived,
0x0359CE,0x035BD2,FUN_0359ce,derived,
0x035BD2,0x035BDE,FUN_035bd2,derived,
0x035BDE,0x035BEA,FUN_035bde,derived,
0x035BEA,0x035C06,FUN_035bea,derived,
0x035C06,0x035C12,FUN_035c06,derived,
0x035C12,0x035C16,FUN_035c12,derived,
0x035C16,0x035C22,FUN_035c16,derived,
0x035C22,0x035C36,FUN_035c22,derived,
0x035C36,0x035CB0,FUN_035c36,derived,
0x035CB0,0x035D26,FUN_035cb0,derived,
0x035D26,0x035D28,FUN_035d26,derived,
0x035D28,0x035D36,throttlePedalParameters,ghidra-hand-xmap,
0x035D36,0x035D42,FUN_035d36,derived,
0x035D42,0x035D58,FUN_035d42,derived,
0x035D58,0x035E12,FUN_035d58,derived,
0x035E12,0x035EA4,FUN_035e12,derived,
0x035EA4,0x035EB6,FUN_035ea4,derived,
0x035EB6,0x035EC2,FUN_035eb6,derived,
0x035EC2,0x035ECE,FUN_035ec2,derived,
0x035ECE,0x035EDA,FUN_035ece,derived,
0x035EDA,0x035EEE,FUN_035eda,derived,
0x035EEE,0x035EFE,FUN_035eee,derived,
0x035EFE,0x035F0A,FUN_035efe,derived,
0x035F0A,0x035F28,FUN_035f0a,derived,
0x035F28,0x035FB6,calculateKnockConditionA,ghidra-hand-xmap,
0x035FB6,0x035FC2,FUN_035fb6,derived,
0x035FC2,0x036094,FUN_035fc2,derived,
0x036094,0x0360EA,FUN_036094,derived,
0x0360EA,0x0360F6,FUN_0360ea,derived,
0x0360F6,0x036102,FUN_0360f6,derived,
0x036102,0x036106,FUN_036102,derived,
0x036106,0x036112,FUN_036106,derived,
0x036112,0x03611E,FUN_036112,derived,
0x03611E,0x03612A,FUN_03611e,derived,
0x03612A,0x036136,FUN_03612a,derived,
0x036136,0x036152,FUN_036136,derived,
0x036152,0x036154,FUN_036152,derived,
0x036154,0x03615E,FUN_036154,derived,
0x03615E,0x036162,FUN_03615e,derived,
0x036162,0x036168,FUN_036162,derived,
0x036168,0x03616E,FUN_036168,derived,
0x03616E,0x036178,FUN_03616e,derived,
0x036178,0x03618E,FUN_036178,derived,
0x03618E,0x0361AC,FUN_03618e,derived,
0x0361AC,0x0361CE,FUN_0361ac,derived,
0x0361CE,0x036232,FUN_0361ce,derived,
0x036232,0x0362A0,FUN_036232,derived,
0x0362A0,0x0362BC,FUN_0362a0,derived,
0x0362BC,0x0362D2,FUN_0362bc,derived,
0x0362D2,0x0362D4,FUN_0362d2,derived,
0x0362D4,0x03630C,FUN_0362d4,derived,
0x03630C,0x0363DC,FUN_03630c,derived,
0x0363DC,0x036432,FUN_0363dc,derived,
0x036432,0x036450,FUN_036432,derived,
0x036450,0x0364BA,FUN_036450,derived,
0x0364BA,0x036538,FUN_0364ba,derived,
0x036538,0x03654C,FUN_036538,derived,
0x03654C,0x036578,FUN_03654c,derived,
0x036578,0x036656,FUN_036578,derived,
0x036656,0x0366D2,FUN_036656,derived,
0x0366D2,0x036734,FUN_0366d2,derived,
0x036734,0x036768,FUN_036734,derived,
0x036768,0x0367C0,FUN_036768,derived,
0x0367C0,0x0367C8,FUN_0367c0,derived,
0x0367C8,0x036820,FUN_0367c8,derived,
0x036820,0x036892,FUN_036820,derived,
0x036892,0x0368A2,FUN_036892,derived,
0x0368A2,0x0368F2,FUN_0368a2,derived,
0x0368F2,0x036910,FUN_0368f2,derived,
0x036910,0x036932,getEngineStartupEnrichValue,ghidra-hand-xmap,
0x036932,0x036948,derateEngineStartupEnrich,ghidra-hand-xmap,
0x036948,0x036988,FUN_036948,derived,
0x036988,0x0369A8,FUN_036988,derived,
0x0369A8,0x0369D4,FUN_0369a8,derived,
0x0369D4,0x036A1C,FUN_0369d4,derived,
0x036A1C,0x036A78,resetStartupEnrich??,ghidra-hand-xmap,
0x036A78,0x036A8A,FUN_036a78,derived,
0x036A8A,0x036A92,FUN_036a8a,derived,
0x036A92,0x036A9C,FUN_036a92,derived,
0x036A9C,0x036ACC,FUN_036a9c,derived,
0x036ACC,0x036AEA,FUN_036acc,derived,
0x036AEA,0x036BAC,FUN_036aea,derived,
0x036BAC,0x036D1A,FUN_036bac,derived,
0x036D1A,0x036D38,FUN_036d1a,derived,
0x036D38,0x036DB8,FUN_036d38,derived,
0x036DB8,0x036E6C,FUN_036db8,derived,
0x036E6C,0x036F7C,FUN_036e6c,derived,
0x036F7C,0x036FAC,FUN_036f7c,derived,
0x036FAC,0x036FBA,VDIControl,ghidra-hand-xmap,
0x036FBA,0x03704C,FUN_036fba,derived,
0x03704C,0x037052,FUN_03704c,derived,
0x037052,0x037078,FUN_037052,derived,
0x037078,0x03707E,FUN_037078,derived,
0x03707E,0x0370A4,FUN_03707e,derived,
0x0370A4,0x0370AC,FUN_0370a4,derived,
0x0370AC,0x03714C,FUN_0370ac,derived,
0x03714C,0x03716C,FUN_03714c,derived,
0x03716C,0x037190,FUN_03716c,derived,
0x037190,0x037196,FUN_037190,derived,
0x037196,0x0371CC,FUN_037196,derived,
0x0371CC,0x0371D4,FUN_0371cc,derived,
0x0371D4,0x0371DC,FUN_0371d4,derived,
0x0371DC,0x03724A,immoRelatedMaybe??,ghidra-hand-xmap,
0x03724A,0x037316,ImmoMain,ghidra-hand-xmap,
0x037316,0x0373C4,FUN_037316,derived,
0x0373C4,0x037444,FUN_0373c4,derived,
0x037444,0x03747A,FUN_037444,derived,
0x03747A,0x0375D2,ImmoWaitForKey,ghidra-hand-xmap,
0x0375D2,0x0375DE,FUN_0375d2,derived,
0x0375DE,0x0375FE,FUN_0375de,derived,
0x0375FE,0x03760A,FUN_0375fe,derived,
0x03760A,0x03761A,FUN_03760a,derived,
0x03761A,0x03765A,FUN_03761a,derived,
0x03765A,0x0376AA,FUN_03765a,derived,
0x0376AA,0x0376C2,FUN_0376aa,derived,
0x0376C2,0x0376C6,FUN_0376c2,derived,
0x0376C6,0x0377C2,FUN_0376c6,derived,
0x0377C2,0x0377CA,FUN_0377c2,derived,
0x0377CA,0x0377CE,FUN_0377ca,derived,
0x0377CE,0x0378D2,FUN_0377ce,derived,
0x0378D2,0x0378DE,FUN_0378d2,derived,
0x0378DE,0x037916,FUN_0378de,derived,
0x037916,0x037930,FUN_037916,derived,
0x037930,0x0379A2,FUN_037930,derived,
0x0379A2,0x0379C0,FUN_0379a2,derived,
0x0379C0,0x037A0E,FUN_0379c0,derived,
0x037A0E,0x037A20,FUN_037a0e,derived,
0x037A20,0x037A2C,FUN_037a20,derived,
0x037A2C,0x037AA0,ImmoGoodStateSet?,ghidra-hand-xmap,
0x037AA0,0x037ABE,ImmoBadStateSet?,ghidra-hand-xmap,
0x037ABE,0x037B0E,FUN_037abe,derived,
0x037B0E,0x037B36,FUN_037b0e,derived,
0x037B36,0x037BA0,ImmoGetSeed,ghidra-hand-xmap,
0x037BA0,0x037C0C,FUN_037ba0,derived,
0x037C0C,0x037C44,FUN_037c0c,derived,
0x037C44,0x037D58,calculateImmoSeed,ghidra-hand-xmap,
0x037D58,0x037DFC,ImmoGetCANData,ghidra-hand-xmap,
0x037DFC,0x037EA0,FUN_037dfc,derived,
0x037EA0,0x037FA4,FUN_037ea0,derived,
0x037FA4,0x037FE4,FUN_037fa4,derived,
0x037FE4,0x0380BE,Immo_Keygen_related_ADC,ghidra-hand-xmap,
0x0380BE,0x038104,loadDatafromE2intoRAM?,ghidra-hand-xmap,
0x038104,0x0381F4,getDataFromE2RAM,ghidra-hand-xmap,
0x0381F4,0x0382C0,updateE2RAMBasedOnInput,ghidra-hand-xmap,
0x0382C0,0x038314,FUN_0382c0,derived,
0x038314,0x0383A8,FUN_038314,derived,
0x0383A8,0x0384C6,FUN_0383a8,derived,
0x0384C6,0x0384E8,FUN_0384c6,derived,
0x0384E8,0x038608,FUN_0384e8,derived,
0x038608,0x0386CC,ImmoUpdateRelated,ghidra-hand-xmap,
0x0386CC,0x038746,FUN_0386cc,derived,
0x038746,0x038810,FUN_038746,derived,
0x038810,0x038830,FUN_038810,derived,
0x038830,0x0388AA,FUN_038830,derived,
0x0388AA,0x03894C,FUN_0388aa,derived,
0x03894C,0x0389C6,FUN_03894c,derived,
0x0389C6,0x038AD4,FUN_0389c6,derived,
0x038AD4,0x038B38,FUN_038ad4,derived,
0x038B38,0x038B86,FUN_038b38,derived,
0x038B86,0x038BCC,FUN_038b86,derived,
0x038BCC,0x038CA8,FUN_038bcc,derived,
0x038CA8,0x038DC2,FUN_038ca8,derived,
0x038DC2,0x038E68,FUN_038dc2,derived,
0x038E68,0x038EE2,FUN_038e68,derived,
0x038EE2,0x038F98,FUN_038ee2,derived,
0x038F98,0x039012,FUN_038f98,derived,
0x039012,0x039058,FUN_039012,derived,
0x039058,0x039070,FUN_039058,derived,
0x039070,0x0390D8,FUN_039070,derived,
0x0390D8,0x039234,FUN_0390d8,derived,
0x039234,0x039300,afterImmo_1,ghidra-hand-xmap,
0x039300,0x0393A4,FUN_039300,derived,
0x0393A4,0x0394EA,afterImmo_2,ghidra-hand-xmap,
0x0394EA,0x039516,FUN_0394ea,derived,
0x039516,0x039566,FUN_039516,derived,
0x039566,0x03963C,FUN_039566,derived,
0x03963C,0x0396E0,afterImmo_3,ghidra-hand-xmap,
0x0396E0,0x03977A,FUN_0396e0,derived,
0x03977A,0x0397A4,FUN_03977a,derived,
0x0397A4,0x03989C,afterImmo_4,ghidra-hand-xmap,
0x03989C,0x0399F4,afterImmo_5,ghidra-hand-xmap,
0x0399F4,0x039AC0,afterImmo_7,ghidra-hand-xmap,
0x039AC0,0x039C26,FUN_039ac0,derived,
0x039C26,0x039C4A,FUN_039c26,derived,
0x039C4A,0x039CAE,FUN_039c4a,derived,
0x039CAE,0x039D28,FUN_039cae,derived,
0x039D28,0x039DDE,FUN_039d28,derived,
0x039DDE,0x039E6A,FUN_039dde,derived,
0x039E6A,0x039F3A,FUN_039e6a,derived,
0x039F3A,0x03A044,FUN_039f3a,derived,
0x03A044,0x03A07A,FUN_03a044,derived,
0x03A07A,0x03A14C,FUN_03a07a,derived,
0x03A14C,0x03A1C6,FUN_03a14c,derived,
0x03A1C6,0x03A226,FUN_03a1c6,derived,
0x03A226,0x03A2DE,FUN_03a226,derived,
0x03A2DE,0x03A336,FUN_03a2de,derived,
0x03A336,0x03A426,FUN_03a336,derived,
0x03A426,0x03A42E,FUN_03a426,derived,
0x03A42E,0x03A43E,FUN_03a42e,derived,
0x03A43E,0x03A440,FUN_03a43e,derived,
0x03A440,0x03A46A,FUN_03a440,derived,
0x03A46A,0x03A60C,FUN_03a46a,derived,
0x03A60C,0x03A658,writeToE2RAMArea_INDEX_ADDR_LEN,ghidra-hand-xmap,
0x03A658,0x03A67A,FUN_03a658,derived,
0x03A67A,0x03A73C,FUN_03a67a,derived,
0x03A73C,0x03A742,FUN_03a73c,derived,
0x03A742,0x03A752,FUN_03a742,derived,
0x03A752,0x03A7E4,FUN_03a752,derived,
0x03A7E4,0x03A7EA,FUN_03a7e4,derived,
0x03A7EA,0x03A802,FUN_03a7ea,derived,
0x03A802,0x03A830,FUN_03a802,derived,
0x03A830,0x03A880,can41TXPack,ghidra-hand-xmap,
0x03A880,0x03A882,FUN_03a880,derived,
0x03A882,0x03A884,FUN_03a882,derived,
0x03A884,0x03A8B8,FUN_03a884,derived,
0x03A8B8,0x03A8C2,FUN_03a8b8,derived,
0x03A8C2,0x03A8FC,FUN_03a8c2,derived,
0x03A8FC,0x03A906,FUN_03a8fc,derived,
0x03A906,0x03A910,FUN_03a906,derived,
0x03A910,0x03A970,FUN_03a910,derived,
0x03A970,0x03A97A,FUN_03a970,derived,
0x03A97A,0x03A97E,FUN_03a97a,derived,
0x03A97E,0x03A9A6,FUN_03a97e,derived,
0x03A9A6,0x03AB18,FUN_03a9a6,derived,
0x03AB18,0x03ABE0,FUN_03ab18,derived,
0x03ABE0,0x03AC32,FUN_03abe0,derived,
0x03AC32,0x03AC58,FUN_03ac32,derived,
0x03AC58,0x03AC82,FUN_03ac58,derived,
0x03AC82,0x03AC90,FUN_03ac82,derived,
0x03AC90,0x03ACE0,FUN_03ac90,derived,
0x03ACE0,0x03AD3A,FUN_03ace0,derived,
0x03AD3A,0x03AECA,FUN_03ad3a,derived,
0x03AECA,0x03AEE2,FUN_03aeca,derived,
0x03AEE2,0x03AF48,FUN_03aee2,derived,
0x03AF48,0x03AF5C,FUN_03af48,derived,
0x03AF5C,0x03AF82,FUN_03af5c,derived,
0x03AF82,0x03AFFE,FUN_03af82,derived,
0x03AFFE,0x03B096,FUN_03affe,derived,
0x03B096,0x03B13E,FUN_03b096,derived,
0x03B13E,0x03B26A,FUN_03b13e,derived,
0x03B26A,0x03B26E,FUN_03b26a,derived,
0x03B26E,0x03B27E,FUN_03b26e,derived,
0x03B27E,0x03B282,FUN_03b27e,derived,
0x03B282,0x03B2BC,FUN_03b282,derived,
0x03B2BC,0x03B2EA,FUN_03b2bc,derived,
0x03B2EA,0x03B2FE,FUN_03b2ea,derived,
0x03B2FE,0x03B33A,FUN_03b2fe,derived,
0x03B33A,0x03B358,FUN_03b33a,derived,
0x03B358,0x03B370,FUN_03b358,derived,
0x03B370,0x03B41E,evapRelated,ghidra-hand-xmap,
0x03B41E,0x03B43A,FUN_03b41e,derived,
0x03B43A,0x03B446,FUN_03b43a,derived,
0x03B446,0x03B456,FUN_03b446,derived,
0x03B456,0x03B466,FUN_03b456,derived,
0x03B466,0x03B496,FUN_03b466,derived,
0x03B496,0x03B5B2,FUN_03b496,derived,
0x03B5B2,0x03B5CA,FUN_03b5b2,derived,
0x03B5CA,0x03B5EA,FUN_03b5ca,derived,
0x03B5EA,0x03B606,FUN_03b5ea,derived,
0x03B606,0x03B612,FUN_03b606,derived,
0x03B612,0x03B62C,FUN_03b612,derived,
0x03B62C,0x03B68C,FUN_03b62c,derived,
0x03B68C,0x03B6E2,FUN_03b68c,derived,
0x03B6E2,0x03B6F0,FUN_03b6e2,derived,
0x03B6F0,0x03B6FA,FUN_03b6f0,derived,
0x03B6FA,0x03B70E,FUN_03b6fa,derived,
0x03B70E,0x03B712,FUN_03b70e,derived,
0x03B712,0x03B71E,FUN_03b712,derived,
0x03B71E,0x03B7B6,FUN_03b71e,derived,
0x03B7B6,0x03B876,FUN_03b7b6,derived,
0x03B876,0x03B88E,FUN_03b876,derived,
0x03B88E,0x03B95A,FUN_03b88e,derived,
0x03B95A,0x03BB12,FUN_03b95a,derived,
0x03BB12,0x03BB60,FUN_03bb12,derived,
0x03BB60,0x03BBEC,FUN_03bb60,derived,
0x03BBEC,0x03C30E,FUN_03bbec,derived,
0x03C30E,0x03C354,FUN_03c30e,derived,
0x03C354,0x03C3AE,FUN_03c354,derived,
0x03C3AE,0x03C3D8,FUN_03c3ae,derived,
0x03C3D8,0x03C42E,FUN_03c3d8,derived,
0x03C42E,0x03C460,FUN_03c42e,derived,
0x03C460,0x03C470,FUN_03c460,derived,
0x03C470,0x03C488,FUN_03c470,derived,
0x03C488,0x03C4A6,FUN_03c488,derived,
0x03C4A6,0x03C50A,FUN_03c4a6,derived,
0x03C50A,0x03C586,FUN_03c50a,derived,
0x03C586,0x03C646,FUN_03c586,derived,
0x03C646,0x03C6C0,FUN_03c646,derived,
0x03C6C0,0x03C76E,FUN_03c6c0,derived,
0x03C76E,0x03C840,FUN_03c76e,derived,
0x03C840,0x03C870,FUN_03c840,derived,
0x03C870,0x03C8D6,FUN_03c870,derived,
0x03C8D6,0x03C914,FUN_03c8d6,derived,
0x03C914,0x03C98C,FUN_03c914,derived,
0x03C98C,0x03C9A6,FUN_03c98c,derived,
0x03C9A6,0x03C9BA,FUN_03c9a6,derived,
0x03C9BA,0x03C9C0,FUN_03c9ba,derived,
0x03C9C0,0x03C9EA,FUN_03c9c0,derived,
0x03C9EA,0x03CA1C,FUN_03c9ea,derived,
0x03CA1C,0x03CAF2,FUN_03ca1c,derived,
0x03CAF2,0x03CB3E,FUN_03caf2,derived,
0x03CB3E,0x03CBB2,FUN_03cb3e,derived,
0x03CBB2,0x03CBBA,FUN_03cbb2,derived,
0x03CBBA,0x03CBF2,FUN_03cbba,derived,
0x03CBF2,0x03CC22,FUN_03cbf2,derived,
0x03CC22,0x03CC2C,FUN_03cc22,derived,
0x03CC2C,0x03CC58,FUN_03cc2c,derived,
0x03CC58,0x03CD08,FUN_03cc58,derived,
0x03CD08,0x03CD7E,FUN_03cd08,derived,
0x03CD7E,0x03CDE4,FUN_03cd7e,derived,
0x03CDE4,0x03CE18,FUN_03cde4,derived,
0x03CE18,0x03CECC,FUN_03ce18,derived,
0x03CECC,0x03CED4,FUN_03cecc,derived,
0x03CED4,0x03CEFA,FUN_03ced4,derived,
0x03CEFA,0x03CF02,FUN_03cefa,derived,
0x03CF02,0x03CF12,FUN_03cf02,derived,
0x03CF12,0x03CF20,FUN_03cf12,derived,
0x03CF20,0x03D076,FUN_03cf20,derived,
0x03D076,0x03D07C,FUN_03d076,derived,
0x03D07C,0x03D082,FUN_03d07c,derived,
0x03D082,0x03D088,FUN_03d082,derived,
0x03D088,0x03D08E,FUN_03d088,derived,
0x03D08E,0x03D09A,FUN_03d08e,derived,
0x03D09A,0x03D0A6,FUN_03d09a,derived,
0x03D0A6,0x03D0C2,FUN_03d0a6,derived,
0x03D0C2,0x03D10E,FUN_03d0c2,derived,
0x03D10E,0x03D142,FUN_03d10e,derived,
0x03D142,0x03D170,FUN_03d142,derived,
0x03D170,0x03D1CE,FUN_03d170,derived,
0x03D1CE,0x03D1DA,FUN_03d1ce,derived,
0x03D1DA,0x03D1EC,FUN_03d1da,derived,
0x03D1EC,0x03D210,FUN_03d1ec,derived,
0x03D210,0x03D258,FUN_03d210,derived,
0x03D258,0x03D2D4,FUN_03d258,derived,
0x03D2D4,0x03D306,FUN_03d2d4,derived,
0x03D306,0x03D312,FUN_03d306,derived,
0x03D312,0x03D3B6,FUN_03d312,derived,
0x03D3B6,0x03D42A,FUN_03d3b6,derived,
0x03D42A,0x03D436,FUN_03d42a,derived,
0x03D436,0x03D43A,FUN_03d436,derived,
0x03D43A,0x03D518,FUN_03d43a,derived,
0x03D518,0x03D51A,FUN_03d518,derived,
0x03D51A,0x03D526,FUN_03d51a,derived,
0x03D526,0x03D528,FUN_03d526,derived,
0x03D528,0x03D55A,FUN_03d528,derived,
0x03D55A,0x03D55E,FUN_03d55a,derived,
0x03D55E,0x03D560,FUN_03d55e,derived,
0x03D560,0x03D56A,FUN_03d560,derived,
0x03D56A,0x03D574,FUN_03d56a,derived,
0x03D574,0x03D576,FUN_03d574,derived,
0x03D576,0x03D586,FUN_03d576,derived,
0x03D586,0x03D592,FUN_03d586,derived,
0x03D592,0x03D5A2,FUN_03d592,derived,
0x03D5A2,0x03D5F0,FUN_03d5a2,derived,
0x03D5F0,0x03D642,FUN_03d5f0,derived,
0x03D642,0x03D644,FUN_03d642,derived,
0x03D644,0x03D68A,FUN_03d644,derived,
0x03D68A,0x03D692,FUN_03d68a,derived,
0x03D692,0x03D69A,FUN_03d692,derived,
0x03D69A,0x03D744,FUN_03d69a,derived,
0x03D744,0x03D760,FUN_03d744,derived,
0x03D760,0x03D78A,FUN_03d760,derived,
0x03D78A,0x03D78E,FUN_03d78a,derived,
0x03D78E,0x03D790,FUN_03d78e,derived,
0x03D790,0x03D796,FUN_03d790,derived,
0x03D796,0x03D7B4,FUN_03d796,derived,
0x03D7B4,0x03D7BE,FUN_03d7b4,derived,
0x03D7BE,0x03D7CA,FUN_03d7be,derived,
0x03D7CA,0x03D872,FUN_03d7ca,derived,
0x03D872,0x03D878,FUN_03d872,derived,
0x03D878,0x03D886,FUN_03d878,derived,
0x03D886,0x03D89A,FUN_03d886,derived,
0x03D89A,0x03D8C2,FUN_03d89a,derived,
0x03D8C2,0x03D8C6,FUN_03d8c2,derived,
0x03D8C6,0x03D8CA,FUN_03d8c6,derived,
0x03D8CA,0x03D8D6,FUN_03d8ca,derived,
0x03D8D6,0x03D90A,FUN_03d8d6,derived,
0x03D90A,0x03D9BA,FUN_03d90a,derived,
0x03D9BA,0x03D9C4,FUN_03d9ba,derived,
0x03D9C4,0x03D9EC,FUN_03d9c4,derived,
0x03D9EC,0x03D9EE,FUN_03d9ec,derived,
0x03D9EE,0x03D9F2,FUN_03d9ee,derived,
0x03D9F2,0x03DA2E,FUN_03d9f2,derived,
0x03DA2E,0x03DA54,FUN_03da2e,derived,
0x03DA54,0x03DA80,FUN_03da54,derived,
0x03DA80,0x03DACC,FUN_03da80,derived,
0x03DACC,0x03DAD8,FUN_03dacc,derived,
0x03DAD8,0x03DAEC,FUN_03dad8,derived,
0x03DAEC,0x03DAFA,FUN_03daec,derived,
0x03DAFA,0x03DB04,FUN_03dafa,derived,
0x03DB04,0x03DB06,FUN_03db04,derived,
0x03DB06,0x03DB2A,FUN_03db06,derived,
0x03DB2A,0x03DB66,FUN_03db2a,derived,
0x03DB66,0x03DBE0,FUN_03db66,derived,
0x03DBE0,0x03DC82,FUN_03dbe0,derived,
0x03DC82,0x03DCAA,FUN_03dc82,derived,
0x03DCAA,0x03DCBA,FUN_03dcaa,derived,
0x03DCBA,0x03DCCA,FUN_03dcba,derived,
0x03DCCA,0x03DCDE,FUN_03dcca,derived,
0x03DCDE,0x03DD00,FUN_03dcde,derived,
0x03DD00,0x03DD12,FUN_03dd00,derived,
0x03DD12,0x03DDAA,FUN_03dd12,derived,
0x03DDAA,0x03DDB2,FUN_03ddaa,derived,
0x03DDB2,0x03DDB6,FUN_03ddb2,derived,
0x03DDB6,0x03DDB8,FUN_03ddb6,derived,
0x03DDB8,0x03DDD0,FUN_03ddb8,derived,
0x03DDD0,0x03DE70,FUN_03ddd0,derived,
0x03DE70,0x03DE82,FUN_03de70,derived,
0x03DE82,0x03DEC4,FUN_03de82,derived,
0x03DEC4,0x03DEF2,FUN_03dec4,derived,
0x03DEF2,0x03DF0A,FUN_03def2,derived,
0x03DF0A,0x03DF10,FUN_03df0a,derived,
0x03DF10,0x03DF1E,FUN_03df10,derived,
0x03DF1E,0x03DF2A,FUN_03df1e,derived,
0x03DF2A,0x03E042,FUN_03df2a,derived,
0x03E042,0x03E048,FUN_03e042,derived,
0x03E048,0x03E158,FUN_03e048,derived,
0x03E158,0x03E15E,FUN_03e158,derived,
0x03E15E,0x03E160,FUN_03e15e,derived,
0x03E160,0x03E162,FUN_03e160,derived,
0x03E162,0x03E16A,FUN_03e162,derived,
0x03E16A,0x03E1A4,FUN_03e16a,derived,
0x03E1A4,0x03E1DA,FUN_03e1a4,derived,
0x03E1DA,0x03E25A,FUN_03e1da,derived,
0x03E25A,0x03E266,FUN_03e25a,derived,
0x03E266,0x03E288,FUN_03e266,derived,
0x03E288,0x03E292,FUN_03e288,derived,
0x03E292,0x03E2FA,FUN_03e292,derived,
0x03E2FA,0x03E2FE,FUN_03e2fa,derived,
0x03E2FE,0x03E314,FUN_03e2fe,derived,
0x03E314,0x03E366,FUN_03e314,derived,
0x03E366,0x03E368,FUN_03e366,derived,
0x03E368,0x03E3B6,FUN_03e368,derived,
0x03E3B6,0x03E3D0,FUN_03e3b6,derived,
0x03E3D0,0x03E3F6,FUN_03e3d0,derived,
0x03E3F6,0x03E41C,FUN_03e3f6,derived,
0x03E41C,0x03E43A,FUN_03e41c,derived,
0x03E43A,0x03E4C2,FUN_03e43a,derived,
0x03E4C2,0x03E576,FUN_03e4c2,derived,
0x03E576,0x03E5B6,setFuelingRequestPointer,ghidra-hand-xmap,
0x03E5B6,0x03E5E0,FUN_03e5b6,derived,
0x03E5E0,0x03E604,FUN_03e5e0,derived,
0x03E604,0x03E60A,FUN_03e604,derived,
0x03E60A,0x03E73E,FUN_03e60a,derived,
0x03E73E,0x03E7A6,FUN_03e73e,derived,
0x03E7A6,0x03E7D6,FUN_03e7a6,derived,
0x03E7D6,0x03E8B6,FUN_03e7d6,derived,
0x03E8B6,0x03E920,FUN_03e8b6,derived,
0x03E920,0x03E964,FUN_03e920,derived,
0x03E964,0x03E96A,FUN_03e964,derived,
0x03E96A,0x03EAA8,FUN_03e96a,derived,
0x03EAA8,0x03EAE2,FUN_03eaa8,derived,
0x03EAE2,0x03EB0E,FUN_03eae2,derived,
0x03EB0E,0x03EB50,FUN_03eb0e,derived,
0x03EB50,0x03EBD8,FUN_03eb50,derived,
0x03EBD8,0x03EBE2,FUN_03ebd8,derived,
0x03EBE2,0x03EC4E,FUN_03ebe2,derived,
0x03EC4E,0x03EC90,FUN_03ec4e,derived,
0x03EC90,0x03ECA2,FUN_03ec90,derived,
0x03ECA2,0x03ECC0,FUN_03eca2,derived,
0x03ECC0,0x03ED16,FUN_03ecc0,derived,
0x03ED16,0x03EDF0,FUN_03ed16,derived,
0x03EDF0,0x03EE1C,FUN_03edf0,derived,
0x03EE1C,0x03EE48,FUN_03ee1c,derived,
0x03EE48,0x03EFBA,FUN_03ee48,derived,
0x03EFBA,0x03F196,FUN_03efba,derived,
0x03F196,0x03F1AE,FUN_03f196,derived,
0x03F1AE,0x03F1F2,FUN_03f1ae,derived,
0x03F1F2,0x03F24C,FUN_03f1f2,derived,
0x03F24C,0x03F3CC,FUN_03f24c,derived,
0x03F3CC,0x03F50A,FUN_03f3cc,derived,
0x03F50A,0x03F5B2,FUN_03f50a,derived,
0x03F5B2,0x03F7D6,FUN_03f5b2,derived,
0x03F7D6,0x03F7FC,checkTimers,ghidra-hand-xmap,
0x03F7FC,0x03F828,FUN_03f7fc,derived,
0x03F828,0x03F8B0,FUN_03f828,derived,
0x03F8B0,0x03F8FC,FUN_03f8b0,derived,
0x03F8FC,0x03F8FE,FUN_03f8fc,derived,
0x03F8FE,0x03F900,FUN_03f8fe,derived,
0x03F900,0x03FA2E,FUN_03f900,derived,
0x03FA2E,0x03FA5A,FUN_03fa2e,derived,
0x03FA5A,0x03FABC,FUN_03fa5a,derived,
0x03FABC,0x03FB98,FUN_03fabc,derived,
0x03FB98,0x03FB9E,FUN_03fb98,derived,
0x03FB9E,0x03FBA6,FUN_03fb9e,derived,
0x03FBA6,0x03FC32,FUN_03fba6,derived,
0x03FC32,0x03FC8E,FUN_03fc32,derived,
0x03FC8E,0x03FCD8,FUN_03fc8e,derived,
0x03FCD8,0x03FCDE,FUN_03fcd8,derived,
0x03FCDE,0x03FCE4,FUN_03fcde,derived,
0x03FCE4,0x03FCF8,FUN_03fce4,derived,
0x03FCF8,0x03FD12,FUN_03fcf8,derived,
0x03FD12,0x03FDDC,FUN_03fd12,derived,
0x03FDDC,0x03FDDE,FUN_03fddc,derived,
0x03FDDE,0x03FDE2,FUN_03fdde,derived,
0x03FDE2,0x03FF7A,FUN_03fde2,derived,
0x03FF7A,0x03FF94,FUN_03ff7a,derived,
0x03FF94,0x03FFC6,FUN_03ff94,derived,
0x03FFC6,0x040060,FUN_03ffc6,derived,
0x040060,0x0400A2,FUN_040060,derived,
0x0400A2,0x040100,FUN_0400a2,derived,
0x040100,0x0401DC,FUN_040100,derived,
0x0401DC,0x0402C8,FUN_0401dc,derived,
0x0402C8,0x0402CE,FUN_0402c8,derived,
0x0402CE,0x0402E2,FUN_0402ce,derived,
0x0402E2,0x0402EE,FUN_0402e2,derived,
0x0402EE,0x04034C,FUN_0402ee,derived,
0x04034C,0x040366,FUN_04034c,derived,
0x040366,0x04037A,FUN_040366,derived,
0x04037A,0x04040E,FUN_04037a,derived,
0x04040E,0x040418,FUN_04040e,derived,
0x040418,0x04041E,FUN_040418,derived,
0x04041E,0x0404D8,FUN_04041e,derived,
0x0404D8,0x0404F0,FUN_0404d8,derived,
0x0404F0,0x04051C,FUN_0404f0,derived,
0x04051C,0x040536,FUN_04051c,derived,
0x040536,0x04053A,FUN_040536,derived,
0x04053A,0x040546,FUN_04053a,derived,
0x040546,0x040560,FUN_040546,derived,
0x040560,0x04056A,FUN_040560,derived,
0x04056A,0x04059E,FUN_04056a,derived,
0x04059E,0x0405AE,FUN_04059e,derived,
0x0405AE,0x04061E,FUN_0405ae,derived,
0x04061E,0x040690,FUN_04061e,derived,
0x040690,0x0406C8,FUN_040690,derived,
0x0406C8,0x0406E2,FUN_0406c8,derived,
0x0406E2,0x0406EA,FUN_0406e2,derived,
0x0406EA,0x0406FA,FUN_0406ea,derived,
0x0406FA,0x040706,FUN_0406fa,derived,
0x040706,0x040708,FUN_040706,derived,
0x040708,0x04071A,FUN_040708,derived,
0x04071A,0x040726,FUN_04071a,derived,
0x040726,0x040736,FUN_040726,derived,
0x040736,0x040804,FUN_040736,derived,
0x040804,0x04080C,FUN_040804,derived,
0x04080C,0x040826,FUN_04080c,derived,
0x040826,0x040828,FUN_040826,derived,
0x040828,0x040846,FUN_040828,derived,
0x040846,0x040852,FUN_040846,derived,
0x040852,0x0408CE,FUN_040852,derived,
0x0408CE,0x0408DA,FUN_0408ce,derived,
0x0408DA,0x0408F4,FUN_0408da,derived,
0x0408F4,0x04094C,FUN_0408f4,derived,
0x04094C,0x04095A,FUN_04094c,derived,
0x04095A,0x040960,FUN_04095a,derived,
0x040960,0x04096E,FUN_040960,derived,
0x04096E,0x04097A,FUN_04096e,derived,
0x04097A,0x040984,FUN_04097a,derived,
0x040984,0x040996,FUN_040984,derived,
0x040996,0x0409B6,FUN_040996,derived,
0x0409B6,0x040A7C,FUN_0409b6,derived,
0x040A7C,0x040A7E,FUN_040a7c,derived,
0x040A7E,0x040B18,FUN_040a7e,derived,
0x040B18,0x040B96,FUN_040b18,derived,
0x040B96,0x040BA2,FUN_040b96,derived,
0x040BA2,0x040C06,FUN_040ba2,derived,
0x040C06,0x040C26,FUN_040c06,derived,
0x040C26,0x040C42,FUN_040c26,derived,
0x040C42,0x040C4E,FUN_040c42,derived,
0x040C4E,0x040C6E,FUN_040c4e,derived,
0x040C6E,0x040C9A,FUN_040c6e,derived,
0x040C9A,0x040CA6,FUN_040c9a,derived,
0x040CA6,0x040CB2,FUN_040ca6,derived,
0x040CB2,0x040CE8,FUN_040cb2,derived,
0x040CE8,0x040CF8,FUN_040ce8,derived,
0x040CF8,0x040D0A,FUN_040cf8,derived,
0x040D0A,0x040D18,FUN_040d0a,derived,
0x040D18,0x040D48,FUN_040d18,derived,
0x040D48,0x040D4A,FUN_040d48,derived,
0x040D4A,0x040D52,FUN_040d4a,derived,
0x040D52,0x040D88,FUN_040d52,derived,
0x040D88,0x040DC8,readValue_16bit_ADDRESS_VAL,ghidra-hand-xmap,
0x040DC8,0x040E16,readValue_32bit_ADDRESS_VAL,ghidra-hand-xmap,
0x040E16,0x040E3E,FUN_040e16,derived,
0x040E3E,0x040E4A,FUN_040e3e,derived,
0x040E4A,0x040E62,FUN_040e4a,derived,
0x040E62,0x040E64,FUN_040e62,derived,
0x040E64,0x040E6E,FUN_040e64,derived,
0x040E6E,0x040E74,FUN_040e6e,derived,
0x040E74,0x040E84,updateMemoryAtAddress_16bit_ADDR_VAL,ghidra-hand-xmap,
0x040E84,0x040EC4,updateMemoryAtAddress_32bit_ADDR_VAL,ghidra-hand-xmap,
0x040EC4,0x040F0A,FUN_040ec4,derived,
0x040F0A,0x040F46,validateAddressCopy_8bit_ADDRESS??,ghidra-hand-xmap,
0x040F46,0x040F6E,FUN_040f46,derived,
0x040F6E,0x040F86,FUN_040f6e,derived,
0x040F86,0x040F92,FUN_040f86,derived,
0x040F92,0x040F9C,FUN_040f92,derived,
0x040F9C,0x040FC2,FUN_040f9c,derived,
0x040FC2,0x040FCA,FUN_040fc2,derived,
0x040FCA,0x040FD6,FUN_040fca,derived,
0x040FD6,0x040FDA,FUN_040fd6,derived,
0x040FDA,0x040FF6,FUN_040fda,derived,
0x040FF6,0x040FF8,FUN_040ff6,derived,
0x040FF8,0x041022,FUN_040ff8,derived,
0x041022,0x041032,FUN_041022,derived,
0x041032,0x04105C,FUN_041032,derived,
0x04105C,0x041066,FUN_04105c,derived,
0x041066,0x04109E,FUN_041066,derived,
0x04109E,0x0410A2,FUN_04109e,derived,
0x0410A2,0x0410DC,FUN_0410a2,derived,
0x0410DC,0x0410E2,FUN_0410dc,derived,
0x0410E2,0x041124,FUN_0410e2,derived,
0x041124,0x04113C,FUN_041124,derived,
0x04113C,0x041152,FUN_04113c,derived,
0x041152,0x041162,FUN_041152,derived,
0x041162,0x041196,FUN_041162,derived,
0x041196,0x0411A6,FUN_041196,derived,
0x0411A6,0x041240,FUN_0411a6,derived,
0x041240,0x041242,FUN_041240,derived,
0x041242,0x041246,FUN_041242,derived,
0x041246,0x041250,FUN_041246,derived,
0x041250,0x041252,FUN_041250,derived,
0x041252,0x041264,FUN_041252,derived,
0x041264,0x041282,FUN_041264,derived,
0x041282,0x0412AA,FUN_041282,derived,
0x0412AA,0x0412AE,FUN_0412aa,derived,
0x0412AE,0x0412C2,FUN_0412ae,derived,
0x0412C2,0x0412C6,FUN_0412c2,derived,
0x0412C6,0x041368,FUN_0412c6,derived,
0x041368,0x041378,FUN_041368,derived,
0x041378,0x04137A,FUN_041378,derived,
0x04137A,0x041390,FUN_04137a,derived,
0x041390,0x0413C6,FUN_041390,derived,
0x0413C6,0x0413E2,FUN_0413c6,derived,
0x0413E2,0x0413E6,FUN_0413e2,derived,
0x0413E6,0x041458,FUN_0413e6,derived,
0x041458,0x04145A,FUN_041458,derived,
0x04145A,0x04146E,FUN_04145a,derived,
0x04146E,0x041472,FUN_04146e,derived,
0x041472,0x041476,FUN_041472,derived,
0x041476,0x04147C,FUN_041476,derived,
0x04147C,0x0414D8,FUN_04147c,derived,
0x0414D8,0x04151E,FUN_0414d8,derived,
0x04151E,0x04152A,FUN_04151e,derived,
0x04152A,0x041534,FUN_04152a,derived,
0x041534,0x04153C,FUN_041534,derived,
0x04153C,0x04154A,FUN_04153c,derived,
0x04154A,0x04154C,FUN_04154a,derived,
0x04154C,0x04154E,FUN_04154c,derived,
0x04154E,0x041554,FUN_04154e,derived,
0x041554,0x04155E,FUN_041554,derived,
0x04155E,0x041562,FUN_04155e,derived,
0x041562,0x041566,FUN_041562,derived,
0x041566,0x041568,FUN_041566,derived,
0x041568,0x0415CC,FUN_041568,derived,
0x0415CC,0x041612,FUN_0415cc,derived,
0x041612,0x04161A,FUN_041612,derived,
0x04161A,0x041632,FUN_04161a,derived,
0x041632,0x041696,FUN_041632,derived,
0x041696,0x0416B8,FUN_041696,derived,
0x0416B8,0x0416C6,FUN_0416b8,derived,
0x0416C6,0x0416CA,FUN_0416c6,derived,
0x0416CA,0x041742,FUN_0416ca,derived,
0x041742,0x041792,FUN_041742,derived,
0x041792,0x0417D2,FUN_041792,derived,
0x0417D2,0x0417D4,FUN_0417d2,derived,
0x0417D4,0x0417E6,FUN_0417d4,derived,
0x0417E6,0x04182A,FUN_0417e6,derived,
0x04182A,0x041882,FUN_04182a,derived,
0x041882,0x0418F8,FUN_041882,derived,
0x0418F8,0x041926,FUN_0418f8,derived,
0x041926,0x041936,FUN_041926,derived,
0x041936,0x04193E,FUN_041936,derived,
0x04193E,0x041984,FUN_04193e,derived,
0x041984,0x0419CA,FUN_041984,derived,
0x0419CA,0x0419DA,FUN_0419ca,derived,
0x0419DA,0x041A02,FUN_0419da,derived,
0x041A02,0x041A2A,FUN_041a02,derived,
0x041A2A,0x041A74,FUN_041a2a,derived,
0x041A74,0x041AEA,FUN_041a74,derived,
0x041AEA,0x041B12,FUN_041aea,derived,
0x041B12,0x041B9A,FUN_041b12,derived,
0x041B9A,0x041BF4,FUN_041b9a,derived,
0x041BF4,0x041C8A,FUN_041bf4,derived,
0x041C8A,0x041D34,FUN_041c8a,derived,
0x041D34,0x041D4C,FUN_041d34,derived,
0x041D4C,0x041D6C,FUN_041d4c,derived,
0x041D6C,0x041D8A,FUN_041d6c,derived,
0x041D8A,0x041DA2,FUN_041d8a,derived,
0x041DA2,0x041DC0,FUN_041da2,derived,
0x041DC0,0x041DE4,FUN_041dc0,derived,
0x041DE4,0x041DF2,FUN_041de4,derived,
0x041DF2,0x041E0E,FUN_041df2,derived,
0x041E0E,0x041E12,FUN_041e0e,derived,
0x041E12,0x041E32,FUN_041e12,derived,
0x041E32,0x041E40,FUN_041e32,derived,
0x041E40,0x041E4A,FUN_041e40,derived,
0x041E4A,0x041E68,FUN_041e4a,derived,
0x041E68,0x041EC0,FUN_041e68,derived,
0x041EC0,0x041ECC,FUN_041ec0,derived,
0x041ECC,0x041F0C,FUN_041ecc,derived,
0x041F0C,0x041F9A,FUN_041f0c,derived,
0x041F9A,0x041FBE,FUN_041f9a,derived,
0x041FBE,0x041FDE,FUN_041fbe,derived,
0x041FDE,0x041FEA,FUN_041fde,derived,
0x041FEA,0x041FF6,FUN_041fea,derived,
0x041FF6,0x04200E,FUN_041ff6,derived,
0x04200E,0x04208A,FUN_04200e,derived,
0x04208A,0x042094,FUN_04208a,derived,
0x042094,0x0420B2,FUN_042094,derived,
0x0420B2,0x042156,FUN_0420b2,derived,
0x042156,0x04217A,FUN_042156,derived,
0x04217A,0x0421A8,FUN_04217a,derived,
0x0421A8,0x0421D2,FUN_0421a8,derived,
0x0421D2,0x0422D2,FUN_0421d2,derived,
0x0422D2,0x0423AE,FUN_0422d2,derived,
0x0423AE,0x042474,FUN_0423ae,derived,
0x042474,0x042486,FUN_042474,derived,
0x042486,0x0424A0,FUN_042486,derived,
0x0424A0,0x0424B2,FUN_0424a0,derived,
0x0424B2,0x042512,FUN_0424b2,derived,
0x042512,0x042518,FUN_042512,derived,
0x042518,0x04251E,FUN_042518,derived,
0x04251E,0x042648,FUN_04251e,derived,
0x042648,0x042674,FUN_042648,derived,
0x042674,0x04274C,FUN_042674,derived,
0x04274C,0x042752,FUN_04274c,derived,
0x042752,0x042764,FUN_042752,derived,
0x042764,0x0427A0,FUN_042764,derived,
0x0427A0,0x042870,FUN_0427a0,derived,
0x042870,0x0428A2,FUN_042870,derived,
0x0428A2,0x042914,FUN_0428a2,derived,
0x042914,0x042920,FUN_042914,derived,
0x042920,0x0429E6,FUN_042920,derived,
0x0429E6,0x042A46,FUN_0429e6,derived,
0x042A46,0x042A6E,FUN_042a46,derived,
0x042A6E,0x042AFC,FUN_042a6e,derived,
0x042AFC,0x042B22,FUN_042afc,derived,
0x042B22,0x042B38,FUN_042b22,derived,
0x042B38,0x042B44,FUN_042b38,derived,
0x042B44,0x042BD2,FUN_042b44,derived,
0x042BD2,0x042C10,FUN_042bd2,derived,
0x042C10,0x042C8E,FUN_042c10,derived,
0x042C8E,0x042CD2,FUN_042c8e,derived,
0x042CD2,0x042DA4,FUN_042cd2,derived,
0x042DA4,0x042DD6,FUN_042da4,derived,
0x042DD6,0x043148,FUN_042dd6,derived,
0x043148,0x0431B6,FUN_043148,derived,
0x0431B6,0x043388,FUN_0431b6,derived,
0x043388,0x043828,FUN_043388,derived,
0x043828,0x04392E,FUN_043828,derived,
0x04392E,0x04393E,FUN_04392e,derived,
0x04393E,0x043962,FUN_04393e,derived,
0x043962,0x043964,FUN_043962,derived,
0x043964,0x0439A6,FUN_043964,derived,
0x0439A6,0x0439B2,FUN_0439a6,derived,
0x0439B2,0x0439C2,FUN_0439b2,derived,
0x0439C2,0x043A52,FUN_0439c2,derived,
0x043A52,0x043A82,FUN_043a52,derived,
0x043A82,0x043B1E,FUN_043a82,derived,
0x043B1E,0x043B82,FUN_043b1e,derived,
0x043B82,0x043BF0,FUN_043b82,derived,
0x043BF0,0x043C3A,FUN_043bf0,derived,
0x043C3A,0x043C4E,FUN_043c3a,derived,
0x043C4E,0x043C56,FUN_043c4e,derived,
0x043C56,0x043CA2,FUN_043c56,derived,
0x043CA2,0x043CC8,FUN_043ca2,derived,
0x043CC8,0x043D3E,FUN_043cc8,derived,
0x043D3E,0x043D7A,FUN_043d3e,derived,
0x043D7A,0x043D98,FUN_043d7a,derived,
0x043D98,0x043E24,FUN_043d98,derived,
0x043E24,0x043E46,FUN_043e24,derived,
0x043E46,0x043E4E,FUN_043e46,derived,
0x043E4E,0x043E5E,FUN_043e4e,derived,
0x043E5E,0x043E62,FUN_043e5e,derived,
0x043E62,0x043E82,FUN_043e62,derived,
0x043E82,0x043EAA,FUN_043e82,derived,
0x043EAA,0x043F04,FUN_043eaa,derived,
0x043F04,0x043F70,FUN_043f04,derived,
0x043F70,0x043F9A,FUN_043f70,derived,
0x043F9A,0x043FEA,FUN_043f9a,derived,
0x043FEA,0x044080,FUN_043fea,derived,
0x044080,0x0440B2,FUN_044080,derived,
0x0440B2,0x0440B6,FUN_0440b2,derived,
0x0440B6,0x0440BA,FUN_0440b6,derived,
0x0440BA,0x0440CA,FUN_0440ba,derived,
0x0440CA,0x04410E,FUN_0440ca,derived,
0x04410E,0x04413E,FUN_04410e,derived,
0x04413E,0x0441E0,FUN_04413e,derived,
0x0441E0,0x04423C,FUN_0441e0,derived,
0x04423C,0x044262,FUN_04423c,derived,
0x044262,0x04426A,FUN_044262,derived,
0x04426A,0x044272,FUN_04426a,derived,
0x044272,0x04432C,FUN_044272,derived,
0x04432C,0x0443D8,FUN_04432c,derived,
0x0443D8,0x0445A6,FUN_0443d8,derived,
0x0445A6,0x0445C4,FUN_0445a6,derived,
0x0445C4,0x044604,FUN_0445c4,derived,
0x044604,0x04461A,FUN_044604,derived,
0x04461A,0x0447DE,FUN_04461a,derived,
0x0447DE,0x044818,FUN_0447de,derived,
0x044818,0x044862,lambdaRelated,ghidra-hand-xmap,
0x044862,0x044864,FUN_044862,derived,
0x044864,0x04487C,FUN_044864,derived,
0x04487C,0x044892,FUN_04487c,derived,
0x044892,0x04489A,FUN_044892,derived,
0x04489A,0x044926,FUN_04489a,derived,
0x044926,0x04492E,FUN_044926,derived,
0x04492E,0x04493E,FUN_04492e,derived,
0x04493E,0x044946,FUN_04493e,derived,
0x044946,0x044960,FUN_044946,derived,
0x044960,0x0449AC,FUN_044960,derived,
0x0449AC,0x0449B4,FUN_0449ac,derived,
0x0449B4,0x0449E2,FUN_0449b4,derived,
0x0449E2,0x0449EA,FUN_0449e2,derived,
0x0449EA,0x044AE0,FUN_0449ea,derived,
0x044AE0,0x044B54,FUN_044ae0,derived,
0x044B54,0x044B7E,FUN_044b54,derived,
0x044B7E,0x044B84,FUN_044b7e,derived,
0x044B84,0x044C9E,FUN_044b84,derived,
0x044C9E,0x044D72,FUN_044c9e,derived,
0x044D72,0x044E28,FUN_044d72,derived,
0x044E28,0x044F74,FUN_044e28,derived,
0x044F74,0x044FE8,FUN_044f74,derived,
0x044FE8,0x044FF4,FUN_044fe8,derived,
0x044FF4,0x045008,FUN_044ff4,derived,
0x045008,0x04506E,FUN_045008,derived,
0x04506E,0x045108,calculateDriverConditions,ghidra-hand-xmap,
0x045108,0x04514A,FUN_045108,derived,
0x04514A,0x045192,FUN_04514a,derived,
0x045192,0x0451A6,FUN_045192,derived,
0x0451A6,0x0451DC,FUN_0451a6,derived,
0x0451DC,0x0451F2,FUN_0451dc,derived,
0x0451F2,0x045224,FUN_0451f2,derived,
0x045224,0x045284,FUN_045224,derived,
0x045284,0x04529E,FUN_045284,derived,
0x04529E,0x0452A4,FUN_04529e,derived,
0x0452A4,0x0452B4,FUN_0452a4,derived,
0x0452B4,0x0452CE,FUN_0452b4,derived,
0x0452CE,0x0452E2,FUN_0452ce,derived,
0x0452E2,0x04530C,FUN_0452e2,derived,
0x04530C,0x04537A,FUN_04530c,derived,
0x04537A,0x045452,FUN_04537a,derived,
0x045452,0x04547A,FUN_045452,derived,
0x04547A,0x04547E,FUN_04547a,derived,
0x04547E,0x04549A,FUN_04547e,derived,
0x04549A,0x0454C2,FUN_04549a,derived,
0x0454C2,0x045502,FUN_0454c2,derived,
0x045502,0x04552C,FUN_045502,derived,
0x04552C,0x045540,FUN_04552c,derived,
0x045540,0x045590,FUN_045540,derived,
0x045590,0x0455A2,FUN_045590,derived,
0x0455A2,0x04562A,FUN_0455a2,derived,
0x04562A,0x04570C,FUN_04562a,derived,
0x04570C,0x045794,FUN_04570c,derived,
0x045794,0x0457BE,FUN_045794,derived,
0x0457BE,0x04591E,FUN_0457be,derived,
0x04591E,0x045948,FUN_04591e,derived,
0x045948,0x0459C2,FUN_045948,derived,
0x0459C2,0x045A74,calc_decel_fuel_cut_445AA,ghidra-hand-xmap,
0x045A74,0x045AAC,FUN_045a74,derived,
0x045AAC,0x045AD4,FUN_045aac,derived,
0x045AD4,0x045B4A,FUN_045ad4,derived,
0x045B4A,0x045B58,FUN_045b4a,derived,
0x045B58,0x045B60,FUN_045b58,derived,
0x045B60,0x045B70,FUN_045b60,derived,
0x045B70,0x045B9A,FUN_045b70,derived,
0x045B9A,0x045BC2,FUN_045b9a,derived,
0x045BC2,0x045BC8,FUN_045bc2,derived,
0x045BC8,0x045C16,FUN_045bc8,derived,
0x045C16,0x045C3C,FUN_045c16,derived,
0x045C3C,0x045CA6,FUN_045c3c,derived,
0x045CA6,0x045CD8,FUN_045ca6,derived,
0x045CD8,0x045CF8,FUN_045cd8,derived,
0x045CF8,0x045D22,getThrottleLessThanLookupTimer,ghidra-hand-xmap,
0x045D22,0x045DA0,FUN_045d22,derived,
0x045DA0,0x045DC0,FUN_045da0,derived,
0x045DC0,0x045DD2,FUN_045dc0,derived,
0x045DD2,0x045E2A,FUN_045dd2,derived,
0x045E2A,0x045E70,FUN_045e2a,derived,
0x045E70,0x045E9A,FUN_045e70,derived,
0x045E9A,0x045ECA,FUN_045e9a,derived,
0x045ECA,0x045EF0,FUN_045eca,derived,
0x045EF0,0x045F1C,FUN_045ef0,derived,
0x045F1C,0x045F2C,FUN_045f1c,derived,
0x045F2C,0x045F38,FUN_045f2c,derived,
0x045F38,0x046028,FUN_045f38,derived,
0x046028,0x046080,FUN_046028,derived,
0x046080,0x0460B4,FUN_046080,derived,
0x0460B4,0x046118,FUN_0460b4,derived,
0x046118,0x0461AC,FUN_046118,derived,
0x0461AC,0x0461AE,FUN_0461ac,derived,
0x0461AE,0x0461B6,FUN_0461ae,derived,
0x0461B6,0x0461CE,FUN_0461b6,derived,
0x0461CE,0x0461D0,FUN_0461ce,derived,
0x0461D0,0x04620A,FUN_0461d0,derived,
0x04620A,0x046228,FUN_04620a,derived,
0x046228,0x046240,FUN_046228,derived,
0x046240,0x04625C,FUN_046240,derived,
0x04625C,0x0462C0,FUN_04625c,derived,
0x0462C0,0x0462D6,FUN_0462c0,derived,
0x0462D6,0x0462E0,FUN_0462d6,derived,
0x0462E0,0x046338,FUN_0462e0,derived,
0x046338,0x046396,FUN_046338,derived,
0x046396,0x0463E2,FUN_046396,derived,
0x0463E2,0x0463E8,FUN_0463e2,derived,
0x0463E8,0x0463EE,FUN_0463e8,derived,
0x0463EE,0x0463FA,FUN_0463ee,derived,
0x0463FA,0x046416,FUN_0463fa,derived,
0x046416,0x046418,FUN_046416,derived,
0x046418,0x046426,FUN_046418,derived,
0x046426,0x0464B8,FUN_046426,derived,
0x0464B8,0x0464C2,FUN_0464b8,derived,
0x0464C2,0x0464FE,FUN_0464c2,derived,
0x0464FE,0x046504,FUN_0464fe,derived,
0x046504,0x046512,FUN_046504,derived,
0x046512,0x04656C,FUN_046512,derived,
0x04656C,0x0465A4,FUN_04656c,derived,
0x0465A4,0x046786,FUN_0465a4,derived,
0x046786,0x0467C2,FUN_046786,derived,
0x0467C2,0x0467DA,FUN_0467c2,derived,
0x0467DA,0x04682A,FUN_0467da,derived,
0x04682A,0x046832,FUN_04682a,derived,
0x046832,0x046980,FUN_046832,derived,
0x046980,0x046A92,FUN_046980,derived,
0x046A92,0x046A9E,FUN_046a92,derived,
0x046A9E,0x046ABA,FUN_046a9e,derived,
0x046ABA,0x046AF8,FUN_046aba,derived,
0x046AF8,0x046B22,FUN_046af8,derived,
0x046B22,0x046B3A,FUN_046b22,derived,
0x046B3A,0x046BAC,FUN_046b3a,derived,
0x046BAC,0x046BD0,FUN_046bac,derived,
0x046BD0,0x046BD8,FUN_046bd0,derived,
0x046BD8,0x046BEC,FUN_046bd8,derived,
0x046BEC,0x046C5C,FUN_046bec,derived,
0x046C5C,0x046C8E,FUN_046c5c,derived,
0x046C8E,0x046CBE,FUN_046c8e,derived,
0x046CBE,0x046D0A,FUN_046cbe,derived,
0x046D0A,0x046DEA,FUN_046d0a,derived,
0x046DEA,0x046E10,FUN_046dea,derived,
0x046E10,0x046EA0,FUN_046e10,derived,
0x046EA0,0x046ECE,FUN_046ea0,derived,
0x046ECE,0x046F5C,FUN_046ece,derived,
0x046F5C,0x046F88,FUN_046f5c,derived,
0x046F88,0x047026,FUN_046f88,derived,
0x047026,0x047058,FUN_047026,derived,
0x047058,0x047060,FUN_047058,derived,
0x047060,0x047088,FUN_047060,derived,
0x047088,0x0470D0,FUN_047088,derived,
0x0470D0,0x04710A,FUN_0470d0,derived,
0x04710A,0x047164,FUN_04710a,derived,
0x047164,0x047176,FUN_047164,derived,
0x047176,0x0471BC,FUN_047176,derived,
0x0471BC,0x0471EE,FUN_0471bc,derived,
0x0471EE,0x04721E,FUN_0471ee,derived,
0x04721E,0x047292,FUN_04721e,derived,
0x047292,0x047394,FUN_047292,derived,
0x047394,0x04741C,obdFaultRelated?,ghidra-hand-xmap,
0x04741C,0x04742E,FUN_04741c,derived,
0x04742E,0x047470,FUN_04742e,derived,
0x047470,0x0474B8,FUN_047470,derived,
0x0474B8,0x0474C0,FUN_0474b8,derived,
0x0474C0,0x0474C8,FUN_0474c0,derived,
0x0474C8,0x047518,FUN_0474c8,derived,
0x047518,0x04768A,FUN_047518,derived,
0x04768A,0x0476D8,FUN_04768a,derived,
0x0476D8,0x047844,FUN_0476d8,derived,
0x047844,0x047866,FUN_047844,derived,
0x047866,0x04786E,FUN_047866,derived,
0x04786E,0x047876,FUN_04786e,derived,
0x047876,0x0478B6,FUN_047876,derived,
0x0478B6,0x04795E,FUN_0478b6,derived,
0x04795E,0x047972,FUN_04795e,derived,
0x047972,0x047A48,FUN_047972,derived,
0x047A48,0x047A6A,FUN_047a48,derived,
0x047A6A,0x047A72,FUN_047a6a,derived,
0x047A72,0x047A86,FUN_047a72,derived,
0x047A86,0x047A98,FUN_047a86,derived,
0x047A98,0x047AC6,FUN_047a98,derived,
0x047AC6,0x047B9E,FUN_047ac6,derived,
0x047B9E,0x047BC8,FUN_047b9e,derived,
0x047BC8,0x047BCE,FUN_047bc8,derived,
0x047BCE,0x047C24,FUN_047bce,derived,
0x047C24,0x047C6C,FUN_047c24,derived,
0x047C6C,0x047C84,FUN_047c6c,derived,
0x047C84,0x047C9C,FUN_047c84,derived,
0x047C9C,0x047CC6,FUN_047c9c,derived,
0x047CC6,0x047CDA,FUN_047cc6,derived,
0x047CDA,0x047CEC,FUN_047cda,derived,
0x047CEC,0x047D38,FUN_047cec,derived,
0x047D38,0x047DA4,FUN_047d38,derived,
0x047DA4,0x047DF2,FUN_047da4,derived,
0x047DF2,0x047EB2,FUN_047df2,derived,
0x047EB2,0x047EF0,FUN_047eb2,derived,
0x047EF0,0x047F1E,FUN_047ef0,derived,
0x047F1E,0x047F22,FUN_047f1e,derived,
0x047F22,0x047F2A,FUN_047f22,derived,
0x047F2A,0x047F32,FUN_047f2a,derived,
0x047F32,0x047F84,FUN_047f32,derived,
0x047F84,0x04803A,FUN_047f84,derived,
0x04803A,0x04804A,FUN_04803a,derived,
0x04804A,0x0480E8,FUN_04804a,derived,
0x0480E8,0x048112,FUN_0480e8,derived,
0x048112,0x048126,FUN_048112,derived,
0x048126,0x048138,FUN_048126,derived,
0x048138,0x04813E,FUN_048138,derived,
0x04813E,0x048144,FUN_04813e,derived,
0x048144,0x048178,FUN_048144,derived,
0x048178,0x0482BC,FUN_048178,derived,
0x0482BC,0x0482DE,FUN_0482bc,derived,
0x0482DE,0x0482E6,FUN_0482de,derived,
0x0482E6,0x0482EE,FUN_0482e6,derived,
0x0482EE,0x048360,FUN_0482ee,derived,
0x048360,0x048564,FUN_048360,derived,
0x048564,0x0486B2,FUN_048564,derived,
0x0486B2,0x04873A,FUN_0486b2,derived,
0x04873A,0x0487B6,FUN_04873a,derived,
0x0487B6,0x0488B4,FUN_0487b6,derived,
0x0488B4,0x0488D6,FUN_0488b4,derived,
0x0488D6,0x0488DE,FUN_0488d6,derived,
0x0488DE,0x0488E6,FUN_0488de,derived,
0x0488E6,0x048940,FUN_0488e6,derived,
0x048940,0x0489D8,FUN_048940,derived,
0x0489D8,0x048A48,FUN_0489d8,derived,
0x048A48,0x048AE0,FUN_048a48,derived,
0x048AE0,0x048B30,FUN_048ae0,derived,
0x048B30,0x048B80,FUN_048b30,derived,
0x048B80,0x048B9C,FUN_048b80,derived,
0x048B9C,0x048BB6,FUN_048b9c,derived,
0x048BB6,0x048C0A,FUN_048bb6,derived,
0x048C0A,0x048C24,FUN_048c0a,derived,
0x048C24,0x048C7E,FUN_048c24,derived,
0x048C7E,0x048CE6,FUN_048c7e,derived,
0x048CE6,0x048CEE,FUN_048ce6,derived,
0x048CEE,0x048D02,FUN_048cee,derived,
0x048D02,0x048D54,FUN_048d02,derived,
0x048D54,0x048D98,FUN_048d54,derived,
0x048D98,0x048DBA,FUN_048d98,derived,
0x048DBA,0x048DC2,FUN_048dba,derived,
0x048DC2,0x048DCA,FUN_048dc2,derived,
0x048DCA,0x048E0A,FUN_048dca,derived,
0x048E0A,0x048ED4,FUN_048e0a,derived,
0x048ED4,0x048EEC,FUN_048ed4,derived,
0x048EEC,0x048F42,FUN_048eec,derived,
0x048F42,0x049194,FUN_048f42,derived,
0x049194,0x049218,FUN_049194,derived,
0x049218,0x0492C6,FUN_049218,derived,
0x0492C6,0x049310,setPerRotorLevel1FuelCut,ghidra-hand-xmap,
0x049310,0x049358,FUN_049310,derived,
0x049358,0x049384,FUN_049358,derived,
0x049384,0x0493E6,FUN_049384,derived,
0x0493E6,0x0493FA,FUN_0493e6,derived,
0x0493FA,0x04940C,FUN_0493fa,derived,
0x04940C,0x049424,FUN_04940c,derived,
0x049424,0x049518,FUN_049424,derived,
0x049518,0x04962C,FUN_049518,derived,
0x04962C,0x049A3E,setThrottleStatus,ghidra-hand-xmap,
0x049A3E,0x049A86,FUN_049a3e,derived,
0x049A86,0x049AE2,FUN_049a86,derived,
0x049AE2,0x049AEC,FUN_049ae2,derived,
0x049AEC,0x049BB0,FUN_049aec,derived,
0x049BB0,0x049CD2,FUN_049bb0,derived,
0x049CD2,0x049E46,FUN_049cd2,derived,
0x049E46,0x049E80,FUN_049e46,derived,
0x049E80,0x049E88,FUN_049e80,derived,
0x049E88,0x049E90,FUN_049e88,derived,
0x049E90,0x049E96,FUN_049e90,derived,
0x049E96,0x049FE6,FUN_049e96,derived,
0x049FE6,0x04A016,FUN_049fe6,derived,
0x04A016,0x04A13C,FUN_04a016,derived,
0x04A13C,0x04A142,FUN_04a13c,derived,
0x04A142,0x04A148,FUN_04a142,derived,
0x04A148,0x04A14E,FUN_04a148,derived,
0x04A14E,0x04A156,FUN_04a14e,derived,
0x04A156,0x04A158,FUN_04a156,derived,
0x04A158,0x04A298,FUN_04a158,derived,
0x04A298,0x04A2CA,FUN_04a298,derived,
0x04A2CA,0x04A34C,FUN_04a2ca,derived,
0x04A34C,0x04A36C,FUN_04a34c,derived,
0x04A36C,0x04A3DC,FUN_04a36c,derived,
0x04A3DC,0x04A42E,FUN_04a3dc,derived,
0x04A42E,0x04A434,FUN_04a42e,derived,
0x04A434,0x04A484,FUN_04a434,derived,
0x04A484,0x04A4B4,FUN_04a484,derived,
0x04A4B4,0x04A4BC,FUN_04a4b4,derived,
0x04A4BC,0x04A4C4,FUN_04a4bc,derived,
0x04A4C4,0x04A4CC,FUN_04a4c4,derived,
0x04A4CC,0x04A4D4,FUN_04a4cc,derived,
0x04A4D4,0x04A4F2,FUN_04a4d4,derived,
0x04A4F2,0x04A53A,FUN_04a4f2,derived,
0x04A53A,0x04A540,FUN_04a53a,derived,
0x04A540,0x04A546,FUN_04a540,derived,
0x04A546,0x04A580,FUN_04a546,derived,
0x04A580,0x04A5EA,FUN_04a580,derived,
0x04A5EA,0x04A6B2,FUN_04a5ea,derived,
0x04A6B2,0x04A6B8,FUN_04a6b2,derived,
0x04A6B8,0x04A6BE,FUN_04a6b8,derived,
0x04A6BE,0x04A6C4,FUN_04a6be,derived,
0x04A6C4,0x04A6CC,FUN_04a6c4,derived,
0x04A6CC,0x04A6CE,FUN_04a6cc,derived,
0x04A6CE,0x04A802,FUN_04a6ce,derived,
0x04A802,0x04A830,FUN_04a802,derived,
0x04A830,0x04A854,FUN_04a830,derived,
0x04A854,0x04A97E,FUN_04a854,derived,
0x04A97E,0x04A984,FUN_04a97e,derived,
0x04A984,0x04A986,FUN_04a984,derived,
0x04A986,0x04A98C,FUN_04a986,derived,
0x04A98C,0x04A99C,FUN_04a98c,derived,
0x04A99C,0x04AA66,FUN_04a99c,derived,
0x04AA66,0x04AA8E,FUN_04aa66,derived,
0x04AA8E,0x04AAD4,FUN_04aa8e,derived,
0x04AAD4,0x04AB4C,FUN_04aad4,derived,
0x04AB4C,0x04AB84,FUN_04ab4c,derived,
0x04AB84,0x04ABAC,FUN_04ab84,derived,
0x04ABAC,0x04ABB2,FUN_04abac,derived,
0x04ABB2,0x04ABB8,FUN_04abb2,derived,
0x04ABB8,0x04ABBE,FUN_04abb8,derived,
0x04ABBE,0x04ABC6,FUN_04abbe,derived,
0x04ABC6,0x04ABC8,FUN_04abc6,derived,
0x04ABC8,0x04ABEA,FUN_04abc8,derived,
0x04ABEA,0x04ABF2,FUN_04abea,derived,
0x04ABF2,0x04ABF8,FUN_04abf2,derived,
0x04ABF8,0x04ABFE,FUN_04abf8,derived,
0x04ABFE,0x04AC18,FUN_04abfe,derived,
0x04AC18,0x04AC60,FUN_04ac18,derived,
0x04AC60,0x04ACE0,FUN_04ac60,derived,
0x04ACE0,0x04ACF4,FUN_04ace0,derived,
0x04ACF4,0x04AD02,FUN_04acf4,derived,
0x04AD02,0x04AD08,FUN_04ad02,derived,
0x04AD08,0x04AD0A,FUN_04ad08,derived,
0x04AD0A,0x04AD0E,FUN_04ad0a,derived,
0x04AD0E,0x04AD10,FUN_04ad0e,derived,
0x04AD10,0x04AD32,FUN_04ad10,derived,
0x04AD32,0x04ADFC,FUN_04ad32,derived,
0x04ADFC,0x04AE66,FUN_04adfc,derived,
0x04AE66,0x04AE94,FUN_04ae66,derived,
0x04AE94,0x04AEC0,FUN_04ae94,derived,
0x04AEC0,0x04AF0C,FUN_04aec0,derived,
0x04AF0C,0x04AF10,FUN_04af0c,derived,
0x04AF10,0x04AF1A,FUN_04af10,derived,
0x04AF1A,0x04AF22,FUN_04af1a,derived,
0x04AF22,0x04B084,FUN_04af22,derived,
0x04B084,0x04B08C,FUN_04b084,derived,
0x04B08C,0x04B090,FUN_04b08c,derived,
0x04B090,0x04B094,FUN_04b090,derived,
0x04B094,0x04B098,FUN_04b094,derived,
0x04B098,0x04B100,FUN_04b098,derived,
0x04B100,0x04B12C,FUN_04b100,derived,
0x04B12C,0x04B17C,FUN_04b12c,derived,
0x04B17C,0x04B1FE,FUN_04b17c,derived,
0x04B1FE,0x04B20E,FUN_04b1fe,derived,
0x04B20E,0x04B25A,FUN_04b20e,derived,
0x04B25A,0x04B2B8,FUN_04b25a,derived,
0x04B2B8,0x04B342,FUN_04b2b8,derived,
0x04B342,0x04B3AC,FUN_04b342,derived,
0x04B3AC,0x04B434,FUN_04b3ac,derived,
0x04B434,0x04B446,FUN_04b434,derived,
0x04B446,0x04B48C,FUN_04b446,derived,
0x04B48C,0x04B4B2,FUN_04b48c,derived,
0x04B4B2,0x04B4F4,FUN_04b4b2,derived,
0x04B4F4,0x04B534,FUN_04b4f4,derived,
0x04B534,0x04B556,FUN_04b534,derived,
0x04B556,0x04B590,FUN_04b556,derived,
0x04B590,0x04B5E0,FUN_04b590,derived,
0x04B5E0,0x04B5F4,FUN_04b5e0,derived,
0x04B5F4,0x04B6A0,FUN_04b5f4,derived,
0x04B6A0,0x04B6A6,FUN_04b6a0,derived,
0x04B6A6,0x04B6BC,FUN_04b6a6,derived,
0x04B6BC,0x04B732,FUN_04b6bc,derived,
0x04B732,0x04B74C,FUN_04b732,derived,
0x04B74C,0x04B7A0,FUN_04b74c,derived,
0x04B7A0,0x04B826,FUN_04b7a0,derived,
0x04B826,0x04B856,FUN_04b826,derived,
0x04B856,0x04B86C,FUN_04b856,derived,
0x04B86C,0x04B8CC,FUN_04b86c,derived,
0x04B8CC,0x04B8D6,FUN_04b8cc,derived,
0x04B8D6,0x04B952,FUN_04b8d6,derived,
0x04B952,0x04BB2E,FUN_04b952,derived,
0x04BB2E,0x04BB4C,FUN_04bb2e,derived,
0x04BB4C,0x04BBC0,FUN_04bb4c,derived,
0x04BBC0,0x04BC54,FUN_04bbc0,derived,
0x04BC54,0x04BCD4,FUN_04bc54,derived,
0x04BCD4,0x04BDFC,FUN_04bcd4,derived,
0x04BDFC,0x04BE64,FUN_04bdfc,derived,
0x04BE64,0x04BECC,FUN_04be64,derived,
0x04BECC,0x04BF38,FUN_04becc,derived,
0x04BF38,0x04BF42,FUN_04bf38,derived,
0x04BF42,0x04C0B2,FUN_04bf42,derived,
0x04C0B2,0x04C10A,FUN_04c0b2,derived,
0x04C10A,0x04C15A,FUN_04c10a,derived,
0x04C15A,0x04C1E2,FUN_04c15a,derived,
0x04C1E2,0x04C318,FUN_04c1e2,derived,
0x04C318,0x04C3DE,FUN_04c318,derived,
0x04C3DE,0x04C47E,FUN_04c3de,derived,
0x04C47E,0x04C5AC,FUN_04c47e,derived,
0x04C5AC,0x04C66C,FUN_04c5ac,derived,
0x04C66C,0x04C66E,FUN_04c66c,derived,
0x04C66E,0x04C712,FUN_04c66e,derived,
0x04C712,0x04C7A8,FUN_04c712,derived,
0x04C7A8,0x04C7D8,FUN_04c7a8,derived,
0x04C7D8,0x04C7E0,FUN_04c7d8,derived,
0x04C7E0,0x04C820,fuelCutVariableInit,ghidra-hand-xmap,
0x04C820,0x04C878,FUN_04c820,derived,
0x04C878,0x04C87C,FUN_04c878,derived,
0x04C87C,0x04C91C,FUN_04c87c,derived,
0x04C91C,0x04C96C,FUN_04c91c,derived,
0x04C96C,0x04C98E,FUN_04c96c,derived,
0x04C98E,0x04C998,FUN_04c98e,derived,
0x04C998,0x04C9BE,FUN_04c998,derived,
0x04C9BE,0x04CA24,FUN_04c9be,derived,
0x04CA24,0x04CA4A,FUN_04ca24,derived,
0x04CA4A,0x04CA5A,FUN_04ca4a,derived,
0x04CA5A,0x04CAC8,FUN_04ca5a,derived,
0x04CAC8,0x04CB20,FUN_04cac8,derived,
0x04CB20,0x04CBB6,FUN_04cb20,derived,
0x04CBB6,0x04CBEC,initFuelCutStuff,ghidra-hand-xmap,
0x04CBEC,0x04CC48,FUN_04cbec,derived,
0x04CC48,0x04CC80,FUN_04cc48,derived,
0x04CC80,0x04CC96,FUN_04cc80,derived,
0x04CC96,0x04CCAC,FUN_04cc96,derived,
0x04CCAC,0x04CCB6,FUN_04ccac,derived,
0x04CCB6,0x04CCE0,FUN_04ccb6,derived,
0x04CCE0,0x04CD20,FUN_04cce0,derived,
0x04CD20,0x04CD60,FUN_04cd20,derived,
0x04CD60,0x04CD82,FUN_04cd60,derived,
0x04CD82,0x04CDCE,FUN_04cd82,derived,
0x04CDCE,0x04CDD0,FUN_04cdce,derived,
0x04CDD0,0x04CDE2,FUN_04cdd0,derived,
0x04CDE2,0x04CF1C,FUN_04cde2,derived,
0x04CF1C,0x04CF50,FUN_04cf1c,derived,
0x04CF50,0x04CFD8,FUN_04cf50,derived,
0x04CFD8,0x04D00A,FUN_04cfd8,derived,
0x04D00A,0x04D164,FUN_04d00a,derived,
0x04D164,0x04D17C,FUN_04d164,derived,
0x04D17C,0x04D184,FUN_04d17c,derived,
0x04D184,0x04D1E8,FUN_04d184,derived,
0x04D1E8,0x04D208,FUN_04d1e8,derived,
0x04D208,0x04D370,FUN_04d208,derived,
0x04D370,0x04D3AC,FUN_04d370,derived,
0x04D3AC,0x04D4B0,FUN_04d3ac,derived,
0x04D4B0,0x04D4CC,FUN_04d4b0,derived,
0x04D4CC,0x04D55A,FUN_04d4cc,derived,
0x04D55A,0x04D562,FUN_04d55a,derived,
0x04D562,0x04D590,FUN_04d562,derived,
0x04D590,0x04D5B4,FUN_04d590,derived,
0x04D5B4,0x04D5BC,FUN_04d5b4,derived,
0x04D5BC,0x04D5F8,FUN_04d5bc,derived,
0x04D5F8,0x04D658,FUN_04d5f8,derived,
0x04D658,0x04D67A,FUN_04d658,derived,
0x04D67A,0x04D72C,FUN_04d67a,derived,
0x04D72C,0x04D81E,FUN_04d72c,derived,
0x04D81E,0x04D836,FUN_04d81e,derived,
0x04D836,0x04D840,FUN_04d836,derived,
0x04D840,0x04D858,FUN_04d840,derived,
0x04D858,0x04D86A,FUN_04d858,derived,
0x04D86A,0x04D8CC,FUN_04d86a,derived,
0x04D8CC,0x04D90E,FUN_04d8cc,derived,
0x04D90E,0x04D96C,FUN_04d90e,derived,
0x04D96C,0x04DA46,FUN_04d96c,derived,
0x04DA46,0x04DA6C,FUN_04da46,derived,
0x04DA6C,0x04DB28,FUN_04da6c,derived,
0x04DB28,0x04DB4A,FUN_04db28,derived,
0x04DB4A,0x04DB78,FUN_04db4a,derived,
0x04DB78,0x04DBD2,FUN_04db78,derived,
0x04DBD2,0x04DCCA,FUN_04dbd2,derived,
0x04DCCA,0x04DD44,FUN_04dcca,derived,
0x04DD44,0x04DE08,calcDiagFuelInjectorTrim,ghidra-hand-xmap,
0x04DE08,0x04DE0C,FUN_04de08,derived,
0x04DE0C,0x04DE32,FUN_04de0c,derived,
0x04DE32,0x04DE70,can4B1RXUnpack,ghidra-hand-xmap,
0x04DE70,0x04DED4,FUN_04de70,derived,
0x04DED4,0x04DEDA,FUN_04ded4,derived,
0x04DEDA,0x04DEF4,FUN_04deda,derived,
0x04DEF4,0x04DF00,FUN_04def4,derived,
0x04DF00,0x04DF08,FUN_04df00,derived,
0x04DF08,0x04DF42,can240TX_pack,ghidra-hand-xmap,
0x04DF42,0x04DFD0,getOBDCANTXVars1,ghidra-hand-xmap,
0x04DFD0,0x04DFD6,FUN_04dfd0,derived,
0x04DFD6,0x04DFFC,FUN_04dfd6,derived,
0x04DFFC,0x04E004,FUN_04dffc,derived,
0x04E004,0x04E040,can250TX_pack,ghidra-hand-xmap,
0x04E040,0x04E042,FUN_04e040,derived,
0x04E042,0x04E082,FUN_04e042,derived,
0x04E082,0x04E0BC,FUN_04e082,derived,
0x04E0BC,0x04E0E2,FUN_04e0bc,derived,
0x04E0E2,0x04E11E,FUN_04e0e2,derived,
0x04E11E,0x04E17C,FUN_04e11e,derived,
0x04E17C,0x04E2C6,FUN_04e17c,derived,
0x04E2C6,0x04E400,FUN_04e2c6,derived,
0x04E400,0x04E440,FUN_04e400,derived,
0x04E440,0x04E452,FUN_04e440,derived,
0x04E452,0x04E46C,FUN_04e452,derived,
0x04E46C,0x04E488,FUN_04e46c,derived,
0x04E488,0x04E528,FUN_04e488,derived,
0x04E528,0x04E59C,FUN_04e528,derived,
0x04E59C,0x04E606,FUN_04e59c,derived,
0x04E606,0x04E6B4,FUN_04e606,derived,
0x04E6B4,0x04E7EC,FUN_04e6b4,derived,
0x04E7EC,0x04E7F4,FUN_04e7ec,derived,
0x04E7F4,0x04E95C,FUN_04e7f4,derived,
0x04E95C,0x04E978,FUN_04e95c,derived,
0x04E978,0x04E9A4,FUN_04e978,derived,
0x04E9A4,0x04E9A8,FUN_04e9a4,derived,
0x04E9A8,0x04E9AC,FUN_04e9a8,derived,
0x04E9AC,0x04E9B2,FUN_04e9ac,derived,
0x04E9B2,0x04E9E6,FUN_04e9b2,derived,
0x04E9E6,0x04EA14,FUN_04e9e6,derived,
0x04EA14,0x04EA64,FUN_04ea14,derived,
0x04EA64,0x04EAF6,FUN_04ea64,derived,
0x04EAF6,0x04EB02,FUN_04eaf6,derived,
0x04EB02,0x04EB7C,FUN_04eb02,derived,
0x04EB7C,0x04EBCE,FUN_04eb7c,derived,
0x04EBCE,0x04EBE6,FUN_04ebce,derived,
0x04EBE6,0x04EC20,FUN_04ebe6,derived,
0x04EC20,0x04EC26,FUN_04ec20,derived,
0x04EC26,0x04EE0A,FUN_04ec26,derived,
0x04EE0A,0x04EE7A,FUN_04ee0a,derived,
0x04EE7A,0x04F0E2,FUN_04ee7a,derived,
0x04F0E2,0x04F362,FUN_04f0e2,derived,
0x04F362,0x04F3F0,FUN_04f362,derived,
0x04F3F0,0x04F5F6,FUN_04f3f0,derived,
0x04F5F6,0x04F840,FUN_04f5f6,derived,
0x04F840,0x04F870,FUN_04f840,derived,
0x04F870,0x04F882,FUN_04f870,derived,
0x04F882,0x04F8B0,FUN_04f882,derived,
0x04F8B0,0x04FB14,FUN_04f8b0,derived,
0x04FB14,0x04FBA6,FUN_04fb14,derived,
0x04FBA6,0x04FBEC,FUN_04fba6,derived,
0x04FBEC,0x04FC46,FUN_04fbec,derived,
0x04FC46,0x04FD2E,FUN_04fc46,derived,
0x04FD2E,0x04FDC2,FUN_04fd2e,derived,
0x04FDC2,0x04FE0C,FUN_04fdc2,derived,
0x04FE0C,0x04FE22,FUN_04fe0c,derived,
0x04FE22,0x04FE2C,FUN_04fe22,derived,
0x04FE2C,0x04FE4A,FUN_04fe2c,derived,
0x04FE4A,0x04FE6A,FUN_04fe4a,derived,
0x04FE6A,0x04FEA6,FUN_04fe6a,derived,
0x04FEA6,0x04FF40,FUN_04fea6,derived,
0x04FF40,0x04FFE4,FUN_04ff40,derived,
0x04FFE4,0x050020,FUN_04ffe4,derived,
0x050020,0x050038,FUN_050020,derived,
0x050038,0x05005C,FUN_050038,derived,
0x05005C,0x050074,FUN_05005c,derived,
0x050074,0x05007E,FUN_050074,derived,
0x05007E,0x050098,FUN_05007e,derived,
0x050098,0x050112,FUN_050098,derived,
0x050112,0x050114,FUN_050112,derived,
0x050114,0x050116,FUN_050114,derived,
0x050116,0x05011C,FUN_050116,derived,
0x05011C,0x05018A,FUN_05011c,derived,
0x05018A,0x05019A,FUN_05018a,derived,
0x05019A,0x05024C,FUN_05019a,derived,
0x05024C,0x050280,FUN_05024c,derived,
0x050280,0x0502BE,FUN_050280,derived,
0x0502BE,0x0503B8,FUN_0502be,derived,
0x0503B8,0x050474,FUN_0503b8,derived,
0x050474,0x05047E,FUN_050474,derived,
0x05047E,0x0504EC,FUN_05047e,derived,
0x0504EC,0x0504F2,FUN_0504ec,derived,
0x0504F2,0x05051C,FUN_0504f2,derived,
0x05051C,0x050524,FUN_05051c,derived,
0x050524,0x050562,FUN_050524,derived,
0x050562,0x0505A8,FUN_050562,derived,
0x0505A8,0x05063C,FUN_0505a8,derived,
0x05063C,0x050666,FUN_05063c,derived,
0x050666,0x05066E,FUN_050666,derived,
0x05066E,0x0506E4,FUN_05066e,derived,
0x0506E4,0x050734,FUN_0506e4,derived,
0x050734,0x0507A0,FUN_050734,derived,
0x0507A0,0x050822,FUN_0507a0,derived,
0x050822,0x050832,FUN_050822,derived,
0x050832,0x050882,FUN_050832,derived,
0x050882,0x050894,FUN_050882,derived,
0x050894,0x05089A,FUN_050894,derived,
0x05089A,0x0508C0,FUN_05089a,derived,
0x0508C0,0x0508CA,FUN_0508c0,derived,
0x0508CA,0x050902,FUN_0508ca,derived,
0x050902,0x05091A,FUN_050902,derived,
0x05091A,0x050932,FUN_05091a,derived,
0x050932,0x050982,FUN_050932,derived,
0x050982,0x05099A,FUN_050982,derived,
0x05099A,0x0509CA,FUN_05099a,derived,
0x0509CA,0x050A1A,FUN_0509ca,derived,
0x050A1A,0x050A32,FUN_050a1a,derived,
0x050A32,0x050A82,FUN_050a32,derived,
0x050A82,0x050A9A,FUN_050a82,derived,
0x050A9A,0x050ACA,FUN_050a9a,derived,
0x050ACA,0x050AF8,FUN_050aca,derived,
0x050AF8,0x050B0A,FUN_050af8,derived,
0x050B0A,0x050B1A,FUN_050b0a,derived,
0x050B1A,0x050B6E,FUN_050b1a,derived,
0x050B6E,0x050B72,FUN_050b6e,derived,
0x050B72,0x050C0A,FUN_050b72,derived,
0x050C0A,0x050C60,FUN_050c0a,derived,
0x050C60,0x050C72,FUN_050c60,derived,
0x050C72,0x050C96,FUN_050c72,derived,
0x050C96,0x050CF6,FUN_050c96,derived,
0x050CF6,0x050D0A,FUN_050cf6,derived,
0x050D0A,0x050D2A,FUN_050d0a,derived,
0x050D2A,0x050D34,FUN_050d2a,derived,
0x050D34,0x050D72,FUN_050d34,derived,
0x050D72,0x050DD2,FUN_050d72,derived,
0x050DD2,0x050DE4,FUN_050dd2,derived,
0x050DE4,0x050E2E,FUN_050de4,derived,
0x050E2E,0x050F24,FUN_050e2e,derived,
0x050F24,0x050F2C,FUN_050f24,derived,
0x050F2C,0x051020,FUN_050f2c,derived,
0x051020,0x051038,FUN_051020,derived,
0x051038,0x051062,FUN_051038,derived,
0x051062,0x051134,FUN_051062,derived,
0x051134,0x0511B4,FUN_051134,derived,
0x0511B4,0x0511D8,FUN_0511b4,derived,
0x0511D8,0x051230,FUN_0511d8,derived,
0x051230,0x05126C,FUN_051230,derived,
0x05126C,0x051270,FUN_05126c,derived,
0x051270,0x051272,FUN_051270,derived,
0x051272,0x051274,FUN_051272,derived,
0x051274,0x051282,FUN_051274,derived,
0x051282,0x051284,FUN_051282,derived,
0x051284,0x051294,FUN_051284,derived,
0x051294,0x0512A4,FUN_051294,derived,
0x0512A4,0x0512B4,FUN_0512a4,derived,
0x0512B4,0x0512C4,FUN_0512b4,derived,
0x0512C4,0x0512D4,FUN_0512c4,derived,
0x0512D4,0x0512E4,FUN_0512d4,derived,
0x0512E4,0x0512F4,FUN_0512e4,derived,
0x0512F4,0x051304,FUN_0512f4,derived,
0x051304,0x051314,FUN_051304,derived,
0x051314,0x051324,FUN_051314,derived,
0x051324,0x051334,FUN_051324,derived,
0x051334,0x051372,FUN_051334,derived,
0x051372,0x051374,FUN_051372,derived,
0x051374,0x051382,FUN_051374,derived,
0x051382,0x051472,FUN_051382,derived,
0x051472,0x051474,FUN_051472,derived,
0x051474,0x051482,FUN_051474,derived,
0x051482,0x05156A,FUN_051482,derived,
0x05156A,0x051574,FUN_05156a,derived,
0x051574,0x051584,FUN_051574,derived,
0x051584,0x051594,FUN_051584,derived,
0x051594,0x0515A4,FUN_051594,derived,
0x0515A4,0x0515B4,FUN_0515a4,derived,
0x0515B4,0x0515C4,FUN_0515b4,derived,
0x0515C4,0x0515D4,FUN_0515c4,derived,
0x0515D4,0x0515E4,FUN_0515d4,derived,
0x0515E4,0x0515F4,FUN_0515e4,derived,
0x0515F4,0x051614,FUN_0515f4,derived,
0x051614,0x051618,FUN_051614,derived,
0x051618,0x051638,FUN_051618,derived,
0x051638,0x051640,FUN_051638,derived,
0x051640,0x051646,FUN_051640,derived,
0x051646,0x05164C,FUN_051646,derived,
0x05164C,0x05166C,FUN_05164c,derived,
0x05166C,0x051670,FUN_05166c,derived,
0x051670,0x05167C,FUN_051670,derived,
0x05167C,0x051690,FUN_05167c,derived,
0x051690,0x0516B4,FUN_051690,derived,
0x0516B4,0x0516BC,FUN_0516b4,derived,
0x0516BC,0x0516C4,FUN_0516bc,derived,
0x0516C4,0x0516E4,FUN_0516c4,derived,
0x0516E4,0x0516FC,FUN_0516e4,derived,
0x0516FC,0x051706,FUN_0516fc,derived,
0x051706,0x05170C,FUN_051706,derived,
0x05170C,0x0517A0,FUN_05170c,derived,
0x0517A0,0x051840,FUN_0517a0,derived,
0x051840,0x0518B4,FUN_051840,derived,
0x0518B4,0x0518BE,FUN_0518b4,derived,
0x0518BE,0x051948,FUN_0518be,derived,
0x051948,0x051952,FUN_051948,derived,
0x051952,0x05195A,FUN_051952,derived,
0x05195A,0x051962,FUN_05195a,derived,
0x051962,0x05197A,FUN_051962,derived,
0x05197A,0x0519EA,FUN_05197a,derived,
0x0519EA,0x0519FC,FUN_0519ea,derived,
0x0519FC,0x051A0C,FUN_0519fc,derived,
0x051A0C,0x051A84,FUN_051a0c,derived,
0x051A84,0x051AB8,FUN_051a84,derived,
0x051AB8,0x051AEE,FUN_051ab8,derived,
0x051AEE,0x051AF6,FUN_051aee,derived,
0x051AF6,0x051AFE,FUN_051af6,derived,
0x051AFE,0x051B2E,FUN_051afe,derived,
0x051B2E,0x051B56,FUN_051b2e,derived,
0x051B56,0x051B7C,FUN_051b56,derived,
0x051B7C,0x051BA6,FUN_051b7c,derived,
0x051BA6,0x051BD6,FUN_051ba6,derived,
0x051BD6,0x051C2E,FUN_051bd6,derived,
0x051C2E,0x051C90,FUN_051c2e,derived,
0x051C90,0x051CB8,FUN_051c90,derived,
0x051CB8,0x051CD4,FUN_051cb8,derived,
0x051CD4,0x051D38,FUN_051cd4,derived,
0x051D38,0x051D7C,FUN_051d38,derived,
0x051D7C,0x051DB0,FUN_051d7c,derived,
0x051DB0,0x051DCC,FUN_051db0,derived,
0x051DCC,0x051DE8,FUN_051dcc,derived,
0x051DE8,0x051E50,FUN_051de8,derived,
0x051E50,0x051E96,FUN_051e50,derived,
0x051E96,0x051EB4,FUN_051e96,derived,
0x051EB4,0x052084,FUN_051eb4,derived,
0x052084,0x0520AC,FUN_052084,derived,
0x0520AC,0x0520C8,FUN_0520ac,derived,
0x0520C8,0x0520F0,FUN_0520c8,derived,
0x0520F0,0x052134,FUN_0520f0,derived,
0x052134,0x052196,FUN_052134,derived,
0x052196,0x0521B4,FUN_052196,derived,
0x0521B4,0x0521D4,FUN_0521b4,derived,
0x0521D4,0x05233A,FUN_0521d4,derived,
0x05233A,0x0523A8,FUN_05233a,derived,
0x0523A8,0x052418,FUN_0523a8,derived,
0x052418,0x05243A,FUN_052418,derived,
0x05243A,0x05246E,FUN_05243a,derived,
0x05246E,0x052496,FUN_05246e,derived,
0x052496,0x0524E0,FUN_052496,derived,
0x0524E0,0x052528,FUN_0524e0,derived,
0x052528,0x05257C,FUN_052528,derived,
0x05257C,0x05259A,FUN_05257c,derived,
0x05259A,0x0525EC,FUN_05259a,derived,
0x0525EC,0x052608,FUN_0525ec,derived,
0x052608,0x052612,FUN_052608,derived,
0x052612,0x0526BA,FUN_052612,derived,
0x0526BA,0x052740,FUN_0526ba,derived,
0x052740,0x05280C,FUN_052740,derived,
0x05280C,0x05285A,filterEvapSomething?,ghidra-hand-xmap,
0x05285A,0x052896,FUN_05285a,derived,
0x052896,0x05293C,FUN_052896,derived,
0x05293C,0x052A2C,FUN_05293c,derived,
0x052A2C,0x052A9A,FUN_052a2c,derived,
0x052A9A,0x052AFA,FUN_052a9a,derived,
0x052AFA,0x052B16,FUN_052afa,derived,
0x052B16,0x052B88,filterECMVotlage,ghidra-hand-xmap,
0x052B88,0x052B98,FUN_052b88,derived,
0x052B98,0x052C42,FUN_052b98,derived,
0x052C42,0x052C6E,FUN_052c42,derived,
0x052C6E,0x052C78,FUN_052c6e,derived,
0x052C78,0x052CE4,initLTFTStuff?,ghidra-hand-xmap,
0x052CE4,0x052D0E,FUN_052ce4,derived,
0x052D0E,0x052D4C,FUN_052d0e,derived,
0x052D4C,0x052DBE,FUN_052d4c,derived,
0x052DBE,0x052E06,FUN_052dbe,derived,
0x052E06,0x052E76,FUN_052e06,derived,
0x052E76,0x052EAC,FUN_052e76,derived,
0x052EAC,0x053048,FUN_052eac,derived,
0x053048,0x05307E,FUN_053048,derived,
0x05307E,0x0530BE,FUN_05307e,derived,
0x0530BE,0x053108,FUN_0530be,derived,
0x053108,0x053240,FUN_053108,derived,
0x053240,0x053270,FUN_053240,derived,
0x053270,0x0533C0,FUN_053270,derived,
0x0533C0,0x053458,FUN_0533c0,derived,
0x053458,0x05363E,FUN_053458,derived,
0x05363E,0x0536D2,FUN_05363e,derived,
0x0536D2,0x05370A,FUN_0536d2,derived,
0x05370A,0x05390A,FUN_05370a,derived,
0x05390A,0x053A3C,FUN_05390a,derived,
0x053A3C,0x053AE4,FUN_053a3c,derived,
0x053AE4,0x053B48,FUN_053ae4,derived,
0x053B48,0x053BC8,FUN_053b48,derived,
0x053BC8,0x053D28,FUN_053bc8,derived,
0x053D28,0x053DCC,FUN_053d28,derived,
0x053DCC,0x053E06,FUN_053dcc,derived,
0x053E06,0x053E5C,FUN_053e06,derived,
0x053E5C,0x053E7E,FUN_053e5c,derived,
0x053E7E,0x053EA8,FUN_053e7e,derived,
0x053EA8,0x0540B2,FUN_053ea8,derived,
0x0540B2,0x054110,FUN_0540b2,derived,
0x054110,0x05418C,FUN_054110,derived,
0x05418C,0x0541CC,FUN_05418c,derived,
0x0541CC,0x054310,FUN_0541cc,derived,
0x054310,0x0544D0,FUN_054310,derived,
0x0544D0,0x0545C6,FUN_0544d0,derived,
0x0545C6,0x054842,FUN_0545c6,derived,
0x054842,0x054888,FUN_054842,derived,
0x054888,0x0548E2,FUN_054888,derived,
0x0548E2,0x0548F4,FUN_0548e2,derived,
0x0548F4,0x05490A,FUN_0548f4,derived,
0x05490A,0x054950,FUN_05490a,derived,
0x054950,0x0549F4,FUN_054950,derived,
0x0549F4,0x054A52,FUN_0549f4,derived,
0x054A52,0x054C7A,FUN_054a52,derived,
0x054C7A,0x054CAC,FUN_054c7a,derived,
0x054CAC,0x054D6A,FUN_054cac,derived,
0x054D6A,0x054DC2,FUN_054d6a,derived,
0x054DC2,0x054E22,FUN_054dc2,derived,
0x054E22,0x054E9C,FUN_054e22,derived,
0x054E9C,0x054EB4,FUN_054e9c,derived,
0x054EB4,0x054F9E,FUN_054eb4,derived,
0x054F9E,0x055010,FUN_054f9e,derived,
0x055010,0x055128,FUN_055010,derived,
0x055128,0x0551B8,FUN_055128,derived,
0x0551B8,0x055220,FUN_0551b8,derived,
0x055220,0x055230,FUN_055220,derived,
0x055230,0x055286,FUN_055230,derived,
0x055286,0x0552AE,FUN_055286,derived,
0x0552AE,0x055318,FUN_0552ae,derived,
0x055318,0x05532E,FUN_055318,derived,
0x05532E,0x05535E,FUN_05532e,derived,
0x05535E,0x05538E,FUN_05535e,derived,
0x05538E,0x05545A,FUN_05538e,derived,
0x05545A,0x055464,FUN_05545a,derived,
0x055464,0x0554B6,FUN_055464,derived,
0x0554B6,0x055622,FUN_0554b6,derived,
0x055622,0x055692,FUN_055622,derived,
0x055692,0x05589E,FUN_055692,derived,
0x05589E,0x0558E0,FUN_05589e,derived,
0x0558E0,0x055A82,FUN_0558e0,derived,
0x055A82,0x055A8A,FUN_055a82,derived,
0x055A8A,0x055AD4,FUN_055a8a,derived,
0x055AD4,0x055B40,FUN_055ad4,derived,
0x055B40,0x055D86,FUN_055b40,derived,
0x055D86,0x055DDA,FUN_055d86,derived,
0x055DDA,0x055DDC,FUN_055dda,derived,
0x055DDC,0x055E90,FUN_055ddc,derived,
0x055E90,0x055F06,FUN_055e90,derived,
0x055F06,0x055F32,FUN_055f06,derived,
0x055F32,0x055FA0,FUN_055f32,derived,
0x055FA0,0x055FFA,FUN_055fa0,derived,
0x055FFA,0x05601E,FUN_055ffa,derived,
0x05601E,0x056044,FUN_05601e,derived,
0x056044,0x0560A0,FUN_056044,derived,
0x0560A0,0x05625A,FUN_0560a0,derived,
0x05625A,0x0562DC,FUN_05625a,derived,
0x0562DC,0x056336,FUN_0562dc,derived,
0x056336,0x056390,FUN_056336,derived,
0x056390,0x0563EE,FUN_056390,derived,
0x0563EE,0x056488,FUN_0563ee,derived,
0x056488,0x056648,FUN_056488,derived,
0x056648,0x056690,FUN_056648,derived,
0x056690,0x056698,FUN_056690,derived,
0x056698,0x0566A0,FUN_056698,derived,
0x0566A0,0x0566A8,FUN_0566a0,derived,
0x0566A8,0x056756,FUN_0566a8,derived,
0x056756,0x0567B8,FUN_056756,derived,
0x0567B8,0x0568C8,FUN_0567b8,derived,
0x0568C8,0x056912,FUN_0568c8,derived,
0x056912,0x056A20,FUN_056912,derived,
0x056A20,0x056A28,FUN_056a20,derived,
0x056A28,0x056A30,FUN_056a28,derived,
0x056A30,0x056AF0,FUN_056a30,derived,
0x056AF0,0x056AFA,FUN_056af0,derived,
0x056AFA,0x056B5C,IATTimerOperation??,ghidra-hand-xmap,
0x056B5C,0x056BBE,FUN_056b5c,derived,
0x056BBE,0x056BC6,FUN_056bbe,derived,
0x056BC6,0x056BF0,FUN_056bc6,derived,
0x056BF0,0x056C34,FUN_056bf0,derived,
0x056C34,0x056C3C,FUN_056c34,derived,
0x056C3C,0x056C44,FUN_056c3c,derived,
0x056C44,0x056CB6,FUN_056c44,derived,
0x056CB6,0x056D20,FUN_056cb6,derived,
0x056D20,0x056D3E,FUN_056d20,derived,
0x056D3E,0x056D5C,FUN_056d3e,derived,
0x056D5C,0x056DF4,FUN_056d5c,derived,
0x056DF4,0x056E14,FUN_056df4,derived,
0x056E14,0x056E4C,FUN_056e14,derived,
0x056E4C,0x056E54,FUN_056e4c,derived,
0x056E54,0x056E5C,FUN_056e54,derived,
0x056E5C,0x056EBC,FUN_056e5c,derived,
0x056EBC,0x056EC4,FUN_056ebc,derived,
0x056EC4,0x056ECC,FUN_056ec4,derived,
0x056ECC,0x056F1C,FUN_056ecc,derived,
0x056F1C,0x056F24,FUN_056f1c,derived,
0x056F24,0x056F2C,FUN_056f24,derived,
0x056F2C,0x056F34,FUN_056f2c,derived,
0x056F34,0x056F50,FUN_056f34,derived,
0x056F50,0x056FF4,FUN_056f50,derived,
0x056FF4,0x056FFC,FUN_056ff4,derived,
0x056FFC,0x057004,FUN_056ffc,derived,
0x057004,0x0571D8,FUN_057004,derived,
0x0571D8,0x057202,FUN_0571d8,derived,
0x057202,0x05725C,FUN_057202,derived,
0x05725C,0x057310,FUN_05725c,derived,
0x057310,0x0573E4,FUN_057310,derived,
0x0573E4,0x057402,FUN_0573e4,derived,
0x057402,0x057440,FUN_057402,derived,
0x057440,0x0574BC,FUN_057440,derived,
0x0574BC,0x0574E6,FUN_0574bc,derived,
0x0574E6,0x057528,FUN_0574e6,derived,
0x057528,0x057550,FUN_057528,derived,
0x057550,0x0575A6,FUN_057550,derived,
0x0575A6,0x057622,FUN_0575a6,derived,
0x057622,0x05764A,FUN_057622,derived,
0x05764A,0x057682,FUN_05764a,derived,
0x057682,0x057694,FUN_057682,derived,
0x057694,0x0576C4,FUN_057694,derived,
0x0576C4,0x0576FC,FUN_0576c4,derived,
0x0576FC,0x057704,FUN_0576fc,derived,
0x057704,0x05770C,FUN_057704,derived,
0x05770C,0x05776C,FUN_05770c,derived,
0x05776C,0x057774,FUN_05776c,derived,
0x057774,0x057798,FUN_057774,derived,
0x057798,0x0577F0,FUN_057798,derived,
0x0577F0,0x057830,FUN_0577f0,derived,
0x057830,0x05788C,FUN_057830,derived,
0x05788C,0x057894,FUN_05788c,derived,
0x057894,0x057896,FUN_057894,derived,
0x057896,0x0578CA,FUN_057896,derived,
0x0578CA,0x0578E6,FUN_0578ca,derived,
0x0578E6,0x057928,FUN_0578e6,derived,
0x057928,0x05793A,FUN_057928,derived,
0x05793A,0x0579D6,FUN_05793a,derived,
0x0579D6,0x057A16,FUN_0579d6,derived,
0x057A16,0x057A52,FUN_057a16,derived,
0x057A52,0x057C10,FUN_057a52,derived,
0x057C10,0x057C52,getTireSizeChecksumthing?,ghidra-hand-xmap,
0x057C52,0x057CB2,FUN_057c52,derived,
0x057CB2,0x057CF0,FUN_057cb2,derived,
0x057CF0,0x057D8A,FUN_057cf0,derived,
0x057D8A,0x057DBC,FUN_057d8a,derived,
0x057DBC,0x057DD4,FUN_057dbc,derived,
0x057DD4,0x057DEC,FUN_057dd4,derived,
0x057DEC,0x057E14,FUN_057dec,derived,
0x057E14,0x057E74,FUN_057e14,derived,
0x057E74,0x057E7C,FUN_057e74,derived,
0x057E7C,0x057E84,FUN_057e7c,derived,
0x057E84,0x057EBA,FUN_057e84,derived,
0x057EBA,0x057EE6,FUN_057eba,derived,
0x057EE6,0x057F38,FUN_057ee6,derived,
0x057F38,0x057FB0,FUN_057f38,derived,
0x057FB0,0x057FB8,FUN_057fb0,derived,
0x057FB8,0x057FC0,FUN_057fb8,derived,
0x057FC0,0x058020,FUN_057fc0,derived,
0x058020,0x058038,FUN_058020,derived,
0x058038,0x0580B4,FUN_058038,derived,
0x0580B4,0x058120,FUN_0580b4,derived,
0x058120,0x058150,FUN_058120,derived,
0x058150,0x05817A,FUN_058150,derived,
0x05817A,0x058230,FUN_05817a,derived,
0x058230,0x05824A,FUN_058230,derived,
0x05824A,0x0582AC,FUN_05824a,derived,
0x0582AC,0x05848E,FUN_0582ac,derived,
0x05848E,0x05854C,FUN_05848e,derived,
0x05854C,0x0586B0,FUN_05854c,derived,
0x0586B0,0x058734,FUN_0586b0,derived,
0x058734,0x058788,FUN_058734,derived,
0x058788,0x0587C4,FUN_058788,derived,
0x0587C4,0x0589BC,FUN_0587c4,derived,
0x0589BC,0x0589C2,FUN_0589bc,derived,
0x0589C2,0x058A48,FUN_0589c2,derived,
0x058A48,0x058AB4,FUN_058a48,derived,
0x058AB4,0x058B52,FUN_058ab4,derived,
0x058B52,0x058BD8,FUN_058b52,derived,
0x058BD8,0x058CB0,FUN_058bd8,derived,
0x058CB0,0x058E8C,FUN_058cb0,derived,
0x058E8C,0x059016,FUN_058e8c,derived,
0x059016,0x059188,FUN_059016,derived,
0x059188,0x059340,FUN_059188,derived,
0x059340,0x059344,FUN_059340,derived,
0x059344,0x059396,FUN_059344,derived,
0x059396,0x0594E6,FUN_059396,derived,
0x0594E6,0x059566,FUN_0594e6,derived,
0x059566,0x059568,FUN_059566,derived,
0x059568,0x059888,FUN_059568,derived,
0x059888,0x059890,FUN_059888,derived,
0x059890,0x059898,FUN_059890,derived,
0x059898,0x0598A0,FUN_059898,derived,
0x0598A0,0x0598A4,FUN_0598a0,derived,
0x0598A4,0x05993A,FUN_0598a4,derived,
0x05993A,0x059A28,FUN_05993a,derived,
0x059A28,0x059B82,FUN_059a28,derived,
0x059B82,0x059C46,FUN_059b82,derived,
0x059C46,0x059C5E,FUN_059c46,derived,
0x059C5E,0x059C84,FUN_059c5e,derived,
0x059C84,0x059CD8,FUN_059c84,derived,
0x059CD8,0x059D14,FUN_059cd8,derived,
0x059D14,0x059D24,FUN_059d14,derived,
0x059D24,0x059D38,FUN_059d24,derived,
0x059D38,0x059D76,FUN_059d38,derived,
0x059D76,0x059D84,updateRAM??,ghidra-hand-xmap,
0x059D84,0x059DA0,FUN_059d84,derived,
0x059DA0,0x059DB2,FUN_059da0,derived,
0x059DB2,0x059DBE,FUN_059db2,derived,
0x059DBE,0x059DDA,FUN_059dbe,derived,
0x059DDA,0x059DFE,udsResponseRelated??,ghidra-hand-xmap,
0x059DFE,0x059E22,FUN_059dfe,derived,
0x059E22,0x059E48,udsErrorResponse,ghidra-hand-xmap,
0x059E48,0x059EE6,FUN_059e48,derived,
0x059EE6,0x05A002,FUN_059ee6,derived,
0x05A002,0x05A09C,FUN_05a002,derived,
0x05A09C,0x05A120,FUN_05a09c,derived,
0x05A120,0x05A15A,FUN_05a120,derived,
0x05A15A,0x05A196,FUN_05a15a,derived,
0x05A196,0x05A1AC,FUN_05a196,derived,
0x05A1AC,0x05A1D4,FUN_05a1ac,derived,
0x05A1D4,0x05A1D8,FUN_05a1d4,derived,
0x05A1D8,0x05A1DC,FUN_05a1d8,derived,
0x05A1DC,0x05A244,FUN_05a1dc,derived,
0x05A244,0x05A47E,FUN_05a244,derived,
0x05A47E,0x05A49E,FUN_05a47e,derived,
0x05A49E,0x05A6EA,FUN_05a49e,derived,
0x05A6EA,0x05A72A,FUN_05a6ea,derived,
0x05A72A,0x05A76A,FUN_05a72a,derived,
0x05A76A,0x05A794,FUN_05a76a,derived,
0x05A794,0x05A7BC,FUN_05a794,derived,
0x05A7BC,0x05A7C2,FUN_05a7bc,derived,
0x05A7C2,0x05A7C8,FUN_05a7c2,derived,
0x05A7C8,0x05A82E,FUN_05a7c8,derived,
0x05A82E,0x05A832,FUN_05a82e,derived,
0x05A832,0x05A87A,FUN_05a832,derived,
0x05A87A,0x05A8F4,FUN_05a87a,derived,
0x05A8F4,0x05A8F8,FUN_05a8f4,derived,
0x05A8F8,0x05A958,FUN_05a8f8,derived,
0x05A958,0x05A96E,FUN_05a958,derived,
0x05A96E,0x05A994,FUN_05a96e,derived,
0x05A994,0x05A9B2,FUN_05a994,derived,
0x05A9B2,0x05A9C8,FUN_05a9b2,derived,
0x05A9C8,0x05A9DC,FUN_05a9c8,derived,
0x05A9DC,0x05AA0A,FUN_05a9dc,derived,
0x05AA0A,0x05AA40,FUN_05aa0a,derived,
0x05AA40,0x05AA56,FUN_05aa40,derived,
0x05AA56,0x05AA66,FUN_05aa56,derived,
0x05AA66,0x05AA7E,FUN_05aa66,derived,
0x05AA7E,0x05AAAA,FUN_05aa7e,derived,
0x05AAAA,0x05AAC0,getSecondaryAirPumpRequestForMode22,ghidra-hand-xmap,
0x05AAC0,0x05AAC6,FUN_05aac0,derived,
0x05AAC6,0x05AACE,FUN_05aac6,derived,
0x05AACE,0x05AAEC,FUN_05aace,derived,
0x05AAEC,0x05AB0A,FUN_05aaec,derived,
0x05AB0A,0x05AB10,FUN_05ab0a,derived,
0x05AB10,0x05AB38,FUN_05ab10,derived,
0x05AB38,0x05ABB0,FUN_05ab38,derived,
0x05ABB0,0x05ABB2,FUN_05abb0,derived,
0x05ABB2,0x05ABC6,FUN_05abb2,derived,
0x05ABC6,0x05ABCC,FUN_05abc6,derived,
0x05ABCC,0x05ABEE,FUN_05abcc,derived,
0x05ABEE,0x05AC0C,FUN_05abee,derived,
0x05AC0C,0x05AC2A,FUN_05ac0c,derived,
0x05AC2A,0x05AC3C,FUN_05ac2a,derived,
0x05AC3C,0x05AC40,FUN_05ac3c,derived,
0x05AC40,0x05AC58,FUN_05ac40,derived,
0x05AC58,0x05AC70,FUN_05ac58,derived,
0x05AC70,0x05ACB8,FUN_05ac70,derived,
0x05ACB8,0x05AD24,FUN_05acb8,derived,
0x05AD24,0x05AD88,FUN_05ad24,derived,
0x05AD88,0x05ADEC,FUN_05ad88,derived,
0x05ADEC,0x05AE02,FUN_05adec,derived,
0x05AE02,0x05AE2A,FUN_05ae02,derived,
0x05AE2A,0x05AE40,FUN_05ae2a,derived,
0x05AE40,0x05AE66,FUN_05ae40,derived,
0x05AE66,0x05AE7C,FUN_05ae66,derived,
0x05AE7C,0x05AEF0,FUN_05ae7c,derived,
0x05AEF0,0x05AF1C,FUN_05aef0,derived,
0x05AF1C,0x05AF48,FUN_05af1c,derived,
0x05AF48,0x05B026,FUN_05af48,derived,
0x05B026,0x05B06C,FUN_05b026,derived,
0x05B06C,0x05B076,FUN_05b06c,derived,
0x05B076,0x05B0C0,FUN_05b076,derived,
0x05B0C0,0x05B0EA,FUN_05b0c0,derived,
0x05B0EA,0x05B160,FUN_05b0ea,derived,
0x05B160,0x05B290,FUN_05b160,derived,
0x05B290,0x05B36C,FUN_05b290,derived,
0x05B36C,0x05B392,calculateDiagSessionConditional,ghidra-hand-xmap,
0x05B392,0x05B394,FUN_05b392,derived,
0x05B394,0x05B3C8,runSubfunction??,ghidra-hand-xmap,
0x05B3C8,0x05B3D0,FUN_05b3c8,derived,
0x05B3D0,0x05B426,FUN_05b3d0,derived,
0x05B426,0x05B490,FUN_05b426,derived,
0x05B490,0x05B4C6,FUN_05b490,derived,
0x05B4C6,0x05B4E4,FUN_05b4c6,derived,
0x05B4E4,0x05B50E,FUN_05b4e4,derived,
0x05B50E,0x05B514,FUN_05b50e,derived,
0x05B514,0x05B522,FUN_05b514,derived,
0x05B522,0x05B53A,FUN_05b522,derived,
0x05B53A,0x05B58E,FUN_05b53a,derived,
0x05B58E,0x05B5B8,FUN_05b58e,derived,
0x05B5B8,0x05B5D0,securityNotUnlocked,ghidra-hand-xmap,
0x05B5D0,0x05B632,FUN_05b5d0,derived,
0x05B632,0x05B642,FUN_05b632,derived,
0x05B642,0x05B768,FUN_05b642,derived,
0x05B768,0x05B782,FUN_05b768,derived,
0x05B782,0x05B79E,FUN_05b782,derived,
0x05B79E,0x05B982,FUN_05b79e,derived,
0x05B982,0x05BA04,checkDeviceControlConditional,ghidra-hand-xmap,
0x05BA04,0x05BA0E,getSubFunctionMapping,ghidra-hand-xmap,
0x05BA0E,0x05BA26,FUN_05ba0e,derived,
0x05BA26,0x05BAC0,FUN_05ba26,derived,
0x05BAC0,0x05BAC2,FUN_05bac0,derived,
0x05BAC2,0x05BB0C,FUN_05bac2,derived,
0x05BB0C,0x05BB90,FUN_05bb0c,derived,
0x05BB90,0x05BBB8,FUN_05bb90,derived,
0x05BBB8,0x05BC92,FUN_05bbb8,derived,
0x05BC92,0x05BCC8,FUN_05bc92,derived,
0x05BCC8,0x05BDD4,FUN_05bcc8,derived,
0x05BDD4,0x05BE2E,FUN_05bdd4,derived,
0x05BE2E,0x05BE8E,runImmoRelatedCounter,ghidra-hand-xmap,
0x05BE8E,0x05BEA6,FUN_05be8e,derived,
0x05BEA6,0x05BF3A,FUN_05bea6,derived,
0x05BF3A,0x05BF76,mode22Hanlder,ghidra-hand-xmap,
0x05BF76,0x05C030,FUN_05bf76,derived,
0x05C030,0x05C06C,FUN_05c030,derived,
0x05C06C,0x05C0AE,FUN_05c06c,derived,
0x05C0AE,0x05C13E,FUN_05c0ae,derived,
0x05C13E,0x05C294,FUN_05c13e,derived,
0x05C294,0x05C37C,FUN_05c294,derived,
0x05C37C,0x05C586,FUN_05c37c,derived,
0x05C586,0x05C696,FUN_05c586,derived,
0x05C696,0x05C6A6,FUN_05c696,derived,
0x05C6A6,0x05C6B6,FUN_05c6a6,derived,
0x05C6B6,0x05C83E,FUN_05c6b6,derived,
0x05C83E,0x05C980,FUN_05c83e,derived,
0x05C980,0x05C982,FUN_05c980,derived,
0x05C982,0x05CAF8,FUN_05c982,derived,
0x05CAF8,0x05CB66,FUN_05caf8,derived,
0x05CB66,0x05CE40,FUN_05cb66,derived,
0x05CE40,0x05D0B0,FUN_05ce40,derived,
0x05D0B0,0x05D1A6,getMode22PID,ghidra-hand-xmap,
0x05D1A6,0x05D1BC,FUN_05d1a6,derived,
0x05D1BC,0x05D30C,UDSPositiveResponse_16bit,ghidra-hand-xmap,
0x05D30C,0x05D370,memory_match_accumulate_583E4,ghidra-hand-xmap,
0x05D370,0x05D392,intToUDS_SERVICE_DATA,ghidra-hand-xmap,
0x05D392,0x05D3AE,byteToUDS_SERVICE_DATA,ghidra-hand-xmap,
0x05D3AE,0x05D470,FUN_05d3ae,derived,
0x05D470,0x05D58A,FUN_05d470,derived,
0x05D58A,0x05D5A2,FUN_05d58a,derived,
0x05D5A2,0x05D5D0,FUN_05d5a2,derived,
0x05D5D0,0x05D6A8,FUN_05d5d0,derived,
0x05D6A8,0x05D6CC,udsResponseSOmething,ghidra-hand-xmap,
0x05D6CC,0x05D6EA,FUN_05d6cc,derived,
0x05D6EA,0x05D78A,FUN_05d6ea,derived,
0x05D78A,0x05D7B4,FUN_05d78a,derived,
0x05D7B4,0x05D7EE,FUN_05d7b4,derived,
0x05D7EE,0x05D844,FUN_05d7ee,derived,
0x05D844,0x05DA8E,FUN_05d844,derived,
0x05DA8E,0x05DAE4,FUN_05da8e,derived,
0x05DAE4,0x05DB28,FUN_05dae4,derived,
0x05DB28,0x05DB68,FUN_05db28,derived,
0x05DB68,0x05DB6C,FUN_05db68,derived,
0x05DB6C,0x05DB70,FUN_05db6c,derived,
0x05DB70,0x05DB74,FUN_05db70,derived,
0x05DB74,0x05DB78,FUN_05db74,derived,
0x05DB78,0x05DB96,FUN_05db78,derived,
0x05DB96,0x05DC0A,FUN_05db96,derived,
0x05DC0A,0x05DC12,FUN_05dc0a,derived,
0x05DC12,0x05DC1A,FUN_05dc12,derived,
0x05DC1A,0x05DCCC,FUN_05dc1a,derived,
0x05DCCC,0x05DCD4,FUN_05dccc,derived,
0x05DCD4,0x05DCDC,FUN_05dcd4,derived,
0x05DCDC,0x05DD56,FUN_05dcdc,derived,
0x05DD56,0x05DD5E,FUN_05dd56,derived,
0x05DD5E,0x05DD66,FUN_05dd5e,derived,
0x05DD66,0x05DD8E,FUN_05dd66,derived,
0x05DD8E,0x05DE2C,FUN_05dd8e,derived,
0x05DE2C,0x05DE34,FUN_05de2c,derived,
0x05DE34,0x05DE4A,FUN_05de34,derived,
0x05DE4A,0x05DEB4,FUN_05de4a,derived,
0x05DEB4,0x05DEC6,FUN_05deb4,derived,
0x05DEC6,0x05DF16,FUN_05dec6,derived,
0x05DF16,0x05DF1E,FUN_05df16,derived,
0x05DF1E,0x05DF64,FUN_05df1e,derived,
0x05DF64,0x05DFB8,FUN_05df64,derived,
0x05DFB8,0x05DFC8,FUN_05dfb8,derived,
0x05DFC8,0x05DFCE,FUN_05dfc8,derived,
0x05DFCE,0x05DFD6,FUN_05dfce,derived,
0x05DFD6,0x05DFF6,FUN_05dfd6,derived,
0x05DFF6,0x05E03A,FUN_05dff6,derived,
0x05E03A,0x05E040,FUN_05e03a,derived,
0x05E040,0x05E05E,FUN_05e040,derived,
0x05E05E,0x05E0A6,FUN_05e05e,derived,
0x05E0A6,0x05E0FA,FUN_05e0a6,derived,
0x05E0FA,0x05E120,FUN_05e0fa,derived,
0x05E120,0x05E132,FUN_05e120,derived,
0x05E132,0x05E13A,FUN_05e132,derived,
0x05E13A,0x05E172,FUN_05e13a,derived,
0x05E172,0x05E178,FUN_05e172,derived,
0x05E178,0x05E18E,FUN_05e178,derived,
0x05E18E,0x05E232,FUN_05e18e,derived,
0x05E232,0x05E244,FUN_05e232,derived,
0x05E244,0x05E25A,FUN_05e244,derived,
0x05E25A,0x05E26A,FUN_05e25a,derived,
0x05E26A,0x05E2A0,FUN_05e26a,derived,
0x05E2A0,0x05E2A6,FUN_05e2a0,derived,
0x05E2A6,0x05E370,FUN_05e2a6,derived,
0x05E370,0x05E382,FUN_05e370,derived,
0x05E382,0x05E3DE,FUN_05e382,derived,
0x05E3DE,0x05E3E4,FUN_05e3de,derived,
0x05E3E4,0x05E4B8,FUN_05e3e4,derived,
0x05E4B8,0x05E4C2,FUN_05e4b8,derived,
0x05E4C2,0x05E4CA,FUN_05e4c2,derived,
0x05E4CA,0x05E4FE,FUN_05e4ca,derived,
0x05E4FE,0x05E526,FUN_05e4fe,derived,
0x05E526,0x05E52C,FUN_05e526,derived,
0x05E52C,0x05E5CC,FUN_05e52c,derived,
0x05E5CC,0x05E5F4,FUN_05e5cc,derived,
0x05E5F4,0x05E606,FUN_05e5f4,derived,
0x05E606,0x05E662,FUN_05e606,derived,
0x05E662,0x05E668,FUN_05e662,derived,
0x05E668,0x05E72C,FUN_05e668,derived,
0x05E72C,0x05E74A,FUN_05e72c,derived,
0x05E74A,0x05E7AE,FUN_05e74a,derived,
0x05E7AE,0x05E7F0,FUN_05e7ae,derived,
0x05E7F0,0x05E7F6,FUN_05e7f0,derived,
0x05E7F6,0x05E888,FUN_05e7f6,derived,
0x05E888,0x05E88E,FUN_05e888,derived,
0x05E88E,0x05E998,FUN_05e88e,derived,
0x05E998,0x05E9A8,FUN_05e998,derived,
0x05E9A8,0x05EA42,FUN_05e9a8,derived,
0x05EA42,0x05EAA0,FUN_05ea42,derived,
0x05EAA0,0x05EABE,FUN_05eaa0,derived,
0x05EABE,0x05EB1E,FUN_05eabe,derived,
0x05EB1E,0x05EB40,FUN_05eb1e,derived,
0x05EB40,0x05EB78,FUN_05eb40,derived,
0x05EB78,0x05EB88,FUN_05eb78,derived,
0x05EB88,0x05EC6E,FUN_05eb88,derived,
0x05EC6E,0x05EC8C,FUN_05ec6e,derived,
0x05EC8C,0x05ECAA,FUN_05ec8c,derived,
0x05ECAA,0x05ED0A,FUN_05ecaa,derived,
0x05ED0A,0x05ED54,FUN_05ed0a,derived,
0x05ED54,0x05ED7C,FUN_05ed54,derived,
0x05ED7C,0x05EDA4,FUN_05ed7c,derived,
0x05EDA4,0x05EDB6,FUN_05eda4,derived,
0x05EDB6,0x05EE12,FUN_05edb6,derived,
0x05EE12,0x05EE18,FUN_05ee12,derived,
0x05EE18,0x05EEBE,FUN_05ee18,derived,
0x05EEBE,0x05EECE,FUN_05eebe,derived,
0x05EECE,0x05EEFE,FUN_05eece,derived,
0x05EEFE,0x05EF06,FUN_05eefe,derived,
0x05EF06,0x05EF0E,FUN_05ef06,derived,
0x05EF0E,0x05EF3A,FUN_05ef0e,derived,
0x05EF3A,0x05EFB4,FUN_05ef3a,derived,
0x05EFB4,0x05F042,FUN_05efb4,derived,
0x05F042,0x05F04A,FUN_05f042,derived,
0x05F04A,0x05F082,FUN_05f04a,derived,
0x05F082,0x05F0B0,FUN_05f082,derived,
0x05F0B0,0x05F108,FUN_05f0b0,derived,
0x05F108,0x05F11A,FUN_05f108,derived,
0x05F11A,0x05F1D0,udsCheckMode31Conditions,ghidra-hand-xmap,
0x05F1D0,0x05F220,FUN_05f1d0,derived,
0x05F220,0x05F23A,FUN_05f220,derived,
0x05F23A,0x05F254,FUN_05f23a,derived,
0x05F254,0x05F2C2,FUN_05f254,derived,
0x05F2C2,0x05F2DC,FUN_05f2c2,derived,
0x05F2DC,0x05F2E0,FUN_05f2dc,derived,
0x05F2E0,0x05F2E6,FUN_05f2e0,derived,
0x05F2E6,0x05F2E8,FUN_05f2e6,derived,
0x05F2E8,0x05F316,FUN_05f2e8,derived,
0x05F316,0x05F31C,FUN_05f316,derived,
0x05F31C,0x05F326,FUN_05f31c,derived,
0x05F326,0x05F330,FUN_05f326,derived,
0x05F330,0x05F33C,FUN_05f330,derived,
0x05F33C,0x05F3EE,FUN_05f33c,derived,
0x05F3EE,0x05F452,FUN_05f3ee,derived,
0x05F452,0x05F544,FUN_05f452,derived,
0x05F544,0x05F598,FUN_05f544,derived,
0x05F598,0x05F6A4,FUN_05f598,derived,
0x05F6A4,0x05F6DC,FUN_05f6a4,derived,
0x05F6DC,0x05F714,FUN_05f6dc,derived,
0x05F714,0x05F748,FUN_05f714,derived,
0x05F748,0x05F75A,FUN_05f748,derived,
0x05F75A,0x05F78E,FUN_05f75a,derived,
0x05F78E,0x05F7E4,FUN_05f78e,derived,
0x05F7E4,0x05F874,calcBatteryRelatedFaults??,ghidra-hand-xmap,
0x05F874,0x05F908,FUN_05f874,derived,
0x05F908,0x05F994,FUN_05f908,derived,
0x05F994,0x05F9EC,FUN_05f994,derived,
0x05F9EC,0x05FA30,FUN_05f9ec,derived,
0x05FA30,0x05FA74,FUN_05fa30,derived,
0x05FA74,0x05FC16,FUN_05fa74,derived,
0x05FC16,0x05FCBC,FUN_05fc16,derived,
0x05FCBC,0x05FCD4,FUN_05fcbc,derived,
0x05FCD4,0x05FDCC,FUN_05fcd4,derived,
0x05FDCC,0x05FDEA,FUN_05fdcc,derived,
0x05FDEA,0x05FEDC,FUN_05fdea,derived,
0x05FEDC,0x05FEF2,FUN_05fedc,derived,
0x05FEF2,0x05FF1C,FUN_05fef2,derived,
0x05FF1C,0x05FF28,FUN_05ff1c,derived,
0x05FF28,0x05FF5C,FUN_05ff28,derived,
0x05FF5C,0x05FFAE,FUN_05ff5c,derived,
0x05FFAE,0x05FFDE,FUN_05ffae,derived,
0x05FFDE,0x06006C,FUN_05ffde,derived,
0x06006C,0x06009E,faultSomething0x1,ghidra-hand-xmap,
0x06009E,0x0600C4,FUN_06009e,derived,
0x0600C4,0x0601B0,FUN_0600c4,derived,
0x0601B0,0x0601EE,FUN_0601b0,derived,
0x0601EE,0x0601F2,FUN_0601ee,derived,
0x0601F2,0x060204,FUN_0601f2,derived,
0x060204,0x06021E,FUN_060204,derived,
0x06021E,0x060230,FUN_06021e,derived,
0x060230,0x060242,FUN_060230,derived,
0x060242,0x060246,FUN_060242,derived,
0x060246,0x06024A,FUN_060246,derived,
0x06024A,0x0602F4,FUN_06024a,derived,
0x0602F4,0x060302,FUN_0602f4,derived,
0x060302,0x060314,FUN_060302,derived,
0x060314,0x060330,FUN_060314,derived,
0x060330,0x060446,FUN_060330,derived,
0x060446,0x0604E2,FUN_060446,derived,
0x0604E2,0x060558,FUN_0604e2,derived,
0x060558,0x060576,FUN_060558,derived,
0x060576,0x06059E,FUN_060576,derived,
0x06059E,0x0605BE,FUN_06059e,derived,
0x0605BE,0x0605D4,FUN_0605be,derived,
0x0605D4,0x060650,someOBDFunctionCaller,ghidra-hand-xmap,
0x060650,0x06073E,FUN_060650,derived,
0x06073E,0x060974,FUN_06073e,derived,
0x060974,0x060A64,FUN_060974,derived,
0x060A64,0x060F2C,FUN_060a64,derived,
0x060F2C,0x060FEE,UDSService11Function?,ghidra-hand-xmap,
0x060FEE,0x060FF0,FUN_060fee,derived,
0x060FF0,0x06104E,FUN_060ff0,derived,
0x06104E,0x061106,FUN_06104e,derived,
0x061106,0x061112,dtcCodeTypeInit,ghidra-hand-xmap,
0x061112,0x0612CA,FUN_061112,derived,
0x0612CA,0x061312,writeDTCCodeType,ghidra-hand-xmap,
0x061312,0x06145A,FUN_061312,derived,
0x06145A,0x06146A,FUN_06145a,derived,
0x06146A,0x0614C0,FUN_06146a,derived,
0x0614C0,0x061588,FUN_0614c0,derived,
0x061588,0x0615E6,FUN_061588,derived,
0x0615E6,0x0617C4,FUN_0615e6,derived,
0x0617C4,0x061896,FUN_0617c4,derived,
0x061896,0x06195C,checkIfAddressInRange,ghidra-hand-xmap,
0x06195C,0x0619B8,FUN_06195c,derived,
0x0619B8,0x0619BC,FUN_0619b8,derived,
0x0619BC,0x061AD8,FUN_0619bc,derived,
0x061AD8,0x061B2E,FUN_061ad8,derived,
0x061B2E,0x061B6A,FUN_061b2e,derived,
0x061B6A,0x061B9E,FUN_061b6a,derived,
0x061B9E,0x061BA6,FUN_061b9e,derived,
0x061BA6,0x061BC6,FUN_061ba6,derived,
0x061BC6,0x061C04,FUN_061bc6,derived,
0x061C04,0x061E44,FUN_061c04,derived,
0x061E44,0x061F28,FUN_061e44,derived,
0x061F28,0x061F74,FUN_061f28,derived,
0x061F74,0x061F80,FUN_061f74,derived,
0x061F80,0x061FD6,FUN_061f80,derived,
0x061FD6,0x061FFC,FUN_061fd6,derived,
0x061FFC,0x0620C8,FUN_061ffc,derived,
0x0620C8,0x0621DC,FUN_0620c8,derived,
0x0621DC,0x0622BC,FUN_0621dc,derived,
0x0622BC,0x06238A,FUN_0622bc,derived,
0x06238A,0x062398,FUN_06238a,derived,
0x062398,0x062474,FUN_062398,derived,
0x062474,0x06250E,FUN_062474,derived,
0x06250E,0x062544,FUN_06250e,derived,
0x062544,0x062620,FUN_062544,derived,
0x062620,0x0626FC,FUN_062620,derived,
0x0626FC,0x0627D8,FUN_0626fc,derived,
0x0627D8,0x0628DA,FUN_0627d8,derived,
0x0628DA,0x0628E8,FUN_0628da,derived,
0x0628E8,0x062984,diagMeteringPumpPositionControl,ghidra-hand-xmap,
0x062984,0x062A6C,FUN_062984,derived,
0x062A6C,0x062B7C,FUN_062a6c,derived,
0x062B7C,0x062C8C,FUN_062b7c,derived,
0x062C8C,0x062D9C,FUN_062c8c,derived,
0x062D9C,0x062E78,FUN_062d9c,derived,
0x062E78,0x062F54,FUN_062e78,derived,
0x062F54,0x063030,FUN_062f54,derived,
0x063030,0x06310C,FUN_063030,derived,
0x06310C,0x0631E8,FUN_06310c,derived,
0x0631E8,0x0632C4,FUN_0631e8,derived,
0x0632C4,0x063360,FUN_0632c4,derived,
0x063360,0x063428,FUN_063360,derived,
0x063428,0x063500,FUN_063428,derived,
0x063500,0x0635B2,FUN_063500,derived,
0x0635B2,0x06367A,FUN_0635b2,derived,
0x06367A,0x0636B0,FUN_06367a,derived,
0x0636B0,0x063754,FUN_0636b0,derived,
0x063754,0x0639B0,FUN_063754,derived,
0x0639B0,0x063B10,FUN_0639b0,derived,
0x063B10,0x063BB2,FUN_063b10,derived,
0x063BB2,0x063BDC,FUN_063bb2,derived,
0x063BDC,0x063BDE,FUN_063bdc,derived,
0x063BDE,0x063C18,FUN_063bde,derived,
0x063C18,0x063CD0,FUN_063c18,derived,
0x063CD0,0x063D50,FUN_063cd0,derived,
0x063D50,0x063D8C,FUN_063d50,derived,
0x063D8C,0x063DC0,setDiagMode85Bool?,ghidra-hand-xmap,
0x063DC0,0x063DF0,setDiagMode85Bool2,ghidra-hand-xmap,
0x063DF0,0x063E14,FUN_063df0,derived,
0x063E14,0x063E4C,FUN_063e14,derived,
0x063E4C,0x063F28,getTireSize,ghidra-hand-xmap,
0x063F28,0x064194,FUN_063f28,derived,
0x064194,0x0641B6,FUN_064194,derived,
0x0641B6,0x0641EA,FUN_0641b6,derived,
0x0641EA,0x064216,FUN_0641ea,derived,
0x064216,0x064226,FUN_064216,derived,
0x064226,0x064262,FUN_064226,derived,
0x064262,0x064286,FUN_064262,derived,
0x064286,0x0642CC,FUN_064286,derived,
0x0642CC,0x0642EC,FUN_0642cc,derived,
0x0642EC,0x064342,FUN_0642ec,derived,
0x064342,0x064376,FUN_064342,derived,
0x064376,0x0643A2,FUN_064376,derived,
0x0643A2,0x0643B6,FUN_0643a2,derived,
0x0643B6,0x0643CC,FUN_0643b6,derived,
0x0643CC,0x0643CE,FUN_0643cc,derived,
0x0643CE,0x0643E6,FUN_0643ce,derived,
0x0643E6,0x0643F6,FUN_0643e6,derived,
0x0643F6,0x064490,FUN_0643f6,derived,
0x064490,0x0644A6,FUN_064490,derived,
0x0644A6,0x0644FE,FUN_0644a6,derived,
0x0644FE,0x064514,FUN_0644fe,derived,
0x064514,0x0645D0,getBrakingOrInNeutral,ghidra-hand-xmap,
0x0645D0,0x0645E8,FUN_0645d0,derived,
0x0645E8,0x064600,FUN_0645e8,derived,
0x064600,0x064616,FUN_064600,derived,
0x064616,0x06462A,FUN_064616,derived,
0x06462A,0x064636,FUN_06462a,derived,
0x064636,0x064658,FUN_064636,derived,
0x064658,0x06473C,FUN_064658,derived,
0x06473C,0x064762,FUN_06473c,derived,
0x064762,0x064794,FUN_064762,derived,
0x064794,0x0647D8,FUN_064794,derived,
0x0647D8,0x064898,FUN_0647d8,derived,
0x064898,0x0648EE,FUN_064898,derived,
0x0648EE,0x06499A,FUN_0648ee,derived,
0x06499A,0x0649FC,FUN_06499a,derived,
0x0649FC,0x064A9A,FUN_0649fc,derived,
0x064A9A,0x064B1C,FUN_064a9a,derived,
0x064B1C,0x064CAC,FUN_064b1c,derived,
0x064CAC,0x064CB0,FUN_064cac,derived,
0x064CB0,0x064CB4,FUN_064cb0,derived,
0x064CB4,0x064CD8,FUN_064cb4,derived,
0x064CD8,0x064DCC,FUN_064cd8,derived,
0x064DCC,0x064E6A,FUN_064dcc,derived,
0x064E6A,0x064E82,FUN_064e6a,derived,
0x064E82,0x064E98,FUN_064e82,derived,
0x064E98,0x064EE8,FUN_064e98,derived,
0x064EE8,0x064F06,FUN_064ee8,derived,
0x064F06,0x064F26,FUN_064f06,derived,
0x064F26,0x064FC4,FUN_064f26,derived,
0x064FC4,0x065004,FUN_064fc4,derived,
0x065004,0x06501A,FUN_065004,derived,
0x06501A,0x0650B2,FUN_06501a,derived,
0x0650B2,0x0650B6,FUN_0650b2,derived,
0x0650B6,0x0650D4,FUN_0650b6,derived,
0x0650D4,0x0650D6,FUN_0650d4,derived,
0x0650D6,0x0650D8,FUN_0650d6,derived,
0x0650D8,0x0650DA,FUN_0650d8,derived,
0x0650DA,0x0650DC,FUN_0650da,derived,
0x0650DC,0x0650DE,FUN_0650dc,derived,
0x0650DE,0x0650E0,FUN_0650de,derived,
0x0650E0,0x0650E2,FUN_0650e0,derived,
0x0650E2,0x0650E4,FUN_0650e2,derived,
0x0650E4,0x0650E6,FUN_0650e4,derived,
0x0650E6,0x0650E8,FUN_0650e6,derived,
0x0650E8,0x0650EA,FUN_0650e8,derived,
0x0650EA,0x0650EC,FUN_0650ea,derived,
0x0650EC,0x0650F0,FUN_0650ec,derived,
0x0650F0,0x0650F2,FUN_0650f0,derived,
0x0650F2,0x065104,FUN_0650f2,derived,
0x065104,0x065106,FUN_065104,derived,
0x065106,0x065108,FUN_065106,derived,
0x065108,0x06510A,FUN_065108,derived,
0x06510A,0x065116,FUN_06510a,derived,
0x065116,0x06512A,FUN_065116,derived,
0x06512A,0x065134,FUN_06512a,derived,
0x065134,0x065144,FUN_065134,derived,
0x065144,0x065196,FUN_065144,derived,
0x065196,0x0651BC,FUN_065196,derived,
0x0651BC,0x065424,FUN_0651bc,derived,
0x065424,0x065708,FUN_065424,derived,
0x065708,0x06570A,FUN_065708,derived,
0x06570A,0x065776,FUN_06570a,derived,
0x065776,0x0657E4,FUN_065776,derived,
0x0657E4,0x0657F4,FUN_0657e4,derived,
0x0657F4,0x065834,FUN_0657f4,derived,
0x065834,0x065836,FUN_065834,derived,
0x065836,0x06583C,FUN_065836,derived,
0x06583C,0x065840,FUN_06583c,derived,
0x065840,0x06584C,FUN_065840,derived,
0x06584C,0x065858,FUN_06584c,derived,
0x065858,0x065864,FUN_065858,derived,
0x065864,0x065870,FUN_065864,derived,
0x065870,0x06587C,FUN_065870,derived,
0x06587C,0x065880,FUN_06587c,derived,
0x065880,0x065882,FUN_065880,derived,
0x065882,0x065888,FUN_065882,derived,
0x065888,0x06588C,FUN_065888,derived,
0x06588C,0x0658A0,FUN_06588c,derived,
0x0658A0,0x0658B0,FUN_0658a0,derived,
0x0658B0,0x0658C0,FUN_0658b0,derived,
0x0658C0,0x0658D0,FUN_0658c0,derived,
0x0658D0,0x0658E0,FUN_0658d0,derived,
0x0658E0,0x0658F0,FUN_0658e0,derived,
0x0658F0,0x065900,FUN_0658f0,derived,
0x065900,0x065920,FUN_065900,derived,
0x065920,0x065930,FUN_065920,derived,
0x065930,0x065970,FUN_065930,derived,
0x065970,0x065980,FUN_065970,derived,
0x065980,0x065990,FUN_065980,derived,
0x065990,0x0659A0,FUN_065990,derived,
0x0659A0,0x0659B0,FUN_0659a0,derived,
0x0659B0,0x0659C0,FUN_0659b0,derived,
0x0659C0,0x0659D0,FUN_0659c0,derived,
0x0659D0,0x0659E0,FUN_0659d0,derived,
0x0659E0,0x0659F0,FUN_0659e0,derived,
0x0659F0,0x065A00,FUN_0659f0,derived,
0x065A00,0x065A10,FUN_065a00,derived,
0x065A10,0x065A20,FUN_065a10,derived,
0x065A20,0x065A24,FUN_065a20,derived,
0x065A24,0x065A52,FUN_065a24,derived,
0x065A52,0x065AA8,FUN_065a52,derived,
0x065AA8,0x065AB2,returnFaultCode,ghidra-hand-xmap,
0x065AB2,0x065ABC,FUN_065ab2,derived,
0x065ABC,0x065AE2,lookupCodeTypeAll,ghidra-hand-xmap,
0x065AE2,0x065B08,lookupCodeTypeMisfire,ghidra-hand-xmap,
0x065B08,0x065B1A,faultEnableStatus2,ghidra-hand-xmap,
0x065B1A,0x065B48,faultConfirmationSomething?,ghidra-hand-xmap,
0x065B48,0x065BCC,FUN_065b48,derived,
0x065BCC,0x065C0A,faultSomething0x2,ghidra-hand-xmap,
0x065C0A,0x065C60,faultSomething0x0,ghidra-hand-xmap,
0x065C60,0x065CB4,FUN_065c60,derived,
0x065CB4,0x065D20,FUN_065cb4,derived,
0x065D20,0x065DD0,FUN_065d20,derived,
0x065DD0,0x065DF8,checkIfDeviceControl?,ghidra-hand-xmap,
0x065DF8,0x065E24,FUN_065df8,derived,
0x065E24,0x065E2A,FUN_065e24,derived,
0x065E2A,0x065E30,FUN_065e2a,derived,
0x065E30,0x065E36,FUN_065e30,derived,
0x065E36,0x065E3C,FUN_065e36,derived,
0x065E3C,0x065E50,FUN_065e3c,derived,
0x065E50,0x065E66,FUN_065e50,derived,
0x065E66,0x065E74,FUN_065e66,derived,
0x065E74,0x065E9C,FUN_065e74,derived,
0x065E9C,0x065EAA,FUN_065e9c,derived,
0x065EAA,0x065EB0,FUN_065eaa,derived,
0x065EB0,0x065EB6,FUN_065eb0,derived,
0x065EB6,0x065EF0,FUN_065eb6,derived,
0x065EF0,0x065EF4,FUN_065ef0,derived,
0x065EF4,0x065F02,updateFaultStatusTHUNKNoR6?,ghidra-hand-xmap,
0x065F02,0x065F24,FUN_065f02,derived,
0x065F24,0x065F3C,FUN_065f24,derived,
0x065F3C,0x065F4A,FUN_065f3c,derived,
0x065F4A,0x065F4E,FUN_065f4a,derived,
0x065F4E,0x065FAC,FUN_065f4e,derived,
0x065FAC,0x0660A6,FUN_065fac,derived,
0x0660A6,0x0660F8,FUN_0660a6,derived,
0x0660F8,0x0661E8,checkAndSetFault?,ghidra-hand-xmap,
0x0661E8,0x06632C,FUN_0661e8,derived,
0x06632C,0x06634E,FUN_06632c,derived,
0x06634E,0x0663AA,FUN_06634e,derived,
0x0663AA,0x066428,FUN_0663aa,derived,
0x066428,0x066464,FUN_066428,derived,
0x066464,0x06647C,FUN_066464,derived,
0x06647C,0x066498,FUN_06647c,derived,
0x066498,0x0664B4,FUN_066498,derived,
0x0664B4,0x066514,FUN_0664b4,derived,
0x066514,0x06657A,setFaultEvalState?,ghidra-hand-xmap,
0x06657A,0x066694,FUN_06657a,derived,
0x066694,0x0666B4,FUN_066694,derived,
0x0666B4,0x0666B8,FUN_0666b4,derived,
0x0666B8,0x0666D0,FUN_0666b8,derived,
0x0666D0,0x0666D4,FUN_0666d0,derived,
0x0666D4,0x0666FC,FUN_0666d4,derived,
0x0666FC,0x066700,FUN_0666fc,derived,
0x066700,0x066704,FUN_066700,derived,
0x066704,0x066708,FUN_066704,derived,
0x066708,0x06670C,FUN_066708,derived,
0x06670C,0x066826,FUN_06670c,derived,
0x066826,0x06685E,FUN_066826,derived,
0x06685E,0x066886,FUN_06685e,derived,
0x066886,0x066930,FUN_066886,derived,
0x066930,0x0669A2,FUN_066930,derived,
0x0669A2,0x0669DA,FUN_0669a2,derived,
0x0669DA,0x066A30,FUN_0669da,derived,
0x066A30,0x066B16,FUN_066a30,derived,
0x066B16,0x066B66,FUN_066b16,derived,
0x066B66,0x066BC4,FUN_066b66,derived,
0x066BC4,0x066BE2,FUN_066bc4,derived,
0x066BE2,0x066BF2,FUN_066be2,derived,
0x066BF2,0x066C70,FUN_066bf2,derived,
0x066C70,0x066DD6,FUN_066c70,derived,
0x066DD6,0x066E02,FUN_066dd6,derived,
0x066E02,0x066E32,FUN_066e02,derived,
0x066E32,0x066F0A,FUN_066e32,derived,
0x066F0A,0x066F38,FUN_066f0a,derived,
0x066F38,0x066F6C,FUN_066f38,derived,
0x066F6C,0x06705E,FUN_066f6c,derived,
0x06705E,0x067092,FUN_06705e,derived,
0x067092,0x0670B4,FUN_067092,derived,
0x0670B4,0x067100,FUN_0670b4,derived,
0x067100,0x067142,FUN_067100,derived,
0x067142,0x067170,FUN_067142,derived,
0x067170,0x0671CA,FUN_067170,derived,
0x0671CA,0x06744A,FUN_0671ca,derived,
0x06744A,0x0675C4,FUN_06744a,derived,
0x0675C4,0x06773A,faultSomethingIdunno,ghidra-hand-xmap,
0x06773A,0x067974,dtcRelated,ghidra-hand-xmap,
0x067974,0x0679EA,FUN_067974,derived,
0x0679EA,0x067A28,FUN_0679ea,derived,
0x067A28,0x067A2E,FUN_067a28,derived,
0x067A2E,0x067A6C,FUN_067a2e,derived,
0x067A6C,0x067C5A,FUN_067a6c,derived,
0x067C5A,0x067C68,FUN_067c5a,derived,
0x067C68,0x067C76,FUN_067c68,derived,
0x067C76,0x067C9C,FUN_067c76,derived,
0x067C9C,0x067E88,FUN_067c9c,derived,
0x067E88,0x067E8E,FUN_067e88,derived,
0x067E8E,0x067E9C,FUN_067e8e,derived,
0x067E9C,0x068024,FUN_067e9c,derived,
0x068024,0x068134,FUN_068024,derived,
0x068134,0x0681B4,FUN_068134,derived,
0x0681B4,0x0681F4,FUN_0681b4,derived,
0x0681F4,0x06825C,FUN_0681f4,derived,
0x06825C,0x0682AC,FUN_06825c,derived,
0x0682AC,0x0682F0,FUN_0682ac,derived,
0x0682F0,0x06834C,FUN_0682f0,derived,
0x06834C,0x068410,FUN_06834c,derived,
0x068410,0x068454,FUN_068410,derived,
0x068454,0x0684D0,FUN_068454,derived,
0x0684D0,0x068514,FUN_0684d0,derived,
0x068514,0x068524,FUN_068514,derived,
0x068524,0x068594,FUN_068524,derived,
0x068594,0x0686DC,FUN_068594,derived,
0x0686DC,0x068808,FUN_0686dc,derived,
0x068808,0x068874,FUN_068808,derived,
0x068874,0x068944,FUN_068874,derived,
0x068944,0x068A3E,FUN_068944,derived,
0x068A3E,0x068A5C,FUN_068a3e,derived,
0x068A5C,0x068A7A,FUN_068a5c,derived,
0x068A7A,0x068A98,FUN_068a7a,derived,
0x068A98,0x068ABC,FUN_068a98,derived,
0x068ABC,0x068AE0,FUN_068abc,derived,
0x068AE0,0x068DB4,FUN_068ae0,derived,
0x068DB4,0x068E4E,FUN_068db4,derived,
0x068E4E,0x068EE0,FUN_068e4e,derived,
0x068EE0,0x068F62,FUN_068ee0,derived,
0x068F62,0x068F8C,FUN_068f62,derived,
0x068F8C,0x068FAC,FUN_068f8c,derived,
0x068FAC,0x068FFE,FUN_068fac,derived,
0x068FFE,0x06901E,FUN_068ffe,derived,
0x06901E,0x069070,FUN_06901e,derived,
0x069070,0x0690E2,FUN_069070,derived,
0x0690E2,0x069154,FUN_0690e2,derived,
0x069154,0x0691DA,FUN_069154,derived,
0x0691DA,0x0691FA,FUN_0691da,derived,
0x0691FA,0x06924C,FUN_0691fa,derived,
0x06924C,0x06926C,FUN_06924c,derived,
0x06926C,0x0692BE,FUN_06926c,derived,
0x0692BE,0x069330,FUN_0692be,derived,
0x069330,0x06935E,FUN_069330,derived,
0x06935E,0x0693B0,FUN_06935e,derived,
0x0693B0,0x0693DE,FUN_0693b0,derived,
0x0693DE,0x06943E,FUN_0693de,derived,
0x06943E,0x06954A,FUN_06943e,derived,
0x06954A,0x06966C,FUN_06954a,derived,
0x06966C,0x0696F4,FUN_06966c,derived,
0x0696F4,0x0697C8,FUN_0696f4,derived,
0x0697C8,0x069838,FUN_0697c8,derived,
0x069838,0x0698BE,FUN_069838,derived,
0x0698BE,0x0699D8,FUN_0698be,derived,
0x0699D8,0x069A1E,FUN_0699d8,derived,
0x069A1E,0x069AB4,FUN_069a1e,derived,
0x069AB4,0x069ADA,FUN_069ab4,derived,
0x069ADA,0x069B70,FUN_069ada,derived,
0x069B70,0x069B96,FUN_069b70,derived,
0x069B96,0x069BDA,FUN_069b96,derived,
0x069BDA,0x069C36,FUN_069bda,derived,
0x069C36,0x069CAE,FUN_069c36,derived,
0x069CAE,0x069D4A,FUN_069cae,derived,
0x069D4A,0x069DD0,FUN_069d4a,derived,
0x069DD0,0x069E38,FUN_069dd0,derived,
0x069E38,0x069E80,FUN_069e38,derived,
0x069E80,0x069F4E,FUN_069e80,derived,
0x069F4E,0x069FF4,FUN_069f4e,derived,
0x069FF4,0x06A054,FUN_069ff4,derived,
0x06A054,0x06A0EC,FUN_06a054,derived,
0x06A0EC,0x06A140,FUN_06a0ec,derived,
0x06A140,0x06A194,FUN_06a140,derived,
0x06A194,0x06A1C4,FUN_06a194,derived,
0x06A1C4,0x06A22C,FUN_06a1c4,derived,
0x06A22C,0x06A2CC,FUN_06a22c,derived,
0x06A2CC,0x06A2D2,FUN_06a2cc,derived,
0x06A2D2,0x06A2FA,FUN_06a2d2,derived,
0x06A2FA,0x06A350,FUN_06a2fa,derived,
0x06A350,0x06A3BC,FUN_06a350,derived,
0x06A3BC,0x06A3DA,FUN_06a3bc,derived,
0x06A3DA,0x06A3EA,FUN_06a3da,derived,
0x06A3EA,0x06A43C,FUN_06a3ea,derived,
0x06A43C,0x06A4FC,FUN_06a43c,derived,
0x06A4FC,0x06A530,FUN_06a4fc,derived,
0x06A530,0x06A580,FUN_06a530,derived,
0x06A580,0x06A5A2,FUN_06a580,derived,
0x06A5A2,0x06A5DA,FUN_06a5a2,derived,
0x06A5DA,0x06A622,FUN_06a5da,derived,
0x06A622,0x06A680,FUN_06a622,derived,
0x06A680,0x06A6E0,FUN_06a680,derived,
0x06A6E0,0x06A746,FUN_06a6e0,derived,
0x06A746,0x06A7AC,FUN_06a746,derived,
0x06A7AC,0x06A7EA,FUN_06a7ac,derived,
0x06A7EA,0x06A80E,FUN_06a7ea,derived,
0x06A80E,0x06A812,FUN_06a80e,derived,
0x06A812,0x06A83E,FUN_06a812,derived,
0x06A83E,0x06A87C,FUN_06a83e,derived,
0x06A87C,0x06A944,FUN_06a87c,derived,
0x06A944,0x06AAA0,FUN_06a944,derived,
0x06AAA0,0x06ABF0,FUN_06aaa0,derived,
0x06ABF0,0x06AC36,FUN_06abf0,derived,
0x06AC36,0x06AC3C,FUN_06ac36,derived,
0x06AC3C,0x06AC96,FUN_06ac3c,derived,
0x06AC96,0x06AE54,FUN_06ac96,derived,
0x06AE54,0x06AF98,FUN_06ae54,derived,
0x06AF98,0x06B098,FUN_06af98,derived,
0x06B098,0x06B0CA,FUN_06b098,derived,
0x06B0CA,0x06B1DE,FUN_06b0ca,derived,
0x06B1DE,0x06B1F4,FUN_06b1de,derived,
0x06B1F4,0x06B208,FUN_06b1f4,derived,
0x06B208,0x06B268,FUN_06b208,derived,
0x06B268,0x06B2B8,FUN_06b268,derived,
0x06B2B8,0x06B32E,FUN_06b2b8,derived,
0x06B32E,0x06B3B0,FUN_06b32e,derived,
0x06B3B0,0x06B40E,FUN_06b3b0,derived,
0x06B40E,0x06B47C,FUN_06b40e,derived,
0x06B47C,0x06B52A,FUN_06b47c,derived,
0x06B52A,0x06B594,FUN_06b52a,derived,
0x06B594,0x06B5D8,FUN_06b594,derived,
0x06B5D8,0x06B638,FUN_06b5d8,derived,
0x06B638,0x06B668,FUN_06b638,derived,
0x06B668,0x06B704,FUN_06b668,derived,
0x06B704,0x06B7A4,FUN_06b704,derived,
0x06B7A4,0x06B8C0,FUN_06b7a4,derived,
0x06B8C0,0x06B908,FUN_06b8c0,derived,
0x06B908,0x06B93A,FUN_06b908,derived,
0x06B93A,0x06B954,FUN_06b93a,derived,
0x06B954,0x06B97C,FUN_06b954,derived,
0x06B97C,0x06B9B4,FUN_06b97c,derived,
0x06B9B4,0x06BA9C,FUN_06b9b4,derived,
0x06BA9C,0x06BAEA,FUN_06ba9c,derived,
0x06BAEA,0x06BC4E,FUN_06baea,derived,
0x06BC4E,0x06BC98,FUN_06bc4e,derived,
0x06BC98,0x06BEDC,FUN_06bc98,derived,
0x06BEDC,0x06BF24,FUN_06bedc,derived,
0x06BF24,0x06C16E,FUN_06bf24,derived,
0x06C16E,0x06C1E8,FUN_06c16e,derived,
0x06C1E8,0x06C2AE,FUN_06c1e8,derived,
0x06C2AE,0x06C48A,FUN_06c2ae,derived,
0x06C48A,0x06C4B2,FUN_06c48a,derived,
0x06C4B2,0x06C794,FUN_06c4b2,derived,
0x06C794,0x06C7DC,FUN_06c794,derived,
0x06C7DC,0x06C818,in_range_0_6_check?,ghidra-hand-xmap,
0x06C818,0x06C83E,FUN_06c818,derived,
0x06C83E,0x06C8E4,FUN_06c83e,derived,
0x06C8E4,0x06C938,FUN_06c8e4,derived,
0x06C938,0x06C990,FUN_06c938,derived,
0x06C990,0x06C9C2,FUN_06c990,derived,
0x06C9C2,0x06C9E0,FUN_06c9c2,derived,
0x06C9E0,0x06CA30,FUN_06c9e0,derived,
0x06CA30,0x06CA42,FUN_06ca30,derived,
0x06CA42,0x06CAE0,FUN_06ca42,derived,
0x06CAE0,0x06CBB2,FUN_06cae0,derived,
0x06CBB2,0x06CBB6,FUN_06cbb2,derived,
0x06CBB6,0x06CC4A,FUN_06cbb6,derived,
0x06CC4A,0x06CC62,FUN_06cc4a,derived,
0x06CC62,0x06CCD6,FUN_06cc62,derived,
0x06CCD6,0x06CD18,FUN_06ccd6,derived,
0x06CD18,0x06CD5E,getFaultStatus??,ghidra-hand-xmap,
0x06CD5E,0x06CD70,getFaultEvalState,ghidra-hand-xmap,
0x06CD70,0x06CDF0,FUN_06cd70,derived,
