addr,end,name,source,flag
0x000040,0x000046,vector_trampoline_set_sp,ida-ai,
0x00004C,0x000064,serial_rx_handler_ch0,ida-ai,
0x000064,0x00007C,serial_rx_handler_ch1,ida-ai,
0x00007C,0x00008A,exception_context_restore,ida-ai,
0x00008A,0x0000C0,serial_data_read_handler,ida-ai,
0x0000C0,0x0000D8,serial_rx_handler_ch2,ida-ai,
0x0000D8,0x0000F4,fatal_error_infinite_loop,ida-ai,
0x0000F4,0x00011A,build_be32_from_bytes,ida-ai,
0x00011A,0x000152,calculate_checksum,ida-ai,
0x000170,0x000210,hw_init_1,ida-ai,
0x000210,0x000256,diag_transfer_210,ida-ai,
0x00031C,0x000338,hw_status_flag_handler,ida-ai,
0x000338,0x000364,serial_dispatch,ida-ai,
0x000364,0x0003B0,task_scheduler_dispatch,ida-ai,
0x0003B0,0x0003D4,task_queue_get_next,ida-ai,
0x0003D4,0x0003E0,hw_init_3,ida-ai,
0x0003E0,0x0003F8,task_queue_pending_count,ida-ai,
0x00041C,0x000450,hw_init_2,ida-ai,
0x000450,0x00047C,eeprom_read_validate,ida-ai,
0x0004E0,0x000572,main_init,ida-ai,
0x000572,0x000586,wdt_init,ida-ai,
0x0005B0,0x000624,cold_start_ram_init,ida-ai,
0x000624,0x000636,is_eeprom_valid,ida-ai,
0x000636,0x0006B6,validate_data_block_header,ida-ai,
0x0007C0,0x000806,serial_data_write_handler,ida-ai,
0x000806,0x000864,diag_transfer_806,ida-ai,
0x00087C,0x0008AC,memset_ram_bounded,ida-ai,
0x0008B8,0x0008CC,reset_handler,ida-ai,
0x0008CC,0x0008F6,bsc_init,ida-ai,
0x0008F6,0x00099C,gpio_init,ida-ai,
0x0009C0,0x0009DE,spi_set_clk_high_wait,ida-ai,
0x0009DE,0x0009FC,spi_set_clk_low_wait,ida-ai,
0x0009FC,0x000ACE,atu_configure_io_channel,ida-ai,
0x000ACE,0x000AE8,sensor_sequential_ace,ida-ai,
0x000AE8,0x000B0E,write_verify_bytes,ida-ai,
0x001008,0x00102C,validate_rom_calibration_id,ida-ai,
0x001038,0x00107C,secondary_boot_init,ida-ai,
0x001094,0x00109A,can_jump_1094,ida-ai,
0x0010A0,0x0010A6,reset_stack_pointer,ida-ai,
0x0010AC,0x001116,atu_timer_init,ida-ai,
0x001116,0x001168,atu_channel_transfer,ida-ai,
0x001168,0x00119A,atu_wait_and_transfer,ida-ai,
0x00119A,0x0011A6,atu_clear_status_flags,ida-ai,
0x0011E0,0x0011E8,clear_comm_counter,ida-ai,
0x0011E8,0x001216,watchdog_service,ida-ai,
0x001216,0x001278,serial_build_and_send_frame,ida-ai,
0x001278,0x00128E,serial_try_receive,ida-ai,
0x00128E,0x001294,get_rx_buffer_ptr,ida-ai,
0x0012BE,0x001364,atu_configure_all_channels,ida-ai,
0x001380,0x001394,wdt_disable,ida-ai,
0x001572,0x0015CC,diag_start_session_handler,ida-ai,
0x0015CC,0x00162E,diag_read_memory_by_addr,ida-ai,
0x001648,0x001678,diag_send_status_frame,ida-ai,
0x001678,0x0016EE,diag_transfer_data_handler,ida-ai,
0x0016EE,0x001704,atu_reset_transfer_timers,ida-ai,
0x001720,0x00174E,diag_reset_session_state,ida-ai,
0x00174E,0x00175C,diag_send_negative_response,ida-ai,
0x00175C,0x001770,diag_send_security_key_resp,ida-ai,
0x001770,0x0017D8,diag_request_download_sid10,ida-ai,
0x0017D8,0x001908,diag_security_access_sid27,ida-ai,
0x001908,0x001970,diag_tester_present_sid3E,ida-ai,
0x001970,0x0019DA,diag_ecu_reset_sid11,ida-ai,
0x0019DA,0x001A42,diag_read_data_sid22,ida-ai,
0x001A42,0x001A58,diag_write_timing_sid3B,ida-ai,
0x001A70,0x001B56,diag_request_download_sid34,ida-ai,
0x001B8C,0x001C8C,diag_transfer_data_sid36,ida-ai,
0x001CB8,0x001D00,diag_transfer_exit_sid37,ida-ai,
0x001D00,0x001D98,diag_custom_cmd_B1,ida-ai,
0x001DBC,0x001DD4,atu_read_timer_value,ida-ai,
0x001DD4,0x001DFA,atu_write_compare_value,ida-ai,
0x001DFA,0x001E16,atu_read_capture_value,ida-ai,
0x001E1C,0x001E3A,atu_set_channel_mode,ida-ai,
0x001E3A,0x001E58,atu_clear_channel_flags,ida-ai,
0x001E58,0x001F2A,atu_configure_channel_full,ida-ai,
0x001F2A,0x001F52,copy_data_to_buffer,ida-ai,
0x001F52,0x001F80,copy_buffer_to_data,ida-ai,
0x001F80,0x001FA2,atu_read_rx_status,ida-ai,
0x001FA2,0x001FB6,atu_get_rx_byte_count,ida-ai,
0x002034,0x002042,checksum_complement_add,ida-ai,
0x002044,0x002052,diag_invertandreturn_2044,ida-ai,
0x002054,0x002064,fpu_load_zero,ida-ai,
0x002064,0x002068,loadStatusRegister_ADDR,ida-ai,
0x002068,0x002096,2DLookup,ida-ai,
0x0020AC,0x0020C4,fpu_add_float,ida-ai,
0x0020C4,0x0020DC,fpu_sub_float,ida-ai,
0x0020DC,0x00210C,fpu_div_float,ida-ai,
0x002120,0x00213C,fpu_int_to_float,ida-ai,
0x00213C,0x002158,fpu_float_to_int,ida-ai,
0x002158,0x0022FC,diag_longfunc_2158,ida-ai,
0x002304,0x002316,addS32Saturate,ida-ai,
0x00231C,0x00238E,mul32_saturated,ida-ai,
0x00239C,0x0023B0,delay_loop_n8,ida-ai,
0x0023B0,0x0023D8,firstOrderFilter,ida-ai,
0x0023DC,0x0023E4,fpu_neg_float,ida-ai,
0x0023E4,0x0023F4,fpu_mul_float,ida-ai,
0x0023F4,0x002404,fpu_sqrt_float,ida-ai,
0x002404,0x00241E,fpu_compare_and_select,ida-ai,
0x002420,0x002430,math_complement_2420,ida-ai,
0x002430,0x002440,math_complement_2430,ida-ai,
0x002440,0x00245E,math_complement_2440,ida-ai,
0x002460,0x002474,saturated_add_u16,ida-ai,
0x002478,0x00248E,saturated_add_u8,ida-ai,
0x002490,0x0024B8,axis_lookup_float_to_index,ida-ai,
0x0024C0,0x0024CE,interp_linear_u16_to_float,ida-ai,
0x0024D0,0x0024F8,axis_lookup_float_to_index_v2,ida-ai,
0x002510,0x002536,interp_bilinear_weight_calc,ida-ai,
0x0025C8,0x0025F4,table1d_lookup_u8,ida-ai,
0x0025F4,0x002622,table1d_lookup_u16,ida-ai,
0x002624,0x002658,axis_search_float_array,ida-ai,
0x002658,0x002678,table2d_axis_resolve,ida-ai,
0x002678,0x00268E,interp_float_array,ida-ai,
0x002690,0x0026B0,interp_s16_array,ida-ai,
0x0026B0,0x0026D0,interp_u8_array,ida-ai,
0x0026D0,0x0026F2,interp_u16_array,ida-ai,
0x0026F4,0x002710,interp_s8_array,ida-ai,
0x003238,0x003276,task_context_save_enter,ida-ai,
0x003588,0x0035AA,task_flag_run_A,ida-ai,
0x0035CC,0x0035EE,task_flag_run_B,ida-ai,
0x0035EE,0x003610,task_flag_run_C,ida-ai,
0x003610,0x0036D4,interrupt_priority_dispatch,ida-ai,
0x003854,0x0038FA,task_execute_by_index,ida-ai,
0x003920,0x003934,diag_getsr_3920,ida-ai,
0x003934,0x00394C,diag_setsr_3934,ida-ai,
0x003964,0x0039BA,task_queue_init,ida-ai,
0x003A28,0x003AA4,diag_consistencycheck_3a28,ida-ai,
0x003AC0,0x003ACE,task_set_current_ptr,ida-ai,
0x003AD8,0x003B04,task_context_switch,ida-ai,
0x003BF4,0x003C2A,task_full_context_save,ida-ai,
0x003C80,0x003D42,task_priority_scheduler,ida-ai,
0x003D58,0x003D94,task_completion_handler,ida-ai,
0x003EC0,0x003F10,task_table_scan_init,ida-ai,
0x003F10,0x003F6E,task_dependency_handler,ida-ai,
0x003F88,0x003F8C,rtos_noop_stub_3f88,ida-ai,
0x003F8C,0x003F90,rtos_noop_stub_3f8c,ida-ai,
0x003F90,0x003F98,clear_task_flag_dc,ida-ai,
0x003F9C,0x003FA4,clear_task_flag_dd,ida-ai,
0x003FA8,0x003FAC,rtos_noop_stub_3fa8,ida-ai,
0x003FB0,0x003FD8,task_ready_check,ida-ai,
0x003FE8,0x004092,div32_signed,ida-ai,
0x00409C,0x00413A,div32_unsigned,ida-ai,
0x004144,0x004202,mod32_signed,ida-ai,
0x00420C,0x004218,div_trampoline_A,ida-ai,
0x004218,0x004224,div_trampoline_B,ida-ai,
0x0042B0,0x0042E8,memcpy_bytes_unroll4,ida-ai,
0x004308,0x004344,shift_left_logical_r0,ida-ai,
0x0043C8,0x004446,util_arithmetic_43c8,ida-ai,
0x0044E0,0x00451C,shift_right_logical_r0,ida-ai,
0x00467A,0x00468C,util_shift_467a,ida-ai,
0x004740,0x004812,mul16_signed_saturated,ida-ai,
0x00481C,0x0048B2,fixedpoint_scale_s16,ida-ai,
0x0048C8,0x00492A,util_bitfield_48c8,ida-ai,
0x004BBC,0x004BD4,diag_setregister_4bbc,ida-ai,
0x004C14,0x004C40,nop_delay_40cycles,ida-ai,
0x004C70,0x004C76,stack_frame_save_sp,ida-ai,
0x004C76,0x004C7A,stack_frame_restore_sp,ida-ai,
0x004C7A,0x004C7E,stack_frame_set_sp,ida-ai,
0x004C80,0x004CBA,peripheral_init_chain_A,ida-ai,
0x004CBA,0x004CF8,peripheral_init_chain_B,ida-ai,
0x004CF8,0x004D2C,sfr_init_dma_channels,ida-ai,
0x004D36,0x004DF2,setRegisters_a,ida-ai,
0x004DF2,0x004DF6,atu_timer_loop_trampoline,ida-ai,
0x004DF6,0x004E0E,ubc_breakpoint_config_init,ida-ai,
0x004E0E,0x004E12,ubc_breakpoint_config_trampoline,ida-ai,
0x004E12,0x004E16,rtos_noop_stub_4e12,ida-ai,
0x004E16,0x004E1A,rtos_noop_stub_4e16,ida-ai,
0x004E1A,0x004E1E,rtos_noop_stub_4e1a,ida-ai,
0x004E74,0x004F08,atu_channel_port_init,ida-ai,
0x004F08,0x004FDE,atu_capture_compare_init,ida-ai,
0x004FDE,0x004FE2,rtos_noop_stub_4fde,ida-ai,
0x005028,0x00502C,rtos_noop_stub_5028,ida-ai,
0x00502C,0x00503A,wdt_disable_and_set_timer,ida-ai,
0x00503A,0x00503E,wdt_disable_trampoline,ida-ai,
0x00503E,0x005042,rtos_noop_stub_503e,ida-ai,
0x005042,0x005046,rtos_noop_stub_5042,ida-ai,
0x005046,0x00505E,sensor_channels_5046,ida-ai,
0x00505E,0x005062,ctrl_nullsub_505e,ida-ai,
0x005062,0x005066,ctrl_nullsub_5062,ida-ai,
0x005066,0x00506A,ctrl_nullsub_5066,ida-ai,
0x00506A,0x0050AE,atu_channel_i_config_A,ida-ai,
0x0050AE,0x0050B2,ctrl_nullsub_50ae,ida-ai,
0x0050B2,0x005156,atu_channel_i_config_B,ida-ai,
0x0051D0,0x005232,atu_prescaler_mode_init,ida-ai,
0x005232,0x005286,atu_channel_i_config_C,ida-ai,
0x005286,0x00528E,mem_clear_5286,ida-ai,
0x00528E,0x005292,intc_clear_flag_trampoline,ida-ai,
0x005292,0x0052B0,atu_clock_prescaler_select,ida-ai,
0x0052B0,0x0052CC,atu_status_check_and_branch,ida-ai,
0x005360,0x005376,fatal_error_halt,ida-ai,
0x005F30,0x005F34,ctrl_nullsub_5f30,ida-ai,
0x005F34,0x006018,task_handler_run_by_index,ida-ai,
0x006034,0x0060D8,task_handler_init_and_run,ida-ai,
0x006396,0x0063A4,task_dispatch_trampoline,ida-ai,
0x006768,0x0067BA,atu2_capture_snapshot_init,ida-ai,
0x0067BA,0x006866,atu2_capture_filter_update,ida-ai,
0x006866,0x00686A,ctrl_nullsub_6866,ida-ai,
0x00686A,0x00686E,ctrl_nullsub_686a,ida-ai,
0x0068A8,0x006A06,atu2_channel_mode_full_init,ida-ai,
0x006A06,0x006A20,fpu_context_clear_wrapper,ida-ai,
0x006A4C,0x006A70,atu2_any_capture_pending,ida-ai,
0x006A70,0x006B80,atu2_capture_process_all,ida-ai,
0x006BB8,0x006C38,atu2_read_captures_bank0,ida-ai,
0x006C70,0x006D00,atu2_read_captures_bank1,ida-ai,
0x006D00,0x006D72,atu2_read_captures_bank2,ida-ai,
0x006DA0,0x006E06,atu2_reconfig_mode_bank0,ida-ai,
0x006E06,0x006EE8,atu2_reconfig_mode_bank1,ida-ai,
0x006F3A,0x006FC2,atu2_edge_capture_config,ida-ai,
0x006FD4,0x007082,atu2_capture_irq_handler,ida-ai,
0x007094,0x0070AC,atu_control_bits_set,ida-ai,
0x0070AC,0x0070D0,atu_fpu_control_wrapper,ida-ai,
0x0070D0,0x00717A,adc_read_channel,ida-ai,
0x0071AC,0x00720E,adc_read_and_merge_flags,ida-ai,
0x00720E,0x007270,adc_single_convert,ida-ai,
0x0072A4,0x0072B0,sensor_state_reset_ch0,ida-ai,
0x0072B4,0x0072BC,sensor_latch_ch0,ida-ai,
0x0072BC,0x007324,sensor_calc_interp_ch0,ida-ai,
0x007354,0x00735C,sensor_latch_ch1,ida-ai,
0x00735C,0x00739E,sensor_calc_freq_ch1,ida-ai,
0x0073BC,0x0073C4,sensor_latch_ch2,ida-ai,
0x0073C4,0x00742C,sensor_calc_interp_ch2,ida-ai,
0x00745C,0x0074AE,sensor_calc_scaled_ch3,ida-ai,
0x0074D0,0x0074D4,ctrl_nullsub_74d0,ida-ai,
0x0074D4,0x0074EE,fpu_context_clear_v2,ida-ai,
0x0074FE,0x007504,crank_set_state_byte,ida-ai,
0x00753C,0x00758C,crank_subsystem_init,ida-ai,
0x00758C,0x0075C2,crank_periodic_handler,ida-ai,
0x0075C2,0x0075DE,crank_task_handler,ida-ai,
0x007618,0x007648,crank_event_dispatcher,ida-ai,
0x00767E,0x00768C,crank_state_reset,ida-ai,
0x00768C,0x0076B2,crank_mode_switch,ida-ai,
0x0076DC,0x007748,crank_timer_hw_reset,ida-ai,
0x007748,0x00779C,crank_vars_init,ida-ai,
0x00779C,0x0077CA,crank_timer_enable,ida-ai,
0x007814,0x00789E,crank_timing_update,ida-ai,
0x00789E,0x007AAA,crank_position_state_machine,ida-ai,
0x007AAA,0x007AD6,crank_sync_acquire,ida-ai,
0x007AD6,0x007B26,crank_tooth_validate,ida-ai,
0x007BA8,0x007BB4,crank_state_bytes_clear,ida-ai,
0x007BB4,0x007BE2,crank_event_process,ida-ai,
0x007C00,0x007C08,crank_mode_write,ida-ai,
0x007C08,0x007C30,crank_event_timeout_check,ida-ai,
0x007C30,0x007C54,crank_timing_vars_clear,ida-ai,
0x007E60,0x007ED8,crank_gap_detect,ida-ai,
0x007ED8,0x007EEE,crank_flags_enable,ida-ai,
0x007EEE,0x007F46,crank_task_process,ida-ai,
0x007F46,0x007F66,crank_event_update,ida-ai,
0x007F66,0x007F90,crank_irq_callback,ida-ai,
0x007FB4,0x007FD4,crank_counters_reset,ida-ai,
0x007FD4,0x007FF0,crank_mode_transition,ida-ai,
0x007FF0,0x00808E,crank_period_calc,ida-ai,
0x00808E,0x0080AC,crank_output_update,ida-ai,
0x008114,0x0081A8,crank_event_main_handler,ida-ai,
0x0081CC,0x00828C,ign_channel_task_handler,ida-ai,
0x00828C,0x0082DC,ign_output_port_config,ida-ai,
0x00830A,0x00832A,ign_channels_init_all_6,ida-ai,
0x008358,0x008378,ign_channel_task_B,ida-ai,
0x00837C,0x008402,ign_timing_task_handler,ida-ai,
0x008402,0x0084F6,ign_dwell_task_handler,ida-ai,
0x0084FA,0x0084FE,trampoline_ignition_logic_84fa,ida-ai,
0x0084FE,0x00861C,ign_main_task_handler,ida-ai,
0x00861C,0x0086E4,ign_channel_data_access,ida-ai,
0x0086E4,0x008708,ign_channel_pair_write,ida-ai,
0x008730,0x008754,ign_coil_output_set,ida-ai,
0x008754,0x0087DA,ign_channel_schedule,ida-ai,
0x0087DA,0x008822,ign_channel_single_init,ida-ai,
0x00884C,0x008A90,ign_output_calc_main,ida-ai,
0x008D68,0x008DBE,sensor_process_ch_A,ida-ai,
0x008DBE,0x008DE6,sensor_task_B,ida-ai,
0x008DE6,0x008E20,sensor_interp_dispatch_A,ida-ai,
0x008E20,0x008E60,sensor_interp_dispatch_B,ida-ai,
0x008E60,0x008F1E,sensor_read_and_filter,ida-ai,
0x008F1E,0x008F62,sensor_value_scale,ida-ai,
0x008F62,0x008FB2,sensor_periodic_task_A,ida-ai,
0x008FCC,0x00904E,sensor_adc_convert_chain,ida-ai,
0x00904E,0x009070,sensor_periodic_task_B,ida-ai,
0x009070,0x0090F4,sensor_main_process,ida-ai,
0x009148,0x00914C,trampoline_sensor_read_logic_9148,ida-ai,
0x00914C,0x0091FE,sensor_channel_update,ida-ai,
0x0091FE,0x009444,sensor_interp_calc,ida-ai,
0x009478,0x0094C8,sensor_filter_apply,ida-ai,
0x009528,0x009534,fuel_calc_entry,ida-ai,
0x009534,0x00963A,fuel_calc_per_rotor,ida-ai,
0x009668,0x0096D6,table_2d_interpolate,ida-ai,
0x009878,0x00998A,table_3d_interpolate,ida-ai,
0x0099C4,0x009ACA,table_struct_lookup,ida-ai,
0x009BF8,0x009C18,eeprom_task_handler_A,ida-ai,
0x009C3C,0x009C5C,eeprom_task_handler_B,ida-ai,
0x009CC6,0x009D30,can_tx_abort_and_retry,ida-ai,
0x009D68,0x009D7E,can_msg_prepare_wrapper,ida-ai,
0x009DC2,0x009DD0,can_controller_init_wrapper,ida-ai,
0x009DD8,0x009DFA,can_register_read_write,ida-ai,
0x009F98,0x009FC2,bounded_byte_copy,ida-ai,
0x009FC2,0x00A01E,eeprom_write_verify_bytes,ida-ai,
0x00A038,0x00A072,secondary_boot_main,ida-ai,
0x00A0CE,0x00A0DC,fatal_halt_interrupts_disabled,ida-ai,
0x00A0DC,0x00A0E2,mem_write_a0dc,ida-ai,
0x00A0E2,0x00A0E8,diag_read_a0e2,ida-ai,
0x00A118,0x00A11C,ctrl_nullsub_a118,ida-ai,
0x00A11C,0x00A122,diag_status_a11c,ida-ai,
0x00A122,0x00A128,status_check_trampoline_B,ida-ai,
0x00A436,0x00A46C,can_msg_buffer_read_next,ida-ai,
0x00A478,0x00A486,can_task_init_flags,ida-ai,
0x00A486,0x00A4BC,can_msg_counter_inc_bounded,ida-ai,
0x00A500,0x00A520,can_msg_schedule_handler,ida-ai,
0x00A57C,0x00A5E4,can_periodic_task_handler,ida-ai,
0x00A608,0x00A658,hcan0_mailbox_rotate_enqueue,ida-ai,
0x00A686,0x00A68E,can_task_counter_reset,ida-ai,
0x00A68E,0x00A692,stub_infinite_loop,ida-ai,
0x00A6C0,0x00A6DE,timer1_init_and_start,ida-ai,
0x00A6DE,0x00A6F2,timer1_start_count,ida-ai,
0x00A9F4,0x00AA20,port_b_gpio_toggle_bit,ida-ai,
0x00AA20,0x00AA5A,math_multiply_aa20,ida-ai,
0x00AA74,0x00AAA0,write_to_memory_with_fpu_sync,ida-ai,
0x00AAAC,0x00AB06,init_timer_interrupt_controller,ida-ai,
0x00AB06,0x00AC60,task_scheduler,ida-ai,
0x00AC94,0x00AD34,task_state_mapper,ida-ai,
0x00AD3C,0x00AD5A,read_ign_switch_status,ida-ai,
0x00AD5A,0x00ADCA,engine_startup_initialization,ida-ai,
0x00ADD2,0x00AE50,configure_atuii_timers,ida-ai,
0x00AECC,0x00AEFA,task_scheduler_check_and_sync,ida-ai,
0x00AEFA,0x00AEFE,injector_pulse_width_calculator,ida-ai,
0x00AF10,0x00B04C,rotor_position_synchronization,ida-ai,
0x00B2E4,0x00B3AA,injector_pulse_width_calc,ida-ai,
0x00B3AA,0x00B3D2,atu_injector_enable_update,ida-ai,
0x00B40C,0x00B460,atu_init_base_timer,ida-ai,
0x00B460,0x00B490,atu_set_rotor_boundary,ida-ai,
0x00B4D8,0x00B53C,fuel_pulse_width_calc_saturated,ida-ai,
0x00B568,0x00B57A,sensor_value_copy_dispatch,ida-ai,
0x00B57A,0x00B686,rotor_fuel_calc_dispatcher,ida-ai,
0x00B6BC,0x00B770,hardware_init_serial_timers,ida-ai,
0x00B770,0x00B7CA,serial_can_hardware_init,ida-ai,
0x00B7CA,0x00B7D2,interrupt_state_clear,ida-ai,
0x00B7D2,0x00B882,fuel_calc_task_dispatcher,ida-ai,
0x00BA56,0x00BB28,task_loader_dispatcher,ida-ai,
0x00BB28,0x00BB6C,injector_timing_output_copy,ida-ai,
0x00BB6C,0x00BDB2,can_serial_communication_handler,ida-ai,
0x00BE9C,0x00BEF8,sci4_init_8n1_115200,ida-ai,
0x00BEF8,0x00BF48,sci4_init_8n1_57600_verify,ida-ai,
0x00BF70,0x00BF8C,can_simple_bf70,ida-ai,
0x00BF8C,0x00BFCA,sci4_init_with_wait,ida-ai,
0x00BFCA,0x00C000,can_tx_msg_type2_with_filter,ida-ai,
0x00C000,0x00C02E,can_tx_msg_type1_with_filter,ida-ai,
0x00C02E,0x00C05C,can_tx_msg_type4_with_filter,ida-ai,
0x00C0A8,0x00C10A,test_pbdr_bit11_set_pfdr_filter,ida-ai,
0x00C10A,0x00C170,atu2_init_waveform_config,ida-ai,
0x00C170,0x00C1CC,sci4_tx_bytes_synchronous,ida-ai,
0x00C1FC,0x00C2A6,sci4_rx_word_16bit_synchronous,ida-ai,
0x00C2C0,0x00C2E6,task_msg_enqueue_priority,ida-ai,
0x00C2E6,0x00C31C,task_msg_dispatch_conditional,ida-ai,
0x00C31C,0x00C346,subsys_init_atu2_timer_sensors,ida-ai,
0x00C346,0x00C37C,atu2_tior2c_waveform_init,ida-ai,
0x00C3C8,0x00C446,subsys_init_ram_tables_constants,ida-ai,
0x00C446,0x00C460,atu2_capture_and_clear_irq,ida-ai,
0x00C460,0x00C494,throttle_position_classify,ida-ai,
0x00C508,0x00C59E,lambda_control_closed_loop,ida-ai,
0x00C59E,0x00C656,rpm_limiter_fuel_cutoff,ida-ai,
0x00C98A,0x00CA5A,atu_schedule_event_from_adc,ida-ai,
0x00CC6C,0x00CC84,can_enable_mailbox_int,ida-ai,
0x00CC84,0x00CC9C,can_disable_mailbox_int,ida-ai,
0x00CC9C,0x00CD12,can_get_mailbox_offset_with_mask,ida-ai,
0x00CD12,0x00CD80,can_init_mailbox_irq_mask,ida-ai,
0x00CDC4,0x00CDFA,can_set_mailbox_mode_dlc,ida-ai,
0x00CDFA,0x00CE34,can_set_mailbox_ptr_control,ida-ai,
0x00CE34,0x00CE70,can_set_mailbox_id_mode,ida-ai,
0x00CEF4,0x00CF42,can_pack_tx_msg_copy,ida-ai,
0x00CF42,0x00CF90,can_pack_tx_msg_write_verify,ida-ai,
0x00CF90,0x00CFD4,can_set_mailbox_rx_id,ida-ai,
0x00CFD4,0x00CFF6,can_mailbox_read_data,ida-ai,
0x00CFF6,0x00D098,can_mailbox_extract_msg_data,ida-ai,
0x00D0C0,0x00D0F2,can_get_rx_pending_flags,ida-ai,
0x00D112,0x00D144,can_get_tx_acknowledge_flags,ida-ai,
0x00D144,0x00D164,baro_sensor_value,ida-ai,
0x00D164,0x00D17A,can_get_mailbox_offset_high,ida-ai,
0x00D198,0x00D1AC,can_get_mailbox_offset_low,ida-ai,
0x00D1AC,0x00D1BA,can_get_mailbox_config,ida-ai,
0x00D1E6,0x00D204,can_clear_txpr_and_init_mailbox,ida-ai,
0x00D204,0x00D226,can_clear_txcr_and_init_mailbox,ida-ai,
0x00D3D4,0x00D3DC,port_read_write_helper,ida-ai,
0x00D3DC,0x00D446,fuel_air_bilinear_interpolation,ida-ai,
0x00D478,0x00D48E,timer_adc_to_float_converter,ida-ai,
0x00D4B6,0x00D4FA,boot_rom_validation_controller,ida-ai,
0x00D4FA,0x00D526,rom_table_primary_validator,ida-ai,
0x00D526,0x00D550,rom_table_secondary_validator,ida-ai,
0x00D58E,0x00D630,memory_init_with_checksum_validate,ida-ai,
0x00D650,0x00D666,checksum_failure_flag_check,ida-ai,
0x00D666,0x00D676,reset_all_status_flags,ida-ai,
0x00D6A0,0x00D6E4,hcan_init_and_status_check,ida-ai,
0x00D6E4,0x00D704,hcan_status_check_trampoline,ida-ai,
0x00D704,0x00D782,memory_checksum_validator_runner,ida-ai,
0x00D7B0,0x00D844,secondary_peripheral_initializer,ida-ai,
0x00D844,0x00D8A6,dmac_and_timer_controller_setup,ida-ai,
0x00D8E0,0x00D90C,memory_pattern_validator,ida-ai,
0x00D90C,0x00D932,alignment_boundary_validator,ida-ai,
0x00D97C,0x00D9A2,fpu_context_save_restore,ida-ai,
0x00D9A2,0x00D9AA,fpu_control_reset,ida-ai,
0x00D9AA,0x00D9AE,ctrl_nullsub_d9aa,ida-ai,
0x00D9AE,0x00D9B6,mem_start_d9ae,ida-ai,
0x00DC8C,0x00DD2C,fuel_ignition_interp_loop,ida-ai,
0x00DD2C,0x00DD30,trampoline_ram_init_zero_dd2c,ida-ai,
0x00DD30,0x00DD76,pcm_init_sequence,ida-ai,
0x00DD76,0x00DD80,main_periodic_task,ida-ai,
0x00DDF0,0x00DE8E,pcm_fault_check_and_clear,ida-ai,
0x00DE8E,0x00DEF2,fuel_controller_de8e,ida-ai,
0x00E074,0x00E0D4,can_tx_queue_retry_all,ida-ai,
0x00E0D4,0x00E0DE,sensor_copy_reg_to_io,ida-ai,
0x00E0DE,0x00E10A,sensor_check_float_bounds_adjust,ida-ai,
0x00E10A,0x00E170,diac_flag_check_and_set,ida-ai,
0x00E1A0,0x00E202,diag_flag2_e1a0,ida-ai,
0x00E202,0x00E24A,diag_flag3_e202,ida-ai,
0x00E24A,0x00E2AE,diag_flag4_e24a,ida-ai,
0x00E2D0,0x00E2D8,mem_flag_e2d0,ida-ai,
0x00E2D8,0x00E2E0,mem_flag_e2d8,ida-ai,
0x00E2E0,0x00E2E8,mem_flag_e2e0,ida-ai,
0x00E2E8,0x00E2F0,mem_flag_e2e8,ida-ai,
0x00E2F8,0x00E312,pwm_reset_on_crank_event,ida-ai,
0x00E312,0x00E37C,ignition_trim_table_lookup,ida-ai,
0x00E37C,0x00E38C,coil_pwm_init,ida-ai,
0x00E38C,0x00E43C,ignition_advance_limiter,ida-ai,
0x00E448,0x00E450,flag_set_coil_event,ida-ai,
0x00E450,0x00E46A,coil_charge_enabled_query,ida-ai,
0x00E470,0x00E492,fuel_pressure_increase_step,ida-ai,
0x00E492,0x00E4B4,intake_temp_increase_step,ida-ai,
0x00E4B4,0x00E4D8,idle_target_increase_step,ida-ai,
0x00E4D8,0x00E4FC,o2_target_increase_step,ida-ai,
0x00E50C,0x00E534,coolant_temp_out_of_range_check,ida-ai,
0x00E540,0x00E564,output_enable_conditional_check,ida-ai,
0x00E56C,0x00E6D2,multi_sensor_fault_check,ida-ai,
0x00E6D8,0x00E6DC,branch_to_fuel_pressure_proc,ida-ai,
0x00E6DC,0x00E6EC,crank_gated_fuel_pressure_proc,ida-ai,
0x00E6EC,0x00E726,fuel_pressure_calc_with_interpolation,ida-ai,
0x00E726,0x00E756,multi_channel_fpu_accumulate,ida-ai,
0x00E78C,0x00E7F8,engine_load_correction_calc,ida-ai,
0x00E7F8,0x00EB5C,ignition_timing_calc_E7F8,ida-ai,
0x00EBA8,0x00F022,air_fuel_ratio_calc,ida-ai,
0x00F05C,0x00F0E2,sensor_fault_state_handler,ida-ai,
0x00F0FC,0x00F11A,crank_event_init_io,ida-ai,
0x00F11A,0x00F192,cold_start_rpm_limiter,ida-ai,
0x00F192,0x00F358,rpm_limiter_main,ida-ai,
0x00F534,0x00F544,purge_flow_counter_init,ida-ai,
0x00F544,0x00F5B4,purge_control_state_update,ida-ai,
0x00F5B4,0x00F5DC,purge_flow_decrement,ida-ai,
0x00F5DC,0x00F5E2,purge_state_query,ida-ai,
0x00F6E8,0x00F748,ignition_table_unpack_all_rotors,ida-ai,
0x00F770,0x00FA90,knock_detection_processing,ida-ai,
0x00FA90,0x00FB60,injection_pulse_decoder_main,ida-ai,
0x00FB60,0x00FB68,mem_flag_fb60,ida-ai,
0x00FB68,0x00FBB6,injection_channel_init_all,ida-ai,
0x00FBB6,0x00FBDC,fuel_inject_pulse_per_rotor,ida-ai,
0x00FBF8,0x00FC8A,fuel_pulse_width_decoder,ida-ai,
0x00FC8A,0x00FC9E,pulse_filter_update,ida-ai,
0x00FC9E,0x00FCA6,pulse_filter_done_flag,ida-ai,
0x00FCA6,0x00FCD2,pulse_period_filter,ida-ai,
0x00FCD2,0x00FCE6,fuel_compute_fcd2,ida-ai,
0x00FCE6,0x00FE24,injection_timing_calculator,ida-ai,
0x00FE24,0x00FF76,injection_timing_filter_mask,ida-ai,
0x01014C,0x010188,diag_run_all_tests,ida-ai,
0x01019C,0x0101A2,get_fuel_cut_request_status,ida-ai,
0x0101A2,0x0101A8,read_iacv_duty,ida-ai,
0x0101A8,0x0101CA,check_injector_event_state,ida-ai,
0x0101CA,0x010230,fuel_injector_multiplexed_control,ida-ai,
0x010230,0x01026E,init_injector_event_flags,ida-ai,
0x010408,0x010444,lookup_timing_event_table,ida-ai,
0x010444,0x01048C,calc_fuel_pressure_div,ida-ai,
0x0104C8,0x0104CE,read_fuel_pump_freq_control,ida-ai,
0x0104E0,0x0105B0,init_rotor_sync_injection_table_ch0,ida-ai,
0x0105B0,0x01061A,init_rotor_sync_injection_table_ch1,ida-ai,
0x01061A,0x010620,sensor_filter_apply_all,ida-ai,
0x010620,0x0108E4,fuel_injector_pulse_calc,ida-ai,
0x0108E4,0x0109FA,sensor_fault_detect_rotor_selectivity,ida-ai,
0x0109FA,0x010A02,write_iacv_neutral_status,ida-ai,
0x010A02,0x010A56,sensor_read_all_channels,ida-ai,
0x010A5C,0x010A88,calc_manifold_pressure_error_clamp_10A5C,ida-ai,
0x010A88,0x010A9E,calc_manifold_pressure_error_diff_10A88,ida-ai,
0x010A9E,0x010B96,sensor_select_adaptive_filter_ch,ida-ai,
0x010B96,0x010D20,sensor_rotor_pair_adaptive_select,ida-ai,
0x010D20,0x010DAC,sensor_rotor_A_process_and_filter,ida-ai,
0x010DC8,0x010F30,status_flags_byte_pack,ida-ai,
0x0110A8,0x01111A,coil_output_dispatcher_0x110A8,c-lift,
0x011140,0x011166,calc_fuel_cut_flags_merged,ida-ai,
0x011166,0x01117A,calc_traction_control_mode,ida-ai,
0x01117A,0x011198,init_rotor_status_flags,ida-ai,
0x011198,0x011206,calc_sensor_pressure_value,ida-ai,
0x011206,0x01120A,sensor_return_11206,ida-ai,
0x01120A,0x011218,read_injector_duration_scaled,ida-ai,
0x011218,0x01127E,apply_rotor_correction_factor,ida-ai,
0x01130E,0x01150E,calc_batch_fuel_injection_map,ida-ai,
0x01150E,0x011522,write_fuel_cut_flag_trim,ida-ai,
0x011794,0x0117B4,read_prev_rotor_pair_status,ida-ai,
0x0117B4,0x0117F8,calc_fuel_trims_adaptive,ida-ai,
0x0117F8,0x01181E,calc_rotor_sync_error_pid,ida-ai,
0x01181E,0x0118CE,calc_fuel_delivery_cycle_matrix,ida-ai,
0x011A34,0x011A9C,calc_lambda_feedback_pid,ida-ai,
0x011A9C,0x011B70,calc_base_ignition_timing_11A9C,ida-ai,
0x011B70,0x011BC0,calc_knock_retard_filter,ida-ai,
0x011BC0,0x011C5E,calc_fuel_pressure_feedback,ida-ai,
0x011DCC,0x011DF8,read_iacv_target_duty,ida-ai,
0x011DF8,0x011E12,calc_iacv_opening_angle,ida-ai,
0x011E12,0x011E6E,calc_iacv_duty_feedback,ida-ai,
0x011E6E,0x011E94,read_radiator_fan_state,ida-ai,
0x011E94,0x011EE2,calc_fuel_pressure_control_pid,ida-ai,
0x011EEA,0x011F1A,calc_fuel_pump_pwm_output,ida-ai,
0x0121CC,0x0121DA,diag_check_121cc,ida-ai,
0x0121F0,0x012304,calc_spark_advance,ida-ai,
0x01237C,0x012490,calc_spark_advance,ida-ai,
0x012508,0x01251A,read_intake_pressure_target_const_12508,ida-ai,
0x01251A,0x01252C,read_intake_pressure_target_alt_1251A,ida-ai,
0x01252C,0x0125DA,calc_intake_pressure_pid_output_1252C,ida-ai,
0x01261C,0x0126CA,calc_vis_solenoid_duty_cycle_1261C,ida-ai,
0x0126CA,0x0126DA,add_fuel_pressure_correction,ida-ai,
0x0126DA,0x0126EA,add_rotor_timing_offset,ida-ai,
0x0126EA,0x0127DE,calc_rotor_A_pressure_load,ida-ai,
0x0127DE,0x0128C4,calc_rotor_B_pressure_load,ida-ai,
0x0128C4,0x0128FE,write_knock_detected_flag,c-lift,
0x0128FE,0x012938,write_rotor_A_knock_flag,c-lift,
0x012938,0x012A48,calc_combustion_chamber_temp,ida-ai,
0x012A48,0x012B48,calc_rotor_B_knock_flag,c-lift,
0x012B54,0x012B5E,write_o2_sensor_trim,ida-ai,
0x012B5E,0x012B70,calc_rotor_sync_idle_gate_A,ida-ai,
0x012B70,0x012BC8,calc_rotor_sync_solenoid_A,ida-ai,
0x012BC8,0x012C8C,calc_rotor_sync_idle_gate_B,ida-ai,
0x012C8C,0x012EF2,calc_fuel_correction_all_modes,ida-ai,
0x012EF2,0x012F5E,calc_transient_fuel_enrichment,ida-ai,
0x012F5E,0x013070,calc_idle_speed_target,ida-ai,
0x013070,0x01308C,read_engine_speed_status,ida-ai,
0x0130B8,0x01321C,calc_exhaust_gas_temp_trim,ida-ai,
0x01321C,0x01332C,calc_secondary_o2_trim,ida-ai,
0x01332C,0x0133A4,calc_maf_sensor_flow,ida-ai,
0x0133F8,0x01345C,calc_vehicle_speed_filter,ida-ai,
0x01345C,0x0135D4,calc_throttle_position_filter,ida-ai,
0x0135E4,0x0135F6,copy_controller_state_to_a716_a717,ida-ai,
0x0135F6,0x013652,calc_fuel_pump_duty_trim,ida-ai,
0x013652,0x0136AE,calc_evap_purge_duty,ida-ai,
0x0136F0,0x01377C,calc_fuel_trim_correction_map,ida-ai,
0x01379C,0x013880,calc_adaptive_fuel_trim,ida-ai,
0x0138CC,0x0139B0,calc_accel_fuel_enrichment,ida-ai,
0x013A0E,0x013A5E,calc_ignition_advance_modifier,ida-ai,
0x013A5E,0x013A86,calc_rotor_sync_base_A,ida-ai,
0x013A86,0x013AAE,calc_rotor_sync_base_B,ida-ai,
0x013AE8,0x013B90,calc_intake_manifold_trim,ida-ai,
0x013B90,0x013BCE,calc_fuel_cutoff_logic,ida-ai,
0x013C2C,0x013CFC,calc_ignition_all_rotors_13C2C,ida-ai,
0x013D3C,0x013E28,calc_fuel_injection_all_rotors,ida-ai,
0x013E6C,0x013ED2,calc_fuel_pump_control_output,ida-ai,
0x013ED2,0x013EE6,compare_select_two_float_values,ida-ai,
0x013EE6,0x013F1E,calc_fuel_pressure_load_compensation,ida-ai,
0x013F58,0x013F68,write_pressure_sensor_bias,ida-ai,
0x013F68,0x013FCC,calc_barometric_pressure_trim,ida-ai,
0x013FCC,0x01408C,calc_intake_air_temp_compensation,ida-ai,
0x01408C,0x0140A4,read_fuel_pressure_feedback_status,ida-ai,
0x0140A4,0x01412A,calc_fuel_pressure_error_integral,ida-ai,
0x01412A,0x01414A,read_o2_sensor_voltage_trim,ida-ai,
0x01418C,0x0141B8,calc_lambda_integration_time,ida-ai,
0x0141B8,0x014220,calc_closed_loop_fuel_status,ida-ai,
0x014220,0x014296,calc_wot_fuel_enrichment,ida-ai,
0x0142E8,0x01435E,calc_cold_start_fuel_enrichment,ida-ai,
0x01437C,0x0143CE,calc_engine_temp_fuel_trim,ida-ai,
0x0143EC,0x01443E,calc_cyl_A_fuel_pulse_width,ida-ai,
0x014464,0x014496,calc_rotor_B_fuel_pulse_width,ida-ai,
0x014496,0x0144C8,calc_deadband_fuel_trim,ida-ai,
0x0144C8,0x014524,calc_rotor_sequence_map,ida-ai,
0x014584,0x014722,calc_all_rotor_timings,ida-ai,
0x014722,0x014742,calc_fuel_trim_correction_rotor_A,ida-ai,
0x014742,0x01475A,calc_fuel_trim_correction_rotor_B,ida-ai,
0x01475A,0x014784,calc_intake_pressure_target_high_load_1475A,ida-ai,
0x0148A8,0x01490E,calc_spark_advance_offset_map,ida-ai,
0x01490E,0x014944,calc_ignition_system_diagnostics,ida-ai,
0x014944,0x014962,calc_knock_control_enable,ida-ai,
0x014962,0x01498C,calc_fuel_pump_priming,ida-ai,
0x01498C,0x01499C,priority_dispatch_task_0x10,ida-ai,
0x01499C,0x0149A2,trampoline_fpu_sensor_read_1,ida-ai,
0x0149A2,0x0149A8,trampoline_fpu_sensor_read_2,ida-ai,
0x0149A8,0x0149C0,priority_dispatch_rotor_sync_injection_ch1,ida-ai,
0x014A3C,0x014A58,write_enable_flag_to_ram_a798,ida-ai,
0x014A5C,0x014A92,fpu_conditional_accumulate_pair_ch0,ida-ai,
0x014A92,0x014AC8,fpu_conditional_accumulate_pair_ch1,ida-ai,
0x014AF4,0x014B04,init_flags_a7ac_a7ae_a7ad,ida-ai,
0x014B04,0x014B08,mem_incomplete_14b04,ida-ai,
0x014B08,0x014B6A,sensor_range_limit_with_accumulation,ida-ai,
0x014B8C,0x014BA0,fpu_multiply_accumulate_filter_a7b0,ida-ai,
0x014BAC,0x014C04,dual_channel_fuel_computation,ida-ai,
0x014C2C,0x014E92,rotary_fuel_enrichment_controller,ida-ai,
0x014E92,0x014FD0,load_profile_accumulator,ida-ai,
0x014FF8,0x0151FC,manifold_pressure_limiter_14FF8,ida-ai,
0x015254,0x01531E,load_bias_table_interpolator,ida-ai,
0x015354,0x015B00,manifold_pressure_calc_main_15354,ida-ai,
0x015B00,0x015C1C,multi_table_fuel_compensation,ida-ai,
0x015C1C,0x015CEC,channel_idle_fuel_controller,ida-ai,
0x015D28,0x015D64,rotary_chamber_balance_calc,ida-ai,
0x015D82,0x0161EC,fuel_pressure_calc,ida-ai,
0x016244,0x016254,add_float_to_ram_a898,ida-ai,
0x016288,0x0162CE,read_adc_write_to_ram_a89c,ida-ai,
0x0162E4,0x016466,spark_timing_boundary_limiter,c-lift,
0x016466,0x01663C,dual_rotor_sync_controller,ida-ai,
0x016640,0x016658,divide_float_write_to_a8a8,ida-ai,
0x016668,0x0166DE,secondary_fuel_trimmer,ida-ai,
0x016710,0x01671A,copy_rotor_sync_status_to_a8cf,ida-ai,
0x01671A,0x0168BE,fuel_controller_1671a,ida-ai,
0x0168BE,0x01695A,diag_secondary_168be,ida-ai,
0x01695A,0x0169D2,fuel_activation_1695a,ida-ai,
0x016A08,0x016A1C,math_accumulator_16a08,ida-ai,
0x016A28,0x016A30,init_unity_to_a8d8,ida-ai,
0x016A30,0x016A74,load_blend_factor_limiter,ida-ai,
0x016A94,0x016AA8,idle_processing_dispatch,ida-ai,
0x016AA8,0x016B56,engine_control_main_loop,ida-ai,
0x016B56,0x016B5C,fpu_init_and_float_ops,ida-ai,
0x016B5C,0x016B62,fpu_load_zero_and_ops,ida-ai,
0x016BE8,0x016C8A,spark_advance_calc_0x16BE8,c-lift,
0x016CBC,0x016D04,init_string_buffer_copy,ida-ai,
0x016E08,0x016E38,readImmoBit_a,ida-ai,
0x016F0C,0x016F3E,solenoid_control_branch_0x16F0C,ida-ai,
0x016F70,0x016FA2,solenoid_control_branch_0x16F70,ida-ai,
0x016FAC,0x016FEA,timing_output_scalar_setup,ida-ai,
0x017510,0x017700,fuel_pump_control_0x17510,ida-ai,
0x017700,0x0177A6,exhaust_port_control,ida-ai,
0x0177A6,0x017952,intake_air_control_0x177A6,ida-ai,
0x017952,0x017A40,torque_calc_with_damping,ida-ai,
0x017A68,0x017B24,rotor_position_feedback_control,ida-ai,
0x017B24,0x017B30,ctrl_continuation_17b24,ida-ai,
0x017DCC,0x017E20,cooling_fan_control_0x17DCC,ida-ai,
0x017E20,0x017E5E,solenoid_reset_sequence,ida-ai,
0x017E5E,0x017EA2,zero_solenoid_outputs,ida-ai,
0x017F08,0x017F1C,timing_and_control_update,ida-ai,
0x017F1C,0x017F7C,main_engine_cycle_10ms,ida-ai,
0x017F7C,0x017F94,transmission_shift_control,ida-ai,
0x017F94,0x017FB2,exhaust_system_control,ida-ai,
0x017FCA,0x017FDE,diagnostic_mode_reset,ida-ai,
0x017FDE,0x017FF2,sensor_data_reset,ida-ai,
0x018054,0x0181E8,idle_speed_control_18054,ida-ai,
0x018214,0x018222,init_state_flags,ida-ai,
0x018222,0x018240,solenoid_init_sequence,ida-ai,
0x018240,0x01825E,solenoid_hold_pattern,ida-ai,
0x01825E,0x018552,rotor_position_state_machine,ida-ai,
0x018552,0x018844,omp_stepper_waveform_driver,ida-ai,
0x018860,0x0189EE,omp_waveform_state_machine_18860,ida-ai,
0x0189EE,0x018BF8,rotor_sync_position_detector,ida-ai,
0x018C08,0x018C5C,omp_diag_rotor_18C08,ida-ai,
0x018C5C,0x018C6C,sensor_transition_18c5c,ida-ai,
0x018C6C,0x018CA6,omp_wave_reload_18C6C,ida-ai,
0x018CC0,0x018DBC,omp_rotor_overshoot_detector_18CC0,ida-ai,
0x018DF0,0x018E42,diagnostic_output_verify,ida-ai,
0x018ECC,0x018F98,omp_enable_output_18ECC,ida-ai,
0x018F98,0x018FE6,canister_purge_control,ida-ai,
0x019000,0x0190A6,knock_margin_limiter_primary,ida-ai,
0x0190A6,0x019102,engine_load_estimator,ida-ai,
0x01913C,0x019190,air_fuel_ratio_feedback_calc,ida-ai,
0x019190,0x0191E2,air_charge_calc_0x19190,ida-ai,
0x019220,0x01940E,calc_spark_lead_trail_split_19220,c-lift,
0x019420,0x019450,isr_system_19420,ida-ai,
0x019450,0x019480,isr_system_19450,ida-ai,
0x019480,0x0197B8,exhaust_oxygen_control_19480,ida-ai,
0x0197B8,0x019896,fuel_rail_pressure_state_machine,ida-ai,
0x019898,0x01994C,engine_temp_range_check,ida-ai,
0x019984,0x019AD8,knock_sensor_voltage_limit_check,ida-ai,
0x019AD8,0x019BCA,intake_temp_range_check,ida-ai,
0x019BCA,0x019DDE,spark_advance_limiter_19BCA,ida-ai,
0x019DDE,0x019E60,idle_speed_range_validator,ida-ai,
0x019E98,0x019EF2,fuel_trim_decay_controller,ida-ai,
0x019F08,0x019F30,cmp_sensor_signal_processor,ida-ai,
0x019F30,0x019F3A,adc_read_temperature_input_0x1A000,ida-ai,
0x019F3A,0x019F42,trampoline_fuel_pump_control_19f3a,ida-ai,
0x019F42,0x019F5A,crank_rpm_to_float_converter,ida-ai,
0x019F5A,0x019F64,load_adc_thermistor_value,ida-ai,
0x019F64,0x019F96,thermistor_conditional_load,ida-ai,
0x019F96,0x019FC0,pulse_width_modulator_error_handler,ida-ai,
0x019FC0,0x019FDC,throttle_position_adc_reader,ida-ai,
0x01A024,0x01A040,ign_orientation_1a024,ida-ai,
0x01A040,0x01A066,vehicle_lateral_acceleration_calc,ida-ai,
0x01A066,0x01A084,longitudinal_accel_derivative_calc,ida-ai,
0x01A084,0x01A0AA,vertical_accel_derivative_calc,ida-ai,
0x01A0AA,0x01A0C8,rollover_detection_accel_check,ida-ai,
0x01A0C8,0x01A41A,spark_advance_calc_main_1A0C8,ida-ai,
0x01A41A,0x01A466,fuel_injector_error_calc,ida-ai,
0x01A4A4,0x01A762,combustion_efficiency_estimator,ida-ai,
0x01A762,0x01A782,rtos_calibration_1a762,ida-ai,
0x01A782,0x01A79C,ign_channel_1a782,ida-ai,
0x01A7CC,0x01A7F4,calculateKeyOnTime_a,ida-ai,
0x01A7F4,0x01A81A,calculateKeyOffTime_a,ida-ai,
0x01A832,0x01A840,ignition_coil_dispatcher,ida-ai,
0x01A840,0x01A95C,engine_control_module_init,ida-ai,
0x01A95C,0x01A9A0,after_start_fuel_enrichment_task,ida-ai,
0x01A9A0,0x01A9CA,ignition_timing_priority_dispatcher,ida-ai,
0x01A9CA,0x01AA18,engineControlGetAir_a,ida-ai,
0x01AA18,0x01AA36,idle_control_priority_task,ida-ai,
0x01AB70,0x01ABF4,coil_charging_control_task,ida-ai,
0x01ABF4,0x01AC0C,transmission_control_priority_task,ida-ai,
0x01AC0C,0x01ACDE,main_output_control_task,ida-ai,
0x01ACDE,0x01AD26,secondary_emission_control_task,ida-ai,
0x01AE24,0x01AED2,main_fuel_control_output_task,ida-ai,
0x01AED2,0x01AF02,pressure_delta_monitor_1AED2,ida-ai,
0x01AF02,0x01AF68,primary_sensor_monitoring_task,ida-ai,
0x01AF68,0x01AF80,stability_control_priority_task,ida-ai,
0x01AF80,0x01AFB0,secondary_sensor_trimming_task,ida-ai,
0x01AFB0,0x01AFEE,power_stage_monitor_init,ida-ai,
0x01AFEE,0x01B01A,output_stage_control_init,ida-ai,
0x01B01A,0x01B020,coil_charge_control_flag_set,ida-ai,
0x01B13C,0x01B164,output_buffer_initializer_loop,ida-ai,
0x01B164,0x01B184,output_buffer_reverse_writer,ida-ai,
0x01B184,0x01B192,buffer_sample_broadcaster,ida-ai,
0x01B192,0x01B236,rpm_saturated_increment_handler,ida-ai,
0x01B270,0x01B2CA,math_accumulator_sqrt_loop,ida-ai,
0x01B2CA,0x01B36E,engine_resonance_filter_calculator,ida-ai,
0x01B36E,0x01B392,knock_detection_audio_filter,ida-ai,
0x01B3EA,0x01B3F4,o2_sensor_transfer_function,ida-ai,
0x01B3F4,0x01B46E,knock_sensor_filter_processor,ida-ai,
0x01B49C,0x01B4B0,knock_threshold_initializer,ida-ai,
0x01B4B0,0x01B4F8,fuel_correction_saturation_check,ida-ai,
0x01B4F8,0x01B54C,idle_correction_saturation_check,ida-ai,
0x01B56C,0x01B594,crank_enable_status_checker,ida-ai,
0x01B594,0x01B59E,crank_flag_propagator,ida-ai,
0x01B5A8,0x01B61A,fuel_pump_speed_controller,ida-ai,
0x01B61A,0x01B624,fuel_pressure_reference_loader,ida-ai,
0x01B654,0x01B6FE,resonance_frequency_adaptive_filter,ida-ai,
0x01B748,0x01BA0E,knock_margin_state_machine,ida-ai,
0x01BA2C,0x01BB94,load_based_spark_mapper,ida-ai,
0x01BB94,0x01BCAE,temperature_dependent_spark_limiter,ida-ai,
0x01BCD0,0x01BCE8,rpm_load_interpolator,ida-ai,
0x01BCE8,0x01BD04,fuel_offset_selector,ida-ai,
0x01BD20,0x01BD4C,intake_port_timing_monitor,ida-ai,
0x01BD4C,0x01BDBE,exhaust_port_timing_controller,ida-ai,
0x01BDD4,0x01BDF0,interp_load_trim_compensate_1BDD4,ida-ai,
0x01BDF0,0x01BE08,float_lookup_output_store_ad94,ida-ai,
0x01BE08,0x01BF24,sensor_slew_rate_filter,ida-ai,
0x01BF44,0x01BFD2,init_adc_read_channels_1BF44,ida-ai,
0x01BFD2,0x01C022,read_adc_all_channels_1BFD2,ida-ai,
0x01C022,0x01C068,sensor_calc_latch_first,ida-ai,
0x01C0E0,0x01C0FA,ram_mirror_value_copies,ida-ai,
0x01C0FA,0x01C386,closed_loop_dual_integrator,ida-ai,
0x01C386,0x01C652,fan_control_limit_calc_1C386,ida-ai,
0x01C690,0x01C896,combustion_quality_monitor_1C690,ida-ai,
0x01C8D4,0x01C9B4,oxygen_sensor_correction_calc_1C8D4,ida-ai,
0x01C9B4,0x01CA08,fuel_injection_pulse_control_1C9B4,ida-ai,
0x01CA9E,0x01CC42,idle_speed_control_1CA9E,ida-ai,
0x01CC42,0x01CC80,intake_pressure_control_1CC42,ida-ai,
0x01CCD8,0x01CD28,sensor_init_clear_values_1CCD8,ida-ai,
0x01CD28,0x01CD32,fuel_trim_output_apply_1CD28,ida-ai,
0x01CD32,0x01CD5A,fuel_detection_1cd32,ida-ai,
0x01CDB4,0x01CDBE,single_param_output_1CDB4,ida-ai,
0x01CDBE,0x01CDC6,fuel_output_apply_direct_1CDBE,ida-ai,
0x01CDC6,0x01CDDE,interp_load_to_float_1CDC6,ida-ai,
0x01CDDE,0x01CDE8,lookup_constant_value_1CDDE,ida-ai,
0x01CDE8,0x01CE02,math_conditional_1cde8,ida-ai,
0x01CE02,0x01CE2C,knock_sensor_value_correct_1CE02,ida-ai,
0x01CE2C,0x01CF28,pressure_drop_calc_1CE2C,ida-ai,
0x01D03C,0x01D068,init_control_values_1D03C,ida-ai,
0x01D068,0x01D080,array_init_zeros_small_1D068,ida-ai,
0x01D0A6,0x01D0C4,array_init_zeros_dual_1D0A6,ida-ai,
0x01D0C4,0x01D0D0,reset_control_state_1D0C4,ida-ai,
0x01D2B0,0x01D318,timing_advance_control_1D2B0,ida-ai,
0x01D318,0x01D32E,complex_combustion_calc_1D318,ida-ai,
0x01D32E,0x01D434,fuel_control_1d32e,ida-ai,
0x01D434,0x01D7B8,combustion_feedback_calc_1D434,ida-ai,
0x01DB78,0x01DD62,fuel_enrichment_control_1DB78,ida-ai,
0x01DDB0,0x01E10E,transmission_load_control_1DDB0,ida-ai,
0x01E10E,0x01E222,vtec_timing_control_1E10E,ida-ai,
0x01E222,0x01E31E,variable_timing_logic_1E222,ida-ai,
0x01E31E,0x01E506,transmission_controller_1E31E,ida-ai,
0x01E506,0x01E5DC,rpm_fuel_cutoff_control_1E506,ida-ai,
0x01E5F8,0x01E6B6,fuel_trim_update_control_1E5F8,ida-ai,
0x01E6B6,0x01E794,ignition_timing_output_1E6B6,ida-ai,
0x01E794,0x01E7DA,error_condition_check_1E794,ida-ai,
0x01E820,0x01EBC0,wankel_rotary_control_1E820,ida-ai,
0x01EC10,0x01ECF4,secondary_fuel_calc_1EC10,ida-ai,
0x01ED40,0x01ED92,fan_speed_calc_1ED40,ida-ai,
0x01EDB0,0x01EFAE,multi_sensor_fault_check_1EDB0,ida-ai,
0x01EFB4,0x01EFCC,ram_address_setup_1EFB4,ida-ai,
0x01EFCC,0x01F014,fuel_coldstart_cell_loop_write,ida-ai,
0x01F014,0x01F052,fuel_output_1f014,ida-ai,
0x01F078,0x01F374,sensor_validation_monitor_1F078,ida-ai,
0x01F38C,0x01F786,adaptive_control_logic_1F38C,ida-ai,
0x01F786,0x01F81A,rotor_position_fault_check_1F786,ida-ai,
0x01F844,0x01F8AE,fuel_trim_correction_1F844,ida-ai,
0x01F8E0,0x01F99A,combustion_control_loop_1F8E0,ida-ai,
0x01F99A,0x01FA24,coolant_temp_boundary_check_1F99A,ida-ai,
0x01FA24,0x01FA86,engine_load_control_1FA24,ida-ai,
0x01FAEA,0x01FC32,ignition_timing_safety_check_1FAEA,ida-ai,
0x01FC32,0x01FD66,oil_temp_burn_control_1FC32,ida-ai,
0x01FD74,0x01FD8E,auxiliary_sensor_enable_1FD74,ida-ai,
0x01FD8E,0x01FFBA,rotary_engine_combustion_analysis_1FD8E,ida-ai,
0x020008,0x0205F2,rotary_combustion_chamber_control_20008,ida-ai,
0x0205F2,0x020A30,wankel_chamber_pressure_analysis_205F2,ida-ai,
0x020A90,0x020C64,knock_detection_control_20A90,ida-ai,
0x020C8C,0x020E46,apex_seal_detonation_control_20C8C,ida-ai,
0x020E7C,0x02100A,rotary_combustion_efficiency_20E7C,ida-ai,
0x02100A,0x02116A,rotor_sync_gate_state_ctrl_2100A,ida-ai,
0x021190,0x0211BA,manifold_pressure_calc_21190,ida-ai,
0x0211CC,0x0211DC,fuel_injection_duty_cycle_211CC,ida-ai,
0x0211DC,0x0213D0,sequential_fuel_injection_211DC,ida-ai,
0x0213D0,0x02155E,adaptive_ignition_table_213D0,ida-ai,
0x021588,0x02159A,input_byte_copy_aada_aadb,ida-ai,
0x02159A,0x021702,rotary_intake_air_temp_2159A,ida-ai,
0x02170C,0x02186E,rotary_exhaust_char_sensor_2170C,ida-ai,
0x02186E,0x0219FA,variable_port_timing_2186E,ida-ai,
0x021A18,0x021A64,air_fuel_ratio_check_21A18,ida-ai,
0x021A64,0x021AFA,lambda_sensor_multi_calc_21A64,ida-ai,
0x021B40,0x021BA4,fuel_rail_pressure_limiter_21B40,ida-ai,
0x021BB8,0x021C14,main_engine_control_dispatcher_21BB8,ida-ai,
0x021C14,0x021C40,control_system_init_seq_21C14,ida-ai,
0x021C40,0x021C90,task_scheduler_controller_21C40,ida-ai,
0x021C90,0x021DD2,fuel_processor_21c90,ida-ai,
0x021DD2,0x021DEA,diagnostic_mode_controller_21DD2,ida-ai,
0x021DEA,0x021E0E,injector_event_dispatcher_21DEA,ida-ai,
0x021F3C,0x021F5A,fuel_system_init_seq_21F3C,ida-ai,
0x021F9E,0x021FDA,sensor_acquisition_loop_21F9E,ida-ai,
0x021FDA,0x02204C,combustion_control_pipeline_21FDA,ida-ai,
0x02204C,0x022094,ignition_timing_pipeline_2204C,ida-ai,
0x022094,0x022148,main_fuel_control_pipeline_22094,ida-ai,
0x022148,0x022166,knock_monitoring_pipeline_22148,ida-ai,
0x022166,0x022190,temperature_monitoring_pipeline_22166,ida-ai,
0x0222AC,0x0222C4,tps_acquisition_dispatcher_222AC,ida-ai,
0x0222C4,0x0222DC,maf_sensor_dispatcher_222C4,ida-ai,
0x0222DC,0x0222EA,fpu_zero_init_routine_222DC,ida-ai,
0x0222EA,0x0222F8,secondary_output_init_222EA,ida-ai,
0x0222F8,0x022310,ignition_schedule_dispatcher_222F8,ida-ai,
0x022334,0x0223F6,intake_charge_control_22334,ida-ai,
0x022434,0x0224F6,exhaust_charge_control_22434,ida-ai,
0x022534,0x02257A,float_map_3pt_calc,ida-ai,
0x02259C,0x0225A2,direct_branch_to_torque_calc_2259C,ida-ai,
0x0225A2,0x0225BA,torque_dispatcher_225A2,ida-ai,
0x0225C8,0x0226C2,ssvControl,ida-ai,
0x022700,0x0227AC,gear_ratio_compensation_22700,ida-ai,
0x0227AC,0x022924,transmission_torque_calc_227AC,ida-ai,
0x022924,0x02294A,intake_pressure_compensation_22924,ida-ai,
0x022984,0x022988,ctrl_nullsub_22984,ida-ai,
0x022988,0x0229AC,fuel_dispatcher_22988,ida-ai,
0x0229C0,0x0229C6,injector_timing_scheduler_229C0,ida-ai,
0x0229C6,0x022A02,main_task_dispatch_229C6,ida-ai,
0x022A02,0x022A20,debug_log_task_dispatch_22A02,ida-ai,
0x022A50,0x022B1A,fault_gated_float_out,ida-ai,
0x022B1A,0x022BC6,spark_advance_limiter_22B1A,ida-ai,
0x022BC6,0x022D0A,spark_timing_enable_check_22BC6,ida-ai,
0x022D38,0x022F4C,idle_speed_control_task_22D38,ida-ai,
0x023084,0x02308A,startup_warmup_init_23084,ida-ai,
0x02308A,0x0230B4,fuel_injection_main_task_2308A,ida-ai,
0x0230D0,0x0231B0,air_fuel_ratio_check_230D0,ida-ai,
0x02334C,0x02335A,float_add_simple_2334C,ida-ai,
0x023374,0x023378,ctrl_nullsub_23374,ida-ai,
0x023378,0x02339C,ignition_timing_control_task_23378,ida-ai,
0x0233B0,0x02346C,knock_sensor_filter_233B0,ida-ai,
0x02346C,0x0236C8,engine_load_calculation_2346C,ida-ai,
0x023710,0x023718,mem_mode_23710,ida-ai,
0x023718,0x023804,vis_intake_control_23718,ida-ai,
0x023850,0x023A38,ign_timing_limit_check_23850,ida-ai,
0x023A38,0x023B62,fuel_pressure_control_23A38,ida-ai,
0x023B62,0x023B9C,math_threshold_23b62,ida-ai,
0x023BF0,0x023D50,intake_pressure_feedback_correction_23BF0,ida-ai,
0x023D58,0x023D82,knock_retard_apply_23D58,ida-ai,
0x023D90,0x023DC2,init_all_subsystems_23D90,ida-ai,
0x023DC8,0x023EB8,engine_control_master_task_23DC8,ida-ai,
0x023EB8,0x023ED6,intake_pressure_sub_task_23EB8,ida-ai,
0x023ED6,0x023EF0,sensor_init_sequence_23ED6,ida-ai,
0x023EF0,0x023EFE,diag_routine_23ef0,ida-ai,
0x023FD0,0x023FD8,set_intake_target_flag_23FD0,ida-ai,
0x023FD8,0x024026,intake_target_logic_23FD8,ida-ai,
0x024038,0x024234,fuel_injection_basic_24038,ida-ai,
0x024234,0x0243A0,maf_sensor_correction_24234,ida-ai,
0x0243A0,0x0243C6,fuel_calc_delta_update_243A0,ida-ai,
0x024440,0x0244EA,injector_checksum_validation_24440,ida-ai,
0x024588,0x024596,can_message_handler_24588,ida-ai,
0x024596,0x0245AE,engine_task_dispatcher_24596,ida-ai,
0x0245C2,0x0245EC,auxiliary_control_task_245C2,ida-ai,
0x024614,0x02468C,can_data_encoder_24614,ida-ai,
0x02468C,0x024D96,can_data_decode_2468C,ida-ai,
0x0250F6,0x025312,output_diagnostic_flags_250F6,ida-ai,
0x025312,0x02595C,fuel_system_health_check_25312,ida-ai,
0x0259C0,0x0259E8,cool_fan_control_logic_259C0,ida-ai,
0x0259E8,0x025CAA,oxygen_sensor_monitor_259E8,ida-ai,
0x025CD4,0x025CDC,intake_pressure_zero_25CD4,ida-ai,
0x025CDC,0x025CF6,fuel_pressure_storage_25CDC,ida-ai,
0x025CF6,0x025D02,intake_target_zero_25CF6,ida-ai,
0x025D02,0x025D26,rpm_to_float_conversion_25D02,ida-ai,
0x025D26,0x025DAA,afr_correction_bias_25D26,ida-ai,
0x025DAA,0x025DDA,feedback_control_filter_25DAA,ida-ai,
0x025E28,0x025E36,engine_state_transition_25E28,ida-ai,
0x025E36,0x025E4C,diag_detection_25e36,ida-ai,
0x025E4C,0x025ED2,counter_decrement_logic_25E4C,ida-ai,
0x025F7C,0x025FC0,rpm_scaling_calculation_25F7C,ida-ai,
0x02602C,0x026072,pump_control_output_2602C,ida-ai,
0x026072,0x0260C8,table_lookup_dispatcher_26072,ida-ai,
0x02610A,0x026114,counter_increment_a_2610A,ida-ai,
0x026114,0x02611E,counter_increment_b_26114,ida-ai,
0x02611E,0x0261D0,pump_prime_watchdog_2611E,ida-ai,
0x026208,0x02620E,pump_ready_flag_26208,ida-ai,
0x02620E,0x026214,fault_handler_dispatch_2620E,ida-ai,
0x026244,0x026264,pump_prime_wrapper_26244,ida-ai,
0x026264,0x02626A,irq_safe_handler_26264,ida-ai,
0x0262FA,0x026342,fuel_pump_rpm_scale_262FA,ida-ai,
0x026374,0x02637C,fuel_control_26374,ida-ai,
0x026380,0x02638E,heater_init_wrapper_26380,ida-ai,
0x02638E,0x0263AE,heater_setup_handler_2638E,ida-ai,
0x0263C8,0x02644A,fuel_control_263c8,ida-ai,
0x02645C,0x026470,load_pressure_reference_2645C,ida-ai,
0x026470,0x02647A,pressure_ref_copy_26470,ida-ai,
0x02647A,0x026498,pressure_delta_abs_filter_2647A,ida-ai,
0x026498,0x0264B6,fuel_accumulator_abs_26498,ida-ai,
0x026506,0x02656C,timer_interrupt_setup_26506,ida-ai,
0x02656C,0x0265B0,speed_measurement_scale_2656C,ida-ai,
0x0265EC,0x026610,fuel_trim_load_265EC,ida-ai,
0x026610,0x026766,secondary_fuel_control_26610,ida-ai,
0x026766,0x02687E,fuel_system_diagnostics_26766,ida-ai,
0x02687E,0x026898,fuel_ready_status_2687E,ida-ai,
0x026898,0x0268C4,fuel_cutoff_check_26898,ida-ai,
0x0268C4,0x0268FC,fuel_transient_limit_268C4,ida-ai,
0x0268FC,0x026992,math_bounds_268fc,ida-ai,
0x026992,0x026A00,math_bounds_26992,ida-ai,
0x026A00,0x026AC8,control_logic_with_fpu_26A00,ida-ai,
0x026AC8,0x026FCA,fuel_integrated_26ac8,ida-ai,
0x026FCA,0x02719A,fpu_control_calc_26FCA,ida-ai,
0x02719A,0x0271B8,fpu_abs_value_calc_2719A,ida-ai,
0x0271B8,0x027322,diag_condition_271b8,ida-ai,
0x02734C,0x02743A,fuel_control_2734c,ida-ai,
0x027480,0x02756E,complex_fpu_calc_27480,ida-ai,
0x0275BC,0x027606,condition_checker_275BC,ida-ai,
0x027614,0x027622,fuel_trim_task_wrapper_27614,ida-ai,
0x027622,0x02766A,fuel_control_task_dispatcher_27622,ida-ai,
0x02766A,0x0276AC,fuel_secondary_task_dispatcher_2766A,ida-ai,
0x0276AC,0x0276C4,value_calc_task_wrapper_276AC,ida-ai,
0x0276C4,0x0276DC,control_algo_task_wrapper_276C4,ida-ai,
0x027738,0x027754,linear_interp_float_27738,ida-ai,
0x027754,0x027764,float_add_27754,ida-ai,
0x027764,0x027774,float_add_27764,ida-ai,
0x027790,0x02779C,register_copy_task_27790,ida-ai,
0x02779C,0x0277DE,bulk_fpu_load_8floats_2779C,ida-ai,
0x0277DE,0x0277EA,mem_read_277de,ida-ai,
0x0277EA,0x027840,table_interp_state_277EA,ida-ai,
0x02786C,0x02789E,state_reset_multi_word_2786C,ida-ai,
0x02789E,0x0278FC,counter_accumulate_2789E,ida-ai,
0x0278FC,0x027960,fpu_multiply_int_convert_278FC,ida-ai,
0x0279F4,0x027A0C,state_init_279F4,ida-ai,
0x027A0C,0x027A36,state_init_27A0C,ida-ai,
0x027A36,0x027A70,decrement_saturated_27A36,ida-ai,
0x027A70,0x027AB0,negate_and_saturate_27A70,ida-ai,
0x027AB0,0x027AD4,fpu_negate_check_27AB0,ida-ai,
0x027AD4,0x027B90,saturation_logic_27AD4,ida-ai,
0x027B90,0x027BA4,fpu_mac_single_27B90,ida-ai,
0x027BA4,0x027D12,math_condition_27ba4,ida-ai,
0x027D12,0x027DD2,timer_engoff_counter_reload,ida-ai,
0x027DD2,0x027DF4,saturated_decrement_27DD2,ida-ai,
0x027DF4,0x027E26,math_conditional_27df4,ida-ai,
0x027E44,0x027EAE,nested_loop_init_27E44,ida-ai,
0x027EAE,0x027EB6,math_wrapper_27eae,ida-ai,
0x027F3A,0x027FD0,conditional_saturate_27F3A,ida-ai,
0x027FD0,0x028126,complex_interpolation_27FD0,ida-ai,
0x028126,0x028148,isr_decrement_28126,ida-ai,
0x028148,0x02817C,temp_saturate_28148,ida-ai,
0x02817C,0x0281B2,diag_condition_2817c,ida-ai,
0x0281DC,0x02824C,multi_condition_saturate_281DC,ida-ai,
0x02824C,0x0282C4,vector_accumulate_2824C,ida-ai,
0x02830C,0x0284D8,math_condition_2830c,ida-ai,
0x0284D8,0x0285B2,vector_lookup_accumulate_284D8,ida-ai,
0x0285F4,0x0287C4,nested_matrix_init_285F4,ida-ai,
0x0287C4,0x02897A,axis_lookup_index_287C4,ida-ai,
0x02897A,0x028AF2,complex_interpolation_2897A,ida-ai,
0x028AF2,0x028CD8,bilinear_interpolate_28AF2,ida-ai,
0x028CD8,0x028D82,eshaft_learn_state_update,ida-ai,
0x028DA0,0x028E10,math_conditional_28da0,ida-ai,
0x028E10,0x028E46,diag_condition_28e10,ida-ai,
0x028E6C,0x028E84,data_copy_init_28E6C,ida-ai,
0x028E84,0x028E9C,helper_utility_28E84,ida-ai,
0x028E9C,0x028EAA,helper_utility_28E9C,ida-ai,
0x028EAA,0x028F04,helper_utility_28EAA,ida-ai,
0x028F04,0x028F46,helper_utility_28F04,ida-ai,
0x028F84,0x029168,helper_utility_28F84,ida-ai,
0x029168,0x0291E4,helper_utility_29168,ida-ai,
0x029218,0x029270,helper_utility_29218,ida-ai,
0x029270,0x0292D0,helper_utility_29270,ida-ai,
0x0292FC,0x029312,helper_utility_292FC,ida-ai,
0x029312,0x029328,fpu_float_broadcast_29312,ida-ai,
0x029328,0x029404,interp_bilinear_fpu_blend_29328,ida-ai,
0x029450,0x02952A,interp_bilinear_fpu_blend_v2_29450,ida-ai,
0x029574,0x0295AC,init_dispatcher_sequence_29574,ida-ai,
0x0295AC,0x0295D2,init_dispatcher_v2_295AC,ida-ai,
0x0295D2,0x0296E6,fuel_algorithm_295d2,ida-ai,
0x0296E6,0x02971C,interpolation_dispatch_296E6,ida-ai,
0x02971C,0x029758,fuel_system_reset_dispatcher_2971C,ida-ai,
0x029758,0x029776,fuel_saturation_29758,ida-ai,
0x029776,0x02978E,fuel_dispatcher_29776,ida-ai,
0x02978E,0x0297A6,fuel_dispatch_2978e,ida-ai,
0x0297A6,0x0297BA,rtos_dispatch_297a6,ida-ai,
0x0297BA,0x0297C0,sensor_machine_297ba,ida-ai,
0x0298F4,0x0298FC,set_ram_flag_298F4,ida-ai,
0x0298FC,0x029904,set_ram_zero_298FC,ida-ai,
0x02990C,0x029938,conditional_reset_ram_2990C,ida-ai,
0x029938,0x029978,counter_saturated_add_29938,ida-ai,
0x029978,0x0299BE,counter_saturated_add_v2_29978,ida-ai,
0x0299D4,0x0299DA,set_ram_constant_299D4,ida-ai,
0x0299DA,0x029A04,incr_counter_saturated_299DA,ida-ai,
0x029A04,0x029A0C,set_ram_zero_29A04,ida-ai,
0x029A0C,0x029A44,set_ram_zero_29A0C,ida-ai,
0x029A44,0x029A5E,set_ram_constant_29A44,ida-ai,
0x029A5E,0x029A68,ram_copy_byte_29A5E,ida-ai,
0x029A68,0x029A72,ram_copy_byte_29A68,ida-ai,
0x029A72,0x029A7A,set_ram_zero_29A72,ida-ai,
0x029A7A,0x029AA0,conditional_ram_flag_29A7A,ida-ai,
0x029B4C,0x029B88,fpu_compare_axis_lookup_29B4C,ida-ai,
0x029BB8,0x029BD8,fpu_init_constant_29BB8,ida-ai,
0x029BE8,0x029C12,lookup_table_indexed_29BE8,ida-ai,
0x029C12,0x029C1A,set_ram_constant_29C12,ida-ai,
0x029C1A,0x029C42,counter_saturated_add_29C1A,ida-ai,
0x029C42,0x029C9C,set_ram_constant_29C42,ida-ai,
0x029CE0,0x029D24,set_ram_constant_29CE0,ida-ai,
0x029D24,0x029E50,update_ram_state_variable_29D24,ida-ai,
0x029E50,0x029E5A,set_ram_constant_29E50,ida-ai,
0x029E5A,0x029E84,counter_saturated_decrement_29E5A,ida-ai,
0x029E98,0x029E9C,ram_copy_byte_29E98,ida-ai,
0x029E9C,0x029EC6,table_lookup_dispatch_29E9C,ida-ai,
0x029EC6,0x029EEE,buffer_unpack_bytes_29EC6,ida-ai,
0x029EEE,0x029F5C,bitfield_extract_shift_29EEE,ida-ai,
0x029F66,0x029F90,counter_decrement_saturate_29F66,ida-ai,
0x029FCC,0x029FD2,ram_init_fffe_29FCC,ida-ai,
0x029FFC,0x02A004,ram_init_zero_29FFC,ida-ai,
0x02A044,0x02A05E,interpolation_sequence_init_2A044,ida-ai,
0x02A05E,0x02A09C,interp_axis_lookup_clamp_2A05E,ida-ai,
0x02A09C,0x02A0A4,ram_write_fffe1_2A09C,ida-ai,
0x02A0A4,0x02A120,interp_axis_lookup_clamp_2A0A4,ida-ai,
0x02A120,0x02A160,axis_lookup_limit_check_2A120,ida-ai,
0x02A168,0x02A1E0,fpu_conditional_negate_abs_2A168,ida-ai,
0x02A23C,0x02A242,ram_write_fffe_2A23C,ida-ai,
0x02A242,0x02A26C,counter_check_dispatch_2A242,ida-ai,
0x02A26C,0x02A274,counter_init_zero_2A26C,ida-ai,
0x02A274,0x02A2A8,can_frame_staging_copy_2A274,ida-ai,
0x02A2A8,0x02A2F6,rtos_sequential_2a2a8,ida-ai,
0x02A2F6,0x02A300,ram_byte_copy_2A2F6,ida-ai,
0x02A300,0x02A30A,ram_byte_copy_2A300,ida-ai,
0x02A30A,0x02A314,ram_byte_copy_2A30A,ida-ai,
0x02A314,0x02A31E,ram_byte_copy_2A314,ida-ai,
0x02A31E,0x02A328,ram_byte_copy_2A31E,ida-ai,
0x02A360,0x02A3E2,sensor_status_byte_pack,ida-ai,
0x02A3EC,0x02A4BC,scale_fpu_axis_normalize_2A3EC,ida-ai,
0x02A4BC,0x02A55E,fpu_complement_shift_axis_2A4BC,ida-ai,
0x02A736,0x02A740,fpu_load_constant_2A736,ida-ai,
0x02A740,0x02A76A,fpu_compare_axis_lookup_2A740,ida-ai,
0x02A896,0x02A8E4,math_conditional_2a896,ida-ai,
0x02A8E4,0x02A93A,combustion_state_flag_calc_2A8E4,ida-ai,
0x02AA1A,0x02AA4E,knock_control_state_check_2AA1A,ida-ai,
0x02AA4E,0x02AA82,fuel_secondary_2aa4e,ida-ai,
0x02AAB0,0x02AAB6,ram_state_init_reset_2AAB0,ida-ai,
0x02AAB6,0x02AAE0,counter_decrement_2AABB,ida-ai,
0x02AAE0,0x02AAE8,counter_decrement_2AAE0,ida-ai,
0x02AAE8,0x02AB28,counter_decrement_2AAE8,ida-ai,
0x02AB28,0x02AB56,math_executor_2ab28,ida-ai,
0x02AB56,0x02AB60,ram_word_copy_2AB56,ida-ai,
0x02AB60,0x02AB6A,ram_word_copy_2AB60,ida-ai,
0x02AB6A,0x02AB74,ram_word_copy_2AB6A,ida-ai,
0x02AB74,0x02AC9E,counter_saturate_decrement_2AB74,ida-ai,
0x02ACD2,0x02AD96,sensor_scale_and_index_2ACD2,ida-ai,
0x02AD96,0x02AE04,counter_decrement_clamp_2AD96,ida-ai,
0x02AE04,0x02AE82,fuel_trim_control_query_2AE04,ida-ai,
0x02AE82,0x02AEAA,lambda_sensor_active_check_2AE82,ida-ai,
0x02AEAA,0x02AF44,sensor_secondary_2aeaa,ida-ai,
0x02AF80,0x02AFBA,exhaust_port_condition_2AF80,ida-ai,
0x02AFC8,0x02B070,bitwise_or_write_ram_2AFC8,ida-ai,
0x02B070,0x02B08E,priority_task_dispatch_2B070,ida-ai,
0x02B08E,0x02B0B8,table_axis_increment_2B08E,ida-ai,
0x02B0B8,0x02B0D6,priority_task_dispatch_2B0B8,ida-ai,
0x02B0D6,0x02B136,priority_task_dispatch_2B0D6,ida-ai,
0x02B136,0x02B19C,task_diag_monitor_flags_2B136,ida-ai,
0x02B19C,0x02B1C6,task_throttle_control_2B19C,ida-ai,
0x02B1C6,0x02B1E4,task_semaphore_queue_2B1C6,ida-ai,
0x02B1E4,0x02B1FC,task_fpu_calc_wrapper_2B1E4,ida-ai,
0x02B1FC,0x02B202,trampoline_injection_pulse_calc_2B1FC,ida-ai,
0x02B202,0x02B208,trampoline_accel_tps_comp_2B202,ida-ai,
0x02B320,0x02B820,can_mailbox_verify_all_2B320,ida-ai,
0x02B820,0x02B82A,sensor_read_copy_ram_2B820,ida-ai,
0x02B82A,0x02B86E,fpu_state_preload_2B82A,ida-ai,
0x02B86E,0x02B88A,cond_mem_write_bypass_check_2B86E,ida-ai,
0x02B88A,0x02B8B0,isr_state_2b88a,ida-ai,
0x02B8B0,0x02BCA4,check_multi_threshold_limiter_2B8B0,ida-ai,
0x02BCA4,0x02BDF4,limit_fpu_saturated_increment_2BCA4,ida-ai,
0x02BE14,0x02BE18,ctrl_copy_rom_flag_to_ram_2BE14,ida-ai,
0x02BE18,0x02BE6E,table_lookup_error_accumulate_2BE18,ida-ai,
0x02BF7E,0x02BFA6,sensor_fpu_compare_bounds_2BF7E,ida-ai,
0x02BFA6,0x02BFD2,check_table_threshold_flag_2BFA6,ida-ai,
0x02BFD2,0x02BFFE,check_table_threshold_flag_2BFD2,ida-ai,
0x02BFFE,0x02C048,pack_bytes_to_words_2BFFE,ida-ai,
0x02C048,0x02C052,ctrl_copy_rom_flag_to_ram_2C048,ida-ai,
0x02C0C0,0x02C0C4,ctrl_utility_2C0C0,ida-ai,
0x02C0C4,0x02C12C,ctrl_table_lookup_saturated_accum_2C0C4,ida-ai,
0x02C12C,0x02C13C,counter_init_threshold_2C12C,ida-ai,
0x02C13C,0x02C1A4,counter_decrement_check_2C13C,ida-ai,
0x02C1E0,0x02C274,check_error_threshold_flag_2C1E0,ida-ai,
0x02C2A8,0x02C2BE,fpu_byte_to_float_convert_2C2A8,ida-ai,
0x02C4CC,0x02C4EA,diag_bitfield_2c4cc,ida-ai,
0x02C4EA,0x02C52A,DSC_checkIfMode_x80_a,ida-ai,
0x02C57C,0x02C5B0,DSC_checkIfMode_x40_a,ida-ai,
0x02C5B0,0x02C5CE,DSC_checkIfMode_x20_a,ida-ai,
0x02C5CE,0x02C5EC,DSC_checkIfMode_x10_a,ida-ai,
0x02C5EC,0x02C60A,utility_bitfield_check_2C5EC,ida-ai,
0x02C60A,0x02C63E,ctrl_utility_2C60A,ida-ai,
0x02C63E,0x02C71C,ctrl_utility_2C63E,ida-ai,
0x02C71C,0x02C726,ctrl_utility_2C71C,ida-ai,
0x02C726,0x02C750,counter_saturated_decrement_2C726,ida-ai,
0x02C77C,0x02C780,sensor_read_copy_ram_2C77C,ida-ai,
0x02C780,0x02C7A6,utility_bitfield_check_2C780,ida-ai,
0x02C7A6,0x02C7B0,utility_bitfield_check_2C7A6,ida-ai,
0x02C7BA,0x02C7E4,sensor_read_copy_ram_2C7BA,ida-ai,
0x02C806,0x02C830,counter_saturation_check_2C806,ida-ai,
0x02C838,0x02C848,can_tx_msg_dispatch_2C838,ida-ai,
0x02C848,0x02C88C,can_tx_bitfield_compose_2C848,ida-ai,
0x02C8B0,0x02C90E,adc_sensor_accum_saturate_2C8B0,ida-ai,
0x02C924,0x02C986,adc_sensor_accum_saturate_2C924,ida-ai,
0x02C99C,0x02C9A4,mem_ctrl_2c99c,ida-ai,
0x02C9A4,0x02CA2C,isr_integral_2c9a4,ida-ai,
0x02CA48,0x02CA52,ctrl_utility_2CA48,ida-ai,
0x02CA5C,0x02CA82,fpu_multiply_accumulate_2CA5C,ida-ai,
0x02CB58,0x02CBBA,counter_modulo_saturation_2CB58,ida-ai,
0x02CBBA,0x02CC1C,filter_signal_adaptive_2CBBA,ida-ai,
0x02CC1C,0x02CCA4,check_fuel_pump_relay_enable_2CC1C,ida-ai,
0x02CCA4,0x02CCBC,interp_ign_timing_sensor_2CCA4,ida-ai,
0x02CCBC,0x02CCC4,injector_control_write_2CCBC,ida-ai,
0x02CCC4,0x02CCCC,canbus_checksum_task_2CCC4,ida-ai,
0x02CCCC,0x02CF66,calc_duty_cycle_state_2CCCC_29BE8,ida-ai,
0x02CF80,0x02CFE6,setGearBools_a,ida-ai,
0x02CFE6,0x02D1B0,debounceGearConditionAutoTransMAYBE_a,ida-ai,
0x02D1B0,0x02D23E,check_sensor_validity_threshold_2D1B0,ida-ai,
0x02D23E,0x02D3C6,ctrl_utility_2D23E,ida-ai,
0x02D3FC,0x02D402,ctrl_utility_2D3FC,ida-ai,
0x02D402,0x02D42C,can_tx_periodic_dispatch_2D402,ida-ai,
0x02D42C,0x02D434,can_tx_counter_reset_2D42C,ida-ai,
0x02D434,0x02D45E,can_tx_frame_build_2D434,ida-ai,
0x02D45E,0x02D470,can_tx_prep_msg_staging_2D45E,ida-ai,
0x02D470,0x02D49C,can_tx_dlc_set_2D470,ida-ai,
0x02D49C,0x02D4A4,can_tx_byte_set_zero_2D49C,ida-ai,
0x02D4A4,0x02D4AC,can_tx_ctr_init_2D4A4,ida-ai,
0x02D4E0,0x02D4F8,isr_state_2d4e0,ida-ai,
0x02D4F8,0x02D5BE,throttle_pos_feedback_calc_2D4F8,ida-ai,
0x02D600,0x02D798,fuel_control_2d600,ida-ai,
0x02D798,0x02D856,sensor_error_pid_calc_2D798,ida-ai,
0x02D856,0x02D89C,fpu_normalize_div_2D856,ida-ai,
0x02D89C,0x02D91A,fault_code_dispatch_2D89C,ida-ai,
0x02D91A,0x02D994,fpu_div_dispatch_2D91A,ida-ai,
0x02D994,0x02D9CE,fault_flag_dispatch_2D994,ida-ai,
0x02D9EC,0x02D9F0,ctrl_nullsub_2d9ec,ida-ai,
0x02D9F0,0x02DA5C,operating_condition_check_dispatch_2D9F0,ida-ai,
0x02DAA0,0x02DAB8,fpu_div_speed_normalize_2DAA0,ida-ai,
0x02DAB8,0x02DAD0,fpu_div_load_normalize_2DAB8,ida-ai,
0x02DAD0,0x02DAE8,fpu_div_param_normalize_2DAD0,ida-ai,
0x02DAE8,0x02DB08,calc_correction_delta_2DAE8,ida-ai,
0x02DB08,0x02DB74,knock_control_adaptive_2DB08,ida-ai,
0x02DB74,0x02DB8A,idle_air_control_calc_2DB74,ida-ai,
0x02DB8A,0x02DBA0,ignition_timing_calc_2DB8A,ida-ai,
0x02DBA0,0x02DBCA,sine_approx_calc_2DBA0,ida-ai,
0x02DC28,0x02DC3E,fuel_trims_accumulate_2DC28,ida-ai,
0x02DC3E,0x02DC56,fpu_div_speed_load_2DC3E,ida-ai,
0x02DC56,0x02DC6E,fpu_div_correction_factor_2DC56,ida-ai,
0x02DC6E,0x02DCA4,adaptive_fuel_trim_calc_2DC6E,ida-ai,
0x02DCA4,0x02DCF0,transient_fuel_comp_2DCA4,ida-ai,
0x02DCF0,0x02DD10,math_conditional_2dcf0,ida-ai,
0x02DD64,0x02DD6E,boost_pres_read_store_2DD64,ida-ai,
0x02DD6E,0x02DD88,boost_delta_control_2DD6E,ida-ai,
0x02DD88,0x02DDA6,boost_error_abs_calc_2DD88,ida-ai,
0x02DDD4,0x02DDF6,throttle_limiter_check_2DDD4,ida-ai,
0x02DDF6,0x02DF0A,fuel_correction_2ddf6,ida-ai,
0x02DF0A,0x02DFF0,fuel_correction_2df0a,ida-ai,
0x02E014,0x02E050,rev_limit_check_dispatch_2E014,ida-ai,
0x02E060,0x02E10C,vehicle_speed_limit_control_2E060,ida-ai,
0x02E10C,0x02E1A4,calculateCruiseControlDisableCondition_a,ida-ai,
0x02E1A4,0x02E250,cruiseControlUndershootingPlausibilityMon_a,ida-ai,
0x02E250,0x02E2E8,fuel_accumulator_2e250,ida-ai,
0x02E2E8,0x02E380,cruiseControlOvershootPlausibilityMon_a,ida-ai,
0x02E3AC,0x02E412,brake_control_enable_2E3AC,ida-ai,
0x02E412,0x02E450,brake_enable_dispatch_2E412,ida-ai,
0x02E470,0x02E4C4,engine_load_integral_2E470,ida-ai,
0x02E4C4,0x02E68C,torque_limit_multipoint_2E4C4,ida-ai,
0x02EDEE,0x02EE62,fpu_cond_sensor_readiness_check_2EDEE,ida-ai,
0x02EE62,0x02EF08,fpu_complement_and_thresholds_2EE62,ida-ai,
0x02EF0C,0x02EF42,conditional_flag_set_sensor_state_2EF0C,ida-ai,
0x02EF42,0x02EF64,math_conditional_2ef42,ida-ai,
0x02EF74,0x02EFEA,sensor_status_check_with_limits_2EF74,ida-ai,
0x02EFEA,0x02F136,multi_sensor_validation_with_fpu_2EFEA,ida-ai,
0x02F158,0x02F1B0,math_saturation_2f158,ida-ai,
0x02F1C8,0x02F24E,multi_fault_condition_validator_2F1C8,ida-ai,
0x02F268,0x02F3DA,dual_sensor_range_validator_fpu_2F268,ida-ai,
0x02F3DA,0x02F402,fpu_comparison_conditional_flag_2F3DA,ida-ai,
0x02F418,0x02F426,sensor_check_dispatch_wrapper_2F418,ida-ai,
0x02F426,0x02F434,dual_injector_control_dispatcher_2F426,ida-ai,
0x02F434,0x02F452,priority_task_init_main_2F434,ida-ai,
0x02F452,0x02F51E,priority_task_multi_init_2F452,ida-ai,
0x02F51E,0x02F578,priority_task_alternate_init_2F51E,ida-ai,
0x02F578,0x02F596,priority_task_sensor_check_2F578,ida-ai,
0x02F596,0x02F5A4,task_redirect_adc_read_2F596,ida-ai,
0x02F5A4,0x02F5B2,task_redirect_timer_reset_2F5A4,ida-ai,
0x02F6CC,0x02F70E,uds_bitfield_2f6cc,ida-ai,
0x02F728,0x02F7F4,uds_threshold_2f728,ida-ai,
0x02F830,0x02F9A8,math_threshold_2f830,ida-ai,
0x02F9A8,0x02FA66,aux_monitor_confirm_counter,ida-ai,
0x02FA66,0x02FBB4,complex_fpu_calculations_thresholds_2FA66,ida-ai,
0x02FBB4,0x02FE9E,extended_fpu_threshold_handler_2FBB4,ida-ai,
0x02FED8,0x02FF52,fpu_threshold_gate_control_2FED8,ida-ai,
0x02FF52,0x02FF7C,fpu_gate_compare_conditional_2FF52,ida-ai,
0x02FFA8,0x02FFAE,fuel_bitfield_2ffa8,ida-ai,
0x02FFAE,0x02FFEA,priority_task_complex_init_2FFAE,ida-ai,
0x030068,0x0300CC,setFanOutputGPIO_a,ida-ai,
0x0300EC,0x0300F2,fuel_control_300ec,ida-ai,
0x0300F2,0x03011C,priority_task_port_init_300F2,ida-ai,
0x030138,0x0303A6,multi_sensor_threshold_handler_30138,ida-ai,
0x0303A6,0x0304C6,sensor_threshold_gate_check_303A6,ida-ai,
0x0304E8,0x0306EA,complex_sensor_comparison_handler_304E8,ida-ai,
0x0306F4,0x030714,diag_getacswitchstatus_306f4,ida-ai,
0x03075A,0x0307BA,fuel_bitfield_3075a,ida-ai,
0x0307D4,0x0307E8,fuel_control_307d4,ida-ai,
0x0307E8,0x030818,priority_task_multi_sensor_init_307E8,ida-ai,
0x03085C,0x030888,fpu_multiply_abs_compare_3085C,ida-ai,
0x030888,0x030954,conditional_fpu_accumulate_handler_30888,ida-ai,
0x0309AC,0x030A50,conditional_fpu_threshold_increment_309AC,ida-ai,
0x030A7C,0x030A84,mem_flag_30a7c,ida-ai,
0x030A84,0x030A8C,counter_init_30A84,ida-ai,
0x030A8C,0x030B38,aux_idle_debounce_accumulate,ida-ai,
0x030B38,0x030B5A,counter_limit_check_30B38,ida-ai,
0x030B84,0x030BCA,fpu_interpolation_calc_30B84,ida-ai,
0x030BCA,0x030C06,fpu_div_accumulate_results_30BCA,ida-ai,
0x030C3C,0x030C8C,fpu_complex_calc_sqrt_30C3C,ida-ai,
0x030C8C,0x030CAA,fpu_delta_calc_30C8C,ida-ai,
0x030CAA,0x030CC8,fpu_multiply_accumulate_store_30CAA,ida-ai,
0x030CC8,0x030CDC,fpu_multiply_accumulate_store_30CC8,ida-ai,
0x030D18,0x030DBC,fpu_multi_calc_handler_30D18,ida-ai,
0x030DE8,0x030E7A,fpu_divide_to_coil_output_30DE8,ida-ai,
0x030EA0,0x030F18,fpu_complex_multi_calc_30EA0,ida-ai,
0x030F44,0x030F5A,flag_copy_io_register_30F44,ida-ai,
0x030F5A,0x030F72,conditional_flag_copy_30F5A,ida-ai,
0x030F72,0x030FD4,coil_control_multi_condition_30F72,ida-ai,
0x030FD4,0x031040,conditional_coil_table_handler_30FD4,ida-ai,
0x031088,0x0310D4,fpu_control_calc_31088,ida-ai,
0x0310D4,0x0310FC,conditional_fpu_accumulate_310D4,ida-ai,
0x0310FC,0x031210,coil_output_timing_calc_310FC,ida-ai,
0x031210,0x03126E,conditional_fpu_calc_31210,ida-ai,
0x03126E,0x031292,flag_fpu_conditional_set_3126E,ida-ai,
0x0312D8,0x0314E8,complex_multi_fpu_calc_312D8,ida-ai,
0x0314E8,0x03151A,conditional_fpu_addition_314E8,ida-ai,
0x031558,0x031650,complex_fpu_sqrt_calc_31558,ida-ai,
0x031650,0x03177A,complex_fpu_compare_calc_31650,ida-ai,
0x0317B8,0x031912,extensive_fpu_multi_calc_317B8,ida-ai,
0x031978,0x031DA0,massive_fpu_control_calc_31978,ida-ai,
0x031DC4,0x032170,complex_adaptive_fpu_calc_31DC4,ida-ai,
0x032174,0x032194,port_bitfield_check_sensor_flag_32174,ida-ai,
0x032194,0x0321AC,conditional_port_output_copy_32194,ida-ai,
0x0321B8,0x03234C,extensive_table_based_fpu_calc_321B8,ida-ai,
0x03234C,0x032448,complex_fpu_div_sqrt_accumulate_3234C,ida-ai,
0x0324A0,0x03254C,conditional_fpu_multi_flag_selector_324A0,ida-ai,
0x032574,0x0325A4,fuel_bitfield_32574,ida-ai,
0x0325B8,0x0325C6,task_dispatcher_with_port_write_325B8,ida-ai,
0x0325C6,0x0325EA,priority_multi_task_dispatch_325C6,ida-ai,
0x0325EA,0x032602,priority_task_single_dispatch_325EA,ida-ai,
0x032624,0x032794,multi_threshold_fpu_validation_32624,ida-ai,
0x03279E,0x0327C6,saturated_accumulate_counter_3279E,ida-ai,
0x0327C6,0x0328A0,extensive_multi_threshold_validation_327C6,ida-ai,
0x0328A0,0x032A34,extensive_fpu_threshold_and_calc_328A0,ida-ai,
0x032A68,0x032A8A,fpu_negate_divide_convert_32A68,ida-ai,
0x032A98,0x032A9C,ctrl_nullsub_32a98,ida-ai,
0x032A9C,0x032ACC,priority_multi_function_dispatch_32A9C,ida-ai,
0x032AE8,0x032D4A,extensive_multi_threshold_table_interp_32AE8,ida-ai,
0x032D4A,0x032D86,saturated_counter_threshold_check_32D4A,ida-ai,
0x032D86,0x032DAE,saturated_byte_counter_increment_32D86,ida-ai,
0x032DAE,0x032ECE,extensive_fpu_threshold_selector_32DAE,ida-ai,
0x032F10,0x032F30,diag_bitfield_32f10,ida-ai,
0x032F38,0x032F42,fpu_register_copy_simple_32F38,ida-ai,
0x032F42,0x032F60,fpu_abs_compare_calculation_32F42,ida-ai,
0x032F70,0x032F78,fpu_zero_load_branch_32F70,ida-ai,
0x032F78,0x032F80,sensor_branch_dispatcher_32F78,ida-ai,
0x032F80,0x03303E,extensive_fpu_threshold_validation_32F80,ida-ai,
0x033070,0x033124,extensive_fpu_threshold_calc_33070,ida-ai,
0x033124,0x0331A2,fpu_threshold_condition_check_33124,ida-ai,
0x0331A2,0x0331F4,debounceCruiseControlSET_a,ida-ai,
0x0331F4,0x033280,extensive_multi_condition_check_331F4,ida-ai,
0x0332A8,0x033490,cruiseControlSetRealted_a,ida-ai,
0x033490,0x033788,extensive_multi_fpu_sqrt_calc_33490,ida-ai,
0x033788,0x033826,fpu_multi_condition_validator_33788,ida-ai,
0x033878,0x033914,fpu_multi_condition_validator_33878,ida-ai,
0x03393C,0x033942,counter_initialize_3393C,ida-ai,
0x033942,0x03396C,saturated_counter_dispatcher_33942,ida-ai,
0x03396C,0x033974,counter_reset_simple_3396C,ida-ai,
0x033974,0x03399E,can_message_setup_dispatcher_33974,ida-ai,
0x03399E,0x0339AC,diag_bitfield_3399e,ida-ai,
0x0339AC,0x0339F8,mem_bitfield_339ac,ida-ai,
0x0339F8,0x033A02,port_byte_copy_simple_339F8,ida-ai,
0x033A30,0x033A36,counter_initialize_33A30,ida-ai,
0x033A36,0x033A60,saturated_counter_dispatcher_33A36,ida-ai,
0x033A60,0x033A68,counter_reset_simple_33A60,ida-ai,
0x033A68,0x033A8E,can_message_setup_dispatcher_33A68,ida-ai,
0x033A8E,0x033A98,math_bitfield_33a8e,ida-ai,
0x033A98,0x033AEA,can620_priority_decode_pack,ida-ai,
0x033B9C,0x033BA0,port_byte_copy_simple_33B9C,ida-ai,
0x033BA0,0x033BCA,table_lookup_conditional_dispatch_33BA0,ida-ai,
0x033BCA,0x033BF8,data_array_multi_copy_33BCA,ida-ai,
0x033BF8,0x033C12,data_register_tri_copy_33BF8,ida-ai,
0x033C1C,0x033C46,port_counter_decrement_check_33C1C,ida-ai,
0x033C84,0x033D2A,fpu_threshold_accumulate_divide_33C84,ida-ai,
0x033D60,0x033DC4,fpu_div_conditional_calc_33D60,ida-ai,
0x033DC4,0x033E6E,extensive_fpu_div_multi_calc_33DC4,ida-ai,
0x033EBC,0x033EC6,fpu_register_copy_simple_33EBC,ida-ai,
0x033EC6,0x033F8C,table_based_fpu_selector_33EC6,ida-ai,
0x033FC0,0x0341BA,extensive_fpu_threshold_calc_33FC0,ida-ai,
0x034204,0x0343D6,extensive_fpu_multi_threshold_calc_34204,ida-ai,
0x0343D6,0x03442E,fpu_conditional_selector_calc_343D6,ida-ai,
0x03446C,0x0344BA,fpu_multi_register_copy_3446C,ida-ai,
0x0344BA,0x0344DA,fpu_tri_register_copy_344BA,ida-ai,
0x0344DA,0x0344E2,math_register_344da,ida-ai,
0x0344E2,0x0344F2,counter_multi_reset_344E2,ida-ai,
0x0344FE,0x03452A,fpu_multi_register_swap_344FE,ida-ai,
0x034578,0x034812,extensive_fpu_div_interpolate_34578,ida-ai,
0x034812,0x03488C,linear_fpu_interp_threshold_34812,ida-ai,
0x03488C,0x0348B6,fpu_range_compare_dispatcher_3488C,ida-ai,
0x034904,0x034A80,extensive_fpu_multi_threshold_check_34904,ida-ai,
0x034A80,0x034AD8,saturated_counter_multi_34A80,ida-ai,
0x034B04,0x034C70,extensive_fpu_range_threshold_34B04,ida-ai,
0x034C70,0x034CDE,saturated_counter_threshold_pair_34C70,ida-ai,
0x034CDE,0x034CFA,sensor_change_flag_detector_34CDE,ida-ai,
0x034D30,0x034D3A,port_register_copy_simple_34D30,ida-ai,
0x034D3A,0x034D44,fpu_register_copy_simple_34D3A,ida-ai,
0x034D44,0x034D54,fpu_multiply_calc_simple_34D44,ida-ai,
0x034D54,0x034D88,calculateEngineLoadMax_a,ida-ai,
0x034D88,0x034DAA,fpu_pair_accumulate_calc_34D88,ida-ai,
0x034DAA,0x034E28,fpu_sqrt_conditional_calc_34DAA,ida-ai,
0x034E7C,0x034EE8,fpu_multi_accumulate_conditional_34E7C,ida-ai,
0x034EE8,0x034F5C,fpu_multi_multiply_conditional_34EE8,ida-ai,
0x034FB8,0x03502C,fpu_multi_conditional_calc_34FB8,ida-ai,
0x03502C,0x035096,fpu_filter_with_sqrt_check_3502C,ida-ai,
0x035096,0x0350AC,fpu_conditional_zero_reset_35096,ida-ai,
0x035114,0x035124,state_copy_float_init_35114,ida-ai,
0x035124,0x035150,diag_threshold_35124,ida-ai,
0x035150,0x0351F4,fpu_calc_with_state_routing_35150,ida-ai,
0x035250,0x0352DC,state_dispatch_with_interpolate_35250,ida-ai,
0x0352DC,0x0353AE,fpu_calc_conditional_branch_352DC,ida-ai,
0x0353AE,0x03542C,fpu_calc_with_state_transition_353AE,ida-ai,
0x03542C,0x03544E,conditional_multiply_accum_handler_3542C,ida-ai,
0x03544E,0x035474,float_sub_mul_handler_3544E,ida-ai,
0x0354C4,0x035538,fpu_multi_multiply_accumulate_threshold_354C4,ida-ai,
0x035538,0x03554E,conditional_fpu_zero_load_35538,ida-ai,
0x035590,0x0355AA,fpu_multi_register_copy_35590,ida-ai,
0x0355AA,0x0355E4,saturated_add_conditional_355AA,ida-ai,
0x0355E4,0x035894,extensive_fpu_conditional_threshold_calc_355E4,ida-ai,
0x0358D0,0x035A94,extensive_fpu_multi_calc_selector_358D0,ida-ai,
0x035A94,0x035AAE,conditional_fpu_selector_35A94,ida-ai,
0x035AC4,0x035B42,fpu_range_bitfield_port_control_35AC4,ida-ai,
0x035B64,0x035B6A,wrapper_fpu_range_bitfield_35B64,ida-ai,
0x035B6A,0x035B82,task_priority_dispatch_wrapper_35B6A,ida-ai,
0x035B90,0x035B96,wrapper_fpu_range_bitfield_35B90,ida-ai,
0x035B96,0x035BAE,task_priority_dispatch_wrapper_35B96,ida-ai,
0x035BBC,0x035C40,fuel_control_35bbc,ida-ai,
0x035C64,0x035C84,system_init_config_sequence_35C64,ida-ai,
0x035C84,0x035CA8,task_sensor_fault_dispatch_35C84,ida-ai,
0x035CA8,0x035CAE,wrapper_memory_setup_35CA8,ida-ai,
0x035CAE,0x035CF4,wrapper_memory_setup_35CAE,ida-ai,
0x035EDC,0x035F92,math_machine_35edc,ida-ai,
0x035F92,0x0360E8,ImmoWaitForKey_a,ida-ai,
0x0361C2,0x0362E2,math_conditional_361c2,ida-ai,
0x0362E2,0x03642E,ImmoStateGoodFunc_a,ida-ai,
0x03642E,0x0364D8,ImmoStateInvalidKey_a,ida-ai,
0x0364D8,0x036544,ImmoStateReadyToDriveEngineOff_a,ida-ai,
0x036544,0x03657C,port_control_setup_timer_36544,ida-ai,
0x0365B8,0x0365D6,port_control_reset_timer_365B8,ida-ai,
0x0365D6,0x03664E,lookup_table_bitwise_encode_365D6,ida-ai,
0x03664E,0x036666,ImmoGetSeed_a,ida-ai,
0x0366B8,0x03675C,math_bitwise_366b8,ida-ai,
0x03675C,0x036870,calculateImmoSeed_a,ida-ai,
0x036870,0x0369B8,ImmoGetCANData_a,ida-ai,
0x0369B8,0x036ABC,setImmoCANTXData_369B8,ida-ai,
0x036ABC,0x036AD4,timer_accumulator_function_36ABC,ida-ai,
0x036AFC,0x036BD6,complex_bitwise_counter_timer_36AFC,ida-ai,
0x036BD6,0x036BE6,wrapper_init_function_36BD6,ida-ai,
0x036C1C,0x036CC0,multi_parameter_config_setup_36C1C,ida-ai,
0x036D0C,0x036FC4,state_machine_extensive_dispatcher_36D0C,ida-ai,
0x037000,0x037120,eeprom_commit_dispatcher_37000,ida-ai,
0x037120,0x0371CA,immo_update_state_machine_a,ida-ai,
0x0371E4,0x0372EA,mem_configuration_371e4,ida-ai,
0x037328,0x037348,timer_xor_shift_operation_37328,ida-ai,
0x037348,0x0373C2,immo_eeprom_write_request_02,ida-ai,
0x0373C2,0x03743C,immo_eeprom_write_request_01,ida-ai,
0x0374DE,0x0375EC,fpu_threshold_state_coordinator_374DE,ida-ai,
0x0375EC,0x037626,math_configuration_375ec,ida-ai,
0x037650,0x03769E,counter_increment_validator_37650,ida-ai,
0x03769E,0x0376E4,flag_checker_counter_handler_3769E,ida-ai,
0x0376E4,0x0377C0,timer_counter_multiplier_logic_376E4,ida-ai,
0x0377C0,0x0378DA,sensor_controller_377c0,ida-ai,
0x0378DA,0x037954,immo_eeprom_write_request_09,ida-ai,
0x037980,0x0379FA,immo_eeprom_write_request_08,ida-ai,
0x0379FA,0x037A88,immo_eeprom_write_request_0e,ida-ai,
0x037AB0,0x037B2A,immo_eeprom_write_request_0f,ida-ai,
0x037B2A,0x037B70,timer_encoder_setup_37B2A,ida-ai,
0x037B70,0x037B88,math_register_37b70,ida-ai,
0x037B88,0x037BAE,fuel_dispatcher_37b88,ida-ai,
0x037D4C,0x037DEC,immo_post_unlock_response_1_a,ida-ai,
0x037EBC,0x037F5E,immo_post_unlock_response_2_a,ida-ai,
0x03802E,0x03809C,afterImmo_6_a,ida-ai,
0x038154,0x0381F8,immo_post_unlock_response_3_a,ida-ai,
0x0382BC,0x03835E,immo_post_unlock_response_4_a,ida-ai,
0x0383B4,0x038436,afterImmo_5_a,ida-ai,
0x03850C,0x0385AE,immo_post_unlock_response_7_a,ida-ai,
0x03873E,0x0387C6,afterImmo_8_a,ida-ai,
0x0387C6,0x0387E8,mem_bitfield_387c6,ida-ai,
0x038840,0x038B54,diag_filter_init_can_processor_38840,ida-ai,
0x038B5C,0x038C26,priority_check_can_config_38B5C,ida-ai,
0x038C64,0x038F34,multi_state_can_message_router_38C64,ida-ai,
0x038F58,0x039124,diag_bounds_38f58,ida-ai,
0x039124,0x039170,buffer_copy_integrity_check_39124,ida-ai,
0x039170,0x039254,message_verify_inverted_copy_39170,ida-ai,
0x039254,0x03925A,math_register_39254,ida-ai,
0x03926A,0x0392DE,memory_init_can_transmit_3926A,ida-ai,
0x0392FC,0x039302,trampoline_vdi_address_getter_392fc,ida-ai,
0x039348,0x039384,message_copy_can_handler_39348,ida-ai,
0x039398,0x03939C,trampoline_copy_byte_from_rom_39398,ida-ai,
0x03939C,0x0393D0,init_struct_lookup_handler_3939C,ida-ai,
0x0393D0,0x03940A,copy_8bytes_to_ram_393D0,ida-ai,
0x03940A,0x039414,copy_word_0xFFFFFC534_3940A,ida-ai,
0x039414,0x03941E,copy_byte_from_rom_39414,ida-ai,
0x03941E,0x039448,isr_decrement_3941e,ida-ai,
0x039478,0x03948E,fpu_register_copy_39478,ida-ai,
0x03948E,0x0394DA,fpu_normalize_and_accumulate_3948E,ida-ai,
0x0394DA,0x03950A,fpu_compare_and_mac_394da,ida-ai,
0x03950A,0x0395EA,fpu_multiply_accumulate_with_threshold_3950A,ida-ai,
0x0395EA,0x039658,fpu_conditional_accumulate_395EA,ida-ai,
0x03968C,0x039722,fpu_saturated_multiply_3968c,ida-ai,
0x039722,0x03975E,fpu_multiply_compare_39722,ida-ai,
0x03975E,0x0397EC,counter_update_3975e,ida-ai,
0x0397EC,0x039846,saturated_counter_conditional_397ec,ida-ai,
0x039846,0x03985E,check_coolant_threshold_39846,ida-ai,
0x03985E,0x039876,check_max_injection_threshold_3985E,ida-ai,
0x039876,0x0398A8,error_threshold_monitor_39876,ida-ai,
0x0398A8,0x039A0C,fuel_injection_control_callback_398A8,ida-ai,
0x039A54,0x039C0A,fuel_injection_calibration_39a54,ida-ai,
0x039C0A,0x039C36,fuel_cut_control_39C0A,ida-ai,
0x039C36,0x039C62,rtos_dispatch_39c36,ida-ai,
0x039C84,0x039C98,signal_chain_dispatcher_39c84,ida-ai,
0x039C98,0x039E56,fuel_dispatcher_39c98,ida-ai,
0x039E56,0x039E70,initialization_handler_39e56,ida-ai,
0x039E70,0x039EB2,peripheral_init_dispatcher_39e70,ida-ai,
0x03A01C,0x03A064,calibration_task_dispatcher_3a01c,ida-ai,
0x03A064,0x03A130,sensor_monitoring_dispatcher_3a064,ida-ai,
0x03A130,0x03A18A,diagnostic_task_dispatcher_3a130,ida-ai,
0x03A18A,0x03A1CC,fuel_ignition_task_dispatcher_3a18a,ida-ai,
0x03A1CC,0x03A1F6,interrupt_handler_dispatcher_3a1cc,ida-ai,
0x03A2F8,0x03A6EA,fuel_dispatcher_3a2f8,ida-ai,
0x03A6EA,0x03A72C,task_scheduler_high_priority_3A6EA,ida-ai,
0x03A764,0x03ACF0,fuel_dispatcher_3a764,ida-ai,
0x03ACF0,0x03AD4A,task_scheduler_medium_priority_3ACF0,ida-ai,
0x03AE90,0x03AED8,priority_task_b_3ae90,ida-ai,
0x03AED8,0x03AF38,priority_task_c_3aed8,ida-ai,
0x03AF7E,0x03B052,monitor_task_dispatcher_3af7e,ida-ai,
0x03B14C,0x03B21A,sensor_fault_handler_3b14c,ida-ai,
0x03B2D4,0x03B33A,adaptive_control_task_3b2d4,ida-ai,
0x03B33A,0x03B390,watchdog_handler_3b33a,ida-ai,
0x03B3B4,0x03B3BC,diag_heartbeat_3b3b4,ida-ai,
0x03B3BC,0x03B46A,dtc_snapshot_manager_3b3bc,ida-ai,
0x03B46A,0x03B4FE,error_recovery_handler_3b46a,ida-ai,
0x03B4FE,0x03B5BE,sensor_validation_task_3b4fe,ida-ai,
0x03B5BE,0x03B6A6,motor_control_task_3b5be,ida-ai,
0x03B6A6,0x03B6B0,trampoline_fpu_flag_reset_3b6a6,ida-ai,
0x03B6B0,0x03B6DC,sensor_dispatcher_3b6b0,ida-ai,
0x03B8B0,0x03BA3E,fuel_calc_processor_3b8b0,ida-ai,
0x03BA3E,0x03BAB4,injection_timing_calc_3BA3E,ida-ai,
0x03BAB4,0x03BB10,base_fuel_calc_3BAD4,ida-ai,
0x03BB1C,0x03BC80,temp_compensation_3BC0E,ida-ai,
0x03BC80,0x03BCDC,rpm_limiter_calc_3bc80,ida-ai,
0x03BCF0,0x03BE5C,fuel_correction_3bcf0,ida-ai,
0x03BE5C,0x03BFBE,fuel_cut_logic_3BF70,ida-ai,
0x03BFBE,0x03BFEA,speed_limiter_control_3BFE0,ida-ai,
0x03BFEA,0x03C016,gear_detection_3BFEA,ida-ai,
0x03C038,0x03C058,oil_pressure_check_3C038,ida-ai,
0x03C058,0x03C096,knock_sensor_proc_3C06C,ida-ai,
0x03C096,0x03C0F8,diag_detonation_3c096,ida-ai,
0x03C0F8,0x03C214,idle_control_motor_3C1D8,ida-ai,
0x03C214,0x03C2F8,iat_sensor_3C214,ida-ai,
0x03C2F8,0x03C39A,filter_process_3C2F8,ida-ai,
0x03C39A,0x03C3C6,rtos_accumulator_3c39a,ida-ai,
0x03C3DC,0x03C3FC,diag_threshold_3c3dc,ida-ai,
0x03C3FC,0x03C5D2,throttle_control_logic_3c544,ida-ai,
0x03C5D2,0x03C720,diag_check_service_3c702,ida-ai,
0x03C74C,0x03C762,setup_handler_3C74C,ida-ai,
0x03C762,0x03C78E,fuel_control_3c762,ida-ai,
0x03C78E,0x03C7EA,rtos_feedback_3c78e,ida-ai,
0x03C7FC,0x03C844,initialization_3C7FC,ida-ai,
0x03C844,0x03C86A,parameter_setup_3C844,ida-ai,
0x03C86A,0x03C888,system_task_dispatch_3c880,ida-ai,
0x03C888,0x03C9D0,diag_clamp_3c888,ida-ai,
0x03C9D0,0x03CA10,output_compare_logic_3c9e0,ida-ai,
0x03CA3C,0x03CAEE,signal_filter_update_3cae6,ida-ai,
0x03CAEE,0x03CBD2,fpu_calc_filter_3cb60,ida-ai,
0x03CBD2,0x03CD8E,isr_update_3cbd2,ida-ai,
0x03CDAC,0x03CE6E,fpu_fault_calc_3ce5e,ida-ai,
0x03CE6E,0x03CF08,range_limiter_3CE6E,ida-ai,
0x03CF08,0x03CF48,isr_config_3cf08,ida-ai,
0x03CF48,0x03D106,diag_flow_control_3d0d2,ida-ai,
0x03D124,0x03D150,sensor_encoder_3d124,ida-ai,
0x03D150,0x03D1FC,param_validate_3d192,ida-ai,
0x03D210,0x03D21A,copy_rom_to_ram_ram_addr_3D210,ida-ai,
0x03D21A,0x03D296,memory_loader_3D21A,ida-ai,
0x03D296,0x03D2C2,checksum_validator_3D296,ida-ai,
0x03D2DC,0x03D2EE,flash_handler_3D2DC,ida-ai,
0x03D2EE,0x03D30C,eeprom_controller_3D2EE,ida-ai,
0x03D30C,0x03D43C,state_machine_3d3f4,ida-ai,
0x03D43C,0x03D468,mem_controller_3d43c,ida-ai,
0x03D468,0x03D482,flow_validator_3d46c,ida-ai,
0x03D494,0x03D588,error_bound_check_3d568,ida-ai,
0x03D5AC,0x03D6EA,diag_update_flags_3d680,ida-ai,
0x03D6EA,0x03D746,module_init_3D6EA,ida-ai,
0x03D746,0x03D770,state_dispatch_3d76e,ida-ai,
0x03D788,0x03D884,diag_boundary_3d788,ida-ai,
0x03D8B0,0x03D9EE,limit_saturate_3d9ea,ida-ai,
0x03D9EE,0x03DABE,sensor_delta_monitor_flags,ida-ai,
0x03DAE4,0x03DAFA,isr_reporter_3dae4,ida-ai,
0x03DAFA,0x03DB26,diag_health_3dafa,ida-ai,
0x03DB26,0x03DB82,dtc_status_write_pair_0f16,ida-ai,
0x03DB82,0x03DBAC,fuel_table_lookup_compare_3DB82,ida-ai,
0x03DBCC,0x03DCC0,diag_safety_3dbcc,ida-ai,
0x03DCE4,0x03DE22,fault_verify_3ddc0,ida-ai,
0x03DE22,0x03DE7E,diag_validator_3de22,ida-ai,
0x03DE7E,0x03DEB6,mode_handler_3DE7E,ida-ai,
0x03DED4,0x03DEEE,uds_request_3ded4,ida-ai,
0x03DEEE,0x03E134,ign_processor_3deee,ida-ai,
0x03E134,0x03E166,error_handler_3E134,ida-ai,
0x03E166,0x03E1C2,diag_validation_3e166,ida-ai,
0x03E1F8,0x03E352,uds_protocol_3e1f8,ida-ai,
0x03E36C,0x03E386,message_parser_3E36C,ida-ai,
0x03E386,0x03E39A,uds_command_3e386,ida-ai,
0x03E39A,0x03E510,diag_response_3e39a,ida-ai,
0x03E510,0x03E53C,diag_encoder_3e510,ida-ai,
0x03E53C,0x03E560,mem_header_3e53c,ida-ai,
0x03E580,0x03E58A,mem_checker_3e580,ida-ai,
0x03E58A,0x03E5CE,o2_boost_cond_timer_countdown,ida-ai,
0x03E5CE,0x03E676,fuel_o2_warmup_condition,ida-ai,
0x03E6A4,0x03E6D0,offset_calculator_3E6A4,ida-ai,
0x03E6D8,0x03E6FA,scale_converter_3E6D8,ida-ai,
0x03E6FA,0x03E7E8,complex_calc_3E6FA,ida-ai,
0x03E814,0x03E904,diag_emission_monitor_state,ida-ai,
0x03E904,0x03E95C,uds_iteration_3e904,ida-ai,
0x03E95C,0x03E988,init_accumulation_3e95c,ida-ai,
0x03E994,0x03E9A6,math_finalize_3e994,ida-ai,
0x03E9A6,0x03E9C6,math_formatter_3e9a6,ida-ai,
0x03E9C6,0x03EB3C,extended_calc_3E9C6,ida-ai,
0x03EB3C,0x03EC42,ign_processor_3eb3c,ida-ai,
0x03EC42,0x03EC6E,obd_svc_dispatcher_3EC42,ida-ai,
0x03EC6E,0x03ECCA,dtc_status_write_pair_4873,ida-ai,
0x03ECDC,0x03ED04,fault_code_dispatcher_3ECDC,ida-ai,
0x03ED0C,0x03ED3C,sensor_range_check_3ED0C,ida-ai,
0x03ED3C,0x03ED7C,diag_readvalue_3ed3c,ida-ai,
0x03ED7C,0x03EDBC,diag_readvalue_3ed7c,ida-ai,
0x03EDBC,0x03EE0A,diag_readvalue_3edbc,ida-ai,
0x03EE0A,0x03EE58,timing_correction_3EE0A,ida-ai,
0x03EE58,0x03EE68,injection_pulse_calc_3EE58,ida-ai,
0x03EE68,0x03EE78,dwell_time_calc_3EE68,ida-ai,
0x03EE78,0x03EEB8,spark_advance_3EE78,ida-ai,
0x03EEB8,0x03EEFE,fuel_enrichment_3eeb8,ida-ai,
0x03EEFE,0x03EF3A,accel_tps_comp_3EEFE,ida-ai,
0x03EF3A,0x03EF76,idle_target_calc_3EF3A,ida-ai,
0x03EF90,0x03EFEA,vvt_control_3EF90,ida-ai,
0x03EFEA,0x03F044,fuel_pump_control_3EFEA,ida-ai,
0x03F050,0x03F058,fan_speed_control_3F050,ida-ai,
0x03F164,0x03F16C,boost_pressure_3F164,ida-ai,
0x03F208,0x03F3D0,egr_control_3F208,ida-ai,
0x03F3D8,0x03F3E2,math_indirect_3f3d8,ida-ai,
0x03F3FC,0x03F458,purge_control_3F3FC,ida-ai,
0x03F458,0x03F4B4,aux_relay_control_3F458,ida-ai,
0x03F4B4,0x03F4BC,pwm_output_3F4B4,ida-ai,
0x03F4BC,0x03F4CC,fuel_output_3f4bc,ida-ai,
0x03F4CC,0x03F4D4,diagnostic_output_3F4CC,ida-ai,
0x03F4D4,0x03F4DE,isr_status_3f4d4,ida-ai,
0x03F54C,0x03F586,sensor_control_state_check_3F54C,ida-ai,
0x03F586,0x03F706,fpu_control_calc_3F698,ida-ai,
0x03F706,0x03F748,sensor_threshold_validate_ch0_3F706,ida-ai,
0x03F748,0x03F94E,fpu_accumulate_ch0_3F8C8,ida-ai,
0x03F94E,0x03F976,fpu_accumulate_ch1_3F950,ida-ai,
0x03F976,0x03F99E,sensor_threshold_validate_ch1_3F976,ida-ai,
0x03F99E,0x03FA5E,fpu_accumulate_ch2_3FA54,ida-ai,
0x03FA5E,0x03FA86,sensor_threshold_validate_ch2_3FA5E,ida-ai,
0x03FCC0,0x03FCE0,fuel_coordinator_3fcc0,ida-ai,
0x03FCE0,0x03FCFE,priority_task_dispatch_ch1_3FCE0,ida-ai,
0x03FCFE,0x03FD22,priority_task_dispatch_ch0_3FCFE,ida-ai,
0x03FD22,0x03FD46,priority_task_dispatch_ch2_3FD22,ida-ai,
0x03FD46,0x03FD54,fpu_sensor_dispatch_ch3_3FD46,ida-ai,
0x03FD54,0x03FD5A,isr_machine_3fd54,ida-ai,
0x03FDA4,0x03FDBC,interp_u16_to_float_diag_3FDA4,ida-ai,
0x03FDCC,0x03FE1C,task_state_handler_3FDE4,ida-ai,
0x03FE30,0x03FE70,sensor_limit_check_3FE30,ida-ai,
0x03FE70,0x04009A,obd_mode_handler_40076,ida-ai,
0x0400E4,0x040306,diag_init_sequence_401C2,ida-ai,
0x040306,0x0403C4,obd_response_dispatch_40306,ida-ai,
0x0403CC,0x0403DE,float_state_dispatch_dual_403CC,ida-ai,
0x0403DE,0x0403F8,diag_dispatch_403de,ida-ai,
0x0403F8,0x040444,obd_validation_check_4040E,ida-ai,
0x040470,0x0406D2,control_validation_calc_40678,ida-ai,
0x0406F8,0x04079C,fuel_interp_calc_40748,ida-ai,
0x0407C8,0x04086C,fuel_rotor_sync_40820,ida-ai,
0x04086C,0x04093E,fuel_adaptive_trim_408F2,ida-ai,
0x04093E,0x0409C6,fuel_pressure_control_40974,ida-ai,
0x0409C6,0x040A50,injection_timing_calc_409CE,ida-ai,
0x040A54,0x040AC0,spark_timing_limit_40A64,ida-ai,
0x040AC0,0x040AD4,fpu_init_coefficients_40AC0,ida-ai,
0x040B0C,0x040BC0,knock_control_limit_40B1C,ida-ai,
0x040C00,0x040D86,sensor_processing_40D0E,ida-ai,
0x040D86,0x042476,boost_pressure_feedback_42396,ida-ai,
0x042476,0x042796,fuel_calculation_callback_426A6,ida-ai,
0x042816,0x0428A4,secondary_rotor_calc_42884,ida-ai,
0x0428A4,0x042974,secondary_rotor_validate_428A4,ida-ai,
0x042974,0x0429D0,fuel_interp_secondary_4297A,ida-ai,
0x042A00,0x042A5E,secondary_accel_accumulate_42A00,ida-ai,
0x042A5E,0x042AE0,clutch_control_42A7C,ida-ai,
0x042AE0,0x042B44,fuel_secondary_dispatch_42AE0,ida-ai,
0x042B4C,0x042D1A,transmission_control_42BA6,ida-ai,
0x042D1A,0x042D8E,brake_control_42D20,ida-ai,
0x042DBC,0x042F08,traction_control_42E46,ida-ai,
0x042F08,0x04316A,state_machine_threshold_update,ida-ai,
0x0431A0,0x0433C0,fuel_control_431a0,ida-ai,
0x0433F4,0x043458,intake_valve_control_43408,ida-ai,
0x043458,0x043476,sensor_signal_abs_value_43458,ida-ai,
0x043476,0x0434FA,dtc_status_check_injector_43476,ida-ai,
0x04353C,0x043590,dtc_service_validation_4353C,ida-ai,
0x043590,0x043730,turbo_boost_control_43692,ida-ai,
0x043730,0x043760,calc_sqrt_pressure_43730,ida-ai,
0x043760,0x04387A,dtc_debounce_monitor_43760,ida-ai,
0x04387A,0x04394E,fuel_intercooler_4387a,ida-ai,
0x04394E,0x0439D2,obd_set_dtc_codes_4394E,ida-ai,
0x043A04,0x043B50,compressor_control_43A1E,ida-ai,
0x043B50,0x043BAC,supercharger_control_43B96,ida-ai,
0x043BC4,0x043BE0,sensor_voltage_check_43BC4,ida-ai,
0x043BE4,0x043C4A,ignition_timing_calc_43BE4,ida-ai,
0x043C4A,0x043CB0,air_intake_control_43C8E,ida-ai,
0x043CE4,0x043DB8,air_filter_control_43D72,ida-ai,
0x043DB8,0x043DD0,crank_sensor_data_copy_43DB8,ida-ai,
0x043E00,0x043E60,air_bypass_control_43E4A,ida-ai,
0x043E60,0x043E90,rpm_limiter_calc_43E60,ida-ai,
0x043E90,0x043EB8,knock_sensor_threshold_43E90,ida-ai,
0x043EE8,0x043F56,air_bleed_control_43F20,ida-ai,
0x043F56,0x044076,exhaust_control_43FE8,ida-ai,
0x044076,0x04409E,sensor_signal_calc_44076,ida-ai,
0x04409E,0x0440DE,fuel_pressure_calc_4409E,ida-ai,
0x0440DE,0x04411A,catalyst_control_440F0,ida-ai,
0x04416C,0x044206,fuel_emissions_4416c,ida-ai,
0x044206,0x044294,lambda_control_calc_44206,ida-ai,
0x0442E8,0x044370,fault_code_handler_4436E,ida-ai,
0x044370,0x0443A2,fuel_correction_update_44370,ida-ai,
0x044506,0x04450E,fpu_clear_result_44506,ida-ai,
0x044530,0x0445AA,diag_readiness_44530,ida-ai,
0x0445AA,0x044694,monitor_enable_4463E,ida-ai,
0x044694,0x0446BC,intake_condition_check_44694,ida-ai,
0x0446BC,0x044748,ignition_advance_interp_446BC,c-lift,
0x044748,0x044782,sensor_select_check_44748,ida-ai,
0x044782,0x0447B0,rpm_neutral_calc_44782,ida-ai,
0x0447B0,0x0447E4,idle_correction_interp_447B0,ida-ai,
0x044824,0x04488E,knock_control_calc_44824,c-lift,
0x04488E,0x0448E0,idle_flag_update_4488E,ida-ai,
0x0448E0,0x04490A,injection_count_increment_448E0,ida-ai,
0x04490A,0x044988,fuel_cut_logic_4490A,ida-ai,
0x044988,0x0449BA,crank_inject_count_44988,ida-ai,
0x0449BA,0x044A12,gear_ratio_detect_449BA,ida-ai,
0x044A12,0x044A58,injection_timing_decrement_44A12,ida-ai,
0x044A58,0x044AB2,fuel_trim_boundary_44A58,ida-ai,
0x044AB2,0x044AF4,fuel_enable_logic_44AB2,ida-ai,
0x044B04,0x044B10,fp_sensor_init_44B04,ida-ai,
0x044B10,0x044B1C,fp_sensor_clear_44B10,ida-ai,
0x044B1C,0x044B9A,sensor_range_calc_44B1C,ida-ai,
0x044B9A,0x044C60,sensor_abs_deviation_44B9A,ida-ai,
0x044C64,0x044C6E,tps_interpolate_entry_44C64,ida-ai,
0x044C6E,0x044C86,tps_convert_to_float_44C6E,ida-ai,
0x044C86,0x044CC2,tps_limit_check_44C86,ida-ai,
0x044CE0,0x044CF8,maf_sensor_init_44CE0,ida-ai,
0x044D14,0x044D8E,knock_counter_update_44D14,ida-ai,
0x044D8E,0x044D98,ignition_load_copy_44D8E,ida-ai,
0x044D98,0x044DBE,sensor_delta_calc_44D98,ida-ai,
0x044DF0,0x04502C,omp_fault_detect_44DF0,ida-ai,
0x04504C,0x0455BE,calc_knock_limit_4504C,ida-ai,
0x0455DC,0x045606,diag_mem_clear_455DC,ida-ai,
0x045606,0x04561E,fpu_division_calc_45606,ida-ai,
0x04561E,0x045738,fuel_flow_limiter_4561E,ida-ai,
0x045740,0x045772,dtc_fuel_system_reset_45740,ida-ai,
0x045772,0x0457A2,throttle_position_fault_handler_45772,ida-ai,
0x0457A2,0x0458F4,fuel_injection_monitoring_457A2,ida-ai,
0x0458F4,0x04595E,ignition_fault_monitor_458F4,ida-ai,
0x045984,0x0459B2,fuel_pressure_monitor_reset_45984,ida-ai,
0x0459B2,0x045A4A,fuel_trim_accumulator_459B2,ida-ai,
0x045A6C,0x045B0A,fuel_trim_accumulator_v2_45A6C,ida-ai,
0x045B0A,0x045B1C,fuel_pressure_storage_45B0A,ida-ai,
0x045B3C,0x045B44,fuel_table_init_45B3C,ida-ai,
0x045B44,0x045B6C,fuel_correction_reset_45B44,ida-ai,
0x045B6C,0x045BB4,fuel_flow_limiter_45B6C,ida-ai,
0x045BB4,0x045BEE,fuel_temperature_correction_45BB4,ida-ai,
0x045BEE,0x045C18,fuel_rich_flag_check_45BEE,ida-ai,
0x045C48,0x045C5A,fuel_map_reload_45C48,ida-ai,
0x045C5A,0x045C80,fuel_calc_load_factor_45C5A,ida-ai,
0x045CA0,0x045CD2,fuel_pump_control_45CA0,ida-ai,
0x045CD2,0x045D02,fuel_injector_timing_45CD2,ida-ai,
0x045D02,0x045E78,fuel_vapor_recovery_45D02,ida-ai,
0x045E78,0x045EDA,sensor_o2_heater_control_45E78,ida-ai,
0x045F00,0x045F12,sensor_lambda_monitor_45F00,ida-ai,
0x045F12,0x045F48,sensor_lambda_drift_check_45F12,ida-ai,
0x045F54,0x045F9C,dtc_o2_circuit_fault_45F54,ida-ai,
0x045F9C,0x045FA4,dtc_o2_response_time_45F9C,ida-ai,
0x045FA4,0x045FAC,dtc_o2_slow_response_45FA4,ida-ai,
0x045FAC,0x045FFC,dtc_catalyst_efficiency_45FAC,ida-ai,
0x045FFC,0x046300,dtc_cat_system_monitor_45FFC,ida-ai,
0x046328,0x04634A,can_msg_dispatch_accel_46328,ida-ai,
0x04634A,0x046352,can_msg_dispatch_4634A,ida-ai,
0x046352,0x04635A,can_msg_dispatch_46352,ida-ai,
0x04635A,0x04639A,can_msg_queue_4635A,ida-ai,
0x04639A,0x046504,can_msg_dispatch_fault_4639A,ida-ai,
0x04652C,0x046556,can_msg_dispatch_multi_4652C,ida-ai,
0x046556,0x04656A,can_msg_dispatch_throttle_46556,ida-ai,
0x04656A,0x04657C,can_msg_send_4656A,ida-ai,
0x04657C,0x046682,can_msg_parse_4657C,ida-ai,
0x046682,0x046752,dtc_pending_clear_46682,ida-ai,
0x046780,0x0467AA,dtc_code_set_46780,ida-ai,
0x0467AA,0x0467BE,dtc_code_clear_467AA,ida-ai,
0x0467BE,0x0467D0,dtc_snapshot_store_467BE,ida-ai,
0x0467D0,0x0468D6,obd_freeze_frame_467D0,ida-ai,
0x0468D6,0x0469A6,dtc_misfire_detection_468D6,ida-ai,
0x0469D4,0x046A06,ign_coil_control_469D4,ida-ai,
0x046A06,0x046A0E,ign_spark_timing_46A06,ida-ai,
0x046A0E,0x046A16,ign_timing_table_lookup_46A0E,ida-ai,
0x046A16,0x046A68,ign_knock_control_46A16,ida-ai,
0x046A68,0x046B2E,ign_advance_limiter_46A68,ida-ai,
0x046B2E,0x046B9C,sensor_temp_calc_46B2E,ida-ai,
0x046BCC,0x046BF6,sensor_ect_monitor_46BCC,ida-ai,
0x046BF6,0x046C0A,sensor_iat_monitor_46BF6,ida-ai,
0x046C0A,0x046C1C,sensor_mat_monitor_46C0A,ida-ai,
0x046C1C,0x046C5C,sensor_baro_monitor_46C1C,ida-ai,
0x046C5C,0x046D78,sensor_fuel_level_monitor_46C5C,ida-ai,
0x046DA0,0x046DC2,dtc_p0100_maf_46DA0,ida-ai,
0x046DC2,0x046DCA,dtc_p0110_iat_46DC2,ida-ai,
0x046DCA,0x046DD2,dtc_p0120_tps_46DCA,ida-ai,
0x046DD2,0x046E26,dtc_p0130_o2_46DD2,ida-ai,
0x046E44,0x047046,dtc_p0300_misfire_46E44,ida-ai,
0x047058,0x047066,dtc_p0400_egr_47058,ida-ai,
0x047066,0x0471A2,dtc_p0500_speed_47066,ida-ai,
0x0471A2,0x04725E,dtc_p0600_pwr_471A2,ida-ai,
0x04725E,0x04739A,dtc_p0700_trans_4725E,ida-ai,
0x04739A,0x0474D2,dtc_p0800_reverse_4739A,ida-ai,
0x0474D8,0x0474FA,dtc_fault_logger_474D8,ida-ai,
0x0474FA,0x047502,obd_readiness_monitor_474FA,ida-ai,
0x047502,0x04750A,obd_event_counter_47502,ida-ai,
0x04750A,0x04754A,obd_persistence_4750A,ida-ai,
0x047564,0x0476F6,adaptive_fuel_trim_47564,ida-ai,
0x047704,0x047754,adaptive_ign_timing_47704,ida-ai,
0x047754,0x0477A4,adaptive_idle_47754,ida-ai,
0x0477A4,0x0477C0,adaptive_load_477A4,ida-ai,
0x0477C0,0x0477DA,idle_speed_control_477C0,ida-ai,
0x0477DA,0x047846,idle_speed_calc_477DA,ida-ai,
0x047848,0x04790A,idle_air_control_valve_47848,ida-ai,
0x04790A,0x047912,idle_warm_up_4790A,ida-ai,
0x047912,0x047926,idle_ac_load_47912,ida-ai,
0x047926,0x047940,idle_steering_load_47926,ida-ai,
0x047978,0x0479B0,load_calc_manifold_47978,ida-ai,
0x0479BC,0x0479DE,load_calc_maf_479BC,ida-ai,
0x0479DE,0x0479E6,load_smooth_filter_479DE,ida-ai,
0x0479E6,0x0479EE,load_hysteresis_479E6,ida-ai,
0x0479EE,0x047A2E,load_scale_479EE,ida-ai,
0x047A2E,0x047AC4,rpm_limiter_fuel_cut_47A2E,ida-ai,
0x047AF8,0x047B10,rpm_rev_limiter_47AF8,ida-ai,
0x047B10,0x047DBA,startup_cold_enrichment_47B10,ida-ai,
0x047DBA,0x047EF2,startup_crank_fuel_47DBA,ida-ai,
0x047EF2,0x047F34,startup_prime_pump_47EF2,ida-ai,
0x047F3C,0x047F8C,engine_state_machine_47F3C,ida-ai,
0x047FB0,0x048012,engine_running_check_47FB0,ida-ai,
0x048038,0x048050,engine_load_hysteresis_48038,ida-ai,
0x048050,0x048144,engine_shutdown_cleanup_48050,ida-ai,
0x048144,0x04824E,wankel_port_timing_48144,ida-ai,
0x048258,0x04870E,wankel_fuel_split_48258,ida-ai,
0x04870E,0x048718,wankel_sequential_inj_4870E,ida-ai,
0x048718,0x0487C4,wankel_rotor_sync_48718,ida-ai,
0x0487DC,0x048C12,math_selector_487dc,ida-ai,
0x048C12,0x048C42,math_selector_48c12,ida-ai,
0x048C42,0x048EC4,diag_monitor_enable_timer,ida-ai,
0x048EC4,0x048F6A,ev_fuel_map_lookup_48EC4,ida-ai,
0x048F78,0x048F98,ev_ign_map_lookup_48F78,ida-ai,
0x048F98,0x049074,ev_torque_smooth_48F98,ida-ai,
0x0490B0,0x0490E0,serial_comm_init_490B0,ida-ai,
0x0490E8,0x0490F0,serial_rx_handler_490E8,ida-ai,
0x0490F0,0x0490F8,serial_tx_handler_490F0,ida-ai,
0x0490F8,0x049100,serial_frame_sync_490F8,ida-ai,
0x049100,0x04911E,can_rx_handler_49100,ida-ai,
0x04911E,0x04917E,can_tx_handler_4911E,ida-ai,
0x0491AC,0x049216,can_frame_parse_491AC,ida-ai,
0x049216,0x0496BA,can_filter_apply_49216,ida-ai,
0x0496BA,0x0496E2,spi_eeprom_write_496BA,ida-ai,
0x049700,0x049778,spi_eeprom_read_49700,ida-ai,
0x049778,0x0497B0,spi_eeprom_verify_49778,ida-ai,
0x0497B0,0x04988C,flash_program_497B0,ida-ai,
0x04988C,0x0498DA,flash_erase_4988C,ida-ai,
0x04990C,0x0499F2,flash_checksum_4990C,ida-ai,
0x049A28,0x049A92,mem_copy_safe_49A28,ida-ai,
0x049A92,0x049AC0,mem_clear_49A92,ida-ai,
0x049AC0,0x049AFE,mem_compare_49AC0,ida-ai,
0x049B38,0x049B3C,can_extract_49b38,ida-ai,
0x049B3C,0x049B46,can_bit_49b3c,ida-ai,
0x049B46,0x049B4E,isr_clear_49b46,ida-ai,
0x049B4E,0x049D04,ctrl_toggle_49b4e,ida-ai,
0x049D48,0x049EC0,math_abs_49D48,ida-ai,
0x049ED0,0x049EF2,mem_setter_49ed0,ida-ai,
0x049EFC,0x049FB8,getSpeedLimitCal,ida-ai,
0x049FC4,0x04A020,math_filter_lpf_49FC4,ida-ai,
0x04A020,0x04A07E,math_filter_median_4A020,ida-ai,
0x04A07E,0x04A106,math_sqrt_4A07E,ida-ai,
0x04A106,0x04A162,math_exp_4A106,ida-ai,
0x04A170,0x04A1E4,math_log_4A170,ida-ai,
0x04A20A,0x04A276,crc_calculate_4A20A,ida-ai,
0x04A276,0x04A2B8,crc_verify_4A276,ida-ai,
0x04A2B8,0x04A31A,checksum_calculate_4A2B8,ida-ai,
0x04A31A,0x04A3A4,checksum_verify_4A31A,ida-ai,
0x04A3A4,0x04A564,pwm_duty_calc_4A3A4,ida-ai,
0x04A564,0x04A5F4,pwm_freq_adjust_4A564,ida-ai,
0x04A630,0x04A676,adc_sample_convert_4A630,ida-ai,
0x04A690,0x04A69A,adc_channel_select_4A690,ida-ai,
0x04A69A,0x04A716,adc_trigger_4A69A,ida-ai,
0x04A716,0x04A856,adc_filter_4A716,ida-ai,
0x04A856,0x04A8DE,timer_interrupt_handler_4A856,ida-ai,
0x04A8E8,0x04A970,timer_prescaler_4A8E8,ida-ai,
0x04A970,0x04A9C8,interrupt_priority_4A970,ida-ai,
0x04A9EC,0x04AAC4,interrupt_mask_4A9EC,ida-ai,
0x04AAC4,0x04AB54,interrupt_status_check_4AAC4,ida-ai,
0x04AB5C,0x04ABB4,exception_handler_4AB5C,ida-ai,
0x04ABC4,0x04AC1C,fault_recovery_4ABC4,ida-ai,
0x04AC30,0x04AC3A,watchdog_kick_4AC30,ida-ai,
0x04AC3A,0x04AD96,watchdog_reset_4AC3A,ida-ai,
0x04AD96,0x04ADEA,diag_stack_4ad96,ida-ai,
0x04AE3C,0x04AFEA,memory_protect_4AE3C,ida-ai,
0x04AFEA,0x04B19A,ctrl_invalidate_4afea,ida-ai,
0x04B1B0,0x04B23A,ctrl_cache_4b1b0,ida-ai,
0x04B23A,0x04B28E,boot_loader_check_4B23A,ida-ai,
0x04B28E,0x04B324,boot_firmware_valid_4B28E,ida-ai,
0x04B32C,0x04B354,boot_application_4B32C,ida-ai,
0x04B35C,0x04B364,init_clocks_4B35C,ida-ai,
0x04B364,0x04B3A4,init_pll_4B364,ida-ai,
0x04B3A4,0x04B3CA,init_gpio_4B3A4,ida-ai,
0x04B3CA,0x04B400,init_uart_4B3CA,ida-ai,
0x04B400,0x04B450,init_can_4B400,ida-ai,
0x04B4A0,0x04B4F0,init_spi_4B4A0,ida-ai,
0x04B4F0,0x04B512,init_adc_4B4F0,ida-ai,
0x04B512,0x04B542,init_pwm_4B512,ida-ai,
0x04B542,0x04B57E,init_timer_4B542,ida-ai,
0x04B5A8,0x04B5DE,init_interrupt_4B5A8,ida-ai,
0x04B5DE,0x04B616,init_ram_4B5DE,ida-ai,
0x04B616,0x04B676,init_rom_4B616,ida-ai,
0x04B6A4,0x04B73A,calibration_load_4B6A4,ida-ai,
0x04B73A,0x04B770,calibration_verify_4B73A,ida-ai,
0x04B770,0x04B7CC,fuel_calibration_4b770,ida-ai,
0x04B7CC,0x04B7F8,tune_fetch_parameter_4B7CC,ida-ai,
0x04B804,0x04B828,tune_update_parameter_4B804,ida-ai,
0x04B830,0x04B83A,mem_validate_4b830,ida-ai,
0x04B83A,0x04B864,tune_reset_defaults_4B83A,ida-ai,
0x04B864,0x04B8A4,tune_interpolate_4B864,ida-ai,
0x04B8A4,0x04B8E4,tune_table_lookup_4B8A4,ida-ai,
0x04B8E4,0x04B906,tune_table_write_4B8E4,ida-ai,
0x04B906,0x04B954,tune_checksum_4B906,ida-ai,
0x04B954,0x04BA16,datalog_format_4B954,ida-ai,
0x04BA16,0x04BB68,datalog_write_4BA16,ida-ai,
0x04BB68,0x04BB7A,datalog_read_4BB68,ida-ai,
0x04BBC8,0x04BBD0,datalog_clear_4BBC8,ida-ai,
0x04BBD0,0x04BC2A,debug_output_4BBD0,ida-ai,
0x04BDB8,0x04BDC2,debug_trace_4BDB8,ida-ai,
0x04BDEC,0x04BEC4,debug_breakpoint_4BDEC,ida-ai,
0x04BEF0,0x04BF0C,sensor_state_4bef0,ida-ai,
0x04BF10,0x04BF2A,sensor_restore_4bf10,ida-ai,
0x04BF34,0x04BF3C,state_init_4BF34,ida-ai,
0x04BF3C,0x04BF6E,scheduler_init_4BF3C,ida-ai,
0x04BF78,0x04BFBA,scheduler_execute_4BF78,ida-ai,
0x04BFD8,0x04BFFA,scheduler_suspend_4BFD8,ida-ai,
0x04BFFA,0x04C0AC,scheduler_resume_4BFFA,ida-ai,
0x04C0AC,0x04C1C0,priority_queue_enqueue_4C0AC,ida-ai,
0x04C1EA,0x04C1F4,priority_queue_dequeue_4C1EA,ida-ai,
0x04C24C,0x04C28E,priority_queue_peek_4C24C,ida-ai,
0x04C28E,0x04C2EC,priority_queue_clear_4C28E,ida-ai,
0x04C2EC,0x04C3C6,task_create_4C2EC,ida-ai,
0x04C3C6,0x04C3EC,task_delete_4C3C6,ida-ai,
0x04C3EC,0x04C462,task_suspend_4C3EC,ida-ai,
0x04C4A8,0x04C4CA,task_resume_4C4A8,ida-ai,
0x04C4CA,0x04C4F8,task_yield_4C4CA,ida-ai,
0x04C4F8,0x04C69E,task_wait_4C4F8,ida-ai,
0x04C6C4,0x04C75E,event_set_4C6C4,ida-ai,
0x04C788,0x04C78C,isr_event_4c788,ida-ai,
0x04C78C,0x04C7B2,diag_event_4c78c,ida-ai,
0x04C7B2,0x04C7E6,event_wait_4C7B2,ida-ai,
0x04C7F0,0x04C81A,mutex_lock_4C7F0,ida-ai,
0x04C854,0x04C85A,mutex_unlock_4C854,ida-ai,
0x04C85A,0x04C880,mutex_trylock_4C85A,ida-ai,
0x04C880,0x04C888,semaphore_post_4C880,ida-ai,
0x04C888,0x04C8C2,semaphore_wait_4C888,ida-ai,
0x04C8C2,0x04C904,semaphore_count_4C8C2,ida-ai,
0x04C950,0x04C956,message_queue_init_4C950,ida-ai,
0x04C956,0x04C97C,message_queue_send_4C956,ida-ai,
0x04C97C,0x04C984,message_queue_recv_4C97C,ida-ai,
0x04C984,0x04C9C0,message_queue_peek_4C984,ida-ai,
0x04C9C0,0x04C9F8,message_queue_flush_4C9C0,ida-ai,
0x04CA3C,0x04CA62,logger_init_4CA3C,ida-ai,
0x04CA62,0x04CA9A,logger_write_4CA62,ida-ai,
0x04CA9A,0x04CAEC,logger_flush_4CA9A,ida-ai,
0x04CC32,0x04CD2C,logger_level_set_4CC32,ida-ai,
0x04CD2C,0x04CDE4,fuel_profiler_4cd2c,ida-ai,
0x04CDE4,0x04CE5C,profiler_stop_4CDE4,ida-ai,
0x04CE5C,0x04CFA8,ctrl_profiler_4ce5c,ida-ai,
0x04CFDC,0x04D0B4,sensor_performance_4cfdc,ida-ai,
0x04D0E8,0x04D224,health_check_system_4D0E8,ida-ai,
0x04D250,0x04D26C,health_check_sensors_4D250,ida-ai,
0x04D26C,0x04D2DA,diag_actuators_4d26c,ida-ai,
0x04D2DA,0x04D308,diag_health_4d2da,ida-ai,
0x04D308,0x04D3F6,health_check_memory_4D308,ida-ai,
0x04D3F6,0x04D4AE,fuel_health_4d3f6,ida-ai,
0x04D4C2,0x04DEEA,recovery_attempt_4D4C2,ida-ai,
0x04DEEA,0x04DFD6,fault_injection_test_4DEEA,ida-ai,
0x04DFD6,0x04E026,test_harness_init_4DFD6,ida-ai,
0x04E026,0x04E03E,rtos_test_4e026,ida-ai,
0x04E03E,0x04E04E,test_verify_4E03E,ida-ai,
0x04E0C6,0x04E0D6,diag_report_4e0c6,ida-ai,
0x04E0D6,0x04E122,diag_mode_enter_4E0D6,ida-ai,
0x04E144,0x04E16E,diag_mode_exit_4E144,ida-ai,
0x04E16E,0x04E1C6,diag_read_dtc_4E16E,ida-ai,
0x04E1C6,0x04E1D6,diag_clear_dtc_4E1C6,ida-ai,
0x04E1D6,0x04E226,diag_readiness_status_4E1D6,ida-ai,
0x04E226,0x04E23E,diag_parameter_read_4E226,ida-ai,
0x04E23E,0x04E25E,diag_parameter_write_4E23E,ida-ai,
0x04E2BE,0x04E2C6,diag_vehicle_info_4E2BE,ida-ai,
0x04E2C6,0x04E326,diag_vin_read_4E2C6,ida-ai,
0x04E326,0x04E3BE,diag_calibration_id_4E326,ida-ai,
0x04E3BE,0x04E426,diag_ecu_reset_4E3BE,ida-ai,
0x04E426,0x04E4AE,diag_enable_output_4E426,ida-ai,
0x04E4AE,0x04E4BE,diag_io_control_4E4AE,ida-ai,
0x04E4BE,0x04E526,diag_routine_control_4E4BE,ida-ai,
0x04E526,0x04E54C,diag_request_download_4E526,ida-ai,
0x04E566,0x04E576,diag_data_transfer_4E566,ida-ai,
0x04E576,0x04E6E2,diag_request_upload_4E576,ida-ai,
0x04E6E2,0x04E702,diag_security_access_4E6E2,ida-ai,
0x04E72C,0x04E78A,diag_seed_generate_4E72C,ida-ai,
0x04E78A,0x04E7C6,diag_key_validate_4E78A,ida-ai,
0x04E7C6,0x04E826,diag_session_control_4E7C6,ida-ai,
0x04E860,0x04E904,diag_negative_response_4E860,ida-ai,
0x04E904,0x04E912,diag_response_send_4E904,ida-ai,
0x04E912,0x04E920,diag_frame_complete_4E912,ida-ai,
0x04EDD4,0x04EF0A,ign_timing_monitor_0x4EDD4,ida-ai,
0x04EF24,0x04EF98,combustion_monitor_update_0x4EF24,ida-ai,
0x04EF98,0x04EFA2,load_float_constant_0x4EF98,ida-ai,
0x04EFA2,0x04EFF8,timer_state_debounce_latch,ida-ai,
0x04F02C,0x04F036,copy_float_register_0x4F02C,ida-ai,
0x04F036,0x04F03E,call_float_fn_0x4F036,ida-ai,
0x04F03E,0x04F046,call_float_clamp_0x4F03E,ida-ai,
0x04F046,0x04F05E,math_operation_0x4F046,ida-ai,
0x04F05E,0x04F0CE,diag_update_4f05e,ida-ai,
0x04F0CE,0x04F11E,float_range_check_0x4F0CE,ida-ai,
0x04F168,0x04F172,load_float_from_mem_0x4F168,ida-ai,
0x04F172,0x04F186,compare_update_float_0x4F172,ida-ai,
0x04F18C,0x04F1B4,engine_limit_check_0x4F18C,ida-ai,
0x04F1C0,0x04F1E6,init_state_registers_0x4F1C0,ida-ai,
0x04F1E6,0x04F216,port_input_handler_0x4F1E6,ida-ai,
0x04F216,0x04F23E,sensor_wrapper_4f216,ida-ai,
0x04F23E,0x04F264,hw_register_read_0x4F23E,ida-ai,
0x04F264,0x04F28E,duty_cycle_control_0x4F264,ida-ai,
0x04F28E,0x04F302,control_signal_processor_0x4F28E,ida-ai,
0x04F302,0x04F364,injector_param_calc_0x4F302,ida-ai,
0x04F364,0x04F38C,fuel_injection_control_0x4F364,ida-ai,
0x04F38C,0x04F3A8,timing_control_update_0x4F38C,ida-ai,
0x04F3A8,0x04F40C,load_sensor_value_0x4F3A8,ida-ai,
0x04F40C,0x04F450,rpm_calculator_0x4F40C,ida-ai,
0x04F450,0x04F4C0,throttle_control_0x4F450,ida-ai,
0x04F4FC,0x04F54C,sensor_filter_0x4F4FC,ida-ai,
0x04F54C,0x04F56A,fuel_adaptive_4f54c,ida-ai,
0x04F56A,0x04F6DC,fault_detect_0x4F56A,ida-ai,
0x04F70C,0x04F734,fuel_emission_4f70c,ida-ai,
0x04F734,0x04F750,canister_purge_0x4F734,ida-ai,
0x04F750,0x04F778,evap_system_control_0x4F750,ida-ai,
0x04F778,0x04F7BC,secondary_air_control_0x4F778,ida-ai,
0x04F7BC,0x04F800,fault_state_decision_fff9,ida-ai,
0x04F81E,0x04F886,coolant_temp_monitor_0x4F81E,ida-ai,
0x04F886,0x04F9C2,intake_air_temp_0x4F886,ida-ai,
0x04F9C2,0x04FAB4,oxygen_sensor_monitor_0x4F9C2,ida-ai,
0x04FAD8,0x04FC34,fuel_feedback_4fad8,ida-ai,
0x04FC34,0x04FC6A,init_manager_4fc34,ida-ai,
0x04FC6A,0x04FCA4,fuel_control_4fc6a,ida-ai,
0x04FCA4,0x04FCC6,diag_transient_4fca4,ida-ai,
0x04FCC6,0x04FD34,saturated_increment_u16_0x4FCC6,ida-ai,
0x04FD3C,0x04FD4C,idle_speed_control_0x4FD3C,ida-ai,
0x04FD4C,0x04FD56,cruise_control_check_0x4FD4C,ida-ai,
0x04FD56,0x04FDFE,accelerator_pedal_0x4FD56,ida-ai,
0x04FDFE,0x04FE48,knock_sensor_detect_0x4FDFE,ida-ai,
0x04FE80,0x04FF4C,diag_detector_4fe80,ida-ai,
0x04FF4C,0x04FFD6,crank_sync_0x4FF4C,ida-ai,
0x04FFD6,0x050050,ckp_sensor_monitor_0x4FFD6,ida-ai,
0x05007C,0x050148,cmp_sensor_monitor_0x5007C,ida-ai,
0x05016C,0x0501DA,rotor_identification_0x5016C,ida-ai,
0x0501DA,0x050256,spark_timing_calc_0x501DA,ida-ai,
0x05027C,0x050326,advance_retard_control_0x5027C,ida-ai,
0x050326,0x050352,load_compensation_0x50326,ida-ai,
0x050352,0x05035C,base_timing_lookup_0x50352,ida-ai,
0x05035C,0x05037C,diag_octane_5035c,ida-ai,
0x0503F2,0x05041C,engine_protection_0x503F2,ida-ai,
0x050430,0x0504A2,thermal_mgmt_0x50430,ida-ai,
0x0504A2,0x0504EA,fan_control_logic_0x504A2,ida-ai,
0x0504EA,0x050538,fuel_pump_ctrl_0x504EA,ida-ai,
0x050590,0x0506E6,fuel_pressure_monitor_0x50590,ida-ai,
0x0506E6,0x05071C,inj_timing_offset_0x506E6,ida-ai,
0x05071C,0x05075C,dwell_time_calc_0x5071C,ida-ai,
0x0508D8,0x0509EA,coil_control_0x508D8,ida-ai,
0x050A54,0x050AEC,coil_correction_write_0x50A54,ida-ai,
0x050AEC,0x050C8C,diag_enable_check_0x50AEC,ida-ai,
0x050C8C,0x050D44,fault_code_logger_0x50C8C,ida-ai,
0x050D44,0x050EF8,obd_monitor_status_0x50D44,ida-ai,
0x050F1C,0x050FDE,dtc_processor_0x50F1C,ida-ai,
0x050FFC,0x0510A4,sensor_readiness_50ffc,ida-ai,
0x0510A4,0x051188,ign_cold_start_corr_write,ida-ai,
0x051188,0x0512E8,data_logger_0x51188,ida-ai,
0x0512E8,0x05135C,trim_adjuster_0x512E8,ida-ai,
0x05138C,0x0513C6,adaptive_table_update_0x5138C,ida-ai,
0x0513D8,0x051406,ign_manager_513d8,ida-ai,
0x051406,0x05143A,sensor_select_51406,ida-ai,
0x051454,0x051594,interp_axis_lookup_0x51454,ida-ai,
0x051594,0x05163E,linear_interp_2d_0x51594,ida-ai,
0x051688,0x0516C8,bilinear_interp_3d_0x51688,ida-ai,
0x0516C8,0x0517D4,table_lookup_wrapper_0x516C8,ida-ai,
0x0517D4,0x051990,checksum_verify_0x517D4,ida-ai,
0x051990,0x051A86,ign_timing_correction_calc,ida-ai,
0x051A86,0x051CFE,eeprom_manager_0x51A86,ida-ai,
0x051CFE,0x051D28,flash_program_0x51CFE,ida-ai,
0x051D44,0x051D9E,boot_loader_check_0x51D44,ida-ai,
0x051D9E,0x051DB0,crc_calc_0x51D9E,ida-ai,
0x051DB0,0x051DC6,diag_validate_51db0,ida-ai,
0x051DC6,0x051E0C,ctrl_protocol_51dc6,ida-ai,
0x051E0C,0x051EB0,can_interface_0x51E0C,ida-ai,
0x051EB0,0x051F04,kwp_handler_0x51EB0,ida-ai,
0x051F04,0x05208C,diag_request_51f04,ida-ai,
0x0520C4,0x0520F6,diag_formatter_520c4,ida-ai,
0x0520F6,0x052180,uds_service_520f6,ida-ai,
0x052180,0x05220A,diag_security_52180,ida-ai,
0x05220A,0x05226A,diag_session_5220a,ida-ai,
0x05226A,0x0522B8,timer_manager_0x5226A,ida-ai,
0x0522B8,0x0522D0,scheduler_0x522B8,ida-ai,
0x052300,0x0523BE,task_dispatcher_0x52300,ida-ai,
0x0523BE,0x052406,sensor_machine_523be,ida-ai,
0x052444,0x052528,event_handler_0x52444,ida-ai,
0x05255C,0x0525EC,interrupt_dispatcher_0x5255C,ida-ai,
0x0525EC,0x05263C,gpio_handler_0x525EC,ida-ai,
0x052664,0x0526BA,adc_reader_0x52664,ida-ai,
0x0526BA,0x0526E2,pwm_control_0x526BA,ida-ai,
0x052704,0x05274C,timer_interrupt_0x52704,ida-ai,
0x05274C,0x052794,serial_recv_0x5274C,ida-ai,
0x052794,0x052850,serial_send_0x52794,ida-ai,
0x052898,0x0528EA,mem_counter_delta_error_latch,ida-ai,
0x0528EA,0x052AA6,queue_handler_0x528EA,ida-ai,
0x052ACC,0x052C92,mutex_lock_0x52ACC,ida-ai,
0x052C92,0x052CD2,fuel_barrier_52c92,ida-ai,
0x052CF8,0x052E76,rtos_context_52cf8,ida-ai,
0x052E76,0x052EB2,stack_frame_setup_0x52E76,ida-ai,
0x052EB2,0x053100,math_register_52eb2,ida-ai,
0x053114,0x05316A,mem_copy_0x53114,ida-ai,
0x05316A,0x0531EA,diag_monitor_flag_pair_write,ida-ai,
0x0531EA,0x0532A0,mem_enable_flag_and_gate,ida-ai,
0x0532A0,0x0532CC,mem_compare_0x532A0,ida-ai,
0x0532CC,0x05330A,init_string_532cc,ida-ai,
0x053338,0x053392,string_copy_0x53338,ida-ai,
0x053392,0x0533B6,init_string_53392,ida-ai,
0x0533B6,0x0533DC,math_char_533b6,ida-ai,
0x0533DC,0x0533F0,mem_char_533dc,ida-ai,
0x053438,0x053610,atoi_convert_0x53438,ida-ai,
0x053610,0x05363C,math_convert_53610,ida-ai,
0x053668,0x0536C6,printf_wrapper_0x53668,ida-ai,
0x0536C6,0x053732,debug_output_0x536C6,ida-ai,
0x053760,0x0538FC,assert_handler_0x53760,ida-ai,
0x053968,0x053970,error_handler_0x53968,ida-ai,
0x053970,0x053978,exception_catcher_0x53970,ida-ai,
0x053978,0x053980,panic_handler_0x53978,ida-ai,
0x053980,0x053A2E,watchdog_kick_0x53980,ida-ai,
0x053A2E,0x053A58,diag_safety_53a2e,ida-ai,
0x053A90,0x053B7E,diag_bounds_53a90,ida-ai,
0x053BA0,0x053BEA,sensor_validate_53ba0,ida-ai,
0x053BEA,0x053CF8,isr_checker_53bea,ida-ai,
0x053CFC,0x053D04,can_bitfield_53cfc,ida-ai,
0x053D04,0x053D0C,math_bitfield_53d04,ida-ai,
0x053D0C,0x053DA0,fuel_closed_loop_confirm_ctr,ida-ai,
0x053DCC,0x053DD6,util_bitfield_53dcc,ida-ai,
0x053DD6,0x053E1E,boost_timer_latch,ida-ai,
0x053E38,0x053EA2,mem_cellflag_reset_on_enable,ida-ai,
0x053FAA,0x054030,lut_lookup_0x53FAA,ida-ai,
0x05405C,0x0540A8,mem_cellflag_sensor_cond_write,ida-ai,
0x0540D4,0x05410C,diag_data_540d4,ida-ai,
0x05410C,0x054114,math_endian_5410c,ida-ai,
0x054114,0x05411C,math_convert_54114,ida-ai,
0x05411C,0x05417C,mem_cellflag_vtc_lock_write,ida-ai,
0x05417C,0x054184,diag_decode_5417c,ida-ai,
0x054184,0x05418C,diag_compress_54184,ida-ai,
0x0541A8,0x054208,diag_decompress_541a8,ida-ai,
0x054210,0x054248,ctrl_encrypt_54210,ida-ai,
0x054248,0x054250,ctrl_decrypt_54248,ida-ai,
0x054250,0x054258,fuel_compute_54250,ida-ai,
0x054258,0x0542B8,ctrl_random_54258,ida-ai,
0x0542B8,0x0542C0,isr_operator_542b8,ida-ai,
0x0542C0,0x0542C8,math_operator_542c0,ida-ai,
0x0542C8,0x0542EE,ctrl_operator_542c8,ida-ai,
0x054310,0x054318,modulo_calc_0x54310,ida-ai,
0x05431C,0x0543C0,mem_cellbank_flag_or_gate,ida-ai,
0x0543C0,0x0543C8,multiply_calc_0x543C0,ida-ai,
0x0543C8,0x0543D0,add_calc_0x543C8,ida-ai,
0x0543D0,0x054484,mem_cellbank_flag_pair_write,ida-ai,
0x054484,0x054496,sensor_absolute_54484,ida-ai,
0x054496,0x0544AA,sensor_value_54496,ida-ai,
0x0544AA,0x054550,dtc_any_fault_flag_or,ida-ai,
0x054570,0x054644,system_init_0x54570,ida-ai,
0x054644,0x054662,can_main_54644,ida-ai,
0x054662,0x054680,periodic_task_0x54662,ida-ai,
0x0546A0,0x0546C4,init_event_546a0,ida-ai,
0x0546C4,0x054706,idle_task_0x546C4,ida-ai,
0x054706,0x05472E,init_shutdown_54706,ida-ai,
0x05472E,0x054784,startup_sequence_0x5472E,ida-ai,
0x054784,0x0547FA,diag_calibration_54784,ida-ai,
0x0547FA,0x054822,init_sequence_547fa,ida-ai,
0x054822,0x05485A,reset_handler_0x54822,ida-ai,
0x05485A,0x05486C,soft_reset_0x5485A,ida-ai,
0x05486C,0x054880,hard_reset_0x5486C,ida-ai,
0x05489C,0x0548D4,power_on_init_0x5489C,ida-ai,
0x0548D4,0x0548DC,init_power_548d4,ida-ai,
0x0548DC,0x0548E4,diag_sleep_548dc,ida-ai,
0x0548E4,0x054944,mem_sleep_548e4,ida-ai,
0x054944,0x05494C,voltage_monitor_0x54944,ida-ai,
0x05494C,0x054954,diag_brownout_5494c,ida-ai,
0x054954,0x0549C8,mem_overvolt_54954,ida-ai,
0x0549C8,0x054A08,sensor_circuit_549c8,ida-ai,
0x054A08,0x054A48,diag_circuit_54a08,ida-ai,
0x054A60,0x054A6A,diag_circuit_54a60,ida-ai,
0x054A6A,0x054A9E,diag_resistor_54a6a,ida-ai,
0x054A9E,0x054ABA,diag_impedance_54a9e,ida-ai,
0x054ABA,0x054AE4,diag_capacitor_54aba,ida-ai,
0x054AFC,0x054B0E,diag_inductor_54afc,ida-ai,
0x054B0E,0x054BC0,ctrl_frequency_54b0e,ida-ai,
0x054BC0,0x054C00,ctrl_measure_54bc0,ida-ai,
0x054C2C,0x054E0C,ctrl_amplitude_54c2c,ida-ai,
0x054E20,0x054E62,signal_filter_0x54E20,ida-ai,
0x054E62,0x054EC2,signal_process_0x54E62,ida-ai,
0x054EC2,0x054EDE,diag_detect_54ec2,ida-ai,
0x054F00,0x054F9A,rms_calculate_0x54F00,ida-ai,
0x054F9A,0x054FB6,ctrl_measure_54f9a,ida-ai,
0x054FCC,0x054FE2,diag_fault_task_dispatch,ida-ai,
0x054FE2,0x054FF8,ifft_compute_0x54FE2,ida-ai,
0x054FF8,0x05500E,fir_filter_0x54FF8,ida-ai,
0x055018,0x055078,iir_filter_0x55018,ida-ai,
0x055078,0x055080,fuel_tps_accel_wrapper_9008,ida-ai,
0x055080,0x055088,fuel_controller_55080,ida-ai,
0x055088,0x0550BE,fuzzy_logic_0x55088,ida-ai,
0x0550BE,0x0550E6,diag_flag_combine_or,ida-ai,
0x0550E6,0x05510E,ctrl_predict_550e6,ida-ai,
0x055134,0x0551AC,sensor_estimate_55134,ida-ai,
0x0551AC,0x0551B4,ctrl_observer_551ac,ida-ai,
0x0551B4,0x0551BC,fuel_controller_551b4,ida-ai,
0x0551BC,0x0551F2,ctrl_regulator_551bc,ida-ai,
0x055214,0x05522A,limiter_0x55214,ida-ai,
0x05522A,0x055296,idle_driver_5522a,ida-ai,
0x0552C0,0x0552FE,init_power_552c0,ida-ai,
0x0552FE,0x05530C,rev_converter_552fe,ida-ai,
0x05530C,0x055328,ctrl_inverter_5530c,ida-ai,
0x055328,0x055362,ctrl_rectifier_55328,ida-ai,
0x055362,0x055386,ctrl_transformer_55362,ida-ai,
0x055386,0x0553AA,ctrl_distribution_55386,ida-ai,
0x0553AA,0x0553D0,transmission_0x553AA,ida-ai,
0x0553D0,0x05543A,ctrl_reception_553d0,ida-ai,
0x055624,0x0556A8,ctrl_demodulator_55624,ida-ai,
0x0556A8,0x0556E2,diag_modulator_556a8,ida-ai,
0x0556E2,0x055712,can_encoder_556e2,ida-ai,
0x055734,0x055760,fuel_decoder_55734,ida-ai,
0x055760,0x055764,ctrl_synchronizer_55760,ida-ai,
0x055764,0x0557CC,math_clock_55764,ida-ai,
0x0557CC,0x05580A,fuel_control_557cc,ida-ai,
0x055CB4,0x055CDC,ctrl_oscillator_55cb4,ida-ai,
0x055CDC,0x055CE2,ctrl_crystal_55cdc,ida-ai,
0x055CE2,0x055CE8,trimmer_0x55CE2,ida-ai,
0x055CE8,0x055D52,ctrl_divider_55ce8,ida-ai,
0x055D52,0x055D9A,isr_multiplier_55d52,ida-ai,
0x055D9A,0x055E14,obd_mode_state_selector,ida-ai,
0x055E14,0x055E18,memory_mgr_0x55E14,ida-ai,
0x055E18,0x055E66,diag_manager_55e18,ida-ai,
0x055E66,0x055E7C,page_table_0x55E66,ida-ai,
0x055E7C,0x055EA2,tlb_handler_0x55E7C,ida-ai,
0x055EA2,0x055EC0,isr_config_55ea2,ida-ai,
0x055EC0,0x055ED6,fuel_control_55ec0,ida-ai,
0x055ED6,0x055EEA,diag_privilege_55ed6,ida-ai,
0x055EEA,0x055F02,ctrl_protection_55eea,ida-ai,
0x055F02,0x055F18,ctrl_isolation_55f02,ida-ai,
0x055F64,0x055F7A,ctrl_partition_55f64,ida-ai,
0x055F7A,0x055FA6,ctrl_segment_55f7a,ida-ai,
0x055FA6,0x055FBC,section_0x55FA6,ida-ai,
0x055FBC,0x055FC2,module_loader_0x55FBC,ida-ai,
0x055FC2,0x055FE8,ctrl_linker_55fc2,ida-ai,
0x055FE8,0x056006,ctrl_relocation_55fe8,ida-ai,
0x056006,0x05600C,ctrl_resolve_56006,ida-ai,
0x05600C,0x056034,import_table_0x5600C,ida-ai,
0x056034,0x056052,axis_lookup_0x56034,ida-ai,
0x056052,0x056068,axis_interp_0x56052,ida-ai,
0x056068,0x05606E,corner_lookup_0x56068,ida-ai,
0x05606E,0x0560EC,corner_interp_0x5606E,ida-ai,
0x05610A,0x056128,table_2d_lookup_0x5610A,ida-ai,
0x056128,0x05613E,table_3d_lookup_0x56128,ida-ai,
0x05613E,0x056156,table_4d_lookup_0x5613E,ida-ai,
0x056156,0x05616E,map_lookup_0x56156,ida-ai,
0x05616E,0x056184,curve_lookup_0x5616E,ida-ai,
0x056184,0x05619A,surface_interp_0x56184,ida-ai,
0x05619A,0x0561B0,volume_interp_0x5619A,ida-ai,
0x0561B0,0x0561C6,spline_interp_0x561B0,ida-ai,
0x0561C6,0x0561F2,bezier_interp_0x561C6,ida-ai,
0x0561F2,0x05621E,sensor_scaled_read_AA4C,ida-ai,
0x0562A0,0x0562C6,ctrl_laplacian_562a0,ida-ai,
0x05637E,0x0563B2,ctrl_convolution_5637e,ida-ai,
0x0563C4,0x0563CE,ctrl_correlation_563c4,ida-ai,
0x0563CE,0x0563E2,histogram_0x563CE,ida-ai,
0x056418,0x056442,ctrl_statistics_56418,ida-ai,
0x056442,0x056498,fuel_variance_56442,ida-ai,
0x0564B8,0x0564F6,ctrl_covariance_564b8,ida-ai,
0x0566C4,0x0566EA,eigen_compute_0x566C4,ida-ai,
0x0566EA,0x0566EC,diag_security_level0_entry,ida-ai,
0x0566EC,0x056720,fuel_matrix_566ec,ida-ai,
0x056720,0x056728,fuel_transpose_56720,ida-ai,
0x056728,0x05677E,uds_security_unlock_state_set,ida-ai,
0x05677E,0x0567BA,fuel_matrix_5677e,ida-ai,
0x0567E8,0x05681E,ctrl_decomp_567e8,ida-ai,
0x05681E,0x056866,qr_decomp_0x5681E,ida-ai,
0x056866,0x05686C,ctrl_decomp_56866,ida-ai,
0x05687A,0x056892,diag_sentinel_5687a,ida-ai,
0x056892,0x0568E6,position_check,ida-ai,
0x0568E6,0x0568EC,ctrl_clustering_568e6,ida-ai,
0x056910,0x056928,classification_0x56910,ida-ai,
0x056928,0x05698A,ctrl_prediction_56928,ida-ai,
0x05698A,0x05699A,ctrl_decision_5698a,ida-ai,
0x05699A,0x056AC0,diag_security_5699a,ida-ai,
0x056AC0,0x056ADA,security_seed_copy,ida-ai,
0x056ADA,0x056CDA,gradient_descent_0x56ADA,ida-ai,
0x056CDA,0x056D5C,backprop_0x56CDA,ida-ai,
0x056D5C,0x056D66,activation_fn_0x56D5C,ida-ai,
0x056D66,0x056D7E,ctrl_sigmoid_56d66,ida-ai,
0x056E18,0x056E1A,ctrl_relu_56e18,ida-ai,
0x056E1A,0x056E64,ctrl_tanh_56e1a,ida-ai,
0x056E64,0x056EE8,diag_o2_voltage_fault_check,ida-ai,
0x056EE8,0x056F10,fuel_compute_56ee8,ida-ai,
0x056F10,0x056F24,ctrl_entropy_56f10,ida-ai,
0x056FEA,0x057004,ctrl_optimization_56fea,ida-ai,
0x057020,0x057024,immo_counter_state_tramp,ida-ai,
0x05712C,0x057186,immo_security_state_write,ida-ai,
0x057186,0x0571C2,momentum_0x57186,ida-ai,
0x0571E6,0x0571FE,ctrl_nesterov_571e6,ida-ai,
0x0571FE,0x057206,ctrl_adagrad_571fe,ida-ai,
0x057292,0x0572CC,immo_security_state_reset,ida-ai,
0x058188,0x058270,wankel_controller_0x58188,ida-ai,
0x058294,0x0582C0,rotor_position_0x58294,ida-ai,
0x0583E4,0x058448,chamber_pressure_0x583E4,ida-ai,
0x058448,0x05846A,intake_manifold_0x58448,ida-ai,
0x05846A,0x058486,exhaust_manifold_0x5846A,ida-ai,
0x05864A,0x058690,apex_seal_0x5864A,ida-ai,
0x058768,0x05878C,side_seal_0x58768,ida-ai,
0x05878C,0x0587C6,corner_seal_0x5878C,ida-ai,
0x0588AE,0x0588CE,ctrl_bearing_588ae,ida-ai,
0x058904,0x058BA4,housing_temp_0x58904,ida-ai,
0x058BA4,0x058BCC,math_trochoid_58ba4,ida-ai,
0x058BE8,0x058C1E,exhaust_port_0x58BE8,ida-ai,
0x058C38,0x058C4A,intake_port_0x58C38,ida-ai,
0x058C4A,0x058C92,dual_cellbank_selector_0x58C4A,ida-ai,
0x058C92,0x058C98,output_shaft_0x58C92,ida-ai,
0x058C98,0x058C9E,eccentric_shaft_0x58C98,ida-ai,
0x058C9E,0x058CEE,oil_circulation_0x58C9E,ida-ai,
0x058D16,0x058D1C,cooling_jacket_0x58D16,ida-ai,
0x058D1C,0x058D22,fuel_lubrication_58d1c,ida-ai,
0x058DD0,0x058DE2,ctrl_vibration_58dd0,ida-ai,
0x058DE2,0x058E3A,ctrl_resonance_58de2,ida-ai,
0x058E3A,0x058E40,ctrl_harmonics_58e3a,ida-ai,
0x058E40,0x058E46,torque_output_0x58E40,ida-ai,
0x058E7C,0x058EB6,fuel_output_58e7c,ida-ai,
0x058EDE,0x058EE4,efficiency_calc_0x58EDE,ida-ai,
0x058EE4,0x058EEA,fuel_economy_0x58EE4,ida-ai,
0x058EEA,0x058F24,emission_calc_0x58EEA,ida-ai,
0x058F4C,0x058F52,fuel_control_58f4c,ida-ai,
0x058F52,0x058F58,particulate_filter_0x58F52,ida-ai,
0x058F58,0x058F92,ctrl_catalytic_58f58,ida-ai,
0x058FF8,0x058FFE,lambda_sensor_0x58FF8,ida-ai,
0x058FFE,0x059004,air_fuel_ratio_0x58FFE,ida-ai,
0x059098,0x0590AA,ctrl_stoichiometric_59098,ida-ai,
0x0590AA,0x0590EA,ctrl_strength_590aa,ida-ai,
0x059130,0x059136,omp_lean_59130,ida-ai,
0x059136,0x05913C,fuel_rich_59136,ida-ai,
0x0591BA,0x0591CC,acceleration_enrich_0x591BA,ida-ai,
0x0591CC,0x059228,fuel_start_591cc,ida-ai,
0x059228,0x05922E,idle_warm_59228,ida-ai,
0x05922E,0x059234,sensor_steady_5922e,ida-ai,
0x0592F8,0x05930A,deceleration_fuel_cut_0x592F8,ida-ai,
0x05930A,0x059366,ctrl_coast_5930a,ida-ai,
0x059366,0x05936C,ctrl_overrun_59366,ida-ai,
0x05936C,0x059372,engine_braking_0x5936C,ida-ai,
0x059440,0x059452,rev_limit_0x59440,ida-ai,
0x059452,0x0594AE,speed_limiter_0x59452,ida-ai,
0x0594AE,0x0594B4,rtos_dispatch_594ae,ida-ai,
0x0594B4,0x0594BA,rtos_dispatch_594b4,ida-ai,
0x05957C,0x05958E,stability_control_0x5957C,ida-ai,
0x05958E,0x0595EA,antilock_brake_0x5958E,ida-ai,
0x0595EA,0x0595F0,brake_pressure_0x595EA,ida-ai,
0x0595F0,0x0595F6,acceleration_pedal_0x595F0,ida-ai,
0x0596B4,0x0596C6,idle_steering_596b4,ida-ai,
0x05970C,0x059712,wheel_speed_0x5970C,ida-ai,
0x0597DA,0x0597FC,vehicle_speed_0x597DA,ida-ai,
0x0597FC,0x0598D2,acceleration_calc_0x597FC,ida-ai,
0x0598D2,0x0598D8,distance_calc_0x598D2,ida-ai,
0x0598D8,0x0598DE,fuel_elapsed_598d8,ida-ai,
0x0598DE,0x05993E,average_speed_0x598DE,ida-ai,
0x059966,0x05996C,fuel_consumption_0x59966,ida-ai,
0x05996C,0x059A86,ctrl_distance_5996c,ida-ai,
0x059A86,0x059AC0,ctrl_odometer_59a86,ida-ai,
0x059B60,0x059B68,service_timer_0x59B60,ida-ai,
0x059B68,0x059BA0,ctrl_maintenance_59b68,ida-ai,
0x059BA0,0x059BB6,fuel_fluid_59ba0,ida-ai,
0x059BCC,0x059C24,battery_health_0x59BCC,ida-ai,
0x059C24,0x059C36,isr_charging_59c24,ida-ai,
0x059C36,0x059CCE,alternator_output_0x59C36,ida-ai,
0x059CEC,0x059D3C,starter_motor_0x59CEC,ida-ai,
0x059D3C,0x059D56,util_headlight_59d3c,ida-ai,
0x059D56,0x059DC4,util_taillight_59d56,ida-ai,
0x059DC4,0x059DCC,fuel_control_59dc4,ida-ai,
0x059DCC,0x059DD4,fuel_control_59dcc,ida-ai,
0x059DD4,0x059E1E,rtos_door_59dd4,ida-ai,
0x059E1E,0x059E24,ctrl_seat_59e1e,ida-ai,
0x059E24,0x059E44,fuel_control_59e24,ida-ai,
0x059E44,0x05A014,fuel_sunroof_59e44,ida-ai,
0x05A044,0x05A078,fuel_climate_5a044,ida-ai,
0x05A098,0x05A17C,util_heating_5a098,ida-ai,
0x05A1A4,0x05A214,cooling_ctrl_0x5A1A4,ida-ai,
0x05A214,0x05A248,fuel_control_5a214,ida-ai,
0x05A248,0x05A28E,fuel_defrost_5a248,ida-ai,
0x05A28E,0x05A2B2,filter_monitor_0x5A28E,ida-ai,
0x05A2E4,0x05A374,air_quality_0x5A2E4,ida-ai,
0x05A374,0x05A494,fuel_humidity_5a374,ida-ai,
0x05A494,0x05A4CC,ctrl_compartment_5a494,ida-ai,
0x05A4EC,0x05A530,cabin_air_filter_0x5A4EC,ida-ai,
0x05A530,0x05A7BC,pollen_filter_0x5A530,ida-ai,
0x05A7BC,0x05A7D4,fuel_control_5a7bc,ida-ai,
0x05A7D4,0x05A8CC,ctrl_ionizer_5a7d4,ida-ai,
0x05A8CC,0x05A8EA,ctrl_display_5a8cc,ida-ai,
0x05A8EA,0x05A9B0,isr_dashboard_5a8ea,ida-ai,
0x05A9DC,0x05A9F2,speedometer_0x5A9DC,ida-ai,
0x05A9F2,0x05AA1C,tachometer_0x5A9F2,ida-ai,
0x05AA1C,0x05AA42,fuel_gauge_0x5AA1C,ida-ai,
0x05AA5C,0x05AADE,temperature_gauge_0x5AA5C,ida-ai,
0x05AADE,0x05AB66,warning_light_0x5AADE,ida-ai,
0x05AB6C,0x05AB9E,check_engine_light_0x5AB6C,ida-ai,
0x05AB9E,0x05ABC4,diag_airbag_5ab9e,ida-ai,
0x05ABC4,0x05ACB0,oil_pressure_light_0x5ABC4,ida-ai,
0x05ACB0,0x05ACF2,battery_light_0x5ACB0,ida-ai,
0x05ACF2,0x05AD04,temperature_light_0x5ACF2,ida-ai,
0x05AD04,0x05AD1E,diag_seatbelt_5ad04,ida-ai,
0x05AD1E,0x05AD30,low_fuel_light_0x5AD1E,ida-ai,
0x05AD30,0x05ADE6,brake_light_0x5AD30,ida-ai,
0x05ADF4,0x05AE02,turn_signal_0x5ADF4,ida-ai,
0x05AE02,0x05AE14,isr_high_5ae02,ida-ai,
0x05AE14,0x05AE30,diag_light_5ae14,ida-ai,
0x05AFE2,0x05B024,cruise_status_0x5AFE2,ida-ai,
0x05B058,0x05B076,ctrl_parking_5b058,ida-ai,
0x05B076,0x05B09E,collision_warning_0x5B076,ida-ai,
0x05B09E,0x05B0D4,ctrl_departure_5b09e,ida-ai,
0x05B0D4,0x05B13C,data_table_process_0x5B0D4,ida-ai,
0x05B150,0x05B23E,diag_calibration_5b150,ida-ai,
0x05B23E,0x05B474,table_init_0x5B23E,ida-ai,
0x05B474,0x05B4AA,sensor_process_5b474,ida-ai,
0x05BA52,0x05BA54,parameter_load_0x5BA52,ida-ai,
0x05BA54,0x05BAB2,param_validate_0x5BA54,ida-ai,
0x05BAB2,0x05BACC,default_value_0x5BAB2,ida-ai,
0x05BB6A,0x05BB76,limit_check_0x5BB6A,ida-ai,
0x05BB76,0x05BD2E,diag_tolerance_5bb76,ida-ai,
0x05BD2E,0x05BD76,error_margin_0x5BD2E,ida-ai,
0x05BD76,0x05BE44,ctrl_uncertainty_5bd76,ida-ai,
0x05BEBE,0x05BECE,fuel_confidence_5bebe,ida-ai,
0x05BECE,0x05BF24,ctrl_quality_5bece,ida-ai,
0x05BF24,0x05BFEC,ctrl_reliability_5bf24,ida-ai,
0x05BFEC,0x05C010,diag_consistency_5bfec,ida-ai,
0x05C228,0x05C2FA,can_uds_memread_response_tx,ida-ai,
0x05C2FA,0x05C38A,output_format_0x5C2FA,ida-ai,
0x05C3C0,0x05C3FE,math_combine_5c3c0,ida-ai,
0x05C41C,0x05C420,ctrl_aggregate_5c41c,ida-ai,
0x05C420,0x05C432,ctrl_summarize_5c420,ida-ai,
0x05C53C,0x05C592,ctrl_report_5c53c,ida-ai,
0x05C592,0x05C5CE,logging_0x5C592,ida-ai,
0x05C5CE,0x05C602,ctrl_archive_5c5ce,ida-ai,
0x05C602,0x05C62A,ctrl_finalize_5c602,ida-ai,
0x05C62A,0x05C644,ctrl_cleanup_5c62a,ida-ai,
0x05C668,0x05C680,can_timeout_check_5C668,ida-ai,
0x05C8A8,0x05C98C,diagnostic_task_dispatcher_5C8A8,ida-ai,
0x05C98C,0x05C9A6,control_struct_init_zero_5C98C,ida-ai,
0x05C9D8,0x05C9E4,diag_system_5c9d8,ida-ai,
0x05C9E4,0x05CA3A,sensor_state_bits_update_5C9E4,ida-ai,
0x05CA3A,0x05CA60,sensor_index_validate_5CA3A,ida-ai,
0x05CA60,0x05CB2C,fuel_ignition_interp_compute_5CA60,ida-ai,
0x05CB2C,0x05CC40,table_lookup_float_interp_5CB2C,ida-ai,
0x05CC40,0x05CCFA,alternating_sensor_sm_01_5CC40,ida-ai,
0x05CD20,0x05CDDA,alternating_sensor_sm_02_5CD20,ida-ai,
0x05CDFC,0x05CEB6,alternating_sensor_sm_03_5CDFC,ida-ai,
0x05CED8,0x05CF82,alternating_sensor_sm_04_5CED8,ida-ai,
0x05CFA8,0x05D062,alternating_sensor_sm_05_5CFA8,ida-ai,
0x05D084,0x05D13E,alternating_sensor_sm_06_5D084,ida-ai,
0x05D160,0x05D21A,alternating_sensor_sm_07_5D160,ida-ai,
0x05D23C,0x05D31E,fuel_table_lookup_interp_5D23C,ida-ai,
0x05D34C,0x05D3E8,sensor_read_and_process_5D34C,ida-ai,
0x05D3E8,0x05D4D0,alternating_sensor_sm_08_5D3E8,ida-ai,
0x05D4D0,0x05D5E0,ignition_table_lookup_interp_5D4D0,ida-ai,
0x05D5E0,0x05D6C2,knock_table_lookup_interp_5D5E0,ida-ai,
0x05D6F0,0x05D7D2,fuel_pressure_table_interp_5D6F0,ida-ai,
0x05D800,0x05D8BA,alternating_sensor_sm_09_5D800,ida-ai,
0x05D8DC,0x05D996,alternating_sensor_sm_10_5D8DC,ida-ai,
0x05D9B8,0x05DA72,sensor_read_process_5D9B8,ida-ai,
0x05DA94,0x05DB4E,sensor_read_process_5DA94,ida-ai,
0x05DB70,0x05DC2A,sensor_read_process_5DB70,ida-ai,
0x05DC4C,0x05DD06,sensor_read_process_5DC4C,ida-ai,
0x05DD28,0x05DDC4,sensor_read_process_5DD28,ida-ai,
0x05DDC4,0x05DE8C,sensor_state_machine_5DDC4,ida-ai,
0x05DE8C,0x05DF3E,sensor_state_machine_5DE8C,ida-ai,
0x05DF64,0x05E016,sensor_state_machine_5DF64,ida-ai,
0x05E016,0x05E0DE,sensor_read_and_process_5E016,ida-ai,
0x05E0DE,0x05E114,sensor_state_machine_5E0DE,ida-ai,
0x05E114,0x05E1B6,sensor_state_machine_5E114,ida-ai,
0x05E1B8,0x05E1EC,sensor_state_machine_5E1B8,ida-ai,
0x05E414,0x05E544,interrupt_state_update_5E414,ida-ai,
0x05E574,0x05E616,interrupt_state_update_5E574,ida-ai,
0x05E616,0x05E642,interrupt_state_update_5E616,ida-ai,
0x05E642,0x05E65A,interrupt_state_update_5E642,ida-ai,
0x05E67C,0x05E680,interrupt_state_update_5E67C,ida-ai,
0x05E734,0x05E7B4,interrupt_state_update_5E734,ida-ai,
0x05E7B4,0x05E7F0,interrupt_state_update_5E7B4,ida-ai,
0x05E7F0,0x05E824,interrupt_state_update_5E7F0,ida-ai,
0x05E824,0x05E854,interrupt_state_update_5E824,ida-ai,
0x05E854,0x05E878,interrupt_state_update_5E854,ida-ai,
0x05E878,0x05E890,interrupt_state_update_5E878,ida-ai,
0x05E8B0,0x05E936,getTireSize_a,ida-ai,
0x05E936,0x05E962,interrupt_state_update_5E936,ida-ai,
0x05E98C,0x05E99C,fault_condition_check_5E98C,ida-ai,
0x05EBDC,0x05EBFE,fault_condition_check_5EBDC,ida-ai,
0x05EBFE,0x05EC32,fault_condition_check_5EBFE,ida-ai,
0x05EC32,0x05EC6E,fault_condition_check_5EC32,ida-ai,
0x05EC6E,0x05ECAA,fault_condition_check_5EC6E,ida-ai,
0x05ECAA,0x05ECCE,fault_condition_check_5ECAA,ida-ai,
0x05ECCE,0x05ECF6,fault_condition_check_5ECCE,ida-ai,
0x05ED14,0x05ED2C,fault_condition_check_5ED14,ida-ai,
0x05ED34,0x05ED8A,fault_condition_check_5ED34,ida-ai,
0x05ED8A,0x05EDEA,fault_condition_check_5ED8A,ida-ai,
0x05EDEA,0x05EE14,fault_condition_check_5EDEA,ida-ai,
0x05EE14,0x05EE3E,fault_condition_check_5EE14,ida-ai,
0x05EEEE,0x05EF5C,fault_condition_check_5EEEE,ida-ai,
0x05EF5C,0x05EFC4,init_getbrakingorinneutral_5ef5c,ida-ai,
0x05F018,0x05F030,fault_condition_check_5F018,ida-ai,
0x05F030,0x05F072,fault_condition_check_5F030,ida-ai,
0x05F072,0x05F07C,fault_condition_check_5F072,ida-ai,
0x05F0A0,0x05F152,fault_condition_check_5F0A0,ida-ai,
0x05F152,0x05F16E,fault_condition_check_5F152,ida-ai,
0x05F184,0x05F1CE,fault_condition_check_5F184,ida-ai,
0x05F1DC,0x05F220,fault_condition_check_5F1DC,ida-ai,
0x05F220,0x05F2B6,fault_condition_check_5F220,ida-ai,
0x05F2E0,0x05F31A,fault_condition_check_5F2E0,ida-ai,
0x05F31A,0x05F324,fault_condition_check_5F31A,ida-ai,
0x05F3A2,0x05F3B2,fault_condition_check_5F3A2,ida-ai,
0x05F3B2,0x05F3BA,fault_condition_check_5F3B2,ida-ai,
0x05F3BA,0x05F43E,fault_condition_check_5F3BA,ida-ai,
0x06038C,0x060396,sensor_diagnostic_dtc_6038C,ida-ai,
0x0604EE,0x06052A,can_message_encode_604EE,ida-ai,
0x060544,0x060598,obd_dtc_enabled_count,ida-ai,
0x0605A4,0x06060E,obd_status_flags_605A4,ida-ai,
0x060654,0x060670,obd_status_flags_60654,ida-ai,
0x06067C,0x0606A8,sensor_extract_6067c,ida-ai,
0x0606A8,0x0606AE,sensor_extract_606a8,ida-ai,
0x0606AE,0x0606B4,sensor_extract_606ae,ida-ai,
0x0606B4,0x0606BA,sensor_extract_606b4,ida-ai,
0x0606BA,0x0606C0,sensor_extract_606ba,ida-ai,
0x0606C0,0x0606D4,sensor_extract_606c0,ida-ai,
0x0606D4,0x0606EA,sensor_extract_606d4,ida-ai,
0x0606EA,0x0606F8,sensor_extract_606ea,ida-ai,
0x0606F8,0x060720,sensor_extract_606f8,ida-ai,
0x060720,0x06072E,sensor_extract_60720,ida-ai,
0x06072E,0x060734,sensor_extract_6072e,ida-ai,
0x060734,0x06073A,sensor_extract_60734,ida-ai,
0x06073A,0x060740,sensor_extract_6073a,ida-ai,
0x060778,0x060786,sensor_extract_60778,ida-ai,
0x060786,0x0607A8,sensor_extract_60786,ida-ai,
0x0607A8,0x0607C0,sensor_extract_607a8,ida-ai,
0x0607CE,0x0607D2,sensor_extract_607ce,ida-ai,
0x0607D2,0x060830,obd_dtc_active_frame_send,ida-ai,
0x06096C,0x060996,sensor_extract_6096c,ida-ai,
0x060996,0x060A86,obd_dtc_status_write,ida-ai,
0x060A86,0x060A9E,dtc_data_read_60A86,ida-ai,
0x060BAE,0x060BCC,dtc_data_read_60BAE,ida-ai,
0x060BCC,0x060BEE,dtc_data_read_60BCC,ida-ai,
0x060BEE,0x060C08,dtc_data_read_60BEE,ida-ai,
0x060C4A,0x060CA4,dtc_data_read_60C4A,ida-ai,
0x060CC8,0x060CE0,dtc_data_read_60CC8,ida-ai,
0x060D04,0x060D0C,dtc_data_read_60D04,ida-ai,
0x060D1C,0x060D38,dtc_data_read_60D1C,ida-ai,
0x060D38,0x060D54,dtc_data_read_60D38,ida-ai,
0x060D54,0x060D86,dtc_data_read_60D54,ida-ai,
0x060DB4,0x060DEE,dtc_data_read_60DB4,ida-ai,
0x060DEE,0x060E9A,dtc_data_read_60DEE,ida-ai,
0x060EB4,0x060EFE,dtc_data_read_60EB4,ida-ai,
0x060EFE,0x060F22,dtc_data_read_60EFE,ida-ai,
0x060F54,0x060F58,ctrl_nullsub_60f54,ida-ai,
0x060F58,0x060F70,dtc_data_read_60F58,ida-ai,
0x060F70,0x060F74,ctrl_nullsub_60f70,ida-ai,
0x060F74,0x060F92,dtc_data_read_60F74,ida-ai,
0x060F9C,0x060FBA,dtc_data_read_60F9C,ida-ai,
0x060FBA,0x060FCA,dtc_data_read_60FBA,ida-ai,
0x060FCA,0x060FCE,ctrl_nullsub_60fca,ida-ai,
0x060FCE,0x060FD2,ctrl_nullsub_60fce,ida-ai,
0x060FD2,0x0610FA,dtc_data_read_60FD2,ida-ai,
0x0610FA,0x061132,dtc_handler_610FA,ida-ai,
0x061132,0x06115A,dtc_handler_61132,ida-ai,
0x06115A,0x061240,dtc_handler_6115A,ida-ai,
0x0612AE,0x061304,dtc_handler_612AE,ida-ai,
0x061304,0x0613EA,dtc_handler_61304,ida-ai,
0x0613EA,0x06143A,dtc_handler_613EA,ida-ai,
0x06143A,0x06147E,dtc_handler_6143A,ida-ai,
0x0614A4,0x0614C2,dtc_handler_614A4,ida-ai,
0x0614C2,0x0614D2,dtc_handler_614C2,ida-ai,
0x0614D2,0x06153A,dtc_handler_614D2,ida-ai,
0x061550,0x0616B6,dtc_handler_61550,ida-ai,
0x0616B6,0x0616E2,dtc_handler_616B6,ida-ai,
0x0616E2,0x061712,dtc_handler_616E2,ida-ai,
0x061712,0x0617EA,dtc_handler_61712,ida-ai,
0x0617EA,0x061818,dtc_handler_617EA,ida-ai,
0x061818,0x06184C,dtc_handler_61818,ida-ai,
0x06184C,0x06193E,dtc_handler_6184C,ida-ai,
0x06193E,0x061972,dtc_handler_6193E,ida-ai,
0x061972,0x061994,dtc_handler_61972,ida-ai,
0x061994,0x0619B6,dtc_handler_61994,ida-ai,
0x0619E0,0x061A22,dtc_handler_619E0,ida-ai,
0x061A22,0x061A3E,dtc_handler_61A22,ida-ai,
0x061A50,0x061AAA,dtc_handler_61A50,ida-ai,
0x061AAA,0x061ACE,dtc_handler_61AAA,ida-ai,
0x061D2A,0x061E34,dtc_handler_61D2A,ida-ai,
0x061E8C,0x061FFC,dtc_handler_61E8C,ida-ai,
0x062002,0x06218A,can_frame_dispatch_62002,ida-ai,
0x06223C,0x062274,can_encode_handler_6223C,ida-ai,
0x0622F0,0x0622F6,can_encode_handler_622F0,ida-ai,
0x0622F6,0x062316,can_encode_handler_622F6,ida-ai,
0x062334,0x0623F6,can_encode_handler_62334,ida-ai,
0x062522,0x062530,can_encode_handler_62522,ida-ai,
0x062530,0x06253E,can_encode_handler_62530,ida-ai,
0x06253E,0x062564,can_encode_handler_6253E,ida-ai,
0x062564,0x06257E,can_encode_handler_62564,ida-ai,
0x062750,0x062756,can_encode_handler_62750,ida-ai,
0x062756,0x062764,can_encode_handler_62756,ida-ai,
0x062764,0x0628EC,can_encode_handler_62764,ida-ai,
0x0628EC,0x0629EE,can_encode_handler_628EC,ida-ai,
0x0629FC,0x062A7C,can_encode_handler_629FC,ida-ai,
0x062A7C,0x062AA4,can_encode_handler_62A7C,ida-ai,
0x062ABC,0x062B24,can_encode_handler_62ABC,ida-ai,
0x062B24,0x062B74,can_encode_handler_62B24,ida-ai,
0x062B74,0x062B96,can_encode_handler_62B74,ida-ai,
0x062BB8,0x062C14,can_encode_handler_62BB8,ida-ai,
0x062CD8,0x062D1C,can_encode_handler_62CD8,ida-ai,
0x062D1C,0x062D98,can_encode_handler_62D1C,ida-ai,
0x062D98,0x062DDC,can_encode_handler_62D98,ida-ai,
0x062DDC,0x062DEC,can_encode_handler_62DDC,ida-ai,
0x062DEC,0x062E5C,can_encode_handler_62DEC,ida-ai,
0x062E5C,0x062F22,can_encode_handler_62E5C,ida-ai,
0x062FAC,0x0630A4,can_encode_handler_62FAC,ida-ai,
0x0630A4,0x063110,obd_service_handler_630A4,ida-ai,
0x063110,0x063184,obd_service_handler_63110,ida-ai,
0x0631DC,0x0632D6,obd_service_handler_631DC,ida-ai,
0x0632D6,0x0632F4,obd_service_handler_632D6,ida-ai,
0x0632F4,0x063312,obd_service_handler_632F4,ida-ai,
0x063312,0x063330,obd_service_handler_63312,ida-ai,
0x063330,0x063354,obd_service_handler_63330,ida-ai,
0x063354,0x063378,obd_service_handler_63354,ida-ai,
0x063378,0x0634E4,obd_service_handler_63378,ida-ai,
0x06364C,0x0636DC,obd_service_handler_6364C,ida-ai,
0x0636DC,0x063748,obd_service_handler_636DC,ida-ai,
0x063768,0x0637EA,obd_service_handler_63768,ida-ai,
0x0637EA,0x063814,obd_service_handler_637EA,ida-ai,
0x063814,0x063834,obd_service_handler_63814,ida-ai,
0x063834,0x063886,obd_service_handler_63834,ida-ai,
0x063886,0x0638A6,obd_service_handler_63886,ida-ai,
0x0638A6,0x0638F8,obd_service_handler_638A6,ida-ai,
0x0638F8,0x063918,obd_service_handler_638F8,ida-ai,
0x06396A,0x06398A,obd_service_handler_6396A,ida-ai,
0x0639DC,0x0639FC,obd_service_handler_639DC,ida-ai,
0x063A62,0x063A82,obd_service_handler_63A62,ida-ai,
0x063A82,0x063AD4,obd_service_handler_63A82,ida-ai,
0x063AD4,0x063AF4,obd_service_handler_63AD4,ida-ai,
0x063AF4,0x063B46,obd_service_handler_63AF4,ida-ai,
0x063B46,0x063B66,obd_service_handler_63B46,ida-ai,
0x063BB8,0x063BE6,obd_service_handler_63BB8,ida-ai,
0x063BE6,0x063C38,obd_service_handler_63BE6,ida-ai,
0x063C38,0x063C66,obd_service_handler_63C38,ida-ai,
0x063C66,0x063CC6,obd_service_handler_63C66,ida-ai,
0x063CC6,0x063DD2,obd_service_handler_63CC6,ida-ai,
0x063DD2,0x063EF4,obd_service_handler_63DD2,ida-ai,
0x063EF4,0x063F52,obd_service_handler_63EF4,ida-ai,
0x063F7C,0x06402A,obd_service_handler_63F7C,ida-ai,
0x06402A,0x06409A,obd_service_handler_6402A,ida-ai,
0x0640BC,0x064142,obd_service_handler_640BC,ida-ai,
0x064142,0x064258,obd_service_handler_64142,ida-ai,
0x064258,0x06429E,obd_service_handler_64258,ida-ai,
0x06429E,0x0642CE,obd_service_handler_6429E,ida-ai,
0x06431E,0x064344,obd_service_handler_6431E,ida-ai,
0x06435C,0x0643AE,obd_service_handler_6435C,ida-ai,
0x0643AE,0x0643D4,obd_service_handler_643AE,ida-ai,
0x0643D4,0x064418,obd_service_handler_643D4,ida-ai,
0x064418,0x06443E,obd_service_handler_64418,ida-ai,
0x064490,0x0644C4,obd_service_handler_64490,ida-ai,
0x06451C,0x06454A,obd_service_handler_6451C,ida-ai,
0x06459C,0x064604,obd_service_handler_6459C,ida-ai,
0x064658,0x0646D4,obd_service_handler_64658,ida-ai,
0x064726,0x0647BC,obd_service_handler_64726,ida-ai,
0x0647C8,0x064860,obd_service_handler_647C8,ida-ai,
0x064860,0x0648B4,obd_service_handler_64860,ida-ai,
0x0648B4,0x0648E4,obd_service_handler_648B4,ida-ai,
0x064908,0x064938,obd_service_handler_64908,ida-ai,
0x064938,0x064984,obd_service_handler_64938,ida-ai,
0x0649A0,0x064A40,obd_service_handler_649A0,ida-ai,
0x064A40,0x064A46,obd_service_handler_64A40,ida-ai,
0x064A46,0x064A82,obd_service_handler_64A46,ida-ai,
0x064AC4,0x064B30,obd_service_handler_64AC4,ida-ai,
0x064B30,0x064B5E,obd_service_handler_64B30,ida-ai,
0x064B5E,0x064B92,obd_service_handler_64B5E,ida-ai,
0x064BB0,0x064C70,obd_service_handler_64BB0,ida-ai,
0x064C70,0x064CA4,obd_service_handler_64C70,ida-ai,
0x064CA4,0x064CC6,obd_service_handler_64CA4,ida-ai,
0x064CF4,0x064D16,obd_service_handler_64CF4,ida-ai,
0x064D16,0x064D4E,obd_service_handler_64D16,ida-ai,
0x064D4E,0x064D96,obd_service_handler_64D4E,ida-ai,
0x064D96,0x064DD4,obd_service_handler_64D96,ida-ai,
0x064DF4,0x064E54,obd_service_handler_64DF4,ida-ai,
0x064E54,0x064EBA,obd_service_handler_64E54,ida-ai,
0x064EBA,0x064EE2,obd_service_handler_64EBA,ida-ai,
0x064F20,0x064F4E,obd_service_handler_64F20,ida-ai,
0x064F4E,0x064F68,obd_service_handler_64F4E,ida-ai,
0x064F68,0x064F6C,ctrl_nullsub_64f68,ida-ai,
0x064F6C,0x064F98,obd_service_handler_64F6C,ida-ai,
0x064F98,0x065016,obd_service_handler_64F98,ida-ai,
0x06505C,0x06516E,obd_service_handler_6505C,ida-ai,
0x0651B8,0x0652C4,obd_service_handler_651B8,ida-ai,
0x065308,0x06534E,obd_service_handler_65308,ida-ai,
0x06534E,0x065354,obd_service_handler_6534E,ida-ai,
0x065354,0x0653AE,obd_service_handler_65354,ida-ai,
0x0653AE,0x065408,obd_service_handler_653AE,ida-ai,
0x06556C,0x06569C,obd_service_handler_6556C,ida-ai,
0x0656B0,0x0657B0,obd_service_handler_656B0,ida-ai,
0x0657B0,0x0657E2,obd_service_handler_657B0,ida-ai,
0x0657E2,0x0658F6,obd_service_handler_657E2,ida-ai,
0x0658F6,0x06590C,obd_service_handler_658F6,ida-ai,
0x06590C,0x065920,obd_service_handler_6590C,ida-ai,
0x065920,0x065980,obd_service_handler_65920,ida-ai,
0x065980,0x0659B8,obd_service_handler_65980,ida-ai,
0x0659D0,0x065A46,obd_service_handler_659D0,ida-ai,
0x065A46,0x065AC8,obd_service_handler_65A46,ida-ai,
0x065AC8,0x065B26,obd_service_handler_65AC8,ida-ai,
0x065B26,0x065B94,obd_service_handler_65B26,ida-ai,
0x065B94,0x065C42,obd_service_handler_65B94,ida-ai,
0x065C42,0x065CAC,obd_service_handler_65C42,ida-ai,
0x065CAC,0x065CF0,obd_service_handler_65CAC,ida-ai,
0x065CF0,0x065D20,obd_service_handler_65CF0,ida-ai,
0x065D50,0x065D80,obd_service_handler_65D50,ida-ai,
0x065D80,0x065DFA,obd_service_handler_65D80,ida-ai,
0x065E1C,0x065EBC,obd_service_handler_65E1C,ida-ai,
0x065EBC,0x065FD8,obd_service_handler_65EBC,ida-ai,
0x065FD8,0x066004,obd_service_handler_65FD8,ida-ai,
0x066020,0x06604E,obd_service_handler_66020,ida-ai,
0x066052,0x06606C,obd_service_handler_66052,ida-ai,
0x06606C,0x066094,obd_service_handler_6606C,ida-ai,
0x066094,0x0660CC,obd_service_handler_66094,ida-ai,
0x0660CC,0x066170,obd_service_handler_660CC,ida-ai,
0x0661B4,0x0661BC,obd_service_handler_661B4,ida-ai,
0x066208,0x066216,obd_service_handler_66208,ida-ai,
0x066372,0x0663BC,obd_service_handler_66372,ida-ai,
0x0663BC,0x066416,obd_service_handler_663BC,ida-ai,
0x066600,0x066648,obd_service_handler_66600,ida-ai,
0x066648,0x0666A2,obd_service_handler_66648,ida-ai,
0x066892,0x0668E4,obd_service_handler_66892,ida-ai,
0x06690C,0x0669D2,obd_service_handler_6690C,ida-ai,
0x0669D2,0x066A20,obd_service_handler_669D2,ida-ai,
0x066BAE,0x066BD6,obd_service_handler_66BAE,ida-ai,
0x066BD6,0x066C08,obd_service_handler_66BD6,ida-ai,
0x066F00,0x066F16,obd_service_handler_66F00,ida-ai,
0x066F3C,0x066F62,obd_service_handler_66F3C,ida-ai,
0x066F62,0x067008,obd_service_handler_66F62,ida-ai,
0x067008,0x06705C,obd_service_handler_67008,ida-ai,
0x06705C,0x06708E,obd_service_handler_6705C,ida-ai,
0x0670B4,0x0670E6,obd_service_handler_670B4,ida-ai,
0x0670E6,0x067104,obd_service_handler_670E6,ida-ai,
0x067104,0x067154,obd_service_handler_67104,ida-ai,
0x067154,0x067166,obd_service_handler_67154,ida-ai,
0x067166,0x0671F0,obd_service_handler_67166,ida-ai,
0x067204,0x0672D6,obd_service_handler_67204,ida-ai,
0x0672DA,0x067386,obd_service_handler_672DA,ida-ai,
0x067386,0x0673FA,obd_service_handler_67386,ida-ai,
0x0673FA,0x067424,obd_service_handler_673FA,ida-ai,
0x06743C,0x067482,obd_service_handler_6743C,ida-ai,
0x067482,0x067494,obd_service_handler_67482,ida-ai,
0x067494,0x067534,obd_service_handler_67494,ida-ai,
0x067534,0x067538,obd_service_handler_67534,ida-ai,
0x067538,0x0675AC,obd_service_handler_67538,ida-ai,
0x0675AC,0x0675CA,obd_service_handler_675AC,ida-ai,
0x0675CA,0x0675E6,obd_service_handler_675CA,ida-ai,
0x0675E6,0x067634,obd_service_handler_675E6,ida-ai,
0x067688,0x0676BC,obd_service_handler_67688,ida-ai,
0x0676BC,0x0676F0,obd_service_handler_676BC,ida-ai,
0x0676F0,0x0677B2,obd_service_handler_676F0,ida-ai,
0x0677CC,0x067858,obd_service_handler_677CC,ida-ai,
0x06786C,0x067896,obd_service_handler_6786C,ida-ai,
0x067896,0x067942,obd_service_handler_67896,ida-ai,
0x067942,0x0679B2,obd_service_handler_67942,ida-ai,
0x0679C8,0x067AD0,obd_service_handler_679C8,ida-ai,
0x067B78,0x067B9C,obd_service_handler_67B78,ida-ai,
0x067B9C,0x067BFE,obd_service_handler_67B9C,ida-ai,
0x067BFE,0x067C14,obd_service_handler_67BFE,ida-ai,
0x067C14,0x067C2C,obd_service_handler_67C14,ida-ai,
0x067C2C,0x067C72,obd_service_handler_67C2C,ida-ai,
0x067D28,0x067D4C,obd_service_handler_67D28,ida-ai,
0x067D4C,0x067D62,obd_service_handler_67D4C,ida-ai,
0x067D62,0x067D88,obd_service_handler_67D62,ida-ai,
0x067D88,0x067DF8,obd_service_handler_67D88,ida-ai,
0x067E1C,0x067EB2,obd_service_handler_67E1C,ida-ai,
0x067EB2,0x067F30,obd_service_handler_67EB2,ida-ai,
0x067F54,0x067FEC,obd_service_handler_67F54,ida-ai,
0x067FEC,0x067FFE,obd_service_handler_67FEC,ida-ai,
0x067FFE,0x068030,obd_service_handler_67FFE,ida-ai,
0x068030,0x068062,obd_service_handler_68030,ida-ai,
0x068078,0x06808E,obd_service_handler_68078,ida-ai,
0x0680B0,0x068104,obd_service_handler_680B0,ida-ai,
0x068104,0x06811A,obd_service_handler_68104,ida-ai,
0x06811A,0x06816E,obd_service_handler_6811A,ida-ai,
0x06816E,0x06819C,obd_service_handler_6816E,ida-ai,
0x06819C,0x0681B4,obd_service_handler_6819C,ida-ai,
0x0681B4,0x06822E,obd_service_handler_681B4,ida-ai,
0x06822E,0x068262,obd_service_handler_6822E,ida-ai,
0x068262,0x0682DA,obd_service_handler_68262,ida-ai,
0x0682DA,0x0682F0,obd_service_handler_682DA,ida-ai,
0x0682F0,0x068344,obd_service_handler_682F0,ida-ai,
0x068358,0x0683BC,obd_service_handler_68358,ida-ai,
0x0683CC,0x068460,obd_service_handler_683CC,ida-ai,
0x0684C4,0x068552,obd_service_handler_684C4,ida-ai,
0x068552,0x068564,obd_service_handler_68552,ida-ai,
0x068564,0x068594,obd_service_handler_68564,ida-ai,
0x068594,0x0685C4,obd_service_handler_68594,ida-ai,
0x0685C4,0x0685D8,obd_service_handler_685C4,ida-ai,
0x0685F8,0x068642,obd_service_handler_685F8,ida-ai,
0x068642,0x068656,obd_service_handler_68642,ida-ai,
0x068656,0x0686A0,obd_service_handler_68656,ida-ai,
0x0686A0,0x0686B4,obd_service_handler_686A0,ida-ai,
0x0686B4,0x0686FE,obd_service_handler_686B4,ida-ai,
0x0686FE,0x068720,obd_service_handler_686FE,ida-ai,
0x068774,0x068780,obd_service_handler_68774,ida-ai,
0x068780,0x06879C,obd_service_handler_68780,ida-ai,
0x06879C,0x0687C8,obd_service_handler_6879C,ida-ai,
0x068820,0x06884C,obd_service_handler_68820,ida-ai,
0x068858,0x0688B4,obd_service_handler_68858,ida-ai,
0x068B50,0x068B5C,alternating_sensor_handler_68B50,ida-ai,
0x068B60,0x068B96,fuel_ignition_write_handler_68B60,ida-ai,
0x068BC0,0x068BF6,obd_service_handler_68BC0,ida-ai,
0x068BF6,0x068C2E,obd_service_handler_68BF6,ida-ai,
0x068D70,0x068D74,obd_service_handler_68D70,ida-ai,
0x068DD4,0x068DF0,obd_service_handler_68DD4,ida-ai,
0x068DF0,0x068E10,obd_service_handler_68DF0,ida-ai,
0x068E10,0x068E28,obd_service_handler_68E10,ida-ai,
0x068E68,0x068EF0,obd_service_handler_68E68,ida-ai,
0x068F84,0x068FDA,obd_service_handler_68F84,ida-ai,
0x068FDA,0x06905C,obd_service_handler_68FDA,ida-ai,
0x06905C,0x069096,obd_service_handler_6905C,ida-ai,
0x0690C4,0x069134,obd_service_handler_690C4,ida-ai,
0x069134,0x06914E,obd_service_handler_69134,ida-ai,
0x06914E,0x069168,obd_service_handler_6914E,ida-ai,
0x069168,0x0691A0,obd_service_handler_69168,ida-ai,
0x0691A0,0x0691B2,obd_service_handler_691A0,ida-ai,
0x0691B2,0x069200,obd_service_handler_691B2,ida-ai,
0x069200,0x069224,obd_service_handler_69200,ida-ai,
0x069224,0x069262,obd_service_handler_69224,ida-ai,
0x069262,0x0692A4,obd_service_handler_69262,ida-ai,
0x0692A4,0x069300,obd_service_handler_692A4,ida-ai,
0x069300,0x069304,obd_service_handler_69300,ida-ai,
0x06934C,0x069366,obd_service_handler_6934C,ida-ai,
0x0694C2,0x06951E,obd_service_handler_694C2,ida-ai,
0x06951E,0x069524,obd_service_handler_6951E,ida-ai,
0x069524,0x06954C,obd_service_handler_69524,ida-ai,
0x06954C,0x06955E,obd_service_handler_6954C,ida-ai,
0x06955E,0x069582,obd_service_handler_6955E,ida-ai,
0x069582,0x0695A2,obd_service_handler_69582,ida-ai,
0x0695D4,0x0695E0,obd_service_handler_695D4,ida-ai,
0x0695E4,0x069602,obd_service_handler_695E4,ida-ai,
0x069602,0x069624,obd_service_handler_69602,ida-ai,
0x069624,0x069694,obd_service_handler_69624,ida-ai,
0x069694,0x06969E,obd_service_handler_69694,ida-ai,
0x0696D4,0x0696DC,obd_service_handler_696D4,ida-ai,
0x069792,0x0697A0,obd_service_handler_69792,ida-ai,
0x0697A0,0x0697A6,obd_service_handler_697A0,ida-ai,
0x0697A6,0x0697AC,obd_service_handler_697A6,ida-ai,
0x0697B2,0x0697B8,obd_service_handler_697B2,ida-ai,
0x0697BE,0x0697C4,obd_service_handler_697BE,ida-ai,
0x0697E8,0x06987A,obd_service_handler_697E8,ida-ai,
0x06987A,0x069900,obd_service_handler_6987A,ida-ai,
0x069B9E,0x069BB0,obd_service_handler_69B9E,ida-ai,
0x06A240,0x06A25C,obd_service_handler_6A240,ida-ai,
0x06ACC4,0x06ACD8,obd_service_handler_6ACC4,ida-ai,
0x06B00E,0x06B070,obd_service_handler_6B00E,ida-ai,
0x06B070,0x06B0A6,obd_service_handler_6B070,ida-ai,
0x06B0A6,0x06B118,obd_service_handler_6B0A6,ida-ai,
0x06B1C0,0x06B1DC,obd_service_handler_6B1C0,ida-ai,
0x06B1DC,0x06B1F8,obd_service_handler_6B1DC,ida-ai,
0x06B1F8,0x06B1FA,obd_service_handler_6B1F8,ida-ai,
0x06B358,0x06B36C,obd_service_handler_6B358,ida-ai,
0x06BC0C,0x06BC0E,obd_service_handler_6BC0C,ida-ai,
0x06BE6A,0x06BE7A,obd_service_handler_6BE6A,ida-ai,
0x06BFCC,0x06BFE0,obd_service_handler_6BFCC,ida-ai,
0x06BFE0,0x06C0AA,obd_service_handler_6BFE0,ida-ai,
0x06C0AA,0x06C122,obd_service_handler_6C0AA,ida-ai,
0x06C166,0x06C20A,obd_service_handler_6C166,ida-ai,
