addr,end,name,source,flag
0x000040,0x00004C,FUN_00000040,ghidra-auto,
0x00004C,0x000064,FUN_0000004c,ghidra-auto,
0x000064,0x00007C,FUN_00000064,ghidra-auto,
0x00007C,0x00031C,FUN_0000007c,ghidra-auto,
0x00031C,0x0003B0,watchdogTimerRead,ghidra-hand,
0x0003B0,0x0003D4,task_queue_get_next,ida-ai-xmap,DUBIOUS
0x0003D4,0x0003E0,hw_init_3,ida-ai-xmap,DUBIOUS
0x0003E0,0x00041C,task_queue_pending_count,ida-ai-xmap,DUBIOUS
0x00041C,0x000450,hw_init_2,ida-ai-xmap,DUBIOUS
0x000450,0x0004E0,eeprom_read_validate,ida-ai-xmap,DUBIOUS
0x0004E0,0x000572,main_init,ghidra-hand,
0x000572,0x0005B0,wdt_init,ghidra-hand,
0x0005B0,0x000624,checkWatchdogTimer_OVRCOUNT,ghidra-hand,
0x000624,0x000636,is_eeprom_valid,ida-ai-xmap,DUBIOUS
0x000636,0x0006C8,validate_data_block_header,ida-ai-xmap,DUBIOUS
0x0006C8,0x0007C0,FUN_000006c8,ghidra-auto,
0x0007C0,0x000806,serial_data_write_handler,ida-ai-xmap,DUBIOUS
0x000806,0x00087C,data_transfer_setup,ida-ai-xmap,DUBIOUS
0x00087C,0x0008B4,memset_ram_bounded,ida-ai-xmap,DUBIOUS
0x0008B4,0x0008B8,Illegal_instr,ghidra-hand,
0x0008B8,0x0008CC,Manual_Reset,ghidra-hand,
0x0008CC,0x0008F6,bsc_init,ida-ai-xmap,DUBIOUS
0x0008F6,0x0009FC,FUN_000008f6,ghidra-auto,
0x0009FC,0x000ACE,INT_ATU102_IMI10AG,ghidra-hand,
0x000ACE,0x001008,FUN_00000ace,ghidra-auto,
0x001008,0x001038,validate_rom_calibration_id,ida-ai-xmap,DUBIOUS
0x001038,0x001090,reset_ZERO,ghidra-hand,
0x001090,0x00109C,FUN_00001090,ghidra-auto,
0x00109C,0x0010FE,resetOBDCAN?,ghidra-hand,
0x0010FE,0x001150,FUN_000010fe,ghidra-auto,
0x001150,0x001182,atu_wait_and_transfer,ida-ai-xmap,DUBIOUS
0x001182,0x0011C4,atu_clear_status_flags,ida-ai-xmap,DUBIOUS
0x0011C4,0x0011CC,writeImmoBitZero?,ghidra-hand,
0x0011CC,0x0011FA,checkWatchdogForOverflowandReset,ghidra-hand,
0x0011FA,0x00125C,serial_build_and_send_frame,ida-ai-xmap,DUBIOUS
0x00125C,0x001272,serial_try_receive,ida-ai-xmap,DUBIOUS
0x001272,0x001298,FUN_00001272,ghidra-auto,
0x001298,0x0012A2,callManualReset?,ghidra-hand,
0x0012A2,0x001364,FUN_000012a2,ghidra-auto,
0x001364,0x001378,resetWatchdog?,ghidra-hand,
0x001378,0x001414,FUN_00001378,ghidra-auto,
0x001414,0x00154C,seemsImportant,ghidra-hand,
0x00154C,0x0015A6,FUN_0000154c,ghidra-auto,
0x0015A6,0x001624,FUN_000015a6,ghidra-auto,
0x001624,0x001654,diag_send_status_frame,ida-ai-xmap,DUBIOUS
0x001654,0x0016DC,FUN_00001654,ghidra-auto,
0x0016DC,0x00170A,handleException?,ghidra-hand,
0x00170A,0x001774,FUN_0000170a,ghidra-auto,
0x001774,0x0017F0,FUN_00001774,ghidra-auto,
0x0017F0,0x001858,diag_request_download_sid10,ida-ai-xmap,DUBIOUS
0x001858,0x00197A,FUN_00001858,ghidra-auto,
0x00197A,0x0019CE,FUN_0000197a,ghidra-auto,
0x0019CE,0x001A50,FUN_000019ce,ghidra-auto,
0x001A50,0x001AC0,FUN_00001a50,ghidra-auto,
0x001AC0,0x001AD6,FUN_00001ac0,ghidra-auto,
0x001AD6,0x001C04,FUN_00001ad6,ghidra-auto,
0x001C04,0x001D30,diag_transfer_data_sid36,ida-ai-xmap,DUBIOUS
0x001D30,0x001D78,diag_transfer_exit_sid37,ida-ai-xmap,DUBIOUS
0x001D78,0x001E34,diag_custom_cmd_B1,ida-ai-xmap,DUBIOUS
0x001E34,0x001E4C,atu_read_timer_value,ida-ai-xmap,DUBIOUS
0x001E4C,0x001E72,FUN_00001e4c,ghidra-auto,
0x001E72,0x001E94,atu_read_capture_value,ida-ai-xmap,DUBIOUS
0x001E94,0x001EB2,FUN_00001e94,ghidra-auto,
0x001EB2,0x001ED0,FUN_00001eb2,ghidra-auto,
0x001ED0,0x001FA2,FUN_00001ed0,ghidra-auto,
0x001FA2,0x001FBC,FUN_00001fa2,ghidra-auto,
0x001FBC,0x001FE2,FUN_00001fbc,ghidra-auto,
0x001FE2,0x002034,FUN_00001fe2,ghidra-auto,
0x002034,0x002044,checksum_complement_add,ida-ai-xmap,DUBIOUS
0x002044,0x002054,invertAndReturn_8bit_ADDR,ghidra-hand,
0x002054,0x002064,setSR_PARAM,ghidra-hand,
0x002064,0x002068,loadStatusRegister_ADDR,ghidra-hand,
0x002068,0x0020AC,2DLookup,ghidra-hand,
0x0020AC,0x0020C4,2DLookup_FP_8bit,ghidra-hand,
0x0020C4,0x0020DC,2DLookup_FP_16bit,ghidra-hand,
0x0020DC,0x002120,3dLookup,ghidra-hand,
0x002120,0x00213C,3DLookup_FP_8bit,ghidra-hand,
0x00213C,0x002158,3DLookup_FP_16bit,ghidra-hand,
0x002158,0x002304,LongFunc,ghidra-hand,
0x002304,0x00231C,addS32Saturate,ida-ai-xmap,DUBIOUS
0x00231C,0x00239C,mul32_saturated,ghidra-hand,
0x00239C,0x0023B0,delay_loop_n8,ida-ai-xmap,DUBIOUS
0x0023B0,0x0023DC,firstOrderFilter,ghidra-hand,
0x0023DC,0x0023E4,subtractAbsolute,ghidra-hand,
0x0023E4,0x0023F4,saturateLow_SIGNAL_LOWERBOUND,ghidra-hand,
0x0023F4,0x002404,minValue,ghidra-hand,
0x002404,0x002420,saturate_SIGNAL_LOWER_UPPER,ghidra-hand,
0x002420,0x002430,complement_shift_u8,ghidra-hand,
0x002430,0x002440,complement_shift_u16,ida-ai-xmap,DUBIOUS
0x002440,0x002460,isNotZero_wDivideByZero_Protect,ghidra-hand,
0x002460,0x002478,add16bitSaturate_ADD1_ADD2,ghidra-hand,
0x002478,0x002490,addSaturate8Bit,ghidra-hand,
0x002490,0x0024C0,floatToFP_16bit_NUMBER_SCALAR_OFFSET,ghidra-hand,
0x0024C0,0x0024D0,fixedPointToFloat_16bit_MULT_OFF_SIG,ghidra-hand,
0x0024D0,0x002500,floatToInt_SIGNAL_MULT_OFFSET,ghidra-hand,
0x002500,0x002510,fixedPointToFloat_8bit_MULT_OFF_SIG,ghidra-hand,
0x002510,0x00253C,interp_bilinear_weight_calc,ghidra-hand,
0x00253C,0x00256C,interpolate_floatTable,ghidra-hand,
0x00256C,0x002598,lookup_char,ghidra-hand,
0x002598,0x0025C8,lookup_short,ghidra-hand,
0x0025C8,0x0025F4,interpolate_8bitTable,ghidra-hand,
0x0025F4,0x002624,interpolate_3d_uint16,ghidra-hand,
0x002624,0x002658,dataLookup,ghidra-hand,
0x002658,0x002678,indexLookupSomething,ghidra-hand,
0x002678,0x002690,interpolate_floatTable,ghidra-hand,
0x002690,0x0026B0,interpolate_shortTable,ghidra-hand,
0x0026B0,0x0026D0,interpolate_uint8Table,ghidra-hand,
0x0026D0,0x0026F4,interpolate_uint16Table,ghidra-hand,
0x0026F4,0x003238,interpolate_charTable,ghidra-hand,
0x003238,0x003280,task_context_save_enter,ida-ai-xmap,DUBIOUS
0x003280,0x0033B6,FUN_00003280,ghidra-auto,
0x0033B6,0x003490,FUN_000033b6,ghidra-auto,
0x003490,0x003588,FUN_00003490,ghidra-auto,
0x003588,0x0035CC,FUN_00003588,ghidra-auto,
0x0035CC,0x0035EE,task_flag_run_B,ida-ai-xmap,DUBIOUS
0x0035EE,0x003610,FUN_000035ee,ghidra-auto,
0x003610,0x0036D4,interrupt_priority_dispatch,ida-ai-xmap,DUBIOUS
0x0036D4,0x00375C,FUN_000036d4,ghidra-auto,
0x00375C,0x003854,FUN_0000375c,ghidra-auto,
0x003854,0x003920,task_execute_by_index,ida-ai-xmap,DUBIOUS
0x003920,0x003934,getSR,ghidra-hand,
0x003934,0x003954,setSR,ghidra-hand,
0x003954,0x003964,FUN_00003954,ghidra-auto,
0x003964,0x0039BA,task_queue_init,ida-ai-xmap,DUBIOUS
0x0039BA,0x003A28,FUN_000039ba,ghidra-auto,
0x003A28,0x003AC0,consistencyCheck,ghidra-hand,
0x003AC0,0x003AD8,task_set_current_ptr,ida-ai-xmap,DUBIOUS
0x003AD8,0x003BF4,task_context_switch,ida-ai-xmap,DUBIOUS
0x003BF4,0x003C2A,task_full_context_save,ida-ai-xmap,DUBIOUS
0x003C2A,0x003C68,FUN_00003c2a,ghidra-auto,
0x003C68,0x003C80,FUN_00003c68,ghidra-auto,
0x003C80,0x003D58,task_priority_scheduler,ghidra-hand,
0x003D58,0x003DAC,task_completion_handler,ghidra-hand,
0x003DAC,0x003DB0,FUN_00003dac,ghidra-auto,
0x003DB0,0x003E10,FUN_00003db0,ghidra-auto,
0x003E10,0x003EC0,FUN_00003e10,ghidra-auto,
0x003EC0,0x003F10,task_table_scan_init,ida-ai-xmap,DUBIOUS
0x003F10,0x003F88,task_dependency_handler,ida-ai-xmap,DUBIOUS
0x003F88,0x003F8C,FUN_00003f88,ghidra-auto,
0x003F8C,0x003F90,FUN_00003f8c,ghidra-auto,
0x003F90,0x003F9C,FUN_00003f90,ghidra-auto,
0x003F9C,0x003FA8,FUN_00003f9c,ghidra-auto,
0x003FA8,0x003FB0,FUN_00003fa8,ghidra-auto,
0x003FB0,0x003FE8,task_ready_check,ida-ai-xmap,DUBIOUS
0x003FE8,0x00409C,div32_signed,ida-ai-xmap,DUBIOUS
0x00409C,0x004144,div32_unsigned,ida-ai-xmap,DUBIOUS
0x004144,0x00420C,mod32_signed,ghidra-hand,
0x00420C,0x004218,div_trampoline_A,ida-ai-xmap,DUBIOUS
0x004218,0x0042B0,div_trampoline_B,ida-ai-xmap,DUBIOUS
0x0042B0,0x004308,memcpy_bytewise_unroll4,ida-ai-xmap,DUBIOUS
0x004308,0x0043C8,FUN_00004308,ghidra-auto,
0x0043C8,0x0044E0,shift_right_arithmetic_r0,ida-ai-xmap,DUBIOUS
0x0044E0,0x00467A,FUN_000044e0,ghidra-auto,
0x00467A,0x0046CC,shift_right_8_r0,ida-ai-xmap,DUBIOUS
0x0046CC,0x004740,checkFloatValidity?,ghidra-hand,
0x004740,0x004812,mul16_signed_saturated,ida-ai-xmap,DUBIOUS
0x004812,0x00481C,FUN_00004812,ghidra-auto,
0x00481C,0x0048C8,fixedpoint_scale_s16,ida-ai-xmap,DUBIOUS
0x0048C8,0x004B64,FUN_000048c8,ghidra-auto,
0x004B64,0x004B7C,FUN_00004b64,ghidra-auto,
0x004B7C,0x004B84,FUN_00004b7c,ghidra-auto,
0x004B84,0x004B9C,FUN_00004b84,ghidra-auto,
0x004B9C,0x004BB4,FUN_00004b9c,ghidra-auto,
0x004BB4,0x004BBC,FUN_00004bb4,ghidra-auto,
0x004BBC,0x004BCC,setRegister_REG_BIT_VAL,ghidra-hand,
0x004BCC,0x004BD4,FUN_00004bcc,ghidra-auto,
0x004BD4,0x004BE4,FUN_00004bd4,ghidra-auto,
0x004BE4,0x004C14,FUN_00004be4,ghidra-auto,
0x004C14,0x004C70,nop_delay_40cycles,ida-ai-xmap,DUBIOUS
0x004C70,0x004C76,FUN_00004c70,ghidra-auto,
0x004C76,0x004C7A,FUN_00004c76,ghidra-auto,
0x004C7A,0x004C80,stack_frame_set_sp,ghidra-hand,
0x004C80,0x004CB6,FUN_00004c80,ghidra-auto,
0x004CB6,0x004CF0,FUN_00004cb6,ghidra-auto,
0x004CF0,0x004D2E,sfr_init_dma_channels,ida-ai-xmap,DUBIOUS
0x004D2E,0x004DEA,setRegisters,ghidra-hand,
0x004DEA,0x004DEE,FUN_00004dea,ghidra-auto,
0x004DEE,0x004E06,ubc_breakpoint_config_init,ida-ai-xmap,DUBIOUS
0x004E06,0x004E0A,thunk_FUN_00004dee,ghidra-auto,
0x004E0A,0x004E0E,noOpFunc,ghidra-hand,
0x004E0E,0x004E12,FUN_00004e0e,ghidra-auto,
0x004E12,0x004E6C,noOpFunc2,ghidra-hand,
0x004E6C,0x004F00,atu_channel_port_init,ida-ai-xmap,DUBIOUS
0x004F00,0x004FD6,atu_capture_compare_init,ida-ai-xmap,DUBIOUS
0x004FD6,0x005020,FUN_00004fd6,ghidra-auto,
0x005020,0x005024,noOpFun3,ghidra-hand,
0x005024,0x005032,writeWatchdog_disable?,ghidra-hand,
0x005032,0x005036,writeWatchdog_disable?,ghidra-hand,
0x005036,0x00503A,FUN_00005036,ghidra-auto,
0x00503A,0x00503E,noOpFunc4,ghidra-hand,
0x00503E,0x005056,sci_all_channels_clock_async,ida-ai-xmap,DUBIOUS
0x005056,0x00505A,noOpFunc5,ghidra-hand,
0x00505A,0x00505E,FUN_0000505a,ghidra-auto,
0x00505E,0x005062,noOpFunc6,ghidra-hand,
0x005062,0x0050A6,atu_channel_i_config_A,ida-ai-xmap,DUBIOUS
0x0050A6,0x0050AA,noOpFunc7,ghidra-hand,
0x0050AA,0x0051C8,atu_channel_i_config_B,ida-ai-xmap,DUBIOUS
0x0051C8,0x00522A,atu_prescaler_mode_init,ida-ai-xmap,DUBIOUS
0x00522A,0x00527E,atu_channel_i_config_C,ida-ai-xmap,DUBIOUS
0x00527E,0x00528E,callsFlash??,ghidra-hand,
0x00528E,0x005292,intc_clear_flag_trampoline,ghidra-hand,
0x005292,0x0052B0,FUN_00005292,ghidra-auto,
0x0052B0,0x005348,atu_status_check_and_branch,ida-ai-xmap,DUBIOUS
0x005348,0x0053C6,FUN_00005348,ghidra-auto,
0x0053C6,0x0053D2,FUN_000053c6,ghidra-auto,
0x0053D2,0x0053DE,FUN_000053d2,ghidra-auto,
0x0053DE,0x0053EA,FUN_000053de,ghidra-auto,
0x0053EA,0x0053F6,FUN_000053ea,ghidra-auto,
0x0053F6,0x005402,FUN_000053f6,ghidra-auto,
0x005402,0x00540E,FUN_00005402,ghidra-auto,
0x00540E,0x00541A,FUN_0000540e,ghidra-auto,
0x00541A,0x005426,FUN_0000541a,ghidra-auto,
0x005426,0x005434,FUN_00005426,ghidra-auto,
0x005434,0x005474,FUN_00005434,ghidra-auto,
0x005474,0x005482,FUN_00005474,ghidra-auto,
0x005482,0x005490,FUN_00005482,ghidra-auto,
0x005490,0x00549A,FUN_00005490,ghidra-auto,
0x00549A,0x0054A6,FUN_0000549a,ghidra-auto,
0x0054A6,0x0054B2,FUN_000054a6,ghidra-auto,
0x0054B2,0x0054BE,FUN_000054b2,ghidra-auto,
0x0054BE,0x0054CA,FUN_000054be,ghidra-auto,
0x0054CA,0x0054D6,FUN_000054ca,ghidra-auto,
0x0054D6,0x0054EA,FUN_000054d6,ghidra-auto,
0x0054EA,0x0054F6,FUN_000054ea,ghidra-auto,
0x0054F6,0x005502,FUN_000054f6,ghidra-auto,
0x005502,0x00550E,FUN_00005502,ghidra-auto,
0x00550E,0x00551A,FUN_0000550e,ghidra-auto,
0x00551A,0x005526,FUN_0000551a,ghidra-auto,
0x005526,0x005532,FUN_00005526,ghidra-auto,
0x005532,0x00553E,FUN_00005532,ghidra-auto,
0x00553E,0x005564,FUN_0000553e,ghidra-auto,
0x005564,0x0055A0,FUN_00005564,ghidra-auto,
0x0055A0,0x0055B2,FUN_000055a0,ghidra-auto,
0x0055B2,0x0055C4,FUN_000055b2,ghidra-auto,
0x0055C4,0x0055E8,FUN_000055c4,ghidra-auto,
0x0055E8,0x0055FA,FUN_000055e8,ghidra-auto,
0x0055FA,0x00560C,FUN_000055fa,ghidra-auto,
0x00560C,0x00561E,FUN_0000560c,ghidra-auto,
0x00561E,0x005630,FUN_0000561e,ghidra-auto,
0x005630,0x00563C,FUN_00005630,ghidra-auto,
0x00563C,0x005648,FUN_0000563c,ghidra-auto,
0x005648,0x005654,FUN_00005648,ghidra-auto,
0x005654,0x005660,FUN_00005654,ghidra-auto,
0x005660,0x00566C,FUN_00005660,ghidra-auto,
0x00566C,0x00567A,FUN_0000566c,ghidra-auto,
0x00567A,0x00578E,FUN_0000567a,ghidra-auto,
0x00578E,0x00579C,FUN_0000578e,ghidra-auto,
0x00579C,0x0057AA,FUN_0000579c,ghidra-auto,
0x0057AA,0x0057B8,FUN_000057aa,ghidra-auto,
0x0057B8,0x0057C6,FUN_000057b8,ghidra-auto,
0x0057C6,0x0058E0,FUN_000057c6,ghidra-auto,
0x0058E0,0x0058EE,FUN_000058e0,ghidra-auto,
0x0058EE,0x0058FC,FUN_000058ee,ghidra-auto,
0x0058FC,0x00590A,FUN_000058fc,ghidra-auto,
0x00590A,0x005918,FUN_0000590a,ghidra-auto,
0x005918,0x005926,FUN_00005918,ghidra-auto,
0x005926,0x005934,FUN_00005926,ghidra-auto,
0x005934,0x00596C,FUN_00005934,ghidra-auto,
0x00596C,0x00597A,FUN_0000596c,ghidra-auto,
0x00597A,0x005988,FUN_0000597a,ghidra-auto,
0x005988,0x005996,FUN_00005988,ghidra-auto,
0x005996,0x0059A4,FUN_00005996,ghidra-auto,
0x0059A4,0x0059B2,FUN_000059a4,ghidra-auto,
0x0059B2,0x0059C0,FUN_000059b2,ghidra-auto,
0x0059C0,0x0059CE,FUN_000059c0,ghidra-auto,
0x0059CE,0x005A1E,FUN_000059ce,ghidra-auto,
0x005A1E,0x005A22,thunk_FUN_00005348,ghidra-auto,
0x005A22,0x005A30,FUN_00005a22,ghidra-auto,
0x005A30,0x005A3E,FUN_00005a30,ghidra-auto,
0x005A3E,0x005A4C,FUN_00005a3e,ghidra-auto,
0x005A4C,0x005A58,FUN_00005a4c,ghidra-auto,
0x005A58,0x005AC0,FUN_00005a58,ghidra-auto,
0x005AC0,0x005ACE,FUN_00005ac0,ghidra-auto,
0x005ACE,0x005ADC,FUN_00005ace,ghidra-auto,
0x005ADC,0x005AEA,FUN_00005adc,ghidra-auto,
0x005AEA,0x005AF8,FUN_00005aea,ghidra-auto,
0x005AF8,0x005B06,FUN_00005af8,ghidra-auto,
0x005B06,0x005B14,FUN_00005b06,ghidra-auto,
0x005B14,0x005B20,FUN_00005b14,ghidra-auto,
0x005B20,0x005B2E,FUN_00005b20,ghidra-auto,
0x005B2E,0x005B3C,FUN_00005b2e,ghidra-auto,
0x005B3C,0x005B56,FUN_00005b3c,ghidra-auto,
0x005B56,0x005CC4,FUN_00005b56,ghidra-auto,
0x005CC4,0x005CD2,FUN_00005cc4,ghidra-auto,
0x005CD2,0x005CE2,FUN_00005cd2,ghidra-auto,
0x005CE2,0x005CEE,FUN_00005ce2,ghidra-auto,
0x005CEE,0x005CFE,FUN_00005cee,ghidra-auto,
0x005CFE,0x005D0A,FUN_00005cfe,ghidra-auto,
0x005D0A,0x005D16,FUN_00005d0a,ghidra-auto,
0x005D16,0x005D26,FUN_00005d16,ghidra-auto,
0x005D26,0x005D36,FUN_00005d26,ghidra-auto,
0x005D36,0x005D70,FUN_00005d36,ghidra-auto,
0x005D70,0x005D80,FUN_00005d70,ghidra-auto,
0x005D80,0x005D90,FUN_00005d80,ghidra-auto,
0x005D90,0x005DA0,FUN_00005d90,ghidra-auto,
0x005DA0,0x005DA6,FUN_00005da0,ghidra-auto,
0x005DA6,0x005DB6,FUN_00005da6,ghidra-auto,
0x005DB6,0x005DC6,FUN_00005db6,ghidra-auto,
0x005DC6,0x005DD6,FUN_00005dc6,ghidra-auto,
0x005DD6,0x005DDC,FUN_00005dd6,ghidra-auto,
0x005DDC,0x005DEC,FUN_00005ddc,ghidra-auto,
0x005DEC,0x005DFC,FUN_00005dec,ghidra-auto,
0x005DFC,0x005E0C,FUN_00005dfc,ghidra-auto,
0x005E0C,0x005E12,FUN_00005e0c,ghidra-auto,
0x005E12,0x005E22,FUN_00005e12,ghidra-auto,
0x005E22,0x005E32,FUN_00005e22,ghidra-auto,
0x005E32,0x005E42,FUN_00005e32,ghidra-auto,
0x005E42,0x005E48,FUN_00005e42,ghidra-auto,
0x005E48,0x005E58,FUN_00005e48,ghidra-auto,
0x005E58,0x005E68,FUN_00005e58,ghidra-auto,
0x005E68,0x005E78,FUN_00005e68,ghidra-auto,
0x005E78,0x005EBC,thunk_FUN_00009c86,ghidra-auto,
0x005EBC,0x005EC8,FUN_00005ebc,ghidra-auto,
0x005EC8,0x005ECE,FUN_00005ec8,ghidra-auto,
0x005ECE,0x005EDE,FUN_00005ece,ghidra-auto,
0x005EDE,0x005EEE,FUN_00005ede,ghidra-auto,
0x005EEE,0x005EF4,thunk_FUN_00009c86,ghidra-auto,
0x005EF4,0x005F18,FUN_00005ef4,ghidra-auto,
0x005F18,0x005F1C,noOp,ghidra-hand,
0x005F1C,0x006010,FUN_00005f1c,ghidra-auto,
0x006010,0x0060C8,task_handler_init_and_run,ida-ai-xmap,DUBIOUS
0x0060C8,0x0061A8,getSensorStuff??,ghidra-hand,
0x0061A8,0x0062A0,mainInit??,ghidra-hand,
0x0062A0,0x006360,FUN_000062a0,ghidra-auto,
0x006360,0x006366,thunk_FUN_000114fc,ghidra-auto,
0x006366,0x00636C,thunk_FUN_0001141c,ghidra-auto,
0x00636C,0x006372,thunk_FUN_0000abfa,ghidra-auto,
0x006372,0x0063F0,FUN_00006372,ghidra-auto,
0x0063F0,0x00648E,interruptSetup???,ghidra-hand,
0x00648E,0x0064BA,FUN_0000648e,ghidra-auto,
0x0064BA,0x0064E8,FUN_000064ba,ghidra-auto,
0x0064E8,0x0064F6,FUN_000064e8,ghidra-auto,
0x0064F6,0x006584,FUN_000064f6,ghidra-auto,
0x006584,0x006592,FUN_00006584,ghidra-auto,
0x006592,0x0065B2,FUN_00006592,ghidra-auto,
0x0065B2,0x0065CC,FUN_000065b2,ghidra-auto,
0x0065CC,0x0065DA,FUN_000065cc,ghidra-auto,
0x0065DA,0x0065E8,FUN_000065da,ghidra-auto,
0x0065E8,0x0065F6,FUN_000065e8,ghidra-auto,
0x0065F6,0x00661E,task1?,ghidra-hand,
0x00661E,0x006648,task2?,ghidra-hand,
0x006648,0x006652,FUN_00006648,ghidra-auto,
0x006652,0x00665C,FUN_00006652,ghidra-auto,
0x00665C,0x006666,FUN_0000665c,ghidra-auto,
0x006666,0x006670,FUN_00006666,ghidra-auto,
0x006670,0x006684,FUN_00006670,ghidra-auto,
0x006684,0x0066A6,FUN_00006684,ghidra-auto,
0x0066A6,0x0066AC,thunk_FUN_00011f3c,ghidra-auto,
0x0066AC,0x0066B2,thunk_FUN_00011c6a,ghidra-auto,
0x0066B2,0x006744,thunk_FUN_00011c6e,ghidra-auto,
0x006744,0x006796,getVehicleStatusInputs?,ghidra-hand,
0x006796,0x006842,atu2_capture_filter_update,ida-ai-xmap,DUBIOUS
0x006842,0x006846,FUN_00006842,ghidra-auto,
0x006846,0x006884,FUN_00006846,ghidra-auto,
0x006884,0x0069E2,sensorADCRead,ghidra-hand,
0x0069E2,0x006A28,fpu_context_clear_wrapper,ida-ai-xmap,DUBIOUS
0x006A28,0x006A4C,atu2_any_capture_pending,ida-ai-xmap,DUBIOUS
0x006A4C,0x006A90,FUN_00006a4c,ghidra-auto,
0x006A90,0x006B60,FUN_00006a90,ghidra-auto,
0x006B60,0x006B94,FUN_00006b60,ghidra-auto,
0x006B94,0x006C4C,atu2_read_captures_bank0,ida-ai-xmap,DUBIOUS
0x006C4C,0x006CC0,FUN_00006c4c,ghidra-auto,
0x006CC0,0x006CDC,FUN_00006cc0,ghidra-auto,
0x006CDC,0x006D7C,readADCs_coolantTempInHere??,ghidra-hand,
0x006D7C,0x006DE2,atu2_reconfig_mode_bank0,ida-ai-xmap,DUBIOUS
0x006DE2,0x006EC4,atu2_reconfig_mode_bank1,ida-ai-xmap,DUBIOUS
0x006EC4,0x006F16,FUN_00006ec4,ghidra-auto,
0x006F16,0x006FB0,atu2_edge_capture_config,ida-ai-xmap,DUBIOUS
0x006FB0,0x007070,readADCResult,ghidra-hand,
0x007070,0x007088,atu_control_bits_set,ida-ai-xmap,DUBIOUS
0x007088,0x0070AC,atu_fpu_control_wrapper,ida-ai-xmap,DUBIOUS
0x0070AC,0x007188,atu_fpu_control_wrapper,ghidra-hand,
0x007188,0x0071EA,adc_read_and_merge_flags,ida-ai-xmap,DUBIOUS
0x0071EA,0x007280,adc_single_convert,ida-ai-xmap,DUBIOUS
0x007280,0x007290,sensor_state_reset_ch0,ida-ai-xmap,DUBIOUS
0x007290,0x007298,getIATSensorValue,ghidra-hand,
0x007298,0x007330,readIATSensor,ghidra-hand,
0x007330,0x007338,getUNKNOWNSensorValue1,ghidra-hand,
0x007338,0x007398,readECMVoltage??,ghidra-hand,
0x007398,0x0073A0,getCoolantTempSensorValue,ghidra-hand,
0x0073A0,0x007438,readCoolantTempSensor,ghidra-hand,
0x007438,0x0074AC,getMAFSensorValue,ghidra-hand,
0x0074AC,0x0074B0,noOp,ghidra-hand,
0x0074B0,0x0074DA,fpu_context_clear_v2,ida-ai-xmap,DUBIOUS
0x0074DA,0x0074E0,FUN_000074da,ghidra-auto,
0x0074E0,0x007518,FUN_000074e0,ghidra-auto,
0x007518,0x007568,fuelingInit??,ghidra-hand,
0x007568,0x00759E,crank_periodic_handler,ida-ai-xmap,DUBIOUS
0x00759E,0x0075F4,crank_task_handler,ida-ai-xmap,DUBIOUS
0x0075F4,0x00765A,FUN_000075f4,ghidra-auto,
0x00765A,0x007668,FUN_0000765a,ghidra-auto,
0x007668,0x0076B8,FUN_00007668,ghidra-auto,
0x0076B8,0x007724,crank_timer_hw_reset,ida-ai-xmap,DUBIOUS
0x007724,0x007778,reInitCrankSensor??,ghidra-hand,
0x007778,0x0077F0,setInterruptTimer,ghidra-hand,
0x0077F0,0x00787A,crank_timing_update,ida-ai-xmap,DUBIOUS
0x00787A,0x007A86,crank_position_state_machine,ida-ai-xmap,DUBIOUS
0x007A86,0x007AB2,crank_sync_acquire,ida-ai-xmap,DUBIOUS
0x007AB2,0x007B58,FUN_00007ab2,ghidra-auto,
0x007B58,0x007B84,FUN_00007b58,ghidra-auto,
0x007B84,0x007B90,crank_state_bytes_clear,ida-ai-xmap,DUBIOUS
0x007B90,0x007BBE,crank_event_process,ida-ai-xmap,DUBIOUS
0x007BBE,0x007BDC,FUN_00007bbe,ghidra-auto,
0x007BDC,0x007BE4,FUN_00007bdc,ghidra-auto,
0x007BE4,0x007C0C,crank_event_timeout_check,ida-ai-xmap,DUBIOUS
0x007C0C,0x007C68,crankSensorInit?,ghidra-hand,
0x007C68,0x007D90,geteShaftAngle?,ghidra-hand,
0x007D90,0x007E3C,FUN_00007d90,ghidra-auto,
0x007E3C,0x007EB4,crank_gap_detect,ida-ai-xmap,DUBIOUS
0x007EB4,0x007ECA,crank_flags_enable,ida-ai-xmap,DUBIOUS
0x007ECA,0x007F22,crank_task_process,ida-ai-xmap,DUBIOUS
0x007F22,0x007F42,crank_event_update,ida-ai-xmap,DUBIOUS
0x007F42,0x007F90,crank_irq_callback,ida-ai-xmap,DUBIOUS
0x007F90,0x007FB0,engineSpeedInit,ghidra-hand,
0x007FB0,0x007FCC,FUN_00007fb0,ghidra-auto,
0x007FCC,0x00803E,getCrankAngle,ghidra-hand,
0x00803E,0x00806A,INT_ATU101_IMI10AG,ghidra-hand,
0x00806A,0x0080F0,FUN_0000806a,ghidra-auto,
0x0080F0,0x0081A8,crank_event_main_handler,ida-ai-xmap,DUBIOUS
0x0081A8,0x008268,ign_channel_task_handler,ida-ai-xmap,DUBIOUS
0x008268,0x0082B8,ign_output_port_config,ida-ai-xmap,DUBIOUS
0x0082B8,0x0082D8,FUN_000082b8,ghidra-auto,
0x0082D8,0x008320,FUN_000082d8,ghidra-auto,
0x008320,0x008340,FUN_00008320,ghidra-auto,
0x008340,0x008344,injectorPulseSet?,ghidra-hand,
0x008344,0x0083CA,ign_timing_task_handler,ida-ai-xmap,DUBIOUS
0x0083CA,0x0084C2,injectorRelatedFunc,ghidra-hand,
0x0084C2,0x0084C6,thunk_FUN_00008b4c,ghidra-auto,
0x0084C6,0x0085E4,ign_main_task_handler,ida-ai-xmap,DUBIOUS
0x0085E4,0x0086AC,putFuelingStuffInArray?,ghidra-hand,
0x0086AC,0x0086F8,fuelinjectorSet0??,ghidra-hand,
0x0086F8,0x00871C,setFuelInjectorLatency,ghidra-hand,
0x00871C,0x0087A2,ign_channel_schedule,ida-ai-xmap,DUBIOUS
0x0087A2,0x008814,ign_channel_single_init,ida-ai-xmap,DUBIOUS
0x008814,0x008A68,ign_output_calc_main,ida-ai-xmap,DUBIOUS
0x008A68,0x008B4C,injectorPulseSet?,ghidra-hand,
0x008B4C,0x008D30,FUN_00008b4c,ghidra-auto,
0x008D30,0x008D86,sensor_process_ch_A,ida-ai-xmap,DUBIOUS
0x008D86,0x008DAE,initSparkOutput,ghidra-hand,
0x008DAE,0x008DE8,outputSpark1,ghidra-hand,
0x008DE8,0x008E28,outputSpark2,ghidra-hand,
0x008E28,0x008EE6,ignitionTimingHardwareTimerSomething,ghidra-hand,
0x008EE6,0x008F2A,sensor_value_scale,ida-ai-xmap,DUBIOUS
0x008F2A,0x008F94,ignitionDwellOutputInit,ghidra-hand,
0x008F94,0x009016,sensor_adc_convert_chain,ida-ai-xmap,DUBIOUS
0x009016,0x009038,sensor_periodic_task_B,ida-ai-xmap,DUBIOUS
0x009038,0x009110,sensor_main_process,ida-ai-xmap,DUBIOUS
0x009110,0x009114,getIgnitionDwellTime,ghidra-hand,
0x009114,0x0091C6,sensor_channel_update,ida-ai-xmap,DUBIOUS
0x0091C6,0x009440,ignitonSomethingCalc,ghidra-hand,
0x009440,0x009490,sensor_filter_apply,ida-ai-xmap,DUBIOUS
0x009490,0x0094F0,getIgnitionDwellTime,ghidra-hand,
0x0094F0,0x0094FC,fuel_calc_entry,ida-ai-xmap,DUBIOUS
0x0094FC,0x009630,fuel_calc_per_rotor,ida-ai-xmap,DUBIOUS
0x009630,0x00969E,osTaskScheduler,ghidra-hand,
0x00969E,0x0096DE,FUN_0000969e,ghidra-auto,
0x0096DE,0x0096FE,FUN_000096de,ghidra-auto,
0x0096FE,0x009744,FUN_000096fe,ghidra-auto,
0x009744,0x009890,CANControllerSetup,ghidra-hand,
0x009890,0x0099B0,placeCANRX,ghidra-hand,
0x0099B0,0x009AC4,txCAN_EventBased,ghidra-hand,
0x009AC4,0x009B08,eeprom_task_handler_A,ida-ai-xmap,DUBIOUS
0x009B08,0x009B92,getHCANSomething,ghidra-hand,
0x009B92,0x009C34,doSomethingIfByteIs1InCANSetup,ghidra-hand,
0x009C34,0x009C70,FUN_00009c34,ghidra-auto,
0x009C70,0x009C86,FUN_00009c70,ghidra-auto,
0x009C86,0x009C8E,FUN_00009c86,ghidra-auto,
0x009C8E,0x009C9C,FUN_00009c8e,ghidra-auto,
0x009C9C,0x009CA4,FUN_00009c9c,ghidra-auto,
0x009CA4,0x009CE0,can_register_read_write,ida-ai-xmap,DUBIOUS
0x009CE0,0x009D02,FUN_00009ce0,ghidra-auto,
0x009D02,0x009D24,FUN_00009d02,ghidra-auto,
0x009D24,0x009DFC,initializeCANRegisters,ghidra-hand,
0x009DFC,0x009E26,bounded_byte_copy,ida-ai-xmap,DUBIOUS
0x009E26,0x009E58,copy_buffer_to_data,ida-ai-xmap,DUBIOUS
0x009E58,0x009E68,FUN_00009e58,ghidra-auto,
0x009E68,0x009EA2,secondary_boot_main,ida-ai-xmap,DUBIOUS
0x009EA2,0x009EFE,FUN_00009ea2,ghidra-auto,
0x009EFE,0x009F0C,whileLoop,ghidra-hand,
0x009F0C,0x009F12,setMainInitDoneBool??,ghidra-hand,
0x009F12,0x009F48,FUN_00009f12,ghidra-auto,
0x009F48,0x009F4C,noOp,ghidra-hand,
0x009F4C,0x009F52,thunk_FUN_000114fc,ghidra-auto,
0x009F52,0x009F58,thunk_FUN_0001141c,ghidra-auto,
0x009F58,0x009F5E,thunk_FUN_0000abfa,ghidra-auto,
0x009F5E,0x009F7A,FUN_00009f5e,ghidra-auto,
0x009F7A,0x009F96,FUN_00009f7a,ghidra-auto,
0x009F96,0x009FB2,FUN_00009f96,ghidra-auto,
0x009FB2,0x009FCE,FUN_00009fb2,ghidra-auto,
0x009FCE,0x009FEA,FUN_00009fce,ghidra-auto,
0x009FEA,0x00A006,FUN_00009fea,ghidra-auto,
0x00A006,0x00A022,FUN_0000a006,ghidra-auto,
0x00A022,0x00A03E,FUN_0000a022,ghidra-auto,
0x00A03E,0x00A05A,FUN_0000a03e,ghidra-auto,
0x00A05A,0x00A076,FUN_0000a05a,ghidra-auto,
0x00A076,0x00A092,FUN_0000a076,ghidra-auto,
0x00A092,0x00A0B8,FUN_0000a092,ghidra-auto,
0x00A0B8,0x00A0DE,FUN_0000a0b8,ghidra-auto,
0x00A0DE,0x00A0F6,FUN_0000a0de,ghidra-auto,
0x00A0F6,0x00A10E,FUN_0000a0f6,ghidra-auto,
0x00A10E,0x00A126,putTaskInSchedule_FuelArrayStuff,ghidra-hand,
0x00A126,0x00A13E,FUN_0000a126,ghidra-auto,
0x00A13E,0x00A156,noOp_taskCall,ghidra-hand,
0x00A156,0x00A16E,FUN_0000a156,ghidra-auto,
0x00A16E,0x00A186,FUN_0000a16e,ghidra-auto,
0x00A186,0x00A19E,FUN_0000a186,ghidra-auto,
0x00A19E,0x00A1B6,FUN_0000a19e,ghidra-auto,
0x00A1B6,0x00A1CE,FUN_0000a1b6,ghidra-auto,
0x00A1CE,0x00A200,FUN_0000a1ce,ghidra-auto,
0x00A200,0x00A218,FUN_0000a200,ghidra-auto,
0x00A218,0x00A230,FUN_0000a218,ghidra-auto,
0x00A230,0x00A266,setupStructRotorNumber?,ghidra-hand,
0x00A266,0x00A2A8,getRotorNumberForControl?,ghidra-hand,
0x00A2A8,0x00A2B6,can_task_init_flags,ida-ai-xmap,DUBIOUS
0x00A2B6,0x00A2EC,calledLots,ghidra-hand,
0x00A2EC,0x00A30C,FUN_0000a2ec,ghidra-auto,
0x00A30C,0x00A330,FUN_0000a30c,ghidra-auto,
0x00A330,0x00A370,can_msg_schedule_handler,ida-ai-xmap,DUBIOUS
0x00A370,0x00A3AC,FUN_0000a370,ghidra-auto,
0x00A3AC,0x00A438,can_periodic_task_handler,ida-ai-xmap,DUBIOUS
0x00A438,0x00A4B6,hcan0_mailbox_rotate_enqueue,ida-ai-xmap,DUBIOUS
0x00A4B6,0x00A4BE,FUN_0000a4b6,ghidra-auto,
0x00A4BE,0x00A4F0,FUN_0000a4be,ghidra-auto,
0x00A4F0,0x00A50E,timer1_init_and_start,ida-ai-xmap,DUBIOUS
0x00A50E,0x00A522,timer1_start_count,ida-ai-xmap,DUBIOUS
0x00A522,0x00A824,FUN_0000a522,ghidra-auto,
0x00A824,0x00A850,port_b_gpio_toggle_bit,ida-ai-xmap,DUBIOUS
0x00A850,0x00A8A4,port_b_set_mask_with_multiply,ida-ai-xmap,DUBIOUS
0x00A8A4,0x00A8DC,write_to_memory_with_fpu_sync,ida-ai-xmap,DUBIOUS
0x00A8DC,0x00A936,init_timer_interrupt_controller,ida-ai-xmap,DUBIOUS
0x00A936,0x00AA90,apvHardwareOutputRelated?,ghidra-hand,
0x00AA90,0x00AAC4,setAPVDC?,ghidra-hand,
0x00AAC4,0x00AB6C,task_state_mapper,ida-ai-xmap,DUBIOUS
0x00AB6C,0x00AB8A,read_ign_switch_status,ida-ai-xmap,DUBIOUS
0x00AB8A,0x00ABFA,misfireDetectInit?,ghidra-hand,
0x00ABFA,0x00AC02,FUN_0000abfa,ghidra-auto,
0x00AC02,0x00ACFC,configure_atuii_timers,ida-ai-xmap,DUBIOUS
0x00ACFC,0x00AD2A,task_scheduler_check_and_sync,ida-ai-xmap,DUBIOUS
0x00AD2A,0x00AD40,throttlePedalADCRead?,ghidra-hand,
0x00AD40,0x00AEE8,FUN_0000ad40,ghidra-auto,
0x00AEE8,0x00B0A6,throttlePedalADCRead?,ghidra-hand,
0x00B0A6,0x00B114,FUN_0000b0a6,ghidra-auto,
0x00B114,0x00B1DA,injector_pulse_width_calc,ida-ai-xmap,DUBIOUS
0x00B1DA,0x00B23C,atu_injector_enable_update,ida-ai-xmap,DUBIOUS
0x00B23C,0x00B290,atu_init_base_timer,ida-ai-xmap,DUBIOUS
0x00B290,0x00B2C0,atu_set_rotor_boundary,ida-ai-xmap,DUBIOUS
0x00B2C0,0x00B308,FUN_0000b2c0,ghidra-auto,
0x00B308,0x00B398,fuel_pulse_width_calc_saturated,ida-ai-xmap,DUBIOUS
0x00B398,0x00B3AA,sensor_value_copy_dispatch,ida-ai-xmap,DUBIOUS
0x00B3AA,0x00B4EC,rotor_fuel_calc_dispatcher,ida-ai-xmap,DUBIOUS
0x00B4EC,0x00B5A0,hardware_init_serial_timers,ida-ai-xmap,DUBIOUS
0x00B5A0,0x00B5FA,serial_can_hardware_init,ida-ai-xmap,DUBIOUS
0x00B5FA,0x00B602,FUN_0000b5fa,ghidra-auto,
0x00B602,0x00B6B2,fuel_calc_task_dispatcher,ida-ai-xmap,DUBIOUS
0x00B6B2,0x00B886,FUN_0000b6b2,ghidra-auto,
0x00B886,0x00B958,task_loader_dispatcher,ida-ai-xmap,DUBIOUS
0x00B958,0x00B99C,injector_timing_output_copy,ida-ai-xmap,DUBIOUS
0x00B99C,0x00BCCC,updateIO_MAYBE,ghidra-hand,
0x00BCCC,0x00BD28,FUN_0000bccc,ghidra-auto,
0x00BD28,0x00BDA0,sci4_init_8n1_57600_verify,ida-ai-xmap,DUBIOUS
0x00BDA0,0x00BDBC,sci4_set_8n1_115200_simple,ida-ai-xmap,DUBIOUS
0x00BDBC,0x00BDFA,sci4_init_with_wait,ida-ai-xmap,DUBIOUS
0x00BDFA,0x00BE30,can_tx_msg_type2_with_filter,ida-ai-xmap,DUBIOUS
0x00BE30,0x00BE5E,can_tx_msg_type1_with_filter,ida-ai-xmap,DUBIOUS
0x00BE5E,0x00BE8C,FUN_0000be5e,ghidra-auto,
0x00BE8C,0x00BED8,FUN_0000be8c,ghidra-auto,
0x00BED8,0x00BF3A,test_pbdr_bit11_set_pfdr_filter,ida-ai-xmap,DUBIOUS
0x00BF3A,0x00BFA0,atu2_init_waveform_config,ida-ai-xmap,DUBIOUS
0x00BFA0,0x00C02C,sci4_tx_bytes_synchronous,ida-ai-xmap,DUBIOUS
0x00C02C,0x00C0F0,sci4_rx_word_16bit_synchronous,ida-ai-xmap,DUBIOUS
0x00C0F0,0x00C116,store_knock_learn_buffer,ghidra-hand,
0x00C116,0x00C14C,enableDisableCruiseControl??,ghidra-hand,
0x00C14C,0x00C176,knockFunctionInit,ghidra-hand,
0x00C176,0x00C1F8,atu2_tior2c_waveform_init,ida-ai-xmap,DUBIOUS
0x00C1F8,0x00C276,knockRelatedInit,ghidra-hand,
0x00C276,0x00C290,atu2_capture_and_clear_irq,ida-ai-xmap,DUBIOUS
0x00C290,0x00C338,knockSensorADCFault,ghidra-hand,
0x00C338,0x00C3CE,functionDrivingTiming,ghidra-hand,
0x00C3CE,0x00C486,getKnockSensorADC,ghidra-hand,
0x00C486,0x00C7BA,knockRelatedFunction2,ghidra-hand,
0x00C7BA,0x00C8DC,setupCoilOutputs,ghidra-hand,
0x00C8DC,0x00CA7E,detectKnockOverTime,ghidra-hand,
0x00CA7E,0x00CA9C,ignitionCoilPulse?,ghidra-hand,
0x00CA9C,0x00CAB4,canControllerInitSomething??,ghidra-hand,
0x00CAB4,0x00CACC,checkHCANRegisterStuff,ghidra-hand,
0x00CACC,0x00CB42,setCANRegisters,ghidra-hand,
0x00CB42,0x00CB9C,HCANRegisterInit??,ghidra-hand,
0x00CB9C,0x00CBF8,set_MCR_bits2_3,ghidra-hand,
0x00CBF8,0x00CC1E,set_MCR_bits5_7,ghidra-hand,
0x00CC1E,0x00CC46,set_MCR_bit7,ghidra-hand,
0x00CC46,0x00CCA4,FUN_0000cc46,ghidra-auto,
0x00CCA4,0x00CCDA,FUN_0000cca4,ghidra-auto,
0x00CCDA,0x00CD10,FUN_0000ccda,ghidra-auto,
0x00CD10,0x00CD40,FUN_0000cd10,ghidra-auto,
0x00CD40,0x00CD74,FUN_0000cd40,ghidra-auto,
0x00CD74,0x00CE24,FUN_0000cd74,ghidra-auto,
0x00CE24,0x00CE76,can_get_rx_pending_flags,ida-ai-xmap,DUBIOUS
0x00CE76,0x00CEC8,can_get_tx_acknowledge_flags,ida-ai-xmap,DUBIOUS
0x00CEC8,0x00CEE8,baro_sensor_value,ida-ai-xmap,DUBIOUS
0x00CEE8,0x00CEFE,can_get_mailbox_offset_high,ida-ai-xmap,DUBIOUS
0x00CEFE,0x00CF12,getHCANRegisterAddress,ghidra-hand,
0x00CF12,0x00CF30,FUN_0000cf12,ghidra-auto,
0x00CF30,0x00CF56,FUN_0000cf30,ghidra-auto,
0x00CF56,0x00CF74,can_clear_txpr_and_init_mailbox,ida-ai-xmap,DUBIOUS
0x00CF74,0x00D13C,can_clear_txcr_and_init_mailbox,ida-ai-xmap,DUBIOUS
0x00D13C,0x00D144,getBaroSensorValue,ghidra-hand,
0x00D144,0x00D1E0,baro_sensor_value,ghidra-hand,
0x00D1E0,0x00D204,getRearO2Voltage,ghidra-hand,
0x00D204,0x00D20C,FUN_0000d204,ghidra-auto,
0x00D20C,0x00D21E,handleManualReset?,ghidra-hand,
0x00D21E,0x00D262,main??,ghidra-hand,
0x00D262,0x00D28E,interestingCANSomething,ghidra-hand,
0x00D28E,0x00D2E8,rom_table_secondary_validator,ida-ai-xmap,DUBIOUS
0x00D2E8,0x00D2F6,FUN_0000d2e8,ghidra-auto,
0x00D2F6,0x00D398,memory_init_with_checksum_validate,ida-ai-xmap,DUBIOUS
0x00D398,0x00D3B8,FUN_0000d398,ghidra-auto,
0x00D3B8,0x00D3CE,checksum_failure_flag_check,ida-ai-xmap,DUBIOUS
0x00D3CE,0x00D408,reset_all_status_flags,ida-ai-xmap,DUBIOUS
0x00D408,0x00D44C,hcan_init_and_status_check,ida-ai-xmap,DUBIOUS
0x00D44C,0x00D46C,hcan_status_check_trampoline,ida-ai-xmap,DUBIOUS
0x00D46C,0x00D518,memory_checksum_validator_runner,ida-ai-xmap,DUBIOUS
0x00D518,0x00D5AC,secondary_peripheral_initializer,ida-ai-xmap,DUBIOUS
0x00D5AC,0x00D648,dmac_and_timer_controller_setup,ida-ai-xmap,DUBIOUS
0x00D648,0x00D674,memory_pattern_validator,ida-ai-xmap,DUBIOUS
0x00D674,0x00D6E4,alignment_boundary_validator,ida-ai-xmap,DUBIOUS
0x00D6E4,0x00D70A,fpu_context_save_restore,ida-ai-xmap,DUBIOUS
0x00D70A,0x00D712,FUN_0000d70a,ghidra-auto,
0x00D712,0x00D716,FUN_0000d712,ghidra-auto,
0x00D716,0x00D72C,FUN_0000d716,ghidra-auto,
0x00D72C,0x00D9F4,noOpFunction,ghidra-hand,
0x00D9F4,0x00DA94,canSetup,ghidra-hand,
0x00DA94,0x00DADE,resetCANTimers,ghidra-hand,
0x00DADE,0x00DAE8,FUN_0000dade,ghidra-auto,
0x00DAE8,0x00DAF0,canTimerInit??,ghidra-hand,
0x00DAF0,0x00DB58,handleCANReset,ghidra-hand,
0x00DB58,0x00DBF6,CANTX_Main,ghidra-hand,
0x00DBF6,0x00DCC0,CANRX_Main,ghidra-hand,
0x00DCC0,0x00DDDC,checkCANsomethingKeyOnBased,ghidra-hand,
0x00DDDC,0x00DE3C,CANSetupSomethingDifferentBasedOnBit,ghidra-hand,
0x00DE3C,0x00DE46,FUN_0000de3c,ghidra-auto,
0x00DE46,0x00DE72,FUN_0000de46,ghidra-auto,
0x00DE72,0x00DF08,EBCMCommEval,ghidra-hand,
0x00DF08,0x00DF6C,can216RXFaultEval,ghidra-hand,
0x00DF6C,0x00DFB4,FUN_0000df6c,ghidra-auto,
0x00DFB4,0x00E03C,getCAN47RXStatus,ghidra-hand,
0x00E03C,0x00E044,setMessageRXBool,ghidra-hand,
0x00E044,0x00E04C,setCANRXBool,ghidra-hand,
0x00E04C,0x00E054,FUN_0000e04c,ghidra-auto,
0x00E054,0x00E064,setMsgRXFlag_??,ghidra-hand,
0x00E064,0x00E07E,pwm_reset_on_crank_event,ida-ai-xmap,DUBIOUS
0x00E07E,0x00E0E8,ignition_trim_table_lookup,ida-ai-xmap,DUBIOUS
0x00E0E8,0x00E0F8,coil_pwm_init,ida-ai-xmap,DUBIOUS
0x00E0F8,0x00E1B4,ignition_advance_limiter,ida-ai-xmap,DUBIOUS
0x00E1B4,0x00E1BC,injectorsOffFlagInit,ghidra-hand,
0x00E1BC,0x00E1DC,coil_charge_enabled_query,ida-ai-xmap,DUBIOUS
0x00E1DC,0x00E1FE,calculateEngineRunningTimer2,ghidra-hand,
0x00E1FE,0x00E220,getEngineOnTimeForOilMetering,ghidra-hand,
0x00E220,0x00E244,calculateEngineRunningTimer,ghidra-hand,
0x00E244,0x00E278,calculateEngineOnTime??,ghidra-hand,
0x00E278,0x00E2AC,calculateEngineRunning,ghidra-hand,
0x00E2AC,0x00E2D8,setEngineRunningInjectorsOffFlag,ghidra-hand,
0x00E2D8,0x00E444,arbitrateFuelCut,ghidra-hand,
0x00E444,0x00E448,UnknownFueling1,ghidra-hand,
0x00E448,0x00E458,crank_gated_fuel_pressure_proc,ida-ai-xmap,DUBIOUS
0x00E458,0x00E492,UnknownFueling1,ghidra-hand,
0x00E492,0x00E4F8,intake_temp_increase_step,ghidra-hand,
0x00E4F8,0x00E564,engine_load_correction_calc,ida-ai-xmap,DUBIOUS
0x00E564,0x00E914,speedBasedFuelCutSomething??,ghidra-hand,
0x00E914,0x00EDC8,throttlePlateSomethingFuelCut,ghidra-hand,
0x00EDC8,0x00EE68,fuelCutArbitration_weirdBlock,ghidra-hand,
0x00EE68,0x00EE86,revLimitFuelCutInit,ghidra-hand,
0x00EE86,0x00EEFE,getConditionalsForRevLimit??,ghidra-hand,
0x00EEFE,0x00F0E0,calculateRevLimiterFuelCut,ghidra-hand,
0x00F0E0,0x00F258,FUN_0000f0e0,ghidra-auto,
0x00F258,0x00F2A0,FUN_0000f258,ghidra-auto,
0x00F2A0,0x00F2B0,FUN_0000f2a0,ghidra-auto,
0x00F2B0,0x00F320,purge_control_state_update,ida-ai-xmap,DUBIOUS
0x00F320,0x00F348,purge_flow_decrement,ida-ai-xmap,DUBIOUS
0x00F348,0x00F380,FUN_0000f348,ghidra-auto,
0x00F380,0x00F454,fuelingArrayInit?,ghidra-hand,
0x00F454,0x00F4DC,FUN_0000f454,ghidra-auto,
0x00F4DC,0x00F7FC,knock_detection_processing,ida-ai-xmap,DUBIOUS
0x00F7FC,0x00F8CC,injection_pulse_decoder_main,ida-ai-xmap,DUBIOUS
0x00F8CC,0x00F8D4,FUN_0000f8cc,ghidra-auto,
0x00F8D4,0x00F922,injection_channel_init_all,ida-ai-xmap,DUBIOUS
0x00F922,0x00F964,FUN_0000f922,ghidra-auto,
0x00F964,0x00F9F6,somethingFuelCutRelated,ghidra-hand,
0x00F9F6,0x00FA0A,pulse_filter_update,ida-ai-xmap,DUBIOUS
0x00FA0A,0x00FA12,FUN_0000fa0a,ghidra-auto,
0x00FA12,0x00FA3E,pulse_period_filter,ida-ai-xmap,DUBIOUS
0x00FA3E,0x00FA52,pulse_window_compute,ida-ai-xmap,DUBIOUS
0x00FA52,0x00FB90,injection_timing_calculator,ida-ai-xmap,DUBIOUS
0x00FB90,0x00FE52,setFuelCutDriver?,ghidra-hand,
0x00FE52,0x00FEB8,FUN_0000fe52,ghidra-auto,
0x00FEB8,0x00FEFF,diag_run_all_tests,ida-ai-xmap,DUBIOUS
0x00FEFF,0x00FF08,INT_ATU101_CMI10A,ghidra-hand,
0x00FF08,0x00FF0E,getFuelCutRequestStatus,ghidra-hand,
0x00FF0E,0x00FF14,FUN_0000ff0e,ghidra-auto,
0x00FF14,0x00FF36,check_injector_event_state,ida-ai-xmap,DUBIOUS
0x00FF36,0x00FF9C,fuelInjectionRelated,ghidra-hand,
0x00FF9C,0x00FFDA,init_injector_event_flags,ida-ai-xmap,DUBIOUS
0x00FFDA,0x010101,fuelInjectionTiming?,ghidra-hand,
0x010101,0x010174,FUN_00010101,ghidra-auto,
0x010174,0x0101B0,lookup_timing_event_table,ida-ai-xmap,DUBIOUS
0x0101B0,0x01020C,calc_fuel_pressure_div,ida-ai-xmap,DUBIOUS
0x01020C,0x010234,setAllInjectorto0?,ghidra-hand,
0x010234,0x01024C,FUN_00010234,ghidra-auto,
0x01024C,0x01031C,init_rotor_sync_injection_table_ch0,ida-ai-xmap,DUBIOUS
0x01031C,0x010386,init_rotor_sync_injection_table_ch1,ida-ai-xmap,DUBIOUS
0x010386,0x01038C,calculatePerRotorIgnitionDwell,ghidra-hand,
0x01038C,0x010650,fuel_injector_pulse_calc,ida-ai-xmap,DUBIOUS
0x010650,0x010766,sensor_fault_detect_rotor_selectivity,ida-ai-xmap,DUBIOUS
0x010766,0x01076E,FUN_00010766,ghidra-auto,
0x01076E,0x0107C8,sensor_read_all_channels,ida-ai-xmap,DUBIOUS
0x0107C8,0x0107F4,FUN_000107c8,ghidra-auto,
0x0107F4,0x01080A,FUN_000107f4,ghidra-auto,
0x01080A,0x010902,sensor_select_adaptive_filter_ch,ida-ai-xmap,DUBIOUS
0x010902,0x010A8C,sensor_rotor_pair_adaptive_select,ida-ai-xmap,DUBIOUS
0x010A8C,0x010B34,sensor_rotor_A_process_and_filter,ida-ai-xmap,DUBIOUS
0x010B34,0x010CB4,FUN_00010b34,ghidra-auto,
0x010CB4,0x010D5C,FUN_00010cb4,ghidra-auto,
0x010D5C,0x010D82,fucPointerCAll,ghidra-hand,
0x010D82,0x010E14,setEngineCycle?,ghidra-hand,
0x010E14,0x010EAC,coilOutputSomething?,ghidra-hand,
0x010EAC,0x010ED2,calc_fuel_cut_flags_merged,ida-ai-xmap,DUBIOUS
0x010ED2,0x010EE6,getEngineCrankingStatusEnum??,ghidra-hand,
0x010EE6,0x010F04,getEngineCrankingStatus?,ghidra-hand,
0x010F04,0x010F72,setTimingArrayValuesForOutput?,ghidra-hand,
0x010F72,0x010F76,returnOne,ghidra-hand,
0x010F76,0x010F84,returnDwellTime_fp,ghidra-hand,
0x010F84,0x010FEA,outputPerRotorIgnitionDwell,ghidra-hand,
0x010FEA,0x011054,calculatePerRotorIgnitionDwell,ghidra-hand,
0x011054,0x01107A,FUN_00011054,ghidra-auto,
0x01107A,0x011286,resetFunc?,ghidra-hand,
0x011286,0x01141C,setEngineStatusRotor,ghidra-hand,
0x01141C,0x0114FC,FUN_0001141c,ghidra-auto,
0x0114FC,0x01151A,FUN_000114fc,ghidra-auto,
0x01151A,0x011540,FUN_0001151a,ghidra-auto,
0x011540,0x011584,someMainFunction,ghidra-hand,
0x011584,0x0115AA,throttleTask,ghidra-hand,
0x0115AA,0x0117C8,FUN_000115aa,ghidra-auto,
0x0117C8,0x01182A,engineControlTASK2,ghidra-hand,
0x01182A,0x0118FE,task3,ghidra-hand,
0x0118FE,0x01194E,cruiseControl?,ghidra-hand,
0x01194E,0x011B54,bunchOFuncs,ghidra-hand,
0x011B54,0x011B80,FUN_00011b54,ghidra-auto,
0x011B80,0x011B9A,FUN_00011b80,ghidra-auto,
0x011B9A,0x011BF6,FUN_00011b9a,ghidra-auto,
0x011BF6,0x011C1C,read_radiator_fan_state,ida-ai-xmap,DUBIOUS
0x011C1C,0x011C6A,engineControlTASK,ghidra-hand,
0x011C6A,0x011C6E,FUN_00011c6a,ghidra-auto,
0x011C6E,0x011C72,FUN_00011c6e,ghidra-auto,
0x011C72,0x011CA2,bulkInits??,ghidra-hand,
0x011CA2,0x011CD4,FUN_00011ca2,ghidra-auto,
0x011CD4,0x011CD8,FUN_00011cd4,ghidra-auto,
0x011CD8,0x011CDC,FUN_00011cd8,ghidra-auto,
0x011CDC,0x011CE0,FUN_00011cdc,ghidra-auto,
0x011CE0,0x011CE4,FUN_00011ce0,ghidra-auto,
0x011CE4,0x011CEA,thunk_FUN_00025c40,ghidra-auto,
0x011CEA,0x011CF0,thunk_FUN_00025c58,ghidra-auto,
0x011CF0,0x011CFC,FUN_00011cf0,ghidra-auto,
0x011CFC,0x011D10,FUN_00011cfc,ghidra-auto,
0x011D10,0x011E00,FUN_00011d10,ghidra-auto,
0x011E00,0x011F20,FUN_00011e00,ghidra-auto,
0x011F20,0x011F3C,FUN_00011f20,ghidra-auto,
0x011F3C,0x011F40,FUN_00011f3c,ghidra-auto,
0x011F40,0x011F54,thunk_FUN_0003a18c,ghidra-auto,
0x011F54,0x011F78,getKnownBooleanValue??,ghidra-hand,
0x011F78,0x01202A,calculateLeadingTimingBase,ghidra-hand,
0x01202A,0x012180,calculateTrailingTimingBase,ghidra-hand,
0x012180,0x012192,getIgnitionTimingInit,ghidra-hand,
0x012192,0x0121A4,getInitalLeadingTrailingAdvance?,ghidra-hand,
0x0121A4,0x012294,calculateDSCLeadingTimingDerate,c-lift,
0x012294,0x012326,calculateDSCTrailingTimingDerate?,ghidra-hand,
0x012326,0x012342,modifyTrailingTiming,ghidra-hand,
0x012342,0x012352,calculateLeadingTimingDerateCompensated,ghidra-hand,
0x012352,0x012362,calculateTrailingTimingDerateCompensated,ghidra-hand,
0x012362,0x012456,calculateLeadingTimingBaseFinal,ghidra-hand,
0x012456,0x01253C,calculateTrailingTimingBaseFinal,ghidra-hand,
0x01253C,0x012576,calculateLeadingDerateRetard,ghidra-hand,
0x012576,0x0125B0,calculateTrailingDerateRetard,ghidra-hand,
0x0125B0,0x0126C0,defaultTimingMinMax,ghidra-hand,
0x0126C0,0x0127CC,calculateTrailingOffThrottleRetard?,ghidra-hand,
0x0127CC,0x0127D6,FUN_000127cc,ghidra-auto,
0x0127D6,0x0127E8,FUN_000127d6,ghidra-auto,
0x0127E8,0x012840,vehicleSpeedAndBrakingFuelCut?,ghidra-hand,
0x012840,0x012904,calc_rotor_sync_idle_gate_B,ida-ai-xmap,DUBIOUS
0x012904,0x012B6A,calculateOffThrottleTimingDerate,ghidra-hand,
0x012B6A,0x012BD6,calculateOffThrottleORFuelCutTimer,ghidra-hand,
0x012BD6,0x012CE8,somethingEngineLoadCalc,ghidra-hand,
0x012CE8,0x012D30,getEngineLimitTimingDerates?,ghidra-hand,
0x012D30,0x012E94,engineConditionDetectForTimingModification,ghidra-hand,
0x012E94,0x013070,leadingAndTrailingSeperatorSomething,ghidra-hand,
0x013070,0x01325C,roughKnockCorrection,ghidra-hand,
0x01325C,0x01326E,FUN_0001325c,ghidra-auto,
0x01326E,0x0132CA,finalLeadingTimingStuff?,ghidra-hand,
0x0132CA,0x013368,finalTrailingTimingStuff?,ghidra-hand,
0x013368,0x013414,calc_fuel_trim_correction_map,ida-ai-xmap,DUBIOUS
0x013414,0x013544,idleLeadingTimingCorrection?,ghidra-hand,
0x013544,0x013674,idleTrailingTimingCorrection?,ghidra-hand,
0x013674,0x01367E,updateKnockRamTHUNK,ghidra-hand,
0x01367E,0x013686,FUN_0001367e,ghidra-auto,
0x013686,0x0136D6,getKnockControlAllowed??,ghidra-hand,
0x0136D6,0x0136FE,getKnockSensorFaultedStatus,c-lift,
0x0136FE,0x013760,getKnockControlActive,ghidra-hand,
0x013760,0x013808,calcKnockRAMUpdate?,ghidra-hand,
0x013808,0x0138A4,updateKnockMaxRAM,ghidra-hand,
0x0138A4,0x0139B4,calculateKnockConditonActiveTimingDerate,ghidra-hand,
0x0139B4,0x013AE4,calculateKnockConditonClearedAddTimingBack,ghidra-hand,
0x013AE4,0x013B4A,limitKnockRetardMax_ConditonalRPM,ghidra-hand,
0x013B4A,0x013B5E,limitKnockRetardMax_CalValue,ghidra-hand,
0x013B5E,0x013BD0,saturateBetweenKnockRetardMinMaxTables,ghidra-hand,
0x013BD0,0x013BE0,FUN_00013bd0,ghidra-auto,
0x013BE0,0x013C44,calc_barometric_pressure_trim,ida-ai-xmap,DUBIOUS
0x013C44,0x013D04,getEngineConditionsForKnockControl??,ghidra-hand,
0x013D04,0x013D1C,FUN_00013d04,ghidra-auto,
0x013D1C,0x013DA2,FUN_00013d1c,ghidra-auto,
0x013DA2,0x013E04,read_o2_sensor_voltage_trim,ida-ai-xmap,DUBIOUS
0x013E04,0x013E30,debounceThrottleRate,ghidra-hand,
0x013E30,0x013E98,getCoolantBasedTimingDerate??,ghidra-hand,
0x013E98,0x013F60,floatArrayToByteArrayLookup1,ghidra-hand,
0x013F60,0x013FF4,floatArrayToByteArrayLookup2,ghidra-hand,
0x013FF4,0x014064,calcLeadingTimingIATCompensation,ghidra-hand,
0x014064,0x0140DC,calculateAllTimingLoadCompensation,ghidra-hand,
0x0140DC,0x01410E,FUN_000140dc,ghidra-auto,
0x01410E,0x014140,FUN_0001410e,ghidra-auto,
0x014140,0x0141FC,calc_rotor_sequence_map,ida-ai-xmap,DUBIOUS
0x0141FC,0x01439A,engineControlCalculateTiming,ghidra-hand,
0x01439A,0x0143BA,calc_fuel_trim_correction_rotor_A,ida-ai-xmap,DUBIOUS
0x0143BA,0x0143D2,FUN_000143ba,ghidra-auto,
0x0143D2,0x014520,fuelCutCondtionRelated,ghidra-hand,
0x014520,0x014586,calc_spark_advance_offset_map,ida-ai-xmap,DUBIOUS
0x014586,0x0145BC,torqueModelRealted,ghidra-hand,
0x0145BC,0x0145DA,calculateLeadingTimingCompensations,ghidra-hand,
0x0145DA,0x014604,leadingAndTrailingSeperationMain,ghidra-hand,
0x014604,0x014614,FUN_00014604,ghidra-auto,
0x014614,0x01461A,updateKnockRamTHUNK,ghidra-hand,
0x01461A,0x014620,thunk_FUN_0001367e,ghidra-auto,
0x014620,0x0146B4,FUN_00014620,ghidra-auto,
0x0146B4,0x0146D4,FUN_000146b4,ghidra-auto,
0x0146D4,0x01470A,setPerRotorTimingValuesLeading,ghidra-hand,
0x01470A,0x01476C,setPerRotorTimingValuesTrailing,c-lift,
0x01476C,0x01477C,engineCrankingConditionsInit??,ghidra-hand,
0x01477C,0x014804,getEngineCrankingState??,ghidra-hand,
0x014804,0x014824,FUN_00014804,ghidra-auto,
0x014824,0x0148A4,dual_channel_fuel_computation,ida-ai-xmap,DUBIOUS
0x0148A4,0x014B0A,detectIdleConditions???,ghidra-hand,
0x014B0A,0x014C70,updateIdleTimersMAYBE??,ghidra-hand,
0x014C70,0x014ECC,idleTableLookupRelated?,ghidra-hand,
0x014ECC,0x014FCC,FUN_00014ecc,ghidra-auto,
0x014FCC,0x015614,idleController?,ghidra-hand,
0x015614,0x015726,FUN_00015614,ghidra-auto,
0x015726,0x015844,FUN_00015726,ghidra-auto,
0x015844,0x015894,rotary_chamber_balance_calc,ida-ai-xmap,DUBIOUS
0x015894,0x01589E,FUN_00015894,ghidra-auto,
0x01589E,0x015D60,FUN_0001589e,ghidra-auto,
0x015D60,0x015D78,FUN_00015d60,ghidra-auto,
0x015D78,0x015D92,FUN_00015d78,ghidra-auto,
0x015D92,0x015DA4,FUN_00015d92,ghidra-auto,
0x015DA4,0x015E00,FUN_00015da4,ghidra-auto,
0x015E00,0x015F82,FUN_00015e00,ghidra-auto,
0x015F82,0x01615C,FUN_00015f82,ghidra-auto,
0x01615C,0x016184,FUN_0001615c,ghidra-auto,
0x016184,0x01622C,FUN_00016184,ghidra-auto,
0x01622C,0x016236,FUN_0001622c,ghidra-auto,
0x016236,0x0163DA,secondary_chamber_controller,ida-ai-xmap,DUBIOUS
0x0163DA,0x016476,secondary_chamber_ready_check,ida-ai-xmap,DUBIOUS
0x016476,0x016524,FUN_00016476,ghidra-auto,
0x016524,0x016544,FUN_00016524,ghidra-auto,
0x016544,0x01654C,FUN_00016544,ghidra-auto,
0x01654C,0x0165B0,FUN_0001654c,ghidra-auto,
0x0165B0,0x0165C4,FUN_000165b0,ghidra-auto,
0x0165C4,0x016672,updateIdleControl??,ghidra-hand,
0x016672,0x016678,thunk_FUN_00015d78,ghidra-auto,
0x016678,0x016704,thunk_FUN_00015d92,ghidra-auto,
0x016704,0x0167D8,spark_advance_calc_0x16BE8,ida-ai-xmap,DUBIOUS
0x0167D8,0x016820,ImmoRelatedFaultSomething?,ghidra-hand,
0x016820,0x0168A0,FUN_00016820,ghidra-auto,
0x0168A0,0x016924,FUN_000168a0,ghidra-auto,
0x016924,0x016954,readImmoBit,ghidra-hand,
0x016954,0x016986,FUN_00016954,ghidra-auto,
0x016986,0x0169B8,FUN_00016986,ghidra-auto,
0x0169B8,0x0169EA,FUN_000169b8,ghidra-auto,
0x0169EA,0x016A28,FUN_000169ea,ghidra-auto,
0x016A28,0x016A5A,solenoid_control_branch_0x16F0C,ida-ai-xmap,DUBIOUS
0x016A5A,0x016A8C,FUN_00016a5a,ghidra-auto,
0x016A8C,0x016AC8,solenoid_control_branch_0x16F70,ida-ai-xmap,DUBIOUS
0x016AC8,0x016B30,FUN_00016ac8,ghidra-auto,
0x016B30,0x01702C,calcOilMetering,ghidra-hand,
0x01702C,0x01721C,FUN_0001702c,ghidra-auto,
0x01721C,0x0172C2,knockRelatedFUNC,ghidra-hand,
0x0172C2,0x01746E,intake_air_control_0x177A6,ida-ai-xmap,DUBIOUS
0x01746E,0x017584,torque_calc_with_damping,ida-ai-xmap,DUBIOUS
0x017584,0x0178E8,FUN_00017584,ghidra-auto,
0x0178E8,0x01793C,calculateKnockTimingDerateConditionEvents,ghidra-hand,
0x01793C,0x01797A,solenoid_reset_sequence,ida-ai-xmap,DUBIOUS
0x01797A,0x017A24,FUN_0001797a,ghidra-auto,
0x017A24,0x017A38,FUN_00017a24,ghidra-auto,
0x017A38,0x017A98,main_engine_cycle_10ms,ida-ai-xmap,DUBIOUS
0x017A98,0x017AB0,FUN_00017a98,ghidra-auto,
0x017AB0,0x017ACE,batteryRelatedFaults??,ghidra-hand,
0x017ACE,0x017AE6,FUN_00017ace,ghidra-auto,
0x017AE6,0x017AFA,FUN_00017ae6,ghidra-auto,
0x017AFA,0x017B70,FUN_00017afa,ghidra-auto,
0x017B70,0x017D30,FUN_00017b70,ghidra-auto,
0x017D30,0x017D3E,init_state_flags,ida-ai-xmap,DUBIOUS
0x017D3E,0x017D5C,solenoid_init_sequence,ida-ai-xmap,DUBIOUS
0x017D5C,0x017D7A,FUN_00017d5c,ghidra-auto,
0x017D7A,0x01806E,omp_control_task_1825E,ghidra-hand,
0x01806E,0x01837C,omp_stepper_waveform_driver,ida-ai-xmap,DUBIOUS
0x01837C,0x01850A,FUN_0001837c,ghidra-auto,
0x01850A,0x018662,rotor_sync_position_detector,ida-ai-xmap,DUBIOUS
0x018662,0x018724,FUN_00018662,ghidra-auto,
0x018724,0x018778,FUN_00018724,ghidra-auto,
0x018778,0x018788,waveform_state_transition,ida-ai-xmap,DUBIOUS
0x018788,0x0187DC,FUN_00018788,ghidra-auto,
0x0187DC,0x01890C,FUN_000187dc,ghidra-auto,
0x01890C,0x01896C,diagnostic_output_verify,ida-ai-xmap,DUBIOUS
0x01896C,0x0189A0,FUN_0001896c,ghidra-auto,
0x0189A0,0x0189C4,FUN_000189a0,ghidra-auto,
0x0189C4,0x0189E8,FUN_000189c4,ghidra-auto,
0x0189E8,0x018AB4,FUN_000189e8,ghidra-auto,
0x018AB4,0x018B1C,FUN_00018ab4,ghidra-auto,
0x018B1C,0x018BC2,FUN_00018b1c,ghidra-auto,
0x018BC2,0x018C58,engine_load_estimator,ida-ai-xmap,DUBIOUS
0x018C58,0x018CAC,FUN_00018c58,ghidra-auto,
0x018CAC,0x018D3C,air_charge_calc_0x19190,ida-ai-xmap,DUBIOUS
0x018D3C,0x018F3C,dscRelatedTiming?,ghidra-hand,
0x018F3C,0x018F6C,FUN_00018f3c,ghidra-auto,
0x018F6C,0x018F9C,FUN_00018f6c,ghidra-auto,
0x018F9C,0x018FD6,FUN_00018f9c,ghidra-auto,
0x018FD6,0x01929C,FUN_00018fd6,ghidra-auto,
0x01929C,0x0192D4,FUN_0001929c,ghidra-auto,
0x0192D4,0x0193B4,fuel_rail_pressure_state_machine,ida-ai-xmap,DUBIOUS
0x0193B4,0x0194A0,getSecondaryAirPumpRequest,ghidra-hand,
0x0194A0,0x0195F4,getConditonalsFuelCutRelated?,ghidra-hand,
0x0195F4,0x0196E6,FUN_000195f4,ghidra-auto,
0x0196E6,0x0198FA,FUN_000196e6,ghidra-auto,
0x0198FA,0x0199B4,evaluateFuelCutCondtionUnknown,ghidra-hand,
0x0199B4,0x019A24,fuel_trim_decay_controller,ida-ai-xmap,DUBIOUS
0x019A24,0x019A4C,cmp_sensor_signal_processor,ida-ai-xmap,DUBIOUS
0x019A4C,0x019A56,FUN_00019a4c,ghidra-auto,
0x019A56,0x019A5E,FUN_00019a56,ghidra-auto,
0x019A5E,0x019A76,adcCoolantTemp2Volts,ghidra-hand,
0x019A76,0x019A80,coolantTempRAMWrite,ghidra-hand,
0x019A80,0x019AB2,thermistor_conditional_load,ida-ai-xmap,DUBIOUS
0x019AB2,0x019ADC,decrementTempForCatModel??,ghidra-hand,
0x019ADC,0x019B40,throttle_position_adc_reader,ida-ai-xmap,DUBIOUS
0x019B40,0x019B5C,gyroscope_orientation_processor,ida-ai-xmap,DUBIOUS
0x019B5C,0x019B82,FUN_00019b5c,ghidra-auto,
0x019B82,0x019BA0,filterSomething,ghidra-hand,
0x019BA0,0x019BC6,FUN_00019ba0,ghidra-auto,
0x019BC6,0x019BE4,filterSomething2,ghidra-hand,
0x019BE4,0x019F36,FUN_00019be4,ghidra-auto,
0x019F36,0x019FC0,FUN_00019f36,ghidra-auto,
0x019FC0,0x01A27E,calculateThrottlePedalPercent,ghidra-hand,
0x01A27E,0x01A29E,FUN_0001a27e,ghidra-auto,
0x01A29E,0x01A2E8,FUN_0001a29e,ghidra-auto,
0x01A2E8,0x01A310,calculateKeyOnTime,ghidra-hand,
0x01A310,0x01A340,calculateKeyOffTime,ghidra-hand,
0x01A340,0x01A34E,FUN_0001a340,ghidra-auto,
0x01A34E,0x01A35C,FUN_0001a34e,ghidra-auto,
0x01A35C,0x01A478,getIOUpdates?,ghidra-hand,
0x01A478,0x01A4BC,FUN_0001a478,ghidra-auto,
0x01A4BC,0x01A4E6,ignition_timing_priority_dispatcher,ida-ai-xmap,DUBIOUS
0x01A4E6,0x01A534,engineControlGetAir,ghidra-hand,
0x01A534,0x01A68C,FUN_0001a534,ghidra-auto,
0x01A68C,0x01A710,initOrNewLoopMAYBE,ghidra-hand,
0x01A710,0x01A728,FUN_0001a710,ghidra-auto,
0x01A728,0x01A7FA,FUN_0001a728,ghidra-auto,
0x01A7FA,0x01A940,vehicleConditionRelatedFuntions,ghidra-hand,
0x01A940,0x01A9EE,getVehicleCondtions??,ghidra-hand,
0x01A9EE,0x01AA1E,FUN_0001a9ee,ghidra-auto,
0x01AA1E,0x01AA84,sensorStuff,ghidra-hand,
0x01AA84,0x01AA9C,FUN_0001aa84,ghidra-auto,
0x01AA9C,0x01AACC,FUN_0001aa9c,ghidra-auto,
0x01AACC,0x01AB0A,power_stage_monitor_init,ida-ai-xmap,DUBIOUS
0x01AB0A,0x01AB36,FUN_0001ab0a,ghidra-auto,
0x01AB36,0x01AC58,thunk_FUN_0003f1d8,ghidra-auto,
0x01AC58,0x01AC80,output_buffer_initializer_loop,ida-ai-xmap,DUBIOUS
0x01AC80,0x01ACA0,output_buffer_reverse_writer,ida-ai-xmap,DUBIOUS
0x01ACA0,0x01ACAE,FUN_0001aca0,ghidra-auto,
0x01ACAE,0x01AD8C,MAFRelated,ghidra-hand,
0x01AD8C,0x01ADE6,math_accumulator_sqrt_loop,ida-ai-xmap,DUBIOUS
0x01ADE6,0x01AE8A,filterMAF??,ghidra-hand,
0x01AE8A,0x01AEFC,calcThrottleBasedMAF,ghidra-hand,
0x01AEFC,0x01AF06,FUN_0001aefc,ghidra-auto,
0x01AF06,0x01AF10,FUN_0001af06,ghidra-auto,
0x01AF10,0x01AFB8,calculateLoadGramsPerRev,ghidra-hand,
0x01AFB8,0x01AFCC,knock_threshold_initializer,ida-ai-xmap,DUBIOUS
0x01AFCC,0x01B014,getDriverOffThrottleTimer??,ghidra-hand,
0x01B014,0x01B088,getDriverOffThrottleInstatanious,ghidra-hand,
0x01B088,0x01B0B0,crank_enable_status_checker,ida-ai-xmap,DUBIOUS
0x01B0B0,0x01B0C4,FUN_0001b0b0,ghidra-auto,
0x01B0C4,0x01B136,fuel_pump_speed_controller,ida-ai-xmap,DUBIOUS
0x01B136,0x01B170,writeO2SensorForApplication,ghidra-hand,
0x01B170,0x01B264,fuelingRealtedInitalVals??,ghidra-hand,
0x01B264,0x01B548,FUN_0001b264,ghidra-auto,
0x01B548,0x01B6B0,filterActualLambda,ghidra-hand,
0x01B6B0,0x01B7EC,FUN_0001b6b0,ghidra-auto,
0x01B7EC,0x01B804,FUN_0001b7ec,ghidra-auto,
0x01B804,0x01B83C,FUN_0001b804,ghidra-auto,
0x01B83C,0x01B868,intake_port_timing_monitor,ida-ai-xmap,DUBIOUS
0x01B868,0x01B8F0,exhaust_port_timing_controller,ida-ai-xmap,DUBIOUS
0x01B8F0,0x01B90C,FUN_0001b8f0,ghidra-auto,
0x01B90C,0x01B924,FUN_0001b90c,ghidra-auto,
0x01B924,0x01BA60,FUN_0001b924,ghidra-auto,
0x01BA60,0x01BAEE,FUN_0001ba60,ghidra-auto,
0x01BAEE,0x01BB3E,FUN_0001baee,ghidra-auto,
0x01BB3E,0x01BBFC,FUN_0001bb3e,ghidra-auto,
0x01BBFC,0x01BC16,FUN_0001bbfc,ghidra-auto,
0x01BC16,0x01BEA2,FUN_0001bc16,ghidra-auto,
0x01BEA2,0x01C1AC,FUN_0001bea2,ghidra-auto,
0x01C1AC,0x01C3F0,FUN_0001c1ac,ghidra-auto,
0x01C3F0,0x01C4D0,calculateThrottlePedalPercentForSomethingElse?,ghidra-hand,
0x01C4D0,0x01C75E,FUN_0001c4d0,ghidra-auto,
0x01C75E,0x01C7F4,FUN_0001c75e,ghidra-auto,
0x01C7F4,0x01C844,FUN_0001c7f4,ghidra-auto,
0x01C844,0x01C84E,FUN_0001c844,ghidra-auto,
0x01C84E,0x01C8B0,FUN_0001c84e,ghidra-auto,
0x01C8B0,0x01C8D0,FUN_0001c8b0,ghidra-auto,
0x01C8D0,0x01C8DA,FUN_0001c8d0,ghidra-auto,
0x01C8DA,0x01C8E2,FUN_0001c8da,ghidra-auto,
0x01C8E2,0x01C8FA,adcIAT2Volts,ghidra-hand,
0x01C8FA,0x01C904,FUN_0001c8fa,ghidra-auto,
0x01C904,0x01C91E,FUN_0001c904,ghidra-auto,
0x01C91E,0x01C948,FUN_0001c91e,ghidra-auto,
0x01C948,0x01CA44,IATPlausiblityCheck???,ghidra-hand,
0x01CA44,0x01CB58,FUN_0001ca44,ghidra-auto,
0x01CB58,0x01CB84,FUN_0001cb58,ghidra-auto,
0x01CB84,0x01CB9C,FUN_0001cb84,ghidra-auto,
0x01CB9C,0x01CBC2,FUN_0001cb9c,ghidra-auto,
0x01CBC2,0x01CBE0,FUN_0001cbc2,ghidra-auto,
0x01CBE0,0x01CBEC,FUN_0001cbe0,ghidra-auto,
0x01CBEC,0x01CDCC,getEngineFuelingStatus?,ghidra-hand,
0x01CDCC,0x01CE34,secondaryAirRequestStuff,ghidra-hand,
0x01CE34,0x01D2E0,FUN_0001ce34,ghidra-auto,
0x01D2E0,0x01D694,FUN_0001d2e0,ghidra-auto,
0x01D694,0x01D8CC,CLFuelingRealted??,ghidra-hand,
0x01D8CC,0x01DC2A,FUN_0001d8cc,ghidra-auto,
0x01DC2A,0x01DD3E,FUN_0001dc2a,ghidra-auto,
0x01DD3E,0x01DE3A,FUN_0001dd3e,ghidra-auto,
0x01DE3A,0x01E022,closedLoopFuelMassCalc??,ghidra-hand,
0x01E022,0x01E114,FUN_0001e022,ghidra-auto,
0x01E114,0x01E1D2,rearO2Correction_MAYBE?,ghidra-hand,
0x01E1D2,0x01E2B0,rearO2CalculatedSomething,ghidra-hand,
0x01E2B0,0x01E33C,getRearO2FilteredValue,ghidra-hand,
0x01E33C,0x01E72C,calcRearO2FuelTrim,ghidra-hand,
0x01E72C,0x01E85C,calculateRearO2SomethingIntegrator??,ghidra-hand,
0x01E85C,0x01E8CC,calcColdStartEnrichment??,ghidra-hand,
0x01E8CC,0x01EAD0,calculateEngineControlState???,ghidra-hand,
0x01EAD0,0x01EAE8,FUN_0001ead0,ghidra-auto,
0x01EAE8,0x01EB30,FUN_0001eae8,ghidra-auto,
0x01EB30,0x01EB94,FUN_0001eb30,ghidra-auto,
0x01EB94,0x01EEA8,fuelTrimRelated?,ghidra-hand,
0x01EEA8,0x01F2A2,LTFTRelated,ghidra-hand,
0x01F2A2,0x01F360,getMAFOpertionRange,ghidra-hand,
0x01F360,0x01F3FC,LTFTForCAN??,ghidra-hand,
0x01F3FC,0x01F4B6,FUN_0001f3fc,ghidra-auto,
0x01F4B6,0x01F540,FUN_0001f4b6,ghidra-auto,
0x01F540,0x01F5C4,FUN_0001f540,ghidra-auto,
0x01F5C4,0x01F5E8,FUN_0001f5c4,ghidra-auto,
0x01F5E8,0x01F606,FUN_0001f5e8,ghidra-auto,
0x01F606,0x01F74E,FUN_0001f606,ghidra-auto,
0x01F74E,0x01F890,FUN_0001f74e,ghidra-auto,
0x01F890,0x01F8AA,setClosedLoopBool,ghidra-hand,
0x01F8AA,0x01FB24,calcOpenLoopFuelingTarget,ghidra-hand,
0x01FB24,0x02010E,calcCLorOLControl,ghidra-hand,
0x02010E,0x0205AC,FUN_0002010e,ghidra-auto,
0x0205AC,0x0207A8,engineConditonSomething,ghidra-hand,
0x0207A8,0x020998,fuelingStateStuff??,ghidra-hand,
0x020998,0x020B26,FUN_00020998,ghidra-auto,
0x020B26,0x020CAC,calculateOLMultiplier,ghidra-hand,
0x020CAC,0x020CE8,CLChangeoverEnrichment??,ghidra-hand,
0x020CE8,0x020CF8,FUN_00020ce8,ghidra-auto,
0x020CF8,0x020EEC,FUN_00020cf8,ghidra-auto,
0x020EEC,0x0210A4,MAFStuff_MaybeVE??,ghidra-hand,
0x0210A4,0x0210B6,driverOffThrottleSetPrevLoop,ghidra-hand,
0x0210B6,0x021228,FUN_000210b6,ghidra-auto,
0x021228,0x02138A,FUN_00021228,ghidra-auto,
0x02138A,0x021534,FUN_0002138a,ghidra-auto,
0x021534,0x021580,FUN_00021534,ghidra-auto,
0x021580,0x02165C,FUN_00021580,ghidra-auto,
0x02165C,0x0216D4,FUN_0002165c,ghidra-auto,
0x0216D4,0x021730,setPrevLoops??,ghidra-hand,
0x021730,0x021762,FUN_00021730,ghidra-auto,
0x021762,0x0217B2,perRotorFuelCut??,ghidra-hand,
0x0217B2,0x0218F4,engineControlGetFueling,ghidra-hand,
0x0218F4,0x021A30,crankingRelatedFunc,ghidra-hand,
0x021A30,0x021A54,FUN_00021a30,ghidra-auto,
0x021A54,0x021A72,FUN_00021a54,ghidra-auto,
0x021A72,0x021A90,FUN_00021a72,ghidra-auto,
0x021A90,0x021AB6,FUN_00021a90,ghidra-auto,
0x021AB6,0x021AF8,DSCThrottleStuff?,ghidra-hand,
0x021AF8,0x021B6A,FUN_00021af8,ghidra-auto,
0x021B6A,0x021BB2,OLFueling??,ghidra-hand,
0x021BB2,0x021C66,getFuelingSlowtask?,ghidra-hand,
0x021C66,0x021DA0,FUN_00021c66,ghidra-auto,
0x021DA0,0x021DCA,FUN_00021da0,ghidra-auto,
0x021DCA,0x021DE2,FUN_00021dca,ghidra-auto,
0x021DE2,0x021DFA,FUN_00021de2,ghidra-auto,
0x021DFA,0x021E08,FUN_00021dfa,ghidra-auto,
0x021E08,0x021E16,FUN_00021e08,ghidra-auto,
0x021E16,0x021E64,FUN_00021e16,ghidra-auto,
0x021E64,0x021F64,acCompressorLeadingTimingRetard,ghidra-hand,
0x021F64,0x022064,acCompressorTrailingTimingRetard,ghidra-hand,
0x022064,0x0220CC,FUN_00022064,ghidra-auto,
0x0220CC,0x0220D2,ssvControl,ghidra-hand,
0x0220D2,0x0220F8,getSSVControl,ghidra-hand,
0x0220F8,0x022230,ssvControl,ghidra-hand,
0x022230,0x0222DC,throttlePlateControl_Related,ghidra-hand,
0x0222DC,0x0223EC,fpu_zero_init_routine_222DC,ghidra-hand,
0x0223EC,0x022454,throttlePlatePosToTorqueOutput?,ghidra-hand,
0x022454,0x0224B4,getThrottleBasedTorque_Related,ghidra-hand,
0x0224B4,0x0224B8,FUN_000224b4,ghidra-auto,
0x0224B8,0x0224F0,throttlePlateTorqueStuff,ghidra-hand,
0x0224F0,0x0224F6,thunk_FUN_00025914,ghidra-auto,
0x0224F6,0x022532,evapRelated,ghidra-hand,
0x022532,0x022580,FUN_00022532,ghidra-auto,
0x022580,0x022638,FUN_00022580,ghidra-auto,
0x022638,0x02264A,FUN_00022638,ghidra-auto,
0x02264A,0x0226F6,FUN_0002264a,ghidra-auto,
0x0226F6,0x022868,FUN_000226f6,ghidra-auto,
0x022868,0x022AB0,FUN_00022868,ghidra-auto,
0x022AB0,0x022BB4,FUN_00022ab0,ghidra-auto,
0x022BB4,0x022BBA,thunk_FUN_00025cc0,ghidra-auto,
0x022BBA,0x022C00,FUN_00022bba,ghidra-auto,
0x022C00,0x022D20,FUN_00022c00,ghidra-auto,
0x022D20,0x022E7C,FUN_00022d20,ghidra-auto,
0x022E7C,0x022EA4,FUN_00022e7c,ghidra-auto,
0x022EA4,0x022EA8,noOp,ghidra-hand,
0x022EA8,0x022EE0,FUN_00022ea8,ghidra-auto,
0x022EE0,0x022F9C,FUN_00022ee0,ghidra-auto,
0x022F9C,0x023264,FUN_00022f9c,ghidra-auto,
0x023264,0x02326C,FUN_00023264,ghidra-auto,
0x02326C,0x0233A4,calculateThrottlePedalPositionMapBased,ghidra-hand,
0x0233A4,0x0235CC,calculateThrottlePlateRequest??,ghidra-hand,
0x0235CC,0x02361C,filterThrottlePlatePosRequest,ghidra-hand,
0x02361C,0x023784,FUN_0002361c,ghidra-auto,
0x023784,0x0237BC,FUN_00023784,ghidra-auto,
0x0237BC,0x0237EE,FUN_000237bc,ghidra-auto,
0x0237EE,0x0237F4,updateMemPtr??,ghidra-hand,
0x0237F4,0x0238E4,getThrottleControl,ghidra-hand,
0x0238E4,0x023902,FUN_000238e4,ghidra-auto,
0x023902,0x02391C,FUN_00023902,ghidra-auto,
0x02391C,0x0239FC,FUN_0002391c,ghidra-auto,
0x0239FC,0x023A04,FUN_000239fc,ghidra-auto,
0x023A04,0x023A64,FUN_00023a04,ghidra-auto,
0x023A64,0x023C60,FUN_00023a64,ghidra-auto,
0x023C60,0x023DCC,FUN_00023c60,ghidra-auto,
0x023DCC,0x023E3C,FUN_00023dcc,ghidra-auto,
0x023E3C,0x023E6C,FUN_00023e3c,ghidra-auto,
0x023E6C,0x023F40,FUN_00023e6c,ghidra-auto,
0x023F40,0x023FB4,FUN_00023f40,ghidra-auto,
0x023FB4,0x023FC2,FUN_00023fb4,ghidra-auto,
0x023FC2,0x023FDA,FUN_00023fc2,ghidra-auto,
0x023FDA,0x023FE0,thunk_FUN_00023f40,ghidra-auto,
0x023FE0,0x023FEE,FUN_00023fe0,ghidra-auto,
0x023FEE,0x024040,FUN_00023fee,ghidra-auto,
0x024040,0x0240B8,FUN_00024040,ghidra-auto,
0x0240B8,0x0247C2,FUN_000240b8,ghidra-auto,
0x0247C2,0x024B22,updateFaults???,ghidra-hand,
0x024B22,0x024D3E,FUN_00024b22,ghidra-auto,
0x024D3E,0x025388,interstingFunc,ghidra-hand,
0x025388,0x0253CC,FUN_00025388,ghidra-auto,
0x0253CC,0x0253EC,getAutoTransCal??,ghidra-hand,
0x0253EC,0x025414,FUN_000253ec,ghidra-auto,
0x025414,0x025700,FUN_00025414,ghidra-auto,
0x025700,0x025708,FUN_00025700,ghidra-auto,
0x025708,0x025722,FUN_00025708,ghidra-auto,
0x025722,0x02572E,FUN_00025722,ghidra-auto,
0x02572E,0x025752,getEngineSpeed,ghidra-hand,
0x025752,0x0257D6,filterEngineSpeed,ghidra-hand,
0x0257D6,0x025854,calculatePredictedEngineSpeed?,ghidra-hand,
0x025854,0x025862,FUN_00025854,ghidra-auto,
0x025862,0x025878,FUN_00025862,ghidra-auto,
0x025878,0x025914,FUN_00025878,ghidra-auto,
0x025914,0x0259A8,FUN_00025914,ghidra-auto,
0x0259A8,0x025A20,FUN_000259a8,ghidra-auto,
0x025A20,0x025A58,FUN_00025a20,ghidra-auto,
0x025A58,0x025A9E,FUN_00025a58,ghidra-auto,
0x025A9E,0x025B18,FUN_00025a9e,ghidra-auto,
0x025B18,0x025B26,setValues,ghidra-hand,
0x025B26,0x025B2E,FUN_00025b26,ghidra-auto,
0x025B2E,0x025B36,FUN_00025b2e,ghidra-auto,
0x025B36,0x025B40,counterFunction,ghidra-hand,
0x025B40,0x025B4A,counterFunction2,ghidra-hand,
0x025B4A,0x025C34,FUN_00025b4a,ghidra-auto,
0x025C34,0x025C3A,setValues,ghidra-hand,
0x025C3A,0x025C40,thunk_FUN_00025b26,ghidra-auto,
0x025C40,0x025C58,FUN_00025c40,ghidra-auto,
0x025C58,0x025C70,FUN_00025c58,ghidra-auto,
0x025C70,0x025C90,FUN_00025c70,ghidra-auto,
0x025C90,0x025CC0,thunk_FUN_00025b2e,ghidra-auto,
0x025CC0,0x025D26,FUN_00025cc0,ghidra-auto,
0x025D26,0x025D98,FUN_00025d26,ghidra-auto,
0x025D98,0x025DA0,FUN_00025d98,ghidra-auto,
0x025DA0,0x025DAC,FUN_00025da0,ghidra-auto,
0x025DAC,0x025DBA,FUN_00025dac,ghidra-auto,
0x025DBA,0x025DF4,FUN_00025dba,ghidra-auto,
0x025DF4,0x025E88,setImmoLight??,ghidra-hand,
0x025E88,0x025E9C,FUN_00025e88,ghidra-auto,
0x025E9C,0x025EA6,FUN_00025e9c,ghidra-auto,
0x025EA6,0x025EC4,FUN_00025ea6,ghidra-auto,
0x025EC4,0x025EFC,filterBatteryVoltage,ghidra-hand,
0x025EFC,0x025F98,FUN_00025efc,ghidra-auto,
0x025F98,0x026018,calculateOutputforAlternator,ghidra-hand,
0x026018,0x026044,FUN_00026018,ghidra-auto,
0x026044,0x02619A,alternatorStuff,ghidra-hand,
0x02619A,0x026298,getBatteryVoltageStatus,ghidra-hand,
0x026298,0x0262DC,getAlternatorFaultStatus,ghidra-hand,
0x0262DC,0x026308,calculateECMOverVolt,ghidra-hand,
0x026308,0x026340,getAlternatorSpeedConditonal,ghidra-hand,
0x026340,0x02639A,updateEngineRunningLessThan60Timer,ghidra-hand,
0x02639A,0x02644C,getVehicleConditionforAlternatorControl,ghidra-hand,
0x02644C,0x026520,calculate12VBatteryTemperature,ghidra-hand,
0x026520,0x026A94,calcDesiredAlternatorVoltage,ghidra-hand,
0x026A94,0x026C62,altneratorVoltageController,ghidra-hand,
0x026C62,0x026C80,FUN_00026c62,ghidra-auto,
0x026C80,0x026E14,FUN_00026c80,ghidra-auto,
0x026E14,0x026F48,FUN_00026e14,ghidra-auto,
0x026F48,0x027084,calculateAlternatorDiagDCOutput,ghidra-hand,
0x027084,0x0270DC,setAlternatorWarningLight,ghidra-hand,
0x0270DC,0x0270EA,FUN_000270dc,ghidra-auto,
0x0270EA,0x027132,alternatorControlMain,ghidra-hand,
0x027132,0x027174,alternatorControl,ghidra-hand,
0x027174,0x02718C,FUN_00027174,ghidra-auto,
0x02718C,0x027200,alternatorControlMain,ghidra-hand,
0x027200,0x02721C,FUN_00027200,ghidra-auto,
0x02721C,0x02722C,FUN_0002721c,ghidra-auto,
0x02722C,0x027258,FUN_0002722c,ghidra-auto,
0x027258,0x027264,FUN_00027258,ghidra-auto,
0x027264,0x0272A6,FUN_00027264,ghidra-auto,
0x0272A6,0x0272B2,FUN_000272a6,ghidra-auto,
0x0272B2,0x027334,FUN_000272b2,ghidra-auto,
0x027334,0x027366,FUN_00027334,ghidra-auto,
0x027366,0x0273C4,FUN_00027366,ghidra-auto,
0x0273C4,0x027444,FUN_000273c4,ghidra-auto,
0x027444,0x0274CE,FUN_00027444,ghidra-auto,
0x0274CE,0x027550,FUN_000274ce,ghidra-auto,
0x027550,0x027568,FUN_00027550,ghidra-auto,
0x027568,0x027592,FUN_00027568,ghidra-auto,
0x027592,0x0275CC,FUN_00027592,ghidra-auto,
0x0275CC,0x02760C,calculateEngineSpeedDelta,ghidra-hand,
0x02760C,0x027630,FUN_0002760c,ghidra-auto,
0x027630,0x0276EC,FUN_00027630,ghidra-auto,
0x0276EC,0x027700,FUN_000276ec,ghidra-auto,
0x027700,0x02786E,looksForEngineSpeedDelta,ghidra-hand,
0x02786E,0x02792E,FUN_0002786e,ghidra-auto,
0x02792E,0x027950,FUN_0002792e,ghidra-auto,
0x027950,0x0279A0,FUN_00027950,ghidra-auto,
0x0279A0,0x027A0A,FUN_000279a0,ghidra-auto,
0x027A0A,0x027A12,FUN_00027a0a,ghidra-auto,
0x027A12,0x027A26,FUN_00027a12,ghidra-auto,
0x027A26,0x027A96,FUN_00027a26,ghidra-auto,
0x027A96,0x027B2C,FUN_00027a96,ghidra-auto,
0x027B2C,0x027C82,FUN_00027b2c,ghidra-auto,
0x027C82,0x027CA4,FUN_00027c82,ghidra-auto,
0x027CA4,0x027CD8,calculateEngineNotLeanCounter,ghidra-hand,
0x027CD8,0x027D38,FUN_00027cd8,ghidra-auto,
0x027D38,0x027DA8,FUN_00027d38,ghidra-auto,
0x027DA8,0x027E68,FUN_00027da8,ghidra-auto,
0x027E68,0x028034,FUN_00027e68,ghidra-auto,
0x028034,0x028150,FUN_00028034,ghidra-auto,
0x028150,0x028320,FUN_00028150,ghidra-auto,
0x028320,0x02845C,FUN_00028320,ghidra-auto,
0x02845C,0x0284D6,FUN_0002845c,ghidra-auto,
0x0284D6,0x02864E,eShaftLearn?,ghidra-hand,
0x02864E,0x028834,FUN_0002864e,ghidra-auto,
0x028834,0x0288FC,FUN_00028834,ghidra-auto,
0x0288FC,0x02896C,FUN_000288fc,ghidra-auto,
0x02896C,0x0289C8,FUN_0002896c,ghidra-auto,
0x0289C8,0x0289E0,FUN_000289c8,ghidra-auto,
0x0289E0,0x0289F8,FUN_000289e0,ghidra-auto,
0x0289F8,0x028A06,FUN_000289f8,ghidra-auto,
0x028A06,0x028A60,FUN_00028a06,ghidra-auto,
0x028A60,0x028AE0,FUN_00028a60,ghidra-auto,
0x028AE0,0x028BE8,FUN_00028ae0,ghidra-auto,
0x028BE8,0x028CC4,FUN_00028be8,ghidra-auto,
0x028CC4,0x028D74,FUN_00028cc4,ghidra-auto,
0x028D74,0x028DCC,FUN_00028d74,ghidra-auto,
0x028DCC,0x028E58,FUN_00028dcc,ghidra-auto,
0x028E58,0x028E6E,FUN_00028e58,ghidra-auto,
0x028E6E,0x028E84,FUN_00028e6e,ghidra-auto,
0x028E84,0x028FAC,FUN_00028e84,ghidra-auto,
0x028FAC,0x0290D0,FUN_00028fac,ghidra-auto,
0x0290D0,0x029108,FUN_000290d0,ghidra-auto,
0x029108,0x02912E,FUN_00029108,ghidra-auto,
0x02912E,0x029248,largeFunction,ghidra-hand,
0x029248,0x02927E,FUN_00029248,ghidra-auto,
0x02927E,0x0292BA,FUN_0002927e,ghidra-auto,
0x0292BA,0x0292D8,getSomeEngineConditions,ghidra-hand,
0x0292D8,0x0292F0,FUN_000292d8,ghidra-auto,
0x0292F0,0x029308,FUN_000292f0,ghidra-auto,
0x029308,0x02931C,FUN_00029308,ghidra-auto,
0x02931C,0x02945C,thunk_FUN_00027a26,ghidra-auto,
0x02945C,0x029464,FUN_0002945c,ghidra-auto,
0x029464,0x02946C,FUN_00029464,ghidra-auto,
0x02946C,0x029474,FUN_0002946c,ghidra-auto,
0x029474,0x0294A0,FUN_00029474,ghidra-auto,
0x0294A0,0x0294F0,FUN_000294a0,ghidra-auto,
0x0294F0,0x029554,FUN_000294f0,ghidra-auto,
0x029554,0x02955A,init420CAN,ghidra-hand,
0x02955A,0x029584,can420TX_getAndPack,ghidra-hand,
0x029584,0x02958C,reset420CANTimer,ghidra-hand,
0x02958C,0x0295C4,can420TXPack,ghidra-hand,
0x0295C4,0x0295DE,updateCAN420Data,ghidra-hand,
0x0295DE,0x0295E8,FUN_000295de,ghidra-auto,
0x0295E8,0x0295F2,getOdoBroadcastForCAN,ghidra-hand,
0x0295F2,0x0295FA,stubByte420TX,ghidra-hand,
0x0295FA,0x029620,setOilPressureGaugeStatus,ghidra-hand,
0x029620,0x0296CC,calcMILStatusForCAN,ghidra-hand,
0x0296CC,0x029738,scaleCoolantTempForCAN??,ghidra-hand,
0x029738,0x029758,canRX_216_stubs?,ghidra-hand,
0x029758,0x029760,FUN_00029758,ghidra-auto,
0x029760,0x029768,FUN_00029760,ghidra-auto,
0x029768,0x029792,CAN216RX_Main,ghidra-hand,
0x029792,0x02979A,FUN_00029792,ghidra-auto,
0x02979A,0x0297C2,can216RXTimer,ghidra-hand,
0x0297C2,0x029860,FUN_000297c2,ghidra-auto,
0x029860,0x0298A4,can216RXUnpack,ghidra-hand,
0x0298A4,0x0299D0,can216RXParse?,ghidra-hand,
0x0299D0,0x0299DA,can216ResetTimer,ghidra-hand,
0x0299DA,0x029A18,CANRX216TimeoutCount,ghidra-hand,
0x029A18,0x029A1C,thunk_FUN_00029adc,ghidra-auto,
0x029A1C,0x029A46,CAN231TX_Main,ghidra-hand,
0x029A46,0x029A6E,can231SetupTx,ghidra-hand,
0x029A6E,0x029ADC,can231TxPack,ghidra-hand,
0x029ADC,0x029AE6,FUN_00029adc,ghidra-auto,
0x029AE6,0x029B4C,FUN_00029ae6,ghidra-auto,
0x029B4C,0x029B52,FUN_00029b4c,ghidra-auto,
0x029B52,0x029B7C,can201TX_getAndPack,ghidra-hand,
0x029B7C,0x029B84,FUN_00029b7c,ghidra-auto,
0x029B84,0x029BC4,can201Pack,ghidra-hand,
0x029BC4,0x029BDE,getCAN201Values,ghidra-hand,
0x029BDE,0x029C1C,FUN_00029bde,ghidra-auto,
0x029C1C,0x029C24,stubCAN201Byte2_3,ghidra-hand,
0x029C24,0x029CA0,FUN_00029c24,ghidra-auto,
0x029CA0,0x029CE0,FUN_00029ca0,ghidra-auto,
0x029CE0,0x029CE8,stubCAN201_byte7,ghidra-hand,
0x029CE8,0x029DBC,FUN_00029ce8,ghidra-auto,
0x029DBC,0x029DC2,FUN_00029dbc,ghidra-auto,
0x029DC2,0x029DEC,can203TX_getAndPack,ghidra-hand,
0x029DEC,0x029DF4,FUN_00029dec,ghidra-auto,
0x029DF4,0x029E28,can203pack,ghidra-hand,
0x029E28,0x029E6A,getEngineTorqueMetricsForCAN,ghidra-hand,
0x029E6A,0x029E74,FUN_00029e6a,ghidra-auto,
0x029E74,0x029E7E,FUN_00029e74,ghidra-auto,
0x029E7E,0x029E88,FUN_00029e7e,ghidra-auto,
0x029E88,0x029E92,FUN_00029e88,ghidra-auto,
0x029E92,0x029ED4,torqueCaltoCAN203_byte4,ghidra-hand,
0x029ED4,0x029F36,can203EngineStatusPack,ghidra-hand,
0x029F36,0x029F3E,stubCAN203TX_byte6,ghidra-hand,
0x029F3E,0x02A01E,getActualEngineTorque_related1,ghidra-hand,
0x02A01E,0x02A0C0,FUN_0002a01e,ghidra-auto,
0x02A0C0,0x02A1E4,calculateDesiredTorque_??,ghidra-hand,
0x02A1E4,0x02A264,FUN_0002a1e4,ghidra-auto,
0x02A264,0x02A2A4,getEngineTorqueMaxCal,ghidra-hand,
0x02A2A4,0x02A2CE,getEngineTorqueMax_Int,ghidra-hand,
0x02A2CE,0x02A31C,FUN_0002a2ce,ghidra-auto,
0x02A31C,0x02A372,FUN_0002a31c,ghidra-auto,
0x02A372,0x02A3DC,FUN_0002a372,ghidra-auto,
0x02A3DC,0x02A3E2,FUN_0002a3dc,ghidra-auto,
0x02A3E2,0x02A40C,can251TX_getAndPack,ghidra-hand,
0x02A40C,0x02A414,FUN_0002a40c,ghidra-auto,
0x02A414,0x02A454,can215TXpack,ghidra-hand,
0x02A454,0x02A482,FUN_0002a454,ghidra-auto,
0x02A482,0x02A48C,FUN_0002a482,ghidra-auto,
0x02A48C,0x02A496,FUN_0002a48c,ghidra-auto,
0x02A496,0x02A4A0,FUN_0002a496,ghidra-auto,
0x02A4A0,0x02A5CA,FUNC_ThrottleMapRelated1,ghidra-hand,
0x02A5CA,0x02A5FE,FUN_0002a5ca,ghidra-auto,
0x02A5FE,0x02A6C2,FUN_0002a5fe,ghidra-auto,
0x02A6C2,0x02A730,FUN_0002a6c2,ghidra-auto,
0x02A730,0x02A7AE,FUN_0002a730,ghidra-auto,
0x02A7AE,0x02A7D6,FUN_0002a7ae,ghidra-auto,
0x02A7D6,0x02A8AC,FUN_0002a7d6,ghidra-auto,
0x02A8AC,0x02A8F4,FUN_0002a8ac,ghidra-auto,
0x02A8F4,0x02A99C,canInitVals,ghidra-hand,
0x02A99C,0x02A9BA,FUN_0002a99c,ghidra-auto,
0x02A9BA,0x02A9E4,CANHandler,ghidra-hand,
0x02A9E4,0x02AA02,FUN_0002a9e4,ghidra-auto,
0x02AA02,0x02AA62,updateDSCRelatedCANStuff??,ghidra-hand,
0x02AA62,0x02AAC8,checkCANFaults??,ghidra-hand,
0x02AAC8,0x02AAF2,FUN_0002aac8,ghidra-auto,
0x02AAF2,0x02AB10,setOBDCANTXVars,ghidra-hand,
0x02AB10,0x02AB28,FUN_0002ab10,ghidra-auto,
0x02AB28,0x02AB2E,thunk_FUN_00029758,ghidra-auto,
0x02AB2E,0x02AC4C,thunk_FUN_00029760,ghidra-auto,
0x02AC4C,0x02B14C,canMessageSetup,ghidra-hand,
0x02B14C,0x02B156,FUN_0002b14c,ghidra-auto,
0x02B156,0x02B19A,FUN_0002b156,ghidra-auto,
0x02B19A,0x02B1B6,FUN_0002b19a,ghidra-auto,
0x02B1B6,0x02B1DC,FUN_0002b1b6,ghidra-auto,
0x02B1DC,0x02B5D0,dealsWithVehSpeed,ghidra-hand,
0x02B5D0,0x02B740,FUN_0002b5d0,ghidra-auto,
0x02B740,0x02B744,thunk_FUN_0002b974,ghidra-auto,
0x02B744,0x02B79A,CAN4B0RX_Main,ghidra-hand,
0x02B79A,0x02B8AA,parseWheelSpeedsAndVehicleSpeed??,ghidra-hand,
0x02B8AA,0x02B8D2,calculateIfVehicleMoving,ghidra-hand,
0x02B8D2,0x02B8FE,calculateWheelspeed_LR_Validity,ghidra-hand,
0x02B8FE,0x02B92A,calculateWheelspeed_RR_Validity,ghidra-hand,
0x02B92A,0x02B974,canrx4b0related,ghidra-hand,
0x02B974,0x02B9B8,FUN_0002b974,ghidra-auto,
0x02B9B8,0x02B9EC,FUN_0002b9b8,ghidra-auto,
0x02B9EC,0x02B9F0,thunk_FUN_0002c048,ghidra-auto,
0x02B9F0,0x02BA58,CAN212RX_Main,ghidra-hand,
0x02BA58,0x02BA68,FUN_0002ba58,ghidra-auto,
0x02BA68,0x02BB0C,can212RXSignalValidity??,ghidra-hand,
0x02BB0C,0x02BBD4,calculateEngineMaxTorqueAllowed_??,ghidra-hand,
0x02BBD4,0x02BBEA,FUN_0002bbd4,ghidra-auto,
0x02BBEA,0x02BDF8,FUN_0002bbea,ghidra-auto,
0x02BDF8,0x02BE16,FUN_0002bdf8,ghidra-auto,
0x02BE16,0x02BEA8,DSC_checkIfMode_x80,ghidra-hand,
0x02BEA8,0x02BEDC,DSC_checkIfMode_x40,ghidra-hand,
0x02BEDC,0x02BEFA,DSC_checkIfMode_x20,ghidra-hand,
0x02BEFA,0x02BF18,DSC_checkIfMode_x10,ghidra-hand,
0x02BF18,0x02BF36,FUN_0002bf18,ghidra-auto,
0x02BF36,0x02BF6A,can212RXUnpack,ghidra-hand,
0x02BF6A,0x02C048,checkTorqueRequestValidity,ghidra-hand,
0x02C048,0x02C052,FUN_0002c048,ghidra-auto,
0x02C052,0x02C0A8,FUN_0002c052,ghidra-auto,
0x02C0A8,0x02C0AC,thunk_FUN_0002c0dc,ghidra-auto,
0x02C0AC,0x02C0D2,CAN4C0RX_Main,ghidra-hand,
0x02C0D2,0x02C0DC,FUN_0002c0d2,ghidra-auto,
0x02C0DC,0x02C0E6,FUN_0002c0dc,ghidra-auto,
0x02C0E6,0x02C12C,FUN_0002c0e6,ghidra-auto,
0x02C12C,0x02C132,FUN_0002c12c,ghidra-auto,
0x02C132,0x02C15C,can650TX_getAndPack,ghidra-hand,
0x02C15C,0x02C164,FUN_0002c15c,ghidra-auto,
0x02C164,0x02C174,FUN_0002c164,ghidra-auto,
0x02C174,0x02C1DC,FUN_0002c174,ghidra-auto,
0x02C1DC,0x02C250,FUN_0002c1dc,ghidra-auto,
0x02C250,0x02C2C8,writeOilPressureLight??,ghidra-hand,
0x02C2C8,0x02C2D0,FUN_0002c2c8,ghidra-auto,
0x02C2D0,0x02C374,writeOilPressureGauge??,ghidra-hand,
0x02C374,0x02C37E,FUN_0002c374,ghidra-auto,
0x02C37E,0x02C388,getInitalTimingValues??,ghidra-hand,
0x02C388,0x02C3AE,getIgnitionRelatedCalsForSomething,ghidra-hand,
0x02C3AE,0x02C484,crankingTimingInitSomething?,ghidra-hand,
0x02C484,0x02C4E6,FUN_0002c484,ghidra-auto,
0x02C4E6,0x02C548,FUN_0002c4e6,ghidra-auto,
0x02C548,0x02C5D0,checkFuelCutStatusForSomething,ghidra-hand,
0x02C5D0,0x02C5E8,calculateCruiseControlSwitchVolt,ghidra-hand,
0x02C5E8,0x02C5F0,FUN_0002c5e8,ghidra-auto,
0x02C5F0,0x02C5F8,FUN_0002c5f0,ghidra-auto,
0x02C5F8,0x02C8AC,calculateCruiseControlDriverRequest,ghidra-hand,
0x02C8AC,0x02C912,setGearBools,ghidra-hand,
0x02C912,0x02CADC,debounceGearConditionAutoTransMAYBE,ghidra-hand,
0x02CADC,0x02CB6A,calculateGearRPMbased,ghidra-hand,
0x02CB6A,0x02CD28,debounceCalculatedGear,ghidra-hand,
0x02CD28,0x02CD2E,FUN_0002cd28,ghidra-auto,
0x02CD2E,0x02CD58,can231TX_getAndPack,ghidra-hand,
0x02CD58,0x02CD60,FUN_0002cd58,ghidra-auto,
0x02CD60,0x02CD8A,canPackandTx231,ghidra-hand,
0x02CD8A,0x02CD9C,FUN_0002cd8a,ghidra-auto,
0x02CD9C,0x02CDC8,FUN_0002cd9c,ghidra-auto,
0x02CDC8,0x02CDD0,FUN_0002cdc8,ghidra-auto,
0x02CDD0,0x02CDD8,FUN_0002cdd0,ghidra-auto,
0x02CDD8,0x02CE0C,FUN_0002cdd8,ghidra-auto,
0x02CE0C,0x02CE24,dscDerateInit?,ghidra-hand,
0x02CE24,0x02CEB8,FUN_0002ce24,ghidra-auto,
0x02CEB8,0x02CFFA,getCondtionsForSomething,ghidra-hand,
0x02CFFA,0x02D088,dscMapSelectModex20,ghidra-hand,
0x02D088,0x02D0CE,FUN_0002d088,ghidra-auto,
0x02D0CE,0x02D132,dscPerRotorCut?,ghidra-hand,
0x02D132,0x02D1C0,get3DLookupConditionalMultiplierOfSomeSort,ghidra-hand,
0x02D1C0,0x02D204,arbitrateDSCFuelCut?,ghidra-hand,
0x02D204,0x02D208,nothingFunc4,ghidra-hand,
0x02D208,0x02D2B8,calculateTorqueRelatedParams,ghidra-hand,
0x02D2B8,0x02D2D0,getRPMLoadBasedMult,ghidra-hand,
0x02D2D0,0x02D2E8,getLeadingTimingTCModeA_4_val,ghidra-hand,
0x02D2E8,0x02D300,getEngineTrqFromLookup,ghidra-hand,
0x02D300,0x02D320,calculateTorqueRelated,ghidra-hand,
0x02D320,0x02D38C,calculateEngineMaxTorquePcnt??,ghidra-hand,
0x02D38C,0x02D3A2,calculateEngTorqueWithLosses,ghidra-hand,
0x02D3A2,0x02D3B8,calculateTotalRequestedTrqPcnt,ghidra-hand,
0x02D3B8,0x02D430,calculateEngineTorqueWithTimingLoss??,ghidra-hand,
0x02D430,0x02D440,FUN_0002d430,ghidra-auto,
0x02D440,0x02D456,FUN_0002d440,ghidra-auto,
0x02D456,0x02D46E,getRPMBasedTorqueAdder,ghidra-hand,
0x02D46E,0x02D486,getDesiredTorqueCalcVar2,ghidra-hand,
0x02D486,0x02D4BC,getDesiredTorqueCalcVar3,ghidra-hand,
0x02D4BC,0x02D508,FUN_0002d4bc,ghidra-auto,
0x02D508,0x02D57C,FUN_0002d508,ghidra-auto,
0x02D57C,0x02D586,FUN_0002d57c,ghidra-auto,
0x02D586,0x02D5A0,calculateVehicleAccel,ghidra-hand,
0x02D5A0,0x02D5DC,filterVehicleAccel,ghidra-hand,
0x02D5DC,0x02D5E4,FUN_0002d5dc,ghidra-auto,
0x02D5E4,0x02D5EC,FUN_0002d5e4,ghidra-auto,
0x02D5EC,0x02D60E,FUN_0002d5ec,ghidra-auto,
0x02D60E,0x02D722,FUN_0002d60e,ghidra-auto,
0x02D722,0x02D82C,FUN_0002d722,ghidra-auto,
0x02D82C,0x02D878,FUN_0002d82c,ghidra-auto,
0x02D878,0x02D924,FUN_0002d878,ghidra-auto,
0x02D924,0x02D9BC,calculateCruiseControlDisableCondition,ghidra-hand,
0x02D9BC,0x02DB00,cruiseControlUndershootingPlausibilityMon,ghidra-hand,
0x02DB00,0x02DBC4,cruiseControlOvershootPlausibilityMon,ghidra-hand,
0x02DBC4,0x02DC2A,getCruiseControlAllowedBool??,ghidra-hand,
0x02DC2A,0x02DC88,FUN_0002dc2a,ghidra-auto,
0x02DC88,0x02DCDC,FUN_0002dc88,ghidra-auto,
0x02DCDC,0x02DE64,calculateCruiseControlFFTorque,ghidra-hand,
0x02DE64,0x02E50C,calculateCruiseControlProportionalTorque??,ghidra-hand,
0x02E50C,0x02E580,calculateCruiseControlFinalTorque,ghidra-hand,
0x02E580,0x02E604,FUN_0002e580,ghidra-auto,
0x02E604,0x02E63A,FUN_0002e604,ghidra-auto,
0x02E63A,0x02E66C,FUN_0002e63a,ghidra-auto,
0x02E66C,0x02E6E2,cruiseControlStateStuff,ghidra-hand,
0x02E6E2,0x02E850,FUN_0002e6e2,ghidra-auto,
0x02E850,0x02E8C0,FUN_0002e850,ghidra-auto,
0x02E8C0,0x02E960,FUN_0002e8c0,ghidra-auto,
0x02E960,0x02EAD2,FUN_0002e960,ghidra-auto,
0x02EAD2,0x02EB10,FUN_0002ead2,ghidra-auto,
0x02EB10,0x02EB1E,FUN_0002eb10,ghidra-auto,
0x02EB1E,0x02EB22,nothingFunc3,ghidra-hand,
0x02EB22,0x02EB40,cruiseControlFunctions,ghidra-hand,
0x02EB40,0x02EBEE,cruiseControlMain??,ghidra-hand,
0x02EBEE,0x02EC0C,getCruiseControlE2Metrics,ghidra-hand,
0x02EC0C,0x02EC1A,FUN_0002ec0c,ghidra-auto,
0x02EC1A,0x02ECB8,FUN_0002ec1a,ghidra-auto,
0x02ECB8,0x02ECF8,FUN_0002ecb8,ghidra-auto,
0x02ECF8,0x02ED54,FUN_0002ecf8,ghidra-auto,
0x02ED54,0x02EE5C,calculateACClutchOn??,ghidra-hand,
0x02EE5C,0x02EFD4,FUN_0002ee5c,ghidra-auto,
0x02EFD4,0x02F092,calcACCompressorRequest,ghidra-hand,
0x02F092,0x02F504,FUN_0002f092,ghidra-auto,
0x02F504,0x02F57E,FUN_0002f504,ghidra-auto,
0x02F57E,0x02F5D4,FUN_0002f57e,ghidra-auto,
0x02F5D4,0x02F5DA,thunk_FUN_0002ecb8,ghidra-auto,
0x02F5DA,0x02F640,acCompressorControlMain???,ghidra-hand,
0x02F640,0x02F694,initFanControl,ghidra-hand,
0x02F694,0x02F718,setFanOutputGPIO,ghidra-hand,
0x02F718,0x02F71E,initFanControl,ghidra-hand,
0x02F71E,0x02F764,fanControlMain,ghidra-hand,
0x02F764,0x02F9D2,calcFanControlFaultRelated_MAYBE,ghidra-hand,
0x02F9D2,0x02FB14,calcFan1Control,ghidra-hand,
0x02FB14,0x02FD20,calcFan2Control,ghidra-hand,
0x02FD20,0x02FD48,getACSwitchStatus,ghidra-hand,
0x02FD48,0x02FD86,FUN_0002fd48,ghidra-auto,
0x02FD86,0x02FE00,FUN_0002fd86,ghidra-auto,
0x02FE00,0x02FE14,FUN_0002fe00,ghidra-auto,
0x02FE14,0x02FE44,getOBDFuelModificationRequest,ghidra-hand,
0x02FE44,0x02FE88,FUN_0002fe44,ghidra-auto,
0x02FE88,0x02FEB4,filterFuelVolumeRequest,ghidra-hand,
0x02FEB4,0x02FFD8,calculateFuelingRequestMaxForOBDControl,ghidra-hand,
0x02FFD8,0x0300A8,fuelingAddOBDControlMode?,ghidra-hand,
0x0300A8,0x0300B0,FUN_000300a8,ghidra-auto,
0x0300B0,0x0300B8,FUN_000300b0,ghidra-auto,
0x0300B8,0x030164,FUN_000300b8,ghidra-auto,
0x030164,0x0301B0,FUN_00030164,ghidra-auto,
0x0301B0,0x0301F6,calculateEngineTemperatures,ghidra-hand,
0x0301F6,0x030268,getInjectorTempBasedMultiplierLookups,ghidra-hand,
0x030268,0x0302B8,getEstimatedManifoldPressure,ghidra-hand,
0x0302B8,0x0302D6,calcRelativePressure,ghidra-hand,
0x0302D6,0x0302F4,getInjctorManifoldVacuumCompensationMult,ghidra-hand,
0x0302F4,0x030344,getBaroPressureMult,ghidra-hand,
0x030344,0x030414,injectorPulseTimeArbitrate_crankAddTimer,ghidra-hand,
0x030414,0x0304CC,getFuelInectorLatencyCals,ghidra-hand,
0x0304CC,0x030570,getInjectorOnTimeCompensations,ghidra-hand,
0x030570,0x030586,setInjectorStuffPrevLoop?,ghidra-hand,
0x030586,0x03059E,FUN_00030586,ghidra-auto,
0x03059E,0x0306B4,FUN_0003059e,ghidra-auto,
0x0306B4,0x030700,calcInjectorCrankingTime??,ghidra-hand,
0x030700,0x030728,getCrankingInjectorPulseTime,ghidra-hand,
0x030728,0x03083C,getDiagnosticFuelPulseCranking?,ghidra-hand,
0x03083C,0x03089A,throttleDownDeFloodCheck?,ghidra-hand,
0x03089A,0x030904,setStartupInjectorPwMult,ghidra-hand,
0x030904,0x030B14,handleDiagInjectorPulseSomething?,ghidra-hand,
0x030B14,0x030B84,diagCrankingInjectorPulseAdder?,ghidra-hand,
0x030B84,0x030C7C,calcFuelVolumeRequest,ghidra-hand,
0x030C7C,0x030DE4,getClosedLoopTarget?,ghidra-hand,
0x030DE4,0x030FA4,calculateFuelAmountPerRotationMinMax,ghidra-hand,
0x030FA4,0x0313F0,calcFuelRequestConditons,ghidra-hand,
0x0313F0,0x0317A0,calcInjectorOnTime,ghidra-hand,
0x0317A0,0x0317C0,FUN_000317a0,ghidra-auto,
0x0317C0,0x0317E4,FUN_000317c0,ghidra-auto,
0x0317E4,0x031978,secondaryAirRelated??,ghidra-hand,
0x031978,0x031ACC,massive_fpu_control_calc_31978,ghidra-hand,
0x031ACC,0x031BA0,calculateSecondaryAirPumpEnirchment,ghidra-hand,
0x031BA0,0x031BE4,turnOnSecondaryAir??,ghidra-hand,
0x031BE4,0x031BF2,FUN_00031be4,ghidra-auto,
0x031BF2,0x031C16,calculateSecondaryAirOnTime,ghidra-hand,
0x031C16,0x031C50,FUN_00031c16,ghidra-auto,
0x031C50,0x031DC0,secondaryAirRelated,ghidra-hand,
0x031DC0,0x031DCA,FUN_00031dc0,ghidra-auto,
0x031DCA,0x031DF2,getEngineOffTimer,ghidra-hand,
0x031DF2,0x031ECC,getSecondaryAirOnTimer,ghidra-hand,
0x031ECC,0x032094,FUN_00031ecc,ghidra-auto,
0x032094,0x0320C4,setAPVDC?,ghidra-hand,
0x0320C4,0x0320C8,FUN_000320c4,ghidra-auto,
0x0320C8,0x032114,apvControl?,ghidra-hand,
0x032114,0x032376,calcAPVControl,ghidra-hand,
0x032376,0x0323B2,apvPositionVoltageCounter,ghidra-hand,
0x0323B2,0x0323DA,calcAPVCounter,ghidra-hand,
0x0323DA,0x03253C,getAPVConditions?,ghidra-hand,
0x03253C,0x032564,FUN_0003253c,ghidra-auto,
0x032564,0x03256E,FUN_00032564,ghidra-auto,
0x03256E,0x03259C,filterVehicleSpeed,ghidra-hand,
0x03259C,0x0325A4,FUN_0003259c,ghidra-auto,
0x0325A4,0x0325AC,FUN_000325a4,ghidra-auto,
0x0325AC,0x03269C,cruiseControllAccelResCheck??,ghidra-hand,
0x03269C,0x032750,FUN_0003269c,ghidra-auto,
0x032750,0x0327CE,cruiseControlACCELRESAllowed?,ghidra-hand,
0x0327CE,0x032820,debounceCruiseControlSET,ghidra-hand,
0x032820,0x0328D4,debounceCruiseControlACCELRES,ghidra-hand,
0x0328D4,0x032ABC,cruiseControlSetRealted,ghidra-hand,
0x032ABC,0x032DDC,calculateCruiseControlSpeedTarget,ghidra-hand,
0x032DDC,0x032DE2,FUN_00032ddc,ghidra-auto,
0x032DE2,0x032E0C,can630TX_getAndPack,ghidra-hand,
0x032E0C,0x032E14,FUN_00032e0c,ghidra-auto,
0x032E14,0x032E3E,FUN_00032e14,ghidra-auto,
0x032E3E,0x032E4C,packCANTX630,ghidra-hand,
0x032E4C,0x032E98,FUN_00032e4c,ghidra-auto,
0x032E98,0x032EA2,FUN_00032e98,ghidra-auto,
0x032EA2,0x032ED0,FUN_00032ea2,ghidra-auto,
0x032ED0,0x032ED6,FUN_00032ed0,ghidra-auto,
0x032ED6,0x032F00,can620TX_getAndPack,ghidra-hand,
0x032F00,0x032F08,FUN_00032f00,ghidra-auto,
0x032F08,0x032F2E,can620Pack,ghidra-hand,
0x032F2E,0x032F38,FUN_00032f2e,ghidra-auto,
0x032F38,0x032F8A,FUN_00032f38,ghidra-auto,
0x032F8A,0x03303C,speedLimiterSetLimitType??,ghidra-hand,
0x03303C,0x033040,thunk_FUN_000330b2,ghidra-auto,
0x033040,0x03306A,CAN430RX_Main,ghidra-hand,
0x03306A,0x033098,can430rx_unpack,ghidra-hand,
0x033098,0x0330B2,FUN_00033098,ghidra-auto,
0x0330B2,0x0330BC,FUN_000330b2,ghidra-auto,
0x0330BC,0x033124,FUN_000330bc,ghidra-auto,
0x033124,0x033200,fpu_threshold_condition_check_33124,ghidra-hand,
0x033200,0x033264,coolantTempSubtractorsForCatModel,ghidra-hand,
0x033264,0x03335C,getCrankEnrichment?,ghidra-hand,
0x03335C,0x033366,FUN_0003335c,ghidra-auto,
0x033366,0x0333C6,speedLimitRelated??,ghidra-hand,
0x0333C6,0x033460,applySpeedLimiter???,ghidra-hand,
0x033460,0x0336A4,somethingPIController???,ghidra-hand,
0x0336A4,0x033876,idleControlRealted??,ghidra-hand,
0x033876,0x03390C,FUN_00033876,ghidra-auto,
0x03390C,0x03395A,cruiseControlInit,ghidra-hand,
0x03395A,0x03397A,knockMultiplierInit,ghidra-hand,
0x03397A,0x033982,FUN_0003397a,ghidra-auto,
0x033982,0x033992,knockInit,ghidra-hand,
0x033992,0x03399E,knockConditonalInit,ghidra-hand,
0x03399E,0x033A18,FUN_0003399e,ghidra-auto,
0x033A18,0x033CB2,knockTimingRelated,ghidra-hand,
0x033CB2,0x033D2C,detectKnockCondition??,ghidra-hand,
0x033D2C,0x033DA4,FUN_00033d2c,ghidra-auto,
0x033DA4,0x033F20,throttlePedalParameters,ghidra-hand,
0x033F20,0x033FA4,detectDriverIntentKnockControl?,ghidra-hand,
0x033FA4,0x034110,calculateKnockConditionA,ghidra-hand,
0x034110,0x03417E,FUN_00034110,ghidra-auto,
0x03417E,0x0341D0,FUN_0003417e,ghidra-auto,
0x0341D0,0x0341DA,resetCounter,ghidra-hand,
0x0341DA,0x0341E4,setEngineLoadInitalVal,ghidra-hand,
0x0341E4,0x0341F4,airPerStroke,ghidra-hand,
0x0341F4,0x034228,calculateEngineLoadMax,ghidra-hand,
0x034228,0x03424A,getMaxLoadCompensations,ghidra-hand,
0x03424A,0x03431C,calculateEngineLoad,ghidra-hand,
0x03431C,0x034388,FUN_0003431c,ghidra-auto,
0x034388,0x034458,FUN_00034388,ghidra-auto,
0x034458,0x0344CC,FUN_00034458,ghidra-auto,
0x0344CC,0x034536,FUN_000344cc,ghidra-auto,
0x034536,0x0345B4,FUN_00034536,ghidra-auto,
0x0345B4,0x0345C4,FUN_000345b4,ghidra-auto,
0x0345C4,0x0345F0,getThrottlePositionFault??,ghidra-hand,
0x0345F0,0x0346F0,getTotalLoadDeltaEnrich??,ghidra-hand,
0x0346F0,0x03477C,FUN_000346f0,ghidra-auto,
0x03477C,0x03484E,getRotor1LoadDeltaEnrich??,ghidra-hand,
0x03484E,0x0348CC,getRotor2LoadDeltaEnrich??,ghidra-hand,
0x0348CC,0x0348EE,getEngineStartupEnrichValue,ghidra-hand,
0x0348EE,0x034964,derateEngineStartupEnrich,ghidra-hand,
0x034964,0x0349D8,fuelingStartupMultiplierStuff,ghidra-hand,
0x0349D8,0x034A30,resetStartupEnrich??,ghidra-hand,
0x034A30,0x034A4A,setEngineLoadsPrevLoop,ghidra-hand,
0x034A4A,0x034A84,FUN_00034a4a,ghidra-auto,
0x034A84,0x034D70,calcEngineLoadChange,ghidra-hand,
0x034D70,0x034F34,FUN_00034d70,ghidra-auto,
0x034F34,0x034F64,FUN_00034f34,ghidra-auto,
0x034F64,0x035004,VDIControl,ghidra-hand,
0x035004,0x03500A,VDIControl,ghidra-hand,
0x03500A,0x035030,vdiControl,ghidra-hand,
0x035030,0x035036,vfadControl,ghidra-hand,
0x035036,0x03505C,vfadControl,ghidra-hand,
0x03505C,0x035104,vfadControl,ghidra-hand,
0x035104,0x035124,ImmoSomethingOrOther??,ghidra-hand,
0x035124,0x035148,FUN_00035124,ghidra-auto,
0x035148,0x03514E,thunk_FUN_00035184,ghidra-auto,
0x03514E,0x035184,thunk_FUN_0003518c,ghidra-auto,
0x035184,0x03518C,FUN_00035184,ghidra-auto,
0x03518C,0x035194,FUN_0003518c,ghidra-auto,
0x035194,0x035202,immoRelatedMaybe??,ghidra-hand,
0x035202,0x03537C,ImmoMain,ghidra-hand,
0x03537C,0x035432,ImmoIdleFcn,ghidra-hand,
0x035432,0x035588,ImmoWaitForKey,ghidra-hand,
0x035588,0x035662,ImmoKeyRXd,ghidra-hand,
0x035662,0x035782,ImmoCalculateSeedResult,ghidra-hand,
0x035782,0x0358CE,ImmoStateGoodFunc,ghidra-hand,
0x0358CE,0x035978,ImmoStateInvalidKey,ghidra-hand,
0x035978,0x0359E4,ImmoStateReadyToDriveEngineOff,ghidra-hand,
0x0359E4,0x035A58,ImmoGoodStateSet?,ghidra-hand,
0x035A58,0x035A76,ImmoBadStateSet?,ghidra-hand,
0x035A76,0x035AEE,immo_related??,ghidra-hand,
0x035AEE,0x035B58,ImmoGetSeed,ghidra-hand,
0x035B58,0x035BFC,FUN_00035b58,ghidra-auto,
0x035BFC,0x035D10,calculateImmoSeed,ghidra-hand,
0x035D10,0x035E58,ImmoGetCANData,ghidra-hand,
0x035E58,0x035F5C,setImmoCANTXData,ghidra-hand,
0x035F5C,0x035F9C,FUN_00035f5c,ghidra-auto,
0x035F9C,0x036076,Immo_Keygen_related_ADC,ghidra-hand,
0x036076,0x0360BC,loadDatafromE2intoRAM?,ghidra-hand,
0x0360BC,0x0361AC,getDataFromE2RAM,ghidra-hand,
0x0361AC,0x036456,updateE2RAMBasedOnInput,ghidra-hand,
0x036456,0x0364A0,writeToE2RAMAreaTHUNK_INDEX_ADDR_LEN,ghidra-hand,
0x0364A0,0x0365C0,FUN_000364a0,ghidra-auto,
0x0365C0,0x036684,ImmoUpdateRelated,ghidra-hand,
0x036684,0x0367C8,checkImmoStatus?,ghidra-hand,
0x0367C8,0x0367E8,FUN_000367c8,ghidra-auto,
0x0367E8,0x036862,FUN_000367e8,ghidra-auto,
0x036862,0x036904,FUN_00036862,ghidra-auto,
0x036904,0x03697E,FUN_00036904,ghidra-auto,
0x03697E,0x036A8C,FUN_0003697e,ghidra-auto,
0x036A8C,0x036AF0,FUN_00036a8c,ghidra-auto,
0x036AF0,0x036B3E,FUN_00036af0,ghidra-auto,
0x036B3E,0x036B84,FUN_00036b3e,ghidra-auto,
0x036B84,0x036C60,FUN_00036b84,ghidra-auto,
0x036C60,0x036D7A,FUN_00036c60,ghidra-auto,
0x036D7A,0x036E20,FUN_00036d7a,ghidra-auto,
0x036E20,0x036E9A,FUN_00036e20,ghidra-auto,
0x036E9A,0x036F50,FUN_00036e9a,ghidra-auto,
0x036F50,0x036FCA,FUN_00036f50,ghidra-auto,
0x036FCA,0x037010,FUN_00036fca,ghidra-auto,
0x037010,0x037028,FUN_00037010,ghidra-auto,
0x037028,0x037090,afterImmoMain,ghidra-hand,
0x037090,0x037134,FUN_00037090,ghidra-auto,
0x037134,0x0371EC,FUN_00037134,ghidra-auto,
0x0371EC,0x0372B8,afterImmo_1,ghidra-hand,
0x0372B8,0x03735C,FUN_000372b8,ghidra-auto,
0x03735C,0x0373FE,afterImmo_2,ghidra-hand,
0x0373FE,0x0374CE,ModeB1UDSFunc,ghidra-hand,
0x0374CE,0x03753C,afterImmo_6,ghidra-hand,
0x03753C,0x0375F4,FUN_0003753c,ghidra-auto,
0x0375F4,0x037698,afterImmo_3,ghidra-hand,
0x037698,0x03775C,FUN_00037698,ghidra-auto,
0x03775C,0x0377FE,afterImmo_4,ghidra-hand,
0x0377FE,0x037854,FUN_000377fe,ghidra-auto,
0x037854,0x0378D6,afterImmo_5,ghidra-hand,
0x0378D6,0x0379AC,FUN_000378d6,ghidra-auto,
0x0379AC,0x037A78,afterImmo_7,ghidra-hand,
0x037A78,0x037BDE,FUN_00037a78,ghidra-auto,
0x037BDE,0x037C66,afterImmo_8,ghidra-hand,
0x037C66,0x037C88,FUN_00037c66,ghidra-auto,
0x037C88,0x037CE0,setImmoFault?,ghidra-hand,
0x037CE0,0x037FFC,FUN_00037ce0,ghidra-auto,
0x037FFC,0x038104,FUN_00037ffc,ghidra-auto,
0x038104,0x0383F8,FUN_00038104,ghidra-auto,
0x0383F8,0x0385C4,E2IntoRAM?,ghidra-hand,
0x0385C4,0x038610,writeToE2RAMArea_INDEX_ADDR_LEN,ghidra-hand,
0x038610,0x0386F4,getFromE2_E2ADDR_RAMADDR_LEN,ghidra-hand,
0x0386F4,0x0386FA,FUN_000386f4,ghidra-auto,
0x0386FA,0x03870A,FUN_000386fa,ghidra-auto,
0x03870A,0x03879C,FUN_0003870a,ghidra-auto,
0x03879C,0x0387A2,thunk_FUN_000386fa,ghidra-auto,
0x0387A2,0x0387BA,FUN_000387a2,ghidra-auto,
0x0387BA,0x0387E8,FUN_000387ba,ghidra-auto,
0x0387E8,0x038838,can41TXPack,ghidra-hand,
0x038838,0x03883C,thunk_FUN_000388b4,ghidra-auto,
0x03883C,0x038870,CAN47RX_Main,ghidra-hand,
0x038870,0x0388AA,can47RXunpack,ghidra-hand,
0x0388AA,0x0388B4,FUN_000388aa,ghidra-auto,
0x0388B4,0x0388BE,FUN_000388b4,ghidra-auto,
0x0388BE,0x038918,FUN_000388be,ghidra-auto,
0x038918,0x038922,FUN_00038918,ghidra-auto,
0x038922,0x03894E,FUN_00038922,ghidra-auto,
0x03894E,0x038AB6,FUN_0003894e,ghidra-auto,
0x038AB6,0x038B7E,FUN_00038ab6,ghidra-auto,
0x038B7E,0x038BF4,FUN_00038b7e,ghidra-auto,
0x038BF4,0x038C2C,FUN_00038bf4,ghidra-auto,
0x038C2C,0x038E1C,FUN_00038c2c,ghidra-auto,
0x038E1C,0x038E5C,FUN_00038e1c,ghidra-auto,
0x038E5C,0x038E70,FUN_00038e5c,ghidra-auto,
0x038E70,0x039040,FUNC_valueInits_MAYBE?,ghidra-hand,
0x039040,0x03905A,FUN_00039040,ghidra-auto,
0x03905A,0x039210,dealsWithFuelCutSetting,ghidra-hand,
0x039210,0x039258,setupFuelingVariables,ghidra-hand,
0x039258,0x039270,FUN_00039258,ghidra-auto,
0x039270,0x039342,evapRelated,ghidra-hand,
0x039342,0x03939C,FUN_00039342,ghidra-auto,
0x03939C,0x0393DE,FUN_0003939c,ghidra-auto,
0x0393DE,0x0394FC,calculateKnockSensorStatus,ghidra-hand,
0x0394FC,0x0398F4,faultDetermination?,ghidra-hand,
0x0398F4,0x039938,FUN_000398f4,ghidra-auto,
0x039938,0x039F00,faultRelated??,ghidra-hand,
0x039F00,0x03A0C8,FUN_00039f00,ghidra-auto,
0x03A0C8,0x03A10A,FUN_0003a0c8,ghidra-auto,
0x03A10A,0x03A164,FUN_0003a10a,ghidra-auto,
0x03A164,0x03A174,FUN_0003a164,ghidra-auto,
0x03A174,0x03A18C,FUN_0003a174,ghidra-auto,
0x03A18C,0x03A1AA,FUN_0003a18c,ghidra-auto,
0x03A1AA,0x03A384,FUN_0003a1aa,ghidra-auto,
0x03A384,0x03A4F0,MPUCall?,ghidra-hand,
0x03A4F0,0x03A520,FUN_0003a4f0,ghidra-auto,
0x03A520,0x03A586,FUN_0003a520,ghidra-auto,
0x03A586,0x03A600,FUN_0003a586,ghidra-auto,
0x03A600,0x03A608,FUN_0003a600,ghidra-auto,
0x03A608,0x03A6B6,FUN_0003a608,ghidra-auto,
0x03A6B6,0x03A74A,FUN_0003a6b6,ghidra-auto,
0x03A74A,0x03A80A,FUN_0003a74a,ghidra-auto,
0x03A80A,0x03A8F2,FUN_0003a80a,ghidra-auto,
0x03A8F2,0x03A8FC,setupLambdaForCatTempModel,ghidra-hand,
0x03A8FC,0x03A970,FUN_0003a8fc,ghidra-auto,
0x03A970,0x03AAFC,FUN_0003a970,ghidra-auto,
0x03AAFC,0x03AC8A,FUN_0003aafc,ghidra-auto,
0x03AC8A,0x03AD00,FUN_0003ac8a,ghidra-auto,
0x03AD00,0x03AD68,FUN_0003ad00,ghidra-auto,
0x03AD68,0x03AECC,FUN_0003ad68,ghidra-auto,
0x03AECC,0x03AF3C,FUN_0003aecc,ghidra-auto,
0x03AF3C,0x03B0A8,FUN_0003af3c,ghidra-auto,
0x03B0A8,0x03B20A,FUN_0003b0a8,ghidra-auto,
0x03B20A,0x03B236,FUN_0003b20a,ghidra-auto,
0x03B236,0x03B284,FUN_0003b236,ghidra-auto,
0x03B284,0x03B2A4,FUN_0003b284,ghidra-auto,
0x03B2A4,0x03B2E2,FUN_0003b2a4,ghidra-auto,
0x03B2E2,0x03B344,FUN_0003b2e2,ghidra-auto,
0x03B344,0x03B460,FUN_0003b344,ghidra-auto,
0x03B460,0x03B544,FUN_0003b460,ghidra-auto,
0x03B544,0x03B5E6,FUN_0003b544,ghidra-auto,
0x03B5E6,0x03B628,FUN_0003b5e6,ghidra-auto,
0x03B628,0x03B648,FUN_0003b628,ghidra-auto,
0x03B648,0x03B81E,FUN_0003b648,ghidra-auto,
0x03B81E,0x03B998,FUN_0003b81e,ghidra-auto,
0x03B998,0x03B9AE,FUN_0003b998,ghidra-auto,
0x03B9AE,0x03B9DA,FUN_0003b9ae,ghidra-auto,
0x03B9DA,0x03BA48,FUN_0003b9da,ghidra-auto,
0x03BA48,0x03BA90,FUN_0003ba48,ghidra-auto,
0x03BA90,0x03BAB6,FUN_0003ba90,ghidra-auto,
0x03BAB6,0x03BAD4,FUN_0003bab6,ghidra-auto,
0x03BAD4,0x03BC1C,FUN_0003bad4,ghidra-auto,
0x03BC1C,0x03BC88,setFuelingRequestPointer,ghidra-hand,
0x03BC88,0x03BD3A,FUN_0003bc88,ghidra-auto,
0x03BD3A,0x03BE1E,fuelLevelRelated,ghidra-hand,
0x03BE1E,0x03BFF8,FUN_0003be1e,ghidra-auto,
0x03BFF8,0x03C0BA,FUN_0003bff8,ghidra-auto,
0x03C0BA,0x03C154,FUN_0003c0ba,ghidra-auto,
0x03C154,0x03C194,FUN_0003c154,ghidra-auto,
0x03C194,0x03C370,FUN_0003c194,ghidra-auto,
0x03C370,0x03C39C,FUN_0003c370,ghidra-auto,
0x03C39C,0x03C45C,FUN_0003c39c,ghidra-auto,
0x03C45C,0x03C466,FUN_0003c45c,ghidra-auto,
0x03C466,0x03C4E2,FUN_0003c466,ghidra-auto,
0x03C4E2,0x03C528,FUN_0003c4e2,ghidra-auto,
0x03C528,0x03C53A,FUN_0003c528,ghidra-auto,
0x03C53A,0x03C558,FUN_0003c53a,ghidra-auto,
0x03C558,0x03C688,FUN_0003c558,ghidra-auto,
0x03C688,0x03C6B4,FUN_0003c688,ghidra-auto,
0x03C6B4,0x03C6E0,FUN_0003c6b4,ghidra-auto,
0x03C6E0,0x03C7F8,FUN_0003c6e0,ghidra-auto,
0x03C7F8,0x03C936,FUN_0003c7f8,ghidra-auto,
0x03C936,0x03C992,FUN_0003c936,ghidra-auto,
0x03C992,0x03C9D4,adcVoltageOutOfRangeCheck?,ghidra-hand,
0x03C9D4,0x03CB04,FUN_0003c9d4,ghidra-auto,
0x03CB04,0x03CC42,FUN_0003cb04,ghidra-auto,
0x03CC42,0x03CE22,FUN_0003cc42,ghidra-auto,
0x03CE22,0x03CE48,checkTimers,ghidra-hand,
0x03CE48,0x03CE74,FUN_0003ce48,ghidra-auto,
0x03CE74,0x03CF00,FUN_0003ce74,ghidra-auto,
0x03CF00,0x03CF3C,FUN_0003cf00,ghidra-auto,
0x03CF3C,0x03D054,FUN_0003cf3c,ghidra-auto,
0x03D054,0x03D192,FUN_0003d054,ghidra-auto,
0x03D192,0x03D1EE,FUN_0003d192,ghidra-auto,
0x03D1EE,0x03D244,FUN_0003d1ee,ghidra-auto,
0x03D244,0x03D25E,FUN_0003d244,ghidra-auto,
0x03D25E,0x03D4D0,FUN_0003d25e,ghidra-auto,
0x03D4D0,0x03D502,FUN_0003d4d0,ghidra-auto,
0x03D502,0x03D59C,FUN_0003d502,ghidra-auto,
0x03D59C,0x03D70C,FUN_0003d59c,ghidra-auto,
0x03D70C,0x03D726,FUN_0003d70c,ghidra-auto,
0x03D726,0x03D73A,FUN_0003d726,ghidra-auto,
0x03D73A,0x03D8B0,FUN_0003d73a,ghidra-auto,
0x03D8B0,0x03D8DC,FUN_0003d8b0,ghidra-auto,
0x03D8DC,0x03D920,FUN_0003d8dc,ghidra-auto,
0x03D920,0x03D92A,FUN_0003d920,ghidra-auto,
0x03D92A,0x03D96E,FUN_0003d92a,ghidra-auto,
0x03D96E,0x03DA44,FUN_0003d96e,ghidra-auto,
0x03DA44,0x03DA78,FUN_0003da44,ghidra-auto,
0x03DA78,0x03DA9A,FUN_0003da78,ghidra-auto,
0x03DA9A,0x03DBB4,FUN_0003da9a,ghidra-auto,
0x03DBB4,0x03DCA4,FUN_0003dbb4,ghidra-auto,
0x03DCA4,0x03DCFC,FUN_0003dca4,ghidra-auto,
0x03DCFC,0x03DD34,FUN_0003dcfc,ghidra-auto,
0x03DD34,0x03DD46,FUN_0003dd34,ghidra-auto,
0x03DD46,0x03DD66,FUN_0003dd46,ghidra-auto,
0x03DD66,0x03DEDC,FUN_0003dd66,ghidra-auto,
0x03DEDC,0x03DFE2,FUN_0003dedc,ghidra-auto,
0x03DFE2,0x03E00E,FUN_0003dfe2,ghidra-auto,
0x03E00E,0x03E07C,FUN_0003e00e,ghidra-auto,
0x03E07C,0x03E0AC,FUN_0003e07c,ghidra-auto,
0x03E0AC,0x03E0DC,floatDivideDiv0errCheck_SIG_DIVISOR,ghidra-hand,
0x03E0DC,0x03E11C,readValue_8bit_ADDRESS_VAL,ghidra-hand,
0x03E11C,0x03E15C,readValue_16bit_ADDRESS_VAL,ghidra-hand,
0x03E15C,0x03E1AA,readValue_32bit_ADDRESS_VAL,ghidra-hand,
0x03E1AA,0x03E1F8,readValue_float_DEFAULTVAL_ADDRESS,ghidra-hand,
0x03E1F8,0x03E208,updateMemoryAtAddress_8bit_ADDR_VAL,ghidra-hand,
0x03E208,0x03E218,updateMemoryAtAddress_16bit_ADDR_VAL,ghidra-hand,
0x03E218,0x03E258,updateMemoryAtAddress_32bit_ADDR_VAL,ghidra-hand,
0x03E258,0x03E29E,updateMemoryAtAddress_float_VAL_ADDR,ghidra-hand,
0x03E29E,0x03E2DA,validateAddressCopy_8bit_ADDRESS??,ghidra-hand,
0x03E2DA,0x03E330,validateAddressCopy_16bit_ADDRESS??,ghidra-hand,
0x03E330,0x03E38A,validateAddressCopy_32bit_ADDRESS??,ghidra-hand,
0x03E38A,0x03E3F0,validateAddressCopy_float_ADDRESS??,ghidra-hand,
0x03E3F0,0x03E3F8,setMemInsideFUNCto1,ghidra-hand,
0x03E3F8,0x03E5A8,FUN_0003e3f8,ghidra-auto,
0x03E5A8,0x03E5B0,SetMemoryNotValid2??,ghidra-hand,
0x03E5B0,0x03E78C,FUN_0003e5b0,ghidra-auto,
0x03E78C,0x03E7B0,FUN_0003e78c,ghidra-auto,
0x03E7B0,0x03E80C,FUN_0003e7b0,ghidra-auto,
0x03E80C,0x03E868,FUN_0003e80c,ghidra-auto,
0x03E868,0x03E870,FUN_0003e868,ghidra-auto,
0x03E870,0x03E880,FUN_0003e870,ghidra-auto,
0x03E880,0x03E888,FUN_0003e880,ghidra-auto,
0x03E888,0x03E892,FUN_0003e888,ghidra-auto,
0x03E892,0x03E89C,FUN_0003e892,ghidra-auto,
0x03E89C,0x03E900,FUN_0003e89c,ghidra-auto,
0x03E900,0x03E93A,FUN_0003e900,ghidra-auto,
0x03E93A,0x03EABA,catTempRelated?,ghidra-hand,
0x03EABA,0x03EAFC,coolantTempModelBooleans,ghidra-hand,
0x03EAFC,0x03ED02,calcEstimatedCatTemp,ghidra-hand,
0x03ED02,0x03ED2A,getCatTempConditional,ghidra-hand,
0x03ED2A,0x03ED52,getCatTempConditional2,ghidra-hand,
0x03ED52,0x03EE12,catTempShit,ghidra-hand,
0x03EE12,0x03F074,getCatTempInRange,ghidra-hand,
0x03F074,0x03F094,FUN_0003f074,ghidra-auto,
0x03F094,0x03F0B2,FUN_0003f094,ghidra-auto,
0x03F0B2,0x03F0D6,FUN_0003f0b2,ghidra-auto,
0x03F0D6,0x03F0FA,catTempRelated,ghidra-hand,
0x03F0FA,0x03F108,FUN_0003f0fa,ghidra-auto,
0x03F108,0x03F158,thunk_FUN_0003e89c,ghidra-auto,
0x03F158,0x03F180,pcmBoardTempADCtoVolts,ghidra-hand,
0x03F180,0x03F1D8,FUN_0003f180,ghidra-auto,
0x03F1D8,0x03F1E4,FUN_0003f1d8,ghidra-auto,
0x03F1E4,0x03F224,FUN_0003f1e4,ghidra-auto,
0x03F224,0x03F498,FUN_0003f224,ghidra-auto,
0x03F498,0x03F6BA,FUN_0003f498,ghidra-auto,
0x03F6BA,0x03F780,FUN_0003f6ba,ghidra-auto,
0x03F780,0x03F792,FUN_0003f780,ghidra-auto,
0x03F792,0x03F7AC,FUN_0003f792,ghidra-auto,
0x03F7AC,0x03F824,FUN_0003f7ac,ghidra-auto,
0x03F824,0x03FAAC,FUN_0003f824,ghidra-auto,
0x03FAAC,0x03FB7C,FUN_0003faac,ghidra-auto,
0x03FB7C,0x03FC20,FUN_0003fb7c,ghidra-auto,
0x03FC20,0x03FCF2,FUN_0003fc20,ghidra-auto,
0x03FCF2,0x03FD7A,FUN_0003fcf2,ghidra-auto,
0x03FD7A,0x03FE08,FUN_0003fd7a,ghidra-auto,
0x03FE08,0x03FE44,FUN_0003fe08,ghidra-auto,
0x03FE44,0x03FE50,FUN_0003fe44,ghidra-auto,
0x03FE50,0x03FF1C,FUN_0003fe50,ghidra-auto,
0x03FF1C,0x040078,FUN_0003ff1c,ghidra-auto,
0x040078,0x040302,FUN_lotsOfLogic,ghidra-auto,
0x040302,0x040BE0,FUN_00040302,ghidra-auto,
0x040BE0,0x040E18,FUN_00040be0,ghidra-auto,
0x040E18,0x040E62,FUN_00040e18,ghidra-auto,
0x040E62,0x040EF0,FUN_00040e62,ghidra-auto,
0x040EF0,0x040FC0,FUN_00040ef0,ghidra-auto,
0x040FC0,0x04104C,FUN_00040fc0,ghidra-auto,
0x04104C,0x0410AA,FUN_0004104c,ghidra-auto,
0x0410AA,0x04112C,FUN_000410aa,ghidra-auto,
0x04112C,0x041198,FUN_0004112c,ghidra-auto,
0x041198,0x041366,conditionalFuelingFaultSomething,ghidra-hand,
0x041366,0x041408,FUN_00041366,ghidra-auto,
0x041408,0x041554,FUN_00041408,ghidra-auto,
0x041554,0x0417EC,FUN_00041554,ghidra-auto,
0x0417EC,0x041A40,FUN_000417ec,ghidra-auto,
0x041A40,0x041AA4,lambdaRelated,ghidra-hand,
0x041AA4,0x041AC2,FUN_00041aa4,ghidra-auto,
0x041AC2,0x041B88,FUN_00041ac2,ghidra-auto,
0x041B88,0x041BDC,FUN_00041b88,ghidra-auto,
0x041BDC,0x041CF2,FUN_00041bdc,ghidra-auto,
0x041CF2,0x041D5E,FUN_00041cf2,ghidra-auto,
0x041D5E,0x041D7C,FUN_00041d5e,ghidra-auto,
0x041D7C,0x041DAC,FUN_00041d7c,ghidra-auto,
0x041DAC,0x041EC6,FUN_00041dac,ghidra-auto,
0x041EC6,0x041F9A,FUN_00041ec6,ghidra-auto,
0x041F9A,0x042050,FUN_00041f9a,ghidra-auto,
0x042050,0x04219C,FUN_00042050,ghidra-auto,
0x04219C,0x042210,FUN_0004219c,ghidra-auto,
0x042210,0x042230,FUN_checksImmoState,ghidra-auto,
0x042230,0x042296,calculateThrottlePercentDuringLift,ghidra-hand,
0x042296,0x042330,calculateDriverConditions,ghidra-hand,
0x042330,0x042404,liftoffRelated??,ghidra-hand,
0x042404,0x04244C,FUN_00042404,ghidra-auto,
0x04244C,0x0424AC,throttleLiftCountersandConditions,ghidra-hand,
0x0424AC,0x0424DC,vehicleSpeedRelatedSOmething,ghidra-hand,
0x0424DC,0x042534,FUN_000424dc,ghidra-auto,
0x042534,0x0425A2,FUN_00042534,ghidra-auto,
0x0425A2,0x0426C2,throttleLiftoffRelated,ghidra-hand,
0x0426C2,0x0426EA,setLoadandRPM,ghidra-hand,
0x0426EA,0x04272A,FUN_000426ea,ghidra-auto,
0x04272A,0x0427B8,engineLoad2ndOrderLowPass,ghidra-hand,
0x0427B8,0x042852,FUN_000427b8,ghidra-auto,
0x042852,0x042934,FUN_00042852,ghidra-auto,
0x042934,0x0429BC,calculatedEngineAccelerationFiltered,ghidra-hand,
0x0429BC,0x0429EE,getEngineSpeedRateOfChange,ghidra-hand,
0x0429EE,0x042B52,filterEngineSpeedRateOfChange,ghidra-hand,
0x042B52,0x042B7C,FUN_00042b52,ghidra-auto,
0x042B7C,0x042BF6,relatedToFuelCut?,ghidra-hand,
0x042BF6,0x042CE0,calc_decel_fuel_cut_445AA,ghidra-hand,
0x042CE0,0x042D08,FUN_00042ce0,ghidra-auto,
0x042D08,0x042D94,FUN_00042d08,ghidra-auto,
0x042D94,0x042DCE,FUN_00042d94,ghidra-auto,
0x042DCE,0x042DFC,FUN_00042dce,ghidra-auto,
0x042DFC,0x042E70,FUN_00042dfc,ghidra-auto,
0x042E70,0x042EDA,FUN_00042e70,ghidra-auto,
0x042EDA,0x042F2C,FUN_00042eda,ghidra-auto,
0x042F2C,0x042F56,getThrottleLessThanLookupTimer,ghidra-hand,
0x042F56,0x042FD4,liftConditionSRLatch,ghidra-hand,
0x042FD4,0x043006,FUN_00042fd4,ghidra-auto,
0x043006,0x04305E,FUN_00043006,ghidra-auto,
0x04305E,0x0430A4,can216DataPlausibilityCheck,ghidra-hand,
0x0430A4,0x0430FE,getCoolantTempBool,ghidra-hand,
0x0430FE,0x043150,FUN_000430fe,ghidra-auto,
0x043150,0x04315C,FUN_00043150,ghidra-auto,
0x04315C,0x043168,throttleLiftInitStuff,ghidra-hand,
0x043168,0x0431E6,calculateCrankingTimingLeading,ghidra-hand,
0x0431E6,0x0432B0,calculateCrankingTimingTrailing,ghidra-hand,
0x0432B0,0x0432BA,apvVoltageRange,ghidra-hand,
0x0432BA,0x0432D2,getAPVPosVoltage,ghidra-hand,
0x0432D2,0x04332C,getApvVoltageRange,ghidra-hand,
0x04332C,0x043344,FUN_0004332c,ghidra-auto,
0x043344,0x043360,FUN_00043344,ghidra-auto,
0x043360,0x0433DA,FUN_00043360,ghidra-auto,
0x0433DA,0x0433E4,FUN_000433da,ghidra-auto,
0x0433E4,0x04343C,FUN_000433e4,ghidra-auto,
0x04343C,0x043698,FUN_0004343c,ghidra-auto,
0x043698,0x043C28,FUN_00043698,ghidra-auto,
0x043C28,0x043C52,FUN_00043c28,ghidra-auto,
0x043C52,0x043C6A,FUN_00043c52,ghidra-auto,
0x043C6A,0x043D8C,FUN_00043c6a,ghidra-auto,
0x043D8C,0x043DBE,FUN_00043d8c,ghidra-auto,
0x043DBE,0x043DEE,FUN_00043dbe,ghidra-auto,
0x043DEE,0x043F40,FUN_00043dee,ghidra-auto,
0x043F40,0x043FD0,FUN_00043f40,ghidra-auto,
0x043FD0,0x043FFE,FUN_00043fd0,ghidra-auto,
0x043FFE,0x0440B8,FUN_00043ffe,ghidra-auto,
0x0440B8,0x044156,FUN_000440b8,ghidra-auto,
0x044156,0x044188,FUN_00044156,ghidra-auto,
0x044188,0x044190,FUN_00044188,ghidra-auto,
0x044190,0x0441B8,FUN_00044190,ghidra-auto,
0x0441B8,0x044200,FUN_000441b8,ghidra-auto,
0x044200,0x04423A,FUN_00044200,ghidra-auto,
0x04423A,0x044294,FUN_0004423a,ghidra-auto,
0x044294,0x0442A6,FUN_00044294,ghidra-auto,
0x0442A6,0x0442EC,FUN_000442a6,ghidra-auto,
0x0442EC,0x04431E,FUN_000442ec,ghidra-auto,
0x04431E,0x04434E,FUN_0004431e,ghidra-auto,
0x04434E,0x0444C4,FUN_0004434e,ghidra-auto,
0x0444C4,0x04454C,obdFaultRelated?,ghidra-hand,
0x04454C,0x04455E,FUN_0004454c,ghidra-auto,
0x04455E,0x0445A0,FUN_0004455e,ghidra-auto,
0x0445A0,0x0445E8,FUN_000445a0,ghidra-auto,
0x0445E8,0x0445F0,FUN_000445e8,ghidra-auto,
0x0445F0,0x0445F8,FUN_000445f0,ghidra-auto,
0x0445F8,0x044648,FUN_000445f8,ghidra-auto,
0x044648,0x044974,FUN_00044648,ghidra-auto,
0x044974,0x044996,FUN_00044974,ghidra-auto,
0x044996,0x04499E,FUN_00044996,ghidra-auto,
0x04499E,0x0449A6,FUN_0004499e,ghidra-auto,
0x0449A6,0x0449E6,FUN_000449a6,ghidra-auto,
0x0449E6,0x044A5C,FUN_000449e6,ghidra-auto,
0x044A5C,0x044AB0,FUN_00044a5c,ghidra-auto,
0x044AB0,0x044B78,FUN_00044ab0,ghidra-auto,
0x044B78,0x044BA2,FUN_00044b78,ghidra-auto,
0x044BA2,0x044BB6,FUN_00044ba2,ghidra-auto,
0x044BB6,0x044BC8,FUN_00044bb6,ghidra-auto,
0x044BC8,0x044CCE,FUN_00044bc8,ghidra-auto,
0x044CCE,0x044DCC,FUN_00044cce,ghidra-auto,
0x044DCC,0x044DF6,FUN_00044dcc,ghidra-auto,
0x044DF6,0x044E0A,FUN_00044df6,ghidra-auto,
0x044E0A,0x044E1C,FUN_00044e0a,ghidra-auto,
0x044E1C,0x044F22,FUN_00044e1c,ghidra-auto,
0x044F22,0x045020,FUN_00044f22,ghidra-auto,
0x045020,0x045052,FUN_00045020,ghidra-auto,
0x045052,0x04505A,FUN_00045052,ghidra-auto,
0x04505A,0x045062,FUN_0004505a,ghidra-auto,
0x045062,0x0450B4,FUN_00045062,ghidra-auto,
0x0450B4,0x04517A,FUN_000450b4,ghidra-auto,
0x04517A,0x045218,FUN_0004517a,ghidra-auto,
0x045218,0x045242,FUN_00045218,ghidra-auto,
0x045242,0x045256,FUN_00045242,ghidra-auto,
0x045256,0x045268,FUN_00045256,ghidra-auto,
0x045268,0x0452A8,FUN_00045268,ghidra-auto,
0x0452A8,0x0453EC,FUN_000452a8,ghidra-auto,
0x0453EC,0x04540E,FUN_000453ec,ghidra-auto,
0x04540E,0x045416,FUN_0004540e,ghidra-auto,
0x045416,0x04541E,FUN_00045416,ghidra-auto,
0x04541E,0x045490,FUN_0004541e,ghidra-auto,
0x045490,0x0456A4,FUN_00045490,ghidra-auto,
0x0456A4,0x0456B2,FUN_000456a4,ghidra-auto,
0x0456B2,0x0457EE,FUN_000456b2,ghidra-auto,
0x0457EE,0x0458AA,FUN_000457ee,ghidra-auto,
0x0458AA,0x0459E6,FUN_000458aa,ghidra-auto,
0x0459E6,0x045B24,FUN_000459e6,ghidra-auto,
0x045B24,0x045B46,FUN_00045b24,ghidra-auto,
0x045B46,0x045B4E,FUN_00045b46,ghidra-auto,
0x045B4E,0x045B56,FUN_00045b4e,ghidra-auto,
0x045B56,0x045BB0,FUN_00045b56,ghidra-auto,
0x045BB0,0x045D50,FUN_00045bb0,ghidra-auto,
0x045D50,0x045DA0,FUN_00045d50,ghidra-auto,
0x045DA0,0x045DF0,FUN_00045da0,ghidra-auto,
0x045DF0,0x045E0C,FUN_00045df0,ghidra-auto,
0x045E0C,0x045E26,FUN_00045e0c,ghidra-auto,
0x045E26,0x045E94,FUN_00045e26,ghidra-auto,
0x045E94,0x045F56,FUN_00045e94,ghidra-auto,
0x045F56,0x045F5E,FUN_00045f56,ghidra-auto,
0x045F5E,0x045F72,FUN_00045f5e,ghidra-auto,
0x045F72,0x045FC4,FUN_00045f72,ghidra-auto,
0x045FC4,0x046008,FUN_00045fc4,ghidra-auto,
0x046008,0x04602A,FUN_00046008,ghidra-auto,
0x04602A,0x046032,FUN_0004602a,ghidra-auto,
0x046032,0x04603A,FUN_00046032,ghidra-auto,
0x04603A,0x04607A,FUN_0004603a,ghidra-auto,
0x04607A,0x046144,FUN_0004607a,ghidra-auto,
0x046144,0x04615C,FUN_00046144,ghidra-auto,
0x04615C,0x046406,calculateFuelCutLoadBased?,ghidra-hand,
0x046406,0x046492,fuelCutSomethingSomething,ghidra-hand,
0x046492,0x046518,updateFuelCutPerRotorCalType,ghidra-hand,
0x046518,0x04653E,resetFuelCutReq,ghidra-hand,
0x04653E,0x046588,setPerRotorLevel1FuelCut,ghidra-hand,
0x046588,0x0465FC,FUN_00046588,ghidra-auto,
0x0465FC,0x04665E,FUN_000465fc,ghidra-auto,
0x04665E,0x046672,FUN_0004665e,ghidra-auto,
0x046672,0x046684,FUN_00046672,ghidra-auto,
0x046684,0x04669C,FUN_00046684,ghidra-auto,
0x04669C,0x046790,FUN_0004669c,ghidra-auto,
0x046790,0x0468A4,FUN_00046790,ghidra-auto,
0x0468A4,0x046D5A,setThrottleStatus,ghidra-hand,
0x046D5A,0x046D64,FUN_00046d5a,ghidra-auto,
0x046D64,0x046E28,getThrottleStatusBooleans,ghidra-hand,
0x046E28,0x04725E,FUN_00046e28,ghidra-auto,
0x04725E,0x04728E,FUN_0004725e,ghidra-auto,
0x04728E,0x047510,FUN_0004728e,ghidra-auto,
0x047510,0x0475C4,FUN_00047510,ghidra-auto,
0x0475C4,0x0475E4,FUN_000475c4,ghidra-auto,
0x0475E4,0x0476FC,FUN_000475e4,ghidra-auto,
0x0476FC,0x04772C,FUN_000476fc,ghidra-auto,
0x04772C,0x047734,updateMemPtr??,ghidra-hand,
0x047734,0x04773C,FUN_00047734,ghidra-auto,
0x04773C,0x047744,FUN_0004773c,ghidra-auto,
0x047744,0x04774C,FUN_00047744,ghidra-auto,
0x04774C,0x04776A,FUN_0004774c,ghidra-auto,
0x04776A,0x0477F8,FUN_0004776a,ghidra-auto,
0x0477F8,0x047862,FUN_000477f8,ghidra-auto,
0x047862,0x047D06,FUN_00047862,ghidra-auto,
0x047D06,0x047D4C,FUN_00047d06,ghidra-auto,
0x047D4C,0x047DC4,FUN_00047d4c,ghidra-auto,
0x047DC4,0x047DFC,FUN_00047dc4,ghidra-auto,
0x047DFC,0x047ED8,FUN_00047dfc,ghidra-auto,
0x047ED8,0x047F58,FUN_00047ed8,ghidra-auto,
0x047F58,0x048074,FUN_00047f58,ghidra-auto,
0x048074,0x0480DE,FUN_00048074,ghidra-auto,
0x0480DE,0x04810C,FUN_000480de,ghidra-auto,
0x04810C,0x048184,FUN_0004810c,ghidra-auto,
0x048184,0x048188,thunk_FUN_0004819e,ghidra-auto,
0x048188,0x048192,FUN_00048188,ghidra-auto,
0x048192,0x04819A,FUN_00048192,ghidra-auto,
0x04819A,0x04819E,calcSpeedBasedIATCompensation??,ghidra-hand,
0x04819E,0x048264,FUN_0004819e,ghidra-auto,
0x048264,0x048394,calcSpeedBasedIATCompensation??,ghidra-hand,
0x048394,0x0483C0,FUN_00048394,ghidra-auto,
0x0483C0,0x048488,getSpeedLimitCal,ghidra-hand,
0x048488,0x0484E4,FUN_00048488,ghidra-auto,
0x0484E4,0x048542,FUN_000484e4,ghidra-auto,
0x048542,0x0485CA,FUN_00048542,ghidra-auto,
0x0485CA,0x048634,FUN_000485ca,ghidra-auto,
0x048634,0x0486BC,FUN_00048634,ghidra-auto,
0x0486BC,0x0486CE,FUN_000486bc,ghidra-auto,
0x0486CE,0x04873A,FUN_000486ce,ghidra-auto,
0x04873A,0x04877C,FUN_0004873a,ghidra-auto,
0x04877C,0x0487DE,FUN_0004877c,ghidra-auto,
0x0487DE,0x048868,FUN_000487de,ghidra-auto,
0x048868,0x048A28,FUN_00048868,ghidra-auto,
0x048A28,0x048AF4,FUN_00048a28,ghidra-auto,
0x048AF4,0x048B54,FUN_00048af4,ghidra-auto,
0x048B54,0x048B5E,FUN_00048b54,ghidra-auto,
0x048B5E,0x048BDA,sourceOf10kReset?,ghidra-hand,
0x048BDA,0x048DB6,FUN_00048bda,ghidra-auto,
0x048DB6,0x048E64,FUN_00048db6,ghidra-auto,
0x048E64,0x048EEC,FUN_00048e64,ghidra-auto,
0x048EEC,0x048F68,FUN_00048eec,ghidra-auto,
0x048F68,0x049040,getknockSensorFaultStatus,ghidra-hand,
0x049040,0x0490D8,updateKnockSensorFaultMemory,ghidra-hand,
0x0490D8,0x049140,FUN_000490d8,ghidra-auto,
0x049140,0x0491AC,FUN_00049140,ghidra-auto,
0x0491AC,0x0491B6,FUN_000491ac,ghidra-auto,
0x0491B6,0x049312,FUN_000491b6,ghidra-auto,
0x049312,0x0493B8,FUN_00049312,ghidra-auto,
0x0493B8,0x049566,FUN_000493b8,ghidra-auto,
0x049566,0x04972C,FUN_00049566,ghidra-auto,
0x04972C,0x0497B6,FUN_0004972c,ghidra-auto,
0x0497B6,0x04980A,FUN_000497b6,ghidra-auto,
0x04980A,0x0498A8,FUN_0004980a,ghidra-auto,
0x0498A8,0x0498D8,FUN_000498a8,ghidra-auto,
0x0498D8,0x0498E0,FUN_000498d8,ghidra-auto,
0x0498E0,0x049920,fuelCutVariableInit,ghidra-hand,
0x049920,0x04997C,fuelCutRelated_Something?,ghidra-hand,
0x04997C,0x049A1C,fuelCutTimerAfterReset,ghidra-hand,
0x049A1C,0x049A6C,FUN_00049a1c,ghidra-auto,
0x049A6C,0x049A8E,FUN_00049a6c,ghidra-auto,
0x049A8E,0x049ABE,resetFuelCutCondition7,ghidra-hand,
0x049ABE,0x049B24,FUN_00049abe,ghidra-auto,
0x049B24,0x049B5A,FUN_00049b24,ghidra-auto,
0x049B5A,0x049C20,FUN_00049b5a,ghidra-auto,
0x049C20,0x049CB6,FUN_00049c20,ghidra-auto,
0x049CB6,0x049CEC,initFuelCutStuff,ghidra-hand,
0x049CEC,0x049D48,initFuelCutStuff2,ghidra-hand,
0x049D48,0x049D80,FUN_00049d48,ghidra-auto,
0x049D80,0x049DAC,FUN_00049d80,ghidra-auto,
0x049DAC,0x049DB6,FUN_00049dac,ghidra-auto,
0x049DB6,0x049DE0,FUN_00049db6,ghidra-auto,
0x049DE0,0x049E20,FUN_00049de0,ghidra-auto,
0x049E20,0x049E60,FUN_00049e20,ghidra-auto,
0x049E60,0x049E82,FUN_00049e60,ghidra-auto,
0x049E82,0x049ED0,FUN_00049e82,ghidra-auto,
0x049ED0,0x049EE2,initStuff,ghidra-hand,
0x049EE2,0x04A01C,arbitratePlausibilityResumeEnrich,ghidra-hand,
0x04A01C,0x04A0D8,FUN_0004a01c,ghidra-auto,
0x04A0D8,0x04A27C,getPlausibilityFuelCutFuelResumeEnrichment,ghidra-hand,
0x04A27C,0x04A284,unknownEnrichmentInit,ghidra-hand,
0x04A284,0x04A308,enrichmentUnknownConditionCheck,ghidra-hand,
0x04A308,0x04A46C,FUN_0004a308,ghidra-auto,
0x04A46C,0x04A4A0,FUN_0004a46c,ghidra-auto,
0x04A4A0,0x04A5A4,FUN_0004a4a0,ghidra-auto,
0x04A5A4,0x04A5C0,FUN_0004a5a4,ghidra-auto,
0x04A5C0,0x04A64E,FUN_0004a5c0,ghidra-auto,
0x04A64E,0x04A656,FUN_0004a64e,ghidra-auto,
0x04A656,0x04A684,FUN_0004a656,ghidra-auto,
0x04A684,0x04A6A8,FUN_0004a684,ghidra-auto,
0x04A6A8,0x04A6B0,FUN_0004a6a8,ghidra-auto,
0x04A6B0,0x04A6EC,FUN_0004a6b0,ghidra-auto,
0x04A6EC,0x04A74C,vehicleDistanceCalc?,ghidra-hand,
0x04A74C,0x04A76E,FUN_0004a74c,ghidra-auto,
0x04A76E,0x04A820,FUN_0004a76e,ghidra-auto,
0x04A820,0x04A934,vehicleSPeed_E2_something,ghidra-hand,
0x04A934,0x04A94C,FUN_0004a934,ghidra-auto,
0x04A94C,0x04A95E,FUN_0004a94c,ghidra-auto,
0x04A95E,0x04A9C0,FUN_0004a95e,ghidra-auto,
0x04A9C0,0x04AA02,FUN_0004a9c0,ghidra-auto,
0x04AA02,0x04AA60,FUN_0004aa02,ghidra-auto,
0x04AA60,0x04AB3A,FUN_0004aa60,ghidra-auto,
0x04AB3A,0x04AB60,FUN_0004ab3a,ghidra-auto,
0x04AB60,0x04AC1C,FUN_0004ab60,ghidra-auto,
0x04AC1C,0x04AC3E,FUN_0004ac1c,ghidra-auto,
0x04AC3E,0x04AC6C,FUN_0004ac3e,ghidra-auto,
0x04AC6C,0x04AE38,FUN_0004ac6c,ghidra-auto,
0x04AE38,0x04AEFC,calcDiagFuelInjectorTrim,ghidra-hand,
0x04AEFC,0x04AF00,setRX4B1Timer,ghidra-hand,
0x04AF00,0x04AF26,CAN4B1RX_Main,ghidra-hand,
0x04AF26,0x04AF5A,can4B1RXUnpack,ghidra-hand,
0x04AF5A,0x04AF64,setRX4B1Timer,ghidra-hand,
0x04AF64,0x04AFC8,canRX4B1Timer,ghidra-hand,
0x04AFC8,0x04AFCE,FUN_0004afc8,ghidra-auto,
0x04AFCE,0x04AFF4,can240TX_getAndPack,ghidra-hand,
0x04AFF4,0x04AFFC,FUN_0004aff4,ghidra-auto,
0x04AFFC,0x04B036,can240TX_pack,ghidra-hand,
0x04B036,0x04B0C4,getOBDCANTXVars1,ghidra-hand,
0x04B0C4,0x04B0CA,FUN_0004b0c4,ghidra-auto,
0x04B0CA,0x04B0F0,can250TX_getAndPack,ghidra-hand,
0x04B0F0,0x04B0F8,resetCAN250Timer,ghidra-hand,
0x04B0F8,0x04B134,can250TX_pack,ghidra-hand,
0x04B134,0x04B1B0,getOBDCANTXVars2,ghidra-hand,
0x04B1B0,0x04B1D6,FUN_0004b1b0,ghidra-auto,
0x04B1D6,0x04B20E,FUN_0004b1d6,ghidra-auto,
0x04B20E,0x04B260,counterReset,ghidra-hand,
0x04B260,0x04B3A6,FUN_0004b260,ghidra-auto,
0x04B3A6,0x04B4E0,updatedSUBSYSTEMFaults,ghidra-hand,
0x04B4E0,0x04B568,FUN_0004b4e0,ghidra-auto,
0x04B568,0x04B608,updateCounters,ghidra-hand,
0x04B608,0x04B77E,FUN_0004b608,ghidra-auto,
0x04B77E,0x04B894,apvFaultRealted?,ghidra-hand,
0x04B894,0x04B89C,FUN_0004b894,ghidra-auto,
0x04B89C,0x04BE88,calculateIgnitionDwellAdder,ghidra-hand,
0x04BE88,0x04BFBC,FUN_0004be88,ghidra-auto,
0x04BFBC,0x04C030,combustion_monitor_update_0x4EF24,ida-ai-xmap,DUBIOUS
0x04C030,0x04C03A,FUN_0004c030,ghidra-auto,
0x04C03A,0x04C0C4,state_flag_manager_0x4EFA2,ida-ai-xmap,DUBIOUS
0x04C0C4,0x04C0CE,FUN_0004c0c4,ghidra-auto,
0x04C0CE,0x04C0D6,FUN_0004c0ce,ghidra-auto,
0x04C0D6,0x04C0DE,FUN_0004c0d6,ghidra-auto,
0x04C0DE,0x04C0F6,FUN_0004c0de,ghidra-auto,
0x04C0F6,0x04C166,vtc_lock_check_update_0x4F05E,ida-ai-xmap,DUBIOUS
0x04C166,0x04C200,FUN_0004c166,ghidra-auto,
0x04C200,0x04C234,engine_limit_check_0x4F18C,ida-ai-xmap,DUBIOUS
0x04C234,0x04C262,FUN_0004c234,ghidra-auto,
0x04C262,0x04C292,port_input_handler_0x4F1E6,ida-ai-xmap,DUBIOUS
0x04C292,0x04C2BA,state_write_wrapper_0x4F216,ida-ai-xmap,DUBIOUS
0x04C2BA,0x04C2E0,FUN_0004c2ba,ghidra-auto,
0x04C2E0,0x04C30A,FUN_0004c2e0,ghidra-auto,
0x04C30A,0x04C382,FUN_0004c30a,ghidra-auto,
0x04C382,0x04C3E4,injector_param_calc_0x4F302,ida-ai-xmap,DUBIOUS
0x04C3E4,0x04C40C,FUN_0004c3e4,ghidra-auto,
0x04C40C,0x04C428,FUN_0004c40c,ghidra-auto,
0x04C428,0x04C48C,FUN_0004c428,ghidra-auto,
0x04C48C,0x04C4D0,rpm_calculator_0x4F40C,ida-ai-xmap,DUBIOUS
0x04C4D0,0x04C51A,FUN_0004c4d0,ghidra-auto,
0x04C51A,0x04C57C,FUN_0004c51a,ghidra-auto,
0x04C57C,0x04C5C2,sensor_filter_0x4F4FC,ida-ai-xmap,DUBIOUS
0x04C5C2,0x04C5E0,FUN_0004c5c2,ghidra-auto,
0x04C5E0,0x04C790,FUN_0004c5e0,ghidra-auto,
0x04C790,0x04C7B8,FUN_0004c790,ghidra-auto,
0x04C7B8,0x04C7D4,FUN_0004c7b8,ghidra-auto,
0x04C7D4,0x04C7FC,FUN_0004c7d4,ghidra-auto,
0x04C7FC,0x04C840,secondary_air_control_0x4F778,ida-ai-xmap,DUBIOUS
0x04C840,0x04C8D0,FUN_0004c840,ghidra-auto,
0x04C8D0,0x04C974,FUN_0004c8d0,ghidra-auto,
0x04C974,0x04CAB0,FUN_0004c974,ghidra-auto,
0x04CAB0,0x04CBCA,counterBooleanLookup,ghidra-hand,
0x04CBCA,0x04CD74,driveCycleDetermination??,ghidra-hand,
0x04CD74,0x04CDAA,FUN_0004cd74,ghidra-auto,
0x04CDAA,0x04CDE4,FUN_0004cdaa,ghidra-auto,
0x04CDE4,0x04CE40,transient_response_0x4FCA4,ida-ai-xmap,DUBIOUS
0x04CE40,0x04CE74,FUN_0004ce40,ghidra-auto,
0x04CE74,0x04CEB0,FUN_0004ce74,ghidra-auto,
0x04CEB0,0x04CECC,FUN_0004ceb0,ghidra-auto,
0x04CECC,0x04CED6,FUN_0004cecc,ghidra-auto,
0x04CED6,0x04CF7E,accelerator_pedal_0x4FD56,ida-ai-xmap,DUBIOUS
0x04CF7E,0x04D004,knock_sensor_detect_0x4FDFE,ida-ai-xmap,DUBIOUS
0x04D004,0x04D0D0,interestingFunc1,ghidra-hand,
0x04D0D0,0x04D15A,filterEvapSomething?,ghidra-hand,
0x04D15A,0x04D200,ckp_sensor_monitor_0x4FFD6,ida-ai-xmap,DUBIOUS
0x04D200,0x04D2F0,cmp_sensor_monitor_0x5007C,ida-ai-xmap,DUBIOUS
0x04D2F0,0x04D35E,rotor_identification_0x5016C,ida-ai-xmap,DUBIOUS
0x04D35E,0x04D3DA,FUN_0004d35e,ghidra-auto,
0x04D3DA,0x04D44C,filterECMVotlage,ghidra-hand,
0x04D44C,0x04D45C,getBatteryVoltage,ghidra-hand,
0x04D45C,0x04D506,FUN_0004d45c,ghidra-auto,
0x04D506,0x04D532,load_compensation_0x50326,ida-ai-xmap,DUBIOUS
0x04D532,0x04D53C,FUN_0004d532,ghidra-auto,
0x04D53C,0x04D5A8,initLTFTStuff?,ghidra-hand,
0x04D5A8,0x04D5D2,FUN_0004d5a8,ghidra-auto,
0x04D5D2,0x04D610,engine_protection_0x503F2,ida-ai-xmap,DUBIOUS
0x04D610,0x04D682,thermal_mgmt_0x50430,ida-ai-xmap,DUBIOUS
0x04D682,0x04D6CA,fan_control_logic_0x504A2,ida-ai-xmap,DUBIOUS
0x04D6CA,0x04D770,FUN_0004d6ca,ghidra-auto,
0x04D770,0x04D87A,FUN_0004d770,ghidra-auto,
0x04D87A,0x04D8C6,FUN_0004d87a,ghidra-auto,
0x04D8C6,0x04D8FC,inj_timing_offset_0x506E6,ida-ai-xmap,DUBIOUS
0x04D8FC,0x04DAB8,dwell_time_calc_0x5071C,ida-ai-xmap,DUBIOUS
0x04DAB8,0x04DC34,fuelLevelSomething,ghidra-hand,
0x04DC34,0x04DCCC,FUN_0004dc34,ghidra-auto,
0x04DCCC,0x04DE6C,FUN_0004dccc,ghidra-auto,
0x04DE6C,0x04DF24,FUN_0004de6c,ghidra-auto,
0x04DF24,0x04E0FC,FUN_0004df24,ghidra-auto,
0x04E0FC,0x04E1DC,FUN_0004e0fc,ghidra-auto,
0x04E1DC,0x04E284,FUN_0004e1dc,ghidra-auto,
0x04E284,0x04E368,FUN_0004e284,ghidra-auto,
0x04E368,0x04E4C8,data_logger_0x51188,ida-ai-xmap,DUBIOUS
0x04E4C8,0x04E56C,trim_adjuster_0x512E8,ida-ai-xmap,DUBIOUS
0x04E56C,0x04E5A6,adaptive_table_update_0x5138C,ida-ai-xmap,DUBIOUS
0x04E5A6,0x04E5FC,FUN_0004e5a6,ghidra-auto,
0x04E5FC,0x04E61E,FUN_0004e5fc,ghidra-auto,
0x04E61E,0x04E660,FUN_0004e61e,ghidra-auto,
0x04E660,0x04E7F6,FUN_0004e660,ghidra-auto,
0x04E7F6,0x04E8D0,FUN_0004e7f6,ghidra-auto,
0x04E8D0,0x04E910,bilinear_interp_3d_0x51688,ida-ai-xmap,DUBIOUS
0x04E910,0x04EA54,FUN_0004e910,ghidra-auto,
0x04EA54,0x04EC14,FUN_0004ea54,ghidra-auto,
0x04EC14,0x04ED0A,FUN_0004ec14,ghidra-auto,
0x04ED0A,0x04EF76,FUN_0004ed0a,ghidra-auto,
0x04EF76,0x04EFBC,flash_program_0x51CFE,ida-ai-xmap,DUBIOUS
0x04EFBC,0x04F016,boot_loader_check_0x51D44,ida-ai-xmap,DUBIOUS
0x04F016,0x04F028,FUN_0004f016,ghidra-auto,
0x04F028,0x04F03E,data_validate_0x51DB0,ida-ai-xmap,DUBIOUS
0x04F03E,0x04F084,FUN_0004f03e,ghidra-auto,
0x04F084,0x04F128,FUN_0004f084,ghidra-auto,
0x04F128,0x04F186,FUN_0004f128,ghidra-auto,
0x04F186,0x04F378,FUN_0004f186,ghidra-auto,
0x04F378,0x04F3C6,FUN_0004f378,ghidra-auto,
0x04F3C6,0x04F3F8,FUN_0004f3c6,ghidra-auto,
0x04F3F8,0x04F4B6,FUN_0004f3f8,ghidra-auto,
0x04F4B6,0x04F50E,security_access_0x52180,ida-ai-xmap,DUBIOUS
0x04F50E,0x04F56E,session_manager_0x5220A,ida-ai-xmap,DUBIOUS
0x04F56E,0x04F5F0,timer_manager_0x5226A,ida-ai-xmap,DUBIOUS
0x04F5F0,0x04F608,scheduler_0x522B8,ida-ai-xmap,DUBIOUS
0x04F608,0x04F6F2,FUN_0004f608,ghidra-auto,
0x04F6F2,0x04F764,FUN_0004f6f2,ghidra-auto,
0x04F764,0x04F87C,event_handler_0x52444,ida-ai-xmap,DUBIOUS
0x04F87C,0x04F90C,interrupt_dispatcher_0x5255C,ida-ai-xmap,DUBIOUS
0x04F90C,0x04F984,gpio_handler_0x525EC,ida-ai-xmap,DUBIOUS
0x04F984,0x04F9DA,adc_reader_0x52664,ida-ai-xmap,DUBIOUS
0x04F9DA,0x04FA02,pwm_control_0x526BA,ida-ai-xmap,DUBIOUS
0x04FA02,0x04FA6C,FUN_0004fa02,ghidra-auto,
0x04FA6C,0x04FA82,FUN_0004fa6c,ghidra-auto,
0x04FA82,0x04FAC4,FUN_0004fa82,ghidra-auto,
0x04FAC4,0x04FB2C,FUN_0004fac4,ghidra-auto,
0x04FB2C,0x04FBDE,FUN_0004fb2c,ghidra-auto,
0x04FBDE,0x04FC7C,FUN_0004fbde,ghidra-auto,
0x04FC7C,0x04FDDC,FUN_0004fc7c,ghidra-auto,
0x04FDDC,0x04FE52,FUN_0004fddc,ghidra-auto,
0x04FE52,0x05007C,FUN_0004fe52,ghidra-auto,
0x05007C,0x0500BC,FUN_0005007c,ghidra-auto,
0x0500BC,0x05025E,FUN_000500bc,ghidra-auto,
0x05025E,0x05028C,FUN_0005025e,ghidra-auto,
0x05028C,0x0502F0,FUN_0005028c,ghidra-auto,
0x0502F0,0x0505AC,FUN_000502f0,ghidra-auto,
0x0505AC,0x050602,FUN_000505ac,ghidra-auto,
0x050602,0x050682,FUN_00050602,ghidra-auto,
0x050682,0x05072A,FUN_00050682,ghidra-auto,
0x05072A,0x050756,FUN_0005072a,ghidra-auto,
0x050756,0x0507C0,FUN_00050756,ghidra-auto,
0x0507C0,0x05081A,string_copy_0x53338,ida-ai-xmap,DUBIOUS
0x05081A,0x05083E,FUN_0005081a,ghidra-auto,
0x05083E,0x050864,char_to_hex_0x533B6,ida-ai-xmap,DUBIOUS
0x050864,0x0508C0,hex_to_char_0x533DC,ida-ai-xmap,DUBIOUS
0x0508C0,0x050B56,FUN_000508c0,ghidra-auto,
0x050B56,0x050BB0,itoa_convert_0x53610,ida-ai-xmap,DUBIOUS
0x050BB0,0x050C0E,FUN_00050bb0,ghidra-auto,
0x050C0E,0x050CA8,debug_output_0x536C6,ida-ai-xmap,DUBIOUS
0x050CA8,0x050E68,assert_handler_0x53760,ida-ai-xmap,DUBIOUS
0x050E68,0x050EB0,FUN_00050e68,ghidra-auto,
0x050EB0,0x050EB8,FUN_00050eb0,ghidra-auto,
0x050EB8,0x050EC0,FUN_00050eb8,ghidra-auto,
0x050EC0,0x050EC8,FUN_00050ec0,ghidra-auto,
0x050EC8,0x050F76,FUN_00050ec8,ghidra-auto,
0x050F76,0x050FD8,safety_check_0x53A2E,ida-ai-xmap,DUBIOUS
0x050FD8,0x0510E8,bounds_check_0x53A90,ida-ai-xmap,DUBIOUS
0x0510E8,0x051132,range_validate_0x53BA0,ida-ai-xmap,DUBIOUS
0x051132,0x051244,FUN_00051132,ghidra-auto,
0x051244,0x05124C,FUN_00051244,ghidra-auto,
0x05124C,0x051254,FUN_0005124c,ghidra-auto,
0x051254,0x051314,bitfield_test_0x53D0C,ida-ai-xmap,DUBIOUS
0x051314,0x05131E,FUN_00051314,ghidra-auto,
0x05131E,0x051380,IATTimerOperation??,ghidra-hand,
0x051380,0x0513EA,bit_rotate_0x53E38,ida-ai-xmap,DUBIOUS
0x0513EA,0x0514F2,FUN_000513ea,ghidra-auto,
0x0514F2,0x0515A4,FUN_000514f2,ghidra-auto,
0x0515A4,0x0515F0,FUN_000515a4,ghidra-auto,
0x0515F0,0x0515F8,FUN_000515f0,ghidra-auto,
0x0515F8,0x05161C,FUN_000515f8,ghidra-auto,
0x05161C,0x051654,FUN_0005161c,ghidra-auto,
0x051654,0x05165C,FUN_00051654,ghidra-auto,
0x05165C,0x051664,FUN_0005165c,ghidra-auto,
0x051664,0x0516C4,FUN_00051664,ghidra-auto,
0x0516C4,0x0516CC,FUN_000516c4,ghidra-auto,
0x0516CC,0x0516F0,FUN_000516cc,ghidra-auto,
0x0516F0,0x051750,FUN_000516f0,ghidra-auto,
0x051750,0x051778,FUN_00051750,ghidra-auto,
0x051778,0x0517B0,FUN_00051778,ghidra-auto,
0x0517B0,0x0517B8,FUN_000517b0,ghidra-auto,
0x0517B8,0x0517C0,FUN_000517b8,ghidra-auto,
0x0517C0,0x051820,FUN_000517c0,ghidra-auto,
0x051820,0x051828,FUN_00051820,ghidra-auto,
0x051828,0x051830,FUN_00051828,ghidra-auto,
0x051830,0x051880,FUN_00051830,ghidra-auto,
0x051880,0x051888,FUN_00051880,ghidra-auto,
0x051888,0x051890,FUN_00051888,ghidra-auto,
0x051890,0x051898,FUN_00051890,ghidra-auto,
0x051898,0x0518B4,FUN_00051898,ghidra-auto,
0x0518B4,0x051958,divide_calc_0x5431C,ida-ai-xmap,DUBIOUS
0x051958,0x051960,FUN_00051958,ghidra-auto,
0x051960,0x051968,FUN_00051960,ghidra-auto,
0x051968,0x051AAE,FUN_00051968,ghidra-auto,
0x051AAE,0x051ACC,FUN_00051aae,ghidra-auto,
0x051ACC,0x051B18,FUN_00051acc,ghidra-auto,
0x051B18,0x051BCC,FUN_00051b18,ghidra-auto,
0x051BCC,0x051CA0,system_init_0x54570,ida-ai-xmap,DUBIOUS
0x051CA0,0x051CBE,FUN_00051ca0,ghidra-auto,
0x051CBE,0x051CFC,FUN_00051cbe,ghidra-auto,
0x051CFC,0x051D78,FUN_00051cfc,ghidra-auto,
0x051D78,0x051D9C,event_loop_0x546A0,ida-ai-xmap,DUBIOUS
0x051D9C,0x051DDE,idle_task_0x546C4,ida-ai-xmap,DUBIOUS
0x051DDE,0x051E06,FUN_00051dde,ghidra-auto,
0x051E06,0x051E5C,startup_sequence_0x5472E,ida-ai-xmap,DUBIOUS
0x051E5C,0x051ED2,FUN_00051e5c,ghidra-auto,
0x051ED2,0x051EFA,FUN_00051ed2,ghidra-auto,
0x051EFA,0x051F32,reset_handler_0x54822,ida-ai-xmap,DUBIOUS
0x051F32,0x051F44,FUN_00051f32,ghidra-auto,
0x051F44,0x051F74,FUN_00051f44,ghidra-auto,
0x051F74,0x051FAC,FUN_00051f74,ghidra-auto,
0x051FAC,0x051FB4,FUN_00051fac,ghidra-auto,
0x051FB4,0x051FBC,FUN_00051fb4,ghidra-auto,
0x051FBC,0x05201C,FUN_00051fbc,ghidra-auto,
0x05201C,0x052024,FUN_0005201c,ghidra-auto,
0x052024,0x052048,FUN_00052024,ghidra-auto,
0x052048,0x0520A0,FUN_00052048,ghidra-auto,
0x0520A0,0x0520E0,circuit_monitor_0x549C8,ida-ai-xmap,DUBIOUS
0x0520E0,0x05213C,short_circuit_detect_0x54A08,ida-ai-xmap,DUBIOUS
0x05213C,0x052146,FUN_0005213c,ghidra-auto,
0x052146,0x05217A,resistor_check_0x54A6A,ida-ai-xmap,DUBIOUS
0x05217A,0x052196,FUN_0005217a,ghidra-auto,
0x052196,0x0521D8,FUN_00052196,ghidra-auto,
0x0521D8,0x0521EA,inductor_check_0x54AFC,ida-ai-xmap,DUBIOUS
0x0521EA,0x05228E,frequency_measure_0x54B0E,ida-ai-xmap,DUBIOUS
0x05228E,0x0522F8,FUN_0005228e,ghidra-auto,
0x0522F8,0x0524C0,FUN_000522f8,ghidra-auto,
0x0524C0,0x052502,getTireSizeChecksumthing?,ghidra-hand,
0x052502,0x052562,FUN_00052502,ghidra-auto,
0x052562,0x0525A0,FUN_00052562,ghidra-auto,
0x0525A0,0x05263A,rms_calculate_0x54F00,ida-ai-xmap,DUBIOUS
0x05263A,0x05266C,FUN_0005263a,ghidra-auto,
0x05266C,0x052682,updateSUBSYSTEMSomethingFault,ghidra-hand,
0x052682,0x052698,limiter_0x55214,ida-ai-xmap,DUBIOUS
0x052698,0x0526B8,setAlternatorFault,ghidra-hand,
0x0526B8,0x052718,FUN_000526b8,ghidra-auto,
0x052718,0x052720,FUN_00052718,ghidra-auto,
0x052720,0x052728,FUN_00052720,ghidra-auto,
0x052728,0x05275E,FUN_00052728,ghidra-auto,
0x05275E,0x05278A,FUN_0005275e,ghidra-auto,
0x05278A,0x0527DC,model_predict_0x550E6,ida-ai-xmap,DUBIOUS
0x0527DC,0x052854,state_estimate_0x55134,ida-ai-xmap,DUBIOUS
0x052854,0x05285C,FUN_00052854,ghidra-auto,
0x05285C,0x052864,FUN_0005285c,ghidra-auto,
0x052864,0x0528C4,FUN_00052864,ghidra-auto,
0x0528C4,0x0528DA,set_CAN_fault???,ghidra-hand,
0x0528DA,0x052970,updateCANFaults,ghidra-hand,
0x052970,0x0529AE,FUN_00052970,ghidra-auto,
0x0529AE,0x0529BC,updateRAM??,ghidra-hand,
0x0529BC,0x0529D8,inverter_0x5530C,ida-ai-xmap,DUBIOUS
0x0529D8,0x052A12,rectifier_0x55328,ida-ai-xmap,DUBIOUS
0x052A12,0x052A36,udsResponseRelated??,ghidra-hand,
0x052A36,0x052A5A,distribution_0x55386,ida-ai-xmap,DUBIOUS
0x052A5A,0x052A80,udsErrorResponse,ghidra-hand,
0x052A80,0x052AEC,reception_0x553D0,ida-ai-xmap,DUBIOUS
0x052AEC,0x052B22,FUN_00052aec,ghidra-auto,
0x052B22,0x052B8C,FUN_00052b22,ghidra-auto,
0x052B8C,0x052C18,FUN_00052b8c,ghidra-auto,
0x052C18,0x052C4E,FUN_00052c18,ghidra-auto,
0x052C4E,0x052C84,FUN_00052c4e,ghidra-auto,
0x052C84,0x052CD4,FUN_00052c84,ghidra-auto,
0x052CD4,0x052D58,demodulator_0x55624,ida-ai-xmap,DUBIOUS
0x052D58,0x052D92,modulator_0x556A8,ida-ai-xmap,DUBIOUS
0x052D92,0x052DE4,codec_encoder_0x556E2,ida-ai-xmap,DUBIOUS
0x052DE4,0x052E10,codec_decoder_0x55734,ida-ai-xmap,DUBIOUS
0x052E10,0x052E14,OBDHandlerMAYBE??,ghidra-hand,
0x052E14,0x052E7C,clock_mgr_0x55764,ida-ai-xmap,DUBIOUS
0x052E7C,0x052EBE,OBDHandlerMAYBE??,ghidra-hand,
0x052EBE,0x052F28,caseD_0,ghidra-hand,
0x052F28,0x053124,caseD_1,ghidra-hand,
0x053124,0x053144,FUN_00053124,ghidra-auto,
0x053144,0x053164,FUN_00053144,ghidra-auto,
0x053164,0x0532A2,FUN_00053164,ghidra-auto,
0x0532A2,0x0533CC,FUN_000532a2,ghidra-auto,
0x0533CC,0x0533F4,oscillator_0x55CB4,ida-ai-xmap,DUBIOUS
0x0533F4,0x0533FA,FUN_000533f4,ghidra-auto,
0x0533FA,0x053400,FUN_000533fa,ghidra-auto,
0x053400,0x05346A,divider_0x55CE8,ida-ai-xmap,DUBIOUS
0x05346A,0x0534B2,multiplier_0x55D52,ida-ai-xmap,DUBIOUS
0x0534B2,0x05352C,getOLStatusforOBD???,ghidra-hand,
0x05352C,0x053530,OBDStub,ghidra-hand,
0x053530,0x053590,getEngineLoadforOBD???,ghidra-hand,
0x053590,0x0535A6,getCoolantTempforOBD??,ghidra-hand,
0x0535A6,0x0535CC,getSTFTforOBD??,ghidra-hand,
0x0535CC,0x0535EA,getLTFTforOBD???,ghidra-hand,
0x0535EA,0x053600,getRPMforOBD??,ghidra-hand,
0x053600,0x053614,getVehicleSpeedForOBD??,ghidra-hand,
0x053614,0x053678,getIgnLeadingOBD,ghidra-hand,
0x053678,0x05368E,getIATOBD,ghidra-hand,
0x05368E,0x0536B6,getMAFOBD??,ghidra-hand,
0x0536B6,0x0536E2,getThrottlePlatePosForOBD??,ghidra-hand,
0x0536E2,0x0536F8,getSecondaryAirPumpRequestForMode22,ghidra-hand,
0x0536F8,0x0536FE,FUN_000536f8,ghidra-auto,
0x0536FE,0x053724,convertRearO2VoltageForMode22,ghidra-hand,
0x053724,0x053742,getRearO2FuelTrimForOBD,ghidra-hand,
0x053742,0x053748,FUN_00053742,ghidra-auto,
0x053748,0x053770,import_table_0x5600C,ida-ai-xmap,DUBIOUS
0x053770,0x0537E8,FUN_00053770,ghidra-auto,
0x0537E8,0x0537FE,getEvapPurgeMode22,ghidra-hand,
0x0537FE,0x053804,FUN_000537fe,ghidra-auto,
0x053804,0x053826,FUN_00053804,ghidra-auto,
0x053826,0x053844,getDistanceSinceMILClearedForMode22,ghidra-hand,
0x053844,0x053862,getBaroForOBD,ghidra-hand,
0x053862,0x053878,getBaroCompensatedLambda_fp,ghidra-hand,
0x053878,0x053890,getFrontO2Voltage_fp,ghidra-hand,
0x053890,0x0538A8,getCatTempOBD,ghidra-hand,
0x0538A8,0x0538F0,FUN_000538a8,ghidra-auto,
0x0538F0,0x05395C,FUN_000538f0,ghidra-auto,
0x05395C,0x0539C0,FUN_0005395c,ghidra-auto,
0x0539C0,0x053A24,FUN_000539c0,ghidra-auto,
0x053A24,0x053A3A,getECMVoltageOBD,ghidra-hand,
0x053A3A,0x053A62,getMode22EngineLoad,ghidra-hand,
0x053A62,0x053A78,getCommandedLamdaOBD??,ghidra-hand,
0x053A78,0x053A9E,getMode22ThrottlePos,ghidra-hand,
0x053A9E,0x053AB4,getMode22IAT,ghidra-hand,
0x053AB4,0x053B28,FUN_00053ab4,ghidra-auto,
0x053B28,0x053B54,FUN_00053b28,ghidra-auto,
0x053B54,0x053B80,FUN_00053b54,ghidra-auto,
0x053B80,0x053BC8,FUN_00053b80,ghidra-auto,
0x053BC8,0x053C5E,ClearFaults?,ghidra-hand,
0x053C5E,0x053C92,convolution_0x5637E,ida-ai-xmap,DUBIOUS
0x053C92,0x053CA4,FUN_00053c92,ghidra-auto,
0x053CA4,0x053CAE,FUN_00053ca4,ghidra-auto,
0x053CAE,0x053CF8,FUN_00053cae,ghidra-auto,
0x053CF8,0x053D22,statistics_0x56418,ida-ai-xmap,DUBIOUS
0x053D22,0x053D98,variance_calc_0x56442,ida-ai-xmap,DUBIOUS
0x053D98,0x053E34,OBDModeFunc_Unsure,ghidra-hand,
0x053E34,0x053EF6,getCalID,ghidra-hand,
0x053EF6,0x053FA4,FUN_00053ef6,ghidra-auto,
0x053FA4,0x053FCA,calculateDiagSessionConditional,ghidra-hand,
0x053FCA,0x053FCC,FUN_00053fca,ghidra-auto,
0x053FCC,0x054000,runSubfunction??,ghidra-hand,
0x054000,0x054008,FUN_00054000,ghidra-auto,
0x054008,0x05405E,FUN_00054008,ghidra-auto,
0x05405E,0x0540C8,calculateDiagModeTimer,ghidra-hand,
0x0540C8,0x0540FE,lu_decomp_0x567E8,ida-ai-xmap,DUBIOUS
0x0540FE,0x054146,getDiagSessionSubFunction,ghidra-hand,
0x054146,0x05414C,checkSubFunctionCurrentlyRunning??,ghidra-hand,
0x05414C,0x05415A,FUN_0005414c,ghidra-auto,
0x05415A,0x054172,FUN_0005415a,ghidra-auto,
0x054172,0x0541C6,regression_0x56892,ida-ai-xmap,DUBIOUS
0x0541C6,0x0541F0,readDiagMod??,ghidra-hand,
0x0541F0,0x054208,securityNotUnlocked,ghidra-hand,
0x054208,0x05426A,prediction_0x56928,ida-ai-xmap,DUBIOUS
0x05426A,0x05427A,decision_tree_0x5698A,ida-ai-xmap,DUBIOUS
0x05427A,0x0543A0,security_access,ida-ai-xmap,DUBIOUS
0x0543A0,0x0543BA,svm_compute_0x56AC0,ida-ai-xmap,DUBIOUS
0x0543BA,0x0545BA,SeedKeyRelated,ghidra-hand,
0x0545BA,0x05463C,checkDeviceControlConditional,ghidra-hand,
0x05463C,0x054646,getSubFunctionMapping,ghidra-hand,
0x054646,0x05466C,sigmoid_0x56D66,ida-ai-xmap,DUBIOUS
0x05466C,0x0546F8,FUN_0005466c,ghidra-auto,
0x0546F8,0x0546FA,FUN_000546f8,ghidra-auto,
0x0546FA,0x054744,tanh_0x56E1A,ida-ai-xmap,DUBIOUS
0x054744,0x0547C8,FUN_00054744,ghidra-auto,
0x0547C8,0x0547F0,loss_compute_0x56EE8,ida-ai-xmap,DUBIOUS
0x0547F0,0x054824,FUN_000547f0,ghidra-auto,
0x054824,0x0548CA,FUN_00054824,ghidra-auto,
0x0548CA,0x054900,optimization_0x56FEA,ida-ai-xmap,DUBIOUS
0x054900,0x054904,thunk_FUN_00054aa2,ghidra-auto,
0x054904,0x054A0C,UDSServiceB1Function,ghidra-hand,
0x054A0C,0x054A66,sgd_optimizer_0x5712C,ida-ai-xmap,DUBIOUS
0x054A66,0x054AA2,runImmoRelatedCounter,ghidra-hand,
0x054AA2,0x054AC6,FUN_00054aa2,ghidra-auto,
0x054AC6,0x054ADE,nesterov_0x571E6,ida-ai-xmap,DUBIOUS
0x054ADE,0x054B04,FUN_00054ade,ghidra-auto,
0x054B04,0x054B5E,UDSService22Function,ghidra-hand,
0x054B5E,0x054B72,FUN_00054b5e,ghidra-auto,
0x054B72,0x054BAE,mode22Hanlder,ghidra-hand,
0x054BAE,0x054BD2,FUN_00054bae,ghidra-auto,
0x054BD2,0x054C12,UDSServiceSomething,ghidra-hand,
0x054C12,0x054C68,getMonitorStatusMode22,ghidra-hand,
0x054C68,0x054C8E,FUN_00054c68,ghidra-auto,
0x054C8E,0x054CA4,FUN_00054c8e,ghidra-auto,
0x054CA4,0x054CBA,FUN_00054ca4,ghidra-auto,
0x054CBA,0x054CD0,FUN_00054cba,ghidra-auto,
0x054CD0,0x054CE6,FUN_00054cd0,ghidra-auto,
0x054CE6,0x054CFC,Mode22GetRPM,ghidra-hand,
0x054CFC,0x054D12,FUN_00054cfc,ghidra-auto,
0x054D12,0x054D14,FUN_00054d12,ghidra-auto,
0x054D14,0x054D28,FUN_00054d14,ghidra-auto,
0x054D28,0x054D3E,FUN_00054d28,ghidra-auto,
0x054D3E,0x054D54,FUN_00054d3e,ghidra-auto,
0x054D54,0x054D6A,FUN_00054d54,ghidra-auto,
0x054D6A,0x054D80,FUN_00054d6a,ghidra-auto,
0x054D80,0x054D96,FUN_00054d80,ghidra-auto,
0x054D96,0x054DBC,getRearO2FuelTrimMode22,ghidra-hand,
0x054DBC,0x054DD2,FUN_00054dbc,ghidra-auto,
0x054DD2,0x054DE8,FUN_00054dd2,ghidra-auto,
0x054DE8,0x054E0C,FUN_00054de8,ghidra-auto,
0x054E0C,0x054E22,FUN_00054e0c,ghidra-auto,
0x054E22,0x054E38,FUN_00054e22,ghidra-auto,
0x054E38,0x054E4E,FUN_00054e38,ghidra-auto,
0x054E4E,0x054E64,FUN_00054e4e,ghidra-auto,
0x054E64,0x054E7A,FUN_00054e64,ghidra-auto,
0x054E7A,0x054E90,FUN_00054e7a,ghidra-auto,
0x054E90,0x054EB4,FUN_00054e90,ghidra-auto,
0x054EB4,0x054ECA,FUN_00054eb4,ghidra-auto,
0x054ECA,0x054EEE,FUN_00054eca,ghidra-auto,
0x054EEE,0x054FBC,FUN_00054eee,ghidra-auto,
0x054FBC,0x054FD0,FUN_00054fbc,ghidra-auto,
0x054FD0,0x054FE4,FUN_00054fd0,ghidra-auto,
0x054FE4,0x054FF8,FUN_00054fe4,ghidra-auto,
0x054FF8,0x05500C,FUN_00054ff8,ghidra-auto,
0x05500C,0x055020,FUN_0005500c,ghidra-auto,
0x055020,0x055034,FUN_00055020,ghidra-auto,
0x055034,0x055048,FUN_00055034,ghidra-auto,
0x055048,0x05505C,FUN_00055048,ghidra-auto,
0x05505C,0x055070,FUN_0005505c,ghidra-auto,
0x055070,0x055084,FUN_00055070,ghidra-auto,
0x055084,0x0550A4,getIgnitionTrailingMode22,ghidra-hand,
0x0550A4,0x055120,FUN_000550a4,ghidra-auto,
0x055120,0x055152,FUN_00055120,ghidra-auto,
0x055152,0x055184,FUN_00055152,ghidra-auto,
0x055184,0x0551B6,FUN_00055184,ghidra-auto,
0x0551B6,0x0551D4,FUN_000551b6,ghidra-auto,
0x0551D4,0x0551F2,FUN_000551d4,ghidra-auto,
0x0551F2,0x055210,getDesiredIdleRPMMode22,ghidra-hand,
0x055210,0x05525C,FUN_00055210,ghidra-auto,
0x05525C,0x05527A,FUN_0005525c,ghidra-auto,
0x05527A,0x055298,FUN_0005527a,ghidra-auto,
0x055298,0x0552B6,FUN_00055298,ghidra-auto,
0x0552B6,0x0552C4,getThrottlePlatePositionVoltageMode22,ghidra-hand,
0x0552C4,0x0552F8,FUN_000552c4,ghidra-auto,
0x0552F8,0x055316,getMAFVoltageMode22,ghidra-hand,
0x055316,0x055334,FUN_00055316,ghidra-auto,
0x055334,0x055352,getInjectorOnTimeMode22,ghidra-hand,
0x055352,0x0553B8,FUN_00055352,ghidra-auto,
0x0553B8,0x0553D6,FUN_000553b8,ghidra-auto,
0x0553D6,0x0553F4,Mode22PIDAlternatorDC,ghidra-hand,
0x0553F4,0x055412,FUN_000553f4,ghidra-auto,
0x055412,0x055420,getTireSizeMode22,ghidra-hand,
0x055420,0x05543E,FUN_00055420,ghidra-auto,
0x05543E,0x05545C,getKnockRetardMode22,ghidra-hand,
0x05545C,0x05547A,FUN_0005545c,ghidra-auto,
0x05547A,0x0554B2,FUN_0005547a,ghidra-auto,
0x0554B2,0x0554B6,FUN_000554b2,ghidra-auto,
0x0554B6,0x0554C4,FUN_000554b6,ghidra-auto,
0x0554C4,0x055524,getApvPosVoltage,ghidra-hand,
0x055524,0x055542,FUN_00055524,ghidra-auto,
0x055542,0x055560,FUN_00055542,ghidra-auto,
0x055560,0x05557E,FUN_00055560,ghidra-auto,
0x05557E,0x0555A8,FUN_0005557e,ghidra-auto,
0x0555A8,0x0555D2,FUN_000555a8,ghidra-auto,
0x0555D2,0x0555F0,FUN_000555d2,ghidra-auto,
0x0555F0,0x055648,FUN_000555f0,ghidra-auto,
0x055648,0x055680,FUN_00055648,ghidra-auto,
0x055680,0x0556C2,FUN_00055680,ghidra-auto,
0x0556C2,0x0556E4,FUN_000556c2,ghidra-auto,
0x0556E4,0x05576C,getApvPosMode22,ghidra-hand,
0x05576C,0x0557AA,FUN_0005576c,ghidra-auto,
0x0557AA,0x0557E6,FUN_000557aa,ghidra-auto,
0x0557E6,0x055808,FUN_000557e6,ghidra-auto,
0x055808,0x05582A,FUN_00055808,ghidra-auto,
0x05582A,0x05588C,FUN_0005582a,ghidra-auto,
0x05588C,0x0558BA,FUN_0005588c,ghidra-auto,
0x0558BA,0x0558DC,FUN_000558ba,ghidra-auto,
0x0558DC,0x05590A,FUN_000558dc,ghidra-auto,
0x05590A,0x055952,FUN_0005590a,ghidra-auto,
0x055952,0x055974,FUN_00055952,ghidra-auto,
0x055974,0x0559A2,FUN_00055974,ghidra-auto,
0x0559A2,0x0559C8,FUN_000559a2,ghidra-auto,
0x0559C8,0x0559E2,FUN_000559c8,ghidra-auto,
0x0559E2,0x0559F8,FUN_000559e2,ghidra-auto,
0x0559F8,0x055A30,FUN_000559f8,ghidra-auto,
0x055A30,0x055B50,FUN_00055a30,ghidra-auto,
0x055B50,0x055BA0,FUN_00055b50,ghidra-auto,
0x055BA0,0x055BAC,FUN_00055ba0,ghidra-auto,
0x055BAC,0x055BB8,FUN_00055bac,ghidra-auto,
0x055BB8,0x055BC6,FUN_00055bb8,ghidra-auto,
0x055BC6,0x055BCC,thunk_FUN_00037a78,ghidra-auto,
0x055BCC,0x055C00,FUN_00055bcc,ghidra-auto,
0x055C00,0x055C14,FUN_00055c00,ghidra-auto,
0x055C14,0x055D24,getMode22PID,ghidra-hand,
0x055D24,0x055D50,UDSPositiveResponse_16bit,ghidra-hand,
0x055D50,0x055DB4,FUN_00055d50,ghidra-auto,
0x055DB4,0x055DCE,FUN_00055db4,ghidra-auto,
0x055DCE,0x055E1C,FUN_00055dce,ghidra-auto,
0x055E1C,0x055E3C,FUN_00055e1c,ghidra-auto,
0x055E3C,0x055E5C,FUN_00055e3c,ghidra-auto,
0x055E5C,0x055E62,FUN_00055e5c,ghidra-auto,
0x055E62,0x055E68,FUN_00055e62,ghidra-auto,
0x055E68,0x055ECC,memory_match_accumulate_583E4,ghidra-hand,
0x055ECC,0x055EEE,intToUDS_SERVICE_DATA,ghidra-hand,
0x055EEE,0x055F34,byteToUDS_SERVICE_DATA,ghidra-hand,
0x055F34,0x0560DE,UDSService27Function,ghidra-hand,
0x0560DE,0x05615C,apex_seal_0x5864A,ida-ai-xmap,DUBIOUS
0x05615C,0x0561FC,UDSMode10Func,ghidra-hand,
0x0561FC,0x056220,udsResponseSOmething,ghidra-hand,
0x056220,0x056280,parseSubFunction,ghidra-hand,
0x056280,0x056342,FUN_00056280,ghidra-auto,
0x056342,0x056398,bearing_wear_0x588AE,ida-ai-xmap,DUBIOUS
0x056398,0x056638,housing_temp_0x58904,ida-ai-xmap,DUBIOUS
0x056638,0x05667C,trochoid_surface_0x58BA4,ida-ai-xmap,DUBIOUS
0x05667C,0x0566BC,FUN_0005667c,ghidra-auto,
0x0566BC,0x0566C0,FUN_000566bc,ghidra-auto,
0x0566C0,0x0566C4,FUN_000566c0,ghidra-auto,
0x0566C4,0x0566C8,FUN_000566c4,ghidra-auto,
0x0566C8,0x0566CC,FUN_000566c8,ghidra-auto,
0x0566CC,0x0566DE,FUN_000566cc,ghidra-auto,
0x0566DE,0x056726,spark_plug_lead_0x58C4A,ida-ai-xmap,DUBIOUS
0x056726,0x05672E,FUN_00056726,ghidra-auto,
0x05672E,0x056736,FUN_0005672e,ghidra-auto,
0x056736,0x056788,FUN_00056736,ghidra-auto,
0x056788,0x056790,FUN_00056788,ghidra-auto,
0x056790,0x056798,FUN_00056790,ghidra-auto,
0x056798,0x0567A0,FUN_00056798,ghidra-auto,
0x0567A0,0x0567B0,FUN_000567a0,ghidra-auto,
0x0567B0,0x0567B8,FUN_000567b0,ghidra-auto,
0x0567B8,0x056800,FUN_000567b8,ghidra-auto,
0x056800,0x056852,FUN_00056800,ghidra-auto,
0x056852,0x05685A,FUN_00056852,ghidra-auto,
0x05685A,0x056862,FUN_0005685a,ghidra-auto,
0x056862,0x05686A,FUN_00056862,ghidra-auto,
0x05686A,0x05687A,FUN_0005686a,ghidra-auto,
0x05687A,0x05688C,FUN_0005687a,ghidra-auto,
0x05688C,0x0568DC,FUN_0005688c,ghidra-auto,
0x0568DC,0x0568E2,FUN_000568dc,ghidra-auto,
0x0568E2,0x056920,FUN_000568e2,ghidra-auto,
0x056920,0x05695A,FUN_00056920,ghidra-auto,
0x05695A,0x056962,FUN_0005695a,ghidra-auto,
0x056962,0x05696A,FUN_00056962,ghidra-auto,
0x05696A,0x056972,FUN_0005696a,ghidra-auto,
0x056972,0x056982,FUN_00056972,ghidra-auto,
0x056982,0x056988,FUN_00056982,ghidra-auto,
0x056988,0x05698E,FUN_00056988,ghidra-auto,
0x05698E,0x0569C8,FUN_0005698e,ghidra-auto,
0x0569C8,0x0569D0,FUN_000569c8,ghidra-auto,
0x0569D0,0x0569D8,FUN_000569d0,ghidra-auto,
0x0569D8,0x0569E0,FUN_000569d8,ghidra-auto,
0x0569E0,0x0569F0,FUN_000569e0,ghidra-auto,
0x0569F0,0x0569F6,FUN_000569f0,ghidra-auto,
0x0569F6,0x056A38,FUN_000569f6,ghidra-auto,
0x056A38,0x056AA4,FUN_00056a38,ghidra-auto,
0x056AA4,0x056AAC,FUN_00056aa4,ghidra-auto,
0x056AAC,0x056AB4,FUN_00056aac,ghidra-auto,
0x056AB4,0x056ABC,FUN_00056ab4,ghidra-auto,
0x056ABC,0x056ACC,FUN_00056abc,ghidra-auto,
0x056ACC,0x056ADE,FUN_00056acc,ghidra-auto,
0x056ADE,0x056B1E,FUN_00056ade,ghidra-auto,
0x056B1E,0x056B24,FUN_00056b1e,ghidra-auto,
0x056B24,0x056B64,FUN_00056b24,ghidra-auto,
0x056B64,0x056BBA,FUN_00056b64,ghidra-auto,
0x056BBA,0x056BC2,FUN_00056bba,ghidra-auto,
0x056BC2,0x056BCA,FUN_00056bc2,ghidra-auto,
0x056BCA,0x056BD2,FUN_00056bca,ghidra-auto,
0x056BD2,0x056BE2,FUN_00056bd2,ghidra-auto,
0x056BE2,0x056BF4,FUN_00056be2,ghidra-auto,
0x056BF4,0x056C50,FUN_00056bf4,ghidra-auto,
0x056C50,0x056C56,FUN_00056c50,ghidra-auto,
0x056C56,0x056C90,FUN_00056c56,ghidra-auto,
0x056C90,0x056CF8,FUN_00056c90,ghidra-auto,
0x056CF8,0x056D00,FUN_00056cf8,ghidra-auto,
0x056D00,0x056D08,FUN_00056d00,ghidra-auto,
0x056D08,0x056D10,FUN_00056d08,ghidra-auto,
0x056D10,0x056D20,FUN_00056d10,ghidra-auto,
0x056D20,0x056D32,FUN_00056d20,ghidra-auto,
0x056D32,0x056D8E,FUN_00056d32,ghidra-auto,
0x056D8E,0x056D94,FUN_00056d8e,ghidra-auto,
0x056D94,0x056DD8,FUN_00056d94,ghidra-auto,
0x056DD8,0x056E68,FUN_00056dd8,ghidra-auto,
0x056E68,0x056E7A,FUN_00056e68,ghidra-auto,
0x056E7A,0x056ED6,FUN_00056e7a,ghidra-auto,
0x056ED6,0x056EDC,FUN_00056ed6,ghidra-auto,
0x056EDC,0x056F20,FUN_00056edc,ghidra-auto,
0x056F20,0x056F94,FUN_00056f20,ghidra-auto,
0x056F94,0x056FA4,FUN_00056f94,ghidra-auto,
0x056FA4,0x056FB6,FUN_00056fa4,ghidra-auto,
0x056FB6,0x057012,FUN_00056fb6,ghidra-auto,
0x057012,0x057018,FUN_00057012,ghidra-auto,
0x057018,0x057058,FUN_00057018,ghidra-auto,
0x057058,0x0570B4,FUN_00057058,ghidra-auto,
0x0570B4,0x0570BC,FUN_000570b4,ghidra-auto,
0x0570BC,0x0570C4,FUN_000570bc,ghidra-auto,
0x0570C4,0x0570CC,FUN_000570c4,ghidra-auto,
0x0570CC,0x0570DC,FUN_000570cc,ghidra-auto,
0x0570DC,0x0570EE,FUN_000570dc,ghidra-auto,
0x0570EE,0x05712E,FUN_000570ee,ghidra-auto,
0x05712E,0x057134,FUN_0005712e,ghidra-auto,
0x057134,0x057170,FUN_00057134,ghidra-auto,
0x057170,0x0571DA,FUN_00057170,ghidra-auto,
0x0571DA,0x0571E2,FUN_000571da,ghidra-auto,
0x0571E2,0x0571EA,FUN_000571e2,ghidra-auto,
0x0571EA,0x0571F2,FUN_000571ea,ghidra-auto,
0x0571F2,0x057202,FUN_000571f2,ghidra-auto,
0x057202,0x057212,FUN_00057202,ghidra-auto,
0x057212,0x0572DE,FUN_00057212,ghidra-auto,
0x0572DE,0x0572FC,FUN_000572de,ghidra-auto,
0x0572FC,0x05731A,FUN_000572fc,ghidra-auto,
0x05731A,0x05737A,FUN_0005731a,ghidra-auto,
0x05737A,0x0573C4,FUN_0005737a,ghidra-auto,
0x0573C4,0x0573CC,FUN_000573c4,ghidra-auto,
0x0573CC,0x0573D4,FUN_000573cc,ghidra-auto,
0x0573D4,0x0573DC,FUN_000573d4,ghidra-auto,
0x0573DC,0x0573EC,FUN_000573dc,ghidra-auto,
0x0573EC,0x0573F4,FUN_000573ec,ghidra-auto,
0x0573F4,0x0573FC,FUN_000573f4,ghidra-auto,
0x0573FC,0x057404,FUN_000573fc,ghidra-auto,
0x057404,0x057414,FUN_00057404,ghidra-auto,
0x057414,0x057424,FUN_00057414,ghidra-auto,
0x057424,0x057508,FUN_00057424,ghidra-auto,
0x057508,0x057526,FUN_00057508,ghidra-auto,
0x057526,0x057544,FUN_00057526,ghidra-auto,
0x057544,0x0575A4,FUN_00057544,ghidra-auto,
0x0575A4,0x0575AE,FUN_000575a4,ghidra-auto,
0x0575AE,0x0575B6,FUN_000575ae,ghidra-auto,
0x0575B6,0x0575BE,FUN_000575b6,ghidra-auto,
0x0575BE,0x0575C6,FUN_000575be,ghidra-auto,
0x0575C6,0x0575D6,FUN_000575c6,ghidra-auto,
0x0575D6,0x0575DE,FUN_000575d6,ghidra-auto,
0x0575DE,0x0575E6,FUN_000575de,ghidra-auto,
0x0575E6,0x0575EE,FUN_000575e6,ghidra-auto,
0x0575EE,0x0575FE,FUN_000575ee,ghidra-auto,
0x0575FE,0x057664,FUN_000575fe,ghidra-auto,
0x057664,0x0576C0,FUN_00057664,ghidra-auto,
0x0576C0,0x0576C6,FUN_000576c0,ghidra-auto,
0x0576C6,0x0576CC,FUN_000576c6,ghidra-auto,
0x0576CC,0x05771E,FUN_000576cc,ghidra-auto,
0x05771E,0x057726,FUN_0005771e,ghidra-auto,
0x057726,0x05772E,FUN_00057726,ghidra-auto,
0x05772E,0x057736,FUN_0005772e,ghidra-auto,
0x057736,0x05777C,FUN_00057736,ghidra-auto,
0x05777C,0x0577AC,FUN_0005777c,ghidra-auto,
0x0577AC,0x0577B4,FUN_000577ac,ghidra-auto,
0x0577B4,0x0577BC,FUN_000577b4,ghidra-auto,
0x0577BC,0x0577E8,FUN_000577bc,ghidra-auto,
0x0577E8,0x05781C,FUN_000577e8,ghidra-auto,
0x05781C,0x057870,FUN_0005781c,ghidra-auto,
0x057870,0x0578BE,FUN_00057870,ghidra-auto,
0x0578BE,0x0578C6,FUN_000578be,ghidra-auto,
0x0578C6,0x0578FE,FUN_000578c6,ghidra-auto,
0x0578FE,0x05792C,fluid_level_0x59BA0,ida-ai-xmap,DUBIOUS
0x05792C,0x057984,battery_health_0x59BCC,ida-ai-xmap,DUBIOUS
0x057984,0x057996,charging_status_0x59C24,ida-ai-xmap,DUBIOUS
0x057996,0x057A4C,udsCheckMode31Conditions,ghidra-hand,
0x057A4C,0x057A9C,starter_motor_0x59CEC,ida-ai-xmap,DUBIOUS
0x057A9C,0x057AB6,headlight_ctrl_0x59D3C,ida-ai-xmap,DUBIOUS
0x057AB6,0x057AD0,FUN_00057ab6,ghidra-auto,
0x057AD0,0x057B3E,FUN_00057ad0,ghidra-auto,
0x057B3E,0x057B5C,FUN_00057b3e,ghidra-auto,
0x057B5C,0x057B64,FUN_00057b5c,ghidra-auto,
0x057B64,0x057B92,FUN_00057b64,ghidra-auto,
0x057B92,0x057B98,FUN_00057b92,ghidra-auto,
0x057B98,0x057BB8,mirror_control_0x59E24,ida-ai-xmap,DUBIOUS
0x057BB8,0x057D68,sunroof_control_0x59E44,ida-ai-xmap,DUBIOUS
0x057D68,0x057DC0,FUN_00057d68,ghidra-auto,
0x057DC0,0x057E14,climate_control_0x5A044,ida-ai-xmap,DUBIOUS
0x057E14,0x057F20,heating_ctrl_0x5A098,ida-ai-xmap,DUBIOUS
0x057F20,0x057F90,cooling_ctrl_0x5A1A4,ida-ai-xmap,DUBIOUS
0x057F90,0x057FC4,vent_control_0x5A214,ida-ai-xmap,DUBIOUS
0x057FC4,0x05800A,defrost_control_0x5A248,ida-ai-xmap,DUBIOUS
0x05800A,0x058060,filter_monitor_0x5A28E,ida-ai-xmap,DUBIOUS
0x058060,0x0580F0,calcBatteryRelatedFaults??,ghidra-hand,
0x0580F0,0x058210,FUN_000580f0,ghidra-auto,
0x058210,0x058268,passenger_compartment_0x5A494,ida-ai-xmap,DUBIOUS
0x058268,0x0582AC,cabin_air_filter_0x5A4EC,ida-ai-xmap,DUBIOUS
0x0582AC,0x058538,idleEnumRealted???,ghidra-hand,
0x058538,0x058550,odor_control_0x5A7BC,ida-ai-xmap,DUBIOUS
0x058550,0x058648,ionizer_0x5A7D4,ida-ai-xmap,DUBIOUS
0x058648,0x058666,display_driver_0x5A8CC,ida-ai-xmap,DUBIOUS
0x058666,0x058758,dashboard_update_0x5A8EA,ida-ai-xmap,DUBIOUS
0x058758,0x05876E,speedometer_0x5A9DC,ida-ai-xmap,DUBIOUS
0x05876E,0x058798,getVehicleSpeedThreshold,ghidra-hand,
0x058798,0x0587D8,FUN_00058798,ghidra-auto,
0x0587D8,0x05885A,temperature_gauge_0x5AA5C,ida-ai-xmap,DUBIOUS
0x05885A,0x0588E8,warning_light_0x5AADE,ida-ai-xmap,DUBIOUS
0x0588E8,0x05891A,faultSomething0x1,ghidra-hand,
0x05891A,0x058940,airbag_light_0x5AB9E,ida-ai-xmap,DUBIOUS
0x058940,0x058A2C,FUN_00058940,ghidra-auto,
0x058A2C,0x058A6E,FUN_00058a2c,ghidra-auto,
0x058A6E,0x058A80,FUN_00058a6e,ghidra-auto,
0x058A80,0x058A9A,FUN_00058a80,ghidra-auto,
0x058A9A,0x058AAC,FUN_00058a9a,ghidra-auto,
0x058AAC,0x058B70,getFuelLevelValidity,ghidra-hand,
0x058B70,0x058B7E,turn_signal_0x5ADF4,ida-ai-xmap,DUBIOUS
0x058B7E,0x058B90,FUN_00058b7e,ghidra-auto,
0x058B90,0x058BAC,fog_light_0x5AE14,ida-ai-xmap,DUBIOUS
0x058BAC,0x058D5E,FUN_00058bac,ghidra-auto,
0x058D5E,0x058DD4,cruise_status_0x5AFE2,ida-ai-xmap,DUBIOUS
0x058DD4,0x058DF2,parking_assist_0x5B058,ida-ai-xmap,DUBIOUS
0x058DF2,0x058E1A,collision_warning_0x5B076,ida-ai-xmap,DUBIOUS
0x058E1A,0x058E50,lane_departure_0x5B09E,ida-ai-xmap,DUBIOUS
0x058E50,0x058ECC,someOBDFunctionCaller,ghidra-hand,
0x058ECC,0x058FBA,calibration_data_0x5B150,ida-ai-xmap,DUBIOUS
0x058FBA,0x0591F0,FUN_00058fba,ghidra-auto,
0x0591F0,0x059250,cell_process_0x5B474,ida-ai-xmap,DUBIOUS
0x059250,0x0592E0,FUN_00059250,ghidra-auto,
0x0592E0,0x0593D2,FUN_000592e0,ghidra-auto,
0x0593D2,0x0594C0,FUN_000593d2,ghidra-auto,
0x0594C0,0x05959A,FUN_000594c0,ghidra-auto,
0x05959A,0x05973E,FUN_0005959a,ghidra-auto,
0x05973E,0x059744,FUN_0005973e,ghidra-auto,
0x059744,0x059806,UDSService11Function?,ghidra-hand,
0x059806,0x059808,FUN_00059806,ghidra-auto,
0x059808,0x059866,delay?,ghidra-hand,
0x059866,0x059884,default_value_0x5BAB2,ida-ai-xmap,DUBIOUS
0x059884,0x05991E,FUN_00059884,ghidra-auto,
0x05991E,0x05992A,dtcCodeTypeInit,ghidra-hand,
0x05992A,0x059A56,FUN_0005992a,ghidra-auto,
0x059A56,0x059AE2,FUN_00059a56,ghidra-auto,
0x059AE2,0x059B2A,writeDTCCodeType,ghidra-hand,
0x059B2A,0x059C04,FUN_00059b2a,ghidra-auto,
0x059C04,0x059C72,UDSService21Function,ghidra-hand,
0x059C72,0x059C82,confidence_level_0x5BEBE,ida-ai-xmap,DUBIOUS
0x059C82,0x059CD8,quality_metric_0x5BECE,ida-ai-xmap,DUBIOUS
0x059CD8,0x059DA0,reliability_0x5BF24,ida-ai-xmap,DUBIOUS
0x059DA0,0x059DC4,consistency_check_0x5BFEC,ida-ai-xmap,DUBIOUS
0x059DC4,0x059DFE,grablast28ByteFromE2,ghidra-hand,
0x059DFE,0x059E34,FUN_00059dfe,ghidra-auto,
0x059E34,0x059E88,FUN_00059e34,ghidra-auto,
0x059E88,0x059EBE,FUN_00059e88,ghidra-auto,
0x059EBE,0x059EF4,FUN_00059ebe,ghidra-auto,
0x059EF4,0x059F3C,FUN_00059ef4,ghidra-auto,
0x059F3C,0x059F40,FUN_00059f3c,ghidra-auto,
0x059F40,0x059FDC,UDSMode23Function,ghidra-hand,
0x059FDC,0x05A0AE,getMemoryFromRAMForUDS23,ghidra-hand,
0x05A0AE,0x05A174,checkIfAddressInRange,ghidra-hand,
0x05A174,0x05A1D0,result_combine_0x5C3C0,ida-ai-xmap,DUBIOUS
0x05A1D0,0x05A1D4,FUN_0005a1d0,ghidra-auto,
0x05A1D4,0x05A1E6,summarize_0x5C420,ida-ai-xmap,DUBIOUS
0x05A1E6,0x05A2F0,UDSMode28Func,ghidra-hand,
0x05A2F0,0x05A338,FUN_0005a2f0,ghidra-auto,
0x05A338,0x05A346,FUN_0005a338,ghidra-auto,
0x05A346,0x05A382,FUN_0005a346,ghidra-auto,
0x05A382,0x05A3B6,archive_0x5C5CE,ida-ai-xmap,DUBIOUS
0x05A3B6,0x05A3DE,finalize_0x5C602,ida-ai-xmap,DUBIOUS
0x05A3DE,0x05A41C,cleanup_0x5C62A,ida-ai-xmap,DUBIOUS
0x05A41C,0x05A43C,FUN_0005a41c,ghidra-auto,
0x05A43C,0x05A65C,udsService2FFunc,ghidra-hand,
0x05A65C,0x05A740,FUN_0005a65c,ghidra-auto,
0x05A740,0x05A78C,FUN_0005a740,ghidra-auto,
0x05A78C,0x05A7EE,diagControlModeSomething,ghidra-hand,
0x05A7EE,0x05A814,FUN_0005a7ee,ghidra-auto,
0x05A814,0x05A8E0,diagnosticModeFuelPulseWidthModify,ghidra-hand,
0x05A8E0,0x05A9F4,FUN_0005a8e0,ghidra-auto,
0x05A9F4,0x05AAD4,FUN_0005a9f4,ghidra-auto,
0x05AAD4,0x05ABB0,obdFuelingAddRequst?,ghidra-hand,
0x05ABB0,0x05AC8C,diagControlVDI,ghidra-hand,
0x05AC8C,0x05AD5C,FUN_0005ac8c,ghidra-auto,
0x05AD5C,0x05AE38,FUN_0005ad5c,ghidra-auto,
0x05AE38,0x05AF14,FUN_0005ae38,ghidra-auto,
0x05AF14,0x05AFF0,FUN_0005af14,ghidra-auto,
0x05AFF0,0x05B100,diagAlternatorSignalthing,ghidra-hand,
0x05B100,0x05B19C,diagMeteringPumpPositionControl,ghidra-hand,
0x05B19C,0x05B284,ssvDiagControl?,ghidra-hand,
0x05B284,0x05B394,FUN_0005b284,ghidra-auto,
0x05B394,0x05B4A4,alternatorPIDsomething,ghidra-hand,
0x05B4A4,0x05B5B4,FUN_0005b4a4,ghidra-auto,
0x05B5B4,0x05B690,diagControlVFADMAYBE,ghidra-hand,
0x05B690,0x05B76C,FUN_0005b690,ghidra-auto,
0x05B76C,0x05B848,diagCheckSecondaryAirRequest,ghidra-hand,
0x05B848,0x05B924,diagControlMode??,ghidra-hand,
0x05B924,0x05BA00,FUN_0005b924,ghidra-auto,
0x05BA00,0x05BADC,FUN_0005ba00,ghidra-auto,
0x05BADC,0x05BB78,FUN_0005badc,ghidra-auto,
0x05BB78,0x05BC40,FUN_0005bb78,ghidra-auto,
0x05BC40,0x05BD18,FUN_0005bc40,ghidra-auto,
0x05BD18,0x05BDCA,FUN_0005bd18,ghidra-auto,
0x05BDCA,0x05BE92,FUN_0005bdca,ghidra-auto,
0x05BE92,0x05BEC8,FUN_0005be92,ghidra-auto,
0x05BEC8,0x05BF6C,FUN_0005bec8,ghidra-auto,
0x05BF6C,0x05BFAC,FUN_0005bf6c,ghidra-auto,
0x05BFAC,0x05C024,UDSMode34Func,ghidra-hand,
0x05C024,0x05C064,UDSMode36Function?,ghidra-hand,
0x05C064,0x05C0A4,UDSService37Function,ghidra-hand,
0x05C0A4,0x05C1C8,FUN_0005c0a4,ghidra-auto,
0x05C1C8,0x05C328,FUN_0005c1c8,ghidra-auto,
0x05C328,0x05C3CA,FUN_0005c328,ghidra-auto,
0x05C3CA,0x05C3F6,FUN_0005c3ca,ghidra-auto,
0x05C3F6,0x05C430,FUN_0005c3f6,ghidra-auto,
0x05C430,0x05C434,FUN_0005c430,ghidra-auto,
0x05C434,0x05C4E8,UDSMode85Func,ghidra-hand,
0x05C4E8,0x05C568,FUN_0005c4e8,ghidra-auto,
0x05C568,0x05C5A4,FUN_0005c568,ghidra-auto,
0x05C5A4,0x05C5D8,setDiagMode85Bool?,ghidra-hand,
0x05C5D8,0x05C608,setDiagMode85Bool2,ghidra-hand,
0x05C608,0x05C62C,FUN_0005c608,ghidra-auto,
0x05C62C,0x05C664,FUN_0005c62c,ghidra-auto,
0x05C664,0x05C740,getTireSize,ghidra-hand,
0x05C740,0x05C750,FUN_0005c740,ghidra-auto,
0x05C750,0x05C814,udsMode31Func,ghidra-hand,
0x05C814,0x05C8BE,FUN_0005c814,ghidra-auto,
0x05C8BE,0x05C9AC,UDSMode33Func,ghidra-hand,
0x05C9AC,0x05C9F4,FUN_0005c9ac,ghidra-auto,
0x05C9F4,0x05CA02,FUN_0005c9f4,ghidra-auto,
0x05CA02,0x05CA3E,FUN_0005ca02,ghidra-auto,
0x05CA3E,0x05CA7A,FUN_0005ca3e,ghidra-auto,
0x05CA7A,0x05CA9E,FUN_0005ca7a,ghidra-auto,
0x05CA9E,0x05CAE4,FUN_0005ca9e,ghidra-auto,
0x05CAE4,0x05CB04,FUN_0005cae4,ghidra-auto,
0x05CB04,0x05CB5A,FUN_0005cb04,ghidra-auto,
0x05CB5A,0x05CBBA,FUN_0005cb5a,ghidra-auto,
0x05CBBA,0x05CBE4,FUN_0005cbba,ghidra-auto,
0x05CBE4,0x05CC0E,FUN_0005cbe4,ghidra-auto,
0x05CC0E,0x05CCBE,FUN_0005cc0e,ghidra-auto,
0x05CCBE,0x05CD2C,FUN_0005ccbe,ghidra-auto,
0x05CD2C,0x05CDE8,getBrakingOrInNeutral,ghidra-hand,
0x05CDE8,0x05CE00,FUN_0005cde8,ghidra-auto,
0x05CE00,0x05CE42,FUN_0005ce00,ghidra-auto,
0x05CE42,0x05CE70,FUN_0005ce42,ghidra-auto,
0x05CE70,0x05CF54,FUN_0005ce70,ghidra-auto,
0x05CF54,0x05CFAC,FUN_0005cf54,ghidra-auto,
0x05CFAC,0x05CFF0,FUN_0005cfac,ghidra-auto,
0x05CFF0,0x05D0B0,FUN_0005cff0,ghidra-auto,
0x05D0B0,0x05E1D8,FUN_0005d0b0,ghidra-auto,
0x05E1D8,0x05E206,FUN_0005e1d8,ghidra-auto,
0x05E206,0x05E25C,FUN_0005e206,ghidra-auto,
0x05E25C,0x05E266,returnFaultCode,ghidra-hand,
0x05E266,0x05E270,FUN_0005e266,ghidra-auto,
0x05E270,0x05E296,lookupCodeTypeAll,ghidra-hand,
0x05E296,0x05E2BC,lookupCodeTypeMisfire,ghidra-hand,
0x05E2BC,0x05E2CE,faultEnableStatus2,ghidra-hand,
0x05E2CE,0x05E2FC,faultConfirmationSomething?,ghidra-hand,
0x05E2FC,0x05E380,FUN_0005e2fc,ghidra-auto,
0x05E380,0x05E3BE,faultSomething0x2,ghidra-hand,
0x05E3BE,0x05E414,faultSomething0x0,ghidra-hand,
0x05E414,0x05E474,FUN_0005e414,ghidra-auto,
0x05E474,0x05E4DE,FUN_0005e474,ghidra-auto,
0x05E4DE,0x05E4E2,FUN_0005e4de,ghidra-auto,
0x05E4E2,0x05E524,FUN_0005e4e2,ghidra-auto,
0x05E524,0x05E54C,checkIfDeviceControl?,ghidra-hand,
0x05E54C,0x05E578,FUN_0005e54c,ghidra-auto,
0x05E578,0x05E57E,FUN_0005e578,ghidra-auto,
0x05E57E,0x05E584,returnEngineRPM,ghidra-hand,
0x05E584,0x05E58A,returnCoolantTemp,ghidra-hand,
0x05E58A,0x05E590,returnCoolantTemp2,ghidra-hand,
0x05E590,0x05E5A4,FUN_0005e590,ghidra-auto,
0x05E5A4,0x05E5BA,FUN_0005e5a4,ghidra-auto,
0x05E5BA,0x05E5C8,FUN_0005e5ba,ghidra-auto,
0x05E5C8,0x05E5F0,getCoolantTempConditional,ghidra-hand,
0x05E5F0,0x05E5FE,returnCoolantTempGreaterThan71,ghidra-hand,
0x05E5FE,0x05E604,returnEngineLoad,ghidra-hand,
0x05E604,0x05E60A,returnEngineSpeed,ghidra-hand,
0x05E60A,0x05E644,FUN_0005e60a,ghidra-auto,
0x05E644,0x05E648,updateFaultStatusTHUNK,ghidra-hand,
0x05E648,0x05E656,updateFaultStatusTHUNKNoR6?,ghidra-hand,
0x05E656,0x05E678,FUN_0005e656,ghidra-auto,
0x05E678,0x05E690,FUN_0005e678,ghidra-auto,
0x05E690,0x05E69E,FUN_0005e690,ghidra-auto,
0x05E69E,0x05E6A2,thunk_FUN_0005eaa2,ghidra-auto,
0x05E6A2,0x05E700,FUN_0005e6a2,ghidra-auto,
0x05E700,0x05E72C,FUN_0005e700,ghidra-auto,
0x05E72C,0x05E7FA,updateFaultStatus,ghidra-hand,
0x05E7FA,0x05E84C,FUN_0005e7fa,ghidra-auto,
0x05E84C,0x05E918,checkAndSetFault?,ghidra-hand,
0x05E918,0x05E93C,returnCurrentFaultStatus,ghidra-hand,
0x05E93C,0x05E954,FUN_0005e93c,ghidra-auto,
0x05E954,0x05EA80,FUN_0005e954,ghidra-auto,
0x05EA80,0x05EAA2,FUN_0005ea80,ghidra-auto,
0x05EAA2,0x05EABC,FUN_0005eaa2,ghidra-auto,
0x05EABC,0x05EAFE,FUN_0005eabc,ghidra-auto,
0x05EAFE,0x05EB7C,FUN_0005eafe,ghidra-auto,
0x05EB7C,0x05EB94,FUN_0005eb7c,ghidra-auto,
0x05EB94,0x05EBB8,FUN_0005eb94,ghidra-auto,
0x05EBB8,0x05EBD0,FUN_0005ebb8,ghidra-auto,
0x05EBD0,0x05EBEC,FUN_0005ebd0,ghidra-auto,
0x05EBEC,0x05EC08,FUN_0005ebec,ghidra-auto,
0x05EC08,0x05EC68,FUN_0005ec08,ghidra-auto,
0x05EC68,0x05ECA2,setFaultEvalState?,ghidra-hand,
0x05ECA2,0x05ED68,FUN_0005eca2,ghidra-auto,
0x05ED68,0x05EDB2,FUN_0005ed68,ghidra-auto,
0x05EDB2,0x05EE08,FUN_0005edb2,ghidra-auto,
0x05EE08,0x05EE0C,FUN_0005ee08,ghidra-auto,
0x05EE0C,0x05EE24,FUN_0005ee0c,ghidra-auto,
0x05EE24,0x05EE28,FUN_0005ee24,ghidra-auto,
0x05EE28,0x05EE50,FUN_0005ee28,ghidra-auto,
0x05EE50,0x05EE6E,FUN_0005ee50,ghidra-auto,
0x05EE6E,0x05EE7E,FUN_0005ee6e,ghidra-auto,
0x05EE7E,0x05EE82,nothingFunc2,ghidra-hand,
0x05EE82,0x05EE86,FUN_0005ee82,ghidra-auto,
0x05EE86,0x05EFAE,FUN_0005ee86,ghidra-auto,
0x05EFAE,0x05EFE6,FUN_0005efae,ghidra-auto,
0x05EFE6,0x05F00E,FUN_0005efe6,ghidra-auto,
0x05F00E,0x05F162,FUN_0005f00e,ghidra-auto,
0x05F162,0x05F1B8,FUN_0005f162,ghidra-auto,
0x05F1B8,0x05F29E,FUN_0005f1b8,ghidra-auto,
0x05F29E,0x05F2EE,FUN_0005f29e,ghidra-auto,
0x05F2EE,0x05F358,FUN_0005f2ee,ghidra-auto,
0x05F358,0x05F376,FUN_0005f358,ghidra-auto,
0x05F376,0x05F386,FUN_0005f376,ghidra-auto,
0x05F386,0x05F404,FUN_0005f386,ghidra-auto,
0x05F404,0x05F56A,FUN_0005f404,ghidra-auto,
0x05F56A,0x05F596,FUN_0005f56a,ghidra-auto,
0x05F596,0x05F5C6,FUN_0005f596,ghidra-auto,
0x05F5C6,0x05F69E,FUN_0005f5c6,ghidra-auto,
0x05F69E,0x05F6CC,FUN_0005f69e,ghidra-auto,
0x05F6CC,0x05F700,FUN_0005f6cc,ghidra-auto,
0x05F700,0x05F7F2,FUN_0005f700,ghidra-auto,
0x05F7F2,0x05F826,FUN_0005f7f2,ghidra-auto,
0x05F826,0x05F848,FUN_0005f826,ghidra-auto,
0x05F848,0x05F894,FUN_0005f848,ghidra-auto,
0x05F894,0x05F8D6,FUN_0005f894,ghidra-auto,
0x05F8D6,0x05F904,FUN_0005f8d6,ghidra-auto,
0x05F904,0x05F95E,FUN_0005f904,ghidra-auto,
0x05F95E,0x05F982,FUN_0005f95e,ghidra-auto,
0x05F982,0x05FBDE,FUN_0005f982,ghidra-auto,
0x05FBDE,0x05FD40,FUN_0005fbde,ghidra-auto,
0x05FD40,0x05FEB6,faultSomethingIdunno,ghidra-hand,
0x05FEB6,0x0600F0,dtcRelated,ghidra-hand,
0x0600F0,0x0601A4,FUN_000600f0,ghidra-auto,
0x0601A4,0x0601AA,FUN_000601a4,ghidra-auto,
0x0601AA,0x0601E8,FUN_000601aa,ghidra-auto,
0x0601E8,0x0602AA,FUN_000601e8,ghidra-auto,
0x0602AA,0x0603D6,FUN_000602aa,ghidra-auto,
0x0603D6,0x0603E4,FUN_000603d6,ghidra-auto,
0x0603E4,0x0603F2,FUN_000603e4,ghidra-auto,
0x0603F2,0x060418,FUN_000603f2,ghidra-auto,
0x060418,0x060604,FUN_00060418,ghidra-auto,
0x060604,0x06060A,FUN_00060604,ghidra-auto,
0x06060A,0x060618,FUN_0006060a,ghidra-auto,
0x060618,0x0607A0,FUN_00060618,ghidra-auto,
0x0607A0,0x0608B0,FUN_000607a0,ghidra-auto,
0x0608B0,0x060930,FUN_000608b0,ghidra-auto,
0x060930,0x060970,FUN_00060930,ghidra-auto,
0x060970,0x0609D8,FUN_00060970,ghidra-auto,
0x0609D8,0x060A28,FUN_000609d8,ghidra-auto,
0x060A28,0x060A6C,FUN_00060a28,ghidra-auto,
0x060A6C,0x060AC8,FUN_00060a6c,ghidra-auto,
0x060AC8,0x060B8C,FUN_00060ac8,ghidra-auto,
0x060B8C,0x060BD0,FUN_00060b8c,ghidra-auto,
0x060BD0,0x060C4C,FUN_00060bd0,ghidra-auto,
0x060C4C,0x060C90,FUN_00060c4c,ghidra-auto,
0x060C90,0x060CA0,FUN_00060c90,ghidra-auto,
0x060CA0,0x060D10,FUN_00060ca0,ghidra-auto,
0x060D10,0x060E60,FUN_00060d10,ghidra-auto,
0x060E60,0x060F58,FUN_00060e60,ghidra-auto,
0x060F58,0x060FC4,FUN_00060f58,ghidra-auto,
0x060FC4,0x061090,FUN_00060fc4,ghidra-auto,
0x061090,0x06118A,FUN_00061090,ghidra-auto,
0x06118A,0x0611A8,FUN_0006118a,ghidra-auto,
0x0611A8,0x0611C6,FUN_000611a8,ghidra-auto,
0x0611C6,0x0611E4,FUN_000611c6,ghidra-auto,
0x0611E4,0x061208,FUN_000611e4,ghidra-auto,
0x061208,0x06122C,FUN_00061208,ghidra-auto,
0x06122C,0x061398,FUN_0006122c,ghidra-auto,
0x061398,0x061458,FUN_00061398,ghidra-auto,
0x061458,0x061500,FUN_00061458,ghidra-auto,
0x061500,0x061590,FUN_00061500,ghidra-auto,
0x061590,0x06161C,FUN_00061590,ghidra-auto,
0x06161C,0x06169E,FUN_0006161c,ghidra-auto,
0x06169E,0x0616C8,FUN_0006169e,ghidra-auto,
0x0616C8,0x0616E8,FUN_000616c8,ghidra-auto,
0x0616E8,0x06173A,FUN_000616e8,ghidra-auto,
0x06173A,0x06175A,FUN_0006173a,ghidra-auto,
0x06175A,0x0617AC,FUN_0006175a,ghidra-auto,
0x0617AC,0x06181E,FUN_000617ac,ghidra-auto,
0x06181E,0x061890,FUN_0006181e,ghidra-auto,
0x061890,0x061916,FUN_00061890,ghidra-auto,
0x061916,0x061936,FUN_00061916,ghidra-auto,
0x061936,0x061988,FUN_00061936,ghidra-auto,
0x061988,0x0619A8,FUN_00061988,ghidra-auto,
0x0619A8,0x0619FA,FUN_000619a8,ghidra-auto,
0x0619FA,0x061A6C,FUN_000619fa,ghidra-auto,
0x061A6C,0x061A9A,FUN_00061a6c,ghidra-auto,
0x061A9A,0x061AEC,FUN_00061a9a,ghidra-auto,
0x061AEC,0x061B1A,FUN_00061aec,ghidra-auto,
0x061B1A,0x061B7A,FUN_00061b1a,ghidra-auto,
0x061B7A,0x061C86,FUN_00061b7a,ghidra-auto,
0x061C86,0x061DA8,FUN_00061c86,ghidra-auto,
0x061DA8,0x061E30,FUN_00061da8,ghidra-auto,
0x061E30,0x061EDE,FUN_00061e30,ghidra-auto,
0x061EDE,0x061F70,FUN_00061ede,ghidra-auto,
0x061F70,0x061FF6,FUN_00061f70,ghidra-auto,
0x061FF6,0x06210C,FUN_00061ff6,ghidra-auto,
0x06210C,0x062152,FUN_0006210c,ghidra-auto,
0x062152,0x0621D2,FUN_00062152,ghidra-auto,
0x0621D2,0x062210,FUN_000621d2,ghidra-auto,
0x062210,0x062262,FUN_00062210,ghidra-auto,
0x062262,0x062288,FUN_00062262,ghidra-auto,
0x062288,0x0622CC,FUN_00062288,ghidra-auto,
0x0622CC,0x062344,FUN_000622cc,ghidra-auto,
0x062344,0x0623CA,FUN_00062344,ghidra-auto,
0x0623CA,0x062450,FUN_000623ca,ghidra-auto,
0x062450,0x0624C4,FUN_00062450,ghidra-auto,
0x0624C4,0x06250C,FUN_000624c4,ghidra-auto,
0x06250C,0x0625DA,FUN_0006250c,ghidra-auto,
0x0625DA,0x06267C,FUN_000625da,ghidra-auto,
0x06267C,0x062714,FUN_0006267c,ghidra-auto,
0x062714,0x062768,FUN_00062714,ghidra-auto,
0x062768,0x0627BC,FUN_00062768,ghidra-auto,
0x0627BC,0x0627EC,FUN_000627bc,ghidra-auto,
0x0627EC,0x062854,FUN_000627ec,ghidra-auto,
0x062854,0x0628F4,FUN_00062854,ghidra-auto,
0x0628F4,0x0628FA,thunk_FUN_0005f56a,ghidra-auto,
0x0628FA,0x062978,FUN_000628fa,ghidra-auto,
0x062978,0x0629E4,FUN_00062978,ghidra-auto,
0x0629E4,0x062A12,FUN_000629e4,ghidra-auto,
0x062A12,0x062A64,FUN_00062a12,ghidra-auto,
0x062A64,0x062B24,FUN_00062a64,ghidra-auto,
0x062B24,0x062B58,FUN_00062b24,ghidra-auto,
0x062B58,0x062BA8,FUN_00062b58,ghidra-auto,
0x062BA8,0x062BCA,FUN_00062ba8,ghidra-auto,
0x062BCA,0x062C02,FUN_00062bca,ghidra-auto,
0x062C02,0x062C4A,FUN_00062c02,ghidra-auto,
0x062C4A,0x062CA8,FUN_00062c4a,ghidra-auto,
0x062CA8,0x062D08,FUN_00062ca8,ghidra-auto,
0x062D08,0x062D6E,FUN_00062d08,ghidra-auto,
0x062D6E,0x062DD4,FUN_00062d6e,ghidra-auto,
0x062DD4,0x062E02,FUN_00062dd4,ghidra-auto,
0x062E02,0x062E1C,FUN_00062e02,ghidra-auto,
0x062E1C,0x062E20,nothingFunc,ghidra-hand,
0x062E20,0x062E4C,FUN_00062e20,ghidra-auto,
0x062E4C,0x062F10,FUN_00062e4c,ghidra-auto,
0x062F10,0x06306C,FUN_00062f10,ghidra-auto,
0x06306C,0x0631BC,FUN_0006306c,ghidra-auto,
0x0631BC,0x063202,FUN_000631bc,ghidra-auto,
0x063202,0x063208,thunk_FUN_0005f56a,ghidra-auto,
0x063208,0x063262,FUN_00063208,ghidra-auto,
0x063262,0x0632E4,FUN_00063262,ghidra-auto,
0x0632E4,0x063420,FUN_000632e4,ghidra-auto,
0x063420,0x063564,FUN_00063420,ghidra-auto,
0x063564,0x063664,FUN_00063564,ghidra-auto,
0x063664,0x063696,FUN_00063664,ghidra-auto,
0x063696,0x0637AA,FUN_00063696,ghidra-auto,
0x0637AA,0x0637C0,FUN_000637aa,ghidra-auto,
0x0637C0,0x0637D4,FUN_000637c0,ghidra-auto,
0x0637D4,0x063834,FUN_000637d4,ghidra-auto,
0x063834,0x063884,FUN_00063834,ghidra-auto,
0x063884,0x0638FA,FUN_00063884,ghidra-auto,
0x0638FA,0x06397C,FUN_000638fa,ghidra-auto,
0x06397C,0x0639DA,FUN_0006397c,ghidra-auto,
0x0639DA,0x063A48,FUN_000639da,ghidra-auto,
0x063A48,0x063AF6,FUN_00063a48,ghidra-auto,
0x063AF6,0x063B60,FUN_00063af6,ghidra-auto,
0x063B60,0x063BA4,FUN_00063b60,ghidra-auto,
0x063BA4,0x063C04,FUN_00063ba4,ghidra-auto,
0x063C04,0x063C34,FUN_00063c04,ghidra-auto,
0x063C34,0x063CD0,FUN_00063c34,ghidra-auto,
0x063CD0,0x063D70,FUN_00063cd0,ghidra-auto,
0x063D70,0x063E8C,FUN_00063d70,ghidra-auto,
0x063E8C,0x063ED4,FUN_00063e8c,ghidra-auto,
0x063ED4,0x063F06,FUN_00063ed4,ghidra-auto,
0x063F06,0x063F20,FUN_00063f06,ghidra-auto,
0x063F20,0x063F48,FUN_00063f20,ghidra-auto,
0x063F48,0x063F80,coolantTempPlausibilityCheck???,ghidra-hand,
0x063F80,0x064068,driveCycleDetectMAYBE?,ghidra-hand,
0x064068,0x064070,FUN_00064068,ghidra-auto,
0x064070,0x0640BC,FUN_00064070,ghidra-auto,
0x0640BC,0x06410C,FUN_000640bc,ghidra-auto,
0x06410C,0x064226,UDSMode1Function,ghidra-hand,
0x064226,0x064270,FUN_00064226,ghidra-auto,
0x064270,0x0644B4,FUN_00064270,ghidra-auto,
0x0644B4,0x0644FC,FUN_000644b4,ghidra-auto,
0x0644FC,0x064578,FUN_000644fc,ghidra-auto,
0x064578,0x064746,FUN_00064578,ghidra-auto,
0x064746,0x0647C0,FUN_00064746,ghidra-auto,
0x0647C0,0x064886,FUN_000647c0,ghidra-auto,
0x064886,0x0648E8,FUN_00064886,ghidra-auto,
0x0648E8,0x0649C0,FUN_000648e8,ghidra-auto,
0x0649C0,0x064A62,FUN_000649c0,ghidra-auto,
0x064A62,0x064A8A,FUN_00064a62,ghidra-auto,
0x064A8A,0x064ADC,FUN_00064a8a,ghidra-auto,
0x064ADC,0x064BB0,FUN_00064adc,ghidra-auto,
0x064BB0,0x064D6C,OBDMode9Fuction,ghidra-hand,
0x064D6C,0x064DB4,FUN_00064d6c,ghidra-auto,
0x064DB4,0x064DF0,in_range_0_6_check?,ghidra-hand,
0x064DF0,0x064E16,FUN_00064df0,ghidra-auto,
0x064E16,0x064EBC,FUN_00064e16,ghidra-auto,
0x064EBC,0x064F10,FUN_00064ebc,ghidra-auto,
0x064F10,0x064F68,FUN_00064f10,ghidra-auto,
0x064F68,0x064F9A,FUN_00064f68,ghidra-auto,
0x064F9A,0x064FB8,FUN_00064f9a,ghidra-auto,
0x064FB8,0x065008,FUN_00064fb8,ghidra-auto,
0x065008,0x06501A,FUN_00065008,ghidra-auto,
0x06501A,0x0650B8,FUN_0006501a,ghidra-auto,
0x0650B8,0x06518A,FUN_000650b8,ghidra-auto,
0x06518A,0x06518E,UDSModeFF,ghidra-hand,
0x06518E,0x06523A,FUN_0006518e,ghidra-auto,
0x06523A,0x0652AE,FUN_0006523a,ghidra-auto,
0x0652AE,0x0652F0,FUN_000652ae,ghidra-auto,
0x0652F0,0x065336,getFaultStatus??,ghidra-hand,
0x065336,0x065348,getFaultEvalState,ghidra-hand,
0x065348,0x0653E8,FUN_00065348,ghidra-auto,
0x0653E8,0x0653EC,FUN_000653e8,ghidra-auto,
0x0653EC,0x065460,FUN_000653ec,ghidra-auto,
0x065460,0x06547E,FUN_00065460,ghidra-auto,
0x06547E,0x06549A,FUN_0006547e,ghidra-auto,
0x06549A,0x06553C,FUN_0006549a,ghidra-auto,
0x06553C,0x065570,FUN_0006553c,ghidra-auto,
0x065570,0x0655A4,FUN_00065570,ghidra-auto,
0x0655A4,0x065680,FUN_000655a4,ghidra-auto,
0x065680,0x065720,FUN_00065680,ghidra-auto,
0x065720,0x06574A,FUN_00065720,ghidra-auto,
0x06574A,0x0657F6,FUN_0006574a,ghidra-auto,
0x0657F6,0x06587C,FUN_000657f6,ghidra-auto,
0x06587C,0x065990,FUN_0006587c,ghidra-auto,
0x065990,0x065A2C,FUN_00065990,ghidra-auto,
0x065A2C,0x065A50,FUN_00065a2c,ghidra-auto,
0x065A50,0x065AB2,FUN_00065a50,ghidra-auto,
0x065AB2,0x065AC8,FUN_00065ab2,ghidra-auto,
0x065AC8,0x065AE0,FUN_00065ac8,ghidra-auto,
0x065AE0,0x065B4C,FUN_00065ae0,ghidra-auto,
0x065B4C,0x065BDC,FUN_00065b4c,ghidra-auto,
0x065BDC,0x065C00,FUN_00065bdc,ghidra-auto,
0x065C00,0x065C16,FUN_00065c00,ghidra-auto,
0x065C16,0x065C3C,FUN_00065c16,ghidra-auto,
0x065C3C,0x065CD0,FUN_00065c3c,ghidra-auto,
0x065CD0,0x065D66,FUN_00065cd0,ghidra-auto,
0x065D66,0x065E08,FUN_00065d66,ghidra-auto,
0x065E08,0x065EA0,FUN_00065e08,ghidra-auto,
0x065EA0,0x065EB2,FUN_00065ea0,ghidra-auto,
0x065EB2,0x065EE4,FUN_00065eb2,ghidra-auto,
0x065EE4,0x065F16,FUN_00065ee4,ghidra-auto,
0x065F16,0x065F2C,FUN_00065f16,ghidra-auto,
0x065F2C,0x065F64,FUN_00065f2c,ghidra-auto,
0x065F64,0x065FB8,FUN_00065f64,ghidra-auto,
0x065FB8,0x065FCE,FUN_00065fb8,ghidra-auto,
0x065FCE,0x066022,FUN_00065fce,ghidra-auto,
0x066022,0x066050,FUN_00066022,ghidra-auto,
0x066050,0x066068,FUN_00066050,ghidra-auto,
0x066068,0x0660E2,FUN_00066068,ghidra-auto,
0x0660E2,0x066116,FUN_000660e2,ghidra-auto,
0x066116,0x06618E,FUN_00066116,ghidra-auto,
0x06618E,0x0661A4,FUN_0006618e,ghidra-auto,
0x0661A4,0x06620C,FUN_000661a4,ghidra-auto,
0x06620C,0x066280,FUN_0006620c,ghidra-auto,
0x066280,0x066314,FUN_00066280,ghidra-auto,
0x066314,0x066378,FUN_00066314,ghidra-auto,
0x066378,0x066406,FUN_00066378,ghidra-auto,
0x066406,0x066418,FUN_00066406,ghidra-auto,
0x066418,0x066448,FUN_00066418,ghidra-auto,
0x066448,0x066478,FUN_00066448,ghidra-auto,
0x066478,0x0664AC,FUN_00066478,ghidra-auto,
0x0664AC,0x0664F6,FUN_000664ac,ghidra-auto,
0x0664F6,0x06650A,FUN_000664f6,ghidra-auto,
0x06650A,0x066554,FUN_0006650a,ghidra-auto,
0x066554,0x066568,FUN_00066554,ghidra-auto,
0x066568,0x0665B2,FUN_00066568,ghidra-auto,
0x0665B2,0x066628,FUN_000665b2,ghidra-auto,
0x066628,0x066634,FUN_00066628,ghidra-auto,
0x066634,0x066650,FUN_00066634,ghidra-auto,
0x066650,0x06667C,FUN_00066650,ghidra-auto,
0x06667C,0x0666A8,FUN_0006667c,ghidra-auto,
0x0666A8,0x0666D4,FUN_000666a8,ghidra-auto,
0x0666D4,0x06670C,FUN_000666d4,ghidra-auto,
0x06670C,0x066768,pack_for_OBD_response?,ghidra-hand,
0x066768,0x066800,FUN_00066768,ghidra-auto,
0x066800,0x066854,FUN_00066800,ghidra-auto,
0x066854,0x06689A,FUN_00066854,ghidra-auto,
0x06689A,0x066990,FUN_0006689a,ghidra-auto,
0x066990,0x0669CE,FUN_00066990,ghidra-auto,
0x0669CE,0x066A14,FUN_000669ce,ghidra-auto,
0x066A14,0x066A74,setupForUdsResponse?,ghidra-hand,
0x066A74,0x066AAA,udsServiceResponse,ghidra-hand,
0x066AAA,0x066B36,unknownMode22Func,ghidra-hand,
0x066B36,0x066C88,FUN_00066b36,ghidra-auto,
0x066C88,0x066CA4,FUN_00066c88,ghidra-auto,
0x066CA4,0x066CC4,FUN_00066ca4,ghidra-auto,
0x066CC4,0x066D1C,FUN_00066cc4,ghidra-auto,
0x066D1C,0x066DA4,FUN_00066d1c,ghidra-auto,
0x066DA4,0x066E38,FUN_00066da4,ghidra-auto,
0x066E38,0x066E8E,FUN_00066e38,ghidra-auto,
0x066E8E,0x066F10,FUN_00066e8e,ghidra-auto,
0x066F10,0x066F78,FUN_00066f10,ghidra-auto,
0x066F78,0x066FE8,FUN_00066f78,ghidra-auto,
0x066FE8,0x067002,FUN_00066fe8,ghidra-auto,
0x067002,0x06701C,FUN_00067002,ghidra-auto,
0x06701C,0x067054,FUN_0006701c,ghidra-auto,
0x067054,0x067066,FUN_00067054,ghidra-auto,
0x067066,0x0670B4,FUN_00067066,ghidra-auto,
0x0670B4,0x0670D8,FUN_000670b4,ghidra-auto,
0x0670D8,0x067116,FUN_000670d8,ghidra-auto,
0x067116,0x067158,FUN_00067116,ghidra-auto,
0x067158,0x0671B4,FUN_00067158,ghidra-auto,
0x0671B4,0x067200,FUN_000671b4,ghidra-auto,
0x067200,0x06721A,FUN_00067200,ghidra-auto,
0x06721A,0x06725C,FUN_0006721a,ghidra-auto,
0x06725C,0x067286,FUN_0006725c,ghidra-auto,
0x067286,0x067334,FUN_00067286,ghidra-auto,
0x067334,0x067376,FUN_00067334,ghidra-auto,
0x067376,0x0673D8,FUN_00067376,ghidra-auto,
0x0673D8,0x067400,FUN_000673d8,ghidra-auto,
0x067400,0x067412,FUN_00067400,ghidra-auto,
0x067412,0x067436,FUN_00067412,ghidra-auto,
0x067436,0x067488,FUN_00067436,ghidra-auto,
0x067488,0x067498,FUN_00067488,ghidra-auto,
0x067498,0x0674B6,FUN_00067498,ghidra-auto,
0x0674B6,0x0674D8,FUN_000674b6,ghidra-auto,
0x0674D8,0x067548,FUN_000674d8,ghidra-auto,
0x067548,0x067588,FUN_00067548,ghidra-auto,
0x067588,0x067590,udsRAMInit,ghidra-hand,
0x067590,0x067646,udsSomething?,ghidra-hand,
0x067646,0x067654,FUN_00067646,ghidra-auto,
0x067654,0x06765A,thunk_FUN_00052aec,ghidra-auto,
0x06765A,0x067660,thunk_FUN_00052c18,ghidra-auto,
0x067660,0x067666,thunk_FUN_00052b22,ghidra-auto,
0x067666,0x06766C,thunk_FUN_00052b8c,ghidra-auto,
0x06766C,0x067672,thunk_FUN_00052c4e,ghidra-auto,
0x067672,0x06769C,thunk_FUN_00052c84,ghidra-auto,
0x06769C,0x06772E,udsHandler,ghidra-hand,
0x06772E,0x0770C7,udsResponseRelated2,ghidra-hand,
0x0770C7,0x0770CD,FUN_000770c7,ghidra-auto,
0x0770CD,0xFFFFFFFF,FUN_000770cd,ghidra-auto,
0xFFFFFFFF,0x10000003F,HUDI_excep,ghidra-hand,
