kind,start,end,class,src,motivo
data,2160,2170,literal_pool,,pcrel refs 3/5 words (mov.lx2+mov.wx1)
data,2222,2226,padding,,all-0xFFFF filler (stray pcrel ref x1)
data,2480,2486,literal_pool,,pcrel refs 2/3 words (mov.lx2)
data,2830,4064,padding,,all-0xFFFF filler (stray pcrel ref x3)
data,4074,4088,unknown_data,,
data,4094,4098,padding,,all-zero word filler
data,4148,4152,literal_pool,,pcrel refs 1/2 words (mov.lx1)
data,4250,4254,literal_pool,,pcrel refs 1/2 words (mov.lx1)
data,4262,4266,literal_pool,,pcrel refs 1/2 words (mov.lx1)
data,4560,4566,literal_pool,,pcrel refs 2/3 words (mov.lx2)
data,4766,4770,padding,,all-0xFFFF filler (stray pcrel ref x1)
data,4780,4786,literal_pool,,pcrel refs 2/3 words (mov.lx2)
data,4974,4982,literal_pool,,pcrel refs 2/4 words (mov.lx2)
data,5692,5698,literal_pool,,pcrel refs 2/3 words (mov.lx2)
data,5902,5906,padding,,all-0xFFFF filler (stray pcrel ref x1)
data,6194,6198,padding,,all-0xFFFF filler (stray pcrel ref x1)
data,6470,6474,padding,,all-0xFFFF filler (stray pcrel ref x1)
data,6750,6754,literal_pool,,pcrel refs 2/2 words (mov.wx1+mov.lx1)
data,7002,7006,padding,,all-0xFFFF filler (stray pcrel ref x1)
data,7578,7582,literal_pool,,pcrel refs 2/2 words (mov.wx2)
data,7584,7590,literal_pool,,pcrel refs 2/3 words (mov.wx1+mov.lx1)
data,8120,8128,literal_pool,,pcrel refs 2/4 words (mov.wx1+mov.lx1)
data,8130,8192,unknown_data,,
data,8194,8198,string,,ascii E1D4 (span 32B)
data,8232,8238,string,,ascii DENSO2 (span 16B)
data,8958,8962,literal_pool,,pcrel refs 1/2 words (mov.lx1)
data,9332,9336,literal_pool,,pcrel refs 1/2 words (mov.lx1)
data,9402,9408,literal_pool,,pcrel refs 1/3 words (mov.lx1)
data,13034,13038,literal_pool,,pcrel refs 1/2 words (mov.lx1)
data,13186,13194,literal_pool,,pcrel refs 2/4 words (mov.lx2)
data,13224,13238,literal_pool,,pcrel refs 3/7 words (mov.lx3)
data,13240,13244,unknown_data,,
data,13430,13434,padding,,all-0xFFFF filler (stray pcrel ref x1)
data,13678,13682,padding,,all-0xFFFF filler (stray pcrel ref x1)
data,13936,13942,literal_pool,,pcrel refs 3/3 words (mov.wx2+mov.lx1)
data,13944,13952,literal_pool,,pcrel refs 2/4 words (mov.lx2)
data,13958,13962,padding,,all-zero word filler
data,13964,13974,literal_pool,,pcrel refs 3/5 words (mov.lx3)
data,14144,14148,literal_pool,,pcrel refs 1/2 words (mov.wx1)
data,14150,14154,padding,,all-zero word filler
data,14162,14170,literal_pool,,pcrel refs 2/4 words (mov.lx2)
data,14256,14266,literal_pool,,pcrel refs 3/5 words (mov.lx3)
data,14272,14276,literal_pool,,pcrel refs 1/2 words (mov.lx1)
data,14586,14594,literal_pool,,pcrel refs 3/4 words (mov.wx2+mov.lx1)
data,14596,14602,literal_pool,,pcrel refs 2/3 words (mov.lx2)
data,14686,14690,padding,,all-0xFFFF filler (stray pcrel ref x1)
data,15012,15022,literal_pool,,pcrel refs 3/5 words (mov.lx3)
data,15054,15058,literal_pool,,pcrel refs 1/2 words (mov.lx1)
data,15108,15112,literal_pool,,pcrel refs 1/2 words (mov.lx1)
data,15128,15134,literal_pool,,pcrel refs 2/3 words (mov.lx2)
data,15154,15158,string,,ascii 1999 (span 202B)
data,15342,15348,unknown_data,,
data,15442,15448,literal_pool,,pcrel refs 1/3 words (mov.lx1)
data,15450,15462,literal_pool,,pcrel refs 3/6 words (mov.lx3)
data,15480,15486,padding,,all-zero word filler
data,15536,15540,padding,,all-zero word filler
data,15764,15770,literal_pool,,pcrel refs 2/3 words (mov.wx1+mov.lx1)
data,15870,15874,literal_pool,,pcrel refs 2/2 words (mov.wx1+mov.lx1)
data,15998,16002,padding,,all-0xFFFF filler (stray pcrel ref x1)
data,16008,16018,literal_pool,,pcrel refs 3/5 words (mov.lx3)
data,16048,16054,literal_pool,,pcrel refs 2/3 words (mov.lx2)
data,16238,16246,literal_pool,,pcrel refs 2/4 words (mov.lx2)
data,16248,16258,literal_pool,,pcrel refs 3/5 words (mov.lx3)
data,16344,16358,literal_pool,,pcrel refs 4/7 words (mov.lx4)
data,16932,16936,literal_pool,,pcrel refs 1/2 words (mov.lx1)
data,17004,17038,jump_table,,32-bit absolute x8 (pairing+0
data,17040,17066,jump_table,,32-bit absolute x6 (pairing+0
data,17188,17196,jump_table,,32-bit absolute x2 (pairing+0
data,17400,17412,jump_table,,32-bit absolute x3 (pairing+0
data,17664,17668,literal_pool,,pcrel refs 1/2 words (mov.lx1)
data,18216,18228,jump_table,,32-bit absolute x3 (pairing+0
data,18234,18238,padding,,all-0xFFFF filler (stray pcrel ref x1)
data,18628,18632,literal_pool,,pcrel refs 1/2 words (mov.lx1)
data,18748,18838,unknown_data,,
data,18844,18854,unknown_data,,
data,18860,18870,unknown_data,,
data,18876,18886,unknown_data,,
data,18892,18902,unknown_data,,
data,18908,18918,unknown_data,,
data,18924,18934,unknown_data,,
data,18940,18950,unknown_data,,
data,18956,18966,unknown_data,,
data,18972,18982,unknown_data,,
data,18988,18998,unknown_data,,
data,19004,19014,unknown_data,,
data,19020,19030,unknown_data,,
data,19036,19046,unknown_data,,
data,19052,19062,unknown_data,,
data,19068,19078,unknown_data,,
data,19084,19094,unknown_data,,
data,19100,19110,unknown_data,,
data,19116,19126,unknown_data,,
data,19132,19136,unknown_data,,
data,19138,19146,unknown_data,,
data,19180,19190,unknown_data,,
data,19194,19214,unknown_data,,
data,19216,19230,padding,,0x00xx-pattern run (high byte 0x00)
data,19232,19248,unknown_data,,
data,19250,19254,unknown_data,,
data,19268,19274,unknown_data,,
data,19284,19300,padding,,0x00xx-pattern run (high byte 0x00)
data,20506,20510,literal_pool,,pcrel refs 1/2 words (mov.lx1)
data,20914,20918,literal_pool,,pcrel refs 1/2 words (mov.lx1)
data,21594,21598,literal_pool,,pcrel refs 2/2 words (mov.wx2)
data,21636,21642,literal_pool,,pcrel refs 2/3 words (mov.lx2)
data,22250,22254,padding,,all-0xFFFF filler (stray pcrel ref x1)
data,22898,22910,literal_pool,,pcrel refs 5/6 words (mov.wx4+mov.lx1)
data,23182,23190,literal_pool,,pcrel refs 4/4 words (mov.wx4)
data,23196,23206,literal_pool,,pcrel refs 3/5 words (mov.lx3)
data,23212,23246,literal_pool,,pcrel refs 9/17 words (mov.lx9)
data,23514,23522,literal_pool,,pcrel refs 4/4 words (mov.wx4)
data,23596,23600,unknown_data,,
data,23612,23616,unknown_data,,
data,23704,23708,literal_pool,,pcrel refs 1/2 words (mov.lx1)
data,23722,23726,unknown_data,,
data,23896,23904,literal_pool,,pcrel refs 4/4 words (mov.wx4)
data,23918,23930,literal_pool,,pcrel refs 5/6 words (mov.wx3+mov.lx2)
data,24230,24238,literal_pool,,pcrel refs 4/4 words (mov.wx4)
data,24250,24258,literal_pool,,pcrel refs 4/4 words (mov.wx4)
data,24266,24270,literal_pool,,pcrel refs 1/2 words (mov.lx1)
data,24600,24606,literal_pool,,pcrel refs 2/3 words (mov.wx1+mov.lx1)
data,24792,24798,literal_pool,,pcrel refs 2/3 words (mov.wx1+mov.lx1)
data,25138,25142,literal_pool,,pcrel refs 1/2 words (mov.lx1)
data,25268,25272,literal_pool,,pcrel refs 1/2 words (mov.lx1)
data,25522,25526,literal_pool,,pcrel refs 1/2 words (mov.lx1)
data,25536,25542,literal_pool,,pcrel refs 2/3 words (mov.lx2)
data,25580,25586,literal_pool,,pcrel refs 2/3 words (mov.lx2)
data,25944,25950,literal_pool,,pcrel refs 2/3 words (mov.lx2)
data,26388,26394,literal_pool,,pcrel refs 2/3 words (mov.lx2)
data,26408,26414,literal_pool,,pcrel refs 2/3 words (mov.lx2)
data,26440,26446,literal_pool,,pcrel refs 2/3 words (mov.lx2)
data,26738,26742,padding,,all-0xFFFF filler (stray pcrel ref x1)
data,27186,27190,literal_pool,,pcrel refs 2/2 words (mov.wx2+mov.lx1)
data,27726,27730,literal_pool,,pcrel refs 1/2 words (mov.lx1)
data,28050,28054,padding,,all-0xFFFF filler (stray pcrel ref x1)
data,28314,28318,padding,,all-0xFFFF filler (stray pcrel ref x1)
data,28618,28622,padding,,all-0xFFFF filler (stray pcrel ref x1)
data,29056,29060,literal_pool,,pcrel refs 2/2 words (mov.wx2)
data,29076,29082,literal_pool,,pcrel refs 2/3 words (mov.lx2)
data,29324,29330,literal_pool,,pcrel refs 2/3 words (mov.lx2)
data,29344,29348,literal_pool,,pcrel refs 1/2 words (mov.lx1)
data,29494,29498,padding,,all-zero word filler
data,29598,29602,padding,,all-0xFFFF filler (stray pcrel ref x1)
data,29758,29762,padding,,all-zero word filler
data,29870,29874,padding,,all-0xFFFF filler (stray pcrel ref x1)
data,29934,29938,literal_pool,,pcrel refs 2/2 words (mov.wx1+mov.lx1)
data,30178,30182,literal_pool,,pcrel refs 2/2 words (mov.wx1+mov.lx1)
data,30684,30690,literal_pool,,pcrel refs 2/3 words (mov.lx2)
data,31526,31530,padding,,all-0xFFFF filler (stray pcrel ref x1)
data,31534,31538,literal_pool,,pcrel refs 1/2 words (mov.lx1)
data,31606,31612,literal_pool,,pcrel refs 1/3 words (movax1)
data,32154,32158,literal_pool,,pcrel refs 2/2 words (mov.wx1+mov.lx1)
data,32410,32414,padding,,all-0xFFFF filler (stray pcrel ref x1)
data,32676,32682,literal_pool,,pcrel refs 2/3 words (mov.lx2)
data,32946,32950,padding,,all-0xFFFF filler (stray pcrel ref x1)
data,32990,32994,literal_pool,,pcrel refs 1/2 words (mov.lx1)
data,32998,33006,literal_pool,,pcrel refs 2/4 words (movax1+mov.lx1)
data,33022,33026,literal_pool,,pcrel refs 1/2 words (mov.lx1)
data,33206,33210,literal_pool,,pcrel refs 1/2 words (mov.lx1)
data,33582,33586,literal_pool,,pcrel refs 2/2 words (mov.wx1+mov.lx1)
data,33600,33606,literal_pool,,pcrel refs 2/3 words (mov.lx2)
data,33914,33918,literal_pool,,pcrel refs 1/2 words (mov.lx1)
data,33926,33930,literal_pool,,pcrel refs 1/2 words (mov.lx1)
data,33934,33940,literal_pool,,pcrel refs 1/3 words (mov.lx1)
data,33950,33954,padding,,all-zero word filler
data,34250,34254,literal_pool,,pcrel refs 1/2 words (mov.lx1)
data,34578,34582,literal_pool,,pcrel refs 1/2 words (mov.lx1)
data,34592,34598,literal_pool,,pcrel refs 2/3 words (mov.lx2)
data,35214,35218,literal_pool,,pcrel refs 1/2 words (mov.lx1)
data,35238,35242,padding,,all-zero word filler
data,35244,35250,literal_pool,,pcrel refs 2/3 words (mov.lx2)
data,35474,35478,literal_pool,,pcrel refs 1/2 words (mov.lx1)
data,35686,35690,padding,,all-0xFFFF filler (stray pcrel ref x1)
data,36026,36030,literal_pool,,pcrel refs 1/2 words (mov.lx1)
data,36500,36506,literal_pool,,pcrel refs 2/3 words (mov.wx1+mov.lx1)
data,36530,36538,literal_pool,,pcrel refs 2/4 words (movax1+mov.lx1)
data,36786,36790,literal_pool,,pcrel refs 1/2 words (mov.lx1)
data,37118,37122,literal_pool,,pcrel refs 1/2 words (mov.lx1)
data,37128,37134,literal_pool,,pcrel refs 2/3 words (mov.lx2)
data,37136,37150,literal_pool,,pcrel refs 4/7 words (mov.lx4)
data,37152,37158,literal_pool,,pcrel refs 2/3 words (mov.lx2)
data,37184,37190,literal_pool,,pcrel refs 2/3 words (movax1+mov.lx1)
data,37440,37446,literal_pool,,pcrel refs 2/3 words (mov.wx1+mov.lx1)
data,37454,37462,literal_pool,,pcrel refs 3/4 words (movax2+mov.wx1)
data,37466,37474,literal_pool,,pcrel refs 2/4 words (movax1+mov.lx1)
data,37650,37654,literal_pool,,pcrel refs 1/2 words (mov.lx1)
data,37656,37662,literal_pool,,pcrel refs 2/3 words (movax1+mov.lx1)
data,37956,37962,literal_pool,,pcrel refs 2/3 words (mov.wx1+mov.lx1)
data,37970,37974,literal_pool,,pcrel refs 1/2 words (mov.lx1)
data,37998,38006,literal_pool,,pcrel refs 2/4 words (mov.lx2)
data,38176,38182,literal_pool,,pcrel refs 2/3 words (mov.lx2)
data,38474,38478,literal_pool,,pcrel refs 1/2 words (mov.lx1)
data,38782,38786,literal_pool,,pcrel refs 2/2 words (mov.wx1+mov.lx1)
data,38788,38794,literal_pool,,pcrel refs 2/3 words (mov.lx2)
data,38996,39002,literal_pool,,pcrel refs 2/3 words (mov.wx1+mov.lx1)
data,39310,39314,literal_pool,,pcrel refs 1/2 words (mov.lx1)
data,40442,40446,literal_pool,,pcrel refs 1/2 words (mov.lx1)
data,40990,40994,literal_pool,,pcrel refs 2/2 words (mov.wx1+mov.lx1)
data,41212,41218,literal_pool,,pcrel refs 2/3 words (mov.lx2)
data,41220,41226,literal_pool,,pcrel refs 2/3 words (mov.lx2)
data,41910,41914,literal_pool,,pcrel refs 1/2 words (mov.lx1)
data,42338,42346,literal_pool,,pcrel refs 4/4 words (mov.wx3+mov.lx1)
data,42842,42846,literal_pool,,pcrel refs 2/2 words (mov.wx2)
data,42850,42854,literal_pool,,pcrel refs 1/2 words (mov.lx1)
data,43192,43198,literal_pool,,pcrel refs 2/3 words (mov.lx2)
data,43476,43482,literal_pool,,pcrel refs 2/3 words (mov.lx2)
data,43618,43622,literal_pool,,pcrel refs 1/2 words (mov.lx1)
data,43680,43686,literal_pool,,pcrel refs 2/3 words (mov.wx1+mov.lx1)
data,43936,43946,literal_pool,,pcrel refs 3/5 words (mov.lx2+mov.wx1)
data,43964,43970,literal_pool,,pcrel refs 2/3 words (mov.lx2)
data,43978,43982,literal_pool,,pcrel refs 1/2 words (mov.lx1)
data,44270,44274,literal_pool,,pcrel refs 1/2 words (mov.lx1)
data,44642,44646,padding,,all-0xFFFF filler (stray pcrel ref x1)
data,44670,44674,literal_pool,,pcrel refs 1/2 words (mov.lx1)
data,44732,44742,literal_pool,,pcrel refs 3/5 words (mov.lx3)
data,44802,44806,literal_pool,,pcrel refs 1/2 words (mov.lx1)
data,45514,45518,literal_pool,,pcrel refs 2/2 words (mov.wx1+mov.lx1)
data,45542,45546,literal_pool,,pcrel refs 1/2 words (mov.lx1)
data,46410,46414,padding,,all-0xFFFF filler (stray pcrel ref x1)
data,46434,46438,padding,,all-zero word filler
data,46742,46746,literal_pool,,pcrel refs 1/2 words (mov.lx1)
data,47092,47096,literal_pool,,pcrel refs 2/2 words (mov.wx2)
data,47118,47122,literal_pool,,pcrel refs 2/2 words (mov.wx1+mov.lx1)
data,47124,47130,literal_pool,,pcrel refs 2/3 words (mov.lx2)
data,47136,47142,literal_pool,,pcrel refs 2/3 words (mov.lx2)
data,47510,47514,literal_pool,,pcrel refs 1/2 words (mov.lx1)
data,47740,47746,literal_pool,,pcrel refs 2/3 words (mov.wx1+mov.lx1)
data,47748,47754,literal_pool,,pcrel refs 2/3 words (mov.lx2)
data,48030,48034,padding,,all-0xFFFF filler (stray pcrel ref x1)
data,48372,48376,literal_pool,,pcrel refs 2/2 words (mov.wx2)
data,48416,48422,literal_pool,,pcrel refs 2/3 words (mov.lx2)
data,48738,48742,literal_pool,,pcrel refs 2/2 words (mov.wx2)
data,48748,48754,literal_pool,,pcrel refs 2/3 words (mov.wx1+mov.lx1)
data,48756,48762,literal_pool,,pcrel refs 2/3 words (mov.lx2)
data,48976,48982,literal_pool,,pcrel refs 3/3 words (mov.wx2+mov.lx1)
data,48996,49002,literal_pool,,pcrel refs 2/3 words (mov.lx2)
data,49300,49304,literal_pool,,pcrel refs 2/2 words (mov.wx2)
data,49306,49310,literal_pool,,pcrel refs 1/2 words (mov.lx1)
data,49316,49320,literal_pool,,pcrel refs 1/2 words (mov.lx1)
data,49634,49638,literal_pool,,pcrel refs 1/2 words (mov.lx1)
data,49640,49646,literal_pool,,pcrel refs 2/3 words (mov.lx2)
data,49652,49660,literal_pool,,pcrel refs 2/4 words (mov.lx2)
data,49848,49854,literal_pool,,pcrel refs 2/3 words (mov.lx2)
data,50050,50054,literal_pool,,pcrel refs 1/2 words (mov.lx1)
data,50096,50102,literal_pool,,pcrel refs 2/3 words (movax1+mov.lx1)
data,50112,50118,literal_pool,,pcrel refs 2/3 words (mov.lx2)
data,50354,50358,literal_pool,,pcrel refs 1/2 words (mov.lx1)
data,51382,51386,literal_pool,,pcrel refs 1/2 words (mov.lx1)
data,51418,51422,padding,,all-zero word filler
data,51438,51442,literal_pool,,pcrel refs 1/2 words (mov.lx1)
data,51844,51850,literal_pool,,pcrel refs 2/3 words (movax1+mov.lx1)
data,51858,51862,literal_pool,,pcrel refs 1/2 words (mov.lx1)
data,51868,51874,literal_pool,,pcrel refs 2/3 words (mov.lx2)
data,52138,52142,literal_pool,,pcrel refs 1/2 words (mov.lx1)
data,52200,52204,literal_pool,,pcrel refs 1/2 words (movax1)
data,52206,52212,literal_pool,,pcrel refs 1/3 words (movax1)
data,52322,52326,literal_pool,,pcrel refs 1/2 words (mov.lx1)
data,52642,52646,literal_pool,,pcrel refs 1/2 words (mov.lx1)
data,52660,52670,literal_pool,,pcrel refs 3/5 words (mov.lx3)
data,52970,52974,literal_pool,,pcrel refs 1/2 words (mov.lx1)
data,53308,53314,literal_pool,,pcrel refs 2/3 words (mov.wx1+mov.lx1)
data,53650,53654,padding,,all-zero word filler
data,53690,53694,literal_pool,,pcrel refs 2/2 words (mov.wx1+mov.lx1)
data,53922,53926,literal_pool,,pcrel refs 1/2 words (mov.lx1)
data,54222,54226,literal_pool,,pcrel refs 1/2 words (mov.lx1)
data,54342,54346,padding,,all-0xFFFF filler (stray pcrel ref x1)
data,54362,54366,padding,,all-zero word filler
data,54414,54418,padding,,all-0xFFFF filler (stray pcrel ref x1)
data,54612,54616,literal_pool,,pcrel refs 1/2 words (mov.wx1)
data,54622,54626,literal_pool,,pcrel refs 1/2 words (mov.lx1)
data,54628,54634,literal_pool,,pcrel refs 2/3 words (mov.lx2)
data,54640,54646,literal_pool,,pcrel refs 2/3 words (mov.lx2)
data,55474,55478,literal_pool,,pcrel refs 1/2 words (mov.lx1)
data,55488,55494,literal_pool,,pcrel refs 2/3 words (mov.lx2)
data,55500,55506,literal_pool,,pcrel refs 2/3 words (mov.lx2)
data,55734,55738,literal_pool,,pcrel refs 2/2 words (mov.wx1+mov.lx1)
data,55784,55790,unknown_data,,
data,55794,55798,unknown_data,,
data,55812,55842,unknown_data,,
data,55894,55898,padding,,all-0xFFFF filler
data,55900,55904,padding,,all-0xFFFF filler
data,55906,55910,padding,,all-0xFFFF filler
data,55912,55918,padding,,all-0xFFFF filler
data,55924,55930,unknown_data,,
data,55938,55942,unknown_data,,
data,55948,55954,unknown_data,,
data,55962,55966,unknown_data,,
data,55974,55978,unknown_data,,
data,55984,55990,unknown_data,,
data,56008,56014,literal_pool,,pcrel refs 1/3 words (mov.lx1)
data,56032,56038,unknown_data,,
data,56056,56062,unknown_data,,
data,56080,56086,unknown_data,,
data,56094,56098,unknown_data,,
data,56210,56214,unknown_data,,
data,56224,56230,literal_pool,,pcrel refs 1/3 words (mov.wx1)
data,56234,56244,unknown_data,,
data,56260,56268,padding,,0x00xx-pattern run (high byte 0x00)
data,56272,56278,unknown_data,,
data,56280,56290,padding,,0x00xx-pattern run (high byte 0x00)
data,56292,56298,padding,,0x00xx-pattern run (high byte 0x00)
data,56302,56306,unknown_data,,
data,56310,56314,literal_pool,,pcrel refs 1/2 words (mov.lx1)
data,56318,56322,padding,,all-zero word filler
data,56324,56330,unknown_data,,
data,56334,56338,padding,,all-zero word filler
data,56342,56346,padding,,all-zero word filler
data,56348,56354,padding,,all-zero word filler
data,56358,56362,literal_pool,,pcrel refs 1/2 words (mov.lx1)
data,56366,56370,unknown_data,,
data,56372,56378,unknown_data,,
data,56380,56386,literal_pool,,pcrel refs 1/3 words (mov.lx1)
data,56396,56412,unknown_data,,
data,56422,56426,padding,,all-zero word filler
data,56428,56434,unknown_data,,
data,56436,56442,unknown_data,,
data,56444,56450,unknown_data,,
data,57438,57442,literal_pool,,pcrel refs 2/2 words (mov.wx1+mov.lx1)
data,58630,58634,literal_pool,,pcrel refs 1/2 words (mov.lx1)
data,59242,59248,literal_pool,,pcrel refs 1/3 words (movax1)
data,59252,59262,literal_pool,,pcrel refs 3/5 words (movax2+mov.lx1)
data,59702,59710,literal_pool,,pcrel refs 2/4 words (mov.lx2)
data,59714,59718,padding,,all-zero word filler
data,60610,60614,literal_pool,,pcrel refs 1/2 words (mov.lx1)
data,60878,60882,padding,,all-0xFFFF filler (stray pcrel ref x1)
data,61154,61158,padding,,all-0xFFFF filler (stray pcrel ref x1)
data,61474,61478,padding,,all-0xFFFF filler (stray pcrel ref x1)
data,61670,61674,padding,,all-0xFFFF filler (stray pcrel ref x1)
data,62738,62742,padding,,all-0xFFFF filler (stray pcrel ref x1)
data,62748,62752,literal_pool,,pcrel refs 1/2 words (mov.lx1)
data,62754,62758,padding,,all-zero word filler
data,62760,62766,literal_pool,,pcrel refs 2/3 words (mov.lx2)
data,62950,62954,padding,,all-0xFFFF filler (stray pcrel ref x1)
data,62960,62966,literal_pool,,pcrel refs 2/3 words (mov.lx2)
data,63310,63314,padding,,all-0xFFFF filler (stray pcrel ref x1)
data,63328,63332,literal_pool,,pcrel refs 1/2 words (mov.lx1)
data,63340,63344,literal_pool,,pcrel refs 1/2 words (mov.lx1)
data,63610,63614,literal_pool,,pcrel refs 2/2 words (mov.wx1+mov.lx1)
data,63618,63622,literal_pool,,pcrel refs 1/2 words (mov.lx1)
data,63628,63634,literal_pool,,pcrel refs 2/3 words (mov.lx2)
data,63640,63646,literal_pool,,pcrel refs 2/3 words (mov.lx2)
data,63650,63654,padding,,all-zero word filler
data,63896,63906,literal_pool,,pcrel refs 3/5 words (mov.lx2+mov.wx1)
data,64204,64210,literal_pool,,pcrel refs 2/3 words (mov.wx1+mov.lx1)
data,64216,64222,literal_pool,,pcrel refs 2/3 words (mov.lx2)
data,64230,64234,literal_pool,,pcrel refs 1/2 words (mov.lx1)
data,64240,64244,literal_pool,,pcrel refs 1/2 words (mov.lx1)
data,64488,64494,literal_pool,,pcrel refs 2/3 words (mov.lx2)
data,64500,64504,literal_pool,,pcrel refs 1/2 words (mov.lx1)
data,64800,64806,literal_pool,,pcrel refs 2/3 words (mov.wx1+mov.lx1)
data,64842,64848,literal_pool,,pcrel refs 1/3 words (mov.lx1)
data,64850,64858,literal_pool,,pcrel refs 2/4 words (mov.lx2)
data,64864,64868,literal_pool,,pcrel refs 1/2 words (mov.lx1)
data,65102,65106,literal_pool,,pcrel refs 2/2 words (mov.wx1+mov.lx1)
data,65108,65114,literal_pool,,pcrel refs 2/3 words (mov.lx2)
data,65404,65408,literal_pool,,pcrel refs 1/2 words (mov.lx1)
data,65852,65858,literal_pool,,pcrel refs 2/3 words (mov.lx2)
data,65930,65938,literal_pool,,pcrel refs 2/4 words (mov.lx2)
data,66214,66218,literal_pool,,pcrel refs 2/2 words (mov.wx1+mov.lx1)
data,66482,66486,literal_pool,,pcrel refs 1/2 words (mov.lx1)
data,66768,66772,literal_pool,,pcrel refs 1/2 words (mov.lx1)
data,67382,67386,padding,,all-0xFFFF filler (stray pcrel ref x1)
data,67418,67422,literal_pool,,pcrel refs 1/2 words (mov.lx1)
data,67424,67428,literal_pool,,pcrel refs 1/2 words (mov.lx1)
data,68010,68014,literal_pool,,pcrel refs 1/2 words (mov.lx1)
data,68034,68038,literal_pool,,pcrel refs 1/2 words (mov.lx1)
data,68040,68050,literal_pool,,pcrel refs 3/5 words (mov.lx3)
data,68624,68630,literal_pool,,pcrel refs 2/3 words (mov.lx2)
data,68642,68648,literal_pool,,pcrel refs 1/3 words (mov.lx1)
data,68654,68662,literal_pool,,pcrel refs 2/4 words (mov.lx2)
data,69040,69046,literal_pool,,pcrel refs 2/3 words (mov.lx2)
data,69438,69442,padding,,all-0xFFFF filler (stray pcrel ref x1)
data,69918,69922,literal_pool,,pcrel refs 1/2 words (mov.lx1)
data,69926,69934,literal_pool,,pcrel refs 2/4 words (mov.lx2)
data,70214,70218,padding,,all-0xFFFF filler (stray pcrel ref x1)
data,70234,70238,literal_pool,,pcrel refs 1/2 words (mov.lx1)
data,70354,70358,padding,,all-0xFFFF filler (stray pcrel ref x1)
data,70366,70370,literal_pool,,pcrel refs 1/2 words (mov.lx1)
data,71124,71128,literal_pool,,pcrel refs 1/2 words (mov.lx1)
data,71316,71320,literal_pool,,pcrel refs 1/2 words (mov.lx1)
data,71886,71890,literal_pool,,pcrel refs 1/2 words (mov.lx1)
data,71924,71930,literal_pool,,pcrel refs 2/3 words (mov.lx2)
data,72068,72072,literal_pool,,pcrel refs 1/2 words (mov.lx1)
data,72144,72148,literal_pool,,pcrel refs 1/2 words (mov.lx1)
data,72798,72802,literal_pool,,pcrel refs 1/2 words (mov.lx1)
data,72936,72940,literal_pool,,pcrel refs 1/2 words (mov.lx1)
data,73076,73080,literal_pool,,pcrel refs 1/2 words (mov.lx1)
data,73154,73158,literal_pool,,pcrel refs 2/2 words (mov.wx1+mov.lx1)
data,73622,73626,literal_pool,,pcrel refs 1/2 words (mov.lx1)
data,73656,73660,literal_pool,,pcrel refs 1/2 words (mov.lx1)
data,73740,73744,literal_pool,,pcrel refs 1/2 words (mov.lx1)
data,73746,73750,literal_pool,,pcrel refs 1/2 words (mov.lx1)
data,73780,73784,literal_pool,,pcrel refs 1/2 words (mov.lx1)
data,73816,73820,literal_pool,,pcrel refs 1/2 words (mov.lx1)
data,74110,74114,literal_pool,,pcrel refs 1/2 words (mov.lx1)
data,74174,74178,literal_pool,,pcrel refs 1/2 words (mov.lx1)
data,74216,74224,literal_pool,,pcrel refs 2/4 words (mov.lx2)
data,75272,75276,literal_pool,,pcrel refs 1/2 words (movax1)
data,75564,75568,literal_pool,,pcrel refs 1/2 words (movax1)
data,76908,76914,literal_pool,,pcrel refs 2/3 words (mov.lx2)
data,77134,77138,padding,,all-0xFFFF filler (stray pcrel ref x1)
data,77164,77170,literal_pool,,pcrel refs 2/3 words (mov.lx2)
data,77410,77414,padding,,all-0xFFFF filler (stray pcrel ref x1)
data,77970,77974,padding,,all-0xFFFF filler (stray pcrel ref x1)
data,78490,78494,padding,,all-0xFFFF filler (stray pcrel ref x1)
data,79086,79090,padding,,all-0xFFFF filler (stray pcrel ref x1)
data,79566,79570,padding,,all-0xFFFF filler (stray pcrel ref x1)
data,80862,80866,padding,,all-0xFFFF filler (stray pcrel ref x1)
data,82268,82272,literal_pool,,pcrel refs 1/2 words (mov.lx1)
data,82594,82598,padding,,all-0xFFFF filler (stray pcrel ref x1)
data,82608,82614,literal_pool,,pcrel refs 2/3 words (mov.lx2)
data,83260,83264,literal_pool,,pcrel refs 1/2 words (mov.lx1)
data,83320,83330,literal_pool,,pcrel refs 4/5 words (mov.lx3+mov.wx1)
data,83900,83910,jump_table,,32-bit absolute x2 (pairing+0
data,84080,84090,jump_table,,32-bit absolute x2 (pairing+0
data,84108,84118,jump_table,,32-bit absolute x2 (pairing+0
data,84420,84426,literal_pool,,pcrel refs 2/3 words (mov.lx2)
data,84440,84448,jump_table,,32-bit absolute x2 (pairing+0
data,84502,84514,jump_table,,32-bit absolute x2 (pairing+1
data,84526,84530,literal_pool,,pcrel refs 1/2 words (mov.lx1)
data,84536,84540,literal_pool,,pcrel refs 1/2 words (mov.lx1)
data,84850,84854,padding,,all-0xFFFF filler (stray pcrel ref x1)
data,85006,85010,literal_pool,,pcrel refs 1/2 words (mov.lx1)
data,85028,85032,literal_pool,,pcrel refs 1/2 words (movax1)
data,85254,85258,literal_pool,,pcrel refs 1/2 words (mov.lx1)
data,85406,85410,literal_pool,,pcrel refs 1/2 words (mov.lx1)
data,85428,85432,literal_pool,,pcrel refs 1/2 words (mov.lx1)
data,85744,85750,literal_pool,,pcrel refs 2/3 words (mov.lx2)
data,85970,85974,padding,,all-0xFFFF filler (stray pcrel ref x1)
data,87606,87618,literal_pool,,pcrel refs 3/6 words (mov.lx2+movax1)
data,88700,88706,literal_pool,,pcrel refs 2/3 words (mov.lx2)
data,89032,89038,literal_pool,,pcrel refs 2/3 words (movax1+mov.lx1)
data,89348,89352,literal_pool,,pcrel refs 1/2 words (movax1)
data,90266,90272,literal_pool,,pcrel refs 1/3 words (movax1)
data,90618,90622,padding,,all-0xFFFF filler (stray pcrel ref x1)
data,90648,90652,literal_pool,,pcrel refs 1/2 words (movax1)
data,91142,91146,literal_pool,,pcrel refs 1/2 words (mov.lx1)
data,91474,91478,padding,,all-0xFFFF filler (stray pcrel ref x1)
data,91904,91908,literal_pool,,pcrel refs 1/2 words (movax1)
data,93026,93030,literal_pool,,pcrel refs 1/2 words (mov.lx1)
data,93044,93050,literal_pool,,pcrel refs 2/3 words (mov.lx2)
data,93060,93066,literal_pool,,pcrel refs 2/3 words (mov.lx2)
data,93068,93078,jump_table,,32-bit absolute x2 (pairing+0
data,93080,93086,literal_pool,,pcrel refs 2/3 words (mov.lx2)
data,93338,93342,literal_pool,,pcrel refs 1/2 words (mov.lx1)
data,93692,93698,literal_pool,,pcrel refs 2/3 words (mov.lx2)
data,93958,93962,literal_pool,,pcrel refs 1/2 words (mov.lx1)
data,94194,94198,padding,,all-0xFFFF filler (stray pcrel ref x1)
data,94214,94218,literal_pool,,pcrel refs 1/2 words (mov.lx1)
data,94550,94554,literal_pool,,pcrel refs 1/2 words (mov.lx1)
data,94598,94602,literal_pool,,pcrel refs 1/2 words (mov.lx1)
data,94806,94810,padding,,all-0xFFFF filler (stray pcrel ref x1)
data,94826,94830,literal_pool,,pcrel refs 1/2 words (mov.lx1)
data,94846,94850,padding,,all-zero word filler
data,95070,95074,literal_pool,,pcrel refs 1/2 words (mov.lx1)
data,95082,95086,literal_pool,,pcrel refs 1/2 words (mov.lx1)
data,95394,95398,padding,,all-zero word filler
data,95778,95782,literal_pool,,pcrel refs 1/2 words (mov.lx1)
data,95786,95790,literal_pool,,pcrel refs 1/2 words (mov.lx1)
data,95798,95802,literal_pool,,pcrel refs 1/2 words (mov.lx1)
data,96034,96038,padding,,all-0xFFFF filler (stray pcrel ref x1)
data,96046,96050,literal_pool,,pcrel refs 1/2 words (mov.lx1)
data,96066,96070,literal_pool,,pcrel refs 1/2 words (mov.lx1)
data,96090,96094,literal_pool,,pcrel refs 1/2 words (mov.lx1)
data,96346,96350,padding,,all-0xFFFF filler (stray pcrel ref x1)
data,96366,96370,literal_pool,,pcrel refs 1/2 words (mov.lx1)
data,96398,96402,literal_pool,,pcrel refs 1/2 words (mov.lx1)
data,96406,96410,literal_pool,,pcrel refs 1/2 words (mov.lx1)
data,96678,96682,literal_pool,,pcrel refs 1/2 words (mov.lx1)
data,96706,96710,literal_pool,,pcrel refs 1/2 words (mov.lx1)
data,96722,96726,literal_pool,,pcrel refs 1/2 words (mov.lx1)
data,96730,96734,literal_pool,,pcrel refs 1/2 words (mov.lx1)
data,96850,96854,literal_pool,,pcrel refs 1/2 words (mov.lx1)
data,96866,96872,literal_pool,,pcrel refs 1/3 words (mov.lx1)
data,97570,97574,padding,,all-zero word filler
data,97596,97600,literal_pool,,pcrel refs 1/2 words (movax1)
data,97620,97624,literal_pool,,pcrel refs 1/2 words (movax1)
data,97638,97642,literal_pool,,pcrel refs 1/2 words (mov.lx1)
data,98290,98294,literal_pool,,pcrel refs 1/2 words (mov.lx1)
data,98296,98306,jump_table,,32-bit absolute x2 (pairing+0
data,98340,98346,literal_pool,,pcrel refs 2/3 words (mov.lx2)
data,98348,98358,jump_table,,32-bit absolute x2 (pairing+0
data,98368,98378,jump_table,,32-bit absolute x2 (pairing+0
data,98380,98388,jump_table,,32-bit absolute x2 (pairing+0
data,98542,98546,padding,,all-0xFFFF filler (stray pcrel ref x1)
data,98826,98830,literal_pool,,pcrel refs 1/2 words (mov.lx1)
data,99518,99522,literal_pool,,pcrel refs 1/2 words (mov.lx1)
data,99798,99802,literal_pool,,pcrel refs 1/2 words (mov.lx1)
data,99836,99842,literal_pool,,pcrel refs 2/3 words (mov.lx2)
data,100130,100134,padding,,all-0xFFFF filler (stray pcrel ref x1)
data,100426,100430,padding,,all-0xFFFF filler (stray pcrel ref x1)
data,100440,100446,literal_pool,,pcrel refs 2/3 words (mov.lx2)
data,100658,100662,padding,,all-0xFFFF filler (stray pcrel ref x1)
data,100686,100690,literal_pool,,pcrel refs 1/2 words (mov.lx1)
data,101370,101374,padding,,all-0xFFFF filler (stray pcrel ref x1)
data,101846,101850,literal_pool,,pcrel refs 1/2 words (mov.lx1)
data,101862,101866,literal_pool,,pcrel refs 1/2 words (mov.lx1)
data,102202,102206,literal_pool,,pcrel refs 1/2 words (mov.lx1)
data,102382,102386,padding,,all-0xFFFF filler (stray pcrel ref x1)
data,102712,102716,literal_pool,,pcrel refs 1/2 words (mov.lx1)
data,102898,102902,padding,,all-0xFFFF filler (stray pcrel ref x1)
data,102906,102910,literal_pool,,pcrel refs 1/2 words (mov.lx1)
data,102916,102920,literal_pool,,pcrel refs 1/2 words (mov.lx1)
data,103294,103300,literal_pool,,pcrel refs 1/3 words (mov.lx1)
data,103306,103310,padding,,all-zero word filler
data,103686,103690,padding,,all-0xFFFF filler (stray pcrel ref x1)
data,103938,103942,padding,,all-0xFFFF filler (stray pcrel ref x1)
data,104790,104794,literal_pool,,pcrel refs 2/2 words (mov.wx2)
data,104828,104834,literal_pool,,pcrel refs 2/3 words (mov.lx2)
data,105254,105258,padding,,all-0xFFFF filler (stray pcrel ref x1)
data,105562,105566,padding,,all-0xFFFF filler (stray pcrel ref x1)
data,106086,106090,padding,,all-0xFFFF filler (stray pcrel ref x1)
data,106240,106246,literal_pool,,pcrel refs 2/3 words (mov.lx2)
data,106498,106502,padding,,all-zero word filler
data,106806,106810,padding,,all-0xFFFF filler (stray pcrel ref x1)
data,107942,107948,literal_pool,,pcrel refs 1/3 words (movax1)
data,109162,109166,literal_pool,,pcrel refs 1/2 words (mov.lx1)
data,109354,109358,literal_pool,,pcrel refs 1/2 words (mov.lx1)
data,109862,109866,literal_pool,,pcrel refs 1/2 words (mov.lx1)
data,110754,110758,literal_pool,,pcrel refs 1/2 words (mov.lx1)
data,111166,111170,padding,,all-0xFFFF filler (stray pcrel ref x1)
data,111182,111186,padding,,all-zero word filler
data,111566,111570,literal_pool,,pcrel refs 1/2 words (mov.lx1)
data,111580,111584,literal_pool,,pcrel refs 1/2 words (movax1)
data,111740,111744,literal_pool,,pcrel refs 1/2 words (movax1)
data,111748,111754,literal_pool,,pcrel refs 2/3 words (movax1+mov.lx1)
data,112394,112398,padding,,all-0xFFFF filler (stray pcrel ref x1)
data,112694,112698,padding,,all-0xFFFF filler (stray pcrel ref x1)
data,112906,112910,padding,,all-0xFFFF filler (stray pcrel ref x1)
data,113170,113174,padding,,all-0xFFFF filler (stray pcrel ref x1)
data,113422,113426,padding,,all-0xFFFF filler (stray pcrel ref x1)
data,113474,113478,literal_pool,,pcrel refs 1/2 words (mov.lx1)
data,113638,113642,literal_pool,,pcrel refs 1/2 words (mov.lx1)
data,113930,113934,padding,,all-0xFFFF filler (stray pcrel ref x1)
data,113938,113942,padding,,all-zero word filler
data,114330,114334,padding,,all-zero word filler
data,115344,115348,literal_pool,,pcrel refs 1/2 words (mov.wx1)
data,116022,116026,padding,,all-0xFFFF filler (stray pcrel ref x1)
data,116642,116646,padding,,all-0xFFFF filler (stray pcrel ref x1)
data,117292,117296,literal_pool,,pcrel refs 1/2 words (mov.wx1)
data,117320,117326,literal_pool,,pcrel refs 2/3 words (movax1+mov.lx1)
data,117606,117610,literal_pool,,pcrel refs 2/2 words (mov.wx1+mov.lx1)
data,117618,117622,literal_pool,,pcrel refs 1/2 words (mov.lx1)
data,118406,118410,padding,,all-0xFFFF filler (stray pcrel ref x1)
data,118426,118430,padding,,all-zero word filler
data,118442,118446,literal_pool,,pcrel refs 1/2 words (mov.lx1)
data,118738,118742,literal_pool,,pcrel refs 1/2 words (mov.lx1)
data,119134,119138,literal_pool,,pcrel refs 1/2 words (mov.lx1)
data,119446,119450,literal_pool,,pcrel refs 1/2 words (mov.lx1)
data,119638,119642,padding,,all-0xFFFF filler (stray pcrel ref x1)
data,120254,120258,literal_pool,,pcrel refs 1/2 words (mov.lx1)
data,120278,120282,literal_pool,,pcrel refs 1/2 words (mov.lx1)
data,120342,120346,literal_pool,,pcrel refs 1/2 words (mov.lx1)
data,120360,120366,literal_pool,,pcrel refs 2/3 words (movax1+mov.lx1)
data,120370,120374,literal_pool,,pcrel refs 1/2 words (mov.lx1)
data,120414,120418,literal_pool,,pcrel refs 1/2 words (mov.lx1)
data,120430,120434,literal_pool,,pcrel refs 1/2 words (mov.lx1)
data,121294,121298,literal_pool,,pcrel refs 1/2 words (mov.lx1)
data,121306,121310,literal_pool,,pcrel refs 1/2 words (mov.lx1)
data,121630,121634,padding,,all-0xFFFF filler (stray pcrel ref x1)
data,121702,121706,literal_pool,,pcrel refs 1/2 words (mov.lx1)
data,121934,121938,literal_pool,,pcrel refs 1/2 words (mov.lx1)
data,121990,121994,literal_pool,,pcrel refs 1/2 words (mov.lx1)
data,122518,122522,padding,,all-0xFFFF filler (stray pcrel ref x1)
data,122530,122534,literal_pool,,pcrel refs 1/2 words (mov.lx1)
data,122878,122882,padding,,all-0xFFFF filler (stray pcrel ref x1)
data,122934,122938,padding,,all-zero word filler
data,123222,123226,literal_pool,,pcrel refs 1/2 words (mov.lx1)
data,123246,123250,padding,,all-zero word filler
data,123844,123850,literal_pool,,pcrel refs 2/3 words (mov.lx2)
data,123904,123910,literal_pool,,pcrel refs 2/3 words (movax1+mov.lx1)
data,124202,124206,literal_pool,,pcrel refs 1/2 words (mov.lx1)
data,124218,124222,literal_pool,,pcrel refs 1/2 words (mov.lx1)
data,124234,124238,literal_pool,,pcrel refs 1/2 words (mov.lx1)
data,124404,124408,literal_pool,,pcrel refs 1/2 words (mov.lx1)
data,124914,124918,padding,,all-zero word filler
data,125238,125242,literal_pool,,pcrel refs 1/2 words (mov.lx1)
data,126894,126898,literal_pool,,pcrel refs 1/2 words (mov.lx1)
data,127062,127066,literal_pool,,pcrel refs 1/2 words (mov.lx1)
data,128750,128754,padding,,all-0xFFFF filler (stray pcrel ref x1)
data,128772,128778,literal_pool,,pcrel refs 2/3 words (mov.lx2)
data,129054,129058,padding,,all-0xFFFF filler (stray pcrel ref x1)
data,129202,129206,padding,,all-0xFFFF filler (stray pcrel ref x1)
data,129506,129510,padding,,all-0xFFFF filler (stray pcrel ref x1)
data,129536,129542,literal_pool,,pcrel refs 2/3 words (mov.lx2)
data,129678,129682,padding,,all-0xFFFF filler (stray pcrel ref x1)
data,129700,129704,literal_pool,,pcrel refs 1/2 words (mov.lx1)
data,130302,130306,padding,,all-0xFFFF filler (stray pcrel ref x1)
data,130410,130414,padding,,all-0xFFFF filler (stray pcrel ref x1)
data,130702,130706,padding,,all-0xFFFF filler (stray pcrel ref x1)
data,131002,131006,padding,,all-0xFFFF filler (stray pcrel ref x1)
data,131062,131066,literal_pool,,pcrel refs 1/2 words (mov.lx1)
data,131734,131738,padding,,all-0xFFFF filler (stray pcrel ref x1)
data,132040,132046,literal_pool,,pcrel refs 2/3 words (mov.lx2)
data,134016,134022,literal_pool,,pcrel refs 2/3 words (mov.lx2)
data,134246,134250,padding,,all-0xFFFF filler (stray pcrel ref x1)
data,134726,134730,padding,,all-0xFFFF filler (stray pcrel ref x1)
data,134756,134762,literal_pool,,pcrel refs 2/3 words (mov.lx2)
data,135002,135006,padding,,all-0xFFFF filler (stray pcrel ref x1)
data,135260,135266,literal_pool,,pcrel refs 2/3 words (mov.lx2)
data,135614,135618,padding,,all-0xFFFF filler (stray pcrel ref x1)
data,135722,135726,padding,,all-0xFFFF filler (stray pcrel ref x1)
data,135994,135998,padding,,all-0xFFFF filler (stray pcrel ref x1)
data,136332,136338,literal_pool,,pcrel refs 2/3 words (movax1+mov.lx1)
data,136842,136846,padding,,all-0xFFFF filler (stray pcrel ref x1)
data,136962,136966,literal_pool,,pcrel refs 1/2 words (mov.lx1)
data,138014,138018,literal_pool,,pcrel refs 1/2 words (mov.lx1)
data,138038,138046,literal_pool,,pcrel refs 2/4 words (movax1+mov.lx1)
data,138158,138162,literal_pool,,pcrel refs 1/2 words (mov.lx1)
data,138766,138770,literal_pool,,pcrel refs 1/2 words (mov.lx1)
data,138982,138986,literal_pool,,pcrel refs 1/2 words (mov.lx1)
data,139048,139052,literal_pool,,pcrel refs 1/2 words (mov.lx1)
data,139056,139062,literal_pool,,pcrel refs 2/3 words (mov.lx2)
data,140062,140066,literal_pool,,pcrel refs 1/2 words (mov.lx1)
data,140334,140338,literal_pool,,pcrel refs 1/2 words (mov.lx1)
data,141004,141008,literal_pool,,pcrel refs 2/2 words (mov.wx2)
data,141014,141018,literal_pool,,pcrel refs 1/2 words (mov.lx1)
data,141032,141036,literal_pool,,pcrel refs 1/2 words (mov.lx1)
data,141044,141050,literal_pool,,pcrel refs 2/3 words (mov.lx2)
data,141358,141362,padding,,all-0xFFFF filler (stray pcrel ref x1)
data,141658,141662,padding,,all-0xFFFF filler (stray pcrel ref x1)
data,141690,141698,literal_pool,,pcrel refs 2/4 words (movax1+mov.lx1)
data,142206,142210,literal_pool,,pcrel refs 1/2 words (mov.lx1)
data,142606,142610,padding,,all-0xFFFF filler (stray pcrel ref x1)
data,142914,142918,literal_pool,,pcrel refs 1/2 words (mov.lx1)
data,143208,143214,literal_pool,,pcrel refs 2/3 words (movax1+mov.lx1)
data,143224,143230,literal_pool,,pcrel refs 2/3 words (movax1+mov.lx1)
data,144232,144236,literal_pool,,pcrel refs 1/2 words (movax1)
data,144826,144830,padding,,all-0xFFFF filler (stray pcrel ref x1)
data,145106,145110,padding,,all-zero word filler
data,145754,145758,padding,,all-0xFFFF filler (stray pcrel ref x1)
data,147802,147806,literal_pool,,pcrel refs 1/2 words (mov.lx1)
data,147820,147826,literal_pool,,pcrel refs 2/3 words (mov.lx2)
data,148734,148738,literal_pool,,pcrel refs 1/2 words (mov.lx1)
data,148742,148746,literal_pool,,pcrel refs 1/2 words (mov.lx1)
data,148854,148858,literal_pool,,pcrel refs 1/2 words (mov.lx1)
data,148986,148990,literal_pool,,pcrel refs 1/2 words (mov.lx1)
data,149346,149350,padding,,all-zero word filler
data,149382,149386,literal_pool,,pcrel refs 1/2 words (mov.lx1)
data,149962,149966,padding,,all-0xFFFF filler (stray pcrel ref x1)
data,150270,150274,padding,,all-0xFFFF filler (stray pcrel ref x1)
data,150566,150570,padding,,all-0xFFFF filler (stray pcrel ref x1)
data,150806,150810,padding,,all-0xFFFF filler (stray pcrel ref x1)
data,152458,152462,padding,,all-zero word filler
data,152794,152798,padding,,all-zero word filler
data,153998,154002,padding,,all-zero word filler
data,154298,154302,padding,,all-0xFFFF filler (stray pcrel ref x1)
data,154818,154822,literal_pool,,pcrel refs 1/2 words (mov.lx1)
data,155114,155118,padding,,all-0xFFFF filler (stray pcrel ref x1)
data,155128,155132,literal_pool,,pcrel refs 1/2 words (movax1)
data,155612,155618,literal_pool,,pcrel refs 2/3 words (mov.lx2)
data,155624,155630,literal_pool,,pcrel refs 2/3 words (movax1+mov.lx1)
data,155680,155686,literal_pool,,pcrel refs 2/3 words (movax1+mov.lx1)
data,155850,155854,literal_pool,,pcrel refs 2/2 words (mov.wx2)
data,155858,155862,padding,,all-0xFFFF filler (stray pcrel ref x1)
data,155868,155874,literal_pool,,pcrel refs 2/3 words (mov.lx2)
data,156122,156126,padding,,all-0xFFFF filler (stray pcrel ref x1)
data,156482,156486,literal_pool,,pcrel refs 2/2 words (mov.wx2)
data,156504,156510,literal_pool,,pcrel refs 2/3 words (mov.lx2)
data,156512,156518,literal_pool,,pcrel refs 2/3 words (movax1+mov.lx1)
data,156750,156754,literal_pool,,pcrel refs 1/2 words (mov.lx1)
data,156760,156764,literal_pool,,pcrel refs 1/2 words (mov.lx1)
data,157104,157108,literal_pool,,pcrel refs 2/2 words (mov.wx2)
data,157136,157142,literal_pool,,pcrel refs 2/3 words (mov.lx2)
data,157148,157154,literal_pool,,pcrel refs 2/3 words (movax1+mov.lx1)
data,157158,157162,literal_pool,,pcrel refs 1/2 words (mov.lx1)
data,157464,157468,literal_pool,,pcrel refs 1/2 words (mov.lx1)
data,157714,157718,literal_pool,,pcrel refs 1/2 words (mov.lx1)
data,158000,158006,literal_pool,,pcrel refs 2/3 words (mov.lx2)
data,158300,158304,literal_pool,,pcrel refs 1/2 words (mov.lx1)
data,158872,158880,literal_pool,,pcrel refs 2/4 words (movax1+mov.lx1)
data,159630,159634,padding,,all-zero word filler
data,159902,159906,padding,,all-zero word filler
data,160306,160312,literal_pool,,pcrel refs 1/3 words (movax1)
data,160580,160586,literal_pool,,pcrel refs 2/3 words (mov.lx2)
data,161168,161172,literal_pool,,pcrel refs 1/2 words (movax1)
data,161204,161208,literal_pool,,pcrel refs 1/2 words (movax1)
data,161546,161550,literal_pool,,pcrel refs 1/2 words (mov.lx1)
data,161662,161666,padding,,all-0xFFFF filler (stray pcrel ref x1)
data,161670,161674,padding,,all-zero word filler
data,162286,162290,literal_pool,,pcrel refs 1/2 words (mov.lx1)
data,162604,162610,literal_pool,,pcrel refs 2/3 words (mov.lx2)
data,163370,163374,padding,,all-0xFFFF filler (stray pcrel ref x1)
data,163380,163386,literal_pool,,pcrel refs 2/3 words (mov.lx2)
data,163684,163694,literal_pool,,pcrel refs 5/5 words (mov.wx5)
data,163946,163950,literal_pool,,pcrel refs 1/2 words (mov.lx1)
data,163992,163996,literal_pool,,pcrel refs 1/2 words (mov.lx1)
data,164282,164286,padding,,all-0xFFFF filler (stray pcrel ref x1)
data,164292,164298,literal_pool,,pcrel refs 2/3 words (mov.lx2)
data,164566,164570,padding,,all-0xFFFF filler (stray pcrel ref x1)
data,165316,165320,literal_pool,,pcrel refs 1/2 words (mov.lx1)
data,165636,165642,literal_pool,,pcrel refs 3/3 words (mov.wx2+mov.lx1)
data,165904,165910,literal_pool,,pcrel refs 2/3 words (mov.lx2)
data,166174,166178,literal_pool,,pcrel refs 2/2 words (mov.wx2)
data,166468,166472,literal_pool,,pcrel refs 2/2 words (mov.wx2)
data,166474,166478,padding,,all-0xFFFF filler (stray pcrel ref x1)
data,166698,166706,literal_pool,,pcrel refs 4/4 words (mov.wx4)
data,167026,167030,padding,,all-zero word filler
data,167324,167328,literal_pool,,pcrel refs 1/2 words (mov.lx1)
data,168092,168096,literal_pool,,pcrel refs 1/2 words (mov.wx1)
data,168112,168118,literal_pool,,pcrel refs 2/3 words (mov.lx2)
data,168456,168460,literal_pool,,pcrel refs 1/2 words (movax1)
data,168986,168992,literal_pool,,pcrel refs 1/3 words (movax1)
data,170444,170450,literal_pool,,pcrel refs 2/3 words (mov.lx2+mov.wx1)
data,170922,170930,literal_pool,,pcrel refs 2/4 words (movax1+mov.lx1)
data,171220,171224,literal_pool,,pcrel refs 1/2 words (mov.lx1)
data,171502,171506,padding,,all-0xFFFF filler (stray pcrel ref x1)
data,171530,171536,literal_pool,,pcrel refs 1/3 words (mov.lx1)
data,171538,171542,literal_pool,,pcrel refs 1/2 words (mov.lx1)
data,171550,171554,padding,,all-zero word filler
data,172264,172268,literal_pool,,pcrel refs 1/2 words (mov.lx1)
data,172270,172274,literal_pool,,pcrel refs 1/2 words (mov.lx1)
data,172558,172562,padding,,all-zero word filler
data,173142,173146,padding,,all-0xFFFF filler (stray pcrel ref x1)
data,173426,173432,literal_pool,,pcrel refs 1/3 words (movax1)
data,173434,173438,padding,,all-zero word filler
data,173780,173786,literal_pool,,pcrel refs 2/3 words (movax1+mov.lx1)
data,174090,174098,literal_pool,,pcrel refs 2/4 words (movax1+mov.lx1)
data,174112,174116,literal_pool,,pcrel refs 1/2 words (movax1)
data,174432,174438,literal_pool,,pcrel refs 2/3 words (movax1+mov.lx1)
data,175346,175350,literal_pool,,pcrel refs 2/2 words (mov.wx2)
data,175392,175400,literal_pool,,pcrel refs 2/4 words (movax2)
data,175410,175414,padding,,all-zero word filler
data,175420,175424,literal_pool,,pcrel refs 1/2 words (mov.lx1)
data,175680,175684,literal_pool,,pcrel refs 1/2 words (mov.wx1)
data,175690,175694,literal_pool,,pcrel refs 1/2 words (movax1)
data,175704,175708,literal_pool,,pcrel refs 1/2 words (mov.lx1)
data,175962,175966,literal_pool,,pcrel refs 1/2 words (movax1)
data,175990,175994,literal_pool,,pcrel refs 1/2 words (mov.lx1)
data,177174,177178,literal_pool,,pcrel refs 1/2 words (mov.lx1)
data,177180,177184,literal_pool,,pcrel refs 1/2 words (mov.lx1)
data,177428,177434,literal_pool,,pcrel refs 2/3 words (mov.lx2)
data,178462,178466,padding,,all-0xFFFF filler (stray pcrel ref x1)
data,178892,178896,literal_pool,,pcrel refs 1/2 words (mov.lx1)
data,179430,179434,padding,,all-0xFFFF filler (stray pcrel ref x1)
data,180026,180032,literal_pool,,pcrel refs 1/3 words (mov.lx1)
data,180034,180038,padding,,all-zero word filler
data,180344,180350,literal_pool,,pcrel refs 2/3 words (mov.lx2)
data,180688,180694,literal_pool,,pcrel refs 2/3 words (mov.lx2)
data,180892,180896,literal_pool,,pcrel refs 1/2 words (movax1)
data,180898,180902,padding,,all-zero word filler
data,181244,181250,literal_pool,,pcrel refs 2/3 words (movax1+mov.lx1)
data,181562,181566,padding,,all-0xFFFF filler (stray pcrel ref x1)
data,181610,181614,padding,,all-zero word filler
data,182114,182118,padding,,all-0xFFFF filler (stray pcrel ref x1)
data,182422,182426,literal_pool,,pcrel refs 1/2 words (mov.lx1)
data,183408,183412,literal_pool,,pcrel refs 1/2 words (mov.lx1)
data,183670,183674,padding,,all-0xFFFF filler (stray pcrel ref x1)
data,183678,183682,padding,,all-zero word filler
data,185286,185290,padding,,all-0xFFFF filler (stray pcrel ref x1)
data,185564,185568,literal_pool,,pcrel refs 1/2 words (mov.lx1)
data,186694,186698,padding,,all-zero word filler
data,187400,187406,literal_pool,,pcrel refs 2/3 words (movax1+mov.lx1)
data,187704,187708,literal_pool,,pcrel refs 1/2 words (movax1)
data,187818,187822,padding,,all-0xFFFF filler (stray pcrel ref x1)
data,187824,187830,literal_pool,,pcrel refs 2/3 words (movax1+mov.lx1)
data,188098,188102,literal_pool,,pcrel refs 2/2 words (mov.wx2)
data,188498,188502,padding,,all-0xFFFF filler (stray pcrel ref x1)
data,188778,188782,padding,,all-0xFFFF filler (stray pcrel ref x1)
data,189864,189868,literal_pool,,pcrel refs 1/2 words (movax1)
data,189870,189882,jump_table,,32-bit absolute x3 (pairing+0
data,190462,190466,padding,,all-0xFFFF filler (stray pcrel ref x1)
data,191000,191004,literal_pool,,pcrel refs 1/2 words (mov.wx1)
data,191290,191294,padding,,all-0xFFFF filler (stray pcrel ref x1)
data,191608,191612,literal_pool,,pcrel refs 1/2 words (movax1)
data,191614,191626,jump_table,,32-bit absolute x3 (pairing+0
data,192162,192166,padding,,all-0xFFFF filler (stray pcrel ref x1)
data,192628,192632,literal_pool,,pcrel refs 1/2 words (mov.lx1)
data,193546,193550,padding,,all-0xFFFF filler (stray pcrel ref x1)
data,194324,194330,literal_pool,,pcrel refs 2/3 words (mov.wx1+mov.lx1)
data,194332,194338,literal_pool,,pcrel refs 2/3 words (mov.lx2)
data,195054,195058,padding,,all-0xFFFF filler (stray pcrel ref x1)
data,196482,196486,padding,,all-0xFFFF filler (stray pcrel ref x1)
data,196508,196512,literal_pool,,pcrel refs 1/2 words (mov.lx1)
data,196822,196826,literal_pool,,pcrel refs 1/2 words (mov.lx1)
data,196828,196834,literal_pool,,pcrel refs 2/3 words (mov.lx2)
data,197414,197422,literal_pool,,pcrel refs 2/4 words (mov.lx2)
data,197858,197862,padding,,all-0xFFFF filler (stray pcrel ref x1)
data,198422,198426,padding,,all-0xFFFF filler (stray pcrel ref x1)
data,198594,198598,literal_pool,,pcrel refs 1/2 words (mov.lx1)
data,198600,198606,literal_pool,,pcrel refs 2/3 words (mov.lx2)
data,198738,198742,literal_pool,,pcrel refs 1/2 words (mov.lx1)
data,199258,199262,padding,,all-0xFFFF filler (stray pcrel ref x1)
data,199520,199526,literal_pool,,pcrel refs 2/3 words (mov.lx2)
data,200346,200352,literal_pool,,pcrel refs 1/3 words (mov.lx1)
data,200498,200502,literal_pool,,pcrel refs 1/2 words (mov.lx1)
data,200798,200802,literal_pool,,pcrel refs 1/2 words (mov.lx1)
data,201130,201134,literal_pool,,pcrel refs 1/2 words (mov.lx1)
data,201138,201144,literal_pool,,pcrel refs 1/3 words (movax1)
data,201726,201730,literal_pool,,pcrel refs 1/2 words (mov.lx1)
data,201750,201754,literal_pool,,pcrel refs 1/2 words (mov.lx1)
data,202058,202062,literal_pool,,pcrel refs 1/2 words (mov.lx1)
data,202402,202406,literal_pool,,pcrel refs 1/2 words (mov.lx1)
data,202430,202434,literal_pool,,pcrel refs 1/2 words (mov.lx1)
data,202634,202638,literal_pool,,pcrel refs 1/2 words (mov.lx1)
data,202666,202670,literal_pool,,pcrel refs 1/2 words (mov.lx1)
data,203046,203050,padding,,all-0xFFFF filler (stray pcrel ref x1)
data,203068,203072,literal_pool,,pcrel refs 1/2 words (movax1)
data,203078,203082,literal_pool,,pcrel refs 1/2 words (mov.lx1)
data,203086,203090,literal_pool,,pcrel refs 1/2 words (mov.lx1)
data,203098,203102,literal_pool,,pcrel refs 1/2 words (mov.lx1)
data,203106,203110,literal_pool,,pcrel refs 1/2 words (mov.lx1)
data,203114,203118,literal_pool,,pcrel refs 1/2 words (mov.lx1)
data,203122,203126,literal_pool,,pcrel refs 1/2 words (mov.lx1)
data,203386,203390,padding,,all-0xFFFF filler (stray pcrel ref x1)
data,203422,203426,literal_pool,,pcrel refs 1/2 words (mov.lx1)
data,203442,203446,literal_pool,,pcrel refs 1/2 words (mov.lx1)
data,203718,203722,literal_pool,,pcrel refs 1/2 words (mov.lx1)
data,203974,203978,literal_pool,,pcrel refs 1/2 words (mov.lx1)
data,204202,204206,literal_pool,,pcrel refs 1/2 words (mov.lx1)
data,204490,204494,literal_pool,,pcrel refs 1/2 words (mov.lx1)
data,204514,204518,literal_pool,,pcrel refs 1/2 words (mov.lx1)
data,204530,204534,literal_pool,,pcrel refs 1/2 words (mov.lx1)
data,204774,204778,literal_pool,,pcrel refs 1/2 words (mov.lx1)
data,204786,204790,literal_pool,,pcrel refs 1/2 words (mov.lx1)
data,205106,205110,literal_pool,,pcrel refs 1/2 words (mov.lx1)
data,205910,205916,literal_pool,,pcrel refs 1/3 words (movax1)
data,205936,205942,literal_pool,,pcrel refs 2/3 words (movax2)
data,205968,205974,literal_pool,,pcrel refs 2/3 words (movax1+mov.lx1)
data,206250,206254,literal_pool,,pcrel refs 1/2 words (mov.lx1)
data,206256,206262,literal_pool,,pcrel refs 2/3 words (mov.lx2)
data,206674,206678,literal_pool,,pcrel refs 1/2 words (mov.lx1)
data,207178,207182,padding,,all-0xFFFF filler (stray pcrel ref x1)
data,207184,207190,literal_pool,,pcrel refs 2/3 words (mov.lx2)
data,207210,207214,literal_pool,,pcrel refs 1/2 words (mov.lx1)
data,207226,207230,literal_pool,,pcrel refs 1/2 words (mov.lx1)
data,207422,207426,padding,,all-0xFFFF filler (stray pcrel ref x1)
data,207442,207446,literal_pool,,pcrel refs 1/2 words (mov.lx1)
data,207502,207510,literal_pool,,pcrel refs 2/4 words (movax1+mov.lx1)
data,207822,207826,padding,,all-0xFFFF filler (stray pcrel ref x1)
data,207834,207838,literal_pool,,pcrel refs 1/2 words (mov.lx1)
data,207846,207850,literal_pool,,pcrel refs 1/2 words (mov.lx1)
data,207854,207858,literal_pool,,pcrel refs 1/2 words (mov.lx1)
data,208052,208058,literal_pool,,pcrel refs 2/3 words (mov.lx2)
data,208082,208086,literal_pool,,pcrel refs 1/2 words (mov.lx1)
data,208342,208346,padding,,all-0xFFFF filler (stray pcrel ref x1)
data,208366,208370,literal_pool,,pcrel refs 1/2 words (mov.lx1)
data,208382,208386,literal_pool,,pcrel refs 1/2 words (mov.lx1)
data,208690,208694,padding,,all-0xFFFF filler (stray pcrel ref x1)
data,208746,208750,literal_pool,,pcrel refs 1/2 words (mov.lx1)
data,209266,209270,padding,,all-0xFFFF filler (stray pcrel ref x1)
data,209292,209298,literal_pool,,pcrel refs 2/3 words (mov.lx2)
data,209842,209846,padding,,all-0xFFFF filler (stray pcrel ref x1)
data,210142,210146,literal_pool,,pcrel refs 2/2 words (mov.wx1+mov.lx1)
data,211474,211478,literal_pool,,pcrel refs 1/2 words (mov.lx1)
data,211786,211790,literal_pool,,pcrel refs 1/2 words (mov.lx1)
data,212892,212896,literal_pool,,pcrel refs 1/2 words (movax1)
data,213136,213142,literal_pool,,pcrel refs 2/3 words (movax1+mov.lx1)
data,213452,213456,literal_pool,,pcrel refs 1/2 words (movax1)
data,213484,213488,literal_pool,,pcrel refs 1/2 words (mov.lx1)
data,213788,213792,literal_pool,,pcrel refs 2/2 words (movax1+mov.wx1)
data,213812,213818,literal_pool,,pcrel refs 3/3 words (mov.lx2+mov.wx1)
data,214330,214334,literal_pool,,pcrel refs 1/2 words (mov.lx1)
data,214964,214970,literal_pool,,pcrel refs 2/3 words (mov.lx2)
data,215266,215270,literal_pool,,pcrel refs 1/2 words (mov.lx1)
data,215284,215288,literal_pool,,pcrel refs 1/2 words (movax1)
data,215792,215798,literal_pool,,pcrel refs 2/3 words (mov.lx2)
data,216322,216326,padding,,all-0xFFFF filler (stray pcrel ref x1)
data,216360,216366,literal_pool,,pcrel refs 2/3 words (mov.lx2)
data,217606,217610,padding,,all-0xFFFF filler (stray pcrel ref x1)
data,217938,217942,padding,,all-0xFFFF filler (stray pcrel ref x1)
data,217966,217970,padding,,all-zero word filler
data,218454,218458,padding,,all-0xFFFF filler (stray pcrel ref x1)
data,219050,219054,padding,,all-0xFFFF filler (stray pcrel ref x1)
data,219290,219294,padding,,all-0xFFFF filler (stray pcrel ref x1)
data,219614,219618,padding,,all-0xFFFF filler (stray pcrel ref x1)
data,219682,219686,literal_pool,,pcrel refs 1/2 words (mov.lx1)
data,219976,219980,literal_pool,,pcrel refs 1/2 words (mov.wx1)
data,219992,219998,literal_pool,,pcrel refs 2/3 words (mov.lx2)
data,220230,220236,literal_pool,,pcrel refs 2/3 words (mov.wx2)
data,220248,220254,literal_pool,,pcrel refs 2/3 words (mov.lx2)
data,220626,220632,literal_pool,,pcrel refs 1/3 words (mov.lx1)
data,220664,220668,literal_pool,,pcrel refs 1/2 words (mov.lx1)
data,220672,220678,literal_pool,,pcrel refs 2/3 words (mov.lx2)
data,221226,221230,padding,,all-0xFFFF filler (stray pcrel ref x1)
data,221236,221242,literal_pool,,pcrel refs 2/3 words (mov.lx2)
data,221500,221506,literal_pool,,pcrel refs 2/3 words (mov.lx2)
data,222040,222046,literal_pool,,pcrel refs 2/3 words (movax1+mov.lx1)
data,222048,222052,literal_pool,,pcrel refs 1/2 words (mov.lx1)
data,222058,222062,literal_pool,,pcrel refs 1/2 words (mov.lx1)
data,222316,222322,literal_pool,,pcrel refs 2/3 words (mov.wx1+mov.lx1)
data,222330,222338,literal_pool,,pcrel refs 2/4 words (mov.lx2)
data,222596,222602,literal_pool,,pcrel refs 2/3 words (mov.wx1+mov.lx1)
data,222604,222610,literal_pool,,pcrel refs 2/3 words (mov.lx2)
data,222868,222874,literal_pool,,pcrel refs 2/3 words (mov.lx2)
data,222876,222882,literal_pool,,pcrel refs 2/3 words (mov.lx2)
data,222884,222890,literal_pool,,pcrel refs 2/3 words (mov.lx2)
data,222892,222898,literal_pool,,pcrel refs 2/3 words (mov.lx2)
data,223550,223554,literal_pool,,pcrel refs 2/2 words (mov.wx2)
data,223802,223806,literal_pool,,pcrel refs 2/2 words (mov.wx1+mov.lx1)
data,223962,223966,padding,,all-0xFFFF filler (stray pcrel ref x1)
data,223984,223988,literal_pool,,pcrel refs 1/2 words (mov.lx1)
data,224230,224234,padding,,all-0xFFFF filler (stray pcrel ref x1)
data,224236,224240,literal_pool,,pcrel refs 1/2 words (mov.lx1)
data,224248,224254,literal_pool,,pcrel refs 2/3 words (mov.lx2)
data,224260,224264,literal_pool,,pcrel refs 1/2 words (mov.lx1)
data,224750,224754,padding,,all-0xFFFF filler (stray pcrel ref x1)
data,225494,225498,padding,,all-0xFFFF filler (stray pcrel ref x1)
data,226032,226038,literal_pool,,pcrel refs 2/3 words (mov.wx1+mov.lx1)
data,226592,226598,literal_pool,,pcrel refs 2/3 words (mov.wx1+mov.lx1)
data,226616,226620,literal_pool,,pcrel refs 1/2 words (movax1)
data,226858,226862,padding,,all-0xFFFF filler (stray pcrel ref x1)
data,227158,227166,literal_pool,,pcrel refs 3/4 words (mov.wx2+mov.lx1)
data,227196,227202,literal_pool,,pcrel refs 2/3 words (mov.lx2)
data,227428,227434,literal_pool,,pcrel refs 2/3 words (mov.wx1+mov.lx1)
data,227674,227678,padding,,all-0xFFFF filler (stray pcrel ref x1)
data,227978,227982,padding,,all-0xFFFF filler (stray pcrel ref x1)
data,228274,228278,padding,,all-0xFFFF filler (stray pcrel ref x1)
data,228314,228318,literal_pool,,pcrel refs 1/2 words (mov.lx1)
data,228848,228852,literal_pool,,pcrel refs 1/2 words (mov.wx1)
data,229338,229342,padding,,all-0xFFFF filler (stray pcrel ref x1)
data,229666,229670,literal_pool,,pcrel refs 2/2 words (mov.wx2)
data,229984,229990,literal_pool,,pcrel refs 3/3 words (mov.wx3)
data,230276,230280,literal_pool,,pcrel refs 2/2 words (mov.wx2)
data,230832,230838,literal_pool,,pcrel refs 3/3 words (mov.wx2+mov.lx1)
data,231136,231142,literal_pool,,pcrel refs 2/3 words (mov.lx2)
data,231944,231948,literal_pool,,pcrel refs 1/2 words (mov.lx1)
data,231958,231962,padding,,all-zero word filler
data,232198,232202,literal_pool,,pcrel refs 1/2 words (mov.lx1)
data,232208,232212,literal_pool,,pcrel refs 1/2 words (mov.lx1)
data,232214,232218,padding,,all-zero word filler
data,232220,232224,literal_pool,,pcrel refs 1/2 words (mov.lx1)
data,232498,232502,literal_pool,,pcrel refs 1/2 words (mov.lx1)
data,233014,233018,literal_pool,,pcrel refs 1/2 words (mov.lx1)
data,233044,233050,literal_pool,,pcrel refs 2/3 words (mov.lx2)
data,233064,233070,literal_pool,,pcrel refs 2/3 words (mov.lx2)
data,233088,233094,literal_pool,,pcrel refs 2/3 words (mov.lx2)
data,233104,233108,literal_pool,,pcrel refs 1/2 words (mov.lx1)
data,233282,233286,padding,,all-0xFFFF filler (stray pcrel ref x1)
data,233292,233298,literal_pool,,pcrel refs 2/3 words (mov.lx2)
data,233962,233966,literal_pool,,pcrel refs 1/2 words (mov.lx1)
data,233988,233994,literal_pool,,pcrel refs 2/3 words (mov.lx2)
data,234208,234214,literal_pool,,pcrel refs 2/3 words (mov.wx1+mov.lx1)
data,234302,234306,literal_pool,,pcrel refs 1/2 words (mov.lx1)
data,234374,234378,padding,,all-0xFFFF filler (stray pcrel ref x1)
data,235442,235446,literal_pool,,pcrel refs 1/2 words (mov.lx1)
data,235476,235480,literal_pool,,pcrel refs 1/2 words (movax1)
data,236350,236354,literal_pool,,pcrel refs 1/2 words (mov.lx1)
data,237554,237558,literal_pool,,pcrel refs 1/2 words (mov.lx1)
data,238070,238074,literal_pool,,pcrel refs 1/2 words (mov.lx1)
data,238110,238114,literal_pool,,pcrel refs 1/2 words (mov.lx1)
data,239454,239458,literal_pool,,pcrel refs 1/2 words (mov.lx1)
data,241746,241750,literal_pool,,pcrel refs 1/2 words (mov.lx1)
data,242382,242386,literal_pool,,pcrel refs 1/2 words (mov.lx1)
data,242590,242594,literal_pool,,pcrel refs 1/2 words (mov.lx1)
data,242596,242602,literal_pool,,pcrel refs 2/3 words (mov.lx2)
data,242904,242908,literal_pool,,pcrel refs 1/2 words (mov.lx1)
data,245262,245266,literal_pool,,pcrel refs 2/2 words (mov.wx1+mov.lx1)
data,245794,245798,literal_pool,,pcrel refs 1/2 words (mov.lx1)
data,246120,246124,literal_pool,,pcrel refs 1/2 words (movax1)
data,246132,246138,literal_pool,,pcrel refs 2/3 words (movax1+mov.lx1)
data,248050,248056,literal_pool,,pcrel refs 3/3 words (mov.wx3)
data,248084,248088,literal_pool,,pcrel refs 1/2 words (movax1)
data,248342,248348,literal_pool,,pcrel refs 3/3 words (mov.wx3)
data,248368,248372,literal_pool,,pcrel refs 1/2 words (movax1)
data,249526,249530,literal_pool,,pcrel refs 2/2 words (mov.wx2+mov.lx1)
data,249552,249556,literal_pool,,pcrel refs 1/2 words (movax1)
data,253870,253876,literal_pool,,pcrel refs 1/3 words (movax1)
data,254426,254430,padding,,all-zero word filler
data,254688,254692,literal_pool,,pcrel refs 1/2 words (mov.lx1)
data,255042,255046,padding,,all-0xFFFF filler (stray pcrel ref x1)
data,257018,257022,literal_pool,,pcrel refs 1/2 words (mov.lx1)
data,258416,258420,literal_pool,,pcrel refs 1/2 words (mov.lx1)
data,258460,258466,literal_pool,,pcrel refs 2/3 words (mov.lx2)
data,258828,258832,literal_pool,,pcrel refs 1/2 words (mov.lx1)
data,258872,258878,literal_pool,,pcrel refs 2/3 words (mov.lx2)
data,259054,259060,literal_pool,,pcrel refs 1/3 words (mov.lx1)
data,259332,259338,literal_pool,,pcrel refs 3/3 words (mov.wx2+mov.lx1)
data,260238,260242,literal_pool,,pcrel refs 1/2 words (mov.lx1)
data,261248,261254,literal_pool,,pcrel refs 2/3 words (mov.wx1+mov.lx1)
data,261570,261574,literal_pool,,pcrel refs 1/2 words (mov.lx1)
data,262538,262542,padding,,all-0xFFFF filler (stray pcrel ref x1)
data,263240,263244,literal_pool,,pcrel refs 1/2 words (mov.lx1)
data,263248,263252,literal_pool,,pcrel refs 1/2 words (mov.lx1)
data,263644,263648,literal_pool,,pcrel refs 1/2 words (mov.lx1)
data,263656,263660,literal_pool,,pcrel refs 1/2 words (mov.lx1)
data,264096,264100,literal_pool,,pcrel refs 1/2 words (mov.lx1)
data,264108,264114,literal_pool,,pcrel refs 2/3 words (mov.lx2)
data,264398,264404,literal_pool,,pcrel refs 1/3 words (mov.lx1)
data,264412,264418,literal_pool,,pcrel refs 2/3 words (mov.lx2+movax1)
data,264726,264730,padding,,all-0xFFFF filler (stray pcrel ref x1)
data,265576,265580,literal_pool,,pcrel refs 1/2 words (mov.lx1)
data,266110,266114,padding,,all-0xFFFF filler (stray pcrel ref x1)
data,266120,266126,literal_pool,,pcrel refs 2/3 words (mov.lx2)
data,266490,266494,padding,,all-0xFFFF filler (stray pcrel ref x1)
data,266520,266526,literal_pool,,pcrel refs 2/3 words (mov.lx2)
data,267112,267118,literal_pool,,pcrel refs 2/3 words (mov.lx2)
data,267690,267694,padding,,all-0xFFFF filler (stray pcrel ref x1)
data,268254,268258,padding,,all-0xFFFF filler (stray pcrel ref x1)
data,268818,268822,padding,,all-0xFFFF filler (stray pcrel ref x1)
data,269382,269386,padding,,all-0xFFFF filler (stray pcrel ref x1)
data,269634,269638,padding,,all-0xFFFF filler (stray pcrel ref x1)
data,270326,270330,padding,,all-0xFFFF filler (stray pcrel ref x1)
data,271058,271062,padding,,all-0xFFFF filler (stray pcrel ref x1)
data,273150,273154,padding,,all-0xFFFF filler (stray pcrel ref x1)
data,273848,273852,literal_pool,,pcrel refs 1/2 words (mov.lx1)
data,274016,274020,literal_pool,,pcrel refs 1/2 words (mov.lx1)
data,274524,274528,literal_pool,,pcrel refs 1/2 words (mov.lx1)
data,275086,275090,padding,,all-0xFFFF filler (stray pcrel ref x1)
data,275132,275136,literal_pool,,pcrel refs 1/2 words (mov.lx1)
data,275742,275746,padding,,all-0xFFFF filler (stray pcrel ref x1)
data,276658,276662,literal_pool,,pcrel refs 1/2 words (mov.lx1)
data,276958,276962,padding,,all-0xFFFF filler (stray pcrel ref x1)
data,278232,278238,literal_pool,,pcrel refs 2/3 words (movax2)
data,279228,279234,literal_pool,,pcrel refs 2/3 words (movax1+mov.lx1)
data,279246,279250,padding,,all-zero word filler
data,279254,279260,literal_pool,,pcrel refs 1/3 words (movax1)
data,279554,279558,padding,,all-0xFFFF filler (stray pcrel ref x1)
data,279570,279574,literal_pool,,pcrel refs 1/2 words (mov.lx1)
data,279638,279646,jump_table,,32-bit absolute x2 (pairing+0
data,279824,279832,literal_pool,,pcrel refs 2/4 words (movax2)
data,279846,279854,literal_pool,,pcrel refs 2/4 words (movax1+mov.lx1)
data,280600,280604,literal_pool,,pcrel refs 1/2 words (mov.lx1)
data,281614,281618,padding,,all-0xFFFF filler (stray pcrel ref x1)
data,281798,281802,padding,,all-0xFFFF filler (stray pcrel ref x1)
data,281806,281810,padding,,all-zero word filler
data,283274,283278,padding,,all-zero word filler
data,283320,283324,literal_pool,,pcrel refs 1/2 words (mov.lx1)
data,283974,283978,padding,,all-0xFFFF filler (stray pcrel ref x1)
data,283994,283998,padding,,all-zero word filler
data,284392,284398,literal_pool,,pcrel refs 2/3 words (mov.wx1+mov.lx1)
data,284472,284476,literal_pool,,pcrel refs 1/2 words (mov.lx1)
data,284758,284762,padding,,all-0xFFFF filler (stray pcrel ref x1)
data,285282,285286,padding,,all-0xFFFF filler (stray pcrel ref x1)
data,286808,286812,literal_pool,,pcrel refs 2/2 words (mov.wx2)
data,286914,286918,padding,,all-0xFFFF filler (stray pcrel ref x1)
data,287764,287768,literal_pool,,pcrel refs 2/2 words (mov.wx2)
data,288322,288328,literal_pool,,pcrel refs 3/3 words (mov.wx3)
data,288918,288924,literal_pool,,pcrel refs 3/3 words (mov.wx3)
data,289498,289502,literal_pool,,pcrel refs 2/2 words (mov.wx2)
data,289510,289514,padding,,all-0xFFFF filler (stray pcrel ref x1)
data,289948,289954,literal_pool,,pcrel refs 3/3 words (mov.wx3)
data,290168,290172,literal_pool,,pcrel refs 2/2 words (mov.wx2)
data,290174,290178,padding,,all-0xFFFF filler (stray pcrel ref x1)
data,290342,290346,literal_pool,,pcrel refs 2/2 words (mov.wx2)
data,290640,290644,literal_pool,,pcrel refs 1/2 words (mov.wx1)
data,290888,290892,literal_pool,,pcrel refs 1/2 words (mov.wx1)
data,292170,292174,literal_pool,,pcrel refs 2/2 words (mov.wx2)
data,292600,292604,literal_pool,,pcrel refs 1/2 words (mov.wx1)
data,292876,292882,literal_pool,,pcrel refs 3/3 words (mov.wx3)
data,292884,292888,literal_pool,,pcrel refs 1/2 words (mov.lx1)
data,293184,293190,literal_pool,,pcrel refs 3/3 words (mov.wx3)
data,293192,293196,literal_pool,,pcrel refs 1/2 words (mov.lx1)
data,293572,293576,literal_pool,,pcrel refs 2/2 words (mov.wx2)
data,294530,294534,padding,,all-0xFFFF filler (stray pcrel ref x1)
data,295088,295092,literal_pool,,pcrel refs 1/2 words (mov.lx1)
data,295100,295104,literal_pool,,pcrel refs 1/2 words (mov.lx1)
data,295348,295352,literal_pool,,pcrel refs 2/2 words (mov.wx2)
data,295354,295360,literal_pool,,pcrel refs 2/3 words (mov.wx2)
data,295820,295824,literal_pool,,pcrel refs 1/2 words (mov.lx1)
data,296148,296160,literal_pool,,pcrel refs 4/6 words (mov.wx3+mov.lx1)
data,296490,296496,literal_pool,,pcrel refs 1/3 words (mov.lx1)
data,296782,296788,literal_pool,,pcrel refs 1/3 words (mov.lx1)
data,297530,297538,literal_pool,,pcrel refs 4/4 words (mov.wx4)
data,298776,298780,literal_pool,,pcrel refs 2/2 words (mov.wx2)
data,298782,298788,literal_pool,,pcrel refs 1/3 words (mov.lx1)
data,299148,299154,literal_pool,,pcrel refs 2/3 words (mov.lx2)
data,299394,299398,literal_pool,,pcrel refs 2/2 words (mov.wx2)
data,299406,299410,padding,,all-0xFFFF filler (stray pcrel ref x1)
data,299420,299424,literal_pool,,pcrel refs 1/2 words (mov.lx1)
data,299752,299756,literal_pool,,pcrel refs 1/2 words (mov.lx1)
data,300556,300560,literal_pool,,pcrel refs 1/2 words (mov.lx1)
data,301056,301060,literal_pool,,pcrel refs 1/2 words (mov.lx1)
data,301844,301850,literal_pool,,pcrel refs 2/3 words (mov.wx1+mov.lx1)
data,302358,302362,literal_pool,,pcrel refs 2/2 words (mov.wx1+mov.lx1)
data,302654,302658,literal_pool,,pcrel refs 1/2 words (mov.lx1)
data,302840,302844,literal_pool,,pcrel refs 1/2 words (mov.wx1)
data,303032,303038,literal_pool,,pcrel refs 3/3 words (mov.wx3)
data,304326,304330,padding,,all-0xFFFF filler (stray pcrel ref x1)
data,304658,304662,padding,,all-zero word filler
data,304666,304670,literal_pool,,pcrel refs 1/2 words (mov.lx1)
data,304762,304766,padding,,all-0xFFFF filler (stray pcrel ref x1)
data,304994,304998,padding,,all-0xFFFF filler (stray pcrel ref x1)
data,305324,305328,literal_pool,,pcrel refs 1/2 words (mov.lx1)
data,305898,305902,padding,,all-0xFFFF filler (stray pcrel ref x1)
data,306382,306386,padding,,all-0xFFFF filler (stray pcrel ref x1)
data,306400,306406,literal_pool,,pcrel refs 2/3 words (mov.lx2)
data,307906,307910,literal_pool,,pcrel refs 1/2 words (mov.lx1)
data,308858,308862,padding,,all-0xFFFF filler (stray pcrel ref x1)
data,309290,309294,literal_pool,,pcrel refs 1/2 words (mov.lx1)
data,309896,309900,literal_pool,,pcrel refs 1/2 words (mov.lx1)
data,310150,310154,padding,,all-0xFFFF filler (stray pcrel ref x1)
data,310194,310198,padding,,all-zero word filler
data,310584,310590,literal_pool,,pcrel refs 2/3 words (movax1+mov.lx1)
data,311516,311520,literal_pool,,pcrel refs 1/2 words (mov.lx1)
data,311822,311826,literal_pool,,pcrel refs 1/2 words (mov.lx1+movax1)
data,311856,311860,literal_pool,,pcrel refs 1/2 words (mov.lx1)
data,311864,311868,literal_pool,,pcrel refs 1/2 words (mov.lx1)
data,312130,312134,padding,,all-0xFFFF filler (stray pcrel ref x1)
data,312162,312166,padding,,all-zero word filler
data,312170,312174,literal_pool,,pcrel refs 1/2 words (mov.lx1)
data,312422,312426,literal_pool,,pcrel refs 1/2 words (mov.lx1)
data,312446,312450,literal_pool,,pcrel refs 1/2 words (mov.lx1)
data,312484,312488,literal_pool,,pcrel refs 1/2 words (mov.lx1)
data,312734,312738,padding,,all-0xFFFF filler (stray pcrel ref x1)
data,312752,312756,literal_pool,,pcrel refs 1/2 words (mov.lx1)
data,312784,312788,literal_pool,,pcrel refs 1/2 words (mov.lx1)
data,314208,314212,literal_pool,,pcrel refs 1/2 words (movax1)
data,314766,314770,padding,,all-0xFFFF filler (stray pcrel ref x1)
data,315770,315774,padding,,all-0xFFFF filler (stray pcrel ref x1)
data,315942,315946,padding,,all-0xFFFF filler (stray pcrel ref x1)
data,316446,316450,padding,,all-0xFFFF filler (stray pcrel ref x1)
data,317798,317802,padding,,all-0xFFFF filler (stray pcrel ref x1)
data,318354,318358,padding,,all-0xFFFF filler (stray pcrel ref x1)
data,321598,321602,padding,,all-0xFFFF filler (stray pcrel ref x1)
data,321604,321610,literal_pool,,pcrel refs 2/3 words (movax1+mov.lx1)
data,321612,321616,literal_pool,,pcrel refs 1/2 words (mov.lx1)
data,321856,321860,literal_pool,,pcrel refs 1/2 words (movax1)
data,321862,321898,unknown_data,,
data,321900,321906,unknown_data,,
data,321910,321914,unknown_data,,
data,321916,321922,unknown_data,,
data,321926,321930,unknown_data,,
data,321932,321940,unknown_data,,
data,321942,321946,unknown_data,,
data,321948,321956,unknown_data,,
data,321958,321962,unknown_data,,
data,321964,321972,unknown_data,,
data,321974,321978,unknown_data,,
data,321980,321988,unknown_data,,
data,321990,321994,unknown_data,,
data,321996,322004,unknown_data,,
data,322006,322010,unknown_data,,
data,322012,322020,unknown_data,,
data,322022,322026,unknown_data,,
data,322028,322036,padding,,0x00xx-pattern run (high byte 0x00)
data,322038,322042,unknown_data,,
data,322044,322052,unknown_data,,
data,322054,322058,unknown_data,,
data,322060,322068,unknown_data,,
data,322070,322074,unknown_data,,
data,322076,322084,unknown_data,,
data,322086,322090,unknown_data,,
data,322092,322098,unknown_data,,
data,322102,322106,unknown_data,,
data,322108,322116,padding,,0x00xx-pattern run (high byte 0x00)
data,322118,322122,unknown_data,,
data,322124,322132,unknown_data,,
data,322134,322138,unknown_data,,
data,322140,322154,unknown_data,,
data,322156,322162,unknown_data,,
data,322166,322170,unknown_data,,
data,322172,322178,unknown_data,,
data,322182,322186,unknown_data,,
data,322188,322196,unknown_data,,
data,322198,322202,unknown_data,,
data,322204,322212,unknown_data,,
data,322214,322218,unknown_data,,
data,322220,322228,unknown_data,,
data,322230,322234,unknown_data,,
data,322236,322244,unknown_data,,
data,322246,322250,unknown_data,,
data,322252,322260,unknown_data,,
data,322262,322266,unknown_data,,
data,322268,322276,unknown_data,,
data,322278,322282,unknown_data,,
data,322284,322292,padding,,0x00xx-pattern run (high byte 0x00)
data,322294,322298,unknown_data,,
data,322300,322308,unknown_data,,
data,322310,322314,unknown_data,,
data,322316,322324,unknown_data,,
data,322326,322330,unknown_data,,
data,322332,322340,unknown_data,,
data,322342,322346,unknown_data,,
data,322348,322354,unknown_data,,
data,322358,322362,unknown_data,,
data,322364,322372,padding,,0x00xx-pattern run (high byte 0x00)
data,322374,322378,unknown_data,,
data,322380,322388,unknown_data,,
data,322390,322394,unknown_data,,
data,322396,322410,unknown_data,,
data,322412,322418,unknown_data,,
data,322422,322426,unknown_data,,
data,322428,322434,unknown_data,,
data,322438,322442,unknown_data,,
data,322444,322452,unknown_data,,
data,322454,322458,unknown_data,,
data,322460,322468,unknown_data,,
data,322470,322474,unknown_data,,
data,322476,322484,unknown_data,,
data,322486,322490,unknown_data,,
data,322492,322500,unknown_data,,
data,322502,322506,unknown_data,,
data,322508,322516,unknown_data,,
data,322518,322522,unknown_data,,
data,322524,322532,unknown_data,,
data,322534,322538,unknown_data,,
data,322540,322548,padding,,0x00xx-pattern run (high byte 0x00)
data,322550,322554,unknown_data,,
data,322556,322564,unknown_data,,
data,322566,322570,unknown_data,,
data,322572,322580,unknown_data,,
data,322582,322586,unknown_data,,
data,322588,322596,unknown_data,,
data,322598,322602,unknown_data,,
data,322604,322610,unknown_data,,
data,322614,322618,unknown_data,,
data,322620,322628,padding,,0x00xx-pattern run (high byte 0x00)
data,322630,322634,unknown_data,,
data,322636,322644,unknown_data,,
data,322646,322650,unknown_data,,
data,322652,322658,padding,,all-zero word filler
data,322660,322666,unknown_data,,
data,322668,322674,unknown_data,,
data,322678,322682,unknown_data,,
data,322684,322692,unknown_data,,
data,322694,322698,unknown_data,,
data,322700,322708,unknown_data,,
data,322710,322714,unknown_data,,
data,322716,322724,unknown_data,,
data,322726,322730,unknown_data,,
data,322732,322738,unknown_data,,
data,322742,322746,unknown_data,,
data,322748,322754,unknown_data,,
data,322760,322776,unknown_data,,
data,322788,322798,padding,,0x00xx-pattern run (high byte 0x00)
data,322804,322814,padding,,0x00xx-pattern run (high byte 0x00)
data,322820,322824,unknown_data,,
data,322826,322830,unknown_data,,
data,322834,322842,padding,,0x00xx-pattern run (high byte 0x00)
data,322848,322864,unknown_data,,
data,322882,322890,padding,,0x00xx-pattern run (high byte 0x00)
data,322892,322906,padding,,0x00xx-pattern run (high byte 0x00)
data,322908,322948,unknown_data,,
data,322950,322956,unknown_data,,
data,322960,322968,unknown_data,,
data,322974,322978,unknown_data,,
data,322986,322990,unknown_data,,
data,322996,323000,padding,,all-zero word filler
data,323004,323012,unknown_data,,
data,323358,323362,padding,,all-0xFFFF filler (stray pcrel ref x1)
data,323898,323902,padding,,all-zero word filler
data,324306,324310,padding,,all-zero word filler
data,325340,325344,literal_pool,,pcrel refs 2/2 words (mov.wx2)
data,325878,325882,padding,,all-0xFFFF filler (stray pcrel ref x1)
data,326134,326138,padding,,all-0xFFFF filler (stray pcrel ref x1)
data,326338,326342,literal_pool,,pcrel refs 1/2 words (mov.lx1)
data,326576,326582,literal_pool,,pcrel refs 3/3 words (mov.wx3+mov.lx1)
data,326898,326902,padding,,all-0xFFFF filler (stray pcrel ref x1)
data,326966,326970,literal_pool,,pcrel refs 1/2 words (mov.lx1)
data,328638,328642,padding,,all-zero word filler
data,328644,328648,literal_pool,,pcrel refs 1/2 words (movax1)
data,329016,329040,literal_pool,,pcrel refs 12/12 words (mov.wx12+mov.lx1)
data,329348,329354,literal_pool,,pcrel refs 3/3 words (mov.wx3)
data,329636,329642,literal_pool,,pcrel refs 3/3 words (mov.wx3+mov.lx1)
data,330922,330926,literal_pool,,pcrel refs 2/2 words (mov.wx2+mov.lx1)
data,330946,330950,padding,,all-0xFFFF filler (stray pcrel ref x1)
data,331206,331210,literal_pool,,pcrel refs 2/2 words (mov.wx2)
data,331516,331520,literal_pool,,pcrel refs 2/2 words (mov.wx2)
data,331756,331760,literal_pool,,pcrel refs 1/2 words (mov.wx1+mov.lx1)
data,332016,332022,literal_pool,,pcrel refs 3/3 words (mov.wx3)
data,332032,332040,literal_pool,,pcrel refs 3/4 words (mov.wx3)
data,332346,332360,literal_pool,,pcrel refs 7/7 words (mov.wx7)
data,332366,332374,literal_pool,,pcrel refs 3/4 words (mov.wx2+mov.lx2)
data,332636,332640,literal_pool,,pcrel refs 2/2 words (mov.wx2)
data,332646,332650,padding,,all-0xFFFF filler (stray pcrel ref x1)
data,332858,332868,literal_pool,,pcrel refs 5/5 words (mov.wx5)
data,333106,333110,literal_pool,,pcrel refs 2/2 words (mov.wx2)
data,333386,333394,literal_pool,,pcrel refs 4/4 words (mov.wx4+mov.lx2)
data,333742,333746,padding,,all-0xFFFF filler (stray pcrel ref x1)
data,334036,334042,literal_pool,,pcrel refs 3/3 words (mov.wx2+mov.lx1)
data,334048,334058,literal_pool,,pcrel refs 3/5 words (movax2+mov.lx1)
data,334332,334336,literal_pool,,pcrel refs 2/2 words (mov.wx2)
data,334364,334370,literal_pool,,pcrel refs 2/3 words (movax1+mov.lx1)
data,334372,334378,literal_pool,,pcrel refs 2/3 words (movax1+mov.lx1)
data,334626,334630,literal_pool,,pcrel refs 2/2 words (mov.wx2)
data,334640,334644,literal_pool,,pcrel refs 2/2 words (mov.wx2+mov.lx1)
data,335400,335410,literal_pool,,pcrel refs 5/5 words (mov.wx5)
data,336304,336308,literal_pool,,pcrel refs 1/2 words (mov.lx1+movax1)
data,336932,336938,literal_pool,,pcrel refs 2/3 words (movax1+mov.lx1)
data,337192,337198,literal_pool,,pcrel refs 3/3 words (mov.wx3)
data,337208,337212,literal_pool,,pcrel refs 2/2 words (mov.wx2)
data,338000,338020,literal_pool,,pcrel refs 10/10 words (mov.wx10)
data,338284,338294,literal_pool,,pcrel refs 4/5 words (mov.wx3+mov.lx1)
data,338604,338610,literal_pool,,pcrel refs 3/3 words (mov.wx3+mov.lx1)
data,338886,338890,literal_pool,,pcrel refs 2/2 words (mov.wx2)
data,339160,339164,literal_pool,,pcrel refs 2/2 words (mov.wx2)
data,339436,339440,literal_pool,,pcrel refs 2/2 words (mov.wx2)
data,339458,339462,literal_pool,,pcrel refs 1/2 words (mov.lx1)
data,339730,339736,literal_pool,,pcrel refs 3/3 words (mov.wx3)
data,339990,339996,literal_pool,,pcrel refs 3/3 words (mov.wx3+mov.lx1)
data,340500,340504,literal_pool,,pcrel refs 2/2 words (mov.wx2)
data,340746,340760,literal_pool,,pcrel refs 7/7 words (mov.wx7)
data,340976,340996,literal_pool,,pcrel refs 10/10 words (mov.wx10+mov.lx2)
data,341302,341306,literal_pool,,pcrel refs 1/2 words (mov.lx1)
data,341570,341574,literal_pool,,pcrel refs 2/2 words (mov.wx2)
data,341834,341838,literal_pool,,pcrel refs 1/2 words (mov.lx1)
data,341986,341998,literal_pool,,pcrel refs 6/6 words (mov.wx6+mov.lx1)
data,342002,342008,literal_pool,,pcrel refs 2/3 words (mov.wx2)
data,342268,342274,literal_pool,,pcrel refs 3/3 words (mov.wx2+mov.lx2)
data,342358,342366,literal_pool,,pcrel refs 3/4 words (mov.wx2+mov.lx1)
data,343944,343948,literal_pool,,pcrel refs 1/2 words (movax1)
data,345438,345442,padding,,all-0xFFFF filler (stray pcrel ref x1)
data,346024,346028,literal_pool,,pcrel refs 1/2 words (mov.wx1+mov.lx1)
data,347136,347156,literal_pool,,pcrel refs 10/10 words (mov.wx10+mov.lx3)
data,347158,347162,padding,,all-0xFFFF filler (stray pcrel ref x1)
data,348086,348090,literal_pool,,pcrel refs 2/2 words (mov.wx2)
data,348844,348848,unknown_data,,
data,349974,349978,literal_pool,,pcrel refs 1/2 words (mov.lx1)
data,350298,350302,padding,,all-0xFFFF filler (stray pcrel ref x1)
data,352052,352056,literal_pool,,pcrel refs 1/2 words (movax1)
data,352082,352086,padding,,all-zero word filler
data,352094,352098,literal_pool,,pcrel refs 1/2 words (mov.lx1)
data,352426,352430,padding,,all-zero word filler
data,352432,352436,literal_pool,,pcrel refs 1/2 words (movax1)
data,352452,352456,literal_pool,,pcrel refs 1/2 words (movax1)
data,352468,352476,literal_pool,,pcrel refs 2/4 words (mov.lx2)
data,352874,352878,padding,,all-zero word filler
data,352880,352884,literal_pool,,pcrel refs 1/2 words (movax1)
data,352974,352978,padding,,all-zero word filler
data,352980,352984,literal_pool,,pcrel refs 1/2 words (movax1)
data,352992,352996,literal_pool,,pcrel refs 1/2 words (movax1)
data,353438,353442,padding,,all-0xFFFF filler (stray pcrel ref x1)
data,354240,354246,literal_pool,,pcrel refs 2/3 words (mov.wx1+mov.lx1)
data,354542,354546,literal_pool,,pcrel refs 1/2 words (mov.lx1)
data,354840,354846,literal_pool,,pcrel refs 2/3 words (mov.wx1+mov.lx1)
data,354852,354856,literal_pool,,pcrel refs 1/2 words (mov.lx1)
data,355712,355716,literal_pool,,pcrel refs 1/2 words (mov.wx1)
data,355718,355722,literal_pool,,pcrel refs 1/2 words (mov.lx1)
data,356134,356142,literal_pool,,pcrel refs 4/4 words (mov.wx4)
data,356624,356628,literal_pool,,pcrel refs 1/2 words (mov.wx1)
data,356874,356878,literal_pool,,pcrel refs 2/2 words (mov.wx1+mov.lx1)
data,356888,356894,literal_pool,,pcrel refs 2/3 words (mov.lx2)
data,357188,357192,literal_pool,,pcrel refs 1/2 words (mov.wx1)
data,358362,358366,padding,,all-zero word filler
data,358370,358374,padding,,all-zero word filler
data,358678,358682,padding,,all-zero word filler
data,358694,358698,padding,,all-zero word filler
data,359026,359030,padding,,all-zero word filler
data,359362,359366,padding,,all-zero word filler
data,359370,359374,padding,,all-zero word filler
data,359378,359382,padding,,all-zero word filler
data,359384,359388,literal_pool,,pcrel refs 1/2 words (movax1)
data,361406,361414,literal_pool,,pcrel refs 4/4 words (mov.wx4)
data,361422,361426,padding,,all-0xFFFF filler (stray pcrel ref x1)
data,363042,363046,padding,,all-0xFFFF filler (stray pcrel ref x1)
data,363840,363844,literal_pool,,pcrel refs 1/2 words (mov.lx1)
data,364120,364126,literal_pool,,pcrel refs 2/3 words (mov.lx2)
data,364440,364446,literal_pool,,pcrel refs 2/3 words (movax1+mov.lx1)
data,364822,364826,padding,,all-zero word filler
data,365426,365430,literal_pool,,pcrel refs 2/2 words (mov.wx2)
data,365436,365440,literal_pool,,pcrel refs 1/2 words (movax1)
data,365452,365458,literal_pool,,pcrel refs 2/3 words (mov.lx2)
data,365754,365758,literal_pool,,pcrel refs 2/2 words (mov.wx2)
data,365764,365768,literal_pool,,pcrel refs 1/2 words (movax1)
data,365780,365786,literal_pool,,pcrel refs 2/3 words (mov.lx2)
data,366070,366074,literal_pool,,pcrel refs 2/2 words (mov.wx2)
data,366092,366098,literal_pool,,pcrel refs 2/3 words (mov.lx2)
data,366362,366368,literal_pool,,pcrel refs 1/3 words (movax1)
data,366370,366374,padding,,all-zero word filler
data,366654,366658,padding,,all-zero word filler
data,366966,366970,padding,,all-0xFFFF filler (stray pcrel ref x1)
data,366992,366998,literal_pool,,pcrel refs 2/3 words (movax1+mov.lx1)
data,367306,367310,padding,,all-zero word filler
data,367316,367322,literal_pool,,pcrel refs 2/3 words (mov.lx2)
data,367560,367564,literal_pool,,pcrel refs 1/2 words (mov.lx1)
data,367842,367848,literal_pool,,pcrel refs 1/3 words (mov.lx1)
data,368662,368666,padding,,all-0xFFFF filler (stray pcrel ref x1)
data,369050,369054,padding,,all-0xFFFF filler (stray pcrel ref x1)
data,369896,369900,literal_pool,,pcrel refs 1/2 words (mov.lx1)
data,370588,370592,literal_pool,,pcrel refs 1/2 words (mov.lx1)
data,371160,371164,literal_pool,,pcrel refs 1/2 words (mov.lx1)
data,371792,371796,literal_pool,,pcrel refs 1/2 words (mov.lx1)
data,372496,372500,literal_pool,,pcrel refs 1/2 words (mov.lx1)
data,372782,372786,literal_pool,,pcrel refs 1/2 words (mov.lx1)
data,373436,373442,literal_pool,,pcrel refs 2/3 words (mov.lx2)
data,374150,374154,padding,,all-0xFFFF filler (stray pcrel ref x1)
data,374164,374170,literal_pool,,pcrel refs 2/3 words (mov.lx2)
data,374416,374422,literal_pool,,pcrel refs 2/3 words (mov.lx2)
data,374652,374658,literal_pool,,pcrel refs 2/3 words (mov.lx2)
data,374882,374886,padding,,all-0xFFFF filler (stray pcrel ref x1)
data,374896,374902,literal_pool,,pcrel refs 2/3 words (mov.lx2)
data,375180,375184,literal_pool,,pcrel refs 1/2 words (mov.lx1)
data,375948,375952,literal_pool,,pcrel refs 2/2 words (mov.wx2)
data,376288,376292,literal_pool,,pcrel refs 1/2 words (mov.lx1)
data,376396,376400,literal_pool,,pcrel refs 1/2 words (mov.lx1)
data,376666,376670,padding,,all-0xFFFF filler (stray pcrel ref x1)
data,377016,377022,literal_pool,,pcrel refs 2/3 words (mov.wx1+mov.lx1)
data,377738,377742,literal_pool,,pcrel refs 2/2 words (mov.wx2)
data,377778,377782,literal_pool,,pcrel refs 1/2 words (mov.lx1)
data,377854,377858,padding,,all-0xFFFF filler (stray pcrel ref x1)
data,377874,377878,literal_pool,,pcrel refs 1/2 words (mov.lx1)
data,378436,378442,literal_pool,,pcrel refs 2/3 words (mov.wx1+mov.lx1)
data,378496,378502,literal_pool,,pcrel refs 2/3 words (mov.wx1+mov.lx1)
data,379302,379306,literal_pool,,pcrel refs 1/2 words (mov.lx1)
data,379322,379326,literal_pool,,pcrel refs 1/2 words (mov.lx1)
data,379606,379610,literal_pool,,pcrel refs 1/2 words (mov.lx1)
data,379878,379882,padding,,all-zero word filler
data,379906,379910,padding,,all-zero word filler
data,380836,380840,literal_pool,,pcrel refs 1/2 words (mov.lx1)
data,381030,381034,padding,,all-0xFFFF filler (stray pcrel ref x1)
data,381250,381254,padding,,all-0xFFFF filler (stray pcrel ref x1)
data,381470,381474,padding,,all-0xFFFF filler (stray pcrel ref x1)
data,381762,381766,padding,,all-zero word filler
data,382026,382030,padding,,all-0xFFFF filler (stray pcrel ref x1)
data,382370,382374,padding,,all-zero word filler
data,382698,382702,padding,,all-zero word filler
data,382966,382970,padding,,all-zero word filler
data,383166,383170,padding,,all-0xFFFF filler (stray pcrel ref x1)
data,384046,384050,padding,,all-0xFFFF filler (stray pcrel ref x1)
data,384266,384270,padding,,all-0xFFFF filler (stray pcrel ref x1)
data,384546,384550,padding,,all-0xFFFF filler (stray pcrel ref x1)
data,384834,384838,padding,,all-0xFFFF filler (stray pcrel ref x1)
data,385130,385134,padding,,all-0xFFFF filler (stray pcrel ref x1)
data,385418,385422,padding,,all-0xFFFF filler (stray pcrel ref x1)
data,385436,385440,literal_pool,,pcrel refs 1/2 words (mov.lx1)
data,386040,386046,literal_pool,,pcrel refs 2/3 words (mov.lx2)
data,386382,386386,padding,,all-0xFFFF filler (stray pcrel ref x1)
data,386398,386402,literal_pool,,pcrel refs 1/2 words (mov.lx1)
data,386654,386658,literal_pool,,pcrel refs 1/2 words (mov.lx1)
data,388342,388346,literal_pool,,pcrel refs 2/2 words (mov.wx1+mov.lx1)
data,388396,388402,literal_pool,,pcrel refs 2/3 words (mov.lx2+mov.wx1)
data,388784,388788,literal_pool,,pcrel refs 1/2 words (movax1)
data,389824,389830,literal_pool,,pcrel refs 2/3 words (mov.lx2)
data,390110,390114,literal_pool,,pcrel refs 2/2 words (mov.wx1+mov.lx1)
data,390206,390210,literal_pool,,pcrel refs 1/2 words (mov.lx1)
data,390212,390216,unknown_data,,
data,390220,390224,unknown_data,,
data,390228,390232,unknown_data,,
data,390236,390240,unknown_data,,
data,390244,390248,unknown_data,,
data,390252,390256,unknown_data,,
data,390260,390264,unknown_data,,
data,390268,390272,unknown_data,,
data,390276,390280,unknown_data,,
data,390284,390288,unknown_data,,
data,390476,390480,padding,,all-zero word filler
data,390484,390488,unknown_data,,
data,390492,390496,unknown_data,,
data,390500,390504,unknown_data,,
data,390508,390512,unknown_data,,
data,390516,390520,padding,,all-zero word filler
data,390524,390528,unknown_data,,
data,390532,390540,padding,,0x00xx-pattern run (high byte 0x00)
data,390544,390552,padding,,0x00xx-pattern run (high byte 0x00)
data,390556,390564,padding,,0x00xx-pattern run (high byte 0x00)
data,390568,390576,unknown_data,,
data,390580,390588,padding,,0x00xx-pattern run (high byte 0x00)
data,390592,390600,padding,,0x00xx-pattern run (high byte 0x00)
data,390604,390608,unknown_data,,
data,390616,390620,unknown_data,,
data,390628,390632,unknown_data,,
data,390734,390738,unknown_data,,
data,390748,390752,unknown_data,,
data,390868,390872,padding,,all-zero word filler
data,390882,390904,padding,,all-zero word filler
data,390914,391032,padding,,all-zero word filler
data,391038,391046,padding,,0x00xx-pattern run (high byte 0x00)
data,391048,391128,padding,,0x00xx-pattern run (high byte 0x00)
data,391130,391160,padding,,all-zero word filler
data,391164,391172,unknown_data,,
data,391174,391180,unknown_data,,
data,391340,391344,unknown_data,,
data,391678,391684,literal_pool,,pcrel refs 1/3 words (mov.wx1)
data,391688,391692,literal_pool,,pcrel refs 1/2 words (mov.wx1)
data,391760,391764,unknown_data,,
data,391776,391804,padding,,0xFFxx-pattern run (high byte 0xFF)
data,391822,391836,unknown_data,,
data,391842,391850,padding,,0x00xx-pattern run (high byte 0x00)
data,391852,391856,literal_pool,,pcrel refs 1/2 words (mov.wx1)
data,391864,391868,unknown_data,,
data,391886,391892,literal_pool,,pcrel refs 1/3 words (mov.wx1)
data,391898,391904,unknown_data,,
data,391982,391988,padding,,0x00xx-pattern run (high byte 0x00)
data,391994,392000,padding,,all-zero word filler
data,392004,392012,unknown_data,,
data,392140,392144,unknown_data,,
data,392152,392156,unknown_data,,
data,392176,392180,unknown_data,,
data,392224,392228,unknown_data,,
data,392236,392240,unknown_data,,
data,392272,392276,unknown_data,,
data,392284,392288,unknown_data,,
data,392296,392300,unknown_data,,
data,392332,392336,unknown_data,,
data,392344,392348,unknown_data,,
data,392356,392360,unknown_data,,
data,392404,392408,unknown_data,,
data,392440,392444,unknown_data,,
data,392512,392516,unknown_data,,
data,392812,392816,unknown_data,,
data,392824,392828,unknown_data,,
data,393114,393120,unknown_data,,
data,393126,393132,unknown_data,,
data,393138,393144,unknown_data,,
data,393150,393156,unknown_data,,
data,393162,393168,unknown_data,,
data,393174,393180,unknown_data,,
data,393186,393192,unknown_data,,
data,393198,393202,unknown_data,,
data,393210,393214,unknown_data,,
data,393216,524288,cal_table,,contiguous calibration/data band 0x60000-0x7FFFF: base+offset pool access
data,524288,526708,cal_table,,extension data region 0x80000-0x80970: calibration/cfg words beyond ROM image (P4 declared table region)
data,698,700,literal_pool,,un-referenced cal/cfg word pool near code (P4 declared)
data,1030,1032,literal_pool,,un-referenced cal/cfg word pool near code (P4 declared)
data,1246,1248,literal_pool,,un-referenced cal/cfg word pool near code (P4 declared)
data,4088,4100,literal_pool,,un-referenced cal/cfg word pool near code (P4 declared)
data,4152,4154,literal_pool,,un-referenced cal/cfg word pool near code (P4 declared)
data,8248,8250,literal_pool,,un-referenced cal/cfg word pool near code (P4 declared)
data,13244,13246,literal_pool,,un-referenced cal/cfg word pool near code (P4 declared)
data,15112,15114,literal_pool,,un-referenced cal/cfg word pool near code (P4 declared)
data,15158,15160,literal_pool,,un-referenced cal/cfg word pool near code (P4 declared)
data,15196,15198,literal_pool,,un-referenced cal/cfg word pool near code (P4 declared)
data,15222,15224,literal_pool,,un-referenced cal/cfg word pool near code (P4 declared)
data,15250,15256,literal_pool,,un-referenced cal/cfg word pool near code (P4 declared)
data,15282,15284,literal_pool,,un-referenced cal/cfg word pool near code (P4 declared)
data,15308,15310,literal_pool,,un-referenced cal/cfg word pool near code (P4 declared)
data,15336,15338,literal_pool,,un-referenced cal/cfg word pool near code (P4 declared)
data,15690,15692,literal_pool,,un-referenced cal/cfg word pool near code (P4 declared)
data,17070,17076,literal_pool,,un-referenced cal/cfg word pool near code (P4 declared)
data,17130,17132,literal_pool,,un-referenced cal/cfg word pool near code (P4 declared)
data,17348,17350,literal_pool,,un-referenced cal/cfg word pool near code (P4 declared)
data,17602,17608,literal_pool,,un-referenced cal/cfg word pool near code (P4 declared)
data,17668,17670,literal_pool,,un-referenced cal/cfg word pool near code (P4 declared)
data,18838,18844,literal_pool,,un-referenced cal/cfg word pool near code (P4 declared)
data,18854,18856,literal_pool,,un-referenced cal/cfg word pool near code (P4 declared)
data,18870,18876,literal_pool,,un-referenced cal/cfg word pool near code (P4 declared)
data,18886,18892,literal_pool,,un-referenced cal/cfg word pool near code (P4 declared)
data,18902,18904,literal_pool,,un-referenced cal/cfg word pool near code (P4 declared)
data,18934,18940,literal_pool,,un-referenced cal/cfg word pool near code (P4 declared)
data,18950,18952,literal_pool,,un-referenced cal/cfg word pool near code (P4 declared)
data,18966,18968,literal_pool,,un-referenced cal/cfg word pool near code (P4 declared)
data,18986,18988,literal_pool,,un-referenced cal/cfg word pool near code (P4 declared)
data,18998,19000,literal_pool,,un-referenced cal/cfg word pool near code (P4 declared)
data,19018,19020,literal_pool,,un-referenced cal/cfg word pool near code (P4 declared)
data,19030,19036,literal_pool,,un-referenced cal/cfg word pool near code (P4 declared)
data,19046,19052,literal_pool,,un-referenced cal/cfg word pool near code (P4 declared)
data,19066,19068,literal_pool,,un-referenced cal/cfg word pool near code (P4 declared)
data,19082,19084,literal_pool,,un-referenced cal/cfg word pool near code (P4 declared)
data,19094,19096,literal_pool,,un-referenced cal/cfg word pool near code (P4 declared)
data,19126,19132,literal_pool,,un-referenced cal/cfg word pool near code (P4 declared)
data,19148,19168,literal_pool,,un-referenced cal/cfg word pool near code (P4 declared)
data,19230,19232,literal_pool,,un-referenced cal/cfg word pool near code (P4 declared)
data,19248,19268,literal_pool,,un-referenced cal/cfg word pool near code (P4 declared)
data,19274,19276,literal_pool,,un-referenced cal/cfg word pool near code (P4 declared)
data,25272,25274,literal_pool,,un-referenced cal/cfg word pool near code (P4 declared)
data,55798,55800,literal_pool,,un-referenced cal/cfg word pool near code (P4 declared)
data,55806,55808,literal_pool,,un-referenced cal/cfg word pool near code (P4 declared)
data,55930,55936,literal_pool,,un-referenced cal/cfg word pool near code (P4 declared)
data,55942,55944,literal_pool,,un-referenced cal/cfg word pool near code (P4 declared)
data,55954,55960,literal_pool,,un-referenced cal/cfg word pool near code (P4 declared)
data,55966,55974,literal_pool,,un-referenced cal/cfg word pool near code (P4 declared)
data,55982,55984,literal_pool,,un-referenced cal/cfg word pool near code (P4 declared)
data,55994,55996,literal_pool,,un-referenced cal/cfg word pool near code (P4 declared)
data,56018,56020,literal_pool,,un-referenced cal/cfg word pool near code (P4 declared)
data,56038,56056,literal_pool,,un-referenced cal/cfg word pool near code (P4 declared)
data,56062,56064,literal_pool,,un-referenced cal/cfg word pool near code (P4 declared)
data,56206,56208,literal_pool,,un-referenced cal/cfg word pool near code (P4 declared)
data,56214,56224,literal_pool,,un-referenced cal/cfg word pool near code (P4 declared)
data,56244,56246,literal_pool,,un-referenced cal/cfg word pool near code (P4 declared)
data,56254,56256,literal_pool,,un-referenced cal/cfg word pool near code (P4 declared)
data,56278,56280,literal_pool,,un-referenced cal/cfg word pool near code (P4 declared)
data,56306,56308,literal_pool,,un-referenced cal/cfg word pool near code (P4 declared)
data,56330,56332,literal_pool,,un-referenced cal/cfg word pool near code (P4 declared)
data,56370,56372,literal_pool,,un-referenced cal/cfg word pool near code (P4 declared)
data,56386,56388,literal_pool,,un-referenced cal/cfg word pool near code (P4 declared)
data,56412,56416,literal_pool,,un-referenced cal/cfg word pool near code (P4 declared)
data,56434,56436,literal_pool,,un-referenced cal/cfg word pool near code (P4 declared)
data,56442,56444,literal_pool,,un-referenced cal/cfg word pool near code (P4 declared)
data,56450,56464,literal_pool,,un-referenced cal/cfg word pool near code (P4 declared)
data,64244,64246,literal_pool,,un-referenced cal/cfg word pool near code (P4 declared)
data,157468,157470,literal_pool,,un-referenced cal/cfg word pool near code (P4 declared)
data,175424,175426,literal_pool,,un-referenced cal/cfg word pool near code (P4 declared)
data,175708,175710,literal_pool,,un-referenced cal/cfg word pool near code (P4 declared)
data,233108,233110,literal_pool,,un-referenced cal/cfg word pool near code (P4 declared)
data,265580,265582,literal_pool,,un-referenced cal/cfg word pool near code (P4 declared)
data,305328,305330,literal_pool,,un-referenced cal/cfg word pool near code (P4 declared)
data,314212,314214,literal_pool,,un-referenced cal/cfg word pool near code (P4 declared)
data,321906,321908,literal_pool,,un-referenced cal/cfg word pool near code (P4 declared)
data,321914,321916,literal_pool,,un-referenced cal/cfg word pool near code (P4 declared)
data,321922,321926,literal_pool,,un-referenced cal/cfg word pool near code (P4 declared)
data,321946,321948,literal_pool,,un-referenced cal/cfg word pool near code (P4 declared)
data,321956,321964,literal_pool,,un-referenced cal/cfg word pool near code (P4 declared)
data,321988,321996,literal_pool,,un-referenced cal/cfg word pool near code (P4 declared)
data,322004,322006,literal_pool,,un-referenced cal/cfg word pool near code (P4 declared)
data,322026,322028,literal_pool,,un-referenced cal/cfg word pool near code (P4 declared)
data,322036,322044,literal_pool,,un-referenced cal/cfg word pool near code (P4 declared)
data,322074,322076,literal_pool,,un-referenced cal/cfg word pool near code (P4 declared)
data,322084,322086,literal_pool,,un-referenced cal/cfg word pool near code (P4 declared)
data,322100,322108,literal_pool,,un-referenced cal/cfg word pool near code (P4 declared)
data,322122,322124,literal_pool,,un-referenced cal/cfg word pool near code (P4 declared)
data,322132,322140,literal_pool,,un-referenced cal/cfg word pool near code (P4 declared)
data,322154,322156,literal_pool,,un-referenced cal/cfg word pool near code (P4 declared)
data,322162,322172,literal_pool,,un-referenced cal/cfg word pool near code (P4 declared)
data,322180,322182,literal_pool,,un-referenced cal/cfg word pool near code (P4 declared)
data,322196,322204,literal_pool,,un-referenced cal/cfg word pool near code (P4 declared)
data,322212,322214,literal_pool,,un-referenced cal/cfg word pool near code (P4 declared)
data,322234,322236,literal_pool,,un-referenced cal/cfg word pool near code (P4 declared)
data,322244,322252,literal_pool,,un-referenced cal/cfg word pool near code (P4 declared)
data,322276,322284,literal_pool,,un-referenced cal/cfg word pool near code (P4 declared)
data,322292,322294,literal_pool,,un-referenced cal/cfg word pool near code (P4 declared)
data,322308,322316,literal_pool,,un-referenced cal/cfg word pool near code (P4 declared)
data,322330,322332,literal_pool,,un-referenced cal/cfg word pool near code (P4 declared)
data,322340,322342,literal_pool,,un-referenced cal/cfg word pool near code (P4 declared)
data,322354,322356,literal_pool,,un-referenced cal/cfg word pool near code (P4 declared)
data,322362,322364,literal_pool,,un-referenced cal/cfg word pool near code (P4 declared)
data,322372,322374,literal_pool,,un-referenced cal/cfg word pool near code (P4 declared)
data,322388,322396,literal_pool,,un-referenced cal/cfg word pool near code (P4 declared)
data,322410,322412,literal_pool,,un-referenced cal/cfg word pool near code (P4 declared)
data,322418,322422,literal_pool,,un-referenced cal/cfg word pool near code (P4 declared)
data,322436,322438,literal_pool,,un-referenced cal/cfg word pool near code (P4 declared)
data,322452,322460,literal_pool,,un-referenced cal/cfg word pool near code (P4 declared)
data,322468,322470,literal_pool,,un-referenced cal/cfg word pool near code (P4 declared)
data,322490,322492,literal_pool,,un-referenced cal/cfg word pool near code (P4 declared)
data,322500,322508,literal_pool,,un-referenced cal/cfg word pool near code (P4 declared)
data,322532,322540,literal_pool,,un-referenced cal/cfg word pool near code (P4 declared)
data,322548,322550,literal_pool,,un-referenced cal/cfg word pool near code (P4 declared)
data,322570,322572,literal_pool,,un-referenced cal/cfg word pool near code (P4 declared)
data,322586,322588,literal_pool,,un-referenced cal/cfg word pool near code (P4 declared)
data,322596,322598,literal_pool,,un-referenced cal/cfg word pool near code (P4 declared)
data,322610,322612,literal_pool,,un-referenced cal/cfg word pool near code (P4 declared)
data,322618,322620,literal_pool,,un-referenced cal/cfg word pool near code (P4 declared)
data,322628,322630,literal_pool,,un-referenced cal/cfg word pool near code (P4 declared)
data,322644,322652,literal_pool,,un-referenced cal/cfg word pool near code (P4 declared)
data,322658,322660,literal_pool,,un-referenced cal/cfg word pool near code (P4 declared)
data,322666,322668,literal_pool,,un-referenced cal/cfg word pool near code (P4 declared)
data,322674,322678,literal_pool,,un-referenced cal/cfg word pool near code (P4 declared)
data,322692,322700,literal_pool,,un-referenced cal/cfg word pool near code (P4 declared)
data,322708,322716,literal_pool,,un-referenced cal/cfg word pool near code (P4 declared)
data,322724,322726,literal_pool,,un-referenced cal/cfg word pool near code (P4 declared)
data,322746,322748,literal_pool,,un-referenced cal/cfg word pool near code (P4 declared)
data,322754,322758,literal_pool,,un-referenced cal/cfg word pool near code (P4 declared)
data,322776,322788,literal_pool,,un-referenced cal/cfg word pool near code (P4 declared)
data,322824,322826,literal_pool,,un-referenced cal/cfg word pool near code (P4 declared)
data,322832,322834,literal_pool,,un-referenced cal/cfg word pool near code (P4 declared)
data,322844,322848,literal_pool,,un-referenced cal/cfg word pool near code (P4 declared)
data,322868,322882,literal_pool,,un-referenced cal/cfg word pool near code (P4 declared)
data,322906,322908,literal_pool,,un-referenced cal/cfg word pool near code (P4 declared)
data,322948,322950,literal_pool,,un-referenced cal/cfg word pool near code (P4 declared)
data,322956,322960,literal_pool,,un-referenced cal/cfg word pool near code (P4 declared)
data,322968,322970,literal_pool,,un-referenced cal/cfg word pool near code (P4 declared)
data,322978,322980,literal_pool,,un-referenced cal/cfg word pool near code (P4 declared)
data,322990,322992,literal_pool,,un-referenced cal/cfg word pool near code (P4 declared)
data,323002,323004,literal_pool,,un-referenced cal/cfg word pool near code (P4 declared)
data,323018,323020,literal_pool,,un-referenced cal/cfg word pool near code (P4 declared)
data,323036,323060,literal_pool,,un-referenced cal/cfg word pool near code (P4 declared)
data,343948,343950,literal_pool,,un-referenced cal/cfg word pool near code (P4 declared)
data,348858,348860,literal_pool,,un-referenced cal/cfg word pool near code (P4 declared)
data,370592,370594,literal_pool,,un-referenced cal/cfg word pool near code (P4 declared)
data,376292,376294,literal_pool,,un-referenced cal/cfg word pool near code (P4 declared)
data,385440,385442,literal_pool,,un-referenced cal/cfg word pool near code (P4 declared)
data,390216,390218,literal_pool,,un-referenced cal/cfg word pool near code (P4 declared)
data,390224,390228,literal_pool,,un-referenced cal/cfg word pool near code (P4 declared)
data,390234,390236,literal_pool,,un-referenced cal/cfg word pool near code (P4 declared)
data,390256,390258,literal_pool,,un-referenced cal/cfg word pool near code (P4 declared)
data,390264,390268,literal_pool,,un-referenced cal/cfg word pool near code (P4 declared)
data,390274,390276,literal_pool,,un-referenced cal/cfg word pool near code (P4 declared)
data,390296,390298,literal_pool,,un-referenced cal/cfg word pool near code (P4 declared)
data,390304,390308,literal_pool,,un-referenced cal/cfg word pool near code (P4 declared)
data,390314,390316,literal_pool,,un-referenced cal/cfg word pool near code (P4 declared)
data,390330,390332,literal_pool,,un-referenced cal/cfg word pool near code (P4 declared)
data,390338,390340,literal_pool,,un-referenced cal/cfg word pool near code (P4 declared)
data,390488,390490,literal_pool,,un-referenced cal/cfg word pool near code (P4 declared)
data,390496,390500,literal_pool,,un-referenced cal/cfg word pool near code (P4 declared)
data,390506,390508,literal_pool,,un-referenced cal/cfg word pool near code (P4 declared)
data,390542,390544,literal_pool,,un-referenced cal/cfg word pool near code (P4 declared)
data,390576,390578,literal_pool,,un-referenced cal/cfg word pool near code (P4 declared)
data,390588,390590,literal_pool,,un-referenced cal/cfg word pool near code (P4 declared)
data,390600,390602,literal_pool,,un-referenced cal/cfg word pool near code (P4 declared)
data,390614,390616,literal_pool,,un-referenced cal/cfg word pool near code (P4 declared)
data,390624,390626,literal_pool,,un-referenced cal/cfg word pool near code (P4 declared)
data,390642,390644,literal_pool,,un-referenced cal/cfg word pool near code (P4 declared)
data,390654,390656,literal_pool,,un-referenced cal/cfg word pool near code (P4 declared)
data,390666,390668,literal_pool,,un-referenced cal/cfg word pool near code (P4 declared)
data,390678,390692,literal_pool,,un-referenced cal/cfg word pool near code (P4 declared)
data,390702,390704,literal_pool,,un-referenced cal/cfg word pool near code (P4 declared)
data,390738,390740,literal_pool,,un-referenced cal/cfg word pool near code (P4 declared)
data,390752,390758,literal_pool,,un-referenced cal/cfg word pool near code (P4 declared)
data,391034,391036,literal_pool,,un-referenced cal/cfg word pool near code (P4 declared)
data,391172,391174,literal_pool,,un-referenced cal/cfg word pool near code (P4 declared)
data,391180,391184,literal_pool,,un-referenced cal/cfg word pool near code (P4 declared)
data,391196,391202,literal_pool,,un-referenced cal/cfg word pool near code (P4 declared)
data,391226,391228,literal_pool,,un-referenced cal/cfg word pool near code (P4 declared)
data,391234,391236,literal_pool,,un-referenced cal/cfg word pool near code (P4 declared)
data,391266,391276,literal_pool,,un-referenced cal/cfg word pool near code (P4 declared)
data,391286,391300,literal_pool,,un-referenced cal/cfg word pool near code (P4 declared)
data,391344,391346,literal_pool,,un-referenced cal/cfg word pool near code (P4 declared)
data,391364,391380,literal_pool,,un-referenced cal/cfg word pool near code (P4 declared)
data,391410,391420,literal_pool,,un-referenced cal/cfg word pool near code (P4 declared)
data,391446,391460,literal_pool,,un-referenced cal/cfg word pool near code (P4 declared)
data,391486,391500,literal_pool,,un-referenced cal/cfg word pool near code (P4 declared)
data,391526,391540,literal_pool,,un-referenced cal/cfg word pool near code (P4 declared)
data,391570,391576,literal_pool,,un-referenced cal/cfg word pool near code (P4 declared)
data,391606,391616,literal_pool,,un-referenced cal/cfg word pool near code (P4 declared)
data,391666,391668,literal_pool,,un-referenced cal/cfg word pool near code (P4 declared)
data,391674,391676,literal_pool,,un-referenced cal/cfg word pool near code (P4 declared)
data,391764,391766,literal_pool,,un-referenced cal/cfg word pool near code (P4 declared)
data,391772,391774,literal_pool,,un-referenced cal/cfg word pool near code (P4 declared)
data,391812,391814,literal_pool,,un-referenced cal/cfg word pool near code (P4 declared)
data,391868,391870,literal_pool,,un-referenced cal/cfg word pool near code (P4 declared)
data,391904,391906,literal_pool,,un-referenced cal/cfg word pool near code (P4 declared)
data,391912,391918,literal_pool,,un-referenced cal/cfg word pool near code (P4 declared)
data,391924,391926,literal_pool,,un-referenced cal/cfg word pool near code (P4 declared)
data,391936,391938,literal_pool,,un-referenced cal/cfg word pool near code (P4 declared)
data,391948,391950,literal_pool,,un-referenced cal/cfg word pool near code (P4 declared)
data,391962,391968,literal_pool,,un-referenced cal/cfg word pool near code (P4 declared)
data,391974,391976,literal_pool,,un-referenced cal/cfg word pool near code (P4 declared)
data,392012,392018,literal_pool,,un-referenced cal/cfg word pool near code (P4 declared)
data,392024,392030,literal_pool,,un-referenced cal/cfg word pool near code (P4 declared)
data,392036,392048,literal_pool,,un-referenced cal/cfg word pool near code (P4 declared)
data,392058,392060,literal_pool,,un-referenced cal/cfg word pool near code (P4 declared)
data,392070,392072,literal_pool,,un-referenced cal/cfg word pool near code (P4 declared)
data,392082,392084,literal_pool,,un-referenced cal/cfg word pool near code (P4 declared)
data,392094,392096,literal_pool,,un-referenced cal/cfg word pool near code (P4 declared)
data,392106,392108,literal_pool,,un-referenced cal/cfg word pool near code (P4 declared)
data,392118,392120,literal_pool,,un-referenced cal/cfg word pool near code (P4 declared)
data,392130,392132,literal_pool,,un-referenced cal/cfg word pool near code (P4 declared)
data,392144,392146,literal_pool,,un-referenced cal/cfg word pool near code (P4 declared)
data,392156,392168,literal_pool,,un-referenced cal/cfg word pool near code (P4 declared)
data,392180,392186,literal_pool,,un-referenced cal/cfg word pool near code (P4 declared)
data,392192,392198,literal_pool,,un-referenced cal/cfg word pool near code (P4 declared)
data,392208,392210,literal_pool,,un-referenced cal/cfg word pool near code (P4 declared)
data,392216,392222,literal_pool,,un-referenced cal/cfg word pool near code (P4 declared)
data,392228,392236,literal_pool,,un-referenced cal/cfg word pool near code (P4 declared)
data,392244,392246,literal_pool,,un-referenced cal/cfg word pool near code (P4 declared)
data,392256,392264,literal_pool,,un-referenced cal/cfg word pool near code (P4 declared)
data,392276,392282,literal_pool,,un-referenced cal/cfg word pool near code (P4 declared)
data,392288,392296,literal_pool,,un-referenced cal/cfg word pool near code (P4 declared)
data,392304,392310,literal_pool,,un-referenced cal/cfg word pool near code (P4 declared)
data,392316,392322,literal_pool,,un-referenced cal/cfg word pool near code (P4 declared)
data,392328,392330,literal_pool,,un-referenced cal/cfg word pool near code (P4 declared)
data,392340,392344,literal_pool,,un-referenced cal/cfg word pool near code (P4 declared)
data,392354,392362,literal_pool,,un-referenced cal/cfg word pool near code (P4 declared)
data,392368,392372,literal_pool,,un-referenced cal/cfg word pool near code (P4 declared)
data,392382,392384,literal_pool,,un-referenced cal/cfg word pool near code (P4 declared)
data,392394,392396,literal_pool,,un-referenced cal/cfg word pool near code (P4 declared)
data,392418,392426,literal_pool,,un-referenced cal/cfg word pool near code (P4 declared)
data,392432,392438,literal_pool,,un-referenced cal/cfg word pool near code (P4 declared)
data,392444,392450,literal_pool,,un-referenced cal/cfg word pool near code (P4 declared)
data,392462,392464,literal_pool,,un-referenced cal/cfg word pool near code (P4 declared)
data,392474,392476,literal_pool,,un-referenced cal/cfg word pool near code (P4 declared)
data,392486,392488,literal_pool,,un-referenced cal/cfg word pool near code (P4 declared)
data,392498,392500,literal_pool,,un-referenced cal/cfg word pool near code (P4 declared)
data,392510,392512,literal_pool,,un-referenced cal/cfg word pool near code (P4 declared)
data,392522,392524,literal_pool,,un-referenced cal/cfg word pool near code (P4 declared)
data,392532,392538,literal_pool,,un-referenced cal/cfg word pool near code (P4 declared)
data,392544,392564,literal_pool,,un-referenced cal/cfg word pool near code (P4 declared)
data,392574,392576,literal_pool,,un-referenced cal/cfg word pool near code (P4 declared)
data,392586,392588,literal_pool,,un-referenced cal/cfg word pool near code (P4 declared)
data,392598,392600,literal_pool,,un-referenced cal/cfg word pool near code (P4 declared)
data,392610,392612,literal_pool,,un-referenced cal/cfg word pool near code (P4 declared)
data,392622,392624,literal_pool,,un-referenced cal/cfg word pool near code (P4 declared)
data,392634,392636,literal_pool,,un-referenced cal/cfg word pool near code (P4 declared)
data,392646,392648,literal_pool,,un-referenced cal/cfg word pool near code (P4 declared)
data,392658,392660,literal_pool,,un-referenced cal/cfg word pool near code (P4 declared)
data,392670,392672,literal_pool,,un-referenced cal/cfg word pool near code (P4 declared)
data,392682,392684,literal_pool,,un-referenced cal/cfg word pool near code (P4 declared)
data,392694,392696,literal_pool,,un-referenced cal/cfg word pool near code (P4 declared)
data,392706,392708,literal_pool,,un-referenced cal/cfg word pool near code (P4 declared)
data,392718,392720,literal_pool,,un-referenced cal/cfg word pool near code (P4 declared)
data,392730,392732,literal_pool,,un-referenced cal/cfg word pool near code (P4 declared)
data,392742,392744,literal_pool,,un-referenced cal/cfg word pool near code (P4 declared)
data,392754,392756,literal_pool,,un-referenced cal/cfg word pool near code (P4 declared)
data,392766,392768,literal_pool,,un-referenced cal/cfg word pool near code (P4 declared)
data,392790,392792,literal_pool,,un-referenced cal/cfg word pool near code (P4 declared)
data,392802,392804,literal_pool,,un-referenced cal/cfg word pool near code (P4 declared)
data,392816,392822,literal_pool,,un-referenced cal/cfg word pool near code (P4 declared)
data,392828,392836,literal_pool,,un-referenced cal/cfg word pool near code (P4 declared)
data,392846,392848,literal_pool,,un-referenced cal/cfg word pool near code (P4 declared)
data,392858,392860,literal_pool,,un-referenced cal/cfg word pool near code (P4 declared)
data,392870,392872,literal_pool,,un-referenced cal/cfg word pool near code (P4 declared)
data,392882,392884,literal_pool,,un-referenced cal/cfg word pool near code (P4 declared)
data,392894,392896,literal_pool,,un-referenced cal/cfg word pool near code (P4 declared)
data,392906,392908,literal_pool,,un-referenced cal/cfg word pool near code (P4 declared)
data,392918,392920,literal_pool,,un-referenced cal/cfg word pool near code (P4 declared)
data,392930,392932,literal_pool,,un-referenced cal/cfg word pool near code (P4 declared)
data,392942,392944,literal_pool,,un-referenced cal/cfg word pool near code (P4 declared)
data,392954,392956,literal_pool,,un-referenced cal/cfg word pool near code (P4 declared)
data,392966,392968,literal_pool,,un-referenced cal/cfg word pool near code (P4 declared)
data,392978,392980,literal_pool,,un-referenced cal/cfg word pool near code (P4 declared)
data,392990,392992,literal_pool,,un-referenced cal/cfg word pool near code (P4 declared)
data,393002,393004,literal_pool,,un-referenced cal/cfg word pool near code (P4 declared)
data,393014,393016,literal_pool,,un-referenced cal/cfg word pool near code (P4 declared)
data,393026,393028,literal_pool,,un-referenced cal/cfg word pool near code (P4 declared)
data,393038,393040,literal_pool,,un-referenced cal/cfg word pool near code (P4 declared)
data,393050,393052,literal_pool,,un-referenced cal/cfg word pool near code (P4 declared)
data,393062,393064,literal_pool,,un-referenced cal/cfg word pool near code (P4 declared)
data,393074,393076,literal_pool,,un-referenced cal/cfg word pool near code (P4 declared)
data,393086,393088,literal_pool,,un-referenced cal/cfg word pool near code (P4 declared)
data,393098,393100,literal_pool,,un-referenced cal/cfg word pool near code (P4 declared)
data,393110,393112,literal_pool,,un-referenced cal/cfg word pool near code (P4 declared)
data,393120,393126,literal_pool,,un-referenced cal/cfg word pool near code (P4 declared)
data,393134,393138,literal_pool,,un-referenced cal/cfg word pool near code (P4 declared)
data,393148,393150,literal_pool,,un-referenced cal/cfg word pool near code (P4 declared)
data,393156,393158,literal_pool,,un-referenced cal/cfg word pool near code (P4 declared)
data,393170,393172,literal_pool,,un-referenced cal/cfg word pool near code (P4 declared)
data,393180,393186,literal_pool,,un-referenced cal/cfg word pool near code (P4 declared)
data,393192,393196,literal_pool,,un-referenced cal/cfg word pool near code (P4 declared)
data,393204,393210,literal_pool,,un-referenced cal/cfg word pool near code (P4 declared)
trap,0x5F7A6,0x5F7A6,,0x5F852,dead sibling bt/s into same zero-filler
trap,0x5F7BA,0x5F7BA,,0x5F856,dead sibling bt/s into same zero-filler
trap,0x5F7CE,0x5F7CE,,0x5F85A,zero-filler trap slot (0x5F788..0x5F7D8 [padding])
trap,0x5F7D2,0x5F7D2,,0x5F84E,dead sibling bt/s into same zero-filler
trap,0x6C35A,0x6C35A,,0x6BE26,0xFFFF filler slot
trap,0x6C39E,0x6C39E,,0x6BE2A,0xFFFF filler slot
trap,0x6C652,0x6C652,,0x6B996,0xFFFF filler slot
trap,0x6C7AE,0x6C7AE,,0x6BE6A,0xFFFF filler slot
trap,0x6CBF2,0x6CBF2,,0x6BC0E,0xFFFF filler slot
