pair,addr,table,baseline_u16,other_u16,delta_signed
60E1D400__vs__60E0E500,0x6cf6c,Barometric Pressure Sensor Max ADC Count,0xF5C2,0x6E6E,34644
60E1D400__vs__60E0E500,0x6cf6e,Barometric Pressure Sensor Min ADC Count,0x0A3D,0x6E6E,-25649
60E1D400__vs__60E0E500,0x6cfa4,Fuel Injector - Unknown - Max Injection Angle1??? Y Axis,0x4448,0x807C,-15412
60E1D400__vs__60E0E500,0x6cfe4,Fuel Injector - Unknown - Max Injection Angle1???,0x3C3C,0x9090,-21588
60E1D400__vs__60E0E500,0x6cff4,Fuel Injector - Unknown - Max Injection Angle2??? Y Axis,0x4448,0x9C9A,-22610
60E1D400__vs__60E0E500,0x6d034,Fuel Injector - Unknown - Max Injection Angle2???,0x3C3C,0xA0A0,-25700
60E1D400__vs__60E0E500,0x6d044,Fuel Injector - Unknown - Max Injection Angle3??? Y Axis,0x4448,0x989C,-21588
60E1D400__vs__60E0E500,0x6d084,Fuel Injector - Unknown - Max Injection Angle3???,0x3C3C,0xA0A0,-25700
60E1D400__vs__60E0E500,0x6d0ec,Throttle Plate Something Fuel Cut (Map) Y Axis,0x0000,0x5C5C,-23644
60E1D400__vs__60E0E500,0x6d114,Throttle Plate Something Fuel Cut (Map),0x0000,0x3EE0,-16096
60E1D400__vs__60E0E500,0x6d120,Off Throttle Fuel Cut - Fuel Resume - Engine Startup Base Y Axis,0x0000,0x3F20,-16160
60E1D400__vs__60E0E500,0x6d138,Off Throttle Fuel Cut - Fuel Resume - Engine Startup Base,0x2C2C,0x3F80,-4948
60E1D400__vs__60E0E500,0x6d140,Engine Load Correction - Fuel Resume Threshold 1 vs RPM Y Axis,0x43FA,0x3F90,1130
60E1D400__vs__60E0E500,0x6d158,Engine Load Correction - Fuel Resume Threshold 1 vs RPM,0x1919,0x44FA,-11233
60E1D400__vs__60E0E500,0x6d160,Engine Load Correction - Fuel Resume Threshold 2 vs RPM Y Axis,0x43FA,0x453B,-321
60E1D400__vs__60E0E500,0x6d178,Engine Load Correction - Fuel Resume Threshold 2 vs RPM,0x0C0C,0x45BB,-14767
60E1D400__vs__60E0E500,0x6d180,Engine Load Correction - Fuel Resume Threshold 3 vs RPM Y Axis,0x43FA,0x45DA,-480
60E1D400__vs__60E0E500,0x6d198,Engine Load Correction - Fuel Resume Threshold 3 vs RPM,0x0C0C,0x726A,-26206
60E1D400__vs__60E0E500,0x6d1a0,Idle Related Y Axis,0xC220,0x3A3A,34790
60E1D400__vs__60E0E500,0x6d1e0,Idle Related,0x09C4,0x5050,-18060
60E1D400__vs__60E0E500,0x6d200,Engine Load Correction (Map) X Axis,0x449C,0x867E,-16866
60E1D400__vs__60E0E500,0x6d218,Engine Load Correction (Map) Y Axis,0x3F80,0x665E,-9950
60E1D400__vs__60E0E500,0x6d230,Engine Load Correction (Map),0x4B38,0x6262,-5930
60E1D400__vs__60E0E500,0x6d254,Off Throttle Fuel Cut - Fuel Resume - In Gear Threshold X Axis,0xC220,0x8380,16032
60E1D400__vs__60E0E500,0x6d294,Off Throttle Fuel Cut - Fuel Resume - In Gear Threshold Y Axis,0x3F80,0x7E7E,-16126
60E1D400__vs__60E0E500,0x6d2ac,Off Throttle Fuel Cut - Fuel Resume - In Gear Threshold,0x5656,0xA2A2,-19532
60E1D400__vs__60E0E500,0x6d30c,Off Throttle Fuel Cut - Fuel Resume - NOTUSED X Axis,0xC220,0x0000,49696
60E1D400__vs__60E0E500,0x6d34c,Off Throttle Fuel Cut - Fuel Resume - NOTUSED Y Axis,0x3F80,0x44BB,-1339
60E1D400__vs__60E0E500,0x6d364,Off Throttle Fuel Cut - Fuel Resume - NOTUSED,0x0000,0x0000,0
60E1D400__vs__60E0E500,0x6d3c4,Throttle Plate Something Fuel Cut (Map) 2 X Axis,0xC220,0x3F00,33568
60E1D400__vs__60E0E500,0x6d404,Throttle Plate Something Fuel Cut (Map) 2 Y Axis,0x3F80,0x0000,16256
60E1D400__vs__60E0E500,0x6d41c,Throttle Plate Something Fuel Cut (Map) 2,0x0505,0x44BB,-16310
60E1D400__vs__60E0E500,0x6d47c,Throttle Plate Something Fuel Cut (Map) 3 X Axis,0xC220,0x0019,49671
60E1D400__vs__60E0E500,0x6d4bc,Throttle Plate Something Fuel Cut (Map) 3 Y Axis,0x3F80,0x4270,-752
60E1D400__vs__60E0E500,0x6d4d4,Throttle Plate Something Fuel Cut (Map) 3,0x0505,0x0000,1285
60E1D400__vs__60E0E500,0x6d53c,Cold Rev Limit Threshold,0x41A0,0x4416,-630
60E1D400__vs__60E0E500,0x6d544,Cold Rev Limit,0x45AB,0x4448,355
60E1D400__vs__60E0E500,0x6d54c,Rev Limit,0x460C,0x447A,402
60E1D400__vs__60E0E500,0x6d584,Ignition Maybe Idle Base Y Axis,0x442F,0x00C0,17263
60E1D400__vs__60E0E500,0x6d59c,Ignition Maybe Idle Base,0x5A5A,0x0000,23130
60E1D400__vs__60E0E500,0x6d5a4,Ignition Temp Correction? Y Axis,0xC220,0x003E,49634
60E1D400__vs__60E0E500,0x6d5c8,Ignition Temp Correction?,0x6464,0x4080,9188
60E1D400__vs__60E0E500,0x6d5d4,Ignition 2 Y Axis,0x442F,0x4316,281
60E1D400__vs__60E0E500,0x6d5ec,Ignition 2,0x7878,0x3A64,15892
60E1D400__vs__60E0E500,0x6d5f4,Ignition Leading 0 Y Axis,0xC220,0x3F82,33438
60E1D400__vs__60E0E500,0x6d618,Ignition Leading 0,0x6464,0x4452,8210
60E1D400__vs__60E0E500,0x6d624,Ignition Timing Lead X Axis,0x3D80,0x444D,-1741
60E1D400__vs__60E0E500,0x6d64c,Ignition Timing Lead Y Axis,0x4448,0x444F,-7
60E1D400__vs__60E0E500,0x6d668,Ignition Timing Lead,0x6464,0x444A,8218
60E1D400__vs__60E0E500,0x6d6b0,Ignition Leading 1 X Axis,0x3D80,0xAFAF,-29231
60E1D400__vs__60E0E500,0x6d700,Ignition Leading 1 Y Axis,0x443B,0xC220,-32229
60E1D400__vs__60E0E500,0x6d748,Ignition Leading 1,0x8484,0xC220,-15772
60E1D400__vs__60E0E500,0x6d8b0,Ignition Leading Base - Safe Mode X Axis,0x3D80,0x41C8,-1096
60E1D400__vs__60E0E500,0x6d900,Ignition Leading Base - Safe Mode Y Axis,0x443B,0x420C,559
60E1D400__vs__60E0E500,0x6d948,Ignition Leading Base - Safe Mode,0x8484,0x420C,17016
60E1D400__vs__60E0E500,0x6dab0,Ignition Leading Base X Axis,0x3D80,0x42C8,-1352
60E1D400__vs__60E0E500,0x6db00,Ignition Leading Base Y Axis,0x443B,0x0000,17467
60E1D400__vs__60E0E500,0x6db48,Ignition Leading Base,0x8484,0x0000,33924
60E1D400__vs__60E0E500,0x6dcb0,Ignition Leading 4 X Axis,0x3D80,0x0000,15744
60E1D400__vs__60E0E500,0x6dcd8,Ignition Leading 4 Y Axis,0x4448,0xC220,-32216
60E1D400__vs__60E0E500,0x6dcf4,Ignition Leading 4,0x7777,0x42B4,13507
60E1D400__vs__60E0E500,0x6dd3c,Ignition X Axis,0x3D80,0x0807,13689
60E1D400__vs__60E0E500,0x6dd8c,Ignition Y Axis,0x443B,0x452B,-240
60E1D400__vs__60E0E500,0x6ddd4,Ignition,0x7A7A,0x5050,10794
60E1D400__vs__60E0E500,0x6df3c,Ignition 0 - Safe Mode X Axis,0x3D80,0x6553,-10195
60E1D400__vs__60E0E500,0x6df8c,Ignition 0 - Safe Mode Y Axis,0x443B,0x4C4B,-2064
60E1D400__vs__60E0E500,0x6dfd4,Ignition 0 - Safe Mode,0x7A7A,0x3C3C,15934
60E1D400__vs__60E0E500,0x6e13c,Ignition 1 X Axis,0x3D80,0xA17D,-25597
60E1D400__vs__60E0E500,0x6e18c,Ignition 1 Y Axis,0x443B,0xAFAE,-27507
60E1D400__vs__60E0E500,0x6e1d4,Ignition 1,0x7A7A,0xA0A0,-9766
60E1D400__vs__60E0E500,0x6e33c,Ignition Leading 5 X Axis,0x44A2,0x5A5A,-5560
60E1D400__vs__60E0E500,0x6e34c,Ignition Leading 5 Y Axis,0x0000,0x5A5A,-23130
60E1D400__vs__60E0E500,0x6e358,Ignition Leading 5,0x40A0,0x4A46,-2470
60E1D400__vs__60E0E500,0x6e388,Ignition Minimum Maybe X Axis,0x44A2,0x5A5A,-5560
60E1D400__vs__60E0E500,0x6e398,Ignition Minimum Maybe Y Axis,0x0000,0x4646,-17990
60E1D400__vs__60E0E500,0x6e3a4,Ignition Minimum Maybe,0x0000,0x5A5A,-23130
60E1D400__vs__60E0E500,0x6e458,Ignition Leading/Trailing - On Throttle Coolant Temp Compensation X Axis,0x44A2,0x4604,-354
60E1D400__vs__60E0E500,0x6e464,Ignition Leading/Trailing - On Throttle Coolant Temp Compensation Y Axis,0x4120,0x3E00,800
60E1D400__vs__60E0E500,0x6e474,Ignition Leading/Trailing - On Throttle Coolant Temp Compensation,0x40E0,0x3F20,448
60E1D400__vs__60E0E500,0x6e4a4,Knock Correction - Light Y Axis,0xC1A0,0x001F,49537
60E1D400__vs__60E0E500,0x6e4bc,Knock Correction - Light,0x0019,0x001F,-6
60E1D400__vs__60E0E500,0x6e4c8,Knock Correction - Medium Y Axis,0xC1A0,0x001F,49537
60E1D400__vs__60E0E500,0x6e4e0,Knock Correction - Medium,0x001E,0x001F,-1
60E1D400__vs__60E0E500,0x6e4ec,Knock Correction - Heavy Y Axis,0xC1A0,0x001F,49537
60E1D400__vs__60E0E500,0x6e504,Knock Correction - Heavy,0x0037,0x001F,24
60E1D400__vs__60E0E500,0x6e510,Knock Detection Sensitivity Y Axis,0xC1A0,0x001F,49537
60E1D400__vs__60E0E500,0x6e528,Knock Detection Sensitivity,0x003C,0x001F,29
60E1D400__vs__60E0E500,0x6e534,Knock Retard Y Axis,0xC1A0,0x001F,49537
60E1D400__vs__60E0E500,0x6e54c,Knock Retard,0x0037,0x001F,24
60E1D400__vs__60E0E500,0x6e558,Knock Retard 2 Y Axis,0xC1A0,0x001F,49537
60E1D400__vs__60E0E500,0x6e570,Knock Retard 2,0x003C,0x001F,29
60E1D400__vs__60E0E500,0x6e57c,(Unknown - fpu_multiply_accumulate_filter) Y Axis,0x4416,0x001F,17399
60E1D400__vs__60E0E500,0x6e5bc,(Unknown - fpu_multiply_accumulate_filter),0x00CB,0x001F,172
60E1D400__vs__60E0E500,0x6e6d4,Manifold Pressure Limiter (Map) Y Axis,0xC220,0x0000,49696
60E1D400__vs__60E0E500,0x6e6f0,Manifold Pressure Limiter (Map),0xAFAF,0x3E03,29100
60E1D400__vs__60E0E500,0x6e6f8,Manifold Pressure Limiter (Map) 2 Y Axis,0xC120,0x3E03,33565
60E1D400__vs__60E0E500,0x6e714,Manifold Pressure Limiter (Map) 2,0xFF5A,0x40A0,48826
60E1D400__vs__60E0E500,0x6e71c,Manifold Pressure Limiter (Map) 3 Y Axis,0xC220,0xC170,176
60E1D400__vs__60E0E500,0x6e738,Manifold Pressure Limiter (Map) 3,0xFAFA,0x41A0,47450
60E1D400__vs__60E0E500,0x6e740,Manifold Pressure Limiter (Map) 4 Y Axis,0xC220,0x41F0,32816
60E1D400__vs__60E0E500,0x6e75c,Manifold Pressure Limiter (Map) 4,0x0000,0x64FF,-25855
60E1D400__vs__60E0E500,0x6e764,Manifold Pressure Limiter (Map) 5 Y Axis,0xC220,0xC120,256
60E1D400__vs__60E0E500,0x6e780,Manifold Pressure Limiter (Map) 5,0xB6B6,0x41C8,29934
60E1D400__vs__60E0E500,0x6e788,Manifold Pressure Limiter (Map) 6 Y Axis,0xC220,0x420C,32788
60E1D400__vs__60E0E500,0x6e7a4,Manifold Pressure Limiter (Map) 6,0x3232,0xC170,-36670
60E1D400__vs__60E0E500,0x6e7ac,Manifold Pressure Limiter (Map) 7 Y Axis,0xC316,0x428C,32906
60E1D400__vs__60E0E500,0x6e7f8,Manifold Pressure Limiter (Map) 7,0x8CCD,0x428C,19009
60E1D400__vs__60E0E500,0x6e820,Idle Target Filter Factor Y Axis,0xC3C8,0x4020,33704
60E1D400__vs__60E0E500,0x6e84c,Idle Target Filter Factor,0x0100,0x9DAF,-40111
60E1D400__vs__60E0E500,0x6e864,Idle Target Y Axis,0xC220,0x0000,49696
60E1D400__vs__60E0E500,0x6e880,Idle Target,0x06A4,0x42D2,-15406
60E1D400__vs__60E0E500,0x6e890,Idle Target 0 Y Axis,0xC1A0,0x4604,31644
60E1D400__vs__60E0E500,0x6e8c0,Idle Target 0,0x06A4,0x3F46,-14498
60E1D400__vs__60E0E500,0x6e8d8,Idle Target 1 Y Axis,0xC1A0,0x3FDB,33221
60E1D400__vs__60E0E500,0x6e908,Idle Target 1,0x05DC,0x4065,-14985
60E1D400__vs__60E0E500,0x6e920,Idle Target 2 Y Axis,0xC1A0,0x4090,33040
60E1D400__vs__60E0E500,0x6e950,Idle Target 2,0x01F4,0x4270,-16508
60E1D400__vs__60E0E500,0x6e968,Idle Target 3 Y Axis,0xC1A0,0x4211,32655
60E1D400__vs__60E0E500,0x6e998,Idle Target 3,0x0DAC,0xC0F0,-45892
60E1D400__vs__60E0E500,0x6e9b0,Idle Target 4 Y Axis,0xC220,0x42A0,32640
60E1D400__vs__60E0E500,0x6e9cc,Idle Target 4,0x06A4,0x40CA,-14886
60E1D400__vs__60E0E500,0x6e9dc,Idle Target 5 Y Axis,0xC220,0x0177,49321
60E1D400__vs__60E0E500,0x6e9f8,Idle Target 5,0x03E8,0x40A0,-15544
60E1D400__vs__60E0E500,0x6ea08,Idle Target 6 Y Axis,0x42F0,0x411A,470
60E1D400__vs__60E0E500,0x6ea24,Idle Target 6,0x076C,0x3E99,-14125
60E1D400__vs__60E0E500,0x6ea34,Idle Target 7 Y Axis,0xC220,0x42C8,32600
60E1D400__vs__60E0E500,0x6ea50,Idle Target 7,0x03E8,0x4248,-15968
60E1D400__vs__60E0E500,0x6ea60,(Unknown - load_bias_table_interpolator) X Axis,0xC220,0xC120,256
60E1D400__vs__60E0E500,0x6ea7c,(Unknown - load_bias_table_interpolator) Y Axis,0x4270,0xC120,-32432
60E1D400__vs__60E0E500,0x6ea88,(Unknown - load_bias_table_interpolator),0x3B3B,0x41A0,-1637
60E1D400__vs__60E0E500,0x6ead4,Fuel Pressure (Map) Y Axis,0xC220,0xBE85,923
60E1D400__vs__60E0E500,0x6eaf8,Fuel Pressure (Map),0x0000,0x3FA0,-16288
60E1D400__vs__60E0E500,0x6eb04,Fuel Pressure (Map) 2 Y Axis,0xC220,0x3FAE,33394
60E1D400__vs__60E0E500,0x6eb28,Fuel Pressure (Map) 2,0x8080,0x4001,16511
60E1D400__vs__60E0E500,0x6eb34,Fuel Pressure (Map) 3 Y Axis,0xC220,0x4011,33295
60E1D400__vs__60E0E500,0x6eb58,Fuel Pressure (Map) 3,0x1E1E,0x404F,-8753
60E1D400__vs__60E0E500,0x6eb64,Fuel Pressure (Map) 4 Y Axis,0x0000,0x4066,-16486
60E1D400__vs__60E0E500,0x6eb88,Fuel Pressure (Map) 4,0x0000,0x4092,-16530
60E1D400__vs__60E0E500,0x6eb94,Fuel Pressure (Map) 5 Y Axis,0x43FA,0x4096,868
60E1D400__vs__60E0E500,0x6eba8,Fuel Pressure (Map) 5,0x7272,0x4081,12785
60E1D400__vs__60E0E500,0x6ebb0,Fuel Pressure (Map) 6 Y Axis,0xC1A0,0x409D,33027
60E1D400__vs__60E0E500,0x6ebc8,Fuel Pressure (Map) 6,0x1E1E,0x4109,-8939
60E1D400__vs__60E0E500,0x6ebd0,Fuel Pressure (Map) 7 Y Axis,0xC248,0x413C,33036
60E1D400__vs__60E0E500,0x6ec08,Fuel Pressure (Map) 7,0x1D1D,0x428E,-9585
60E1D400__vs__60E0E500,0x6ec34,Fuel Controller (Map) Y Axis,0xC1F0,0x4369,32391
60E1D400__vs__60E0E500,0x6ec44,Fuel Controller (Map),0x0000,0x439F,-17311
60E1D400__vs__60E0E500,0x6ec4c,Fuel Controller (Map) 2 Y Axis,0xC220,0x43AD,32371
60E1D400__vs__60E0E500,0x6ec70,Fuel Controller (Map) 2,0x04E2,0x0001,1249
60E1D400__vs__60E0E500,0x6ec84,Fuel Controller (Map) 3 Y Axis,0xC220,0x4234,32748
60E1D400__vs__60E0E500,0x6eca8,Fuel Controller (Map) 3,0x0000,0x457A,-17786
60E1D400__vs__60E0E500,0x6ecbc,Fuel Controller (Map) 4 Y Axis,0xC220,0x0000,49696
60E1D400__vs__60E0E500,0x6ece0,Fuel Controller (Map) 4,0x0898,0x0000,2200
60E1D400__vs__60E0E500,0x6ecf4,Fuel Controller (Map) 5 Y Axis,0x4220,0x42C8,-168
60E1D400__vs__60E0E500,0x6ed08,Fuel Controller (Map) 5,0x01F4,0xBFA6,-48562
60E1D400__vs__60E0E500,0x6ed18,Load Blend Factor - Coolant Temperature Y Axis,0xC220,0x0000,49696
60E1D400__vs__60E0E500,0x6ed3c,Load Blend Factor - Coolant Temperature,0x1611,0x3F65,-10580
60E1D400__vs__60E0E500,0x6ed48,Load Blend Factor - Coolant Temperature X Blend Variation X Axis,0xC220,0x3F84,33436
60E1D400__vs__60E0E500,0x6ed6c,Load Blend Factor - Coolant Temperature X Blend Variation Y Axis,0xC1A0,0x4075,33067
60E1D400__vs__60E0E500,0x6ed78,Load Blend Factor - Coolant Temperature X Blend Variation,0x2214,0x40F5,-7905
60E1D400__vs__60E0E500,0x6eda4,Air Charge - RPM X Charge Temperature X Axis,0x0000,0x3C50,-15440
60E1D400__vs__60E0E500,0x6edd4,Air Charge - RPM X Charge Temperature Y Axis,0xC220,0x3E9B,33669
60E1D400__vs__60E0E500,0x6edf4,Air Charge - RPM X Charge Temperature,0xFFFF,0x40CC,48947
60E1D400__vs__60E0E500,0x6ee54,Ignition Trailing B X Axis,0x3D80,0x3E1B,-155
60E1D400__vs__60E0E500,0x6eea4,Ignition Trailing B Y Axis,0x43FA,0x5974,-5498
60E1D400__vs__60E0E500,0x6eeec,Ignition Trailing B,0x4141,0x3F00,577
60E1D400__vs__60E0E500,0x6f054,Ignition Trailing A X Axis,0x3D80,0x3E00,-128
60E1D400__vs__60E0E500,0x6f0a4,Ignition Trailing A Y Axis,0x43FA,0x787C,-13442
60E1D400__vs__60E0E500,0x6f0ec,Ignition Trailing A,0x7E7E,0x0003,32379
60E1D400__vs__60E0E500,0x6f254,Ignition Min Split X Axis,0x3D80,0x4320,-1440
60E1D400__vs__60E0E500,0x6f2a4,Ignition Min Split Y Axis,0x443B,0x457A,-319
60E1D400__vs__60E0E500,0x6f2ec,Ignition Min Split,0x5A5A,0x42C8,6034
60E1D400__vs__60E0E500,0x6f454,Ignition 3 X Axis,0x0000,0x3CF5,-15605
60E1D400__vs__60E0E500,0x6f4a0,Ignition 3 Y Axis,0x0000,0x3F30,-16176
60E1D400__vs__60E0E500,0x6f4cc,Ignition 3,0x001F,0x3F7A,-16219
60E1D400__vs__60E0E500,0x6f75c,Ignition 4 Y Axis,0xC170,0x3DE1,33679
60E1D400__vs__60E0E500,0x6f78c,Ignition 4,0x6464,0x3F40,9508
60E1D400__vs__60E0E500,0x6f798,Ignition 5 Y Axis,0x428C,0x3F70,796
60E1D400__vs__60E0E500,0x6f79c,Ignition 5,0x64FF,0x3F80,9599
60E1D400__vs__60E0E500,0x6f7a0,Ignition 6 Y Axis,0xC170,0x4000,33136
60E1D400__vs__60E0E500,0x6f7d0,Ignition 6,0x6464,0x3F69,9467
60E1D400__vs__60E0E500,0x6f7dc,Ignition 7 Y Axis,0x428C,0x3F63,809
60E1D400__vs__60E0E500,0x6f7e0,Ignition 7,0x64FF,0x3F61,9630
60E1D400__vs__60E0E500,0x6f7e4,Ignition 8 Y Axis,0xC170,0x3F54,33308
60E1D400__vs__60E0E500,0x6f7e8,Ignition 8,0x64FF,0x3F47,9656
60E1D400__vs__60E0E500,0x6f7ec,Ignition 9 Y Axis,0x428C,0x3F3B,849
60E1D400__vs__60E0E500,0x6f7f0,Ignition 9,0x64FF,0x3F2F,9680
60E1D400__vs__60E0E500,0x6f7f4,Ignition 10 Y Axis,0xC170,0x3F25,33355
60E1D400__vs__60E0E500,0x6f7f8,Ignition 10,0x64FF,0x3F1B,9700
60E1D400__vs__60E0E500,0x6f7fc,Ignition 11 Y Axis,0x428C,0x3F11,891
60E1D400__vs__60E0E500,0x6f800,Ignition 11,0x64FF,0x3F08,9719
60E1D400__vs__60E0E500,0x6f804,Ignition 12 Y Axis,0xC1F0,0x3F00,33520
60E1D400__vs__60E0E500,0x6f808,Ignition 12,0x64FF,0x3EF1,9742
60E1D400__vs__60E0E500,0x6f80c,Ignition 13 Y Axis,0xC1F0,0x3EE3,33549
60E1D400__vs__60E0E500,0x6f810,Ignition 13,0x64FF,0x3ED5,9770
60E1D400__vs__60E0E500,0x6f814,Ignition 14 X Axis,0xC170,0x3EC8,33448
60E1D400__vs__60E0E500,0x6f818,Ignition 14 Y Axis,0x0000,0x3EBC,-16060
60E1D400__vs__60E0E500,0x6f81c,Ignition 14,0x64FF,0x3E0A,9973
60E1D400__vs__60E0E500,0x6f820,Ignition 15 X Axis,0x428C,0x3D4C,1344
60E1D400__vs__60E0E500,0x6f824,Ignition 15 Y Axis,0x0000,0x3C93,-15507
60E1D400__vs__60E0E500,0x6f828,Ignition 15,0x64FF,0x43FA,8453
60E1D400__vs__60E0E500,0x6f82c,Ignition 16 X Axis,0xC170,0x447A,31990
60E1D400__vs__60E0E500,0x6f830,Ignition 16 Y Axis,0x0000,0x44BB,-17595
60E1D400__vs__60E0E500,0x6f834,Ignition 16,0x64FF,0x44FA,8197
60E1D400__vs__60E0E500,0x6f838,Ignition 17 X Axis,0x428C,0x451C,-656
60E1D400__vs__60E0E500,0x6f83c,Ignition 17 Y Axis,0x0000,0x453B,-17723
60E1D400__vs__60E0E500,0x6f840,Ignition 17,0x64FF,0x455A,8101
60E1D400__vs__60E0E500,0x6f848,Off Throttle Fuel Cut - Fuel Resume - In Neutral Threshold7  Y Axis,0xC1A0,0x3D80,33824
60E1D400__vs__60E0E500,0x6f878,Off Throttle Fuel Cut - Fuel Resume - In Neutral Threshold7,0x909A,0x6D60,9018
60E1D400__vs__60E0E500,0x6f8ec,CLT Sensor Scaling Y Axis,0x3E65,0x0000,15973
60E1D400__vs__60E0E500,0x6f96c,CLT Sensor Scaling,0x430C,0x130B,12289
60E1D400__vs__60E0E500,0x6fa9c,Off Throttle Fuel Cut - Fuel Resume - In Neutral Threshold8  Y Axis,0xC1A0,0x0294,48908
60E1D400__vs__60E0E500,0x6fab0,Off Throttle Fuel Cut - Fuel Resume - In Neutral Threshold8,0xFBFB,0x0161,64154
60E1D400__vs__60E0E500,0x6fab8,Combustion Efficiency - Correction Constant 1 vs Coolant Temp Y Axis,0xC1A0,0x0480,48416
60E1D400__vs__60E0E500,0x6facc,Combustion Efficiency - Correction Constant 1 vs Coolant Temp,0x40A0,0x0166,16186
60E1D400__vs__60E0E500,0x6fae0,Combustion Efficiency - Correction Constant 2 vs Coolant Temp Y Axis,0xC1A0,0x0680,47904
60E1D400__vs__60E0E500,0x6faf4,Combustion Efficiency - Correction Constant 2 vs Coolant Temp,0x42C8,0x0680,15432
60E1D400__vs__60E0E500,0x6fb18,MAF Scaling Y Axis,0x3F5C,0x41A0,-580
60E1D400__vs__60E0E500,0x6fbd8,MAF Scaling,0x3FF9,0x27B0,6217
60E1D400__vs__60E0E500,0x6fcd8,Knock Margin - State Machine Threshold 1 vs RPM Y Axis,0x43FA,0x42A0,346
60E1D400__vs__60E0E500,0x6fcf8,Knock Margin - State Machine Threshold 1 vs RPM,0x0000,0x3EE0,-16096
60E1D400__vs__60E0E500,0x6fd00,Knock Margin - State Machine Threshold 2 vs RPM Y Axis,0x43FA,0x3F10,1258
60E1D400__vs__60E0E500,0x6fd20,Knock Margin - State Machine Threshold 2 vs RPM,0x0000,0x2774,-10100
60E1D400__vs__60E0E500,0x6fd28,Injector Barometric Pressure Compensation Y Axis,0x428C,0x2832,6746
60E1D400__vs__60E0E500,0x6fd38,Injector Barometric Pressure Compensation,0x3FB3,0x27D8,6107
60E1D400__vs__60E0E500,0x6fd48,Lambda Sensor Scaling Y Axis,0xBFA6,0x26A2,39172
60E1D400__vs__60E0E500,0x6fd74,Lambda Sensor Scaling,0x3F42,0x25F8,6474
60E1D400__vs__60E0E500,0x6fda0,Ignition - Load Based Spark 1 vs Load g/rev Y Axis,0x0000,0x44BB,-17595
60E1D400__vs__60E0E500,0x6fde0,Ignition - Load Based Spark 1 vs Load g/rev,0x3C1D,0x3F00,-739
60E1D400__vs__60E0E500,0x6fe20,Ignition - Load Based Spark 2 vs Load g/rev Y Axis,0x0000,0x2710,-10000
60E1D400__vs__60E0E500,0x6fe60,Ignition - Load Based Spark 2 vs Load g/rev,0x3B90,0x26DE,5298
60E1D400__vs__60E0E500,0x6feb8,Off Throttle Fuel Cut - Fuel Resume - In Neutral Threshold9  Y Axis,0xC1A0,0x2706,39578
60E1D400__vs__60E0E500,0x6fee4,Off Throttle Fuel Cut - Fuel Resume - In Neutral Threshold9,0x5974,0x2756,12830
60E1D400__vs__60E0E500,0x6ffa8,IAT Sensor Scaling Y Axis,0x3E5A,0x458C,-1842
60E1D400__vs__60E0E500,0x6ffe8,IAT Sensor Scaling,0x42EE,0x3F60,910
60E1D400__vs__60E0E500,0x7005c,MAF Filter Frequency Y Axis,0x0000,0x279C,-10140
60E1D400__vs__60E0E500,0x70084,MAF Filter Frequency,0x0E12,0x2788,-6518
60E1D400__vs__60E0E500,0x70090,IAT Filter Y Axis,0x0000,0x271A,-10010
60E1D400__vs__60E0E500,0x700b0,IAT Filter,0x6464,0x26DE,15750
60E1D400__vs__60E0E500,0x700b8,CLT Filter Y Axis,0x43C8,0x2788,7232
60E1D400__vs__60E0E500,0x700e0,CLT Filter,0xA0A0,0x26DE,31170
60E1D400__vs__60E0E500,0x700ec,Load Signal Y Axis,0xC220,0x2756,39626
60E1D400__vs__60E0E500,0x70110,Load Signal,0x1860,0x26DE,-3710
60E1D400__vs__60E0E500,0x701f0,Barometric Pressure Adjustment Y Axis,0x0000,0x27D8,-10200
60E1D400__vs__60E0E500,0x70230,Barometric Pressure Adjustment,0xA497,0x27D8,31935
60E1D400__vs__60E0E500,0x70240,O2 Switch Y Axis,0x0000,0x27D8,-10200
60E1D400__vs__60E0E500,0x70264,O2 Switch,0x6060,0x27D8,14472
60E1D400__vs__60E0E500,0x70270,Fuel - Fuel Trim Learn - Coolant Temperature Threshold Y Axis,0x4248,0x27D8,6768
60E1D400__vs__60E0E500,0x7027c,Fuel - Fuel Trim Learn - Coolant Temperature Threshold,0x0000,0x3FA3,-16291
60E1D400__vs__60E0E500,0x70280,TPS Deadband Y Axis,0x0000,0x4023,-16419
60E1D400__vs__60E0E500,0x702a4,TPS Deadband,0xA0A0,0x4223,24189
60E1D400__vs__60E0E500,0x702cc,Ignition - Timing Angle Ramp 1 vs RPM,0x0D1B,0x27D8,-6845
60E1D400__vs__60E0E500,0x702d4,Ignition - Timing Angle Ramp 2 vs RPM Y Axis,0x4448,0x27D8,7280
60E1D400__vs__60E0E500,0x702f0,Ignition - Timing Angle Ramp 2 vs RPM,0x0D1B,0x27D8,-6845
60E1D400__vs__60E0E500,0x702f8,(Unknown - init_control_values) Y Axis,0xC1F0,0x27D8,39448
60E1D400__vs__60E0E500,0x70334,(Unknown - init_control_values),0x0000,0x27D8,-10200
60E1D400__vs__60E0E500,0x70344,Ignition - Coolant Temp Correction vs Coolant Temp Y Axis,0xC1F0,0x27D8,39448
60E1D400__vs__60E0E500,0x70380,Ignition - Coolant Temp Correction vs Coolant Temp,0x31B5,0x27D8,2525
60E1D400__vs__60E0E500,0x703a0,Load Smoothing Y Axis,0x453B,0x4743,-520
60E1D400__vs__60E0E500,0x703bc,Load Smoothing,0x2A30,0x4220,-6128
60E1D400__vs__60E0E500,0x703cc,Transmission Load Control - Threshold 1 vs Throttle/Load Y Axis,0x0000,0x0000,0
60E1D400__vs__60E0E500,0x703e4,Transmission Load Control - Threshold 1 vs Throttle/Load,0x0000,0x33D6,-13270
60E1D400__vs__60E0E500,0x703f0,Transmission Load Control - Threshold 2 vs Throttle/Load Y Axis,0x0000,0x0000,0
60E1D400__vs__60E0E500,0x70414,Transmission Load Control - Threshold 2 vs Throttle/Load,0x001F,0x33D6,-13239
60E1D400__vs__60E0E500,0x70428,Transmission Load Control - Threshold 3 vs Throttle/Load Y Axis,0x0000,0x33D6,-13270
60E1D400__vs__60E0E500,0x70468,Transmission Load Control - Threshold 3 vs Throttle/Load,0x0001,0x0000,1
60E1D400__vs__60E0E500,0x70488,Fuel Feedback - Decay Curve 1 vs Load Fraction Y Axis,0x0000,0x33D6,-13270
60E1D400__vs__60E0E500,0x70504,Fuel Feedback - Decay Curve 1 vs Load Fraction,0x3F80,0x3F40,64
60E1D400__vs__60E0E500,0x70580,Fuel Feedback - Decay Curve 2 vs Load Fraction Y Axis,0x0000,0x4D66,-19814
60E1D400__vs__60E0E500,0x705fc,Fuel Feedback - Decay Curve 2 vs Load Fraction,0x3F80,0x1214,11628
60E1D400__vs__60E0E500,0x70678,Fuel Feedback - Decay Curve 3 vs Load Fraction Y Axis,0x0000,0x4270,-17008
60E1D400__vs__60E0E500,0x706f4,Fuel Feedback - Decay Curve 3 vs Load Fraction,0x3F80,0x4040,-192
60E1D400__vs__60E0E500,0x70770,Fuel Feedback - Decay Curve 4 (u8 copy) vs Load Fraction Y Axis,0x0000,0x4270,-17008
60E1D400__vs__60E0E500,0x707ec,Fuel Feedback - Decay Curve 4 (u8 copy) vs Load Fraction,0x3F80,0x01F4,15756
60E1D400__vs__60E0E500,0x70868,Fuel - Long Term Fuel Trim - Load Correction Matrix X Axis,0x43FA,0x4843,-1097
60E1D400__vs__60E0E500,0x70888,Fuel - Long Term Fuel Trim - Load Correction Matrix Y Axis,0x3D80,0xBCA3,-32547
60E1D400__vs__60E0E500,0x708a8,Fuel - Long Term Fuel Trim - Load Correction Matrix,0x7A7A,0x471C,13150
60E1D400__vs__60E0E500,0x708e8,Closed Loop WOT Enrichment?? X Axis,0x43FA,0x3C7D,1917
60E1D400__vs__60E0E500,0x70918,Closed Loop WOT Enrichment?? Y Axis,0x425C,0x47EA,-1422
60E1D400__vs__60E0E500,0x70924,Closed Loop WOT Enrichment??,0x0000,0x482F,-18479
60E1D400__vs__60E0E500,0x70948,Fuel Control (Map) X Axis,0x3FA3,0xBCA3,-32000
60E1D400__vs__60E0E500,0x7097c,Fuel Control (Map) Y Axis,0x4448,0x8008,-15296
60E1D400__vs__60E0E500,0x70998,Fuel Control (Map),0x130B,0x3ECC,-11201
60E1D400__vs__60E0E500,0x70a50,Fuel Control (Map) 2 X Axis,0x3FA3,0x457A,-1495
60E1D400__vs__60E0E500,0x70a84,Fuel Control (Map) 2 Y Axis,0x4448,0x3F66,1250
60E1D400__vs__60E0E500,0x70aa0,Fuel Control (Map) 2,0x0133,0x3DCC,-15513
60E1D400__vs__60E0E500,0x70b58,Transmission Load Control (Map) X Axis,0x41A0,0x061A,15238
60E1D400__vs__60E0E500,0x70b78,Transmission Load Control (Map) Y Axis,0x3DCC,0xBD4C,-32640
60E1D400__vs__60E0E500,0x70b9c,Transmission Load Control (Map),0x2710,0x4000,-6384
60E1D400__vs__60E0E500,0x70c2c,Transmission Load Control (Map) 2 X Axis,0x41A0,0x3D23,1149
60E1D400__vs__60E0E500,0x70c4c,Transmission Load Control (Map) 2 Y Axis,0x3DCC,0x4040,-628
60E1D400__vs__60E0E500,0x70c70,Transmission Load Control (Map) 2,0x2710,0x4248,-6968
60E1D400__vs__60E0E500,0x70d00,Transmission Load Control (Map) 3 X Axis,0x41A0,0x4270,-208
60E1D400__vs__60E0E500,0x70d20,Transmission Load Control (Map) 3 Y Axis,0x3E05,0x8080,-17019
60E1D400__vs__60E0E500,0x70d44,Transmission Load Control (Map) 3,0x28F0,0x8080,-22416
60E1D400__vs__60E0E500,0x70dd4,Fuel Enrichment Control (Map) X Axis,0x43FA,0x45AB,-433
60E1D400__vs__60E0E500,0x70e04,Fuel Enrichment Control (Map) Y Axis,0x3DCC,0x43FA,-1582
60E1D400__vs__60E0E500,0x70e44,Fuel Enrichment Control (Map),0x2328,0x45FA,-8914
60E1D400__vs__60E0E500,0x70fc4,Fuel Enrichment Control (Map) 2 X Axis,0x43FA,0x43FA,0
60E1D400__vs__60E0E500,0x70ff4,Fuel Enrichment Control (Map) 2 Y Axis,0x3DCC,0x45CB,-2047
60E1D400__vs__60E0E500,0x71034,Fuel Enrichment Control (Map) 2,0x2328,0x458C,-8804
60E1D400__vs__60E0E500,0x711b4,Vtec Timing Control (Map) X Axis,0x3FA3,0x459C,-1529
60E1D400__vs__60E0E500,0x711e8,Vtec Timing Control (Map) Y Axis,0x4448,0x45BB,-371
60E1D400__vs__60E0E500,0x71204,Vtec Timing Control (Map),0x27D8,0x447A,-7330
60E1D400__vs__60E0E500,0x712bc,Vtec Timing Control (Map) 2 X Axis,0x3FA3,0x3E80,291
60E1D400__vs__60E0E500,0x712f0,Vtec Timing Control (Map) 2 Y Axis,0x4448,0x3F88,1216
60E1D400__vs__60E0E500,0x7130c,Vtec Timing Control (Map) 2,0x27D8,0x44BB,-7395
60E1D400__vs__60E0E500,0x713c4,Transmission Load Control (Map) 4 X Axis,0x0000,0x2727,-10023
60E1D400__vs__60E0E500,0x713ec,Transmission Load Control (Map) 4 Y Axis,0xC220,0x3539,36071
60E1D400__vs__60E0E500,0x71408,Transmission Load Control (Map) 4,0x0000,0x5303,-21251
60E1D400__vs__60E0E500,0x7158c,(Unknown - wankel_rotary_control) Y Axis,0x0000,0x0505,-1285
60E1D400__vs__60E0E500,0x715bc,(Unknown - wankel_rotary_control),0x3333,0x3EC0,-2957
60E1D400__vs__60E0E500,0x715c8,(Unknown - wankel_rotary_control) 2 Y Axis,0x0000,0x3F10,-16144
60E1D400__vs__60E0E500,0x715f8,(Unknown - wankel_rotary_control) 2,0x3333,0x43FA,-4295
60E1D400__vs__60E0E500,0x71604,(Unknown - wankel_rotary_control) 3 Y Axis,0x0000,0x44BB,-17595
60E1D400__vs__60E0E500,0x71634,(Unknown - wankel_rotary_control) 3,0x0A0A,0x45EA,-15328
60E1D400__vs__60E0E500,0x71640,Secondary Fuel (Map) Y Axis,0x0000,0x460C,-17932
60E1D400__vs__60E0E500,0x71664,Secondary Fuel (Map),0x0000,0x1111,-4369
60E1D400__vs__60E0E500,0x71670,Secondary Fuel (Map) 2 Y Axis,0x0000,0x0000,0
60E1D400__vs__60E0E500,0x71694,Secondary Fuel (Map) 2,0x0000,0x0E0E,-3598
60E1D400__vs__60E0E500,0x716a0,Secondary Fuel (Map) 3 Y Axis,0x0000,0x0000,0
60E1D400__vs__60E0E500,0x716c4,Secondary Fuel (Map) 3,0x1E1E,0x0000,7710
60E1D400__vs__60E0E500,0x716d0,Secondary Fuel (Map) 4 Y Axis,0x0000,0x1B1B,-6939
60E1D400__vs__60E0E500,0x716f4,Secondary Fuel (Map) 4,0x1E1E,0x1113,3339
60E1D400__vs__60E0E500,0x71700,Obd Validation Check (Map) Y Axis,0x0000,0x3F03,-16131
60E1D400__vs__60E0E500,0x71724,Obd Validation Check (Map),0x1919,0x3B43,-8746
60E1D400__vs__60E0E500,0x71730,Obd Validation Check (Map) 2 Y Axis,0x0000,0x1117,-4375
60E1D400__vs__60E0E500,0x71754,Obd Validation Check (Map) 2,0x1919,0x412D,-10260
60E1D400__vs__60E0E500,0x71760,Fuel Trim - Update Step vs Throttle Position Y Axis,0x41A0,0x3F46,602
60E1D400__vs__60E0E500,0x71784,Fuel Trim - Update Step vs Throttle Position,0x927C,0x2E2F,25677
60E1D400__vs__60E0E500,0x71798,Lambda Integration Time Constant Y Axis,0x0000,0x3C34,-15412
60E1D400__vs__60E0E500,0x717bc,Lambda Integration Time Constant,0x03E8,0x4040,-15448
60E1D400__vs__60E0E500,0x717d0,Lambda Parameter Y Axis,0x0000,0x4040,-16448
60E1D400__vs__60E0E500,0x717f4,Lambda Parameter,0x03E8,0x457A,-16786
60E1D400__vs__60E0E500,0x71808,Ignition Timing Output (Map) Y Axis,0x0000,0x41F0,-16880
60E1D400__vs__60E0E500,0x71828,Ignition Timing Output (Map),0x05DC,0x0000,1500
60E1D400__vs__60E0E500,0x71838,Ignition Timing Output (Map) 2 Y Axis,0x0000,0x0000,0
60E1D400__vs__60E0E500,0x71868,Ignition Timing Output (Map) 2,0x0000,0x0000,0
60E1D400__vs__60E0E500,0x71880,Rotary - Position Correction 1 vs Rotor Position Y Axis,0x0000,0x0000,0
60E1D400__vs__60E0E500,0x718b0,Rotary - Position Correction 1 vs Rotor Position,0xBCA3,0x3F30,32115
60E1D400__vs__60E0E500,0x718e0,Rotary - Position Correction 2 vs Rotor Position Y Axis,0x0000,0x447A,-17530
60E1D400__vs__60E0E500,0x71910,Rotary - Position Correction 2 vs Rotor Position,0x3C23,0x45DA,-2487
60E1D400__vs__60E0E500,0x71940,Rotary - Position Correction 3 vs Rotor Position Y Axis,0x0000,0x000C,-12
60E1D400__vs__60E0E500,0x71970,Rotary - Position Correction 3 vs Rotor Position,0xBCA3,0x0E0E,44693
60E1D400__vs__60E0E500,0x71a50,Sensor Validation Monitor (Map) Y Axis,0x43FA,0x2A2C,6606
60E1D400__vs__60E0E500,0x71a78,Sensor Validation Monitor (Map),0x1717,0x3C34,-9501
60E1D400__vs__60E0E500,0x71a84,Sensor Validation - Threshold vs RPM Y Axis,0x447A,0x3838,3138
60E1D400__vs__60E0E500,0x71a98,Sensor Validation - Threshold vs RPM,0x005E,0x4040,-16354
60E1D400__vs__60E0E500,0x71aa4,Sensor Validation Monitor (Map) 2 Y Axis,0x3DCC,0x2A2D,5023
60E1D400__vs__60E0E500,0x71acc,Sensor Validation Monitor (Map) 2,0x02BC,0xBD4C,-47760
60E1D400__vs__60E0E500,0x71ae0,Sensor Validation Monitor (Map) 3 Y Axis,0x3DCC,0x4026,-602
60E1D400__vs__60E0E500,0x71b08,Sensor Validation Monitor (Map) 3,0x0FA0,0x4516,-13686
60E1D400__vs__60E0E500,0x71b1c,Adaptive Control - Constant vs RPM Y Axis,0x4448,0x4589,-321
60E1D400__vs__60E0E500,0x71b44,Adaptive Control - Constant vs RPM,0x009C,0x002D,111
60E1D400__vs__60E0E500,0x71b58,Combustion Control - Constant vs Load Fraction Y Axis,0x0000,0x43FA,-17402
60E1D400__vs__60E0E500,0x71b70,Combustion Control - Constant vs Load Fraction,0x0138,0xC0A0,-49000
60E1D400__vs__60E0E500,0x71b7c,Engine Load Control - Threshold vs Load Fraction Y Axis,0x0000,0x00FA,-250
60E1D400__vs__60E0E500,0x71b94,Engine Load Control - Threshold vs Load Fraction,0x061A,0x0000,1562
60E1D400__vs__60E0E500,0x71cac,Fuelling - Safe Mode Y Axis,0x4220,0xC296,-32886
60E1D400__vs__60E0E500,0x71cd0,Fuelling - Safe Mode,0x8080,0x8060,32
60E1D400__vs__60E0E500,0x71cdc,Fuelling 0 Y Axis,0x4220,0xC296,-32886
60E1D400__vs__60E0E500,0x71ce0,Fuelling 0,0x80FF,0xC248,-16713
60E1D400__vs__60E0E500,0x71ce4,Fuelling 1 Y Axis,0xC220,0xC1C8,88
60E1D400__vs__60E0E500,0x71d00,Fuelling 1,0x8080,0x8060,32
60E1D400__vs__60E0E500,0x71d08,Fuelling 2 - Safe Mode Y Axis,0x4220,0x0064,16828
60E1D400__vs__60E0E500,0x71d2c,Fuelling 2 - Safe Mode,0x8080,0x4020,16480
60E1D400__vs__60E0E500,0x71d38,Fuelling 3 Y Axis,0x4220,0x0000,16928
60E1D400__vs__60E0E500,0x71d5c,Fuelling 3,0x8080,0x4110,16240
60E1D400__vs__60E0E500,0x71d68,Fuelling 4 Y Axis,0xC220,0x4110,33040
60E1D400__vs__60E0E500,0x71d84,Fuelling 4,0x8080,0x4110,16240
60E1D400__vs__60E0E500,0x71d8c,Fuelling 5 Y Axis,0x43FA,0x4110,746
60E1D400__vs__60E0E500,0x71dd4,Fuelling 5,0xA5A5,0x4110,25749
60E1D400__vs__60E0E500,0x71de8,Fuelling 6 Y Axis,0x43FA,0x4110,746
60E1D400__vs__60E0E500,0x71e30,Fuelling 6,0xA5A5,0x4270,25397
60E1D400__vs__60E0E500,0x71e44,Fuelling 7 Y Axis,0x43FA,0x5050,-3158
60E1D400__vs__60E0E500,0x71e8c,Fuelling 7,0xA5A5,0x423B,25450
60E1D400__vs__60E0E500,0x71ea0,Closed Loop Fuelling Threshold (Unknown A) Y Axis,0x443B,0x0153,17128
60E1D400__vs__60E0E500,0x71ed0,Closed Loop Fuelling Threshold (Unknown A),0x545A,0x0435,20517
60E1D400__vs__60E0E500,0x71edc,Closed Loop Fuelling Threshold (Throttle Position)  Y Axis,0x43FA,0x417A,640
60E1D400__vs__60E0E500,0x71f28,Closed Loop Fuelling Threshold (Throttle Position),0x7878,0x052D,29515
60E1D400__vs__60E0E500,0x71f3c,Rotary Combustion Efficiency (Map) Y Axis,0x43FA,0x0000,17402
60E1D400__vs__60E0E500,0x71f84,Rotary Combustion Efficiency (Map),0xF064,0x460C,43608
60E1D400__vs__60E0E500,0x71f98,Sensors - MAF - Rotary Chamber Scalar Y Axis,0x43FA,0xAABF,-26309
60E1D400__vs__60E0E500,0x71f9c,Sensors - MAF - Rotary Chamber Scalar,0xFAFF,0x0000,64255
60E1D400__vs__60E0E500,0x71fa0,Wankel Chamber Pressure Analysis (Map) Y Axis,0x43FA,0x4120,730
60E1D400__vs__60E0E500,0x71fe8,Wankel Chamber Pressure Analysis (Map),0xDCDC,0x433E,39326
60E1D400__vs__60E0E500,0x71ffc,Fuel - Fuel Control - State Scalar Y Axis,0x43FA,0x4370,138
60E1D400__vs__60E0E500,0x72000,Fuel - Fuel Control - State Scalar,0xFAFF,0x437A,46981
60E1D400__vs__60E0E500,0x72004,Wankel Chamber Pressure Analysis (Map) 2 Y Axis,0x43FA,0x43FA,0
60E1D400__vs__60E0E500,0x7204c,Wankel Chamber Pressure Analysis (Map) 2,0xDCDC,0x460C,38608
60E1D400__vs__60E0E500,0x72060,Sensors - Wankel - Chamber Pressure Scalar Y Axis,0x43FA,0x6B85,-10123
60E1D400__vs__60E0E500,0x72064,Sensors - Wankel - Chamber Pressure Scalar,0xFAFF,0x6B85,36730
60E1D400__vs__60E0E500,0x72068,Fuelling 8 Y Axis,0x453B,0x6B85,-9802
60E1D400__vs__60E0E500,0x72084,Fuelling 8,0x1A1A,0x00FC,6430
60E1D400__vs__60E0E500,0x7208c,Closed/Open Loop - Threshold 1 vs RPM Y Axis,0x443B,0x0344,16631
60E1D400__vs__60E0E500,0x720bc,Closed/Open Loop - Threshold 1 vs RPM,0x0000,0x022A,-554
60E1D400__vs__60E0E500,0x720d4,Closed/Open Loop - Scalar Threshold Y Axis,0x443B,0x6B85,-10058
60E1D400__vs__60E0E500,0x720d8,Closed/Open Loop - Scalar Threshold,0x009C,0x6B85,-27369
60E1D400__vs__60E0E500,0x720dc,Closed/Open Loop - Threshold 2 vs RPM Y Axis,0x443B,0x6B85,-10058
60E1D400__vs__60E0E500,0x7210c,Closed/Open Loop - Threshold 2 vs RPM,0x0000,0x6B85,-27525
60E1D400__vs__60E0E500,0x72124,Closed/Open Loop - Threshold 3 vs RPM Y Axis,0x443B,0x0607,15924
60E1D400__vs__60E0E500,0x72154,Closed/Open Loop - Threshold 3 vs RPM,0x0000,0x05AC,-1452
60E1D400__vs__60E0E500,0x7216c,Knock Detection - Threshold 1 vs Coolant Temp Y Axis,0xC220,0x13B0,44656
60E1D400__vs__60E0E500,0x72188,Knock Detection - Threshold 1 vs Coolant Temp,0x007D,0x06FD,-1664
60E1D400__vs__60E0E500,0x72198,Knock Detection - Threshold 2 vs Coolant Temp Y Axis,0xC220,0x1048,45528
60E1D400__vs__60E0E500,0x721b4,Knock Detection - Threshold 2 vs Coolant Temp,0x007D,0x6B85,-27400
60E1D400__vs__60E0E500,0x721c4,Knock - Apex Seal Threshold vs RPM Y Axis,0x455A,0x0D64,14326
60E1D400__vs__60E0E500,0x721d8,Knock - Apex Seal Threshold vs RPM,0x002C,0x1AD7,-6827
60E1D400__vs__60E0E500,0x721e4,Closed/Open Loop - Threshold 4 vs RPM Y Axis,0x453B,0x6B85,-9802
60E1D400__vs__60E0E500,0x72200,Closed/Open Loop - Threshold 4 vs RPM,0x0010,0x13EE,-5086
60E1D400__vs__60E0E500,0x72210,Closed/Open Loop - Threshold 5 vs RPM Y Axis,0x453B,0x2446,8437
60E1D400__vs__60E0E500,0x7222c,Closed/Open Loop - Threshold 5 vs RPM,0x0010,0x10BB,-4267
60E1D400__vs__60E0E500,0x7223c,Fuelling 9 - Safe Mode X Axis,0x43FA,0x1B36,10436
60E1D400__vs__60E0E500,0x7226c,Fuelling 9 - Safe Mode Y Axis,0x41A0,0x19E5,10171
60E1D400__vs__60E0E500,0x7228c,Fuelling 9 - Safe Mode,0x0000,0x0D8E,-3470
60E1D400__vs__60E0E500,0x722ec,Fuelling 10 - Safe Mode X Axis,0x0000,0x6B85,-27525
60E1D400__vs__60E0E500,0x72340,Fuelling 10 - Safe Mode Y Axis,0x43FA,0x25D3,7719
60E1D400__vs__60E0E500,0x7238c,Fuelling 10 - Safe Mode,0x0000,0x6B85,-27525
60E1D400__vs__60E0E500,0x7251c,Fuelling 11 X Axis,0x43FA,0xBD1A,-31008
60E1D400__vs__60E0E500,0x72520,Fuelling 11 Y Axis,0x41A0,0xBC8D,-31469
60E1D400__vs__60E0E500,0x72524,Fuelling 11,0x00FF,0x754D,-29774
60E1D400__vs__60E0E500,0x72528,Fuelling 12 X Axis,0x0000,0xAEC0,-44736
60E1D400__vs__60E0E500,0x7252c,Fuelling 12 Y Axis,0x43FA,0xBFCD,-31699
60E1D400__vs__60E0E500,0x72530,Fuelling 12,0x00FF,0xC4B3,-50100
60E1D400__vs__60E0E500,0x72534,Fuelling 13 - Safe Mode X Axis,0x43FA,0xC5B3,-33209
60E1D400__vs__60E0E500,0x72564,Fuelling 13 - Safe Mode Y Axis,0x41A0,0xBAC0,-31008
60E1D400__vs__60E0E500,0x72584,Fuelling 13 - Safe Mode,0x0000,0xC773,-51059
60E1D400__vs__60E0E500,0x725e4,Fuelling 14 - Safe mode X Axis,0x0000,0xE00D,-57357
60E1D400__vs__60E0E500,0x72638,Fuelling 14 - Safe mode Y Axis,0x43FA,0xDFB3,-39865
60E1D400__vs__60E0E500,0x72684,Fuelling 14 - Safe mode,0x0000,0xC740,-51008
60E1D400__vs__60E0E500,0x72814,Fuelling 15 X Axis,0x43FA,0x4496,-156
60E1D400__vs__60E0E500,0x72844,Fuelling 15 Y Axis,0x41A0,0x2222,8062
60E1D400__vs__60E0E500,0x72864,Fuelling 15,0x0000,0x2222,-8738
60E1D400__vs__60E0E500,0x728c4,Fuelling 16 X Axis,0x0000,0x3D4C,-15692
60E1D400__vs__60E0E500,0x72918,Fuelling 16 Y Axis,0x43FA,0x0008,17394
60E1D400__vs__60E0E500,0x72964,Fuelling 16,0x0000,0x006E,-110
60E1D400__vs__60E0E500,0x72b38,Ignition - Adaptive Step vs RPM Y Axis,0x4448,0x282D,7195
60E1D400__vs__60E0E500,0x72b64,Ignition - Adaptive Step vs RPM,0x0008,0x4220,-16920
60E1D400__vs__60E0E500,0x72bfc,Temp Correction A Y Axis,0x0000,0x4220,-16928
60E1D400__vs__60E0E500,0x72c20,Temp Correction A,0x1010,0xC120,-45328
60E1D400__vs__60E0E500,0x72c2c,Temp Correction B Y Axis,0x0000,0x41A0,-16800
60E1D400__vs__60E0E500,0x72c50,Temp Correction B,0x1010,0xC8C8,-47288
60E1D400__vs__60E0E500,0x72c88,Ignition Leading - Idle Error Timing Correction - Unknown Bool False Y Axis,0xC2C8,0xB4B4,3604
60E1D400__vs__60E0E500,0x72cac,Ignition Leading - Idle Error Timing Correction - Unknown Bool False,0x9C94,0x007D,39959
60E1D400__vs__60E0E500,0x72cb8,Ignition Leading - Idle Error Timing Correction - Unknown Bool True Y Axis,0xC2C8,0x447A,32334
60E1D400__vs__60E0E500,0x72cdc,Ignition Leading - Idle Error Timing Correction - Unknown Bool True,0x9C94,0x45AB,22249
60E1D400__vs__60E0E500,0x72ce8,Ignition Trailing - Idle Error Timing Correction - Unknown Bool False Y Axis,0xC2C8,0x2710,39864
60E1D400__vs__60E0E500,0x72d0c,Ignition Trailing - Idle Error Timing Correction - Unknown Bool False,0x9C94,0x3F4C,23880
60E1D400__vs__60E0E500,0x72d18,Ignition Trailing - Idle Error Timing Correction - Unknown Bool True Y Axis,0xC2C8,0x44FA,32206
60E1D400__vs__60E0E500,0x72d3c,Ignition Trailing - Idle Error Timing Correction - Unknown Bool True,0x9C94,0xC248,-9652
60E1D400__vs__60E0E500,0x72d78,WOT Enrichment Threshold Y Axis,0x0000,0xC8FF,-51455
60E1D400__vs__60E0E500,0x72dd0,WOT Enrichment Threshold,0x8C8C,0x46EA,17826
60E1D400__vs__60E0E500,0x72de8,Cold Start Enrichment Threshold Y Axis,0x0000,0x416E,-16750
60E1D400__vs__60E0E500,0x72e40,Cold Start Enrichment Threshold,0x8C8C,0xC8C8,-15420
60E1D400__vs__60E0E500,0x72e60,Ignition Leading/Trailing - Intake Air Temperature Compensation - On Throttle Y Axis,0x41A0,0x45BB,-1051
60E1D400__vs__60E0E500,0x72e84,Ignition Leading/Trailing - Intake Air Temperature Compensation - On Throttle,0x5050,0xB4B4,-25700
60E1D400__vs__60E0E500,0x72e90,Warm-up Enrichment B Y Axis,0x41A0,0xB4B4,-29460
60E1D400__vs__60E0E500,0x72eb4,Warm-up Enrichment B,0x5050,0x42C8,3464
60E1D400__vs__60E0E500,0x72ec0,Dual Channel Fuel Computation (Map) Y Axis,0x0000,0xC1A0,-49568
60E1D400__vs__60E0E500,0x72edc,Dual Channel Fuel Computation (Map),0x0000,0x0000,0
60E1D400__vs__60E0E500,0x72eec,Dual Channel Fuel Computation (Map) 2 Y Axis,0x0000,0x0000,0
60E1D400__vs__60E0E500,0x72f08,Dual Channel Fuel Computation (Map) 2,0x0000,0x0000,0
60E1D400__vs__60E0E500,0x72f18,Dual Channel Fuel Computation (Map) 3 Y Axis,0x0000,0x0000,0
60E1D400__vs__60E0E500,0x72f34,Dual Channel Fuel Computation (Map) 3,0x0000,0x4000,-16384
60E1D400__vs__60E0E500,0x72f4c,Secondary Fuel Trimmer (Map) Y Axis,0x0000,0x4080,-16512
60E1D400__vs__60E0E500,0x72f64,Secondary Fuel Trimmer (Map),0x0672,0x44FA,-16008
60E1D400__vs__60E0E500,0x72f7c,DSC Mode C - Max Throttle Plate Opening Allowed Y Axis,0x0000,0x8080,-32896
60E1D400__vs__60E0E500,0x72fc8,DSC Mode C - Max Throttle Plate Opening Allowed,0x1313,0x2020,-3341
60E1D400__vs__60E0E500,0x72fdc,Torque To Accel Position X Axis,0x0000,0x44FA,-17658
60E1D400__vs__60E0E500,0x73044,Torque To Accel Position Y Axis,0x43FA,0x447A,-128
60E1D400__vs__60E0E500,0x73090,Torque To Accel Position,0x0021,0x459C,-17787
60E1D400__vs__60E0E500,0x7346c,Throttle Position To Torque X Axis,0x0000,0x47AE,-18350
60E1D400__vs__60E0E500,0x734a4,Throttle Position To Torque Y Axis,0x0000,0x5333,-21299
60E1D400__vs__60E0E500,0x734f4,Throttle Position To Torque,0x8000,0x6B85,5243
60E1D400__vs__60E0E500,0x73768,Idle Speed Control Task (Map) Y Axis,0x428C,0x27AE,6878
60E1D400__vs__60E0E500,0x73778,Idle Speed Control Task (Map),0x0002,0x2DD3,-11729
60E1D400__vs__60E0E500,0x7377c,Idle Speed Control Task (Map) 2 Y Axis,0x0000,0x2DD3,-11731
60E1D400__vs__60E0E500,0x737bc,Idle Speed Control Task (Map) 2,0x0000,0x33D7,-13271
60E1D400__vs__60E0E500,0x737dc,Idle Speed Control Task (Map) 3 X Axis,0x41F0,0x3EFA,758
60E1D400__vs__60E0E500,0x737f8,Idle Speed Control Task (Map) 3 Y Axis,0x428C,0x4A1D,-1937
60E1D400__vs__60E0E500,0x73808,Idle Speed Control Task (Map) 3,0x0000,0x4A1D,-18973
60E1D400__vs__60E0E500,0x73824,Idle Speed Control Task (Map) 4 X Axis,0x41A0,0x553F,-5023
60E1D400__vs__60E0E500,0x73848,Idle Speed Control Task (Map) 4 Y Axis,0x4416,0x6062,-7244
60E1D400__vs__60E0E500,0x7386c,Idle Speed Control Task (Map) 4,0x0022,0x6B85,-27491
60E1D400__vs__60E0E500,0x738c0,(Unknown - fault_gated_float_out) X Axis,0x0000,0x458C,-17804
60E1D400__vs__60E0E500,0x73900,(Unknown - fault_gated_float_out) Y Axis,0x0000,0x41A0,-16800
60E1D400__vs__60E0E500,0x7393c,(Unknown - fault_gated_float_out),0x000F,0x0021,-18
60E1D400__vs__60E0E500,0x73b1c,(Unknown - float_map_3pt_calc) Y Axis,0x4030,0x2E35,4603
60E1D400__vs__60E0E500,0x73b70,(Unknown - float_map_3pt_calc),0x0005,0x3EFA,-16117
60E1D400__vs__60E0E500,0x73b88,(Unknown - float_map_3pt_calc) 2 Y Axis,0xC1F0,0x4A1D,30675
60E1D400__vs__60E0E500,0x73bbc,(Unknown - float_map_3pt_calc) 2,0x6464,0x553F,3877
60E1D400__vs__60E0E500,0x73bcc,(Unknown - float_map_3pt_calc) 3 Y Axis,0xC1F0,0x553F,27825
60E1D400__vs__60E0E500,0x73c00,(Unknown - float_map_3pt_calc) 3,0x2D28,0x6B85,-15965
60E1D400__vs__60E0E500,0x73c24,Throttle - Pedal Position - Sensor Mode A Y Axis,0xC1A0,0x0000,49568
60E1D400__vs__60E0E500,0x73c50,Throttle - Pedal Position - Sensor Mode A,0xC8C8,0x458C,33596
60E1D400__vs__60E0E500,0x73c5c,Throttle - Pedal Position - Sensor Mode B Y Axis,0xC1A0,0x45BB,31717
60E1D400__vs__60E0E500,0x73c88,Throttle - Pedal Position - Sensor Mode B,0xC8C8,0x4120,34728
60E1D400__vs__60E0E500,0x73c94,Throttle - Pedal Position - Sensor Mode C Y Axis,0xC1A0,0x41C8,32728
60E1D400__vs__60E0E500,0x73cc0,Throttle - Pedal Position - Sensor Mode C,0xB4B4,0x0021,46227
60E1D400__vs__60E0E500,0x73ccc,AFR Check - Threshold vs Coolant Temp Y Axis,0xC220,0x0021,49663
60E1D400__vs__60E0E500,0x73ce8,AFR Check - Threshold vs Coolant Temp,0x00A6,0x0021,133
60E1D400__vs__60E0E500,0x73cf8,Air Fuel Ratio Check (Map) Y Axis,0x447A,0x0042,17464
60E1D400__vs__60E0E500,0x73d28,Air Fuel Ratio Check (Map),0x2710,0x01AA,9574
60E1D400__vs__60E0E500,0x73d40,Throttle - Pedal Position - Load/RPM Correction Matrix X Axis,0x3E4C,0x0021,15915
60E1D400__vs__60E0E500,0x73d54,Throttle - Pedal Position - Load/RPM Correction Matrix Y Axis,0x447A,0x0375,16645
60E1D400__vs__60E0E500,0x73d64,Throttle - Pedal Position - Load/RPM Correction Matrix,0xB4B4,0x03D7,45277
60E1D400__vs__60E0E500,0x73da0,Acceleration Fuel Enrichment - Cold Y Axis,0x41A0,0x0873,14637
60E1D400__vs__60E0E500,0x73db4,Acceleration Fuel Enrichment - Cold,0x64C8,0x0C29,22687
60E1D400__vs__60E0E500,0x73dbc,Acceleration Fuel Enrichment - Warm Y Axis,0x4100,0x0021,16607
60E1D400__vs__60E0E500,0x73dd0,Acceleration Fuel Enrichment - Warm,0x8080,0x10A4,28636
60E1D400__vs__60E0E500,0x73dd8,Acceleration Fuel Enrichment - Hot Y Axis,0x0000,0x126F,-4719
60E1D400__vs__60E0E500,0x73dec,Acceleration Fuel Enrichment - Hot,0x000A,0x14BC,-5298
60E1D400__vs__60E0E500,0x73df4,Engine Load Calculation (Map) X Axis,0x0000,0x151F,-5407
60E1D400__vs__60E0E500,0x73e20,Engine Load Calculation (Map) Y Axis,0xC120,0x1B23,42493
60E1D400__vs__60E0E500,0x73e3c,Engine Load Calculation (Map),0x1414,0x0021,5107
60E1D400__vs__60E0E500,0x73e8c,Engine Load Calculation (Map) 2 X Axis,0x447A,0x28B4,7110
60E1D400__vs__60E0E500,0x73ea4,Engine Load Calculation (Map) 2 Y Axis,0x3E4C,0x2DB2,4250
60E1D400__vs__60E0E500,0x73ebc,Engine Load Calculation (Map) 2,0xB4B4,0x328F,33317
60E1D400__vs__60E0E500,0x73ee0,Knock Sensor Filter (Map) X Axis,0x0000,0x33D7,-13271
60E1D400__vs__60E0E500,0x73ef8,Knock Sensor Filter (Map) Y Axis,0xC220,0x3EFA,33574
60E1D400__vs__60E0E500,0x73f14,Knock Sensor Filter (Map),0x0000,0x4A1D,-18973
60E1D400__vs__60E0E500,0x73f6c,Maximum Throttle Angle,0x42A8,0x6062,-7610
60E1D400__vs__60E0E500,0x73f98,Throttle Pedal Percent Decreasing Filter Factor Y Axis,0x443B,0x6B85,-10058
60E1D400__vs__60E0E500,0x73fb8,Throttle Pedal Percent Decreasing Filter Factor,0x2020,0x3F00,-7904
60E1D400__vs__60E0E500,0x73fc0,Ign Timing Limit Check (Map) Y Axis,0x443B,0x3D4C,1775
60E1D400__vs__60E0E500,0x73fe0,Ign Timing Limit Check (Map),0x2020,0x0000,8224
60E1D400__vs__60E0E500,0x73fe8,Ign Timing Limit Check (Map) 2 Y Axis,0x443B,0x42C6,373
60E1D400__vs__60E0E500,0x74008,Ign Timing Limit Check (Map) 2,0x2020,0x42A0,-8832
60E1D400__vs__60E0E500,0x74010,Ign Timing Limit Check (Map) 3 Y Axis,0x443B,0x42F0,331
60E1D400__vs__60E0E500,0x74030,Ign Timing Limit Check (Map) 3,0x2020,0x44BB,-9371
60E1D400__vs__60E0E500,0x74038,Ign Timing Limit Check (Map) 4 Y Axis,0xC220,0x451C,32004
60E1D400__vs__60E0E500,0x74054,Ign Timing Limit Check (Map) 4,0x0000,0x45BB,-17851
60E1D400__vs__60E0E500,0x7405c,Ign Timing Limit Check (Map) 5 Y Axis,0xC220,0x45DA,31814
60E1D400__vs__60E0E500,0x74078,Ign Timing Limit Check (Map) 5,0x0000,0x0140,-320
60E1D400__vs__60E0E500,0x74080,Ign Timing Limit Check (Map) 6 Y Axis,0x443B,0x026A,16849
60E1D400__vs__60E0E500,0x740ac,Ign Timing Limit Check (Map) 6,0x0A0A,0x42A0,-14486
60E1D400__vs__60E0E500,0x740b8,Ign Timing Limit Check (Map) 7 Y Axis,0x443B,0x0387,16564
60E1D400__vs__60E0E500,0x740e4,Ign Timing Limit Check (Map) 7,0x0606,0x42A0,-15514
60E1D400__vs__60E0E500,0x740f0,Fuel Pressure Control (Map) Y Axis,0x443B,0x0387,16564
60E1D400__vs__60E0E500,0x74110,Fuel Pressure Control (Map),0x0404,0xC120,-48412
60E1D400__vs__60E0E500,0x74118,Fuel Pressure Control (Map) 2 Y Axis,0x443B,0x01F4,16967
60E1D400__vs__60E0E500,0x74138,Fuel Pressure Control (Map) 2,0x0404,0x0CFF,-2299
60E1D400__vs__60E0E500,0x74140,Fuel Pressure Control (Map) 3 Y Axis,0x443B,0x0003,17464
60E1D400__vs__60E0E500,0x74160,Fuel Pressure Control (Map) 3,0x0404,0x00FF,773
60E1D400__vs__60E0E500,0x74168,Fuel Pressure Control (Map) 4 Y Axis,0x443B,0x0138,17155
60E1D400__vs__60E0E500,0x74188,Fuel Pressure Control (Map) 4,0x0404,0x4193,-15759
60E1D400__vs__60E0E500,0x74190,Fuel Pressure Control (Map) 5 Y Axis,0xC220,0x4005,33307
60E1D400__vs__60E0E500,0x741ac,Fuel Pressure Control (Map) 5,0x0000,0x4120,-16672
60E1D400__vs__60E0E500,0x741b4,Accel Pedal to Throttle Position #1 X Axis,0x0000,0x3EDC,-16092
60E1D400__vs__60E0E500,0x74208,Accel Pedal to Throttle Position #1 Y Axis,0x0000,0x3E4C,-15948
60E1D400__vs__60E0E500,0x74250,Accel Pedal to Throttle Position #1,0x0021,0x4316,-17141
60E1D400__vs__60E0E500,0x74544,Accel Pedal to Throttle Position #2 X Axis,0x0000,0x0000,0
60E1D400__vs__60E0E500,0x74598,Accel Pedal to Throttle Position #2 Y Axis,0x0000,0x3F20,-16160
60E1D400__vs__60E0E500,0x745e0,Accel Pedal to Throttle Position #2,0x0021,0x45DA,-17849
60E1D400__vs__60E0E500,0x748d4,Accel Pedal to Throttle Position #3 X Axis,0x0000,0x1000,-4096
60E1D400__vs__60E0E500,0x74928,Accel Pedal to Throttle Position #3 Y Axis,0x0000,0xC0E0,-49376
60E1D400__vs__60E0E500,0x74970,Accel Pedal to Throttle Position #3,0x0021,0x45BB,-17818
60E1D400__vs__60E0E500,0x74c64,Accel Pedal to Throttle Position #4 X Axis,0x0000,0x4207,-16903
60E1D400__vs__60E0E500,0x74cb8,Accel Pedal to Throttle Position #4 Y Axis,0x0000,0x0000,0
60E1D400__vs__60E0E500,0x74d00,Accel Pedal to Throttle Position #4,0x0021,0x4150,-16687
60E1D400__vs__60E0E500,0x75030,MAP Requested Load Y Axis,0xC220,0x4248,32728
60E1D400__vs__60E0E500,0x75054,MAP Requested Load,0x0384,0x0000,900
60E1D400__vs__60E0E500,0x75068,MAP Requested Load Smoothing Y Axis,0x43FA,0x45C8,-462
60E1D400__vs__60E0E500,0x750b0,MAP Requested Load Smoothing,0x0084,0x3E00,-15740
60E1D400__vs__60E0E500,0x750d4,Maximum Load Limit Y Axis,0xC220,0x3F30,33520
60E1D400__vs__60E0E500,0x750f8,Maximum Load Limit,0x0387,0x3FA0,-15385
60E1D400__vs__60E0E500,0x7510c,Idle Load Multiplier Y Axis,0xC220,0x44BB,32101
60E1D400__vs__60E0E500,0x75130,Idle Load Multiplier,0x0387,0x45BB,-16948
60E1D400__vs__60E0E500,0x75144,Fuel Injection - Cold Start Correction vs Coolant Temp Y Axis,0xC220,0x4604,31772
60E1D400__vs__60E0E500,0x75158,Fuel Injection - Cold Start Correction vs Coolant Temp,0x01F4,0x6363,-24943
60E1D400__vs__60E0E500,0x752c4,Battery Temperature Model - Decay Amount Y Axis,0x0000,0x9F9F,-40863
60E1D400__vs__60E0E500,0x752e0,Battery Temperature Model - Decay Amount,0x1C37,0xB4AC,-39029
60E1D400__vs__60E0E500,0x752e8,Desired Charge Voltage Y Axis,0xC220,0x9C9C,9604
60E1D400__vs__60E0E500,0x7530c,Desired Charge Voltage,0x05D4,0x3EE0,-14604
60E1D400__vs__60E0E500,0x75320,Alternator Duty Cycle Max Y Axis,0x447A,0x3F40,1338
60E1D400__vs__60E0E500,0x7534c,Alternator Duty Cycle Max,0x0348,0x443B,-16627
60E1D400__vs__60E0E500,0x75364,Alternator Diagnostic Voltage Delta to DC Y Axis,0x0000,0x455A,-17754
60E1D400__vs__60E0E500,0x75398,Alternator Diagnostic Voltage Delta to DC,0x0000,0x00AF,-175
60E1D400__vs__60E0E500,0x753b4,Fuel Integrated (Map) Y Axis,0xC220,0x012C,49396
60E1D400__vs__60E0E500,0x753d8,Fuel Integrated (Map),0x0000,0x012C,-300
60E1D400__vs__60E0E500,0x753ec,Fuel Integrated (Map) 2 Y Axis,0xC220,0x00AF,49521
60E1D400__vs__60E0E500,0x75410,Fuel Integrated (Map) 2,0x0000,0x012C,-300
60E1D400__vs__60E0E500,0x75424,Fuel Integrated (Map) 3 Y Axis,0xC220,0x00C4,49500
60E1D400__vs__60E0E500,0x75448,Fuel Integrated (Map) 3,0x0000,0x00DF,-223
60E1D400__vs__60E0E500,0x7545c,Fuel Integrated (Map) 4 Y Axis,0xC220,0x016A,49334
60E1D400__vs__60E0E500,0x75480,Fuel Integrated (Map) 4,0x0000,0x0163,-355
60E1D400__vs__60E0E500,0x75494,Alternator Voltage Delta - Diagnostic Request X Axis,0x447A,0x008E,17388
60E1D400__vs__60E0E500,0x754c0,Alternator Voltage Delta - Diagnostic Request Y Axis,0x0000,0x0069,-105
60E1D400__vs__60E0E500,0x754f0,Alternator Voltage Delta - Diagnostic Request,0x2620,0x0085,9627
60E1D400__vs__60E0E500,0x75594,(Unknown - interp_bilinear_fpu_blend_v2) Y Axis,0xC0E3,0x015C,49031
60E1D400__vs__60E0E500,0x755b8,(Unknown - interp_bilinear_fpu_blend_v2),0x806D,0x00AF,32702
60E1D400__vs__60E0E500,0x755c4,(Unknown - interp_bilinear_fpu_blend) X Axis,0x3E23,0x00BD,15718
60E1D400__vs__60E0E500,0x755ec,(Unknown - interp_bilinear_fpu_blend) Y Axis,0x4443,0x0065,17374
60E1D400__vs__60E0E500,0x75630,(Unknown - interp_bilinear_fpu_blend),0x1694,0x01CA,5322
60E1D400__vs__60E0E500,0x75784,(Unknown - interp_bilinear_fpu_blend_v2) 2 X Axis,0x3E23,0x0000,15907
60E1D400__vs__60E0E500,0x757ac,(Unknown - interp_bilinear_fpu_blend_v2) 2 Y Axis,0x4443,0x0000,17475
60E1D400__vs__60E0E500,0x757f0,(Unknown - interp_bilinear_fpu_blend_v2) 2,0x1900,0x35F3,-7411
60E1D400__vs__60E0E500,0x75984,(Unknown - fpu_mac_single) Y Axis,0x447A,0x174D,11565
60E1D400__vs__60E0E500,0x759cc,(Unknown - fpu_mac_single),0x1D1D,0x0000,7453
60E1D400__vs__60E0E500,0x75a34,Utility - Saturation Index Ramp vs RPM Y Axis,0x0000,0x3166,-12646
60E1D400__vs__60E0E500,0x75a78,Utility - Saturation Index Ramp vs RPM,0x0000,0x0000,0
60E1D400__vs__60E0E500,0x75a9c,Utility - RPM Lookup by Index Y Axis,0x0000,0x4D40,-19776
60E1D400__vs__60E0E500,0x75ae0,Utility - RPM Lookup by Index,0x444D,0x42A0,429
60E1D400__vs__60E0E500,0x75ba4,Sensor Range Limit - Constant vs Coolant Temp Y Axis,0xC1F0,0x0BB3,46653
60E1D400__vs__60E0E500,0x75bbc,Sensor Range Limit - Constant vs Coolant Temp,0x0404,0x1AC0,-5820
60E1D400__vs__60E0E500,0x75bc4,Rotor 1 Ignition Dwell Y Axis,0x4348,0x1080,13000
60E1D400__vs__60E0E500,0x75bf8,Rotor 1 Ignition Dwell,0x01F4,0x199A,-6054
60E1D400__vs__60E0E500,0x75c14,Rotor 2 Ignition Dwell Y Axis,0x4348,0x2B9A,6062
60E1D400__vs__60E0E500,0x75c48,Rotor 2 Ignition Dwell,0x01F4,0x1C0D,-6681
60E1D400__vs__60E0E500,0x75cf8,CAN Faults - Fault Counter - Snapshot Matrix X Axis,0x0000,0x3BA3,-15267
60E1D400__vs__60E0E500,0x75d0c,CAN Faults - Fault Counter - Snapshot Matrix Y Axis,0x0000,0x428C,-17036
60E1D400__vs__60E0E500,0x75d5c,CAN Faults - Fault Counter - Snapshot Matrix,0x0000,0x0100,-256
60E1D400__vs__60E0E500,0x75dc0,(Unknown - fpu_div_dispatch) X Axis,0x447A,0x0000,17530
60E1D400__vs__60E0E500,0x75e04,(Unknown - fpu_div_dispatch) Y Axis,0x3F20,0x41A0,-640
60E1D400__vs__60E0E500,0x75e10,(Unknown - fpu_div_dispatch),0x8000,0x42A0,15712
60E1D400__vs__60E0E500,0x75e78,(Unknown - fpu_div_dispatch) 2 X Axis,0x447A,0xC0E0,-31846
60E1D400__vs__60E0E500,0x75ebc,(Unknown - fpu_div_dispatch) 2 Y Axis,0x3F20,0x3FC0,-160
60E1D400__vs__60E0E500,0x75ec8,(Unknown - fpu_div_dispatch) 2,0x8000,0x4040,16320
60E1D400__vs__60E0E500,0x75f30,(Unknown - fpu_div_dispatch) 3 X Axis,0x447A,0x0762,15640
60E1D400__vs__60E0E500,0x75f74,(Unknown - fpu_div_dispatch) 3 Y Axis,0x3F20,0x4348,-1064
60E1D400__vs__60E0E500,0x75f80,(Unknown - fpu_div_dispatch) 3,0x8000,0x02F8,32008
60E1D400__vs__60E0E500,0x75fec,Adaptive Fuel Trim (Map) Y Axis,0x43FA,0x4348,178
60E1D400__vs__60E0E500,0x76034,Adaptive Fuel Trim (Map),0x064D,0xBFB3,-47462
60E1D400__vs__60E0E500,0x76058,Adaptive Fuel Trim (Map) 2 Y Axis,0x0000,0x3ECC,-16076
60E1D400__vs__60E0E500,0x7607c,Adaptive Fuel Trim (Map) 2,0x0080,0x4040,-16320
60E1D400__vs__60E0E500,0x76090,Transient Fuel Comp (Map) Y Axis,0x44C8,0x4100,968
60E1D400__vs__60E0E500,0x760a4,Transient Fuel Comp (Map),0x0991,0x7530,-27551
60E1D400__vs__60E0E500,0x760b0,Ignition Timing Leading - DSC Mode A - Base X Axis,0x3D80,0x7530,-14256
60E1D400__vs__60E0E500,0x760f8,Ignition Timing Leading - DSC Mode A - Base Y Axis,0x43FA,0x0000,17402
60E1D400__vs__60E0E500,0x76144,Ignition Timing Leading - DSC Mode A - Base,0x8A8A,0xC3FA,-14704
60E1D400__vs__60E0E500,0x7629c,(Unknown - fpu_div_speed_normalize) X Axis,0x3D80,0x4170,-1008
60E1D400__vs__60E0E500,0x762e4,(Unknown - fpu_div_speed_normalize) Y Axis,0x43FA,0x42DC,286
60E1D400__vs__60E0E500,0x76330,(Unknown - fpu_div_speed_normalize),0x00AF,0x4A4D,-18846
60E1D400__vs__60E0E500,0x765dc,Engine Torque X Axis,0x3D80,0x4100,-896
60E1D400__vs__60E0E500,0x76624,Engine Torque Y Axis,0x43FA,0x4B00,-1798
60E1D400__vs__60E0E500,0x76670,Engine Torque,0x0000,0x5233,-21043
60E1D400__vs__60E0E500,0x7691c,(Unknown - fpu_div_correction_factor) X Axis,0xC220,0x41FD,32803
60E1D400__vs__60E0E500,0x7693c,(Unknown - fpu_div_correction_factor) Y Axis,0x43FA,0x42BD,317
60E1D400__vs__60E0E500,0x76988,(Unknown - fpu_div_correction_factor),0x0BCD,0x0CAB,-222
60E1D400__vs__60E0E500,0x76ab8,(Unknown - divide_float_write_to) X Axis,0x4270,0xC0A0,-32304
60E1D400__vs__60E0E500,0x76acc,(Unknown - divide_float_write_to) Y Axis,0x3E4C,0x3F80,-308
60E1D400__vs__60E0E500,0x76ad8,(Unknown - divide_float_write_to),0xB073,0x3E4C,29223
60E1D400__vs__60E0E500,0x76b18,(Unknown - math_accumulator) Y Axis,0xC220,0x5180,28832
60E1D400__vs__60E0E500,0x76b28,(Unknown - math_accumulator),0x030E,0x4348,-16442
60E1D400__vs__60E0E500,0x76bc8,Torque Limit - Multipoint Curve 1 vs Torque Error Y Axis,0xC180,0x4220,32608
60E1D400__vs__60E0E500,0x76c2c,Torque Limit - Multipoint Curve 1 vs Torque Error,0x42BF,0x4418,-345
60E1D400__vs__60E0E500,0x76c90,Torque Limit - Multipoint Curve 2 vs Torque Error Y Axis,0xC180,0x447A,32006
60E1D400__vs__60E0E500,0x76cf4,Torque Limit - Multipoint Curve 2 vs Torque Error,0x42BF,0x429F,32
60E1D400__vs__60E0E500,0x76d58,Torque Limit - Multipoint Curve 3 vs Torque Error Y Axis,0xC180,0x41A0,32736
60E1D400__vs__60E0E500,0x76dbc,Torque Limit - Multipoint Curve 3 vs Torque Error,0x42BF,0x33FF,3776
60E1D400__vs__60E0E500,0x76e20,Torque Limit - Multipoint Curve 4 vs Torque Error Y Axis,0xC180,0x8000,16768
60E1D400__vs__60E0E500,0x76e84,Torque Limit - Multipoint Curve 4 vs Torque Error,0x42BF,0x5A00,-5953
60E1D400__vs__60E0E500,0x76ee8,Torque Limit - Multipoint Curve 5 vs Torque Error Y Axis,0xC180,0x457A,31750
60E1D400__vs__60E0E500,0x76f4c,Torque Limit - Multipoint Curve 5 vs Torque Error,0x42BF,0x3F77,840
60E1D400__vs__60E0E500,0x76fb0,Torque Compensation - Curve 1 vs Torque Error Y Axis,0xC180,0x4392,32238
60E1D400__vs__60E0E500,0x7702c,Torque Compensation - Curve 1 vs Torque Error,0x3E99,0x50A4,-4619
60E1D400__vs__60E0E500,0x770a8,Torque Compensation - Curve 2 vs Torque Error Y Axis,0xC180,0x49EE,30610
60E1D400__vs__60E0E500,0x77124,Torque Compensation - Curve 2 vs Torque Error,0x3E99,0x445A,-1473
60E1D400__vs__60E0E500,0x771a0,Torque Compensation - Curve 3 vs Torque Error Y Axis,0xC180,0x598C,26612
60E1D400__vs__60E0E500,0x7721c,Torque Compensation - Curve 3 vs Torque Error,0x3E19,0x420C,-1011
60E1D400__vs__60E0E500,0x77298,Torque Compensation - Curve 4 vs Torque Error Y Axis,0xC180,0x42BE,32450
60E1D400__vs__60E0E500,0x77314,Torque Compensation - Curve 4 vs Torque Error,0x3E19,0x6464,-9803
60E1D400__vs__60E0E500,0x77390,Torque Compensation - Curve 5 vs Torque Error Y Axis,0xC180,0x3E00,33664
60E1D400__vs__60E0E500,0x7740c,Torque Compensation - Curve 5 vs Torque Error,0x3E19,0x4168,-847
60E1D400__vs__60E0E500,0x77488,Torque Limit Multipoint (Map) X Axis,0x41A0,0x41A0,0
60E1D400__vs__60E0E500,0x774ac,Torque Limit Multipoint (Map) Y Axis,0x4000,0x43AF,-943
60E1D400__vs__60E0E500,0x774c0,Torque Limit Multipoint (Map),0x41A0,0x4220,-128
60E1D400__vs__60E0E500,0x77574,Faults - Diagnostic - Level Matrix X Axis,0x41A0,0x3F33,621
60E1D400__vs__60E0E500,0x7759c,Faults - Diagnostic - Level Matrix Y Axis,0x4000,0x4348,-840
60E1D400__vs__60E0E500,0x775b0,Faults - Diagnostic - Level Matrix,0x411C,0x3CA3,1145
60E1D400__vs__60E0E500,0x77678,Faults - Diagnostic - Level Matrix 2 X Axis,0x41A0,0x04F2,15534
60E1D400__vs__60E0E500,0x77680,Faults - Diagnostic - Level Matrix 2 Y Axis,0x4000,0x034C,15540
60E1D400__vs__60E0E500,0x77694,Faults - Diagnostic - Level Matrix 2,0x0000,0x4400,-17408
60E1D400__vs__60E0E500,0x776bc,Faults - Diagnostic - Level Matrix 3 X Axis,0x41A0,0x01F4,16300
60E1D400__vs__60E0E500,0x776c4,Faults - Diagnostic - Level Matrix 3 Y Axis,0x4000,0x00FA,16134
60E1D400__vs__60E0E500,0x776d8,Faults - Diagnostic - Level Matrix 3,0x0000,0x0000,0
60E1D400__vs__60E0E500,0x77700,Faults - Diagnostic - Level Matrix 4 X Axis,0x41A0,0x3DCC,980
60E1D400__vs__60E0E500,0x77724,Faults - Diagnostic - Level Matrix 4 Y Axis,0x4000,0x437F,-895
60E1D400__vs__60E0E500,0x77738,Faults - Diagnostic - Level Matrix 4,0x41A0,0x41F0,-80
60E1D400__vs__60E0E500,0x777ec,Faults - Diagnostic - Level Matrix 5 X Axis,0x0000,0x42A0,-17056
60E1D400__vs__60E0E500,0x77800,Faults - Diagnostic - Level Matrix 5 Y Axis,0x4000,0x42C8,-712
60E1D400__vs__60E0E500,0x77814,Faults - Diagnostic - Level Matrix 5,0x42C8,0x420C,188
60E1D400__vs__60E0E500,0x778ec,Cooling - Fan - Engage Threshold Y Axis,0x0000,0x45FA,-17914
60E1D400__vs__60E0E500,0x778f0,Cooling - Fan - Engage Threshold,0x10FF,0x4604,-13573
60E1D400__vs__60E0E500,0x778f4,Cooling - Fan - Disengage Threshold Y Axis,0x0000,0x460C,-17932
60E1D400__vs__60E0E500,0x778f8,Cooling - Fan - Disengage Threshold,0x00FF,0x3D80,-15489
60E1D400__vs__60E0E500,0x778fc,Engine On Time Threshold Y Axis,0xC220,0x3E00,33824
60E1D400__vs__60E0E500,0x77920,Engine On Time Threshold,0x0271,0x3F30,-15551
60E1D400__vs__60E0E500,0x779b8,(Unknown - conditional_fpu_accumulate_handler) Y Axis,0x4283,0x0D0E,13685
60E1D400__vs__60E0E500,0x779d8,(Unknown - conditional_fpu_accumulate_handler),0x6464,0x1010,21588
60E1D400__vs__60E0E500,0x779e0,(Unknown - conditional_fpu_accumulate_handler) 2 Y Axis,0x4138,0x1314,11812
60E1D400__vs__60E0E500,0x779fc,(Unknown - conditional_fpu_accumulate_handler) 2,0x0000,0x1312,-4882
60E1D400__vs__60E0E500,0x77a0c,(Unknown - conditional_fpu_accumulate_handler) 3 Y Axis,0x4138,0x3303,3637
60E1D400__vs__60E0E500,0x77a28,(Unknown - conditional_fpu_accumulate_handler) 3,0x0000,0x1919,-6425
60E1D400__vs__60E0E500,0x77a44,Primary Injector Weighted Engine Temp Multiplier X Axis,0xC220,0x383B,35301
60E1D400__vs__60E0E500,0x77a70,Primary Injector Weighted Engine Temp Multiplier Y Axis,0x3E00,0x1616,10218
60E1D400__vs__60E0E500,0x77a9c,Primary Injector Weighted Engine Temp Multiplier,0x4040,0x455A,-1306
60E1D400__vs__60E0E500,0x77b18,Secondary 1 Injector Weighted Engine Temp Multiplier X Axis,0xC220,0x1413,44557
60E1D400__vs__60E0E500,0x77b1c,Secondary 1 Injector Weighted Engine Temp Multiplier Y Axis,0x3E00,0x151A,10470
60E1D400__vs__60E0E500,0x77b20,Secondary 1 Injector Weighted Engine Temp Multiplier,0x40FF,0x222D,7890
60E1D400__vs__60E0E500,0x77b24,Secondary 2 Injector Weighted Engine Temp Multiplier X Axis,0xC220,0x3437,36329
60E1D400__vs__60E0E500,0x77b28,Secondary 2 Injector Weighted Engine Temp Multiplier Y Axis,0x3E00,0x44BB,-1723
60E1D400__vs__60E0E500,0x77b2c,Secondary 2 Injector Weighted Engine Temp Multiplier,0x40FF,0x44FA,-1019
60E1D400__vs__60E0E500,0x77b34,(Unknown - fpu_multiply_accumulate_store) Y Axis,0x4270,0x453B,-715
60E1D400__vs__60E0E500,0x77b44,(Unknown - fpu_multiply_accumulate_store),0x2456,0x42B4,-7774
60E1D400__vs__60E0E500,0x77b4c,Injector Manifold Vacuum Multiplier Y Axis,0xC1F0,0x42C4,32556
60E1D400__vs__60E0E500,0x77b90,Injector Manifold Vacuum Multiplier,0x28B7,0x3F00,-5705
60E1D400__vs__60E0E500,0x77bb4,Estimated Manifold Pressure X Axis,0x447A,0x8080,-15366
60E1D400__vs__60E0E500,0x77bf8,Estimated Manifold Pressure Y Axis,0x3D80,0xC1A0,-33824
60E1D400__vs__60E0E500,0x77c48,Estimated Manifold Pressure,0x0EE6,0x40A0,-12730
60E1D400__vs__60E0E500,0x77ef0,Injector Latency Secondary X Axis,0xC17D,0x6A68,22293
60E1D400__vs__60E0E500,0x77f34,Injector Latency Secondary Y Axis,0x40D0,0xC180,-32944
60E1D400__vs__60E0E500,0x77f58,Injector Latency Secondary,0x0C64,0x4100,-13468
60E1D400__vs__60E0E500,0x7808c,Injector Latency Primary X Axis,0xC17D,0x6D0A,21619
60E1D400__vs__60E0E500,0x780d0,Injector Latency Primary Y Axis,0x40D0,0x42C8,-504
60E1D400__vs__60E0E500,0x780f4,Injector Latency Primary,0x0AC0,0x0000,2752
60E1D400__vs__60E0E500,0x78284,Coil Output Timing (Map) Y Axis,0x4270,0x07D0,15008
60E1D400__vs__60E0E500,0x7829c,Coil Output Timing (Map),0x202E,0x447A,-9292
60E1D400__vs__60E0E500,0x782a4,Coil Output Timing (Map) 2 Y Axis,0x4282,0x44FA,-632
60E1D400__vs__60E0E500,0x782b8,Coil Output Timing (Map) 2,0x4C80,0x0000,19584
60E1D400__vs__60E0E500,0x782c0,Fuel Injection - Startup - Injector Pulse Width Multiplier Y Axis,0x4282,0x4220,98
60E1D400__vs__60E0E500,0x782c4,Fuel Injection - Startup - Injector Pulse Width Multiplier,0x80FF,0x4270,16015
60E1D400__vs__60E0E500,0x782c8,(Unknown - conditional_fpu_calc) Y Axis,0x41A8,0x42A0,-248
60E1D400__vs__60E0E500,0x782d4,(Unknown - conditional_fpu_calc),0x8000,0x01D2,32302
60E1D400__vs__60E0E500,0x782d8,FPU - Correction Constant vs Coolant Temp Y Axis,0xC220,0x059A,48262
60E1D400__vs__60E0E500,0x782e4,FPU - Correction Constant vs Coolant Temp,0xEAEA,0x059A,58704
60E1D400__vs__60E0E500,0x782e8,Injector Deadtime Primary Y Axis,0xC1F0,0x0433,48573
60E1D400__vs__60E0E500,0x78318,Injector Deadtime Primary,0x60A4,0x00E6,24510
60E1D400__vs__60E0E500,0x78330,Primary Fuel Injector Cranking Pulse Width Y Axis,0xC1F0,0xC220,-48
60E1D400__vs__60E0E500,0x78364,Primary Fuel Injector Cranking Pulse Width,0x60A4,0x0B49,21851
60E1D400__vs__60E0E500,0x783a0,Primary Injector Size,0x43B8,0x459C,-484
60E1D400__vs__60E0E500,0x783a8,Secondary Injector Size,0x43ED,0xC1A0,-32179
60E1D400__vs__60E0E500,0x783b0,Secondary Injector Size #2,0x43ED,0x41A0,589
60E1D400__vs__60E0E500,0x78418,(Unknown - massive_fpu_control_calc) Y Axis,0x447A,0x0200,17018
60E1D400__vs__60E0E500,0x7845c,(Unknown - massive_fpu_control_calc),0x1414,0x3B7F,-10091
60E1D400__vs__60E0E500,0x78470,Primary Injector Max Barometric Pressure Correction Y Axis,0x4256,0x3EC0,918
60E1D400__vs__60E0E500,0x78490,Primary Injector Max Barometric Pressure Correction,0x2F41,0x8C3C,-23803
60E1D400__vs__60E0E500,0x78498,FPU - Adaptive Correction vs Coolant Temp Y Axis,0xC220,0x0000,49696
60E1D400__vs__60E0E500,0x784bc,FPU - Adaptive Correction vs Coolant Temp,0x1E1E,0x4600,-10210
60E1D400__vs__60E0E500,0x784c8,FPU - Correction Step 1 vs Coolant Temp Y Axis,0xC1A0,0x32FF,36513
60E1D400__vs__60E0E500,0x784d4,FPU - Correction Step 1 vs Coolant Temp,0x0000,0x0000,0
60E1D400__vs__60E0E500,0x784d8,FPU - Correction Step 2 vs Coolant Temp Y Axis,0xC1A0,0x41A0,32768
60E1D400__vs__60E0E500,0x784e4,FPU - Correction Step 2 vs Coolant Temp,0x0000,0x42A0,-17056
60E1D400__vs__60E0E500,0x784e8,Primary Fuel Injector Pulse Width Control Y Axis,0xC220,0x42C8,32600
60E1D400__vs__60E0E500,0x7850c,Primary Fuel Injector Pulse Width Control,0x0505,0x3E40,-14651
60E1D400__vs__60E0E500,0x78518,Secondary Fuel Injector Minimum Pulse Width Y Axis,0xC220,0x3E90,33680
60E1D400__vs__60E0E500,0x7853c,Secondary Fuel Injector Minimum Pulse Width,0x1A1A,0x2710,-3318
60E1D400__vs__60E0E500,0x78548,(Unknown - complex_adaptive_fpu_calc) Y Axis,0xC220,0x0000,49696
60E1D400__vs__60E0E500,0x7856c,(Unknown - complex_adaptive_fpu_calc),0x1A1A,0x3E90,-9334
60E1D400__vs__60E0E500,0x78578,(Unknown - complex_fpu_compare_calc) Y Axis,0xC220,0x3EC0,33632
60E1D400__vs__60E0E500,0x7859c,(Unknown - complex_fpu_compare_calc),0x8A00,0x0000,35328
60E1D400__vs__60E0E500,0x785b0,Calculate Fuel Amount Per Rotation Min Max (Map) Y Axis,0x447A,0x3E20,1626
60E1D400__vs__60E0E500,0x785f4,Calculate Fuel Amount Per Rotation Min Max (Map),0xAF00,0x447A,27270
60E1D400__vs__60E0E500,0x78618,Secondary Injectors Allowed Threshold - Coolant Temperature Based Y Axis,0xC220,0x4220,32768
60E1D400__vs__60E0E500,0x7863c,Secondary Injectors Allowed Threshold - Coolant Temperature Based,0x0BB8,0x147B,-2243
60E1D400__vs__60E0E500,0x78650,Engine Load Compensation X Axis,0x43FA,0x0B98,14434
60E1D400__vs__60E0E500,0x78698,Engine Load Compensation Y Axis,0x3E00,0x41F0,-1008
60E1D400__vs__60E0E500,0x786e8,Engine Load Compensation,0x55C3,0x0666,20317
60E1D400__vs__60E0E500,0x789d0,(Unknown - extensive_table_based_fpu_calc) Y Axis,0xC170,0x9903,10349
60E1D400__vs__60E0E500,0x78a00,(Unknown - extensive_table_based_fpu_calc),0x0000,0x00FA,-250
60E1D400__vs__60E0E500,0x78a0c,(Unknown - extensive_table_based_fpu_calc) 2 Y Axis,0x428C,0x461C,-912
60E1D400__vs__60E0E500,0x78a30,(Unknown - extensive_table_based_fpu_calc) 2,0x6464,0x3E00,9828
60E1D400__vs__60E0E500,0x78a3c,(Unknown - extensive_table_based_fpu_calc) 3 Y Axis,0xC170,0x3E00,33648
60E1D400__vs__60E0E500,0x78a6c,(Unknown - extensive_table_based_fpu_calc) 3,0x0000,0x428E,-17038
60E1D400__vs__60E0E500,0x78a78,(Unknown - extensive_table_based_fpu_calc) 4 Y Axis,0x428C,0x437F,-243
60E1D400__vs__60E0E500,0x78a9c,(Unknown - extensive_table_based_fpu_calc) 4,0x6464,0x3F00,9572
60E1D400__vs__60E0E500,0x78aa8,(Unknown - extensive_table_based_fpu_calc) 5 Y Axis,0xC170,0x3C20,34128
60E1D400__vs__60E0E500,0x78ad8,(Unknown - extensive_table_based_fpu_calc) 5,0x0000,0x3D20,-15648
60E1D400__vs__60E0E500,0x78ae4,(Unknown - extensive_table_based_fpu_calc) 6 Y Axis,0x428C,0x3D3E,1358
60E1D400__vs__60E0E500,0x78b08,(Unknown - extensive_table_based_fpu_calc) 6,0x6464,0x3D8C,9944
60E1D400__vs__60E0E500,0x78b14,(Unknown - extensive_table_based_fpu_calc) 7 Y Axis,0x3D80,0x3D9B,-27
60E1D400__vs__60E0E500,0x78b38,(Unknown - extensive_table_based_fpu_calc) 7,0x6464,0x3EC7,9629
60E1D400__vs__60E0E500,0x78b44,(Unknown - complex_fpu_div_sqrt_accumulate) Y Axis,0x4100,0x3F01,511
60E1D400__vs__60E0E500,0x78b68,(Unknown - complex_fpu_div_sqrt_accumulate),0x6464,0x3FC8,9372
60E1D400__vs__60E0E500,0x78b74,Auxiliary Port Valve - Schedule - Condition Table Y Axis,0x4100,0x4002,254
60E1D400__vs__60E0E500,0x78ba0,Auxiliary Port Valve - Schedule - Condition Table,0x0000,0x4A4D,-19021
60E1D400__vs__60E0E500,0x78bb8,(Unknown - conditional_fpu_multi_flag_selector) Y Axis,0xC170,0xBABD,1715
60E1D400__vs__60E0E500,0x78be8,(Unknown - conditional_fpu_multi_flag_selector),0x0050,0x457A,-17706
60E1D400__vs__60E0E500,0x78c4c,(Unknown - extensive_fpu_threshold_and_calc) Y Axis,0xC220,0x45BB,31845
60E1D400__vs__60E0E500,0x78c68,(Unknown - extensive_fpu_threshold_and_calc),0x0050,0x01C0,-368
60E1D400__vs__60E0E500,0x78c70,Cruise Control - Set Speed - Condition Threshold Y Axis,0x428C,0x0220,16492
60E1D400__vs__60E0E500,0x78c74,Cruise Control - Set Speed - Condition Threshold,0x00FF,0x4448,-17225
60E1D400__vs__60E0E500,0x78c78,Secondary Air Pump On Time Y Axis,0xC1A0,0x4100,32928
60E1D400__vs__60E0E500,0x78c94,Secondary Air Pump On Time,0x0000,0x3F60,-16224
60E1D400__vs__60E0E500,0x78cc0,Auxillary Valve Close,0x45BE,0x459C,34
60E1D400__vs__60E0E500,0x78d9c,Max Load - Intake Temperature Compensation Y Axis,0xC220,0x442A,32246
60E1D400__vs__60E0E500,0x78dc0,Max Load - Intake Temperature Compensation,0x031B,0x4180,-15973
60E1D400__vs__60E0E500,0x78dd4,Engine Torque Max - Barometric Pressure Compensation Y Axis,0x4220,0x43E1,-449
60E1D400__vs__60E0E500,0x78df8,Engine Torque Max - Barometric Pressure Compensation,0x09E4,0x4461,-14973
60E1D400__vs__60E0E500,0x78edc,Minimum Oil Injection Amount Y Axis,0x0000,0x01AF,-431
60E1D400__vs__60E0E500,0x78f00,Minimum Oil Injection Amount,0x3C1E,0x41A0,-1410
60E1D400__vs__60E0E500,0x78f0c,Intake Air Temperature Based Oil Injection Amount Y Axis,0x41F0,0x420C,-28
60E1D400__vs__60E0E500,0x78f24,Intake Air Temperature Based Oil Injection Amount,0x1616,0x03D6,4672
60E1D400__vs__60E0E500,0x78f2c,Manifold Pressure Based Oil Injection Amount Y Axis,0x41F0,0xC120,-32560
60E1D400__vs__60E0E500,0x78f44,Manifold Pressure Based Oil Injection Amount,0x6464,0x41A0,8900
60E1D400__vs__60E0E500,0x78f4c,Unknown - Zero Table vs Coolant Temp Y Axis,0xC1A0,0x41F0,32688
60E1D400__vs__60E0E500,0x78f78,Unknown - Zero Table vs Coolant Temp,0x0000,0x0000,0
60E1D400__vs__60E0E500,0x78f84,Load Based Oil Injection Temperature Correction Y Axis,0x42B4,0x4170,324
60E1D400__vs__60E0E500,0x78f90,Load Based Oil Injection Temperature Correction,0x03E9,0x41F0,-15879
60E1D400__vs__60E0E500,0x78f98,First Start Oil Injection Timer Y Axis,0x41F0,0x024B,16293
60E1D400__vs__60E0E500,0x78fb0,First Start Oil Injection Timer,0x0000,0xC170,-49520
60E1D400__vs__60E0E500,0x78fbc,Unknown - Dual-Level Table vs Axis Y Axis,0x0000,0x0000,0
60E1D400__vs__60E0E500,0x78fd4,Unknown - Dual-Level Table vs Axis,0x4100,0x41F0,-240
60E1D400__vs__60E0E500,0x78fec,Exhaust Port - Duty Step vs Index Y Axis,0x0000,0xE09C,-57500
60E1D400__vs__60E0E500,0x79004,Exhaust Port - Duty Step vs Index,0x0000,0x41A0,-16800
60E1D400__vs__60E0E500,0x7901c,Unknown - Table vs Axis Y Axis,0x40A0,0x0CF8,13224
60E1D400__vs__60E0E500,0x79028,Unknown - Table vs Axis,0x4120,0x0190,16272
60E1D400__vs__60E0E500,0x79034,Oil Metering By Load X Axis,0x442F,0x0020,17423
60E1D400__vs__60E0E500,0x79080,Oil Metering By Load Y Axis,0x3D80,0x42CA,-1354
60E1D400__vs__60E0E500,0x790c4,Oil Metering By Load,0x0303,0x10C0,-3517
60E1D400__vs__60E0E500,0x79208,Oil Metering By Throttle X Axis,0x442F,0x45CB,-412
60E1D400__vs__60E0E500,0x79254,Oil Metering By Throttle Y Axis,0x4270,0x0000,17008
60E1D400__vs__60E0E500,0x79264,Oil Metering By Throttle,0x0000,0x42A0,-17056
60E1D400__vs__60E0E500,0x792b0,Barometric Pressure Based Oil Injection Amount X Axis,0x44BB,0x0021,17562
60E1D400__vs__60E0E500,0x792c8,Barometric Pressure Based Oil Injection Amount Y Axis,0x42AA,0x3D00,1450
60E1D400__vs__60E0E500,0x792dc,Barometric Pressure Based Oil Injection Amount,0x2828,0x0000,10280
60E1D400__vs__60E0E500,0x7930c,Fuel Injection - Warmup Fueling - Load Based Multiplier Y Axis,0x3E00,0x3F19,-281
60E1D400__vs__60E0E500,0x79334,Fuel Injection - Warmup Fueling - Load Based Multiplier,0x4040,0x0000,16448
60E1D400__vs__60E0E500,0x79340,Fuel Injection - Warmup Fueling X Axis,0xC220,0x0000,49696
60E1D400__vs__60E0E500,0x79380,Fuel Injection - Warmup Fueling Y Axis,0xC1A0,0x0000,49568
60E1D400__vs__60E0E500,0x7938c,Fuel Injection - Warmup Fueling,0x4B41,0x3E40,3329
60E1D400__vs__60E0E500,0x793bc,Fuel Injection - Warmup Fueling - Engine Speed Based X Axis,0x447A,0x451C,-162
60E1D400__vs__60E0E500,0x793d0,Fuel Injection - Warmup Fueling - Engine Speed Based Y Axis,0x40A0,0x001C,16516
60E1D400__vs__60E0E500,0x793e4,Fuel Injection - Warmup Fueling - Engine Speed Based,0x1216,0x001C,4602
60E1D400__vs__60E0E500,0x79400,Fuel Injection - Warmup Fueling - Engine Speed Based (Coolant Temp Fault) X Axis,0x43FA,0x000D,17389
60E1D400__vs__60E0E500,0x7941c,Fuel Injection - Warmup Fueling - Engine Speed Based (Coolant Temp Fault) Y Axis,0xC220,0x0006,49690
60E1D400__vs__60E0E500,0x79434,Fuel Injection - Warmup Fueling - Engine Speed Based (Coolant Temp Fault),0x0A0A,0x0001,2569
60E1D400__vs__60E0E500,0x79470,(Unknown - extensive_fpu_div_multi_calc) Y Axis,0xC220,0x0001,49695
60E1D400__vs__60E0E500,0x794b0,(Unknown - extensive_fpu_div_multi_calc),0x001E,0x455A,-17724
60E1D400__vs__60E0E500,0x794d0,(Unknown - extensive_fpu_div_multi_calc) 2 Y Axis,0xC220,0x0000,49696
60E1D400__vs__60E0E500,0x79510,(Unknown - extensive_fpu_div_multi_calc) 2,0x0014,0x13A1,-5005
60E1D400__vs__60E0E500,0x79530,(Unknown - fpu_div_conditional_calc) X Axis,0xC220,0x0EED,45875
60E1D400__vs__60E0E500,0x79570,(Unknown - fpu_div_conditional_calc) Y Axis,0x4220,0x3EC0,864
60E1D400__vs__60E0E500,0x79584,(Unknown - fpu_div_conditional_calc),0x0000,0x43FA,-17402
60E1D400__vs__60E0E500,0x795d4,(Unknown - fpu_div_conditional_calc) 2 X Axis,0xC1A0,0x058F,48145
60E1D400__vs__60E0E500,0x79614,(Unknown - fpu_div_conditional_calc) 2 Y Axis,0x4220,0x0000,16928
60E1D400__vs__60E0E500,0x79628,(Unknown - fpu_div_conditional_calc) 2,0x2626,0x0000,9766
60E1D400__vs__60E0E500,0x796bc,(Unknown - extensive_fpu_threshold_calc) Y Axis,0xC180,0x451C,31844
60E1D400__vs__60E0E500,0x796e8,(Unknown - extensive_fpu_threshold_calc),0x9682,0x45FA,20616
60E1D400__vs__60E0E500,0x796f4,(Unknown - extensive_fpu_threshold_calc) 2 Y Axis,0xC180,0x1C1B,42341
60E1D400__vs__60E0E500,0x79728,(Unknown - extensive_fpu_threshold_calc) 2,0x07F8,0x4120,-14632
60E1D400__vs__60E0E500,0x79770,Secondary Fuel Blend Transition RPM Y Axis,0xC220,0x3F80,33440
60E1D400__vs__60E0E500,0x79790,Secondary Fuel Blend Transition RPM,0x7D64,0x4120,15428
60E1D400__vs__60E0E500,0x79798,Ignition Leading - Cranking Timing Advance Y Axis,0xC1A0,0x43AF,32241
60E1D400__vs__60E0E500,0x797c8,Ignition Leading - Cranking Timing Advance,0x3232,0x82FF,-20685
60E1D400__vs__60E0E500,0x797d4,Rotor A/B Fuel Pulse Width Limiter Y Axis,0x0000,0x3F66,-16230
60E1D400__vs__60E0E500,0x79814,Rotor A/B Fuel Pulse Width Limiter,0x6D0A,0x0708,26114
60E1D400__vs__60E0E500,0x798a4,Secondary Injectors Enable Temperature Y Axis,0x44FA,0x0064,17558
60E1D400__vs__60E0E500,0x798b8,Secondary Injectors Enable Temperature,0x6C6C,0xC1A0,-21812
60E1D400__vs__60E0E500,0x798c0,Secondary Injectors Disable Temperature Y Axis,0x44FA,0x41A0,858
60E1D400__vs__60E0E500,0x798d0,Secondary Injectors Disable Temperature,0x6C76,0x42C8,10670
60E1D400__vs__60E0E500,0x798d4,Knock Retard Max - Knock Sensor Faulted Y Axis,0x44FA,0x00C3,17463
60E1D400__vs__60E0E500,0x798e8,Knock Retard Max - Knock Sensor Faulted,0x6C6C,0x40A3,11209
60E1D400__vs__60E0E500,0x798f0,Rotor A/B Fuel Trim Y Axis,0x44FA,0x4175,901
60E1D400__vs__60E0E500,0x79920,Rotor A/B Fuel Trim,0x6C6C,0x4299,10707
60E1D400__vs__60E0E500,0x7992c,Rotor A/B Fuel Trim 2 Y Axis,0x44FA,0x42B8,578
60E1D400__vs__60E0E500,0x7995c,Rotor A/B Fuel Trim 2,0x8080,0x0034,32844
60E1D400__vs__60E0E500,0x79980,Deceleration Fuel Cutoff Rate Y Axis,0x3E00,0x40A3,-675
60E1D400__vs__60E0E500,0x799a0,Deceleration Fuel Cutoff Rate,0x0014,0x4238,-16932
60E1D400__vs__60E0E500,0x799a8,Deceleration Fuel Cutoff Recovery Y Axis,0xBDC0,0x4261,31583
60E1D400__vs__60E0E500,0x799b8,Deceleration Fuel Cutoff Recovery,0x1D4C,0x4299,-9549
60E1D400__vs__60E0E500,0x799c0,Fuel Pressure Regulator Duty Low Y Axis,0xBED0,0x42AE,31778
60E1D400__vs__60E0E500,0x799f8,Fuel Pressure Regulator Duty Low,0x2710,0x003C,9940
60E1D400__vs__60E0E500,0x79a14,Fuel Pressure Regulator Duty High Y Axis,0xBED0,0xC220,-848
60E1D400__vs__60E0E500,0x79a1c,Fuel Pressure Regulator Duty High,0x13D6,0x0000,5078
60E1D400__vs__60E0E500,0x79a20,Fuel Pressure Regulator (3D) X Axis,0x43FA,0x41A0,602
60E1D400__vs__60E0E500,0x79a38,Fuel Pressure Regulator (3D) Y Axis,0xC220,0x00C3,49501
60E1D400__vs__60E0E500,0x79a54,Fuel Pressure Regulator (3D),0x059A,0x41A3,-15369
60E1D400__vs__60E0E500,0x79aa8,Fuel Pressure Regulator Compensation (3D) X Axis,0x44BB,0x4220,667
60E1D400__vs__60E0E500,0x79ab8,Fuel Pressure Regulator Compensation (3D) Y Axis,0xC220,0x03CF,48721
60E1D400__vs__60E0E500,0x79ad4,Fuel Pressure Regulator Compensation (3D),0x1366,0x44FA,-12692
60E1D400__vs__60E0E500,0x79b0c,Fuel Pressure Regulator Compensation 2 (3D) X Axis,0x44BB,0x460C,-337
60E1D400__vs__60E0E500,0x79b2c,Fuel Pressure Regulator Compensation 2 (3D) Y Axis,0xC220,0x3F80,33440
60E1D400__vs__60E0E500,0x79b48,Fuel Pressure Regulator Compensation 2 (3D),0x1E00,0x0376,6794
60E1D400__vs__60E0E500,0x79bf0,(Unknown - fpu_calc_with_state_routing) Y Axis,0x3E00,0x0366,15002
60E1D400__vs__60E0E500,0x79c18,(Unknown - fpu_calc_with_state_routing),0x8C3C,0x0395,34983
60E1D400__vs__60E0E500,0x79c24,(Unknown - state_dispatch_with_interpolate) Y Axis,0x0000,0x0388,-904
60E1D400__vs__60E0E500,0x79c48,(Unknown - state_dispatch_with_interpolate),0x1E32,0x0388,6826
60E1D400__vs__60E0E500,0x79c54,Get Engine Startup Enrich Value (Map) Y Axis,0xC220,0x0100,49440
60E1D400__vs__60E0E500,0x79c74,Get Engine Startup Enrich Value (Map),0x503C,0x420A,3634
60E1D400__vs__60E0E500,0x79c7c,(Unknown - fpu_calc_with_state_routing) 2 Y Axis,0x0000,0x4483,-17539
60E1D400__vs__60E0E500,0x79cb4,(Unknown - fpu_calc_with_state_routing) 2,0x0000,0x3F00,-16128
60E1D400__vs__60E0E500,0x79cd0,(Unknown - fpu_calc_conditional_branch) Y Axis,0x0000,0x4040,-16448
60E1D400__vs__60E0E500,0x79d08,(Unknown - fpu_calc_conditional_branch),0x0000,0x4220,-16928
60E1D400__vs__60E0E500,0x79d24,(Unknown - fpu_calc_with_state_transition) Y Axis,0x0000,0x43FA,-17402
60E1D400__vs__60E0E500,0x79d5c,(Unknown - fpu_calc_with_state_transition),0x0000,0x43FA,-17402
60E1D400__vs__60E0E500,0x79d78,(Unknown - fpu_calc_with_state_routing) 3 X Axis,0x43FA,0x457A,-384
60E1D400__vs__60E0E500,0x79d90,(Unknown - fpu_calc_with_state_routing) 3 Y Axis,0xC220,0x2828,39416
60E1D400__vs__60E0E500,0x79dac,(Unknown - fpu_calc_with_state_routing) 3,0x147B,0x1919,-1182
60E1D400__vs__60E0E500,0x79e00,(Unknown - fpu_calc_with_state_routing) 4 X Axis,0x447A,0x40C0,954
60E1D400__vs__60E0E500,0x79e14,(Unknown - fpu_calc_with_state_routing) 4 Y Axis,0x40A0,0x1388,11544
60E1D400__vs__60E0E500,0x79e30,(Unknown - fpu_calc_with_state_routing) 4,0x278D,0x000A,10115
60E1D400__vs__60E0E500,0x79e78,(Unknown - fpu_calc_conditional_branch) 2 X Axis,0x43FA,0x1388,12402
60E1D400__vs__60E0E500,0x79e90,(Unknown - fpu_calc_conditional_branch) 2 Y Axis,0xC220,0x1388,44696
60E1D400__vs__60E0E500,0x79eac,(Unknown - fpu_calc_conditional_branch) 2,0x72D9,0x0005,29396
60E1D400__vs__60E0E500,0x79f00,(Unknown - fpu_calc_conditional_branch) 3 X Axis,0x447A,0x1388,12530
60E1D400__vs__60E0E500,0x79f14,(Unknown - fpu_calc_conditional_branch) 3 Y Axis,0x40A0,0x0000,16544
60E1D400__vs__60E0E500,0x79f2c,(Unknown - fpu_calc_conditional_branch) 3,0xA82E,0x40C0,26478
60E1D400__vs__60E0E500,0x79f68,(Unknown - fpu_calc_with_state_transition) 2 X Axis,0x447A,0x1388,12530
60E1D400__vs__60E0E500,0x79f7c,(Unknown - fpu_calc_with_state_transition) 2 Y Axis,0x40A0,0x3F80,288
60E1D400__vs__60E0E500,0x79f94,(Unknown - fpu_calc_with_state_transition) 2,0x605B,0x0000,24667
60E1D400__vs__60E0E500,0x7a028,RPM Based Max Engine Load Y Axis,0x43FA,0x9905,-21771
60E1D400__vs__60E0E500,0x7a070,RPM Based Max Engine Load,0x5852,0x9237,-14821
60E1D400__vs__60E0E500,0x7a094,(Unknown - fpu_pair_accumulate_calc) Y Axis,0xC220,0x9E02,9246
60E1D400__vs__60E0E500,0x7a0b4,(Unknown - fpu_pair_accumulate_calc),0xA3CC,0xAF16,-2890
60E1D400__vs__60E0E500,0x7a0c4,Max Load - Barometric Pressure Compensation Y Axis,0x4256,0x43FA,-420
60E1D400__vs__60E0E500,0x7a0e4,Max Load - Barometric Pressure Compensation,0x4400,0x458C,-396
60E1D400__vs__60E0E500,0x7a0f4,(Unknown - extensive_fpu_conditional_threshold_calc) Y Axis,0x447A,0x4040,1082
60E1D400__vs__60E0E500,0x7a118,(Unknown - extensive_fpu_conditional_threshold_calc),0x6B85,0x0D1F,24166
60E1D400__vs__60E0E500,0x7a12c,(Unknown - extensive_fpu_conditional_threshold_calc) 2 Y Axis,0x447A,0x0D1F,14171
60E1D400__vs__60E0E500,0x7a150,(Unknown - extensive_fpu_conditional_threshold_calc) 2,0x947B,0x2158,29475
60E1D400__vs__60E0E500,0x7a230,Knock Voltage To Magnitude Y Axis,0x3C20,0x8E2B,-21003
60E1D400__vs__60E0E500,0x7a318,Knock Voltage To Magnitude,0x000A,0x466A,-18016
60E1D400__vs__60E0E500,0x7a354,Knock Related 1 Y Axis,0x43FA,0x3E99,1377
60E1D400__vs__60E0E500,0x7a38c,Knock Related 1,0x00F3,0x3F20,-15917
60E1D400__vs__60E0E500,0x7a3a8,Knock Related 2 Y Axis,0x43FA,0x455A,-352
60E1D400__vs__60E0E500,0x7a3e0,Knock Related 2,0x00E0,0x0000,224
60E1D400__vs__60E0E500,0x7a3fc,Knock Related Y Axis,0x4448,0x0000,17480
60E1D400__vs__60E0E500,0x7a400,Knock Related,0x4100,0x0000,16640
60E1D400__vs__60E0E500,0x7a404,Knock Related 3 Y Axis,0x43FA,0x00FF,17147
60E1D400__vs__60E0E500,0x7a408,Knock Related 3,0x4180,0x3E00,896
60E1D400__vs__60E0E500,0x7a40c,Knock Rel #4 X Axis,0x3F10,0x3E40,208
60E1D400__vs__60E0E500,0x7a424,Knock Rel #4 Y Axis,0x43FA,0x3F10,1258
60E1D400__vs__60E0E500,0x7a450,Knock Rel #4,0x2C32,0x4160,-5422
60E1D400__vs__60E0E500,0x7a494,Knock Rel #0 X Axis,0x3F10,0x4160,-592
60E1D400__vs__60E0E500,0x7a4ac,Knock Rel #0 Y Axis,0x43FA,0x4160,666
60E1D400__vs__60E0E500,0x7a4d8,Knock Rel #0,0x2E32,0x4160,-4910
60E1D400__vs__60E0E500,0x7a538,(Unknown - extensive_fpu_multi_calc_selector) Y Axis,0x0000,0x4160,-16736
60E1D400__vs__60E0E500,0x7a554,(Unknown - extensive_fpu_multi_calc_selector),0x501E,0x4160,3774
60E1D400__vs__60E0E500,0x7a55c,(Unknown - extensive_fpu_multi_calc_selector) 2 Y Axis,0x43E1,0x4160,641
60E1D400__vs__60E0E500,0x7a58c,(Unknown - extensive_fpu_multi_calc_selector) 2,0x0062,0x4160,-16638
60E1D400__vs__60E0E500,0x7a5a4,VDI Open,0x45E2,0x3E57,1931
60E1D400__vs__60E0E500,0x7a600,Airflow Or Load Related Y Axis,0x3E80,0x45EA,-1898
60E1D400__vs__60E0E500,0x7a628,Airflow Or Load Related,0x04C0,0x429F,-15839
60E1D400__vs__60E0E500,0x7a63c,MAF Related Y Axis,0x0000,0x41B4,-16820
60E1D400__vs__60E0E500,0x7a65c,MAF Related,0x001A,0x4180,-16742
60E1D400__vs__60E0E500,0x7a66c,Fuel Injection Control Callback (Map) Y Axis,0xC170,0x422E,32578
60E1D400__vs__60E0E500,0x7a698,Fuel Injection Control Callback (Map),0xFFFC,0x422A,48594
60E1D400__vs__60E0E500,0x7a6b0,Fuel Injection Control Callback (Map) 2 Y Axis,0xC170,0x412C,32836
60E1D400__vs__60E0E500,0x7a6dc,Fuel Injection Control Callback (Map) 2,0xFFFC,0x412E,48846
60E1D400__vs__60E0E500,0x7a6f4,Fuel Injection Control Callback (Map) 3 Y Axis,0xC170,0x4225,32587
60E1D400__vs__60E0E500,0x7a720,Fuel Injection Control Callback (Map) 3,0x024B,0x4213,-16328
60E1D400__vs__60E0E500,0x7a738,Fuel Injection - Control Threshold vs Coolant Temp Y Axis,0xC170,0x41B7,32697
60E1D400__vs__60E0E500,0x7a764,Fuel Injection - Control Threshold vs Coolant Temp,0xFFFF,0x41BC,48707
60E1D400__vs__60E0E500,0x7a77c,Fuel Injection - Calibration vs Coolant Temp Y Axis,0xC1A0,0x40C0,32992
60E1D400__vs__60E0E500,0x7a7a4,Fuel Injection - Calibration vs Coolant Temp,0x0CF8,0x40C0,-13256
60E1D400__vs__60E0E500,0x7a7c8,Dtc Snapshot Manager (Map) Y Axis,0x43FA,0x40C0,826
60E1D400__vs__60E0E500,0x7a7f0,Dtc Snapshot Manager (Map),0x8080,0x40C0,16320
60E1D400__vs__60E0E500,0x7a7fc,Compensated Barometric Pressure Y Axis,0x4257,0x4111,326
60E1D400__vs__60E0E500,0x7a80c,Compensated Barometric Pressure,0x4458,0x4180,728
60E1D400__vs__60E0E500,0x7a810,(Unknown - motor_control_task) X Axis,0x43FA,0x4180,634
60E1D400__vs__60E0E500,0x7a828,(Unknown - motor_control_task) Y Axis,0x3E3A,0x4138,-766
60E1D400__vs__60E0E500,0x7a838,(Unknown - motor_control_task),0x19DA,0x4181,-10151
60E1D400__vs__60E0E500,0x7a8b0,UDS - Protocol Threshold vs Coolant Temp Y Axis,0xC220,0x41F8,32808
60E1D400__vs__60E0E500,0x7a8cc,UDS - Protocol Threshold vs Coolant Temp,0x19A2,0x447A,-10968
60E1D400__vs__60E0E500,0x7a8dc,Uds Protocol (Map) Y Axis,0xC220,0x453B,31973
60E1D400__vs__60E0E500,0x7a8f8,Uds Protocol (Map),0x2332,0x45CB,-8857
60E1D400__vs__60E0E500,0x7a930,Barometric Pressure Sensor Min Voltage,0x3E4C,0x3F99,-333
60E1D400__vs__60E0E500,0x7a934,Barometric Pressure Sensor Max Voltage,0x4099,0x43FA,-865
60E1D400__vs__60E0E500,0x7a9bc,Barometric Pressure Sensor Offset,0x3C95,0x0021,15476
60E1D400__vs__60E0E500,0x7a9c0,Barometric Pressure Sensor Slope,0x41CA,0x0017,16819
60E1D400__vs__60E0E500,0x7a9d4,Off Throttle Leading Timing Realted Y Axis,0xC220,0x0014,49676
60E1D400__vs__60E0E500,0x7a9f8,Off Throttle Leading Timing Realted,0x6E6E,0x0000,28270
60E1D400__vs__60E0E500,0x7aa04,Ignition Trailing - Cranking Timing Advance Y Axis,0xC220,0x451C,32004
60E1D400__vs__60E0E500,0x7aa28,Ignition Trailing - Cranking Timing Advance,0x6E6E,0x4604,10346
60E1D400__vs__60E0E500,0x7aa74,Sensor Processing (Map) X Axis,0x3E00,0x459C,-1948
60E1D400__vs__60E0E500,0x7aa98,Sensor Processing (Map) Y Axis,0x43FA,0x3F19,1249
60E1D400__vs__60E0E500,0x7aabc,Sensor Processing (Map),0x0000,0x0064,-100
60E1D400__vs__60E0E500,0x7ab10,Boost Pressure Feedback (Map) X Axis,0x3E00,0x0303,15101
60E1D400__vs__60E0E500,0x7ab34,Boost Pressure Feedback (Map) Y Axis,0x43FA,0x04E2,16152
60E1D400__vs__60E0E500,0x7ab58,Boost Pressure Feedback (Map),0x001C,0x42C8,-17068
60E1D400__vs__60E0E500,0x7abfc,Fuel Calculation Callback (Map) X Axis,0x3E00,0x4060,-608
60E1D400__vs__60E0E500,0x7ac20,Fuel Calculation Callback (Map) Y Axis,0x43FA,0x0019,17377
60E1D400__vs__60E0E500,0x7ac44,Fuel Calculation Callback (Map),0x0000,0x40B0,-16560
60E1D400__vs__60E0E500,0x7ace8,Fuel Calculation Callback (Map) 2 X Axis,0x3E00,0x0EA6,12122
60E1D400__vs__60E0E500,0x7ad0c,Fuel Calculation Callback (Map) 2 Y Axis,0x43FA,0x4220,474
60E1D400__vs__60E0E500,0x7ad30,Fuel Calculation Callback (Map) 2,0x0000,0x0000,0
60E1D400__vs__60E0E500,0x7add4,Throttle - Liftoff - Fuel Cut Trigger X Axis,0x3E00,0x0001,15871
60E1D400__vs__60E0E500,0x7add8,Throttle - Liftoff - Fuel Cut Trigger Y Axis,0x43FA,0x0001,17401
60E1D400__vs__60E0E500,0x7addc,Throttle - Liftoff - Fuel Cut Trigger,0x0000,0xC220,-49696
60E1D400__vs__60E0E500,0x7ade0,Throttle - Liftoff - Fuel Cut Release X Axis,0x3E00,0xC1A0,-33696
60E1D400__vs__60E0E500,0x7ade4,Throttle - Liftoff - Fuel Cut Release Y Axis,0x43FA,0x0000,17402
60E1D400__vs__60E0E500,0x7ade8,Throttle - Liftoff - Fuel Cut Release,0x0000,0x41A0,-16800
60E1D400__vs__60E0E500,0x7ae34,(Unknown - transmission_control) Y Axis,0x43FA,0x3ECC,1326
60E1D400__vs__60E0E500,0x7ae7c,(Unknown - transmission_control),0x1C1B,0x41A0,-9605
60E1D400__vs__60E0E500,0x7ae90,State Machine - Scalar Threshold Y Axis,0x0000,0x4348,-17224
60E1D400__vs__60E0E500,0x7ae94,State Machine - Scalar Threshold,0x3FA3,0x04E2,15041
60E1D400__vs__60E0E500,0x7ae98,Fuel Control - Scalar Threshold Y Axis,0x0000,0x04E2,-1250
60E1D400__vs__60E0E500,0x7ae9c,Fuel Control - Scalar Threshold,0x3F33,0x04E2,14929
60E1D400__vs__60E0E500,0x7af24,Injection Angle Related AFR Input Y Axis,0x0000,0x3CA3,-15523
60E1D400__vs__60E0E500,0x7af48,Injection Angle Related AFR Input,0x323C,0x3E4C,-3088
60E1D400__vs__60E0E500,0x7af54,Unknown Lambda Input Y Axis,0x3F33,0x1300,11315
60E1D400__vs__60E0E500,0x7af74,Unknown Lambda Input,0x0708,0x453B,-15923
60E1D400__vs__60E0E500,0x7af7c,(Unknown - fpu_accumulate_ch0) Y Axis,0x3F33,0x457A,-1607
60E1D400__vs__60E0E500,0x7af9c,(Unknown - fpu_accumulate_ch0),0x0708,0x44FA,-15858
60E1D400__vs__60E0E500,0x7afa4,AirFlow Inj Angle Related Y Axis,0x0000,0x453B,-17723
60E1D400__vs__60E0E500,0x7b008,AirFlow Inj Angle Related,0x000A,0x0100,-246
60E1D400__vs__60E0E500,0x7b03c,(Unknown - fpu_control_calc) Y Axis,0xC220,0x44BB,32101
60E1D400__vs__60E0E500,0x7b05c,(Unknown - fpu_control_calc),0x00C3,0x2646,-9603
60E1D400__vs__60E0E500,0x7b06c,(Unknown - fpu_accumulate_ch0) 2 Y Axis,0x0000,0x1A1A,-6682
60E1D400__vs__60E0E500,0x7b0d0,(Unknown - fpu_accumulate_ch0) 2,0x0005,0x264D,-9800
60E1D400__vs__60E0E500,0x7b104,(Unknown - fpu_accumulate_ch0) 3 Y Axis,0x0000,0x4099,-16537
60E1D400__vs__60E0E500,0x7b168,(Unknown - fpu_accumulate_ch0) 3,0x0005,0x8080,-32891
60E1D400__vs__60E0E500,0x7b19c,(Unknown - fpu_accumulate_ch0) 4 Y Axis,0xC220,0x8381,16031
60E1D400__vs__60E0E500,0x7b1bc,(Unknown - fpu_accumulate_ch0) 4,0x00C3,0x4015,-16210
60E1D400__vs__60E0E500,0x7b1cc,(Unknown - fpu_accumulate_ch2) Y Axis,0x0000,0x417A,-16762
60E1D400__vs__60E0E500,0x7b204,(Unknown - fpu_accumulate_ch2),0x0030,0x0000,48
60E1D400__vs__60E0E500,0x7b220,(Unknown - fpu_accumulate_ch2) 2 Y Axis,0xC220,0x43D0,32336
60E1D400__vs__60E0E500,0x7b240,(Unknown - fpu_accumulate_ch2) 2,0x03CF,0xFFFF,-64560
60E1D400__vs__60E0E500,0x7b250,Injection Angle X Axis,0x43FA,0x859F,-16805
60E1D400__vs__60E0E500,0x7b298,Injection Angle Y Axis,0x3E00,0x859F,-18335
60E1D400__vs__60E0E500,0x7b2b8,Injection Angle,0x0208,0xFFFF,-65015
60E1D400__vs__60E0E500,0x7b43c,Air Bleed Control (Map) Y Axis,0x3F00,0x00FF,15873
60E1D400__vs__60E0E500,0x7b464,Air Bleed Control (Map),0x5050,0x40A0,4016
60E1D400__vs__60E0E500,0x7b470,Idle Correction Interpolation (Map) Y Axis,0x0000,0xC0A0,-49312
60E1D400__vs__60E0E500,0x7b4a0,Idle Correction Interpolation (Map),0x6464,0x4157,8973
60E1D400__vs__60E0E500,0x7b4ac,Ignition Knock - RPM Knock Retard Y Axis,0x43FA,0x0000,17402
60E1D400__vs__60E0E500,0x7b4d8,Ignition Knock - RPM Knock Retard,0x1414,0x110D,775
60E1D400__vs__60E0E500,0x7b4e4,Air Filter Control (Map) Y Axis,0x43FA,0x0741,15545
60E1D400__vs__60E0E500,0x7b510,Air Filter Control (Map),0x000A,0x3F80,-16246
60E1D400__vs__60E0E500,0x7b51c,Fuel Correction Update (Map) Y Axis,0x3F80,0x4080,-256
60E1D400__vs__60E0E500,0x7b534,Fuel Correction Update (Map),0x1919,0x0100,6169
60E1D400__vs__60E0E500,0x7b53c,Exhaust Control (Map) Y Axis,0x3F80,0x0100,16000
60E1D400__vs__60E0E500,0x7b554,Exhaust Control (Map),0x0309,0x0100,521
60E1D400__vs__60E0E500,0x7b55a,Air Bleed Control (Map) 2,0x72FA,0x0100,29178
60E1D400__vs__60E0E500,0x7b570,Exhaust Control (Map) 2 X Axis,0x0000,0x0100,-256
60E1D400__vs__60E0E500,0x7b58c,Exhaust Control (Map) 2 Y Axis,0x0000,0x4000,-16384
60E1D400__vs__60E0E500,0x7b59c,Exhaust Control (Map) 2,0x1388,0x40C0,-11576
60E1D400__vs__60E0E500,0x7b5d4,Exhaust Control (Map) 3 X Axis,0x0000,0x0100,-256
60E1D400__vs__60E0E500,0x7b5f0,Exhaust Control (Map) 3 Y Axis,0x0000,0x0100,-256
60E1D400__vs__60E0E500,0x7b600,Exhaust Control (Map) 3,0x1388,0x0100,4744
60E1D400__vs__60E0E500,0x7b638,Exhaust Control (Map) 4 X Axis,0x0000,0x412A,-16682
60E1D400__vs__60E0E500,0x7b654,Exhaust Control (Map) 4 Y Axis,0x0000,0x4170,-16752
60E1D400__vs__60E0E500,0x7b664,Exhaust Control (Map) 4,0x1388,0x7024,-23708
60E1D400__vs__60E0E500,0x7b69c,Exhaust Control (Map) 5 X Axis,0x0000,0x39D1,-14801
60E1D400__vs__60E0E500,0x7b6b8,Exhaust Control (Map) 5 Y Axis,0x0000,0x428C,-17036
60E1D400__vs__60E0E500,0x7b6c8,Exhaust Control (Map) 5,0x1388,0x1A1D,-1685
60E1D400__vs__60E0E500,0x7b700,Ignition Advance - Interpolated Map X Axis,0x0000,0x2330,-9008
60E1D400__vs__60E0E500,0x7b71c,Ignition Advance - Interpolated Map Y Axis,0x0000,0x4220,-16928
60E1D400__vs__60E0E500,0x7b72c,Ignition Advance - Interpolated Map,0x0000,0x42A0,-17056
60E1D400__vs__60E0E500,0x7b764,Fuel Pressure (Map) 8 X Axis,0x43FA,0x42A0,346
60E1D400__vs__60E0E500,0x7b78c,Fuel Pressure (Map) 8 Y Axis,0x3F80,0x4220,-672
60E1D400__vs__60E0E500,0x7b7ac,Fuel Pressure (Map) 8,0xA11A,0x1A1D,34557
60E1D400__vs__60E0E500,0x7b84c,Fuel Pressure (Map) 9 X Axis,0x43FA,0x0666,15764
60E1D400__vs__60E0E500,0x7b874,Fuel Pressure (Map) 9 Y Axis,0x3F80,0x4270,-752
60E1D400__vs__60E0E500,0x7b894,Fuel Pressure (Map) 9,0x2831,0x014F,9954
60E1D400__vs__60E0E500,0x7b934,Fuel Pressure (Map) 10 X Axis,0x43FA,0x39B7,2627
60E1D400__vs__60E0E500,0x7b95c,Fuel Pressure (Map) 10 Y Axis,0x3F80,0x6D73,-11763
60E1D400__vs__60E0E500,0x7b97c,Fuel Pressure (Map) 10,0x9E1D,0x3BAE,25199
60E1D400__vs__60E0E500,0x7ba94,Knock Limit - Zero Table vs Axis Y Axis,0x0000,0x0000,0
60E1D400__vs__60E0E500,0x7bab0,Knock Limit - Zero Table vs Axis,0x0000,0x0088,-136
60E1D400__vs__60E0E500,0x7bacc,Knock Limit - Factor vs Axis Y Axis,0x3DCC,0x4070,-676
60E1D400__vs__60E0E500,0x7bae0,Knock Limit - Factor vs Axis,0x3F80,0x399D,1507
60E1D400__vs__60E0E500,0x7baf4,Omp Fault Detect (Map) X Axis,0x3E00,0x451C,-1820
60E1D400__vs__60E0E500,0x7bb18,Omp Fault Detect (Map) Y Axis,0x43FA,0x3AF9,2305
60E1D400__vs__60E0E500,0x7bb3c,Omp Fault Detect (Map),0x0000,0x4220,-16928
60E1D400__vs__60E0E500,0x7bb90,Ignition Knock - Retard Limit X Axis,0x3E00,0x412A,-810
60E1D400__vs__60E0E500,0x7bbb4,Ignition Knock - Retard Limit Y Axis,0x43FA,0x024E,16812
60E1D400__vs__60E0E500,0x7bbd8,Ignition Knock - Retard Limit,0x41C0,0x4136,138
60E1D400__vs__60E0E500,0x7bd28,(Unknown - fpu_division_calc) X Axis,0x3E23,0x3DB8,107
60E1D400__vs__60E0E500,0x7bd50,(Unknown - fpu_division_calc) Y Axis,0x4443,0x0004,17471
60E1D400__vs__60E0E500,0x7bd94,(Unknown - fpu_division_calc),0x41AE,0x0000,16814
60E1D400__vs__60E0E500,0x7c050,Fuel Temperature Correction (Map) Y Axis,0x442F,0x1100,13103
60E1D400__vs__60E0E500,0x7c084,Fuel Temperature Correction (Map),0x4343,0x1100,12867
60E1D400__vs__60E0E500,0x7c094,Fuel Flow Limiter (Map) X Axis,0x3E00,0x1100,11520
60E1D400__vs__60E0E500,0x7c0bc,Fuel Flow Limiter (Map) Y Axis,0x43FA,0x1100,13050
60E1D400__vs__60E0E500,0x7c0dc,Fuel Flow Limiter (Map),0x0080,0x1100,-4224
60E1D400__vs__60E0E500,0x7c184,Load Limit A Y Axis,0x4443,0x1100,13123
60E1D400__vs__60E0E500,0x7c1b4,Load Limit A,0x3EB3,0x1100,11699
60E1D400__vs__60E0E500,0x7c1e4,Load Limit B Y Axis,0x4443,0x1100,13123
60E1D400__vs__60E0E500,0x7c214,Load Limit B,0x3F26,0x1100,11814
60E1D400__vs__60E0E500,0x7c32c,Load Limit C Y Axis,0x43FA,0x0000,17402
60E1D400__vs__60E0E500,0x7c354,Load Limit C,0x03E8,0x0000,1000
60E1D400__vs__60E0E500,0x7c3b4,Misfire DTC - Threshold 1 vs Voltage Axis Y Axis,0x40B0,0x0202,16046
60E1D400__vs__60E0E500,0x7c3c4,Misfire DTC - Threshold 1 vs Voltage Axis,0x007D,0x0101,-132
60E1D400__vs__60E0E500,0x7c3cc,Misfire DTC - Threshold 2 vs Voltage Axis Y Axis,0x40B0,0x0202,16046
60E1D400__vs__60E0E500,0x7c3dc,Misfire DTC - Threshold 2 vs Voltage Axis,0x007D,0x0101,-132
60E1D400__vs__60E0E500,0x7c3e4,Misfire DTC - Threshold 3 vs Voltage Axis Y Axis,0x40C4,0x0202,16066
60E1D400__vs__60E0E500,0x7c3f4,Misfire DTC - Threshold 3 vs Voltage Axis,0x4060,0x0303,15709
60E1D400__vs__60E0E500,0x7c48c,(Unknown - ctrl_toggle) Y Axis,0x0000,0x2828,-10280
60E1D400__vs__60E0E500,0x7c4b4,(Unknown - ctrl_toggle),0x0000,0x2828,-10280
60E1D400__vs__60E0E500,0x7c4c0,(Unknown - ctrl_toggle) 2 Y Axis,0x0000,0x2828,-10280
60E1D400__vs__60E0E500,0x7c4e8,(Unknown - ctrl_toggle) 2,0x0000,0x2828,-10280
60E1D400__vs__60E0E500,0x7c4f4,(Unknown - ctrl_toggle) 3 Y Axis,0x0000,0x2828,-10280
60E1D400__vs__60E0E500,0x7c51c,(Unknown - ctrl_toggle) 3,0x7878,0x0038,30784
60E1D400__vs__60E0E500,0x7c528,Ctrl Toggle - Constant vs Axis Y Axis,0x0000,0x0107,-263
60E1D400__vs__60E0E500,0x7c550,Ctrl Toggle - Constant vs Axis,0x0001,0x0222,-545
60E1D400__vs__60E0E500,0x7c564,Primary Fuel Injector Cranking Pulse Decay Time Y Axis,0xC220,0x0410,48656
60E1D400__vs__60E0E500,0x7c588,Primary Fuel Injector Cranking Pulse Decay Time,0x0303,0x0564,-609
60E1D400__vs__60E0E500,0x7c5f8,PWM Duty - Constant vs Axis Y Axis,0x0000,0xC073,-49267
60E1D400__vs__60E0E500,0x7c61c,PWM Duty - Constant vs Axis,0x04E2,0xFFFF,-64285
60E1D400__vs__60E0E500,0x7c664,Ctrl Cache - Correction 1 vs Axis Y Axis,0x469C,0x0000,18076
60E1D400__vs__60E0E500,0x7c678,Ctrl Cache - Correction 1 vs Axis,0xBC23,0x0101,47906
60E1D400__vs__60E0E500,0x7c68c,Ctrl Cache - Correction 2 vs Axis Y Axis,0x469C,0x0101,17819
60E1D400__vs__60E0E500,0x7c6a0,Ctrl Cache - Correction 2 vs Axis,0x3C23,0x0100,15139
60E1D400__vs__60E0E500,0x7c6bc,(Unknown - debug_output) Y Axis,0x3DCC,0x0001,15819
60E1D400__vs__60E0E500,0x7c6d8,(Unknown - debug_output),0x1A1A,0x0101,6425
60E1D400__vs__60E0E500,0x7c6e0,(Unknown - debug_output) 2 Y Axis,0x447A,0x0101,17273
60E1D400__vs__60E0E500,0x7c708,(Unknown - debug_output) 2,0x9678,0x0101,38263
60E1D400__vs__60E0E500,0x7c718,Datalog - Sample Rate vs RPM Y Axis,0x43FA,0x0101,17145
60E1D400__vs__60E0E500,0x7c730,Datalog - Sample Rate vs RPM,0x0505,0x0000,1285
60E1D400__vs__60E0E500,0x7c738,(Unknown - datalog_format) Y Axis,0x43FA,0x0000,17402
60E1D400__vs__60E0E500,0x7c750,(Unknown - datalog_format),0x051F,0x0F0F,-2544
60E1D400__vs__60E0E500,0x7c75c,(Unknown - datalog_write) Y Axis,0x0000,0x0B0A,-2826
60E1D400__vs__60E0E500,0x7c780,(Unknown - datalog_write),0x0000,0x2F0F,-12047
60E1D400__vs__60E0E500,0x7c794,(Unknown - datalog_write) 2 X Axis,0xC220,0x0A23,47101
60E1D400__vs__60E0E500,0x7c7b8,(Unknown - datalog_write) 2 Y Axis,0x43FA,0x0E20,13786
60E1D400__vs__60E0E500,0x7c7d0,(Unknown - datalog_write) 2,0x1A1A,0xFFFC,-58850
60E1D400__vs__60E0E500,0x7c808,(Unknown - datalog_write) 3 X Axis,0xC220,0xFFF8,-15832
60E1D400__vs__60E0E500,0x7c82c,(Unknown - datalog_write) 3 Y Axis,0x43FA,0x0300,16634
60E1D400__vs__60E0E500,0x7c844,(Unknown - datalog_write) 3,0x1A1A,0xFFFC,-58850
60E1D400__vs__60E0E500,0x7c8b0,Datalog - Engine - Trace Level Table Y Axis,0xC220,0xFFFC,-15836
60E1D400__vs__60E0E500,0x7c8ec,Datalog - Engine - Trace Level Table,0x8080,0x0080,32768
60E1D400__vs__60E0E500,0x7c8fc,Datalog - Battery - Voltage Correction Table Y Axis,0x40D0,0x0880,14416
60E1D400__vs__60E0E500,0x7c920,Datalog - Battery - Voltage Correction Table,0x9F96,0x0080,40726
60E1D400__vs__60E0E500,0x7c92c,Datalog - Engine - Load Matrix X Axis,0x0000,0x4880,-18560
60E1D400__vs__60E0E500,0x7c98c,Datalog - Engine - Load Matrix Y Axis,0x0000,0x0080,-128
60E1D400__vs__60E0E500,0x7c9b4,Datalog - Engine - Load Matrix,0x0A0C,0x0080,2444
60E1D400__vs__60E0E500,0x7cad8,Ignition Dwell Time_ X Axis,0x447A,0x0080,17402
60E1D400__vs__60E0E500,0x7cafc,Ignition Dwell Time_ Y Axis,0x40D0,0x0000,16592
60E1D400__vs__60E0E500,0x7cb20,Ignition Dwell Time_,0x0767,0x0000,1895
60E1D400__vs__60E0E500,0x7ccb4,Diag/Test - Zero Table 1 vs Index Y Axis,0x0000,0x0042,-66
60E1D400__vs__60E0E500,0x7ccdc,Diag/Test - Zero Table 1 vs Index,0x0000,0x0000,0
60E1D400__vs__60E0E500,0x7cd04,Diag/Test - Zero Table 2 vs Index Y Axis,0x0000,0x0059,-89
60E1D400__vs__60E0E500,0x7cd2c,Diag/Test - Zero Table 2 vs Index,0x0000,0x000B,-11
60E1D400__vs__60E0E500,0x7cd54,Diag/Test - Zero Table 3 vs Index Y Axis,0x0000,0x0060,-96
60E1D400__vs__60E0E500,0x7cd7c,Diag/Test - Zero Table 3 vs Index,0x0000,0x0004,-4
60E1D400__vs__60E0E500,0x7cda4,Diag/Test - Zero Table 4 vs Index Y Axis,0x0000,0x005A,-90
60E1D400__vs__60E0E500,0x7cdcc,Diag/Test - Zero Table 4 vs Index,0x0000,0x0040,-64
60E1D400__vs__60E0E500,0x7cdf4,Diag/Test - Zero Table 5 vs Index Y Axis,0x0000,0x0025,-37
60E1D400__vs__60E0E500,0x7ce1c,Diag/Test - Zero Table 5 vs Index,0x0000,0x005E,-94
60E1D400__vs__60E0E500,0x7ce44,Diag/Test - Zero Table 6 vs Index Y Axis,0x0000,0x0012,-18
60E1D400__vs__60E0E500,0x7ce6c,Diag/Test - Zero Table 6 vs Index,0x0000,0x0033,-51
60E1D400__vs__60E0E500,0x7ce94,Diag/Test - Zero Table 7 vs Index Y Axis,0x0000,0xFFFF,-65535
60E1D400__vs__60E0E500,0x7cebc,Diag/Test - Zero Table 7 vs Index,0x0000,0x0009,-9
60E1D400__vs__60E0E500,0x7cee4,Diag/Test - Zero Table 8 vs Index Y Axis,0x0000,0x0012,-18
60E1D400__vs__60E0E500,0x7cf0c,Diag/Test - Zero Table 8 vs Index,0x0000,0x004A,-74
60E1D400__vs__60E0E500,0x7cf34,Diag/Test - Zero Table 9 vs Index Y Axis,0x0000,0x004A,-74
60E1D400__vs__60E0E500,0x7cf5c,Diag/Test - Zero Table 9 vs Index,0x0000,0x0059,-89
60E1D400__vs__60E0E500,0x7cf84,Diag/Test - Zero Table 10 vs Index Y Axis,0x0000,0x0014,-20
60E1D400__vs__60E0E500,0x7cfac,Diag/Test - Zero Table 10 vs Index,0x0000,0x0021,-33
60E1D400__vs__60E0E500,0x7cfd4,Diag/Test - Zero Table 11 vs Index Y Axis,0x0000,0x000B,-11
60E1D400__vs__60E0E500,0x7cffc,Diag/Test - Zero Table 11 vs Index,0x0000,0xFFFF,-65535
60E1D400__vs__60E0E500,0x7d024,Diag/Test - Zero Table 12 vs Index Y Axis,0x0000,0x0055,-85
60E1D400__vs__60E0E500,0x7d04c,Diag/Test - Zero Table 12 vs Index,0x0000,0xFFFF,-65535
60E1D400__vs__60E0E500,0x7d074,Diag/Test - Zero Table 13 vs Index Y Axis,0x0000,0x000C,-12
60E1D400__vs__60E0E500,0x7d09c,Diag/Test - Zero Table 13 vs Index,0x0000,0x0011,-17
60E1D400__vs__60E0E500,0x7d0d0,Ignition Timing Monitor - Threshold vs Coolant Temp Y Axis,0x4120,0x007A,16550
60E1D400__vs__60E0E500,0x7d0f4,Ignition Timing Monitor - Threshold vs Coolant Temp,0x110D,0x0007,4358
60E1D400__vs__60E0E500,0x7d108,Oxygen Sensor Monitor (Map) X Axis,0x0000,0x0007,-7
60E1D400__vs__60E0E500,0x7d128,Oxygen Sensor Monitor (Map) Y Axis,0x0000,0x0007,-7
60E1D400__vs__60E0E500,0x7d150,Oxygen Sensor Monitor (Map),0x0100,0x0007,249
60E1D400__vs__60E0E500,0x7d1a0,Oxygen Sensor Monitor (Map) 2 X Axis,0x0000,0x0007,-7
60E1D400__vs__60E0E500,0x7d1c0,Oxygen Sensor Monitor (Map) 2 Y Axis,0x0000,0x0007,-7
60E1D400__vs__60E0E500,0x7d1e8,Oxygen Sensor Monitor (Map) 2,0x0100,0x0007,249
60E1D400__vs__60E0E500,0x7d254,Diag Detector (Map) Y Axis,0x412A,0x0007,16675
60E1D400__vs__60E0E500,0x7d274,Diag Detector (Map),0x8C6E,0x0007,35943
60E1D400__vs__60E0E500,0x7d2bc,Coil Control (Map) Y Axis,0x4120,0x0007,16665
60E1D400__vs__60E0E500,0x7d2e0,Coil Control (Map),0x1A1D,0x0007,6678
60E1D400__vs__60E0E500,0x7d2f4,Coil Control (Map) 2 Y Axis,0x4120,0x0007,16665
60E1D400__vs__60E0E500,0x7d318,Coil Control (Map) 2,0x2330,0x0007,9001
60E1D400__vs__60E0E500,0x7d32c,Coil Control (Map) 3 Y Axis,0x4120,0x0007,16665
60E1D400__vs__60E0E500,0x7d350,Coil Control (Map) 3,0x07BB,0x1C1F,-5220
60E1D400__vs__60E0E500,0x7d364,Coil Control (Map) 4 Y Axis,0x4120,0x0807,14617
60E1D400__vs__60E0E500,0x7d388,Coil Control (Map) 4,0x0666,0x1900,-4762
60E1D400__vs__60E0E500,0x7d39c,Coil Control (Map) 5 Y Axis,0x4120,0x0119,16391
60E1D400__vs__60E0E500,0x7d3c0,Coil Control (Map) 5,0x1A1D,0x1E1F,-1026
60E1D400__vs__60E0E500,0x7d3d4,Coil Control (Map) 6 Y Axis,0x4120,0x1B1F,9729
60E1D400__vs__60E0E500,0x7d3f8,Coil Control (Map) 6,0x2330,0x0D09,5671
60E1D400__vs__60E0E500,0x7d40c,Coil Control (Map) 7 Y Axis,0x4120,0x1102,12318
60E1D400__vs__60E0E500,0x7d430,Coil Control (Map) 7,0x07BB,0x1D1F,-5476
60E1D400__vs__60E0E500,0x7d444,Coil Control (Map) 8 Y Axis,0x4120,0x1B1C,9732
60E1D400__vs__60E0E500,0x7d468,Coil Control (Map) 8,0x0666,0x0010,1622
60E1D400__vs__60E0E500,0x7d47c,OBD Monitor - Threshold vs Coolant Temp Y Axis,0x4120,0x1102,12318
60E1D400__vs__60E0E500,0x7d4a0,OBD Monitor - Threshold vs Coolant Temp,0x0A36,0x0706,816
60E1D400__vs__60E0E500,0x7d4b4,Coil Correction - Threshold vs Coolant Temp Y Axis,0x4120,0x0007,16665
60E1D400__vs__60E0E500,0x7d4d8,Coil Correction - Threshold vs Coolant Temp,0x0CE7,0x0007,3296
60E1D400__vs__60E0E500,0x7d4ec,Coil Control (Map) 9 Y Axis,0x3B1B,0x0007,15124
60E1D400__vs__60E0E500,0x7d52c,Coil Control (Map) 9,0x265C,0x0007,9813
60E1D400__vs__60E0E500,0x7d554,(Unknown - eeprom_manager) Y Axis,0x4120,0x0007,16665
60E1D400__vs__60E0E500,0x7d578,(Unknown - eeprom_manager),0x6D73,0x0007,28012
60E1D400__vs__60E0E500,0x7d584,(Unknown - linear_interp_2d) Y Axis,0x3B1B,0x0007,15124
60E1D400__vs__60E0E500,0x7d5c4,(Unknown - linear_interp_2d),0x265C,0x0007,9813
60E1D400__vs__60E0E500,0x7d5e4,(Unknown - linear_interp_2d) 2 Y Axis,0x4120,0x0007,16665
60E1D400__vs__60E0E500,0x7d608,(Unknown - linear_interp_2d) 2,0x23CA,0x0007,9155
60E1D400__vs__60E0E500,0x7d61c,(Unknown - linear_interp_2d) 3 Y Axis,0x4120,0x0007,16665
60E1D400__vs__60E0E500,0x7d640,(Unknown - linear_interp_2d) 3,0x30A4,0x0007,12445
60E1D400__vs__60E0E500,0x7d654,EEPROM - Calibration 1 vs Coolant Temp Y Axis,0x4120,0x0007,16665
60E1D400__vs__60E0E500,0x7d678,EEPROM - Calibration 1 vs Coolant Temp,0x0813,0x0007,2060
60E1D400__vs__60E0E500,0x7d68c,EEPROM - Calibration 2 vs Coolant Temp Y Axis,0x4120,0x0007,16665
60E1D400__vs__60E0E500,0x7d6b0,EEPROM - Calibration 2 vs Coolant Temp,0x05F3,0x0007,1516
60E1D400__vs__60E0E500,0x7d700,Diag Request (Map) Y Axis,0x43FA,0x0007,17395
60E1D400__vs__60E0E500,0x7d728,Diag Request (Map),0x001A,0xFFFF,-65509
60E1D400__vs__60E0E500,0x7d74c,RTOS - Mutex Threshold vs Coolant Temp Y Axis,0x4120,0xFFFF,-48863
60E1D400__vs__60E0E500,0x7d770,RTOS - Mutex Threshold vs Coolant Temp,0x2727,0xFFFF,-55512
60E1D400__vs__60E0E500,0x7d77c,(Unknown - queue_handler) Y Axis,0x412A,0xFFFF,-48853
60E1D400__vs__60E0E500,0x7d79c,(Unknown - queue_handler),0x2ED9,0xFFFF,-53542
60E1D400__vs__60E0E500,0x7d7ac,(Unknown - queue_handler) 2 Y Axis,0x412A,0xFFFF,-48853
60E1D400__vs__60E0E500,0x7d7cc,(Unknown - queue_handler) 2,0x1333,0xFFFF,-60620
60E1D400__vs__60E0E500,0x7d7f8,(Unknown - isr_checker) Y Axis,0x4120,0xFFFF,-48863
60E1D400__vs__60E0E500,0x7d81c,(Unknown - isr_checker),0x4017,0xFFFF,-49128
60E1D400__vs__60E0E500,0x7d830,(Unknown - isr_checker) 2 Y Axis,0x4120,0xFFFF,-48863
60E1D400__vs__60E0E500,0x7d854,(Unknown - isr_checker) 2,0x28F6,0xFFFF,-55049
60E1D400__vs__60E0E500,0x7d878,LUT - Zero Table 1 vs Coolant Temp Y Axis,0x4120,0xFFFF,-48863
60E1D400__vs__60E0E500,0x7d89c,LUT - Zero Table 1 vs Coolant Temp,0x0000,0xFFFF,-65535
60E1D400__vs__60E0E500,0x7d8c0,LUT - Zero Table 2 vs Coolant Temp Y Axis,0x4120,0xFFFF,-48863
60E1D400__vs__60E0E500,0x7d8e4,LUT - Zero Table 2 vs Coolant Temp,0x0000,0xFFFF,-65535
60E1D400__vs__60E0E500,0x7d908,EEPROM - Ramp vs Coolant Temp Y Axis,0x4120,0xFFFF,-48863
60E1D400__vs__60E0E500,0x7d92c,EEPROM - Ramp vs Coolant Temp,0x3D7A,0xFFFF,-49797
60E1D400__vs__60E0E700_N3YLEE,0x6cf6c,Barometric Pressure Sensor Max ADC Count,0xF5C2,0x7373,33359
60E1D400__vs__60E0E700_N3YLEE,0x6cf6e,Barometric Pressure Sensor Min ADC Count,0x0A3D,0x7373,-26934
60E1D400__vs__60E0E700_N3YLEE,0x6cfa4,Fuel Injector - Unknown - Max Injection Angle1??? Y Axis,0x4448,0x8880,-17464
60E1D400__vs__60E0E700_N3YLEE,0x6cfe4,Fuel Injector - Unknown - Max Injection Angle1???,0x3C3C,0x8B8B,-20303
60E1D400__vs__60E0E700_N3YLEE,0x6cff4,Fuel Injector - Unknown - Max Injection Angle2??? Y Axis,0x4448,0x9491,-20553
60E1D400__vs__60E0E700_N3YLEE,0x6d034,Fuel Injector - Unknown - Max Injection Angle2???,0x3C3C,0x9A9A,-24158
60E1D400__vs__60E0E700_N3YLEE,0x6d044,Fuel Injector - Unknown - Max Injection Angle3??? Y Axis,0x4448,0x9EA0,-23128
60E1D400__vs__60E0E700_N3YLEE,0x6d084,Fuel Injector - Unknown - Max Injection Angle3???,0x3C3C,0xA0A0,-25700
60E1D400__vs__60E0E700_N3YLEE,0x6d0ec,Throttle Plate Something Fuel Cut (Map) Y Axis,0x0000,0x5C5C,-23644
60E1D400__vs__60E0E700_N3YLEE,0x6d114,Throttle Plate Something Fuel Cut (Map),0x0000,0x3EE0,-16096
60E1D400__vs__60E0E700_N3YLEE,0x6d120,Off Throttle Fuel Cut - Fuel Resume - Engine Startup Base Y Axis,0x0000,0x3F20,-16160
60E1D400__vs__60E0E700_N3YLEE,0x6d138,Off Throttle Fuel Cut - Fuel Resume - Engine Startup Base,0x2C2C,0x3F80,-4948
60E1D400__vs__60E0E700_N3YLEE,0x6d140,Engine Load Correction - Fuel Resume Threshold 1 vs RPM Y Axis,0x43FA,0x3F90,1130
60E1D400__vs__60E0E700_N3YLEE,0x6d158,Engine Load Correction - Fuel Resume Threshold 1 vs RPM,0x1919,0x44FA,-11233
60E1D400__vs__60E0E700_N3YLEE,0x6d160,Engine Load Correction - Fuel Resume Threshold 2 vs RPM Y Axis,0x43FA,0x453B,-321
60E1D400__vs__60E0E700_N3YLEE,0x6d178,Engine Load Correction - Fuel Resume Threshold 2 vs RPM,0x0C0C,0x45BB,-14767
60E1D400__vs__60E0E700_N3YLEE,0x6d180,Engine Load Correction - Fuel Resume Threshold 3 vs RPM Y Axis,0x43FA,0x45DA,-480
60E1D400__vs__60E0E700_N3YLEE,0x6d198,Engine Load Correction - Fuel Resume Threshold 3 vs RPM,0x0C0C,0x746C,-26720
60E1D400__vs__60E0E700_N3YLEE,0x6d1a0,Idle Related Y Axis,0xC220,0x4040,33248
60E1D400__vs__60E0E700_N3YLEE,0x6d1e0,Idle Related,0x09C4,0x5555,-19345
60E1D400__vs__60E0E700_N3YLEE,0x6d200,Engine Load Correction (Map) X Axis,0x449C,0x8482,-16358
60E1D400__vs__60E0E700_N3YLEE,0x6d218,Engine Load Correction (Map) Y Axis,0x3F80,0x6A62,-10978
60E1D400__vs__60E0E700_N3YLEE,0x6d230,Engine Load Correction (Map),0x4B38,0x6E6E,-9014
60E1D400__vs__60E0E700_N3YLEE,0x6d254,Off Throttle Fuel Cut - Fuel Resume - In Gear Threshold X Axis,0xC220,0x8B87,13977
60E1D400__vs__60E0E700_N3YLEE,0x6d294,Off Throttle Fuel Cut - Fuel Resume - In Gear Threshold Y Axis,0x3F80,0x7A7A,-15098
60E1D400__vs__60E0E700_N3YLEE,0x6d2ac,Off Throttle Fuel Cut - Fuel Resume - In Gear Threshold,0x5656,0x9B9B,-17733
60E1D400__vs__60E0E700_N3YLEE,0x6d30c,Off Throttle Fuel Cut - Fuel Resume - NOTUSED X Axis,0xC220,0x0000,49696
60E1D400__vs__60E0E700_N3YLEE,0x6d34c,Off Throttle Fuel Cut - Fuel Resume - NOTUSED Y Axis,0x3F80,0x44BB,-1339
60E1D400__vs__60E0E700_N3YLEE,0x6d364,Off Throttle Fuel Cut - Fuel Resume - NOTUSED,0x0000,0xC2C8,-49864
60E1D400__vs__60E0E700_N3YLEE,0x6d3c4,Throttle Plate Something Fuel Cut (Map) 2 X Axis,0xC220,0xC1A0,128
60E1D400__vs__60E0E700_N3YLEE,0x6d404,Throttle Plate Something Fuel Cut (Map) 2 Y Axis,0x3F80,0x447A,-1274
60E1D400__vs__60E0E700_N3YLEE,0x6d41c,Throttle Plate Something Fuel Cut (Map) 2,0x0505,0x457A,-16501
60E1D400__vs__60E0E700_N3YLEE,0x6d47c,Throttle Plate Something Fuel Cut (Map) 3 X Axis,0xC220,0x45BB,31845
60E1D400__vs__60E0E700_N3YLEE,0x6d4bc,Throttle Plate Something Fuel Cut (Map) 3 Y Axis,0x3F80,0x42B4,-820
60E1D400__vs__60E0E700_N3YLEE,0x6d4d4,Throttle Plate Something Fuel Cut (Map) 3,0x0505,0x42B4,-15791
60E1D400__vs__60E0E700_N3YLEE,0x6d53c,Cold Rev Limit Threshold,0x41A0,0x0000,16800
60E1D400__vs__60E0E700_N3YLEE,0x6d544,Cold Rev Limit,0x45AB,0x4220,907
60E1D400__vs__60E0E700_N3YLEE,0x6d54c,Rev Limit,0x460C,0x42A0,876
60E1D400__vs__60E0E700_N3YLEE,0x6d584,Ignition Maybe Idle Base Y Axis,0x442F,0x0000,17455
60E1D400__vs__60E0E700_N3YLEE,0x6d59c,Ignition Maybe Idle Base,0x5A5A,0x003C,23070
60E1D400__vs__60E0E700_N3YLEE,0x6d5a4,Ignition Temp Correction? Y Axis,0xC220,0xC1A0,128
60E1D400__vs__60E0E700_N3YLEE,0x6d5c8,Ignition Temp Correction?,0x6464,0xC1A0,-23868
60E1D400__vs__60E0E700_N3YLEE,0x6d5d4,Ignition 2 Y Axis,0x442F,0x4220,527
60E1D400__vs__60E0E700_N3YLEE,0x6d5ec,Ignition 2,0x7878,0x4416,13410
60E1D400__vs__60E0E700_N3YLEE,0x6d5f4,Ignition Leading 0 Y Axis,0xC220,0x4448,32216
60E1D400__vs__60E0E700_N3YLEE,0x6d618,Ignition Leading 0,0x6464,0x44E1,8067
60E1D400__vs__60E0E700_N3YLEE,0x6d624,Ignition Timing Lead X Axis,0x3D80,0x451C,-1948
60E1D400__vs__60E0E700_N3YLEE,0x6d64c,Ignition Timing Lead Y Axis,0x4448,0x0000,17480
60E1D400__vs__60E0E700_N3YLEE,0x6d668,Ignition Timing Lead,0x6464,0x0271,25075
60E1D400__vs__60E0E700_N3YLEE,0x6d6b0,Ignition Leading 1 X Axis,0x3D80,0x3F66,-486
60E1D400__vs__60E0E700_N3YLEE,0x6d700,Ignition Leading 1 Y Axis,0x443B,0x444F,-20
60E1D400__vs__60E0E700_N3YLEE,0x6d748,Ignition Leading 1,0x8484,0xC1A0,-15644
60E1D400__vs__60E0E700_N3YLEE,0x6d8b0,Ignition Leading Base - Safe Mode X Axis,0x3D80,0x42C8,-1352
60E1D400__vs__60E0E700_N3YLEE,0x6d900,Ignition Leading Base - Safe Mode Y Axis,0x443B,0xC1A0,-32101
60E1D400__vs__60E0E700_N3YLEE,0x6d948,Ignition Leading Base - Safe Mode,0x8484,0xC1A0,-15644
60E1D400__vs__60E0E700_N3YLEE,0x6dab0,Ignition Leading Base X Axis,0x3D80,0x41A0,-1056
60E1D400__vs__60E0E700_N3YLEE,0x6db00,Ignition Leading Base Y Axis,0x443B,0x3636,3589
60E1D400__vs__60E0E700_N3YLEE,0x6db48,Ignition Leading Base,0x8484,0xC1A0,-15644
60E1D400__vs__60E0E700_N3YLEE,0x6dcb0,Ignition Leading 4 X Axis,0x3D80,0x0000,15744
60E1D400__vs__60E0E700_N3YLEE,0x6dcd8,Ignition Leading 4 Y Axis,0x4448,0x42C8,384
60E1D400__vs__60E0E700_N3YLEE,0x6dcf4,Ignition Leading 4,0x7777,0xC220,-19113
60E1D400__vs__60E0E700_N3YLEE,0x6dd3c,Ignition X Axis,0x3D80,0x41A0,-1056
60E1D400__vs__60E0E700_N3YLEE,0x6dd8c,Ignition Y Axis,0x443B,0xC1A0,-32101
60E1D400__vs__60E0E700_N3YLEE,0x6ddd4,Ignition,0x7A7A,0x42B4,14278
60E1D400__vs__60E0E700_N3YLEE,0x6df3c,Ignition 0 - Safe Mode X Axis,0x3D80,0x45AB,-2091
60E1D400__vs__60E0E700_N3YLEE,0x6df8c,Ignition 0 - Safe Mode Y Axis,0x443B,0x1514,12071
60E1D400__vs__60E0E700_N3YLEE,0x6dfd4,Ignition 0 - Safe Mode,0x7A7A,0x6464,5654
60E1D400__vs__60E0E700_N3YLEE,0x6e13c,Ignition 1 X Axis,0x3D80,0x45AB,-2091
60E1D400__vs__60E0E700_N3YLEE,0x6e18c,Ignition 1 Y Axis,0x443B,0x1A10,10795
60E1D400__vs__60E0E700_N3YLEE,0x6e1d4,Ignition 1,0x7A7A,0xB7B7,-15677
60E1D400__vs__60E0E700_N3YLEE,0x6e33c,Ignition Leading 5 X Axis,0x44A2,0x45AB,-265
60E1D400__vs__60E0E700_N3YLEE,0x6e34c,Ignition Leading 5 Y Axis,0x0000,0x45EA,-17898
60E1D400__vs__60E0E700_N3YLEE,0x6e358,Ignition Leading 5,0x40A0,0x460C,-1388
60E1D400__vs__60E0E700_N3YLEE,0x6e388,Ignition Minimum Maybe X Axis,0x44A2,0x5A5A,-5560
60E1D400__vs__60E0E700_N3YLEE,0x6e398,Ignition Minimum Maybe Y Axis,0x0000,0x5A5A,-23130
60E1D400__vs__60E0E700_N3YLEE,0x6e3a4,Ignition Minimum Maybe,0x0000,0x4646,-17990
60E1D400__vs__60E0E700_N3YLEE,0x6e458,Ignition Leading/Trailing - On Throttle Coolant Temp Compensation X Axis,0x44A2,0x5A46,-5540
60E1D400__vs__60E0E700_N3YLEE,0x6e464,Ignition Leading/Trailing - On Throttle Coolant Temp Compensation Y Axis,0x4120,0x5A5A,-6458
60E1D400__vs__60E0E700_N3YLEE,0x6e474,Ignition Leading/Trailing - On Throttle Coolant Temp Compensation,0x40E0,0x5A5A,-6522
60E1D400__vs__60E0E700_N3YLEE,0x6e4a4,Knock Correction - Light Y Axis,0xC1A0,0x5A5A,26438
60E1D400__vs__60E0E700_N3YLEE,0x6e4bc,Knock Correction - Light,0x0019,0x4A46,-18989
60E1D400__vs__60E0E700_N3YLEE,0x6e4c8,Knock Correction - Medium Y Axis,0xC1A0,0x43FA,32166
60E1D400__vs__60E0E700_N3YLEE,0x6e4e0,Knock Correction - Medium,0x001E,0x455A,-17724
60E1D400__vs__60E0E700_N3YLEE,0x6e4ec,Knock Correction - Heavy Y Axis,0xC1A0,0x459C,31748
60E1D400__vs__60E0E700_N3YLEE,0x6e504,Knock Correction - Heavy,0x0037,0x45FA,-17859
60E1D400__vs__60E0E700_N3YLEE,0x6e510,Knock Detection Sensitivity Y Axis,0xC1A0,0x0000,49568
60E1D400__vs__60E0E700_N3YLEE,0x6e528,Knock Detection Sensitivity,0x003C,0x3F40,-16132
60E1D400__vs__60E0E700_N3YLEE,0x6e534,Knock Retard Y Axis,0xC1A0,0x3F90,33296
60E1D400__vs__60E0E700_N3YLEE,0x6e54c,Knock Retard,0x0037,0x001F,24
60E1D400__vs__60E0E700_N3YLEE,0x6e558,Knock Retard 2 Y Axis,0xC1A0,0x001F,49537
60E1D400__vs__60E0E700_N3YLEE,0x6e570,Knock Retard 2,0x003C,0x001F,29
60E1D400__vs__60E0E700_N3YLEE,0x6e57c,(Unknown - fpu_multiply_accumulate_filter) Y Axis,0x4416,0x001F,17399
60E1D400__vs__60E0E700_N3YLEE,0x6e5bc,(Unknown - fpu_multiply_accumulate_filter),0x00CB,0x001F,172
60E1D400__vs__60E0E700_N3YLEE,0x6e6d4,Manifold Pressure Limiter (Map) Y Axis,0xC220,0x001C,49668
60E1D400__vs__60E0E700_N3YLEE,0x6e6f0,Manifold Pressure Limiter (Map),0xAFAF,0x2428,35719
60E1D400__vs__60E0E700_N3YLEE,0x6e6f8,Manifold Pressure Limiter (Map) 2 Y Axis,0xC120,0x4448,31960
60E1D400__vs__60E0E700_N3YLEE,0x6e714,Manifold Pressure Limiter (Map) 2,0xFF5A,0x0000,65370
60E1D400__vs__60E0E700_N3YLEE,0x6e71c,Manifold Pressure Limiter (Map) 3 Y Axis,0xC220,0x0000,49696
60E1D400__vs__60E0E700_N3YLEE,0x6e738,Manifold Pressure Limiter (Map) 3,0xFAFA,0x0000,64250
60E1D400__vs__60E0E700_N3YLEE,0x6e740,Manifold Pressure Limiter (Map) 4 Y Axis,0xC220,0x0000,49696
60E1D400__vs__60E0E700_N3YLEE,0x6e75c,Manifold Pressure Limiter (Map) 4,0x0000,0xC220,-49696
60E1D400__vs__60E0E700_N3YLEE,0x6e764,Manifold Pressure Limiter (Map) 5 Y Axis,0xC220,0x0000,49696
60E1D400__vs__60E0E700_N3YLEE,0x6e780,Manifold Pressure Limiter (Map) 5,0xB6B6,0x0000,46774
60E1D400__vs__60E0E700_N3YLEE,0x6e788,Manifold Pressure Limiter (Map) 6 Y Axis,0xC220,0x0000,49696
60E1D400__vs__60E0E700_N3YLEE,0x6e7a4,Manifold Pressure Limiter (Map) 6,0x3232,0x3F80,-3406
60E1D400__vs__60E0E700_N3YLEE,0x6e7ac,Manifold Pressure Limiter (Map) 7 Y Axis,0xC316,0x40A0,33398
60E1D400__vs__60E0E700_N3YLEE,0x6e7f8,Manifold Pressure Limiter (Map) 7,0x8CCD,0x4220,19117
60E1D400__vs__60E0E700_N3YLEE,0x6e820,Idle Target Filter Factor Y Axis,0xC3C8,0x40A0,33576
60E1D400__vs__60E0E700_N3YLEE,0x6e84c,Idle Target Filter Factor,0x0100,0x428C,-16780
60E1D400__vs__60E0E700_N3YLEE,0x6e864,Idle Target Y Axis,0xC220,0xC170,176
60E1D400__vs__60E0E700_N3YLEE,0x6e880,Idle Target,0x06A4,0x64FF,-24155
60E1D400__vs__60E0E700_N3YLEE,0x6e890,Idle Target 0 Y Axis,0xC1A0,0x428C,32532
60E1D400__vs__60E0E700_N3YLEE,0x6e8c0,Idle Target 0,0x06A4,0xC020,-47484
60E1D400__vs__60E0E700_N3YLEE,0x6e8d8,Idle Target 1 Y Axis,0xC1A0,0x4148,32856
60E1D400__vs__60E0E700_N3YLEE,0x6e908,Idle Target 1,0x05DC,0x0928,-844
60E1D400__vs__60E0E700_N3YLEE,0x6e920,Idle Target 2 Y Axis,0xC1A0,0x451C,31876
60E1D400__vs__60E0E700_N3YLEE,0x6e950,Idle Target 2,0x01F4,0x42C8,-16596
60E1D400__vs__60E0E700_N3YLEE,0x6e968,Idle Target 3 Y Axis,0xC1A0,0x3EED,33459
60E1D400__vs__60E0E700_N3YLEE,0x6e998,Idle Target 3,0x0DAC,0x4015,-12905
60E1D400__vs__60E0E700_N3YLEE,0x6e9b0,Idle Target 4 Y Axis,0xC220,0x4051,33231
60E1D400__vs__60E0E700_N3YLEE,0x6e9cc,Idle Target 4,0x06A4,0x408B,-14823
60E1D400__vs__60E0E700_N3YLEE,0x6e9dc,Idle Target 5 Y Axis,0xC220,0x430C,32532
60E1D400__vs__60E0E700_N3YLEE,0x6e9f8,Idle Target 5,0x03E8,0x428C,-16036
60E1D400__vs__60E0E700_N3YLEE,0x6ea08,Idle Target 6 Y Axis,0x42F0,0x424A,166
60E1D400__vs__60E0E700_N3YLEE,0x6ea24,Idle Target 6,0x076C,0x41CD,-14945
60E1D400__vs__60E0E700_N3YLEE,0x6ea34,Idle Target 7 Y Axis,0xC220,0x4148,32984
60E1D400__vs__60E0E700_N3YLEE,0x6ea50,Idle Target 7,0x03E8,0xC19B,-48563
60E1D400__vs__60E0E700_N3YLEE,0x6ea60,(Unknown - load_bias_table_interpolator) X Axis,0xC220,0x42A0,32640
60E1D400__vs__60E0E700_N3YLEE,0x6ea7c,(Unknown - load_bias_table_interpolator) Y Axis,0x4270,0x40CA,422
60E1D400__vs__60E0E700_N3YLEE,0x6ea88,(Unknown - load_bias_table_interpolator),0x3B3B,0x00FF,14908
60E1D400__vs__60E0E700_N3YLEE,0x6ead4,Fuel Pressure (Map) Y Axis,0xC220,0x3E99,33671
60E1D400__vs__60E0E700_N3YLEE,0x6eaf8,Fuel Pressure (Map),0x0000,0x0000,0
60E1D400__vs__60E0E700_N3YLEE,0x6eb04,Fuel Pressure (Map) 2 Y Axis,0xC220,0x4120,33024
60E1D400__vs__60E0E700_N3YLEE,0x6eb28,Fuel Pressure (Map) 2,0x8080,0xC1A0,-16672
60E1D400__vs__60E0E700_N3YLEE,0x6eb34,Fuel Pressure (Map) 3 Y Axis,0xC220,0x4120,33024
60E1D400__vs__60E0E700_N3YLEE,0x6eb58,Fuel Pressure (Map) 3,0x1E1E,0x0000,7710
60E1D400__vs__60E0E700_N3YLEE,0x6eb64,Fuel Pressure (Map) 4 Y Axis,0x0000,0x42C8,-17096
60E1D400__vs__60E0E700_N3YLEE,0x6eb88,Fuel Pressure (Map) 4,0x0000,0x3F5C,-16220
60E1D400__vs__60E0E700_N3YLEE,0x6eb94,Fuel Pressure (Map) 5 Y Axis,0x43FA,0x3F87,1139
60E1D400__vs__60E0E700_N3YLEE,0x6eba8,Fuel Pressure (Map) 5,0x7272,0x3FA0,13010
60E1D400__vs__60E0E700_N3YLEE,0x6ebb0,Fuel Pressure (Map) 6 Y Axis,0xC1A0,0x3FA9,33271
60E1D400__vs__60E0E700_N3YLEE,0x6ebc8,Fuel Pressure (Map) 6,0x1E1E,0x3FDC,-8638
60E1D400__vs__60E0E700_N3YLEE,0x6ebd0,Fuel Pressure (Map) 7 Y Axis,0xC248,0x3FF0,33368
60E1D400__vs__60E0E700_N3YLEE,0x6ec08,Fuel Pressure (Map) 7,0x1D1D,0x404F,-9010
60E1D400__vs__60E0E700_N3YLEE,0x6ec34,Fuel Controller (Map) Y Axis,0xC1F0,0x408F,33121
60E1D400__vs__60E0E700_N3YLEE,0x6ec44,Fuel Controller (Map),0x0000,0x4096,-16534
60E1D400__vs__60E0E700_N3YLEE,0x6ec4c,Fuel Controller (Map) 2 Y Axis,0xC220,0x4039,33255
60E1D400__vs__60E0E700_N3YLEE,0x6ec70,Fuel Controller (Map) 2,0x04E2,0x40E8,-15366
60E1D400__vs__60E0E700_N3YLEE,0x6ec84,Fuel Controller (Map) 3 Y Axis,0xC220,0x4158,32968
60E1D400__vs__60E0E700_N3YLEE,0x6eca8,Fuel Controller (Map) 3,0x0000,0x4224,-16932
60E1D400__vs__60E0E700_N3YLEE,0x6ecbc,Fuel Controller (Map) 4 Y Axis,0xC220,0x42A4,32636
60E1D400__vs__60E0E700_N3YLEE,0x6ece0,Fuel Controller (Map) 4,0x0898,0x4355,-15037
60E1D400__vs__60E0E700_N3YLEE,0x6ecf4,Fuel Controller (Map) 5 Y Axis,0x4220,0x439F,-383
60E1D400__vs__60E0E700_N3YLEE,0x6ed08,Fuel Controller (Map) 5,0x01F4,0x3F80,-15756
60E1D400__vs__60E0E700_N3YLEE,0x6ed18,Load Blend Factor - Coolant Temperature Y Axis,0xC220,0x3F00,33568
60E1D400__vs__60E0E700_N3YLEE,0x6ed3c,Load Blend Factor - Coolant Temperature,0x1611,0x3F7D,-10604
60E1D400__vs__60E0E700_N3YLEE,0x6ed48,Load Blend Factor - Coolant Temperature X Blend Variation X Axis,0xC220,0x43FA,32294
60E1D400__vs__60E0E700_N3YLEE,0x6ed6c,Load Blend Factor - Coolant Temperature X Blend Variation Y Axis,0xC1A0,0x0000,49568
60E1D400__vs__60E0E700_N3YLEE,0x6ed78,Load Blend Factor - Coolant Temperature X Blend Variation,0x2214,0x44FA,-8934
60E1D400__vs__60E0E700_N3YLEE,0x6eda4,Air Charge - RPM X Charge Temperature X Axis,0x0000,0x42C8,-17096
60E1D400__vs__60E0E700_N3YLEE,0x6edd4,Air Charge - RPM X Charge Temperature Y Axis,0xC220,0x3EC7,33625
60E1D400__vs__60E0E700_N3YLEE,0x6edf4,Air Charge - RPM X Charge Temperature,0xFFFF,0x3F80,49279
60E1D400__vs__60E0E700_N3YLEE,0x6ee54,Ignition Trailing B X Axis,0x3D80,0x3C50,304
60E1D400__vs__60E0E700_N3YLEE,0x6eea4,Ignition Trailing B Y Axis,0x43FA,0x40CC,814
60E1D400__vs__60E0E700_N3YLEE,0x6eeec,Ignition Trailing B,0x4141,0x3C79,1224
60E1D400__vs__60E0E700_N3YLEE,0x6f054,Ignition Trailing A X Axis,0x3D80,0x4098,-792
60E1D400__vs__60E0E700_N3YLEE,0x6f0a4,Ignition Trailing A Y Axis,0x43FA,0x40F0,778
60E1D400__vs__60E0E700_N3YLEE,0x6f0ec,Ignition Trailing A,0x7E7E,0x4234,15434
60E1D400__vs__60E0E700_N3YLEE,0x6f254,Ignition Min Split X Axis,0x3D80,0x461C,-2204
60E1D400__vs__60E0E700_N3YLEE,0x6f2a4,Ignition Min Split Y Axis,0x443B,0x665A,-8735
60E1D400__vs__60E0E700_N3YLEE,0x6f2ec,Ignition Min Split,0x5A5A,0x5A00,90
60E1D400__vs__60E0E700_N3YLEE,0x6f454,Ignition 3 X Axis,0x0000,0x0000,0
60E1D400__vs__60E0E700_N3YLEE,0x6f4a0,Ignition 3 Y Axis,0x0000,0x4023,-16419
60E1D400__vs__60E0E700_N3YLEE,0x6f4cc,Ignition 3,0x001F,0x42F5,-17110
60E1D400__vs__60E0E700_N3YLEE,0x6f75c,Ignition 4 Y Axis,0xC170,0x4040,33072
60E1D400__vs__60E0E700_N3YLEE,0x6f78c,Ignition 4,0x6464,0x3F67,9469
60E1D400__vs__60E0E700_N3YLEE,0x6f798,Ignition 5 Y Axis,0x428C,0x3F61,811
60E1D400__vs__60E0E700_N3YLEE,0x6f79c,Ignition 5,0x64FF,0x3F54,9643
60E1D400__vs__60E0E700_N3YLEE,0x6f7a0,Ignition 6 Y Axis,0xC170,0x3F47,33321
60E1D400__vs__60E0E700_N3YLEE,0x6f7d0,Ignition 6,0x6464,0x3EBC,9640
60E1D400__vs__60E0E700_N3YLEE,0x6f7dc,Ignition 7 Y Axis,0x428C,0x3C93,1529
60E1D400__vs__60E0E700_N3YLEE,0x6f7e0,Ignition 7,0x64FF,0x0000,25855
60E1D400__vs__60E0E700_N3YLEE,0x6f7e4,Ignition 8 Y Axis,0xC170,0x3C23,34125
60E1D400__vs__60E0E700_N3YLEE,0x6f7e8,Ignition 8,0x64FF,0x3CA3,10332
60E1D400__vs__60E0E700_N3YLEE,0x6f7ec,Ignition 9 Y Axis,0x428C,0x3CF5,1431
60E1D400__vs__60E0E700_N3YLEE,0x6f7f0,Ignition 9,0x64FF,0x3D23,10204
60E1D400__vs__60E0E700_N3YLEE,0x6f7f4,Ignition 10 Y Axis,0xC170,0x3D4C,33828
60E1D400__vs__60E0E700_N3YLEE,0x6f7f8,Ignition 10,0x64FF,0x3D75,10122
60E1D400__vs__60E0E700_N3YLEE,0x6f7fc,Ignition 11 Y Axis,0x428C,0x3D8F,1277
60E1D400__vs__60E0E700_N3YLEE,0x6f800,Ignition 11,0x64FF,0x3DA3,10076
60E1D400__vs__60E0E700_N3YLEE,0x6f804,Ignition 12 Y Axis,0xC1F0,0x3DB8,33848
60E1D400__vs__60E0E700_N3YLEE,0x6f808,Ignition 12,0x64FF,0x3DCC,10035
60E1D400__vs__60E0E700_N3YLEE,0x6f80c,Ignition 13 Y Axis,0xC1F0,0x3DE1,33807
60E1D400__vs__60E0E700_N3YLEE,0x6f810,Ignition 13,0x64FF,0x3DF5,9994
60E1D400__vs__60E0E700_N3YLEE,0x6f814,Ignition 14 X Axis,0xC170,0x3E00,33648
60E1D400__vs__60E0E700_N3YLEE,0x6f818,Ignition 14 Y Axis,0x0000,0x3E40,-15936
60E1D400__vs__60E0E700_N3YLEE,0x6f81c,Ignition 14,0x64FF,0x3E80,9855
60E1D400__vs__60E0E700_N3YLEE,0x6f820,Ignition 15 X Axis,0x428C,0x3EA0,1004
60E1D400__vs__60E0E700_N3YLEE,0x6f824,Ignition 15 Y Axis,0x0000,0x3EC0,-16064
60E1D400__vs__60E0E700_N3YLEE,0x6f828,Ignition 15,0x64FF,0x3EE0,9759
60E1D400__vs__60E0E700_N3YLEE,0x6f82c,Ignition 16 X Axis,0xC170,0x3F00,33392
60E1D400__vs__60E0E700_N3YLEE,0x6f830,Ignition 16 Y Axis,0x0000,0x3F10,-16144
60E1D400__vs__60E0E700_N3YLEE,0x6f834,Ignition 16,0x64FF,0x3F20,9695
60E1D400__vs__60E0E700_N3YLEE,0x6f838,Ignition 17 X Axis,0x428C,0x3F30,860
60E1D400__vs__60E0E700_N3YLEE,0x6f83c,Ignition 17 Y Axis,0x0000,0x3F40,-16192
60E1D400__vs__60E0E700_N3YLEE,0x6f840,Ignition 17,0x64FF,0x3F50,9647
60E1D400__vs__60E0E700_N3YLEE,0x6f848,Off Throttle Fuel Cut - Fuel Resume - In Neutral Threshold7  Y Axis,0xC1A0,0x3F70,33328
60E1D400__vs__60E0E700_N3YLEE,0x6f878,Off Throttle Fuel Cut - Fuel Resume - In Neutral Threshold7,0x909A,0x3F6E,20780
60E1D400__vs__60E0E700_N3YLEE,0x6f8ec,CLT Sensor Scaling Y Axis,0x3E65,0x44FA,-1685
60E1D400__vs__60E0E700_N3YLEE,0x6f96c,CLT Sensor Scaling,0x430C,0x453B,-559
60E1D400__vs__60E0E700_N3YLEE,0x6fa9c,Off Throttle Fuel Cut - Fuel Resume - In Neutral Threshold8  Y Axis,0xC1A0,0x032C,48756
60E1D400__vs__60E0E700_N3YLEE,0x6fab0,Off Throttle Fuel Cut - Fuel Resume - In Neutral Threshold8,0xFBFB,0x02B8,63811
60E1D400__vs__60E0E700_N3YLEE,0x6fab8,Combustion Efficiency - Correction Constant 1 vs Coolant Temp Y Axis,0xC1A0,0x02B8,48872
60E1D400__vs__60E0E700_N3YLEE,0x6facc,Combustion Efficiency - Correction Constant 1 vs Coolant Temp,0x40A0,0x40A3,-3
60E1D400__vs__60E0E700_N3YLEE,0x6fae0,Combustion Efficiency - Correction Constant 2 vs Coolant Temp Y Axis,0xC1A0,0x41A3,32765
60E1D400__vs__60E0E700_N3YLEE,0x6faf4,Combustion Efficiency - Correction Constant 2 vs Coolant Temp,0x42C8,0x4448,-384
60E1D400__vs__60E0E700_N3YLEE,0x6fb18,MAF Scaling Y Axis,0x3F5C,0x028D,15567
60E1D400__vs__60E0E700_N3YLEE,0x6fbd8,MAF Scaling,0x3FF9,0x4270,-631
60E1D400__vs__60E0E700_N3YLEE,0x6fcd8,Knock Margin - State Machine Threshold 1 vs RPM Y Axis,0x43FA,0x3F00,1274
60E1D400__vs__60E0E700_N3YLEE,0x6fcf8,Knock Margin - State Machine Threshold 1 vs RPM,0x0000,0x2968,-10600
60E1D400__vs__60E0E700_N3YLEE,0x6fd00,Knock Margin - State Machine Threshold 2 vs RPM Y Axis,0x43FA,0x29A6,6740
60E1D400__vs__60E0E700_N3YLEE,0x6fd20,Knock Margin - State Machine Threshold 2 vs RPM,0x0000,0x27FE,-10238
60E1D400__vs__60E0E700_N3YLEE,0x6fd28,Injector Barometric Pressure Compensation Y Axis,0x428C,0x2756,6966
60E1D400__vs__60E0E700_N3YLEE,0x6fd38,Injector Barometric Pressure Compensation,0x3FB3,0x2756,6237
60E1D400__vs__60E0E700_N3YLEE,0x6fd48,Lambda Sensor Scaling Y Axis,0xBFA6,0x26AC,39162
60E1D400__vs__60E0E700_N3YLEE,0x6fd74,Lambda Sensor Scaling,0x3F42,0x41F0,-686
60E1D400__vs__60E0E700_N3YLEE,0x6fda0,Ignition - Load Based Spark 1 vs Load g/rev Y Axis,0x0000,0x3EA0,-16032
60E1D400__vs__60E0E700_N3YLEE,0x6fde0,Ignition - Load Based Spark 1 vs Load g/rev,0x3C1D,0x26DE,5439
60E1D400__vs__60E0E700_N3YLEE,0x6fe20,Ignition - Load Based Spark 2 vs Load g/rev Y Axis,0x0000,0x26C0,-9920
60E1D400__vs__60E0E700_N3YLEE,0x6fe60,Ignition - Load Based Spark 2 vs Load g/rev,0x3B90,0x455A,-2506
60E1D400__vs__60E0E700_N3YLEE,0x6feb8,Off Throttle Fuel Cut - Fuel Resume - In Neutral Threshold9  Y Axis,0xC1A0,0x2710,39568
60E1D400__vs__60E0E700_N3YLEE,0x6fee4,Off Throttle Fuel Cut - Fuel Resume - In Neutral Threshold9,0x5974,0x2756,12830
60E1D400__vs__60E0E700_N3YLEE,0x6ffa8,IAT Sensor Scaling Y Axis,0x3E5A,0x2788,5842
60E1D400__vs__60E0E700_N3YLEE,0x6ffe8,IAT Sensor Scaling,0x42EE,0x26EC,7170
60E1D400__vs__60E0E700_N3YLEE,0x7005c,MAF Filter Frequency Y Axis,0x0000,0x459C,-17820
60E1D400__vs__60E0E700_N3YLEE,0x70084,MAF Filter Frequency,0x0E12,0x3F10,-12542
60E1D400__vs__60E0E700_N3YLEE,0x70090,IAT Filter Y Axis,0x0000,0x3F40,-16192
60E1D400__vs__60E0E700_N3YLEE,0x700b0,IAT Filter,0x6464,0x2710,15700
60E1D400__vs__60E0E700_N3YLEE,0x700b8,CLT Filter Y Axis,0x43C8,0x2710,7352
60E1D400__vs__60E0E700_N3YLEE,0x700e0,CLT Filter,0xA0A0,0x2756,31050
60E1D400__vs__60E0E700_N3YLEE,0x700ec,Load Signal Y Axis,0xC220,0x2855,39371
60E1D400__vs__60E0E700_N3YLEE,0x70110,Load Signal,0x1860,0x272E,-3790
60E1D400__vs__60E0E700_N3YLEE,0x701f0,Barometric Pressure Adjustment Y Axis,0x0000,0x26EC,-9964
60E1D400__vs__60E0E700_N3YLEE,0x70230,Barometric Pressure Adjustment,0xA497,0x40A3,25588
60E1D400__vs__60E0E700_N3YLEE,0x70240,O2 Switch Y Axis,0x0000,0x4123,-16675
60E1D400__vs__60E0E700_N3YLEE,0x70264,O2 Switch,0x6060,0x4548,6936
60E1D400__vs__60E0E700_N3YLEE,0x70270,Fuel - Fuel Trim Learn - Coolant Temperature Threshold Y Axis,0x4248,0x45AF,-871
60E1D400__vs__60E0E700_N3YLEE,0x7027c,Fuel - Fuel Trim Learn - Coolant Temperature Threshold,0x0000,0x27D8,-10200
60E1D400__vs__60E0E700_N3YLEE,0x70280,TPS Deadband Y Axis,0x0000,0x27D8,-10200
60E1D400__vs__60E0E700_N3YLEE,0x702a4,TPS Deadband,0xA0A0,0x27D8,30920
60E1D400__vs__60E0E700_N3YLEE,0x702b0,Ignition - Timing Angle Ramp 1 vs RPM Y Axis,0x4448,0x27D8,7280
60E1D400__vs__60E0E700_N3YLEE,0x702cc,Ignition - Timing Angle Ramp 1 vs RPM,0x0D1B,0x27D8,-6845
60E1D400__vs__60E0E700_N3YLEE,0x702d4,Ignition - Timing Angle Ramp 2 vs RPM Y Axis,0x4448,0x27D8,7280
60E1D400__vs__60E0E700_N3YLEE,0x702f0,Ignition - Timing Angle Ramp 2 vs RPM,0x0D1B,0x27D8,-6845
60E1D400__vs__60E0E700_N3YLEE,0x702f8,(Unknown - init_control_values) Y Axis,0xC1F0,0x27D8,39448
60E1D400__vs__60E0E700_N3YLEE,0x70334,(Unknown - init_control_values),0x0000,0x4075,-16501
60E1D400__vs__60E0E700_N3YLEE,0x70344,Ignition - Coolant Temp Correction vs Coolant Temp Y Axis,0xC1F0,0x410F,32993
60E1D400__vs__60E0E700_N3YLEE,0x70380,Ignition - Coolant Temp Correction vs Coolant Temp,0x31B5,0x27D8,2525
60E1D400__vs__60E0E700_N3YLEE,0x703a0,Load Smoothing Y Axis,0x453B,0x27D8,7523
60E1D400__vs__60E0E700_N3YLEE,0x703bc,Load Smoothing,0x2A30,0x27D8,600
60E1D400__vs__60E0E700_N3YLEE,0x703cc,Transmission Load Control - Threshold 1 vs Throttle/Load Y Axis,0x0000,0x27D8,-10200
60E1D400__vs__60E0E700_N3YLEE,0x703e4,Transmission Load Control - Threshold 1 vs Throttle/Load,0x0000,0x27D8,-10200
60E1D400__vs__60E0E700_N3YLEE,0x703f0,Transmission Load Control - Threshold 2 vs Throttle/Load Y Axis,0x0000,0x27D8,-10200
60E1D400__vs__60E0E700_N3YLEE,0x70414,Transmission Load Control - Threshold 2 vs Throttle/Load,0x001F,0x27D8,-10169
60E1D400__vs__60E0E700_N3YLEE,0x70428,Transmission Load Control - Threshold 3 vs Throttle/Load Y Axis,0x0000,0x27D8,-10200
60E1D400__vs__60E0E700_N3YLEE,0x70468,Transmission Load Control - Threshold 3 vs Throttle/Load,0x0001,0x41A0,-16799
60E1D400__vs__60E0E700_N3YLEE,0x70488,Fuel Feedback - Decay Curve 1 vs Load Fraction Y Axis,0x0000,0x33D6,-13270
60E1D400__vs__60E0E700_N3YLEE,0x70504,Fuel Feedback - Decay Curve 1 vs Load Fraction,0x3F80,0x33D6,2986
60E1D400__vs__60E0E700_N3YLEE,0x70580,Fuel Feedback - Decay Curve 2 vs Load Fraction Y Axis,0x0000,0x33D6,-13270
60E1D400__vs__60E0E700_N3YLEE,0x705fc,Fuel Feedback - Decay Curve 2 vs Load Fraction,0x3F80,0x0000,16256
60E1D400__vs__60E0E700_N3YLEE,0x70678,Fuel Feedback - Decay Curve 3 vs Load Fraction Y Axis,0x0000,0x469C,-18076
60E1D400__vs__60E0E700_N3YLEE,0x706f4,Fuel Feedback - Decay Curve 3 vs Load Fraction,0x3F80,0x4248,-712
60E1D400__vs__60E0E700_N3YLEE,0x70770,Fuel Feedback - Decay Curve 4 (u8 copy) vs Load Fraction Y Axis,0x0000,0x0000,0
60E1D400__vs__60E0E700_N3YLEE,0x707ec,Fuel Feedback - Decay Curve 4 (u8 copy) vs Load Fraction,0x3F80,0x42B4,-820
60E1D400__vs__60E0E700_N3YLEE,0x70868,Fuel - Long Term Fuel Trim - Load Correction Matrix X Axis,0x43FA,0x03E8,16402
60E1D400__vs__60E0E700_N3YLEE,0x70888,Fuel - Long Term Fuel Trim - Load Correction Matrix Y Axis,0x3D80,0x42A0,-1312
60E1D400__vs__60E0E700_N3YLEE,0x708a8,Fuel - Long Term Fuel Trim - Load Correction Matrix,0x7A7A,0x0000,31354
60E1D400__vs__60E0E700_N3YLEE,0x708e8,Closed Loop WOT Enrichment?? X Axis,0x43FA,0x0000,17402
60E1D400__vs__60E0E700_N3YLEE,0x70918,Closed Loop WOT Enrichment?? Y Axis,0x425C,0x4843,-1511
60E1D400__vs__60E0E700_N3YLEE,0x70924,Closed Loop WOT Enrichment??,0x0000,0xBCA3,-48291
60E1D400__vs__60E0E700_N3YLEE,0x70948,Fuel Control (Map) X Axis,0x3FA3,0xBCCC,-32041
60E1D400__vs__60E0E700_N3YLEE,0x7097c,Fuel Control (Map) Y Axis,0x4448,0x4856,-1038
60E1D400__vs__60E0E700_N3YLEE,0x70998,Fuel Control (Map),0x130B,0x3C7D,-10610
60E1D400__vs__60E0E700_N3YLEE,0x70a50,Fuel Control (Map) 2 X Axis,0x3FA3,0x3F7D,38
60E1D400__vs__60E0E700_N3YLEE,0x70a84,Fuel Control (Map) 2 Y Axis,0x4448,0x3F80,1224
60E1D400__vs__60E0E700_N3YLEE,0x70aa0,Fuel Control (Map) 2,0x0133,0x3CA3,-15216
60E1D400__vs__60E0E700_N3YLEE,0x70b58,Transmission Load Control (Map) X Axis,0x41A0,0x3E99,775
60E1D400__vs__60E0E700_N3YLEE,0x70b78,Transmission Load Control (Map) Y Axis,0x3DCC,0x0FA0,11820
60E1D400__vs__60E0E700_N3YLEE,0x70b9c,Transmission Load Control (Map),0x2710,0x4516,-7686
60E1D400__vs__60E0E700_N3YLEE,0x70c2c,Transmission Load Control (Map) 2 X Axis,0x41A0,0x3D4C,1108
60E1D400__vs__60E0E700_N3YLEE,0x70c4c,Transmission Load Control (Map) 2 Y Axis,0x3DCC,0x4000,-564
60E1D400__vs__60E0E700_N3YLEE,0x70c70,Transmission Load Control (Map) 2,0x2710,0x447A,-7530
60E1D400__vs__60E0E700_N3YLEE,0x70d00,Transmission Load Control (Map) 3 X Axis,0x41A0,0xC220,-32896
60E1D400__vs__60E0E700_N3YLEE,0x70d20,Transmission Load Control (Map) 3 Y Axis,0x3E05,0x4248,-1091
60E1D400__vs__60E0E700_N3YLEE,0x70d44,Transmission Load Control (Map) 3,0x28F0,0x8080,-22416
60E1D400__vs__60E0E700_N3YLEE,0x70dd4,Fuel Enrichment Control (Map) X Axis,0x43FA,0x80FF,-15621
60E1D400__vs__60E0E700_N3YLEE,0x70e04,Fuel Enrichment Control (Map) Y Axis,0x3DCC,0x447A,-1710
60E1D400__vs__60E0E700_N3YLEE,0x70e44,Fuel Enrichment Control (Map),0x2328,0xA8A8,-34176
60E1D400__vs__60E0E700_N3YLEE,0x70fc4,Fuel Enrichment Control (Map) 2 X Axis,0x43FA,0x455A,-352
60E1D400__vs__60E0E700_N3YLEE,0x70ff4,Fuel Enrichment Control (Map) 2 Y Axis,0x3DCC,0xF064,-45720
60E1D400__vs__60E0E700_N3YLEE,0x71034,Fuel Enrichment Control (Map) 2,0x2328,0x459C,-8820
60E1D400__vs__60E0E700_N3YLEE,0x711b4,Vtec Timing Control (Map) X Axis,0x3FA3,0x458C,-1513
60E1D400__vs__60E0E700_N3YLEE,0x711e8,Vtec Timing Control (Map) Y Axis,0x4448,0x429E,426
60E1D400__vs__60E0E700_N3YLEE,0x71204,Vtec Timing Control (Map),0x27D8,0x0000,10200
60E1D400__vs__60E0E700_N3YLEE,0x712bc,Vtec Timing Control (Map) 2 X Axis,0x3FA3,0x44FA,-1367
60E1D400__vs__60E0E700_N3YLEE,0x712f0,Vtec Timing Control (Map) 2 Y Axis,0x4448,0x428C,444
60E1D400__vs__60E0E700_N3YLEE,0x7130c,Vtec Timing Control (Map) 2,0x27D8,0x0000,10200
60E1D400__vs__60E0E700_N3YLEE,0x713c4,Transmission Load Control (Map) 4 X Axis,0x0000,0x451C,-17692
60E1D400__vs__60E0E700_N3YLEE,0x713ec,Transmission Load Control (Map) 4 Y Axis,0xC220,0x45EA,31798
60E1D400__vs__60E0E700_N3YLEE,0x71408,Transmission Load Control (Map) 4,0x0000,0x0303,-771
60E1D400__vs__60E0E700_N3YLEE,0x7158c,(Unknown - wankel_rotary_control) Y Axis,0x0000,0x43FA,-17402
60E1D400__vs__60E0E700_N3YLEE,0x715bc,(Unknown - wankel_rotary_control),0x3333,0x453B,-4616
60E1D400__vs__60E0E700_N3YLEE,0x715c8,(Unknown - wankel_rotary_control) 2 Y Axis,0x0000,0x458C,-17804
60E1D400__vs__60E0E700_N3YLEE,0x715f8,(Unknown - wankel_rotary_control) 2,0x3333,0x0000,13107
60E1D400__vs__60E0E700_N3YLEE,0x71604,(Unknown - wankel_rotary_control) 3 Y Axis,0x0000,0x0000,0
60E1D400__vs__60E0E700_N3YLEE,0x71634,(Unknown - wankel_rotary_control) 3,0x0A0A,0x0A0F,-5
60E1D400__vs__60E0E700_N3YLEE,0x71640,Secondary Fuel (Map) Y Axis,0x0000,0x0A0F,-2575
60E1D400__vs__60E0E700_N3YLEE,0x71664,Secondary Fuel (Map),0x0000,0x3E80,-16000
60E1D400__vs__60E0E700_N3YLEE,0x71670,Secondary Fuel (Map) 2 Y Axis,0x0000,0x3EE0,-16096
60E1D400__vs__60E0E700_N3YLEE,0x71694,Secondary Fuel (Map) 2,0x0000,0x3F80,-16256
60E1D400__vs__60E0E700_N3YLEE,0x716a0,Secondary Fuel (Map) 3 Y Axis,0x0000,0x3F98,-16280
60E1D400__vs__60E0E700_N3YLEE,0x716c4,Secondary Fuel (Map) 3,0x1E1E,0x455A,-10044
60E1D400__vs__60E0E700_N3YLEE,0x716d0,Secondary Fuel (Map) 4 Y Axis,0x0000,0x459C,-17820
60E1D400__vs__60E0E700_N3YLEE,0x716f4,Secondary Fuel (Map) 4,0x1E1E,0x0000,7710
60E1D400__vs__60E0E700_N3YLEE,0x71700,Obd Validation Check (Map) Y Axis,0x0000,0x0303,-771
60E1D400__vs__60E0E700_N3YLEE,0x71724,Obd Validation Check (Map),0x1919,0x0000,6425
60E1D400__vs__60E0E700_N3YLEE,0x71730,Obd Validation Check (Map) 2 Y Axis,0x0000,0x0505,-1285
60E1D400__vs__60E0E700_N3YLEE,0x71754,Obd Validation Check (Map) 2,0x1919,0x0012,6407
60E1D400__vs__60E0E700_N3YLEE,0x71760,Fuel Trim - Update Step vs Throttle Position Y Axis,0x41A0,0x0000,16800
60E1D400__vs__60E0E700_N3YLEE,0x71784,Fuel Trim - Update Step vs Throttle Position,0x927C,0x2626,27734
60E1D400__vs__60E0E700_N3YLEE,0x71798,Lambda Integration Time Constant Y Axis,0x0000,0x2626,-9766
60E1D400__vs__60E0E700_N3YLEE,0x717bc,Lambda Integration Time Constant,0x03E8,0x2429,-8257
60E1D400__vs__60E0E700_N3YLEE,0x717d0,Lambda Parameter Y Axis,0x0000,0x282D,-10285
60E1D400__vs__60E0E700_N3YLEE,0x717f4,Lambda Parameter,0x03E8,0x3414,-12332
60E1D400__vs__60E0E700_N3YLEE,0x71808,Ignition Timing Output (Map) Y Axis,0x0000,0x0C0C,-3084
60E1D400__vs__60E0E700_N3YLEE,0x71828,Ignition Timing Output (Map),0x05DC,0x433C,-15712
60E1D400__vs__60E0E700_N3YLEE,0x71838,Ignition Timing Output (Map) 2 Y Axis,0x0000,0x4D51,-19793
60E1D400__vs__60E0E700_N3YLEE,0x71868,Ignition Timing Output (Map) 2,0x0000,0x5959,-22873
60E1D400__vs__60E0E700_N3YLEE,0x71880,Rotary - Position Correction 1 vs Rotor Position Y Axis,0x0000,0x5959,-22873
60E1D400__vs__60E0E700_N3YLEE,0x718b0,Rotary - Position Correction 1 vs Rotor Position,0xBCA3,0x45AB,30456
60E1D400__vs__60E0E700_N3YLEE,0x718e0,Rotary - Position Correction 2 vs Rotor Position Y Axis,0x0000,0x0000,0
60E1D400__vs__60E0E700_N3YLEE,0x71910,Rotary - Position Correction 2 vs Rotor Position,0x3C23,0x0808,13339
60E1D400__vs__60E0E700_N3YLEE,0x71940,Rotary - Position Correction 3 vs Rotor Position Y Axis,0x0000,0x3E40,-15936
60E1D400__vs__60E0E700_N3YLEE,0x71970,Rotary - Position Correction 3 vs Rotor Position,0xBCA3,0x3F70,32051
60E1D400__vs__60E0E700_N3YLEE,0x71a50,Sensor Validation Monitor (Map) Y Axis,0x43FA,0x1010,13290
60E1D400__vs__60E0E700_N3YLEE,0x71a78,Sensor Validation Monitor (Map),0x1717,0x2626,-3855
60E1D400__vs__60E0E700_N3YLEE,0x71a84,Sensor Validation - Threshold vs RPM Y Axis,0x447A,0x100F,13419
60E1D400__vs__60E0E700_N3YLEE,0x71a98,Sensor Validation - Threshold vs RPM,0x005E,0x0E12,-3508
60E1D400__vs__60E0E700_N3YLEE,0x71aa4,Sensor Validation Monitor (Map) 2 Y Axis,0x3DCC,0x3C3C,400
60E1D400__vs__60E0E700_N3YLEE,0x71acc,Sensor Validation Monitor (Map) 2,0x02BC,0x4E60,-19364
60E1D400__vs__60E0E700_N3YLEE,0x71ae0,Sensor Validation Monitor (Map) 3 Y Axis,0x3DCC,0x5B5B,-7567
60E1D400__vs__60E0E700_N3YLEE,0x71b08,Sensor Validation Monitor (Map) 3,0x0FA0,0x433C,-13212
60E1D400__vs__60E0E700_N3YLEE,0x71b1c,Adaptive Control - Constant vs RPM Y Axis,0x4448,0x4852,-1034
60E1D400__vs__60E0E700_N3YLEE,0x71b44,Adaptive Control - Constant vs RPM,0x009C,0x6C6C,-27600
60E1D400__vs__60E0E700_N3YLEE,0x71b58,Combustion Control - Constant vs Load Fraction Y Axis,0x0000,0x516C,-20844
60E1D400__vs__60E0E700_N3YLEE,0x71b70,Combustion Control - Constant vs Load Fraction,0x0138,0x3CF5,-15293
60E1D400__vs__60E0E700_N3YLEE,0x71b7c,Engine Load Control - Threshold vs Load Fraction Y Axis,0x0000,0xBD4C,-48460
60E1D400__vs__60E0E700_N3YLEE,0x71b94,Engine Load Control - Threshold vs Load Fraction,0x061A,0x3ECC,-14514
60E1D400__vs__60E0E700_N3YLEE,0x71cac,Fuelling - Safe Mode Y Axis,0x4220,0x4100,288
60E1D400__vs__60E0E700_N3YLEE,0x71cd0,Fuelling - Safe Mode,0x8080,0x44BB,15301
60E1D400__vs__60E0E700_N3YLEE,0x71cdc,Fuelling 0 Y Axis,0x4220,0xC033,-32275
60E1D400__vs__60E0E700_N3YLEE,0x71ce0,Fuelling 0,0x80FF,0x3F33,16844
60E1D400__vs__60E0E700_N3YLEE,0x71ce4,Fuelling 1 Y Axis,0xC220,0x44BB,32101
60E1D400__vs__60E0E700_N3YLEE,0x71d00,Fuelling 1,0x8080,0xC248,-16840
60E1D400__vs__60E0E700_N3YLEE,0x71d08,Fuelling 2 - Safe Mode Y Axis,0x4220,0x0000,16928
60E1D400__vs__60E0E700_N3YLEE,0x71d2c,Fuelling 2 - Safe Mode,0x8080,0xC296,-16918
60E1D400__vs__60E0E700_N3YLEE,0x71d38,Fuelling 3 Y Axis,0x4220,0x0000,16928
60E1D400__vs__60E0E700_N3YLEE,0x71d5c,Fuelling 3,0x8080,0xC296,-16918
60E1D400__vs__60E0E700_N3YLEE,0x71d68,Fuelling 4 Y Axis,0xC220,0x0000,49696
60E1D400__vs__60E0E700_N3YLEE,0x71d84,Fuelling 4,0x8080,0x60FF,8065
60E1D400__vs__60E0E700_N3YLEE,0x71d8c,Fuelling 5 Y Axis,0x43FA,0xC296,-32412
60E1D400__vs__60E0E700_N3YLEE,0x71dd4,Fuelling 5,0xA5A5,0x3DCC,26585
60E1D400__vs__60E0E700_N3YLEE,0x71de8,Fuelling 6 Y Axis,0x43FA,0x0000,17402
60E1D400__vs__60E0E700_N3YLEE,0x71e30,Fuelling 6,0xA5A5,0x4110,25749
60E1D400__vs__60E0E700_N3YLEE,0x71e44,Fuelling 7 Y Axis,0x43FA,0x8C8C,-18578
60E1D400__vs__60E0E700_N3YLEE,0x71e8c,Fuelling 7,0xA5A5,0x4110,25749
60E1D400__vs__60E0E700_N3YLEE,0x71ea0,Closed Loop Fuelling Threshold (Unknown A) Y Axis,0x443B,0x4110,811
60E1D400__vs__60E0E700_N3YLEE,0x71ed0,Closed Loop Fuelling Threshold (Unknown A),0x545A,0x41A0,4794
60E1D400__vs__60E0E700_N3YLEE,0x71edc,Closed Loop Fuelling Threshold (Throttle Position)  Y Axis,0x43FA,0x4248,434
60E1D400__vs__60E0E700_N3YLEE,0x71f28,Closed Loop Fuelling Threshold (Throttle Position),0x7878,0x5050,10280
60E1D400__vs__60E0E700_N3YLEE,0x71f3c,Rotary Combustion Efficiency (Map) Y Axis,0x43FA,0x423B,447
60E1D400__vs__60E0E700_N3YLEE,0x71f84,Rotary Combustion Efficiency (Map),0xF064,0x0679,59883
60E1D400__vs__60E0E700_N3YLEE,0x71f98,Sensors - MAF - Rotary Chamber Scalar Y Axis,0x43FA,0x427A,384
60E1D400__vs__60E0E700_N3YLEE,0x71f9c,Sensors - MAF - Rotary Chamber Scalar,0xFAFF,0x429C,47203
60E1D400__vs__60E0E700_N3YLEE,0x71fa0,Wankel Chamber Pressure Analysis (Map) Y Axis,0x43FA,0x42BB,319
60E1D400__vs__60E0E700_N3YLEE,0x71fe8,Wankel Chamber Pressure Analysis (Map),0xDCDC,0x00FF,56285
60E1D400__vs__60E0E700_N3YLEE,0x71ffc,Fuel - Fuel Control - State Scalar Y Axis,0x43FA,0x44FA,-256
60E1D400__vs__60E0E700_N3YLEE,0x72000,Fuel - Fuel Control - State Scalar,0xFAFF,0x451C,46563
60E1D400__vs__60E0E700_N3YLEE,0x72004,Wankel Chamber Pressure Analysis (Map) 2 Y Axis,0x43FA,0x453B,-321
60E1D400__vs__60E0E700_N3YLEE,0x7204c,Wankel Chamber Pressure Analysis (Map) 2,0xDCDC,0x0000,56540
60E1D400__vs__60E0E700_N3YLEE,0x72060,Sensors - Wankel - Chamber Pressure Scalar Y Axis,0x43FA,0x4248,434
60E1D400__vs__60E0E700_N3YLEE,0x72064,Sensors - Wankel - Chamber Pressure Scalar,0xFAFF,0x4270,47247
60E1D400__vs__60E0E700_N3YLEE,0x72068,Fuelling 8 Y Axis,0x453B,0x428C,687
60E1D400__vs__60E0E700_N3YLEE,0x72084,Fuelling 8,0x1A1A,0x430C,-10482
60E1D400__vs__60E0E700_N3YLEE,0x7208c,Closed/Open Loop - Threshold 1 vs RPM Y Axis,0x443B,0x4320,283
60E1D400__vs__60E0E700_N3YLEE,0x720bc,Closed/Open Loop - Threshold 1 vs RPM,0x0000,0x447A,-17530
60E1D400__vs__60E0E700_N3YLEE,0x720d4,Closed/Open Loop - Scalar Threshold Y Axis,0x443B,0x457A,-319
60E1D400__vs__60E0E700_N3YLEE,0x720d8,Closed/Open Loop - Scalar Threshold,0x009C,0x458C,-17648
60E1D400__vs__60E0E700_N3YLEE,0x720dc,Closed/Open Loop - Threshold 2 vs RPM Y Axis,0x443B,0x459C,-353
60E1D400__vs__60E0E700_N3YLEE,0x7210c,Closed/Open Loop - Threshold 2 vs RPM,0x0000,0x0A3D,-2621
60E1D400__vs__60E0E700_N3YLEE,0x72124,Closed/Open Loop - Threshold 3 vs RPM Y Axis,0x443B,0x6B85,-10058
60E1D400__vs__60E0E700_N3YLEE,0x72154,Closed/Open Loop - Threshold 3 vs RPM,0x0000,0x6B85,-27525
60E1D400__vs__60E0E700_N3YLEE,0x7216c,Knock Detection - Threshold 1 vs Coolant Temp Y Axis,0xC220,0x0247,49113
60E1D400__vs__60E0E700_N3YLEE,0x72188,Knock Detection - Threshold 1 vs Coolant Temp,0x007D,0x6B85,-27400
60E1D400__vs__60E0E700_N3YLEE,0x72198,Knock Detection - Threshold 2 vs Coolant Temp Y Axis,0xC220,0x6B85,22171
60E1D400__vs__60E0E700_N3YLEE,0x721b4,Knock Detection - Threshold 2 vs Coolant Temp,0x007D,0x0FC8,-3915
60E1D400__vs__60E0E700_N3YLEE,0x721c4,Knock - Apex Seal Threshold vs RPM Y Axis,0x455A,0x6B85,-9771
60E1D400__vs__60E0E700_N3YLEE,0x721d8,Knock - Apex Seal Threshold vs RPM,0x002C,0x0848,-2076
60E1D400__vs__60E0E700_N3YLEE,0x721e4,Closed/Open Loop - Threshold 4 vs RPM Y Axis,0x453B,0x0E6D,14030
60E1D400__vs__60E0E700_N3YLEE,0x72200,Closed/Open Loop - Threshold 4 vs RPM,0x0010,0x6B85,-27509
60E1D400__vs__60E0E700_N3YLEE,0x72210,Closed/Open Loop - Threshold 5 vs RPM Y Axis,0x453B,0x0C29,14610
60E1D400__vs__60E0E700_N3YLEE,0x7222c,Closed/Open Loop - Threshold 5 vs RPM,0x0010,0x6B85,-27509
60E1D400__vs__60E0E700_N3YLEE,0x7223c,Fuelling 9 - Safe Mode X Axis,0x43FA,0x096C,14990
60E1D400__vs__60E0E700_N3YLEE,0x7226c,Fuelling 9 - Safe Mode Y Axis,0x41A0,0x088A,14614
60E1D400__vs__60E0E700_N3YLEE,0x7228c,Fuelling 9 - Safe Mode,0x0000,0x21D8,-8664
60E1D400__vs__60E0E700_N3YLEE,0x722ec,Fuelling 10 - Safe Mode X Axis,0x0000,0x1AD7,-6871
60E1D400__vs__60E0E700_N3YLEE,0x72340,Fuelling 10 - Safe Mode Y Axis,0x43FA,0x1100,13050
60E1D400__vs__60E0E700_N3YLEE,0x7238c,Fuelling 10 - Safe Mode,0x0000,0x25F0,-9712
60E1D400__vs__60E0E700_N3YLEE,0x7251c,Fuelling 11 X Axis,0x43FA,0x443B,-65
60E1D400__vs__60E0E700_N3YLEE,0x72520,Fuelling 11 Y Axis,0x41A0,0x447A,-730
60E1D400__vs__60E0E700_N3YLEE,0x72524,Fuelling 11,0x00FF,0x44BB,-17340
60E1D400__vs__60E0E700_N3YLEE,0x72528,Fuelling 12 X Axis,0x0000,0x44FA,-17658
60E1D400__vs__60E0E700_N3YLEE,0x7252c,Fuelling 12 Y Axis,0x43FA,0x451C,-290
60E1D400__vs__60E0E700_N3YLEE,0x72530,Fuelling 12,0x00FF,0x453B,-17468
60E1D400__vs__60E0E700_N3YLEE,0x72534,Fuelling 13 - Safe Mode X Axis,0x43FA,0x455A,-352
60E1D400__vs__60E0E700_N3YLEE,0x72564,Fuelling 13 - Safe Mode Y Axis,0x41A0,0x8000,-15968
60E1D400__vs__60E0E700_N3YLEE,0x72584,Fuelling 13 - Safe Mode,0x0000,0x9F8D,-40845
60E1D400__vs__60E0E700_N3YLEE,0x725e4,Fuelling 14 - Safe mode X Axis,0x0000,0xCAE6,-51942
60E1D400__vs__60E0E700_N3YLEE,0x72638,Fuelling 14 - Safe mode Y Axis,0x43FA,0xD74D,-37715
60E1D400__vs__60E0E700_N3YLEE,0x72684,Fuelling 14 - Safe mode,0x0000,0x9DA6,-40358
60E1D400__vs__60E0E700_N3YLEE,0x72814,Fuelling 15 X Axis,0x43FA,0x4248,434
60E1D400__vs__60E0E700_N3YLEE,0x72844,Fuelling 15 Y Axis,0x41A0,0x0250,16208
60E1D400__vs__60E0E700_N3YLEE,0x72864,Fuelling 15,0x0000,0x42B4,-17076
60E1D400__vs__60E0E700_N3YLEE,0x728c4,Fuelling 16 X Axis,0x0000,0x4496,-17558
60E1D400__vs__60E0E700_N3YLEE,0x72918,Fuelling 16 Y Axis,0x43FA,0x2222,8664
60E1D400__vs__60E0E700_N3YLEE,0x72964,Fuelling 16,0x0000,0x4282,-17026
60E1D400__vs__60E0E700_N3YLEE,0x72b38,Ignition - Adaptive Step vs RPM Y Axis,0x4448,0x0100,17224
60E1D400__vs__60E0E700_N3YLEE,0x72b64,Ignition - Adaptive Step vs RPM,0x0008,0x0100,-248
60E1D400__vs__60E0E700_N3YLEE,0x72bfc,Temp Correction A Y Axis,0x0000,0xC1A0,-49568
60E1D400__vs__60E0E700_N3YLEE,0x72c20,Temp Correction A,0x1010,0x428C,-12924
60E1D400__vs__60E0E700_N3YLEE,0x72c2c,Temp Correction B Y Axis,0x0000,0x6464,-25700
60E1D400__vs__60E0E700_N3YLEE,0x72c50,Temp Correction B,0x1010,0x41A0,-12688
60E1D400__vs__60E0E700_N3YLEE,0x72c88,Ignition Leading - Idle Error Timing Correction - Unknown Bool False Y Axis,0xC2C8,0x4110,33208
60E1D400__vs__60E0E700_N3YLEE,0x72cac,Ignition Leading - Idle Error Timing Correction - Unknown Bool False,0x9C94,0x4220,23156
60E1D400__vs__60E0E700_N3YLEE,0x72cb8,Ignition Leading - Idle Error Timing Correction - Unknown Bool True Y Axis,0xC2C8,0x428C,32828
60E1D400__vs__60E0E700_N3YLEE,0x72cdc,Ignition Leading - Idle Error Timing Correction - Unknown Bool True,0x9C94,0x41A0,23284
60E1D400__vs__60E0E700_N3YLEE,0x72ce8,Ignition Trailing - Idle Error Timing Correction - Unknown Bool False Y Axis,0xC2C8,0x4248,32896
60E1D400__vs__60E0E700_N3YLEE,0x72d0c,Ignition Trailing - Idle Error Timing Correction - Unknown Bool False,0x9C94,0x0000,40084
60E1D400__vs__60E0E700_N3YLEE,0x72d18,Ignition Trailing - Idle Error Timing Correction - Unknown Bool True Y Axis,0xC2C8,0x41F0,32984
60E1D400__vs__60E0E700_N3YLEE,0x72d3c,Ignition Trailing - Idle Error Timing Correction - Unknown Bool True,0x9C94,0xC220,-9612
60E1D400__vs__60E0E700_N3YLEE,0x72d78,WOT Enrichment Threshold Y Axis,0x0000,0x453B,-17723
60E1D400__vs__60E0E700_N3YLEE,0x72dd0,WOT Enrichment Threshold,0x8C8C,0x457A,18194
60E1D400__vs__60E0E700_N3YLEE,0x72de8,Cold Start Enrichment Threshold Y Axis,0x0000,0x00FF,-255
60E1D400__vs__60E0E700_N3YLEE,0x72e40,Cold Start Enrichment Threshold,0x8C8C,0x8080,3084
60E1D400__vs__60E0E700_N3YLEE,0x72e60,Ignition Leading/Trailing - Intake Air Temperature Compensation - On Throttle Y Axis,0x41A0,0xB4FF,-29535
60E1D400__vs__60E0E700_N3YLEE,0x72e84,Ignition Leading/Trailing - Intake Air Temperature Compensation - On Throttle,0x5050,0x46EA,2406
60E1D400__vs__60E0E700_N3YLEE,0x72e90,Warm-up Enrichment B Y Axis,0x41A0,0xC120,-32640
60E1D400__vs__60E0E700_N3YLEE,0x72eb4,Warm-up Enrichment B,0x5050,0x1414,15420
60E1D400__vs__60E0E700_N3YLEE,0x72ec0,Dual Channel Fuel Computation (Map) Y Axis,0x0000,0x8686,-34438
60E1D400__vs__60E0E700_N3YLEE,0x72edc,Dual Channel Fuel Computation (Map),0x0000,0xC8C8,-51400
60E1D400__vs__60E0E700_N3YLEE,0x72eec,Dual Channel Fuel Computation (Map) 2 Y Axis,0x0000,0x8686,-34438
60E1D400__vs__60E0E700_N3YLEE,0x72f08,Dual Channel Fuel Computation (Map) 2,0x0000,0x457A,-17786
60E1D400__vs__60E0E700_N3YLEE,0x72f18,Dual Channel Fuel Computation (Map) 3 Y Axis,0x0000,0x3ECC,-16076
60E1D400__vs__60E0E700_N3YLEE,0x72f34,Dual Channel Fuel Computation (Map) 3,0x0000,0xB4B4,-46260
60E1D400__vs__60E0E700_N3YLEE,0x72f4c,Secondary Fuel Trimmer (Map) Y Axis,0x0000,0xB4B4,-46260
60E1D400__vs__60E0E700_N3YLEE,0x72f64,Secondary Fuel Trimmer (Map),0x0672,0x42C8,-15446
60E1D400__vs__60E0E700_N3YLEE,0x72f7c,DSC Mode C - Max Throttle Plate Opening Allowed Y Axis,0x0000,0x4120,-16672
60E1D400__vs__60E0E700_N3YLEE,0x72fc8,DSC Mode C - Max Throttle Plate Opening Allowed,0x1313,0x0000,4883
60E1D400__vs__60E0E700_N3YLEE,0x72fdc,Torque To Accel Position X Axis,0x0000,0x42A8,-17064
60E1D400__vs__60E0E700_N3YLEE,0x73044,Torque To Accel Position Y Axis,0x43FA,0x457A,-384
60E1D400__vs__60E0E700_N3YLEE,0x73090,Torque To Accel Position,0x0021,0x453B,-17690
60E1D400__vs__60E0E700_N3YLEE,0x7346c,Throttle Position To Torque X Axis,0x0000,0x3333,-13107
60E1D400__vs__60E0E700_N3YLEE,0x734a4,Throttle Position To Torque Y Axis,0x0000,0x2A6F,-10863
60E1D400__vs__60E0E700_N3YLEE,0x734f4,Throttle Position To Torque,0x8000,0x4958,13992
60E1D400__vs__60E0E700_N3YLEE,0x73768,Idle Speed Control Task (Map) Y Axis,0x428C,0x1371,12059
60E1D400__vs__60E0E700_N3YLEE,0x73778,Idle Speed Control Task (Map),0x0002,0x0021,-31
60E1D400__vs__60E0E700_N3YLEE,0x7377c,Idle Speed Control Task (Map) 2 Y Axis,0x0000,0x13D7,-5079
60E1D400__vs__60E0E700_N3YLEE,0x737bc,Idle Speed Control Task (Map) 2,0x0000,0x1724,-5924
60E1D400__vs__60E0E700_N3YLEE,0x737dc,Idle Speed Control Task (Map) 3 X Axis,0x41F0,0x1D81,9327
60E1D400__vs__60E0E700_N3YLEE,0x737f8,Idle Speed Control Task (Map) 3 Y Axis,0x428C,0x44A2,-534
60E1D400__vs__60E0E700_N3YLEE,0x73808,Idle Speed Control Task (Map) 3,0x0000,0x2B85,-11141
60E1D400__vs__60E0E700_N3YLEE,0x73824,Idle Speed Control Task (Map) 4 X Axis,0x41A0,0x46CC,-1324
60E1D400__vs__60E0E700_N3YLEE,0x73848,Idle Speed Control Task (Map) 4 Y Axis,0x4416,0x0021,17397
60E1D400__vs__60E0E700_N3YLEE,0x7386c,Idle Speed Control Task (Map) 4,0x0022,0x2C19,-11255
60E1D400__vs__60E0E700_N3YLEE,0x738c0,(Unknown - fault_gated_float_out) X Axis,0x0000,0x3D71,-15729
60E1D400__vs__60E0E700_N3YLEE,0x73900,(Unknown - fault_gated_float_out) Y Axis,0x0000,0x6000,-24576
60E1D400__vs__60E0E700_N3YLEE,0x7393c,(Unknown - fault_gated_float_out),0x000F,0x6B85,-27510
60E1D400__vs__60E0E700_N3YLEE,0x73b1c,(Unknown - float_map_3pt_calc) Y Axis,0x4030,0x15D3,10845
60E1D400__vs__60E0E700_N3YLEE,0x73b70,(Unknown - float_map_3pt_calc),0x0005,0x19A3,-6558
60E1D400__vs__60E0E700_N3YLEE,0x73b88,(Unknown - float_map_3pt_calc) 2 Y Axis,0xC1F0,0x3C29,34247
60E1D400__vs__60E0E700_N3YLEE,0x73bbc,(Unknown - float_map_3pt_calc) 2,0x6464,0x3E14,9808
60E1D400__vs__60E0E700_N3YLEE,0x73bcc,(Unknown - float_map_3pt_calc) 3 Y Axis,0xC1F0,0x2461,40335
60E1D400__vs__60E0E700_N3YLEE,0x73c00,(Unknown - float_map_3pt_calc) 3,0x2D28,0x28EF,1081
60E1D400__vs__60E0E700_N3YLEE,0x73c24,Throttle - Pedal Position - Sensor Mode A Y Axis,0xC1A0,0x328F,36625
60E1D400__vs__60E0E700_N3YLEE,0x73c50,Throttle - Pedal Position - Sensor Mode A,0xC8C8,0x3D71,35671
60E1D400__vs__60E0E700_N3YLEE,0x73c5c,Throttle - Pedal Position - Sensor Mode B Y Axis,0xC1A0,0x5D71,25647
60E1D400__vs__60E0E700_N3YLEE,0x73c88,Throttle - Pedal Position - Sensor Mode B,0xC8C8,0x63D7,25841
60E1D400__vs__60E0E700_N3YLEE,0x73c94,Throttle - Pedal Position - Sensor Mode C Y Axis,0xC1A0,0x63D7,24009
60E1D400__vs__60E0E700_N3YLEE,0x73cc0,Throttle - Pedal Position - Sensor Mode C,0xB4B4,0x6B85,18735
60E1D400__vs__60E0E700_N3YLEE,0x73ccc,AFR Check - Threshold vs Coolant Temp Y Axis,0xC220,0x6B85,22171
60E1D400__vs__60E0E700_N3YLEE,0x73ce8,AFR Check - Threshold vs Coolant Temp,0x00A6,0x44BB,-17429
60E1D400__vs__60E0E700_N3YLEE,0x73cf8,Air Fuel Ratio Check (Map) Y Axis,0x447A,0x455A,-224
60E1D400__vs__60E0E700_N3YLEE,0x73d28,Air Fuel Ratio Check (Map),0x2710,0x0000,10000
60E1D400__vs__60E0E700_N3YLEE,0x73d40,Throttle - Pedal Position - Load/RPM Correction Matrix X Axis,0x3E4C,0x41A0,-852
60E1D400__vs__60E0E700_N3YLEE,0x73d54,Throttle - Pedal Position - Load/RPM Correction Matrix Y Axis,0x447A,0x4234,582
60E1D400__vs__60E0E700_N3YLEE,0x73d64,Throttle - Pedal Position - Load/RPM Correction Matrix,0xB4B4,0x42A0,29204
60E1D400__vs__60E0E700_N3YLEE,0x73da0,Acceleration Fuel Enrichment - Cold Y Axis,0x41A0,0x0042,16734
60E1D400__vs__60E0E700_N3YLEE,0x73db4,Acceleration Fuel Enrichment - Cold,0x64C8,0x0042,25734
60E1D400__vs__60E0E700_N3YLEE,0x73dbc,Acceleration Fuel Enrichment - Warm Y Axis,0x4100,0x0042,16574
60E1D400__vs__60E0E700_N3YLEE,0x73dd0,Acceleration Fuel Enrichment - Warm,0x8080,0x01CB,32437
60E1D400__vs__60E0E700_N3YLEE,0x73dd8,Acceleration Fuel Enrichment - Hot Y Axis,0x0000,0x01CB,-459
60E1D400__vs__60E0E700_N3YLEE,0x73dec,Acceleration Fuel Enrichment - Hot,0x000A,0x01CB,-449
60E1D400__vs__60E0E700_N3YLEE,0x73df4,Engine Load Calculation (Map) X Axis,0x0000,0x0286,-646
60E1D400__vs__60E0E700_N3YLEE,0x73e20,Engine Load Calculation (Map) Y Axis,0xC120,0x0402,48414
60E1D400__vs__60E0E700_N3YLEE,0x73e3c,Engine Load Calculation (Map),0x1414,0x0436,4062
60E1D400__vs__60E0E700_N3YLEE,0x73e8c,Engine Load Calculation (Map) 2 X Axis,0x447A,0x1536,12100
60E1D400__vs__60E0E700_N3YLEE,0x73ea4,Engine Load Calculation (Map) 2 Y Axis,0x3E4C,0x147B,10705
60E1D400__vs__60E0E700_N3YLEE,0x73ebc,Engine Load Calculation (Map) 2,0xB4B4,0x17AE,40198
60E1D400__vs__60E0E700_N3YLEE,0x73ee0,Knock Sensor Filter (Map) X Axis,0x0000,0x196C,-6508
60E1D400__vs__60E0E700_N3YLEE,0x73ef8,Knock Sensor Filter (Map) Y Axis,0xC220,0x29DB,38981
60E1D400__vs__60E0E700_N3YLEE,0x73f14,Knock Sensor Filter (Map),0x0000,0x0021,-33
60E1D400__vs__60E0E700_N3YLEE,0x73f6c,Maximum Throttle Angle,0x42A8,0x3DD3,1237
60E1D400__vs__60E0E700_N3YLEE,0x73f98,Throttle Pedal Percent Decreasing Filter Factor Y Axis,0x443B,0x4958,-1309
60E1D400__vs__60E0E700_N3YLEE,0x73fb8,Throttle Pedal Percent Decreasing Filter Factor,0x2020,0x39BA,-6554
60E1D400__vs__60E0E700_N3YLEE,0x73fc0,Ign Timing Limit Check (Map) Y Axis,0x443B,0x5189,-3406
60E1D400__vs__60E0E700_N3YLEE,0x73fe0,Ign Timing Limit Check (Map),0x2020,0x4CCD,-11437
60E1D400__vs__60E0E700_N3YLEE,0x73fe8,Ign Timing Limit Check (Map) 2 Y Axis,0x443B,0x6B85,-10058
60E1D400__vs__60E0E700_N3YLEE,0x74008,Ign Timing Limit Check (Map) 2,0x2020,0x6B85,-19301
60E1D400__vs__60E0E700_N3YLEE,0x74010,Ign Timing Limit Check (Map) 3 Y Axis,0x443B,0x6B85,-10058
60E1D400__vs__60E0E700_N3YLEE,0x74030,Ign Timing Limit Check (Map) 3,0x2020,0x6B85,-19301
60E1D400__vs__60E0E700_N3YLEE,0x74038,Ign Timing Limit Check (Map) 4 Y Axis,0xC220,0x6B85,22171
60E1D400__vs__60E0E700_N3YLEE,0x74054,Ign Timing Limit Check (Map) 4,0x0000,0x6B85,-27525
60E1D400__vs__60E0E700_N3YLEE,0x7405c,Ign Timing Limit Check (Map) 5 Y Axis,0xC220,0x6B85,22171
60E1D400__vs__60E0E700_N3YLEE,0x74078,Ign Timing Limit Check (Map) 5,0x0000,0x0000,0
60E1D400__vs__60E0E700_N3YLEE,0x74080,Ign Timing Limit Check (Map) 6 Y Axis,0x443B,0x3F80,1211
60E1D400__vs__60E0E700_N3YLEE,0x740ac,Ign Timing Limit Check (Map) 6,0x0A0A,0x41A0,-14230
60E1D400__vs__60E0E700_N3YLEE,0x740b8,Ign Timing Limit Check (Map) 7 Y Axis,0x443B,0x42A0,411
60E1D400__vs__60E0E700_N3YLEE,0x740e4,Ign Timing Limit Check (Map) 7,0x0606,0x44FA,-16116
60E1D400__vs__60E0E700_N3YLEE,0x740f0,Fuel Pressure Control (Map) Y Axis,0x443B,0x455A,-287
60E1D400__vs__60E0E700_N3YLEE,0x74110,Fuel Pressure Control (Map),0x0404,0x45EA,-16870
60E1D400__vs__60E0E700_N3YLEE,0x74118,Fuel Pressure Control (Map) 2 Y Axis,0x443B,0x4604,-457
60E1D400__vs__60E0E700_N3YLEE,0x74138,Fuel Pressure Control (Map) 2,0x0404,0x039D,103
60E1D400__vs__60E0E700_N3YLEE,0x74140,Fuel Pressure Control (Map) 3 Y Axis,0x443B,0x039D,16542
60E1D400__vs__60E0E700_N3YLEE,0x74160,Fuel Pressure Control (Map) 3,0x0404,0x42C8,-16068
60E1D400__vs__60E0E700_N3YLEE,0x74168,Fuel Pressure Control (Map) 4 Y Axis,0x443B,0x0387,16564
60E1D400__vs__60E0E700_N3YLEE,0x74188,Fuel Pressure Control (Map) 4,0x0404,0x41A0,-15772
60E1D400__vs__60E0E700_N3YLEE,0x74190,Fuel Pressure Control (Map) 5 Y Axis,0xC220,0x4270,32688
60E1D400__vs__60E0E700_N3YLEE,0x741ac,Fuel Pressure Control (Map) 5,0x0000,0x042D,-1069
60E1D400__vs__60E0E700_N3YLEE,0x741b4,Accel Pedal to Throttle Position #1 X Axis,0x0000,0xC220,-49696
60E1D400__vs__60E0E700_N3YLEE,0x74208,Accel Pedal to Throttle Position #1 Y Axis,0x0000,0x3F80,-16256
60E1D400__vs__60E0E700_N3YLEE,0x74250,Accel Pedal to Throttle Position #1,0x0021,0x40A0,-16511
60E1D400__vs__60E0E700_N3YLEE,0x74544,Accel Pedal to Throttle Position #2 X Axis,0x0000,0x4235,-16949
60E1D400__vs__60E0E700_N3YLEE,0x74598,Accel Pedal to Throttle Position #2 Y Axis,0x0000,0x644B,-25675
60E1D400__vs__60E0E700_N3YLEE,0x745e0,Accel Pedal to Throttle Position #2,0x0021,0x644B,-25642
60E1D400__vs__60E0E700_N3YLEE,0x748d4,Accel Pedal to Throttle Position #3 X Axis,0x0000,0x4200,-16896
60E1D400__vs__60E0E700_N3YLEE,0x74928,Accel Pedal to Throttle Position #3 Y Axis,0x0000,0x0600,-1536
60E1D400__vs__60E0E700_N3YLEE,0x74970,Accel Pedal to Throttle Position #3,0x0021,0x0F00,-3807
60E1D400__vs__60E0E700_N3YLEE,0x74c64,Accel Pedal to Throttle Position #4 X Axis,0x0000,0x461C,-17948
60E1D400__vs__60E0E700_N3YLEE,0x74cb8,Accel Pedal to Throttle Position #4 Y Axis,0x0000,0x01F4,-500
60E1D400__vs__60E0E700_N3YLEE,0x74d00,Accel Pedal to Throttle Position #4,0x0021,0x4000,-16351
60E1D400__vs__60E0E700_N3YLEE,0x75030,MAP Requested Load Y Axis,0xC220,0x8000,16928
60E1D400__vs__60E0E700_N3YLEE,0x75054,MAP Requested Load,0x0384,0x8000,-31868
60E1D400__vs__60E0E700_N3YLEE,0x75068,MAP Requested Load Smoothing Y Axis,0x43FA,0x44BB,-193
60E1D400__vs__60E0E700_N3YLEE,0x750b0,MAP Requested Load Smoothing,0x0084,0x0FF3,-3951
60E1D400__vs__60E0E700_N3YLEE,0x750d4,Maximum Load Limit Y Axis,0xC220,0x4148,32984
60E1D400__vs__60E0E700_N3YLEE,0x750f8,Maximum Load Limit,0x0387,0x0070,791
60E1D400__vs__60E0E700_N3YLEE,0x7510c,Idle Load Multiplier Y Axis,0xC220,0x44C8,32088
60E1D400__vs__60E0E700_N3YLEE,0x75130,Idle Load Multiplier,0x0387,0x467A,-17139
60E1D400__vs__60E0E700_N3YLEE,0x75144,Fuel Injection - Cold Start Correction vs Coolant Temp Y Axis,0xC220,0x051F,48385
60E1D400__vs__60E0E700_N3YLEE,0x75158,Fuel Injection - Cold Start Correction vs Coolant Temp,0x01F4,0x0000,500
60E1D400__vs__60E0E700_N3YLEE,0x752c4,Battery Temperature Model - Decay Amount Y Axis,0x0000,0x9893,-39059
60E1D400__vs__60E0E700_N3YLEE,0x752e0,Battery Temperature Model - Decay Amount,0x1C37,0x9494,-30813
60E1D400__vs__60E0E700_N3YLEE,0x752e8,Desired Charge Voltage Y Axis,0xC220,0xACA5,5499
60E1D400__vs__60E0E700_N3YLEE,0x7530c,Desired Charge Voltage,0x05D4,0x95B4,-36832
60E1D400__vs__60E0E700_N3YLEE,0x75320,Alternator Duty Cycle Max Y Axis,0x447A,0x9999,-21791
60E1D400__vs__60E0E700_N3YLEE,0x7534c,Alternator Duty Cycle Max,0x0348,0xABAB,-43107
60E1D400__vs__60E0E700_N3YLEE,0x75364,Alternator Diagnostic Voltage Delta to DC Y Axis,0x0000,0xABAB,-43947
60E1D400__vs__60E0E700_N3YLEE,0x75398,Alternator Diagnostic Voltage Delta to DC,0x0000,0xA2AA,-41642
60E1D400__vs__60E0E700_N3YLEE,0x753b4,Fuel Integrated (Map) Y Axis,0xC220,0x3EA0,33664
60E1D400__vs__60E0E700_N3YLEE,0x753d8,Fuel Integrated (Map),0x0000,0x3F60,-16224
60E1D400__vs__60E0E700_N3YLEE,0x753ec,Fuel Integrated (Map) 2 Y Axis,0xC220,0x3F98,33416
60E1D400__vs__60E0E700_N3YLEE,0x75410,Fuel Integrated (Map) 2,0x0000,0x453B,-17723
60E1D400__vs__60E0E700_N3YLEE,0x75424,Fuel Integrated (Map) 3 Y Axis,0xC220,0x45AB,31861
60E1D400__vs__60E0E700_N3YLEE,0x75448,Fuel Integrated (Map) 3,0x0000,0x00D6,-214
60E1D400__vs__60E0E700_N3YLEE,0x7545c,Fuel Integrated (Map) 4 Y Axis,0xC220,0x00EA,49462
60E1D400__vs__60E0E700_N3YLEE,0x75480,Fuel Integrated (Map) 4,0x0000,0x00B0,-176
60E1D400__vs__60E0E700_N3YLEE,0x75494,Alternator Voltage Delta - Diagnostic Request X Axis,0x447A,0x00EA,17296
60E1D400__vs__60E0E700_N3YLEE,0x754c0,Alternator Voltage Delta - Diagnostic Request Y Axis,0x0000,0x00EA,-234
60E1D400__vs__60E0E700_N3YLEE,0x754f0,Alternator Voltage Delta - Diagnostic Request,0x2620,0x00BA,9574
60E1D400__vs__60E0E700_N3YLEE,0x75594,(Unknown - interp_bilinear_fpu_blend_v2) Y Axis,0xC0E3,0x00E7,49148
60E1D400__vs__60E0E700_N3YLEE,0x755b8,(Unknown - interp_bilinear_fpu_blend_v2),0x806D,0x012D,32576
60E1D400__vs__60E0E700_N3YLEE,0x755c4,(Unknown - interp_bilinear_fpu_blend) X Axis,0x3E23,0x0103,15648
60E1D400__vs__60E0E700_N3YLEE,0x755ec,(Unknown - interp_bilinear_fpu_blend) Y Axis,0x4443,0x00B5,17294
60E1D400__vs__60E0E700_N3YLEE,0x75630,(Unknown - interp_bilinear_fpu_blend),0x1694,0x0226,5230
60E1D400__vs__60E0E700_N3YLEE,0x75784,(Unknown - interp_bilinear_fpu_blend_v2) 2 X Axis,0x3E23,0x00E8,15675
60E1D400__vs__60E0E700_N3YLEE,0x757ac,(Unknown - interp_bilinear_fpu_blend_v2) 2 Y Axis,0x4443,0x3F00,1347
60E1D400__vs__60E0E700_N3YLEE,0x757f0,(Unknown - interp_bilinear_fpu_blend_v2) 2,0x1900,0x44BB,-11195
60E1D400__vs__60E0E700_N3YLEE,0x75984,(Unknown - fpu_mac_single) Y Axis,0x447A,0x0000,17530
60E1D400__vs__60E0E700_N3YLEE,0x759cc,(Unknown - fpu_mac_single),0x1D1D,0x5F40,-16931
60E1D400__vs__60E0E700_N3YLEE,0x75a34,Utility - Saturation Index Ramp vs RPM Y Axis,0x0000,0x141A,-5146
60E1D400__vs__60E0E700_N3YLEE,0x75a78,Utility - Saturation Index Ramp vs RPM,0x0000,0x5E9A,-24218
60E1D400__vs__60E0E700_N3YLEE,0x75a9c,Utility - RPM Lookup by Index Y Axis,0x0000,0x5A5A,-23130
60E1D400__vs__60E0E700_N3YLEE,0x75ae0,Utility - RPM Lookup by Index,0x444D,0x1DC0,9869
60E1D400__vs__60E0E700_N3YLEE,0x75ba4,Sensor Range Limit - Constant vs Coolant Temp Y Axis,0xC1F0,0x443B,32181
60E1D400__vs__60E0E700_N3YLEE,0x75bbc,Sensor Range Limit - Constant vs Coolant Temp,0x0404,0x455A,-16726
60E1D400__vs__60E0E700_N3YLEE,0x75bc4,Rotor 1 Ignition Dwell Y Axis,0x4348,0x458C,-580
60E1D400__vs__60E0E700_N3YLEE,0x75bf8,Rotor 1 Ignition Dwell,0x01F4,0x0000,500
60E1D400__vs__60E0E700_N3YLEE,0x75c14,Rotor 2 Ignition Dwell Y Axis,0x4348,0x144E,12026
60E1D400__vs__60E0E700_N3YLEE,0x75c48,Rotor 2 Ignition Dwell,0x01F4,0x1B4D,-6489
60E1D400__vs__60E0E700_N3YLEE,0x75cf8,CAN Faults - Fault Counter - Snapshot Matrix X Axis,0x0000,0x2016,-8214
60E1D400__vs__60E0E700_N3YLEE,0x75d0c,CAN Faults - Fault Counter - Snapshot Matrix Y Axis,0x0000,0x3FE0,-16352
60E1D400__vs__60E0E700_N3YLEE,0x75d5c,CAN Faults - Fault Counter - Snapshot Matrix,0x0000,0x42AA,-17066
60E1D400__vs__60E0E700_N3YLEE,0x75dc0,(Unknown - fpu_div_dispatch) X Axis,0x447A,0x42F0,394
60E1D400__vs__60E0E700_N3YLEE,0x75e04,(Unknown - fpu_div_dispatch) Y Axis,0x3F20,0x1D4C,8660
60E1D400__vs__60E0E700_N3YLEE,0x75e10,(Unknown - fpu_div_dispatch),0x8000,0x0010,32752
60E1D400__vs__60E0E700_N3YLEE,0x75e78,(Unknown - fpu_div_dispatch) 2 X Axis,0x447A,0x42C8,434
60E1D400__vs__60E0E700_N3YLEE,0x75ebc,(Unknown - fpu_div_dispatch) 2 Y Axis,0x3F20,0x4270,-848
60E1D400__vs__60E0E700_N3YLEE,0x75ec8,(Unknown - fpu_div_dispatch) 2,0x8000,0x42F0,15632
60E1D400__vs__60E0E700_N3YLEE,0x75f30,(Unknown - fpu_div_dispatch) 3 X Axis,0x447A,0xC0C0,-31814
60E1D400__vs__60E0E700_N3YLEE,0x75f74,(Unknown - fpu_div_dispatch) 3 Y Axis,0x3F20,0x4020,-256
60E1D400__vs__60E0E700_N3YLEE,0x75f80,(Unknown - fpu_div_dispatch) 3,0x8000,0x4080,16256
60E1D400__vs__60E0E700_N3YLEE,0x75fec,Adaptive Fuel Trim (Map) Y Axis,0x43FA,0x0692,15720
60E1D400__vs__60E0E700_N3YLEE,0x76034,Adaptive Fuel Trim (Map),0x064D,0x0514,313
60E1D400__vs__60E0E700_N3YLEE,0x76058,Adaptive Fuel Trim (Map) 2 Y Axis,0x0000,0x4320,-17184
60E1D400__vs__60E0E700_N3YLEE,0x7607c,Adaptive Fuel Trim (Map) 2,0x0080,0x4220,-16800
60E1D400__vs__60E0E700_N3YLEE,0x76090,Transient Fuel Comp (Map) Y Axis,0x44C8,0x430C,444
60E1D400__vs__60E0E700_N3YLEE,0x760a4,Transient Fuel Comp (Map),0x0991,0x0000,2449
60E1D400__vs__60E0E700_N3YLEE,0x760b0,Ignition Timing Leading - DSC Mode A - Base X Axis,0x3D80,0x0000,15744
60E1D400__vs__60E0E700_N3YLEE,0x760f8,Ignition Timing Leading - DSC Mode A - Base Y Axis,0x43FA,0xBECC,-31442
60E1D400__vs__60E0E700_N3YLEE,0x76144,Ignition Timing Leading - DSC Mode A - Base,0x8A8A,0x4110,18810
60E1D400__vs__60E0E700_N3YLEE,0x7629c,(Unknown - fpu_div_speed_normalize) X Axis,0x3D80,0x4248,-1224
60E1D400__vs__60E0E700_N3YLEE,0x762e4,(Unknown - fpu_div_speed_normalize) Y Axis,0x43FA,0x428C,366
60E1D400__vs__60E0E700_N3YLEE,0x76330,(Unknown - fpu_div_speed_normalize),0x00AF,0x1324,-4725
60E1D400__vs__60E0E700_N3YLEE,0x765dc,Engine Torque X Axis,0x3D80,0x21E6,7066
60E1D400__vs__60E0E700_N3YLEE,0x76624,Engine Torque Y Axis,0x43FA,0x2D9A,5728
60E1D400__vs__60E0E700_N3YLEE,0x76670,Engine Torque,0x0000,0x3FB3,-16307
60E1D400__vs__60E0E700_N3YLEE,0x7691c,(Unknown - fpu_div_correction_factor) X Axis,0xC220,0x03D7,48713
60E1D400__vs__60E0E700_N3YLEE,0x7693c,(Unknown - fpu_div_correction_factor) Y Axis,0x43FA,0x02FE,16636
60E1D400__vs__60E0E700_N3YLEE,0x76988,(Unknown - fpu_div_correction_factor),0x0BCD,0x0202,2507
60E1D400__vs__60E0E700_N3YLEE,0x76ab8,(Unknown - divide_float_write_to) X Axis,0x4270,0x03DE,16018
60E1D400__vs__60E0E700_N3YLEE,0x76acc,(Unknown - divide_float_write_to) Y Axis,0x3E4C,0x02B0,15260
60E1D400__vs__60E0E700_N3YLEE,0x76ad8,(Unknown - divide_float_write_to),0xB073,0x02F2,44417
60E1D400__vs__60E0E700_N3YLEE,0x76b18,(Unknown - math_accumulator) Y Axis,0xC220,0x01EE,49202
60E1D400__vs__60E0E700_N3YLEE,0x76b28,(Unknown - math_accumulator),0x030E,0x0246,200
60E1D400__vs__60E0E700_N3YLEE,0x76bc8,Torque Limit - Multipoint Curve 1 vs Torque Error Y Axis,0xC180,0x5180,28672
60E1D400__vs__60E0E700_N3YLEE,0x76c2c,Torque Limit - Multipoint Curve 1 vs Torque Error,0x42BF,0x4220,159
60E1D400__vs__60E0E700_N3YLEE,0x76c90,Torque Limit - Multipoint Curve 2 vs Torque Error Y Axis,0xC180,0x57D0,27056
60E1D400__vs__60E0E700_N3YLEE,0x76cf4,Torque Limit - Multipoint Curve 2 vs Torque Error,0x42BF,0x4316,-87
60E1D400__vs__60E0E700_N3YLEE,0x76d58,Torque Limit - Multipoint Curve 3 vs Torque Error Y Axis,0xC180,0x457A,31750
60E1D400__vs__60E0E700_N3YLEE,0x76dbc,Torque Limit - Multipoint Curve 3 vs Torque Error,0x42BF,0x8080,-15809
60E1D400__vs__60E0E700_N3YLEE,0x76e20,Torque Limit - Multipoint Curve 4 vs Torque Error Y Axis,0xC180,0x4220,32608
60E1D400__vs__60E0E700_N3YLEE,0x76e84,Torque Limit - Multipoint Curve 4 vs Torque Error,0x42BF,0x4270,79
60E1D400__vs__60E0E700_N3YLEE,0x76ee8,Torque Limit - Multipoint Curve 5 vs Torque Error Y Axis,0xC180,0x453B,31813
60E1D400__vs__60E0E700_N3YLEE,0x76f4c,Torque Limit - Multipoint Curve 5 vs Torque Error,0x42BF,0x41A0,287
60E1D400__vs__60E0E700_N3YLEE,0x76fb0,Torque Compensation - Curve 1 vs Torque Error Y Axis,0xC180,0x45DA,31654
60E1D400__vs__60E0E700_N3YLEE,0x7702c,Torque Compensation - Curve 1 vs Torque Error,0x3E99,0x48F6,-2653
60E1D400__vs__60E0E700_N3YLEE,0x770a8,Torque Compensation - Curve 2 vs Torque Error Y Axis,0xC180,0x45BD,31683
60E1D400__vs__60E0E700_N3YLEE,0x77124,Torque Compensation - Curve 2 vs Torque Error,0x3E99,0x43D7,-1342
60E1D400__vs__60E0E700_N3YLEE,0x771a0,Torque Compensation - Curve 3 vs Torque Error Y Axis,0xC180,0x3F8F,33265
60E1D400__vs__60E0E700_N3YLEE,0x7721c,Torque Compensation - Curve 3 vs Torque Error,0x3E19,0x2F1B,3838
60E1D400__vs__60E0E700_N3YLEE,0x77298,Torque Compensation - Curve 4 vs Torque Error Y Axis,0xC180,0x48BF,30913
60E1D400__vs__60E0E700_N3YLEE,0x77314,Torque Compensation - Curve 4 vs Torque Error,0x3E19,0x41A0,-903
60E1D400__vs__60E0E700_N3YLEE,0x77390,Torque Compensation - Curve 5 vs Torque Error Y Axis,0xC180,0x4220,32608
60E1D400__vs__60E0E700_N3YLEE,0x7740c,Torque Compensation - Curve 5 vs Torque Error,0x3E19,0x428C,-1139
60E1D400__vs__60E0E700_N3YLEE,0x77488,Torque Limit Multipoint (Map) X Axis,0x41A0,0x4160,64
60E1D400__vs__60E0E700_N3YLEE,0x774ac,Torque Limit Multipoint (Map) Y Axis,0x4000,0x4140,-320
60E1D400__vs__60E0E700_N3YLEE,0x774c0,Torque Limit Multipoint (Map),0x41A0,0x4168,56
60E1D400__vs__60E0E700_N3YLEE,0x77574,Faults - Diagnostic - Level Matrix X Axis,0x41A0,0xC220,-32896
60E1D400__vs__60E0E700_N3YLEE,0x7759c,Faults - Diagnostic - Level Matrix Y Axis,0x4000,0x00FF,16129
60E1D400__vs__60E0E700_N3YLEE,0x775b0,Faults - Diagnostic - Level Matrix,0x411C,0x41F0,-212
60E1D400__vs__60E0E700_N3YLEE,0x77678,Faults - Diagnostic - Level Matrix 2 X Axis,0x41A0,0x4170,48
60E1D400__vs__60E0E700_N3YLEE,0x77680,Faults - Diagnostic - Level Matrix 2 Y Axis,0x4000,0x3E3E,450
60E1D400__vs__60E0E700_N3YLEE,0x77694,Faults - Diagnostic - Level Matrix 2,0x0000,0x3E80,-16000
60E1D400__vs__60E0E700_N3YLEE,0x776bc,Faults - Diagnostic - Level Matrix 3 X Axis,0x41A0,0x41F0,-80
60E1D400__vs__60E0E700_N3YLEE,0x776c4,Faults - Diagnostic - Level Matrix 3 Y Axis,0x4000,0xC220,-33312
60E1D400__vs__60E0E700_N3YLEE,0x776d8,Faults - Diagnostic - Level Matrix 3,0x0000,0x4270,-17008
60E1D400__vs__60E0E700_N3YLEE,0x77700,Faults - Diagnostic - Level Matrix 4 X Axis,0x41A0,0x4248,-168
60E1D400__vs__60E0E700_N3YLEE,0x77724,Faults - Diagnostic - Level Matrix 4 Y Axis,0x4000,0x0699,14695
60E1D400__vs__60E0E700_N3YLEE,0x77738,Faults - Diagnostic - Level Matrix 4,0x41A0,0x0103,16541
60E1D400__vs__60E0E700_N3YLEE,0x777ec,Faults - Diagnostic - Level Matrix 5 X Axis,0x0000,0x3E23,-15907
60E1D400__vs__60E0E700_N3YLEE,0x77800,Faults - Diagnostic - Level Matrix 5 Y Axis,0x4000,0x3F80,128
60E1D400__vs__60E0E700_N3YLEE,0x77814,Faults - Diagnostic - Level Matrix 5,0x42C8,0x428C,60
60E1D400__vs__60E0E700_N3YLEE,0x778ec,Cooling - Fan - Engage Threshold Y Axis,0x0000,0x40C0,-16576
60E1D400__vs__60E0E700_N3YLEE,0x778f0,Cooling - Fan - Engage Threshold,0x10FF,0x40C0,-12225
60E1D400__vs__60E0E700_N3YLEE,0x778f4,Cooling - Fan - Disengage Threshold Y Axis,0x0000,0x4180,-16768
60E1D400__vs__60E0E700_N3YLEE,0x778f8,Cooling - Fan - Disengage Threshold,0x00FF,0x41A0,-16545
60E1D400__vs__60E0E700_N3YLEE,0x778fc,Engine On Time Threshold Y Axis,0xC220,0x4100,33056
60E1D400__vs__60E0E700_N3YLEE,0x77920,Engine On Time Threshold,0x0271,0x4040,-15823
60E1D400__vs__60E0E700_N3YLEE,0x779b8,(Unknown - conditional_fpu_accumulate_handler) Y Axis,0x4283,0x3EA0,995
60E1D400__vs__60E0E700_N3YLEE,0x779d8,(Unknown - conditional_fpu_accumulate_handler),0x6464,0x3F50,9492
60E1D400__vs__60E0E700_N3YLEE,0x779e0,(Unknown - conditional_fpu_accumulate_handler) 2 Y Axis,0x4138,0x3F70,456
60E1D400__vs__60E0E700_N3YLEE,0x779fc,(Unknown - conditional_fpu_accumulate_handler) 2,0x0000,0x1313,-4883
60E1D400__vs__60E0E700_N3YLEE,0x77a0c,(Unknown - conditional_fpu_accumulate_handler) 3 Y Axis,0x4138,0x0B0F,13865
60E1D400__vs__60E0E700_N3YLEE,0x77a28,(Unknown - conditional_fpu_accumulate_handler) 3,0x0000,0x0303,-771
60E1D400__vs__60E0E700_N3YLEE,0x77a44,Primary Injector Weighted Engine Temp Multiplier X Axis,0xC220,0x090C,47380
60E1D400__vs__60E0E700_N3YLEE,0x77a70,Primary Injector Weighted Engine Temp Multiplier Y Axis,0x3E00,0x2D03,4349
60E1D400__vs__60E0E700_N3YLEE,0x77a9c,Primary Injector Weighted Engine Temp Multiplier,0x4040,0x1013,12333
60E1D400__vs__60E0E700_N3YLEE,0x77b18,Secondary 1 Injector Weighted Engine Temp Multiplier X Axis,0xC220,0x3537,36073
60E1D400__vs__60E0E700_N3YLEE,0x77b1c,Secondary 1 Injector Weighted Engine Temp Multiplier Y Axis,0x3E00,0x0315,15083
60E1D400__vs__60E0E700_N3YLEE,0x77b20,Secondary 1 Injector Weighted Engine Temp Multiplier,0x40FF,0x1616,10985
60E1D400__vs__60E0E700_N3YLEE,0x77b24,Secondary 2 Injector Weighted Engine Temp Multiplier X Axis,0xC220,0x1A1B,43013
60E1D400__vs__60E0E700_N3YLEE,0x77b28,Secondary 2 Injector Weighted Engine Temp Multiplier Y Axis,0x3E00,0x2D2D,4307
60E1D400__vs__60E0E700_N3YLEE,0x77b2c,Secondary 2 Injector Weighted Engine Temp Multiplier,0x40FF,0x3C3C,1219
60E1D400__vs__60E0E700_N3YLEE,0x77b34,(Unknown - fpu_multiply_accumulate_store) Y Axis,0x4270,0x4434,-452
60E1D400__vs__60E0E700_N3YLEE,0x77b44,(Unknown - fpu_multiply_accumulate_store),0x2456,0x451C,-8390
60E1D400__vs__60E0E700_N3YLEE,0x77b4c,Injector Manifold Vacuum Multiplier Y Axis,0xC1F0,0x455A,31894
60E1D400__vs__60E0E700_N3YLEE,0x77b90,Injector Manifold Vacuum Multiplier,0x28B7,0x0000,10423
60E1D400__vs__60E0E700_N3YLEE,0x77bb4,Estimated Manifold Pressure X Axis,0x447A,0x1314,12646
60E1D400__vs__60E0E700_N3YLEE,0x77bf8,Estimated Manifold Pressure Y Axis,0x3D80,0x42BE,-1342
60E1D400__vs__60E0E700_N3YLEE,0x77c48,Estimated Manifold Pressure,0x0EE6,0x3F40,-12378
60E1D400__vs__60E0E700_N3YLEE,0x77ef0,Injector Latency Secondary X Axis,0xC17D,0x0000,49533
60E1D400__vs__60E0E700_N3YLEE,0x77f34,Injector Latency Secondary Y Axis,0x40D0,0x42C8,-504
60E1D400__vs__60E0E700_N3YLEE,0x77f58,Injector Latency Secondary,0x0C64,0x2626,-6594
60E1D400__vs__60E0E700_N3YLEE,0x7808c,Injector Latency Primary X Axis,0xC17D,0x4270,32525
60E1D400__vs__60E0E700_N3YLEE,0x780d0,Injector Latency Primary Y Axis,0x40D0,0x4170,-160
60E1D400__vs__60E0E700_N3YLEE,0x780f4,Injector Latency Primary,0x0AC0,0x2828,-7528
60E1D400__vs__60E0E700_N3YLEE,0x78284,Coil Output Timing (Map) Y Axis,0x4270,0x8080,-15888
60E1D400__vs__60E0E700_N3YLEE,0x7829c,Coil Output Timing (Map),0x202E,0x3F80,-8018
60E1D400__vs__60E0E700_N3YLEE,0x782a4,Coil Output Timing (Map) 2 Y Axis,0x4282,0x0000,17026
60E1D400__vs__60E0E700_N3YLEE,0x782b8,Coil Output Timing (Map) 2,0x4C80,0x3F20,3424
60E1D400__vs__60E0E700_N3YLEE,0x782c0,Fuel Injection - Startup - Injector Pulse Width Multiplier Y Axis,0x4282,0x3F60,802
60E1D400__vs__60E0E700_N3YLEE,0x782c4,Fuel Injection - Startup - Injector Pulse Width Multiplier,0x80FF,0x3F80,16767
60E1D400__vs__60E0E700_N3YLEE,0x782c8,(Unknown - conditional_fpu_calc) Y Axis,0x41A8,0x0014,16788
60E1D400__vs__60E0E700_N3YLEE,0x782d4,(Unknown - conditional_fpu_calc),0x8000,0xBD80,-15744
60E1D400__vs__60E0E700_N3YLEE,0x782d8,FPU - Correction Constant vs Coolant Temp Y Axis,0xC220,0xBD00,1312
60E1D400__vs__60E0E700_N3YLEE,0x782e4,FPU - Correction Constant vs Coolant Temp,0xEAEA,0x1D4C,52638
60E1D400__vs__60E0E700_N3YLEE,0x782e8,Injector Deadtime Primary Y Axis,0xC1F0,0xBED0,800
60E1D400__vs__60E0E700_N3YLEE,0x78318,Injector Deadtime Primary,0x60A4,0xBD00,-23644
60E1D400__vs__60E0E700_N3YLEE,0x78330,Primary Fuel Injector Cranking Pulse Width Y Axis,0xC1F0,0x0BB8,46648
60E1D400__vs__60E0E700_N3YLEE,0x78364,Primary Fuel Injector Cranking Pulse Width,0x60A4,0xC1A0,-24828
60E1D400__vs__60E0E700_N3YLEE,0x783a0,Primary Injector Size,0x43B8,0x0400,16312
60E1D400__vs__60E0E700_N3YLEE,0x783a8,Secondary Injector Size,0x43ED,0x01D2,16923
60E1D400__vs__60E0E700_N3YLEE,0x783b0,Secondary Injector Size #2,0x43ED,0x0241,16812
60E1D400__vs__60E0E700_N3YLEE,0x78418,(Unknown - massive_fpu_control_calc) Y Axis,0x447A,0x0B49,14641
60E1D400__vs__60E0E700_N3YLEE,0x7845c,(Unknown - massive_fpu_control_calc),0x1414,0x0000,5140
60E1D400__vs__60E0E700_N3YLEE,0x78470,Primary Injector Max Barometric Pressure Correction Y Axis,0x4256,0x1E00,9302
60E1D400__vs__60E0E700_N3YLEE,0x78490,Primary Injector Max Barometric Pressure Correction,0x2F41,0x1000,8001
60E1D400__vs__60E0E700_N3YLEE,0x78498,FPU - Adaptive Correction vs Coolant Temp Y Axis,0xC220,0x0666,48058
60E1D400__vs__60E0E700_N3YLEE,0x784bc,FPU - Adaptive Correction vs Coolant Temp,0x1E1E,0x014D,7377
60E1D400__vs__60E0E700_N3YLEE,0x784c8,FPU - Correction Step 1 vs Coolant Temp Y Axis,0xC1A0,0x0200,49056
60E1D400__vs__60E0E700_N3YLEE,0x784d4,FPU - Correction Step 1 vs Coolant Temp,0x0000,0x02CD,-717
60E1D400__vs__60E0E700_N3YLEE,0x784d8,FPU - Correction Step 2 vs Coolant Temp Y Axis,0xC1A0,0x019A,49158
60E1D400__vs__60E0E700_N3YLEE,0x784e4,FPU - Correction Step 2 vs Coolant Temp,0x0000,0x0010,-16
60E1D400__vs__60E0E700_N3YLEE,0x784e8,Primary Fuel Injector Pulse Width Control Y Axis,0xC220,0x4348,32472
60E1D400__vs__60E0E700_N3YLEE,0x7850c,Primary Fuel Injector Pulse Width Control,0x0505,0x3B7F,-13946
60E1D400__vs__60E0E700_N3YLEE,0x78518,Secondary Fuel Injector Minimum Pulse Width Y Axis,0xC220,0x3E00,33824
60E1D400__vs__60E0E700_N3YLEE,0x7853c,Secondary Fuel Injector Minimum Pulse Width,0x1A1A,0x3FA0,-9606
60E1D400__vs__60E0E700_N3YLEE,0x78548,(Unknown - complex_adaptive_fpu_calc) Y Axis,0xC220,0x0000,49696
60E1D400__vs__60E0E700_N3YLEE,0x7856c,(Unknown - complex_adaptive_fpu_calc),0x1A1A,0x4600,-11238
60E1D400__vs__60E0E700_N3YLEE,0x78578,(Unknown - complex_fpu_compare_calc) Y Axis,0xC220,0x32FF,36641
60E1D400__vs__60E0E700_N3YLEE,0x7859c,(Unknown - complex_fpu_compare_calc),0x8A00,0x503C,14788
60E1D400__vs__60E0E700_N3YLEE,0x785b0,Calculate Fuel Amount Per Rotation Min Max (Map) Y Axis,0x447A,0x3DC0,1722
60E1D400__vs__60E0E700_N3YLEE,0x785f4,Calculate Fuel Amount Per Rotation Min Max (Map),0xAF00,0x2710,34800
60E1D400__vs__60E0E700_N3YLEE,0x78618,Secondary Injectors Allowed Threshold - Coolant Temperature Based Y Axis,0xC220,0x3E80,33696
60E1D400__vs__60E0E700_N3YLEE,0x7863c,Secondary Injectors Allowed Threshold - Coolant Temperature Based,0x0BB8,0x04C9,1775
60E1D400__vs__60E0E700_N3YLEE,0x78650,Engine Load Compensation X Axis,0x43FA,0x3D00,1786
60E1D400__vs__60E0E700_N3YLEE,0x78698,Engine Load Compensation Y Axis,0x3E00,0x0834,13772
60E1D400__vs__60E0E700_N3YLEE,0x786e8,Engine Load Compensation,0x55C3,0x1021,17826
60E1D400__vs__60E0E700_N3YLEE,0x789d0,(Unknown - extensive_table_based_fpu_calc) Y Axis,0xC170,0x4270,32512
60E1D400__vs__60E0E700_N3YLEE,0x78a00,(Unknown - extensive_table_based_fpu_calc),0x0000,0x42BB,-17083
60E1D400__vs__60E0E700_N3YLEE,0x78a0c,(Unknown - extensive_table_based_fpu_calc) 2 Y Axis,0x428C,0x4400,-372
60E1D400__vs__60E0E700_N3YLEE,0x78a30,(Unknown - extensive_table_based_fpu_calc) 2,0x6464,0x45BB,7849
60E1D400__vs__60E0E700_N3YLEE,0x78a3c,(Unknown - extensive_table_based_fpu_calc) 3 Y Axis,0xC170,0x460C,31588
60E1D400__vs__60E0E700_N3YLEE,0x78a6c,(Unknown - extensive_table_based_fpu_calc) 3,0x0000,0x45DA,-17882
60E1D400__vs__60E0E700_N3YLEE,0x78a78,(Unknown - extensive_table_based_fpu_calc) 4 Y Axis,0x428C,0x947B,-20975
60E1D400__vs__60E0E700_N3YLEE,0x78a9c,(Unknown - extensive_table_based_fpu_calc) 4,0x6464,0x00F3,25457
60E1D400__vs__60E0E700_N3YLEE,0x78aa8,(Unknown - extensive_table_based_fpu_calc) 5 Y Axis,0xC170,0x00FA,49270
60E1D400__vs__60E0E700_N3YLEE,0x78ad8,(Unknown - extensive_table_based_fpu_calc) 5,0x0000,0x4100,-16640
60E1D400__vs__60E0E700_N3YLEE,0x78ae4,(Unknown - extensive_table_based_fpu_calc) 6 Y Axis,0x428C,0x3D40,1356
60E1D400__vs__60E0E700_N3YLEE,0x78b08,(Unknown - extensive_table_based_fpu_calc) 6,0x6464,0x3B83,10465
60E1D400__vs__60E0E700_N3YLEE,0x78b14,(Unknown - extensive_table_based_fpu_calc) 7 Y Axis,0x3D80,0x437F,-1535
60E1D400__vs__60E0E700_N3YLEE,0x78b38,(Unknown - extensive_table_based_fpu_calc) 7,0x6464,0x437F,8421
60E1D400__vs__60E0E700_N3YLEE,0x78b44,(Unknown - complex_fpu_div_sqrt_accumulate) Y Axis,0x4100,0x4316,-534
60E1D400__vs__60E0E700_N3YLEE,0x78b68,(Unknown - complex_fpu_div_sqrt_accumulate),0x6464,0x3C9F,10181
60E1D400__vs__60E0E700_N3YLEE,0x78b74,Auxiliary Port Valve - Schedule - Condition Table Y Axis,0x4100,0x3CDC,1060
60E1D400__vs__60E0E700_N3YLEE,0x78ba0,Auxiliary Port Valve - Schedule - Condition Table,0x0000,0x3D5B,-15707
60E1D400__vs__60E0E700_N3YLEE,0x78bb8,(Unknown - conditional_fpu_multi_flag_selector) Y Axis,0xC170,0x3D8C,33764
60E1D400__vs__60E0E700_N3YLEE,0x78be8,(Unknown - conditional_fpu_multi_flag_selector),0x0050,0x3EC7,-15991
60E1D400__vs__60E0E700_N3YLEE,0x78c4c,(Unknown - extensive_fpu_threshold_and_calc) Y Axis,0xC220,0x4043,33245
60E1D400__vs__60E0E700_N3YLEE,0x78c68,(Unknown - extensive_fpu_threshold_and_calc),0x0050,0xBABD,-47725
60E1D400__vs__60E0E700_N3YLEE,0x78c70,Cruise Control - Set Speed - Condition Threshold Y Axis,0x428C,0xEAEF,-43107
60E1D400__vs__60E0E700_N3YLEE,0x78c74,Cruise Control - Set Speed - Condition Threshold,0x00FF,0xFAFD,-63998
60E1D400__vs__60E0E700_N3YLEE,0x78c78,Secondary Air Pump On Time Y Axis,0xC1A0,0xFFFF,-15967
60E1D400__vs__60E0E700_N3YLEE,0x78c94,Secondary Air Pump On Time,0x0000,0x455A,-17754
60E1D400__vs__60E0E700_N3YLEE,0x78cc0,Auxillary Valve Close,0x45BE,0x007A,17732
60E1D400__vs__60E0E700_N3YLEE,0x78d9c,Max Load - Intake Temperature Compensation Y Axis,0xC220,0x3838,35304
60E1D400__vs__60E0E700_N3YLEE,0x78dc0,Max Load - Intake Temperature Compensation,0x031B,0x3F20,-15365
60E1D400__vs__60E0E700_N3YLEE,0x78dd4,Engine Torque Max - Barometric Pressure Compensation Y Axis,0x4220,0x43FA,-474
60E1D400__vs__60E0E700_N3YLEE,0x78df8,Engine Torque Max - Barometric Pressure Compensation,0x09E4,0x459C,-15288
60E1D400__vs__60E0E700_N3YLEE,0x78edc,Minimum Oil Injection Amount Y Axis,0x0000,0x00FF,-255
60E1D400__vs__60E0E700_N3YLEE,0x78f00,Minimum Oil Injection Amount,0x3C1E,0x453C,-2334
60E1D400__vs__60E0E700_N3YLEE,0x78f0c,Intake Air Temperature Based Oil Injection Amount Y Axis,0x41F0,0x3F7C,628
60E1D400__vs__60E0E700_N3YLEE,0x78f24,Intake Air Temperature Based Oil Injection Amount,0x1616,0x428E,-11384
60E1D400__vs__60E0E700_N3YLEE,0x78f2c,Manifold Pressure Based Oil Injection Amount Y Axis,0x41F0,0x3EA0,848
60E1D400__vs__60E0E700_N3YLEE,0x78f44,Manifold Pressure Based Oil Injection Amount,0x6464,0x3F30,9524
60E1D400__vs__60E0E700_N3YLEE,0x78f4c,Unknown - Zero Table vs Coolant Temp Y Axis,0xC1A0,0x3F50,33360
60E1D400__vs__60E0E700_N3YLEE,0x78f78,Unknown - Zero Table vs Coolant Temp,0x0000,0x4316,-17174
60E1D400__vs__60E0E700_N3YLEE,0x78f84,Load Based Oil Injection Temperature Correction Y Axis,0x42B4,0x001A,17050
60E1D400__vs__60E0E700_N3YLEE,0x78f90,Load Based Oil Injection Temperature Correction,0x03E9,0x0268,385
60E1D400__vs__60E0E700_N3YLEE,0x78f98,First Start Oil Injection Timer Y Axis,0x41F0,0xC120,-32560
60E1D400__vs__60E0E700_N3YLEE,0x78fb0,First Start Oil Injection Timer,0x0000,0x41A0,-16800
60E1D400__vs__60E0E700_N3YLEE,0x78fbc,Unknown - Dual-Level Table vs Axis Y Axis,0x0000,0x420C,-16908
60E1D400__vs__60E0E700_N3YLEE,0x78fd4,Unknown - Dual-Level Table vs Axis,0x4100,0x03D6,15658
60E1D400__vs__60E0E700_N3YLEE,0x78fec,Exhaust Port - Duty Step vs Index Y Axis,0x0000,0x4120,-16672
60E1D400__vs__60E0E700_N3YLEE,0x79004,Exhaust Port - Duty Step vs Index,0x0000,0xFFFC,-65532
60E1D400__vs__60E0E700_N3YLEE,0x7901c,Unknown - Table vs Axis Y Axis,0x40A0,0xC170,-32976
60E1D400__vs__60E0E700_N3YLEE,0x79028,Unknown - Table vs Axis,0x4120,0x0000,16672
60E1D400__vs__60E0E700_N3YLEE,0x79034,Oil Metering By Load X Axis,0x442F,0x4170,703
60E1D400__vs__60E0E700_N3YLEE,0x79080,Oil Metering By Load Y Axis,0x3D80,0x41C8,-1096
60E1D400__vs__60E0E700_N3YLEE,0x790c4,Oil Metering By Load,0x0303,0x4270,-16237
60E1D400__vs__60E0E700_N3YLEE,0x79208,Oil Metering By Throttle X Axis,0x442F,0xC1F0,-32193
60E1D400__vs__60E0E700_N3YLEE,0x79254,Oil Metering By Throttle Y Axis,0x4270,0x0DFF,13425
60E1D400__vs__60E0E700_N3YLEE,0x79264,Oil Metering By Throttle,0x0000,0x4000,-16384
60E1D400__vs__60E0E700_N3YLEE,0x792b0,Barometric Pressure Based Oil Injection Amount X Axis,0x44BB,0x4100,955
60E1D400__vs__60E0E700_N3YLEE,0x792c8,Barometric Pressure Based Oil Injection Amount Y Axis,0x42AA,0x4248,98
60E1D400__vs__60E0E700_N3YLEE,0x792dc,Barometric Pressure Based Oil Injection Amount,0x2828,0x0A08,7712
60E1D400__vs__60E0E700_N3YLEE,0x7930c,Fuel Injection - Warmup Fueling - Load Based Multiplier Y Axis,0x3E00,0x4220,-1056
60E1D400__vs__60E0E700_N3YLEE,0x79334,Fuel Injection - Warmup Fueling - Load Based Multiplier,0x4040,0x0000,16448
60E1D400__vs__60E0E700_N3YLEE,0x79340,Fuel Injection - Warmup Fueling X Axis,0xC220,0x4270,32688
60E1D400__vs__60E0E700_N3YLEE,0x79380,Fuel Injection - Warmup Fueling Y Axis,0xC1A0,0x3D4C,33876
60E1D400__vs__60E0E700_N3YLEE,0x7938c,Fuel Injection - Warmup Fueling,0x4B41,0x0000,19265
60E1D400__vs__60E0E700_N3YLEE,0x793bc,Fuel Injection - Warmup Fueling - Engine Speed Based X Axis,0x447A,0x3F19,1377
60E1D400__vs__60E0E700_N3YLEE,0x793d0,Fuel Injection - Warmup Fueling - Engine Speed Based Y Axis,0x40A0,0x451C,-1148
60E1D400__vs__60E0E700_N3YLEE,0x793e4,Fuel Injection - Warmup Fueling - Engine Speed Based,0x1216,0x0000,4630
60E1D400__vs__60E0E700_N3YLEE,0x79400,Fuel Injection - Warmup Fueling - Engine Speed Based (Coolant Temp Fault) X Axis,0x43FA,0x0101,17145
60E1D400__vs__60E0E700_N3YLEE,0x7941c,Fuel Injection - Warmup Fueling - Engine Speed Based (Coolant Temp Fault) Y Axis,0xC220,0x0101,49439
60E1D400__vs__60E0E700_N3YLEE,0x79434,Fuel Injection - Warmup Fueling - Engine Speed Based (Coolant Temp Fault),0x0A0A,0x00FF,2315
60E1D400__vs__60E0E700_N3YLEE,0x79470,(Unknown - extensive_fpu_div_multi_calc) Y Axis,0xC220,0x453B,31973
60E1D400__vs__60E0E700_N3YLEE,0x794b0,(Unknown - extensive_fpu_div_multi_calc),0x001E,0x000D,17
60E1D400__vs__60E0E700_N3YLEE,0x794d0,(Unknown - extensive_fpu_div_multi_calc) 2 Y Axis,0xC220,0x0002,49694
60E1D400__vs__60E0E700_N3YLEE,0x79510,(Unknown - extensive_fpu_div_multi_calc) 2,0x0014,0x0001,19
60E1D400__vs__60E0E700_N3YLEE,0x79530,(Unknown - fpu_div_conditional_calc) X Axis,0xC220,0x3EA0,33664
60E1D400__vs__60E0E700_N3YLEE,0x79570,(Unknown - fpu_div_conditional_calc) Y Axis,0x4220,0x0000,16928
60E1D400__vs__60E0E700_N3YLEE,0x795d4,(Unknown - fpu_div_conditional_calc) 2 X Axis,0xC1A0,0x0000,49568
60E1D400__vs__60E0E700_N3YLEE,0x79614,(Unknown - fpu_div_conditional_calc) 2 Y Axis,0x4220,0x3E4C,980
60E1D400__vs__60E0E700_N3YLEE,0x79628,(Unknown - fpu_div_conditional_calc) 2,0x2626,0x3F19,-6387
60E1D400__vs__60E0E700_N3YLEE,0x796bc,(Unknown - extensive_fpu_threshold_calc) Y Axis,0xC180,0x0A75,46859
60E1D400__vs__60E0E700_N3YLEE,0x796e8,(Unknown - extensive_fpu_threshold_calc),0x9682,0x0000,38530
60E1D400__vs__60E0E700_N3YLEE,0x796f4,(Unknown - extensive_fpu_threshold_calc) 2 Y Axis,0xC180,0x0000,49536
60E1D400__vs__60E0E700_N3YLEE,0x79728,(Unknown - extensive_fpu_threshold_calc) 2,0x07F8,0x0014,2020
60E1D400__vs__60E0E700_N3YLEE,0x79770,Secondary Fuel Blend Transition RPM Y Axis,0xC220,0x453B,31973
60E1D400__vs__60E0E700_N3YLEE,0x79790,Secondary Fuel Blend Transition RPM,0x7D64,0x45DA,14218
60E1D400__vs__60E0E700_N3YLEE,0x79798,Ignition Leading - Cranking Timing Advance Y Axis,0xC1A0,0x45FA,31654
60E1D400__vs__60E0E700_N3YLEE,0x797c8,Ignition Leading - Cranking Timing Advance,0x3232,0x0040,12786
60E1D400__vs__60E0E700_N3YLEE,0x797d4,Rotor A/B Fuel Pulse Width Limiter Y Axis,0x0000,0x4120,-16672
60E1D400__vs__60E0E700_N3YLEE,0x79814,Rotor A/B Fuel Pulse Width Limiter,0x6D0A,0x40D0,11322
60E1D400__vs__60E0E700_N3YLEE,0x798a4,Secondary Injectors Enable Temperature Y Axis,0x44FA,0x3F33,1479
60E1D400__vs__60E0E700_N3YLEE,0x798b8,Secondary Injectors Enable Temperature,0x6C6C,0x3F99,11475
60E1D400__vs__60E0E700_N3YLEE,0x798c0,Secondary Injectors Disable Temperature Y Axis,0x44FA,0x3FB3,1351
60E1D400__vs__60E0E700_N3YLEE,0x798d0,Secondary Injectors Disable Temperature,0x6C76,0x40A3,11219
60E1D400__vs__60E0E700_N3YLEE,0x798d4,Knock Retard Max - Knock Sensor Faulted Y Axis,0x44FA,0x4123,983
60E1D400__vs__60E0E700_N3YLEE,0x798e8,Knock Retard Max - Knock Sensor Faulted,0x6C6C,0x420F,10845
60E1D400__vs__60E0E700_N3YLEE,0x798f0,Rotor A/B Fuel Trim Y Axis,0x44FA,0x4238,706
60E1D400__vs__60E0E700_N3YLEE,0x79920,Rotor A/B Fuel Trim,0x6C6C,0x42D7,10645
60E1D400__vs__60E0E700_N3YLEE,0x7992c,Rotor A/B Fuel Trim 2 Y Axis,0x44FA,0x42F5,517
60E1D400__vs__60E0E700_N3YLEE,0x7995c,Rotor A/B Fuel Trim 2,0x8080,0x0064,32796
60E1D400__vs__60E0E700_N3YLEE,0x79980,Deceleration Fuel Cutoff Rate Y Axis,0x3E00,0x42C8,-1224
60E1D400__vs__60E0E700_N3YLEE,0x799a0,Deceleration Fuel Cutoff Rate,0x0014,0x4175,-16737
60E1D400__vs__60E0E700_N3YLEE,0x799a8,Deceleration Fuel Cutoff Recovery Y Axis,0xBDC0,0x41CC,31732
60E1D400__vs__60E0E700_N3YLEE,0x799b8,Deceleration Fuel Cutoff Recovery,0x1D4C,0x4238,-9452
60E1D400__vs__60E0E700_N3YLEE,0x799c0,Fuel Pressure Regulator Duty Low Y Axis,0xBED0,0x4261,31855
60E1D400__vs__60E0E700_N3YLEE,0x799f8,Fuel Pressure Regulator Duty Low,0x2710,0x0005,9995
60E1D400__vs__60E0E700_N3YLEE,0x79a14,Fuel Pressure Regulator Duty High Y Axis,0xBED0,0x0044,48780
60E1D400__vs__60E0E700_N3YLEE,0x79a1c,Fuel Pressure Regulator Duty High,0x13D6,0x0054,4994
60E1D400__vs__60E0E700_N3YLEE,0x79a20,Fuel Pressure Regulator (3D) X Axis,0x43FA,0x005C,17310
60E1D400__vs__60E0E700_N3YLEE,0x79a38,Fuel Pressure Regulator (3D) Y Axis,0xC220,0x4175,32939
60E1D400__vs__60E0E700_N3YLEE,0x79a54,Fuel Pressure Regulator (3D),0x059A,0x424C,-15538
60E1D400__vs__60E0E700_N3YLEE,0x79aa8,Fuel Pressure Regulator Compensation (3D) X Axis,0x44BB,0x003C,17535
60E1D400__vs__60E0E700_N3YLEE,0x79ab8,Fuel Pressure Regulator Compensation (3D) Y Axis,0xC220,0x005C,49604
60E1D400__vs__60E0E700_N3YLEE,0x79ad4,Fuel Pressure Regulator Compensation (3D),0x1366,0x4220,-11962
60E1D400__vs__60E0E700_N3YLEE,0x79b0c,Fuel Pressure Regulator Compensation 2 (3D) X Axis,0x44BB,0x41F5,710
60E1D400__vs__60E0E700_N3YLEE,0x79b2c,Fuel Pressure Regulator Compensation 2 (3D) Y Axis,0xC220,0x0030,49648
60E1D400__vs__60E0E700_N3YLEE,0x79b48,Fuel Pressure Regulator Compensation 2 (3D),0x1E00,0xC220,-42016
60E1D400__vs__60E0E700_N3YLEE,0x79bf0,(Unknown - fpu_calc_with_state_routing) Y Axis,0x3E00,0x035C,15012
60E1D400__vs__60E0E700_N3YLEE,0x79c18,(Unknown - fpu_calc_with_state_routing),0x8C3C,0x036D,35023
60E1D400__vs__60E0E700_N3YLEE,0x79c24,(Unknown - state_dispatch_with_interpolate) Y Axis,0x0000,0x03AE,-942
60E1D400__vs__60E0E700_N3YLEE,0x79c48,(Unknown - state_dispatch_with_interpolate),0x1E32,0x03AE,6788
60E1D400__vs__60E0E700_N3YLEE,0x79c54,Get Engine Startup Enrich Value (Map) Y Axis,0xC220,0x02F9,48935
60E1D400__vs__60E0E700_N3YLEE,0x79c74,Get Engine Startup Enrich Value (Map),0x503C,0x02A9,19859
60E1D400__vs__60E0E700_N3YLEE,0x79c7c,(Unknown - fpu_calc_with_state_routing) 2 Y Axis,0x0000,0x035E,-862
60E1D400__vs__60E0E700_N3YLEE,0x79cb4,(Unknown - fpu_calc_with_state_routing) 2,0x0000,0x0390,-912
60E1D400__vs__60E0E700_N3YLEE,0x79cd0,(Unknown - fpu_calc_conditional_branch) Y Axis,0x0000,0x037D,-893
60E1D400__vs__60E0E700_N3YLEE,0x79d08,(Unknown - fpu_calc_conditional_branch),0x0000,0x0C01,-3073
60E1D400__vs__60E0E700_N3YLEE,0x79d24,(Unknown - fpu_calc_with_state_transition) Y Axis,0x0000,0x420F,-16911
60E1D400__vs__60E0E700_N3YLEE,0x79d5c,(Unknown - fpu_calc_with_state_transition),0x0000,0x4170,-16752
60E1D400__vs__60E0E700_N3YLEE,0x79d78,(Unknown - fpu_calc_with_state_routing) 3 X Axis,0x43FA,0x40C0,826
60E1D400__vs__60E0E700_N3YLEE,0x79d90,(Unknown - fpu_calc_with_state_routing) 3 Y Axis,0xC220,0x3030,37360
60E1D400__vs__60E0E700_N3YLEE,0x79dac,(Unknown - fpu_calc_with_state_routing) 3,0x147B,0x41C8,-11597
60E1D400__vs__60E0E700_N3YLEE,0x79e00,(Unknown - fpu_calc_with_state_routing) 4 X Axis,0x447A,0x1414,12390
60E1D400__vs__60E0E700_N3YLEE,0x79e14,(Unknown - fpu_calc_with_state_routing) 4 Y Axis,0x40A0,0x44BB,-1051
60E1D400__vs__60E0E700_N3YLEE,0x79e30,(Unknown - fpu_calc_with_state_routing) 4,0x278D,0x459C,-7695
60E1D400__vs__60E0E700_N3YLEE,0x79e78,(Unknown - fpu_calc_conditional_branch) 2 X Axis,0x43FA,0x40C0,826
60E1D400__vs__60E0E700_N3YLEE,0x79e90,(Unknown - fpu_calc_conditional_branch) 2 Y Axis,0xC220,0x40BF,33121
60E1D400__vs__60E0E700_N3YLEE,0x79eac,(Unknown - fpu_calc_conditional_branch) 2,0x72D9,0x40A0,12857
60E1D400__vs__60E0E700_N3YLEE,0x79f00,(Unknown - fpu_calc_conditional_branch) 3 X Axis,0x447A,0x3F80,1274
60E1D400__vs__60E0E700_N3YLEE,0x79f14,(Unknown - fpu_calc_conditional_branch) 3 Y Axis,0x40A0,0x40C0,-32
60E1D400__vs__60E0E700_N3YLEE,0x79f2c,(Unknown - fpu_calc_conditional_branch) 3,0xA82E,0x1388,38054
60E1D400__vs__60E0E700_N3YLEE,0x79f68,(Unknown - fpu_calc_with_state_transition) 2 X Axis,0x447A,0x4000,1146
60E1D400__vs__60E0E700_N3YLEE,0x79f7c,(Unknown - fpu_calc_with_state_transition) 2 Y Axis,0x40A0,0x0000,16544
60E1D400__vs__60E0E700_N3YLEE,0x79f94,(Unknown - fpu_calc_with_state_transition) 2,0x605B,0x1388,19667
60E1D400__vs__60E0E700_N3YLEE,0x7a028,RPM Based Max Engine Load Y Axis,0x43FA,0x0000,17402
60E1D400__vs__60E0E700_N3YLEE,0x7a070,RPM Based Max Engine Load,0x5852,0x001E,22580
60E1D400__vs__60E0E700_N3YLEE,0x7a094,(Unknown - fpu_pair_accumulate_calc) Y Axis,0xC220,0x44BB,32101
60E1D400__vs__60E0E700_N3YLEE,0x7a0b4,(Unknown - fpu_pair_accumulate_calc),0xA3CC,0x3F80,25676
60E1D400__vs__60E0E700_N3YLEE,0x7a0c4,Max Load - Barometric Pressure Compensation Y Axis,0x4256,0x40A0,438
60E1D400__vs__60E0E700_N3YLEE,0x7a0e4,Max Load - Barometric Pressure Compensation,0x4400,0x89E8,-17896
60E1D400__vs__60E0E700_N3YLEE,0x7a0f4,(Unknown - extensive_fpu_conditional_threshold_calc) Y Axis,0x447A,0x8C6A,-18416
60E1D400__vs__60E0E700_N3YLEE,0x7a118,(Unknown - extensive_fpu_conditional_threshold_calc),0x6B85,0x9C8D,-12552
60E1D400__vs__60E0E700_N3YLEE,0x7a12c,(Unknown - extensive_fpu_conditional_threshold_calc) 2 Y Axis,0x447A,0xA11A,-23712
60E1D400__vs__60E0E700_N3YLEE,0x7a150,(Unknown - extensive_fpu_conditional_threshold_calc) 2,0x947B,0xAEB8,-6717
60E1D400__vs__60E0E700_N3YLEE,0x7a230,Knock Voltage To Magnitude Y Axis,0x3C20,0x1C8B,8085
60E1D400__vs__60E0E700_N3YLEE,0x7a318,Knock Voltage To Magnitude,0x000A,0xA69E,-42644
60E1D400__vs__60E0E700_N3YLEE,0x7a354,Knock Related 1 Y Axis,0x43FA,0x3DCC,1582
60E1D400__vs__60E0E700_N3YLEE,0x7a38c,Knock Related 1,0x00F3,0x3DCB,-15576
60E1D400__vs__60E0E700_N3YLEE,0x7a3a8,Knock Related 2 Y Axis,0x43FA,0x447A,-128
60E1D400__vs__60E0E700_N3YLEE,0x7a3e0,Knock Related 2,0x00E0,0x0000,224
60E1D400__vs__60E0E700_N3YLEE,0x7a3fc,Knock Related Y Axis,0x4448,0x3E4C,1532
60E1D400__vs__60E0E700_N3YLEE,0x7a400,Knock Related,0x4100,0x3E80,640
60E1D400__vs__60E0E700_N3YLEE,0x7a404,Knock Related 3 Y Axis,0x43FA,0x3E99,1377
60E1D400__vs__60E0E700_N3YLEE,0x7a408,Knock Related 3,0x4180,0x3F80,512
60E1D400__vs__60E0E700_N3YLEE,0x7a40c,Knock Rel #4 X Axis,0x3F10,0x3F80,-112
60E1D400__vs__60E0E700_N3YLEE,0x7a424,Knock Rel #4 Y Axis,0x43FA,0x3E80,1402
60E1D400__vs__60E0E700_N3YLEE,0x7a450,Knock Rel #4,0x2C32,0x451C,-6378
60E1D400__vs__60E0E700_N3YLEE,0x7a494,Knock Rel #0 X Axis,0x3F10,0x8080,-16752
60E1D400__vs__60E0E700_N3YLEE,0x7a4ac,Knock Rel #0 Y Axis,0x43FA,0x0000,17402
60E1D400__vs__60E0E700_N3YLEE,0x7a4d8,Knock Rel #0,0x2E32,0x3F20,-4334
60E1D400__vs__60E0E700_N3YLEE,0x7a538,(Unknown - extensive_fpu_multi_calc_selector) Y Axis,0x0000,0x4160,-16736
60E1D400__vs__60E0E700_N3YLEE,0x7a554,(Unknown - extensive_fpu_multi_calc_selector),0x501E,0x4160,3774
60E1D400__vs__60E0E700_N3YLEE,0x7a55c,(Unknown - extensive_fpu_multi_calc_selector) 2 Y Axis,0x43E1,0x4160,641
60E1D400__vs__60E0E700_N3YLEE,0x7a58c,(Unknown - extensive_fpu_multi_calc_selector) 2,0x0062,0x4160,-16638
60E1D400__vs__60E0E700_N3YLEE,0x7a5a4,VDI Open,0x45E2,0x4160,1154
60E1D400__vs__60E0E700_N3YLEE,0x7a600,Airflow Or Load Related Y Axis,0x3E80,0x4160,-736
60E1D400__vs__60E0E700_N3YLEE,0x7a628,Airflow Or Load Related,0x04C0,0x4160,-15520
60E1D400__vs__60E0E700_N3YLEE,0x7a63c,MAF Related Y Axis,0x0000,0x4160,-16736
60E1D400__vs__60E0E700_N3YLEE,0x7a65c,MAF Related,0x001A,0x3F00,-16102
60E1D400__vs__60E0E700_N3YLEE,0x7a66c,Fuel Injection Control Callback (Map) Y Axis,0xC170,0x3F80,33264
60E1D400__vs__60E0E700_N3YLEE,0x7a698,Fuel Injection Control Callback (Map),0xFFFC,0x458C,47728
60E1D400__vs__60E0E700_N3YLEE,0x7a6b0,Fuel Injection Control Callback (Map) 2 Y Axis,0xC170,0x45EA,31622
60E1D400__vs__60E0E700_N3YLEE,0x7a6dc,Fuel Injection Control Callback (Map) 2,0xFFFC,0x4262,48538
60E1D400__vs__60E0E700_N3YLEE,0x7a6f4,Fuel Injection Control Callback (Map) 3 Y Axis,0xC170,0x423A,32566
60E1D400__vs__60E0E700_N3YLEE,0x7a720,Fuel Injection Control Callback (Map) 3,0x024B,0x4262,-16407
60E1D400__vs__60E0E700_N3YLEE,0x7a738,Fuel Injection - Control Threshold vs Coolant Temp Y Axis,0xC170,0x4179,32759
60E1D400__vs__60E0E700_N3YLEE,0x7a764,Fuel Injection - Control Threshold vs Coolant Temp,0xFFFF,0x41A0,48735
60E1D400__vs__60E0E700_N3YLEE,0x7a77c,Fuel Injection - Calibration vs Coolant Temp Y Axis,0xC1A0,0x423A,32614
60E1D400__vs__60E0E700_N3YLEE,0x7a7a4,Fuel Injection - Calibration vs Coolant Temp,0x0CF8,0x4236,-13630
60E1D400__vs__60E0E700_N3YLEE,0x7a7c8,Dtc Snapshot Manager (Map) Y Axis,0x43FA,0x4208,498
60E1D400__vs__60E0E700_N3YLEE,0x7a7f0,Dtc Snapshot Manager (Map),0x8080,0x41B6,16074
60E1D400__vs__60E0E700_N3YLEE,0x7a7fc,Compensated Barometric Pressure Y Axis,0x4257,0x40A9,430
60E1D400__vs__60E0E700_N3YLEE,0x7a80c,Compensated Barometric Pressure,0x4458,0x419D,699
60E1D400__vs__60E0E700_N3YLEE,0x7a810,(Unknown - motor_control_task) X Axis,0x43FA,0x41A7,595
60E1D400__vs__60E0E700_N3YLEE,0x7a828,(Unknown - motor_control_task) Y Axis,0x3E3A,0x40A0,-614
60E1D400__vs__60E0E700_N3YLEE,0x7a838,(Unknown - motor_control_task),0x19DA,0x4199,-10175
60E1D400__vs__60E0E700_N3YLEE,0x7a8b0,UDS - Protocol Threshold vs Coolant Temp Y Axis,0xC220,0x4143,32989
60E1D400__vs__60E0E700_N3YLEE,0x7a8cc,UDS - Protocol Threshold vs Coolant Temp,0x19A2,0x40D3,-10033
60E1D400__vs__60E0E700_N3YLEE,0x7a8dc,Uds Protocol (Map) Y Axis,0xC220,0x414B,32981
60E1D400__vs__60E0E700_N3YLEE,0x7a8f8,Uds Protocol (Map),0x2332,0x4110,-7646
60E1D400__vs__60E0E700_N3YLEE,0x7a930,Barometric Pressure Sensor Min Voltage,0x3E4C,0x4150,-772
60E1D400__vs__60E0E700_N3YLEE,0x7a934,Barometric Pressure Sensor Max Voltage,0x4099,0x4150,-183
60E1D400__vs__60E0E700_N3YLEE,0x7a9bc,Barometric Pressure Sensor Offset,0x3C95,0x3E00,-363
60E1D400__vs__60E0E700_N3YLEE,0x7a9c0,Barometric Pressure Sensor Slope,0x41CA,0x3E80,842
60E1D400__vs__60E0E700_N3YLEE,0x7a9d4,Off Throttle Leading Timing Realted Y Axis,0xC220,0x3F60,33472
60E1D400__vs__60E0E700_N3YLEE,0x7a9f8,Off Throttle Leading Timing Realted,0x6E6E,0x453B,10547
60E1D400__vs__60E0E700_N3YLEE,0x7aa04,Ignition Trailing - Cranking Timing Advance Y Axis,0xC220,0x0080,49568
60E1D400__vs__60E0E700_N3YLEE,0x7aa28,Ignition Trailing - Cranking Timing Advance,0x6E6E,0x007E,28144
60E1D400__vs__60E0E700_N3YLEE,0x7aa74,Sensor Processing (Map) X Axis,0x3E00,0x002E,15826
60E1D400__vs__60E0E700_N3YLEE,0x7aa98,Sensor Processing (Map) Y Axis,0x43FA,0x0014,17382
60E1D400__vs__60E0E700_N3YLEE,0x7aabc,Sensor Processing (Map),0x0000,0x457A,-17786
60E1D400__vs__60E0E700_N3YLEE,0x7ab10,Boost Pressure Feedback (Map) X Axis,0x3E00,0x44FA,-1786
60E1D400__vs__60E0E700_N3YLEE,0x7ab34,Boost Pressure Feedback (Map) Y Axis,0x43FA,0x45FA,-512
60E1D400__vs__60E0E700_N3YLEE,0x7ab58,Boost Pressure Feedback (Map),0x001C,0x3F7A,-16222
60E1D400__vs__60E0E700_N3YLEE,0x7abfc,Fuel Calculation Callback (Map) X Axis,0x3E00,0x40C0,-704
60E1D400__vs__60E0E700_N3YLEE,0x7ac20,Fuel Calculation Callback (Map) Y Axis,0x43FA,0x42A0,346
60E1D400__vs__60E0E700_N3YLEE,0x7ac44,Fuel Calculation Callback (Map),0x0000,0x4348,-17224
60E1D400__vs__60E0E700_N3YLEE,0x7ace8,Fuel Calculation Callback (Map) 2 X Axis,0x3E00,0x41B0,-944
60E1D400__vs__60E0E700_N3YLEE,0x7ad0c,Fuel Calculation Callback (Map) 2 Y Axis,0x43FA,0x40C4,822
60E1D400__vs__60E0E700_N3YLEE,0x7ad30,Fuel Calculation Callback (Map) 2,0x0000,0x0027,-39
60E1D400__vs__60E0E700_N3YLEE,0x7add4,Throttle - Liftoff - Fuel Cut Trigger X Axis,0x3E00,0x4320,-1312
60E1D400__vs__60E0E700_N3YLEE,0x7add8,Throttle - Liftoff - Fuel Cut Trigger Y Axis,0x43FA,0x4334,198
60E1D400__vs__60E0E700_N3YLEE,0x7addc,Throttle - Liftoff - Fuel Cut Trigger,0x0000,0x0000,0
60E1D400__vs__60E0E700_N3YLEE,0x7ade0,Throttle - Liftoff - Fuel Cut Release X Axis,0x3E00,0x0000,15872
60E1D400__vs__60E0E700_N3YLEE,0x7ade4,Throttle - Liftoff - Fuel Cut Release Y Axis,0x43FA,0x0000,17402
60E1D400__vs__60E0E700_N3YLEE,0x7ade8,Throttle - Liftoff - Fuel Cut Release,0x0000,0x0000,0
60E1D400__vs__60E0E700_N3YLEE,0x7ae34,(Unknown - transmission_control) Y Axis,0x43FA,0x42F0,266
60E1D400__vs__60E0E700_N3YLEE,0x7ae7c,(Unknown - transmission_control),0x1C1B,0x0001,7194
60E1D400__vs__60E0E700_N3YLEE,0x7ae90,State Machine - Scalar Threshold Y Axis,0x0000,0xC1A0,-49568
60E1D400__vs__60E0E700_N3YLEE,0x7ae94,State Machine - Scalar Threshold,0x3FA3,0x0000,16291
60E1D400__vs__60E0E700_N3YLEE,0x7ae98,Fuel Control - Scalar Threshold Y Axis,0x0000,0x41A0,-16800
60E1D400__vs__60E0E700_N3YLEE,0x7ae9c,Fuel Control - Scalar Threshold,0x3F33,0x4220,-749
60E1D400__vs__60E0E700_N3YLEE,0x7af24,Injection Angle Related AFR Input Y Axis,0x0000,0x40A0,-16544
60E1D400__vs__60E0E700_N3YLEE,0x7af48,Injection Angle Related AFR Input,0x323C,0x04E2,11610
60E1D400__vs__60E0E700_N3YLEE,0x7af54,Unknown Lambda Input Y Axis,0x3F33,0x04E2,14929
60E1D400__vs__60E0E700_N3YLEE,0x7af74,Unknown Lambda Input,0x0708,0x4302,-15354
60E1D400__vs__60E0E700_N3YLEE,0x7af7c,(Unknown - fpu_accumulate_ch0) Y Axis,0x3F33,0x42DC,-937
60E1D400__vs__60E0E700_N3YLEE,0x7af9c,(Unknown - fpu_accumulate_ch0),0x0708,0x48F4,-16876
60E1D400__vs__60E0E700_N3YLEE,0x7afa4,AirFlow Inj Angle Related Y Axis,0x0000,0x3BA3,-15267
60E1D400__vs__60E0E700_N3YLEE,0x7b008,AirFlow Inj Angle Related,0x000A,0x447A,-17520
60E1D400__vs__60E0E700_N3YLEE,0x7b03c,(Unknown - fpu_control_calc) Y Axis,0xC220,0x003E,49634
60E1D400__vs__60E0E700_N3YLEE,0x7b05c,(Unknown - fpu_control_calc),0x00C3,0x0505,-1090
60E1D400__vs__60E0E700_N3YLEE,0x7b06c,(Unknown - fpu_accumulate_ch0) 2 Y Axis,0x0000,0x44FA,-17658
60E1D400__vs__60E0E700_N3YLEE,0x7b0d0,(Unknown - fpu_accumulate_ch0) 2,0x0005,0x4270,-17003
60E1D400__vs__60E0E700_N3YLEE,0x7b104,(Unknown - fpu_accumulate_ch0) 3 Y Axis,0x0000,0x4D4D,-19789
60E1D400__vs__60E0E700_N3YLEE,0x7b168,(Unknown - fpu_accumulate_ch0) 3,0x0005,0x451C,-17687
60E1D400__vs__60E0E700_N3YLEE,0x7b19c,(Unknown - fpu_accumulate_ch0) 4 Y Axis,0xC220,0x4D4D,29907
60E1D400__vs__60E0E700_N3YLEE,0x7b1bc,(Unknown - fpu_accumulate_ch0) 4,0x00C3,0x403B,-16248
60E1D400__vs__60E0E700_N3YLEE,0x7b1cc,(Unknown - fpu_accumulate_ch2) Y Axis,0x0000,0x0000,0
60E1D400__vs__60E0E700_N3YLEE,0x7b204,(Unknown - fpu_accumulate_ch2),0x0030,0x428C,-16988
60E1D400__vs__60E0E700_N3YLEE,0x7b220,(Unknown - fpu_accumulate_ch2) 2 Y Axis,0xC220,0x8080,16800
60E1D400__vs__60E0E700_N3YLEE,0x7b240,(Unknown - fpu_accumulate_ch2) 2,0x03CF,0x4174,-15781
60E1D400__vs__60E0E700_N3YLEE,0x7b250,Injection Angle X Axis,0x43FA,0x7EFF,-15109
60E1D400__vs__60E0E700_N3YLEE,0x7b298,Injection Angle Y Axis,0x3E00,0x426D,-1133
60E1D400__vs__60E0E700_N3YLEE,0x7b2b8,Injection Angle,0x0208,0x426C,-16484
60E1D400__vs__60E0E700_N3YLEE,0x7b43c,Air Bleed Control (Map) Y Axis,0x3F00,0x4160,-608
60E1D400__vs__60E0E700_N3YLEE,0x7b464,Air Bleed Control (Map),0x5050,0x0253,19965
60E1D400__vs__60E0E700_N3YLEE,0x7b470,Idle Correction Interpolation (Map) Y Axis,0x0000,0x041F,-1055
60E1D400__vs__60E0E700_N3YLEE,0x7b4a0,Idle Correction Interpolation (Map),0x6464,0x018B,25305
60E1D400__vs__60E0E700_N3YLEE,0x7b4ac,Ignition Knock - RPM Knock Retard Y Axis,0x43FA,0x0253,16807
60E1D400__vs__60E0E700_N3YLEE,0x7b4d8,Ignition Knock - RPM Knock Retard,0x1414,0x032C,4328
60E1D400__vs__60E0E700_N3YLEE,0x7b4e4,Air Filter Control (Map) Y Axis,0x43FA,0x01FE,16892
60E1D400__vs__60E0E700_N3YLEE,0x7b510,Air Filter Control (Map),0x000A,0x40A0,-16534
60E1D400__vs__60E0E700_N3YLEE,0x7b51c,Fuel Correction Update (Map) Y Axis,0x3F80,0xC120,-33184
60E1D400__vs__60E0E700_N3YLEE,0x7b534,Fuel Correction Update (Map),0x1919,0xC220,-43271
60E1D400__vs__60E0E700_N3YLEE,0x7b53c,Exhaust Control (Map) Y Axis,0x3F80,0xC220,-33440
60E1D400__vs__60E0E700_N3YLEE,0x7b554,Exhaust Control (Map),0x0309,0x0000,777
60E1D400__vs__60E0E700_N3YLEE,0x7b55a,Air Bleed Control (Map) 2,0x72FA,0x002A,29392
60E1D400__vs__60E0E700_N3YLEE,0x7b570,Exhaust Control (Map) 2 X Axis,0x0000,0x4220,-16928
60E1D400__vs__60E0E700_N3YLEE,0x7b58c,Exhaust Control (Map) 2 Y Axis,0x0000,0x0C35,-3125
60E1D400__vs__60E0E700_N3YLEE,0x7b59c,Exhaust Control (Map) 2,0x1388,0x0000,5000
60E1D400__vs__60E0E700_N3YLEE,0x7b5d4,Exhaust Control (Map) 3 X Axis,0x0000,0x40C0,-16576
60E1D400__vs__60E0E700_N3YLEE,0x7b5f0,Exhaust Control (Map) 3 Y Axis,0x0000,0x0100,-256
60E1D400__vs__60E0E700_N3YLEE,0x7b600,Exhaust Control (Map) 3,0x1388,0x0100,4744
60E1D400__vs__60E0E700_N3YLEE,0x7b638,Exhaust Control (Map) 4 X Axis,0x0000,0x3F80,-16256
60E1D400__vs__60E0E700_N3YLEE,0x7b664,Exhaust Control (Map) 4,0x1388,0x4080,-11512
60E1D400__vs__60E0E700_N3YLEE,0x7b69c,Exhaust Control (Map) 5 X Axis,0x0000,0x0100,-256
60E1D400__vs__60E0E700_N3YLEE,0x7b6b8,Exhaust Control (Map) 5 Y Axis,0x0000,0x0100,-256
60E1D400__vs__60E0E700_N3YLEE,0x7b6c8,Exhaust Control (Map) 5,0x1388,0x0100,4744
60E1D400__vs__60E0E700_N3YLEE,0x7b700,Ignition Advance - Interpolated Map X Axis,0x0000,0x4166,-16742
60E1D400__vs__60E0E700_N3YLEE,0x7b71c,Ignition Advance - Interpolated Map Y Axis,0x0000,0x4170,-16752
60E1D400__vs__60E0E700_N3YLEE,0x7b72c,Ignition Advance - Interpolated Map,0x0000,0x3EC8,-16072
60E1D400__vs__60E0E700_N3YLEE,0x7b764,Fuel Pressure (Map) 8 X Axis,0x43FA,0x4270,394
60E1D400__vs__60E0E700_N3YLEE,0x7b78c,Fuel Pressure (Map) 8 Y Axis,0x3F80,0x41A0,-544
60E1D400__vs__60E0E700_N3YLEE,0x7b7ac,Fuel Pressure (Map) 8,0xA11A,0x2330,32234
60E1D400__vs__60E0E700_N3YLEE,0x7b84c,Fuel Pressure (Map) 9 X Axis,0x43FA,0x42A0,346
60E1D400__vs__60E0E700_N3YLEE,0x7b874,Fuel Pressure (Map) 9 Y Axis,0x3F80,0x4220,-672
60E1D400__vs__60E0E700_N3YLEE,0x7b894,Fuel Pressure (Map) 9,0x2831,0x2C08,-983
60E1D400__vs__60E0E700_N3YLEE,0x7b934,Fuel Pressure (Map) 10 X Axis,0x43FA,0x0A36,14788
60E1D400__vs__60E0E700_N3YLEE,0x7b95c,Fuel Pressure (Map) 10 Y Axis,0x3F80,0x4270,-752
60E1D400__vs__60E0E700_N3YLEE,0x7b97c,Fuel Pressure (Map) 10,0x9E1D,0x0224,39929
60E1D400__vs__60E0E700_N3YLEE,0x7ba94,Knock Limit - Zero Table vs Axis Y Axis,0x0000,0x42A0,-17056
60E1D400__vs__60E0E700_N3YLEE,0x7bab0,Knock Limit - Zero Table vs Axis,0x0000,0x4120,-16672
60E1D400__vs__60E0E700_N3YLEE,0x7bacc,Knock Limit - Factor vs Axis Y Axis,0x3DCC,0x42A0,-1236
60E1D400__vs__60E0E700_N3YLEE,0x7bae0,Knock Limit - Factor vs Axis,0x3F80,0x6560,-9696
60E1D400__vs__60E0E700_N3YLEE,0x7baf4,Omp Fault Detect (Map) X Axis,0x3E00,0x4220,-1056
60E1D400__vs__60E0E700_N3YLEE,0x7bb18,Omp Fault Detect (Map) Y Axis,0x43FA,0x033C,16574
60E1D400__vs__60E0E700_N3YLEE,0x7bb3c,Omp Fault Detect (Map),0x0000,0x42A0,-17056
60E1D400__vs__60E0E700_N3YLEE,0x7bb90,Ignition Knock - Retard Limit X Axis,0x3E00,0x399D,1123
60E1D400__vs__60E0E700_N3YLEE,0x7bbb4,Ignition Knock - Retard Limit Y Axis,0x43FA,0x458C,-402
60E1D400__vs__60E0E700_N3YLEE,0x7bbd8,Ignition Knock - Retard Limit,0x41C0,0x3D15,1195
60E1D400__vs__60E0E700_N3YLEE,0x7bd28,(Unknown - fpu_division_calc) X Axis,0x3E23,0x42A0,-1149
60E1D400__vs__60E0E700_N3YLEE,0x7bd50,(Unknown - fpu_division_calc) Y Axis,0x4443,0x0000,17475
60E1D400__vs__60E0E700_N3YLEE,0x7bd94,(Unknown - fpu_division_calc),0x41AE,0x0000,16814
60E1D400__vs__60E0E700_N3YLEE,0x7c050,Fuel Temperature Correction (Map) Y Axis,0x442F,0x0051,17374
60E1D400__vs__60E0E700_N3YLEE,0x7c084,Fuel Temperature Correction (Map),0x4343,0x0067,17116
60E1D400__vs__60E0E700_N3YLEE,0x7c094,Fuel Flow Limiter (Map) X Axis,0x3E00,0x006F,15761
60E1D400__vs__60E0E700_N3YLEE,0x7c0bc,Fuel Flow Limiter (Map) Y Axis,0x43FA,0x0083,17271
60E1D400__vs__60E0E700_N3YLEE,0x7c0dc,Fuel Flow Limiter (Map),0x0080,0x1100,-4224
60E1D400__vs__60E0E700_N3YLEE,0x7c184,Load Limit A Y Axis,0x4443,0x1100,13123
60E1D400__vs__60E0E700_N3YLEE,0x7c1b4,Load Limit A,0x3EB3,0x1100,11699
60E1D400__vs__60E0E700_N3YLEE,0x7c1e4,Load Limit B Y Axis,0x4443,0x1100,13123
60E1D400__vs__60E0E700_N3YLEE,0x7c214,Load Limit B,0x3F26,0x1100,11814
60E1D400__vs__60E0E700_N3YLEE,0x7c32c,Load Limit C Y Axis,0x43FA,0x0303,16631
60E1D400__vs__60E0E700_N3YLEE,0x7c354,Load Limit C,0x03E8,0x0000,1000
60E1D400__vs__60E0E700_N3YLEE,0x7c3b4,Misfire DTC - Threshold 1 vs Voltage Axis Y Axis,0x40B0,0x0000,16560
60E1D400__vs__60E0E700_N3YLEE,0x7c3c4,Misfire DTC - Threshold 1 vs Voltage Axis,0x007D,0x0000,125
60E1D400__vs__60E0E700_N3YLEE,0x7c3cc,Misfire DTC - Threshold 2 vs Voltage Axis Y Axis,0x40B0,0x0000,16560
60E1D400__vs__60E0E700_N3YLEE,0x7c3dc,Misfire DTC - Threshold 2 vs Voltage Axis,0x007D,0x0000,125
60E1D400__vs__60E0E700_N3YLEE,0x7c3e4,Misfire DTC - Threshold 3 vs Voltage Axis Y Axis,0x40C4,0x0000,16580
60E1D400__vs__60E0E700_N3YLEE,0x7c3f4,Misfire DTC - Threshold 3 vs Voltage Axis,0x4060,0x0000,16480
60E1D400__vs__60E0E700_N3YLEE,0x7c48c,(Unknown - ctrl_toggle) Y Axis,0x0000,0x0101,-257
60E1D400__vs__60E0E700_N3YLEE,0x7c4b4,(Unknown - ctrl_toggle),0x0000,0x0303,-771
60E1D400__vs__60E0E700_N3YLEE,0x7c4c0,(Unknown - ctrl_toggle) 2 Y Axis,0x0000,0x0303,-771
60E1D400__vs__60E0E700_N3YLEE,0x7c4e8,(Unknown - ctrl_toggle) 2,0x0000,0x0303,-771
60E1D400__vs__60E0E700_N3YLEE,0x7c4f4,(Unknown - ctrl_toggle) 3 Y Axis,0x0000,0x0303,-771
60E1D400__vs__60E0E700_N3YLEE,0x7c51c,(Unknown - ctrl_toggle) 3,0x7878,0x0303,30069
60E1D400__vs__60E0E700_N3YLEE,0x7c528,Ctrl Toggle - Constant vs Axis Y Axis,0x0000,0x0303,-771
60E1D400__vs__60E0E700_N3YLEE,0x7c550,Ctrl Toggle - Constant vs Axis,0x0001,0x2828,-10279
60E1D400__vs__60E0E700_N3YLEE,0x7c564,Primary Fuel Injector Cranking Pulse Decay Time Y Axis,0xC220,0x2828,39416
60E1D400__vs__60E0E700_N3YLEE,0x7c588,Primary Fuel Injector Cranking Pulse Decay Time,0x0303,0x2828,-9509
60E1D400__vs__60E0E700_N3YLEE,0x7c5f8,PWM Duty - Constant vs Axis Y Axis,0x0000,0x0138,-312
60E1D400__vs__60E0E700_N3YLEE,0x7c61c,PWM Duty - Constant vs Axis,0x04E2,0x0443,159
60E1D400__vs__60E0E700_N3YLEE,0x7c664,Ctrl Cache - Correction 1 vs Axis Y Axis,0x469C,0x2070,9772
60E1D400__vs__60E0E700_N3YLEE,0x7c678,Ctrl Cache - Correction 1 vs Axis,0xBC23,0x2122,39681
60E1D400__vs__60E0E700_N3YLEE,0x7c68c,Ctrl Cache - Correction 2 vs Axis Y Axis,0x469C,0x2258,9284
60E1D400__vs__60E0E700_N3YLEE,0x7c6a0,Ctrl Cache - Correction 2 vs Axis,0x3C23,0x2407,6172
60E1D400__vs__60E0E700_N3YLEE,0x7c6bc,(Unknown - debug_output) Y Axis,0x3DCC,0xFFFF,-49715
60E1D400__vs__60E0E700_N3YLEE,0x7c6d8,(Unknown - debug_output),0x1A1A,0x0101,6425
60E1D400__vs__60E0E700_N3YLEE,0x7c6e0,(Unknown - debug_output) 2 Y Axis,0x447A,0x0001,17529
60E1D400__vs__60E0E700_N3YLEE,0x7c708,(Unknown - debug_output) 2,0x9678,0x0101,38263
60E1D400__vs__60E0E700_N3YLEE,0x7c718,Datalog - Sample Rate vs RPM Y Axis,0x43FA,0x0101,17145
60E1D400__vs__60E0E700_N3YLEE,0x7c730,Datalog - Sample Rate vs RPM,0x0505,0x0101,1028
60E1D400__vs__60E0E700_N3YLEE,0x7c738,(Unknown - datalog_format) Y Axis,0x43FA,0x0101,17145
60E1D400__vs__60E0E700_N3YLEE,0x7c750,(Unknown - datalog_format),0x051F,0x0100,1055
60E1D400__vs__60E0E700_N3YLEE,0x7c75c,(Unknown - datalog_write) Y Axis,0x0000,0x0000,0
60E1D400__vs__60E0E700_N3YLEE,0x7c780,(Unknown - datalog_write),0x0000,0x0101,-257
60E1D400__vs__60E0E700_N3YLEE,0x7c794,(Unknown - datalog_write) 2 X Axis,0xC220,0x0101,49439
60E1D400__vs__60E0E700_N3YLEE,0x7c7b8,(Unknown - datalog_write) 2 Y Axis,0x43FA,0x0101,17145
60E1D400__vs__60E0E700_N3YLEE,0x7c7d0,(Unknown - datalog_write) 2,0x1A1A,0x0101,6425
60E1D400__vs__60E0E700_N3YLEE,0x7c808,(Unknown - datalog_write) 3 X Axis,0xC220,0x0B0B,46869
60E1D400__vs__60E0E700_N3YLEE,0x7c82c,(Unknown - datalog_write) 3 Y Axis,0x43FA,0x0E0E,13804
60E1D400__vs__60E0E700_N3YLEE,0x7c844,(Unknown - datalog_write) 3,0x1A1A,0x0A23,4087
60E1D400__vs__60E0E700_N3YLEE,0x7c8b0,Datalog - Engine - Trace Level Table Y Axis,0xC220,0xFFFC,-15836
60E1D400__vs__60E0E700_N3YLEE,0x7c8ec,Datalog - Engine - Trace Level Table,0x8080,0xFFFC,-32636
60E1D400__vs__60E0E700_N3YLEE,0x7c8fc,Datalog - Battery - Voltage Correction Table Y Axis,0x40D0,0xFFFC,-48940
60E1D400__vs__60E0E700_N3YLEE,0x7c920,Datalog - Battery - Voltage Correction Table,0x9F96,0x0300,40086
60E1D400__vs__60E0E700_N3YLEE,0x7c92c,Datalog - Engine - Load Matrix X Axis,0x0000,0xFFFC,-65532
60E1D400__vs__60E0E700_N3YLEE,0x7c98c,Datalog - Engine - Load Matrix Y Axis,0x0000,0x0000,0
60E1D400__vs__60E0E700_N3YLEE,0x7c9b4,Datalog - Engine - Load Matrix,0x0A0C,0x0080,2444
60E1D400__vs__60E0E700_N3YLEE,0x7cad8,Ignition Dwell Time_ X Axis,0x447A,0x0080,17402
60E1D400__vs__60E0E700_N3YLEE,0x7cafc,Ignition Dwell Time_ Y Axis,0x40D0,0x4880,-1968
60E1D400__vs__60E0E700_N3YLEE,0x7cb20,Ignition Dwell Time_,0x0767,0x4880,-16665
60E1D400__vs__60E0E700_N3YLEE,0x7ccb4,Diag/Test - Zero Table 1 vs Index Y Axis,0x0000,0xFFFC,-65532
60E1D400__vs__60E0E700_N3YLEE,0x7ccdc,Diag/Test - Zero Table 1 vs Index,0x0000,0x0300,-768
60E1D400__vs__60E0E700_N3YLEE,0x7cd2c,Diag/Test - Zero Table 2 vs Index,0x0000,0x0049,-73
60E1D400__vs__60E0E700_N3YLEE,0x7cd54,Diag/Test - Zero Table 3 vs Index Y Axis,0x0000,0x001E,-30
60E1D400__vs__60E0E700_N3YLEE,0x7cd7c,Diag/Test - Zero Table 3 vs Index,0x0000,0x0001,-1
60E1D400__vs__60E0E700_N3YLEE,0x7cda4,Diag/Test - Zero Table 4 vs Index Y Axis,0x0000,0x002E,-46
60E1D400__vs__60E0E700_N3YLEE,0x7cdcc,Diag/Test - Zero Table 4 vs Index,0x0000,0x004A,-74
60E1D400__vs__60E0E700_N3YLEE,0x7cdf4,Diag/Test - Zero Table 5 vs Index Y Axis,0x0000,0x000C,-12
60E1D400__vs__60E0E700_N3YLEE,0x7ce1c,Diag/Test - Zero Table 5 vs Index,0x0000,0x0054,-84
60E1D400__vs__60E0E700_N3YLEE,0x7ce44,Diag/Test - Zero Table 6 vs Index Y Axis,0x0000,0x0010,-16
60E1D400__vs__60E0E700_N3YLEE,0x7ce6c,Diag/Test - Zero Table 6 vs Index,0x0000,0x005C,-92
60E1D400__vs__60E0E700_N3YLEE,0x7ce94,Diag/Test - Zero Table 7 vs Index Y Axis,0x0000,0x0012,-18
60E1D400__vs__60E0E700_N3YLEE,0x7cebc,Diag/Test - Zero Table 7 vs Index,0x0000,0x0014,-20
60E1D400__vs__60E0E700_N3YLEE,0x7cee4,Diag/Test - Zero Table 8 vs Index Y Axis,0x0000,0x000C,-12
60E1D400__vs__60E0E700_N3YLEE,0x7cf0c,Diag/Test - Zero Table 8 vs Index,0x0000,0x0011,-17
60E1D400__vs__60E0E700_N3YLEE,0x7cf34,Diag/Test - Zero Table 9 vs Index Y Axis,0x0000,0x000D,-13
60E1D400__vs__60E0E700_N3YLEE,0x7cf5c,Diag/Test - Zero Table 9 vs Index,0x0000,0x004A,-74
60E1D400__vs__60E0E700_N3YLEE,0x7cf84,Diag/Test - Zero Table 10 vs Index Y Axis,0x0000,0x0059,-89
60E1D400__vs__60E0E700_N3YLEE,0x7cfac,Diag/Test - Zero Table 10 vs Index,0x0000,0x0042,-66
60E1D400__vs__60E0E700_N3YLEE,0x7cfd4,Diag/Test - Zero Table 11 vs Index Y Axis,0x0000,0x0020,-32
60E1D400__vs__60E0E700_N3YLEE,0x7cffc,Diag/Test - Zero Table 11 vs Index,0x0000,0x0060,-96
60E1D400__vs__60E0E700_N3YLEE,0x7d024,Diag/Test - Zero Table 12 vs Index Y Axis,0x0000,0xFFFF,-65535
60E1D400__vs__60E0E700_N3YLEE,0x7d04c,Diag/Test - Zero Table 12 vs Index,0x0000,0x004A,-74
60E1D400__vs__60E0E700_N3YLEE,0x7d074,Diag/Test - Zero Table 13 vs Index Y Axis,0x0000,0x004A,-74
60E1D400__vs__60E0E700_N3YLEE,0x7d09c,Diag/Test - Zero Table 13 vs Index,0x0000,0x0056,-86
60E1D400__vs__60E0E700_N3YLEE,0x7d0d0,Ignition Timing Monitor - Threshold vs Coolant Temp Y Axis,0x4120,0x005A,16582
60E1D400__vs__60E0E700_N3YLEE,0x7d0f4,Ignition Timing Monitor - Threshold vs Coolant Temp,0x110D,0x0033,4314
60E1D400__vs__60E0E700_N3YLEE,0x7d108,Oxygen Sensor Monitor (Map) X Axis,0x0000,0x000E,-14
60E1D400__vs__60E0E700_N3YLEE,0x7d128,Oxygen Sensor Monitor (Map) Y Axis,0x0000,0x0033,-51
60E1D400__vs__60E0E700_N3YLEE,0x7d150,Oxygen Sensor Monitor (Map),0x0100,0x0015,235
60E1D400__vs__60E0E700_N3YLEE,0x7d1a0,Oxygen Sensor Monitor (Map) 2 X Axis,0x0000,0x0007,-7
60E1D400__vs__60E0E700_N3YLEE,0x7d1c0,Oxygen Sensor Monitor (Map) 2 Y Axis,0x0000,0x0007,-7
60E1D400__vs__60E0E700_N3YLEE,0x7d1e8,Oxygen Sensor Monitor (Map) 2,0x0100,0x0007,249
60E1D400__vs__60E0E700_N3YLEE,0x7d254,Diag Detector (Map) Y Axis,0x412A,0x0007,16675
60E1D400__vs__60E0E700_N3YLEE,0x7d274,Diag Detector (Map),0x8C6E,0x0007,35943
60E1D400__vs__60E0E700_N3YLEE,0x7d2bc,Coil Control (Map) Y Axis,0x4120,0x0007,16665
60E1D400__vs__60E0E700_N3YLEE,0x7d2e0,Coil Control (Map),0x1A1D,0x0007,6678
60E1D400__vs__60E0E700_N3YLEE,0x7d2f4,Coil Control (Map) 2 Y Axis,0x4120,0x0007,16665
60E1D400__vs__60E0E700_N3YLEE,0x7d318,Coil Control (Map) 2,0x2330,0x0007,9001
60E1D400__vs__60E0E700_N3YLEE,0x7d32c,Coil Control (Map) 3 Y Axis,0x4120,0x0007,16665
60E1D400__vs__60E0E700_N3YLEE,0x7d350,Coil Control (Map) 3,0x07BB,0x0007,1972
60E1D400__vs__60E0E700_N3YLEE,0x7d364,Coil Control (Map) 4 Y Axis,0x4120,0x0007,16665
60E1D400__vs__60E0E700_N3YLEE,0x7d388,Coil Control (Map) 4,0x0666,0x0007,1631
60E1D400__vs__60E0E700_N3YLEE,0x7d39c,Coil Control (Map) 5 Y Axis,0x4120,0x0007,16665
60E1D400__vs__60E0E700_N3YLEE,0x7d3c0,Coil Control (Map) 5,0x1A1D,0x0007,6678
60E1D400__vs__60E0E700_N3YLEE,0x7d3d4,Coil Control (Map) 6 Y Axis,0x4120,0x0007,16665
60E1D400__vs__60E0E700_N3YLEE,0x7d3f8,Coil Control (Map) 6,0x2330,0x1B1C,2068
60E1D400__vs__60E0E700_N3YLEE,0x7d40c,Coil Control (Map) 7 Y Axis,0x4120,0x1108,12312
60E1D400__vs__60E0E700_N3YLEE,0x7d430,Coil Control (Map) 7,0x07BB,0x1102,-2375
60E1D400__vs__60E0E700_N3YLEE,0x7d444,Coil Control (Map) 8 Y Axis,0x4120,0x1102,12318
60E1D400__vs__60E0E700_N3YLEE,0x7d468,Coil Control (Map) 8,0x0666,0x1C1D,-5559
60E1D400__vs__60E0E700_N3YLEE,0x7d47c,OBD Monitor - Threshold vs Coolant Temp Y Axis,0x4120,0x011F,16385
60E1D400__vs__60E0E700_N3YLEE,0x7d4a0,OBD Monitor - Threshold vs Coolant Temp,0x0A36,0x0807,559
60E1D400__vs__60E0E700_N3YLEE,0x7d4b4,Coil Correction - Threshold vs Coolant Temp Y Axis,0x4120,0x1F01,8735
60E1D400__vs__60E0E700_N3YLEE,0x7d4d8,Coil Correction - Threshold vs Coolant Temp,0x0CE7,0x0119,3022
60E1D400__vs__60E0E700_N3YLEE,0x7d4ec,Coil Control (Map) 9 Y Axis,0x3B1B,0x0E1F,11516
60E1D400__vs__60E0E700_N3YLEE,0x7d52c,Coil Control (Map) 9,0x265C,0x1102,5466
60E1D400__vs__60E0E700_N3YLEE,0x7d554,(Unknown - eeprom_manager) Y Axis,0x4120,0x0110,16400
60E1D400__vs__60E0E700_N3YLEE,0x7d578,(Unknown - eeprom_manager),0x6D73,0x0007,28012
60E1D400__vs__60E0E700_N3YLEE,0x7d584,(Unknown - linear_interp_2d) Y Axis,0x3B1B,0x0007,15124
60E1D400__vs__60E0E700_N3YLEE,0x7d5c4,(Unknown - linear_interp_2d),0x265C,0x0007,9813
60E1D400__vs__60E0E700_N3YLEE,0x7d5e4,(Unknown - linear_interp_2d) 2 Y Axis,0x4120,0x0007,16665
60E1D400__vs__60E0E700_N3YLEE,0x7d608,(Unknown - linear_interp_2d) 2,0x23CA,0x0007,9155
60E1D400__vs__60E0E700_N3YLEE,0x7d61c,(Unknown - linear_interp_2d) 3 Y Axis,0x4120,0x0007,16665
60E1D400__vs__60E0E700_N3YLEE,0x7d640,(Unknown - linear_interp_2d) 3,0x30A4,0x0007,12445
60E1D400__vs__60E0E700_N3YLEE,0x7d654,EEPROM - Calibration 1 vs Coolant Temp Y Axis,0x4120,0x0007,16665
60E1D400__vs__60E0E700_N3YLEE,0x7d678,EEPROM - Calibration 1 vs Coolant Temp,0x0813,0x0007,2060
60E1D400__vs__60E0E700_N3YLEE,0x7d68c,EEPROM - Calibration 2 vs Coolant Temp Y Axis,0x4120,0x0007,16665
60E1D400__vs__60E0E700_N3YLEE,0x7d6b0,EEPROM - Calibration 2 vs Coolant Temp,0x05F3,0x0007,1516
60E1D400__vs__60E0E700_N3YLEE,0x7d700,Diag Request (Map) Y Axis,0x43FA,0x0007,17395
60E1D400__vs__60E0E700_N3YLEE,0x7d728,Diag Request (Map),0x001A,0x0007,19
60E1D400__vs__60E0E700_N3YLEE,0x7d74c,RTOS - Mutex Threshold vs Coolant Temp Y Axis,0x4120,0x0007,16665
60E1D400__vs__60E0E700_N3YLEE,0x7d770,RTOS - Mutex Threshold vs Coolant Temp,0x2727,0x0007,10016
60E1D400__vs__60E0E700_N3YLEE,0x7d77c,(Unknown - queue_handler) Y Axis,0x412A,0x0007,16675
60E1D400__vs__60E0E700_N3YLEE,0x7d79c,(Unknown - queue_handler),0x2ED9,0x0007,11986
60E1D400__vs__60E0E700_N3YLEE,0x7d7ac,(Unknown - queue_handler) 2 Y Axis,0x412A,0x0007,16675
60E1D400__vs__60E0E700_N3YLEE,0x7d7cc,(Unknown - queue_handler) 2,0x1333,0xFFFF,-60620
60E1D400__vs__60E0E700_N3YLEE,0x7d7f8,(Unknown - isr_checker) Y Axis,0x4120,0xFFFF,-48863
60E1D400__vs__60E0E700_N3YLEE,0x7d81c,(Unknown - isr_checker),0x4017,0xFFFF,-49128
60E1D400__vs__60E0E700_N3YLEE,0x7d830,(Unknown - isr_checker) 2 Y Axis,0x4120,0xFFFF,-48863
60E1D400__vs__60E0E700_N3YLEE,0x7d854,(Unknown - isr_checker) 2,0x28F6,0xFFFF,-55049
60E1D400__vs__60E0E700_N3YLEE,0x7d878,LUT - Zero Table 1 vs Coolant Temp Y Axis,0x4120,0xFFFF,-48863
60E1D400__vs__60E0E700_N3YLEE,0x7d89c,LUT - Zero Table 1 vs Coolant Temp,0x0000,0xFFFF,-65535
60E1D400__vs__60E0E700_N3YLEE,0x7d8c0,LUT - Zero Table 2 vs Coolant Temp Y Axis,0x4120,0xFFFF,-48863
60E1D400__vs__60E0E700_N3YLEE,0x7d8e4,LUT - Zero Table 2 vs Coolant Temp,0x0000,0xFFFF,-65535
60E1D400__vs__60E0E700_N3YLEE,0x7d908,EEPROM - Ramp vs Coolant Temp Y Axis,0x4120,0xFFFF,-48863
60E1D400__vs__60E0E700_N3YLEE,0x7d92c,EEPROM - Ramp vs Coolant Temp,0x3D7A,0xFFFF,-49797
60E1D400__vs__60E0FB00,0x6cf6c,Barometric Pressure Sensor Max ADC Count,0xF5C2,0xFFFF,-2621
60E1D400__vs__60E0FB00,0x6cf6e,Barometric Pressure Sensor Min ADC Count,0x0A3D,0xFFFF,-62914
60E1D400__vs__60E0FB00,0x6cfa4,Fuel Injector - Unknown - Max Injection Angle1??? Y Axis,0x4448,0xFFFF,-48055
60E1D400__vs__60E0FB00,0x6cfe4,Fuel Injector - Unknown - Max Injection Angle1???,0x3C3C,0xFFFF,-50115
60E1D400__vs__60E0FB00,0x6cff4,Fuel Injector - Unknown - Max Injection Angle2??? Y Axis,0x4448,0xFFFF,-48055
60E1D400__vs__60E0FB00,0x6d034,Fuel Injector - Unknown - Max Injection Angle2???,0x3C3C,0xFFFF,-50115
60E1D400__vs__60E0FB00,0x6d044,Fuel Injector - Unknown - Max Injection Angle3??? Y Axis,0x4448,0xFFFF,-48055
60E1D400__vs__60E0FB00,0x6d084,Fuel Injector - Unknown - Max Injection Angle3???,0x3C3C,0xFFFF,-50115
60E1D400__vs__60E0FB00,0x6d0ec,Throttle Plate Something Fuel Cut (Map) Y Axis,0x0000,0xFFFF,-65535
60E1D400__vs__60E0FB00,0x6d114,Throttle Plate Something Fuel Cut (Map),0x0000,0xFFFF,-65535
60E1D400__vs__60E0FB00,0x6d120,Off Throttle Fuel Cut - Fuel Resume - Engine Startup Base Y Axis,0x0000,0xFFFF,-65535
60E1D400__vs__60E0FB00,0x6d138,Off Throttle Fuel Cut - Fuel Resume - Engine Startup Base,0x2C2C,0xFFFF,-54227
60E1D400__vs__60E0FB00,0x6d140,Engine Load Correction - Fuel Resume Threshold 1 vs RPM Y Axis,0x43FA,0xFFFF,-48133
60E1D400__vs__60E0FB00,0x6d158,Engine Load Correction - Fuel Resume Threshold 1 vs RPM,0x1919,0xFFFF,-59110
60E1D400__vs__60E0FB00,0x6d160,Engine Load Correction - Fuel Resume Threshold 2 vs RPM Y Axis,0x43FA,0xFFFF,-48133
60E1D400__vs__60E0FB00,0x6d178,Engine Load Correction - Fuel Resume Threshold 2 vs RPM,0x0C0C,0xFFFF,-62451
60E1D400__vs__60E0FB00,0x6d180,Engine Load Correction - Fuel Resume Threshold 3 vs RPM Y Axis,0x43FA,0xFFFF,-48133
60E1D400__vs__60E0FB00,0x6d198,Engine Load Correction - Fuel Resume Threshold 3 vs RPM,0x0C0C,0xFFFF,-62451
60E1D400__vs__60E0FB00,0x6d1a0,Idle Related Y Axis,0xC220,0xFFFF,-15839
60E1D400__vs__60E0FB00,0x6d1e0,Idle Related,0x09C4,0xFFFF,-63035
60E1D400__vs__60E0FB00,0x6d200,Engine Load Correction (Map) X Axis,0x449C,0xFFFF,-47971
60E1D400__vs__60E0FB00,0x6d218,Engine Load Correction (Map) Y Axis,0x3F80,0xFFFF,-49279
60E1D400__vs__60E0FB00,0x6d230,Engine Load Correction (Map),0x4B38,0xFFFF,-46279
60E1D400__vs__60E0FB00,0x6d254,Off Throttle Fuel Cut - Fuel Resume - In Gear Threshold X Axis,0xC220,0xFFFF,-15839
60E1D400__vs__60E0FB00,0x6d294,Off Throttle Fuel Cut - Fuel Resume - In Gear Threshold Y Axis,0x3F80,0xFFFF,-49279
60E1D400__vs__60E0FB00,0x6d2ac,Off Throttle Fuel Cut - Fuel Resume - In Gear Threshold,0x5656,0xFFFF,-43433
60E1D400__vs__60E0FB00,0x6d30c,Off Throttle Fuel Cut - Fuel Resume - NOTUSED X Axis,0xC220,0x0000,49696
60E1D400__vs__60E0FB00,0x6d34c,Off Throttle Fuel Cut - Fuel Resume - NOTUSED Y Axis,0x3F80,0x3030,3920
60E1D400__vs__60E0FB00,0x6d364,Off Throttle Fuel Cut - Fuel Resume - NOTUSED,0x0000,0xFFFF,-65535
60E1D400__vs__60E0FB00,0x6d3c4,Throttle Plate Something Fuel Cut (Map) 2 X Axis,0xC220,0xFFFF,-15839
60E1D400__vs__60E0FB00,0x6d404,Throttle Plate Something Fuel Cut (Map) 2 Y Axis,0x3F80,0x0AC0,13504
60E1D400__vs__60E0FB00,0x6d41c,Throttle Plate Something Fuel Cut (Map) 2,0x0505,0xBF20,-47643
60E1D400__vs__60E0FB00,0x6d47c,Throttle Plate Something Fuel Cut (Map) 3 X Axis,0xC220,0x3EF9,33575
60E1D400__vs__60E0FB00,0x6d4bc,Throttle Plate Something Fuel Cut (Map) 3 Y Axis,0x3F80,0x4548,-1480
60E1D400__vs__60E0FB00,0x6d4d4,Throttle Plate Something Fuel Cut (Map) 3,0x0505,0x45AF,-16554
60E1D400__vs__60E0FB00,0x6d53c,Cold Rev Limit Threshold,0x41A0,0x3C3C,1380
60E1D400__vs__60E0FB00,0x6d544,Cold Rev Limit,0x45AB,0x4448,355
60E1D400__vs__60E0FB00,0x6d54c,Rev Limit,0x460C,0x44C8,324
60E1D400__vs__60E0FB00,0x6d584,Ignition Maybe Idle Base Y Axis,0x442F,0x3C3C,2035
60E1D400__vs__60E0FB00,0x6d59c,Ignition Maybe Idle Base,0x5A5A,0x0000,23130
60E1D400__vs__60E0FB00,0x6d5a4,Ignition Temp Correction? Y Axis,0xC220,0x4170,32944
60E1D400__vs__60E0FB00,0x6d5c8,Ignition Temp Correction?,0x6464,0x43FA,8298
60E1D400__vs__60E0FB00,0x6d5d4,Ignition 2 Y Axis,0x442F,0x4348,231
60E1D400__vs__60E0FB00,0x6d5ec,Ignition 2,0x7878,0x0000,30840
60E1D400__vs__60E0FB00,0x6d5f4,Ignition Leading 0 Y Axis,0xC220,0x4496,32138
60E1D400__vs__60E0FB00,0x6d618,Ignition Leading 0,0x6464,0x1616,20046
60E1D400__vs__60E0FB00,0x6d624,Ignition Timing Lead X Axis,0x3D80,0x459C,-2076
60E1D400__vs__60E0FB00,0x6d64c,Ignition Timing Lead Y Axis,0x4448,0x44FA,-178
60E1D400__vs__60E0FB00,0x6d668,Ignition Timing Lead,0x6464,0x44BB,8105
60E1D400__vs__60E0FB00,0x6d6b0,Ignition Leading 1 X Axis,0x3D80,0x0000,15744
60E1D400__vs__60E0FB00,0x6d700,Ignition Leading 1 Y Axis,0x443B,0x449C,-97
60E1D400__vs__60E0FB00,0x6d748,Ignition Leading 1,0x8484,0x3838,19532
60E1D400__vs__60E0FB00,0x6d8b0,Ignition Leading Base - Safe Mode X Axis,0x3D80,0x0000,15744
60E1D400__vs__60E0FB00,0x6d900,Ignition Leading Base - Safe Mode Y Axis,0x443B,0x42DC,351
60E1D400__vs__60E0FB00,0x6d948,Ignition Leading Base - Safe Mode,0x8484,0x0A0A,31354
60E1D400__vs__60E0FB00,0x6dab0,Ignition Leading Base X Axis,0x3D80,0x42C8,-1352
60E1D400__vs__60E0FB00,0x6db00,Ignition Leading Base Y Axis,0x443B,0x42C8,371
60E1D400__vs__60E0FB00,0x6db48,Ignition Leading Base,0x8484,0x44E1,16291
60E1D400__vs__60E0FB00,0x6dcb0,Ignition Leading 4 X Axis,0x3D80,0xB4AD,-30509
60E1D400__vs__60E0FB00,0x6dcd8,Ignition Leading 4 Y Axis,0x4448,0xB4B6,-28782
60E1D400__vs__60E0FB00,0x6dcf4,Ignition Leading 4,0x7777,0x9C9A,-9507
60E1D400__vs__60E0FB00,0x6dd3c,Ignition X Axis,0x3D80,0xACAC,-28460
60E1D400__vs__60E0FB00,0x6dd8c,Ignition Y Axis,0x443B,0x3E00,1595
60E1D400__vs__60E0FB00,0x6ddd4,Ignition,0x7A7A,0x6E6E,3084
60E1D400__vs__60E0FB00,0x6df3c,Ignition 0 - Safe Mode X Axis,0x3D80,0x928D,-21773
60E1D400__vs__60E0FB00,0x6df8c,Ignition 0 - Safe Mode Y Axis,0x443B,0x9A97,-22108
60E1D400__vs__60E0FB00,0x6dfd4,Ignition 0 - Safe Mode,0x7A7A,0x9B9B,-8481
60E1D400__vs__60E0FB00,0x6e13c,Ignition 1 X Axis,0x3D80,0x40E0,-864
60E1D400__vs__60E0FB00,0x6e18c,Ignition 1 Y Axis,0x443B,0x0000,17467
60E1D400__vs__60E0FB00,0x6e1d4,Ignition 1,0x7A7A,0x0000,31354
60E1D400__vs__60E0FB00,0x6e33c,Ignition Leading 5 X Axis,0x44A2,0x444A,88
60E1D400__vs__60E0FB00,0x6e34c,Ignition Leading 5 Y Axis,0x0000,0x444A,-17482
60E1D400__vs__60E0FB00,0x6e358,Ignition Leading 5,0x40A0,0x42F0,-592
60E1D400__vs__60E0FB00,0x6e388,Ignition Minimum Maybe X Axis,0x44A2,0x4270,562
60E1D400__vs__60E0FB00,0x6e398,Ignition Minimum Maybe Y Axis,0x0000,0xC120,-49440
60E1D400__vs__60E0FB00,0x6e3a4,Ignition Minimum Maybe,0x0000,0x41A0,-16800
60E1D400__vs__60E0FB00,0x6e458,Ignition Leading/Trailing - On Throttle Coolant Temp Compensation X Axis,0x44A2,0x4316,396
60E1D400__vs__60E0FB00,0x6e464,Ignition Leading/Trailing - On Throttle Coolant Temp Compensation Y Axis,0x4120,0x8312,-16882
60E1D400__vs__60E0FB00,0x6e474,Ignition Leading/Trailing - On Throttle Coolant Temp Compensation,0x40E0,0x8000,-16160
60E1D400__vs__60E0FB00,0x6e4a4,Knock Correction - Light Y Axis,0xC1A0,0x4248,32600
60E1D400__vs__60E0FB00,0x6e4bc,Knock Correction - Light,0x0019,0x0003,22
60E1D400__vs__60E0FB00,0x6e4c8,Knock Correction - Medium Y Axis,0xC1A0,0x0100,49312
60E1D400__vs__60E0FB00,0x6e4e0,Knock Correction - Medium,0x001E,0x4270,-16978
60E1D400__vs__60E0FB00,0x6e4ec,Knock Correction - Heavy Y Axis,0xC1A0,0x0672,47918
60E1D400__vs__60E0FB00,0x6e504,Knock Correction - Heavy,0x0037,0x40A0,-16489
60E1D400__vs__60E0FB00,0x6e510,Knock Detection Sensitivity Y Axis,0xC1A0,0x41C8,32728
60E1D400__vs__60E0FB00,0x6e528,Knock Detection Sensitivity,0x003C,0x06A4,-1640
60E1D400__vs__60E0FB00,0x6e534,Knock Retard Y Axis,0xC1A0,0x076C,47668
60E1D400__vs__60E0FB00,0x6e54c,Knock Retard,0x0037,0x4120,-16617
60E1D400__vs__60E0FB00,0x6e558,Knock Retard 2 Y Axis,0xC1A0,0x41C8,32728
60E1D400__vs__60E0FB00,0x6e570,Knock Retard 2,0x003C,0x05DC,-1440
60E1D400__vs__60E0FB00,0x6e57c,(Unknown - fpu_multiply_accumulate_filter) Y Axis,0x4416,0x06A4,15730
60E1D400__vs__60E0FB00,0x6e5bc,(Unknown - fpu_multiply_accumulate_filter),0x00CB,0x01F4,-297
60E1D400__vs__60E0FB00,0x6e6d4,Manifold Pressure Limiter (Map) Y Axis,0xC220,0x3F00,33568
60E1D400__vs__60E0FB00,0x6e6f0,Manifold Pressure Limiter (Map),0xAFAF,0x80FF,11952
60E1D400__vs__60E0FB00,0x6e6f8,Manifold Pressure Limiter (Map) 2 Y Axis,0xC120,0xC1A0,-128
60E1D400__vs__60E0FB00,0x6e714,Manifold Pressure Limiter (Map) 2,0xFF5A,0x42C8,48274
60E1D400__vs__60E0FB00,0x6e71c,Manifold Pressure Limiter (Map) 3 Y Axis,0xC220,0x0D0D,46355
60E1D400__vs__60E0FB00,0x6e738,Manifold Pressure Limiter (Map) 3,0xFAFA,0x0000,64250
60E1D400__vs__60E0FB00,0x6e740,Manifold Pressure Limiter (Map) 4 Y Axis,0xC220,0x4220,32768
60E1D400__vs__60E0FB00,0x6e75c,Manifold Pressure Limiter (Map) 4,0x0000,0x4040,-16448
60E1D400__vs__60E0FB00,0x6e764,Manifold Pressure Limiter (Map) 5 Y Axis,0xC220,0x3B03,34589
60E1D400__vs__60E0FB00,0x6e780,Manifold Pressure Limiter (Map) 5,0xB6B6,0xC120,-2666
60E1D400__vs__60E0FB00,0x6e788,Manifold Pressure Limiter (Map) 6 Y Axis,0xC220,0x0000,49696
60E1D400__vs__60E0FB00,0x6e7a4,Manifold Pressure Limiter (Map) 6,0x3232,0x4270,-4158
60E1D400__vs__60E0FB00,0x6e7ac,Manifold Pressure Limiter (Map) 7 Y Axis,0xC316,0x42C8,32846
60E1D400__vs__60E0FB00,0x6e7f8,Manifold Pressure Limiter (Map) 7,0x8CCD,0x0000,36045
60E1D400__vs__60E0FB00,0x6e820,Idle Target Filter Factor Y Axis,0xC3C8,0x42C8,33024
60E1D400__vs__60E0FB00,0x6e84c,Idle Target Filter Factor,0x0100,0x01F4,-244
60E1D400__vs__60E0FB00,0x6e864,Idle Target Y Axis,0xC220,0x0000,49696
60E1D400__vs__60E0FB00,0x6e880,Idle Target,0x06A4,0x1611,-3949
60E1D400__vs__60E0FB00,0x6e890,Idle Target 0 Y Axis,0xC1A0,0xC1A0,0
60E1D400__vs__60E0FB00,0x6e8c0,Idle Target 0,0x06A4,0x0807,-355
60E1D400__vs__60E0FB00,0x6e8d8,Idle Target 1 Y Axis,0xC1A0,0x00FF,49313
60E1D400__vs__60E0FB00,0x6e908,Idle Target 1,0x05DC,0x450C,-16176
60E1D400__vs__60E0FB00,0x6e920,Idle Target 2 Y Axis,0xC1A0,0x0000,49568
60E1D400__vs__60E0FB00,0x6e950,Idle Target 2,0x01F4,0x5050,-20060
60E1D400__vs__60E0FB00,0x6e968,Idle Target 3 Y Axis,0xC1A0,0x2D2D,38003
60E1D400__vs__60E0FB00,0x6e998,Idle Target 3,0x0DAC,0x3D80,-12244
60E1D400__vs__60E0FB00,0x6e9b0,Idle Target 4 Y Axis,0xC220,0x3EE0,33600
60E1D400__vs__60E0FB00,0x6e9cc,Idle Target 4,0x06A4,0x3F60,-14524
60E1D400__vs__60E0FB00,0x6e9dc,Idle Target 5 Y Axis,0xC220,0x3F90,33424
60E1D400__vs__60E0FB00,0x6e9f8,Idle Target 5,0x03E8,0x451C,-16692
60E1D400__vs__60E0FB00,0x6ea08,Idle Target 6 Y Axis,0x42F0,0x458C,-668
60E1D400__vs__60E0FB00,0x6ea24,Idle Target 6,0x076C,0x45FA,-16014
60E1D400__vs__60E0FB00,0x6ea34,Idle Target 7 Y Axis,0xC220,0x311E,37122
60E1D400__vs__60E0FB00,0x6ea50,Idle Target 7,0x03E8,0x0000,1000
60E1D400__vs__60E0FB00,0x6ea60,(Unknown - load_bias_table_interpolator) X Axis,0xC220,0x231E,40706
60E1D400__vs__60E0FB00,0x6ea7c,(Unknown - load_bias_table_interpolator) Y Axis,0x4270,0x1C1C,9812
60E1D400__vs__60E0FB00,0x6ea88,(Unknown - load_bias_table_interpolator),0x3B3B,0x322E,2317
60E1D400__vs__60E0FB00,0x6ead4,Fuel Pressure (Map) Y Axis,0xC220,0x564C,27604
60E1D400__vs__60E0FB00,0x6eaf8,Fuel Pressure (Map),0x0000,0x4747,-18247
60E1D400__vs__60E0FB00,0x6eb04,Fuel Pressure (Map) 2 Y Axis,0xC220,0x2A1D,38915
60E1D400__vs__60E0FB00,0x6eb28,Fuel Pressure (Map) 2,0x8080,0x302F,20561
60E1D400__vs__60E0FB00,0x6eb34,Fuel Pressure (Map) 3 Y Axis,0xC220,0x4F4F,29393
60E1D400__vs__60E0FB00,0x6eb58,Fuel Pressure (Map) 3,0x1E1E,0x3C3C,-7710
60E1D400__vs__60E0FB00,0x6eb64,Fuel Pressure (Map) 4 Y Axis,0x0000,0x4549,-17737
60E1D400__vs__60E0FB00,0x6eb88,Fuel Pressure (Map) 4,0x0000,0x5F5F,-24415
60E1D400__vs__60E0FB00,0x6eb94,Fuel Pressure (Map) 5 Y Axis,0x43FA,0x5050,-3158
60E1D400__vs__60E0FB00,0x6eba8,Fuel Pressure (Map) 5,0x7272,0x3EA0,13266
60E1D400__vs__60E0FB00,0x6ebb0,Fuel Pressure (Map) 6 Y Axis,0xC1A0,0x3EE0,33472
60E1D400__vs__60E0FB00,0x6ebc8,Fuel Pressure (Map) 6,0x1E1E,0x3F50,-8498
60E1D400__vs__60E0FB00,0x6ebd0,Fuel Pressure (Map) 7 Y Axis,0xC248,0x3F70,33496
60E1D400__vs__60E0FB00,0x6ec08,Fuel Pressure (Map) 7,0x1D1D,0x458C,-10351
60E1D400__vs__60E0FB00,0x6ec34,Fuel Controller (Map) Y Axis,0xC1F0,0x6237,24505
60E1D400__vs__60E0FB00,0x6ec44,Fuel Controller (Map),0x0000,0x8989,-35209
60E1D400__vs__60E0FB00,0x6ec4c,Fuel Controller (Map) 2 Y Axis,0xC220,0x1000,45600
60E1D400__vs__60E0FB00,0x6ec70,Fuel Controller (Map) 2,0x04E2,0x865B,-33145
60E1D400__vs__60E0FB00,0x6ec84,Fuel Controller (Map) 3 Y Axis,0xC220,0x9165,12475
60E1D400__vs__60E0FB00,0x6eca8,Fuel Controller (Map) 3,0x0000,0xBCBC,-48316
60E1D400__vs__60E0FB00,0x6ecbc,Fuel Controller (Map) 4 Y Axis,0xC220,0xBBBB,1637
60E1D400__vs__60E0FB00,0x6ece0,Fuel Controller (Map) 4,0x0898,0x8B8B,-33523
60E1D400__vs__60E0FB00,0x6ecf4,Fuel Controller (Map) 5 Y Axis,0x4220,0x9090,-20080
60E1D400__vs__60E0FB00,0x6ed08,Fuel Controller (Map) 5,0x01F4,0x9696,-38050
60E1D400__vs__60E0FB00,0x6ed18,Load Blend Factor - Coolant Temperature Y Axis,0xC220,0x9897,10633
60E1D400__vs__60E0FB00,0x6ed3c,Load Blend Factor - Coolant Temperature,0x1611,0xA29F,-35982
60E1D400__vs__60E0FB00,0x6ed48,Load Blend Factor - Coolant Temperature X Blend Variation X Axis,0xC220,0xACAC,5492
60E1D400__vs__60E0FB00,0x6ed6c,Load Blend Factor - Coolant Temperature X Blend Variation Y Axis,0xC1A0,0xA0A0,8448
60E1D400__vs__60E0FB00,0x6ed78,Load Blend Factor - Coolant Temperature X Blend Variation,0x2214,0x9E9D,-31881
60E1D400__vs__60E0FB00,0x6eda4,Air Charge - RPM X Charge Temperature X Axis,0x0000,0x3E80,-16000
60E1D400__vs__60E0FB00,0x6edd4,Air Charge - RPM X Charge Temperature Y Axis,0xC220,0x3F80,33440
60E1D400__vs__60E0FB00,0x6edf4,Air Charge - RPM X Charge Temperature,0xFFFF,0x44FA,47877
60E1D400__vs__60E0FB00,0x6ee54,Ignition Trailing B X Axis,0x3D80,0x5050,-4816
60E1D400__vs__60E0FB00,0x6eea4,Ignition Trailing B Y Axis,0x43FA,0x4646,-588
60E1D400__vs__60E0FB00,0x6eeec,Ignition Trailing B,0x4141,0x5A5A,-6425
60E1D400__vs__60E0FB00,0x6f054,Ignition Trailing A X Axis,0x3D80,0x001F,15713
60E1D400__vs__60E0FB00,0x6f0a4,Ignition Trailing A Y Axis,0x43FA,0x001C,17374
60E1D400__vs__60E0FB00,0x6f0ec,Ignition Trailing A,0x7E7E,0x001C,32354
60E1D400__vs__60E0FB00,0x6f254,Ignition Min Split X Axis,0x3D80,0x0000,15744
60E1D400__vs__60E0FB00,0x6f2a4,Ignition Min Split Y Axis,0x443B,0xC120,-31973
60E1D400__vs__60E0FB00,0x6f2ec,Ignition Min Split,0x5A5A,0xC0A0,-26182
60E1D400__vs__60E0FB00,0x6f454,Ignition 3 X Axis,0x0000,0x3FB3,-16307
60E1D400__vs__60E0FB00,0x6f4a0,Ignition 3 Y Axis,0x0000,0x408B,-16523
60E1D400__vs__60E0FB00,0x6f4cc,Ignition 3,0x001F,0x428C,-17005
60E1D400__vs__60E0FB00,0x6f75c,Ignition 4 Y Axis,0xC170,0x4177,32761
60E1D400__vs__60E0FB00,0x6f78c,Ignition 4,0x6464,0x428E,8662
60E1D400__vs__60E0FB00,0x6f798,Ignition 5 Y Axis,0x428C,0x42CF,-67
60E1D400__vs__60E0FB00,0x6f79c,Ignition 5,0x64FF,0x42E8,8727
60E1D400__vs__60E0FB00,0x6f7a0,Ignition 6 Y Axis,0xC170,0x4301,32367
60E1D400__vs__60E0FB00,0x6f7d0,Ignition 6,0x6464,0x43AD,8375
60E1D400__vs__60E0FB00,0x6f7dc,Ignition 7 Y Axis,0x428C,0x3F80,780
60E1D400__vs__60E0FB00,0x6f7e0,Ignition 7,0x64FF,0x3E1F,9952
60E1D400__vs__60E0FB00,0x6f7e4,Ignition 8 Y Axis,0xC170,0x0013,49501
60E1D400__vs__60E0FB00,0x6f7e8,Ignition 8,0x64FF,0x4020,9439
60E1D400__vs__60E0FB00,0x6f7ec,Ignition 9 Y Axis,0x428C,0x3F00,908
60E1D400__vs__60E0FB00,0x6f7f0,Ignition 9,0x64FF,0x3EB0,9807
60E1D400__vs__60E0FB00,0x6f7f4,Ignition 10 Y Axis,0xC170,0x0001,49519
60E1D400__vs__60E0FB00,0x6f7f8,Ignition 10,0x64FF,0x3F70,9615
60E1D400__vs__60E0FB00,0x6f7fc,Ignition 11 Y Axis,0x428C,0x0000,17036
60E1D400__vs__60E0FB00,0x6f800,Ignition 11,0x64FF,0x0000,25855
60E1D400__vs__60E0FB00,0x6f804,Ignition 12 Y Axis,0xC1F0,0x3F80,33392
60E1D400__vs__60E0FB00,0x6f808,Ignition 12,0x64FF,0x425C,8867
60E1D400__vs__60E0FB00,0x6f80c,Ignition 13 Y Axis,0xC1F0,0x425C,32660
60E1D400__vs__60E0FB00,0x6f810,Ignition 13,0x64FF,0x3F7D,9602
60E1D400__vs__60E0FB00,0x6f814,Ignition 14 X Axis,0xC170,0x3F81,33263
60E1D400__vs__60E0FB00,0x6f818,Ignition 14 Y Axis,0x0000,0x3C6F,-15471
60E1D400__vs__60E0FB00,0x6f81c,Ignition 14,0x64FF,0x43FA,8453
60E1D400__vs__60E0FB00,0x6f820,Ignition 15 X Axis,0x428C,0x447A,-494
60E1D400__vs__60E0FB00,0x6f824,Ignition 15 Y Axis,0x0000,0x44FA,-17658
60E1D400__vs__60E0FB00,0x6f828,Ignition 15,0x64FF,0x453B,8132
60E1D400__vs__60E0FB00,0x6f82c,Ignition 16 X Axis,0xC170,0x457A,31734
60E1D400__vs__60E0FB00,0x6f830,Ignition 16 Y Axis,0x0000,0x459C,-17820
60E1D400__vs__60E0FB00,0x6f834,Ignition 16,0x64FF,0x45BB,8004
60E1D400__vs__60E0FB00,0x6f838,Ignition 17 X Axis,0x428C,0x45FA,-878
60E1D400__vs__60E0FB00,0x6f83c,Ignition 17 Y Axis,0x0000,0x0000,0
60E1D400__vs__60E0FB00,0x6f840,Ignition 17,0x64FF,0x0000,25855
60E1D400__vs__60E0FB00,0x6f848,Off Throttle Fuel Cut - Fuel Resume - In Neutral Threshold7  Y Axis,0xC1A0,0x447A,32038
60E1D400__vs__60E0FB00,0x6f878,Off Throttle Fuel Cut - Fuel Resume - In Neutral Threshold7,0x909A,0x42C8,19922
60E1D400__vs__60E0FB00,0x6f8ec,CLT Sensor Scaling Y Axis,0x3E65,0x4023,-446
60E1D400__vs__60E0FB00,0x6f96c,CLT Sensor Scaling,0x430C,0x4023,745
60E1D400__vs__60E0FB00,0x6fa9c,Off Throttle Fuel Cut - Fuel Resume - In Neutral Threshold8  Y Axis,0xC1A0,0x3E7A,33574
60E1D400__vs__60E0FB00,0x6fab0,Off Throttle Fuel Cut - Fuel Resume - In Neutral Threshold8,0xFBFB,0x3E5A,48545
60E1D400__vs__60E0FB00,0x6fab8,Combustion Efficiency - Correction Constant 1 vs Coolant Temp Y Axis,0xC1A0,0x3F2F,33393
60E1D400__vs__60E0FB00,0x6facc,Combustion Efficiency - Correction Constant 1 vs Coolant Temp,0x40A0,0x400E,146
60E1D400__vs__60E0FB00,0x6fae0,Combustion Efficiency - Correction Constant 2 vs Coolant Temp Y Axis,0xC1A0,0x4071,33071
60E1D400__vs__60E0FB00,0x6faf4,Combustion Efficiency - Correction Constant 2 vs Coolant Temp,0x42C8,0x42BC,12
60E1D400__vs__60E0FB00,0x6fb18,MAF Scaling Y Axis,0x3F5C,0x4080,-292
60E1D400__vs__60E0FB00,0x6fbd8,MAF Scaling,0x3FF9,0x452F,-1334
60E1D400__vs__60E0FB00,0x6fcd8,Knock Margin - State Machine Threshold 1 vs RPM Y Axis,0x43FA,0x4060,922
60E1D400__vs__60E0FB00,0x6fcf8,Knock Margin - State Machine Threshold 1 vs RPM,0x0000,0x0000,0
60E1D400__vs__60E0FB00,0x6fd00,Knock Margin - State Machine Threshold 2 vs RPM Y Axis,0x43FA,0x4023,983
60E1D400__vs__60E0FB00,0x6fd20,Knock Margin - State Machine Threshold 2 vs RPM,0x0000,0x41F5,-16885
60E1D400__vs__60E0FB00,0x6fd28,Injector Barometric Pressure Compensation Y Axis,0x428C,0x42A3,-23
60E1D400__vs__60E0FB00,0x6fd38,Injector Barometric Pressure Compensation,0x3FB3,0xA497,-25828
60E1D400__vs__60E0FB00,0x6fd48,Lambda Sensor Scaling Y Axis,0xBFA6,0x0000,49062
60E1D400__vs__60E0FB00,0x6fd74,Lambda Sensor Scaling,0x3F42,0x7AFF,-15293
60E1D400__vs__60E0FB00,0x6fda0,Ignition - Load Based Spark 1 vs Load g/rev Y Axis,0x0000,0x4340,-17216
60E1D400__vs__60E0FB00,0x6fde0,Ignition - Load Based Spark 1 vs Load g/rev,0x3C1D,0x44C8,-2219
60E1D400__vs__60E0FB00,0x6fe20,Ignition - Load Based Spark 2 vs Load g/rev Y Axis,0x0000,0x4248,-16968
60E1D400__vs__60E0FB00,0x6fe60,Ignition - Load Based Spark 2 vs Load g/rev,0x3B90,0x41A0,-1552
60E1D400__vs__60E0FB00,0x6feb8,Off Throttle Fuel Cut - Fuel Resume - In Neutral Threshold9  Y Axis,0xC1A0,0x459C,31748
60E1D400__vs__60E0FB00,0x6fee4,Off Throttle Fuel Cut - Fuel Resume - In Neutral Threshold9,0x5974,0x4683,4849
60E1D400__vs__60E0FB00,0x6ffa8,IAT Sensor Scaling Y Axis,0x3E5A,0x3D75,229
60E1D400__vs__60E0FB00,0x6ffe8,IAT Sensor Scaling,0x42EE,0x3F30,958
60E1D400__vs__60E0FB00,0x7005c,MAF Filter Frequency Y Axis,0x0000,0x3F11,-16145
60E1D400__vs__60E0FB00,0x70084,MAF Filter Frequency,0x0E12,0x3C93,-11905
60E1D400__vs__60E0FB00,0x70090,IAT Filter Y Axis,0x0000,0x3CA3,-15523
60E1D400__vs__60E0FB00,0x700b0,IAT Filter,0x6464,0x3DCC,9880
60E1D400__vs__60E0FB00,0x700b8,CLT Filter Y Axis,0x43C8,0x3DF5,1491
60E1D400__vs__60E0FB00,0x700e0,CLT Filter,0xA0A0,0x3F30,24944
60E1D400__vs__60E0FB00,0x700ec,Load Signal Y Axis,0xC220,0x3F60,33472
60E1D400__vs__60E0FB00,0x70110,Load Signal,0x1860,0x3F78,-10008
60E1D400__vs__60E0FB00,0x701f0,Barometric Pressure Adjustment Y Axis,0x0000,0x4000,-16384
60E1D400__vs__60E0FB00,0x70230,Barometric Pressure Adjustment,0xA497,0x3F61,25910
60E1D400__vs__60E0FB00,0x70240,O2 Switch Y Axis,0x0000,0x3F2F,-16175
60E1D400__vs__60E0FB00,0x70264,O2 Switch,0x6060,0x3EC8,8600
60E1D400__vs__60E0FB00,0x70270,Fuel - Fuel Trim Learn - Coolant Temperature Threshold Y Axis,0x4248,0x3D4C,1276
60E1D400__vs__60E0FB00,0x7027c,Fuel - Fuel Trim Learn - Coolant Temperature Threshold,0x0000,0x3C23,-15395
60E1D400__vs__60E0FB00,0x70280,TPS Deadband Y Axis,0x0000,0x3CA3,-15523
60E1D400__vs__60E0FB00,0x702a4,TPS Deadband,0xA0A0,0x3DE1,25279
60E1D400__vs__60E0FB00,0x702b0,Ignition - Timing Angle Ramp 1 vs RPM Y Axis,0x4448,0x3E40,1544
60E1D400__vs__60E0FB00,0x702cc,Ignition - Timing Angle Ramp 1 vs RPM,0x0D1B,0x3F20,-12805
60E1D400__vs__60E0FB00,0x702d4,Ignition - Timing Angle Ramp 2 vs RPM Y Axis,0x4448,0x3F40,1288
60E1D400__vs__60E0FB00,0x702f0,Ignition - Timing Angle Ramp 2 vs RPM,0x0D1B,0x4080,-13157
60E1D400__vs__60E0FB00,0x702f8,(Unknown - init_control_values) Y Axis,0xC1F0,0x3F7D,33395
60E1D400__vs__60E0FB00,0x70334,(Unknown - init_control_values),0x0000,0x3F3B,-16187
60E1D400__vs__60E0FB00,0x70344,Ignition - Coolant Temp Correction vs Coolant Temp Y Axis,0xC1F0,0x3F11,33503
60E1D400__vs__60E0FB00,0x70380,Ignition - Coolant Temp Correction vs Coolant Temp,0x31B5,0x451C,-4967
60E1D400__vs__60E0FB00,0x703a0,Load Smoothing Y Axis,0x453B,0x3EA0,1691
60E1D400__vs__60E0FB00,0x703bc,Load Smoothing,0x2A30,0x6060,-13872
60E1D400__vs__60E0FB00,0x703cc,Transmission Load Control - Threshold 1 vs Throttle/Load Y Axis,0x0000,0x6060,-24672
60E1D400__vs__60E0FB00,0x703e4,Transmission Load Control - Threshold 1 vs Throttle/Load,0x0000,0x6060,-24672
60E1D400__vs__60E0FB00,0x703f0,Transmission Load Control - Threshold 2 vs Throttle/Load Y Axis,0x0000,0x43FA,-17402
60E1D400__vs__60E0FB00,0x70414,Transmission Load Control - Threshold 2 vs Throttle/Load,0x001F,0x459C,-17789
60E1D400__vs__60E0FB00,0x70428,Transmission Load Control - Threshold 3 vs Throttle/Load Y Axis,0x0000,0x428C,-17036
60E1D400__vs__60E0FB00,0x70468,Transmission Load Control - Threshold 3 vs Throttle/Load,0x0001,0x410F,-16654
60E1D400__vs__60E0FB00,0x70488,Fuel Feedback - Decay Curve 1 vs Load Fraction Y Axis,0x0000,0x44C8,-17608
60E1D400__vs__60E0FB00,0x70504,Fuel Feedback - Decay Curve 1 vs Load Fraction,0x3F80,0x04C3,15037
60E1D400__vs__60E0FB00,0x70580,Fuel Feedback - Decay Curve 2 vs Load Fraction Y Axis,0x0000,0x4223,-16931
60E1D400__vs__60E0FB00,0x705fc,Fuel Feedback - Decay Curve 2 vs Load Fraction,0x3F80,0x024F,15665
60E1D400__vs__60E0FB00,0x70678,Fuel Feedback - Decay Curve 3 vs Load Fraction Y Axis,0x0000,0x42A0,-17056
60E1D400__vs__60E0FB00,0x706f4,Fuel Feedback - Decay Curve 3 vs Load Fraction,0x3F80,0x27D8,6056
60E1D400__vs__60E0FB00,0x70770,Fuel Feedback - Decay Curve 4 (u8 copy) vs Load Fraction Y Axis,0x0000,0x3F00,-16128
60E1D400__vs__60E0FB00,0x707ec,Fuel Feedback - Decay Curve 4 (u8 copy) vs Load Fraction,0x3F80,0x2616,6506
60E1D400__vs__60E0FB00,0x70868,Fuel - Long Term Fuel Trim - Load Correction Matrix X Axis,0x43FA,0x2774,7302
60E1D400__vs__60E0FB00,0x70888,Fuel - Long Term Fuel Trim - Load Correction Matrix Y Axis,0x3D80,0x26C5,5819
60E1D400__vs__60E0FB00,0x708a8,Fuel - Long Term Fuel Trim - Load Correction Matrix,0x7A7A,0x26C5,21429
60E1D400__vs__60E0FB00,0x708e8,Closed Loop WOT Enrichment?? X Axis,0x43FA,0x44FA,-256
60E1D400__vs__60E0FB00,0x70918,Closed Loop WOT Enrichment?? Y Axis,0x425C,0x3E40,1052
60E1D400__vs__60E0FB00,0x70924,Closed Loop WOT Enrichment??,0x0000,0x3EC0,-16064
60E1D400__vs__60E0FB00,0x70948,Fuel Control (Map) X Axis,0x3FA3,0x3F70,51
60E1D400__vs__60E0FB00,0x7097c,Fuel Control (Map) Y Axis,0x4448,0x27A5,7331
60E1D400__vs__60E0FB00,0x70998,Fuel Control (Map),0x130B,0x2742,-5175
60E1D400__vs__60E0FB00,0x70a50,Fuel Control (Map) 2 X Axis,0x3FA3,0x2328,7291
60E1D400__vs__60E0FB00,0x70a84,Fuel Control (Map) 2 Y Axis,0x4448,0x26AC,7580
60E1D400__vs__60E0FB00,0x70aa0,Fuel Control (Map) 2,0x0133,0x26AC,-9593
60E1D400__vs__60E0FB00,0x70b58,Transmission Load Control (Map) X Axis,0x41A0,0x2710,6800
60E1D400__vs__60E0FB00,0x70b78,Transmission Load Control (Map) Y Axis,0x3DCC,0x26D4,5880
60E1D400__vs__60E0FB00,0x70b9c,Transmission Load Control (Map),0x2710,0x2710,0
60E1D400__vs__60E0FB00,0x70c2c,Transmission Load Control (Map) 2 X Axis,0x41A0,0x2710,6800
60E1D400__vs__60E0FB00,0x70c4c,Transmission Load Control (Map) 2 Y Axis,0x3DCC,0x2727,5797
60E1D400__vs__60E0FB00,0x70d00,Transmission Load Control (Map) 3 X Axis,0x41A0,0x457A,-986
60E1D400__vs__60E0FB00,0x70d20,Transmission Load Control (Map) 3 Y Axis,0x3E05,0x27D8,5677
60E1D400__vs__60E0FB00,0x70d44,Transmission Load Control (Map) 3,0x28F0,0x27D8,280
60E1D400__vs__60E0FB00,0x70dd4,Fuel Enrichment Control (Map) X Axis,0x43FA,0x40CC,814
60E1D400__vs__60E0FB00,0x70e04,Fuel Enrichment Control (Map) Y Axis,0x3DCC,0x4548,-1916
60E1D400__vs__60E0FB00,0x70e44,Fuel Enrichment Control (Map),0x2328,0x2774,-1100
60E1D400__vs__60E0FB00,0x70fc4,Fuel Enrichment Control (Map) 2 X Axis,0x43FA,0x0000,17402
60E1D400__vs__60E0FB00,0x70ff4,Fuel Enrichment Control (Map) 2 Y Axis,0x3DCC,0x0000,15820
60E1D400__vs__60E0FB00,0x71034,Fuel Enrichment Control (Map) 2,0x2328,0x3C75,-6477
60E1D400__vs__60E0FB00,0x711b4,Vtec Timing Control (Map) X Axis,0x3FA3,0x4120,-381
60E1D400__vs__60E0FB00,0x711e8,Vtec Timing Control (Map) Y Axis,0x4448,0x41A0,680
60E1D400__vs__60E0FB00,0x71204,Vtec Timing Control (Map),0x27D8,0x19FF,3545
60E1D400__vs__60E0FB00,0x712bc,Vtec Timing Control (Map) 2 X Axis,0x3FA3,0x428C,-745
60E1D400__vs__60E0FB00,0x712f0,Vtec Timing Control (Map) 2 Y Axis,0x4448,0x4270,472
60E1D400__vs__60E0FB00,0x7130c,Vtec Timing Control (Map) 2,0x27D8,0x0032,10150
60E1D400__vs__60E0FB00,0x713c4,Transmission Load Control (Map) 4 X Axis,0x0000,0xBCA3,-48291
60E1D400__vs__60E0FB00,0x713ec,Transmission Load Control (Map) 4 Y Axis,0xC220,0x469C,31620
60E1D400__vs__60E0FB00,0x71408,Transmission Load Control (Map) 4,0x0000,0x481C,-18460
60E1D400__vs__60E0FB00,0x7158c,(Unknown - wankel_rotary_control) Y Axis,0x0000,0x447A,-17530
60E1D400__vs__60E0FB00,0x715bc,(Unknown - wankel_rotary_control),0x3333,0x3EB3,-2944
60E1D400__vs__60E0FB00,0x715c8,(Unknown - wankel_rotary_control) 2 Y Axis,0x0000,0x3F4C,-16204
60E1D400__vs__60E0FB00,0x715f8,(Unknown - wankel_rotary_control) 2,0x3333,0x3F00,-3021
60E1D400__vs__60E0FB00,0x71604,(Unknown - wankel_rotary_control) 3 Y Axis,0x0000,0x3F4C,-16204
60E1D400__vs__60E0FB00,0x71634,(Unknown - wankel_rotary_control) 3,0x0A0A,0x4516,-15116
60E1D400__vs__60E0FB00,0x71640,Secondary Fuel (Map) Y Axis,0x0000,0x4561,-17761
60E1D400__vs__60E0FB00,0x71664,Secondary Fuel (Map),0x0000,0x3D00,-15616
60E1D400__vs__60E0FB00,0x71670,Secondary Fuel (Map) 2 Y Axis,0x0000,0x3E00,-15872
60E1D400__vs__60E0FB00,0x71694,Secondary Fuel (Map) 2,0x0000,0x3E00,-15872
60E1D400__vs__60E0FB00,0x716a0,Secondary Fuel (Map) 3 Y Axis,0x0000,0x0C35,-3125
60E1D400__vs__60E0FB00,0x716c4,Secondary Fuel (Map) 3,0x1E1E,0x3D4C,-7982
60E1D400__vs__60E0FB00,0x716d0,Secondary Fuel (Map) 4 Y Axis,0x0000,0x3C23,-15395
60E1D400__vs__60E0FB00,0x716f4,Secondary Fuel (Map) 4,0x1E1E,0x3BA3,-7557
60E1D400__vs__60E0FB00,0x71700,Obd Validation Check (Map) Y Axis,0x0000,0x45BB,-17851
60E1D400__vs__60E0FB00,0x71724,Obd Validation Check (Map),0x1919,0x461C,-11523
60E1D400__vs__60E0FB00,0x71730,Obd Validation Check (Map) 2 Y Axis,0x0000,0x45AB,-17835
60E1D400__vs__60E0FB00,0x71754,Obd Validation Check (Map) 2,0x1919,0x3D23,-9226
60E1D400__vs__60E0FB00,0x71760,Fuel Trim - Update Step vs Throttle Position Y Axis,0x41A0,0x4040,352
60E1D400__vs__60E0FB00,0x71784,Fuel Trim - Update Step vs Throttle Position,0x927C,0x447A,19970
60E1D400__vs__60E0FB00,0x71798,Lambda Integration Time Constant Y Axis,0x0000,0xC220,-49696
60E1D400__vs__60E0FB00,0x717bc,Lambda Integration Time Constant,0x03E8,0x4220,-15928
60E1D400__vs__60E0FB00,0x717d0,Lambda Parameter Y Axis,0x0000,0x41A0,-16800
60E1D400__vs__60E0FB00,0x717f4,Lambda Parameter,0x03E8,0x80FF,-32023
60E1D400__vs__60E0FB00,0x71808,Ignition Timing Output (Map) Y Axis,0x0000,0x447A,-17530
60E1D400__vs__60E0FB00,0x71828,Ignition Timing Output (Map),0x05DC,0x45AB,-16335
60E1D400__vs__60E0FB00,0x71838,Ignition Timing Output (Map) 2 Y Axis,0x0000,0x45DA,-17882
60E1D400__vs__60E0FB00,0x71868,Ignition Timing Output (Map) 2,0x0000,0x44BB,-17595
60E1D400__vs__60E0FB00,0x71880,Rotary - Position Correction 1 vs Rotor Position Y Axis,0x0000,0x4584,-17796
60E1D400__vs__60E0FB00,0x718b0,Rotary - Position Correction 1 vs Rotor Position,0xBCA3,0x0000,48291
60E1D400__vs__60E0FB00,0x718e0,Rotary - Position Correction 2 vs Rotor Position Y Axis,0x0000,0x459C,-17820
60E1D400__vs__60E0FB00,0x71910,Rotary - Position Correction 2 vs Rotor Position,0x3C23,0x0000,15395
60E1D400__vs__60E0FB00,0x71940,Rotary - Position Correction 3 vs Rotor Position Y Axis,0x0000,0x45BB,-17851
60E1D400__vs__60E0FB00,0x71970,Rotary - Position Correction 3 vs Rotor Position,0xBCA3,0x457A,30505
60E1D400__vs__60E0FB00,0x71a50,Sensor Validation Monitor (Map) Y Axis,0x43FA,0x45FA,-512
60E1D400__vs__60E0FB00,0x71a78,Sensor Validation Monitor (Map),0x1717,0x43FA,-11491
60E1D400__vs__60E0FB00,0x71a84,Sensor Validation - Threshold vs RPM Y Axis,0x447A,0x44FA,-128
60E1D400__vs__60E0FB00,0x71a98,Sensor Validation - Threshold vs RPM,0x005E,0x458C,-17710
60E1D400__vs__60E0FB00,0x71aa4,Sensor Validation Monitor (Map) 2 Y Axis,0x3DCC,0x45BB,-2031
60E1D400__vs__60E0FB00,0x71acc,Sensor Validation Monitor (Map) 2,0x02BC,0xBCBC,-47616
60E1D400__vs__60E0FB00,0x71ae0,Sensor Validation Monitor (Map) 3 Y Axis,0x3DCC,0x455A,-1934
60E1D400__vs__60E0FB00,0x71b08,Sensor Validation Monitor (Map) 3,0x0FA0,0x44BB,-13595
60E1D400__vs__60E0FB00,0x71b1c,Adaptive Control - Constant vs RPM Y Axis,0x4448,0x457A,-306
60E1D400__vs__60E0FB00,0x71b44,Adaptive Control - Constant vs RPM,0x009C,0x0000,156
60E1D400__vs__60E0FB00,0x71b58,Combustion Control - Constant vs Load Fraction Y Axis,0x0000,0x44FA,-17658
60E1D400__vs__60E0FB00,0x71b70,Combustion Control - Constant vs Load Fraction,0x0138,0x459B,-17507
60E1D400__vs__60E0FB00,0x71b7c,Engine Load Control - Threshold vs Load Fraction Y Axis,0x0000,0x45BB,-17851
60E1D400__vs__60E0FB00,0x71b94,Engine Load Control - Threshold vs Load Fraction,0x061A,0x0000,1562
60E1D400__vs__60E0FB00,0x71cac,Fuelling - Safe Mode Y Axis,0x4220,0x0010,16912
60E1D400__vs__60E0FB00,0x71cd0,Fuelling - Safe Mode,0x8080,0x457A,15110
60E1D400__vs__60E0FB00,0x71cdc,Fuelling 0 Y Axis,0x4220,0x45AB,-907
60E1D400__vs__60E0FB00,0x71ce0,Fuelling 0,0x80FF,0x41A0,16223
60E1D400__vs__60E0FB00,0x71ce4,Fuelling 1 Y Axis,0xC220,0x41F0,32816
60E1D400__vs__60E0FB00,0x71d00,Fuelling 1,0x8080,0x0000,32896
60E1D400__vs__60E0FB00,0x71d08,Fuelling 2 - Safe Mode Y Axis,0x4220,0x0000,16928
60E1D400__vs__60E0FB00,0x71d2c,Fuelling 2 - Safe Mode,0x8080,0x0000,32896
60E1D400__vs__60E0FB00,0x71d38,Fuelling 3 Y Axis,0x4220,0x0000,16928
60E1D400__vs__60E0FB00,0x71d5c,Fuelling 3,0x8080,0x0000,32896
60E1D400__vs__60E0FB00,0x71d68,Fuelling 4 Y Axis,0xC220,0x3E00,33824
60E1D400__vs__60E0FB00,0x71d84,Fuelling 4,0x8080,0x3F10,16752
60E1D400__vs__60E0FB00,0x71d8c,Fuelling 5 Y Axis,0x43FA,0x3F30,1226
60E1D400__vs__60E0FB00,0x71dd4,Fuelling 5,0xA5A5,0x457A,24619
60E1D400__vs__60E0FB00,0x71de8,Fuelling 6 Y Axis,0x43FA,0x45CB,-465
60E1D400__vs__60E0FB00,0x71e30,Fuelling 6,0xA5A5,0x0000,42405
60E1D400__vs__60E0FB00,0x71e44,Fuelling 7 Y Axis,0x43FA,0x0000,17402
60E1D400__vs__60E0FB00,0x71e8c,Fuelling 7,0xA5A5,0x2F2F,30326
60E1D400__vs__60E0FB00,0x71ea0,Closed Loop Fuelling Threshold (Unknown A) Y Axis,0x443B,0x3539,3842
60E1D400__vs__60E0FB00,0x71ed0,Closed Loop Fuelling Threshold (Unknown A),0x545A,0x5555,-251
60E1D400__vs__60E0FB00,0x71edc,Closed Loop Fuelling Threshold (Throttle Position)  Y Axis,0x43FA,0x2329,8401
60E1D400__vs__60E0FB00,0x71f28,Closed Loop Fuelling Threshold (Throttle Position),0x7878,0x3838,16448
60E1D400__vs__60E0FB00,0x71f3c,Rotary Combustion Efficiency (Map) Y Axis,0x43FA,0x3D3D,1725
60E1D400__vs__60E0FB00,0x71f84,Rotary Combustion Efficiency (Map),0xF064,0x181C,55368
60E1D400__vs__60E0FB00,0x71f98,Sensors - MAF - Rotary Chamber Scalar Y Axis,0x43FA,0x00FF,17147
60E1D400__vs__60E0FB00,0x71f9c,Sensors - MAF - Rotary Chamber Scalar,0xFAFF,0x0000,64255
60E1D400__vs__60E0FB00,0x71fa0,Wankel Chamber Pressure Analysis (Map) Y Axis,0x43FA,0x43FA,0
60E1D400__vs__60E0FB00,0x71fe8,Wankel Chamber Pressure Analysis (Map),0xDCDC,0x4270,39532
60E1D400__vs__60E0FB00,0x71ffc,Fuel - Fuel Control - State Scalar Y Axis,0x43FA,0x0000,17402
60E1D400__vs__60E0FB00,0x72000,Fuel - Fuel Control - State Scalar,0xFAFF,0x0000,64255
60E1D400__vs__60E0FB00,0x72004,Wankel Chamber Pressure Analysis (Map) 2 Y Axis,0x43FA,0x0000,17402
60E1D400__vs__60E0FB00,0x7204c,Wankel Chamber Pressure Analysis (Map) 2,0xDCDC,0x0505,55255
60E1D400__vs__60E0FB00,0x72060,Sensors - Wankel - Chamber Pressure Scalar Y Axis,0x43FA,0x3E00,1530
60E1D400__vs__60E0FB00,0x72064,Sensors - Wankel - Chamber Pressure Scalar,0xFAFF,0x3E40,48319
60E1D400__vs__60E0FB00,0x72068,Fuelling 8 Y Axis,0x453B,0x3E80,1723
60E1D400__vs__60E0FB00,0x72084,Fuelling 8,0x1A1A,0x3F30,-9494
60E1D400__vs__60E0FB00,0x7208c,Closed/Open Loop - Threshold 1 vs RPM Y Axis,0x443B,0x3F50,1259
60E1D400__vs__60E0FB00,0x720bc,Closed/Open Loop - Threshold 1 vs RPM,0x0000,0x44FA,-17658
60E1D400__vs__60E0FB00,0x720d4,Closed/Open Loop - Scalar Threshold Y Axis,0x443B,0x459C,-353
60E1D400__vs__60E0FB00,0x720d8,Closed/Open Loop - Scalar Threshold,0x009C,0x45AB,-17679
60E1D400__vs__60E0FB00,0x720dc,Closed/Open Loop - Threshold 2 vs RPM Y Axis,0x443B,0x45BB,-384
60E1D400__vs__60E0FB00,0x7210c,Closed/Open Loop - Threshold 2 vs RPM,0x0000,0x1100,-4352
60E1D400__vs__60E0FB00,0x72124,Closed/Open Loop - Threshold 3 vs RPM Y Axis,0x443B,0x0000,17467
60E1D400__vs__60E0FB00,0x7216c,Knock Detection - Threshold 1 vs Coolant Temp Y Axis,0xC220,0x1313,44813
60E1D400__vs__60E0FB00,0x72188,Knock Detection - Threshold 1 vs Coolant Temp,0x007D,0x1B1B,-6814
60E1D400__vs__60E0FB00,0x72198,Knock Detection - Threshold 2 vs Coolant Temp Y Axis,0xC220,0x2125,41211
60E1D400__vs__60E0FB00,0x721b4,Knock Detection - Threshold 2 vs Coolant Temp,0x007D,0x3F03,-16006
60E1D400__vs__60E0FB00,0x721c4,Knock - Apex Seal Threshold vs RPM Y Axis,0x455A,0x4141,1049
60E1D400__vs__60E0FB00,0x721d8,Knock - Apex Seal Threshold vs RPM,0x002C,0x3B43,-15127
60E1D400__vs__60E0FB00,0x721e4,Closed/Open Loop - Threshold 4 vs RPM Y Axis,0x453B,0x1117,13348
60E1D400__vs__60E0FB00,0x72200,Closed/Open Loop - Threshold 4 vs RPM,0x0010,0x2631,-9761
60E1D400__vs__60E0FB00,0x72210,Closed/Open Loop - Threshold 5 vs RPM Y Axis,0x453B,0x171B,11808
60E1D400__vs__60E0FB00,0x7222c,Closed/Open Loop - Threshold 5 vs RPM,0x0010,0x3F43,-16179
60E1D400__vs__60E0FB00,0x7223c,Fuelling 9 - Safe Mode X Axis,0x43FA,0x2031,9161
60E1D400__vs__60E0FB00,0x7226c,Fuelling 9 - Safe Mode Y Axis,0x41A0,0x4848,-1704
60E1D400__vs__60E0FB00,0x7228c,Fuelling 9 - Safe Mode,0x0000,0x443B,-17467
60E1D400__vs__60E0FB00,0x72340,Fuelling 10 - Safe Mode Y Axis,0x43FA,0x3E00,1530
60E1D400__vs__60E0FB00,0x7238c,Fuelling 10 - Safe Mode,0x0000,0x43FA,-17402
60E1D400__vs__60E0FB00,0x7251c,Fuelling 11 X Axis,0x43FA,0x2031,9161
60E1D400__vs__60E0FB00,0x72520,Fuelling 11 Y Axis,0x41A0,0x4643,-1187
60E1D400__vs__60E0FB00,0x72524,Fuelling 11,0x00FF,0x4949,-18506
60E1D400__vs__60E0FB00,0x72528,Fuelling 12 X Axis,0x0000,0x3C3C,-15420
60E1D400__vs__60E0FB00,0x7252c,Fuelling 12 Y Axis,0x43FA,0x3C34,1990
60E1D400__vs__60E0FB00,0x72530,Fuelling 12,0x00FF,0x1F24,-7717
60E1D400__vs__60E0FB00,0x72534,Fuelling 13 - Safe Mode X Axis,0x43FA,0x3235,4549
60E1D400__vs__60E0FB00,0x72564,Fuelling 13 - Safe Mode Y Axis,0x41A0,0x4848,-1704
60E1D400__vs__60E0FB00,0x72584,Fuelling 13 - Safe Mode,0x0000,0x3E80,-16000
60E1D400__vs__60E0FB00,0x725e4,Fuelling 14 - Safe mode X Axis,0x0000,0x0001,-1
60E1D400__vs__60E0FB00,0x72638,Fuelling 14 - Safe mode Y Axis,0x43FA,0x4220,474
60E1D400__vs__60E0FB00,0x72684,Fuelling 14 - Safe mode,0x0000,0x4120,-16672
60E1D400__vs__60E0FB00,0x72814,Fuelling 15 X Axis,0x43FA,0x4110,746
60E1D400__vs__60E0FB00,0x72844,Fuelling 15 Y Axis,0x41A0,0x8C8C,-19180
60E1D400__vs__60E0FB00,0x72864,Fuelling 15,0x0000,0x4000,-16384
60E1D400__vs__60E0FB00,0x728c4,Fuelling 16 X Axis,0x0000,0x6464,-25700
60E1D400__vs__60E0FB00,0x72918,Fuelling 16 Y Axis,0x43FA,0x423B,447
60E1D400__vs__60E0FB00,0x72964,Fuelling 16,0x0000,0x0000,0
60E1D400__vs__60E0FB00,0x72b38,Ignition - Adaptive Step vs RPM Y Axis,0x4448,0x6B85,-10045
60E1D400__vs__60E0FB00,0x72b64,Ignition - Adaptive Step vs RPM,0x0008,0x6B85,-27517
60E1D400__vs__60E0FB00,0x72bfc,Temp Correction A Y Axis,0x0000,0x1810,-6160
60E1D400__vs__60E0FB00,0x72c20,Temp Correction A,0x1010,0x0DFA,534
60E1D400__vs__60E0FB00,0x72c2c,Temp Correction B Y Axis,0x0000,0x15B9,-5561
60E1D400__vs__60E0FB00,0x72c50,Temp Correction B,0x1010,0x0D64,684
60E1D400__vs__60E0FB00,0x72c88,Ignition Leading - Idle Error Timing Correction - Unknown Bool False Y Axis,0xC2C8,0x1190,45368
60E1D400__vs__60E0FB00,0x72cac,Ignition Leading - Idle Error Timing Correction - Unknown Bool False,0x9C94,0x6B85,12559
60E1D400__vs__60E0FB00,0x72cb8,Ignition Leading - Idle Error Timing Correction - Unknown Bool True Y Axis,0xC2C8,0x10BB,45581
60E1D400__vs__60E0FB00,0x72cdc,Ignition Leading - Idle Error Timing Correction - Unknown Bool True,0x9C94,0x6B85,12559
60E1D400__vs__60E0FB00,0x72ce8,Ignition Trailing - Idle Error Timing Correction - Unknown Bool False Y Axis,0xC2C8,0x0F5C,45932
60E1D400__vs__60E0FB00,0x72d0c,Ignition Trailing - Idle Error Timing Correction - Unknown Bool False,0x9C94,0x6B85,12559
60E1D400__vs__60E0FB00,0x72d18,Ignition Trailing - Idle Error Timing Correction - Unknown Bool True Y Axis,0xC2C8,0x0D8E,46394
60E1D400__vs__60E0FB00,0x72d3c,Ignition Trailing - Idle Error Timing Correction - Unknown Bool True,0x9C94,0x350B,26505
60E1D400__vs__60E0FB00,0x72d78,WOT Enrichment Threshold Y Axis,0x0000,0x6B85,-27525
60E1D400__vs__60E0FB00,0x72dd0,WOT Enrichment Threshold,0x8C8C,0x2BAC,24800
60E1D400__vs__60E0FB00,0x72de8,Cold Start Enrichment Threshold Y Axis,0x0000,0x1454,-5204
60E1D400__vs__60E0FB00,0x72e40,Cold Start Enrichment Threshold,0x8C8C,0x6B85,8455
60E1D400__vs__60E0FB00,0x72e60,Ignition Leading/Trailing - Intake Air Temperature Compensation - On Throttle Y Axis,0x41A0,0x251B,7301
60E1D400__vs__60E0FB00,0x72e84,Ignition Leading/Trailing - Intake Air Temperature Compensation - On Throttle,0x5050,0x186C,14308
60E1D400__vs__60E0FB00,0x72e90,Warm-up Enrichment B Y Axis,0x41A0,0x21A3,8189
60E1D400__vs__60E0FB00,0x72eb4,Warm-up Enrichment B,0x5050,0x6B85,-6965
60E1D400__vs__60E0FB00,0x72ec0,Dual Channel Fuel Computation (Map) Y Axis,0x0000,0x4110,-16656
60E1D400__vs__60E0FB00,0x72edc,Dual Channel Fuel Computation (Map),0x0000,0x4240,-16960
60E1D400__vs__60E0FB00,0x72eec,Dual Channel Fuel Computation (Map) 2 Y Axis,0x0000,0x42A8,-17064
60E1D400__vs__60E0FB00,0x72f08,Dual Channel Fuel Computation (Map) 2,0x0000,0x451C,-17692
60E1D400__vs__60E0FB00,0x72f18,Dual Channel Fuel Computation (Map) 3 Y Axis,0x0000,0x458C,-17804
60E1D400__vs__60E0FB00,0x72f34,Dual Channel Fuel Computation (Map) 3,0x0000,0x45FA,-17914
60E1D400__vs__60E0FB00,0x72f4c,Secondary Fuel Trimmer (Map) Y Axis,0x0000,0x8000,-32768
60E1D400__vs__60E0FB00,0x72f64,Secondary Fuel Trimmer (Map),0x0672,0xA18D,-39707
60E1D400__vs__60E0FB00,0x72f7c,DSC Mode C - Max Throttle Plate Opening Allowed Y Axis,0x0000,0xAF26,-44838
60E1D400__vs__60E0FB00,0x72fc8,DSC Mode C - Max Throttle Plate Opening Allowed,0x1313,0xC7CD,-46266
60E1D400__vs__60E0FB00,0x72fdc,Torque To Accel Position X Axis,0x0000,0xCBB3,-52147
60E1D400__vs__60E0FB00,0x73044,Torque To Accel Position Y Axis,0x43FA,0xA4E6,-24812
60E1D400__vs__60E0FB00,0x73090,Torque To Accel Position,0x0021,0x6840,-26655
60E1D400__vs__60E0FB00,0x7346c,Throttle Position To Torque X Axis,0x0000,0x0100,-256
60E1D400__vs__60E0FB00,0x734a4,Throttle Position To Torque Y Axis,0x0000,0x00AD,-173
60E1D400__vs__60E0FB00,0x734f4,Throttle Position To Torque,0x8000,0x0100,32512
60E1D400__vs__60E0FB00,0x73768,Idle Speed Control Task (Map) Y Axis,0x428C,0x4248,68
60E1D400__vs__60E0FB00,0x73778,Idle Speed Control Task (Map),0x0002,0x459C,-17818
60E1D400__vs__60E0FB00,0x7377c,Idle Speed Control Task (Map) 2 Y Axis,0x0000,0x461C,-17948
60E1D400__vs__60E0FB00,0x737bc,Idle Speed Control Task (Map) 2,0x0000,0x1414,-5140
60E1D400__vs__60E0FB00,0x737dc,Idle Speed Control Task (Map) 3 X Axis,0x41F0,0x8632,-17474
60E1D400__vs__60E0FB00,0x737f8,Idle Speed Control Task (Map) 3 Y Axis,0x428C,0xC8C8,-34364
60E1D400__vs__60E0FB00,0x73808,Idle Speed Control Task (Map) 3,0x0000,0x86FF,-34559
60E1D400__vs__60E0FB00,0x73824,Idle Speed Control Task (Map) 4 X Axis,0x41A0,0x3E4C,852
60E1D400__vs__60E0FB00,0x73848,Idle Speed Control Task (Map) 4 Y Axis,0x4416,0xB4B4,-28830
60E1D400__vs__60E0FB00,0x7386c,Idle Speed Control Task (Map) 4,0x0022,0x4270,-16974
60E1D400__vs__60E0FB00,0x738c0,(Unknown - fault_gated_float_out) X Axis,0x0000,0x0000,0
60E1D400__vs__60E0FB00,0x73900,(Unknown - fault_gated_float_out) Y Axis,0x0000,0x3E80,-16000
60E1D400__vs__60E0FB00,0x7393c,(Unknown - fault_gated_float_out),0x000F,0x8080,-32881
60E1D400__vs__60E0FB00,0x73b1c,(Unknown - float_map_3pt_calc) Y Axis,0x4030,0x0021,16399
60E1D400__vs__60E0FB00,0x73b70,(Unknown - float_map_3pt_calc),0x0005,0x0021,-28
60E1D400__vs__60E0FB00,0x73b88,(Unknown - float_map_3pt_calc) 2 Y Axis,0xC1F0,0x0979,47223
60E1D400__vs__60E0FB00,0x73bbc,(Unknown - float_map_3pt_calc) 2,0x6464,0x0E98,21964
60E1D400__vs__60E0FB00,0x73bcc,(Unknown - float_map_3pt_calc) 3 Y Axis,0xC1F0,0x11AA,45126
60E1D400__vs__60E0FB00,0x73c00,(Unknown - float_map_3pt_calc) 3,0x2D28,0x17AE,5498
60E1D400__vs__60E0FB00,0x73c24,Throttle - Pedal Position - Sensor Mode A Y Axis,0xC1A0,0x1CCD,42195
60E1D400__vs__60E0FB00,0x73c50,Throttle - Pedal Position - Sensor Mode A,0xC8C8,0x228F,42553
60E1D400__vs__60E0FB00,0x73c5c,Throttle - Pedal Position - Sensor Mode B Y Axis,0xC1A0,0x228F,40721
60E1D400__vs__60E0FB00,0x73c88,Throttle - Pedal Position - Sensor Mode B,0xC8C8,0x28F6,40914
60E1D400__vs__60E0FB00,0x73c94,Throttle - Pedal Position - Sensor Mode C Y Axis,0xC1A0,0x0021,49535
60E1D400__vs__60E0FB00,0x73cc0,Throttle - Pedal Position - Sensor Mode C,0xB4B4,0x0021,46227
60E1D400__vs__60E0FB00,0x73ccc,AFR Check - Threshold vs Coolant Temp Y Axis,0xC220,0x3C29,34295
60E1D400__vs__60E0FB00,0x73ce8,AFR Check - Threshold vs Coolant Temp,0x00A6,0x0021,133
60E1D400__vs__60E0FB00,0x73cf8,Air Fuel Ratio Check (Map) Y Axis,0x447A,0x47AE,-820
60E1D400__vs__60E0FB00,0x73d28,Air Fuel Ratio Check (Map),0x2710,0x5333,-11299
60E1D400__vs__60E0FB00,0x73d40,Throttle - Pedal Position - Load/RPM Correction Matrix X Axis,0x3E4C,0x6062,-8726
60E1D400__vs__60E0FB00,0x73d54,Throttle - Pedal Position - Load/RPM Correction Matrix Y Axis,0x447A,0x6062,-7144
60E1D400__vs__60E0FB00,0x73d64,Throttle - Pedal Position - Load/RPM Correction Matrix,0xB4B4,0x6062,21586
60E1D400__vs__60E0FB00,0x73da0,Acceleration Fuel Enrichment - Cold Y Axis,0x41A0,0x447A,-730
60E1D400__vs__60E0FB00,0x73db4,Acceleration Fuel Enrichment - Cold,0x64C8,0x455A,8046
60E1D400__vs__60E0FB00,0x73dbc,Acceleration Fuel Enrichment - Warm Y Axis,0x4100,0x458C,-1164
60E1D400__vs__60E0FB00,0x73dd0,Acceleration Fuel Enrichment - Warm,0x8080,0x45DA,15014
60E1D400__vs__60E0FB00,0x73dd8,Acceleration Fuel Enrichment - Hot Y Axis,0x0000,0x45FA,-17914
60E1D400__vs__60E0FB00,0x73dec,Acceleration Fuel Enrichment - Hot,0x000A,0x40A0,-16534
60E1D400__vs__60E0FB00,0x73df4,Engine Load Calculation (Map) X Axis,0x0000,0x4120,-16672
60E1D400__vs__60E0FB00,0x73e20,Engine Load Calculation (Map) Y Axis,0xC120,0x42A0,32384
60E1D400__vs__60E0FB00,0x73e3c,Engine Load Calculation (Map),0x1414,0x0021,5107
60E1D400__vs__60E0FB00,0x73e8c,Engine Load Calculation (Map) 2 X Axis,0x447A,0x0106,17268
60E1D400__vs__60E0FB00,0x73ea4,Engine Load Calculation (Map) 2 Y Axis,0x3E4C,0x0106,15686
60E1D400__vs__60E0FB00,0x73ebc,Engine Load Calculation (Map) 2,0xB4B4,0x02B0,45572
60E1D400__vs__60E0FB00,0x73ee0,Knock Sensor Filter (Map) X Axis,0x0000,0x04FE,-1278
60E1D400__vs__60E0FB00,0x73ef8,Knock Sensor Filter (Map) Y Axis,0xC220,0x04FE,48418
60E1D400__vs__60E0FB00,0x73f14,Knock Sensor Filter (Map),0x0000,0x09DB,-2523
60E1D400__vs__60E0FB00,0x73f6c,Maximum Throttle Angle,0x42A8,0x15A2,11526
60E1D400__vs__60E0FB00,0x73f98,Throttle Pedal Percent Decreasing Filter Factor Y Axis,0x443B,0x1B02,10553
60E1D400__vs__60E0FB00,0x73fb8,Throttle Pedal Percent Decreasing Filter Factor,0x2020,0x2148,-296
60E1D400__vs__60E0FB00,0x73fc0,Ign Timing Limit Check (Map) Y Axis,0x443B,0x2148,8947
60E1D400__vs__60E0FB00,0x73fe0,Ign Timing Limit Check (Map),0x2020,0x27AE,-1934
60E1D400__vs__60E0FB00,0x73fe8,Ign Timing Limit Check (Map) 2 Y Axis,0x443B,0x27AE,7309
60E1D400__vs__60E0FB00,0x74008,Ign Timing Limit Check (Map) 2,0x2020,0x2DD3,-3507
60E1D400__vs__60E0FB00,0x74010,Ign Timing Limit Check (Map) 3 Y Axis,0x443B,0x2DD3,5736
60E1D400__vs__60E0FB00,0x74030,Ign Timing Limit Check (Map) 3,0x2020,0x33D7,-5047
60E1D400__vs__60E0FB00,0x74038,Ign Timing Limit Check (Map) 4 Y Axis,0xC220,0x33D7,36425
60E1D400__vs__60E0FB00,0x74054,Ign Timing Limit Check (Map) 4,0x0000,0x3EFA,-16122
60E1D400__vs__60E0FB00,0x7405c,Ign Timing Limit Check (Map) 5 Y Axis,0xC220,0x3EFA,33574
60E1D400__vs__60E0FB00,0x74078,Ign Timing Limit Check (Map) 5,0x0000,0x0021,-33
60E1D400__vs__60E0FB00,0x74080,Ign Timing Limit Check (Map) 6 Y Axis,0x443B,0x4A1D,-1506
60E1D400__vs__60E0FB00,0x740ac,Ign Timing Limit Check (Map) 6,0x0A0A,0x553F,-19253
60E1D400__vs__60E0FB00,0x740b8,Ign Timing Limit Check (Map) 7 Y Axis,0x443B,0x553F,-4356
60E1D400__vs__60E0FB00,0x740e4,Ign Timing Limit Check (Map) 7,0x0606,0x6062,-23132
60E1D400__vs__60E0FB00,0x740f0,Fuel Pressure Control (Map) Y Axis,0x443B,0x6062,-7207
60E1D400__vs__60E0FB00,0x74110,Fuel Pressure Control (Map),0x0404,0x6B85,-26497
60E1D400__vs__60E0FB00,0x74118,Fuel Pressure Control (Map) 2 Y Axis,0x443B,0x6B85,-10058
60E1D400__vs__60E0FB00,0x74138,Fuel Pressure Control (Map) 2,0x0404,0x44FA,-16630
60E1D400__vs__60E0FB00,0x74140,Fuel Pressure Control (Map) 3 Y Axis,0x443B,0x453B,-256
60E1D400__vs__60E0FB00,0x74160,Fuel Pressure Control (Map) 3,0x0404,0x45DA,-16854
60E1D400__vs__60E0FB00,0x74168,Fuel Pressure Control (Map) 4 Y Axis,0x443B,0x45FA,-447
60E1D400__vs__60E0FB00,0x74188,Fuel Pressure Control (Map) 4,0x0404,0x4170,-15724
60E1D400__vs__60E0FB00,0x74190,Fuel Pressure Control (Map) 5 Y Axis,0xC220,0x41C8,32856
60E1D400__vs__60E0FB00,0x741ac,Fuel Pressure Control (Map) 5,0x0000,0x428C,-17036
60E1D400__vs__60E0FB00,0x741b4,Accel Pedal to Throttle Position #1 X Axis,0x0000,0x42B4,-17076
60E1D400__vs__60E0FB00,0x74208,Accel Pedal to Throttle Position #1 Y Axis,0x0000,0x0042,-66
60E1D400__vs__60E0FB00,0x74250,Accel Pedal to Throttle Position #1,0x0021,0x0354,-819
60E1D400__vs__60E0FB00,0x74544,Accel Pedal to Throttle Position #2 X Axis,0x0000,0x42B4,-17076
60E1D400__vs__60E0FB00,0x74598,Accel Pedal to Throttle Position #2 Y Axis,0x0000,0x0042,-66
60E1D400__vs__60E0FB00,0x745e0,Accel Pedal to Throttle Position #2,0x0021,0x0375,-852
60E1D400__vs__60E0FB00,0x748d4,Accel Pedal to Throttle Position #3 X Axis,0x0000,0x458C,-17804
60E1D400__vs__60E0FB00,0x74928,Accel Pedal to Throttle Position #3 Y Axis,0x0000,0x0000,0
60E1D400__vs__60E0FB00,0x74970,Accel Pedal to Throttle Position #3,0x0021,0x42A0,-17023
60E1D400__vs__60E0FB00,0x74c64,Accel Pedal to Throttle Position #4 X Axis,0x0000,0x0000,0
60E1D400__vs__60E0FB00,0x74cb8,Accel Pedal to Throttle Position #4 Y Axis,0x0000,0x0000,0
60E1D400__vs__60E0FB00,0x74d00,Accel Pedal to Throttle Position #4,0x0021,0x44ED,-17612
60E1D400__vs__60E0FB00,0x75030,MAP Requested Load Y Axis,0xC220,0x45CB,31829
60E1D400__vs__60E0FB00,0x75054,MAP Requested Load,0x0384,0x7D00,-31100
60E1D400__vs__60E0FB00,0x75068,MAP Requested Load Smoothing Y Axis,0x43FA,0x7D00,-14598
60E1D400__vs__60E0FB00,0x750b0,MAP Requested Load Smoothing,0x0084,0x1F00,-7804
60E1D400__vs__60E0FB00,0x750d4,Maximum Load Limit Y Axis,0xC220,0x0A00,47136
60E1D400__vs__60E0FB00,0x750f8,Maximum Load Limit,0x0387,0x0700,-889
60E1D400__vs__60E0FB00,0x7510c,Idle Load Multiplier Y Axis,0xC220,0x0700,47904
60E1D400__vs__60E0FB00,0x75130,Idle Load Multiplier,0x0387,0x1800,-5241
60E1D400__vs__60E0FB00,0x75144,Fuel Injection - Cold Start Correction vs Coolant Temp Y Axis,0xC220,0x1400,44576
60E1D400__vs__60E0FB00,0x75158,Fuel Injection - Cold Start Correction vs Coolant Temp,0x01F4,0x1300,-4364
60E1D400__vs__60E0FB00,0x752c4,Battery Temperature Model - Decay Amount Y Axis,0x0000,0x4600,-17920
60E1D400__vs__60E0FB00,0x752e0,Battery Temperature Model - Decay Amount,0x1C37,0x000A,7213
60E1D400__vs__60E0FB00,0x752e8,Desired Charge Voltage Y Axis,0xC220,0x000E,49682
60E1D400__vs__60E0FB00,0x7530c,Desired Charge Voltage,0x05D4,0x40E0,-15116
60E1D400__vs__60E0FB00,0x75320,Alternator Duty Cycle Max Y Axis,0x447A,0x4140,826
60E1D400__vs__60E0FB00,0x7534c,Alternator Duty Cycle Max,0x0348,0x457A,-16946
60E1D400__vs__60E0FB00,0x75364,Alternator Diagnostic Voltage Delta to DC Y Axis,0x0000,0x45DA,-17882
60E1D400__vs__60E0FB00,0x75398,Alternator Diagnostic Voltage Delta to DC,0x0000,0x001F,-31
60E1D400__vs__60E0FB00,0x753b4,Fuel Integrated (Map) Y Axis,0xC220,0x4000,33312
60E1D400__vs__60E0FB00,0x753d8,Fuel Integrated (Map),0x0000,0xC0A0,-49312
60E1D400__vs__60E0FB00,0x753ec,Fuel Integrated (Map) 2 Y Axis,0xC220,0x4248,32728
60E1D400__vs__60E0FB00,0x75410,Fuel Integrated (Map) 2,0x0000,0x0404,-1028
60E1D400__vs__60E0FB00,0x75424,Fuel Integrated (Map) 3 Y Axis,0xC220,0x44BB,32101
60E1D400__vs__60E0FB00,0x75448,Fuel Integrated (Map) 3,0x0000,0x461C,-17948
60E1D400__vs__60E0FB00,0x7545c,Fuel Integrated (Map) 4 Y Axis,0xC220,0x0064,49596
60E1D400__vs__60E0FB00,0x75480,Fuel Integrated (Map) 4,0x0000,0x457A,-17786
60E1D400__vs__60E0FB00,0x75494,Alternator Voltage Delta - Diagnostic Request X Axis,0x447A,0x460C,-402
60E1D400__vs__60E0FB00,0x754c0,Alternator Voltage Delta - Diagnostic Request Y Axis,0x0000,0x4000,-16384
60E1D400__vs__60E0FB00,0x754f0,Alternator Voltage Delta - Diagnostic Request,0x2620,0x4250,-7216
60E1D400__vs__60E0FB00,0x75594,(Unknown - interp_bilinear_fpu_blend_v2) Y Axis,0xC0E3,0x447A,31849
60E1D400__vs__60E0FB00,0x755b8,(Unknown - interp_bilinear_fpu_blend_v2),0x806D,0x45AB,15042
60E1D400__vs__60E0FB00,0x755c4,(Unknown - interp_bilinear_fpu_blend) X Axis,0x3E23,0x3F20,-253
60E1D400__vs__60E0FB00,0x755ec,(Unknown - interp_bilinear_fpu_blend) Y Axis,0x4443,0x8000,-15293
60E1D400__vs__60E0FB00,0x75630,(Unknown - interp_bilinear_fpu_blend),0x1694,0x457A,-12006
60E1D400__vs__60E0FB00,0x75784,(Unknown - interp_bilinear_fpu_blend_v2) 2 X Axis,0x3E23,0x1C40,8675
60E1D400__vs__60E0FB00,0x757ac,(Unknown - interp_bilinear_fpu_blend_v2) 2 Y Axis,0x4443,0x42AF,404
60E1D400__vs__60E0FB00,0x757f0,(Unknown - interp_bilinear_fpu_blend_v2) 2,0x1900,0x3E40,-9536
60E1D400__vs__60E0FB00,0x75984,(Unknown - fpu_mac_single) Y Axis,0x447A,0x9C9A,-22560
60E1D400__vs__60E0FB00,0x759cc,(Unknown - fpu_mac_single),0x1D1D,0x9C9C,-32639
60E1D400__vs__60E0FB00,0x75a34,Utility - Saturation Index Ramp vs RPM Y Axis,0x0000,0x453B,-17723
60E1D400__vs__60E0FB00,0x75a78,Utility - Saturation Index Ramp vs RPM,0x0000,0x0126,-294
60E1D400__vs__60E0FB00,0x75a9c,Utility - RPM Lookup by Index Y Axis,0x0000,0x0126,-294
60E1D400__vs__60E0FB00,0x75ae0,Utility - RPM Lookup by Index,0x444D,0x00F5,17240
60E1D400__vs__60E0FB00,0x75ba4,Sensor Range Limit - Constant vs Coolant Temp Y Axis,0xC1F0,0x0172,49278
60E1D400__vs__60E0FB00,0x75bbc,Sensor Range Limit - Constant vs Coolant Temp,0x0404,0x0145,703
60E1D400__vs__60E0FB00,0x75bc4,Rotor 1 Ignition Dwell Y Axis,0x4348,0x017A,16846
60E1D400__vs__60E0FB00,0x75bf8,Rotor 1 Ignition Dwell,0x01F4,0x015C,152
60E1D400__vs__60E0FB00,0x75c14,Rotor 2 Ignition Dwell Y Axis,0x4348,0x0145,16899
60E1D400__vs__60E0FB00,0x75c48,Rotor 2 Ignition Dwell,0x01F4,0x0097,349
60E1D400__vs__60E0FB00,0x75cf8,CAN Faults - Fault Counter - Snapshot Matrix X Axis,0x0000,0x017D,-381
60E1D400__vs__60E0FB00,0x75d0c,CAN Faults - Fault Counter - Snapshot Matrix Y Axis,0x0000,0x01AE,-430
60E1D400__vs__60E0FB00,0x75d5c,CAN Faults - Fault Counter - Snapshot Matrix,0x0000,0x43FA,-17402
60E1D400__vs__60E0FB00,0x75dc0,(Unknown - fpu_div_dispatch) X Axis,0x447A,0x35F3,3719
60E1D400__vs__60E0FB00,0x75e04,(Unknown - fpu_div_dispatch) Y Axis,0x3F20,0x3E0D,275
60E1D400__vs__60E0FB00,0x75e10,(Unknown - fpu_div_dispatch),0x8000,0x3C4D,17331
60E1D400__vs__60E0FB00,0x75e78,(Unknown - fpu_div_dispatch) 2 X Axis,0x447A,0x555A,-4320
60E1D400__vs__60E0FB00,0x75ebc,(Unknown - fpu_div_dispatch) 2 Y Axis,0x3F20,0x55C0,-5792
60E1D400__vs__60E0FB00,0x75ec8,(Unknown - fpu_div_dispatch) 2,0x8000,0x0000,32768
60E1D400__vs__60E0FB00,0x75f30,(Unknown - fpu_div_dispatch) 3 X Axis,0x447A,0x6280,-7686
60E1D400__vs__60E0FB00,0x75f74,(Unknown - fpu_div_dispatch) 3 Y Axis,0x3F20,0x5BB3,-7315
60E1D400__vs__60E0FB00,0x75f80,(Unknown - fpu_div_dispatch) 3,0x8000,0x0000,32768
60E1D400__vs__60E0FB00,0x75fec,Adaptive Fuel Trim (Map) Y Axis,0x43FA,0x0000,17402
60E1D400__vs__60E0FB00,0x76034,Adaptive Fuel Trim (Map),0x064D,0x0000,1613
60E1D400__vs__60E0FB00,0x76058,Adaptive Fuel Trim (Map) 2 Y Axis,0x0000,0xC1A0,-49568
60E1D400__vs__60E0FB00,0x7607c,Adaptive Fuel Trim (Map) 2,0x0080,0x447A,-17402
60E1D400__vs__60E0FB00,0x76090,Transient Fuel Comp (Map) Y Axis,0x44C8,0x455A,-146
60E1D400__vs__60E0FB00,0x760a4,Transient Fuel Comp (Map),0x0991,0x45BB,-15402
60E1D400__vs__60E0FB00,0x760b0,Ignition Timing Leading - DSC Mode A - Base X Axis,0x3D80,0x45EA,-2154
60E1D400__vs__60E0FB00,0x760f8,Ignition Timing Leading - DSC Mode A - Base Y Axis,0x43FA,0x0F73,13447
60E1D400__vs__60E0FB00,0x76144,Ignition Timing Leading - DSC Mode A - Base,0x8A8A,0x1C66,28196
60E1D400__vs__60E0FB00,0x7629c,(Unknown - fpu_div_speed_normalize) X Axis,0x3D80,0x0271,15119
60E1D400__vs__60E0FB00,0x762e4,(Unknown - fpu_div_speed_normalize) Y Axis,0x43FA,0x3F80,1146
60E1D400__vs__60E0FB00,0x76330,(Unknown - fpu_div_speed_normalize),0x00AF,0x42C8,-16921
60E1D400__vs__60E0FB00,0x765dc,Engine Torque X Axis,0x3D80,0x4100,-896
60E1D400__vs__60E0FB00,0x76624,Engine Torque Y Axis,0x43FA,0x0000,17402
60E1D400__vs__60E0FB00,0x76670,Engine Torque,0x0000,0x4020,-16416
60E1D400__vs__60E0FB00,0x7691c,(Unknown - fpu_div_correction_factor) X Axis,0xC220,0x0000,49696
60E1D400__vs__60E0FB00,0x7693c,(Unknown - fpu_div_correction_factor) Y Axis,0x43FA,0x42A0,346
60E1D400__vs__60E0FB00,0x76988,(Unknown - fpu_div_correction_factor),0x0BCD,0x453B,-14702
60E1D400__vs__60E0FB00,0x76ab8,(Unknown - divide_float_write_to) X Axis,0x4270,0x3800,2672
60E1D400__vs__60E0FB00,0x76acc,(Unknown - divide_float_write_to) Y Axis,0x3E4C,0x2A9A,5042
60E1D400__vs__60E0FB00,0x76ad8,(Unknown - divide_float_write_to),0xB073,0x451A,27481
60E1D400__vs__60E0FB00,0x76b18,(Unknown - math_accumulator) Y Axis,0xC220,0x389A,35206
60E1D400__vs__60E0FB00,0x76b28,(Unknown - math_accumulator),0x030E,0x4100,-15858
60E1D400__vs__60E0FB00,0x76bc8,Torque Limit - Multipoint Curve 1 vs Torque Error Y Axis,0xC180,0x6866,22810
60E1D400__vs__60E0FB00,0x76c2c,Torque Limit - Multipoint Curve 1 vs Torque Error,0x42BF,0x6B00,-10305
60E1D400__vs__60E0FB00,0x76c90,Torque Limit - Multipoint Curve 2 vs Torque Error Y Axis,0xC180,0x5B1A,26214
60E1D400__vs__60E0FB00,0x76cf4,Torque Limit - Multipoint Curve 2 vs Torque Error,0x42BF,0x42DD,-30
60E1D400__vs__60E0FB00,0x76d58,Torque Limit - Multipoint Curve 3 vs Torque Error Y Axis,0xC180,0x08BD,47299
60E1D400__vs__60E0FB00,0x76dbc,Torque Limit - Multipoint Curve 3 vs Torque Error,0x42BF,0x03E7,16088
60E1D400__vs__60E0FB00,0x76e20,Torque Limit - Multipoint Curve 4 vs Torque Error Y Axis,0xC180,0x01FC,49028
60E1D400__vs__60E0FB00,0x76e84,Torque Limit - Multipoint Curve 4 vs Torque Error,0x42BF,0x42AE,17
60E1D400__vs__60E0FB00,0x76ee8,Torque Limit - Multipoint Curve 5 vs Torque Error Y Axis,0xC180,0x07C2,47550
60E1D400__vs__60E0FB00,0x76f4c,Torque Limit - Multipoint Curve 5 vs Torque Error,0x42BF,0x0347,16248
60E1D400__vs__60E0FB00,0x76fb0,Torque Compensation - Curve 1 vs Torque Error Y Axis,0xC180,0x01A3,49117
60E1D400__vs__60E0FB00,0x7702c,Torque Compensation - Curve 1 vs Torque Error,0x3E99,0x3F80,-231
60E1D400__vs__60E0FB00,0x770a8,Torque Compensation - Curve 2 vs Torque Error Y Axis,0xC180,0xEAEA,-10602
60E1D400__vs__60E0FB00,0x77124,Torque Compensation - Curve 2 vs Torque Error,0x3E99,0x42A0,-1031
60E1D400__vs__60E0FB00,0x771a0,Torque Compensation - Curve 3 vs Torque Error Y Axis,0xC180,0x3F80,33280
60E1D400__vs__60E0FB00,0x7721c,Torque Compensation - Curve 3 vs Torque Error,0x3E19,0x460C,-2035
60E1D400__vs__60E0FB00,0x77298,Torque Compensation - Curve 4 vs Torque Error Y Axis,0xC180,0x0000,49536
60E1D400__vs__60E0FB00,0x77314,Torque Compensation - Curve 4 vs Torque Error,0x3E19,0x0000,15897
60E1D400__vs__60E0FB00,0x77390,Torque Compensation - Curve 5 vs Torque Error Y Axis,0xC180,0x458C,31732
60E1D400__vs__60E0FB00,0x7740c,Torque Compensation - Curve 5 vs Torque Error,0x3E19,0x0000,15897
60E1D400__vs__60E0FB00,0x77488,Torque Limit Multipoint (Map) X Axis,0x41A0,0x3F50,592
60E1D400__vs__60E0FB00,0x774ac,Torque Limit Multipoint (Map) Y Axis,0x4000,0x55C3,-5571
60E1D400__vs__60E0FB00,0x774c0,Torque Limit Multipoint (Map),0x41A0,0x3B6F,1585
60E1D400__vs__60E0FB00,0x77574,Faults - Diagnostic - Level Matrix X Axis,0x41A0,0x472B,-1419
60E1D400__vs__60E0FB00,0x7759c,Faults - Diagnostic - Level Matrix Y Axis,0x4000,0x4F5C,-3932
60E1D400__vs__60E0FB00,0x775b0,Faults - Diagnostic - Level Matrix,0x411C,0x3988,1940
60E1D400__vs__60E0FB00,0x77678,Faults - Diagnostic - Level Matrix 2 X Axis,0x41A0,0x370A,2710
60E1D400__vs__60E0FB00,0x77680,Faults - Diagnostic - Level Matrix 2 Y Axis,0x4000,0x598C,-6540
60E1D400__vs__60E0FB00,0x77694,Faults - Diagnostic - Level Matrix 2,0x0000,0x43BD,-17341
60E1D400__vs__60E0FB00,0x776bc,Faults - Diagnostic - Level Matrix 3 X Axis,0x41A0,0x312F,4209
60E1D400__vs__60E0FB00,0x776c4,Faults - Diagnostic - Level Matrix 3 Y Axis,0x4000,0x3A54,1452
60E1D400__vs__60E0FB00,0x776d8,Faults - Diagnostic - Level Matrix 3,0x0000,0x420C,-16908
60E1D400__vs__60E0FB00,0x77700,Faults - Diagnostic - Level Matrix 4 X Axis,0x41A0,0x3A76,1834
60E1D400__vs__60E0FB00,0x77724,Faults - Diagnostic - Level Matrix 4 Y Axis,0x4000,0x37AE,2130
60E1D400__vs__60E0FB00,0x77738,Faults - Diagnostic - Level Matrix 4,0x41A0,0x49EE,-2126
60E1D400__vs__60E0FB00,0x777ec,Faults - Diagnostic - Level Matrix 5 X Axis,0x0000,0x4120,-16672
60E1D400__vs__60E0FB00,0x77800,Faults - Diagnostic - Level Matrix 5 Y Axis,0x4000,0x420C,-524
60E1D400__vs__60E0FB00,0x77814,Faults - Diagnostic - Level Matrix 5,0x42C8,0x428C,60
60E1D400__vs__60E0FB00,0x778ec,Cooling - Fan - Engage Threshold Y Axis,0x0000,0x8191,-33169
60E1D400__vs__60E0FB00,0x778f0,Cooling - Fan - Engage Threshold,0x10FF,0x5682,-17795
60E1D400__vs__60E0FB00,0x778f4,Cooling - Fan - Disengage Threshold Y Axis,0x0000,0x3754,-14164
60E1D400__vs__60E0FB00,0x778f8,Cooling - Fan - Disengage Threshold,0x00FF,0x25E3,-9444
60E1D400__vs__60E0FB00,0x778fc,Engine On Time Threshold Y Axis,0xC220,0x125C,44996
60E1D400__vs__60E0FB00,0x77920,Engine On Time Threshold,0x0271,0x420C,-16283
60E1D400__vs__60E0FB00,0x779b8,(Unknown - conditional_fpu_accumulate_handler) Y Axis,0x4283,0x0032,16977
60E1D400__vs__60E0FB00,0x779d8,(Unknown - conditional_fpu_accumulate_handler),0x6464,0x3FF0,9332
60E1D400__vs__60E0FB00,0x779e0,(Unknown - conditional_fpu_accumulate_handler) 2 Y Axis,0x4138,0x3E80,696
60E1D400__vs__60E0FB00,0x779fc,(Unknown - conditional_fpu_accumulate_handler) 2,0x0000,0x42C8,-17096
60E1D400__vs__60E0FB00,0x77a0c,(Unknown - conditional_fpu_accumulate_handler) 3 Y Axis,0x4138,0x00FF,16441
60E1D400__vs__60E0FB00,0x77a28,(Unknown - conditional_fpu_accumulate_handler) 3,0x0000,0x41D8,-16856
60E1D400__vs__60E0FB00,0x77a44,Primary Injector Weighted Engine Temp Multiplier X Axis,0xC220,0x3CA3,34173
60E1D400__vs__60E0FB00,0x77a70,Primary Injector Weighted Engine Temp Multiplier Y Axis,0x3E00,0x4400,-1536
60E1D400__vs__60E0FB00,0x77a9c,Primary Injector Weighted Engine Temp Multiplier,0x4040,0x4316,-726
60E1D400__vs__60E0FB00,0x77b18,Secondary 1 Injector Weighted Engine Temp Multiplier X Axis,0xC220,0x0106,49434
60E1D400__vs__60E0FB00,0x77b1c,Secondary 1 Injector Weighted Engine Temp Multiplier Y Axis,0x3E00,0x0103,15613
60E1D400__vs__60E0FB00,0x77b20,Secondary 1 Injector Weighted Engine Temp Multiplier,0x40FF,0x5E00,-7425
60E1D400__vs__60E0FB00,0x77b24,Secondary 2 Injector Weighted Engine Temp Multiplier X Axis,0xC220,0x000D,49683
60E1D400__vs__60E0FB00,0x77b28,Secondary 2 Injector Weighted Engine Temp Multiplier Y Axis,0x3E00,0x4400,-1536
60E1D400__vs__60E0FB00,0x77b2c,Secondary 2 Injector Weighted Engine Temp Multiplier,0x40FF,0x4282,-387
60E1D400__vs__60E0FB00,0x77b34,(Unknown - fpu_multiply_accumulate_store) Y Axis,0x4270,0x41A0,208
60E1D400__vs__60E0FB00,0x77b44,(Unknown - fpu_multiply_accumulate_store),0x2456,0x013E,8984
60E1D400__vs__60E0FB00,0x77b4c,Injector Manifold Vacuum Multiplier Y Axis,0xC1F0,0x0502,48366
60E1D400__vs__60E0FB00,0x77b90,Injector Manifold Vacuum Multiplier,0x28B7,0x4000,-5961
60E1D400__vs__60E0FB00,0x77bb4,Estimated Manifold Pressure X Axis,0x447A,0x45BB,-321
60E1D400__vs__60E0FB00,0x77bf8,Estimated Manifold Pressure Y Axis,0x3D80,0x428C,-1292
60E1D400__vs__60E0FB00,0x77c48,Estimated Manifold Pressure,0x0EE6,0x42A6,-13248
60E1D400__vs__60E0FB00,0x77ef0,Injector Latency Secondary X Axis,0xC17D,0x1616,43879
60E1D400__vs__60E0FB00,0x77f34,Injector Latency Secondary Y Axis,0x40D0,0x457A,-1194
60E1D400__vs__60E0FB00,0x77f58,Injector Latency Secondary,0x0C64,0x4604,-14752
60E1D400__vs__60E0FB00,0x7808c,Injector Latency Primary X Axis,0xC17D,0xC1A0,-35
60E1D400__vs__60E0FB00,0x780d0,Injector Latency Primary Y Axis,0x40D0,0x44BB,-1003
60E1D400__vs__60E0FB00,0x780f4,Injector Latency Primary,0x0AC0,0x0012,2734
60E1D400__vs__60E0FB00,0x78284,Coil Output Timing (Map) Y Axis,0x4270,0x4270,0
60E1D400__vs__60E0FB00,0x7829c,Coil Output Timing (Map),0x202E,0x1A1A,1556
60E1D400__vs__60E0FB00,0x782a4,Coil Output Timing (Map) 2 Y Axis,0x4282,0x0000,17026
60E1D400__vs__60E0FB00,0x782b8,Coil Output Timing (Map) 2,0x4C80,0x0000,19584
60E1D400__vs__60E0FB00,0x782c0,Fuel Injection - Startup - Injector Pulse Width Multiplier Y Axis,0x4282,0x0000,17026
60E1D400__vs__60E0FB00,0x782c4,Fuel Injection - Startup - Injector Pulse Width Multiplier,0x80FF,0x0000,33023
60E1D400__vs__60E0FB00,0x782c8,(Unknown - conditional_fpu_calc) Y Axis,0x41A8,0x0000,16808
60E1D400__vs__60E0FB00,0x782d4,(Unknown - conditional_fpu_calc),0x8000,0x0000,32768
60E1D400__vs__60E0FB00,0x782d8,FPU - Correction Constant vs Coolant Temp Y Axis,0xC220,0x0000,49696
60E1D400__vs__60E0FB00,0x782e4,FPU - Correction Constant vs Coolant Temp,0xEAEA,0xC120,10698
60E1D400__vs__60E0FB00,0x782e8,Injector Deadtime Primary Y Axis,0xC1F0,0x0000,49648
60E1D400__vs__60E0FB00,0x78318,Injector Deadtime Primary,0x60A4,0x42C8,7644
60E1D400__vs__60E0FB00,0x78330,Primary Fuel Injector Cranking Pulse Width Y Axis,0xC1F0,0x42A0,32592
60E1D400__vs__60E0FB00,0x78364,Primary Fuel Injector Cranking Pulse Width,0x60A4,0x2626,14974
60E1D400__vs__60E0FB00,0x783a0,Primary Injector Size,0x43B8,0x42C8,240
60E1D400__vs__60E0FB00,0x783a8,Secondary Injector Size,0x43ED,0x0000,17389
60E1D400__vs__60E0FB00,0x783b0,Secondary Injector Size #2,0x43ED,0x3E99,1364
60E1D400__vs__60E0FB00,0x78418,(Unknown - massive_fpu_control_calc) Y Axis,0x447A,0x0000,17530
60E1D400__vs__60E0FB00,0x7845c,(Unknown - massive_fpu_control_calc),0x1414,0x3D23,-10511
60E1D400__vs__60E0FB00,0x78470,Primary Injector Max Barometric Pressure Correction Y Axis,0x4256,0x4270,-26
60E1D400__vs__60E0FB00,0x78490,Primary Injector Max Barometric Pressure Correction,0x2F41,0x4270,-4911
60E1D400__vs__60E0FB00,0x78498,FPU - Adaptive Correction vs Coolant Temp Y Axis,0xC220,0x42C8,32600
60E1D400__vs__60E0FB00,0x784bc,FPU - Adaptive Correction vs Coolant Temp,0x1E1E,0x41C8,-9130
60E1D400__vs__60E0FB00,0x784c8,FPU - Correction Step 1 vs Coolant Temp Y Axis,0xC1A0,0x4220,32640
60E1D400__vs__60E0FB00,0x784d4,FPU - Correction Step 1 vs Coolant Temp,0x0000,0x3232,-12850
60E1D400__vs__60E0FB00,0x784d8,FPU - Correction Step 2 vs Coolant Temp Y Axis,0xC1A0,0x2828,39288
60E1D400__vs__60E0FB00,0x784e4,FPU - Correction Step 2 vs Coolant Temp,0x0000,0x3DCC,-15820
60E1D400__vs__60E0FB00,0x784e8,Primary Fuel Injector Pulse Width Control Y Axis,0xC220,0x3E4C,33748
60E1D400__vs__60E0FB00,0x7850c,Primary Fuel Injector Pulse Width Control,0x0505,0x3F59,-14932
60E1D400__vs__60E0FB00,0x78518,Secondary Fuel Injector Minimum Pulse Width Y Axis,0xC220,0x3F6C,33460
60E1D400__vs__60E0FB00,0x7853c,Secondary Fuel Injector Minimum Pulse Width,0x1A1A,0x329A,-6272
60E1D400__vs__60E0FB00,0x78548,(Unknown - complex_adaptive_fpu_calc) Y Axis,0xC220,0x0177,49321
60E1D400__vs__60E0FB00,0x7856c,(Unknown - complex_adaptive_fpu_calc),0x1A1A,0x458F,-11125
60E1D400__vs__60E0FB00,0x78578,(Unknown - complex_fpu_compare_calc) Y Axis,0xC220,0x3D85,33947
60E1D400__vs__60E0FB00,0x7859c,(Unknown - complex_fpu_compare_calc),0x8A00,0x4020,18912
60E1D400__vs__60E0FB00,0x785b0,Calculate Fuel Amount Per Rotation Min Max (Map) Y Axis,0x447A,0x44FA,-128
60E1D400__vs__60E0FB00,0x785f4,Calculate Fuel Amount Per Rotation Min Max (Map),0xAF00,0x6C6C,17044
60E1D400__vs__60E0FB00,0x78618,Secondary Injectors Allowed Threshold - Coolant Temperature Based Y Axis,0xC220,0x45AB,31861
60E1D400__vs__60E0FB00,0x7863c,Secondary Injectors Allowed Threshold - Coolant Temperature Based,0x0BB8,0x451C,-14692
60E1D400__vs__60E0FB00,0x78650,Engine Load Compensation X Axis,0x43FA,0x459C,-418
60E1D400__vs__60E0FB00,0x78698,Engine Load Compensation Y Axis,0x3E00,0x3F00,-256
60E1D400__vs__60E0FB00,0x786e8,Engine Load Compensation,0x55C3,0xBE40,-26749
60E1D400__vs__60E0FB00,0x789d0,(Unknown - extensive_table_based_fpu_calc) Y Axis,0xC170,0x2710,39520
60E1D400__vs__60E0FB00,0x78a00,(Unknown - extensive_table_based_fpu_calc),0x0000,0x3E90,-16016
60E1D400__vs__60E0FB00,0x78a0c,(Unknown - extensive_table_based_fpu_calc) 2 Y Axis,0x428C,0x3EC0,972
60E1D400__vs__60E0FB00,0x78a30,(Unknown - extensive_table_based_fpu_calc) 2,0x6464,0x0000,25700
60E1D400__vs__60E0FB00,0x78a3c,(Unknown - extensive_table_based_fpu_calc) 3 Y Axis,0xC170,0x3DC0,33712
60E1D400__vs__60E0FB00,0x78a6c,(Unknown - extensive_table_based_fpu_calc) 3,0x0000,0x015E,-350
60E1D400__vs__60E0FB00,0x78a78,(Unknown - extensive_table_based_fpu_calc) 4 Y Axis,0x428C,0x06D6,15286
60E1D400__vs__60E0FB00,0x78a9c,(Unknown - extensive_table_based_fpu_calc) 4,0x6464,0xC220,-23996
60E1D400__vs__60E0FB00,0x78aa8,(Unknown - extensive_table_based_fpu_calc) 5 Y Axis,0xC170,0x41A0,32720
60E1D400__vs__60E0FB00,0x78ad8,(Unknown - extensive_table_based_fpu_calc) 5,0x0000,0x1021,-4129
60E1D400__vs__60E0FB00,0x78ae4,(Unknown - extensive_table_based_fpu_calc) 6 Y Axis,0x428C,0x0B98,14068
60E1D400__vs__60E0FB00,0x78b08,(Unknown - extensive_table_based_fpu_calc) 6,0x6464,0x059A,24266
60E1D400__vs__60E0FB00,0x78b14,(Unknown - extensive_table_based_fpu_calc) 7 Y Axis,0x3D80,0x44FA,-1914
60E1D400__vs__60E0FB00,0x78b38,(Unknown - extensive_table_based_fpu_calc) 7,0x6464,0x42A0,8644
60E1D400__vs__60E0FB00,0x78b44,(Unknown - complex_fpu_div_sqrt_accumulate) Y Axis,0x4100,0x0E47,12985
60E1D400__vs__60E0FB00,0x78b68,(Unknown - complex_fpu_div_sqrt_accumulate),0x6464,0x0B68,22780
60E1D400__vs__60E0FB00,0x78b74,Auxiliary Port Valve - Schedule - Condition Table Y Axis,0x4100,0x059A,15206
60E1D400__vs__60E0FB00,0x78ba0,Auxiliary Port Valve - Schedule - Condition Table,0x0000,0xC1A0,-49568
60E1D400__vs__60E0FB00,0x78bb8,(Unknown - conditional_fpu_multi_flag_selector) Y Axis,0xC170,0x72D9,20119
60E1D400__vs__60E0FB00,0x78be8,(Unknown - conditional_fpu_multi_flag_selector),0x0050,0x1CF6,-7334
60E1D400__vs__60E0FB00,0x78c4c,(Unknown - extensive_fpu_threshold_and_calc) Y Axis,0xC220,0x9FE7,8761
60E1D400__vs__60E0FB00,0x78c68,(Unknown - extensive_fpu_threshold_and_calc),0x0050,0x0800,-1968
60E1D400__vs__60E0FB00,0x78c70,Cruise Control - Set Speed - Condition Threshold Y Axis,0x428C,0x0800,14988
60E1D400__vs__60E0FB00,0x78c74,Cruise Control - Set Speed - Condition Threshold,0x00FF,0x447A,-17275
60E1D400__vs__60E0FB00,0x78c78,Secondary Air Pump On Time Y Axis,0xC1A0,0x44BB,31973
60E1D400__vs__60E0FB00,0x78c94,Secondary Air Pump On Time,0x0000,0x4220,-16928
60E1D400__vs__60E0FB00,0x78cc0,Auxillary Valve Close,0x45BE,0x1CF6,10440
60E1D400__vs__60E0FB00,0x78d9c,Max Load - Intake Temperature Compensation Y Axis,0xC220,0x7A3D,18403
60E1D400__vs__60E0FB00,0x78dc0,Max Load - Intake Temperature Compensation,0x031B,0xA3CC,-41137
60E1D400__vs__60E0FB00,0x78dd4,Engine Torque Max - Barometric Pressure Compensation Y Axis,0x4220,0x4276,-86
60E1D400__vs__60E0FB00,0x78df8,Engine Torque Max - Barometric Pressure Compensation,0x09E4,0x6C00,-25116
60E1D400__vs__60E0FB00,0x78edc,Minimum Oil Injection Amount Y Axis,0x0000,0x4280,-17024
60E1D400__vs__60E0FB00,0x78f00,Minimum Oil Injection Amount,0x3C1E,0x428E,-1648
60E1D400__vs__60E0FB00,0x78f0c,Intake Air Temperature Based Oil Injection Amount Y Axis,0x41F0,0x0000,16880
60E1D400__vs__60E0FB00,0x78f24,Intake Air Temperature Based Oil Injection Amount,0x1616,0x0000,5654
60E1D400__vs__60E0FB00,0x78f2c,Manifold Pressure Based Oil Injection Amount Y Axis,0x41F0,0x4206,-22
60E1D400__vs__60E0FB00,0x78f44,Manifold Pressure Based Oil Injection Amount,0x6464,0x3C6F,10229
60E1D400__vs__60E0FB00,0x78f4c,Unknown - Zero Table vs Coolant Temp Y Axis,0xC1A0,0x3C9F,34049
60E1D400__vs__60E0FB00,0x78f78,Unknown - Zero Table vs Coolant Temp,0x0000,0x3D3E,-15678
60E1D400__vs__60E0FB00,0x78f84,Load Based Oil Injection Temperature Correction Y Axis,0x42B4,0x3D5B,1369
60E1D400__vs__60E0FB00,0x78f90,Load Based Oil Injection Temperature Correction,0x03E9,0x3D79,-14736
60E1D400__vs__60E0FB00,0x78f98,First Start Oil Injection Timer Y Axis,0x41F0,0x3D86,1130
60E1D400__vs__60E0FB00,0x78fb0,First Start Oil Injection Timer,0x0000,0x3DF0,-15856
60E1D400__vs__60E0FB00,0x78fbc,Unknown - Dual-Level Table vs Axis Y Axis,0x0000,0x3E70,-15984
60E1D400__vs__60E0FB00,0x78fd4,Unknown - Dual-Level Table vs Axis,0x4100,0x3EF0,528
60E1D400__vs__60E0FB00,0x78fec,Exhaust Port - Duty Step vs Index Y Axis,0x0000,0x3F70,-16240
60E1D400__vs__60E0FB00,0x79004,Exhaust Port - Duty Step vs Index,0x0000,0x3FF0,-16368
60E1D400__vs__60E0FB00,0x7901c,Unknown - Table vs Axis Y Axis,0x40A0,0x4020,128
60E1D400__vs__60E0FB00,0x79028,Unknown - Table vs Axis,0x4120,0x2025,8443
60E1D400__vs__60E0FB00,0x79034,Oil Metering By Load X Axis,0x442F,0x4A4D,-1566
60E1D400__vs__60E0FB00,0x79080,Oil Metering By Load Y Axis,0x3D80,0x458C,-2060
60E1D400__vs__60E0FB00,0x790c4,Oil Metering By Load,0x0303,0x451C,-16921
60E1D400__vs__60E0FB00,0x79208,Oil Metering By Throttle X Axis,0x442F,0x4E4E,-2591
60E1D400__vs__60E0FB00,0x79254,Oil Metering By Throttle Y Axis,0x4270,0x4180,240
60E1D400__vs__60E0FB00,0x79264,Oil Metering By Throttle,0x0000,0x0000,0
60E1D400__vs__60E0FB00,0x792b0,Barometric Pressure Based Oil Injection Amount X Axis,0x44BB,0x45E2,-295
60E1D400__vs__60E0FB00,0x792c8,Barometric Pressure Based Oil Injection Amount Y Axis,0x42AA,0x4434,-394
60E1D400__vs__60E0FB00,0x792dc,Barometric Pressure Based Oil Injection Amount,0x2828,0x0000,10280
60E1D400__vs__60E0FB00,0x7930c,Fuel Injection - Warmup Fueling - Load Based Multiplier Y Axis,0x3E00,0x44FA,-1786
60E1D400__vs__60E0FB00,0x79334,Fuel Injection - Warmup Fueling - Load Based Multiplier,0x4040,0x3E80,448
60E1D400__vs__60E0FB00,0x79340,Fuel Injection - Warmup Fueling X Axis,0xC220,0x3EE0,33600
60E1D400__vs__60E0FB00,0x79380,Fuel Injection - Warmup Fueling Y Axis,0xC1A0,0x42F0,32432
60E1D400__vs__60E0FB00,0x7938c,Fuel Injection - Warmup Fueling,0x4B41,0x4352,2031
60E1D400__vs__60E0FB00,0x793bc,Fuel Injection - Warmup Fueling - Engine Speed Based X Axis,0x447A,0x4248,562
60E1D400__vs__60E0FB00,0x793d0,Fuel Injection - Warmup Fueling - Engine Speed Based Y Axis,0x40A0,0x0099,16391
60E1D400__vs__60E0FB00,0x793e4,Fuel Injection - Warmup Fueling - Engine Speed Based,0x1216,0xC1A0,-44938
60E1D400__vs__60E0FB00,0x79400,Fuel Injection - Warmup Fueling - Engine Speed Based (Coolant Temp Fault) X Axis,0x43FA,0x4248,434
60E1D400__vs__60E0FB00,0x7941c,Fuel Injection - Warmup Fueling - Engine Speed Based (Coolant Temp Fault) Y Axis,0xC220,0x00C9,49495
60E1D400__vs__60E0FB00,0x79434,Fuel Injection - Warmup Fueling - Engine Speed Based (Coolant Temp Fault),0x0A0A,0x41F0,-14310
60E1D400__vs__60E0FB00,0x79470,(Unknown - extensive_fpu_div_multi_calc) Y Axis,0xC220,0x3E19,33799
60E1D400__vs__60E0FB00,0x794b0,(Unknown - extensive_fpu_div_multi_calc),0x001E,0x4270,-16978
60E1D400__vs__60E0FB00,0x794d0,(Unknown - extensive_fpu_div_multi_calc) 2 Y Axis,0xC220,0x42C8,32600
60E1D400__vs__60E0FB00,0x79510,(Unknown - extensive_fpu_div_multi_calc) 2,0x0014,0x41A0,-16780
60E1D400__vs__60E0FB00,0x79530,(Unknown - fpu_div_conditional_calc) X Axis,0xC220,0x42C8,32600
60E1D400__vs__60E0FB00,0x79570,(Unknown - fpu_div_conditional_calc) Y Axis,0x4220,0x2727,6905
60E1D400__vs__60E0FB00,0x79584,(Unknown - fpu_div_conditional_calc),0x0000,0x447A,-17530
60E1D400__vs__60E0FB00,0x795d4,(Unknown - fpu_div_conditional_calc) 2 X Axis,0xC1A0,0x44FA,31910
60E1D400__vs__60E0FB00,0x79614,(Unknown - fpu_div_conditional_calc) 2 Y Axis,0x4220,0x13EA,11830
60E1D400__vs__60E0FB00,0x79628,(Unknown - fpu_div_conditional_calc) 2,0x2626,0x23FF,551
60E1D400__vs__60E0FB00,0x796bc,(Unknown - extensive_fpu_threshold_calc) Y Axis,0xC180,0x12E0,44704
60E1D400__vs__60E0FB00,0x796e8,(Unknown - extensive_fpu_threshold_calc),0x9682,0x4220,21602
60E1D400__vs__60E0FB00,0x796f4,(Unknown - extensive_fpu_threshold_calc) 2 Y Axis,0xC180,0x4190,32752
60E1D400__vs__60E0FB00,0x79728,(Unknown - extensive_fpu_threshold_calc) 2,0x07F8,0x4130,-14648
60E1D400__vs__60E0FB00,0x79770,Secondary Fuel Blend Transition RPM Y Axis,0xC220,0x428C,32660
60E1D400__vs__60E0FB00,0x79790,Secondary Fuel Blend Transition RPM,0x7D64,0x41CA,15258
60E1D400__vs__60E0FB00,0x79798,Ignition Leading - Cranking Timing Advance Y Axis,0xC1A0,0x3F80,33312
60E1D400__vs__60E0FB00,0x797c8,Ignition Leading - Cranking Timing Advance,0x3232,0x6E6E,-15420
60E1D400__vs__60E0FB00,0x797d4,Rotor A/B Fuel Pulse Width Limiter Y Axis,0x0000,0xC220,-49696
60E1D400__vs__60E0FB00,0x79814,Rotor A/B Fuel Pulse Width Limiter,0x6D0A,0x3DCC,12094
60E1D400__vs__60E0FB00,0x798a4,Secondary Injectors Enable Temperature Y Axis,0x44FA,0x0000,17658
60E1D400__vs__60E0FB00,0x798b8,Secondary Injectors Enable Temperature,0x6C6C,0x0001,27755
60E1D400__vs__60E0FB00,0x798c0,Secondary Injectors Disable Temperature Y Axis,0x44FA,0x0000,17658
60E1D400__vs__60E0FB00,0x798d0,Secondary Injectors Disable Temperature,0x6C76,0x3E40,11830
60E1D400__vs__60E0FB00,0x798d4,Knock Retard Max - Knock Sensor Faulted Y Axis,0x44FA,0x3E80,1658
60E1D400__vs__60E0FB00,0x798e8,Knock Retard Max - Knock Sensor Faulted,0x6C6C,0x3F10,11612
60E1D400__vs__60E0FB00,0x798f0,Rotor A/B Fuel Trim Y Axis,0x44FA,0x43FA,256
60E1D400__vs__60E0FB00,0x79920,Rotor A/B Fuel Trim,0x6C6C,0x000D,27743
60E1D400__vs__60E0FB00,0x7992c,Rotor A/B Fuel Trim 2 Y Axis,0x44FA,0x0012,17640
60E1D400__vs__60E0FB00,0x7995c,Rotor A/B Fuel Trim 2,0x8080,0x000A,32886
60E1D400__vs__60E0FB00,0x79980,Deceleration Fuel Cutoff Rate Y Axis,0x3E00,0x0008,15864
60E1D400__vs__60E0FB00,0x799a0,Deceleration Fuel Cutoff Rate,0x0014,0x0001,19
60E1D400__vs__60E0FB00,0x799a8,Deceleration Fuel Cutoff Recovery Y Axis,0xBDC0,0x0001,48575
60E1D400__vs__60E0FB00,0x799b8,Deceleration Fuel Cutoff Recovery,0x1D4C,0x3E00,-8372
60E1D400__vs__60E0FB00,0x799c0,Fuel Pressure Regulator Duty Low Y Axis,0xBED0,0x3E80,32848
60E1D400__vs__60E0FB00,0x799f8,Fuel Pressure Regulator Duty Low,0x2710,0x457A,-7786
60E1D400__vs__60E0FB00,0x79a14,Fuel Pressure Regulator Duty High Y Axis,0xBED0,0x0000,48848
60E1D400__vs__60E0FB00,0x79a1c,Fuel Pressure Regulator Duty High,0x13D6,0x0000,5078
60E1D400__vs__60E0FB00,0x79a20,Fuel Pressure Regulator (3D) X Axis,0x43FA,0x0000,17402
60E1D400__vs__60E0FB00,0x79a38,Fuel Pressure Regulator (3D) Y Axis,0xC220,0x0000,49696
60E1D400__vs__60E0FB00,0x79a54,Fuel Pressure Regulator (3D),0x059A,0x0AFD,-1379
60E1D400__vs__60E0FB00,0x79aa8,Fuel Pressure Regulator Compensation (3D) X Axis,0x44BB,0x3E4C,1647
60E1D400__vs__60E0FB00,0x79ab8,Fuel Pressure Regulator Compensation (3D) Y Axis,0xC220,0x3EE6,33594
60E1D400__vs__60E0FB00,0x79ad4,Fuel Pressure Regulator Compensation (3D),0x1366,0x44FA,-12692
60E1D400__vs__60E0FB00,0x79b0c,Fuel Pressure Regulator Compensation 2 (3D) X Axis,0x44BB,0x0000,17595
60E1D400__vs__60E0FB00,0x79b2c,Fuel Pressure Regulator Compensation 2 (3D) Y Axis,0xC220,0x0873,47533
60E1D400__vs__60E0FB00,0x79b48,Fuel Pressure Regulator Compensation 2 (3D),0x1E00,0x049C,6500
60E1D400__vs__60E0FB00,0x79bf0,(Unknown - fpu_calc_with_state_routing) Y Axis,0x3E00,0x455A,-1882
60E1D400__vs__60E0FB00,0x79c18,(Unknown - fpu_calc_with_state_routing),0x8C3C,0x4604,17976
60E1D400__vs__60E0FB00,0x79c24,(Unknown - state_dispatch_with_interpolate) Y Axis,0x0000,0x1716,-5910
60E1D400__vs__60E0FB00,0x79c48,(Unknown - state_dispatch_with_interpolate),0x1E32,0x0040,7666
60E1D400__vs__60E0FB00,0x79c54,Get Engine Startup Enrich Value (Map) Y Axis,0xC220,0x4120,33024
60E1D400__vs__60E0FB00,0x79c74,Get Engine Startup Enrich Value (Map),0x503C,0x43FA,3138
60E1D400__vs__60E0FB00,0x79c7c,(Unknown - fpu_calc_with_state_routing) 2 Y Axis,0x0000,0x447A,-17530
60E1D400__vs__60E0FB00,0x79cb4,(Unknown - fpu_calc_with_state_routing) 2,0x0000,0x445C,-17500
60E1D400__vs__60E0FB00,0x79cd0,(Unknown - fpu_calc_conditional_branch) Y Axis,0x0000,0x3E00,-15872
60E1D400__vs__60E0FB00,0x79d08,(Unknown - fpu_calc_conditional_branch),0x0000,0x3F8C,-16268
60E1D400__vs__60E0FB00,0x79d24,(Unknown - fpu_calc_with_state_transition) Y Axis,0x0000,0x3F4C,-16204
60E1D400__vs__60E0FB00,0x79d5c,(Unknown - fpu_calc_with_state_transition),0x0000,0x41CC,-16844
60E1D400__vs__60E0FB00,0x79d78,(Unknown - fpu_calc_with_state_routing) 3 X Axis,0x43FA,0x4275,389
60E1D400__vs__60E0FB00,0x79d90,(Unknown - fpu_calc_with_state_routing) 3 Y Axis,0xC220,0x42B8,32616
60E1D400__vs__60E0FB00,0x79dac,(Unknown - fpu_calc_with_state_routing) 3,0x147B,0x000A,5233
60E1D400__vs__60E0FB00,0x79e00,(Unknown - fpu_calc_with_state_routing) 4 X Axis,0x447A,0x00C3,17335
60E1D400__vs__60E0FB00,0x79e14,(Unknown - fpu_calc_with_state_routing) 4 Y Axis,0x40A0,0x40A3,-3
60E1D400__vs__60E0FB00,0x79e30,(Unknown - fpu_calc_with_state_routing) 4,0x278D,0x4223,-6806
60E1D400__vs__60E0FB00,0x79e78,(Unknown - fpu_calc_conditional_branch) 2 X Axis,0x43FA,0x000A,17392
60E1D400__vs__60E0FB00,0x79e90,(Unknown - fpu_calc_conditional_branch) 2 Y Axis,0xC220,0x0044,49628
60E1D400__vs__60E0FB00,0x79eac,(Unknown - fpu_calc_conditional_branch) 2,0x72D9,0x40A3,12854
60E1D400__vs__60E0FB00,0x79f00,(Unknown - fpu_calc_conditional_branch) 3 X Axis,0x447A,0x42E1,409
60E1D400__vs__60E0FB00,0x79f14,(Unknown - fpu_calc_conditional_branch) 3 Y Axis,0x40A0,0x0014,16524
60E1D400__vs__60E0FB00,0x79f2c,(Unknown - fpu_calc_conditional_branch) 3,0xA82E,0x004C,42978
60E1D400__vs__60E0FB00,0x79f68,(Unknown - fpu_calc_with_state_transition) 2 X Axis,0x447A,0x018E,17132
60E1D400__vs__60E0FB00,0x79f7c,(Unknown - fpu_calc_with_state_transition) 2 Y Axis,0x40A0,0x4175,-213
60E1D400__vs__60E0FB00,0x79f94,(Unknown - fpu_calc_with_state_transition) 2,0x605B,0x4238,7715
60E1D400__vs__60E0FB00,0x7a028,RPM Based Max Engine Load Y Axis,0x43FA,0x45DA,-480
60E1D400__vs__60E0FB00,0x7a070,RPM Based Max Engine Load,0x5852,0x0369,21737
60E1D400__vs__60E0FB00,0x7a094,(Unknown - fpu_pair_accumulate_calc) Y Axis,0xC220,0x036D,48819
60E1D400__vs__60E0FB00,0x7a0b4,(Unknown - fpu_pair_accumulate_calc),0xA3CC,0x035F,41069
60E1D400__vs__60E0FB00,0x7a0c4,Max Load - Barometric Pressure Compensation Y Axis,0x4256,0x03AE,16040
60E1D400__vs__60E0FB00,0x7a0e4,Max Load - Barometric Pressure Compensation,0x4400,0x037C,16516
60E1D400__vs__60E0FB00,0x7a0f4,(Unknown - extensive_fpu_conditional_threshold_calc) Y Axis,0x447A,0x0310,16746
60E1D400__vs__60E0FB00,0x7a118,(Unknown - extensive_fpu_conditional_threshold_calc),0x6B85,0x033F,26694
60E1D400__vs__60E0FB00,0x7a12c,(Unknown - extensive_fpu_conditional_threshold_calc) 2 Y Axis,0x447A,0x0385,16629
60E1D400__vs__60E0FB00,0x7a150,(Unknown - extensive_fpu_conditional_threshold_calc) 2,0x947B,0x0388,37107
60E1D400__vs__60E0FB00,0x7a230,Knock Voltage To Magnitude Y Axis,0x3C20,0x420C,-1516
60E1D400__vs__60E0FB00,0x7a318,Knock Voltage To Magnitude,0x000A,0x3F80,-16246
60E1D400__vs__60E0FB00,0x7a354,Knock Related 1 Y Axis,0x43FA,0x1388,12402
60E1D400__vs__60E0FB00,0x7a38c,Knock Related 1,0x00F3,0x40A0,-16301
60E1D400__vs__60E0FB00,0x7a3a8,Knock Related 2 Y Axis,0x43FA,0x1388,12402
60E1D400__vs__60E0FB00,0x7a3e0,Knock Related 2,0x00E0,0x3F80,-16032
60E1D400__vs__60E0FB00,0x7a3fc,Knock Related Y Axis,0x4448,0x3F80,1224
60E1D400__vs__60E0FB00,0x7a400,Knock Related,0x4100,0x4000,256
60E1D400__vs__60E0FB00,0x7a404,Knock Related 3 Y Axis,0x43FA,0x4040,954
60E1D400__vs__60E0FB00,0x7a408,Knock Related 3,0x4180,0x1388,11768
60E1D400__vs__60E0FB00,0x7a40c,Knock Rel #4 X Axis,0x3F10,0x1388,11144
60E1D400__vs__60E0FB00,0x7a424,Knock Rel #4 Y Axis,0x43FA,0x1388,12402
60E1D400__vs__60E0FB00,0x7a450,Knock Rel #4,0x2C32,0x4080,-5198
60E1D400__vs__60E0FB00,0x7a494,Knock Rel #0 X Axis,0x3F10,0x1388,11144
60E1D400__vs__60E0FB00,0x7a4ac,Knock Rel #0 Y Axis,0x43FA,0x4000,1018
60E1D400__vs__60E0FB00,0x7a4d8,Knock Rel #0,0x2E32,0x0000,11826
60E1D400__vs__60E0FB00,0x7a538,(Unknown - extensive_fpu_multi_calc_selector) Y Axis,0x0000,0x4040,-16448
60E1D400__vs__60E0FB00,0x7a554,(Unknown - extensive_fpu_multi_calc_selector),0x501E,0x9905,-18663
60E1D400__vs__60E0FB00,0x7a55c,(Unknown - extensive_fpu_multi_calc_selector) 2 Y Axis,0x43E1,0x8C6A,-18569
60E1D400__vs__60E0FB00,0x7a58c,(Unknown - extensive_fpu_multi_calc_selector) 2,0x0062,0xAD68,-44294
60E1D400__vs__60E0FB00,0x7a5a4,VDI Open,0x45E2,0xAAE8,-25862
60E1D400__vs__60E0FB00,0x7a600,Airflow Or Load Related Y Axis,0x3E80,0x451C,-1692
60E1D400__vs__60E0FB00,0x7a628,Airflow Or Load Related,0x04C0,0x40A0,-15328
60E1D400__vs__60E0FB00,0x7a63c,MAF Related Y Axis,0x0000,0x1C6A,-7274
60E1D400__vs__60E0FB00,0x7a65c,MAF Related,0x001A,0x0A4E,-2612
60E1D400__vs__60E0FB00,0x7a66c,Fuel Injection Control Callback (Map) Y Axis,0xC170,0x1323,44621
60E1D400__vs__60E0FB00,0x7a698,Fuel Injection Control Callback (Map),0xFFFC,0x1852,59306
60E1D400__vs__60E0FB00,0x7a6b0,Fuel Injection Control Callback (Map) 2 Y Axis,0xC170,0x5DC9,25511
60E1D400__vs__60E0FB00,0x7a6dc,Fuel Injection Control Callback (Map) 2,0xFFFC,0x447A,48002
60E1D400__vs__60E0FB00,0x7a6f4,Fuel Injection Control Callback (Map) 3 Y Axis,0xC170,0x457A,31734
60E1D400__vs__60E0FB00,0x7a720,Fuel Injection Control Callback (Map) 3,0x024B,0x9E1D,-39890
60E1D400__vs__60E0FB00,0x7a738,Fuel Injection - Control Threshold vs Coolant Temp Y Axis,0xC170,0xA6B7,6841
60E1D400__vs__60E0FB00,0x7a764,Fuel Injection - Control Threshold vs Coolant Temp,0xFFFF,0xA304,23803
60E1D400__vs__60E0FB00,0x7a77c,Fuel Injection - Calibration vs Coolant Temp Y Axis,0xC1A0,0xA548,7256
60E1D400__vs__60E0FB00,0x7a7a4,Fuel Injection - Calibration vs Coolant Temp,0x0CF8,0x9E09,-37137
60E1D400__vs__60E0FB00,0x7a7c8,Dtc Snapshot Manager (Map) Y Axis,0x43FA,0x003E,17340
60E1D400__vs__60E0FB00,0x7a7f0,Dtc Snapshot Manager (Map),0x8080,0x003F,32833
60E1D400__vs__60E0FB00,0x7a7fc,Compensated Barometric Pressure Y Axis,0x4257,0x428C,-53
60E1D400__vs__60E0FB00,0x7a80c,Compensated Barometric Pressure,0x4458,0x0000,17496
60E1D400__vs__60E0FB00,0x7a810,(Unknown - motor_control_task) X Axis,0x43FA,0x4248,434
60E1D400__vs__60E0FB00,0x7a828,(Unknown - motor_control_task) Y Axis,0x3E3A,0x3E80,-70
60E1D400__vs__60E0FB00,0x7a838,(Unknown - motor_control_task),0x19DA,0x0000,6618
60E1D400__vs__60E0FB00,0x7a8b0,UDS - Protocol Threshold vs Coolant Temp Y Axis,0xC220,0x0000,49696
60E1D400__vs__60E0FB00,0x7a8cc,UDS - Protocol Threshold vs Coolant Temp,0x19A2,0x8080,-26334
60E1D400__vs__60E0FB00,0x7a8dc,Uds Protocol (Map) Y Axis,0xC220,0x0000,49696
60E1D400__vs__60E0FB00,0x7a8f8,Uds Protocol (Map),0x2332,0x0000,9010
60E1D400__vs__60E0FB00,0x7a930,Barometric Pressure Sensor Min Voltage,0x3E4C,0x44AF,-1635
60E1D400__vs__60E0FB00,0x7a934,Barometric Pressure Sensor Max Voltage,0x4099,0x44FA,-1121
60E1D400__vs__60E0FB00,0x7a9bc,Barometric Pressure Sensor Offset,0x3C95,0x1924,9073
60E1D400__vs__60E0FB00,0x7a9c0,Barometric Pressure Sensor Slope,0x41CA,0x12E4,12006
60E1D400__vs__60E0FB00,0x7a9d4,Off Throttle Leading Timing Realted Y Axis,0xC220,0x128D,44947
60E1D400__vs__60E0FB00,0x7a9f8,Off Throttle Leading Timing Realted,0x6E6E,0x0000,28270
60E1D400__vs__60E0FB00,0x7aa04,Ignition Trailing - Cranking Timing Advance Y Axis,0xC220,0x3E80,33696
60E1D400__vs__60E0FB00,0x7aa28,Ignition Trailing - Cranking Timing Advance,0x6E6E,0x447A,10740
60E1D400__vs__60E0FB00,0x7aa74,Sensor Processing (Map) X Axis,0x3E00,0x9F66,-24934
60E1D400__vs__60E0FB00,0x7aa98,Sensor Processing (Map) Y Axis,0x43FA,0x5700,-4870
60E1D400__vs__60E0FB00,0x7aabc,Sensor Processing (Map),0x0000,0x1866,-6246
60E1D400__vs__60E0FB00,0x7ab10,Boost Pressure Feedback (Map) X Axis,0x3E00,0x1F33,7885
60E1D400__vs__60E0FB00,0x7ab34,Boost Pressure Feedback (Map) Y Axis,0x43FA,0x0C00,14330
60E1D400__vs__60E0FB00,0x7ab58,Boost Pressure Feedback (Map),0x001C,0x0C00,-3044
60E1D400__vs__60E0FB00,0x7abfc,Fuel Calculation Callback (Map) X Axis,0x3E00,0x45BB,-1979
60E1D400__vs__60E0FB00,0x7ac20,Fuel Calculation Callback (Map) Y Axis,0x43FA,0x3F00,1274
60E1D400__vs__60E0FB00,0x7ac44,Fuel Calculation Callback (Map),0x0000,0x44BB,-17595
60E1D400__vs__60E0FB00,0x7ace8,Fuel Calculation Callback (Map) 2 X Axis,0x3E00,0x0014,15852
60E1D400__vs__60E0FB00,0x7ad0c,Fuel Calculation Callback (Map) 2 Y Axis,0x43FA,0x451C,-290
60E1D400__vs__60E0FB00,0x7ad30,Fuel Calculation Callback (Map) 2,0x0000,0x4604,-17924
60E1D400__vs__60E0FB00,0x7add4,Throttle - Liftoff - Fuel Cut Trigger X Axis,0x3E00,0x4130,-816
60E1D400__vs__60E0FB00,0x7add8,Throttle - Liftoff - Fuel Cut Trigger Y Axis,0x43FA,0x3D4C,1710
60E1D400__vs__60E0FB00,0x7addc,Throttle - Liftoff - Fuel Cut Trigger,0x0000,0x0303,-771
60E1D400__vs__60E0FB00,0x7ade0,Throttle - Liftoff - Fuel Cut Release X Axis,0x3E00,0x0302,15102
60E1D400__vs__60E0FB00,0x7ade4,Throttle - Liftoff - Fuel Cut Release Y Axis,0x43FA,0x0202,16888
60E1D400__vs__60E0FB00,0x7ade8,Throttle - Liftoff - Fuel Cut Release,0x0000,0x0303,-771
60E1D400__vs__60E0FB00,0x7ae34,(Unknown - transmission_control) Y Axis,0x43FA,0x0006,17396
60E1D400__vs__60E0FB00,0x7ae7c,(Unknown - transmission_control),0x1C1B,0x42C8,-9901
60E1D400__vs__60E0FB00,0x7ae90,State Machine - Scalar Threshold Y Axis,0x0000,0x0271,-625
60E1D400__vs__60E0FB00,0x7ae94,State Machine - Scalar Threshold,0x3FA3,0x453B,-1432
60E1D400__vs__60E0FB00,0x7ae98,Fuel Control - Scalar Threshold Y Axis,0x0000,0x448F,-17551
60E1D400__vs__60E0FB00,0x7ae9c,Fuel Control - Scalar Threshold,0x3F33,0x4348,-1045
60E1D400__vs__60E0FB00,0x7af24,Injection Angle Related AFR Input Y Axis,0x0000,0x0019,-25
60E1D400__vs__60E0FB00,0x7af48,Injection Angle Related AFR Input,0x323C,0x0026,12822
60E1D400__vs__60E0FB00,0x7af54,Unknown Lambda Input Y Axis,0x3F33,0x4150,-541
60E1D400__vs__60E0FB00,0x7af74,Unknown Lambda Input,0x0708,0x4060,-14680
60E1D400__vs__60E0FB00,0x7af7c,(Unknown - fpu_accumulate_ch0) Y Axis,0x3F33,0x4140,-525
60E1D400__vs__60E0FB00,0x7af9c,(Unknown - fpu_accumulate_ch0),0x0708,0x4302,-15354
60E1D400__vs__60E0FB00,0x7afa4,AirFlow Inj Angle Related Y Axis,0x0000,0x3FC0,-16320
60E1D400__vs__60E0FB00,0x7b008,AirFlow Inj Angle Related,0x000A,0x42A0,-17046
60E1D400__vs__60E0FB00,0x7b03c,(Unknown - fpu_control_calc) Y Axis,0xC220,0x0000,49696
60E1D400__vs__60E0FB00,0x7b05c,(Unknown - fpu_control_calc),0x00C3,0x430C,-16969
60E1D400__vs__60E0FB00,0x7b06c,(Unknown - fpu_accumulate_ch0) 2 Y Axis,0x0000,0x0000,0
60E1D400__vs__60E0FB00,0x7b0d0,(Unknown - fpu_accumulate_ch0) 2,0x0005,0x0001,4
60E1D400__vs__60E0FB00,0x7b104,(Unknown - fpu_accumulate_ch0) 3 Y Axis,0x0000,0x42F0,-17136
60E1D400__vs__60E0FB00,0x7b168,(Unknown - fpu_accumulate_ch0) 3,0x0005,0x3F19,-16148
60E1D400__vs__60E0FB00,0x7b19c,(Unknown - fpu_accumulate_ch0) 4 Y Axis,0xC220,0x04E2,48446
60E1D400__vs__60E0FB00,0x7b1bc,(Unknown - fpu_accumulate_ch0) 4,0x00C3,0x0138,-117
60E1D400__vs__60E0FB00,0x7b1cc,(Unknown - fpu_accumulate_ch2) Y Axis,0x0000,0x428C,-17036
60E1D400__vs__60E0FB00,0x7b204,(Unknown - fpu_accumulate_ch2),0x0030,0x3CA3,-15475
60E1D400__vs__60E0FB00,0x7b220,(Unknown - fpu_accumulate_ch2) 2 Y Axis,0xC220,0x3C23,34301
60E1D400__vs__60E0FB00,0x7b240,(Unknown - fpu_accumulate_ch2) 2,0x03CF,0x3DF5,-14886
60E1D400__vs__60E0FB00,0x7b250,Injection Angle X Axis,0x43FA,0x3E4C,1454
60E1D400__vs__60E0FB00,0x7b298,Injection Angle Y Axis,0x3E00,0x4120,-800
60E1D400__vs__60E0FB00,0x7b2b8,Injection Angle,0x0208,0x42A0,-16536
60E1D400__vs__60E0FB00,0x7b43c,Air Bleed Control (Map) Y Axis,0x3F00,0x1A26,9434
60E1D400__vs__60E0FB00,0x7b464,Air Bleed Control (Map),0x5050,0x3E4C,4612
60E1D400__vs__60E0FB00,0x7b470,Idle Correction Interpolation (Map) Y Axis,0x0000,0x403B,-16443
60E1D400__vs__60E0FB00,0x7b4a0,Idle Correction Interpolation (Map),0x6464,0x4120,9028
60E1D400__vs__60E0FB00,0x7b4ac,Ignition Knock - RPM Knock Retard Y Axis,0x43FA,0x4220,474
60E1D400__vs__60E0FB00,0x7b4d8,Ignition Knock - RPM Knock Retard,0x1414,0x40D0,-11452
60E1D400__vs__60E0FB00,0x7b4e4,Air Filter Control (Map) Y Axis,0x43FA,0x4124,726
60E1D400__vs__60E0FB00,0x7b510,Air Filter Control (Map),0x000A,0x3F47,-16189
60E1D400__vs__60E0FB00,0x7b51c,Fuel Correction Update (Map) Y Axis,0x3F80,0x3FF9,-121
60E1D400__vs__60E0FB00,0x7b534,Fuel Correction Update (Map),0x1919,0x41AF,-10390
60E1D400__vs__60E0FB00,0x7b53c,Exhaust Control (Map) Y Axis,0x3F80,0x4209,-649
60E1D400__vs__60E0FB00,0x7b554,Exhaust Control (Map),0x0309,0x428F,-16262
60E1D400__vs__60E0FB00,0x7b55a,Air Bleed Control (Map) 2,0x72FA,0x8000,-3334
60E1D400__vs__60E0FB00,0x7b570,Exhaust Control (Map) 2 X Axis,0x0000,0x42EE,-17134
60E1D400__vs__60E0FB00,0x7b58c,Exhaust Control (Map) 2 Y Axis,0x0000,0x4405,-17413
60E1D400__vs__60E0FB00,0x7b59c,Exhaust Control (Map) 2,0x1388,0x859F,-29207
60E1D400__vs__60E0FB00,0x7b5d4,Exhaust Control (Map) 3 X Axis,0x0000,0xFFFF,-65535
60E1D400__vs__60E0FB00,0x7b5f0,Exhaust Control (Map) 3 Y Axis,0x0000,0x0A0C,-2572
60E1D400__vs__60E0FB00,0x7b600,Exhaust Control (Map) 3,0x1388,0xEEFF,-56183
60E1D400__vs__60E0FB00,0x7b638,Exhaust Control (Map) 4 X Axis,0x0000,0x0A0C,-2572
60E1D400__vs__60E0FB00,0x7b654,Exhaust Control (Map) 4 Y Axis,0x0000,0x1112,-4370
60E1D400__vs__60E0FB00,0x7b664,Exhaust Control (Map) 4,0x1388,0xFFFF,-60535
60E1D400__vs__60E0FB00,0x7b69c,Exhaust Control (Map) 5 X Axis,0x0000,0x45F6,-17910
60E1D400__vs__60E0FB00,0x7b6b8,Exhaust Control (Map) 5 Y Axis,0x0000,0x44FA,-17658
60E1D400__vs__60E0FB00,0x7b6c8,Exhaust Control (Map) 5,0x1388,0x45BB,-12851
60E1D400__vs__60E0FB00,0x7b700,Ignition Advance - Interpolated Map X Axis,0x0000,0x04A4,-1188
60E1D400__vs__60E0FB00,0x7b71c,Ignition Advance - Interpolated Map Y Axis,0x0000,0x01BD,-445
60E1D400__vs__60E0FB00,0x7b72c,Ignition Advance - Interpolated Map,0x0000,0x01FE,-510
60E1D400__vs__60E0FB00,0x7b764,Fuel Pressure (Map) 8 X Axis,0x43FA,0x01BD,16957
60E1D400__vs__60E0FB00,0x7b78c,Fuel Pressure (Map) 8 Y Axis,0x3F80,0x032C,15444
60E1D400__vs__60E0FB00,0x7b7ac,Fuel Pressure (Map) 8,0xA11A,0x000A,41232
60E1D400__vs__60E0FB00,0x7b84c,Fuel Pressure (Map) 9 X Axis,0x43FA,0x0741,15545
60E1D400__vs__60E0FB00,0x7b874,Fuel Pressure (Map) 9 Y Axis,0x3F80,0x0000,16256
60E1D400__vs__60E0FB00,0x7b894,Fuel Pressure (Map) 9,0x2831,0x4100,-6351
60E1D400__vs__60E0FB00,0x7b934,Fuel Pressure (Map) 10 X Axis,0x43FA,0x0100,17146
60E1D400__vs__60E0FB00,0x7b95c,Fuel Pressure (Map) 10 Y Axis,0x3F80,0x0100,16000
60E1D400__vs__60E0FB00,0x7b97c,Fuel Pressure (Map) 10,0x9E1D,0x0100,40221
60E1D400__vs__60E0FB00,0x7ba94,Knock Limit - Zero Table vs Axis Y Axis,0x0000,0x428C,-17036
60E1D400__vs__60E0FB00,0x7bab0,Knock Limit - Zero Table vs Axis,0x0000,0x07BB,-1979
60E1D400__vs__60E0FB00,0x7bacc,Knock Limit - Factor vs Axis Y Axis,0x3DCC,0x428C,-1216
60E1D400__vs__60E0FB00,0x7bae0,Knock Limit - Factor vs Axis,0x3F80,0x0666,14618
60E1D400__vs__60E0FB00,0x7baf4,Omp Fault Detect (Map) X Axis,0x3E00,0x41F0,-1008
60E1D400__vs__60E0FB00,0x7bb18,Omp Fault Detect (Map) Y Axis,0x43FA,0x1A1D,10717
60E1D400__vs__60E0FB00,0x7bb3c,Omp Fault Detect (Map),0x0000,0x428C,-17036
60E1D400__vs__60E0FB00,0x7bb90,Ignition Knock - Retard Limit X Axis,0x3E00,0x07BB,13893
60E1D400__vs__60E0FB00,0x7bbb4,Ignition Knock - Retard Limit Y Axis,0x43FA,0x42B4,326
60E1D400__vs__60E0FB00,0x7bbd8,Ignition Knock - Retard Limit,0x41C0,0x4220,-96
60E1D400__vs__60E0FB00,0x7bd28,(Unknown - fpu_division_calc) X Axis,0x3E23,0x9BBE,-23963
60E1D400__vs__60E0FB00,0x7bd50,(Unknown - fpu_division_calc) Y Axis,0x4443,0x42A0,419
60E1D400__vs__60E0FB00,0x7bd94,(Unknown - fpu_division_calc),0x41AE,0x3A7F,1839
60E1D400__vs__60E0FB00,0x7c050,Fuel Temperature Correction (Map) Y Axis,0x442F,0x429D,402
60E1D400__vs__60E0FB00,0x7c084,Fuel Temperature Correction (Map),0x4343,0x0000,17219
60E1D400__vs__60E0FB00,0x7c094,Fuel Flow Limiter (Map) X Axis,0x3E00,0x0000,15872
60E1D400__vs__60E0FB00,0x7c0bc,Fuel Flow Limiter (Map) Y Axis,0x43FA,0x42A0,346
60E1D400__vs__60E0FB00,0x7c0dc,Fuel Flow Limiter (Map),0x0080,0x0000,128
60E1D400__vs__60E0FB00,0x7c184,Load Limit A Y Axis,0x4443,0x428C,439
60E1D400__vs__60E0FB00,0x7c1b4,Load Limit A,0x3EB3,0x3F93,-224
60E1D400__vs__60E0FB00,0x7c1e4,Load Limit B Y Axis,0x4443,0xF424,-45025
60E1D400__vs__60E0FB00,0x7c214,Load Limit B,0x3F26,0x3E4C,218
60E1D400__vs__60E0FB00,0x7c32c,Load Limit C Y Axis,0x43FA,0x0030,17354
60E1D400__vs__60E0FB00,0x7c354,Load Limit C,0x03E8,0x0043,933
60E1D400__vs__60E0FB00,0x7c3b4,Misfire DTC - Threshold 1 vs Voltage Axis Y Axis,0x40B0,0x006D,16451
60E1D400__vs__60E0FB00,0x7c3c4,Misfire DTC - Threshold 1 vs Voltage Axis,0x007D,0x0075,8
60E1D400__vs__60E0FB00,0x7c3cc,Misfire DTC - Threshold 2 vs Voltage Axis Y Axis,0x40B0,0x0079,16439
60E1D400__vs__60E0FB00,0x7c3dc,Misfire DTC - Threshold 2 vs Voltage Axis,0x007D,0x0081,-4
60E1D400__vs__60E0FB00,0x7c3e4,Misfire DTC - Threshold 3 vs Voltage Axis Y Axis,0x40C4,0x0085,16447
60E1D400__vs__60E0FB00,0x7c3f4,Misfire DTC - Threshold 3 vs Voltage Axis,0x4060,0x1100,12128
60E1D400__vs__60E0FB00,0x7c48c,(Unknown - ctrl_toggle) Y Axis,0x0000,0x1100,-4352
60E1D400__vs__60E0FB00,0x7c4b4,(Unknown - ctrl_toggle),0x0000,0x1100,-4352
60E1D400__vs__60E0FB00,0x7c4c0,(Unknown - ctrl_toggle) 2 Y Axis,0x0000,0x1100,-4352
60E1D400__vs__60E0FB00,0x7c4e8,(Unknown - ctrl_toggle) 2,0x0000,0x1100,-4352
60E1D400__vs__60E0FB00,0x7c4f4,(Unknown - ctrl_toggle) 3 Y Axis,0x0000,0x1100,-4352
60E1D400__vs__60E0FB00,0x7c51c,(Unknown - ctrl_toggle) 3,0x7878,0x1100,26488
60E1D400__vs__60E0FB00,0x7c528,Ctrl Toggle - Constant vs Axis Y Axis,0x0000,0x1100,-4352
60E1D400__vs__60E0FB00,0x7c550,Ctrl Toggle - Constant vs Axis,0x0001,0x1100,-4351
60E1D400__vs__60E0FB00,0x7c564,Primary Fuel Injector Cranking Pulse Decay Time Y Axis,0xC220,0x2400,40480
60E1D400__vs__60E0FB00,0x7c588,Primary Fuel Injector Cranking Pulse Decay Time,0x0303,0x1100,-3581
60E1D400__vs__60E0FB00,0x7c5f8,PWM Duty - Constant vs Axis Y Axis,0x0000,0x1100,-4352
60E1D400__vs__60E0FB00,0x7c61c,PWM Duty - Constant vs Axis,0x04E2,0x1100,-3102
60E1D400__vs__60E0FB00,0x7c664,Ctrl Cache - Correction 1 vs Axis Y Axis,0x469C,0x0000,18076
60E1D400__vs__60E0FB00,0x7c678,Ctrl Cache - Correction 1 vs Axis,0xBC23,0x0303,47392
60E1D400__vs__60E0FB00,0x7c68c,Ctrl Cache - Correction 2 vs Axis Y Axis,0x469C,0x0303,17305
60E1D400__vs__60E0FB00,0x7c6a0,Ctrl Cache - Correction 2 vs Axis,0x3C23,0xFFFF,-50140
60E1D400__vs__60E0FB00,0x7c6bc,(Unknown - debug_output) Y Axis,0x3DCC,0x0000,15820
60E1D400__vs__60E0FB00,0x7c6d8,(Unknown - debug_output),0x1A1A,0x0000,6682
60E1D400__vs__60E0FB00,0x7c6e0,(Unknown - debug_output) 2 Y Axis,0x447A,0x0000,17530
60E1D400__vs__60E0FB00,0x7c708,(Unknown - debug_output) 2,0x9678,0x0000,38520
60E1D400__vs__60E0FB00,0x7c718,Datalog - Sample Rate vs RPM Y Axis,0x43FA,0x0000,17402
60E1D400__vs__60E0FB00,0x7c730,Datalog - Sample Rate vs RPM,0x0505,0x0000,1285
60E1D400__vs__60E0FB00,0x7c738,(Unknown - datalog_format) Y Axis,0x43FA,0x0000,17402
60E1D400__vs__60E0FB00,0x7c750,(Unknown - datalog_format),0x051F,0x0202,797
60E1D400__vs__60E0FB00,0x7c75c,(Unknown - datalog_write) Y Axis,0x0000,0x0101,-257
60E1D400__vs__60E0FB00,0x7c780,(Unknown - datalog_write),0x0000,0x0202,-514
60E1D400__vs__60E0FB00,0x7c794,(Unknown - datalog_write) 2 X Axis,0xC220,0x0101,49439
60E1D400__vs__60E0FB00,0x7c7b8,(Unknown - datalog_write) 2 Y Axis,0x43FA,0x0202,16888
60E1D400__vs__60E0FB00,0x7c7d0,(Unknown - datalog_write) 2,0x1A1A,0x0303,5911
60E1D400__vs__60E0FB00,0x7c808,(Unknown - datalog_write) 3 X Axis,0xC220,0x0303,48925
60E1D400__vs__60E0FB00,0x7c82c,(Unknown - datalog_write) 3 Y Axis,0x43FA,0x0303,16631
60E1D400__vs__60E0FB00,0x7c844,(Unknown - datalog_write) 3,0x1A1A,0x0303,5911
60E1D400__vs__60E0FB00,0x7c8b0,Datalog - Engine - Trace Level Table Y Axis,0xC220,0x2828,39416
60E1D400__vs__60E0FB00,0x7c8ec,Datalog - Engine - Trace Level Table,0x8080,0x0032,32846
60E1D400__vs__60E0FB00,0x7c8fc,Datalog - Battery - Voltage Correction Table Y Axis,0x40D0,0x0107,16329
60E1D400__vs__60E0FB00,0x7c920,Datalog - Battery - Voltage Correction Table,0x9F96,0x0172,40484
60E1D400__vs__60E0FB00,0x7c92c,Datalog - Engine - Load Matrix X Axis,0x0000,0x0336,-822
60E1D400__vs__60E0FB00,0x7c98c,Datalog - Engine - Load Matrix Y Axis,0x0000,0x2068,-8296
60E1D400__vs__60E0FB00,0x7c9b4,Datalog - Engine - Load Matrix,0x0A0C,0x2196,-6026
60E1D400__vs__60E0FB00,0x7cad8,Ignition Dwell Time_ X Axis,0x447A,0x0101,17273
60E1D400__vs__60E0FB00,0x7cafc,Ignition Dwell Time_ Y Axis,0x40D0,0x0000,16592
60E1D400__vs__60E0FB00,0x7cb20,Ignition Dwell Time_,0x0767,0x0101,1638
60E1D400__vs__60E0FB00,0x7ccb4,Diag/Test - Zero Table 1 vs Index Y Axis,0x0000,0x0000,0
60E1D400__vs__60E0FB00,0x7ccdc,Diag/Test - Zero Table 1 vs Index,0x0000,0x4080,-16512
60E1D400__vs__60E0FB00,0x7cd04,Diag/Test - Zero Table 2 vs Index Y Axis,0x0000,0x4080,-16512
60E1D400__vs__60E0FB00,0x7cd2c,Diag/Test - Zero Table 2 vs Index,0x0000,0x0880,-2176
60E1D400__vs__60E0FB00,0x7cd54,Diag/Test - Zero Table 3 vs Index Y Axis,0x0000,0x0080,-128
60E1D400__vs__60E0FB00,0x7cd7c,Diag/Test - Zero Table 3 vs Index,0x0000,0x0880,-2176
60E1D400__vs__60E0FB00,0x7cda4,Diag/Test - Zero Table 4 vs Index Y Axis,0x0000,0x4880,-18560
60E1D400__vs__60E0FB00,0x7cdcc,Diag/Test - Zero Table 4 vs Index,0x0000,0x4880,-18560
60E1D400__vs__60E0FB00,0x7cdf4,Diag/Test - Zero Table 5 vs Index Y Axis,0x0000,0x0080,-128
60E1D400__vs__60E0FB00,0x7ce1c,Diag/Test - Zero Table 5 vs Index,0x0000,0x4880,-18560
60E1D400__vs__60E0FB00,0x7ce44,Diag/Test - Zero Table 6 vs Index Y Axis,0x0000,0x4080,-16512
60E1D400__vs__60E0FB00,0x7ce6c,Diag/Test - Zero Table 6 vs Index,0x0000,0x4080,-16512
60E1D400__vs__60E0FB00,0x7ce94,Diag/Test - Zero Table 7 vs Index Y Axis,0x0000,0x0880,-2176
60E1D400__vs__60E0FB00,0x7cebc,Diag/Test - Zero Table 7 vs Index,0x0000,0x0080,-128
60E1D400__vs__60E0FB00,0x7cf0c,Diag/Test - Zero Table 8 vs Index,0x0000,0xFFFE,-65534
60E1D400__vs__60E0FB00,0x7cf34,Diag/Test - Zero Table 9 vs Index Y Axis,0x0000,0x03FC,-1020
60E1D400__vs__60E0FB00,0x7cf5c,Diag/Test - Zero Table 9 vs Index,0x0000,0xFFFE,-65534
60E1D400__vs__60E0FB00,0x7cf84,Diag/Test - Zero Table 10 vs Index Y Axis,0x0000,0xFFFE,-65534
60E1D400__vs__60E0FB00,0x7cfac,Diag/Test - Zero Table 10 vs Index,0x0000,0x1556,-5462
60E1D400__vs__60E0FB00,0x7cfd4,Diag/Test - Zero Table 11 vs Index Y Axis,0x0000,0xFFFE,-65534
60E1D400__vs__60E0FB00,0x7cffc,Diag/Test - Zero Table 11 vs Index,0x0000,0x03C0,-960
60E1D400__vs__60E0FB00,0x7d04c,Diag/Test - Zero Table 12 vs Index,0x0000,0x0011,-17
60E1D400__vs__60E0FB00,0x7d074,Diag/Test - Zero Table 13 vs Index Y Axis,0x0000,0x005B,-91
60E1D400__vs__60E0FB00,0x7d09c,Diag/Test - Zero Table 13 vs Index,0x0000,0x0009,-9
60E1D400__vs__60E0FB00,0x7d0d0,Ignition Timing Monitor - Threshold vs Coolant Temp Y Axis,0x4120,0x005E,16578
60E1D400__vs__60E0FB00,0x7d0f4,Ignition Timing Monitor - Threshold vs Coolant Temp,0x110D,0x000C,4353
60E1D400__vs__60E0FB00,0x7d108,Oxygen Sensor Monitor (Map) X Axis,0x0000,0x002E,-46
60E1D400__vs__60E0FB00,0x7d128,Oxygen Sensor Monitor (Map) Y Axis,0x0000,0x0004,-4
60E1D400__vs__60E0FB00,0x7d150,Oxygen Sensor Monitor (Map),0x0100,0x0020,224
60E1D400__vs__60E0FB00,0x7d1a0,Oxygen Sensor Monitor (Map) 2 X Axis,0x0000,0x000C,-12
60E1D400__vs__60E0FB00,0x7d1c0,Oxygen Sensor Monitor (Map) 2 Y Axis,0x0000,0x0030,-48
60E1D400__vs__60E0FB00,0x7d1e8,Oxygen Sensor Monitor (Map) 2,0x0100,0x0070,144
60E1D400__vs__60E0FB00,0x7d254,Diag Detector (Map) Y Axis,0x412A,0x0054,16598
60E1D400__vs__60E0FB00,0x7d274,Diag Detector (Map),0x8C6E,0x0053,35867
60E1D400__vs__60E0FB00,0x7d2bc,Coil Control (Map) Y Axis,0x4120,0x005A,16582
60E1D400__vs__60E0FB00,0x7d2e0,Coil Control (Map),0x1A1D,0x0015,6664
60E1D400__vs__60E0FB00,0x7d2f4,Coil Control (Map) 2 Y Axis,0x4120,0x0066,16570
60E1D400__vs__60E0FB00,0x7d318,Coil Control (Map) 2,0x2330,0x0064,8908
60E1D400__vs__60E0FB00,0x7d32c,Coil Control (Map) 3 Y Axis,0x4120,0x003F,16609
60E1D400__vs__60E0FB00,0x7d350,Coil Control (Map) 3,0x07BB,0x005E,1885
60E1D400__vs__60E0FB00,0x7d364,Coil Control (Map) 4 Y Axis,0x4120,0x001F,16641
60E1D400__vs__60E0FB00,0x7d388,Coil Control (Map) 4,0x0666,0xFFFF,-63897
60E1D400__vs__60E0FB00,0x7d39c,Coil Control (Map) 5 Y Axis,0x4120,0x0014,16652
60E1D400__vs__60E0FB00,0x7d3c0,Coil Control (Map) 5,0x1A1D,0x0012,6667
60E1D400__vs__60E0FB00,0x7d3d4,Coil Control (Map) 6 Y Axis,0x4120,0x0058,16584
60E1D400__vs__60E0FB00,0x7d3f8,Coil Control (Map) 6,0x2330,0x0012,8990
60E1D400__vs__60E0FB00,0x7d40c,Coil Control (Map) 7 Y Axis,0x4120,0x0058,16584
60E1D400__vs__60E0FB00,0x7d430,Coil Control (Map) 7,0x07BB,0x002E,1933
60E1D400__vs__60E0FB00,0x7d444,Coil Control (Map) 8 Y Axis,0x4120,0x000E,16658
60E1D400__vs__60E0FB00,0x7d468,Coil Control (Map) 8,0x0666,0x000F,1623
60E1D400__vs__60E0FB00,0x7d47c,OBD Monitor - Threshold vs Coolant Temp Y Axis,0x4120,0x0035,16619
60E1D400__vs__60E0FB00,0x7d4a0,OBD Monitor - Threshold vs Coolant Temp,0x0A36,0x0053,2531
60E1D400__vs__60E0FB00,0x7d4b4,Coil Correction - Threshold vs Coolant Temp Y Axis,0x4120,0x0015,16651
60E1D400__vs__60E0FB00,0x7d4d8,Coil Correction - Threshold vs Coolant Temp,0x0CE7,0x005C,3211
60E1D400__vs__60E0FB00,0x7d4ec,Coil Control (Map) 9 Y Axis,0x3B1B,0x0007,15124
60E1D400__vs__60E0FB00,0x7d52c,Coil Control (Map) 9,0x265C,0x0007,9813
60E1D400__vs__60E0FB00,0x7d554,(Unknown - eeprom_manager) Y Axis,0x4120,0x0007,16665
60E1D400__vs__60E0FB00,0x7d578,(Unknown - eeprom_manager),0x6D73,0x0007,28012
60E1D400__vs__60E0FB00,0x7d584,(Unknown - linear_interp_2d) Y Axis,0x3B1B,0x0007,15124
60E1D400__vs__60E0FB00,0x7d5c4,(Unknown - linear_interp_2d),0x265C,0x0007,9813
60E1D400__vs__60E0FB00,0x7d5e4,(Unknown - linear_interp_2d) 2 Y Axis,0x4120,0x0007,16665
60E1D400__vs__60E0FB00,0x7d608,(Unknown - linear_interp_2d) 2,0x23CA,0x0007,9155
60E1D400__vs__60E0FB00,0x7d61c,(Unknown - linear_interp_2d) 3 Y Axis,0x4120,0x0007,16665
60E1D400__vs__60E0FB00,0x7d640,(Unknown - linear_interp_2d) 3,0x30A4,0x0007,12445
60E1D400__vs__60E0FB00,0x7d654,EEPROM - Calibration 1 vs Coolant Temp Y Axis,0x4120,0x0007,16665
60E1D400__vs__60E0FB00,0x7d678,EEPROM - Calibration 1 vs Coolant Temp,0x0813,0x0007,2060
60E1D400__vs__60E0FB00,0x7d68c,EEPROM - Calibration 2 vs Coolant Temp Y Axis,0x4120,0x0007,16665
60E1D400__vs__60E0FB00,0x7d6b0,EEPROM - Calibration 2 vs Coolant Temp,0x05F3,0x0007,1516
60E1D400__vs__60E0FB00,0x7d700,Diag Request (Map) Y Axis,0x43FA,0x0007,17395
60E1D400__vs__60E0FB00,0x7d728,Diag Request (Map),0x001A,0x0007,19
60E1D400__vs__60E0FB00,0x7d74c,RTOS - Mutex Threshold vs Coolant Temp Y Axis,0x4120,0x1911,10255
60E1D400__vs__60E0FB00,0x7d770,RTOS - Mutex Threshold vs Coolant Temp,0x2727,0x1F01,2086
60E1D400__vs__60E0FB00,0x7d77c,(Unknown - queue_handler) Y Axis,0x412A,0x1900,10282
60E1D400__vs__60E0FB00,0x7d79c,(Unknown - queue_handler),0x2ED9,0x1102,7639
60E1D400__vs__60E0FB00,0x7d7ac,(Unknown - queue_handler) 2 Y Axis,0x412A,0x1C1D,9485
60E1D400__vs__60E0FB00,0x7d7cc,(Unknown - queue_handler) 2,0x1333,0x0205,4398
60E1D400__vs__60E0FB00,0x7d7f8,(Unknown - isr_checker) Y Axis,0x4120,0x061B,15109
60E1D400__vs__60E0FB00,0x7d81c,(Unknown - isr_checker),0x4017,0x1C1D,9210
60E1D400__vs__60E0FB00,0x7d830,(Unknown - isr_checker) 2 Y Axis,0x4120,0x141B,11525
60E1D400__vs__60E0FB00,0x7d854,(Unknown - isr_checker) 2,0x28F6,0x1F01,2549
60E1D400__vs__60E0FB00,0x7d878,LUT - Zero Table 1 vs Coolant Temp Y Axis,0x4120,0x1900,10272
60E1D400__vs__60E0FB00,0x7d89c,LUT - Zero Table 1 vs Coolant Temp,0x0000,0x1F01,-7937
60E1D400__vs__60E0FB00,0x7d8c0,LUT - Zero Table 2 vs Coolant Temp Y Axis,0x4120,0x0007,16665
60E1D400__vs__60E0FB00,0x7d8e4,LUT - Zero Table 2 vs Coolant Temp,0x0000,0x0007,-7
60E1D400__vs__60E0FB00,0x7d908,EEPROM - Ramp vs Coolant Temp Y Axis,0x4120,0x0007,16665
60E1D400__vs__60E0FB00,0x7d92c,EEPROM - Ramp vs Coolant Temp,0x3D7A,0x0007,15731
60E1D400__vs__60E0FC00,0x6cf6c,Barometric Pressure Sensor Max ADC Count,0xF5C2,0xFFFF,-2621
60E1D400__vs__60E0FC00,0x6cf6e,Barometric Pressure Sensor Min ADC Count,0x0A3D,0xFFFF,-62914
60E1D400__vs__60E0FC00,0x6cfa4,Fuel Injector - Unknown - Max Injection Angle1??? Y Axis,0x4448,0xFFFF,-48055
60E1D400__vs__60E0FC00,0x6cfe4,Fuel Injector - Unknown - Max Injection Angle1???,0x3C3C,0xFFFF,-50115
60E1D400__vs__60E0FC00,0x6cff4,Fuel Injector - Unknown - Max Injection Angle2??? Y Axis,0x4448,0xFFFF,-48055
60E1D400__vs__60E0FC00,0x6d034,Fuel Injector - Unknown - Max Injection Angle2???,0x3C3C,0xFFFF,-50115
60E1D400__vs__60E0FC00,0x6d044,Fuel Injector - Unknown - Max Injection Angle3??? Y Axis,0x4448,0xFFFF,-48055
60E1D400__vs__60E0FC00,0x6d084,Fuel Injector - Unknown - Max Injection Angle3???,0x3C3C,0xFFFF,-50115
60E1D400__vs__60E0FC00,0x6d0ec,Throttle Plate Something Fuel Cut (Map) Y Axis,0x0000,0xFFFF,-65535
60E1D400__vs__60E0FC00,0x6d114,Throttle Plate Something Fuel Cut (Map),0x0000,0xFFFF,-65535
60E1D400__vs__60E0FC00,0x6d120,Off Throttle Fuel Cut - Fuel Resume - Engine Startup Base Y Axis,0x0000,0xFFFF,-65535
60E1D400__vs__60E0FC00,0x6d138,Off Throttle Fuel Cut - Fuel Resume - Engine Startup Base,0x2C2C,0xFFFF,-54227
60E1D400__vs__60E0FC00,0x6d140,Engine Load Correction - Fuel Resume Threshold 1 vs RPM Y Axis,0x43FA,0xFFFF,-48133
60E1D400__vs__60E0FC00,0x6d158,Engine Load Correction - Fuel Resume Threshold 1 vs RPM,0x1919,0xFFFF,-59110
60E1D400__vs__60E0FC00,0x6d160,Engine Load Correction - Fuel Resume Threshold 2 vs RPM Y Axis,0x43FA,0xFFFF,-48133
60E1D400__vs__60E0FC00,0x6d178,Engine Load Correction - Fuel Resume Threshold 2 vs RPM,0x0C0C,0xFFFF,-62451
60E1D400__vs__60E0FC00,0x6d180,Engine Load Correction - Fuel Resume Threshold 3 vs RPM Y Axis,0x43FA,0xFFFF,-48133
60E1D400__vs__60E0FC00,0x6d198,Engine Load Correction - Fuel Resume Threshold 3 vs RPM,0x0C0C,0xFFFF,-62451
60E1D400__vs__60E0FC00,0x6d1a0,Idle Related Y Axis,0xC220,0xFFFF,-15839
60E1D400__vs__60E0FC00,0x6d1e0,Idle Related,0x09C4,0xFFFF,-63035
60E1D400__vs__60E0FC00,0x6d200,Engine Load Correction (Map) X Axis,0x449C,0xFFFF,-47971
60E1D400__vs__60E0FC00,0x6d218,Engine Load Correction (Map) Y Axis,0x3F80,0xFFFF,-49279
60E1D400__vs__60E0FC00,0x6d230,Engine Load Correction (Map),0x4B38,0xFFFF,-46279
60E1D400__vs__60E0FC00,0x6d254,Off Throttle Fuel Cut - Fuel Resume - In Gear Threshold X Axis,0xC220,0xFFFF,-15839
60E1D400__vs__60E0FC00,0x6d294,Off Throttle Fuel Cut - Fuel Resume - In Gear Threshold Y Axis,0x3F80,0xFFFF,-49279
60E1D400__vs__60E0FC00,0x6d2ac,Off Throttle Fuel Cut - Fuel Resume - In Gear Threshold,0x5656,0xFFFF,-43433
60E1D400__vs__60E0FC00,0x6d30c,Off Throttle Fuel Cut - Fuel Resume - NOTUSED X Axis,0xC220,0x0000,49696
60E1D400__vs__60E0FC00,0x6d34c,Off Throttle Fuel Cut - Fuel Resume - NOTUSED Y Axis,0x3F80,0x3030,3920
60E1D400__vs__60E0FC00,0x6d364,Off Throttle Fuel Cut - Fuel Resume - NOTUSED,0x0000,0xFFFF,-65535
60E1D400__vs__60E0FC00,0x6d3c4,Throttle Plate Something Fuel Cut (Map) 2 X Axis,0xC220,0xFFFF,-15839
60E1D400__vs__60E0FC00,0x6d404,Throttle Plate Something Fuel Cut (Map) 2 Y Axis,0x3F80,0x0AC0,13504
60E1D400__vs__60E0FC00,0x6d41c,Throttle Plate Something Fuel Cut (Map) 2,0x0505,0xBF20,-47643
60E1D400__vs__60E0FC00,0x6d47c,Throttle Plate Something Fuel Cut (Map) 3 X Axis,0xC220,0x3EF9,33575
60E1D400__vs__60E0FC00,0x6d4bc,Throttle Plate Something Fuel Cut (Map) 3 Y Axis,0x3F80,0x4548,-1480
60E1D400__vs__60E0FC00,0x6d4d4,Throttle Plate Something Fuel Cut (Map) 3,0x0505,0x45AF,-16554
60E1D400__vs__60E0FC00,0x6d53c,Cold Rev Limit Threshold,0x41A0,0x3C3C,1380
60E1D400__vs__60E0FC00,0x6d544,Cold Rev Limit,0x45AB,0x4448,355
60E1D400__vs__60E0FC00,0x6d54c,Rev Limit,0x460C,0x44C8,324
60E1D400__vs__60E0FC00,0x6d584,Ignition Maybe Idle Base Y Axis,0x442F,0x3C3C,2035
60E1D400__vs__60E0FC00,0x6d59c,Ignition Maybe Idle Base,0x5A5A,0x0000,23130
60E1D400__vs__60E0FC00,0x6d5a4,Ignition Temp Correction? Y Axis,0xC220,0x4170,32944
60E1D400__vs__60E0FC00,0x6d5c8,Ignition Temp Correction?,0x6464,0x43FA,8298
60E1D400__vs__60E0FC00,0x6d5d4,Ignition 2 Y Axis,0x442F,0x4348,231
60E1D400__vs__60E0FC00,0x6d5ec,Ignition 2,0x7878,0x0000,30840
60E1D400__vs__60E0FC00,0x6d5f4,Ignition Leading 0 Y Axis,0xC220,0x4496,32138
60E1D400__vs__60E0FC00,0x6d618,Ignition Leading 0,0x6464,0x1616,20046
60E1D400__vs__60E0FC00,0x6d624,Ignition Timing Lead X Axis,0x3D80,0x459C,-2076
60E1D400__vs__60E0FC00,0x6d64c,Ignition Timing Lead Y Axis,0x4448,0x44FA,-178
60E1D400__vs__60E0FC00,0x6d668,Ignition Timing Lead,0x6464,0x44BB,8105
60E1D400__vs__60E0FC00,0x6d6b0,Ignition Leading 1 X Axis,0x3D80,0x0000,15744
60E1D400__vs__60E0FC00,0x6d700,Ignition Leading 1 Y Axis,0x443B,0x449C,-97
60E1D400__vs__60E0FC00,0x6d748,Ignition Leading 1,0x8484,0x3838,19532
60E1D400__vs__60E0FC00,0x6d8b0,Ignition Leading Base - Safe Mode X Axis,0x3D80,0x0000,15744
60E1D400__vs__60E0FC00,0x6d900,Ignition Leading Base - Safe Mode Y Axis,0x443B,0x42DC,351
60E1D400__vs__60E0FC00,0x6d948,Ignition Leading Base - Safe Mode,0x8484,0x0A0A,31354
60E1D400__vs__60E0FC00,0x6dab0,Ignition Leading Base X Axis,0x3D80,0x42C8,-1352
60E1D400__vs__60E0FC00,0x6db00,Ignition Leading Base Y Axis,0x443B,0x42C8,371
60E1D400__vs__60E0FC00,0x6db48,Ignition Leading Base,0x8484,0x44E1,16291
60E1D400__vs__60E0FC00,0x6dcb0,Ignition Leading 4 X Axis,0x3D80,0xB4AD,-30509
60E1D400__vs__60E0FC00,0x6dcd8,Ignition Leading 4 Y Axis,0x4448,0xB4B6,-28782
60E1D400__vs__60E0FC00,0x6dcf4,Ignition Leading 4,0x7777,0x9C9A,-9507
60E1D400__vs__60E0FC00,0x6dd3c,Ignition X Axis,0x3D80,0xACAC,-28460
60E1D400__vs__60E0FC00,0x6dd8c,Ignition Y Axis,0x443B,0x3E00,1595
60E1D400__vs__60E0FC00,0x6ddd4,Ignition,0x7A7A,0x6E6E,3084
60E1D400__vs__60E0FC00,0x6df3c,Ignition 0 - Safe Mode X Axis,0x3D80,0x928D,-21773
60E1D400__vs__60E0FC00,0x6df8c,Ignition 0 - Safe Mode Y Axis,0x443B,0x9A97,-22108
60E1D400__vs__60E0FC00,0x6dfd4,Ignition 0 - Safe Mode,0x7A7A,0x9B9B,-8481
60E1D400__vs__60E0FC00,0x6e13c,Ignition 1 X Axis,0x3D80,0x40E0,-864
60E1D400__vs__60E0FC00,0x6e18c,Ignition 1 Y Axis,0x443B,0x0000,17467
60E1D400__vs__60E0FC00,0x6e1d4,Ignition 1,0x7A7A,0x0000,31354
60E1D400__vs__60E0FC00,0x6e33c,Ignition Leading 5 X Axis,0x44A2,0x444A,88
60E1D400__vs__60E0FC00,0x6e34c,Ignition Leading 5 Y Axis,0x0000,0x444A,-17482
60E1D400__vs__60E0FC00,0x6e358,Ignition Leading 5,0x40A0,0x42F0,-592
60E1D400__vs__60E0FC00,0x6e388,Ignition Minimum Maybe X Axis,0x44A2,0x4270,562
60E1D400__vs__60E0FC00,0x6e398,Ignition Minimum Maybe Y Axis,0x0000,0xC120,-49440
60E1D400__vs__60E0FC00,0x6e3a4,Ignition Minimum Maybe,0x0000,0x41A0,-16800
60E1D400__vs__60E0FC00,0x6e458,Ignition Leading/Trailing - On Throttle Coolant Temp Compensation X Axis,0x44A2,0x4316,396
60E1D400__vs__60E0FC00,0x6e464,Ignition Leading/Trailing - On Throttle Coolant Temp Compensation Y Axis,0x4120,0x8312,-16882
60E1D400__vs__60E0FC00,0x6e474,Ignition Leading/Trailing - On Throttle Coolant Temp Compensation,0x40E0,0x8000,-16160
60E1D400__vs__60E0FC00,0x6e4a4,Knock Correction - Light Y Axis,0xC1A0,0x4248,32600
60E1D400__vs__60E0FC00,0x6e4bc,Knock Correction - Light,0x0019,0x0003,22
60E1D400__vs__60E0FC00,0x6e4c8,Knock Correction - Medium Y Axis,0xC1A0,0x0100,49312
60E1D400__vs__60E0FC00,0x6e4e0,Knock Correction - Medium,0x001E,0x4270,-16978
60E1D400__vs__60E0FC00,0x6e4ec,Knock Correction - Heavy Y Axis,0xC1A0,0x0672,47918
60E1D400__vs__60E0FC00,0x6e504,Knock Correction - Heavy,0x0037,0x40A0,-16489
60E1D400__vs__60E0FC00,0x6e510,Knock Detection Sensitivity Y Axis,0xC1A0,0x41C8,32728
60E1D400__vs__60E0FC00,0x6e528,Knock Detection Sensitivity,0x003C,0x06A4,-1640
60E1D400__vs__60E0FC00,0x6e534,Knock Retard Y Axis,0xC1A0,0x076C,47668
60E1D400__vs__60E0FC00,0x6e54c,Knock Retard,0x0037,0x4120,-16617
60E1D400__vs__60E0FC00,0x6e558,Knock Retard 2 Y Axis,0xC1A0,0x41C8,32728
60E1D400__vs__60E0FC00,0x6e570,Knock Retard 2,0x003C,0x05DC,-1440
60E1D400__vs__60E0FC00,0x6e57c,(Unknown - fpu_multiply_accumulate_filter) Y Axis,0x4416,0x06A4,15730
60E1D400__vs__60E0FC00,0x6e5bc,(Unknown - fpu_multiply_accumulate_filter),0x00CB,0x01F4,-297
60E1D400__vs__60E0FC00,0x6e6d4,Manifold Pressure Limiter (Map) Y Axis,0xC220,0x3F00,33568
60E1D400__vs__60E0FC00,0x6e6f0,Manifold Pressure Limiter (Map),0xAFAF,0x80FF,11952
60E1D400__vs__60E0FC00,0x6e6f8,Manifold Pressure Limiter (Map) 2 Y Axis,0xC120,0xC1A0,-128
60E1D400__vs__60E0FC00,0x6e714,Manifold Pressure Limiter (Map) 2,0xFF5A,0x42C8,48274
60E1D400__vs__60E0FC00,0x6e71c,Manifold Pressure Limiter (Map) 3 Y Axis,0xC220,0x0D0D,46355
60E1D400__vs__60E0FC00,0x6e738,Manifold Pressure Limiter (Map) 3,0xFAFA,0x0000,64250
60E1D400__vs__60E0FC00,0x6e740,Manifold Pressure Limiter (Map) 4 Y Axis,0xC220,0x4220,32768
60E1D400__vs__60E0FC00,0x6e75c,Manifold Pressure Limiter (Map) 4,0x0000,0x4040,-16448
60E1D400__vs__60E0FC00,0x6e764,Manifold Pressure Limiter (Map) 5 Y Axis,0xC220,0x3B03,34589
60E1D400__vs__60E0FC00,0x6e780,Manifold Pressure Limiter (Map) 5,0xB6B6,0xC120,-2666
60E1D400__vs__60E0FC00,0x6e788,Manifold Pressure Limiter (Map) 6 Y Axis,0xC220,0x0000,49696
60E1D400__vs__60E0FC00,0x6e7a4,Manifold Pressure Limiter (Map) 6,0x3232,0x4270,-4158
60E1D400__vs__60E0FC00,0x6e7ac,Manifold Pressure Limiter (Map) 7 Y Axis,0xC316,0x42C8,32846
60E1D400__vs__60E0FC00,0x6e7f8,Manifold Pressure Limiter (Map) 7,0x8CCD,0x0000,36045
60E1D400__vs__60E0FC00,0x6e820,Idle Target Filter Factor Y Axis,0xC3C8,0x42C8,33024
60E1D400__vs__60E0FC00,0x6e84c,Idle Target Filter Factor,0x0100,0x01F4,-244
60E1D400__vs__60E0FC00,0x6e864,Idle Target Y Axis,0xC220,0x0000,49696
60E1D400__vs__60E0FC00,0x6e880,Idle Target,0x06A4,0x1611,-3949
60E1D400__vs__60E0FC00,0x6e890,Idle Target 0 Y Axis,0xC1A0,0xC1A0,0
60E1D400__vs__60E0FC00,0x6e8c0,Idle Target 0,0x06A4,0x0807,-355
60E1D400__vs__60E0FC00,0x6e8d8,Idle Target 1 Y Axis,0xC1A0,0x00FF,49313
60E1D400__vs__60E0FC00,0x6e908,Idle Target 1,0x05DC,0x450C,-16176
60E1D400__vs__60E0FC00,0x6e920,Idle Target 2 Y Axis,0xC1A0,0x0000,49568
60E1D400__vs__60E0FC00,0x6e950,Idle Target 2,0x01F4,0x5050,-20060
60E1D400__vs__60E0FC00,0x6e968,Idle Target 3 Y Axis,0xC1A0,0x2D2D,38003
60E1D400__vs__60E0FC00,0x6e998,Idle Target 3,0x0DAC,0x3D80,-12244
60E1D400__vs__60E0FC00,0x6e9b0,Idle Target 4 Y Axis,0xC220,0x3EE0,33600
60E1D400__vs__60E0FC00,0x6e9cc,Idle Target 4,0x06A4,0x3F60,-14524
60E1D400__vs__60E0FC00,0x6e9dc,Idle Target 5 Y Axis,0xC220,0x3F90,33424
60E1D400__vs__60E0FC00,0x6e9f8,Idle Target 5,0x03E8,0x451C,-16692
60E1D400__vs__60E0FC00,0x6ea08,Idle Target 6 Y Axis,0x42F0,0x458C,-668
60E1D400__vs__60E0FC00,0x6ea24,Idle Target 6,0x076C,0x45FA,-16014
60E1D400__vs__60E0FC00,0x6ea34,Idle Target 7 Y Axis,0xC220,0x311E,37122
60E1D400__vs__60E0FC00,0x6ea50,Idle Target 7,0x03E8,0x0000,1000
60E1D400__vs__60E0FC00,0x6ea60,(Unknown - load_bias_table_interpolator) X Axis,0xC220,0x231E,40706
60E1D400__vs__60E0FC00,0x6ea7c,(Unknown - load_bias_table_interpolator) Y Axis,0x4270,0x1C1C,9812
60E1D400__vs__60E0FC00,0x6ea88,(Unknown - load_bias_table_interpolator),0x3B3B,0x322E,2317
60E1D400__vs__60E0FC00,0x6ead4,Fuel Pressure (Map) Y Axis,0xC220,0x564C,27604
60E1D400__vs__60E0FC00,0x6eaf8,Fuel Pressure (Map),0x0000,0x4747,-18247
60E1D400__vs__60E0FC00,0x6eb04,Fuel Pressure (Map) 2 Y Axis,0xC220,0x2A1D,38915
60E1D400__vs__60E0FC00,0x6eb28,Fuel Pressure (Map) 2,0x8080,0x302F,20561
60E1D400__vs__60E0FC00,0x6eb34,Fuel Pressure (Map) 3 Y Axis,0xC220,0x4F4F,29393
60E1D400__vs__60E0FC00,0x6eb58,Fuel Pressure (Map) 3,0x1E1E,0x3C3C,-7710
60E1D400__vs__60E0FC00,0x6eb64,Fuel Pressure (Map) 4 Y Axis,0x0000,0x4549,-17737
60E1D400__vs__60E0FC00,0x6eb88,Fuel Pressure (Map) 4,0x0000,0x5F5F,-24415
60E1D400__vs__60E0FC00,0x6eb94,Fuel Pressure (Map) 5 Y Axis,0x43FA,0x5050,-3158
60E1D400__vs__60E0FC00,0x6eba8,Fuel Pressure (Map) 5,0x7272,0x3EA0,13266
60E1D400__vs__60E0FC00,0x6ebb0,Fuel Pressure (Map) 6 Y Axis,0xC1A0,0x3EE0,33472
60E1D400__vs__60E0FC00,0x6ebc8,Fuel Pressure (Map) 6,0x1E1E,0x3F50,-8498
60E1D400__vs__60E0FC00,0x6ebd0,Fuel Pressure (Map) 7 Y Axis,0xC248,0x3F70,33496
60E1D400__vs__60E0FC00,0x6ec08,Fuel Pressure (Map) 7,0x1D1D,0x458C,-10351
60E1D400__vs__60E0FC00,0x6ec34,Fuel Controller (Map) Y Axis,0xC1F0,0x6237,24505
60E1D400__vs__60E0FC00,0x6ec44,Fuel Controller (Map),0x0000,0x8989,-35209
60E1D400__vs__60E0FC00,0x6ec4c,Fuel Controller (Map) 2 Y Axis,0xC220,0x1000,45600
60E1D400__vs__60E0FC00,0x6ec70,Fuel Controller (Map) 2,0x04E2,0x865B,-33145
60E1D400__vs__60E0FC00,0x6ec84,Fuel Controller (Map) 3 Y Axis,0xC220,0x9165,12475
60E1D400__vs__60E0FC00,0x6eca8,Fuel Controller (Map) 3,0x0000,0xBCBC,-48316
60E1D400__vs__60E0FC00,0x6ecbc,Fuel Controller (Map) 4 Y Axis,0xC220,0xBBBB,1637
60E1D400__vs__60E0FC00,0x6ece0,Fuel Controller (Map) 4,0x0898,0x8B8B,-33523
60E1D400__vs__60E0FC00,0x6ecf4,Fuel Controller (Map) 5 Y Axis,0x4220,0x9090,-20080
60E1D400__vs__60E0FC00,0x6ed08,Fuel Controller (Map) 5,0x01F4,0x9696,-38050
60E1D400__vs__60E0FC00,0x6ed18,Load Blend Factor - Coolant Temperature Y Axis,0xC220,0x9897,10633
60E1D400__vs__60E0FC00,0x6ed3c,Load Blend Factor - Coolant Temperature,0x1611,0xA29F,-35982
60E1D400__vs__60E0FC00,0x6ed48,Load Blend Factor - Coolant Temperature X Blend Variation X Axis,0xC220,0xACAC,5492
60E1D400__vs__60E0FC00,0x6ed6c,Load Blend Factor - Coolant Temperature X Blend Variation Y Axis,0xC1A0,0xA0A0,8448
60E1D400__vs__60E0FC00,0x6ed78,Load Blend Factor - Coolant Temperature X Blend Variation,0x2214,0x9E9D,-31881
60E1D400__vs__60E0FC00,0x6eda4,Air Charge - RPM X Charge Temperature X Axis,0x0000,0x3E80,-16000
60E1D400__vs__60E0FC00,0x6edd4,Air Charge - RPM X Charge Temperature Y Axis,0xC220,0x3F80,33440
60E1D400__vs__60E0FC00,0x6edf4,Air Charge - RPM X Charge Temperature,0xFFFF,0x44FA,47877
60E1D400__vs__60E0FC00,0x6ee54,Ignition Trailing B X Axis,0x3D80,0x5050,-4816
60E1D400__vs__60E0FC00,0x6eea4,Ignition Trailing B Y Axis,0x43FA,0x4646,-588
60E1D400__vs__60E0FC00,0x6eeec,Ignition Trailing B,0x4141,0x5A5A,-6425
60E1D400__vs__60E0FC00,0x6f054,Ignition Trailing A X Axis,0x3D80,0x001F,15713
60E1D400__vs__60E0FC00,0x6f0a4,Ignition Trailing A Y Axis,0x43FA,0x001C,17374
60E1D400__vs__60E0FC00,0x6f0ec,Ignition Trailing A,0x7E7E,0x001C,32354
60E1D400__vs__60E0FC00,0x6f254,Ignition Min Split X Axis,0x3D80,0x0000,15744
60E1D400__vs__60E0FC00,0x6f2a4,Ignition Min Split Y Axis,0x443B,0xC120,-31973
60E1D400__vs__60E0FC00,0x6f2ec,Ignition Min Split,0x5A5A,0xC0A0,-26182
60E1D400__vs__60E0FC00,0x6f454,Ignition 3 X Axis,0x0000,0x3FB3,-16307
60E1D400__vs__60E0FC00,0x6f4a0,Ignition 3 Y Axis,0x0000,0x408B,-16523
60E1D400__vs__60E0FC00,0x6f4cc,Ignition 3,0x001F,0x428C,-17005
60E1D400__vs__60E0FC00,0x6f75c,Ignition 4 Y Axis,0xC170,0x4177,32761
60E1D400__vs__60E0FC00,0x6f78c,Ignition 4,0x6464,0x428E,8662
60E1D400__vs__60E0FC00,0x6f798,Ignition 5 Y Axis,0x428C,0x42CF,-67
60E1D400__vs__60E0FC00,0x6f79c,Ignition 5,0x64FF,0x42E8,8727
60E1D400__vs__60E0FC00,0x6f7a0,Ignition 6 Y Axis,0xC170,0x4301,32367
60E1D400__vs__60E0FC00,0x6f7d0,Ignition 6,0x6464,0x43AD,8375
60E1D400__vs__60E0FC00,0x6f7dc,Ignition 7 Y Axis,0x428C,0x3F80,780
60E1D400__vs__60E0FC00,0x6f7e0,Ignition 7,0x64FF,0x3E1F,9952
60E1D400__vs__60E0FC00,0x6f7e4,Ignition 8 Y Axis,0xC170,0x0013,49501
60E1D400__vs__60E0FC00,0x6f7e8,Ignition 8,0x64FF,0x4020,9439
60E1D400__vs__60E0FC00,0x6f7ec,Ignition 9 Y Axis,0x428C,0x3F00,908
60E1D400__vs__60E0FC00,0x6f7f0,Ignition 9,0x64FF,0x3EB0,9807
60E1D400__vs__60E0FC00,0x6f7f4,Ignition 10 Y Axis,0xC170,0x0001,49519
60E1D400__vs__60E0FC00,0x6f7f8,Ignition 10,0x64FF,0x3F70,9615
60E1D400__vs__60E0FC00,0x6f7fc,Ignition 11 Y Axis,0x428C,0x0000,17036
60E1D400__vs__60E0FC00,0x6f800,Ignition 11,0x64FF,0x0000,25855
60E1D400__vs__60E0FC00,0x6f804,Ignition 12 Y Axis,0xC1F0,0x3F80,33392
60E1D400__vs__60E0FC00,0x6f808,Ignition 12,0x64FF,0x425C,8867
60E1D400__vs__60E0FC00,0x6f80c,Ignition 13 Y Axis,0xC1F0,0x425C,32660
60E1D400__vs__60E0FC00,0x6f810,Ignition 13,0x64FF,0x3F7D,9602
60E1D400__vs__60E0FC00,0x6f814,Ignition 14 X Axis,0xC170,0x3F81,33263
60E1D400__vs__60E0FC00,0x6f818,Ignition 14 Y Axis,0x0000,0x3C6F,-15471
60E1D400__vs__60E0FC00,0x6f81c,Ignition 14,0x64FF,0x43FA,8453
60E1D400__vs__60E0FC00,0x6f820,Ignition 15 X Axis,0x428C,0x447A,-494
60E1D400__vs__60E0FC00,0x6f824,Ignition 15 Y Axis,0x0000,0x44FA,-17658
60E1D400__vs__60E0FC00,0x6f828,Ignition 15,0x64FF,0x453B,8132
60E1D400__vs__60E0FC00,0x6f82c,Ignition 16 X Axis,0xC170,0x457A,31734
60E1D400__vs__60E0FC00,0x6f830,Ignition 16 Y Axis,0x0000,0x459C,-17820
60E1D400__vs__60E0FC00,0x6f834,Ignition 16,0x64FF,0x45BB,8004
60E1D400__vs__60E0FC00,0x6f838,Ignition 17 X Axis,0x428C,0x45FA,-878
60E1D400__vs__60E0FC00,0x6f83c,Ignition 17 Y Axis,0x0000,0x0000,0
60E1D400__vs__60E0FC00,0x6f840,Ignition 17,0x64FF,0x0000,25855
60E1D400__vs__60E0FC00,0x6f848,Off Throttle Fuel Cut - Fuel Resume - In Neutral Threshold7  Y Axis,0xC1A0,0x447A,32038
60E1D400__vs__60E0FC00,0x6f878,Off Throttle Fuel Cut - Fuel Resume - In Neutral Threshold7,0x909A,0x42C8,19922
60E1D400__vs__60E0FC00,0x6f8ec,CLT Sensor Scaling Y Axis,0x3E65,0x4023,-446
60E1D400__vs__60E0FC00,0x6f96c,CLT Sensor Scaling,0x430C,0x4023,745
60E1D400__vs__60E0FC00,0x6fa9c,Off Throttle Fuel Cut - Fuel Resume - In Neutral Threshold8  Y Axis,0xC1A0,0x3E7A,33574
60E1D400__vs__60E0FC00,0x6fab0,Off Throttle Fuel Cut - Fuel Resume - In Neutral Threshold8,0xFBFB,0x3E5A,48545
60E1D400__vs__60E0FC00,0x6fab8,Combustion Efficiency - Correction Constant 1 vs Coolant Temp Y Axis,0xC1A0,0x3F2F,33393
60E1D400__vs__60E0FC00,0x6facc,Combustion Efficiency - Correction Constant 1 vs Coolant Temp,0x40A0,0x400E,146
60E1D400__vs__60E0FC00,0x6fae0,Combustion Efficiency - Correction Constant 2 vs Coolant Temp Y Axis,0xC1A0,0x4071,33071
60E1D400__vs__60E0FC00,0x6faf4,Combustion Efficiency - Correction Constant 2 vs Coolant Temp,0x42C8,0x42BC,12
60E1D400__vs__60E0FC00,0x6fb18,MAF Scaling Y Axis,0x3F5C,0x4080,-292
60E1D400__vs__60E0FC00,0x6fbd8,MAF Scaling,0x3FF9,0x452F,-1334
60E1D400__vs__60E0FC00,0x6fcd8,Knock Margin - State Machine Threshold 1 vs RPM Y Axis,0x43FA,0x4060,922
60E1D400__vs__60E0FC00,0x6fcf8,Knock Margin - State Machine Threshold 1 vs RPM,0x0000,0x0000,0
60E1D400__vs__60E0FC00,0x6fd00,Knock Margin - State Machine Threshold 2 vs RPM Y Axis,0x43FA,0x4023,983
60E1D400__vs__60E0FC00,0x6fd20,Knock Margin - State Machine Threshold 2 vs RPM,0x0000,0x41F5,-16885
60E1D400__vs__60E0FC00,0x6fd28,Injector Barometric Pressure Compensation Y Axis,0x428C,0x42A3,-23
60E1D400__vs__60E0FC00,0x6fd38,Injector Barometric Pressure Compensation,0x3FB3,0xA497,-25828
60E1D400__vs__60E0FC00,0x6fd48,Lambda Sensor Scaling Y Axis,0xBFA6,0x0000,49062
60E1D400__vs__60E0FC00,0x6fd74,Lambda Sensor Scaling,0x3F42,0x7AFF,-15293
60E1D400__vs__60E0FC00,0x6fda0,Ignition - Load Based Spark 1 vs Load g/rev Y Axis,0x0000,0x4340,-17216
60E1D400__vs__60E0FC00,0x6fde0,Ignition - Load Based Spark 1 vs Load g/rev,0x3C1D,0x44C8,-2219
60E1D400__vs__60E0FC00,0x6fe20,Ignition - Load Based Spark 2 vs Load g/rev Y Axis,0x0000,0x4248,-16968
60E1D400__vs__60E0FC00,0x6fe60,Ignition - Load Based Spark 2 vs Load g/rev,0x3B90,0x41A0,-1552
60E1D400__vs__60E0FC00,0x6feb8,Off Throttle Fuel Cut - Fuel Resume - In Neutral Threshold9  Y Axis,0xC1A0,0x459C,31748
60E1D400__vs__60E0FC00,0x6fee4,Off Throttle Fuel Cut - Fuel Resume - In Neutral Threshold9,0x5974,0x4683,4849
60E1D400__vs__60E0FC00,0x6ffa8,IAT Sensor Scaling Y Axis,0x3E5A,0x3D75,229
60E1D400__vs__60E0FC00,0x6ffe8,IAT Sensor Scaling,0x42EE,0x3F30,958
60E1D400__vs__60E0FC00,0x7005c,MAF Filter Frequency Y Axis,0x0000,0x3F11,-16145
60E1D400__vs__60E0FC00,0x70084,MAF Filter Frequency,0x0E12,0x3C93,-11905
60E1D400__vs__60E0FC00,0x70090,IAT Filter Y Axis,0x0000,0x3CA3,-15523
60E1D400__vs__60E0FC00,0x700b0,IAT Filter,0x6464,0x3DCC,9880
60E1D400__vs__60E0FC00,0x700b8,CLT Filter Y Axis,0x43C8,0x3DF5,1491
60E1D400__vs__60E0FC00,0x700e0,CLT Filter,0xA0A0,0x3F30,24944
60E1D400__vs__60E0FC00,0x700ec,Load Signal Y Axis,0xC220,0x3F60,33472
60E1D400__vs__60E0FC00,0x70110,Load Signal,0x1860,0x3F78,-10008
60E1D400__vs__60E0FC00,0x701f0,Barometric Pressure Adjustment Y Axis,0x0000,0x4000,-16384
60E1D400__vs__60E0FC00,0x70230,Barometric Pressure Adjustment,0xA497,0x3F61,25910
60E1D400__vs__60E0FC00,0x70240,O2 Switch Y Axis,0x0000,0x3F2F,-16175
60E1D400__vs__60E0FC00,0x70264,O2 Switch,0x6060,0x3EC8,8600
60E1D400__vs__60E0FC00,0x70270,Fuel - Fuel Trim Learn - Coolant Temperature Threshold Y Axis,0x4248,0x3D4C,1276
60E1D400__vs__60E0FC00,0x7027c,Fuel - Fuel Trim Learn - Coolant Temperature Threshold,0x0000,0x3C23,-15395
60E1D400__vs__60E0FC00,0x70280,TPS Deadband Y Axis,0x0000,0x3CA3,-15523
60E1D400__vs__60E0FC00,0x702a4,TPS Deadband,0xA0A0,0x3DE1,25279
60E1D400__vs__60E0FC00,0x702b0,Ignition - Timing Angle Ramp 1 vs RPM Y Axis,0x4448,0x3E40,1544
60E1D400__vs__60E0FC00,0x702cc,Ignition - Timing Angle Ramp 1 vs RPM,0x0D1B,0x3F20,-12805
60E1D400__vs__60E0FC00,0x702d4,Ignition - Timing Angle Ramp 2 vs RPM Y Axis,0x4448,0x3F40,1288
60E1D400__vs__60E0FC00,0x702f0,Ignition - Timing Angle Ramp 2 vs RPM,0x0D1B,0x4080,-13157
60E1D400__vs__60E0FC00,0x702f8,(Unknown - init_control_values) Y Axis,0xC1F0,0x3F7D,33395
60E1D400__vs__60E0FC00,0x70334,(Unknown - init_control_values),0x0000,0x3F3B,-16187
60E1D400__vs__60E0FC00,0x70344,Ignition - Coolant Temp Correction vs Coolant Temp Y Axis,0xC1F0,0x3F11,33503
60E1D400__vs__60E0FC00,0x70380,Ignition - Coolant Temp Correction vs Coolant Temp,0x31B5,0x451C,-4967
60E1D400__vs__60E0FC00,0x703a0,Load Smoothing Y Axis,0x453B,0x3EA0,1691
60E1D400__vs__60E0FC00,0x703bc,Load Smoothing,0x2A30,0x6060,-13872
60E1D400__vs__60E0FC00,0x703cc,Transmission Load Control - Threshold 1 vs Throttle/Load Y Axis,0x0000,0x6060,-24672
60E1D400__vs__60E0FC00,0x703e4,Transmission Load Control - Threshold 1 vs Throttle/Load,0x0000,0x6060,-24672
60E1D400__vs__60E0FC00,0x703f0,Transmission Load Control - Threshold 2 vs Throttle/Load Y Axis,0x0000,0x43FA,-17402
60E1D400__vs__60E0FC00,0x70414,Transmission Load Control - Threshold 2 vs Throttle/Load,0x001F,0x459C,-17789
60E1D400__vs__60E0FC00,0x70428,Transmission Load Control - Threshold 3 vs Throttle/Load Y Axis,0x0000,0x428C,-17036
60E1D400__vs__60E0FC00,0x70468,Transmission Load Control - Threshold 3 vs Throttle/Load,0x0001,0x410F,-16654
60E1D400__vs__60E0FC00,0x70488,Fuel Feedback - Decay Curve 1 vs Load Fraction Y Axis,0x0000,0x44C8,-17608
60E1D400__vs__60E0FC00,0x70504,Fuel Feedback - Decay Curve 1 vs Load Fraction,0x3F80,0x04C3,15037
60E1D400__vs__60E0FC00,0x70580,Fuel Feedback - Decay Curve 2 vs Load Fraction Y Axis,0x0000,0x4223,-16931
60E1D400__vs__60E0FC00,0x705fc,Fuel Feedback - Decay Curve 2 vs Load Fraction,0x3F80,0x024F,15665
60E1D400__vs__60E0FC00,0x70678,Fuel Feedback - Decay Curve 3 vs Load Fraction Y Axis,0x0000,0x42A0,-17056
60E1D400__vs__60E0FC00,0x706f4,Fuel Feedback - Decay Curve 3 vs Load Fraction,0x3F80,0x27D8,6056
60E1D400__vs__60E0FC00,0x70770,Fuel Feedback - Decay Curve 4 (u8 copy) vs Load Fraction Y Axis,0x0000,0x3F00,-16128
60E1D400__vs__60E0FC00,0x707ec,Fuel Feedback - Decay Curve 4 (u8 copy) vs Load Fraction,0x3F80,0x2616,6506
60E1D400__vs__60E0FC00,0x70868,Fuel - Long Term Fuel Trim - Load Correction Matrix X Axis,0x43FA,0x2774,7302
60E1D400__vs__60E0FC00,0x70888,Fuel - Long Term Fuel Trim - Load Correction Matrix Y Axis,0x3D80,0x26C5,5819
60E1D400__vs__60E0FC00,0x708a8,Fuel - Long Term Fuel Trim - Load Correction Matrix,0x7A7A,0x26C5,21429
60E1D400__vs__60E0FC00,0x708e8,Closed Loop WOT Enrichment?? X Axis,0x43FA,0x44FA,-256
60E1D400__vs__60E0FC00,0x70918,Closed Loop WOT Enrichment?? Y Axis,0x425C,0x3E40,1052
60E1D400__vs__60E0FC00,0x70924,Closed Loop WOT Enrichment??,0x0000,0x3EC0,-16064
60E1D400__vs__60E0FC00,0x70948,Fuel Control (Map) X Axis,0x3FA3,0x3F70,51
60E1D400__vs__60E0FC00,0x7097c,Fuel Control (Map) Y Axis,0x4448,0x27A5,7331
60E1D400__vs__60E0FC00,0x70998,Fuel Control (Map),0x130B,0x2742,-5175
60E1D400__vs__60E0FC00,0x70a50,Fuel Control (Map) 2 X Axis,0x3FA3,0x2328,7291
60E1D400__vs__60E0FC00,0x70a84,Fuel Control (Map) 2 Y Axis,0x4448,0x26AC,7580
60E1D400__vs__60E0FC00,0x70aa0,Fuel Control (Map) 2,0x0133,0x26AC,-9593
60E1D400__vs__60E0FC00,0x70b58,Transmission Load Control (Map) X Axis,0x41A0,0x2710,6800
60E1D400__vs__60E0FC00,0x70b78,Transmission Load Control (Map) Y Axis,0x3DCC,0x26D4,5880
60E1D400__vs__60E0FC00,0x70b9c,Transmission Load Control (Map),0x2710,0x2710,0
60E1D400__vs__60E0FC00,0x70c2c,Transmission Load Control (Map) 2 X Axis,0x41A0,0x2710,6800
60E1D400__vs__60E0FC00,0x70c4c,Transmission Load Control (Map) 2 Y Axis,0x3DCC,0x2727,5797
60E1D400__vs__60E0FC00,0x70d00,Transmission Load Control (Map) 3 X Axis,0x41A0,0x457A,-986
60E1D400__vs__60E0FC00,0x70d20,Transmission Load Control (Map) 3 Y Axis,0x3E05,0x27D8,5677
60E1D400__vs__60E0FC00,0x70d44,Transmission Load Control (Map) 3,0x28F0,0x27D8,280
60E1D400__vs__60E0FC00,0x70dd4,Fuel Enrichment Control (Map) X Axis,0x43FA,0x40CC,814
60E1D400__vs__60E0FC00,0x70e04,Fuel Enrichment Control (Map) Y Axis,0x3DCC,0x4548,-1916
60E1D400__vs__60E0FC00,0x70e44,Fuel Enrichment Control (Map),0x2328,0x2774,-1100
60E1D400__vs__60E0FC00,0x70fc4,Fuel Enrichment Control (Map) 2 X Axis,0x43FA,0x0000,17402
60E1D400__vs__60E0FC00,0x70ff4,Fuel Enrichment Control (Map) 2 Y Axis,0x3DCC,0x0000,15820
60E1D400__vs__60E0FC00,0x71034,Fuel Enrichment Control (Map) 2,0x2328,0x3C75,-6477
60E1D400__vs__60E0FC00,0x711b4,Vtec Timing Control (Map) X Axis,0x3FA3,0x4120,-381
60E1D400__vs__60E0FC00,0x711e8,Vtec Timing Control (Map) Y Axis,0x4448,0x41A0,680
60E1D400__vs__60E0FC00,0x71204,Vtec Timing Control (Map),0x27D8,0x19FF,3545
60E1D400__vs__60E0FC00,0x712bc,Vtec Timing Control (Map) 2 X Axis,0x3FA3,0x428C,-745
60E1D400__vs__60E0FC00,0x712f0,Vtec Timing Control (Map) 2 Y Axis,0x4448,0x4270,472
60E1D400__vs__60E0FC00,0x7130c,Vtec Timing Control (Map) 2,0x27D8,0x0032,10150
60E1D400__vs__60E0FC00,0x713c4,Transmission Load Control (Map) 4 X Axis,0x0000,0xBCA3,-48291
60E1D400__vs__60E0FC00,0x713ec,Transmission Load Control (Map) 4 Y Axis,0xC220,0x469C,31620
60E1D400__vs__60E0FC00,0x71408,Transmission Load Control (Map) 4,0x0000,0x481C,-18460
60E1D400__vs__60E0FC00,0x7158c,(Unknown - wankel_rotary_control) Y Axis,0x0000,0x447A,-17530
60E1D400__vs__60E0FC00,0x715bc,(Unknown - wankel_rotary_control),0x3333,0x3EB3,-2944
60E1D400__vs__60E0FC00,0x715c8,(Unknown - wankel_rotary_control) 2 Y Axis,0x0000,0x3F4C,-16204
60E1D400__vs__60E0FC00,0x715f8,(Unknown - wankel_rotary_control) 2,0x3333,0x3F00,-3021
60E1D400__vs__60E0FC00,0x71604,(Unknown - wankel_rotary_control) 3 Y Axis,0x0000,0x3F4C,-16204
60E1D400__vs__60E0FC00,0x71634,(Unknown - wankel_rotary_control) 3,0x0A0A,0x4516,-15116
60E1D400__vs__60E0FC00,0x71640,Secondary Fuel (Map) Y Axis,0x0000,0x4561,-17761
60E1D400__vs__60E0FC00,0x71664,Secondary Fuel (Map),0x0000,0x3D00,-15616
60E1D400__vs__60E0FC00,0x71670,Secondary Fuel (Map) 2 Y Axis,0x0000,0x3E00,-15872
60E1D400__vs__60E0FC00,0x71694,Secondary Fuel (Map) 2,0x0000,0x3E00,-15872
60E1D400__vs__60E0FC00,0x716a0,Secondary Fuel (Map) 3 Y Axis,0x0000,0x0C35,-3125
60E1D400__vs__60E0FC00,0x716c4,Secondary Fuel (Map) 3,0x1E1E,0x3D4C,-7982
60E1D400__vs__60E0FC00,0x716d0,Secondary Fuel (Map) 4 Y Axis,0x0000,0x3C23,-15395
60E1D400__vs__60E0FC00,0x716f4,Secondary Fuel (Map) 4,0x1E1E,0x3BA3,-7557
60E1D400__vs__60E0FC00,0x71700,Obd Validation Check (Map) Y Axis,0x0000,0x45BB,-17851
60E1D400__vs__60E0FC00,0x71724,Obd Validation Check (Map),0x1919,0x461C,-11523
60E1D400__vs__60E0FC00,0x71730,Obd Validation Check (Map) 2 Y Axis,0x0000,0x45AB,-17835
60E1D400__vs__60E0FC00,0x71754,Obd Validation Check (Map) 2,0x1919,0x3D23,-9226
60E1D400__vs__60E0FC00,0x71760,Fuel Trim - Update Step vs Throttle Position Y Axis,0x41A0,0x4040,352
60E1D400__vs__60E0FC00,0x71784,Fuel Trim - Update Step vs Throttle Position,0x927C,0x447A,19970
60E1D400__vs__60E0FC00,0x71798,Lambda Integration Time Constant Y Axis,0x0000,0xC220,-49696
60E1D400__vs__60E0FC00,0x717bc,Lambda Integration Time Constant,0x03E8,0x4220,-15928
60E1D400__vs__60E0FC00,0x717d0,Lambda Parameter Y Axis,0x0000,0x41A0,-16800
60E1D400__vs__60E0FC00,0x717f4,Lambda Parameter,0x03E8,0x80FF,-32023
60E1D400__vs__60E0FC00,0x71808,Ignition Timing Output (Map) Y Axis,0x0000,0x447A,-17530
60E1D400__vs__60E0FC00,0x71828,Ignition Timing Output (Map),0x05DC,0x45AB,-16335
60E1D400__vs__60E0FC00,0x71838,Ignition Timing Output (Map) 2 Y Axis,0x0000,0x45DA,-17882
60E1D400__vs__60E0FC00,0x71868,Ignition Timing Output (Map) 2,0x0000,0x44BB,-17595
60E1D400__vs__60E0FC00,0x71880,Rotary - Position Correction 1 vs Rotor Position Y Axis,0x0000,0x4584,-17796
60E1D400__vs__60E0FC00,0x718b0,Rotary - Position Correction 1 vs Rotor Position,0xBCA3,0x0000,48291
60E1D400__vs__60E0FC00,0x718e0,Rotary - Position Correction 2 vs Rotor Position Y Axis,0x0000,0x459C,-17820
60E1D400__vs__60E0FC00,0x71910,Rotary - Position Correction 2 vs Rotor Position,0x3C23,0x0000,15395
60E1D400__vs__60E0FC00,0x71940,Rotary - Position Correction 3 vs Rotor Position Y Axis,0x0000,0x45BB,-17851
60E1D400__vs__60E0FC00,0x71970,Rotary - Position Correction 3 vs Rotor Position,0xBCA3,0x457A,30505
60E1D400__vs__60E0FC00,0x71a50,Sensor Validation Monitor (Map) Y Axis,0x43FA,0x45FA,-512
60E1D400__vs__60E0FC00,0x71a78,Sensor Validation Monitor (Map),0x1717,0x43FA,-11491
60E1D400__vs__60E0FC00,0x71a84,Sensor Validation - Threshold vs RPM Y Axis,0x447A,0x44FA,-128
60E1D400__vs__60E0FC00,0x71a98,Sensor Validation - Threshold vs RPM,0x005E,0x458C,-17710
60E1D400__vs__60E0FC00,0x71aa4,Sensor Validation Monitor (Map) 2 Y Axis,0x3DCC,0x45BB,-2031
60E1D400__vs__60E0FC00,0x71acc,Sensor Validation Monitor (Map) 2,0x02BC,0xBCBC,-47616
60E1D400__vs__60E0FC00,0x71ae0,Sensor Validation Monitor (Map) 3 Y Axis,0x3DCC,0x455A,-1934
60E1D400__vs__60E0FC00,0x71b08,Sensor Validation Monitor (Map) 3,0x0FA0,0x44BB,-13595
60E1D400__vs__60E0FC00,0x71b1c,Adaptive Control - Constant vs RPM Y Axis,0x4448,0x457A,-306
60E1D400__vs__60E0FC00,0x71b44,Adaptive Control - Constant vs RPM,0x009C,0x0000,156
60E1D400__vs__60E0FC00,0x71b58,Combustion Control - Constant vs Load Fraction Y Axis,0x0000,0x44FA,-17658
60E1D400__vs__60E0FC00,0x71b70,Combustion Control - Constant vs Load Fraction,0x0138,0x459B,-17507
60E1D400__vs__60E0FC00,0x71b7c,Engine Load Control - Threshold vs Load Fraction Y Axis,0x0000,0x45BB,-17851
60E1D400__vs__60E0FC00,0x71b94,Engine Load Control - Threshold vs Load Fraction,0x061A,0x0000,1562
60E1D400__vs__60E0FC00,0x71cac,Fuelling - Safe Mode Y Axis,0x4220,0x0010,16912
60E1D400__vs__60E0FC00,0x71cd0,Fuelling - Safe Mode,0x8080,0x457A,15110
60E1D400__vs__60E0FC00,0x71cdc,Fuelling 0 Y Axis,0x4220,0x45AB,-907
60E1D400__vs__60E0FC00,0x71ce0,Fuelling 0,0x80FF,0x41A0,16223
60E1D400__vs__60E0FC00,0x71ce4,Fuelling 1 Y Axis,0xC220,0x41F0,32816
60E1D400__vs__60E0FC00,0x71d00,Fuelling 1,0x8080,0x0000,32896
60E1D400__vs__60E0FC00,0x71d08,Fuelling 2 - Safe Mode Y Axis,0x4220,0x0000,16928
60E1D400__vs__60E0FC00,0x71d2c,Fuelling 2 - Safe Mode,0x8080,0x0000,32896
60E1D400__vs__60E0FC00,0x71d38,Fuelling 3 Y Axis,0x4220,0x0000,16928
60E1D400__vs__60E0FC00,0x71d5c,Fuelling 3,0x8080,0x0000,32896
60E1D400__vs__60E0FC00,0x71d68,Fuelling 4 Y Axis,0xC220,0x3E00,33824
60E1D400__vs__60E0FC00,0x71d84,Fuelling 4,0x8080,0x3F10,16752
60E1D400__vs__60E0FC00,0x71d8c,Fuelling 5 Y Axis,0x43FA,0x3F30,1226
60E1D400__vs__60E0FC00,0x71dd4,Fuelling 5,0xA5A5,0x457A,24619
60E1D400__vs__60E0FC00,0x71de8,Fuelling 6 Y Axis,0x43FA,0x45CB,-465
60E1D400__vs__60E0FC00,0x71e30,Fuelling 6,0xA5A5,0x0000,42405
60E1D400__vs__60E0FC00,0x71e44,Fuelling 7 Y Axis,0x43FA,0x0000,17402
60E1D400__vs__60E0FC00,0x71e8c,Fuelling 7,0xA5A5,0x2F2F,30326
60E1D400__vs__60E0FC00,0x71ea0,Closed Loop Fuelling Threshold (Unknown A) Y Axis,0x443B,0x3539,3842
60E1D400__vs__60E0FC00,0x71ed0,Closed Loop Fuelling Threshold (Unknown A),0x545A,0x5555,-251
60E1D400__vs__60E0FC00,0x71edc,Closed Loop Fuelling Threshold (Throttle Position)  Y Axis,0x43FA,0x2329,8401
60E1D400__vs__60E0FC00,0x71f28,Closed Loop Fuelling Threshold (Throttle Position),0x7878,0x3838,16448
60E1D400__vs__60E0FC00,0x71f3c,Rotary Combustion Efficiency (Map) Y Axis,0x43FA,0x3D3D,1725
60E1D400__vs__60E0FC00,0x71f84,Rotary Combustion Efficiency (Map),0xF064,0x181C,55368
60E1D400__vs__60E0FC00,0x71f98,Sensors - MAF - Rotary Chamber Scalar Y Axis,0x43FA,0x00FF,17147
60E1D400__vs__60E0FC00,0x71f9c,Sensors - MAF - Rotary Chamber Scalar,0xFAFF,0x0000,64255
60E1D400__vs__60E0FC00,0x71fa0,Wankel Chamber Pressure Analysis (Map) Y Axis,0x43FA,0x43FA,0
60E1D400__vs__60E0FC00,0x71fe8,Wankel Chamber Pressure Analysis (Map),0xDCDC,0x4270,39532
60E1D400__vs__60E0FC00,0x71ffc,Fuel - Fuel Control - State Scalar Y Axis,0x43FA,0x0000,17402
60E1D400__vs__60E0FC00,0x72000,Fuel - Fuel Control - State Scalar,0xFAFF,0x0000,64255
60E1D400__vs__60E0FC00,0x72004,Wankel Chamber Pressure Analysis (Map) 2 Y Axis,0x43FA,0x0000,17402
60E1D400__vs__60E0FC00,0x7204c,Wankel Chamber Pressure Analysis (Map) 2,0xDCDC,0x0505,55255
60E1D400__vs__60E0FC00,0x72060,Sensors - Wankel - Chamber Pressure Scalar Y Axis,0x43FA,0x3E00,1530
60E1D400__vs__60E0FC00,0x72064,Sensors - Wankel - Chamber Pressure Scalar,0xFAFF,0x3E40,48319
60E1D400__vs__60E0FC00,0x72068,Fuelling 8 Y Axis,0x453B,0x3E80,1723
60E1D400__vs__60E0FC00,0x72084,Fuelling 8,0x1A1A,0x3F30,-9494
60E1D400__vs__60E0FC00,0x7208c,Closed/Open Loop - Threshold 1 vs RPM Y Axis,0x443B,0x3F50,1259
60E1D400__vs__60E0FC00,0x720bc,Closed/Open Loop - Threshold 1 vs RPM,0x0000,0x44FA,-17658
60E1D400__vs__60E0FC00,0x720d4,Closed/Open Loop - Scalar Threshold Y Axis,0x443B,0x459C,-353
60E1D400__vs__60E0FC00,0x720d8,Closed/Open Loop - Scalar Threshold,0x009C,0x45AB,-17679
60E1D400__vs__60E0FC00,0x720dc,Closed/Open Loop - Threshold 2 vs RPM Y Axis,0x443B,0x45BB,-384
60E1D400__vs__60E0FC00,0x7210c,Closed/Open Loop - Threshold 2 vs RPM,0x0000,0x1100,-4352
60E1D400__vs__60E0FC00,0x72124,Closed/Open Loop - Threshold 3 vs RPM Y Axis,0x443B,0x0000,17467
60E1D400__vs__60E0FC00,0x7216c,Knock Detection - Threshold 1 vs Coolant Temp Y Axis,0xC220,0x1313,44813
60E1D400__vs__60E0FC00,0x72188,Knock Detection - Threshold 1 vs Coolant Temp,0x007D,0x1B1B,-6814
60E1D400__vs__60E0FC00,0x72198,Knock Detection - Threshold 2 vs Coolant Temp Y Axis,0xC220,0x2125,41211
60E1D400__vs__60E0FC00,0x721b4,Knock Detection - Threshold 2 vs Coolant Temp,0x007D,0x3F03,-16006
60E1D400__vs__60E0FC00,0x721c4,Knock - Apex Seal Threshold vs RPM Y Axis,0x455A,0x4141,1049
60E1D400__vs__60E0FC00,0x721d8,Knock - Apex Seal Threshold vs RPM,0x002C,0x3B43,-15127
60E1D400__vs__60E0FC00,0x721e4,Closed/Open Loop - Threshold 4 vs RPM Y Axis,0x453B,0x1117,13348
60E1D400__vs__60E0FC00,0x72200,Closed/Open Loop - Threshold 4 vs RPM,0x0010,0x2631,-9761
60E1D400__vs__60E0FC00,0x72210,Closed/Open Loop - Threshold 5 vs RPM Y Axis,0x453B,0x171B,11808
60E1D400__vs__60E0FC00,0x7222c,Closed/Open Loop - Threshold 5 vs RPM,0x0010,0x3F43,-16179
60E1D400__vs__60E0FC00,0x7223c,Fuelling 9 - Safe Mode X Axis,0x43FA,0x2031,9161
60E1D400__vs__60E0FC00,0x7226c,Fuelling 9 - Safe Mode Y Axis,0x41A0,0x4848,-1704
60E1D400__vs__60E0FC00,0x7228c,Fuelling 9 - Safe Mode,0x0000,0x443B,-17467
60E1D400__vs__60E0FC00,0x72340,Fuelling 10 - Safe Mode Y Axis,0x43FA,0x3E00,1530
60E1D400__vs__60E0FC00,0x7238c,Fuelling 10 - Safe Mode,0x0000,0x43FA,-17402
60E1D400__vs__60E0FC00,0x7251c,Fuelling 11 X Axis,0x43FA,0x2031,9161
60E1D400__vs__60E0FC00,0x72520,Fuelling 11 Y Axis,0x41A0,0x4643,-1187
60E1D400__vs__60E0FC00,0x72524,Fuelling 11,0x00FF,0x4949,-18506
60E1D400__vs__60E0FC00,0x72528,Fuelling 12 X Axis,0x0000,0x3C3C,-15420
60E1D400__vs__60E0FC00,0x7252c,Fuelling 12 Y Axis,0x43FA,0x3C34,1990
60E1D400__vs__60E0FC00,0x72530,Fuelling 12,0x00FF,0x1F24,-7717
60E1D400__vs__60E0FC00,0x72534,Fuelling 13 - Safe Mode X Axis,0x43FA,0x3235,4549
60E1D400__vs__60E0FC00,0x72564,Fuelling 13 - Safe Mode Y Axis,0x41A0,0x4848,-1704
60E1D400__vs__60E0FC00,0x72584,Fuelling 13 - Safe Mode,0x0000,0x3E80,-16000
60E1D400__vs__60E0FC00,0x725e4,Fuelling 14 - Safe mode X Axis,0x0000,0x0001,-1
60E1D400__vs__60E0FC00,0x72638,Fuelling 14 - Safe mode Y Axis,0x43FA,0x4220,474
60E1D400__vs__60E0FC00,0x72684,Fuelling 14 - Safe mode,0x0000,0x4120,-16672
60E1D400__vs__60E0FC00,0x72814,Fuelling 15 X Axis,0x43FA,0x4110,746
60E1D400__vs__60E0FC00,0x72844,Fuelling 15 Y Axis,0x41A0,0x8C8C,-19180
60E1D400__vs__60E0FC00,0x72864,Fuelling 15,0x0000,0x4000,-16384
60E1D400__vs__60E0FC00,0x728c4,Fuelling 16 X Axis,0x0000,0x6464,-25700
60E1D400__vs__60E0FC00,0x72918,Fuelling 16 Y Axis,0x43FA,0x423B,447
60E1D400__vs__60E0FC00,0x72964,Fuelling 16,0x0000,0x0000,0
60E1D400__vs__60E0FC00,0x72b38,Ignition - Adaptive Step vs RPM Y Axis,0x4448,0x6B85,-10045
60E1D400__vs__60E0FC00,0x72b64,Ignition - Adaptive Step vs RPM,0x0008,0x6B85,-27517
60E1D400__vs__60E0FC00,0x72bfc,Temp Correction A Y Axis,0x0000,0x1810,-6160
60E1D400__vs__60E0FC00,0x72c20,Temp Correction A,0x1010,0x0DFA,534
60E1D400__vs__60E0FC00,0x72c2c,Temp Correction B Y Axis,0x0000,0x15B9,-5561
60E1D400__vs__60E0FC00,0x72c50,Temp Correction B,0x1010,0x0D64,684
60E1D400__vs__60E0FC00,0x72c88,Ignition Leading - Idle Error Timing Correction - Unknown Bool False Y Axis,0xC2C8,0x1190,45368
60E1D400__vs__60E0FC00,0x72cac,Ignition Leading - Idle Error Timing Correction - Unknown Bool False,0x9C94,0x6B85,12559
60E1D400__vs__60E0FC00,0x72cb8,Ignition Leading - Idle Error Timing Correction - Unknown Bool True Y Axis,0xC2C8,0x10BB,45581
60E1D400__vs__60E0FC00,0x72cdc,Ignition Leading - Idle Error Timing Correction - Unknown Bool True,0x9C94,0x6B85,12559
60E1D400__vs__60E0FC00,0x72ce8,Ignition Trailing - Idle Error Timing Correction - Unknown Bool False Y Axis,0xC2C8,0x0F5C,45932
60E1D400__vs__60E0FC00,0x72d0c,Ignition Trailing - Idle Error Timing Correction - Unknown Bool False,0x9C94,0x6B85,12559
60E1D400__vs__60E0FC00,0x72d18,Ignition Trailing - Idle Error Timing Correction - Unknown Bool True Y Axis,0xC2C8,0x0D8E,46394
60E1D400__vs__60E0FC00,0x72d3c,Ignition Trailing - Idle Error Timing Correction - Unknown Bool True,0x9C94,0x350B,26505
60E1D400__vs__60E0FC00,0x72d78,WOT Enrichment Threshold Y Axis,0x0000,0x6B85,-27525
60E1D400__vs__60E0FC00,0x72dd0,WOT Enrichment Threshold,0x8C8C,0x2BAC,24800
60E1D400__vs__60E0FC00,0x72de8,Cold Start Enrichment Threshold Y Axis,0x0000,0x1454,-5204
60E1D400__vs__60E0FC00,0x72e40,Cold Start Enrichment Threshold,0x8C8C,0x6B85,8455
60E1D400__vs__60E0FC00,0x72e60,Ignition Leading/Trailing - Intake Air Temperature Compensation - On Throttle Y Axis,0x41A0,0x251B,7301
60E1D400__vs__60E0FC00,0x72e84,Ignition Leading/Trailing - Intake Air Temperature Compensation - On Throttle,0x5050,0x186C,14308
60E1D400__vs__60E0FC00,0x72e90,Warm-up Enrichment B Y Axis,0x41A0,0x21A3,8189
60E1D400__vs__60E0FC00,0x72eb4,Warm-up Enrichment B,0x5050,0x6B85,-6965
60E1D400__vs__60E0FC00,0x72ec0,Dual Channel Fuel Computation (Map) Y Axis,0x0000,0x4110,-16656
60E1D400__vs__60E0FC00,0x72edc,Dual Channel Fuel Computation (Map),0x0000,0x4240,-16960
60E1D400__vs__60E0FC00,0x72eec,Dual Channel Fuel Computation (Map) 2 Y Axis,0x0000,0x42A8,-17064
60E1D400__vs__60E0FC00,0x72f08,Dual Channel Fuel Computation (Map) 2,0x0000,0x451C,-17692
60E1D400__vs__60E0FC00,0x72f18,Dual Channel Fuel Computation (Map) 3 Y Axis,0x0000,0x458C,-17804
60E1D400__vs__60E0FC00,0x72f34,Dual Channel Fuel Computation (Map) 3,0x0000,0x45FA,-17914
60E1D400__vs__60E0FC00,0x72f4c,Secondary Fuel Trimmer (Map) Y Axis,0x0000,0x8000,-32768
60E1D400__vs__60E0FC00,0x72f64,Secondary Fuel Trimmer (Map),0x0672,0xA18D,-39707
60E1D400__vs__60E0FC00,0x72f7c,DSC Mode C - Max Throttle Plate Opening Allowed Y Axis,0x0000,0xAF26,-44838
60E1D400__vs__60E0FC00,0x72fc8,DSC Mode C - Max Throttle Plate Opening Allowed,0x1313,0xC7CD,-46266
60E1D400__vs__60E0FC00,0x72fdc,Torque To Accel Position X Axis,0x0000,0xCBB3,-52147
60E1D400__vs__60E0FC00,0x73044,Torque To Accel Position Y Axis,0x43FA,0xA4E6,-24812
60E1D400__vs__60E0FC00,0x73090,Torque To Accel Position,0x0021,0x6840,-26655
60E1D400__vs__60E0FC00,0x7346c,Throttle Position To Torque X Axis,0x0000,0x0100,-256
60E1D400__vs__60E0FC00,0x734a4,Throttle Position To Torque Y Axis,0x0000,0x00AD,-173
60E1D400__vs__60E0FC00,0x734f4,Throttle Position To Torque,0x8000,0x0100,32512
60E1D400__vs__60E0FC00,0x73768,Idle Speed Control Task (Map) Y Axis,0x428C,0x4248,68
60E1D400__vs__60E0FC00,0x73778,Idle Speed Control Task (Map),0x0002,0x459C,-17818
60E1D400__vs__60E0FC00,0x7377c,Idle Speed Control Task (Map) 2 Y Axis,0x0000,0x461C,-17948
60E1D400__vs__60E0FC00,0x737bc,Idle Speed Control Task (Map) 2,0x0000,0x1414,-5140
60E1D400__vs__60E0FC00,0x737dc,Idle Speed Control Task (Map) 3 X Axis,0x41F0,0x8632,-17474
60E1D400__vs__60E0FC00,0x737f8,Idle Speed Control Task (Map) 3 Y Axis,0x428C,0xC8C8,-34364
60E1D400__vs__60E0FC00,0x73808,Idle Speed Control Task (Map) 3,0x0000,0x86FF,-34559
60E1D400__vs__60E0FC00,0x73824,Idle Speed Control Task (Map) 4 X Axis,0x41A0,0x3E4C,852
60E1D400__vs__60E0FC00,0x73848,Idle Speed Control Task (Map) 4 Y Axis,0x4416,0xB4B4,-28830
60E1D400__vs__60E0FC00,0x7386c,Idle Speed Control Task (Map) 4,0x0022,0x4270,-16974
60E1D400__vs__60E0FC00,0x738c0,(Unknown - fault_gated_float_out) X Axis,0x0000,0x0000,0
60E1D400__vs__60E0FC00,0x73900,(Unknown - fault_gated_float_out) Y Axis,0x0000,0x3E80,-16000
60E1D400__vs__60E0FC00,0x7393c,(Unknown - fault_gated_float_out),0x000F,0x8080,-32881
60E1D400__vs__60E0FC00,0x73b1c,(Unknown - float_map_3pt_calc) Y Axis,0x4030,0x0021,16399
60E1D400__vs__60E0FC00,0x73b70,(Unknown - float_map_3pt_calc),0x0005,0x0021,-28
60E1D400__vs__60E0FC00,0x73b88,(Unknown - float_map_3pt_calc) 2 Y Axis,0xC1F0,0x0979,47223
60E1D400__vs__60E0FC00,0x73bbc,(Unknown - float_map_3pt_calc) 2,0x6464,0x0E98,21964
60E1D400__vs__60E0FC00,0x73bcc,(Unknown - float_map_3pt_calc) 3 Y Axis,0xC1F0,0x11AA,45126
60E1D400__vs__60E0FC00,0x73c00,(Unknown - float_map_3pt_calc) 3,0x2D28,0x17AE,5498
60E1D400__vs__60E0FC00,0x73c24,Throttle - Pedal Position - Sensor Mode A Y Axis,0xC1A0,0x1CCD,42195
60E1D400__vs__60E0FC00,0x73c50,Throttle - Pedal Position - Sensor Mode A,0xC8C8,0x228F,42553
60E1D400__vs__60E0FC00,0x73c5c,Throttle - Pedal Position - Sensor Mode B Y Axis,0xC1A0,0x228F,40721
60E1D400__vs__60E0FC00,0x73c88,Throttle - Pedal Position - Sensor Mode B,0xC8C8,0x28F6,40914
60E1D400__vs__60E0FC00,0x73c94,Throttle - Pedal Position - Sensor Mode C Y Axis,0xC1A0,0x0021,49535
60E1D400__vs__60E0FC00,0x73cc0,Throttle - Pedal Position - Sensor Mode C,0xB4B4,0x0021,46227
60E1D400__vs__60E0FC00,0x73ccc,AFR Check - Threshold vs Coolant Temp Y Axis,0xC220,0x3C29,34295
60E1D400__vs__60E0FC00,0x73ce8,AFR Check - Threshold vs Coolant Temp,0x00A6,0x0021,133
60E1D400__vs__60E0FC00,0x73cf8,Air Fuel Ratio Check (Map) Y Axis,0x447A,0x47AE,-820
60E1D400__vs__60E0FC00,0x73d28,Air Fuel Ratio Check (Map),0x2710,0x5333,-11299
60E1D400__vs__60E0FC00,0x73d40,Throttle - Pedal Position - Load/RPM Correction Matrix X Axis,0x3E4C,0x6062,-8726
60E1D400__vs__60E0FC00,0x73d54,Throttle - Pedal Position - Load/RPM Correction Matrix Y Axis,0x447A,0x6062,-7144
60E1D400__vs__60E0FC00,0x73d64,Throttle - Pedal Position - Load/RPM Correction Matrix,0xB4B4,0x6062,21586
60E1D400__vs__60E0FC00,0x73da0,Acceleration Fuel Enrichment - Cold Y Axis,0x41A0,0x447A,-730
60E1D400__vs__60E0FC00,0x73db4,Acceleration Fuel Enrichment - Cold,0x64C8,0x455A,8046
60E1D400__vs__60E0FC00,0x73dbc,Acceleration Fuel Enrichment - Warm Y Axis,0x4100,0x458C,-1164
60E1D400__vs__60E0FC00,0x73dd0,Acceleration Fuel Enrichment - Warm,0x8080,0x45DA,15014
60E1D400__vs__60E0FC00,0x73dd8,Acceleration Fuel Enrichment - Hot Y Axis,0x0000,0x45FA,-17914
60E1D400__vs__60E0FC00,0x73dec,Acceleration Fuel Enrichment - Hot,0x000A,0x40A0,-16534
60E1D400__vs__60E0FC00,0x73df4,Engine Load Calculation (Map) X Axis,0x0000,0x4120,-16672
60E1D400__vs__60E0FC00,0x73e20,Engine Load Calculation (Map) Y Axis,0xC120,0x42A0,32384
60E1D400__vs__60E0FC00,0x73e3c,Engine Load Calculation (Map),0x1414,0x0021,5107
60E1D400__vs__60E0FC00,0x73e8c,Engine Load Calculation (Map) 2 X Axis,0x447A,0x0106,17268
60E1D400__vs__60E0FC00,0x73ea4,Engine Load Calculation (Map) 2 Y Axis,0x3E4C,0x0106,15686
60E1D400__vs__60E0FC00,0x73ebc,Engine Load Calculation (Map) 2,0xB4B4,0x02B0,45572
60E1D400__vs__60E0FC00,0x73ee0,Knock Sensor Filter (Map) X Axis,0x0000,0x04FE,-1278
60E1D400__vs__60E0FC00,0x73ef8,Knock Sensor Filter (Map) Y Axis,0xC220,0x04FE,48418
60E1D400__vs__60E0FC00,0x73f14,Knock Sensor Filter (Map),0x0000,0x09DB,-2523
60E1D400__vs__60E0FC00,0x73f6c,Maximum Throttle Angle,0x42A8,0x15A2,11526
60E1D400__vs__60E0FC00,0x73f98,Throttle Pedal Percent Decreasing Filter Factor Y Axis,0x443B,0x1B02,10553
60E1D400__vs__60E0FC00,0x73fb8,Throttle Pedal Percent Decreasing Filter Factor,0x2020,0x2148,-296
60E1D400__vs__60E0FC00,0x73fc0,Ign Timing Limit Check (Map) Y Axis,0x443B,0x2148,8947
60E1D400__vs__60E0FC00,0x73fe0,Ign Timing Limit Check (Map),0x2020,0x27AE,-1934
60E1D400__vs__60E0FC00,0x73fe8,Ign Timing Limit Check (Map) 2 Y Axis,0x443B,0x27AE,7309
60E1D400__vs__60E0FC00,0x74008,Ign Timing Limit Check (Map) 2,0x2020,0x2DD3,-3507
60E1D400__vs__60E0FC00,0x74010,Ign Timing Limit Check (Map) 3 Y Axis,0x443B,0x2DD3,5736
60E1D400__vs__60E0FC00,0x74030,Ign Timing Limit Check (Map) 3,0x2020,0x33D7,-5047
60E1D400__vs__60E0FC00,0x74038,Ign Timing Limit Check (Map) 4 Y Axis,0xC220,0x33D7,36425
60E1D400__vs__60E0FC00,0x74054,Ign Timing Limit Check (Map) 4,0x0000,0x3EFA,-16122
60E1D400__vs__60E0FC00,0x7405c,Ign Timing Limit Check (Map) 5 Y Axis,0xC220,0x3EFA,33574
60E1D400__vs__60E0FC00,0x74078,Ign Timing Limit Check (Map) 5,0x0000,0x0021,-33
60E1D400__vs__60E0FC00,0x74080,Ign Timing Limit Check (Map) 6 Y Axis,0x443B,0x4A1D,-1506
60E1D400__vs__60E0FC00,0x740ac,Ign Timing Limit Check (Map) 6,0x0A0A,0x553F,-19253
60E1D400__vs__60E0FC00,0x740b8,Ign Timing Limit Check (Map) 7 Y Axis,0x443B,0x553F,-4356
60E1D400__vs__60E0FC00,0x740e4,Ign Timing Limit Check (Map) 7,0x0606,0x6062,-23132
60E1D400__vs__60E0FC00,0x740f0,Fuel Pressure Control (Map) Y Axis,0x443B,0x6062,-7207
60E1D400__vs__60E0FC00,0x74110,Fuel Pressure Control (Map),0x0404,0x6B85,-26497
60E1D400__vs__60E0FC00,0x74118,Fuel Pressure Control (Map) 2 Y Axis,0x443B,0x6B85,-10058
60E1D400__vs__60E0FC00,0x74138,Fuel Pressure Control (Map) 2,0x0404,0x44FA,-16630
60E1D400__vs__60E0FC00,0x74140,Fuel Pressure Control (Map) 3 Y Axis,0x443B,0x453B,-256
60E1D400__vs__60E0FC00,0x74160,Fuel Pressure Control (Map) 3,0x0404,0x45DA,-16854
60E1D400__vs__60E0FC00,0x74168,Fuel Pressure Control (Map) 4 Y Axis,0x443B,0x45FA,-447
60E1D400__vs__60E0FC00,0x74188,Fuel Pressure Control (Map) 4,0x0404,0x4170,-15724
60E1D400__vs__60E0FC00,0x74190,Fuel Pressure Control (Map) 5 Y Axis,0xC220,0x41C8,32856
60E1D400__vs__60E0FC00,0x741ac,Fuel Pressure Control (Map) 5,0x0000,0x428C,-17036
60E1D400__vs__60E0FC00,0x741b4,Accel Pedal to Throttle Position #1 X Axis,0x0000,0x42B4,-17076
60E1D400__vs__60E0FC00,0x74208,Accel Pedal to Throttle Position #1 Y Axis,0x0000,0x0042,-66
60E1D400__vs__60E0FC00,0x74250,Accel Pedal to Throttle Position #1,0x0021,0x0354,-819
60E1D400__vs__60E0FC00,0x74544,Accel Pedal to Throttle Position #2 X Axis,0x0000,0x42B4,-17076
60E1D400__vs__60E0FC00,0x74598,Accel Pedal to Throttle Position #2 Y Axis,0x0000,0x0042,-66
60E1D400__vs__60E0FC00,0x745e0,Accel Pedal to Throttle Position #2,0x0021,0x0375,-852
60E1D400__vs__60E0FC00,0x748d4,Accel Pedal to Throttle Position #3 X Axis,0x0000,0x458C,-17804
60E1D400__vs__60E0FC00,0x74928,Accel Pedal to Throttle Position #3 Y Axis,0x0000,0x0000,0
60E1D400__vs__60E0FC00,0x74970,Accel Pedal to Throttle Position #3,0x0021,0x42A0,-17023
60E1D400__vs__60E0FC00,0x74c64,Accel Pedal to Throttle Position #4 X Axis,0x0000,0x0000,0
60E1D400__vs__60E0FC00,0x74cb8,Accel Pedal to Throttle Position #4 Y Axis,0x0000,0x0000,0
60E1D400__vs__60E0FC00,0x74d00,Accel Pedal to Throttle Position #4,0x0021,0x44ED,-17612
60E1D400__vs__60E0FC00,0x75030,MAP Requested Load Y Axis,0xC220,0x45CB,31829
60E1D400__vs__60E0FC00,0x75054,MAP Requested Load,0x0384,0x7D00,-31100
60E1D400__vs__60E0FC00,0x75068,MAP Requested Load Smoothing Y Axis,0x43FA,0x7D00,-14598
60E1D400__vs__60E0FC00,0x750b0,MAP Requested Load Smoothing,0x0084,0x1F00,-7804
60E1D400__vs__60E0FC00,0x750d4,Maximum Load Limit Y Axis,0xC220,0x0A00,47136
60E1D400__vs__60E0FC00,0x750f8,Maximum Load Limit,0x0387,0x0700,-889
60E1D400__vs__60E0FC00,0x7510c,Idle Load Multiplier Y Axis,0xC220,0x0700,47904
60E1D400__vs__60E0FC00,0x75130,Idle Load Multiplier,0x0387,0x1800,-5241
60E1D400__vs__60E0FC00,0x75144,Fuel Injection - Cold Start Correction vs Coolant Temp Y Axis,0xC220,0x1400,44576
60E1D400__vs__60E0FC00,0x75158,Fuel Injection - Cold Start Correction vs Coolant Temp,0x01F4,0x1300,-4364
60E1D400__vs__60E0FC00,0x752c4,Battery Temperature Model - Decay Amount Y Axis,0x0000,0x4600,-17920
60E1D400__vs__60E0FC00,0x752e0,Battery Temperature Model - Decay Amount,0x1C37,0x000A,7213
60E1D400__vs__60E0FC00,0x752e8,Desired Charge Voltage Y Axis,0xC220,0x000E,49682
60E1D400__vs__60E0FC00,0x7530c,Desired Charge Voltage,0x05D4,0x40E0,-15116
60E1D400__vs__60E0FC00,0x75320,Alternator Duty Cycle Max Y Axis,0x447A,0x4140,826
60E1D400__vs__60E0FC00,0x7534c,Alternator Duty Cycle Max,0x0348,0x457A,-16946
60E1D400__vs__60E0FC00,0x75364,Alternator Diagnostic Voltage Delta to DC Y Axis,0x0000,0x45DA,-17882
60E1D400__vs__60E0FC00,0x75398,Alternator Diagnostic Voltage Delta to DC,0x0000,0x001F,-31
60E1D400__vs__60E0FC00,0x753b4,Fuel Integrated (Map) Y Axis,0xC220,0x4000,33312
60E1D400__vs__60E0FC00,0x753d8,Fuel Integrated (Map),0x0000,0xC0A0,-49312
60E1D400__vs__60E0FC00,0x753ec,Fuel Integrated (Map) 2 Y Axis,0xC220,0x4248,32728
60E1D400__vs__60E0FC00,0x75410,Fuel Integrated (Map) 2,0x0000,0x0404,-1028
60E1D400__vs__60E0FC00,0x75424,Fuel Integrated (Map) 3 Y Axis,0xC220,0x44BB,32101
60E1D400__vs__60E0FC00,0x75448,Fuel Integrated (Map) 3,0x0000,0x461C,-17948
60E1D400__vs__60E0FC00,0x7545c,Fuel Integrated (Map) 4 Y Axis,0xC220,0x0064,49596
60E1D400__vs__60E0FC00,0x75480,Fuel Integrated (Map) 4,0x0000,0x457A,-17786
60E1D400__vs__60E0FC00,0x75494,Alternator Voltage Delta - Diagnostic Request X Axis,0x447A,0x460C,-402
60E1D400__vs__60E0FC00,0x754c0,Alternator Voltage Delta - Diagnostic Request Y Axis,0x0000,0x4000,-16384
60E1D400__vs__60E0FC00,0x754f0,Alternator Voltage Delta - Diagnostic Request,0x2620,0x4250,-7216
60E1D400__vs__60E0FC00,0x75594,(Unknown - interp_bilinear_fpu_blend_v2) Y Axis,0xC0E3,0x447A,31849
60E1D400__vs__60E0FC00,0x755b8,(Unknown - interp_bilinear_fpu_blend_v2),0x806D,0x45AB,15042
60E1D400__vs__60E0FC00,0x755c4,(Unknown - interp_bilinear_fpu_blend) X Axis,0x3E23,0x3F20,-253
60E1D400__vs__60E0FC00,0x755ec,(Unknown - interp_bilinear_fpu_blend) Y Axis,0x4443,0x8000,-15293
60E1D400__vs__60E0FC00,0x75630,(Unknown - interp_bilinear_fpu_blend),0x1694,0x457A,-12006
60E1D400__vs__60E0FC00,0x75784,(Unknown - interp_bilinear_fpu_blend_v2) 2 X Axis,0x3E23,0x1C40,8675
60E1D400__vs__60E0FC00,0x757ac,(Unknown - interp_bilinear_fpu_blend_v2) 2 Y Axis,0x4443,0x42AF,404
60E1D400__vs__60E0FC00,0x757f0,(Unknown - interp_bilinear_fpu_blend_v2) 2,0x1900,0x3E40,-9536
60E1D400__vs__60E0FC00,0x75984,(Unknown - fpu_mac_single) Y Axis,0x447A,0x9C9A,-22560
60E1D400__vs__60E0FC00,0x759cc,(Unknown - fpu_mac_single),0x1D1D,0x9C9C,-32639
60E1D400__vs__60E0FC00,0x75a34,Utility - Saturation Index Ramp vs RPM Y Axis,0x0000,0x453B,-17723
60E1D400__vs__60E0FC00,0x75a78,Utility - Saturation Index Ramp vs RPM,0x0000,0x0126,-294
60E1D400__vs__60E0FC00,0x75a9c,Utility - RPM Lookup by Index Y Axis,0x0000,0x0126,-294
60E1D400__vs__60E0FC00,0x75ae0,Utility - RPM Lookup by Index,0x444D,0x00F5,17240
60E1D400__vs__60E0FC00,0x75ba4,Sensor Range Limit - Constant vs Coolant Temp Y Axis,0xC1F0,0x0172,49278
60E1D400__vs__60E0FC00,0x75bbc,Sensor Range Limit - Constant vs Coolant Temp,0x0404,0x0145,703
60E1D400__vs__60E0FC00,0x75bc4,Rotor 1 Ignition Dwell Y Axis,0x4348,0x017A,16846
60E1D400__vs__60E0FC00,0x75bf8,Rotor 1 Ignition Dwell,0x01F4,0x015C,152
60E1D400__vs__60E0FC00,0x75c14,Rotor 2 Ignition Dwell Y Axis,0x4348,0x0145,16899
60E1D400__vs__60E0FC00,0x75c48,Rotor 2 Ignition Dwell,0x01F4,0x0097,349
60E1D400__vs__60E0FC00,0x75cf8,CAN Faults - Fault Counter - Snapshot Matrix X Axis,0x0000,0x017D,-381
60E1D400__vs__60E0FC00,0x75d0c,CAN Faults - Fault Counter - Snapshot Matrix Y Axis,0x0000,0x01AE,-430
60E1D400__vs__60E0FC00,0x75d5c,CAN Faults - Fault Counter - Snapshot Matrix,0x0000,0x43FA,-17402
60E1D400__vs__60E0FC00,0x75dc0,(Unknown - fpu_div_dispatch) X Axis,0x447A,0x35F3,3719
60E1D400__vs__60E0FC00,0x75e04,(Unknown - fpu_div_dispatch) Y Axis,0x3F20,0x3E0D,275
60E1D400__vs__60E0FC00,0x75e10,(Unknown - fpu_div_dispatch),0x8000,0x3C4D,17331
60E1D400__vs__60E0FC00,0x75e78,(Unknown - fpu_div_dispatch) 2 X Axis,0x447A,0x555A,-4320
60E1D400__vs__60E0FC00,0x75ebc,(Unknown - fpu_div_dispatch) 2 Y Axis,0x3F20,0x55C0,-5792
60E1D400__vs__60E0FC00,0x75ec8,(Unknown - fpu_div_dispatch) 2,0x8000,0x0000,32768
60E1D400__vs__60E0FC00,0x75f30,(Unknown - fpu_div_dispatch) 3 X Axis,0x447A,0x6280,-7686
60E1D400__vs__60E0FC00,0x75f74,(Unknown - fpu_div_dispatch) 3 Y Axis,0x3F20,0x5BB3,-7315
60E1D400__vs__60E0FC00,0x75f80,(Unknown - fpu_div_dispatch) 3,0x8000,0x0000,32768
60E1D400__vs__60E0FC00,0x75fec,Adaptive Fuel Trim (Map) Y Axis,0x43FA,0x0000,17402
60E1D400__vs__60E0FC00,0x76034,Adaptive Fuel Trim (Map),0x064D,0x0000,1613
60E1D400__vs__60E0FC00,0x76058,Adaptive Fuel Trim (Map) 2 Y Axis,0x0000,0xC1A0,-49568
60E1D400__vs__60E0FC00,0x7607c,Adaptive Fuel Trim (Map) 2,0x0080,0x447A,-17402
60E1D400__vs__60E0FC00,0x76090,Transient Fuel Comp (Map) Y Axis,0x44C8,0x455A,-146
60E1D400__vs__60E0FC00,0x760a4,Transient Fuel Comp (Map),0x0991,0x45BB,-15402
60E1D400__vs__60E0FC00,0x760b0,Ignition Timing Leading - DSC Mode A - Base X Axis,0x3D80,0x45EA,-2154
60E1D400__vs__60E0FC00,0x760f8,Ignition Timing Leading - DSC Mode A - Base Y Axis,0x43FA,0x0F73,13447
60E1D400__vs__60E0FC00,0x76144,Ignition Timing Leading - DSC Mode A - Base,0x8A8A,0x1C66,28196
60E1D400__vs__60E0FC00,0x7629c,(Unknown - fpu_div_speed_normalize) X Axis,0x3D80,0x0271,15119
60E1D400__vs__60E0FC00,0x762e4,(Unknown - fpu_div_speed_normalize) Y Axis,0x43FA,0x3F80,1146
60E1D400__vs__60E0FC00,0x76330,(Unknown - fpu_div_speed_normalize),0x00AF,0x42C8,-16921
60E1D400__vs__60E0FC00,0x765dc,Engine Torque X Axis,0x3D80,0x4100,-896
60E1D400__vs__60E0FC00,0x76624,Engine Torque Y Axis,0x43FA,0x0000,17402
60E1D400__vs__60E0FC00,0x76670,Engine Torque,0x0000,0x4020,-16416
60E1D400__vs__60E0FC00,0x7691c,(Unknown - fpu_div_correction_factor) X Axis,0xC220,0x0000,49696
60E1D400__vs__60E0FC00,0x7693c,(Unknown - fpu_div_correction_factor) Y Axis,0x43FA,0x42A0,346
60E1D400__vs__60E0FC00,0x76988,(Unknown - fpu_div_correction_factor),0x0BCD,0x453B,-14702
60E1D400__vs__60E0FC00,0x76ab8,(Unknown - divide_float_write_to) X Axis,0x4270,0x3800,2672
60E1D400__vs__60E0FC00,0x76acc,(Unknown - divide_float_write_to) Y Axis,0x3E4C,0x2A9A,5042
60E1D400__vs__60E0FC00,0x76ad8,(Unknown - divide_float_write_to),0xB073,0x451A,27481
60E1D400__vs__60E0FC00,0x76b18,(Unknown - math_accumulator) Y Axis,0xC220,0x389A,35206
60E1D400__vs__60E0FC00,0x76b28,(Unknown - math_accumulator),0x030E,0x4100,-15858
60E1D400__vs__60E0FC00,0x76bc8,Torque Limit - Multipoint Curve 1 vs Torque Error Y Axis,0xC180,0x6866,22810
60E1D400__vs__60E0FC00,0x76c2c,Torque Limit - Multipoint Curve 1 vs Torque Error,0x42BF,0x6B00,-10305
60E1D400__vs__60E0FC00,0x76c90,Torque Limit - Multipoint Curve 2 vs Torque Error Y Axis,0xC180,0x5B1A,26214
60E1D400__vs__60E0FC00,0x76cf4,Torque Limit - Multipoint Curve 2 vs Torque Error,0x42BF,0x42DD,-30
60E1D400__vs__60E0FC00,0x76d58,Torque Limit - Multipoint Curve 3 vs Torque Error Y Axis,0xC180,0x08BD,47299
60E1D400__vs__60E0FC00,0x76dbc,Torque Limit - Multipoint Curve 3 vs Torque Error,0x42BF,0x03E7,16088
60E1D400__vs__60E0FC00,0x76e20,Torque Limit - Multipoint Curve 4 vs Torque Error Y Axis,0xC180,0x01FC,49028
60E1D400__vs__60E0FC00,0x76e84,Torque Limit - Multipoint Curve 4 vs Torque Error,0x42BF,0x42AE,17
60E1D400__vs__60E0FC00,0x76ee8,Torque Limit - Multipoint Curve 5 vs Torque Error Y Axis,0xC180,0x07C2,47550
60E1D400__vs__60E0FC00,0x76f4c,Torque Limit - Multipoint Curve 5 vs Torque Error,0x42BF,0x0347,16248
60E1D400__vs__60E0FC00,0x76fb0,Torque Compensation - Curve 1 vs Torque Error Y Axis,0xC180,0x01A3,49117
60E1D400__vs__60E0FC00,0x7702c,Torque Compensation - Curve 1 vs Torque Error,0x3E99,0x3F80,-231
60E1D400__vs__60E0FC00,0x770a8,Torque Compensation - Curve 2 vs Torque Error Y Axis,0xC180,0xEAEA,-10602
60E1D400__vs__60E0FC00,0x77124,Torque Compensation - Curve 2 vs Torque Error,0x3E99,0x42A0,-1031
60E1D400__vs__60E0FC00,0x771a0,Torque Compensation - Curve 3 vs Torque Error Y Axis,0xC180,0x3F80,33280
60E1D400__vs__60E0FC00,0x7721c,Torque Compensation - Curve 3 vs Torque Error,0x3E19,0x460C,-2035
60E1D400__vs__60E0FC00,0x77298,Torque Compensation - Curve 4 vs Torque Error Y Axis,0xC180,0x0000,49536
60E1D400__vs__60E0FC00,0x77314,Torque Compensation - Curve 4 vs Torque Error,0x3E19,0x0000,15897
60E1D400__vs__60E0FC00,0x77390,Torque Compensation - Curve 5 vs Torque Error Y Axis,0xC180,0x458C,31732
60E1D400__vs__60E0FC00,0x7740c,Torque Compensation - Curve 5 vs Torque Error,0x3E19,0x0000,15897
60E1D400__vs__60E0FC00,0x77488,Torque Limit Multipoint (Map) X Axis,0x41A0,0x3F50,592
60E1D400__vs__60E0FC00,0x774ac,Torque Limit Multipoint (Map) Y Axis,0x4000,0x55C3,-5571
60E1D400__vs__60E0FC00,0x774c0,Torque Limit Multipoint (Map),0x41A0,0x3B6F,1585
60E1D400__vs__60E0FC00,0x77574,Faults - Diagnostic - Level Matrix X Axis,0x41A0,0x472B,-1419
60E1D400__vs__60E0FC00,0x7759c,Faults - Diagnostic - Level Matrix Y Axis,0x4000,0x4F5C,-3932
60E1D400__vs__60E0FC00,0x775b0,Faults - Diagnostic - Level Matrix,0x411C,0x3988,1940
60E1D400__vs__60E0FC00,0x77678,Faults - Diagnostic - Level Matrix 2 X Axis,0x41A0,0x370A,2710
60E1D400__vs__60E0FC00,0x77680,Faults - Diagnostic - Level Matrix 2 Y Axis,0x4000,0x598C,-6540
60E1D400__vs__60E0FC00,0x77694,Faults - Diagnostic - Level Matrix 2,0x0000,0x43BD,-17341
60E1D400__vs__60E0FC00,0x776bc,Faults - Diagnostic - Level Matrix 3 X Axis,0x41A0,0x312F,4209
60E1D400__vs__60E0FC00,0x776c4,Faults - Diagnostic - Level Matrix 3 Y Axis,0x4000,0x3A54,1452
60E1D400__vs__60E0FC00,0x776d8,Faults - Diagnostic - Level Matrix 3,0x0000,0x420C,-16908
60E1D400__vs__60E0FC00,0x77700,Faults - Diagnostic - Level Matrix 4 X Axis,0x41A0,0x3A76,1834
60E1D400__vs__60E0FC00,0x77724,Faults - Diagnostic - Level Matrix 4 Y Axis,0x4000,0x37AE,2130
60E1D400__vs__60E0FC00,0x77738,Faults - Diagnostic - Level Matrix 4,0x41A0,0x49EE,-2126
60E1D400__vs__60E0FC00,0x777ec,Faults - Diagnostic - Level Matrix 5 X Axis,0x0000,0x4120,-16672
60E1D400__vs__60E0FC00,0x77800,Faults - Diagnostic - Level Matrix 5 Y Axis,0x4000,0x420C,-524
60E1D400__vs__60E0FC00,0x77814,Faults - Diagnostic - Level Matrix 5,0x42C8,0x428C,60
60E1D400__vs__60E0FC00,0x778ec,Cooling - Fan - Engage Threshold Y Axis,0x0000,0x8191,-33169
60E1D400__vs__60E0FC00,0x778f0,Cooling - Fan - Engage Threshold,0x10FF,0x5682,-17795
60E1D400__vs__60E0FC00,0x778f4,Cooling - Fan - Disengage Threshold Y Axis,0x0000,0x3754,-14164
60E1D400__vs__60E0FC00,0x778f8,Cooling - Fan - Disengage Threshold,0x00FF,0x25E3,-9444
60E1D400__vs__60E0FC00,0x778fc,Engine On Time Threshold Y Axis,0xC220,0x125C,44996
60E1D400__vs__60E0FC00,0x77920,Engine On Time Threshold,0x0271,0x420C,-16283
60E1D400__vs__60E0FC00,0x779b8,(Unknown - conditional_fpu_accumulate_handler) Y Axis,0x4283,0x0032,16977
60E1D400__vs__60E0FC00,0x779d8,(Unknown - conditional_fpu_accumulate_handler),0x6464,0x3FF0,9332
60E1D400__vs__60E0FC00,0x779e0,(Unknown - conditional_fpu_accumulate_handler) 2 Y Axis,0x4138,0x3E80,696
60E1D400__vs__60E0FC00,0x779fc,(Unknown - conditional_fpu_accumulate_handler) 2,0x0000,0x42C8,-17096
60E1D400__vs__60E0FC00,0x77a0c,(Unknown - conditional_fpu_accumulate_handler) 3 Y Axis,0x4138,0x00FF,16441
60E1D400__vs__60E0FC00,0x77a28,(Unknown - conditional_fpu_accumulate_handler) 3,0x0000,0x41D8,-16856
60E1D400__vs__60E0FC00,0x77a44,Primary Injector Weighted Engine Temp Multiplier X Axis,0xC220,0x3CA3,34173
60E1D400__vs__60E0FC00,0x77a70,Primary Injector Weighted Engine Temp Multiplier Y Axis,0x3E00,0x4400,-1536
60E1D400__vs__60E0FC00,0x77a9c,Primary Injector Weighted Engine Temp Multiplier,0x4040,0x4316,-726
60E1D400__vs__60E0FC00,0x77b18,Secondary 1 Injector Weighted Engine Temp Multiplier X Axis,0xC220,0x0106,49434
60E1D400__vs__60E0FC00,0x77b1c,Secondary 1 Injector Weighted Engine Temp Multiplier Y Axis,0x3E00,0x0103,15613
60E1D400__vs__60E0FC00,0x77b20,Secondary 1 Injector Weighted Engine Temp Multiplier,0x40FF,0x5E00,-7425
60E1D400__vs__60E0FC00,0x77b24,Secondary 2 Injector Weighted Engine Temp Multiplier X Axis,0xC220,0x000D,49683
60E1D400__vs__60E0FC00,0x77b28,Secondary 2 Injector Weighted Engine Temp Multiplier Y Axis,0x3E00,0x4400,-1536
60E1D400__vs__60E0FC00,0x77b2c,Secondary 2 Injector Weighted Engine Temp Multiplier,0x40FF,0x4282,-387
60E1D400__vs__60E0FC00,0x77b34,(Unknown - fpu_multiply_accumulate_store) Y Axis,0x4270,0x41A0,208
60E1D400__vs__60E0FC00,0x77b44,(Unknown - fpu_multiply_accumulate_store),0x2456,0x013E,8984
60E1D400__vs__60E0FC00,0x77b4c,Injector Manifold Vacuum Multiplier Y Axis,0xC1F0,0x0502,48366
60E1D400__vs__60E0FC00,0x77b90,Injector Manifold Vacuum Multiplier,0x28B7,0x4000,-5961
60E1D400__vs__60E0FC00,0x77bb4,Estimated Manifold Pressure X Axis,0x447A,0x45BB,-321
60E1D400__vs__60E0FC00,0x77bf8,Estimated Manifold Pressure Y Axis,0x3D80,0x428C,-1292
60E1D400__vs__60E0FC00,0x77c48,Estimated Manifold Pressure,0x0EE6,0x42A6,-13248
60E1D400__vs__60E0FC00,0x77ef0,Injector Latency Secondary X Axis,0xC17D,0x1616,43879
60E1D400__vs__60E0FC00,0x77f34,Injector Latency Secondary Y Axis,0x40D0,0x457A,-1194
60E1D400__vs__60E0FC00,0x77f58,Injector Latency Secondary,0x0C64,0x4604,-14752
60E1D400__vs__60E0FC00,0x7808c,Injector Latency Primary X Axis,0xC17D,0xC1A0,-35
60E1D400__vs__60E0FC00,0x780d0,Injector Latency Primary Y Axis,0x40D0,0x44BB,-1003
60E1D400__vs__60E0FC00,0x780f4,Injector Latency Primary,0x0AC0,0x0012,2734
60E1D400__vs__60E0FC00,0x78284,Coil Output Timing (Map) Y Axis,0x4270,0x4270,0
60E1D400__vs__60E0FC00,0x7829c,Coil Output Timing (Map),0x202E,0x1A1A,1556
60E1D400__vs__60E0FC00,0x782a4,Coil Output Timing (Map) 2 Y Axis,0x4282,0x0000,17026
60E1D400__vs__60E0FC00,0x782b8,Coil Output Timing (Map) 2,0x4C80,0x0000,19584
60E1D400__vs__60E0FC00,0x782c0,Fuel Injection - Startup - Injector Pulse Width Multiplier Y Axis,0x4282,0x0000,17026
60E1D400__vs__60E0FC00,0x782c4,Fuel Injection - Startup - Injector Pulse Width Multiplier,0x80FF,0x0000,33023
60E1D400__vs__60E0FC00,0x782c8,(Unknown - conditional_fpu_calc) Y Axis,0x41A8,0x0000,16808
60E1D400__vs__60E0FC00,0x782d4,(Unknown - conditional_fpu_calc),0x8000,0x0000,32768
60E1D400__vs__60E0FC00,0x782d8,FPU - Correction Constant vs Coolant Temp Y Axis,0xC220,0x0000,49696
60E1D400__vs__60E0FC00,0x782e4,FPU - Correction Constant vs Coolant Temp,0xEAEA,0xC120,10698
60E1D400__vs__60E0FC00,0x782e8,Injector Deadtime Primary Y Axis,0xC1F0,0x0000,49648
60E1D400__vs__60E0FC00,0x78318,Injector Deadtime Primary,0x60A4,0x42C8,7644
60E1D400__vs__60E0FC00,0x78330,Primary Fuel Injector Cranking Pulse Width Y Axis,0xC1F0,0x42A0,32592
60E1D400__vs__60E0FC00,0x78364,Primary Fuel Injector Cranking Pulse Width,0x60A4,0x2626,14974
60E1D400__vs__60E0FC00,0x783a0,Primary Injector Size,0x43B8,0x42C8,240
60E1D400__vs__60E0FC00,0x783a8,Secondary Injector Size,0x43ED,0x0000,17389
60E1D400__vs__60E0FC00,0x783b0,Secondary Injector Size #2,0x43ED,0x3E99,1364
60E1D400__vs__60E0FC00,0x78418,(Unknown - massive_fpu_control_calc) Y Axis,0x447A,0x0000,17530
60E1D400__vs__60E0FC00,0x7845c,(Unknown - massive_fpu_control_calc),0x1414,0x3D23,-10511
60E1D400__vs__60E0FC00,0x78470,Primary Injector Max Barometric Pressure Correction Y Axis,0x4256,0x4270,-26
60E1D400__vs__60E0FC00,0x78490,Primary Injector Max Barometric Pressure Correction,0x2F41,0x4270,-4911
60E1D400__vs__60E0FC00,0x78498,FPU - Adaptive Correction vs Coolant Temp Y Axis,0xC220,0x42C8,32600
60E1D400__vs__60E0FC00,0x784bc,FPU - Adaptive Correction vs Coolant Temp,0x1E1E,0x41C8,-9130
60E1D400__vs__60E0FC00,0x784c8,FPU - Correction Step 1 vs Coolant Temp Y Axis,0xC1A0,0x4220,32640
60E1D400__vs__60E0FC00,0x784d4,FPU - Correction Step 1 vs Coolant Temp,0x0000,0x3232,-12850
60E1D400__vs__60E0FC00,0x784d8,FPU - Correction Step 2 vs Coolant Temp Y Axis,0xC1A0,0x2828,39288
60E1D400__vs__60E0FC00,0x784e4,FPU - Correction Step 2 vs Coolant Temp,0x0000,0x3DCC,-15820
60E1D400__vs__60E0FC00,0x784e8,Primary Fuel Injector Pulse Width Control Y Axis,0xC220,0x3E4C,33748
60E1D400__vs__60E0FC00,0x7850c,Primary Fuel Injector Pulse Width Control,0x0505,0x3F59,-14932
60E1D400__vs__60E0FC00,0x78518,Secondary Fuel Injector Minimum Pulse Width Y Axis,0xC220,0x3F6C,33460
60E1D400__vs__60E0FC00,0x7853c,Secondary Fuel Injector Minimum Pulse Width,0x1A1A,0x329A,-6272
60E1D400__vs__60E0FC00,0x78548,(Unknown - complex_adaptive_fpu_calc) Y Axis,0xC220,0x0177,49321
60E1D400__vs__60E0FC00,0x7856c,(Unknown - complex_adaptive_fpu_calc),0x1A1A,0x458F,-11125
60E1D400__vs__60E0FC00,0x78578,(Unknown - complex_fpu_compare_calc) Y Axis,0xC220,0x3D85,33947
60E1D400__vs__60E0FC00,0x7859c,(Unknown - complex_fpu_compare_calc),0x8A00,0x4020,18912
60E1D400__vs__60E0FC00,0x785b0,Calculate Fuel Amount Per Rotation Min Max (Map) Y Axis,0x447A,0x44FA,-128
60E1D400__vs__60E0FC00,0x785f4,Calculate Fuel Amount Per Rotation Min Max (Map),0xAF00,0x6C6C,17044
60E1D400__vs__60E0FC00,0x78618,Secondary Injectors Allowed Threshold - Coolant Temperature Based Y Axis,0xC220,0x45AB,31861
60E1D400__vs__60E0FC00,0x7863c,Secondary Injectors Allowed Threshold - Coolant Temperature Based,0x0BB8,0x451C,-14692
60E1D400__vs__60E0FC00,0x78650,Engine Load Compensation X Axis,0x43FA,0x459C,-418
60E1D400__vs__60E0FC00,0x78698,Engine Load Compensation Y Axis,0x3E00,0x3F00,-256
60E1D400__vs__60E0FC00,0x786e8,Engine Load Compensation,0x55C3,0xBE40,-26749
60E1D400__vs__60E0FC00,0x789d0,(Unknown - extensive_table_based_fpu_calc) Y Axis,0xC170,0x2710,39520
60E1D400__vs__60E0FC00,0x78a00,(Unknown - extensive_table_based_fpu_calc),0x0000,0x3E90,-16016
60E1D400__vs__60E0FC00,0x78a0c,(Unknown - extensive_table_based_fpu_calc) 2 Y Axis,0x428C,0x3EC0,972
60E1D400__vs__60E0FC00,0x78a30,(Unknown - extensive_table_based_fpu_calc) 2,0x6464,0x0000,25700
60E1D400__vs__60E0FC00,0x78a3c,(Unknown - extensive_table_based_fpu_calc) 3 Y Axis,0xC170,0x3DC0,33712
60E1D400__vs__60E0FC00,0x78a6c,(Unknown - extensive_table_based_fpu_calc) 3,0x0000,0x015E,-350
60E1D400__vs__60E0FC00,0x78a78,(Unknown - extensive_table_based_fpu_calc) 4 Y Axis,0x428C,0x06D6,15286
60E1D400__vs__60E0FC00,0x78a9c,(Unknown - extensive_table_based_fpu_calc) 4,0x6464,0xC220,-23996
60E1D400__vs__60E0FC00,0x78aa8,(Unknown - extensive_table_based_fpu_calc) 5 Y Axis,0xC170,0x41A0,32720
60E1D400__vs__60E0FC00,0x78ad8,(Unknown - extensive_table_based_fpu_calc) 5,0x0000,0x1021,-4129
60E1D400__vs__60E0FC00,0x78ae4,(Unknown - extensive_table_based_fpu_calc) 6 Y Axis,0x428C,0x0B98,14068
60E1D400__vs__60E0FC00,0x78b08,(Unknown - extensive_table_based_fpu_calc) 6,0x6464,0x059A,24266
60E1D400__vs__60E0FC00,0x78b14,(Unknown - extensive_table_based_fpu_calc) 7 Y Axis,0x3D80,0x44FA,-1914
60E1D400__vs__60E0FC00,0x78b38,(Unknown - extensive_table_based_fpu_calc) 7,0x6464,0x42A0,8644
60E1D400__vs__60E0FC00,0x78b44,(Unknown - complex_fpu_div_sqrt_accumulate) Y Axis,0x4100,0x0E47,12985
60E1D400__vs__60E0FC00,0x78b68,(Unknown - complex_fpu_div_sqrt_accumulate),0x6464,0x0B68,22780
60E1D400__vs__60E0FC00,0x78b74,Auxiliary Port Valve - Schedule - Condition Table Y Axis,0x4100,0x059A,15206
60E1D400__vs__60E0FC00,0x78ba0,Auxiliary Port Valve - Schedule - Condition Table,0x0000,0xC1A0,-49568
60E1D400__vs__60E0FC00,0x78bb8,(Unknown - conditional_fpu_multi_flag_selector) Y Axis,0xC170,0x72D9,20119
60E1D400__vs__60E0FC00,0x78be8,(Unknown - conditional_fpu_multi_flag_selector),0x0050,0x1CF6,-7334
60E1D400__vs__60E0FC00,0x78c4c,(Unknown - extensive_fpu_threshold_and_calc) Y Axis,0xC220,0x9FE7,8761
60E1D400__vs__60E0FC00,0x78c68,(Unknown - extensive_fpu_threshold_and_calc),0x0050,0x0800,-1968
60E1D400__vs__60E0FC00,0x78c70,Cruise Control - Set Speed - Condition Threshold Y Axis,0x428C,0x0800,14988
60E1D400__vs__60E0FC00,0x78c74,Cruise Control - Set Speed - Condition Threshold,0x00FF,0x447A,-17275
60E1D400__vs__60E0FC00,0x78c78,Secondary Air Pump On Time Y Axis,0xC1A0,0x44BB,31973
60E1D400__vs__60E0FC00,0x78c94,Secondary Air Pump On Time,0x0000,0x4220,-16928
60E1D400__vs__60E0FC00,0x78cc0,Auxillary Valve Close,0x45BE,0x1CF6,10440
60E1D400__vs__60E0FC00,0x78d9c,Max Load - Intake Temperature Compensation Y Axis,0xC220,0x7A3D,18403
60E1D400__vs__60E0FC00,0x78dc0,Max Load - Intake Temperature Compensation,0x031B,0xA3CC,-41137
60E1D400__vs__60E0FC00,0x78dd4,Engine Torque Max - Barometric Pressure Compensation Y Axis,0x4220,0x4276,-86
60E1D400__vs__60E0FC00,0x78df8,Engine Torque Max - Barometric Pressure Compensation,0x09E4,0x6C00,-25116
60E1D400__vs__60E0FC00,0x78edc,Minimum Oil Injection Amount Y Axis,0x0000,0x4280,-17024
60E1D400__vs__60E0FC00,0x78f00,Minimum Oil Injection Amount,0x3C1E,0x428E,-1648
60E1D400__vs__60E0FC00,0x78f0c,Intake Air Temperature Based Oil Injection Amount Y Axis,0x41F0,0x0000,16880
60E1D400__vs__60E0FC00,0x78f24,Intake Air Temperature Based Oil Injection Amount,0x1616,0x0000,5654
60E1D400__vs__60E0FC00,0x78f2c,Manifold Pressure Based Oil Injection Amount Y Axis,0x41F0,0x4206,-22
60E1D400__vs__60E0FC00,0x78f44,Manifold Pressure Based Oil Injection Amount,0x6464,0x3C6F,10229
60E1D400__vs__60E0FC00,0x78f4c,Unknown - Zero Table vs Coolant Temp Y Axis,0xC1A0,0x3C9F,34049
60E1D400__vs__60E0FC00,0x78f78,Unknown - Zero Table vs Coolant Temp,0x0000,0x3D3E,-15678
60E1D400__vs__60E0FC00,0x78f84,Load Based Oil Injection Temperature Correction Y Axis,0x42B4,0x3D5B,1369
60E1D400__vs__60E0FC00,0x78f90,Load Based Oil Injection Temperature Correction,0x03E9,0x3D79,-14736
60E1D400__vs__60E0FC00,0x78f98,First Start Oil Injection Timer Y Axis,0x41F0,0x3D86,1130
60E1D400__vs__60E0FC00,0x78fb0,First Start Oil Injection Timer,0x0000,0x3DF0,-15856
60E1D400__vs__60E0FC00,0x78fbc,Unknown - Dual-Level Table vs Axis Y Axis,0x0000,0x3E70,-15984
60E1D400__vs__60E0FC00,0x78fd4,Unknown - Dual-Level Table vs Axis,0x4100,0x3EF0,528
60E1D400__vs__60E0FC00,0x78fec,Exhaust Port - Duty Step vs Index Y Axis,0x0000,0x3F70,-16240
60E1D400__vs__60E0FC00,0x79004,Exhaust Port - Duty Step vs Index,0x0000,0x3FF0,-16368
60E1D400__vs__60E0FC00,0x7901c,Unknown - Table vs Axis Y Axis,0x40A0,0x4020,128
60E1D400__vs__60E0FC00,0x79028,Unknown - Table vs Axis,0x4120,0x2025,8443
60E1D400__vs__60E0FC00,0x79034,Oil Metering By Load X Axis,0x442F,0x4A4D,-1566
60E1D400__vs__60E0FC00,0x79080,Oil Metering By Load Y Axis,0x3D80,0x458C,-2060
60E1D400__vs__60E0FC00,0x790c4,Oil Metering By Load,0x0303,0x451C,-16921
60E1D400__vs__60E0FC00,0x79208,Oil Metering By Throttle X Axis,0x442F,0x4E4E,-2591
60E1D400__vs__60E0FC00,0x79254,Oil Metering By Throttle Y Axis,0x4270,0x4180,240
60E1D400__vs__60E0FC00,0x79264,Oil Metering By Throttle,0x0000,0x0000,0
60E1D400__vs__60E0FC00,0x792b0,Barometric Pressure Based Oil Injection Amount X Axis,0x44BB,0x45E2,-295
60E1D400__vs__60E0FC00,0x792c8,Barometric Pressure Based Oil Injection Amount Y Axis,0x42AA,0x4434,-394
60E1D400__vs__60E0FC00,0x792dc,Barometric Pressure Based Oil Injection Amount,0x2828,0x0000,10280
60E1D400__vs__60E0FC00,0x7930c,Fuel Injection - Warmup Fueling - Load Based Multiplier Y Axis,0x3E00,0x44FA,-1786
60E1D400__vs__60E0FC00,0x79334,Fuel Injection - Warmup Fueling - Load Based Multiplier,0x4040,0x3E80,448
60E1D400__vs__60E0FC00,0x79340,Fuel Injection - Warmup Fueling X Axis,0xC220,0x3EE0,33600
60E1D400__vs__60E0FC00,0x79380,Fuel Injection - Warmup Fueling Y Axis,0xC1A0,0x42F0,32432
60E1D400__vs__60E0FC00,0x7938c,Fuel Injection - Warmup Fueling,0x4B41,0x4352,2031
60E1D400__vs__60E0FC00,0x793bc,Fuel Injection - Warmup Fueling - Engine Speed Based X Axis,0x447A,0x4248,562
60E1D400__vs__60E0FC00,0x793d0,Fuel Injection - Warmup Fueling - Engine Speed Based Y Axis,0x40A0,0x0099,16391
60E1D400__vs__60E0FC00,0x793e4,Fuel Injection - Warmup Fueling - Engine Speed Based,0x1216,0xC1A0,-44938
60E1D400__vs__60E0FC00,0x79400,Fuel Injection - Warmup Fueling - Engine Speed Based (Coolant Temp Fault) X Axis,0x43FA,0x4248,434
60E1D400__vs__60E0FC00,0x7941c,Fuel Injection - Warmup Fueling - Engine Speed Based (Coolant Temp Fault) Y Axis,0xC220,0x00C9,49495
60E1D400__vs__60E0FC00,0x79434,Fuel Injection - Warmup Fueling - Engine Speed Based (Coolant Temp Fault),0x0A0A,0x41F0,-14310
60E1D400__vs__60E0FC00,0x79470,(Unknown - extensive_fpu_div_multi_calc) Y Axis,0xC220,0x3E19,33799
60E1D400__vs__60E0FC00,0x794b0,(Unknown - extensive_fpu_div_multi_calc),0x001E,0x4270,-16978
60E1D400__vs__60E0FC00,0x794d0,(Unknown - extensive_fpu_div_multi_calc) 2 Y Axis,0xC220,0x42C8,32600
60E1D400__vs__60E0FC00,0x79510,(Unknown - extensive_fpu_div_multi_calc) 2,0x0014,0x41A0,-16780
60E1D400__vs__60E0FC00,0x79530,(Unknown - fpu_div_conditional_calc) X Axis,0xC220,0x42C8,32600
60E1D400__vs__60E0FC00,0x79570,(Unknown - fpu_div_conditional_calc) Y Axis,0x4220,0x2727,6905
60E1D400__vs__60E0FC00,0x79584,(Unknown - fpu_div_conditional_calc),0x0000,0x447A,-17530
60E1D400__vs__60E0FC00,0x795d4,(Unknown - fpu_div_conditional_calc) 2 X Axis,0xC1A0,0x44FA,31910
60E1D400__vs__60E0FC00,0x79614,(Unknown - fpu_div_conditional_calc) 2 Y Axis,0x4220,0x13EA,11830
60E1D400__vs__60E0FC00,0x79628,(Unknown - fpu_div_conditional_calc) 2,0x2626,0x23FF,551
60E1D400__vs__60E0FC00,0x796bc,(Unknown - extensive_fpu_threshold_calc) Y Axis,0xC180,0x12E0,44704
60E1D400__vs__60E0FC00,0x796e8,(Unknown - extensive_fpu_threshold_calc),0x9682,0x4220,21602
60E1D400__vs__60E0FC00,0x796f4,(Unknown - extensive_fpu_threshold_calc) 2 Y Axis,0xC180,0x4190,32752
60E1D400__vs__60E0FC00,0x79728,(Unknown - extensive_fpu_threshold_calc) 2,0x07F8,0x4130,-14648
60E1D400__vs__60E0FC00,0x79770,Secondary Fuel Blend Transition RPM Y Axis,0xC220,0x428C,32660
60E1D400__vs__60E0FC00,0x79790,Secondary Fuel Blend Transition RPM,0x7D64,0x41CA,15258
60E1D400__vs__60E0FC00,0x79798,Ignition Leading - Cranking Timing Advance Y Axis,0xC1A0,0x3F80,33312
60E1D400__vs__60E0FC00,0x797c8,Ignition Leading - Cranking Timing Advance,0x3232,0x6E6E,-15420
60E1D400__vs__60E0FC00,0x797d4,Rotor A/B Fuel Pulse Width Limiter Y Axis,0x0000,0xC220,-49696
60E1D400__vs__60E0FC00,0x79814,Rotor A/B Fuel Pulse Width Limiter,0x6D0A,0x3DCC,12094
60E1D400__vs__60E0FC00,0x798a4,Secondary Injectors Enable Temperature Y Axis,0x44FA,0x0000,17658
60E1D400__vs__60E0FC00,0x798b8,Secondary Injectors Enable Temperature,0x6C6C,0x0001,27755
60E1D400__vs__60E0FC00,0x798c0,Secondary Injectors Disable Temperature Y Axis,0x44FA,0x0000,17658
60E1D400__vs__60E0FC00,0x798d0,Secondary Injectors Disable Temperature,0x6C76,0x3E40,11830
60E1D400__vs__60E0FC00,0x798d4,Knock Retard Max - Knock Sensor Faulted Y Axis,0x44FA,0x3E80,1658
60E1D400__vs__60E0FC00,0x798e8,Knock Retard Max - Knock Sensor Faulted,0x6C6C,0x3F10,11612
60E1D400__vs__60E0FC00,0x798f0,Rotor A/B Fuel Trim Y Axis,0x44FA,0x43FA,256
60E1D400__vs__60E0FC00,0x79920,Rotor A/B Fuel Trim,0x6C6C,0x000D,27743
60E1D400__vs__60E0FC00,0x7992c,Rotor A/B Fuel Trim 2 Y Axis,0x44FA,0x0012,17640
60E1D400__vs__60E0FC00,0x7995c,Rotor A/B Fuel Trim 2,0x8080,0x000A,32886
60E1D400__vs__60E0FC00,0x79980,Deceleration Fuel Cutoff Rate Y Axis,0x3E00,0x0008,15864
60E1D400__vs__60E0FC00,0x799a0,Deceleration Fuel Cutoff Rate,0x0014,0x0001,19
60E1D400__vs__60E0FC00,0x799a8,Deceleration Fuel Cutoff Recovery Y Axis,0xBDC0,0x0001,48575
60E1D400__vs__60E0FC00,0x799b8,Deceleration Fuel Cutoff Recovery,0x1D4C,0x3E00,-8372
60E1D400__vs__60E0FC00,0x799c0,Fuel Pressure Regulator Duty Low Y Axis,0xBED0,0x3E80,32848
60E1D400__vs__60E0FC00,0x799f8,Fuel Pressure Regulator Duty Low,0x2710,0x457A,-7786
60E1D400__vs__60E0FC00,0x79a14,Fuel Pressure Regulator Duty High Y Axis,0xBED0,0x0000,48848
60E1D400__vs__60E0FC00,0x79a1c,Fuel Pressure Regulator Duty High,0x13D6,0x0000,5078
60E1D400__vs__60E0FC00,0x79a20,Fuel Pressure Regulator (3D) X Axis,0x43FA,0x0000,17402
60E1D400__vs__60E0FC00,0x79a38,Fuel Pressure Regulator (3D) Y Axis,0xC220,0x0000,49696
60E1D400__vs__60E0FC00,0x79a54,Fuel Pressure Regulator (3D),0x059A,0x0AFD,-1379
60E1D400__vs__60E0FC00,0x79aa8,Fuel Pressure Regulator Compensation (3D) X Axis,0x44BB,0x3E4C,1647
60E1D400__vs__60E0FC00,0x79ab8,Fuel Pressure Regulator Compensation (3D) Y Axis,0xC220,0x3EE6,33594
60E1D400__vs__60E0FC00,0x79ad4,Fuel Pressure Regulator Compensation (3D),0x1366,0x44FA,-12692
60E1D400__vs__60E0FC00,0x79b0c,Fuel Pressure Regulator Compensation 2 (3D) X Axis,0x44BB,0x0000,17595
60E1D400__vs__60E0FC00,0x79b2c,Fuel Pressure Regulator Compensation 2 (3D) Y Axis,0xC220,0x0873,47533
60E1D400__vs__60E0FC00,0x79b48,Fuel Pressure Regulator Compensation 2 (3D),0x1E00,0x049C,6500
60E1D400__vs__60E0FC00,0x79bf0,(Unknown - fpu_calc_with_state_routing) Y Axis,0x3E00,0x455A,-1882
60E1D400__vs__60E0FC00,0x79c18,(Unknown - fpu_calc_with_state_routing),0x8C3C,0x4604,17976
60E1D400__vs__60E0FC00,0x79c24,(Unknown - state_dispatch_with_interpolate) Y Axis,0x0000,0x1716,-5910
60E1D400__vs__60E0FC00,0x79c48,(Unknown - state_dispatch_with_interpolate),0x1E32,0x0040,7666
60E1D400__vs__60E0FC00,0x79c54,Get Engine Startup Enrich Value (Map) Y Axis,0xC220,0x4120,33024
60E1D400__vs__60E0FC00,0x79c74,Get Engine Startup Enrich Value (Map),0x503C,0x43FA,3138
60E1D400__vs__60E0FC00,0x79c7c,(Unknown - fpu_calc_with_state_routing) 2 Y Axis,0x0000,0x447A,-17530
60E1D400__vs__60E0FC00,0x79cb4,(Unknown - fpu_calc_with_state_routing) 2,0x0000,0x445C,-17500
60E1D400__vs__60E0FC00,0x79cd0,(Unknown - fpu_calc_conditional_branch) Y Axis,0x0000,0x3E00,-15872
60E1D400__vs__60E0FC00,0x79d08,(Unknown - fpu_calc_conditional_branch),0x0000,0x3F8C,-16268
60E1D400__vs__60E0FC00,0x79d24,(Unknown - fpu_calc_with_state_transition) Y Axis,0x0000,0x3F4C,-16204
60E1D400__vs__60E0FC00,0x79d5c,(Unknown - fpu_calc_with_state_transition),0x0000,0x41CC,-16844
60E1D400__vs__60E0FC00,0x79d78,(Unknown - fpu_calc_with_state_routing) 3 X Axis,0x43FA,0x4275,389
60E1D400__vs__60E0FC00,0x79d90,(Unknown - fpu_calc_with_state_routing) 3 Y Axis,0xC220,0x42B8,32616
60E1D400__vs__60E0FC00,0x79dac,(Unknown - fpu_calc_with_state_routing) 3,0x147B,0x000A,5233
60E1D400__vs__60E0FC00,0x79e00,(Unknown - fpu_calc_with_state_routing) 4 X Axis,0x447A,0x00C3,17335
60E1D400__vs__60E0FC00,0x79e14,(Unknown - fpu_calc_with_state_routing) 4 Y Axis,0x40A0,0x40A3,-3
60E1D400__vs__60E0FC00,0x79e30,(Unknown - fpu_calc_with_state_routing) 4,0x278D,0x4223,-6806
60E1D400__vs__60E0FC00,0x79e78,(Unknown - fpu_calc_conditional_branch) 2 X Axis,0x43FA,0x000A,17392
60E1D400__vs__60E0FC00,0x79e90,(Unknown - fpu_calc_conditional_branch) 2 Y Axis,0xC220,0x0044,49628
60E1D400__vs__60E0FC00,0x79eac,(Unknown - fpu_calc_conditional_branch) 2,0x72D9,0x40A3,12854
60E1D400__vs__60E0FC00,0x79f00,(Unknown - fpu_calc_conditional_branch) 3 X Axis,0x447A,0x42E1,409
60E1D400__vs__60E0FC00,0x79f14,(Unknown - fpu_calc_conditional_branch) 3 Y Axis,0x40A0,0x0014,16524
60E1D400__vs__60E0FC00,0x79f2c,(Unknown - fpu_calc_conditional_branch) 3,0xA82E,0x004C,42978
60E1D400__vs__60E0FC00,0x79f68,(Unknown - fpu_calc_with_state_transition) 2 X Axis,0x447A,0x018E,17132
60E1D400__vs__60E0FC00,0x79f7c,(Unknown - fpu_calc_with_state_transition) 2 Y Axis,0x40A0,0x4175,-213
60E1D400__vs__60E0FC00,0x79f94,(Unknown - fpu_calc_with_state_transition) 2,0x605B,0x4238,7715
60E1D400__vs__60E0FC00,0x7a028,RPM Based Max Engine Load Y Axis,0x43FA,0x45DA,-480
60E1D400__vs__60E0FC00,0x7a070,RPM Based Max Engine Load,0x5852,0x0369,21737
60E1D400__vs__60E0FC00,0x7a094,(Unknown - fpu_pair_accumulate_calc) Y Axis,0xC220,0x036D,48819
60E1D400__vs__60E0FC00,0x7a0b4,(Unknown - fpu_pair_accumulate_calc),0xA3CC,0x035F,41069
60E1D400__vs__60E0FC00,0x7a0c4,Max Load - Barometric Pressure Compensation Y Axis,0x4256,0x03AE,16040
60E1D400__vs__60E0FC00,0x7a0e4,Max Load - Barometric Pressure Compensation,0x4400,0x037C,16516
60E1D400__vs__60E0FC00,0x7a0f4,(Unknown - extensive_fpu_conditional_threshold_calc) Y Axis,0x447A,0x0310,16746
60E1D400__vs__60E0FC00,0x7a118,(Unknown - extensive_fpu_conditional_threshold_calc),0x6B85,0x033F,26694
60E1D400__vs__60E0FC00,0x7a12c,(Unknown - extensive_fpu_conditional_threshold_calc) 2 Y Axis,0x447A,0x0385,16629
60E1D400__vs__60E0FC00,0x7a150,(Unknown - extensive_fpu_conditional_threshold_calc) 2,0x947B,0x0388,37107
60E1D400__vs__60E0FC00,0x7a230,Knock Voltage To Magnitude Y Axis,0x3C20,0x420C,-1516
60E1D400__vs__60E0FC00,0x7a318,Knock Voltage To Magnitude,0x000A,0x3F80,-16246
60E1D400__vs__60E0FC00,0x7a354,Knock Related 1 Y Axis,0x43FA,0x1388,12402
60E1D400__vs__60E0FC00,0x7a38c,Knock Related 1,0x00F3,0x40A0,-16301
60E1D400__vs__60E0FC00,0x7a3a8,Knock Related 2 Y Axis,0x43FA,0x1388,12402
60E1D400__vs__60E0FC00,0x7a3e0,Knock Related 2,0x00E0,0x3F80,-16032
60E1D400__vs__60E0FC00,0x7a3fc,Knock Related Y Axis,0x4448,0x3F80,1224
60E1D400__vs__60E0FC00,0x7a400,Knock Related,0x4100,0x4000,256
60E1D400__vs__60E0FC00,0x7a404,Knock Related 3 Y Axis,0x43FA,0x4040,954
60E1D400__vs__60E0FC00,0x7a408,Knock Related 3,0x4180,0x1388,11768
60E1D400__vs__60E0FC00,0x7a40c,Knock Rel #4 X Axis,0x3F10,0x1388,11144
60E1D400__vs__60E0FC00,0x7a424,Knock Rel #4 Y Axis,0x43FA,0x1388,12402
60E1D400__vs__60E0FC00,0x7a450,Knock Rel #4,0x2C32,0x4080,-5198
60E1D400__vs__60E0FC00,0x7a494,Knock Rel #0 X Axis,0x3F10,0x1388,11144
60E1D400__vs__60E0FC00,0x7a4ac,Knock Rel #0 Y Axis,0x43FA,0x4000,1018
60E1D400__vs__60E0FC00,0x7a4d8,Knock Rel #0,0x2E32,0x0000,11826
60E1D400__vs__60E0FC00,0x7a538,(Unknown - extensive_fpu_multi_calc_selector) Y Axis,0x0000,0x4040,-16448
60E1D400__vs__60E0FC00,0x7a554,(Unknown - extensive_fpu_multi_calc_selector),0x501E,0x9905,-18663
60E1D400__vs__60E0FC00,0x7a55c,(Unknown - extensive_fpu_multi_calc_selector) 2 Y Axis,0x43E1,0x8C6A,-18569
60E1D400__vs__60E0FC00,0x7a58c,(Unknown - extensive_fpu_multi_calc_selector) 2,0x0062,0xAD68,-44294
60E1D400__vs__60E0FC00,0x7a5a4,VDI Open,0x45E2,0xAAE8,-25862
60E1D400__vs__60E0FC00,0x7a600,Airflow Or Load Related Y Axis,0x3E80,0x451C,-1692
60E1D400__vs__60E0FC00,0x7a628,Airflow Or Load Related,0x04C0,0x40A0,-15328
60E1D400__vs__60E0FC00,0x7a63c,MAF Related Y Axis,0x0000,0x1C6A,-7274
60E1D400__vs__60E0FC00,0x7a65c,MAF Related,0x001A,0x0A4E,-2612
60E1D400__vs__60E0FC00,0x7a66c,Fuel Injection Control Callback (Map) Y Axis,0xC170,0x1323,44621
60E1D400__vs__60E0FC00,0x7a698,Fuel Injection Control Callback (Map),0xFFFC,0x1852,59306
60E1D400__vs__60E0FC00,0x7a6b0,Fuel Injection Control Callback (Map) 2 Y Axis,0xC170,0x5DC9,25511
60E1D400__vs__60E0FC00,0x7a6dc,Fuel Injection Control Callback (Map) 2,0xFFFC,0x447A,48002
60E1D400__vs__60E0FC00,0x7a6f4,Fuel Injection Control Callback (Map) 3 Y Axis,0xC170,0x457A,31734
60E1D400__vs__60E0FC00,0x7a720,Fuel Injection Control Callback (Map) 3,0x024B,0x9E1D,-39890
60E1D400__vs__60E0FC00,0x7a738,Fuel Injection - Control Threshold vs Coolant Temp Y Axis,0xC170,0xA6B7,6841
60E1D400__vs__60E0FC00,0x7a764,Fuel Injection - Control Threshold vs Coolant Temp,0xFFFF,0xA304,23803
60E1D400__vs__60E0FC00,0x7a77c,Fuel Injection - Calibration vs Coolant Temp Y Axis,0xC1A0,0xA548,7256
60E1D400__vs__60E0FC00,0x7a7a4,Fuel Injection - Calibration vs Coolant Temp,0x0CF8,0x9E09,-37137
60E1D400__vs__60E0FC00,0x7a7c8,Dtc Snapshot Manager (Map) Y Axis,0x43FA,0x003E,17340
60E1D400__vs__60E0FC00,0x7a7f0,Dtc Snapshot Manager (Map),0x8080,0x003F,32833
60E1D400__vs__60E0FC00,0x7a7fc,Compensated Barometric Pressure Y Axis,0x4257,0x428C,-53
60E1D400__vs__60E0FC00,0x7a80c,Compensated Barometric Pressure,0x4458,0x0000,17496
60E1D400__vs__60E0FC00,0x7a810,(Unknown - motor_control_task) X Axis,0x43FA,0x4248,434
60E1D400__vs__60E0FC00,0x7a828,(Unknown - motor_control_task) Y Axis,0x3E3A,0x3E80,-70
60E1D400__vs__60E0FC00,0x7a838,(Unknown - motor_control_task),0x19DA,0x0000,6618
60E1D400__vs__60E0FC00,0x7a8b0,UDS - Protocol Threshold vs Coolant Temp Y Axis,0xC220,0x0000,49696
60E1D400__vs__60E0FC00,0x7a8cc,UDS - Protocol Threshold vs Coolant Temp,0x19A2,0x8080,-26334
60E1D400__vs__60E0FC00,0x7a8dc,Uds Protocol (Map) Y Axis,0xC220,0x0000,49696
60E1D400__vs__60E0FC00,0x7a8f8,Uds Protocol (Map),0x2332,0x0000,9010
60E1D400__vs__60E0FC00,0x7a930,Barometric Pressure Sensor Min Voltage,0x3E4C,0x44AF,-1635
60E1D400__vs__60E0FC00,0x7a934,Barometric Pressure Sensor Max Voltage,0x4099,0x44FA,-1121
60E1D400__vs__60E0FC00,0x7a9bc,Barometric Pressure Sensor Offset,0x3C95,0x1924,9073
60E1D400__vs__60E0FC00,0x7a9c0,Barometric Pressure Sensor Slope,0x41CA,0x12E4,12006
60E1D400__vs__60E0FC00,0x7a9d4,Off Throttle Leading Timing Realted Y Axis,0xC220,0x128D,44947
60E1D400__vs__60E0FC00,0x7a9f8,Off Throttle Leading Timing Realted,0x6E6E,0x0000,28270
60E1D400__vs__60E0FC00,0x7aa04,Ignition Trailing - Cranking Timing Advance Y Axis,0xC220,0x3E80,33696
60E1D400__vs__60E0FC00,0x7aa28,Ignition Trailing - Cranking Timing Advance,0x6E6E,0x447A,10740
60E1D400__vs__60E0FC00,0x7aa74,Sensor Processing (Map) X Axis,0x3E00,0x9F66,-24934
60E1D400__vs__60E0FC00,0x7aa98,Sensor Processing (Map) Y Axis,0x43FA,0x5700,-4870
60E1D400__vs__60E0FC00,0x7aabc,Sensor Processing (Map),0x0000,0x1866,-6246
60E1D400__vs__60E0FC00,0x7ab10,Boost Pressure Feedback (Map) X Axis,0x3E00,0x1F33,7885
60E1D400__vs__60E0FC00,0x7ab34,Boost Pressure Feedback (Map) Y Axis,0x43FA,0x0C00,14330
60E1D400__vs__60E0FC00,0x7ab58,Boost Pressure Feedback (Map),0x001C,0x0C00,-3044
60E1D400__vs__60E0FC00,0x7abfc,Fuel Calculation Callback (Map) X Axis,0x3E00,0x45BB,-1979
60E1D400__vs__60E0FC00,0x7ac20,Fuel Calculation Callback (Map) Y Axis,0x43FA,0x3F00,1274
60E1D400__vs__60E0FC00,0x7ac44,Fuel Calculation Callback (Map),0x0000,0x44BB,-17595
60E1D400__vs__60E0FC00,0x7ace8,Fuel Calculation Callback (Map) 2 X Axis,0x3E00,0x0014,15852
60E1D400__vs__60E0FC00,0x7ad0c,Fuel Calculation Callback (Map) 2 Y Axis,0x43FA,0x451C,-290
60E1D400__vs__60E0FC00,0x7ad30,Fuel Calculation Callback (Map) 2,0x0000,0x4604,-17924
60E1D400__vs__60E0FC00,0x7add4,Throttle - Liftoff - Fuel Cut Trigger X Axis,0x3E00,0x4130,-816
60E1D400__vs__60E0FC00,0x7add8,Throttle - Liftoff - Fuel Cut Trigger Y Axis,0x43FA,0x3D4C,1710
60E1D400__vs__60E0FC00,0x7addc,Throttle - Liftoff - Fuel Cut Trigger,0x0000,0x0303,-771
60E1D400__vs__60E0FC00,0x7ade0,Throttle - Liftoff - Fuel Cut Release X Axis,0x3E00,0x0302,15102
60E1D400__vs__60E0FC00,0x7ade4,Throttle - Liftoff - Fuel Cut Release Y Axis,0x43FA,0x0202,16888
60E1D400__vs__60E0FC00,0x7ade8,Throttle - Liftoff - Fuel Cut Release,0x0000,0x0303,-771
60E1D400__vs__60E0FC00,0x7ae34,(Unknown - transmission_control) Y Axis,0x43FA,0x0006,17396
60E1D400__vs__60E0FC00,0x7ae7c,(Unknown - transmission_control),0x1C1B,0x42C8,-9901
60E1D400__vs__60E0FC00,0x7ae90,State Machine - Scalar Threshold Y Axis,0x0000,0x0271,-625
60E1D400__vs__60E0FC00,0x7ae94,State Machine - Scalar Threshold,0x3FA3,0x453B,-1432
60E1D400__vs__60E0FC00,0x7ae98,Fuel Control - Scalar Threshold Y Axis,0x0000,0x448F,-17551
60E1D400__vs__60E0FC00,0x7ae9c,Fuel Control - Scalar Threshold,0x3F33,0x4348,-1045
60E1D400__vs__60E0FC00,0x7af24,Injection Angle Related AFR Input Y Axis,0x0000,0x0019,-25
60E1D400__vs__60E0FC00,0x7af48,Injection Angle Related AFR Input,0x323C,0x0026,12822
60E1D400__vs__60E0FC00,0x7af54,Unknown Lambda Input Y Axis,0x3F33,0x4150,-541
60E1D400__vs__60E0FC00,0x7af74,Unknown Lambda Input,0x0708,0x4060,-14680
60E1D400__vs__60E0FC00,0x7af7c,(Unknown - fpu_accumulate_ch0) Y Axis,0x3F33,0x4140,-525
60E1D400__vs__60E0FC00,0x7af9c,(Unknown - fpu_accumulate_ch0),0x0708,0x4302,-15354
60E1D400__vs__60E0FC00,0x7afa4,AirFlow Inj Angle Related Y Axis,0x0000,0x3FC0,-16320
60E1D400__vs__60E0FC00,0x7b008,AirFlow Inj Angle Related,0x000A,0x42A0,-17046
60E1D400__vs__60E0FC00,0x7b03c,(Unknown - fpu_control_calc) Y Axis,0xC220,0x0000,49696
60E1D400__vs__60E0FC00,0x7b05c,(Unknown - fpu_control_calc),0x00C3,0x430C,-16969
60E1D400__vs__60E0FC00,0x7b06c,(Unknown - fpu_accumulate_ch0) 2 Y Axis,0x0000,0x0000,0
60E1D400__vs__60E0FC00,0x7b0d0,(Unknown - fpu_accumulate_ch0) 2,0x0005,0x0001,4
60E1D400__vs__60E0FC00,0x7b104,(Unknown - fpu_accumulate_ch0) 3 Y Axis,0x0000,0x42F0,-17136
60E1D400__vs__60E0FC00,0x7b168,(Unknown - fpu_accumulate_ch0) 3,0x0005,0x3F19,-16148
60E1D400__vs__60E0FC00,0x7b19c,(Unknown - fpu_accumulate_ch0) 4 Y Axis,0xC220,0x04E2,48446
60E1D400__vs__60E0FC00,0x7b1bc,(Unknown - fpu_accumulate_ch0) 4,0x00C3,0x0138,-117
60E1D400__vs__60E0FC00,0x7b1cc,(Unknown - fpu_accumulate_ch2) Y Axis,0x0000,0x428C,-17036
60E1D400__vs__60E0FC00,0x7b204,(Unknown - fpu_accumulate_ch2),0x0030,0x3CA3,-15475
60E1D400__vs__60E0FC00,0x7b220,(Unknown - fpu_accumulate_ch2) 2 Y Axis,0xC220,0x3C23,34301
60E1D400__vs__60E0FC00,0x7b240,(Unknown - fpu_accumulate_ch2) 2,0x03CF,0x3DF5,-14886
60E1D400__vs__60E0FC00,0x7b250,Injection Angle X Axis,0x43FA,0x3E4C,1454
60E1D400__vs__60E0FC00,0x7b298,Injection Angle Y Axis,0x3E00,0x4120,-800
60E1D400__vs__60E0FC00,0x7b2b8,Injection Angle,0x0208,0x42A0,-16536
60E1D400__vs__60E0FC00,0x7b43c,Air Bleed Control (Map) Y Axis,0x3F00,0x1A26,9434
60E1D400__vs__60E0FC00,0x7b464,Air Bleed Control (Map),0x5050,0x3E4C,4612
60E1D400__vs__60E0FC00,0x7b470,Idle Correction Interpolation (Map) Y Axis,0x0000,0x403B,-16443
60E1D400__vs__60E0FC00,0x7b4a0,Idle Correction Interpolation (Map),0x6464,0x4120,9028
60E1D400__vs__60E0FC00,0x7b4ac,Ignition Knock - RPM Knock Retard Y Axis,0x43FA,0x4220,474
60E1D400__vs__60E0FC00,0x7b4d8,Ignition Knock - RPM Knock Retard,0x1414,0x40D0,-11452
60E1D400__vs__60E0FC00,0x7b4e4,Air Filter Control (Map) Y Axis,0x43FA,0x4124,726
60E1D400__vs__60E0FC00,0x7b510,Air Filter Control (Map),0x000A,0x3F47,-16189
60E1D400__vs__60E0FC00,0x7b51c,Fuel Correction Update (Map) Y Axis,0x3F80,0x3FF9,-121
60E1D400__vs__60E0FC00,0x7b534,Fuel Correction Update (Map),0x1919,0x41AF,-10390
60E1D400__vs__60E0FC00,0x7b53c,Exhaust Control (Map) Y Axis,0x3F80,0x4209,-649
60E1D400__vs__60E0FC00,0x7b554,Exhaust Control (Map),0x0309,0x428F,-16262
60E1D400__vs__60E0FC00,0x7b55a,Air Bleed Control (Map) 2,0x72FA,0x8000,-3334
60E1D400__vs__60E0FC00,0x7b570,Exhaust Control (Map) 2 X Axis,0x0000,0x42EE,-17134
60E1D400__vs__60E0FC00,0x7b58c,Exhaust Control (Map) 2 Y Axis,0x0000,0x4405,-17413
60E1D400__vs__60E0FC00,0x7b59c,Exhaust Control (Map) 2,0x1388,0x859F,-29207
60E1D400__vs__60E0FC00,0x7b5d4,Exhaust Control (Map) 3 X Axis,0x0000,0xFFFF,-65535
60E1D400__vs__60E0FC00,0x7b5f0,Exhaust Control (Map) 3 Y Axis,0x0000,0x0A0C,-2572
60E1D400__vs__60E0FC00,0x7b600,Exhaust Control (Map) 3,0x1388,0xEEFF,-56183
60E1D400__vs__60E0FC00,0x7b638,Exhaust Control (Map) 4 X Axis,0x0000,0x0A0C,-2572
60E1D400__vs__60E0FC00,0x7b654,Exhaust Control (Map) 4 Y Axis,0x0000,0x1112,-4370
60E1D400__vs__60E0FC00,0x7b664,Exhaust Control (Map) 4,0x1388,0xFFFF,-60535
60E1D400__vs__60E0FC00,0x7b69c,Exhaust Control (Map) 5 X Axis,0x0000,0x45F6,-17910
60E1D400__vs__60E0FC00,0x7b6b8,Exhaust Control (Map) 5 Y Axis,0x0000,0x44FA,-17658
60E1D400__vs__60E0FC00,0x7b6c8,Exhaust Control (Map) 5,0x1388,0x45BB,-12851
60E1D400__vs__60E0FC00,0x7b700,Ignition Advance - Interpolated Map X Axis,0x0000,0x04A4,-1188
60E1D400__vs__60E0FC00,0x7b71c,Ignition Advance - Interpolated Map Y Axis,0x0000,0x01BD,-445
60E1D400__vs__60E0FC00,0x7b72c,Ignition Advance - Interpolated Map,0x0000,0x01FE,-510
60E1D400__vs__60E0FC00,0x7b764,Fuel Pressure (Map) 8 X Axis,0x43FA,0x01BD,16957
60E1D400__vs__60E0FC00,0x7b78c,Fuel Pressure (Map) 8 Y Axis,0x3F80,0x032C,15444
60E1D400__vs__60E0FC00,0x7b7ac,Fuel Pressure (Map) 8,0xA11A,0x000A,41232
60E1D400__vs__60E0FC00,0x7b84c,Fuel Pressure (Map) 9 X Axis,0x43FA,0x0741,15545
60E1D400__vs__60E0FC00,0x7b874,Fuel Pressure (Map) 9 Y Axis,0x3F80,0x0000,16256
60E1D400__vs__60E0FC00,0x7b894,Fuel Pressure (Map) 9,0x2831,0x4100,-6351
60E1D400__vs__60E0FC00,0x7b934,Fuel Pressure (Map) 10 X Axis,0x43FA,0x0100,17146
60E1D400__vs__60E0FC00,0x7b95c,Fuel Pressure (Map) 10 Y Axis,0x3F80,0x0100,16000
60E1D400__vs__60E0FC00,0x7b97c,Fuel Pressure (Map) 10,0x9E1D,0x0100,40221
60E1D400__vs__60E0FC00,0x7ba94,Knock Limit - Zero Table vs Axis Y Axis,0x0000,0x428C,-17036
60E1D400__vs__60E0FC00,0x7bab0,Knock Limit - Zero Table vs Axis,0x0000,0x07BB,-1979
60E1D400__vs__60E0FC00,0x7bacc,Knock Limit - Factor vs Axis Y Axis,0x3DCC,0x428C,-1216
60E1D400__vs__60E0FC00,0x7bae0,Knock Limit - Factor vs Axis,0x3F80,0x0666,14618
60E1D400__vs__60E0FC00,0x7baf4,Omp Fault Detect (Map) X Axis,0x3E00,0x41F0,-1008
60E1D400__vs__60E0FC00,0x7bb18,Omp Fault Detect (Map) Y Axis,0x43FA,0x1A1D,10717
60E1D400__vs__60E0FC00,0x7bb3c,Omp Fault Detect (Map),0x0000,0x428C,-17036
60E1D400__vs__60E0FC00,0x7bb90,Ignition Knock - Retard Limit X Axis,0x3E00,0x07BB,13893
60E1D400__vs__60E0FC00,0x7bbb4,Ignition Knock - Retard Limit Y Axis,0x43FA,0x42B4,326
60E1D400__vs__60E0FC00,0x7bbd8,Ignition Knock - Retard Limit,0x41C0,0x4220,-96
60E1D400__vs__60E0FC00,0x7bd28,(Unknown - fpu_division_calc) X Axis,0x3E23,0x9BBE,-23963
60E1D400__vs__60E0FC00,0x7bd50,(Unknown - fpu_division_calc) Y Axis,0x4443,0x42A0,419
60E1D400__vs__60E0FC00,0x7bd94,(Unknown - fpu_division_calc),0x41AE,0x3A7F,1839
60E1D400__vs__60E0FC00,0x7c050,Fuel Temperature Correction (Map) Y Axis,0x442F,0x429D,402
60E1D400__vs__60E0FC00,0x7c084,Fuel Temperature Correction (Map),0x4343,0x0000,17219
60E1D400__vs__60E0FC00,0x7c094,Fuel Flow Limiter (Map) X Axis,0x3E00,0x0000,15872
60E1D400__vs__60E0FC00,0x7c0bc,Fuel Flow Limiter (Map) Y Axis,0x43FA,0x42A0,346
60E1D400__vs__60E0FC00,0x7c0dc,Fuel Flow Limiter (Map),0x0080,0x0000,128
60E1D400__vs__60E0FC00,0x7c184,Load Limit A Y Axis,0x4443,0x428C,439
60E1D400__vs__60E0FC00,0x7c1b4,Load Limit A,0x3EB3,0x3F93,-224
60E1D400__vs__60E0FC00,0x7c1e4,Load Limit B Y Axis,0x4443,0xF424,-45025
60E1D400__vs__60E0FC00,0x7c214,Load Limit B,0x3F26,0x3E4C,218
60E1D400__vs__60E0FC00,0x7c32c,Load Limit C Y Axis,0x43FA,0x0030,17354
60E1D400__vs__60E0FC00,0x7c354,Load Limit C,0x03E8,0x0043,933
60E1D400__vs__60E0FC00,0x7c3b4,Misfire DTC - Threshold 1 vs Voltage Axis Y Axis,0x40B0,0x006D,16451
60E1D400__vs__60E0FC00,0x7c3c4,Misfire DTC - Threshold 1 vs Voltage Axis,0x007D,0x0075,8
60E1D400__vs__60E0FC00,0x7c3cc,Misfire DTC - Threshold 2 vs Voltage Axis Y Axis,0x40B0,0x0079,16439
60E1D400__vs__60E0FC00,0x7c3dc,Misfire DTC - Threshold 2 vs Voltage Axis,0x007D,0x0081,-4
60E1D400__vs__60E0FC00,0x7c3e4,Misfire DTC - Threshold 3 vs Voltage Axis Y Axis,0x40C4,0x0085,16447
60E1D400__vs__60E0FC00,0x7c3f4,Misfire DTC - Threshold 3 vs Voltage Axis,0x4060,0x1100,12128
60E1D400__vs__60E0FC00,0x7c48c,(Unknown - ctrl_toggle) Y Axis,0x0000,0x1100,-4352
60E1D400__vs__60E0FC00,0x7c4b4,(Unknown - ctrl_toggle),0x0000,0x1100,-4352
60E1D400__vs__60E0FC00,0x7c4c0,(Unknown - ctrl_toggle) 2 Y Axis,0x0000,0x1100,-4352
60E1D400__vs__60E0FC00,0x7c4e8,(Unknown - ctrl_toggle) 2,0x0000,0x1100,-4352
60E1D400__vs__60E0FC00,0x7c4f4,(Unknown - ctrl_toggle) 3 Y Axis,0x0000,0x1100,-4352
60E1D400__vs__60E0FC00,0x7c51c,(Unknown - ctrl_toggle) 3,0x7878,0x1100,26488
60E1D400__vs__60E0FC00,0x7c528,Ctrl Toggle - Constant vs Axis Y Axis,0x0000,0x1100,-4352
60E1D400__vs__60E0FC00,0x7c550,Ctrl Toggle - Constant vs Axis,0x0001,0x1100,-4351
60E1D400__vs__60E0FC00,0x7c564,Primary Fuel Injector Cranking Pulse Decay Time Y Axis,0xC220,0x2400,40480
60E1D400__vs__60E0FC00,0x7c588,Primary Fuel Injector Cranking Pulse Decay Time,0x0303,0x1100,-3581
60E1D400__vs__60E0FC00,0x7c5f8,PWM Duty - Constant vs Axis Y Axis,0x0000,0x1100,-4352
60E1D400__vs__60E0FC00,0x7c61c,PWM Duty - Constant vs Axis,0x04E2,0x1100,-3102
60E1D400__vs__60E0FC00,0x7c664,Ctrl Cache - Correction 1 vs Axis Y Axis,0x469C,0x0000,18076
60E1D400__vs__60E0FC00,0x7c678,Ctrl Cache - Correction 1 vs Axis,0xBC23,0x0303,47392
60E1D400__vs__60E0FC00,0x7c68c,Ctrl Cache - Correction 2 vs Axis Y Axis,0x469C,0x0303,17305
60E1D400__vs__60E0FC00,0x7c6a0,Ctrl Cache - Correction 2 vs Axis,0x3C23,0xFFFF,-50140
60E1D400__vs__60E0FC00,0x7c6bc,(Unknown - debug_output) Y Axis,0x3DCC,0x0000,15820
60E1D400__vs__60E0FC00,0x7c6d8,(Unknown - debug_output),0x1A1A,0x0000,6682
60E1D400__vs__60E0FC00,0x7c6e0,(Unknown - debug_output) 2 Y Axis,0x447A,0x0000,17530
60E1D400__vs__60E0FC00,0x7c708,(Unknown - debug_output) 2,0x9678,0x0000,38520
60E1D400__vs__60E0FC00,0x7c718,Datalog - Sample Rate vs RPM Y Axis,0x43FA,0x0000,17402
60E1D400__vs__60E0FC00,0x7c730,Datalog - Sample Rate vs RPM,0x0505,0x0000,1285
60E1D400__vs__60E0FC00,0x7c738,(Unknown - datalog_format) Y Axis,0x43FA,0x0000,17402
60E1D400__vs__60E0FC00,0x7c750,(Unknown - datalog_format),0x051F,0x0202,797
60E1D400__vs__60E0FC00,0x7c75c,(Unknown - datalog_write) Y Axis,0x0000,0x0101,-257
60E1D400__vs__60E0FC00,0x7c780,(Unknown - datalog_write),0x0000,0x0202,-514
60E1D400__vs__60E0FC00,0x7c794,(Unknown - datalog_write) 2 X Axis,0xC220,0x0101,49439
60E1D400__vs__60E0FC00,0x7c7b8,(Unknown - datalog_write) 2 Y Axis,0x43FA,0x0202,16888
60E1D400__vs__60E0FC00,0x7c7d0,(Unknown - datalog_write) 2,0x1A1A,0x0303,5911
60E1D400__vs__60E0FC00,0x7c808,(Unknown - datalog_write) 3 X Axis,0xC220,0x0303,48925
60E1D400__vs__60E0FC00,0x7c82c,(Unknown - datalog_write) 3 Y Axis,0x43FA,0x0303,16631
60E1D400__vs__60E0FC00,0x7c844,(Unknown - datalog_write) 3,0x1A1A,0x0303,5911
60E1D400__vs__60E0FC00,0x7c8b0,Datalog - Engine - Trace Level Table Y Axis,0xC220,0x2828,39416
60E1D400__vs__60E0FC00,0x7c8ec,Datalog - Engine - Trace Level Table,0x8080,0x0032,32846
60E1D400__vs__60E0FC00,0x7c8fc,Datalog - Battery - Voltage Correction Table Y Axis,0x40D0,0x0107,16329
60E1D400__vs__60E0FC00,0x7c920,Datalog - Battery - Voltage Correction Table,0x9F96,0x0172,40484
60E1D400__vs__60E0FC00,0x7c92c,Datalog - Engine - Load Matrix X Axis,0x0000,0x0336,-822
60E1D400__vs__60E0FC00,0x7c98c,Datalog - Engine - Load Matrix Y Axis,0x0000,0x2068,-8296
60E1D400__vs__60E0FC00,0x7c9b4,Datalog - Engine - Load Matrix,0x0A0C,0x2196,-6026
60E1D400__vs__60E0FC00,0x7cad8,Ignition Dwell Time_ X Axis,0x447A,0x0101,17273
60E1D400__vs__60E0FC00,0x7cafc,Ignition Dwell Time_ Y Axis,0x40D0,0x0000,16592
60E1D400__vs__60E0FC00,0x7cb20,Ignition Dwell Time_,0x0767,0x0101,1638
60E1D400__vs__60E0FC00,0x7ccb4,Diag/Test - Zero Table 1 vs Index Y Axis,0x0000,0x0000,0
60E1D400__vs__60E0FC00,0x7ccdc,Diag/Test - Zero Table 1 vs Index,0x0000,0x4080,-16512
60E1D400__vs__60E0FC00,0x7cd04,Diag/Test - Zero Table 2 vs Index Y Axis,0x0000,0x4080,-16512
60E1D400__vs__60E0FC00,0x7cd2c,Diag/Test - Zero Table 2 vs Index,0x0000,0x0880,-2176
60E1D400__vs__60E0FC00,0x7cd54,Diag/Test - Zero Table 3 vs Index Y Axis,0x0000,0x0080,-128
60E1D400__vs__60E0FC00,0x7cd7c,Diag/Test - Zero Table 3 vs Index,0x0000,0x0880,-2176
60E1D400__vs__60E0FC00,0x7cda4,Diag/Test - Zero Table 4 vs Index Y Axis,0x0000,0x4880,-18560
60E1D400__vs__60E0FC00,0x7cdcc,Diag/Test - Zero Table 4 vs Index,0x0000,0x4880,-18560
60E1D400__vs__60E0FC00,0x7cdf4,Diag/Test - Zero Table 5 vs Index Y Axis,0x0000,0x0080,-128
60E1D400__vs__60E0FC00,0x7ce1c,Diag/Test - Zero Table 5 vs Index,0x0000,0x4880,-18560
60E1D400__vs__60E0FC00,0x7ce44,Diag/Test - Zero Table 6 vs Index Y Axis,0x0000,0x4080,-16512
60E1D400__vs__60E0FC00,0x7ce6c,Diag/Test - Zero Table 6 vs Index,0x0000,0x4080,-16512
60E1D400__vs__60E0FC00,0x7ce94,Diag/Test - Zero Table 7 vs Index Y Axis,0x0000,0x0880,-2176
60E1D400__vs__60E0FC00,0x7cebc,Diag/Test - Zero Table 7 vs Index,0x0000,0x0080,-128
60E1D400__vs__60E0FC00,0x7cf0c,Diag/Test - Zero Table 8 vs Index,0x0000,0xFFFE,-65534
60E1D400__vs__60E0FC00,0x7cf34,Diag/Test - Zero Table 9 vs Index Y Axis,0x0000,0x03FC,-1020
60E1D400__vs__60E0FC00,0x7cf5c,Diag/Test - Zero Table 9 vs Index,0x0000,0xFFFE,-65534
60E1D400__vs__60E0FC00,0x7cf84,Diag/Test - Zero Table 10 vs Index Y Axis,0x0000,0xFFFE,-65534
60E1D400__vs__60E0FC00,0x7cfac,Diag/Test - Zero Table 10 vs Index,0x0000,0x1556,-5462
60E1D400__vs__60E0FC00,0x7cfd4,Diag/Test - Zero Table 11 vs Index Y Axis,0x0000,0xFFFE,-65534
60E1D400__vs__60E0FC00,0x7cffc,Diag/Test - Zero Table 11 vs Index,0x0000,0x03C0,-960
60E1D400__vs__60E0FC00,0x7d04c,Diag/Test - Zero Table 12 vs Index,0x0000,0x0011,-17
60E1D400__vs__60E0FC00,0x7d074,Diag/Test - Zero Table 13 vs Index Y Axis,0x0000,0x005B,-91
60E1D400__vs__60E0FC00,0x7d09c,Diag/Test - Zero Table 13 vs Index,0x0000,0x0009,-9
60E1D400__vs__60E0FC00,0x7d0d0,Ignition Timing Monitor - Threshold vs Coolant Temp Y Axis,0x4120,0x005E,16578
60E1D400__vs__60E0FC00,0x7d0f4,Ignition Timing Monitor - Threshold vs Coolant Temp,0x110D,0x000C,4353
60E1D400__vs__60E0FC00,0x7d108,Oxygen Sensor Monitor (Map) X Axis,0x0000,0x002E,-46
60E1D400__vs__60E0FC00,0x7d128,Oxygen Sensor Monitor (Map) Y Axis,0x0000,0x0004,-4
60E1D400__vs__60E0FC00,0x7d150,Oxygen Sensor Monitor (Map),0x0100,0x0020,224
60E1D400__vs__60E0FC00,0x7d1a0,Oxygen Sensor Monitor (Map) 2 X Axis,0x0000,0x000C,-12
60E1D400__vs__60E0FC00,0x7d1c0,Oxygen Sensor Monitor (Map) 2 Y Axis,0x0000,0x0030,-48
60E1D400__vs__60E0FC00,0x7d1e8,Oxygen Sensor Monitor (Map) 2,0x0100,0x0070,144
60E1D400__vs__60E0FC00,0x7d254,Diag Detector (Map) Y Axis,0x412A,0x0054,16598
60E1D400__vs__60E0FC00,0x7d274,Diag Detector (Map),0x8C6E,0x0053,35867
60E1D400__vs__60E0FC00,0x7d2bc,Coil Control (Map) Y Axis,0x4120,0x005A,16582
60E1D400__vs__60E0FC00,0x7d2e0,Coil Control (Map),0x1A1D,0x0015,6664
60E1D400__vs__60E0FC00,0x7d2f4,Coil Control (Map) 2 Y Axis,0x4120,0x0066,16570
60E1D400__vs__60E0FC00,0x7d318,Coil Control (Map) 2,0x2330,0x0064,8908
60E1D400__vs__60E0FC00,0x7d32c,Coil Control (Map) 3 Y Axis,0x4120,0x003F,16609
60E1D400__vs__60E0FC00,0x7d350,Coil Control (Map) 3,0x07BB,0x005E,1885
60E1D400__vs__60E0FC00,0x7d364,Coil Control (Map) 4 Y Axis,0x4120,0x001F,16641
60E1D400__vs__60E0FC00,0x7d388,Coil Control (Map) 4,0x0666,0xFFFF,-63897
60E1D400__vs__60E0FC00,0x7d39c,Coil Control (Map) 5 Y Axis,0x4120,0x0014,16652
60E1D400__vs__60E0FC00,0x7d3c0,Coil Control (Map) 5,0x1A1D,0x0012,6667
60E1D400__vs__60E0FC00,0x7d3d4,Coil Control (Map) 6 Y Axis,0x4120,0x0058,16584
60E1D400__vs__60E0FC00,0x7d3f8,Coil Control (Map) 6,0x2330,0x0012,8990
60E1D400__vs__60E0FC00,0x7d40c,Coil Control (Map) 7 Y Axis,0x4120,0x0058,16584
60E1D400__vs__60E0FC00,0x7d430,Coil Control (Map) 7,0x07BB,0x002E,1933
60E1D400__vs__60E0FC00,0x7d444,Coil Control (Map) 8 Y Axis,0x4120,0x000E,16658
60E1D400__vs__60E0FC00,0x7d468,Coil Control (Map) 8,0x0666,0x000F,1623
60E1D400__vs__60E0FC00,0x7d47c,OBD Monitor - Threshold vs Coolant Temp Y Axis,0x4120,0x0035,16619
60E1D400__vs__60E0FC00,0x7d4a0,OBD Monitor - Threshold vs Coolant Temp,0x0A36,0x0053,2531
60E1D400__vs__60E0FC00,0x7d4b4,Coil Correction - Threshold vs Coolant Temp Y Axis,0x4120,0x0015,16651
60E1D400__vs__60E0FC00,0x7d4d8,Coil Correction - Threshold vs Coolant Temp,0x0CE7,0x005C,3211
60E1D400__vs__60E0FC00,0x7d4ec,Coil Control (Map) 9 Y Axis,0x3B1B,0x0007,15124
60E1D400__vs__60E0FC00,0x7d52c,Coil Control (Map) 9,0x265C,0x0007,9813
60E1D400__vs__60E0FC00,0x7d554,(Unknown - eeprom_manager) Y Axis,0x4120,0x0007,16665
60E1D400__vs__60E0FC00,0x7d578,(Unknown - eeprom_manager),0x6D73,0x0007,28012
60E1D400__vs__60E0FC00,0x7d584,(Unknown - linear_interp_2d) Y Axis,0x3B1B,0x0007,15124
60E1D400__vs__60E0FC00,0x7d5c4,(Unknown - linear_interp_2d),0x265C,0x0007,9813
60E1D400__vs__60E0FC00,0x7d5e4,(Unknown - linear_interp_2d) 2 Y Axis,0x4120,0x0007,16665
60E1D400__vs__60E0FC00,0x7d608,(Unknown - linear_interp_2d) 2,0x23CA,0x0007,9155
60E1D400__vs__60E0FC00,0x7d61c,(Unknown - linear_interp_2d) 3 Y Axis,0x4120,0x0007,16665
60E1D400__vs__60E0FC00,0x7d640,(Unknown - linear_interp_2d) 3,0x30A4,0x0007,12445
60E1D400__vs__60E0FC00,0x7d654,EEPROM - Calibration 1 vs Coolant Temp Y Axis,0x4120,0x0007,16665
60E1D400__vs__60E0FC00,0x7d678,EEPROM - Calibration 1 vs Coolant Temp,0x0813,0x0007,2060
60E1D400__vs__60E0FC00,0x7d68c,EEPROM - Calibration 2 vs Coolant Temp Y Axis,0x4120,0x0007,16665
60E1D400__vs__60E0FC00,0x7d6b0,EEPROM - Calibration 2 vs Coolant Temp,0x05F3,0x0007,1516
60E1D400__vs__60E0FC00,0x7d700,Diag Request (Map) Y Axis,0x43FA,0x0007,17395
60E1D400__vs__60E0FC00,0x7d728,Diag Request (Map),0x001A,0x0007,19
60E1D400__vs__60E0FC00,0x7d74c,RTOS - Mutex Threshold vs Coolant Temp Y Axis,0x4120,0x1911,10255
60E1D400__vs__60E0FC00,0x7d770,RTOS - Mutex Threshold vs Coolant Temp,0x2727,0x1F01,2086
60E1D400__vs__60E0FC00,0x7d77c,(Unknown - queue_handler) Y Axis,0x412A,0x1900,10282
60E1D400__vs__60E0FC00,0x7d79c,(Unknown - queue_handler),0x2ED9,0x1102,7639
60E1D400__vs__60E0FC00,0x7d7ac,(Unknown - queue_handler) 2 Y Axis,0x412A,0x1C1D,9485
60E1D400__vs__60E0FC00,0x7d7cc,(Unknown - queue_handler) 2,0x1333,0x0205,4398
60E1D400__vs__60E0FC00,0x7d7f8,(Unknown - isr_checker) Y Axis,0x4120,0x061B,15109
60E1D400__vs__60E0FC00,0x7d81c,(Unknown - isr_checker),0x4017,0x1C1D,9210
60E1D400__vs__60E0FC00,0x7d830,(Unknown - isr_checker) 2 Y Axis,0x4120,0x141B,11525
60E1D400__vs__60E0FC00,0x7d854,(Unknown - isr_checker) 2,0x28F6,0x1F01,2549
60E1D400__vs__60E0FC00,0x7d878,LUT - Zero Table 1 vs Coolant Temp Y Axis,0x4120,0x1900,10272
60E1D400__vs__60E0FC00,0x7d89c,LUT - Zero Table 1 vs Coolant Temp,0x0000,0x1F01,-7937
60E1D400__vs__60E0FC00,0x7d8c0,LUT - Zero Table 2 vs Coolant Temp Y Axis,0x4120,0x0007,16665
60E1D400__vs__60E0FC00,0x7d8e4,LUT - Zero Table 2 vs Coolant Temp,0x0000,0x0007,-7
60E1D400__vs__60E0FC00,0x7d908,EEPROM - Ramp vs Coolant Temp Y Axis,0x4120,0x0007,16665
60E1D400__vs__60E0FC00,0x7d92c,EEPROM - Ramp vs Coolant Temp,0x3D7A,0x0007,15731
60E1D400__vs__60E15120_N3J1E,0x6cf6c,Barometric Pressure Sensor Max ADC Count,0xF5C2,0x989C,23846
60E1D400__vs__60E15120_N3J1E,0x6cf6e,Barometric Pressure Sensor Min ADC Count,0x0A3D,0xA0A0,-38499
60E1D400__vs__60E15120_N3J1E,0x6cfa4,Fuel Injector - Unknown - Max Injection Angle1??? Y Axis,0x4448,0x442F,25
60E1D400__vs__60E15120_N3J1E,0x6cfe4,Fuel Injector - Unknown - Max Injection Angle1???,0x3C3C,0x3E4C,-528
60E1D400__vs__60E15120_N3J1E,0x6cff4,Fuel Injector - Unknown - Max Injection Angle2??? Y Axis,0x4448,0x3F19,1327
60E1D400__vs__60E15120_N3J1E,0x6d034,Fuel Injector - Unknown - Max Injection Angle2???,0x3C3C,0x868C,-19024
60E1D400__vs__60E15120_N3J1E,0x6d044,Fuel Injector - Unknown - Max Injection Angle3??? Y Axis,0x4448,0x868C,-16964
60E1D400__vs__60E15120_N3J1E,0x6d084,Fuel Injector - Unknown - Max Injection Angle3???,0x3C3C,0x868C,-19024
60E1D400__vs__60E15120_N3J1E,0x6d0ec,Throttle Plate Something Fuel Cut (Map) Y Axis,0x0000,0x4496,-17558
60E1D400__vs__60E15120_N3J1E,0x6d114,Throttle Plate Something Fuel Cut (Map),0x0000,0x7777,-30583
60E1D400__vs__60E15120_N3J1E,0x6d120,Off Throttle Fuel Cut - Fuel Resume - Engine Startup Base Y Axis,0x0000,0x6E79,-28281
60E1D400__vs__60E15120_N3J1E,0x6d138,Off Throttle Fuel Cut - Fuel Resume - Engine Startup Base,0x2C2C,0x7E7C,-21072
60E1D400__vs__60E15120_N3J1E,0x6d140,Engine Load Correction - Fuel Resume Threshold 1 vs RPM Y Axis,0x43FA,0x7276,-11900
60E1D400__vs__60E15120_N3J1E,0x6d158,Engine Load Correction - Fuel Resume Threshold 1 vs RPM,0x1919,0x3E40,-9511
60E1D400__vs__60E15120_N3J1E,0x6d160,Engine Load Correction - Fuel Resume Threshold 2 vs RPM Y Axis,0x43FA,0x3EA0,1370
60E1D400__vs__60E15120_N3J1E,0x6d178,Engine Load Correction - Fuel Resume Threshold 2 vs RPM,0x0C0C,0x3F30,-13092
60E1D400__vs__60E15120_N3J1E,0x6d180,Engine Load Correction - Fuel Resume Threshold 3 vs RPM Y Axis,0x43FA,0x3F50,1194
60E1D400__vs__60E15120_N3J1E,0x6d198,Engine Load Correction - Fuel Resume Threshold 3 vs RPM,0x0C0C,0x3F98,-13196
60E1D400__vs__60E15120_N3J1E,0x6d1a0,Idle Related Y Axis,0xC220,0x443B,32229
60E1D400__vs__60E15120_N3J1E,0x6d1e0,Idle Related,0x09C4,0x4604,-15424
60E1D400__vs__60E15120_N3J1E,0x6d200,Engine Load Correction (Map) X Axis,0x449C,0x7872,-13270
60E1D400__vs__60E15120_N3J1E,0x6d218,Engine Load Correction (Map) Y Axis,0x3F80,0x6357,-9175
60E1D400__vs__60E15120_N3J1E,0x6d230,Engine Load Correction (Map),0x4B38,0x5050,-1304
60E1D400__vs__60E15120_N3J1E,0x6d254,Off Throttle Fuel Cut - Fuel Resume - In Gear Threshold X Axis,0xC220,0x867E,15266
60E1D400__vs__60E15120_N3J1E,0x6d294,Off Throttle Fuel Cut - Fuel Resume - In Gear Threshold Y Axis,0x3F80,0x746A,-13546
60E1D400__vs__60E15120_N3J1E,0x6d2ac,Off Throttle Fuel Cut - Fuel Resume - In Gear Threshold,0x5656,0x7272,-7196
60E1D400__vs__60E15120_N3J1E,0x6d30c,Off Throttle Fuel Cut - Fuel Resume - NOTUSED X Axis,0xC220,0x8488,15768
60E1D400__vs__60E15120_N3J1E,0x6d34c,Off Throttle Fuel Cut - Fuel Resume - NOTUSED Y Axis,0x3F80,0x8282,-17154
60E1D400__vs__60E15120_N3J1E,0x6d364,Off Throttle Fuel Cut - Fuel Resume - NOTUSED,0x0000,0x3E40,-15936
60E1D400__vs__60E15120_N3J1E,0x6d3c4,Throttle Plate Something Fuel Cut (Map) 2 X Axis,0xC220,0x455A,31942
60E1D400__vs__60E15120_N3J1E,0x6d404,Throttle Plate Something Fuel Cut (Map) 2 Y Axis,0x3F80,0x3A3A,1350
60E1D400__vs__60E15120_N3J1E,0x6d41c,Throttle Plate Something Fuel Cut (Map) 2,0x0505,0x9696,-37265
60E1D400__vs__60E15120_N3J1E,0x6d47c,Throttle Plate Something Fuel Cut (Map) 3 X Axis,0xC220,0x5E5E,25538
60E1D400__vs__60E15120_N3J1E,0x6d4bc,Throttle Plate Something Fuel Cut (Map) 3 Y Axis,0x3F80,0xA6A6,-26406
60E1D400__vs__60E15120_N3J1E,0x6d4d4,Throttle Plate Something Fuel Cut (Map) 3,0x0505,0xA5A4,-41119
60E1D400__vs__60E15120_N3J1E,0x6d53c,Cold Rev Limit Threshold,0x41A0,0x9493,-21235
60E1D400__vs__60E15120_N3J1E,0x6d544,Cold Rev Limit,0x45AB,0x8282,-15575
60E1D400__vs__60E15120_N3J1E,0x6d54c,Rev Limit,0x460C,0x9B9B,-21903
60E1D400__vs__60E15120_N3J1E,0x6d584,Ignition Maybe Idle Base Y Axis,0x442F,0x3F30,1279
60E1D400__vs__60E15120_N3J1E,0x6d59c,Ignition Maybe Idle Base,0x5A5A,0x3F88,6866
60E1D400__vs__60E15120_N3J1E,0x6d5a4,Ignition Temp Correction? Y Axis,0xC220,0x3F98,33416
60E1D400__vs__60E15120_N3J1E,0x6d5c8,Ignition Temp Correction?,0x6464,0x457A,7914
60E1D400__vs__60E15120_N3J1E,0x6d5d4,Ignition 2 Y Axis,0x442F,0x45AB,-380
60E1D400__vs__60E15120_N3J1E,0x6d5ec,Ignition 2,0x7878,0x4604,12916
60E1D400__vs__60E15120_N3J1E,0x6d5f4,Ignition Leading 0 Y Axis,0xC220,0x7A7A,18342
60E1D400__vs__60E15120_N3J1E,0x6d618,Ignition Leading 0,0x6464,0x3A3A,10794
60E1D400__vs__60E15120_N3J1E,0x6d624,Ignition Timing Lead X Axis,0x3D80,0x6357,-9687
60E1D400__vs__60E15120_N3J1E,0x6d64c,Ignition Timing Lead Y Axis,0x4448,0x807B,-15411
60E1D400__vs__60E15120_N3J1E,0x6d668,Ignition Timing Lead,0x6464,0x5656,3598
60E1D400__vs__60E15120_N3J1E,0x6d6b0,Ignition Leading 1 X Axis,0x3D80,0x9691,-22801
60E1D400__vs__60E15120_N3J1E,0x6d700,Ignition Leading 1 Y Axis,0x443B,0x9895,-21594
60E1D400__vs__60E15120_N3J1E,0x6d748,Ignition Leading 1,0x8484,0x9B9B,-5911
60E1D400__vs__60E15120_N3J1E,0x6d8b0,Ignition Leading Base - Safe Mode X Axis,0x3D80,0x0000,15744
60E1D400__vs__60E15120_N3J1E,0x6d900,Ignition Leading Base - Safe Mode Y Axis,0x443B,0x4220,539
60E1D400__vs__60E15120_N3J1E,0x6d948,Ignition Leading Base - Safe Mode,0x8484,0x42A0,16868
60E1D400__vs__60E15120_N3J1E,0x6dab0,Ignition Leading Base X Axis,0x3D80,0x0000,15744
60E1D400__vs__60E15120_N3J1E,0x6db00,Ignition Leading Base Y Axis,0x443B,0x0000,17467
60E1D400__vs__60E15120_N3J1E,0x6db48,Ignition Leading Base,0x8484,0x40A0,17380
60E1D400__vs__60E15120_N3J1E,0x6dcb0,Ignition Leading 4 X Axis,0x3D80,0xC3C8,-34376
60E1D400__vs__60E15120_N3J1E,0x6dcd8,Ignition Leading 4 Y Axis,0x4448,0x43C8,128
60E1D400__vs__60E15120_N3J1E,0x6dcf4,Ignition Leading 4,0x7777,0xC220,-19113
60E1D400__vs__60E15120_N3J1E,0x6dd3c,Ignition X Axis,0x3D80,0x41F0,-1136
60E1D400__vs__60E15120_N3J1E,0x6dd8c,Ignition Y Axis,0x443B,0x4220,539
60E1D400__vs__60E15120_N3J1E,0x6ddd4,Ignition,0x7A7A,0x4220,14426
60E1D400__vs__60E15120_N3J1E,0x6df3c,Ignition 0 - Safe Mode X Axis,0x3D80,0x41F0,-1136
60E1D400__vs__60E15120_N3J1E,0x6df8c,Ignition 0 - Safe Mode Y Axis,0x443B,0x0000,17467
60E1D400__vs__60E15120_N3J1E,0x6dfd4,Ignition 0 - Safe Mode,0x7A7A,0x4220,14426
60E1D400__vs__60E15120_N3J1E,0x6e13c,Ignition 1 X Axis,0x3D80,0x0000,15744
60E1D400__vs__60E15120_N3J1E,0x6e18c,Ignition 1 Y Axis,0x443B,0x4270,459
60E1D400__vs__60E15120_N3J1E,0x6e1d4,Ignition 1,0x7A7A,0x00FF,31099
60E1D400__vs__60E15120_N3J1E,0x6e33c,Ignition Leading 5 X Axis,0x44A2,0x44FA,-88
60E1D400__vs__60E15120_N3J1E,0x6e34c,Ignition Leading 5 Y Axis,0x0000,0x457A,-17786
60E1D400__vs__60E15120_N3J1E,0x6e358,Ignition Leading 5,0x40A0,0x45AB,-1291
60E1D400__vs__60E15120_N3J1E,0x6e388,Ignition Minimum Maybe X Axis,0x44A2,0x0202,17056
60E1D400__vs__60E15120_N3J1E,0x6e398,Ignition Minimum Maybe Y Axis,0x0000,0x0000,0
60E1D400__vs__60E15120_N3J1E,0x6e3a4,Ignition Minimum Maybe,0x0000,0x4334,-17204
60E1D400__vs__60E15120_N3J1E,0x6e458,Ignition Leading/Trailing - On Throttle Coolant Temp Compensation X Axis,0x44A2,0x4C4B,-1961
60E1D400__vs__60E15120_N3J1E,0x6e464,Ignition Leading/Trailing - On Throttle Coolant Temp Compensation Y Axis,0x4120,0x1E1E,8962
60E1D400__vs__60E15120_N3J1E,0x6e474,Ignition Leading/Trailing - On Throttle Coolant Temp Compensation,0x40E0,0x3029,4279
60E1D400__vs__60E15120_N3J1E,0x6e4a4,Knock Correction - Light Y Axis,0xC1A0,0x5F5F,25153
60E1D400__vs__60E15120_N3J1E,0x6e4bc,Knock Correction - Light,0x0019,0x5F5F,-24390
60E1D400__vs__60E15120_N3J1E,0x6e4c8,Knock Correction - Medium Y Axis,0xC1A0,0x5050,29008
60E1D400__vs__60E15120_N3J1E,0x6e4e0,Knock Correction - Medium,0x001E,0x3D80,-15714
60E1D400__vs__60E15120_N3J1E,0x6e4ec,Knock Correction - Heavy Y Axis,0xC1A0,0x3D80,33824
60E1D400__vs__60E15120_N3J1E,0x6e504,Knock Correction - Heavy,0x0037,0x3EE0,-16041
60E1D400__vs__60E15120_N3J1E,0x6e510,Knock Detection Sensitivity Y Axis,0xC1A0,0x3F20,33408
60E1D400__vs__60E15120_N3J1E,0x6e528,Knock Detection Sensitivity,0x003C,0x3F80,-16196
60E1D400__vs__60E15120_N3J1E,0x6e534,Knock Retard Y Axis,0xC1A0,0x3F98,33288
60E1D400__vs__60E15120_N3J1E,0x6e54c,Knock Retard,0x0037,0x451C,-17637
60E1D400__vs__60E15120_N3J1E,0x6e558,Knock Retard 2 Y Axis,0xC1A0,0x457A,31782
60E1D400__vs__60E15120_N3J1E,0x6e570,Knock Retard 2,0x003C,0x45DA,-17822
60E1D400__vs__60E15120_N3J1E,0x6e57c,(Unknown - fpu_multiply_accumulate_filter) Y Axis,0x4416,0x4604,-494
60E1D400__vs__60E15120_N3J1E,0x6e5bc,(Unknown - fpu_multiply_accumulate_filter),0x00CB,0x0D0D,-3138
60E1D400__vs__60E15120_N3J1E,0x6e6d4,Manifold Pressure Limiter (Map) Y Axis,0xC220,0xA0A0,8576
60E1D400__vs__60E15120_N3J1E,0x6e6f0,Manifold Pressure Limiter (Map),0xAFAF,0x43FA,27573
60E1D400__vs__60E15120_N3J1E,0x6e6f8,Manifold Pressure Limiter (Map) 2 Y Axis,0xC120,0x3D80,33696
60E1D400__vs__60E15120_N3J1E,0x6e714,Manifold Pressure Limiter (Map) 2,0xFF5A,0x3F00,49242
60E1D400__vs__60E15120_N3J1E,0x6e71c,Manifold Pressure Limiter (Map) 3 Y Axis,0xC220,0x3F20,33536
60E1D400__vs__60E15120_N3J1E,0x6e738,Manifold Pressure Limiter (Map) 3,0xFAFA,0x3F88,47986
60E1D400__vs__60E15120_N3J1E,0x6e740,Manifold Pressure Limiter (Map) 4 Y Axis,0xC220,0x3F98,33416
60E1D400__vs__60E15120_N3J1E,0x6e75c,Manifold Pressure Limiter (Map) 4,0x0000,0x453B,-17723
60E1D400__vs__60E15120_N3J1E,0x6e764,Manifold Pressure Limiter (Map) 5 Y Axis,0xC220,0x457A,31910
60E1D400__vs__60E15120_N3J1E,0x6e780,Manifold Pressure Limiter (Map) 5,0xB6B6,0x45EA,28876
60E1D400__vs__60E15120_N3J1E,0x6e788,Manifold Pressure Limiter (Map) 6 Y Axis,0xC220,0x4604,31772
60E1D400__vs__60E15120_N3J1E,0x6e7a4,Manifold Pressure Limiter (Map) 6,0x3232,0x5A5A,-10280
60E1D400__vs__60E15120_N3J1E,0x6e7ac,Manifold Pressure Limiter (Map) 7 Y Axis,0xC316,0x5A54,26818
60E1D400__vs__60E15120_N3J1E,0x6e7f8,Manifold Pressure Limiter (Map) 7,0x8CCD,0x5A5A,12915
60E1D400__vs__60E15120_N3J1E,0x6e820,Idle Target Filter Factor Y Axis,0xC3C8,0x5A5A,26990
60E1D400__vs__60E15120_N3J1E,0x6e84c,Idle Target Filter Factor,0x0100,0x5A5A,-22874
60E1D400__vs__60E15120_N3J1E,0x6e864,Idle Target Y Axis,0xC220,0x5450,28112
60E1D400__vs__60E15120_N3J1E,0x6e880,Idle Target,0x06A4,0x5A5A,-21430
60E1D400__vs__60E15120_N3J1E,0x6e890,Idle Target 0 Y Axis,0xC1A0,0x4646,31578
60E1D400__vs__60E15120_N3J1E,0x6e8c0,Idle Target 0,0x06A4,0x5A5A,-21430
60E1D400__vs__60E15120_N3J1E,0x6e8d8,Idle Target 1 Y Axis,0xC1A0,0x5A5A,26438
60E1D400__vs__60E15120_N3J1E,0x6e908,Idle Target 1,0x05DC,0x44FA,-16158
60E1D400__vs__60E15120_N3J1E,0x6e920,Idle Target 2 Y Axis,0xC1A0,0x459C,31748
60E1D400__vs__60E15120_N3J1E,0x6e950,Idle Target 2,0x01F4,0x3EC0,-15564
60E1D400__vs__60E15120_N3J1E,0x6e968,Idle Target 3 Y Axis,0xC1A0,0x3F90,33296
60E1D400__vs__60E15120_N3J1E,0x6e998,Idle Target 3,0x0DAC,0x001F,3469
60E1D400__vs__60E15120_N3J1E,0x6e9b0,Idle Target 4 Y Axis,0xC220,0x001F,49665
60E1D400__vs__60E15120_N3J1E,0x6e9cc,Idle Target 4,0x06A4,0x001F,1669
60E1D400__vs__60E15120_N3J1E,0x6e9dc,Idle Target 5 Y Axis,0xC220,0x001F,49665
60E1D400__vs__60E15120_N3J1E,0x6e9f8,Idle Target 5,0x03E8,0x001F,969
60E1D400__vs__60E15120_N3J1E,0x6ea08,Idle Target 6 Y Axis,0x42F0,0x001F,17105
60E1D400__vs__60E15120_N3J1E,0x6ea24,Idle Target 6,0x076C,0x001F,1869
60E1D400__vs__60E15120_N3J1E,0x6ea34,Idle Target 7 Y Axis,0xC220,0x001F,49665
60E1D400__vs__60E15120_N3J1E,0x6ea50,Idle Target 7,0x03E8,0x0019,975
60E1D400__vs__60E15120_N3J1E,0x6ea60,(Unknown - load_bias_table_interpolator) X Axis,0xC220,0x001F,49665
60E1D400__vs__60E15120_N3J1E,0x6ea7c,(Unknown - load_bias_table_interpolator) Y Axis,0x4270,0x001F,16977
60E1D400__vs__60E15120_N3J1E,0x6ea88,(Unknown - load_bias_table_interpolator),0x3B3B,0x001F,15132
60E1D400__vs__60E15120_N3J1E,0x6ead4,Fuel Pressure (Map) Y Axis,0xC220,0x001F,49665
60E1D400__vs__60E15120_N3J1E,0x6eaf8,Fuel Pressure (Map),0x0000,0x001F,-31
60E1D400__vs__60E15120_N3J1E,0x6eb04,Fuel Pressure (Map) 2 Y Axis,0xC220,0x0019,49671
60E1D400__vs__60E15120_N3J1E,0x6eb28,Fuel Pressure (Map) 2,0x8080,0x090A,30582
60E1D400__vs__60E15120_N3J1E,0x6eb34,Fuel Pressure (Map) 3 Y Axis,0xC220,0x3438,36328
60E1D400__vs__60E15120_N3J1E,0x6eb58,Fuel Pressure (Map) 3,0x1E1E,0x0000,7710
60E1D400__vs__60E15120_N3J1E,0x6eb64,Fuel Pressure (Map) 4 Y Axis,0x0000,0x0000,0
60E1D400__vs__60E15120_N3J1E,0x6eb94,Fuel Pressure (Map) 5 Y Axis,0x43FA,0x0000,17402
60E1D400__vs__60E15120_N3J1E,0x6eba8,Fuel Pressure (Map) 5,0x7272,0x42FA,12152
60E1D400__vs__60E15120_N3J1E,0x6ebb0,Fuel Pressure (Map) 6 Y Axis,0xC1A0,0x4316,32394
60E1D400__vs__60E15120_N3J1E,0x6ebc8,Fuel Pressure (Map) 6,0x1E1E,0x0000,7710
60E1D400__vs__60E15120_N3J1E,0x6ebd0,Fuel Pressure (Map) 7 Y Axis,0xC248,0x3F80,33480
60E1D400__vs__60E15120_N3J1E,0x6ec08,Fuel Pressure (Map) 7,0x1D1D,0x40A0,-9091
60E1D400__vs__60E15120_N3J1E,0x6ec34,Fuel Controller (Map) Y Axis,0xC1F0,0x420C,32740
60E1D400__vs__60E15120_N3J1E,0x6ec44,Fuel Controller (Map),0x0000,0xA0A0,-41120
60E1D400__vs__60E15120_N3J1E,0x6ec4c,Fuel Controller (Map) 2 Y Axis,0xC220,0x64FF,23841
60E1D400__vs__60E15120_N3J1E,0x6ec70,Fuel Controller (Map) 2,0x04E2,0x41C8,-15590
60E1D400__vs__60E15120_N3J1E,0x6ec84,Fuel Controller (Map) 3 Y Axis,0xC220,0x6464,23996
60E1D400__vs__60E15120_N3J1E,0x6eca8,Fuel Controller (Map) 3,0x0000,0x64FF,-25855
60E1D400__vs__60E15120_N3J1E,0x6ecbc,Fuel Controller (Map) 4 Y Axis,0xC220,0xC1F0,48
60E1D400__vs__60E15120_N3J1E,0x6ece0,Fuel Controller (Map) 4,0x0898,0x0000,2200
60E1D400__vs__60E15120_N3J1E,0x6ecf4,Fuel Controller (Map) 5 Y Axis,0x4220,0x00FF,16673
60E1D400__vs__60E15120_N3J1E,0x6ed08,Fuel Controller (Map) 5,0x01F4,0xC020,-48684
60E1D400__vs__60E15120_N3J1E,0x6ed18,Load Blend Factor - Coolant Temperature Y Axis,0xC220,0x4120,33024
60E1D400__vs__60E15120_N3J1E,0x6ed3c,Load Blend Factor - Coolant Temperature,0x1611,0x9DAF,-34718
60E1D400__vs__60E15120_N3J1E,0x6ed48,Load Blend Factor - Coolant Temperature X Blend Variation X Axis,0xC220,0x0928,47352
60E1D400__vs__60E15120_N3J1E,0x6ed6c,Load Blend Factor - Coolant Temperature X Blend Variation Y Axis,0xC1A0,0x4000,33184
60E1D400__vs__60E15120_N3J1E,0x6ed78,Load Blend Factor - Coolant Temperature X Blend Variation,0x2214,0x4270,-8284
60E1D400__vs__60E15120_N3J1E,0x6eda4,Air Charge - RPM X Charge Temperature X Axis,0x0000,0x3E9D,-16029
60E1D400__vs__60E15120_N3J1E,0x6edd4,Air Charge - RPM X Charge Temperature Y Axis,0xC220,0x400B,33301
60E1D400__vs__60E15120_N3J1E,0x6edf4,Air Charge - RPM X Charge Temperature,0xFFFF,0x405B,49060
60E1D400__vs__60E15120_N3J1E,0x6ee54,Ignition Trailing B X Axis,0x3D80,0x421D,-1181
60E1D400__vs__60E15120_N3J1E,0x6eea4,Ignition Trailing B Y Axis,0x43FA,0x42A0,346
60E1D400__vs__60E15120_N3J1E,0x6eeec,Ignition Trailing B,0x4141,0x4220,-223
60E1D400__vs__60E15120_N3J1E,0x6f054,Ignition Trailing A X Axis,0x3D80,0x418D,-1037
60E1D400__vs__60E15120_N3J1E,0x6f0a4,Ignition Trailing A Y Axis,0x43FA,0x4341,185
60E1D400__vs__60E15120_N3J1E,0x6f0ec,Ignition Trailing A,0x7E7E,0x0000,32382
60E1D400__vs__60E15120_N3J1E,0x6f254,Ignition Min Split X Axis,0x3D80,0x3F42,-450
60E1D400__vs__60E15120_N3J1E,0x6f2a4,Ignition Min Split Y Axis,0x443B,0x41A3,664
60E1D400__vs__60E15120_N3J1E,0x6f2ec,Ignition Min Split,0x5A5A,0x3DDC,7294
60E1D400__vs__60E15120_N3J1E,0x6f454,Ignition 3 X Axis,0x0000,0x4120,-16672
60E1D400__vs__60E15120_N3J1E,0x6f4a0,Ignition 3 Y Axis,0x0000,0x3FF8,-16376
60E1D400__vs__60E15120_N3J1E,0x6f4cc,Ignition 3,0x001F,0x42BC,-17053
60E1D400__vs__60E15120_N3J1E,0x6f75c,Ignition 4 Y Axis,0xC170,0x4270,32512
60E1D400__vs__60E15120_N3J1E,0x6f78c,Ignition 4,0x6464,0x8D8D,-10537
60E1D400__vs__60E15120_N3J1E,0x6f798,Ignition 5 Y Axis,0x428C,0xC1A0,-32532
60E1D400__vs__60E15120_N3J1E,0x6f79c,Ignition 5,0x64FF,0xC120,-23585
60E1D400__vs__60E15120_N3J1E,0x6f7a0,Ignition 6 Y Axis,0xC170,0x0000,49520
60E1D400__vs__60E15120_N3J1E,0x6f7d0,Ignition 6,0x6464,0x0000,25700
60E1D400__vs__60E15120_N3J1E,0x6f7dc,Ignition 7 Y Axis,0x428C,0x0000,17036
60E1D400__vs__60E15120_N3J1E,0x6f7e0,Ignition 7,0x64FF,0xC1F0,-23793
60E1D400__vs__60E15120_N3J1E,0x6f7e4,Ignition 8 Y Axis,0xC170,0xC1A0,-48
60E1D400__vs__60E15120_N3J1E,0x6f7e8,Ignition 8,0x64FF,0xC120,-23585
60E1D400__vs__60E15120_N3J1E,0x6f7ec,Ignition 9 Y Axis,0x428C,0x0000,17036
60E1D400__vs__60E15120_N3J1E,0x6f7f0,Ignition 9,0x64FF,0x4120,9183
60E1D400__vs__60E15120_N3J1E,0x6f7f4,Ignition 10 Y Axis,0xC170,0x41A0,32720
60E1D400__vs__60E15120_N3J1E,0x6f7f8,Ignition 10,0x64FF,0x41F0,8975
60E1D400__vs__60E15120_N3J1E,0x6f7fc,Ignition 11 Y Axis,0x428C,0x4220,108
60E1D400__vs__60E15120_N3J1E,0x6f800,Ignition 11,0x64FF,0x4248,8887
60E1D400__vs__60E15120_N3J1E,0x6f804,Ignition 12 Y Axis,0xC1F0,0x4270,32640
60E1D400__vs__60E15120_N3J1E,0x6f808,Ignition 12,0x64FF,0x428C,8819
60E1D400__vs__60E15120_N3J1E,0x6f80c,Ignition 13 Y Axis,0xC1F0,0x42A0,32592
60E1D400__vs__60E15120_N3J1E,0x6f810,Ignition 13,0x64FF,0x42B4,8779
60E1D400__vs__60E15120_N3J1E,0x6f814,Ignition 14 X Axis,0xC170,0x42C8,32424
60E1D400__vs__60E15120_N3J1E,0x6f818,Ignition 14 Y Axis,0x0000,0x42DC,-17116
60E1D400__vs__60E15120_N3J1E,0x6f81c,Ignition 14,0x64FF,0x31B5,13130
60E1D400__vs__60E15120_N3J1E,0x6f820,Ignition 15 X Axis,0x428C,0x1117,12661
60E1D400__vs__60E15120_N3J1E,0x6f824,Ignition 15 Y Axis,0x0000,0x1117,-4375
60E1D400__vs__60E15120_N3J1E,0x6f828,Ignition 15,0x64FF,0x1117,21480
60E1D400__vs__60E15120_N3J1E,0x6f82c,Ignition 16 X Axis,0xC170,0x1117,45145
60E1D400__vs__60E15120_N3J1E,0x6f830,Ignition 16 Y Axis,0x0000,0x03E8,-1000
60E1D400__vs__60E15120_N3J1E,0x6f834,Ignition 16,0x64FF,0x0189,25462
60E1D400__vs__60E15120_N3J1E,0x6f838,Ignition 17 X Axis,0x428C,0x0189,16643
60E1D400__vs__60E15120_N3J1E,0x6f83c,Ignition 17 Y Axis,0x0000,0x453B,-17723
60E1D400__vs__60E15120_N3J1E,0x6f840,Ignition 17,0x64FF,0x455A,8101
60E1D400__vs__60E15120_N3J1E,0x6f848,Off Throttle Fuel Cut - Fuel Resume - In Neutral Threshold7  Y Axis,0xC1A0,0x458C,31764
60E1D400__vs__60E15120_N3J1E,0x6f878,Off Throttle Fuel Cut - Fuel Resume - In Neutral Threshold7,0x909A,0x4683,18967
60E1D400__vs__60E15120_N3J1E,0x6f8ec,CLT Sensor Scaling Y Axis,0x3E65,0x41F5,-912
60E1D400__vs__60E15120_N3J1E,0x6f96c,CLT Sensor Scaling,0x430C,0x3EE0,1068
60E1D400__vs__60E15120_N3J1E,0x6fa9c,Off Throttle Fuel Cut - Fuel Resume - In Neutral Threshold8  Y Axis,0xC1A0,0x3F7D,33315
60E1D400__vs__60E15120_N3J1E,0x6fab0,Off Throttle Fuel Cut - Fuel Resume - In Neutral Threshold8,0xFBFB,0x3F71,48266
60E1D400__vs__60E15120_N3J1E,0x6fab8,Combustion Efficiency - Correction Constant 1 vs Coolant Temp Y Axis,0xC1A0,0x3F6C,33332
60E1D400__vs__60E15120_N3J1E,0x6facc,Combustion Efficiency - Correction Constant 1 vs Coolant Temp,0x40A0,0x3F61,319
60E1D400__vs__60E15120_N3J1E,0x6fae0,Combustion Efficiency - Correction Constant 2 vs Coolant Temp Y Axis,0xC1A0,0x3F25,33403
60E1D400__vs__60E15120_N3J1E,0x6faf4,Combustion Efficiency - Correction Constant 2 vs Coolant Temp,0x42C8,0x3EF1,983
60E1D400__vs__60E15120_N3J1E,0x6fb18,MAF Scaling Y Axis,0x3F5C,0x3C23,825
60E1D400__vs__60E15120_N3J1E,0x6fbd8,MAF Scaling,0x3FF9,0x3F25,212
60E1D400__vs__60E15120_N3J1E,0x6fcd8,Knock Margin - State Machine Threshold 1 vs RPM Y Axis,0x43FA,0x3F11,1257
60E1D400__vs__60E15120_N3J1E,0x6fcf8,Knock Margin - State Machine Threshold 1 vs RPM,0x0000,0x3E0A,-15882
60E1D400__vs__60E15120_N3J1E,0x6fd00,Knock Margin - State Machine Threshold 2 vs RPM Y Axis,0x43FA,0x3C93,1895
60E1D400__vs__60E15120_N3J1E,0x6fd20,Knock Margin - State Machine Threshold 2 vs RPM,0x0000,0x451C,-17692
60E1D400__vs__60E15120_N3J1E,0x6fd28,Injector Barometric Pressure Compensation Y Axis,0x428C,0x455A,-718
60E1D400__vs__60E15120_N3J1E,0x6fd38,Injector Barometric Pressure Compensation,0x3FB3,0x3E40,371
60E1D400__vs__60E15120_N3J1E,0x6fd48,Lambda Sensor Scaling Y Axis,0xBFA6,0x3EE0,32966
60E1D400__vs__60E15120_N3J1E,0x6fd74,Lambda Sensor Scaling,0x3F42,0x6060,-8478
60E1D400__vs__60E15120_N3J1E,0x6fda0,Ignition - Load Based Spark 1 vs Load g/rev Y Axis,0x0000,0x451C,-17692
60E1D400__vs__60E15120_N3J1E,0x6fde0,Ignition - Load Based Spark 1 vs Load g/rev,0x3C1D,0x0000,15389
60E1D400__vs__60E15120_N3J1E,0x6fe20,Ignition - Load Based Spark 2 vs Load g/rev Y Axis,0x0000,0x4275,-17013
60E1D400__vs__60E15120_N3J1E,0x6fe60,Ignition - Load Based Spark 2 vs Load g/rev,0x3B90,0x0986,12810
60E1D400__vs__60E15120_N3J1E,0x6feb8,Off Throttle Fuel Cut - Fuel Resume - In Neutral Threshold9  Y Axis,0xC1A0,0x03CF,48593
60E1D400__vs__60E15120_N3J1E,0x6fee4,Off Throttle Fuel Cut - Fuel Resume - In Neutral Threshold9,0x5974,0x02B8,22204
60E1D400__vs__60E15120_N3J1E,0x6ffa8,IAT Sensor Scaling Y Axis,0x3E5A,0x0600,14426
60E1D400__vs__60E15120_N3J1E,0x6ffe8,IAT Sensor Scaling,0x42EE,0x016C,16770
60E1D400__vs__60E15120_N3J1E,0x7005c,MAF Filter Frequency Y Axis,0x0000,0x251C,-9500
60E1D400__vs__60E15120_N3J1E,0x70084,MAF Filter Frequency,0x0E12,0x2710,-6398
60E1D400__vs__60E15120_N3J1E,0x70090,IAT Filter Y Axis,0x0000,0x26AC,-9900
60E1D400__vs__60E15120_N3J1E,0x700b0,IAT Filter,0x6464,0x2710,15700
60E1D400__vs__60E15120_N3J1E,0x700b8,CLT Filter Y Axis,0x43C8,0x2710,7352
60E1D400__vs__60E15120_N3J1E,0x700e0,CLT Filter,0xA0A0,0x4248,24152
60E1D400__vs__60E15120_N3J1E,0x700ec,Load Signal Y Axis,0xC220,0x42A0,32640
60E1D400__vs__60E15120_N3J1E,0x70110,Load Signal,0x1860,0x3F00,-9888
60E1D400__vs__60E15120_N3J1E,0x701f0,Barometric Pressure Adjustment Y Axis,0x0000,0x28F0,-10480
60E1D400__vs__60E15120_N3J1E,0x70230,Barometric Pressure Adjustment,0xA497,0x2693,32260
60E1D400__vs__60E15120_N3J1E,0x70240,O2 Switch Y Axis,0x0000,0x2693,-9875
60E1D400__vs__60E15120_N3J1E,0x70264,O2 Switch,0x6060,0x26AC,14772
60E1D400__vs__60E15120_N3J1E,0x70270,Fuel - Fuel Trim Learn - Coolant Temperature Threshold Y Axis,0x4248,0x26CA,7038
60E1D400__vs__60E15120_N3J1E,0x7027c,Fuel - Fuel Trim Learn - Coolant Temperature Threshold,0x0000,0x43FA,-17402
60E1D400__vs__60E15120_N3J1E,0x70280,TPS Deadband Y Axis,0x0000,0x4477,-17527
60E1D400__vs__60E15120_N3J1E,0x702a4,TPS Deadband,0xA0A0,0x459C,23300
60E1D400__vs__60E15120_N3J1E,0x702b0,Ignition - Timing Angle Ramp 1 vs RPM Y Axis,0x4448,0x3E14,1588
60E1D400__vs__60E15120_N3J1E,0x702cc,Ignition - Timing Angle Ramp 1 vs RPM,0x0D1B,0x3F00,-12773
60E1D400__vs__60E15120_N3J1E,0x702d4,Ignition - Timing Angle Ramp 2 vs RPM Y Axis,0x4448,0x3F20,1320
60E1D400__vs__60E15120_N3J1E,0x702f0,Ignition - Timing Angle Ramp 2 vs RPM,0x0D1B,0x2328,-5645
60E1D400__vs__60E15120_N3J1E,0x702f8,(Unknown - init_control_values) Y Axis,0xC1F0,0x2328,40648
60E1D400__vs__60E15120_N3J1E,0x70334,(Unknown - init_control_values),0x0000,0x2710,-10000
60E1D400__vs__60E15120_N3J1E,0x70344,Ignition - Coolant Temp Correction vs Coolant Temp Y Axis,0xC1F0,0x2710,39648
60E1D400__vs__60E15120_N3J1E,0x70380,Ignition - Coolant Temp Correction vs Coolant Temp,0x31B5,0x27A1,2580
60E1D400__vs__60E15120_N3J1E,0x703a0,Load Smoothing Y Axis,0x453B,0x275B,7648
60E1D400__vs__60E15120_N3J1E,0x703bc,Load Smoothing,0x2A30,0x26F7,825
60E1D400__vs__60E15120_N3J1E,0x703cc,Transmission Load Control - Threshold 1 vs Throttle/Load Y Axis,0x0000,0x2742,-10050
60E1D400__vs__60E15120_N3J1E,0x703e4,Transmission Load Control - Threshold 1 vs Throttle/Load,0x0000,0x2729,-10025
60E1D400__vs__60E15120_N3J1E,0x703f0,Transmission Load Control - Threshold 2 vs Throttle/Load Y Axis,0x0000,0x2710,-10000
60E1D400__vs__60E15120_N3J1E,0x70414,Transmission Load Control - Threshold 2 vs Throttle/Load,0x001F,0x2710,-9969
60E1D400__vs__60E15120_N3J1E,0x70428,Transmission Load Control - Threshold 3 vs Throttle/Load Y Axis,0x0000,0x2729,-10025
60E1D400__vs__60E15120_N3J1E,0x70468,Transmission Load Control - Threshold 3 vs Throttle/Load,0x0001,0x26DE,-9949
60E1D400__vs__60E15120_N3J1E,0x70488,Fuel Feedback - Decay Curve 1 vs Load Fraction Y Axis,0x0000,0x455A,-17754
60E1D400__vs__60E15120_N3J1E,0x70504,Fuel Feedback - Decay Curve 1 vs Load Fraction,0x3F80,0x2328,7256
60E1D400__vs__60E15120_N3J1E,0x70580,Fuel Feedback - Decay Curve 2 vs Load Fraction Y Axis,0x0000,0x2710,-10000
60E1D400__vs__60E15120_N3J1E,0x705fc,Fuel Feedback - Decay Curve 2 vs Load Fraction,0x3F80,0x2774,6156
60E1D400__vs__60E15120_N3J1E,0x70678,Fuel Feedback - Decay Curve 3 vs Load Fraction Y Axis,0x0000,0x4123,-16675
60E1D400__vs__60E15120_N3J1E,0x706f4,Fuel Feedback - Decay Curve 3 vs Load Fraction,0x3F80,0x0028,16216
60E1D400__vs__60E15120_N3J1E,0x70770,Fuel Feedback - Decay Curve 4 (u8 copy) vs Load Fraction Y Axis,0x0000,0x40A3,-16547
60E1D400__vs__60E15120_N3J1E,0x707ec,Fuel Feedback - Decay Curve 4 (u8 copy) vs Load Fraction,0x3F80,0x0028,16216
60E1D400__vs__60E15120_N3J1E,0x70868,Fuel - Long Term Fuel Trim - Load Correction Matrix X Axis,0x43FA,0x005D,17309
60E1D400__vs__60E15120_N3J1E,0x70888,Fuel - Long Term Fuel Trim - Load Correction Matrix Y Axis,0x3D80,0x4123,-931
60E1D400__vs__60E15120_N3J1E,0x708a8,Fuel - Long Term Fuel Trim - Load Correction Matrix,0x7A7A,0x4516,13668
60E1D400__vs__60E15120_N3J1E,0x708e8,Closed Loop WOT Enrichment?? X Axis,0x43FA,0x27D8,7202
60E1D400__vs__60E15120_N3J1E,0x70918,Closed Loop WOT Enrichment?? Y Axis,0x425C,0x27D8,6788
60E1D400__vs__60E15120_N3J1E,0x70924,Closed Loop WOT Enrichment??,0x0000,0x27D8,-10200
60E1D400__vs__60E15120_N3J1E,0x70948,Fuel Control (Map) X Axis,0x3FA3,0x27D8,6091
60E1D400__vs__60E15120_N3J1E,0x7097c,Fuel Control (Map) Y Axis,0x4448,0x4075,979
60E1D400__vs__60E15120_N3J1E,0x70998,Fuel Control (Map),0x130B,0x41F5,-12010
60E1D400__vs__60E15120_N3J1E,0x70a50,Fuel Control (Map) 2 X Axis,0x3FA3,0x27D8,6091
60E1D400__vs__60E15120_N3J1E,0x70a84,Fuel Control (Map) 2 Y Axis,0x4448,0x466A,-546
60E1D400__vs__60E15120_N3J1E,0x70aa0,Fuel Control (Map) 2,0x0133,0x4788,-18005
60E1D400__vs__60E15120_N3J1E,0x70b58,Transmission Load Control (Map) X Axis,0x41A0,0x33D6,3530
60E1D400__vs__60E15120_N3J1E,0x70b78,Transmission Load Control (Map) Y Axis,0x3DCC,0x33D6,2550
60E1D400__vs__60E15120_N3J1E,0x70b9c,Transmission Load Control (Map),0x2710,0x33D6,-3270
60E1D400__vs__60E15120_N3J1E,0x70c2c,Transmission Load Control (Map) 2 X Axis,0x41A0,0x0000,16800
60E1D400__vs__60E15120_N3J1E,0x70c4c,Transmission Load Control (Map) 2 Y Axis,0x3DCC,0x471C,-2384
60E1D400__vs__60E15120_N3J1E,0x70c70,Transmission Load Control (Map) 2,0x2710,0x4856,-8518
60E1D400__vs__60E15120_N3J1E,0x70d00,Transmission Load Control (Map) 3 X Axis,0x41A0,0x40A0,256
60E1D400__vs__60E15120_N3J1E,0x70d20,Transmission Load Control (Map) 3 Y Axis,0x3E05,0x0000,15877
60E1D400__vs__60E15120_N3J1E,0x70d44,Transmission Load Control (Map) 3,0x28F0,0x428C,-6556
60E1D400__vs__60E15120_N3J1E,0x70dd4,Fuel Enrichment Control (Map) X Axis,0x43FA,0x428C,366
60E1D400__vs__60E15120_N3J1E,0x70e04,Fuel Enrichment Control (Map) Y Axis,0x3DCC,0x428C,-1216
60E1D400__vs__60E15120_N3J1E,0x70e44,Fuel Enrichment Control (Map),0x2328,0x927C,-28500
60E1D400__vs__60E15120_N3J1E,0x70fc4,Fuel Enrichment Control (Map) 2 X Axis,0x43FA,0x4856,-1116
60E1D400__vs__60E15120_N3J1E,0x70ff4,Fuel Enrichment Control (Map) 2 Y Axis,0x3DCC,0x3CCC,256
60E1D400__vs__60E15120_N3J1E,0x71034,Fuel Enrichment Control (Map) 2,0x2328,0xBCA3,-39291
60E1D400__vs__60E15120_N3J1E,0x711b4,Vtec Timing Control (Map) X Axis,0x3FA3,0x3F4C,87
60E1D400__vs__60E15120_N3J1E,0x711e8,Vtec Timing Control (Map) Y Axis,0x4448,0x452F,-231
60E1D400__vs__60E15120_N3J1E,0x71204,Vtec Timing Control (Map),0x27D8,0x009C,10044
60E1D400__vs__60E15120_N3J1E,0x712bc,Vtec Timing Control (Map) 2 X Axis,0x3FA3,0x45AB,-1544
60E1D400__vs__60E15120_N3J1E,0x712f0,Vtec Timing Control (Map) 2 Y Axis,0x4448,0x3D23,1829
60E1D400__vs__60E15120_N3J1E,0x7130c,Vtec Timing Control (Map) 2,0x27D8,0xC220,-39496
60E1D400__vs__60E15120_N3J1E,0x713c4,Transmission Load Control (Map) 4 X Axis,0x0000,0x4248,-16968
60E1D400__vs__60E15120_N3J1E,0x713ec,Transmission Load Control (Map) 4 Y Axis,0xC220,0x80FF,16673
60E1D400__vs__60E15120_N3J1E,0x71408,Transmission Load Control (Map) 4,0x0000,0x42CA,-17098
60E1D400__vs__60E15120_N3J1E,0x7158c,(Unknown - wankel_rotary_control) Y Axis,0x0000,0x7866,-30822
60E1D400__vs__60E15120_N3J1E,0x715bc,(Unknown - wankel_rotary_control),0x3333,0x459C,-4713
60E1D400__vs__60E15120_N3J1E,0x715c8,(Unknown - wankel_rotary_control) 2 Y Axis,0x0000,0x45CB,-17867
60E1D400__vs__60E15120_N3J1E,0x715f8,(Unknown - wankel_rotary_control) 2,0x3333,0x447A,-4423
60E1D400__vs__60E15120_N3J1E,0x71604,(Unknown - wankel_rotary_control) 3 Y Axis,0x0000,0x451C,-17692
60E1D400__vs__60E15120_N3J1E,0x71634,(Unknown - wankel_rotary_control) 3,0x0A0A,0x4604,-15354
60E1D400__vs__60E15120_N3J1E,0x71640,Secondary Fuel (Map) Y Axis,0x0000,0x6464,-25700
60E1D400__vs__60E15120_N3J1E,0x71664,Secondary Fuel (Map),0x0000,0x44FA,-17658
60E1D400__vs__60E15120_N3J1E,0x71670,Secondary Fuel (Map) 2 Y Axis,0x0000,0x455A,-17754
60E1D400__vs__60E15120_N3J1E,0x71694,Secondary Fuel (Map) 2,0x0000,0x45FA,-17914
60E1D400__vs__60E15120_N3J1E,0x716a0,Secondary Fuel (Map) 3 Y Axis,0x0000,0xDCDC,-56540
60E1D400__vs__60E15120_N3J1E,0x716c4,Secondary Fuel (Map) 3,0x1E1E,0x44BB,-9885
60E1D400__vs__60E15120_N3J1E,0x716d0,Secondary Fuel (Map) 4 Y Axis,0x0000,0x453B,-17723
60E1D400__vs__60E15120_N3J1E,0x716f4,Secondary Fuel (Map) 4,0x1E1E,0x45EA,-10188
60E1D400__vs__60E15120_N3J1E,0x71700,Obd Validation Check (Map) Y Axis,0x0000,0x460C,-17932
60E1D400__vs__60E15120_N3J1E,0x71724,Obd Validation Check (Map),0x1919,0x455A,-11329
60E1D400__vs__60E15120_N3J1E,0x71730,Obd Validation Check (Map) 2 Y Axis,0x0000,0x459C,-17820
60E1D400__vs__60E15120_N3J1E,0x71754,Obd Validation Check (Map) 2,0x1919,0x451C,-11267
60E1D400__vs__60E15120_N3J1E,0x71760,Fuel Trim - Update Step vs Throttle Position Y Axis,0x41A0,0x457A,-986
60E1D400__vs__60E15120_N3J1E,0x71784,Fuel Trim - Update Step vs Throttle Position,0x927C,0x0000,37500
60E1D400__vs__60E15120_N3J1E,0x71798,Lambda Integration Time Constant Y Axis,0x0000,0x447A,-17530
60E1D400__vs__60E15120_N3J1E,0x717bc,Lambda Integration Time Constant,0x03E8,0x45AB,-16835
60E1D400__vs__60E15120_N3J1E,0x717d0,Lambda Parameter Y Axis,0x0000,0x0000,0
60E1D400__vs__60E15120_N3J1E,0x717f4,Lambda Parameter,0x03E8,0x455A,-16754
60E1D400__vs__60E15120_N3J1E,0x71808,Ignition Timing Output (Map) Y Axis,0x0000,0x45BB,-17851
60E1D400__vs__60E15120_N3J1E,0x71828,Ignition Timing Output (Map),0x05DC,0xC1A0,-48068
60E1D400__vs__60E15120_N3J1E,0x71838,Ignition Timing Output (Map) 2 Y Axis,0x0000,0x42D2,-17106
60E1D400__vs__60E15120_N3J1E,0x71868,Ignition Timing Output (Map) 2,0x0000,0x42D4,-17108
60E1D400__vs__60E15120_N3J1E,0x71880,Rotary - Position Correction 1 vs Rotor Position Y Axis,0x0000,0x457A,-17786
60E1D400__vs__60E15120_N3J1E,0x718b0,Rotary - Position Correction 1 vs Rotor Position,0xBCA3,0x45AB,30456
60E1D400__vs__60E15120_N3J1E,0x718e0,Rotary - Position Correction 2 vs Rotor Position Y Axis,0x0000,0x45BB,-17851
60E1D400__vs__60E15120_N3J1E,0x71910,Rotary - Position Correction 2 vs Rotor Position,0x3C23,0x455A,-2359
60E1D400__vs__60E15120_N3J1E,0x71940,Rotary - Position Correction 3 vs Rotor Position Y Axis,0x0000,0x42A8,-17064
60E1D400__vs__60E15120_N3J1E,0x71970,Rotary - Position Correction 3 vs Rotor Position,0xBCA3,0x0000,48291
60E1D400__vs__60E15120_N3J1E,0x71a50,Sensor Validation Monitor (Map) Y Axis,0x43FA,0x0B0B,14575
60E1D400__vs__60E15120_N3J1E,0x71a78,Sensor Validation Monitor (Map),0x1717,0x0E0F,2312
60E1D400__vs__60E15120_N3J1E,0x71a84,Sensor Validation - Threshold vs RPM Y Axis,0x447A,0x0000,17530
60E1D400__vs__60E15120_N3J1E,0x71a98,Sensor Validation - Threshold vs RPM,0x005E,0x0000,94
60E1D400__vs__60E15120_N3J1E,0x71aa4,Sensor Validation Monitor (Map) 2 Y Axis,0x3DCC,0x2424,6568
60E1D400__vs__60E15120_N3J1E,0x71acc,Sensor Validation Monitor (Map) 2,0x02BC,0x141F,-4451
60E1D400__vs__60E15120_N3J1E,0x71ae0,Sensor Validation Monitor (Map) 3 Y Axis,0x3DCC,0x1F1F,7853
60E1D400__vs__60E15120_N3J1E,0x71b08,Sensor Validation Monitor (Map) 3,0x0FA0,0x0E0D,403
60E1D400__vs__60E15120_N3J1E,0x71b1c,Adaptive Control - Constant vs RPM Y Axis,0x4448,0x1014,13364
60E1D400__vs__60E15120_N3J1E,0x71b44,Adaptive Control - Constant vs RPM,0x009C,0x1E1A,-7550
60E1D400__vs__60E15120_N3J1E,0x71b58,Combustion Control - Constant vs Load Fraction Y Axis,0x0000,0x3535,-13621
60E1D400__vs__60E15120_N3J1E,0x71b70,Combustion Control - Constant vs Load Fraction,0x0138,0x2B2A,-10738
60E1D400__vs__60E15120_N3J1E,0x71b7c,Engine Load Control - Threshold vs Load Fraction Y Axis,0x0000,0x5252,-21074
60E1D400__vs__60E15120_N3J1E,0x71b94,Engine Load Control - Threshold vs Load Fraction,0x061A,0x4343,-15657
60E1D400__vs__60E15120_N3J1E,0x71cac,Fuelling - Safe Mode Y Axis,0x4220,0x3E80,928
60E1D400__vs__60E15120_N3J1E,0x71cd0,Fuelling - Safe Mode,0x8080,0x3F50,16688
60E1D400__vs__60E15120_N3J1E,0x71cdc,Fuelling 0 Y Axis,0x4220,0x3F80,672
60E1D400__vs__60E15120_N3J1E,0x71ce0,Fuelling 0,0x80FF,0x3F88,16759
60E1D400__vs__60E15120_N3J1E,0x71ce4,Fuelling 1 Y Axis,0xC220,0x3F90,33424
60E1D400__vs__60E15120_N3J1E,0x71d00,Fuelling 1,0x8080,0x44FA,15238
60E1D400__vs__60E15120_N3J1E,0x71d08,Fuelling 2 - Safe Mode Y Axis,0x4220,0x453B,-795
60E1D400__vs__60E15120_N3J1E,0x71d2c,Fuelling 2 - Safe Mode,0x8080,0x45EA,14998
60E1D400__vs__60E15120_N3J1E,0x71d38,Fuelling 3 Y Axis,0x4220,0x460C,-1004
60E1D400__vs__60E15120_N3J1E,0x71d5c,Fuelling 3,0x8080,0x0B0B,30069
60E1D400__vs__60E15120_N3J1E,0x71d68,Fuelling 4 Y Axis,0xC220,0x0000,49696
60E1D400__vs__60E15120_N3J1E,0x71d84,Fuelling 4,0x8080,0x000F,32881
60E1D400__vs__60E15120_N3J1E,0x71d8c,Fuelling 5 Y Axis,0x43FA,0x0C0C,14318
60E1D400__vs__60E15120_N3J1E,0x71dd4,Fuelling 5,0xA5A5,0x0000,42405
60E1D400__vs__60E15120_N3J1E,0x71de8,Fuelling 6 Y Axis,0x43FA,0x0000,17402
60E1D400__vs__60E15120_N3J1E,0x71e30,Fuelling 6,0xA5A5,0x2B2D,31352
60E1D400__vs__60E15120_N3J1E,0x71e44,Fuelling 7 Y Axis,0x43FA,0x2E36,5572
60E1D400__vs__60E15120_N3J1E,0x71e8c,Fuelling 7,0xA5A5,0x4343,25186
60E1D400__vs__60E15120_N3J1E,0x71ea0,Closed Loop Fuelling Threshold (Unknown A) Y Axis,0x443B,0x3C38,2051
60E1D400__vs__60E15120_N3J1E,0x71ed0,Closed Loop Fuelling Threshold (Unknown A),0x545A,0x443B,4127
60E1D400__vs__60E15120_N3J1E,0x71edc,Closed Loop Fuelling Threshold (Throttle Position)  Y Axis,0x43FA,0x44FA,-256
60E1D400__vs__60E15120_N3J1E,0x71f28,Closed Loop Fuelling Threshold (Throttle Position),0x7878,0x0000,30840
60E1D400__vs__60E15120_N3J1E,0x71f3c,Rotary Combustion Efficiency (Map) Y Axis,0x43FA,0x0000,17402
60E1D400__vs__60E15120_N3J1E,0x71f84,Rotary Combustion Efficiency (Map),0xF064,0x3E00,45668
60E1D400__vs__60E15120_N3J1E,0x71f98,Sensors - MAF - Rotary Chamber Scalar Y Axis,0x43FA,0x3EE0,1306
60E1D400__vs__60E15120_N3J1E,0x71f9c,Sensors - MAF - Rotary Chamber Scalar,0xFAFF,0x3F00,48127
60E1D400__vs__60E15120_N3J1E,0x71fa0,Wankel Chamber Pressure Analysis (Map) Y Axis,0x43FA,0x3F10,1258
60E1D400__vs__60E15120_N3J1E,0x71fe8,Wankel Chamber Pressure Analysis (Map),0xDCDC,0x453B,38817
60E1D400__vs__60E15120_N3J1E,0x71ffc,Fuel - Fuel Control - State Scalar Y Axis,0x43FA,0x45AB,-433
60E1D400__vs__60E15120_N3J1E,0x72000,Fuel - Fuel Control - State Scalar,0xFAFF,0x45BB,46404
60E1D400__vs__60E15120_N3J1E,0x72004,Wankel Chamber Pressure Analysis (Map) 2 Y Axis,0x43FA,0x45CB,-465
60E1D400__vs__60E15120_N3J1E,0x7204c,Wankel Chamber Pressure Analysis (Map) 2,0xDCDC,0x0000,56540
60E1D400__vs__60E15120_N3J1E,0x72060,Sensors - Wankel - Chamber Pressure Scalar Y Axis,0x43FA,0x0000,17402
60E1D400__vs__60E15120_N3J1E,0x72064,Sensors - Wankel - Chamber Pressure Scalar,0xFAFF,0x000F,64240
60E1D400__vs__60E15120_N3J1E,0x72068,Fuelling 8 Y Axis,0x453B,0x0C0C,14639
60E1D400__vs__60E15120_N3J1E,0x72084,Fuelling 8,0x1A1A,0x1000,2586
60E1D400__vs__60E15120_N3J1E,0x7208c,Closed/Open Loop - Threshold 1 vs RPM Y Axis,0x443B,0x0000,17467
60E1D400__vs__60E15120_N3J1E,0x720bc,Closed/Open Loop - Threshold 1 vs RPM,0x0000,0x1D23,-7459
60E1D400__vs__60E15120_N3J1E,0x720d4,Closed/Open Loop - Scalar Threshold Y Axis,0x443B,0x3333,4360
60E1D400__vs__60E15120_N3J1E,0x720d8,Closed/Open Loop - Scalar Threshold,0x009C,0x3300,-12900
60E1D400__vs__60E15120_N3J1E,0x720dc,Closed/Open Loop - Threshold 2 vs RPM Y Axis,0x443B,0x0000,17467
60E1D400__vs__60E15120_N3J1E,0x7210c,Closed/Open Loop - Threshold 2 vs RPM,0x0000,0x231D,-8989
60E1D400__vs__60E15120_N3J1E,0x72124,Closed/Open Loop - Threshold 3 vs RPM Y Axis,0x443B,0x2E36,5637
60E1D400__vs__60E15120_N3J1E,0x72154,Closed/Open Loop - Threshold 3 vs RPM,0x0000,0x3131,-12593
60E1D400__vs__60E15120_N3J1E,0x7216c,Knock Detection - Threshold 1 vs Coolant Temp Y Axis,0xC220,0x4343,32477
60E1D400__vs__60E15120_N3J1E,0x72188,Knock Detection - Threshold 1 vs Coolant Temp,0x007D,0x362F,-13746
60E1D400__vs__60E15120_N3J1E,0x72198,Knock Detection - Threshold 2 vs Coolant Temp Y Axis,0xC220,0x3838,35304
60E1D400__vs__60E15120_N3J1E,0x721b4,Knock Detection - Threshold 2 vs Coolant Temp,0x007D,0xBC75,-48120
60E1D400__vs__60E15120_N3J1E,0x721c4,Knock - Apex Seal Threshold vs RPM Y Axis,0x455A,0xBD4C,-30706
60E1D400__vs__60E15120_N3J1E,0x721d8,Knock - Apex Seal Threshold vs RPM,0x002C,0x4026,-16378
60E1D400__vs__60E15120_N3J1E,0x721e4,Closed/Open Loop - Threshold 4 vs RPM Y Axis,0x453B,0xC026,-31467
60E1D400__vs__60E15120_N3J1E,0x72200,Closed/Open Loop - Threshold 4 vs RPM,0x0010,0x4516,-17670
60E1D400__vs__60E15120_N3J1E,0x72210,Closed/Open Loop - Threshold 5 vs RPM Y Axis,0x453B,0x457A,-63
60E1D400__vs__60E15120_N3J1E,0x7222c,Closed/Open Loop - Threshold 5 vs RPM,0x0010,0x0001,15
60E1D400__vs__60E15120_N3J1E,0x7223c,Fuelling 9 - Safe Mode X Axis,0x43FA,0x000C,17390
60E1D400__vs__60E15120_N3J1E,0x7226c,Fuelling 9 - Safe Mode Y Axis,0x41A0,0x0A0A,14230
60E1D400__vs__60E15120_N3J1E,0x7228c,Fuelling 9 - Safe Mode,0x0000,0x42A0,-17056
60E1D400__vs__60E15120_N3J1E,0x722ec,Fuelling 10 - Safe Mode X Axis,0x0000,0x003E,-62
60E1D400__vs__60E15120_N3J1E,0x72340,Fuelling 10 - Safe Mode Y Axis,0x43FA,0x28FF,6907
60E1D400__vs__60E15120_N3J1E,0x7238c,Fuelling 10 - Safe Mode,0x0000,0x4080,-16512
60E1D400__vs__60E15120_N3J1E,0x7251c,Fuelling 11 X Axis,0x43FA,0x45FA,-512
60E1D400__vs__60E15120_N3J1E,0x72520,Fuelling 11 Y Axis,0x41A0,0x4348,-424
60E1D400__vs__60E15120_N3J1E,0x72524,Fuelling 11,0x00FF,0x3DCC,-15565
60E1D400__vs__60E15120_N3J1E,0x72528,Fuelling 12 X Axis,0x0000,0x3F00,-16128
60E1D400__vs__60E15120_N3J1E,0x7252c,Fuelling 12 Y Axis,0x43FA,0x4020,986
60E1D400__vs__60E15120_N3J1E,0x72530,Fuelling 12,0x00FF,0x40A0,-16289
60E1D400__vs__60E15120_N3J1E,0x72534,Fuelling 13 - Safe Mode X Axis,0x43FA,0x4270,394
60E1D400__vs__60E15120_N3J1E,0x72564,Fuelling 13 - Safe Mode Y Axis,0x41A0,0x4110,144
60E1D400__vs__60E15120_N3J1E,0x72584,Fuelling 13 - Safe Mode,0x0000,0x4110,-16656
60E1D400__vs__60E15120_N3J1E,0x725e4,Fuelling 14 - Safe mode X Axis,0x0000,0x4110,-16656
60E1D400__vs__60E15120_N3J1E,0x72638,Fuelling 14 - Safe mode Y Axis,0x43FA,0x42A0,346
60E1D400__vs__60E15120_N3J1E,0x72684,Fuelling 14 - Safe mode,0x0000,0x417A,-16762
60E1D400__vs__60E15120_N3J1E,0x72814,Fuelling 15 X Axis,0x43FA,0x44FA,-256
60E1D400__vs__60E15120_N3J1E,0x72844,Fuelling 15 Y Axis,0x41A0,0x45FA,-1114
60E1D400__vs__60E15120_N3J1E,0x72864,Fuelling 15,0x0000,0x6B85,-27525
60E1D400__vs__60E15120_N3J1E,0x728c4,Fuelling 16 X Axis,0x0000,0x05FA,-1530
60E1D400__vs__60E15120_N3J1E,0x72918,Fuelling 16 Y Axis,0x43FA,0x6B85,-10123
60E1D400__vs__60E15120_N3J1E,0x72964,Fuelling 16,0x0000,0x0E42,-3650
60E1D400__vs__60E15120_N3J1E,0x72b38,Ignition - Adaptive Step vs RPM Y Axis,0x4448,0x1DA5,9891
60E1D400__vs__60E15120_N3J1E,0x72b64,Ignition - Adaptive Step vs RPM,0x0008,0x19B4,-6572
60E1D400__vs__60E15120_N3J1E,0x72bfc,Temp Correction A Y Axis,0x0000,0x1B99,-7065
60E1D400__vs__60E15120_N3J1E,0x72c20,Temp Correction A,0x1010,0x6B85,-23413
60E1D400__vs__60E15120_N3J1E,0x72c2c,Temp Correction B Y Axis,0x0000,0x0000,0
60E1D400__vs__60E15120_N3J1E,0x72c50,Temp Correction B,0x1010,0x4240,-12848
60E1D400__vs__60E15120_N3J1E,0x72c88,Ignition Leading - Idle Error Timing Correction - Unknown Bool False Y Axis,0xC2C8,0x457A,32078
60E1D400__vs__60E15120_N3J1E,0x72cac,Ignition Leading - Idle Error Timing Correction - Unknown Bool False,0x9C94,0x4604,22160
60E1D400__vs__60E15120_N3J1E,0x72cb8,Ignition Leading - Idle Error Timing Correction - Unknown Bool True Y Axis,0xC2C8,0x8000,17096
60E1D400__vs__60E15120_N3J1E,0x72cdc,Ignition Leading - Idle Error Timing Correction - Unknown Bool True,0x9C94,0xA1CD,-1337
60E1D400__vs__60E15120_N3J1E,0x72ce8,Ignition Trailing - Idle Error Timing Correction - Unknown Bool False Y Axis,0xC2C8,0xA3A6,7970
60E1D400__vs__60E15120_N3J1E,0x72d0c,Ignition Trailing - Idle Error Timing Correction - Unknown Bool False,0x9C94,0xB31A,-5766
60E1D400__vs__60E15120_N3J1E,0x72d18,Ignition Trailing - Idle Error Timing Correction - Unknown Bool True Y Axis,0xC2C8,0xBD9A,1326
60E1D400__vs__60E15120_N3J1E,0x72d3c,Ignition Trailing - Idle Error Timing Correction - Unknown Bool True,0x9C94,0xC7CD,-11065
60E1D400__vs__60E15120_N3J1E,0x72d78,WOT Enrichment Threshold Y Axis,0x0000,0x7233,-29235
60E1D400__vs__60E15120_N3J1E,0x72dd0,WOT Enrichment Threshold,0x8C8C,0x818D,2815
60E1D400__vs__60E15120_N3J1E,0x72de8,Cold Start Enrichment Threshold Y Axis,0x0000,0x6ADA,-27354
60E1D400__vs__60E15120_N3J1E,0x72e40,Cold Start Enrichment Threshold,0x8C8C,0x7D00,3980
60E1D400__vs__60E15120_N3J1E,0x72e60,Ignition Leading/Trailing - Intake Air Temperature Compensation - On Throttle Y Axis,0x41A0,0x81C0,-16416
60E1D400__vs__60E15120_N3J1E,0x72e84,Ignition Leading/Trailing - Intake Air Temperature Compensation - On Throttle,0x5050,0xC740,-30448
60E1D400__vs__60E15120_N3J1E,0x72e90,Warm-up Enrichment B Y Axis,0x41A0,0x5D66,-7110
60E1D400__vs__60E15120_N3J1E,0x72eb4,Warm-up Enrichment B,0x5050,0x7573,-9507
60E1D400__vs__60E15120_N3J1E,0x72ec0,Dual Channel Fuel Computation (Map) Y Axis,0x0000,0xC7B3,-51123
60E1D400__vs__60E15120_N3J1E,0x72edc,Dual Channel Fuel Computation (Map),0x0000,0xC7B3,-51123
60E1D400__vs__60E15120_N3J1E,0x72eec,Dual Channel Fuel Computation (Map) 2 Y Axis,0x0000,0x0D6E,-3438
60E1D400__vs__60E15120_N3J1E,0x72f08,Dual Channel Fuel Computation (Map) 2,0x0000,0x3C19,-15385
60E1D400__vs__60E15120_N3J1E,0x72f18,Dual Channel Fuel Computation (Map) 3 Y Axis,0x0000,0x3C4C,-15436
60E1D400__vs__60E15120_N3J1E,0x72f34,Dual Channel Fuel Computation (Map) 3,0x0000,0x42C8,-17096
60E1D400__vs__60E15120_N3J1E,0x72f4c,Secondary Fuel Trimmer (Map) Y Axis,0x0000,0x41A0,-16800
60E1D400__vs__60E15120_N3J1E,0x72f64,Secondary Fuel Trimmer (Map),0x0672,0x4248,-15318
60E1D400__vs__60E15120_N3J1E,0x72f7c,DSC Mode C - Max Throttle Plate Opening Allowed Y Axis,0x0000,0x0000,0
60E1D400__vs__60E15120_N3J1E,0x72fc8,DSC Mode C - Max Throttle Plate Opening Allowed,0x1313,0x0000,4883
60E1D400__vs__60E15120_N3J1E,0x72fdc,Torque To Accel Position X Axis,0x0000,0x0006,-6
60E1D400__vs__60E15120_N3J1E,0x73044,Torque To Accel Position Y Axis,0x43FA,0x2222,8664
60E1D400__vs__60E15120_N3J1E,0x73090,Torque To Accel Position,0x0021,0x41A0,-16767
60E1D400__vs__60E15120_N3J1E,0x7346c,Throttle Position To Torque X Axis,0x0000,0x4220,-16928
60E1D400__vs__60E15120_N3J1E,0x734a4,Throttle Position To Torque Y Axis,0x0000,0x428C,-17036
60E1D400__vs__60E15120_N3J1E,0x734f4,Throttle Position To Torque,0x8000,0x04E2,31518
60E1D400__vs__60E15120_N3J1E,0x73768,Idle Speed Control Task (Map) Y Axis,0x428C,0x453B,-687
60E1D400__vs__60E15120_N3J1E,0x73778,Idle Speed Control Task (Map),0x0002,0x2020,-8222
60E1D400__vs__60E15120_N3J1E,0x7377c,Idle Speed Control Task (Map) 2 Y Axis,0x0000,0x8080,-32896
60E1D400__vs__60E15120_N3J1E,0x737bc,Idle Speed Control Task (Map) 2,0x0000,0x457A,-17786
60E1D400__vs__60E15120_N3J1E,0x737dc,Idle Speed Control Task (Map) 3 X Axis,0x41F0,0x44FA,-778
60E1D400__vs__60E15120_N3J1E,0x737f8,Idle Speed Control Task (Map) 3 Y Axis,0x428C,0xC220,-32660
60E1D400__vs__60E15120_N3J1E,0x73808,Idle Speed Control Task (Map) 3,0x0000,0x4220,-16928
60E1D400__vs__60E15120_N3J1E,0x73824,Idle Speed Control Task (Map) 4 X Axis,0x41A0,0x0000,16800
60E1D400__vs__60E15120_N3J1E,0x73848,Idle Speed Control Task (Map) 4 Y Axis,0x4416,0x44BB,-165
60E1D400__vs__60E15120_N3J1E,0x7386c,Idle Speed Control Task (Map) 4,0x0022,0x0A0A,-2536
60E1D400__vs__60E15120_N3J1E,0x738c0,(Unknown - fault_gated_float_out) X Axis,0x0000,0x453B,-17723
60E1D400__vs__60E15120_N3J1E,0x73900,(Unknown - fault_gated_float_out) Y Axis,0x0000,0x443B,-17467
60E1D400__vs__60E15120_N3J1E,0x7393c,(Unknown - fault_gated_float_out),0x000F,0x459B,-17804
60E1D400__vs__60E15120_N3J1E,0x73b1c,(Unknown - float_map_3pt_calc) Y Axis,0x4030,0x0C8B,13221
60E1D400__vs__60E15120_N3J1E,0x73b70,(Unknown - float_map_3pt_calc),0x0005,0x17AE,-6057
60E1D400__vs__60E15120_N3J1E,0x73b88,(Unknown - float_map_3pt_calc) 2 Y Axis,0xC1F0,0x17AE,43586
60E1D400__vs__60E15120_N3J1E,0x73bbc,(Unknown - float_map_3pt_calc) 2,0x6464,0x228F,16853
60E1D400__vs__60E15120_N3J1E,0x73bcc,(Unknown - float_map_3pt_calc) 3 Y Axis,0xC1F0,0x228F,40801
60E1D400__vs__60E15120_N3J1E,0x73c00,(Unknown - float_map_3pt_calc) 3,0x2D28,0x28F6,1074
60E1D400__vs__60E15120_N3J1E,0x73c24,Throttle - Pedal Position - Sensor Mode A Y Axis,0xC1A0,0x2F5C,37444
60E1D400__vs__60E15120_N3J1E,0x73c50,Throttle - Pedal Position - Sensor Mode A,0xC8C8,0x3C29,35999
60E1D400__vs__60E15120_N3J1E,0x73c5c,Throttle - Pedal Position - Sensor Mode B Y Axis,0xC1A0,0x0021,49535
60E1D400__vs__60E15120_N3J1E,0x73c88,Throttle - Pedal Position - Sensor Mode B,0xC8C8,0x6B85,23875
60E1D400__vs__60E15120_N3J1E,0x73c94,Throttle - Pedal Position - Sensor Mode C Y Axis,0xC1A0,0x5333,28269
60E1D400__vs__60E15120_N3J1E,0x73cc0,Throttle - Pedal Position - Sensor Mode C,0xB4B4,0x6062,21586
60E1D400__vs__60E15120_N3J1E,0x73ccc,AFR Check - Threshold vs Coolant Temp Y Axis,0xC220,0x6062,25022
60E1D400__vs__60E15120_N3J1E,0x73ce8,AFR Check - Threshold vs Coolant Temp,0x00A6,0x6B85,-27359
60E1D400__vs__60E15120_N3J1E,0x73cf8,Air Fuel Ratio Check (Map) Y Axis,0x447A,0x6B85,-9995
60E1D400__vs__60E15120_N3J1E,0x73d28,Air Fuel Ratio Check (Map),0x2710,0x455A,-7754
60E1D400__vs__60E15120_N3J1E,0x73d40,Throttle - Pedal Position - Load/RPM Correction Matrix X Axis,0x3E4C,0x45CB,-1919
60E1D400__vs__60E15120_N3J1E,0x73d54,Throttle - Pedal Position - Load/RPM Correction Matrix Y Axis,0x447A,0x460C,-402
60E1D400__vs__60E15120_N3J1E,0x73d64,Throttle - Pedal Position - Load/RPM Correction Matrix,0xB4B4,0x40F0,29636
60E1D400__vs__60E15120_N3J1E,0x73da0,Acceleration Fuel Enrichment - Cold Y Axis,0x41A0,0x0021,16767
60E1D400__vs__60E15120_N3J1E,0x73db4,Acceleration Fuel Enrichment - Cold,0x64C8,0x0021,25767
60E1D400__vs__60E15120_N3J1E,0x73dbc,Acceleration Fuel Enrichment - Warm Y Axis,0x4100,0x0021,16607
60E1D400__vs__60E15120_N3J1E,0x73dd0,Acceleration Fuel Enrichment - Warm,0x8080,0x0042,32830
60E1D400__vs__60E15120_N3J1E,0x73dd8,Acceleration Fuel Enrichment - Hot Y Axis,0x0000,0x0042,-66
60E1D400__vs__60E15120_N3J1E,0x73dec,Acceleration Fuel Enrichment - Hot,0x000A,0x0042,-56
60E1D400__vs__60E15120_N3J1E,0x73df4,Engine Load Calculation (Map) X Axis,0x0000,0x0021,-33
60E1D400__vs__60E15120_N3J1E,0x73e20,Engine Load Calculation (Map) Y Axis,0xC120,0x0021,49407
60E1D400__vs__60E15120_N3J1E,0x73e3c,Engine Load Calculation (Map),0x1414,0x02B0,4452
60E1D400__vs__60E15120_N3J1E,0x73e8c,Engine Load Calculation (Map) 2 X Axis,0x447A,0x09DB,15007
60E1D400__vs__60E15120_N3J1E,0x73ea4,Engine Load Calculation (Map) 2 Y Axis,0x3E4C,0x0FBE,11918
60E1D400__vs__60E15120_N3J1E,0x73ebc,Engine Load Calculation (Map) 2,0xB4B4,0x0FBE,42230
60E1D400__vs__60E15120_N3J1E,0x73ee0,Knock Sensor Filter (Map) X Axis,0x0000,0x15A2,-5538
60E1D400__vs__60E15120_N3J1E,0x73ef8,Knock Sensor Filter (Map) Y Axis,0xC220,0x1B02,42782
60E1D400__vs__60E15120_N3J1E,0x73f14,Knock Sensor Filter (Map),0x0000,0x1B02,-6914
60E1D400__vs__60E15120_N3J1E,0x73f6c,Maximum Throttle Angle,0x42A8,0x27AE,6906
60E1D400__vs__60E15120_N3J1E,0x73f98,Throttle Pedal Percent Decreasing Filter Factor Y Axis,0x443B,0x0021,17434
60E1D400__vs__60E15120_N3J1E,0x73fb8,Throttle Pedal Percent Decreasing Filter Factor,0x2020,0x33D7,-5047
60E1D400__vs__60E15120_N3J1E,0x73fc0,Ign Timing Limit Check (Map) Y Axis,0x443B,0x33D7,4196
60E1D400__vs__60E15120_N3J1E,0x73fe0,Ign Timing Limit Check (Map),0x2020,0x3EFA,-7898
60E1D400__vs__60E15120_N3J1E,0x73fe8,Ign Timing Limit Check (Map) 2 Y Axis,0x443B,0x3EFA,1345
60E1D400__vs__60E15120_N3J1E,0x74008,Ign Timing Limit Check (Map) 2,0x2020,0x4A1D,-10749
60E1D400__vs__60E15120_N3J1E,0x74010,Ign Timing Limit Check (Map) 3 Y Axis,0x443B,0x4A1D,-1506
60E1D400__vs__60E15120_N3J1E,0x74030,Ign Timing Limit Check (Map) 3,0x2020,0x553F,-13599
60E1D400__vs__60E15120_N3J1E,0x74038,Ign Timing Limit Check (Map) 4 Y Axis,0xC220,0x553F,27873
60E1D400__vs__60E15120_N3J1E,0x74054,Ign Timing Limit Check (Map) 4,0x0000,0x6062,-24674
60E1D400__vs__60E15120_N3J1E,0x7405c,Ign Timing Limit Check (Map) 5 Y Axis,0xC220,0x6062,25022
60E1D400__vs__60E15120_N3J1E,0x74078,Ign Timing Limit Check (Map) 5,0x0000,0x6B85,-27525
60E1D400__vs__60E15120_N3J1E,0x74080,Ign Timing Limit Check (Map) 6 Y Axis,0x443B,0x6B85,-10058
60E1D400__vs__60E15120_N3J1E,0x740ac,Ign Timing Limit Check (Map) 6,0x0A0A,0x44FA,-15088
60E1D400__vs__60E15120_N3J1E,0x740b8,Ign Timing Limit Check (Map) 7 Y Axis,0x443B,0x455A,-287
60E1D400__vs__60E15120_N3J1E,0x740e4,Ign Timing Limit Check (Map) 7,0x0606,0x460C,-16390
60E1D400__vs__60E15120_N3J1E,0x740f0,Fuel Pressure Control (Map) Y Axis,0x443B,0x40A0,923
60E1D400__vs__60E15120_N3J1E,0x74110,Fuel Pressure Control (Map),0x0404,0x4220,-15900
60E1D400__vs__60E15120_N3J1E,0x74118,Fuel Pressure Control (Map) 2 Y Axis,0x443B,0x4248,499
60E1D400__vs__60E15120_N3J1E,0x74138,Fuel Pressure Control (Map) 2,0x0404,0x0021,995
60E1D400__vs__60E15120_N3J1E,0x74140,Fuel Pressure Control (Map) 3 Y Axis,0x443B,0x0021,17434
60E1D400__vs__60E15120_N3J1E,0x74160,Fuel Pressure Control (Map) 3,0x0404,0x0042,962
60E1D400__vs__60E15120_N3J1E,0x74168,Fuel Pressure Control (Map) 4 Y Axis,0x443B,0x0042,17401
60E1D400__vs__60E15120_N3J1E,0x74188,Fuel Pressure Control (Map) 4,0x0404,0x0148,700
60E1D400__vs__60E15120_N3J1E,0x74190,Fuel Pressure Control (Map) 5 Y Axis,0xC220,0x0148,49368
60E1D400__vs__60E15120_N3J1E,0x741ac,Fuel Pressure Control (Map) 5,0x0000,0x0148,-328
60E1D400__vs__60E15120_N3J1E,0x741b4,Accel Pedal to Throttle Position #1 X Axis,0x0000,0x0354,-852
60E1D400__vs__60E15120_N3J1E,0x74208,Accel Pedal to Throttle Position #1 Y Axis,0x0000,0x0C29,-3113
60E1D400__vs__60E15120_N3J1E,0x74250,Accel Pedal to Throttle Position #1,0x0021,0x126F,-4686
60E1D400__vs__60E15120_N3J1E,0x74544,Accel Pedal to Throttle Position #2 X Axis,0x0000,0x02B0,-688
60E1D400__vs__60E15120_N3J1E,0x74598,Accel Pedal to Throttle Position #2 Y Axis,0x0000,0x07CF,-1999
60E1D400__vs__60E15120_N3J1E,0x745e0,Accel Pedal to Throttle Position #2,0x0021,0x126F,-4686
60E1D400__vs__60E15120_N3J1E,0x748d4,Accel Pedal to Throttle Position #3 X Axis,0x0000,0x0000,0
60E1D400__vs__60E15120_N3J1E,0x74928,Accel Pedal to Throttle Position #3 Y Axis,0x0000,0x3E00,-15872
60E1D400__vs__60E15120_N3J1E,0x74970,Accel Pedal to Throttle Position #3,0x0021,0x4120,-16639
60E1D400__vs__60E15120_N3J1E,0x74c64,Accel Pedal to Throttle Position #4 X Axis,0x0000,0x44CF,-17615
60E1D400__vs__60E15120_N3J1E,0x74cb8,Accel Pedal to Throttle Position #4 Y Axis,0x0000,0x0D0C,-3340
60E1D400__vs__60E15120_N3J1E,0x74d00,Accel Pedal to Throttle Position #4,0x0021,0x644B,-25642
60E1D400__vs__60E15120_N3J1E,0x75030,MAP Requested Load Y Axis,0xC220,0x4104,33052
60E1D400__vs__60E15120_N3J1E,0x75054,MAP Requested Load,0x0384,0x40E5,-15713
60E1D400__vs__60E15120_N3J1E,0x75068,MAP Requested Load Smoothing Y Axis,0x43FA,0x40A0,858
60E1D400__vs__60E15120_N3J1E,0x750b0,MAP Requested Load Smoothing,0x0084,0x40ED,-16489
60E1D400__vs__60E15120_N3J1E,0x750d4,Maximum Load Limit Y Axis,0xC220,0x4126,33018
60E1D400__vs__60E15120_N3J1E,0x750f8,Maximum Load Limit,0x0387,0x416D,-15846
60E1D400__vs__60E15120_N3J1E,0x7510c,Idle Load Multiplier Y Axis,0xC220,0x4126,33018
60E1D400__vs__60E15120_N3J1E,0x75130,Idle Load Multiplier,0x0387,0x3EC0,-15161
60E1D400__vs__60E15120_N3J1E,0x75144,Fuel Injection - Cold Start Correction vs Coolant Temp Y Axis,0xC220,0x3F80,33440
60E1D400__vs__60E15120_N3J1E,0x75158,Fuel Injection - Cold Start Correction vs Coolant Temp,0x01F4,0x44FA,-17158
60E1D400__vs__60E15120_N3J1E,0x752c4,Battery Temperature Model - Decay Amount Y Axis,0x0000,0x422C,-16940
60E1D400__vs__60E15120_N3J1E,0x752e0,Battery Temperature Model - Decay Amount,0x1C37,0x41B8,-9601
60E1D400__vs__60E15120_N3J1E,0x752e8,Desired Charge Voltage Y Axis,0xC220,0x4210,32784
60E1D400__vs__60E15120_N3J1E,0x7530c,Desired Charge Voltage,0x05D4,0x41D0,-15356
60E1D400__vs__60E15120_N3J1E,0x75320,Alternator Duty Cycle Max Y Axis,0x447A,0x40E0,922
60E1D400__vs__60E15120_N3J1E,0x7534c,Alternator Duty Cycle Max,0x0348,0x40E0,-15768
60E1D400__vs__60E15120_N3J1E,0x75364,Alternator Diagnostic Voltage Delta to DC Y Axis,0x0000,0x41C0,-16832
60E1D400__vs__60E15120_N3J1E,0x75398,Alternator Diagnostic Voltage Delta to DC,0x0000,0x40E0,-16608
60E1D400__vs__60E15120_N3J1E,0x753b4,Fuel Integrated (Map) Y Axis,0xC220,0x4198,32904
60E1D400__vs__60E15120_N3J1E,0x753d8,Fuel Integrated (Map),0x0000,0x4180,-16768
60E1D400__vs__60E15120_N3J1E,0x753ec,Fuel Integrated (Map) 2 Y Axis,0xC220,0x4160,32960
60E1D400__vs__60E15120_N3J1E,0x75410,Fuel Integrated (Map) 2,0x0000,0x4170,-16752
60E1D400__vs__60E15120_N3J1E,0x75424,Fuel Integrated (Map) 3 Y Axis,0xC220,0x4170,32944
60E1D400__vs__60E15120_N3J1E,0x75448,Fuel Integrated (Map) 3,0x0000,0x00FF,-255
60E1D400__vs__60E15120_N3J1E,0x7545c,Fuel Integrated (Map) 4 Y Axis,0xC220,0x0000,49696
60E1D400__vs__60E15120_N3J1E,0x75480,Fuel Integrated (Map) 4,0x0000,0x44BB,-17595
60E1D400__vs__60E15120_N3J1E,0x75494,Alternator Voltage Delta - Diagnostic Request X Axis,0x447A,0x457A,-256
60E1D400__vs__60E15120_N3J1E,0x754c0,Alternator Voltage Delta - Diagnostic Request Y Axis,0x0000,0x1A1A,-6682
60E1D400__vs__60E15120_N3J1E,0x754f0,Alternator Voltage Delta - Diagnostic Request,0x2620,0x457A,-8026
60E1D400__vs__60E15120_N3J1E,0x75594,(Unknown - interp_bilinear_fpu_blend_v2) Y Axis,0xC0E3,0x0002,49377
60E1D400__vs__60E15120_N3J1E,0x755b8,(Unknown - interp_bilinear_fpu_blend_v2),0x806D,0x3F78,16629
60E1D400__vs__60E15120_N3J1E,0x755c4,(Unknown - interp_bilinear_fpu_blend) X Axis,0x3E23,0x4425,-1538
60E1D400__vs__60E15120_N3J1E,0x755ec,(Unknown - interp_bilinear_fpu_blend) Y Axis,0x4443,0x452B,-232
60E1D400__vs__60E15120_N3J1E,0x75630,(Unknown - interp_bilinear_fpu_blend),0x1694,0x0008,5772
60E1D400__vs__60E15120_N3J1E,0x75784,(Unknown - interp_bilinear_fpu_blend_v2) 2 X Axis,0x3E23,0x4000,-477
60E1D400__vs__60E15120_N3J1E,0x757ac,(Unknown - interp_bilinear_fpu_blend_v2) 2 Y Axis,0x4443,0x0000,17475
60E1D400__vs__60E15120_N3J1E,0x757f0,(Unknown - interp_bilinear_fpu_blend_v2) 2,0x1900,0x447A,-11130
60E1D400__vs__60E15120_N3J1E,0x75984,(Unknown - fpu_mac_single) Y Axis,0x447A,0x0400,16506
60E1D400__vs__60E15120_N3J1E,0x759cc,(Unknown - fpu_mac_single),0x1D1D,0x0002,7451
60E1D400__vs__60E15120_N3J1E,0x75a34,Utility - Saturation Index Ramp vs RPM Y Axis,0x0000,0x8000,-32768
60E1D400__vs__60E15120_N3J1E,0x75a78,Utility - Saturation Index Ramp vs RPM,0x0000,0x8000,-32768
60E1D400__vs__60E15120_N3J1E,0x75a9c,Utility - RPM Lookup by Index Y Axis,0x0000,0x447A,-17530
60E1D400__vs__60E15120_N3J1E,0x75ae0,Utility - RPM Lookup by Index,0x444D,0x3F20,1325
60E1D400__vs__60E15120_N3J1E,0x75ba4,Sensor Range Limit - Constant vs Coolant Temp Y Axis,0xC1F0,0x8000,16880
60E1D400__vs__60E15120_N3J1E,0x75bbc,Sensor Range Limit - Constant vs Coolant Temp,0x0404,0x8000,-31740
60E1D400__vs__60E15120_N3J1E,0x75bc4,Rotor 1 Ignition Dwell Y Axis,0x4348,0x8000,-15544
60E1D400__vs__60E15120_N3J1E,0x75bf8,Rotor 1 Ignition Dwell,0x01F4,0x4CCD,-19161
60E1D400__vs__60E15120_N3J1E,0x75c14,Rotor 2 Ignition Dwell Y Axis,0x4348,0x447A,-306
60E1D400__vs__60E15120_N3J1E,0x75c48,Rotor 2 Ignition Dwell,0x01F4,0x45EA,-17398
60E1D400__vs__60E15120_N3J1E,0x75cf8,CAN Faults - Fault Counter - Snapshot Matrix X Axis,0x0000,0x3F20,-16160
60E1D400__vs__60E15120_N3J1E,0x75d0c,CAN Faults - Fault Counter - Snapshot Matrix Y Axis,0x0000,0x3F70,-16240
60E1D400__vs__60E15120_N3J1E,0x75d5c,CAN Faults - Fault Counter - Snapshot Matrix,0x0000,0x45FA,-17914
60E1D400__vs__60E15120_N3J1E,0x75dc0,(Unknown - fpu_div_dispatch) X Axis,0x447A,0x7676,-12796
60E1D400__vs__60E15120_N3J1E,0x75e04,(Unknown - fpu_div_dispatch) Y Axis,0x3F20,0x918E,-21102
60E1D400__vs__60E15120_N3J1E,0x75e10,(Unknown - fpu_div_dispatch),0x8000,0xAFA7,-12199
60E1D400__vs__60E15120_N3J1E,0x75e78,(Unknown - fpu_div_dispatch) 2 X Axis,0x447A,0xB4B4,-28730
60E1D400__vs__60E15120_N3J1E,0x75ebc,(Unknown - fpu_div_dispatch) 2 Y Axis,0x3F20,0x9B9F,-23679
60E1D400__vs__60E15120_N3J1E,0x75ec8,(Unknown - fpu_div_dispatch) 2,0x8000,0x3E40,16832
60E1D400__vs__60E15120_N3J1E,0x75f30,(Unknown - fpu_div_dispatch) 3 X Axis,0x447A,0x459C,-290
60E1D400__vs__60E15120_N3J1E,0x75f74,(Unknown - fpu_div_dispatch) 3 Y Axis,0x3F20,0x012C,15860
60E1D400__vs__60E15120_N3J1E,0x75f80,(Unknown - fpu_div_dispatch) 3,0x8000,0x00D2,32558
60E1D400__vs__60E15120_N3J1E,0x75fec,Adaptive Fuel Trim (Map) Y Axis,0x43FA,0x00A6,17236
60E1D400__vs__60E15120_N3J1E,0x76034,Adaptive Fuel Trim (Map),0x064D,0x007F,1486
60E1D400__vs__60E15120_N3J1E,0x76058,Adaptive Fuel Trim (Map) 2 Y Axis,0x0000,0x0078,-120
60E1D400__vs__60E15120_N3J1E,0x7607c,Adaptive Fuel Trim (Map) 2,0x0080,0x005C,36
60E1D400__vs__60E15120_N3J1E,0x76090,Transient Fuel Comp (Map) Y Axis,0x44C8,0x0172,17238
60E1D400__vs__60E15120_N3J1E,0x760a4,Transient Fuel Comp (Map),0x0991,0x00FB,2198
60E1D400__vs__60E15120_N3J1E,0x760b0,Ignition Timing Leading - DSC Mode A - Base X Axis,0x3D80,0x017A,15366
60E1D400__vs__60E15120_N3J1E,0x760f8,Ignition Timing Leading - DSC Mode A - Base Y Axis,0x43FA,0x00E4,17174
60E1D400__vs__60E15120_N3J1E,0x76144,Ignition Timing Leading - DSC Mode A - Base,0x8A8A,0x00DB,35247
60E1D400__vs__60E15120_N3J1E,0x7629c,(Unknown - fpu_div_speed_normalize) X Axis,0x3D80,0x110D,11379
60E1D400__vs__60E15120_N3J1E,0x762e4,(Unknown - fpu_div_speed_normalize) Y Axis,0x43FA,0x13E6,12308
60E1D400__vs__60E15120_N3J1E,0x76330,(Unknown - fpu_div_speed_normalize),0x00AF,0x2566,-9399
60E1D400__vs__60E15120_N3J1E,0x765dc,Engine Torque X Axis,0x3D80,0x1926,9306
60E1D400__vs__60E15120_N3J1E,0x76624,Engine Torque Y Axis,0x43FA,0x1533,11975
60E1D400__vs__60E15120_N3J1E,0x76670,Engine Torque,0x0000,0x2833,-10291
60E1D400__vs__60E15120_N3J1E,0x7691c,(Unknown - fpu_div_correction_factor) X Axis,0xC220,0x4257,32713
60E1D400__vs__60E15120_N3J1E,0x7693c,(Unknown - fpu_div_correction_factor) Y Axis,0x43FA,0x40D3,807
60E1D400__vs__60E15120_N3J1E,0x76988,(Unknown - fpu_div_correction_factor),0x0BCD,0xC0E0,-46355
60E1D400__vs__60E15120_N3J1E,0x76ab8,(Unknown - divide_float_write_to) X Axis,0x4270,0x420B,101
60E1D400__vs__60E15120_N3J1E,0x76acc,(Unknown - divide_float_write_to) Y Axis,0x3E4C,0x40D3,-647
60E1D400__vs__60E15120_N3J1E,0x76ad8,(Unknown - divide_float_write_to),0xB073,0x0000,45171
60E1D400__vs__60E15120_N3J1E,0x76b18,(Unknown - math_accumulator) Y Axis,0xC220,0xC0E0,320
60E1D400__vs__60E15120_N3J1E,0x76b28,(Unknown - math_accumulator),0x030E,0xC040,-48434
60E1D400__vs__60E15120_N3J1E,0x76bc8,Torque Limit - Multipoint Curve 1 vs Torque Error Y Axis,0xC180,0xC23E,-190
60E1D400__vs__60E15120_N3J1E,0x76c2c,Torque Limit - Multipoint Curve 1 vs Torque Error,0x42BF,0x4040,639
60E1D400__vs__60E15120_N3J1E,0x76c90,Torque Limit - Multipoint Curve 2 vs Torque Error Y Axis,0xC180,0xBE8C,756
60E1D400__vs__60E15120_N3J1E,0x76cf4,Torque Limit - Multipoint Curve 2 vs Torque Error,0x42BF,0xBE4C,-31629
60E1D400__vs__60E15120_N3J1E,0x76d58,Torque Limit - Multipoint Curve 3 vs Torque Error Y Axis,0xC180,0x3E99,33511
60E1D400__vs__60E15120_N3J1E,0x76dbc,Torque Limit - Multipoint Curve 3 vs Torque Error,0x42BF,0xC100,-32321
60E1D400__vs__60E15120_N3J1E,0x76e20,Torque Limit - Multipoint Curve 4 vs Torque Error Y Axis,0xC180,0x4080,33024
60E1D400__vs__60E15120_N3J1E,0x76e84,Torque Limit - Multipoint Curve 4 vs Torque Error,0x42BF,0xBE99,-31706
60E1D400__vs__60E15120_N3J1E,0x76ee8,Torque Limit - Multipoint Curve 5 vs Torque Error Y Axis,0xC180,0x0000,49536
60E1D400__vs__60E15120_N3J1E,0x76f4c,Torque Limit - Multipoint Curve 5 vs Torque Error,0x42BF,0x3E19,1190
60E1D400__vs__60E15120_N3J1E,0x76fb0,Torque Compensation - Curve 1 vs Torque Error Y Axis,0xC180,0xC120,96
60E1D400__vs__60E15120_N3J1E,0x7702c,Torque Compensation - Curve 1 vs Torque Error,0x3E99,0x4180,-743
60E1D400__vs__60E15120_N3J1E,0x770a8,Torque Compensation - Curve 2 vs Torque Error Y Axis,0xC180,0xC120,96
60E1D400__vs__60E15120_N3J1E,0x77124,Torque Compensation - Curve 2 vs Torque Error,0x3E99,0x428C,-1011
60E1D400__vs__60E15120_N3J1E,0x771a0,Torque Compensation - Curve 3 vs Torque Error Y Axis,0xC180,0x4270,32528
60E1D400__vs__60E15120_N3J1E,0x7721c,Torque Compensation - Curve 3 vs Torque Error,0x3E19,0x41B0,-919
60E1D400__vs__60E15120_N3J1E,0x77298,Torque Compensation - Curve 4 vs Torque Error Y Axis,0xC180,0x41DC,32676
60E1D400__vs__60E15120_N3J1E,0x77314,Torque Compensation - Curve 4 vs Torque Error,0x3E19,0x0000,15897
60E1D400__vs__60E15120_N3J1E,0x77390,Torque Compensation - Curve 5 vs Torque Error Y Axis,0xC180,0x4270,32528
60E1D400__vs__60E15120_N3J1E,0x7740c,Torque Compensation - Curve 5 vs Torque Error,0x3E19,0x42C8,-1199
60E1D400__vs__60E15120_N3J1E,0x77488,Torque Limit Multipoint (Map) X Axis,0x41A0,0x42C8,-296
60E1D400__vs__60E15120_N3J1E,0x774ac,Torque Limit Multipoint (Map) Y Axis,0x4000,0x009C,16228
60E1D400__vs__60E15120_N3J1E,0x774c0,Torque Limit Multipoint (Map),0x41A0,0x4416,-630
60E1D400__vs__60E15120_N3J1E,0x77574,Faults - Diagnostic - Level Matrix X Axis,0x41A0,0x4040,352
60E1D400__vs__60E15120_N3J1E,0x7759c,Faults - Diagnostic - Level Matrix Y Axis,0x4000,0x3FF8,8
60E1D400__vs__60E15120_N3J1E,0x775b0,Faults - Diagnostic - Level Matrix,0x411C,0x4000,284
60E1D400__vs__60E15120_N3J1E,0x77678,Faults - Diagnostic - Level Matrix 2 X Axis,0x41A0,0x4220,-128
60E1D400__vs__60E15120_N3J1E,0x77680,Faults - Diagnostic - Level Matrix 2 Y Axis,0x4000,0x428C,-652
60E1D400__vs__60E15120_N3J1E,0x77694,Faults - Diagnostic - Level Matrix 2,0x0000,0x3E00,-15872
60E1D400__vs__60E15120_N3J1E,0x776bc,Faults - Diagnostic - Level Matrix 3 X Axis,0x41A0,0x3F60,576
60E1D400__vs__60E15120_N3J1E,0x776c4,Faults - Diagnostic - Level Matrix 3 Y Axis,0x4000,0x4046,-70
60E1D400__vs__60E15120_N3J1E,0x776d8,Faults - Diagnostic - Level Matrix 3,0x0000,0x4040,-16448
60E1D400__vs__60E15120_N3J1E,0x77700,Faults - Diagnostic - Level Matrix 4 X Axis,0x41A0,0x4040,352
60E1D400__vs__60E15120_N3J1E,0x77724,Faults - Diagnostic - Level Matrix 4 Y Axis,0x4000,0x4040,-64
60E1D400__vs__60E15120_N3J1E,0x77738,Faults - Diagnostic - Level Matrix 4,0x41A0,0x40FF,161
60E1D400__vs__60E15120_N3J1E,0x777ec,Faults - Diagnostic - Level Matrix 5 X Axis,0x0000,0x41A0,-16800
60E1D400__vs__60E15120_N3J1E,0x77800,Faults - Diagnostic - Level Matrix 5 Y Axis,0x4000,0x428C,-652
60E1D400__vs__60E15120_N3J1E,0x77814,Faults - Diagnostic - Level Matrix 5,0x42C8,0x42F0,-40
60E1D400__vs__60E15120_N3J1E,0x778ec,Cooling - Fan - Engage Threshold Y Axis,0x0000,0x3D80,-15744
60E1D400__vs__60E15120_N3J1E,0x778f0,Cooling - Fan - Engage Threshold,0x10FF,0x3E00,-11521
60E1D400__vs__60E15120_N3J1E,0x778f4,Cooling - Fan - Disengage Threshold Y Axis,0x0000,0x3E40,-15936
60E1D400__vs__60E15120_N3J1E,0x778f8,Cooling - Fan - Disengage Threshold,0x00FF,0x3E80,-15745
60E1D400__vs__60E15120_N3J1E,0x778fc,Engine On Time Threshold Y Axis,0xC220,0x3EA0,33664
60E1D400__vs__60E15120_N3J1E,0x77920,Engine On Time Threshold,0x0271,0x3F60,-15599
60E1D400__vs__60E15120_N3J1E,0x779b8,(Unknown - conditional_fpu_accumulate_handler) Y Axis,0x4283,0x1F00,9091
60E1D400__vs__60E15120_N3J1E,0x779d8,(Unknown - conditional_fpu_accumulate_handler),0x6464,0x2B4D,14615
60E1D400__vs__60E15120_N3J1E,0x779e0,(Unknown - conditional_fpu_accumulate_handler) 2 Y Axis,0x4138,0x2366,7634
60E1D400__vs__60E15120_N3J1E,0x779fc,(Unknown - conditional_fpu_accumulate_handler) 2,0x0000,0x2A9A,-10906
60E1D400__vs__60E15120_N3J1E,0x77a0c,(Unknown - conditional_fpu_accumulate_handler) 3 Y Axis,0x4138,0x3C80,1208
60E1D400__vs__60E15120_N3J1E,0x77a28,(Unknown - conditional_fpu_accumulate_handler) 3,0x0000,0x33B3,-13235
60E1D400__vs__60E15120_N3J1E,0x77a44,Primary Injector Weighted Engine Temp Multiplier X Axis,0xC220,0x36E6,35642
60E1D400__vs__60E15120_N3J1E,0x77a70,Primary Injector Weighted Engine Temp Multiplier Y Axis,0x3E00,0x57CD,-6605
60E1D400__vs__60E15120_N3J1E,0x77a9c,Primary Injector Weighted Engine Temp Multiplier,0x4040,0x4D80,-3392
60E1D400__vs__60E15120_N3J1E,0x77b18,Secondary 1 Injector Weighted Engine Temp Multiplier X Axis,0xC220,0x6AB3,22381
60E1D400__vs__60E15120_N3J1E,0x77b1c,Secondary 1 Injector Weighted Engine Temp Multiplier Y Axis,0x3E00,0x6ACD,-11469
60E1D400__vs__60E15120_N3J1E,0x77b20,Secondary 1 Injector Weighted Engine Temp Multiplier,0x40FF,0x641A,-8987
60E1D400__vs__60E15120_N3J1E,0x77b24,Secondary 2 Injector Weighted Engine Temp Multiplier X Axis,0xC220,0x65E6,23610
60E1D400__vs__60E15120_N3J1E,0x77b28,Secondary 2 Injector Weighted Engine Temp Multiplier Y Axis,0x3E00,0x6133,-9011
60E1D400__vs__60E15120_N3J1E,0x77b2c,Secondary 2 Injector Weighted Engine Temp Multiplier,0x40FF,0x5C4D,-6990
60E1D400__vs__60E15120_N3J1E,0x77b34,(Unknown - fpu_multiply_accumulate_store) Y Axis,0x4270,0x5D4D,-6877
60E1D400__vs__60E15120_N3J1E,0x77b44,(Unknown - fpu_multiply_accumulate_store),0x2456,0x63B3,-16221
60E1D400__vs__60E15120_N3J1E,0x77b4c,Injector Manifold Vacuum Multiplier Y Axis,0xC1F0,0x651A,23766
60E1D400__vs__60E15120_N3J1E,0x77b90,Injector Manifold Vacuum Multiplier,0x28B7,0x694D,-16534
60E1D400__vs__60E15120_N3J1E,0x77bb4,Estimated Manifold Pressure X Axis,0x447A,0x6680,-8710
60E1D400__vs__60E15120_N3J1E,0x77bf8,Estimated Manifold Pressure Y Axis,0x3D80,0x41BD,-1085
60E1D400__vs__60E15120_N3J1E,0x77c48,Estimated Manifold Pressure,0x0EE6,0x4184,-12958
60E1D400__vs__60E15120_N3J1E,0x77ef0,Injector Latency Secondary X Axis,0xC17D,0x01F3,49034
60E1D400__vs__60E15120_N3J1E,0x77f34,Injector Latency Secondary Y Axis,0x40D0,0x45DA,-1290
60E1D400__vs__60E15120_N3J1E,0x77f58,Injector Latency Secondary,0x0C64,0x3F80,-13084
60E1D400__vs__60E15120_N3J1E,0x7808c,Injector Latency Primary X Axis,0xC17D,0x0000,49533
60E1D400__vs__60E15120_N3J1E,0x780d0,Injector Latency Primary Y Axis,0x40D0,0xC1A0,-32976
60E1D400__vs__60E15120_N3J1E,0x780f4,Injector Latency Primary,0x0AC0,0x428C,-14284
60E1D400__vs__60E15120_N3J1E,0x78284,Coil Output Timing (Map) Y Axis,0x4270,0x429F,-47
60E1D400__vs__60E15120_N3J1E,0x7829c,Coil Output Timing (Map),0x202E,0xC220,-41458
60E1D400__vs__60E15120_N3J1E,0x782a4,Coil Output Timing (Map) 2 Y Axis,0x4282,0x0000,17026
60E1D400__vs__60E15120_N3J1E,0x782b8,Coil Output Timing (Map) 2,0x4C80,0x42C8,2488
60E1D400__vs__60E15120_N3J1E,0x782c0,Fuel Injection - Startup - Injector Pulse Width Multiplier Y Axis,0x4282,0x0A0A,14456
60E1D400__vs__60E15120_N3J1E,0x782c4,Fuel Injection - Startup - Injector Pulse Width Multiplier,0x80FF,0x0A0A,30453
60E1D400__vs__60E15120_N3J1E,0x782c8,(Unknown - conditional_fpu_calc) Y Axis,0x41A8,0x0AFF,13993
60E1D400__vs__60E15120_N3J1E,0x782d4,(Unknown - conditional_fpu_calc),0x8000,0x0000,32768
60E1D400__vs__60E15120_N3J1E,0x782d8,FPU - Correction Constant vs Coolant Temp Y Axis,0xC220,0x41A0,32896
60E1D400__vs__60E15120_N3J1E,0x782e4,FPU - Correction Constant vs Coolant Temp,0xEAEA,0x42A0,43082
60E1D400__vs__60E15120_N3J1E,0x782e8,Injector Deadtime Primary Y Axis,0xC1F0,0x42C8,32552
60E1D400__vs__60E15120_N3J1E,0x78318,Injector Deadtime Primary,0x60A4,0x42C8,7644
60E1D400__vs__60E15120_N3J1E,0x78330,Primary Fuel Injector Cranking Pulse Width Y Axis,0xC1F0,0xC1A0,80
60E1D400__vs__60E15120_N3J1E,0x78364,Primary Fuel Injector Cranking Pulse Width,0x60A4,0x0000,24740
60E1D400__vs__60E15120_N3J1E,0x783a0,Primary Injector Size,0x43B8,0x4270,328
60E1D400__vs__60E15120_N3J1E,0x783a8,Secondary Injector Size,0x43ED,0x42A0,333
60E1D400__vs__60E15120_N3J1E,0x783b0,Secondary Injector Size #2,0x43ED,0x1A1A,10707
60E1D400__vs__60E15120_N3J1E,0x78418,(Unknown - massive_fpu_control_calc) Y Axis,0x447A,0x13FF,12411
60E1D400__vs__60E15120_N3J1E,0x7845c,(Unknown - massive_fpu_control_calc),0x1414,0x4220,-11788
60E1D400__vs__60E15120_N3J1E,0x78470,Primary Injector Max Barometric Pressure Correction Y Axis,0x4256,0x8A00,-18346
60E1D400__vs__60E15120_N3J1E,0x78490,Primary Injector Max Barometric Pressure Correction,0x2F41,0x451C,-5595
60E1D400__vs__60E15120_N3J1E,0x78498,FPU - Adaptive Correction vs Coolant Temp Y Axis,0xC220,0x455A,31942
60E1D400__vs__60E15120_N3J1E,0x784bc,FPU - Adaptive Correction vs Coolant Temp,0x1E1E,0x45FA,-10204
60E1D400__vs__60E15120_N3J1E,0x784c8,FPU - Correction Step 1 vs Coolant Temp Y Axis,0xC1A0,0xAF00,4768
60E1D400__vs__60E15120_N3J1E,0x784d4,FPU - Correction Step 1 vs Coolant Temp,0x0000,0x7D00,-32000
60E1D400__vs__60E15120_N3J1E,0x784d8,FPU - Correction Step 2 vs Coolant Temp Y Axis,0xC1A0,0x6400,23968
60E1D400__vs__60E15120_N3J1E,0x784e4,FPU - Correction Step 2 vs Coolant Temp,0x0000,0x5500,-21760
60E1D400__vs__60E15120_N3J1E,0x784e8,Primary Fuel Injector Pulse Width Control Y Axis,0xC220,0x5500,27936
60E1D400__vs__60E15120_N3J1E,0x7850c,Primary Fuel Injector Pulse Width Control,0x0505,0x42F0,-15851
60E1D400__vs__60E15120_N3J1E,0x78518,Secondary Fuel Injector Minimum Pulse Width Y Axis,0xC220,0x0000,49696
60E1D400__vs__60E15120_N3J1E,0x7853c,Secondary Fuel Injector Minimum Pulse Width,0x1A1A,0x42A0,-10374
60E1D400__vs__60E15120_N3J1E,0x78548,(Unknown - complex_adaptive_fpu_calc) Y Axis,0xC220,0x186A,43446
60E1D400__vs__60E15120_N3J1E,0x7856c,(Unknown - complex_adaptive_fpu_calc),0x1A1A,0x44FA,-10976
60E1D400__vs__60E15120_N3J1E,0x78578,(Unknown - complex_fpu_compare_calc) Y Axis,0xC220,0x455A,31942
60E1D400__vs__60E15120_N3J1E,0x7859c,(Unknown - complex_fpu_compare_calc),0x8A00,0x45FA,17414
60E1D400__vs__60E15120_N3J1E,0x785b0,Calculate Fuel Amount Per Rotation Min Max (Map) Y Axis,0x447A,0x3EA0,1498
60E1D400__vs__60E15120_N3J1E,0x785f4,Calculate Fuel Amount Per Rotation Min Max (Map),0xAF00,0x55C3,22845
60E1D400__vs__60E15120_N3J1E,0x78618,Secondary Injectors Allowed Threshold - Coolant Temperature Based Y Axis,0xC220,0x55C3,27741
60E1D400__vs__60E15120_N3J1E,0x7863c,Secondary Injectors Allowed Threshold - Coolant Temperature Based,0x0BB8,0x5127,-17775
60E1D400__vs__60E15120_N3J1E,0x78650,Engine Load Compensation X Axis,0x43FA,0x386D,2957
60E1D400__vs__60E15120_N3J1E,0x78698,Engine Load Compensation Y Axis,0x3E00,0x393A,1222
60E1D400__vs__60E15120_N3J1E,0x786e8,Engine Load Compensation,0x55C3,0x3BE7,6620
60E1D400__vs__60E15120_N3J1E,0x789d0,(Unknown - extensive_table_based_fpu_calc) Y Axis,0xC170,0x41A0,32720
60E1D400__vs__60E15120_N3J1E,0x78a00,(Unknown - extensive_table_based_fpu_calc),0x0000,0x42B4,-17076
60E1D400__vs__60E15120_N3J1E,0x78a0c,(Unknown - extensive_table_based_fpu_calc) 2 Y Axis,0x428C,0x42D2,-70
60E1D400__vs__60E15120_N3J1E,0x78a30,(Unknown - extensive_table_based_fpu_calc) 2,0x6464,0x3EA0,9668
60E1D400__vs__60E15120_N3J1E,0x78a3c,(Unknown - extensive_table_based_fpu_calc) 3 Y Axis,0xC170,0x3F00,33392
60E1D400__vs__60E15120_N3J1E,0x78a6c,(Unknown - extensive_table_based_fpu_calc) 3,0x0000,0x4160,-16736
60E1D400__vs__60E15120_N3J1E,0x78a78,(Unknown - extensive_table_based_fpu_calc) 4 Y Axis,0x428C,0x6464,-8664
60E1D400__vs__60E15120_N3J1E,0x78a9c,(Unknown - extensive_table_based_fpu_calc) 4,0x6464,0x4160,8964
60E1D400__vs__60E15120_N3J1E,0x78aa8,(Unknown - extensive_table_based_fpu_calc) 5 Y Axis,0xC170,0x4168,32776
60E1D400__vs__60E15120_N3J1E,0x78ad8,(Unknown - extensive_table_based_fpu_calc) 5,0x0000,0x4120,-16672
60E1D400__vs__60E15120_N3J1E,0x78ae4,(Unknown - extensive_table_based_fpu_calc) 6 Y Axis,0x428C,0x41C8,196
60E1D400__vs__60E15120_N3J1E,0x78b08,(Unknown - extensive_table_based_fpu_calc) 6,0x6464,0x0050,25620
60E1D400__vs__60E15120_N3J1E,0x78b14,(Unknown - extensive_table_based_fpu_calc) 7 Y Axis,0x3D80,0x41A0,-1056
60E1D400__vs__60E15120_N3J1E,0x78b38,(Unknown - extensive_table_based_fpu_calc) 7,0x6464,0x420C,8792
60E1D400__vs__60E15120_N3J1E,0x78b44,(Unknown - complex_fpu_div_sqrt_accumulate) Y Axis,0x4100,0x43AF,-687
60E1D400__vs__60E15120_N3J1E,0x78b68,(Unknown - complex_fpu_div_sqrt_accumulate),0x6464,0x4220,8772
60E1D400__vs__60E15120_N3J1E,0x78b74,Auxiliary Port Valve - Schedule - Condition Table Y Axis,0x4100,0x0050,16560
60E1D400__vs__60E15120_N3J1E,0x78ba0,Auxiliary Port Valve - Schedule - Condition Table,0x0000,0x0000,0
60E1D400__vs__60E15120_N3J1E,0x78bb8,(Unknown - conditional_fpu_multi_flag_selector) Y Axis,0xC170,0x0032,49470
60E1D400__vs__60E15120_N3J1E,0x78be8,(Unknown - conditional_fpu_multi_flag_selector),0x0050,0x4348,-17144
60E1D400__vs__60E15120_N3J1E,0x78c4c,(Unknown - extensive_fpu_threshold_and_calc) Y Axis,0xC220,0x3DCC,33876
60E1D400__vs__60E15120_N3J1E,0x78c68,(Unknown - extensive_fpu_threshold_and_calc),0x0050,0x00FE,-174
60E1D400__vs__60E15120_N3J1E,0x78c70,Cruise Control - Set Speed - Condition Threshold Y Axis,0x428C,0x4400,-372
60E1D400__vs__60E15120_N3J1E,0x78c74,Cruise Control - Set Speed - Condition Threshold,0x00FF,0x4400,-17153
60E1D400__vs__60E15120_N3J1E,0x78c78,Secondary Air Pump On Time Y Axis,0xC1A0,0x3E80,33568
60E1D400__vs__60E15120_N3J1E,0x78c94,Secondary Air Pump On Time,0x0000,0x43AF,-17327
60E1D400__vs__60E15120_N3J1E,0x78cc0,Auxillary Valve Close,0x45BE,0x42A0,798
60E1D400__vs__60E15120_N3J1E,0x78d9c,Max Load - Intake Temperature Compensation Y Axis,0xC220,0x42E6,32570
60E1D400__vs__60E15120_N3J1E,0x78dc0,Max Load - Intake Temperature Compensation,0x031B,0x41F0,-16085
60E1D400__vs__60E15120_N3J1E,0x78dd4,Engine Torque Max - Barometric Pressure Compensation Y Axis,0x4220,0x428E,-110
60E1D400__vs__60E15120_N3J1E,0x78df8,Engine Torque Max - Barometric Pressure Compensation,0x09E4,0x451C,-15160
60E1D400__vs__60E15120_N3J1E,0x78edc,Minimum Oil Injection Amount Y Axis,0x0000,0x090A,-2314
60E1D400__vs__60E15120_N3J1E,0x78f00,Minimum Oil Injection Amount,0x3C1E,0x100E,11280
60E1D400__vs__60E15120_N3J1E,0x78f0c,Intake Air Temperature Based Oil Injection Amount Y Axis,0x41F0,0x0313,16093
60E1D400__vs__60E15120_N3J1E,0x78f24,Intake Air Temperature Based Oil Injection Amount,0x1616,0x1013,1539
60E1D400__vs__60E15120_N3J1E,0x78f2c,Manifold Pressure Based Oil Injection Amount Y Axis,0x41F0,0x1523,11469
60E1D400__vs__60E15120_N3J1E,0x78f44,Manifold Pressure Based Oil Injection Amount,0x6464,0x3103,13153
60E1D400__vs__60E15120_N3J1E,0x78f4c,Unknown - Zero Table vs Coolant Temp Y Axis,0xC1A0,0x1415,44427
60E1D400__vs__60E15120_N3J1E,0x78f78,Unknown - Zero Table vs Coolant Temp,0x0000,0x1E2B,-7723
60E1D400__vs__60E15120_N3J1E,0x78f84,Load Based Oil Injection Temperature Correction Y Axis,0x42B4,0x1515,11679
60E1D400__vs__60E15120_N3J1E,0x78f90,Load Based Oil Injection Temperature Correction,0x03E9,0x3B03,-14106
60E1D400__vs__60E15120_N3J1E,0x78f98,First Start Oil Injection Timer Y Axis,0x41F0,0x161A,11222
60E1D400__vs__60E15120_N3J1E,0x78fb0,First Start Oil Injection Timer,0x0000,0x1E25,-7717
60E1D400__vs__60E15120_N3J1E,0x78fbc,Unknown - Dual-Level Table vs Axis Y Axis,0x0000,0x4434,-17460
60E1D400__vs__60E15120_N3J1E,0x78fd4,Unknown - Dual-Level Table vs Axis,0x4100,0x455A,-1114
60E1D400__vs__60E15120_N3J1E,0x78fec,Exhaust Port - Duty Step vs Index Y Axis,0x0000,0x45CB,-17867
60E1D400__vs__60E15120_N3J1E,0x79004,Exhaust Port - Duty Step vs Index,0x0000,0x4270,-17008
60E1D400__vs__60E15120_N3J1E,0x7901c,Unknown - Table vs Axis Y Axis,0x40A0,0x0000,16544
60E1D400__vs__60E15120_N3J1E,0x79028,Unknown - Table vs Axis,0x4120,0x1313,11789
60E1D400__vs__60E15120_N3J1E,0x79034,Oil Metering By Load X Axis,0x442F,0x242E,8193
60E1D400__vs__60E15120_N3J1E,0x79080,Oil Metering By Load Y Axis,0x3D80,0x3F20,-416
60E1D400__vs__60E15120_N3J1E,0x790c4,Oil Metering By Load,0x0303,0x4220,-16157
60E1D400__vs__60E15120_N3J1E,0x79208,Oil Metering By Throttle X Axis,0x442F,0x42B4,379
60E1D400__vs__60E15120_N3J1E,0x79254,Oil Metering By Throttle Y Axis,0x4270,0x4220,80
60E1D400__vs__60E15120_N3J1E,0x79264,Oil Metering By Throttle,0x0000,0x42A0,-17056
60E1D400__vs__60E15120_N3J1E,0x792b0,Barometric Pressure Based Oil Injection Amount X Axis,0x44BB,0x41F0,715
60E1D400__vs__60E15120_N3J1E,0x792c8,Barometric Pressure Based Oil Injection Amount Y Axis,0x42AA,0x42B4,-10
60E1D400__vs__60E15120_N3J1E,0x792dc,Barometric Pressure Based Oil Injection Amount,0x2828,0x4270,-6728
60E1D400__vs__60E15120_N3J1E,0x7930c,Fuel Injection - Warmup Fueling - Load Based Multiplier Y Axis,0x3E00,0x0000,15872
60E1D400__vs__60E15120_N3J1E,0x79334,Fuel Injection - Warmup Fueling - Load Based Multiplier,0x4040,0x1A33,9741
60E1D400__vs__60E15120_N3J1E,0x79340,Fuel Injection - Warmup Fueling X Axis,0xC220,0x0000,49696
60E1D400__vs__60E15120_N3J1E,0x79380,Fuel Injection - Warmup Fueling Y Axis,0xC1A0,0x4270,32560
60E1D400__vs__60E15120_N3J1E,0x7938c,Fuel Injection - Warmup Fueling,0x4B41,0x2626,9499
60E1D400__vs__60E15120_N3J1E,0x793bc,Fuel Injection - Warmup Fueling - Engine Speed Based X Axis,0x447A,0x2626,7764
60E1D400__vs__60E15120_N3J1E,0x793d0,Fuel Injection - Warmup Fueling - Engine Speed Based Y Axis,0x40A0,0x403D,99
60E1D400__vs__60E15120_N3J1E,0x793e4,Fuel Injection - Warmup Fueling - Engine Speed Based,0x1216,0x4371,-12635
60E1D400__vs__60E15120_N3J1E,0x79400,Fuel Injection - Warmup Fueling - Engine Speed Based (Coolant Temp Fault) X Axis,0x43FA,0x0000,17402
60E1D400__vs__60E15120_N3J1E,0x7941c,Fuel Injection - Warmup Fueling - Engine Speed Based (Coolant Temp Fault) Y Axis,0xC220,0x41C8,32856
60E1D400__vs__60E15120_N3J1E,0x79434,Fuel Injection - Warmup Fueling - Engine Speed Based (Coolant Temp Fault),0x0A0A,0x0000,2570
60E1D400__vs__60E15120_N3J1E,0x79470,(Unknown - extensive_fpu_div_multi_calc) Y Axis,0xC220,0x0000,49696
60E1D400__vs__60E15120_N3J1E,0x794b0,(Unknown - extensive_fpu_div_multi_calc),0x001E,0x3B30,-15122
60E1D400__vs__60E15120_N3J1E,0x794d0,(Unknown - extensive_fpu_div_multi_calc) 2 Y Axis,0xC220,0x3A51,34767
60E1D400__vs__60E15120_N3J1E,0x79510,(Unknown - extensive_fpu_div_multi_calc) 2,0x0014,0x41A0,-16780
60E1D400__vs__60E15120_N3J1E,0x79530,(Unknown - fpu_div_conditional_calc) X Axis,0xC220,0x2828,39416
60E1D400__vs__60E15120_N3J1E,0x79570,(Unknown - fpu_div_conditional_calc) Y Axis,0x4220,0x3F6C,692
60E1D400__vs__60E15120_N3J1E,0x79584,(Unknown - fpu_div_conditional_calc),0x0000,0x70F6,-28918
60E1D400__vs__60E15120_N3J1E,0x795d4,(Unknown - fpu_div_conditional_calc) 2 X Axis,0xC1A0,0x3B7F,34337
60E1D400__vs__60E15120_N3J1E,0x79614,(Unknown - fpu_div_conditional_calc) 2 Y Axis,0x4220,0x4616,-1014
60E1D400__vs__60E15120_N3J1E,0x79628,(Unknown - fpu_div_conditional_calc) 2,0x2626,0x451C,-7926
60E1D400__vs__60E15120_N3J1E,0x796bc,(Unknown - extensive_fpu_threshold_calc) Y Axis,0xC180,0x447A,32006
60E1D400__vs__60E15120_N3J1E,0x796e8,(Unknown - extensive_fpu_threshold_calc),0x9682,0x4599,20713
60E1D400__vs__60E15120_N3J1E,0x796f4,(Unknown - extensive_fpu_threshold_calc) 2 Y Axis,0xC180,0x6C6C,21780
60E1D400__vs__60E15120_N3J1E,0x79728,(Unknown - extensive_fpu_threshold_calc) 2,0x07F8,0x4086,-14478
60E1D400__vs__60E15120_N3J1E,0x79770,Secondary Fuel Blend Transition RPM Y Axis,0xC220,0x3F00,33568
60E1D400__vs__60E15120_N3J1E,0x79790,Secondary Fuel Blend Transition RPM,0x7D64,0x2814,21840
60E1D400__vs__60E15120_N3J1E,0x79798,Ignition Leading - Cranking Timing Advance Y Axis,0xC1A0,0x3E00,33696
60E1D400__vs__60E15120_N3J1E,0x797c8,Ignition Leading - Cranking Timing Advance,0x3232,0x1414,7710
60E1D400__vs__60E15120_N3J1E,0x797d4,Rotor A/B Fuel Pulse Width Limiter Y Axis,0x0000,0x3EC0,-16064
60E1D400__vs__60E15120_N3J1E,0x79814,Rotor A/B Fuel Pulse Width Limiter,0x6D0A,0x4270,10906
60E1D400__vs__60E15120_N3J1E,0x798a4,Secondary Injectors Enable Temperature Y Axis,0x44FA,0xBDC0,-30918
60E1D400__vs__60E15120_N3J1E,0x798b8,Secondary Injectors Enable Temperature,0x6C6C,0x1964,21256
60E1D400__vs__60E15120_N3J1E,0x798c0,Secondary Injectors Disable Temperature Y Axis,0x44FA,0x0FA0,13658
60E1D400__vs__60E15120_N3J1E,0x798d0,Secondary Injectors Disable Temperature,0x6C76,0xBED0,-21082
60E1D400__vs__60E15120_N3J1E,0x798d4,Knock Retard Max - Knock Sensor Faulted Y Axis,0x44FA,0xBEC0,-31174
60E1D400__vs__60E15120_N3J1E,0x798e8,Knock Retard Max - Knock Sensor Faulted,0x6C6C,0xBE60,-20980
60E1D400__vs__60E15120_N3J1E,0x798f0,Rotor A/B Fuel Trim Y Axis,0x44FA,0xBE20,-31014
60E1D400__vs__60E15120_N3J1E,0x79920,Rotor A/B Fuel Trim,0x6C6C,0x0187,27365
60E1D400__vs__60E15120_N3J1E,0x7992c,Rotor A/B Fuel Trim 2 Y Axis,0x44FA,0x44BB,63
60E1D400__vs__60E15120_N3J1E,0x7995c,Rotor A/B Fuel Trim 2,0x8080,0x4220,15968
60E1D400__vs__60E15120_N3J1E,0x79980,Deceleration Fuel Cutoff Rate Y Axis,0x3E00,0x059A,14438
60E1D400__vs__60E15120_N3J1E,0x799a0,Deceleration Fuel Cutoff Rate,0x0014,0x04CD,-1209
60E1D400__vs__60E15120_N3J1E,0x799a8,Deceleration Fuel Cutoff Recovery Y Axis,0xBDC0,0x0400,47552
60E1D400__vs__60E15120_N3J1E,0x799b8,Deceleration Fuel Cutoff Recovery,0x1D4C,0x04CD,6271
60E1D400__vs__60E15120_N3J1E,0x799c0,Fuel Pressure Regulator Duty Low Y Axis,0xBED0,0x0241,48271
60E1D400__vs__60E15120_N3J1E,0x799f8,Fuel Pressure Regulator Duty Low,0x2710,0x0133,9693
60E1D400__vs__60E15120_N3J1E,0x79a14,Fuel Pressure Regulator Duty High Y Axis,0xBED0,0x44BB,31253
60E1D400__vs__60E15120_N3J1E,0x79a1c,Fuel Pressure Regulator Duty High,0x13D6,0x451C,-12614
60E1D400__vs__60E15120_N3J1E,0x79a20,Fuel Pressure Regulator (3D) X Axis,0x43FA,0x453B,-321
60E1D400__vs__60E15120_N3J1E,0x79a38,Fuel Pressure Regulator (3D) Y Axis,0xC220,0xC1A0,128
60E1D400__vs__60E15120_N3J1E,0x79a54,Fuel Pressure Regulator (3D),0x059A,0x1366,-3532
60E1D400__vs__60E15120_N3J1E,0x79aa8,Fuel Pressure Regulator Compensation (3D) X Axis,0x44BB,0x0511,16298
60E1D400__vs__60E15120_N3J1E,0x79ab8,Fuel Pressure Regulator Compensation (3D) Y Axis,0xC220,0x0166,49338
60E1D400__vs__60E15120_N3J1E,0x79ad4,Fuel Pressure Regulator Compensation (3D),0x1366,0x0066,4864
60E1D400__vs__60E15120_N3J1E,0x79b0c,Fuel Pressure Regulator Compensation 2 (3D) X Axis,0x44BB,0x455A,-159
60E1D400__vs__60E15120_N3J1E,0x79b2c,Fuel Pressure Regulator Compensation 2 (3D) Y Axis,0xC220,0x4220,32768
60E1D400__vs__60E15120_N3J1E,0x79b48,Fuel Pressure Regulator Compensation 2 (3D),0x1E00,0x0C00,4608
60E1D400__vs__60E15120_N3J1E,0x79bf0,(Unknown - fpu_calc_with_state_routing) Y Axis,0x3E00,0xBC57,-32343
60E1D400__vs__60E15120_N3J1E,0x79c18,(Unknown - fpu_calc_with_state_routing),0x8C3C,0x4220,18972
60E1D400__vs__60E15120_N3J1E,0x79c24,(Unknown - state_dispatch_with_interpolate) Y Axis,0x0000,0x42C8,-17096
60E1D400__vs__60E15120_N3J1E,0x79c48,(Unknown - state_dispatch_with_interpolate),0x1E32,0x3F60,-8494
60E1D400__vs__60E15120_N3J1E,0x79c54,Get Engine Startup Enrich Value (Map) Y Axis,0xC220,0x3FA0,33408
60E1D400__vs__60E15120_N3J1E,0x79c74,Get Engine Startup Enrich Value (Map),0x503C,0x4580,2748
60E1D400__vs__60E15120_N3J1E,0x79c7c,(Unknown - fpu_calc_with_state_routing) 2 Y Axis,0x0000,0x45C0,-17856
60E1D400__vs__60E15120_N3J1E,0x79cb4,(Unknown - fpu_calc_with_state_routing) 2,0x0000,0x3F90,-16272
60E1D400__vs__60E15120_N3J1E,0x79cd0,(Unknown - fpu_calc_conditional_branch) Y Axis,0x0000,0x3EC0,-16064
60E1D400__vs__60E15120_N3J1E,0x79d08,(Unknown - fpu_calc_conditional_branch),0x0000,0x41A0,-16800
60E1D400__vs__60E15120_N3J1E,0x79d78,(Unknown - fpu_calc_with_state_routing) 3 X Axis,0x43FA,0x0000,17402
60E1D400__vs__60E15120_N3J1E,0x79d90,(Unknown - fpu_calc_with_state_routing) 3 Y Axis,0xC220,0x3E40,33760
60E1D400__vs__60E15120_N3J1E,0x79dac,(Unknown - fpu_calc_with_state_routing) 3,0x147B,0x3ED0,-10837
60E1D400__vs__60E15120_N3J1E,0x79e00,(Unknown - fpu_calc_with_state_routing) 4 X Axis,0x447A,0x3ED0,1450
60E1D400__vs__60E15120_N3J1E,0x79e14,(Unknown - fpu_calc_with_state_routing) 4 Y Axis,0x40A0,0x06D6,14794
60E1D400__vs__60E15120_N3J1E,0x79e30,(Unknown - fpu_calc_with_state_routing) 4,0x278D,0x451C,-7567
60E1D400__vs__60E15120_N3J1E,0x79e78,(Unknown - fpu_calc_conditional_branch) 2 X Axis,0x43FA,0x11AA,12880
60E1D400__vs__60E15120_N3J1E,0x79e90,(Unknown - fpu_calc_conditional_branch) 2 Y Axis,0xC220,0x0AE1,46911
60E1D400__vs__60E15120_N3J1E,0x79eac,(Unknown - fpu_calc_conditional_branch) 2,0x72D9,0x44BB,11806
60E1D400__vs__60E15120_N3J1E,0x79f00,(Unknown - fpu_calc_conditional_branch) 3 X Axis,0x447A,0x187B,11263
60E1D400__vs__60E15120_N3J1E,0x79f14,(Unknown - fpu_calc_conditional_branch) 3 Y Axis,0x40A0,0x0600,15008
60E1D400__vs__60E15120_N3J1E,0x79f2c,(Unknown - fpu_calc_conditional_branch) 3,0xA82E,0x44FA,25396
60E1D400__vs__60E15120_N3J1E,0x79f68,(Unknown - fpu_calc_with_state_transition) 2 X Axis,0x447A,0x6C38,-10174
60E1D400__vs__60E15120_N3J1E,0x79f7c,(Unknown - fpu_calc_with_state_transition) 2 Y Axis,0x40A0,0x4FF5,-3925
60E1D400__vs__60E15120_N3J1E,0x79f94,(Unknown - fpu_calc_with_state_transition) 2,0x605B,0x0D9A,21185
60E1D400__vs__60E15120_N3J1E,0x7a028,RPM Based Max Engine Load Y Axis,0x43FA,0x4170,650
60E1D400__vs__60E15120_N3J1E,0x7a070,RPM Based Max Engine Load,0x5852,0x0000,22610
60E1D400__vs__60E15120_N3J1E,0x7a094,(Unknown - fpu_pair_accumulate_calc) Y Axis,0xC220,0xC120,256
60E1D400__vs__60E15120_N3J1E,0x7a0b4,(Unknown - fpu_pair_accumulate_calc),0xA3CC,0x3CA3,26409
60E1D400__vs__60E15120_N3J1E,0x7a0c4,Max Load - Barometric Pressure Compensation Y Axis,0x4256,0x3CA3,1459
60E1D400__vs__60E15120_N3J1E,0x7a0e4,Max Load - Barometric Pressure Compensation,0x4400,0x451C,-284
60E1D400__vs__60E15120_N3J1E,0x7a0f4,(Unknown - extensive_fpu_conditional_threshold_calc) Y Axis,0x447A,0x458C,-274
60E1D400__vs__60E15120_N3J1E,0x7a118,(Unknown - extensive_fpu_conditional_threshold_calc),0x6B85,0x5852,4915
60E1D400__vs__60E15120_N3J1E,0x7a12c,(Unknown - extensive_fpu_conditional_threshold_calc) 2 Y Axis,0x447A,0x7C29,-14255
60E1D400__vs__60E15120_N3J1E,0x7a150,(Unknown - extensive_fpu_conditional_threshold_calc) 2,0x947B,0x4270,21003
60E1D400__vs__60E15120_N3J1E,0x7a230,Knock Voltage To Magnitude Y Axis,0x3C20,0x4100,-1248
60E1D400__vs__60E15120_N3J1E,0x7a318,Knock Voltage To Magnitude,0x000A,0x3F8C,-16258
60E1D400__vs__60E15120_N3J1E,0x7a354,Knock Related 1 Y Axis,0x43FA,0x3336,4292
60E1D400__vs__60E15120_N3J1E,0x7a38c,Knock Related 1,0x00F3,0x0AFF,-2572
60E1D400__vs__60E15120_N3J1E,0x7a3a8,Knock Related 2 Y Axis,0x43FA,0x455A,-352
60E1D400__vs__60E15120_N3J1E,0x7a3e0,Knock Related 2,0x00E0,0x007A,102
60E1D400__vs__60E15120_N3J1E,0x7a3fc,Knock Related Y Axis,0x4448,0x451C,-212
60E1D400__vs__60E15120_N3J1E,0x7a400,Knock Related,0x4100,0x453B,-1083
60E1D400__vs__60E15120_N3J1E,0x7a404,Knock Related 3 Y Axis,0x43FA,0x455A,-352
60E1D400__vs__60E15120_N3J1E,0x7a408,Knock Related 3,0x4180,0x457A,-1018
60E1D400__vs__60E15120_N3J1E,0x7a40c,Knock Rel #4 X Axis,0x3F10,0x458C,-1660
60E1D400__vs__60E15120_N3J1E,0x7a424,Knock Rel #4 Y Axis,0x43FA,0x00E0,17178
60E1D400__vs__60E15120_N3J1E,0x7a450,Knock Rel #4,0x2C32,0x43FA,-6088
60E1D400__vs__60E15120_N3J1E,0x7a494,Knock Rel #0 X Axis,0x3F10,0x3F80,-112
60E1D400__vs__60E15120_N3J1E,0x7a4ac,Knock Rel #0 Y Axis,0x43FA,0x447A,-128
60E1D400__vs__60E15120_N3J1E,0x7a4d8,Knock Rel #0,0x2E32,0x2C2C,518
60E1D400__vs__60E15120_N3J1E,0x7a538,(Unknown - extensive_fpu_multi_calc_selector) Y Axis,0x0000,0x3838,-14392
60E1D400__vs__60E15120_N3J1E,0x7a554,(Unknown - extensive_fpu_multi_calc_selector),0x501E,0x3C3C,5090
60E1D400__vs__60E15120_N3J1E,0x7a55c,(Unknown - extensive_fpu_multi_calc_selector) 2 Y Axis,0x43E1,0x3838,2985
60E1D400__vs__60E15120_N3J1E,0x7a58c,(Unknown - extensive_fpu_multi_calc_selector) 2,0x0062,0x3737,-14037
60E1D400__vs__60E15120_N3J1E,0x7a5a4,VDI Open,0x45E2,0x3737,3755
60E1D400__vs__60E15120_N3J1E,0x7a600,Airflow Or Load Related Y Axis,0x3E80,0x3F70,-240
60E1D400__vs__60E15120_N3J1E,0x7a628,Airflow Or Load Related,0x04C0,0x451C,-16476
60E1D400__vs__60E15120_N3J1E,0x7a63c,MAF Related Y Axis,0x0000,0x459C,-17820
60E1D400__vs__60E15120_N3J1E,0x7a65c,MAF Related,0x001A,0x2E2E,-11796
60E1D400__vs__60E15120_N3J1E,0x7a66c,Fuel Injection Control Callback (Map) Y Axis,0xC170,0x3232,36670
60E1D400__vs__60E15120_N3J1E,0x7a698,Fuel Injection Control Callback (Map),0xFFFC,0x4242,48570
60E1D400__vs__60E15120_N3J1E,0x7a6b0,Fuel Injection Control Callback (Map) 2 Y Axis,0xC170,0x4848,31016
60E1D400__vs__60E15120_N3J1E,0x7a6dc,Fuel Injection Control Callback (Map) 2,0xFFFC,0x5050,44972
60E1D400__vs__60E15120_N3J1E,0x7a6f4,Fuel Injection Control Callback (Map) 3 Y Axis,0xC170,0x4E4E,29474
60E1D400__vs__60E15120_N3J1E,0x7a720,Fuel Injection Control Callback (Map) 3,0x024B,0x4B4B,-18688
60E1D400__vs__60E15120_N3J1E,0x7a738,Fuel Injection - Control Threshold vs Coolant Temp Y Axis,0xC170,0x3D80,33776
60E1D400__vs__60E15120_N3J1E,0x7a764,Fuel Injection - Control Threshold vs Coolant Temp,0xFFFF,0x428C,48499
60E1D400__vs__60E15120_N3J1E,0x7a77c,Fuel Injection - Calibration vs Coolant Temp Y Axis,0xC1A0,0x4140,32864
60E1D400__vs__60E15120_N3J1E,0x7a7a4,Fuel Injection - Calibration vs Coolant Temp,0x0CF8,0x4422,-14122
60E1D400__vs__60E15120_N3J1E,0x7a7c8,Dtc Snapshot Manager (Map) Y Axis,0x43FA,0x0062,17304
60E1D400__vs__60E15120_N3J1E,0x7a7f0,Dtc Snapshot Manager (Map),0x8080,0x01FF,32385
60E1D400__vs__60E15120_N3J1E,0x7a7fc,Compensated Barometric Pressure Y Axis,0x4257,0x4298,-65
60E1D400__vs__60E15120_N3J1E,0x7a80c,Compensated Barometric Pressure,0x4458,0x4220,568
60E1D400__vs__60E15120_N3J1E,0x7a810,(Unknown - motor_control_task) X Axis,0x43FA,0x453C,-322
60E1D400__vs__60E15120_N3J1E,0x7a828,(Unknown - motor_control_task) Y Axis,0x3E3A,0x4116,-732
60E1D400__vs__60E15120_N3J1E,0x7a838,(Unknown - motor_control_task),0x19DA,0x3E80,-9382
60E1D400__vs__60E15120_N3J1E,0x7a8b0,UDS - Protocol Threshold vs Coolant Temp Y Axis,0xC220,0x0000,49696
60E1D400__vs__60E15120_N3J1E,0x7a8cc,UDS - Protocol Threshold vs Coolant Temp,0x19A2,0x420C,-10346
60E1D400__vs__60E15120_N3J1E,0x7a8dc,Uds Protocol (Map) Y Axis,0xC220,0x059C,48260
60E1D400__vs__60E15120_N3J1E,0x7a8f8,Uds Protocol (Map),0x2332,0x40A0,-7534
60E1D400__vs__60E15120_N3J1E,0x7a930,Barometric Pressure Sensor Min Voltage,0x3E4C,0xC120,-33492
60E1D400__vs__60E15120_N3J1E,0x7a934,Barometric Pressure Sensor Max Voltage,0x4099,0xC0A0,-32775
60E1D400__vs__60E15120_N3J1E,0x7a9bc,Barometric Pressure Sensor Offset,0x3C95,0x0000,15509
60E1D400__vs__60E15120_N3J1E,0x7a9c0,Barometric Pressure Sensor Slope,0x41CA,0x4120,170
60E1D400__vs__60E15120_N3J1E,0x7a9d4,Off Throttle Leading Timing Realted Y Axis,0xC220,0x4270,32688
60E1D400__vs__60E15120_N3J1E,0x7a9f8,Off Throttle Leading Timing Realted,0x6E6E,0x3F8C,12002
60E1D400__vs__60E15120_N3J1E,0x7aa04,Ignition Trailing - Cranking Timing Advance Y Axis,0xC220,0x447A,32166
60E1D400__vs__60E15120_N3J1E,0x7aa28,Ignition Trailing - Cranking Timing Advance,0x6E6E,0x8080,-4626
60E1D400__vs__60E15120_N3J1E,0x7aa74,Sensor Processing (Map) X Axis,0x3E00,0x16A0,10080
60E1D400__vs__60E15120_N3J1E,0x7aa98,Sensor Processing (Map) Y Axis,0x43FA,0x1239,12737
60E1D400__vs__60E15120_N3J1E,0x7aabc,Sensor Processing (Map),0x0000,0x41F0,-16880
60E1D400__vs__60E15120_N3J1E,0x7ab10,Boost Pressure Feedback (Map) X Axis,0x3E00,0x03A9,14935
60E1D400__vs__60E15120_N3J1E,0x7ab34,Boost Pressure Feedback (Map) Y Axis,0x43FA,0x12E0,12570
60E1D400__vs__60E15120_N3J1E,0x7ab58,Boost Pressure Feedback (Map),0x001C,0x4099,-16509
60E1D400__vs__60E15120_N3J1E,0x7abfc,Fuel Calculation Callback (Map) X Axis,0x3E00,0x3F80,-384
60E1D400__vs__60E15120_N3J1E,0x7ac20,Fuel Calculation Callback (Map) Y Axis,0x43FA,0x4270,394
60E1D400__vs__60E15120_N3J1E,0x7ac44,Fuel Calculation Callback (Map),0x0000,0x0000,0
60E1D400__vs__60E15120_N3J1E,0x7ace8,Fuel Calculation Callback (Map) 2 X Axis,0x3E00,0x455A,-1882
60E1D400__vs__60E15120_N3J1E,0x7ad0c,Fuel Calculation Callback (Map) 2 Y Axis,0x43FA,0x0101,17145
60E1D400__vs__60E15120_N3J1E,0x7ad30,Fuel Calculation Callback (Map) 2,0x0000,0x0000,0
60E1D400__vs__60E15120_N3J1E,0x7add4,Throttle - Liftoff - Fuel Cut Trigger X Axis,0x3E00,0x0006,15866
60E1D400__vs__60E15120_N3J1E,0x7add8,Throttle - Liftoff - Fuel Cut Trigger Y Axis,0x43FA,0x000A,17392
60E1D400__vs__60E15120_N3J1E,0x7addc,Throttle - Liftoff - Fuel Cut Trigger,0x0000,0x0006,-6
60E1D400__vs__60E15120_N3J1E,0x7ade0,Throttle - Liftoff - Fuel Cut Release X Axis,0x3E00,0x0002,15870
60E1D400__vs__60E15120_N3J1E,0x7ade4,Throttle - Liftoff - Fuel Cut Release Y Axis,0x43FA,0x0001,17401
60E1D400__vs__60E15120_N3J1E,0x7ade8,Throttle - Liftoff - Fuel Cut Release,0x0000,0x0001,-1
60E1D400__vs__60E15120_N3J1E,0x7ae34,(Unknown - transmission_control) Y Axis,0x43FA,0x3E00,1530
60E1D400__vs__60E15120_N3J1E,0x7ae7c,(Unknown - transmission_control),0x1C1B,0x0000,7195
60E1D400__vs__60E15120_N3J1E,0x7ae90,State Machine - Scalar Threshold Y Axis,0x0000,0x0000,0
60E1D400__vs__60E15120_N3J1E,0x7ae94,State Machine - Scalar Threshold,0x3FA3,0x0000,16291
60E1D400__vs__60E15120_N3J1E,0x7ae98,Fuel Control - Scalar Threshold Y Axis,0x0000,0x0000,0
60E1D400__vs__60E15120_N3J1E,0x7ae9c,Fuel Control - Scalar Threshold,0x3F33,0x0000,16179
60E1D400__vs__60E15120_N3J1E,0x7af24,Injection Angle Related AFR Input Y Axis,0x0000,0x3E4C,-15948
60E1D400__vs__60E15120_N3J1E,0x7af48,Injection Angle Related AFR Input,0x323C,0x447A,-4670
60E1D400__vs__60E15120_N3J1E,0x7af54,Unknown Lambda Input Y Axis,0x3F33,0x451C,-1513
60E1D400__vs__60E15120_N3J1E,0x7af74,Unknown Lambda Input,0x0708,0x0000,1800
60E1D400__vs__60E15120_N3J1E,0x7af7c,(Unknown - fpu_accumulate_ch0) Y Axis,0x3F33,0x0000,16179
60E1D400__vs__60E15120_N3J1E,0x7af9c,(Unknown - fpu_accumulate_ch0),0x0708,0x0000,1800
60E1D400__vs__60E15120_N3J1E,0x7afa4,AirFlow Inj Angle Related Y Axis,0x0000,0x06B5,-1717
60E1D400__vs__60E15120_N3J1E,0x7b008,AirFlow Inj Angle Related,0x000A,0x0000,10
60E1D400__vs__60E15120_N3J1E,0x7b03c,(Unknown - fpu_control_calc) Y Axis,0xC220,0x0004,49692
60E1D400__vs__60E15120_N3J1E,0x7b05c,(Unknown - fpu_control_calc),0x00C3,0x3E6B,-15784
60E1D400__vs__60E15120_N3J1E,0x7b06c,(Unknown - fpu_accumulate_ch0) 2 Y Axis,0x0000,0x43FA,-17402
60E1D400__vs__60E15120_N3J1E,0x7b0d0,(Unknown - fpu_accumulate_ch0) 2,0x0005,0x0000,5
60E1D400__vs__60E15120_N3J1E,0x7b104,(Unknown - fpu_accumulate_ch0) 3 Y Axis,0x0000,0x4120,-16672
60E1D400__vs__60E15120_N3J1E,0x7b168,(Unknown - fpu_accumulate_ch0) 3,0x0005,0x3E40,-15931
60E1D400__vs__60E15120_N3J1E,0x7b19c,(Unknown - fpu_accumulate_ch0) 4 Y Axis,0xC220,0x3F8C,33428
60E1D400__vs__60E15120_N3J1E,0x7b1bc,(Unknown - fpu_accumulate_ch0) 4,0x00C3,0x3F66,-16035
60E1D400__vs__60E15120_N3J1E,0x7b1cc,(Unknown - fpu_accumulate_ch2) Y Axis,0x0000,0x3FA6,-16294
60E1D400__vs__60E15120_N3J1E,0x7b204,(Unknown - fpu_accumulate_ch2),0x0030,0x424C,-16924
60E1D400__vs__60E15120_N3J1E,0x7b220,(Unknown - fpu_accumulate_ch2) 2 Y Axis,0xC220,0x42AE,32626
60E1D400__vs__60E15120_N3J1E,0x7b240,(Unknown - fpu_accumulate_ch2) 2,0x03CF,0x000A,965
60E1D400__vs__60E15120_N3J1E,0x7b250,Injection Angle X Axis,0x43FA,0x0064,17302
60E1D400__vs__60E15120_N3J1E,0x7b298,Injection Angle Y Axis,0x3E00,0x00C3,15677
60E1D400__vs__60E15120_N3J1E,0x7b2b8,Injection Angle,0x0208,0x41CC,-16324
60E1D400__vs__60E15120_N3J1E,0x7b43c,Air Bleed Control (Map) Y Axis,0x3F00,0x0030,16080
60E1D400__vs__60E15120_N3J1E,0x7b464,Air Bleed Control (Map),0x5050,0x41A0,3760
60E1D400__vs__60E15120_N3J1E,0x7b470,Idle Correction Interpolation (Map) Y Axis,0x0000,0x42A0,-17056
60E1D400__vs__60E15120_N3J1E,0x7b4a0,Idle Correction Interpolation (Map),0x6464,0x455A,7946
60E1D400__vs__60E15120_N3J1E,0x7b4ac,Ignition Knock - RPM Knock Retard Y Axis,0x43FA,0x459C,-418
60E1D400__vs__60E15120_N3J1E,0x7b4d8,Ignition Knock - RPM Knock Retard,0x1414,0x3EC0,-10924
60E1D400__vs__60E15120_N3J1E,0x7b4e4,Air Filter Control (Map) Y Axis,0x43FA,0x3F40,1210
60E1D400__vs__60E15120_N3J1E,0x7b510,Air Filter Control (Map),0x000A,0x03AE,-932
60E1D400__vs__60E15120_N3J1E,0x7b51c,Fuel Correction Update (Map) Y Axis,0x3F80,0x02D2,15534
60E1D400__vs__60E15120_N3J1E,0x7b534,Fuel Correction Update (Map),0x1919,0x03AE,5483
60E1D400__vs__60E15120_N3J1E,0x7b53c,Exhaust Control (Map) Y Axis,0x3F80,0x0276,15626
60E1D400__vs__60E15120_N3J1E,0x7b554,Exhaust Control (Map),0x0309,0x0370,-103
60E1D400__vs__60E15120_N3J1E,0x7b55a,Air Bleed Control (Map) 2,0x72FA,0x03AE,28492
60E1D400__vs__60E15120_N3J1E,0x7b570,Exhaust Control (Map) 2 X Axis,0x0000,0x0379,-889
60E1D400__vs__60E15120_N3J1E,0x7b58c,Exhaust Control (Map) 2 Y Axis,0x0000,0x035E,-862
60E1D400__vs__60E15120_N3J1E,0x7b59c,Exhaust Control (Map) 2,0x1388,0x0380,4104
60E1D400__vs__60E15120_N3J1E,0x7b5d4,Exhaust Control (Map) 3 X Axis,0x0000,0x037A,-890
60E1D400__vs__60E15120_N3J1E,0x7b5f0,Exhaust Control (Map) 3 Y Axis,0x0000,0x02D4,-724
60E1D400__vs__60E15120_N3J1E,0x7b600,Exhaust Control (Map) 3,0x1388,0x038D,4091
60E1D400__vs__60E15120_N3J1E,0x7b638,Exhaust Control (Map) 4 X Axis,0x0000,0x3F80,-16256
60E1D400__vs__60E15120_N3J1E,0x7b654,Exhaust Control (Map) 4 Y Axis,0x0000,0x4248,-16968
60E1D400__vs__60E15120_N3J1E,0x7b664,Exhaust Control (Map) 4,0x1388,0xC1F0,-44648
60E1D400__vs__60E15120_N3J1E,0x7b69c,Exhaust Control (Map) 5 X Axis,0x0000,0x5050,-20560
60E1D400__vs__60E15120_N3J1E,0x7b6b8,Exhaust Control (Map) 5 Y Axis,0x0000,0x41A0,-16800
60E1D400__vs__60E15120_N3J1E,0x7b6c8,Exhaust Control (Map) 5,0x1388,0x4220,-11928
60E1D400__vs__60E15120_N3J1E,0x7b700,Ignition Advance - Interpolated Map X Axis,0x0000,0x457A,-17786
60E1D400__vs__60E15120_N3J1E,0x7b71c,Ignition Advance - Interpolated Map Y Axis,0x0000,0x43FA,-17402
60E1D400__vs__60E15120_N3J1E,0x7b72c,Ignition Advance - Interpolated Map,0x0000,0x451C,-17692
60E1D400__vs__60E15120_N3J1E,0x7b764,Fuel Pressure (Map) 8 X Axis,0x43FA,0x40A0,858
60E1D400__vs__60E15120_N3J1E,0x7b78c,Fuel Pressure (Map) 8 Y Axis,0x3F80,0x0309,15479
60E1D400__vs__60E15120_N3J1E,0x7b7ac,Fuel Pressure (Map) 8,0xA11A,0x3F80,24986
60E1D400__vs__60E15120_N3J1E,0x7b84c,Fuel Pressure (Map) 9 X Axis,0x43FA,0x1388,12402
60E1D400__vs__60E15120_N3J1E,0x7b894,Fuel Pressure (Map) 9,0x2831,0x4000,-6095
60E1D400__vs__60E15120_N3J1E,0x7b934,Fuel Pressure (Map) 10 X Axis,0x43FA,0x1388,12402
60E1D400__vs__60E15120_N3J1E,0x7b95c,Fuel Pressure (Map) 10 Y Axis,0x3F80,0x4000,-128
60E1D400__vs__60E15120_N3J1E,0x7b97c,Fuel Pressure (Map) 10,0x9E1D,0x0014,40457
60E1D400__vs__60E15120_N3J1E,0x7ba94,Knock Limit - Zero Table vs Axis Y Axis,0x0000,0x451C,-17692
60E1D400__vs__60E15120_N3J1E,0x7bab0,Knock Limit - Zero Table vs Axis,0x0000,0x4000,-16384
60E1D400__vs__60E15120_N3J1E,0x7bacc,Knock Limit - Factor vs Axis Y Axis,0x3DCC,0x2831,5531
60E1D400__vs__60E15120_N3J1E,0x7bae0,Knock Limit - Factor vs Axis,0x3F80,0x2831,5967
60E1D400__vs__60E15120_N3J1E,0x7baf4,Omp Fault Detect (Map) X Axis,0x3E00,0x374C,1716
60E1D400__vs__60E15120_N3J1E,0x7bb18,Omp Fault Detect (Map) Y Axis,0x43FA,0x13D7,12323
60E1D400__vs__60E15120_N3J1E,0x7bb3c,Omp Fault Detect (Map),0x0000,0x2375,-9077
60E1D400__vs__60E15120_N3J1E,0x7bb90,Ignition Knock - Retard Limit X Axis,0x3E00,0x459C,-1948
60E1D400__vs__60E15120_N3J1E,0x7bbb4,Ignition Knock - Retard Limit Y Axis,0x43FA,0x9E1D,-23075
60E1D400__vs__60E15120_N3J1E,0x7bbd8,Ignition Knock - Retard Limit,0x41C0,0xB614,-29780
60E1D400__vs__60E15120_N3J1E,0x7bd28,(Unknown - fpu_division_calc) X Axis,0x3E23,0x3F80,-349
60E1D400__vs__60E15120_N3J1E,0x7bd50,(Unknown - fpu_division_calc) Y Axis,0x4443,0x43FA,73
60E1D400__vs__60E15120_N3J1E,0x7bd94,(Unknown - fpu_division_calc),0x41AE,0x8080,-16082
60E1D400__vs__60E15120_N3J1E,0x7c050,Fuel Temperature Correction (Map) Y Axis,0x442F,0x41C0,623
60E1D400__vs__60E15120_N3J1E,0x7c084,Fuel Temperature Correction (Map),0x4343,0x4218,299
60E1D400__vs__60E15120_N3J1E,0x7c094,Fuel Flow Limiter (Map) X Axis,0x3E00,0x40E0,-736
60E1D400__vs__60E15120_N3J1E,0x7c0bc,Fuel Flow Limiter (Map) Y Axis,0x43FA,0x40B0,842
60E1D400__vs__60E15120_N3J1E,0x7c0dc,Fuel Flow Limiter (Map),0x0080,0x4213,-16787
60E1D400__vs__60E15120_N3J1E,0x7c184,Load Limit A Y Axis,0x4443,0x40C0,899
60E1D400__vs__60E15120_N3J1E,0x7c1b4,Load Limit A,0x3EB3,0x40C0,-525
60E1D400__vs__60E15120_N3J1E,0x7c1e4,Load Limit B Y Axis,0x4443,0x411C,807
60E1D400__vs__60E15120_N3J1E,0x7c214,Load Limit B,0x3F26,0x4170,-586
60E1D400__vs__60E15120_N3J1E,0x7c32c,Load Limit C Y Axis,0x43FA,0x457A,-384
60E1D400__vs__60E15120_N3J1E,0x7c354,Load Limit C,0x03E8,0x3E00,-14872
60E1D400__vs__60E15120_N3J1E,0x7c3b4,Misfire DTC - Threshold 1 vs Voltage Axis Y Axis,0x40B0,0x0060,16464
60E1D400__vs__60E15120_N3J1E,0x7c3c4,Misfire DTC - Threshold 1 vs Voltage Axis,0x007D,0x0056,39
60E1D400__vs__60E15120_N3J1E,0x7c3cc,Misfire DTC - Threshold 2 vs Voltage Axis Y Axis,0x40B0,0x006A,16454
60E1D400__vs__60E15120_N3J1E,0x7c3dc,Misfire DTC - Threshold 2 vs Voltage Axis,0x007D,0x003F,62
60E1D400__vs__60E15120_N3J1E,0x7c3e4,Misfire DTC - Threshold 3 vs Voltage Axis Y Axis,0x40C4,0x0049,16507
60E1D400__vs__60E15120_N3J1E,0x7c3f4,Misfire DTC - Threshold 3 vs Voltage Axis,0x4060,0x0017,16457
60E1D400__vs__60E15120_N3J1E,0x7c48c,(Unknown - ctrl_toggle) Y Axis,0x0000,0x0000,0
60E1D400__vs__60E15120_N3J1E,0x7c4b4,(Unknown - ctrl_toggle),0x0000,0x459C,-17820
60E1D400__vs__60E15120_N3J1E,0x7c4c0,(Unknown - ctrl_toggle) 2 Y Axis,0x0000,0x45EA,-17898
60E1D400__vs__60E15120_N3J1E,0x7c4f4,(Unknown - ctrl_toggle) 3 Y Axis,0x0000,0x0000,0
60E1D400__vs__60E15120_N3J1E,0x7c51c,(Unknown - ctrl_toggle) 3,0x7878,0x45DA,12958
60E1D400__vs__60E15120_N3J1E,0x7c528,Ctrl Toggle - Constant vs Axis Y Axis,0x0000,0x4604,-17924
60E1D400__vs__60E15120_N3J1E,0x7c550,Ctrl Toggle - Constant vs Axis,0x0001,0x3F19,-16152
60E1D400__vs__60E15120_N3J1E,0x7c564,Primary Fuel Injector Cranking Pulse Decay Time Y Axis,0xC220,0x451C,32004
60E1D400__vs__60E15120_N3J1E,0x7c588,Primary Fuel Injector Cranking Pulse Decay Time,0x0303,0x4604,-17153
60E1D400__vs__60E15120_N3J1E,0x7c5f8,PWM Duty - Constant vs Axis Y Axis,0x0000,0x45AF,-17839
60E1D400__vs__60E15120_N3J1E,0x7c61c,PWM Duty - Constant vs Axis,0x04E2,0x460F,-16685
60E1D400__vs__60E15120_N3J1E,0x7c664,Ctrl Cache - Correction 1 vs Axis Y Axis,0x469C,0x0302,17306
60E1D400__vs__60E15120_N3J1E,0x7c678,Ctrl Cache - Correction 1 vs Axis,0xBC23,0x0303,47392
60E1D400__vs__60E15120_N3J1E,0x7c68c,Ctrl Cache - Correction 2 vs Axis Y Axis,0x469C,0x0103,17817
60E1D400__vs__60E15120_N3J1E,0x7c6a0,Ctrl Cache - Correction 2 vs Axis,0x3C23,0x0271,14770
60E1D400__vs__60E15120_N3J1E,0x7c6bc,(Unknown - debug_output) Y Axis,0x3DCC,0x000C,15808
60E1D400__vs__60E15120_N3J1E,0x7c6d8,(Unknown - debug_output),0x1A1A,0x40C0,-9894
60E1D400__vs__60E15120_N3J1E,0x7c6e0,(Unknown - debug_output) 2 Y Axis,0x447A,0x42C8,434
60E1D400__vs__60E15120_N3J1E,0x7c708,(Unknown - debug_output) 2,0x9678,0x0304,37748
60E1D400__vs__60E15120_N3J1E,0x7c718,Datalog - Sample Rate vs RPM Y Axis,0x43FA,0x453B,-321
60E1D400__vs__60E15120_N3J1E,0x7c730,Datalog - Sample Rate vs RPM,0x0505,0x43FA,-16117
60E1D400__vs__60E15120_N3J1E,0x7c738,(Unknown - datalog_format) Y Axis,0x43FA,0x44FA,-256
60E1D400__vs__60E15120_N3J1E,0x7c750,(Unknown - datalog_format),0x051F,0x45FA,-16603
60E1D400__vs__60E15120_N3J1E,0x7c75c,(Unknown - datalog_write) Y Axis,0x0000,0x03E8,-1000
60E1D400__vs__60E15120_N3J1E,0x7c780,(Unknown - datalog_write),0x0000,0x4060,-16480
60E1D400__vs__60E15120_N3J1E,0x7c794,(Unknown - datalog_write) 2 X Axis,0xC220,0x0019,49671
60E1D400__vs__60E15120_N3J1E,0x7c7b8,(Unknown - datalog_write) 2 Y Axis,0x43FA,0x40B0,842
60E1D400__vs__60E15120_N3J1E,0x7c7d0,(Unknown - datalog_write) 2,0x1A1A,0x40B0,-9878
60E1D400__vs__60E15120_N3J1E,0x7c808,(Unknown - datalog_write) 3 X Axis,0xC220,0x0000,49696
60E1D400__vs__60E15120_N3J1E,0x7c82c,(Unknown - datalog_write) 3 Y Axis,0x43FA,0xC120,-32038
60E1D400__vs__60E15120_N3J1E,0x7c844,(Unknown - datalog_write) 3,0x1A1A,0x41A3,-10121
60E1D400__vs__60E15120_N3J1E,0x7c8b0,Datalog - Engine - Trace Level Table Y Axis,0xC220,0x4320,32512
60E1D400__vs__60E15120_N3J1E,0x7c8ec,Datalog - Engine - Trace Level Table,0x8080,0x0000,32896
60E1D400__vs__60E15120_N3J1E,0x7c8fc,Datalog - Battery - Voltage Correction Table Y Axis,0x40D0,0x41A0,-208
60E1D400__vs__60E15120_N3J1E,0x7c920,Datalog - Battery - Voltage Correction Table,0x9F96,0x7878,10014
60E1D400__vs__60E15120_N3J1E,0x7c92c,Datalog - Engine - Load Matrix X Axis,0x0000,0x0000,0
60E1D400__vs__60E15120_N3J1E,0x7c98c,Datalog - Engine - Load Matrix Y Axis,0x0000,0x0303,-771
60E1D400__vs__60E15120_N3J1E,0x7c9b4,Datalog - Engine - Load Matrix,0x0A0C,0x428C,-14464
60E1D400__vs__60E15120_N3J1E,0x7cad8,Ignition Dwell Time_ X Axis,0x447A,0x1A1A,10848
60E1D400__vs__60E15120_N3J1E,0x7cafc,Ignition Dwell Time_ Y Axis,0x40D0,0x453B,-1131
60E1D400__vs__60E15120_N3J1E,0x7cb20,Ignition Dwell Time_,0x0767,0xC1A0,-47673
60E1D400__vs__60E15120_N3J1E,0x7ccb4,Diag/Test - Zero Table 1 vs Index Y Axis,0x0000,0x0A0A,-2570
60E1D400__vs__60E15120_N3J1E,0x7cd04,Diag/Test - Zero Table 2 vs Index Y Axis,0x0000,0x41F0,-16880
60E1D400__vs__60E15120_N3J1E,0x7cd2c,Diag/Test - Zero Table 2 vs Index,0x0000,0x8080,-32896
60E1D400__vs__60E15120_N3J1E,0x7cd54,Diag/Test - Zero Table 3 vs Index Y Axis,0x0000,0x4184,-16772
60E1D400__vs__60E15120_N3J1E,0x7cd7c,Diag/Test - Zero Table 3 vs Index,0x0000,0x4015,-16405
60E1D400__vs__60E15120_N3J1E,0x7cda4,Diag/Test - Zero Table 4 vs Index Y Axis,0x0000,0x4254,-16980
60E1D400__vs__60E15120_N3J1E,0x7cdcc,Diag/Test - Zero Table 4 vs Index,0x0000,0x42EE,-17134
60E1D400__vs__60E15120_N3J1E,0x7cdf4,Diag/Test - Zero Table 5 vs Index Y Axis,0x0000,0x1B32,-6962
60E1D400__vs__60E15120_N3J1E,0x7ce1c,Diag/Test - Zero Table 5 vs Index,0x0000,0x0A0C,-2572
60E1D400__vs__60E15120_N3J1E,0x7ce44,Diag/Test - Zero Table 6 vs Index Y Axis,0x0000,0xEEFF,-61183
60E1D400__vs__60E15120_N3J1E,0x7ce6c,Diag/Test - Zero Table 6 vs Index,0x0000,0x1B32,-6962
60E1D400__vs__60E15120_N3J1E,0x7ce94,Diag/Test - Zero Table 7 vs Index Y Axis,0x0000,0x0A0C,-2572
60E1D400__vs__60E15120_N3J1E,0x7cebc,Diag/Test - Zero Table 7 vs Index,0x0000,0xEEFF,-61183
60E1D400__vs__60E15120_N3J1E,0x7cee4,Diag/Test - Zero Table 8 vs Index Y Axis,0x0000,0x3E4C,-15948
60E1D400__vs__60E15120_N3J1E,0x7cf0c,Diag/Test - Zero Table 8 vs Index,0x0000,0x3F7D,-16253
60E1D400__vs__60E15120_N3J1E,0x7cf34,Diag/Test - Zero Table 9 vs Index Y Axis,0x0000,0x40D0,-16592
60E1D400__vs__60E15120_N3J1E,0x7cf5c,Diag/Test - Zero Table 9 vs Index,0x0000,0x04A4,-1188
60E1D400__vs__60E15120_N3J1E,0x7cf84,Diag/Test - Zero Table 10 vs Index Y Axis,0x0000,0x02C8,-712
60E1D400__vs__60E15120_N3J1E,0x7cfac,Diag/Test - Zero Table 10 vs Index,0x0000,0x01FE,-510
60E1D400__vs__60E15120_N3J1E,0x7cfd4,Diag/Test - Zero Table 11 vs Index Y Axis,0x0000,0x018B,-395
60E1D400__vs__60E15120_N3J1E,0x7cffc,Diag/Test - Zero Table 11 vs Index,0x0000,0x00FF,-255
60E1D400__vs__60E15120_N3J1E,0x7d024,Diag/Test - Zero Table 12 vs Index Y Axis,0x0000,0x40A0,-16544
60E1D400__vs__60E15120_N3J1E,0x7d04c,Diag/Test - Zero Table 12 vs Index,0x0000,0xC220,-49696
60E1D400__vs__60E15120_N3J1E,0x7d074,Diag/Test - Zero Table 13 vs Index Y Axis,0x0000,0x3E3E,-15934
60E1D400__vs__60E15120_N3J1E,0x7d09c,Diag/Test - Zero Table 13 vs Index,0x0000,0x3FC0,-16320
60E1D400__vs__60E15120_N3J1E,0x7d0d0,Ignition Timing Monitor - Threshold vs Coolant Temp Y Axis,0x4120,0x0000,16672
60E1D400__vs__60E15120_N3J1E,0x7d0f4,Ignition Timing Monitor - Threshold vs Coolant Temp,0x110D,0x42A0,-12691
60E1D400__vs__60E15120_N3J1E,0x7d108,Oxygen Sensor Monitor (Map) X Axis,0x0000,0x4334,-17204
60E1D400__vs__60E15120_N3J1E,0x7d128,Oxygen Sensor Monitor (Map) Y Axis,0x0000,0x0000,0
60E1D400__vs__60E15120_N3J1E,0x7d150,Oxygen Sensor Monitor (Map),0x0100,0x430C,-16908
60E1D400__vs__60E15120_N3J1E,0x7d1a0,Oxygen Sensor Monitor (Map) 2 X Axis,0x0000,0x430C,-17164
60E1D400__vs__60E15120_N3J1E,0x7d1c0,Oxygen Sensor Monitor (Map) 2 Y Axis,0x0000,0x0000,0
60E1D400__vs__60E15120_N3J1E,0x7d1e8,Oxygen Sensor Monitor (Map) 2,0x0100,0x42C8,-16840
60E1D400__vs__60E15120_N3J1E,0x7d254,Diag Detector (Map) Y Axis,0x412A,0x0000,16682
60E1D400__vs__60E15120_N3J1E,0x7d274,Diag Detector (Map),0x8C6E,0x0000,35950
60E1D400__vs__60E15120_N3J1E,0x7d2bc,Coil Control (Map) Y Axis,0x4120,0x0000,16672
60E1D400__vs__60E15120_N3J1E,0x7d2e0,Coil Control (Map),0x1A1D,0x430C,-10479
60E1D400__vs__60E15120_N3J1E,0x7d2f4,Coil Control (Map) 2 Y Axis,0x4120,0x0000,16672
60E1D400__vs__60E15120_N3J1E,0x7d318,Coil Control (Map) 2,0x2330,0x0000,9008
60E1D400__vs__60E15120_N3J1E,0x7d32c,Coil Control (Map) 3 Y Axis,0x4120,0x42F0,-464
60E1D400__vs__60E15120_N3J1E,0x7d350,Coil Control (Map) 3,0x07BB,0x0000,1979
60E1D400__vs__60E15120_N3J1E,0x7d364,Coil Control (Map) 4 Y Axis,0x4120,0x0000,16672
60E1D400__vs__60E15120_N3J1E,0x7d388,Coil Control (Map) 4,0x0666,0x4334,-15566
60E1D400__vs__60E15120_N3J1E,0x7d39c,Coil Control (Map) 5 Y Axis,0x4120,0x0000,16672
60E1D400__vs__60E15120_N3J1E,0x7d3c0,Coil Control (Map) 5,0x1A1D,0x4270,-10323
60E1D400__vs__60E15120_N3J1E,0x7d3d4,Coil Control (Map) 6 Y Axis,0x4120,0x4320,-512
60E1D400__vs__60E15120_N3J1E,0x7d3f8,Coil Control (Map) 6,0x2330,0x0000,9008
60E1D400__vs__60E15120_N3J1E,0x7d40c,Coil Control (Map) 7 Y Axis,0x4120,0x4220,-256
60E1D400__vs__60E15120_N3J1E,0x7d430,Coil Control (Map) 7,0x07BB,0x0000,1979
60E1D400__vs__60E15120_N3J1E,0x7d444,Coil Control (Map) 8 Y Axis,0x4120,0x0000,16672
60E1D400__vs__60E15120_N3J1E,0x7d468,Coil Control (Map) 8,0x0666,0x42C8,-15458
60E1D400__vs__60E15120_N3J1E,0x7d47c,OBD Monitor - Threshold vs Coolant Temp Y Axis,0x4120,0x4348,-552
60E1D400__vs__60E15120_N3J1E,0x7d4a0,OBD Monitor - Threshold vs Coolant Temp,0x0A36,0x0000,2614
60E1D400__vs__60E15120_N3J1E,0x7d4b4,Coil Correction - Threshold vs Coolant Temp Y Axis,0x4120,0x42A0,-384
60E1D400__vs__60E15120_N3J1E,0x7d4d8,Coil Correction - Threshold vs Coolant Temp,0x0CE7,0x0000,3303
60E1D400__vs__60E15120_N3J1E,0x7d4ec,Coil Control (Map) 9 Y Axis,0x3B1B,0x0000,15131
60E1D400__vs__60E15120_N3J1E,0x7d52c,Coil Control (Map) 9,0x265C,0x0C35,6695
60E1D400__vs__60E15120_N3J1E,0x7d554,(Unknown - eeprom_manager) Y Axis,0x4120,0x40C0,96
60E1D400__vs__60E15120_N3J1E,0x7d578,(Unknown - eeprom_manager),0x6D73,0x40E0,11411
60E1D400__vs__60E15120_N3J1E,0x7d584,(Unknown - linear_interp_2d) Y Axis,0x3B1B,0x0100,14875
60E1D400__vs__60E15120_N3J1E,0x7d5c4,(Unknown - linear_interp_2d),0x265C,0x0100,9564
60E1D400__vs__60E15120_N3J1E,0x7d5e4,(Unknown - linear_interp_2d) 2 Y Axis,0x4120,0x4080,160
60E1D400__vs__60E15120_N3J1E,0x7d608,(Unknown - linear_interp_2d) 2,0x23CA,0x40A0,-7382
60E1D400__vs__60E15120_N3J1E,0x7d61c,(Unknown - linear_interp_2d) 3 Y Axis,0x4120,0x0100,16416
60E1D400__vs__60E15120_N3J1E,0x7d640,(Unknown - linear_interp_2d) 3,0x30A4,0x0100,12196
60E1D400__vs__60E15120_N3J1E,0x7d654,EEPROM - Calibration 1 vs Coolant Temp Y Axis,0x4120,0x0100,16416
60E1D400__vs__60E15120_N3J1E,0x7d678,EEPROM - Calibration 1 vs Coolant Temp,0x0813,0x0018,2043
60E1D400__vs__60E15120_N3J1E,0x7d68c,EEPROM - Calibration 2 vs Coolant Temp Y Axis,0x4120,0x4134,-20
60E1D400__vs__60E15120_N3J1E,0x7d6b0,EEPROM - Calibration 2 vs Coolant Temp,0x05F3,0x77C5,-29138
60E1D400__vs__60E15120_N3J1E,0x7d700,Diag Request (Map) Y Axis,0x43FA,0x4248,434
60E1D400__vs__60E15120_N3J1E,0x7d728,Diag Request (Map),0x001A,0x4120,-16646
60E1D400__vs__60E15120_N3J1E,0x7d74c,RTOS - Mutex Threshold vs Coolant Temp Y Axis,0x4120,0x2330,7664
60E1D400__vs__60E15120_N3J1E,0x7d770,RTOS - Mutex Threshold vs Coolant Temp,0x2727,0x4248,-6945
60E1D400__vs__60E15120_N3J1E,0x7d77c,(Unknown - queue_handler) Y Axis,0x412A,0x42A0,-374
60E1D400__vs__60E15120_N3J1E,0x7d79c,(Unknown - queue_handler),0x2ED9,0x41A0,-4807
60E1D400__vs__60E15120_N3J1E,0x7d7ac,(Unknown - queue_handler) 2 Y Axis,0x412A,0x4270,-326
60E1D400__vs__60E15120_N3J1E,0x7d7cc,(Unknown - queue_handler) 2,0x1333,0x0666,3277
60E1D400__vs__60E15120_N3J1E,0x7d7f8,(Unknown - isr_checker) Y Axis,0x4120,0x1A1D,9987
60E1D400__vs__60E15120_N3J1E,0x7d81c,(Unknown - isr_checker),0x4017,0x4270,-601
60E1D400__vs__60E15120_N3J1E,0x7d830,(Unknown - isr_checker) 2 Y Axis,0x4120,0x2330,7664
60E1D400__vs__60E15120_N3J1E,0x7d854,(Unknown - isr_checker) 2,0x28F6,0x4270,-6522
60E1D400__vs__60E15120_N3J1E,0x7d89c,LUT - Zero Table 1 vs Coolant Temp,0x0000,0x0666,-1638
60E1D400__vs__60E15120_N3J1E,0x7d8c0,LUT - Zero Table 2 vs Coolant Temp Y Axis,0x4120,0x4248,-296
60E1D400__vs__60E15120_N3J1E,0x7d8e4,LUT - Zero Table 2 vs Coolant Temp,0x0000,0x014F,-335
60E1D400__vs__60E15120_N3J1E,0x7d908,EEPROM - Ramp vs Coolant Temp Y Axis,0x4120,0x42B4,-404
60E1D400__vs__60E15120_N3J1E,0x7d92c,EEPROM - Ramp vs Coolant Temp,0x3D7A,0x3B87,499
60E1D400__vs__60E1B900,0x6cf6c,Barometric Pressure Sensor Max ADC Count,0xF5C2,0xFFFF,-2621
60E1D400__vs__60E1B900,0x6cf6e,Barometric Pressure Sensor Min ADC Count,0x0A3D,0xFFFF,-62914
60E1D400__vs__60E1B900,0x6cfa4,Fuel Injector - Unknown - Max Injection Angle1??? Y Axis,0x4448,0xFFFF,-48055
60E1D400__vs__60E1B900,0x6cfe4,Fuel Injector - Unknown - Max Injection Angle1???,0x3C3C,0xFFFF,-50115
60E1D400__vs__60E1B900,0x6cff4,Fuel Injector - Unknown - Max Injection Angle2??? Y Axis,0x4448,0xFFFF,-48055
60E1D400__vs__60E1B900,0x6d034,Fuel Injector - Unknown - Max Injection Angle2???,0x3C3C,0xFFFF,-50115
60E1D400__vs__60E1B900,0x6d044,Fuel Injector - Unknown - Max Injection Angle3??? Y Axis,0x4448,0xFFFF,-48055
60E1D400__vs__60E1B900,0x6d084,Fuel Injector - Unknown - Max Injection Angle3???,0x3C3C,0xFFFF,-50115
60E1D400__vs__60E1B900,0x6d0ec,Throttle Plate Something Fuel Cut (Map) Y Axis,0x0000,0xFFFF,-65535
60E1D400__vs__60E1B900,0x6d114,Throttle Plate Something Fuel Cut (Map),0x0000,0xFFFF,-65535
60E1D400__vs__60E1B900,0x6d120,Off Throttle Fuel Cut - Fuel Resume - Engine Startup Base Y Axis,0x0000,0xFFFF,-65535
60E1D400__vs__60E1B900,0x6d138,Off Throttle Fuel Cut - Fuel Resume - Engine Startup Base,0x2C2C,0xFFFF,-54227
60E1D400__vs__60E1B900,0x6d140,Engine Load Correction - Fuel Resume Threshold 1 vs RPM Y Axis,0x43FA,0xFFFF,-48133
60E1D400__vs__60E1B900,0x6d158,Engine Load Correction - Fuel Resume Threshold 1 vs RPM,0x1919,0xFFFF,-59110
60E1D400__vs__60E1B900,0x6d160,Engine Load Correction - Fuel Resume Threshold 2 vs RPM Y Axis,0x43FA,0xFFFF,-48133
60E1D400__vs__60E1B900,0x6d178,Engine Load Correction - Fuel Resume Threshold 2 vs RPM,0x0C0C,0xFFFF,-62451
60E1D400__vs__60E1B900,0x6d180,Engine Load Correction - Fuel Resume Threshold 3 vs RPM Y Axis,0x43FA,0xFFFF,-48133
60E1D400__vs__60E1B900,0x6d198,Engine Load Correction - Fuel Resume Threshold 3 vs RPM,0x0C0C,0xFFFF,-62451
60E1D400__vs__60E1B900,0x6d1a0,Idle Related Y Axis,0xC220,0xFFFF,-15839
60E1D400__vs__60E1B900,0x6d1e0,Idle Related,0x09C4,0xFFFF,-63035
60E1D400__vs__60E1B900,0x6d200,Engine Load Correction (Map) X Axis,0x449C,0xFFFF,-47971
60E1D400__vs__60E1B900,0x6d218,Engine Load Correction (Map) Y Axis,0x3F80,0xFFFF,-49279
60E1D400__vs__60E1B900,0x6d230,Engine Load Correction (Map),0x4B38,0xFFFF,-46279
60E1D400__vs__60E1B900,0x6d254,Off Throttle Fuel Cut - Fuel Resume - In Gear Threshold X Axis,0xC220,0xFFFF,-15839
60E1D400__vs__60E1B900,0x6d294,Off Throttle Fuel Cut - Fuel Resume - In Gear Threshold Y Axis,0x3F80,0xFFFF,-49279
60E1D400__vs__60E1B900,0x6d2ac,Off Throttle Fuel Cut - Fuel Resume - In Gear Threshold,0x5656,0xFFFF,-43433
60E1D400__vs__60E1B900,0x6d30c,Off Throttle Fuel Cut - Fuel Resume - NOTUSED X Axis,0xC220,0x0000,49696
60E1D400__vs__60E1B900,0x6d34c,Off Throttle Fuel Cut - Fuel Resume - NOTUSED Y Axis,0x3F80,0x3030,3920
60E1D400__vs__60E1B900,0x6d364,Off Throttle Fuel Cut - Fuel Resume - NOTUSED,0x0000,0xFFFF,-65535
60E1D400__vs__60E1B900,0x6d3c4,Throttle Plate Something Fuel Cut (Map) 2 X Axis,0xC220,0xFFFF,-15839
60E1D400__vs__60E1B900,0x6d404,Throttle Plate Something Fuel Cut (Map) 2 Y Axis,0x3F80,0x0AC0,13504
60E1D400__vs__60E1B900,0x6d41c,Throttle Plate Something Fuel Cut (Map) 2,0x0505,0xBF20,-47643
60E1D400__vs__60E1B900,0x6d47c,Throttle Plate Something Fuel Cut (Map) 3 X Axis,0xC220,0x3EF9,33575
60E1D400__vs__60E1B900,0x6d4bc,Throttle Plate Something Fuel Cut (Map) 3 Y Axis,0x3F80,0x4548,-1480
60E1D400__vs__60E1B900,0x6d4d4,Throttle Plate Something Fuel Cut (Map) 3,0x0505,0x45AF,-16554
60E1D400__vs__60E1B900,0x6d53c,Cold Rev Limit Threshold,0x41A0,0x3C3C,1380
60E1D400__vs__60E1B900,0x6d544,Cold Rev Limit,0x45AB,0x4448,355
60E1D400__vs__60E1B900,0x6d54c,Rev Limit,0x460C,0x44C8,324
60E1D400__vs__60E1B900,0x6d584,Ignition Maybe Idle Base Y Axis,0x442F,0x3C3C,2035
60E1D400__vs__60E1B900,0x6d59c,Ignition Maybe Idle Base,0x5A5A,0x0000,23130
60E1D400__vs__60E1B900,0x6d5a4,Ignition Temp Correction? Y Axis,0xC220,0x4170,32944
60E1D400__vs__60E1B900,0x6d5c8,Ignition Temp Correction?,0x6464,0x43FA,8298
60E1D400__vs__60E1B900,0x6d5d4,Ignition 2 Y Axis,0x442F,0x4348,231
60E1D400__vs__60E1B900,0x6d5ec,Ignition 2,0x7878,0x0000,30840
60E1D400__vs__60E1B900,0x6d5f4,Ignition Leading 0 Y Axis,0xC220,0x4496,32138
60E1D400__vs__60E1B900,0x6d618,Ignition Leading 0,0x6464,0x1616,20046
60E1D400__vs__60E1B900,0x6d624,Ignition Timing Lead X Axis,0x3D80,0x459C,-2076
60E1D400__vs__60E1B900,0x6d64c,Ignition Timing Lead Y Axis,0x4448,0x44FA,-178
60E1D400__vs__60E1B900,0x6d668,Ignition Timing Lead,0x6464,0x44BB,8105
60E1D400__vs__60E1B900,0x6d6b0,Ignition Leading 1 X Axis,0x3D80,0x0000,15744
60E1D400__vs__60E1B900,0x6d700,Ignition Leading 1 Y Axis,0x443B,0x449C,-97
60E1D400__vs__60E1B900,0x6d748,Ignition Leading 1,0x8484,0x3838,19532
60E1D400__vs__60E1B900,0x6d8b0,Ignition Leading Base - Safe Mode X Axis,0x3D80,0x0000,15744
60E1D400__vs__60E1B900,0x6d900,Ignition Leading Base - Safe Mode Y Axis,0x443B,0x42DC,351
60E1D400__vs__60E1B900,0x6d948,Ignition Leading Base - Safe Mode,0x8484,0x0A0A,31354
60E1D400__vs__60E1B900,0x6dab0,Ignition Leading Base X Axis,0x3D80,0x42C8,-1352
60E1D400__vs__60E1B900,0x6db00,Ignition Leading Base Y Axis,0x443B,0x42C8,371
60E1D400__vs__60E1B900,0x6db48,Ignition Leading Base,0x8484,0x44E1,16291
60E1D400__vs__60E1B900,0x6dcb0,Ignition Leading 4 X Axis,0x3D80,0xB4AD,-30509
60E1D400__vs__60E1B900,0x6dcd8,Ignition Leading 4 Y Axis,0x4448,0xB4B6,-28782
60E1D400__vs__60E1B900,0x6dcf4,Ignition Leading 4,0x7777,0x9C9A,-9507
60E1D400__vs__60E1B900,0x6dd3c,Ignition X Axis,0x3D80,0xACAC,-28460
60E1D400__vs__60E1B900,0x6dd8c,Ignition Y Axis,0x443B,0x3E00,1595
60E1D400__vs__60E1B900,0x6ddd4,Ignition,0x7A7A,0x6E6E,3084
60E1D400__vs__60E1B900,0x6df3c,Ignition 0 - Safe Mode X Axis,0x3D80,0x928D,-21773
60E1D400__vs__60E1B900,0x6df8c,Ignition 0 - Safe Mode Y Axis,0x443B,0x9A97,-22108
60E1D400__vs__60E1B900,0x6dfd4,Ignition 0 - Safe Mode,0x7A7A,0x9B9B,-8481
60E1D400__vs__60E1B900,0x6e13c,Ignition 1 X Axis,0x3D80,0x40E0,-864
60E1D400__vs__60E1B900,0x6e18c,Ignition 1 Y Axis,0x443B,0x0000,17467
60E1D400__vs__60E1B900,0x6e1d4,Ignition 1,0x7A7A,0x0000,31354
60E1D400__vs__60E1B900,0x6e33c,Ignition Leading 5 X Axis,0x44A2,0x444A,88
60E1D400__vs__60E1B900,0x6e34c,Ignition Leading 5 Y Axis,0x0000,0x444A,-17482
60E1D400__vs__60E1B900,0x6e358,Ignition Leading 5,0x40A0,0x42F0,-592
60E1D400__vs__60E1B900,0x6e388,Ignition Minimum Maybe X Axis,0x44A2,0x4270,562
60E1D400__vs__60E1B900,0x6e398,Ignition Minimum Maybe Y Axis,0x0000,0xC120,-49440
60E1D400__vs__60E1B900,0x6e3a4,Ignition Minimum Maybe,0x0000,0x41A0,-16800
60E1D400__vs__60E1B900,0x6e458,Ignition Leading/Trailing - On Throttle Coolant Temp Compensation X Axis,0x44A2,0x4316,396
60E1D400__vs__60E1B900,0x6e464,Ignition Leading/Trailing - On Throttle Coolant Temp Compensation Y Axis,0x4120,0x8312,-16882
60E1D400__vs__60E1B900,0x6e474,Ignition Leading/Trailing - On Throttle Coolant Temp Compensation,0x40E0,0x8000,-16160
60E1D400__vs__60E1B900,0x6e4a4,Knock Correction - Light Y Axis,0xC1A0,0x4248,32600
60E1D400__vs__60E1B900,0x6e4bc,Knock Correction - Light,0x0019,0x0003,22
60E1D400__vs__60E1B900,0x6e4c8,Knock Correction - Medium Y Axis,0xC1A0,0x0100,49312
60E1D400__vs__60E1B900,0x6e4e0,Knock Correction - Medium,0x001E,0x4270,-16978
60E1D400__vs__60E1B900,0x6e4ec,Knock Correction - Heavy Y Axis,0xC1A0,0x0672,47918
60E1D400__vs__60E1B900,0x6e504,Knock Correction - Heavy,0x0037,0x40A0,-16489
60E1D400__vs__60E1B900,0x6e510,Knock Detection Sensitivity Y Axis,0xC1A0,0x41C8,32728
60E1D400__vs__60E1B900,0x6e528,Knock Detection Sensitivity,0x003C,0x06A4,-1640
60E1D400__vs__60E1B900,0x6e534,Knock Retard Y Axis,0xC1A0,0x076C,47668
60E1D400__vs__60E1B900,0x6e54c,Knock Retard,0x0037,0x4120,-16617
60E1D400__vs__60E1B900,0x6e558,Knock Retard 2 Y Axis,0xC1A0,0x41C8,32728
60E1D400__vs__60E1B900,0x6e570,Knock Retard 2,0x003C,0x05DC,-1440
60E1D400__vs__60E1B900,0x6e57c,(Unknown - fpu_multiply_accumulate_filter) Y Axis,0x4416,0x06A4,15730
60E1D400__vs__60E1B900,0x6e5bc,(Unknown - fpu_multiply_accumulate_filter),0x00CB,0x01F4,-297
60E1D400__vs__60E1B900,0x6e6d4,Manifold Pressure Limiter (Map) Y Axis,0xC220,0x3F00,33568
60E1D400__vs__60E1B900,0x6e6f0,Manifold Pressure Limiter (Map),0xAFAF,0x80FF,11952
60E1D400__vs__60E1B900,0x6e6f8,Manifold Pressure Limiter (Map) 2 Y Axis,0xC120,0xC1A0,-128
60E1D400__vs__60E1B900,0x6e714,Manifold Pressure Limiter (Map) 2,0xFF5A,0x42C8,48274
60E1D400__vs__60E1B900,0x6e71c,Manifold Pressure Limiter (Map) 3 Y Axis,0xC220,0x0D0D,46355
60E1D400__vs__60E1B900,0x6e738,Manifold Pressure Limiter (Map) 3,0xFAFA,0x0000,64250
60E1D400__vs__60E1B900,0x6e740,Manifold Pressure Limiter (Map) 4 Y Axis,0xC220,0x4220,32768
60E1D400__vs__60E1B900,0x6e75c,Manifold Pressure Limiter (Map) 4,0x0000,0x4040,-16448
60E1D400__vs__60E1B900,0x6e764,Manifold Pressure Limiter (Map) 5 Y Axis,0xC220,0x3B03,34589
60E1D400__vs__60E1B900,0x6e780,Manifold Pressure Limiter (Map) 5,0xB6B6,0xC120,-2666
60E1D400__vs__60E1B900,0x6e788,Manifold Pressure Limiter (Map) 6 Y Axis,0xC220,0x0000,49696
60E1D400__vs__60E1B900,0x6e7a4,Manifold Pressure Limiter (Map) 6,0x3232,0x4270,-4158
60E1D400__vs__60E1B900,0x6e7ac,Manifold Pressure Limiter (Map) 7 Y Axis,0xC316,0x42C8,32846
60E1D400__vs__60E1B900,0x6e7f8,Manifold Pressure Limiter (Map) 7,0x8CCD,0x0000,36045
60E1D400__vs__60E1B900,0x6e820,Idle Target Filter Factor Y Axis,0xC3C8,0x42C8,33024
60E1D400__vs__60E1B900,0x6e84c,Idle Target Filter Factor,0x0100,0x01F4,-244
60E1D400__vs__60E1B900,0x6e864,Idle Target Y Axis,0xC220,0x0000,49696
60E1D400__vs__60E1B900,0x6e880,Idle Target,0x06A4,0x1611,-3949
60E1D400__vs__60E1B900,0x6e890,Idle Target 0 Y Axis,0xC1A0,0xC1A0,0
60E1D400__vs__60E1B900,0x6e8c0,Idle Target 0,0x06A4,0x0807,-355
60E1D400__vs__60E1B900,0x6e8d8,Idle Target 1 Y Axis,0xC1A0,0x00FF,49313
60E1D400__vs__60E1B900,0x6e908,Idle Target 1,0x05DC,0x450C,-16176
60E1D400__vs__60E1B900,0x6e920,Idle Target 2 Y Axis,0xC1A0,0x0000,49568
60E1D400__vs__60E1B900,0x6e950,Idle Target 2,0x01F4,0x5050,-20060
60E1D400__vs__60E1B900,0x6e968,Idle Target 3 Y Axis,0xC1A0,0x2D2D,38003
60E1D400__vs__60E1B900,0x6e998,Idle Target 3,0x0DAC,0x3D80,-12244
60E1D400__vs__60E1B900,0x6e9b0,Idle Target 4 Y Axis,0xC220,0x3EE0,33600
60E1D400__vs__60E1B900,0x6e9cc,Idle Target 4,0x06A4,0x3F60,-14524
60E1D400__vs__60E1B900,0x6e9dc,Idle Target 5 Y Axis,0xC220,0x3F90,33424
60E1D400__vs__60E1B900,0x6e9f8,Idle Target 5,0x03E8,0x451C,-16692
60E1D400__vs__60E1B900,0x6ea08,Idle Target 6 Y Axis,0x42F0,0x458C,-668
60E1D400__vs__60E1B900,0x6ea24,Idle Target 6,0x076C,0x45FA,-16014
60E1D400__vs__60E1B900,0x6ea34,Idle Target 7 Y Axis,0xC220,0x311E,37122
60E1D400__vs__60E1B900,0x6ea50,Idle Target 7,0x03E8,0x0000,1000
60E1D400__vs__60E1B900,0x6ea60,(Unknown - load_bias_table_interpolator) X Axis,0xC220,0x231E,40706
60E1D400__vs__60E1B900,0x6ea7c,(Unknown - load_bias_table_interpolator) Y Axis,0x4270,0x1C1C,9812
60E1D400__vs__60E1B900,0x6ea88,(Unknown - load_bias_table_interpolator),0x3B3B,0x322E,2317
60E1D400__vs__60E1B900,0x6ead4,Fuel Pressure (Map) Y Axis,0xC220,0x564C,27604
60E1D400__vs__60E1B900,0x6eaf8,Fuel Pressure (Map),0x0000,0x4747,-18247
60E1D400__vs__60E1B900,0x6eb04,Fuel Pressure (Map) 2 Y Axis,0xC220,0x2A1D,38915
60E1D400__vs__60E1B900,0x6eb28,Fuel Pressure (Map) 2,0x8080,0x302F,20561
60E1D400__vs__60E1B900,0x6eb34,Fuel Pressure (Map) 3 Y Axis,0xC220,0x4F4F,29393
60E1D400__vs__60E1B900,0x6eb58,Fuel Pressure (Map) 3,0x1E1E,0x3C3C,-7710
60E1D400__vs__60E1B900,0x6eb64,Fuel Pressure (Map) 4 Y Axis,0x0000,0x4549,-17737
60E1D400__vs__60E1B900,0x6eb88,Fuel Pressure (Map) 4,0x0000,0x5F5F,-24415
60E1D400__vs__60E1B900,0x6eb94,Fuel Pressure (Map) 5 Y Axis,0x43FA,0x5050,-3158
60E1D400__vs__60E1B900,0x6eba8,Fuel Pressure (Map) 5,0x7272,0x3EA0,13266
60E1D400__vs__60E1B900,0x6ebb0,Fuel Pressure (Map) 6 Y Axis,0xC1A0,0x3EE0,33472
60E1D400__vs__60E1B900,0x6ebc8,Fuel Pressure (Map) 6,0x1E1E,0x3F50,-8498
60E1D400__vs__60E1B900,0x6ebd0,Fuel Pressure (Map) 7 Y Axis,0xC248,0x3F70,33496
60E1D400__vs__60E1B900,0x6ec08,Fuel Pressure (Map) 7,0x1D1D,0x458C,-10351
60E1D400__vs__60E1B900,0x6ec34,Fuel Controller (Map) Y Axis,0xC1F0,0x6237,24505
60E1D400__vs__60E1B900,0x6ec44,Fuel Controller (Map),0x0000,0x8989,-35209
60E1D400__vs__60E1B900,0x6ec4c,Fuel Controller (Map) 2 Y Axis,0xC220,0x1000,45600
60E1D400__vs__60E1B900,0x6ec70,Fuel Controller (Map) 2,0x04E2,0x865B,-33145
60E1D400__vs__60E1B900,0x6ec84,Fuel Controller (Map) 3 Y Axis,0xC220,0x9165,12475
60E1D400__vs__60E1B900,0x6eca8,Fuel Controller (Map) 3,0x0000,0xBCBC,-48316
60E1D400__vs__60E1B900,0x6ecbc,Fuel Controller (Map) 4 Y Axis,0xC220,0xBBBB,1637
60E1D400__vs__60E1B900,0x6ece0,Fuel Controller (Map) 4,0x0898,0x8B8B,-33523
60E1D400__vs__60E1B900,0x6ecf4,Fuel Controller (Map) 5 Y Axis,0x4220,0x9090,-20080
60E1D400__vs__60E1B900,0x6ed08,Fuel Controller (Map) 5,0x01F4,0x9696,-38050
60E1D400__vs__60E1B900,0x6ed18,Load Blend Factor - Coolant Temperature Y Axis,0xC220,0x9897,10633
60E1D400__vs__60E1B900,0x6ed3c,Load Blend Factor - Coolant Temperature,0x1611,0xA29F,-35982
60E1D400__vs__60E1B900,0x6ed48,Load Blend Factor - Coolant Temperature X Blend Variation X Axis,0xC220,0xACAC,5492
60E1D400__vs__60E1B900,0x6ed6c,Load Blend Factor - Coolant Temperature X Blend Variation Y Axis,0xC1A0,0xA0A0,8448
60E1D400__vs__60E1B900,0x6ed78,Load Blend Factor - Coolant Temperature X Blend Variation,0x2214,0x9E9D,-31881
60E1D400__vs__60E1B900,0x6eda4,Air Charge - RPM X Charge Temperature X Axis,0x0000,0x3E80,-16000
60E1D400__vs__60E1B900,0x6edd4,Air Charge - RPM X Charge Temperature Y Axis,0xC220,0x3F80,33440
60E1D400__vs__60E1B900,0x6edf4,Air Charge - RPM X Charge Temperature,0xFFFF,0x44FA,47877
60E1D400__vs__60E1B900,0x6ee54,Ignition Trailing B X Axis,0x3D80,0x5050,-4816
60E1D400__vs__60E1B900,0x6eea4,Ignition Trailing B Y Axis,0x43FA,0x4646,-588
60E1D400__vs__60E1B900,0x6eeec,Ignition Trailing B,0x4141,0x5A5A,-6425
60E1D400__vs__60E1B900,0x6f054,Ignition Trailing A X Axis,0x3D80,0x001F,15713
60E1D400__vs__60E1B900,0x6f0a4,Ignition Trailing A Y Axis,0x43FA,0x001C,17374
60E1D400__vs__60E1B900,0x6f0ec,Ignition Trailing A,0x7E7E,0x001C,32354
60E1D400__vs__60E1B900,0x6f254,Ignition Min Split X Axis,0x3D80,0x0000,15744
60E1D400__vs__60E1B900,0x6f2a4,Ignition Min Split Y Axis,0x443B,0xC120,-31973
60E1D400__vs__60E1B900,0x6f2ec,Ignition Min Split,0x5A5A,0xC0A0,-26182
60E1D400__vs__60E1B900,0x6f454,Ignition 3 X Axis,0x0000,0x3FB3,-16307
60E1D400__vs__60E1B900,0x6f4a0,Ignition 3 Y Axis,0x0000,0x408B,-16523
60E1D400__vs__60E1B900,0x6f4cc,Ignition 3,0x001F,0x428C,-17005
60E1D400__vs__60E1B900,0x6f75c,Ignition 4 Y Axis,0xC170,0x4177,32761
60E1D400__vs__60E1B900,0x6f78c,Ignition 4,0x6464,0x428E,8662
60E1D400__vs__60E1B900,0x6f798,Ignition 5 Y Axis,0x428C,0x42CF,-67
60E1D400__vs__60E1B900,0x6f79c,Ignition 5,0x64FF,0x42E8,8727
60E1D400__vs__60E1B900,0x6f7a0,Ignition 6 Y Axis,0xC170,0x4301,32367
60E1D400__vs__60E1B900,0x6f7d0,Ignition 6,0x6464,0x43AD,8375
60E1D400__vs__60E1B900,0x6f7dc,Ignition 7 Y Axis,0x428C,0x3F80,780
60E1D400__vs__60E1B900,0x6f7e0,Ignition 7,0x64FF,0x3E1F,9952
60E1D400__vs__60E1B900,0x6f7e4,Ignition 8 Y Axis,0xC170,0x0013,49501
60E1D400__vs__60E1B900,0x6f7e8,Ignition 8,0x64FF,0x4020,9439
60E1D400__vs__60E1B900,0x6f7ec,Ignition 9 Y Axis,0x428C,0x3F00,908
60E1D400__vs__60E1B900,0x6f7f0,Ignition 9,0x64FF,0x3EB0,9807
60E1D400__vs__60E1B900,0x6f7f4,Ignition 10 Y Axis,0xC170,0x0001,49519
60E1D400__vs__60E1B900,0x6f7f8,Ignition 10,0x64FF,0x3F70,9615
60E1D400__vs__60E1B900,0x6f7fc,Ignition 11 Y Axis,0x428C,0x0000,17036
60E1D400__vs__60E1B900,0x6f800,Ignition 11,0x64FF,0x0000,25855
60E1D400__vs__60E1B900,0x6f804,Ignition 12 Y Axis,0xC1F0,0x3F80,33392
60E1D400__vs__60E1B900,0x6f808,Ignition 12,0x64FF,0x425C,8867
60E1D400__vs__60E1B900,0x6f80c,Ignition 13 Y Axis,0xC1F0,0x425C,32660
60E1D400__vs__60E1B900,0x6f810,Ignition 13,0x64FF,0x3F7D,9602
60E1D400__vs__60E1B900,0x6f814,Ignition 14 X Axis,0xC170,0x3F81,33263
60E1D400__vs__60E1B900,0x6f818,Ignition 14 Y Axis,0x0000,0x3C6F,-15471
60E1D400__vs__60E1B900,0x6f81c,Ignition 14,0x64FF,0x43FA,8453
60E1D400__vs__60E1B900,0x6f820,Ignition 15 X Axis,0x428C,0x447A,-494
60E1D400__vs__60E1B900,0x6f824,Ignition 15 Y Axis,0x0000,0x44FA,-17658
60E1D400__vs__60E1B900,0x6f828,Ignition 15,0x64FF,0x453B,8132
60E1D400__vs__60E1B900,0x6f82c,Ignition 16 X Axis,0xC170,0x457A,31734
60E1D400__vs__60E1B900,0x6f830,Ignition 16 Y Axis,0x0000,0x459C,-17820
60E1D400__vs__60E1B900,0x6f834,Ignition 16,0x64FF,0x45BB,8004
60E1D400__vs__60E1B900,0x6f838,Ignition 17 X Axis,0x428C,0x45FA,-878
60E1D400__vs__60E1B900,0x6f83c,Ignition 17 Y Axis,0x0000,0x0000,0
60E1D400__vs__60E1B900,0x6f840,Ignition 17,0x64FF,0x0000,25855
60E1D400__vs__60E1B900,0x6f848,Off Throttle Fuel Cut - Fuel Resume - In Neutral Threshold7  Y Axis,0xC1A0,0x447A,32038
60E1D400__vs__60E1B900,0x6f878,Off Throttle Fuel Cut - Fuel Resume - In Neutral Threshold7,0x909A,0x42C8,19922
60E1D400__vs__60E1B900,0x6f8ec,CLT Sensor Scaling Y Axis,0x3E65,0x4023,-446
60E1D400__vs__60E1B900,0x6f96c,CLT Sensor Scaling,0x430C,0x4023,745
60E1D400__vs__60E1B900,0x6fa9c,Off Throttle Fuel Cut - Fuel Resume - In Neutral Threshold8  Y Axis,0xC1A0,0x3E7A,33574
60E1D400__vs__60E1B900,0x6fab0,Off Throttle Fuel Cut - Fuel Resume - In Neutral Threshold8,0xFBFB,0x3E5A,48545
60E1D400__vs__60E1B900,0x6fab8,Combustion Efficiency - Correction Constant 1 vs Coolant Temp Y Axis,0xC1A0,0x3F2F,33393
60E1D400__vs__60E1B900,0x6facc,Combustion Efficiency - Correction Constant 1 vs Coolant Temp,0x40A0,0x400E,146
60E1D400__vs__60E1B900,0x6fae0,Combustion Efficiency - Correction Constant 2 vs Coolant Temp Y Axis,0xC1A0,0x4071,33071
60E1D400__vs__60E1B900,0x6faf4,Combustion Efficiency - Correction Constant 2 vs Coolant Temp,0x42C8,0x42BC,12
60E1D400__vs__60E1B900,0x6fb18,MAF Scaling Y Axis,0x3F5C,0x4080,-292
60E1D400__vs__60E1B900,0x6fbd8,MAF Scaling,0x3FF9,0x452F,-1334
60E1D400__vs__60E1B900,0x6fcd8,Knock Margin - State Machine Threshold 1 vs RPM Y Axis,0x43FA,0x4060,922
60E1D400__vs__60E1B900,0x6fcf8,Knock Margin - State Machine Threshold 1 vs RPM,0x0000,0x0000,0
60E1D400__vs__60E1B900,0x6fd00,Knock Margin - State Machine Threshold 2 vs RPM Y Axis,0x43FA,0x4023,983
60E1D400__vs__60E1B900,0x6fd20,Knock Margin - State Machine Threshold 2 vs RPM,0x0000,0x41F5,-16885
60E1D400__vs__60E1B900,0x6fd28,Injector Barometric Pressure Compensation Y Axis,0x428C,0x42A3,-23
60E1D400__vs__60E1B900,0x6fd38,Injector Barometric Pressure Compensation,0x3FB3,0xA497,-25828
60E1D400__vs__60E1B900,0x6fd48,Lambda Sensor Scaling Y Axis,0xBFA6,0x0000,49062
60E1D400__vs__60E1B900,0x6fd74,Lambda Sensor Scaling,0x3F42,0x7AFF,-15293
60E1D400__vs__60E1B900,0x6fda0,Ignition - Load Based Spark 1 vs Load g/rev Y Axis,0x0000,0x4340,-17216
60E1D400__vs__60E1B900,0x6fde0,Ignition - Load Based Spark 1 vs Load g/rev,0x3C1D,0x44C8,-2219
60E1D400__vs__60E1B900,0x6fe20,Ignition - Load Based Spark 2 vs Load g/rev Y Axis,0x0000,0x4248,-16968
60E1D400__vs__60E1B900,0x6fe60,Ignition - Load Based Spark 2 vs Load g/rev,0x3B90,0x41A0,-1552
60E1D400__vs__60E1B900,0x6feb8,Off Throttle Fuel Cut - Fuel Resume - In Neutral Threshold9  Y Axis,0xC1A0,0x459C,31748
60E1D400__vs__60E1B900,0x6fee4,Off Throttle Fuel Cut - Fuel Resume - In Neutral Threshold9,0x5974,0x4683,4849
60E1D400__vs__60E1B900,0x6ffa8,IAT Sensor Scaling Y Axis,0x3E5A,0x3D75,229
60E1D400__vs__60E1B900,0x6ffe8,IAT Sensor Scaling,0x42EE,0x3F30,958
60E1D400__vs__60E1B900,0x7005c,MAF Filter Frequency Y Axis,0x0000,0x3F11,-16145
60E1D400__vs__60E1B900,0x70084,MAF Filter Frequency,0x0E12,0x3C93,-11905
60E1D400__vs__60E1B900,0x70090,IAT Filter Y Axis,0x0000,0x3CA3,-15523
60E1D400__vs__60E1B900,0x700b0,IAT Filter,0x6464,0x3DCC,9880
60E1D400__vs__60E1B900,0x700b8,CLT Filter Y Axis,0x43C8,0x3DF5,1491
60E1D400__vs__60E1B900,0x700e0,CLT Filter,0xA0A0,0x3F30,24944
60E1D400__vs__60E1B900,0x700ec,Load Signal Y Axis,0xC220,0x3F60,33472
60E1D400__vs__60E1B900,0x70110,Load Signal,0x1860,0x3F78,-10008
60E1D400__vs__60E1B900,0x701f0,Barometric Pressure Adjustment Y Axis,0x0000,0x4000,-16384
60E1D400__vs__60E1B900,0x70230,Barometric Pressure Adjustment,0xA497,0x3F61,25910
60E1D400__vs__60E1B900,0x70240,O2 Switch Y Axis,0x0000,0x3F2F,-16175
60E1D400__vs__60E1B900,0x70264,O2 Switch,0x6060,0x3EC8,8600
60E1D400__vs__60E1B900,0x70270,Fuel - Fuel Trim Learn - Coolant Temperature Threshold Y Axis,0x4248,0x3D4C,1276
60E1D400__vs__60E1B900,0x7027c,Fuel - Fuel Trim Learn - Coolant Temperature Threshold,0x0000,0x3C23,-15395
60E1D400__vs__60E1B900,0x70280,TPS Deadband Y Axis,0x0000,0x3CA3,-15523
60E1D400__vs__60E1B900,0x702a4,TPS Deadband,0xA0A0,0x3DE1,25279
60E1D400__vs__60E1B900,0x702b0,Ignition - Timing Angle Ramp 1 vs RPM Y Axis,0x4448,0x3E40,1544
60E1D400__vs__60E1B900,0x702cc,Ignition - Timing Angle Ramp 1 vs RPM,0x0D1B,0x3F20,-12805
60E1D400__vs__60E1B900,0x702d4,Ignition - Timing Angle Ramp 2 vs RPM Y Axis,0x4448,0x3F40,1288
60E1D400__vs__60E1B900,0x702f0,Ignition - Timing Angle Ramp 2 vs RPM,0x0D1B,0x4080,-13157
60E1D400__vs__60E1B900,0x702f8,(Unknown - init_control_values) Y Axis,0xC1F0,0x3F7D,33395
60E1D400__vs__60E1B900,0x70334,(Unknown - init_control_values),0x0000,0x3F3B,-16187
60E1D400__vs__60E1B900,0x70344,Ignition - Coolant Temp Correction vs Coolant Temp Y Axis,0xC1F0,0x3F11,33503
60E1D400__vs__60E1B900,0x70380,Ignition - Coolant Temp Correction vs Coolant Temp,0x31B5,0x451C,-4967
60E1D400__vs__60E1B900,0x703a0,Load Smoothing Y Axis,0x453B,0x3EA0,1691
60E1D400__vs__60E1B900,0x703bc,Load Smoothing,0x2A30,0x6060,-13872
60E1D400__vs__60E1B900,0x703cc,Transmission Load Control - Threshold 1 vs Throttle/Load Y Axis,0x0000,0x6060,-24672
60E1D400__vs__60E1B900,0x703e4,Transmission Load Control - Threshold 1 vs Throttle/Load,0x0000,0x6060,-24672
60E1D400__vs__60E1B900,0x703f0,Transmission Load Control - Threshold 2 vs Throttle/Load Y Axis,0x0000,0x43FA,-17402
60E1D400__vs__60E1B900,0x70414,Transmission Load Control - Threshold 2 vs Throttle/Load,0x001F,0x459C,-17789
60E1D400__vs__60E1B900,0x70428,Transmission Load Control - Threshold 3 vs Throttle/Load Y Axis,0x0000,0x428C,-17036
60E1D400__vs__60E1B900,0x70468,Transmission Load Control - Threshold 3 vs Throttle/Load,0x0001,0x410F,-16654
60E1D400__vs__60E1B900,0x70488,Fuel Feedback - Decay Curve 1 vs Load Fraction Y Axis,0x0000,0x44C8,-17608
60E1D400__vs__60E1B900,0x70504,Fuel Feedback - Decay Curve 1 vs Load Fraction,0x3F80,0x04C3,15037
60E1D400__vs__60E1B900,0x70580,Fuel Feedback - Decay Curve 2 vs Load Fraction Y Axis,0x0000,0x4223,-16931
60E1D400__vs__60E1B900,0x705fc,Fuel Feedback - Decay Curve 2 vs Load Fraction,0x3F80,0x024F,15665
60E1D400__vs__60E1B900,0x70678,Fuel Feedback - Decay Curve 3 vs Load Fraction Y Axis,0x0000,0x42A0,-17056
60E1D400__vs__60E1B900,0x706f4,Fuel Feedback - Decay Curve 3 vs Load Fraction,0x3F80,0x27D8,6056
60E1D400__vs__60E1B900,0x70770,Fuel Feedback - Decay Curve 4 (u8 copy) vs Load Fraction Y Axis,0x0000,0x3F00,-16128
60E1D400__vs__60E1B900,0x707ec,Fuel Feedback - Decay Curve 4 (u8 copy) vs Load Fraction,0x3F80,0x2616,6506
60E1D400__vs__60E1B900,0x70868,Fuel - Long Term Fuel Trim - Load Correction Matrix X Axis,0x43FA,0x2774,7302
60E1D400__vs__60E1B900,0x70888,Fuel - Long Term Fuel Trim - Load Correction Matrix Y Axis,0x3D80,0x26C5,5819
60E1D400__vs__60E1B900,0x708a8,Fuel - Long Term Fuel Trim - Load Correction Matrix,0x7A7A,0x26C5,21429
60E1D400__vs__60E1B900,0x708e8,Closed Loop WOT Enrichment?? X Axis,0x43FA,0x44FA,-256
60E1D400__vs__60E1B900,0x70918,Closed Loop WOT Enrichment?? Y Axis,0x425C,0x3E40,1052
60E1D400__vs__60E1B900,0x70924,Closed Loop WOT Enrichment??,0x0000,0x3EC0,-16064
60E1D400__vs__60E1B900,0x70948,Fuel Control (Map) X Axis,0x3FA3,0x3F70,51
60E1D400__vs__60E1B900,0x7097c,Fuel Control (Map) Y Axis,0x4448,0x27A5,7331
60E1D400__vs__60E1B900,0x70998,Fuel Control (Map),0x130B,0x2742,-5175
60E1D400__vs__60E1B900,0x70a50,Fuel Control (Map) 2 X Axis,0x3FA3,0x2328,7291
60E1D400__vs__60E1B900,0x70a84,Fuel Control (Map) 2 Y Axis,0x4448,0x26AC,7580
60E1D400__vs__60E1B900,0x70aa0,Fuel Control (Map) 2,0x0133,0x26AC,-9593
60E1D400__vs__60E1B900,0x70b58,Transmission Load Control (Map) X Axis,0x41A0,0x2710,6800
60E1D400__vs__60E1B900,0x70b78,Transmission Load Control (Map) Y Axis,0x3DCC,0x26D4,5880
60E1D400__vs__60E1B900,0x70b9c,Transmission Load Control (Map),0x2710,0x2710,0
60E1D400__vs__60E1B900,0x70c2c,Transmission Load Control (Map) 2 X Axis,0x41A0,0x2710,6800
60E1D400__vs__60E1B900,0x70c4c,Transmission Load Control (Map) 2 Y Axis,0x3DCC,0x2727,5797
60E1D400__vs__60E1B900,0x70d00,Transmission Load Control (Map) 3 X Axis,0x41A0,0x457A,-986
60E1D400__vs__60E1B900,0x70d20,Transmission Load Control (Map) 3 Y Axis,0x3E05,0x27D8,5677
60E1D400__vs__60E1B900,0x70d44,Transmission Load Control (Map) 3,0x28F0,0x27D8,280
60E1D400__vs__60E1B900,0x70dd4,Fuel Enrichment Control (Map) X Axis,0x43FA,0x40CC,814
60E1D400__vs__60E1B900,0x70e04,Fuel Enrichment Control (Map) Y Axis,0x3DCC,0x4548,-1916
60E1D400__vs__60E1B900,0x70e44,Fuel Enrichment Control (Map),0x2328,0x2774,-1100
60E1D400__vs__60E1B900,0x70fc4,Fuel Enrichment Control (Map) 2 X Axis,0x43FA,0x0000,17402
60E1D400__vs__60E1B900,0x70ff4,Fuel Enrichment Control (Map) 2 Y Axis,0x3DCC,0x0000,15820
60E1D400__vs__60E1B900,0x71034,Fuel Enrichment Control (Map) 2,0x2328,0x3C75,-6477
60E1D400__vs__60E1B900,0x711b4,Vtec Timing Control (Map) X Axis,0x3FA3,0x4120,-381
60E1D400__vs__60E1B900,0x711e8,Vtec Timing Control (Map) Y Axis,0x4448,0x41A0,680
60E1D400__vs__60E1B900,0x71204,Vtec Timing Control (Map),0x27D8,0x19FF,3545
60E1D400__vs__60E1B900,0x712bc,Vtec Timing Control (Map) 2 X Axis,0x3FA3,0x428C,-745
60E1D400__vs__60E1B900,0x712f0,Vtec Timing Control (Map) 2 Y Axis,0x4448,0x4270,472
60E1D400__vs__60E1B900,0x7130c,Vtec Timing Control (Map) 2,0x27D8,0x0032,10150
60E1D400__vs__60E1B900,0x713c4,Transmission Load Control (Map) 4 X Axis,0x0000,0xBCA3,-48291
60E1D400__vs__60E1B900,0x713ec,Transmission Load Control (Map) 4 Y Axis,0xC220,0x469C,31620
60E1D400__vs__60E1B900,0x71408,Transmission Load Control (Map) 4,0x0000,0x481C,-18460
60E1D400__vs__60E1B900,0x7158c,(Unknown - wankel_rotary_control) Y Axis,0x0000,0x447A,-17530
60E1D400__vs__60E1B900,0x715bc,(Unknown - wankel_rotary_control),0x3333,0x3EB3,-2944
60E1D400__vs__60E1B900,0x715c8,(Unknown - wankel_rotary_control) 2 Y Axis,0x0000,0x3F4C,-16204
60E1D400__vs__60E1B900,0x715f8,(Unknown - wankel_rotary_control) 2,0x3333,0x3F00,-3021
60E1D400__vs__60E1B900,0x71604,(Unknown - wankel_rotary_control) 3 Y Axis,0x0000,0x3F4C,-16204
60E1D400__vs__60E1B900,0x71634,(Unknown - wankel_rotary_control) 3,0x0A0A,0x4516,-15116
60E1D400__vs__60E1B900,0x71640,Secondary Fuel (Map) Y Axis,0x0000,0x4561,-17761
60E1D400__vs__60E1B900,0x71664,Secondary Fuel (Map),0x0000,0x3D00,-15616
60E1D400__vs__60E1B900,0x71670,Secondary Fuel (Map) 2 Y Axis,0x0000,0x3E00,-15872
60E1D400__vs__60E1B900,0x71694,Secondary Fuel (Map) 2,0x0000,0x3E00,-15872
60E1D400__vs__60E1B900,0x716a0,Secondary Fuel (Map) 3 Y Axis,0x0000,0x0C35,-3125
60E1D400__vs__60E1B900,0x716c4,Secondary Fuel (Map) 3,0x1E1E,0x3D4C,-7982
60E1D400__vs__60E1B900,0x716d0,Secondary Fuel (Map) 4 Y Axis,0x0000,0x3C23,-15395
60E1D400__vs__60E1B900,0x716f4,Secondary Fuel (Map) 4,0x1E1E,0x3BA3,-7557
60E1D400__vs__60E1B900,0x71700,Obd Validation Check (Map) Y Axis,0x0000,0x45BB,-17851
60E1D400__vs__60E1B900,0x71724,Obd Validation Check (Map),0x1919,0x461C,-11523
60E1D400__vs__60E1B900,0x71730,Obd Validation Check (Map) 2 Y Axis,0x0000,0x45AB,-17835
60E1D400__vs__60E1B900,0x71754,Obd Validation Check (Map) 2,0x1919,0x3D23,-9226
60E1D400__vs__60E1B900,0x71760,Fuel Trim - Update Step vs Throttle Position Y Axis,0x41A0,0x4040,352
60E1D400__vs__60E1B900,0x71784,Fuel Trim - Update Step vs Throttle Position,0x927C,0x447A,19970
60E1D400__vs__60E1B900,0x71798,Lambda Integration Time Constant Y Axis,0x0000,0xC220,-49696
60E1D400__vs__60E1B900,0x717bc,Lambda Integration Time Constant,0x03E8,0x4220,-15928
60E1D400__vs__60E1B900,0x717d0,Lambda Parameter Y Axis,0x0000,0x41A0,-16800
60E1D400__vs__60E1B900,0x717f4,Lambda Parameter,0x03E8,0x80FF,-32023
60E1D400__vs__60E1B900,0x71808,Ignition Timing Output (Map) Y Axis,0x0000,0x447A,-17530
60E1D400__vs__60E1B900,0x71828,Ignition Timing Output (Map),0x05DC,0x45AB,-16335
60E1D400__vs__60E1B900,0x71838,Ignition Timing Output (Map) 2 Y Axis,0x0000,0x45DA,-17882
60E1D400__vs__60E1B900,0x71868,Ignition Timing Output (Map) 2,0x0000,0x44BB,-17595
60E1D400__vs__60E1B900,0x71880,Rotary - Position Correction 1 vs Rotor Position Y Axis,0x0000,0x4584,-17796
60E1D400__vs__60E1B900,0x718b0,Rotary - Position Correction 1 vs Rotor Position,0xBCA3,0x0000,48291
60E1D400__vs__60E1B900,0x718e0,Rotary - Position Correction 2 vs Rotor Position Y Axis,0x0000,0x459C,-17820
60E1D400__vs__60E1B900,0x71910,Rotary - Position Correction 2 vs Rotor Position,0x3C23,0x0000,15395
60E1D400__vs__60E1B900,0x71940,Rotary - Position Correction 3 vs Rotor Position Y Axis,0x0000,0x45BB,-17851
60E1D400__vs__60E1B900,0x71970,Rotary - Position Correction 3 vs Rotor Position,0xBCA3,0x457A,30505
60E1D400__vs__60E1B900,0x71a50,Sensor Validation Monitor (Map) Y Axis,0x43FA,0x45FA,-512
60E1D400__vs__60E1B900,0x71a78,Sensor Validation Monitor (Map),0x1717,0x43FA,-11491
60E1D400__vs__60E1B900,0x71a84,Sensor Validation - Threshold vs RPM Y Axis,0x447A,0x44FA,-128
60E1D400__vs__60E1B900,0x71a98,Sensor Validation - Threshold vs RPM,0x005E,0x458C,-17710
60E1D400__vs__60E1B900,0x71aa4,Sensor Validation Monitor (Map) 2 Y Axis,0x3DCC,0x45BB,-2031
60E1D400__vs__60E1B900,0x71acc,Sensor Validation Monitor (Map) 2,0x02BC,0xBCBC,-47616
60E1D400__vs__60E1B900,0x71ae0,Sensor Validation Monitor (Map) 3 Y Axis,0x3DCC,0x455A,-1934
60E1D400__vs__60E1B900,0x71b08,Sensor Validation Monitor (Map) 3,0x0FA0,0x44BB,-13595
60E1D400__vs__60E1B900,0x71b1c,Adaptive Control - Constant vs RPM Y Axis,0x4448,0x457A,-306
60E1D400__vs__60E1B900,0x71b44,Adaptive Control - Constant vs RPM,0x009C,0x0000,156
60E1D400__vs__60E1B900,0x71b58,Combustion Control - Constant vs Load Fraction Y Axis,0x0000,0x44FA,-17658
60E1D400__vs__60E1B900,0x71b70,Combustion Control - Constant vs Load Fraction,0x0138,0x459B,-17507
60E1D400__vs__60E1B900,0x71b7c,Engine Load Control - Threshold vs Load Fraction Y Axis,0x0000,0x45BB,-17851
60E1D400__vs__60E1B900,0x71b94,Engine Load Control - Threshold vs Load Fraction,0x061A,0x0000,1562
60E1D400__vs__60E1B900,0x71cac,Fuelling - Safe Mode Y Axis,0x4220,0x0010,16912
60E1D400__vs__60E1B900,0x71cd0,Fuelling - Safe Mode,0x8080,0x457A,15110
60E1D400__vs__60E1B900,0x71cdc,Fuelling 0 Y Axis,0x4220,0x45AB,-907
60E1D400__vs__60E1B900,0x71ce0,Fuelling 0,0x80FF,0x41A0,16223
60E1D400__vs__60E1B900,0x71ce4,Fuelling 1 Y Axis,0xC220,0x41F0,32816
60E1D400__vs__60E1B900,0x71d00,Fuelling 1,0x8080,0x0000,32896
60E1D400__vs__60E1B900,0x71d08,Fuelling 2 - Safe Mode Y Axis,0x4220,0x0000,16928
60E1D400__vs__60E1B900,0x71d2c,Fuelling 2 - Safe Mode,0x8080,0x0000,32896
60E1D400__vs__60E1B900,0x71d38,Fuelling 3 Y Axis,0x4220,0x0000,16928
60E1D400__vs__60E1B900,0x71d5c,Fuelling 3,0x8080,0x0000,32896
60E1D400__vs__60E1B900,0x71d68,Fuelling 4 Y Axis,0xC220,0x3E00,33824
60E1D400__vs__60E1B900,0x71d84,Fuelling 4,0x8080,0x3F10,16752
60E1D400__vs__60E1B900,0x71d8c,Fuelling 5 Y Axis,0x43FA,0x3F30,1226
60E1D400__vs__60E1B900,0x71dd4,Fuelling 5,0xA5A5,0x457A,24619
60E1D400__vs__60E1B900,0x71de8,Fuelling 6 Y Axis,0x43FA,0x45CB,-465
60E1D400__vs__60E1B900,0x71e30,Fuelling 6,0xA5A5,0x0000,42405
60E1D400__vs__60E1B900,0x71e44,Fuelling 7 Y Axis,0x43FA,0x0000,17402
60E1D400__vs__60E1B900,0x71e8c,Fuelling 7,0xA5A5,0x2F2F,30326
60E1D400__vs__60E1B900,0x71ea0,Closed Loop Fuelling Threshold (Unknown A) Y Axis,0x443B,0x3539,3842
60E1D400__vs__60E1B900,0x71ed0,Closed Loop Fuelling Threshold (Unknown A),0x545A,0x5555,-251
60E1D400__vs__60E1B900,0x71edc,Closed Loop Fuelling Threshold (Throttle Position)  Y Axis,0x43FA,0x2329,8401
60E1D400__vs__60E1B900,0x71f28,Closed Loop Fuelling Threshold (Throttle Position),0x7878,0x3838,16448
60E1D400__vs__60E1B900,0x71f3c,Rotary Combustion Efficiency (Map) Y Axis,0x43FA,0x3D3D,1725
60E1D400__vs__60E1B900,0x71f84,Rotary Combustion Efficiency (Map),0xF064,0x181C,55368
60E1D400__vs__60E1B900,0x71f98,Sensors - MAF - Rotary Chamber Scalar Y Axis,0x43FA,0x00FF,17147
60E1D400__vs__60E1B900,0x71f9c,Sensors - MAF - Rotary Chamber Scalar,0xFAFF,0x0000,64255
60E1D400__vs__60E1B900,0x71fa0,Wankel Chamber Pressure Analysis (Map) Y Axis,0x43FA,0x43FA,0
60E1D400__vs__60E1B900,0x71fe8,Wankel Chamber Pressure Analysis (Map),0xDCDC,0x4270,39532
60E1D400__vs__60E1B900,0x71ffc,Fuel - Fuel Control - State Scalar Y Axis,0x43FA,0x0000,17402
60E1D400__vs__60E1B900,0x72000,Fuel - Fuel Control - State Scalar,0xFAFF,0x0000,64255
60E1D400__vs__60E1B900,0x72004,Wankel Chamber Pressure Analysis (Map) 2 Y Axis,0x43FA,0x0000,17402
60E1D400__vs__60E1B900,0x7204c,Wankel Chamber Pressure Analysis (Map) 2,0xDCDC,0x0505,55255
60E1D400__vs__60E1B900,0x72060,Sensors - Wankel - Chamber Pressure Scalar Y Axis,0x43FA,0x3E00,1530
60E1D400__vs__60E1B900,0x72064,Sensors - Wankel - Chamber Pressure Scalar,0xFAFF,0x3E40,48319
60E1D400__vs__60E1B900,0x72068,Fuelling 8 Y Axis,0x453B,0x3E80,1723
60E1D400__vs__60E1B900,0x72084,Fuelling 8,0x1A1A,0x3F30,-9494
60E1D400__vs__60E1B900,0x7208c,Closed/Open Loop - Threshold 1 vs RPM Y Axis,0x443B,0x3F50,1259
60E1D400__vs__60E1B900,0x720bc,Closed/Open Loop - Threshold 1 vs RPM,0x0000,0x44FA,-17658
60E1D400__vs__60E1B900,0x720d4,Closed/Open Loop - Scalar Threshold Y Axis,0x443B,0x459C,-353
60E1D400__vs__60E1B900,0x720d8,Closed/Open Loop - Scalar Threshold,0x009C,0x45AB,-17679
60E1D400__vs__60E1B900,0x720dc,Closed/Open Loop - Threshold 2 vs RPM Y Axis,0x443B,0x45BB,-384
60E1D400__vs__60E1B900,0x7210c,Closed/Open Loop - Threshold 2 vs RPM,0x0000,0x1100,-4352
60E1D400__vs__60E1B900,0x72124,Closed/Open Loop - Threshold 3 vs RPM Y Axis,0x443B,0x0000,17467
60E1D400__vs__60E1B900,0x7216c,Knock Detection - Threshold 1 vs Coolant Temp Y Axis,0xC220,0x1313,44813
60E1D400__vs__60E1B900,0x72188,Knock Detection - Threshold 1 vs Coolant Temp,0x007D,0x1B1B,-6814
60E1D400__vs__60E1B900,0x72198,Knock Detection - Threshold 2 vs Coolant Temp Y Axis,0xC220,0x2125,41211
60E1D400__vs__60E1B900,0x721b4,Knock Detection - Threshold 2 vs Coolant Temp,0x007D,0x3F03,-16006
60E1D400__vs__60E1B900,0x721c4,Knock - Apex Seal Threshold vs RPM Y Axis,0x455A,0x4141,1049
60E1D400__vs__60E1B900,0x721d8,Knock - Apex Seal Threshold vs RPM,0x002C,0x3B43,-15127
60E1D400__vs__60E1B900,0x721e4,Closed/Open Loop - Threshold 4 vs RPM Y Axis,0x453B,0x1117,13348
60E1D400__vs__60E1B900,0x72200,Closed/Open Loop - Threshold 4 vs RPM,0x0010,0x2631,-9761
60E1D400__vs__60E1B900,0x72210,Closed/Open Loop - Threshold 5 vs RPM Y Axis,0x453B,0x171B,11808
60E1D400__vs__60E1B900,0x7222c,Closed/Open Loop - Threshold 5 vs RPM,0x0010,0x3F43,-16179
60E1D400__vs__60E1B900,0x7223c,Fuelling 9 - Safe Mode X Axis,0x43FA,0x2031,9161
60E1D400__vs__60E1B900,0x7226c,Fuelling 9 - Safe Mode Y Axis,0x41A0,0x4848,-1704
60E1D400__vs__60E1B900,0x7228c,Fuelling 9 - Safe Mode,0x0000,0x443B,-17467
60E1D400__vs__60E1B900,0x72340,Fuelling 10 - Safe Mode Y Axis,0x43FA,0x3E00,1530
60E1D400__vs__60E1B900,0x7238c,Fuelling 10 - Safe Mode,0x0000,0x43FA,-17402
60E1D400__vs__60E1B900,0x7251c,Fuelling 11 X Axis,0x43FA,0x2031,9161
60E1D400__vs__60E1B900,0x72520,Fuelling 11 Y Axis,0x41A0,0x4643,-1187
60E1D400__vs__60E1B900,0x72524,Fuelling 11,0x00FF,0x4949,-18506
60E1D400__vs__60E1B900,0x72528,Fuelling 12 X Axis,0x0000,0x3C3C,-15420
60E1D400__vs__60E1B900,0x7252c,Fuelling 12 Y Axis,0x43FA,0x3C34,1990
60E1D400__vs__60E1B900,0x72530,Fuelling 12,0x00FF,0x1F24,-7717
60E1D400__vs__60E1B900,0x72534,Fuelling 13 - Safe Mode X Axis,0x43FA,0x3235,4549
60E1D400__vs__60E1B900,0x72564,Fuelling 13 - Safe Mode Y Axis,0x41A0,0x4848,-1704
60E1D400__vs__60E1B900,0x72584,Fuelling 13 - Safe Mode,0x0000,0x3E80,-16000
60E1D400__vs__60E1B900,0x725e4,Fuelling 14 - Safe mode X Axis,0x0000,0x0001,-1
60E1D400__vs__60E1B900,0x72638,Fuelling 14 - Safe mode Y Axis,0x43FA,0x4220,474
60E1D400__vs__60E1B900,0x72684,Fuelling 14 - Safe mode,0x0000,0x4120,-16672
60E1D400__vs__60E1B900,0x72814,Fuelling 15 X Axis,0x43FA,0x4110,746
60E1D400__vs__60E1B900,0x72844,Fuelling 15 Y Axis,0x41A0,0x8C8C,-19180
60E1D400__vs__60E1B900,0x72864,Fuelling 15,0x0000,0x4000,-16384
60E1D400__vs__60E1B900,0x728c4,Fuelling 16 X Axis,0x0000,0x6464,-25700
60E1D400__vs__60E1B900,0x72918,Fuelling 16 Y Axis,0x43FA,0x423B,447
60E1D400__vs__60E1B900,0x72964,Fuelling 16,0x0000,0x0000,0
60E1D400__vs__60E1B900,0x72b38,Ignition - Adaptive Step vs RPM Y Axis,0x4448,0x6B85,-10045
60E1D400__vs__60E1B900,0x72b64,Ignition - Adaptive Step vs RPM,0x0008,0x6B85,-27517
60E1D400__vs__60E1B900,0x72bfc,Temp Correction A Y Axis,0x0000,0x1810,-6160
60E1D400__vs__60E1B900,0x72c20,Temp Correction A,0x1010,0x0DFA,534
60E1D400__vs__60E1B900,0x72c2c,Temp Correction B Y Axis,0x0000,0x15B9,-5561
60E1D400__vs__60E1B900,0x72c50,Temp Correction B,0x1010,0x0D64,684
60E1D400__vs__60E1B900,0x72c88,Ignition Leading - Idle Error Timing Correction - Unknown Bool False Y Axis,0xC2C8,0x1190,45368
60E1D400__vs__60E1B900,0x72cac,Ignition Leading - Idle Error Timing Correction - Unknown Bool False,0x9C94,0x6B85,12559
60E1D400__vs__60E1B900,0x72cb8,Ignition Leading - Idle Error Timing Correction - Unknown Bool True Y Axis,0xC2C8,0x10BB,45581
60E1D400__vs__60E1B900,0x72cdc,Ignition Leading - Idle Error Timing Correction - Unknown Bool True,0x9C94,0x6B85,12559
60E1D400__vs__60E1B900,0x72ce8,Ignition Trailing - Idle Error Timing Correction - Unknown Bool False Y Axis,0xC2C8,0x0F5C,45932
60E1D400__vs__60E1B900,0x72d0c,Ignition Trailing - Idle Error Timing Correction - Unknown Bool False,0x9C94,0x6B85,12559
60E1D400__vs__60E1B900,0x72d18,Ignition Trailing - Idle Error Timing Correction - Unknown Bool True Y Axis,0xC2C8,0x0D8E,46394
60E1D400__vs__60E1B900,0x72d3c,Ignition Trailing - Idle Error Timing Correction - Unknown Bool True,0x9C94,0x350B,26505
60E1D400__vs__60E1B900,0x72d78,WOT Enrichment Threshold Y Axis,0x0000,0x6B85,-27525
60E1D400__vs__60E1B900,0x72dd0,WOT Enrichment Threshold,0x8C8C,0x2BAC,24800
60E1D400__vs__60E1B900,0x72de8,Cold Start Enrichment Threshold Y Axis,0x0000,0x1454,-5204
60E1D400__vs__60E1B900,0x72e40,Cold Start Enrichment Threshold,0x8C8C,0x6B85,8455
60E1D400__vs__60E1B900,0x72e60,Ignition Leading/Trailing - Intake Air Temperature Compensation - On Throttle Y Axis,0x41A0,0x251B,7301
60E1D400__vs__60E1B900,0x72e84,Ignition Leading/Trailing - Intake Air Temperature Compensation - On Throttle,0x5050,0x186C,14308
60E1D400__vs__60E1B900,0x72e90,Warm-up Enrichment B Y Axis,0x41A0,0x21A3,8189
60E1D400__vs__60E1B900,0x72eb4,Warm-up Enrichment B,0x5050,0x6B85,-6965
60E1D400__vs__60E1B900,0x72ec0,Dual Channel Fuel Computation (Map) Y Axis,0x0000,0x4110,-16656
60E1D400__vs__60E1B900,0x72edc,Dual Channel Fuel Computation (Map),0x0000,0x4240,-16960
60E1D400__vs__60E1B900,0x72eec,Dual Channel Fuel Computation (Map) 2 Y Axis,0x0000,0x42A8,-17064
60E1D400__vs__60E1B900,0x72f08,Dual Channel Fuel Computation (Map) 2,0x0000,0x451C,-17692
60E1D400__vs__60E1B900,0x72f18,Dual Channel Fuel Computation (Map) 3 Y Axis,0x0000,0x458C,-17804
60E1D400__vs__60E1B900,0x72f34,Dual Channel Fuel Computation (Map) 3,0x0000,0x45FA,-17914
60E1D400__vs__60E1B900,0x72f4c,Secondary Fuel Trimmer (Map) Y Axis,0x0000,0x8000,-32768
60E1D400__vs__60E1B900,0x72f64,Secondary Fuel Trimmer (Map),0x0672,0xA18D,-39707
60E1D400__vs__60E1B900,0x72f7c,DSC Mode C - Max Throttle Plate Opening Allowed Y Axis,0x0000,0xAF26,-44838
60E1D400__vs__60E1B900,0x72fc8,DSC Mode C - Max Throttle Plate Opening Allowed,0x1313,0xC7CD,-46266
60E1D400__vs__60E1B900,0x72fdc,Torque To Accel Position X Axis,0x0000,0xCBB3,-52147
60E1D400__vs__60E1B900,0x73044,Torque To Accel Position Y Axis,0x43FA,0xA4E6,-24812
60E1D400__vs__60E1B900,0x73090,Torque To Accel Position,0x0021,0x6840,-26655
60E1D400__vs__60E1B900,0x7346c,Throttle Position To Torque X Axis,0x0000,0x0100,-256
60E1D400__vs__60E1B900,0x734a4,Throttle Position To Torque Y Axis,0x0000,0x00AD,-173
60E1D400__vs__60E1B900,0x734f4,Throttle Position To Torque,0x8000,0x0100,32512
60E1D400__vs__60E1B900,0x73768,Idle Speed Control Task (Map) Y Axis,0x428C,0x4248,68
60E1D400__vs__60E1B900,0x73778,Idle Speed Control Task (Map),0x0002,0x459C,-17818
60E1D400__vs__60E1B900,0x7377c,Idle Speed Control Task (Map) 2 Y Axis,0x0000,0x461C,-17948
60E1D400__vs__60E1B900,0x737bc,Idle Speed Control Task (Map) 2,0x0000,0x1414,-5140
60E1D400__vs__60E1B900,0x737dc,Idle Speed Control Task (Map) 3 X Axis,0x41F0,0x8632,-17474
60E1D400__vs__60E1B900,0x737f8,Idle Speed Control Task (Map) 3 Y Axis,0x428C,0xC8C8,-34364
60E1D400__vs__60E1B900,0x73808,Idle Speed Control Task (Map) 3,0x0000,0x86FF,-34559
60E1D400__vs__60E1B900,0x73824,Idle Speed Control Task (Map) 4 X Axis,0x41A0,0x3E4C,852
60E1D400__vs__60E1B900,0x73848,Idle Speed Control Task (Map) 4 Y Axis,0x4416,0xB4B4,-28830
60E1D400__vs__60E1B900,0x7386c,Idle Speed Control Task (Map) 4,0x0022,0x4270,-16974
60E1D400__vs__60E1B900,0x738c0,(Unknown - fault_gated_float_out) X Axis,0x0000,0x0000,0
60E1D400__vs__60E1B900,0x73900,(Unknown - fault_gated_float_out) Y Axis,0x0000,0x3E80,-16000
60E1D400__vs__60E1B900,0x7393c,(Unknown - fault_gated_float_out),0x000F,0x8080,-32881
60E1D400__vs__60E1B900,0x73b1c,(Unknown - float_map_3pt_calc) Y Axis,0x4030,0x0021,16399
60E1D400__vs__60E1B900,0x73b70,(Unknown - float_map_3pt_calc),0x0005,0x0021,-28
60E1D400__vs__60E1B900,0x73b88,(Unknown - float_map_3pt_calc) 2 Y Axis,0xC1F0,0x0979,47223
60E1D400__vs__60E1B900,0x73bbc,(Unknown - float_map_3pt_calc) 2,0x6464,0x0E98,21964
60E1D400__vs__60E1B900,0x73bcc,(Unknown - float_map_3pt_calc) 3 Y Axis,0xC1F0,0x11AA,45126
60E1D400__vs__60E1B900,0x73c00,(Unknown - float_map_3pt_calc) 3,0x2D28,0x17AE,5498
60E1D400__vs__60E1B900,0x73c24,Throttle - Pedal Position - Sensor Mode A Y Axis,0xC1A0,0x1CCD,42195
60E1D400__vs__60E1B900,0x73c50,Throttle - Pedal Position - Sensor Mode A,0xC8C8,0x228F,42553
60E1D400__vs__60E1B900,0x73c5c,Throttle - Pedal Position - Sensor Mode B Y Axis,0xC1A0,0x228F,40721
60E1D400__vs__60E1B900,0x73c88,Throttle - Pedal Position - Sensor Mode B,0xC8C8,0x28F6,40914
60E1D400__vs__60E1B900,0x73c94,Throttle - Pedal Position - Sensor Mode C Y Axis,0xC1A0,0x0021,49535
60E1D400__vs__60E1B900,0x73cc0,Throttle - Pedal Position - Sensor Mode C,0xB4B4,0x0021,46227
60E1D400__vs__60E1B900,0x73ccc,AFR Check - Threshold vs Coolant Temp Y Axis,0xC220,0x3C29,34295
60E1D400__vs__60E1B900,0x73ce8,AFR Check - Threshold vs Coolant Temp,0x00A6,0x0021,133
60E1D400__vs__60E1B900,0x73cf8,Air Fuel Ratio Check (Map) Y Axis,0x447A,0x47AE,-820
60E1D400__vs__60E1B900,0x73d28,Air Fuel Ratio Check (Map),0x2710,0x5333,-11299
60E1D400__vs__60E1B900,0x73d40,Throttle - Pedal Position - Load/RPM Correction Matrix X Axis,0x3E4C,0x6062,-8726
60E1D400__vs__60E1B900,0x73d54,Throttle - Pedal Position - Load/RPM Correction Matrix Y Axis,0x447A,0x6062,-7144
60E1D400__vs__60E1B900,0x73d64,Throttle - Pedal Position - Load/RPM Correction Matrix,0xB4B4,0x6062,21586
60E1D400__vs__60E1B900,0x73da0,Acceleration Fuel Enrichment - Cold Y Axis,0x41A0,0x447A,-730
60E1D400__vs__60E1B900,0x73db4,Acceleration Fuel Enrichment - Cold,0x64C8,0x455A,8046
60E1D400__vs__60E1B900,0x73dbc,Acceleration Fuel Enrichment - Warm Y Axis,0x4100,0x458C,-1164
60E1D400__vs__60E1B900,0x73dd0,Acceleration Fuel Enrichment - Warm,0x8080,0x45DA,15014
60E1D400__vs__60E1B900,0x73dd8,Acceleration Fuel Enrichment - Hot Y Axis,0x0000,0x45FA,-17914
60E1D400__vs__60E1B900,0x73dec,Acceleration Fuel Enrichment - Hot,0x000A,0x40A0,-16534
60E1D400__vs__60E1B900,0x73df4,Engine Load Calculation (Map) X Axis,0x0000,0x4120,-16672
60E1D400__vs__60E1B900,0x73e20,Engine Load Calculation (Map) Y Axis,0xC120,0x42A0,32384
60E1D400__vs__60E1B900,0x73e3c,Engine Load Calculation (Map),0x1414,0x0021,5107
60E1D400__vs__60E1B900,0x73e8c,Engine Load Calculation (Map) 2 X Axis,0x447A,0x0106,17268
60E1D400__vs__60E1B900,0x73ea4,Engine Load Calculation (Map) 2 Y Axis,0x3E4C,0x0106,15686
60E1D400__vs__60E1B900,0x73ebc,Engine Load Calculation (Map) 2,0xB4B4,0x02B0,45572
60E1D400__vs__60E1B900,0x73ee0,Knock Sensor Filter (Map) X Axis,0x0000,0x04FE,-1278
60E1D400__vs__60E1B900,0x73ef8,Knock Sensor Filter (Map) Y Axis,0xC220,0x04FE,48418
60E1D400__vs__60E1B900,0x73f14,Knock Sensor Filter (Map),0x0000,0x09DB,-2523
60E1D400__vs__60E1B900,0x73f6c,Maximum Throttle Angle,0x42A8,0x15A2,11526
60E1D400__vs__60E1B900,0x73f98,Throttle Pedal Percent Decreasing Filter Factor Y Axis,0x443B,0x1B02,10553
60E1D400__vs__60E1B900,0x73fb8,Throttle Pedal Percent Decreasing Filter Factor,0x2020,0x2148,-296
60E1D400__vs__60E1B900,0x73fc0,Ign Timing Limit Check (Map) Y Axis,0x443B,0x2148,8947
60E1D400__vs__60E1B900,0x73fe0,Ign Timing Limit Check (Map),0x2020,0x27AE,-1934
60E1D400__vs__60E1B900,0x73fe8,Ign Timing Limit Check (Map) 2 Y Axis,0x443B,0x27AE,7309
60E1D400__vs__60E1B900,0x74008,Ign Timing Limit Check (Map) 2,0x2020,0x2DD3,-3507
60E1D400__vs__60E1B900,0x74010,Ign Timing Limit Check (Map) 3 Y Axis,0x443B,0x2DD3,5736
60E1D400__vs__60E1B900,0x74030,Ign Timing Limit Check (Map) 3,0x2020,0x33D7,-5047
60E1D400__vs__60E1B900,0x74038,Ign Timing Limit Check (Map) 4 Y Axis,0xC220,0x33D7,36425
60E1D400__vs__60E1B900,0x74054,Ign Timing Limit Check (Map) 4,0x0000,0x3EFA,-16122
60E1D400__vs__60E1B900,0x7405c,Ign Timing Limit Check (Map) 5 Y Axis,0xC220,0x3EFA,33574
60E1D400__vs__60E1B900,0x74078,Ign Timing Limit Check (Map) 5,0x0000,0x0021,-33
60E1D400__vs__60E1B900,0x74080,Ign Timing Limit Check (Map) 6 Y Axis,0x443B,0x4A1D,-1506
60E1D400__vs__60E1B900,0x740ac,Ign Timing Limit Check (Map) 6,0x0A0A,0x553F,-19253
60E1D400__vs__60E1B900,0x740b8,Ign Timing Limit Check (Map) 7 Y Axis,0x443B,0x553F,-4356
60E1D400__vs__60E1B900,0x740e4,Ign Timing Limit Check (Map) 7,0x0606,0x6062,-23132
60E1D400__vs__60E1B900,0x740f0,Fuel Pressure Control (Map) Y Axis,0x443B,0x6062,-7207
60E1D400__vs__60E1B900,0x74110,Fuel Pressure Control (Map),0x0404,0x6B85,-26497
60E1D400__vs__60E1B900,0x74118,Fuel Pressure Control (Map) 2 Y Axis,0x443B,0x6B85,-10058
60E1D400__vs__60E1B900,0x74138,Fuel Pressure Control (Map) 2,0x0404,0x44FA,-16630
60E1D400__vs__60E1B900,0x74140,Fuel Pressure Control (Map) 3 Y Axis,0x443B,0x453B,-256
60E1D400__vs__60E1B900,0x74160,Fuel Pressure Control (Map) 3,0x0404,0x45DA,-16854
60E1D400__vs__60E1B900,0x74168,Fuel Pressure Control (Map) 4 Y Axis,0x443B,0x45FA,-447
60E1D400__vs__60E1B900,0x74188,Fuel Pressure Control (Map) 4,0x0404,0x4170,-15724
60E1D400__vs__60E1B900,0x74190,Fuel Pressure Control (Map) 5 Y Axis,0xC220,0x41C8,32856
60E1D400__vs__60E1B900,0x741ac,Fuel Pressure Control (Map) 5,0x0000,0x428C,-17036
60E1D400__vs__60E1B900,0x741b4,Accel Pedal to Throttle Position #1 X Axis,0x0000,0x42B4,-17076
60E1D400__vs__60E1B900,0x74208,Accel Pedal to Throttle Position #1 Y Axis,0x0000,0x0042,-66
60E1D400__vs__60E1B900,0x74250,Accel Pedal to Throttle Position #1,0x0021,0x0354,-819
60E1D400__vs__60E1B900,0x74544,Accel Pedal to Throttle Position #2 X Axis,0x0000,0x42B4,-17076
60E1D400__vs__60E1B900,0x74598,Accel Pedal to Throttle Position #2 Y Axis,0x0000,0x0042,-66
60E1D400__vs__60E1B900,0x745e0,Accel Pedal to Throttle Position #2,0x0021,0x0375,-852
60E1D400__vs__60E1B900,0x748d4,Accel Pedal to Throttle Position #3 X Axis,0x0000,0x458C,-17804
60E1D400__vs__60E1B900,0x74928,Accel Pedal to Throttle Position #3 Y Axis,0x0000,0x0000,0
60E1D400__vs__60E1B900,0x74970,Accel Pedal to Throttle Position #3,0x0021,0x42A0,-17023
60E1D400__vs__60E1B900,0x74c64,Accel Pedal to Throttle Position #4 X Axis,0x0000,0x0000,0
60E1D400__vs__60E1B900,0x74cb8,Accel Pedal to Throttle Position #4 Y Axis,0x0000,0x0000,0
60E1D400__vs__60E1B900,0x74d00,Accel Pedal to Throttle Position #4,0x0021,0x44ED,-17612
60E1D400__vs__60E1B900,0x75030,MAP Requested Load Y Axis,0xC220,0x45CB,31829
60E1D400__vs__60E1B900,0x75054,MAP Requested Load,0x0384,0x7D00,-31100
60E1D400__vs__60E1B900,0x75068,MAP Requested Load Smoothing Y Axis,0x43FA,0x7D00,-14598
60E1D400__vs__60E1B900,0x750b0,MAP Requested Load Smoothing,0x0084,0x1F00,-7804
60E1D400__vs__60E1B900,0x750d4,Maximum Load Limit Y Axis,0xC220,0x0A00,47136
60E1D400__vs__60E1B900,0x750f8,Maximum Load Limit,0x0387,0x0700,-889
60E1D400__vs__60E1B900,0x7510c,Idle Load Multiplier Y Axis,0xC220,0x0700,47904
60E1D400__vs__60E1B900,0x75130,Idle Load Multiplier,0x0387,0x1800,-5241
60E1D400__vs__60E1B900,0x75144,Fuel Injection - Cold Start Correction vs Coolant Temp Y Axis,0xC220,0x1400,44576
60E1D400__vs__60E1B900,0x75158,Fuel Injection - Cold Start Correction vs Coolant Temp,0x01F4,0x1300,-4364
60E1D400__vs__60E1B900,0x752c4,Battery Temperature Model - Decay Amount Y Axis,0x0000,0x4600,-17920
60E1D400__vs__60E1B900,0x752e0,Battery Temperature Model - Decay Amount,0x1C37,0x000A,7213
60E1D400__vs__60E1B900,0x752e8,Desired Charge Voltage Y Axis,0xC220,0x000E,49682
60E1D400__vs__60E1B900,0x7530c,Desired Charge Voltage,0x05D4,0x40E0,-15116
60E1D400__vs__60E1B900,0x75320,Alternator Duty Cycle Max Y Axis,0x447A,0x4140,826
60E1D400__vs__60E1B900,0x7534c,Alternator Duty Cycle Max,0x0348,0x457A,-16946
60E1D400__vs__60E1B900,0x75364,Alternator Diagnostic Voltage Delta to DC Y Axis,0x0000,0x45DA,-17882
60E1D400__vs__60E1B900,0x75398,Alternator Diagnostic Voltage Delta to DC,0x0000,0x001F,-31
60E1D400__vs__60E1B900,0x753b4,Fuel Integrated (Map) Y Axis,0xC220,0x4000,33312
60E1D400__vs__60E1B900,0x753d8,Fuel Integrated (Map),0x0000,0xC0A0,-49312
60E1D400__vs__60E1B900,0x753ec,Fuel Integrated (Map) 2 Y Axis,0xC220,0x4248,32728
60E1D400__vs__60E1B900,0x75410,Fuel Integrated (Map) 2,0x0000,0x0404,-1028
60E1D400__vs__60E1B900,0x75424,Fuel Integrated (Map) 3 Y Axis,0xC220,0x44BB,32101
60E1D400__vs__60E1B900,0x75448,Fuel Integrated (Map) 3,0x0000,0x461C,-17948
60E1D400__vs__60E1B900,0x7545c,Fuel Integrated (Map) 4 Y Axis,0xC220,0x0064,49596
60E1D400__vs__60E1B900,0x75480,Fuel Integrated (Map) 4,0x0000,0x457A,-17786
60E1D400__vs__60E1B900,0x75494,Alternator Voltage Delta - Diagnostic Request X Axis,0x447A,0x460C,-402
60E1D400__vs__60E1B900,0x754c0,Alternator Voltage Delta - Diagnostic Request Y Axis,0x0000,0x4000,-16384
60E1D400__vs__60E1B900,0x754f0,Alternator Voltage Delta - Diagnostic Request,0x2620,0x4250,-7216
60E1D400__vs__60E1B900,0x75594,(Unknown - interp_bilinear_fpu_blend_v2) Y Axis,0xC0E3,0x447A,31849
60E1D400__vs__60E1B900,0x755b8,(Unknown - interp_bilinear_fpu_blend_v2),0x806D,0x45AB,15042
60E1D400__vs__60E1B900,0x755c4,(Unknown - interp_bilinear_fpu_blend) X Axis,0x3E23,0x3F20,-253
60E1D400__vs__60E1B900,0x755ec,(Unknown - interp_bilinear_fpu_blend) Y Axis,0x4443,0x8000,-15293
60E1D400__vs__60E1B900,0x75630,(Unknown - interp_bilinear_fpu_blend),0x1694,0x457A,-12006
60E1D400__vs__60E1B900,0x75784,(Unknown - interp_bilinear_fpu_blend_v2) 2 X Axis,0x3E23,0x1C40,8675
60E1D400__vs__60E1B900,0x757ac,(Unknown - interp_bilinear_fpu_blend_v2) 2 Y Axis,0x4443,0x42AF,404
60E1D400__vs__60E1B900,0x757f0,(Unknown - interp_bilinear_fpu_blend_v2) 2,0x1900,0x3E40,-9536
60E1D400__vs__60E1B900,0x75984,(Unknown - fpu_mac_single) Y Axis,0x447A,0x9C9A,-22560
60E1D400__vs__60E1B900,0x759cc,(Unknown - fpu_mac_single),0x1D1D,0x9C9C,-32639
60E1D400__vs__60E1B900,0x75a34,Utility - Saturation Index Ramp vs RPM Y Axis,0x0000,0x453B,-17723
60E1D400__vs__60E1B900,0x75a78,Utility - Saturation Index Ramp vs RPM,0x0000,0x0126,-294
60E1D400__vs__60E1B900,0x75a9c,Utility - RPM Lookup by Index Y Axis,0x0000,0x0126,-294
60E1D400__vs__60E1B900,0x75ae0,Utility - RPM Lookup by Index,0x444D,0x00F5,17240
60E1D400__vs__60E1B900,0x75ba4,Sensor Range Limit - Constant vs Coolant Temp Y Axis,0xC1F0,0x0172,49278
60E1D400__vs__60E1B900,0x75bbc,Sensor Range Limit - Constant vs Coolant Temp,0x0404,0x0145,703
60E1D400__vs__60E1B900,0x75bc4,Rotor 1 Ignition Dwell Y Axis,0x4348,0x017A,16846
60E1D400__vs__60E1B900,0x75bf8,Rotor 1 Ignition Dwell,0x01F4,0x015C,152
60E1D400__vs__60E1B900,0x75c14,Rotor 2 Ignition Dwell Y Axis,0x4348,0x0145,16899
60E1D400__vs__60E1B900,0x75c48,Rotor 2 Ignition Dwell,0x01F4,0x0097,349
60E1D400__vs__60E1B900,0x75cf8,CAN Faults - Fault Counter - Snapshot Matrix X Axis,0x0000,0x017D,-381
60E1D400__vs__60E1B900,0x75d0c,CAN Faults - Fault Counter - Snapshot Matrix Y Axis,0x0000,0x01AE,-430
60E1D400__vs__60E1B900,0x75d5c,CAN Faults - Fault Counter - Snapshot Matrix,0x0000,0x43FA,-17402
60E1D400__vs__60E1B900,0x75dc0,(Unknown - fpu_div_dispatch) X Axis,0x447A,0x35F3,3719
60E1D400__vs__60E1B900,0x75e04,(Unknown - fpu_div_dispatch) Y Axis,0x3F20,0x3E0D,275
60E1D400__vs__60E1B900,0x75e10,(Unknown - fpu_div_dispatch),0x8000,0x3C4D,17331
60E1D400__vs__60E1B900,0x75e78,(Unknown - fpu_div_dispatch) 2 X Axis,0x447A,0x555A,-4320
60E1D400__vs__60E1B900,0x75ebc,(Unknown - fpu_div_dispatch) 2 Y Axis,0x3F20,0x55C0,-5792
60E1D400__vs__60E1B900,0x75ec8,(Unknown - fpu_div_dispatch) 2,0x8000,0x0000,32768
60E1D400__vs__60E1B900,0x75f30,(Unknown - fpu_div_dispatch) 3 X Axis,0x447A,0x6280,-7686
60E1D400__vs__60E1B900,0x75f74,(Unknown - fpu_div_dispatch) 3 Y Axis,0x3F20,0x5BB3,-7315
60E1D400__vs__60E1B900,0x75f80,(Unknown - fpu_div_dispatch) 3,0x8000,0x0000,32768
60E1D400__vs__60E1B900,0x75fec,Adaptive Fuel Trim (Map) Y Axis,0x43FA,0x0000,17402
60E1D400__vs__60E1B900,0x76034,Adaptive Fuel Trim (Map),0x064D,0x0000,1613
60E1D400__vs__60E1B900,0x76058,Adaptive Fuel Trim (Map) 2 Y Axis,0x0000,0xC1A0,-49568
60E1D400__vs__60E1B900,0x7607c,Adaptive Fuel Trim (Map) 2,0x0080,0x447A,-17402
60E1D400__vs__60E1B900,0x76090,Transient Fuel Comp (Map) Y Axis,0x44C8,0x455A,-146
60E1D400__vs__60E1B900,0x760a4,Transient Fuel Comp (Map),0x0991,0x45BB,-15402
60E1D400__vs__60E1B900,0x760b0,Ignition Timing Leading - DSC Mode A - Base X Axis,0x3D80,0x45EA,-2154
60E1D400__vs__60E1B900,0x760f8,Ignition Timing Leading - DSC Mode A - Base Y Axis,0x43FA,0x0F73,13447
60E1D400__vs__60E1B900,0x76144,Ignition Timing Leading - DSC Mode A - Base,0x8A8A,0x1C66,28196
60E1D400__vs__60E1B900,0x7629c,(Unknown - fpu_div_speed_normalize) X Axis,0x3D80,0x0271,15119
60E1D400__vs__60E1B900,0x762e4,(Unknown - fpu_div_speed_normalize) Y Axis,0x43FA,0x3F80,1146
60E1D400__vs__60E1B900,0x76330,(Unknown - fpu_div_speed_normalize),0x00AF,0x42C8,-16921
60E1D400__vs__60E1B900,0x765dc,Engine Torque X Axis,0x3D80,0x4100,-896
60E1D400__vs__60E1B900,0x76624,Engine Torque Y Axis,0x43FA,0x0000,17402
60E1D400__vs__60E1B900,0x76670,Engine Torque,0x0000,0x4020,-16416
60E1D400__vs__60E1B900,0x7691c,(Unknown - fpu_div_correction_factor) X Axis,0xC220,0x0000,49696
60E1D400__vs__60E1B900,0x7693c,(Unknown - fpu_div_correction_factor) Y Axis,0x43FA,0x42A0,346
60E1D400__vs__60E1B900,0x76988,(Unknown - fpu_div_correction_factor),0x0BCD,0x453B,-14702
60E1D400__vs__60E1B900,0x76ab8,(Unknown - divide_float_write_to) X Axis,0x4270,0x3800,2672
60E1D400__vs__60E1B900,0x76acc,(Unknown - divide_float_write_to) Y Axis,0x3E4C,0x2A9A,5042
60E1D400__vs__60E1B900,0x76ad8,(Unknown - divide_float_write_to),0xB073,0x451A,27481
60E1D400__vs__60E1B900,0x76b18,(Unknown - math_accumulator) Y Axis,0xC220,0x389A,35206
60E1D400__vs__60E1B900,0x76b28,(Unknown - math_accumulator),0x030E,0x4100,-15858
60E1D400__vs__60E1B900,0x76bc8,Torque Limit - Multipoint Curve 1 vs Torque Error Y Axis,0xC180,0x6866,22810
60E1D400__vs__60E1B900,0x76c2c,Torque Limit - Multipoint Curve 1 vs Torque Error,0x42BF,0x6B00,-10305
60E1D400__vs__60E1B900,0x76c90,Torque Limit - Multipoint Curve 2 vs Torque Error Y Axis,0xC180,0x5B1A,26214
60E1D400__vs__60E1B900,0x76cf4,Torque Limit - Multipoint Curve 2 vs Torque Error,0x42BF,0x42DD,-30
60E1D400__vs__60E1B900,0x76d58,Torque Limit - Multipoint Curve 3 vs Torque Error Y Axis,0xC180,0x08BD,47299
60E1D400__vs__60E1B900,0x76dbc,Torque Limit - Multipoint Curve 3 vs Torque Error,0x42BF,0x03E7,16088
60E1D400__vs__60E1B900,0x76e20,Torque Limit - Multipoint Curve 4 vs Torque Error Y Axis,0xC180,0x01FC,49028
60E1D400__vs__60E1B900,0x76e84,Torque Limit - Multipoint Curve 4 vs Torque Error,0x42BF,0x42AE,17
60E1D400__vs__60E1B900,0x76ee8,Torque Limit - Multipoint Curve 5 vs Torque Error Y Axis,0xC180,0x07C2,47550
60E1D400__vs__60E1B900,0x76f4c,Torque Limit - Multipoint Curve 5 vs Torque Error,0x42BF,0x0347,16248
60E1D400__vs__60E1B900,0x76fb0,Torque Compensation - Curve 1 vs Torque Error Y Axis,0xC180,0x01A3,49117
60E1D400__vs__60E1B900,0x7702c,Torque Compensation - Curve 1 vs Torque Error,0x3E99,0x3F80,-231
60E1D400__vs__60E1B900,0x770a8,Torque Compensation - Curve 2 vs Torque Error Y Axis,0xC180,0xEAEA,-10602
60E1D400__vs__60E1B900,0x77124,Torque Compensation - Curve 2 vs Torque Error,0x3E99,0x42A0,-1031
60E1D400__vs__60E1B900,0x771a0,Torque Compensation - Curve 3 vs Torque Error Y Axis,0xC180,0x3F80,33280
60E1D400__vs__60E1B900,0x7721c,Torque Compensation - Curve 3 vs Torque Error,0x3E19,0x460C,-2035
60E1D400__vs__60E1B900,0x77298,Torque Compensation - Curve 4 vs Torque Error Y Axis,0xC180,0x0000,49536
60E1D400__vs__60E1B900,0x77314,Torque Compensation - Curve 4 vs Torque Error,0x3E19,0x0000,15897
60E1D400__vs__60E1B900,0x77390,Torque Compensation - Curve 5 vs Torque Error Y Axis,0xC180,0x458C,31732
60E1D400__vs__60E1B900,0x7740c,Torque Compensation - Curve 5 vs Torque Error,0x3E19,0x0000,15897
60E1D400__vs__60E1B900,0x77488,Torque Limit Multipoint (Map) X Axis,0x41A0,0x3F50,592
60E1D400__vs__60E1B900,0x774ac,Torque Limit Multipoint (Map) Y Axis,0x4000,0x55C3,-5571
60E1D400__vs__60E1B900,0x774c0,Torque Limit Multipoint (Map),0x41A0,0x3B6F,1585
60E1D400__vs__60E1B900,0x77574,Faults - Diagnostic - Level Matrix X Axis,0x41A0,0x472B,-1419
60E1D400__vs__60E1B900,0x7759c,Faults - Diagnostic - Level Matrix Y Axis,0x4000,0x4F5C,-3932
60E1D400__vs__60E1B900,0x775b0,Faults - Diagnostic - Level Matrix,0x411C,0x3988,1940
60E1D400__vs__60E1B900,0x77678,Faults - Diagnostic - Level Matrix 2 X Axis,0x41A0,0x370A,2710
60E1D400__vs__60E1B900,0x77680,Faults - Diagnostic - Level Matrix 2 Y Axis,0x4000,0x598C,-6540
60E1D400__vs__60E1B900,0x77694,Faults - Diagnostic - Level Matrix 2,0x0000,0x43BD,-17341
60E1D400__vs__60E1B900,0x776bc,Faults - Diagnostic - Level Matrix 3 X Axis,0x41A0,0x312F,4209
60E1D400__vs__60E1B900,0x776c4,Faults - Diagnostic - Level Matrix 3 Y Axis,0x4000,0x3A54,1452
60E1D400__vs__60E1B900,0x776d8,Faults - Diagnostic - Level Matrix 3,0x0000,0x420C,-16908
60E1D400__vs__60E1B900,0x77700,Faults - Diagnostic - Level Matrix 4 X Axis,0x41A0,0x3A76,1834
60E1D400__vs__60E1B900,0x77724,Faults - Diagnostic - Level Matrix 4 Y Axis,0x4000,0x37AE,2130
60E1D400__vs__60E1B900,0x77738,Faults - Diagnostic - Level Matrix 4,0x41A0,0x49EE,-2126
60E1D400__vs__60E1B900,0x777ec,Faults - Diagnostic - Level Matrix 5 X Axis,0x0000,0x4120,-16672
60E1D400__vs__60E1B900,0x77800,Faults - Diagnostic - Level Matrix 5 Y Axis,0x4000,0x420C,-524
60E1D400__vs__60E1B900,0x77814,Faults - Diagnostic - Level Matrix 5,0x42C8,0x428C,60
60E1D400__vs__60E1B900,0x778ec,Cooling - Fan - Engage Threshold Y Axis,0x0000,0x8191,-33169
60E1D400__vs__60E1B900,0x778f0,Cooling - Fan - Engage Threshold,0x10FF,0x5682,-17795
60E1D400__vs__60E1B900,0x778f4,Cooling - Fan - Disengage Threshold Y Axis,0x0000,0x3754,-14164
60E1D400__vs__60E1B900,0x778f8,Cooling - Fan - Disengage Threshold,0x00FF,0x25E3,-9444
60E1D400__vs__60E1B900,0x778fc,Engine On Time Threshold Y Axis,0xC220,0x125C,44996
60E1D400__vs__60E1B900,0x77920,Engine On Time Threshold,0x0271,0x420C,-16283
60E1D400__vs__60E1B900,0x779b8,(Unknown - conditional_fpu_accumulate_handler) Y Axis,0x4283,0x0032,16977
60E1D400__vs__60E1B900,0x779d8,(Unknown - conditional_fpu_accumulate_handler),0x6464,0x3FF0,9332
60E1D400__vs__60E1B900,0x779e0,(Unknown - conditional_fpu_accumulate_handler) 2 Y Axis,0x4138,0x3E80,696
60E1D400__vs__60E1B900,0x779fc,(Unknown - conditional_fpu_accumulate_handler) 2,0x0000,0x42C8,-17096
60E1D400__vs__60E1B900,0x77a0c,(Unknown - conditional_fpu_accumulate_handler) 3 Y Axis,0x4138,0x00FF,16441
60E1D400__vs__60E1B900,0x77a28,(Unknown - conditional_fpu_accumulate_handler) 3,0x0000,0x41D8,-16856
60E1D400__vs__60E1B900,0x77a44,Primary Injector Weighted Engine Temp Multiplier X Axis,0xC220,0x3CA3,34173
60E1D400__vs__60E1B900,0x77a70,Primary Injector Weighted Engine Temp Multiplier Y Axis,0x3E00,0x4400,-1536
60E1D400__vs__60E1B900,0x77a9c,Primary Injector Weighted Engine Temp Multiplier,0x4040,0x4316,-726
60E1D400__vs__60E1B900,0x77b18,Secondary 1 Injector Weighted Engine Temp Multiplier X Axis,0xC220,0x0106,49434
60E1D400__vs__60E1B900,0x77b1c,Secondary 1 Injector Weighted Engine Temp Multiplier Y Axis,0x3E00,0x0103,15613
60E1D400__vs__60E1B900,0x77b20,Secondary 1 Injector Weighted Engine Temp Multiplier,0x40FF,0x5E00,-7425
60E1D400__vs__60E1B900,0x77b24,Secondary 2 Injector Weighted Engine Temp Multiplier X Axis,0xC220,0x000D,49683
60E1D400__vs__60E1B900,0x77b28,Secondary 2 Injector Weighted Engine Temp Multiplier Y Axis,0x3E00,0x4400,-1536
60E1D400__vs__60E1B900,0x77b2c,Secondary 2 Injector Weighted Engine Temp Multiplier,0x40FF,0x4282,-387
60E1D400__vs__60E1B900,0x77b34,(Unknown - fpu_multiply_accumulate_store) Y Axis,0x4270,0x41A0,208
60E1D400__vs__60E1B900,0x77b44,(Unknown - fpu_multiply_accumulate_store),0x2456,0x013E,8984
60E1D400__vs__60E1B900,0x77b4c,Injector Manifold Vacuum Multiplier Y Axis,0xC1F0,0x0502,48366
60E1D400__vs__60E1B900,0x77b90,Injector Manifold Vacuum Multiplier,0x28B7,0x4000,-5961
60E1D400__vs__60E1B900,0x77bb4,Estimated Manifold Pressure X Axis,0x447A,0x45BB,-321
60E1D400__vs__60E1B900,0x77bf8,Estimated Manifold Pressure Y Axis,0x3D80,0x428C,-1292
60E1D400__vs__60E1B900,0x77c48,Estimated Manifold Pressure,0x0EE6,0x42A6,-13248
60E1D400__vs__60E1B900,0x77ef0,Injector Latency Secondary X Axis,0xC17D,0x1616,43879
60E1D400__vs__60E1B900,0x77f34,Injector Latency Secondary Y Axis,0x40D0,0x457A,-1194
60E1D400__vs__60E1B900,0x77f58,Injector Latency Secondary,0x0C64,0x4604,-14752
60E1D400__vs__60E1B900,0x7808c,Injector Latency Primary X Axis,0xC17D,0xC1A0,-35
60E1D400__vs__60E1B900,0x780d0,Injector Latency Primary Y Axis,0x40D0,0x44BB,-1003
60E1D400__vs__60E1B900,0x780f4,Injector Latency Primary,0x0AC0,0x0012,2734
60E1D400__vs__60E1B900,0x78284,Coil Output Timing (Map) Y Axis,0x4270,0x4270,0
60E1D400__vs__60E1B900,0x7829c,Coil Output Timing (Map),0x202E,0x1A1A,1556
60E1D400__vs__60E1B900,0x782a4,Coil Output Timing (Map) 2 Y Axis,0x4282,0x0000,17026
60E1D400__vs__60E1B900,0x782b8,Coil Output Timing (Map) 2,0x4C80,0x0000,19584
60E1D400__vs__60E1B900,0x782c0,Fuel Injection - Startup - Injector Pulse Width Multiplier Y Axis,0x4282,0x0000,17026
60E1D400__vs__60E1B900,0x782c4,Fuel Injection - Startup - Injector Pulse Width Multiplier,0x80FF,0x0000,33023
60E1D400__vs__60E1B900,0x782c8,(Unknown - conditional_fpu_calc) Y Axis,0x41A8,0x0000,16808
60E1D400__vs__60E1B900,0x782d4,(Unknown - conditional_fpu_calc),0x8000,0x0000,32768
60E1D400__vs__60E1B900,0x782d8,FPU - Correction Constant vs Coolant Temp Y Axis,0xC220,0x0000,49696
60E1D400__vs__60E1B900,0x782e4,FPU - Correction Constant vs Coolant Temp,0xEAEA,0xC120,10698
60E1D400__vs__60E1B900,0x782e8,Injector Deadtime Primary Y Axis,0xC1F0,0x0000,49648
60E1D400__vs__60E1B900,0x78318,Injector Deadtime Primary,0x60A4,0x42C8,7644
60E1D400__vs__60E1B900,0x78330,Primary Fuel Injector Cranking Pulse Width Y Axis,0xC1F0,0x42A0,32592
60E1D400__vs__60E1B900,0x78364,Primary Fuel Injector Cranking Pulse Width,0x60A4,0x2626,14974
60E1D400__vs__60E1B900,0x783a0,Primary Injector Size,0x43B8,0x42C8,240
60E1D400__vs__60E1B900,0x783a8,Secondary Injector Size,0x43ED,0x0000,17389
60E1D400__vs__60E1B900,0x783b0,Secondary Injector Size #2,0x43ED,0x3E99,1364
60E1D400__vs__60E1B900,0x78418,(Unknown - massive_fpu_control_calc) Y Axis,0x447A,0x0000,17530
60E1D400__vs__60E1B900,0x7845c,(Unknown - massive_fpu_control_calc),0x1414,0x3D23,-10511
60E1D400__vs__60E1B900,0x78470,Primary Injector Max Barometric Pressure Correction Y Axis,0x4256,0x4270,-26
60E1D400__vs__60E1B900,0x78490,Primary Injector Max Barometric Pressure Correction,0x2F41,0x4270,-4911
60E1D400__vs__60E1B900,0x78498,FPU - Adaptive Correction vs Coolant Temp Y Axis,0xC220,0x42C8,32600
60E1D400__vs__60E1B900,0x784bc,FPU - Adaptive Correction vs Coolant Temp,0x1E1E,0x41C8,-9130
60E1D400__vs__60E1B900,0x784c8,FPU - Correction Step 1 vs Coolant Temp Y Axis,0xC1A0,0x4220,32640
60E1D400__vs__60E1B900,0x784d4,FPU - Correction Step 1 vs Coolant Temp,0x0000,0x3232,-12850
60E1D400__vs__60E1B900,0x784d8,FPU - Correction Step 2 vs Coolant Temp Y Axis,0xC1A0,0x2828,39288
60E1D400__vs__60E1B900,0x784e4,FPU - Correction Step 2 vs Coolant Temp,0x0000,0x3DCC,-15820
60E1D400__vs__60E1B900,0x784e8,Primary Fuel Injector Pulse Width Control Y Axis,0xC220,0x3E4C,33748
60E1D400__vs__60E1B900,0x7850c,Primary Fuel Injector Pulse Width Control,0x0505,0x3F59,-14932
60E1D400__vs__60E1B900,0x78518,Secondary Fuel Injector Minimum Pulse Width Y Axis,0xC220,0x3F6C,33460
60E1D400__vs__60E1B900,0x7853c,Secondary Fuel Injector Minimum Pulse Width,0x1A1A,0x329A,-6272
60E1D400__vs__60E1B900,0x78548,(Unknown - complex_adaptive_fpu_calc) Y Axis,0xC220,0x0177,49321
60E1D400__vs__60E1B900,0x7856c,(Unknown - complex_adaptive_fpu_calc),0x1A1A,0x458F,-11125
60E1D400__vs__60E1B900,0x78578,(Unknown - complex_fpu_compare_calc) Y Axis,0xC220,0x3D85,33947
60E1D400__vs__60E1B900,0x7859c,(Unknown - complex_fpu_compare_calc),0x8A00,0x4020,18912
60E1D400__vs__60E1B900,0x785b0,Calculate Fuel Amount Per Rotation Min Max (Map) Y Axis,0x447A,0x44FA,-128
60E1D400__vs__60E1B900,0x785f4,Calculate Fuel Amount Per Rotation Min Max (Map),0xAF00,0x6C6C,17044
60E1D400__vs__60E1B900,0x78618,Secondary Injectors Allowed Threshold - Coolant Temperature Based Y Axis,0xC220,0x45AB,31861
60E1D400__vs__60E1B900,0x7863c,Secondary Injectors Allowed Threshold - Coolant Temperature Based,0x0BB8,0x451C,-14692
60E1D400__vs__60E1B900,0x78650,Engine Load Compensation X Axis,0x43FA,0x459C,-418
60E1D400__vs__60E1B900,0x78698,Engine Load Compensation Y Axis,0x3E00,0x3F00,-256
60E1D400__vs__60E1B900,0x786e8,Engine Load Compensation,0x55C3,0xBE40,-26749
60E1D400__vs__60E1B900,0x789d0,(Unknown - extensive_table_based_fpu_calc) Y Axis,0xC170,0x2710,39520
60E1D400__vs__60E1B900,0x78a00,(Unknown - extensive_table_based_fpu_calc),0x0000,0x3E90,-16016
60E1D400__vs__60E1B900,0x78a0c,(Unknown - extensive_table_based_fpu_calc) 2 Y Axis,0x428C,0x3EC0,972
60E1D400__vs__60E1B900,0x78a30,(Unknown - extensive_table_based_fpu_calc) 2,0x6464,0x0000,25700
60E1D400__vs__60E1B900,0x78a3c,(Unknown - extensive_table_based_fpu_calc) 3 Y Axis,0xC170,0x3DC0,33712
60E1D400__vs__60E1B900,0x78a6c,(Unknown - extensive_table_based_fpu_calc) 3,0x0000,0x015E,-350
60E1D400__vs__60E1B900,0x78a78,(Unknown - extensive_table_based_fpu_calc) 4 Y Axis,0x428C,0x06D6,15286
60E1D400__vs__60E1B900,0x78a9c,(Unknown - extensive_table_based_fpu_calc) 4,0x6464,0xC220,-23996
60E1D400__vs__60E1B900,0x78aa8,(Unknown - extensive_table_based_fpu_calc) 5 Y Axis,0xC170,0x41A0,32720
60E1D400__vs__60E1B900,0x78ad8,(Unknown - extensive_table_based_fpu_calc) 5,0x0000,0x1021,-4129
60E1D400__vs__60E1B900,0x78ae4,(Unknown - extensive_table_based_fpu_calc) 6 Y Axis,0x428C,0x0B98,14068
60E1D400__vs__60E1B900,0x78b08,(Unknown - extensive_table_based_fpu_calc) 6,0x6464,0x059A,24266
60E1D400__vs__60E1B900,0x78b14,(Unknown - extensive_table_based_fpu_calc) 7 Y Axis,0x3D80,0x44FA,-1914
60E1D400__vs__60E1B900,0x78b38,(Unknown - extensive_table_based_fpu_calc) 7,0x6464,0x42A0,8644
60E1D400__vs__60E1B900,0x78b44,(Unknown - complex_fpu_div_sqrt_accumulate) Y Axis,0x4100,0x0E47,12985
60E1D400__vs__60E1B900,0x78b68,(Unknown - complex_fpu_div_sqrt_accumulate),0x6464,0x0B68,22780
60E1D400__vs__60E1B900,0x78b74,Auxiliary Port Valve - Schedule - Condition Table Y Axis,0x4100,0x059A,15206
60E1D400__vs__60E1B900,0x78ba0,Auxiliary Port Valve - Schedule - Condition Table,0x0000,0xC1A0,-49568
60E1D400__vs__60E1B900,0x78bb8,(Unknown - conditional_fpu_multi_flag_selector) Y Axis,0xC170,0x72D9,20119
60E1D400__vs__60E1B900,0x78be8,(Unknown - conditional_fpu_multi_flag_selector),0x0050,0x1CF6,-7334
60E1D400__vs__60E1B900,0x78c4c,(Unknown - extensive_fpu_threshold_and_calc) Y Axis,0xC220,0x9FE7,8761
60E1D400__vs__60E1B900,0x78c68,(Unknown - extensive_fpu_threshold_and_calc),0x0050,0x0800,-1968
60E1D400__vs__60E1B900,0x78c70,Cruise Control - Set Speed - Condition Threshold Y Axis,0x428C,0x0800,14988
60E1D400__vs__60E1B900,0x78c74,Cruise Control - Set Speed - Condition Threshold,0x00FF,0x447A,-17275
60E1D400__vs__60E1B900,0x78c78,Secondary Air Pump On Time Y Axis,0xC1A0,0x44BB,31973
60E1D400__vs__60E1B900,0x78c94,Secondary Air Pump On Time,0x0000,0x4220,-16928
60E1D400__vs__60E1B900,0x78cc0,Auxillary Valve Close,0x45BE,0x1CF6,10440
60E1D400__vs__60E1B900,0x78d9c,Max Load - Intake Temperature Compensation Y Axis,0xC220,0x7A3D,18403
60E1D400__vs__60E1B900,0x78dc0,Max Load - Intake Temperature Compensation,0x031B,0xA3CC,-41137
60E1D400__vs__60E1B900,0x78dd4,Engine Torque Max - Barometric Pressure Compensation Y Axis,0x4220,0x4276,-86
60E1D400__vs__60E1B900,0x78df8,Engine Torque Max - Barometric Pressure Compensation,0x09E4,0x6C00,-25116
60E1D400__vs__60E1B900,0x78edc,Minimum Oil Injection Amount Y Axis,0x0000,0x4280,-17024
60E1D400__vs__60E1B900,0x78f00,Minimum Oil Injection Amount,0x3C1E,0x428E,-1648
60E1D400__vs__60E1B900,0x78f0c,Intake Air Temperature Based Oil Injection Amount Y Axis,0x41F0,0x0000,16880
60E1D400__vs__60E1B900,0x78f24,Intake Air Temperature Based Oil Injection Amount,0x1616,0x0000,5654
60E1D400__vs__60E1B900,0x78f2c,Manifold Pressure Based Oil Injection Amount Y Axis,0x41F0,0x4206,-22
60E1D400__vs__60E1B900,0x78f44,Manifold Pressure Based Oil Injection Amount,0x6464,0x3C6F,10229
60E1D400__vs__60E1B900,0x78f4c,Unknown - Zero Table vs Coolant Temp Y Axis,0xC1A0,0x3C9F,34049
60E1D400__vs__60E1B900,0x78f78,Unknown - Zero Table vs Coolant Temp,0x0000,0x3D3E,-15678
60E1D400__vs__60E1B900,0x78f84,Load Based Oil Injection Temperature Correction Y Axis,0x42B4,0x3D5B,1369
60E1D400__vs__60E1B900,0x78f90,Load Based Oil Injection Temperature Correction,0x03E9,0x3D79,-14736
60E1D400__vs__60E1B900,0x78f98,First Start Oil Injection Timer Y Axis,0x41F0,0x3D86,1130
60E1D400__vs__60E1B900,0x78fb0,First Start Oil Injection Timer,0x0000,0x3DF0,-15856
60E1D400__vs__60E1B900,0x78fbc,Unknown - Dual-Level Table vs Axis Y Axis,0x0000,0x3E70,-15984
60E1D400__vs__60E1B900,0x78fd4,Unknown - Dual-Level Table vs Axis,0x4100,0x3EF0,528
60E1D400__vs__60E1B900,0x78fec,Exhaust Port - Duty Step vs Index Y Axis,0x0000,0x3F70,-16240
60E1D400__vs__60E1B900,0x79004,Exhaust Port - Duty Step vs Index,0x0000,0x3FF0,-16368
60E1D400__vs__60E1B900,0x7901c,Unknown - Table vs Axis Y Axis,0x40A0,0x4020,128
60E1D400__vs__60E1B900,0x79028,Unknown - Table vs Axis,0x4120,0x2025,8443
60E1D400__vs__60E1B900,0x79034,Oil Metering By Load X Axis,0x442F,0x4A4D,-1566
60E1D400__vs__60E1B900,0x79080,Oil Metering By Load Y Axis,0x3D80,0x458C,-2060
60E1D400__vs__60E1B900,0x790c4,Oil Metering By Load,0x0303,0x451C,-16921
60E1D400__vs__60E1B900,0x79208,Oil Metering By Throttle X Axis,0x442F,0x4E4E,-2591
60E1D400__vs__60E1B900,0x79254,Oil Metering By Throttle Y Axis,0x4270,0x4180,240
60E1D400__vs__60E1B900,0x79264,Oil Metering By Throttle,0x0000,0x0000,0
60E1D400__vs__60E1B900,0x792b0,Barometric Pressure Based Oil Injection Amount X Axis,0x44BB,0x45E2,-295
60E1D400__vs__60E1B900,0x792c8,Barometric Pressure Based Oil Injection Amount Y Axis,0x42AA,0x4434,-394
60E1D400__vs__60E1B900,0x792dc,Barometric Pressure Based Oil Injection Amount,0x2828,0x0000,10280
60E1D400__vs__60E1B900,0x7930c,Fuel Injection - Warmup Fueling - Load Based Multiplier Y Axis,0x3E00,0x44FA,-1786
60E1D400__vs__60E1B900,0x79334,Fuel Injection - Warmup Fueling - Load Based Multiplier,0x4040,0x3E80,448
60E1D400__vs__60E1B900,0x79340,Fuel Injection - Warmup Fueling X Axis,0xC220,0x3EE0,33600
60E1D400__vs__60E1B900,0x79380,Fuel Injection - Warmup Fueling Y Axis,0xC1A0,0x42F0,32432
60E1D400__vs__60E1B900,0x7938c,Fuel Injection - Warmup Fueling,0x4B41,0x4352,2031
60E1D400__vs__60E1B900,0x793bc,Fuel Injection - Warmup Fueling - Engine Speed Based X Axis,0x447A,0x4248,562
60E1D400__vs__60E1B900,0x793d0,Fuel Injection - Warmup Fueling - Engine Speed Based Y Axis,0x40A0,0x0099,16391
60E1D400__vs__60E1B900,0x793e4,Fuel Injection - Warmup Fueling - Engine Speed Based,0x1216,0xC1A0,-44938
60E1D400__vs__60E1B900,0x79400,Fuel Injection - Warmup Fueling - Engine Speed Based (Coolant Temp Fault) X Axis,0x43FA,0x4248,434
60E1D400__vs__60E1B900,0x7941c,Fuel Injection - Warmup Fueling - Engine Speed Based (Coolant Temp Fault) Y Axis,0xC220,0x00C9,49495
60E1D400__vs__60E1B900,0x79434,Fuel Injection - Warmup Fueling - Engine Speed Based (Coolant Temp Fault),0x0A0A,0x41F0,-14310
60E1D400__vs__60E1B900,0x79470,(Unknown - extensive_fpu_div_multi_calc) Y Axis,0xC220,0x3E19,33799
60E1D400__vs__60E1B900,0x794b0,(Unknown - extensive_fpu_div_multi_calc),0x001E,0x4270,-16978
60E1D400__vs__60E1B900,0x794d0,(Unknown - extensive_fpu_div_multi_calc) 2 Y Axis,0xC220,0x42C8,32600
60E1D400__vs__60E1B900,0x79510,(Unknown - extensive_fpu_div_multi_calc) 2,0x0014,0x41A0,-16780
60E1D400__vs__60E1B900,0x79530,(Unknown - fpu_div_conditional_calc) X Axis,0xC220,0x42C8,32600
60E1D400__vs__60E1B900,0x79570,(Unknown - fpu_div_conditional_calc) Y Axis,0x4220,0x2727,6905
60E1D400__vs__60E1B900,0x79584,(Unknown - fpu_div_conditional_calc),0x0000,0x447A,-17530
60E1D400__vs__60E1B900,0x795d4,(Unknown - fpu_div_conditional_calc) 2 X Axis,0xC1A0,0x44FA,31910
60E1D400__vs__60E1B900,0x79614,(Unknown - fpu_div_conditional_calc) 2 Y Axis,0x4220,0x13EA,11830
60E1D400__vs__60E1B900,0x79628,(Unknown - fpu_div_conditional_calc) 2,0x2626,0x23FF,551
60E1D400__vs__60E1B900,0x796bc,(Unknown - extensive_fpu_threshold_calc) Y Axis,0xC180,0x12E0,44704
60E1D400__vs__60E1B900,0x796e8,(Unknown - extensive_fpu_threshold_calc),0x9682,0x4220,21602
60E1D400__vs__60E1B900,0x796f4,(Unknown - extensive_fpu_threshold_calc) 2 Y Axis,0xC180,0x4190,32752
60E1D400__vs__60E1B900,0x79728,(Unknown - extensive_fpu_threshold_calc) 2,0x07F8,0x4130,-14648
60E1D400__vs__60E1B900,0x79770,Secondary Fuel Blend Transition RPM Y Axis,0xC220,0x428C,32660
60E1D400__vs__60E1B900,0x79790,Secondary Fuel Blend Transition RPM,0x7D64,0x41CA,15258
60E1D400__vs__60E1B900,0x79798,Ignition Leading - Cranking Timing Advance Y Axis,0xC1A0,0x3F80,33312
60E1D400__vs__60E1B900,0x797c8,Ignition Leading - Cranking Timing Advance,0x3232,0x6E6E,-15420
60E1D400__vs__60E1B900,0x797d4,Rotor A/B Fuel Pulse Width Limiter Y Axis,0x0000,0xC220,-49696
60E1D400__vs__60E1B900,0x79814,Rotor A/B Fuel Pulse Width Limiter,0x6D0A,0x3DCC,12094
60E1D400__vs__60E1B900,0x798a4,Secondary Injectors Enable Temperature Y Axis,0x44FA,0x0000,17658
60E1D400__vs__60E1B900,0x798b8,Secondary Injectors Enable Temperature,0x6C6C,0x0001,27755
60E1D400__vs__60E1B900,0x798c0,Secondary Injectors Disable Temperature Y Axis,0x44FA,0x0000,17658
60E1D400__vs__60E1B900,0x798d0,Secondary Injectors Disable Temperature,0x6C76,0x3E40,11830
60E1D400__vs__60E1B900,0x798d4,Knock Retard Max - Knock Sensor Faulted Y Axis,0x44FA,0x3E80,1658
60E1D400__vs__60E1B900,0x798e8,Knock Retard Max - Knock Sensor Faulted,0x6C6C,0x3F10,11612
60E1D400__vs__60E1B900,0x798f0,Rotor A/B Fuel Trim Y Axis,0x44FA,0x43FA,256
60E1D400__vs__60E1B900,0x79920,Rotor A/B Fuel Trim,0x6C6C,0x000D,27743
60E1D400__vs__60E1B900,0x7992c,Rotor A/B Fuel Trim 2 Y Axis,0x44FA,0x0012,17640
60E1D400__vs__60E1B900,0x7995c,Rotor A/B Fuel Trim 2,0x8080,0x000A,32886
60E1D400__vs__60E1B900,0x79980,Deceleration Fuel Cutoff Rate Y Axis,0x3E00,0x0008,15864
60E1D400__vs__60E1B900,0x799a0,Deceleration Fuel Cutoff Rate,0x0014,0x0001,19
60E1D400__vs__60E1B900,0x799a8,Deceleration Fuel Cutoff Recovery Y Axis,0xBDC0,0x0001,48575
60E1D400__vs__60E1B900,0x799b8,Deceleration Fuel Cutoff Recovery,0x1D4C,0x3E00,-8372
60E1D400__vs__60E1B900,0x799c0,Fuel Pressure Regulator Duty Low Y Axis,0xBED0,0x3E80,32848
60E1D400__vs__60E1B900,0x799f8,Fuel Pressure Regulator Duty Low,0x2710,0x457A,-7786
60E1D400__vs__60E1B900,0x79a14,Fuel Pressure Regulator Duty High Y Axis,0xBED0,0x0000,48848
60E1D400__vs__60E1B900,0x79a1c,Fuel Pressure Regulator Duty High,0x13D6,0x0000,5078
60E1D400__vs__60E1B900,0x79a20,Fuel Pressure Regulator (3D) X Axis,0x43FA,0x0000,17402
60E1D400__vs__60E1B900,0x79a38,Fuel Pressure Regulator (3D) Y Axis,0xC220,0x0000,49696
60E1D400__vs__60E1B900,0x79a54,Fuel Pressure Regulator (3D),0x059A,0x0AFD,-1379
60E1D400__vs__60E1B900,0x79aa8,Fuel Pressure Regulator Compensation (3D) X Axis,0x44BB,0x3E4C,1647
60E1D400__vs__60E1B900,0x79ab8,Fuel Pressure Regulator Compensation (3D) Y Axis,0xC220,0x3EE6,33594
60E1D400__vs__60E1B900,0x79ad4,Fuel Pressure Regulator Compensation (3D),0x1366,0x44FA,-12692
60E1D400__vs__60E1B900,0x79b0c,Fuel Pressure Regulator Compensation 2 (3D) X Axis,0x44BB,0x0000,17595
60E1D400__vs__60E1B900,0x79b2c,Fuel Pressure Regulator Compensation 2 (3D) Y Axis,0xC220,0x0873,47533
60E1D400__vs__60E1B900,0x79b48,Fuel Pressure Regulator Compensation 2 (3D),0x1E00,0x049C,6500
60E1D400__vs__60E1B900,0x79bf0,(Unknown - fpu_calc_with_state_routing) Y Axis,0x3E00,0x455A,-1882
60E1D400__vs__60E1B900,0x79c18,(Unknown - fpu_calc_with_state_routing),0x8C3C,0x4604,17976
60E1D400__vs__60E1B900,0x79c24,(Unknown - state_dispatch_with_interpolate) Y Axis,0x0000,0x1716,-5910
60E1D400__vs__60E1B900,0x79c48,(Unknown - state_dispatch_with_interpolate),0x1E32,0x0040,7666
60E1D400__vs__60E1B900,0x79c54,Get Engine Startup Enrich Value (Map) Y Axis,0xC220,0x4120,33024
60E1D400__vs__60E1B900,0x79c74,Get Engine Startup Enrich Value (Map),0x503C,0x43FA,3138
60E1D400__vs__60E1B900,0x79c7c,(Unknown - fpu_calc_with_state_routing) 2 Y Axis,0x0000,0x447A,-17530
60E1D400__vs__60E1B900,0x79cb4,(Unknown - fpu_calc_with_state_routing) 2,0x0000,0x445C,-17500
60E1D400__vs__60E1B900,0x79cd0,(Unknown - fpu_calc_conditional_branch) Y Axis,0x0000,0x3E00,-15872
60E1D400__vs__60E1B900,0x79d08,(Unknown - fpu_calc_conditional_branch),0x0000,0x3F8C,-16268
60E1D400__vs__60E1B900,0x79d24,(Unknown - fpu_calc_with_state_transition) Y Axis,0x0000,0x3F4C,-16204
60E1D400__vs__60E1B900,0x79d5c,(Unknown - fpu_calc_with_state_transition),0x0000,0x41CC,-16844
60E1D400__vs__60E1B900,0x79d78,(Unknown - fpu_calc_with_state_routing) 3 X Axis,0x43FA,0x4275,389
60E1D400__vs__60E1B900,0x79d90,(Unknown - fpu_calc_with_state_routing) 3 Y Axis,0xC220,0x42B8,32616
60E1D400__vs__60E1B900,0x79dac,(Unknown - fpu_calc_with_state_routing) 3,0x147B,0x000A,5233
60E1D400__vs__60E1B900,0x79e00,(Unknown - fpu_calc_with_state_routing) 4 X Axis,0x447A,0x00C3,17335
60E1D400__vs__60E1B900,0x79e14,(Unknown - fpu_calc_with_state_routing) 4 Y Axis,0x40A0,0x40A3,-3
60E1D400__vs__60E1B900,0x79e30,(Unknown - fpu_calc_with_state_routing) 4,0x278D,0x4223,-6806
60E1D400__vs__60E1B900,0x79e78,(Unknown - fpu_calc_conditional_branch) 2 X Axis,0x43FA,0x000A,17392
60E1D400__vs__60E1B900,0x79e90,(Unknown - fpu_calc_conditional_branch) 2 Y Axis,0xC220,0x0044,49628
60E1D400__vs__60E1B900,0x79eac,(Unknown - fpu_calc_conditional_branch) 2,0x72D9,0x40A3,12854
60E1D400__vs__60E1B900,0x79f00,(Unknown - fpu_calc_conditional_branch) 3 X Axis,0x447A,0x42E1,409
60E1D400__vs__60E1B900,0x79f14,(Unknown - fpu_calc_conditional_branch) 3 Y Axis,0x40A0,0x0014,16524
60E1D400__vs__60E1B900,0x79f2c,(Unknown - fpu_calc_conditional_branch) 3,0xA82E,0x004C,42978
60E1D400__vs__60E1B900,0x79f68,(Unknown - fpu_calc_with_state_transition) 2 X Axis,0x447A,0x018E,17132
60E1D400__vs__60E1B900,0x79f7c,(Unknown - fpu_calc_with_state_transition) 2 Y Axis,0x40A0,0x4175,-213
60E1D400__vs__60E1B900,0x79f94,(Unknown - fpu_calc_with_state_transition) 2,0x605B,0x4238,7715
60E1D400__vs__60E1B900,0x7a028,RPM Based Max Engine Load Y Axis,0x43FA,0x45DA,-480
60E1D400__vs__60E1B900,0x7a070,RPM Based Max Engine Load,0x5852,0x0369,21737
60E1D400__vs__60E1B900,0x7a094,(Unknown - fpu_pair_accumulate_calc) Y Axis,0xC220,0x036D,48819
60E1D400__vs__60E1B900,0x7a0b4,(Unknown - fpu_pair_accumulate_calc),0xA3CC,0x035F,41069
60E1D400__vs__60E1B900,0x7a0c4,Max Load - Barometric Pressure Compensation Y Axis,0x4256,0x03AE,16040
60E1D400__vs__60E1B900,0x7a0e4,Max Load - Barometric Pressure Compensation,0x4400,0x037C,16516
60E1D400__vs__60E1B900,0x7a0f4,(Unknown - extensive_fpu_conditional_threshold_calc) Y Axis,0x447A,0x0310,16746
60E1D400__vs__60E1B900,0x7a118,(Unknown - extensive_fpu_conditional_threshold_calc),0x6B85,0x033F,26694
60E1D400__vs__60E1B900,0x7a12c,(Unknown - extensive_fpu_conditional_threshold_calc) 2 Y Axis,0x447A,0x0385,16629
60E1D400__vs__60E1B900,0x7a150,(Unknown - extensive_fpu_conditional_threshold_calc) 2,0x947B,0x0388,37107
60E1D400__vs__60E1B900,0x7a230,Knock Voltage To Magnitude Y Axis,0x3C20,0x420C,-1516
60E1D400__vs__60E1B900,0x7a318,Knock Voltage To Magnitude,0x000A,0x3F80,-16246
60E1D400__vs__60E1B900,0x7a354,Knock Related 1 Y Axis,0x43FA,0x1388,12402
60E1D400__vs__60E1B900,0x7a38c,Knock Related 1,0x00F3,0x40A0,-16301
60E1D400__vs__60E1B900,0x7a3a8,Knock Related 2 Y Axis,0x43FA,0x1388,12402
60E1D400__vs__60E1B900,0x7a3e0,Knock Related 2,0x00E0,0x3F80,-16032
60E1D400__vs__60E1B900,0x7a3fc,Knock Related Y Axis,0x4448,0x3F80,1224
60E1D400__vs__60E1B900,0x7a400,Knock Related,0x4100,0x4000,256
60E1D400__vs__60E1B900,0x7a404,Knock Related 3 Y Axis,0x43FA,0x4040,954
60E1D400__vs__60E1B900,0x7a408,Knock Related 3,0x4180,0x1388,11768
60E1D400__vs__60E1B900,0x7a40c,Knock Rel #4 X Axis,0x3F10,0x1388,11144
60E1D400__vs__60E1B900,0x7a424,Knock Rel #4 Y Axis,0x43FA,0x1388,12402
60E1D400__vs__60E1B900,0x7a450,Knock Rel #4,0x2C32,0x4080,-5198
60E1D400__vs__60E1B900,0x7a494,Knock Rel #0 X Axis,0x3F10,0x1388,11144
60E1D400__vs__60E1B900,0x7a4ac,Knock Rel #0 Y Axis,0x43FA,0x4000,1018
60E1D400__vs__60E1B900,0x7a4d8,Knock Rel #0,0x2E32,0x0000,11826
60E1D400__vs__60E1B900,0x7a538,(Unknown - extensive_fpu_multi_calc_selector) Y Axis,0x0000,0x4040,-16448
60E1D400__vs__60E1B900,0x7a554,(Unknown - extensive_fpu_multi_calc_selector),0x501E,0x9905,-18663
60E1D400__vs__60E1B900,0x7a55c,(Unknown - extensive_fpu_multi_calc_selector) 2 Y Axis,0x43E1,0x8C6A,-18569
60E1D400__vs__60E1B900,0x7a58c,(Unknown - extensive_fpu_multi_calc_selector) 2,0x0062,0xAD68,-44294
60E1D400__vs__60E1B900,0x7a5a4,VDI Open,0x45E2,0xAAE8,-25862
60E1D400__vs__60E1B900,0x7a600,Airflow Or Load Related Y Axis,0x3E80,0x451C,-1692
60E1D400__vs__60E1B900,0x7a628,Airflow Or Load Related,0x04C0,0x40A0,-15328
60E1D400__vs__60E1B900,0x7a63c,MAF Related Y Axis,0x0000,0x1C6A,-7274
60E1D400__vs__60E1B900,0x7a65c,MAF Related,0x001A,0x0A4E,-2612
60E1D400__vs__60E1B900,0x7a66c,Fuel Injection Control Callback (Map) Y Axis,0xC170,0x1323,44621
60E1D400__vs__60E1B900,0x7a698,Fuel Injection Control Callback (Map),0xFFFC,0x1852,59306
60E1D400__vs__60E1B900,0x7a6b0,Fuel Injection Control Callback (Map) 2 Y Axis,0xC170,0x5DC9,25511
60E1D400__vs__60E1B900,0x7a6dc,Fuel Injection Control Callback (Map) 2,0xFFFC,0x447A,48002
60E1D400__vs__60E1B900,0x7a6f4,Fuel Injection Control Callback (Map) 3 Y Axis,0xC170,0x457A,31734
60E1D400__vs__60E1B900,0x7a720,Fuel Injection Control Callback (Map) 3,0x024B,0x9E1D,-39890
60E1D400__vs__60E1B900,0x7a738,Fuel Injection - Control Threshold vs Coolant Temp Y Axis,0xC170,0xA6B7,6841
60E1D400__vs__60E1B900,0x7a764,Fuel Injection - Control Threshold vs Coolant Temp,0xFFFF,0xA304,23803
60E1D400__vs__60E1B900,0x7a77c,Fuel Injection - Calibration vs Coolant Temp Y Axis,0xC1A0,0xA548,7256
60E1D400__vs__60E1B900,0x7a7a4,Fuel Injection - Calibration vs Coolant Temp,0x0CF8,0x9E09,-37137
60E1D400__vs__60E1B900,0x7a7c8,Dtc Snapshot Manager (Map) Y Axis,0x43FA,0x003E,17340
60E1D400__vs__60E1B900,0x7a7f0,Dtc Snapshot Manager (Map),0x8080,0x003F,32833
60E1D400__vs__60E1B900,0x7a7fc,Compensated Barometric Pressure Y Axis,0x4257,0x428C,-53
60E1D400__vs__60E1B900,0x7a80c,Compensated Barometric Pressure,0x4458,0x0000,17496
60E1D400__vs__60E1B900,0x7a810,(Unknown - motor_control_task) X Axis,0x43FA,0x4248,434
60E1D400__vs__60E1B900,0x7a828,(Unknown - motor_control_task) Y Axis,0x3E3A,0x3E80,-70
60E1D400__vs__60E1B900,0x7a838,(Unknown - motor_control_task),0x19DA,0x0000,6618
60E1D400__vs__60E1B900,0x7a8b0,UDS - Protocol Threshold vs Coolant Temp Y Axis,0xC220,0x0000,49696
60E1D400__vs__60E1B900,0x7a8cc,UDS - Protocol Threshold vs Coolant Temp,0x19A2,0x8080,-26334
60E1D400__vs__60E1B900,0x7a8dc,Uds Protocol (Map) Y Axis,0xC220,0x0000,49696
60E1D400__vs__60E1B900,0x7a8f8,Uds Protocol (Map),0x2332,0x0000,9010
60E1D400__vs__60E1B900,0x7a930,Barometric Pressure Sensor Min Voltage,0x3E4C,0x44AF,-1635
60E1D400__vs__60E1B900,0x7a934,Barometric Pressure Sensor Max Voltage,0x4099,0x44FA,-1121
60E1D400__vs__60E1B900,0x7a9bc,Barometric Pressure Sensor Offset,0x3C95,0x1924,9073
60E1D400__vs__60E1B900,0x7a9c0,Barometric Pressure Sensor Slope,0x41CA,0x12E4,12006
60E1D400__vs__60E1B900,0x7a9d4,Off Throttle Leading Timing Realted Y Axis,0xC220,0x128D,44947
60E1D400__vs__60E1B900,0x7a9f8,Off Throttle Leading Timing Realted,0x6E6E,0x0000,28270
60E1D400__vs__60E1B900,0x7aa04,Ignition Trailing - Cranking Timing Advance Y Axis,0xC220,0x3E80,33696
60E1D400__vs__60E1B900,0x7aa28,Ignition Trailing - Cranking Timing Advance,0x6E6E,0x447A,10740
60E1D400__vs__60E1B900,0x7aa74,Sensor Processing (Map) X Axis,0x3E00,0x9F66,-24934
60E1D400__vs__60E1B900,0x7aa98,Sensor Processing (Map) Y Axis,0x43FA,0x5700,-4870
60E1D400__vs__60E1B900,0x7aabc,Sensor Processing (Map),0x0000,0x1866,-6246
60E1D400__vs__60E1B900,0x7ab10,Boost Pressure Feedback (Map) X Axis,0x3E00,0x1F33,7885
60E1D400__vs__60E1B900,0x7ab34,Boost Pressure Feedback (Map) Y Axis,0x43FA,0x0C00,14330
60E1D400__vs__60E1B900,0x7ab58,Boost Pressure Feedback (Map),0x001C,0x0C00,-3044
60E1D400__vs__60E1B900,0x7abfc,Fuel Calculation Callback (Map) X Axis,0x3E00,0x45BB,-1979
60E1D400__vs__60E1B900,0x7ac20,Fuel Calculation Callback (Map) Y Axis,0x43FA,0x3F00,1274
60E1D400__vs__60E1B900,0x7ac44,Fuel Calculation Callback (Map),0x0000,0x44BB,-17595
60E1D400__vs__60E1B900,0x7ace8,Fuel Calculation Callback (Map) 2 X Axis,0x3E00,0x0014,15852
60E1D400__vs__60E1B900,0x7ad0c,Fuel Calculation Callback (Map) 2 Y Axis,0x43FA,0x451C,-290
60E1D400__vs__60E1B900,0x7ad30,Fuel Calculation Callback (Map) 2,0x0000,0x4604,-17924
60E1D400__vs__60E1B900,0x7add4,Throttle - Liftoff - Fuel Cut Trigger X Axis,0x3E00,0x4130,-816
60E1D400__vs__60E1B900,0x7add8,Throttle - Liftoff - Fuel Cut Trigger Y Axis,0x43FA,0x3D4C,1710
60E1D400__vs__60E1B900,0x7addc,Throttle - Liftoff - Fuel Cut Trigger,0x0000,0x0303,-771
60E1D400__vs__60E1B900,0x7ade0,Throttle - Liftoff - Fuel Cut Release X Axis,0x3E00,0x0302,15102
60E1D400__vs__60E1B900,0x7ade4,Throttle - Liftoff - Fuel Cut Release Y Axis,0x43FA,0x0202,16888
60E1D400__vs__60E1B900,0x7ade8,Throttle - Liftoff - Fuel Cut Release,0x0000,0x0303,-771
60E1D400__vs__60E1B900,0x7ae34,(Unknown - transmission_control) Y Axis,0x43FA,0x0006,17396
60E1D400__vs__60E1B900,0x7ae7c,(Unknown - transmission_control),0x1C1B,0x42C8,-9901
60E1D400__vs__60E1B900,0x7ae90,State Machine - Scalar Threshold Y Axis,0x0000,0x0271,-625
60E1D400__vs__60E1B900,0x7ae94,State Machine - Scalar Threshold,0x3FA3,0x453B,-1432
60E1D400__vs__60E1B900,0x7ae98,Fuel Control - Scalar Threshold Y Axis,0x0000,0x448F,-17551
60E1D400__vs__60E1B900,0x7ae9c,Fuel Control - Scalar Threshold,0x3F33,0x4348,-1045
60E1D400__vs__60E1B900,0x7af24,Injection Angle Related AFR Input Y Axis,0x0000,0x0019,-25
60E1D400__vs__60E1B900,0x7af48,Injection Angle Related AFR Input,0x323C,0x0026,12822
60E1D400__vs__60E1B900,0x7af54,Unknown Lambda Input Y Axis,0x3F33,0x4150,-541
60E1D400__vs__60E1B900,0x7af74,Unknown Lambda Input,0x0708,0x4060,-14680
60E1D400__vs__60E1B900,0x7af7c,(Unknown - fpu_accumulate_ch0) Y Axis,0x3F33,0x4140,-525
60E1D400__vs__60E1B900,0x7af9c,(Unknown - fpu_accumulate_ch0),0x0708,0x4302,-15354
60E1D400__vs__60E1B900,0x7afa4,AirFlow Inj Angle Related Y Axis,0x0000,0x3FC0,-16320
60E1D400__vs__60E1B900,0x7b008,AirFlow Inj Angle Related,0x000A,0x42A0,-17046
60E1D400__vs__60E1B900,0x7b03c,(Unknown - fpu_control_calc) Y Axis,0xC220,0x0000,49696
60E1D400__vs__60E1B900,0x7b05c,(Unknown - fpu_control_calc),0x00C3,0x430C,-16969
60E1D400__vs__60E1B900,0x7b06c,(Unknown - fpu_accumulate_ch0) 2 Y Axis,0x0000,0x0000,0
60E1D400__vs__60E1B900,0x7b0d0,(Unknown - fpu_accumulate_ch0) 2,0x0005,0x0001,4
60E1D400__vs__60E1B900,0x7b104,(Unknown - fpu_accumulate_ch0) 3 Y Axis,0x0000,0x42F0,-17136
60E1D400__vs__60E1B900,0x7b168,(Unknown - fpu_accumulate_ch0) 3,0x0005,0x3F19,-16148
60E1D400__vs__60E1B900,0x7b19c,(Unknown - fpu_accumulate_ch0) 4 Y Axis,0xC220,0x04E2,48446
60E1D400__vs__60E1B900,0x7b1bc,(Unknown - fpu_accumulate_ch0) 4,0x00C3,0x0138,-117
60E1D400__vs__60E1B900,0x7b1cc,(Unknown - fpu_accumulate_ch2) Y Axis,0x0000,0x428C,-17036
60E1D400__vs__60E1B900,0x7b204,(Unknown - fpu_accumulate_ch2),0x0030,0x3CA3,-15475
60E1D400__vs__60E1B900,0x7b220,(Unknown - fpu_accumulate_ch2) 2 Y Axis,0xC220,0x3C23,34301
60E1D400__vs__60E1B900,0x7b240,(Unknown - fpu_accumulate_ch2) 2,0x03CF,0x3DF5,-14886
60E1D400__vs__60E1B900,0x7b250,Injection Angle X Axis,0x43FA,0x3E4C,1454
60E1D400__vs__60E1B900,0x7b298,Injection Angle Y Axis,0x3E00,0x4120,-800
60E1D400__vs__60E1B900,0x7b2b8,Injection Angle,0x0208,0x42A0,-16536
60E1D400__vs__60E1B900,0x7b43c,Air Bleed Control (Map) Y Axis,0x3F00,0x1A26,9434
60E1D400__vs__60E1B900,0x7b464,Air Bleed Control (Map),0x5050,0x3E4C,4612
60E1D400__vs__60E1B900,0x7b470,Idle Correction Interpolation (Map) Y Axis,0x0000,0x403B,-16443
60E1D400__vs__60E1B900,0x7b4a0,Idle Correction Interpolation (Map),0x6464,0x4120,9028
60E1D400__vs__60E1B900,0x7b4ac,Ignition Knock - RPM Knock Retard Y Axis,0x43FA,0x4220,474
60E1D400__vs__60E1B900,0x7b4d8,Ignition Knock - RPM Knock Retard,0x1414,0x40D0,-11452
60E1D400__vs__60E1B900,0x7b4e4,Air Filter Control (Map) Y Axis,0x43FA,0x4124,726
60E1D400__vs__60E1B900,0x7b510,Air Filter Control (Map),0x000A,0x3F47,-16189
60E1D400__vs__60E1B900,0x7b51c,Fuel Correction Update (Map) Y Axis,0x3F80,0x3FF9,-121
60E1D400__vs__60E1B900,0x7b534,Fuel Correction Update (Map),0x1919,0x41AF,-10390
60E1D400__vs__60E1B900,0x7b53c,Exhaust Control (Map) Y Axis,0x3F80,0x4209,-649
60E1D400__vs__60E1B900,0x7b554,Exhaust Control (Map),0x0309,0x428F,-16262
60E1D400__vs__60E1B900,0x7b55a,Air Bleed Control (Map) 2,0x72FA,0x8000,-3334
60E1D400__vs__60E1B900,0x7b570,Exhaust Control (Map) 2 X Axis,0x0000,0x42EE,-17134
60E1D400__vs__60E1B900,0x7b58c,Exhaust Control (Map) 2 Y Axis,0x0000,0x4405,-17413
60E1D400__vs__60E1B900,0x7b59c,Exhaust Control (Map) 2,0x1388,0x859F,-29207
60E1D400__vs__60E1B900,0x7b5d4,Exhaust Control (Map) 3 X Axis,0x0000,0xFFFF,-65535
60E1D400__vs__60E1B900,0x7b5f0,Exhaust Control (Map) 3 Y Axis,0x0000,0x0A0C,-2572
60E1D400__vs__60E1B900,0x7b600,Exhaust Control (Map) 3,0x1388,0xEEFF,-56183
60E1D400__vs__60E1B900,0x7b638,Exhaust Control (Map) 4 X Axis,0x0000,0x0A0C,-2572
60E1D400__vs__60E1B900,0x7b654,Exhaust Control (Map) 4 Y Axis,0x0000,0x1112,-4370
60E1D400__vs__60E1B900,0x7b664,Exhaust Control (Map) 4,0x1388,0xFFFF,-60535
60E1D400__vs__60E1B900,0x7b69c,Exhaust Control (Map) 5 X Axis,0x0000,0x45F6,-17910
60E1D400__vs__60E1B900,0x7b6b8,Exhaust Control (Map) 5 Y Axis,0x0000,0x44FA,-17658
60E1D400__vs__60E1B900,0x7b6c8,Exhaust Control (Map) 5,0x1388,0x45BB,-12851
60E1D400__vs__60E1B900,0x7b700,Ignition Advance - Interpolated Map X Axis,0x0000,0x04A4,-1188
60E1D400__vs__60E1B900,0x7b71c,Ignition Advance - Interpolated Map Y Axis,0x0000,0x01BD,-445
60E1D400__vs__60E1B900,0x7b72c,Ignition Advance - Interpolated Map,0x0000,0x01FE,-510
60E1D400__vs__60E1B900,0x7b764,Fuel Pressure (Map) 8 X Axis,0x43FA,0x01BD,16957
60E1D400__vs__60E1B900,0x7b78c,Fuel Pressure (Map) 8 Y Axis,0x3F80,0x032C,15444
60E1D400__vs__60E1B900,0x7b7ac,Fuel Pressure (Map) 8,0xA11A,0x000A,41232
60E1D400__vs__60E1B900,0x7b84c,Fuel Pressure (Map) 9 X Axis,0x43FA,0x0741,15545
60E1D400__vs__60E1B900,0x7b874,Fuel Pressure (Map) 9 Y Axis,0x3F80,0x0000,16256
60E1D400__vs__60E1B900,0x7b894,Fuel Pressure (Map) 9,0x2831,0x4100,-6351
60E1D400__vs__60E1B900,0x7b934,Fuel Pressure (Map) 10 X Axis,0x43FA,0x0100,17146
60E1D400__vs__60E1B900,0x7b95c,Fuel Pressure (Map) 10 Y Axis,0x3F80,0x0100,16000
60E1D400__vs__60E1B900,0x7b97c,Fuel Pressure (Map) 10,0x9E1D,0x0100,40221
60E1D400__vs__60E1B900,0x7ba94,Knock Limit - Zero Table vs Axis Y Axis,0x0000,0x428C,-17036
60E1D400__vs__60E1B900,0x7bab0,Knock Limit - Zero Table vs Axis,0x0000,0x07BB,-1979
60E1D400__vs__60E1B900,0x7bacc,Knock Limit - Factor vs Axis Y Axis,0x3DCC,0x428C,-1216
60E1D400__vs__60E1B900,0x7bae0,Knock Limit - Factor vs Axis,0x3F80,0x0666,14618
60E1D400__vs__60E1B900,0x7baf4,Omp Fault Detect (Map) X Axis,0x3E00,0x41F0,-1008
60E1D400__vs__60E1B900,0x7bb18,Omp Fault Detect (Map) Y Axis,0x43FA,0x1A1D,10717
60E1D400__vs__60E1B900,0x7bb3c,Omp Fault Detect (Map),0x0000,0x428C,-17036
60E1D400__vs__60E1B900,0x7bb90,Ignition Knock - Retard Limit X Axis,0x3E00,0x07BB,13893
60E1D400__vs__60E1B900,0x7bbb4,Ignition Knock - Retard Limit Y Axis,0x43FA,0x42B4,326
60E1D400__vs__60E1B900,0x7bbd8,Ignition Knock - Retard Limit,0x41C0,0x4220,-96
60E1D400__vs__60E1B900,0x7bd28,(Unknown - fpu_division_calc) X Axis,0x3E23,0x9BBE,-23963
60E1D400__vs__60E1B900,0x7bd50,(Unknown - fpu_division_calc) Y Axis,0x4443,0x42A0,419
60E1D400__vs__60E1B900,0x7bd94,(Unknown - fpu_division_calc),0x41AE,0x3A7F,1839
60E1D400__vs__60E1B900,0x7c050,Fuel Temperature Correction (Map) Y Axis,0x442F,0x429D,402
60E1D400__vs__60E1B900,0x7c084,Fuel Temperature Correction (Map),0x4343,0x0000,17219
60E1D400__vs__60E1B900,0x7c094,Fuel Flow Limiter (Map) X Axis,0x3E00,0x0000,15872
60E1D400__vs__60E1B900,0x7c0bc,Fuel Flow Limiter (Map) Y Axis,0x43FA,0x42A0,346
60E1D400__vs__60E1B900,0x7c0dc,Fuel Flow Limiter (Map),0x0080,0x0000,128
60E1D400__vs__60E1B900,0x7c184,Load Limit A Y Axis,0x4443,0x428C,439
60E1D400__vs__60E1B900,0x7c1b4,Load Limit A,0x3EB3,0x3F93,-224
60E1D400__vs__60E1B900,0x7c1e4,Load Limit B Y Axis,0x4443,0xF424,-45025
60E1D400__vs__60E1B900,0x7c214,Load Limit B,0x3F26,0x3E4C,218
60E1D400__vs__60E1B900,0x7c32c,Load Limit C Y Axis,0x43FA,0x0030,17354
60E1D400__vs__60E1B900,0x7c354,Load Limit C,0x03E8,0x0043,933
60E1D400__vs__60E1B900,0x7c3b4,Misfire DTC - Threshold 1 vs Voltage Axis Y Axis,0x40B0,0x006D,16451
60E1D400__vs__60E1B900,0x7c3c4,Misfire DTC - Threshold 1 vs Voltage Axis,0x007D,0x0075,8
60E1D400__vs__60E1B900,0x7c3cc,Misfire DTC - Threshold 2 vs Voltage Axis Y Axis,0x40B0,0x0079,16439
60E1D400__vs__60E1B900,0x7c3dc,Misfire DTC - Threshold 2 vs Voltage Axis,0x007D,0x0081,-4
60E1D400__vs__60E1B900,0x7c3e4,Misfire DTC - Threshold 3 vs Voltage Axis Y Axis,0x40C4,0x0085,16447
60E1D400__vs__60E1B900,0x7c3f4,Misfire DTC - Threshold 3 vs Voltage Axis,0x4060,0x1100,12128
60E1D400__vs__60E1B900,0x7c48c,(Unknown - ctrl_toggle) Y Axis,0x0000,0x1100,-4352
60E1D400__vs__60E1B900,0x7c4b4,(Unknown - ctrl_toggle),0x0000,0x1100,-4352
60E1D400__vs__60E1B900,0x7c4c0,(Unknown - ctrl_toggle) 2 Y Axis,0x0000,0x1100,-4352
60E1D400__vs__60E1B900,0x7c4e8,(Unknown - ctrl_toggle) 2,0x0000,0x1100,-4352
60E1D400__vs__60E1B900,0x7c4f4,(Unknown - ctrl_toggle) 3 Y Axis,0x0000,0x1100,-4352
60E1D400__vs__60E1B900,0x7c51c,(Unknown - ctrl_toggle) 3,0x7878,0x1100,26488
60E1D400__vs__60E1B900,0x7c528,Ctrl Toggle - Constant vs Axis Y Axis,0x0000,0x1100,-4352
60E1D400__vs__60E1B900,0x7c550,Ctrl Toggle - Constant vs Axis,0x0001,0x1100,-4351
60E1D400__vs__60E1B900,0x7c564,Primary Fuel Injector Cranking Pulse Decay Time Y Axis,0xC220,0x2400,40480
60E1D400__vs__60E1B900,0x7c588,Primary Fuel Injector Cranking Pulse Decay Time,0x0303,0x1100,-3581
60E1D400__vs__60E1B900,0x7c5f8,PWM Duty - Constant vs Axis Y Axis,0x0000,0x1100,-4352
60E1D400__vs__60E1B900,0x7c61c,PWM Duty - Constant vs Axis,0x04E2,0x1100,-3102
60E1D400__vs__60E1B900,0x7c664,Ctrl Cache - Correction 1 vs Axis Y Axis,0x469C,0x0000,18076
60E1D400__vs__60E1B900,0x7c678,Ctrl Cache - Correction 1 vs Axis,0xBC23,0x0303,47392
60E1D400__vs__60E1B900,0x7c68c,Ctrl Cache - Correction 2 vs Axis Y Axis,0x469C,0x0303,17305
60E1D400__vs__60E1B900,0x7c6a0,Ctrl Cache - Correction 2 vs Axis,0x3C23,0xFFFF,-50140
60E1D400__vs__60E1B900,0x7c6bc,(Unknown - debug_output) Y Axis,0x3DCC,0x0000,15820
60E1D400__vs__60E1B900,0x7c6d8,(Unknown - debug_output),0x1A1A,0x0000,6682
60E1D400__vs__60E1B900,0x7c6e0,(Unknown - debug_output) 2 Y Axis,0x447A,0x0000,17530
60E1D400__vs__60E1B900,0x7c708,(Unknown - debug_output) 2,0x9678,0x0000,38520
60E1D400__vs__60E1B900,0x7c718,Datalog - Sample Rate vs RPM Y Axis,0x43FA,0x0000,17402
60E1D400__vs__60E1B900,0x7c730,Datalog - Sample Rate vs RPM,0x0505,0x0000,1285
60E1D400__vs__60E1B900,0x7c738,(Unknown - datalog_format) Y Axis,0x43FA,0x0000,17402
60E1D400__vs__60E1B900,0x7c750,(Unknown - datalog_format),0x051F,0x0202,797
60E1D400__vs__60E1B900,0x7c75c,(Unknown - datalog_write) Y Axis,0x0000,0x0101,-257
60E1D400__vs__60E1B900,0x7c780,(Unknown - datalog_write),0x0000,0x0202,-514
60E1D400__vs__60E1B900,0x7c794,(Unknown - datalog_write) 2 X Axis,0xC220,0x0101,49439
60E1D400__vs__60E1B900,0x7c7b8,(Unknown - datalog_write) 2 Y Axis,0x43FA,0x0202,16888
60E1D400__vs__60E1B900,0x7c7d0,(Unknown - datalog_write) 2,0x1A1A,0x0303,5911
60E1D400__vs__60E1B900,0x7c808,(Unknown - datalog_write) 3 X Axis,0xC220,0x0303,48925
60E1D400__vs__60E1B900,0x7c82c,(Unknown - datalog_write) 3 Y Axis,0x43FA,0x0303,16631
60E1D400__vs__60E1B900,0x7c844,(Unknown - datalog_write) 3,0x1A1A,0x0303,5911
60E1D400__vs__60E1B900,0x7c8b0,Datalog - Engine - Trace Level Table Y Axis,0xC220,0x2828,39416
60E1D400__vs__60E1B900,0x7c8ec,Datalog - Engine - Trace Level Table,0x8080,0x0032,32846
60E1D400__vs__60E1B900,0x7c8fc,Datalog - Battery - Voltage Correction Table Y Axis,0x40D0,0x0107,16329
60E1D400__vs__60E1B900,0x7c920,Datalog - Battery - Voltage Correction Table,0x9F96,0x0172,40484
60E1D400__vs__60E1B900,0x7c92c,Datalog - Engine - Load Matrix X Axis,0x0000,0x0336,-822
60E1D400__vs__60E1B900,0x7c98c,Datalog - Engine - Load Matrix Y Axis,0x0000,0x2068,-8296
60E1D400__vs__60E1B900,0x7c9b4,Datalog - Engine - Load Matrix,0x0A0C,0x2196,-6026
60E1D400__vs__60E1B900,0x7cad8,Ignition Dwell Time_ X Axis,0x447A,0x0101,17273
60E1D400__vs__60E1B900,0x7cafc,Ignition Dwell Time_ Y Axis,0x40D0,0x0000,16592
60E1D400__vs__60E1B900,0x7cb20,Ignition Dwell Time_,0x0767,0x0101,1638
60E1D400__vs__60E1B900,0x7ccb4,Diag/Test - Zero Table 1 vs Index Y Axis,0x0000,0x0000,0
60E1D400__vs__60E1B900,0x7ccdc,Diag/Test - Zero Table 1 vs Index,0x0000,0x4080,-16512
60E1D400__vs__60E1B900,0x7cd04,Diag/Test - Zero Table 2 vs Index Y Axis,0x0000,0x4080,-16512
60E1D400__vs__60E1B900,0x7cd2c,Diag/Test - Zero Table 2 vs Index,0x0000,0x0880,-2176
60E1D400__vs__60E1B900,0x7cd54,Diag/Test - Zero Table 3 vs Index Y Axis,0x0000,0x0080,-128
60E1D400__vs__60E1B900,0x7cd7c,Diag/Test - Zero Table 3 vs Index,0x0000,0x0880,-2176
60E1D400__vs__60E1B900,0x7cda4,Diag/Test - Zero Table 4 vs Index Y Axis,0x0000,0x4880,-18560
60E1D400__vs__60E1B900,0x7cdcc,Diag/Test - Zero Table 4 vs Index,0x0000,0x4880,-18560
60E1D400__vs__60E1B900,0x7cdf4,Diag/Test - Zero Table 5 vs Index Y Axis,0x0000,0x0080,-128
60E1D400__vs__60E1B900,0x7ce1c,Diag/Test - Zero Table 5 vs Index,0x0000,0x4880,-18560
60E1D400__vs__60E1B900,0x7ce44,Diag/Test - Zero Table 6 vs Index Y Axis,0x0000,0x4080,-16512
60E1D400__vs__60E1B900,0x7ce6c,Diag/Test - Zero Table 6 vs Index,0x0000,0x4080,-16512
60E1D400__vs__60E1B900,0x7ce94,Diag/Test - Zero Table 7 vs Index Y Axis,0x0000,0x0880,-2176
60E1D400__vs__60E1B900,0x7cebc,Diag/Test - Zero Table 7 vs Index,0x0000,0x0080,-128
60E1D400__vs__60E1B900,0x7cf0c,Diag/Test - Zero Table 8 vs Index,0x0000,0xFFFE,-65534
60E1D400__vs__60E1B900,0x7cf34,Diag/Test - Zero Table 9 vs Index Y Axis,0x0000,0x03FC,-1020
60E1D400__vs__60E1B900,0x7cf5c,Diag/Test - Zero Table 9 vs Index,0x0000,0xFFFE,-65534
60E1D400__vs__60E1B900,0x7cf84,Diag/Test - Zero Table 10 vs Index Y Axis,0x0000,0xFFFE,-65534
60E1D400__vs__60E1B900,0x7cfac,Diag/Test - Zero Table 10 vs Index,0x0000,0x1556,-5462
60E1D400__vs__60E1B900,0x7cfd4,Diag/Test - Zero Table 11 vs Index Y Axis,0x0000,0xFFFE,-65534
60E1D400__vs__60E1B900,0x7cffc,Diag/Test - Zero Table 11 vs Index,0x0000,0x03C0,-960
60E1D400__vs__60E1B900,0x7d04c,Diag/Test - Zero Table 12 vs Index,0x0000,0x0011,-17
60E1D400__vs__60E1B900,0x7d074,Diag/Test - Zero Table 13 vs Index Y Axis,0x0000,0x005B,-91
60E1D400__vs__60E1B900,0x7d09c,Diag/Test - Zero Table 13 vs Index,0x0000,0x0009,-9
60E1D400__vs__60E1B900,0x7d0d0,Ignition Timing Monitor - Threshold vs Coolant Temp Y Axis,0x4120,0x005E,16578
60E1D400__vs__60E1B900,0x7d0f4,Ignition Timing Monitor - Threshold vs Coolant Temp,0x110D,0x000C,4353
60E1D400__vs__60E1B900,0x7d108,Oxygen Sensor Monitor (Map) X Axis,0x0000,0x002E,-46
60E1D400__vs__60E1B900,0x7d128,Oxygen Sensor Monitor (Map) Y Axis,0x0000,0x0004,-4
60E1D400__vs__60E1B900,0x7d150,Oxygen Sensor Monitor (Map),0x0100,0x0020,224
60E1D400__vs__60E1B900,0x7d1a0,Oxygen Sensor Monitor (Map) 2 X Axis,0x0000,0x000C,-12
60E1D400__vs__60E1B900,0x7d1c0,Oxygen Sensor Monitor (Map) 2 Y Axis,0x0000,0x0030,-48
60E1D400__vs__60E1B900,0x7d1e8,Oxygen Sensor Monitor (Map) 2,0x0100,0x0070,144
60E1D400__vs__60E1B900,0x7d254,Diag Detector (Map) Y Axis,0x412A,0x0054,16598
60E1D400__vs__60E1B900,0x7d274,Diag Detector (Map),0x8C6E,0x0053,35867
60E1D400__vs__60E1B900,0x7d2bc,Coil Control (Map) Y Axis,0x4120,0x005A,16582
60E1D400__vs__60E1B900,0x7d2e0,Coil Control (Map),0x1A1D,0x0015,6664
60E1D400__vs__60E1B900,0x7d2f4,Coil Control (Map) 2 Y Axis,0x4120,0x0066,16570
60E1D400__vs__60E1B900,0x7d318,Coil Control (Map) 2,0x2330,0x0064,8908
60E1D400__vs__60E1B900,0x7d32c,Coil Control (Map) 3 Y Axis,0x4120,0x003F,16609
60E1D400__vs__60E1B900,0x7d350,Coil Control (Map) 3,0x07BB,0x005E,1885
60E1D400__vs__60E1B900,0x7d364,Coil Control (Map) 4 Y Axis,0x4120,0x001F,16641
60E1D400__vs__60E1B900,0x7d388,Coil Control (Map) 4,0x0666,0xFFFF,-63897
60E1D400__vs__60E1B900,0x7d39c,Coil Control (Map) 5 Y Axis,0x4120,0x0014,16652
60E1D400__vs__60E1B900,0x7d3c0,Coil Control (Map) 5,0x1A1D,0x0012,6667
60E1D400__vs__60E1B900,0x7d3d4,Coil Control (Map) 6 Y Axis,0x4120,0x0058,16584
60E1D400__vs__60E1B900,0x7d3f8,Coil Control (Map) 6,0x2330,0x0012,8990
60E1D400__vs__60E1B900,0x7d40c,Coil Control (Map) 7 Y Axis,0x4120,0x0058,16584
60E1D400__vs__60E1B900,0x7d430,Coil Control (Map) 7,0x07BB,0x002E,1933
60E1D400__vs__60E1B900,0x7d444,Coil Control (Map) 8 Y Axis,0x4120,0x000E,16658
60E1D400__vs__60E1B900,0x7d468,Coil Control (Map) 8,0x0666,0x000F,1623
60E1D400__vs__60E1B900,0x7d47c,OBD Monitor - Threshold vs Coolant Temp Y Axis,0x4120,0x0035,16619
60E1D400__vs__60E1B900,0x7d4a0,OBD Monitor - Threshold vs Coolant Temp,0x0A36,0x0053,2531
60E1D400__vs__60E1B900,0x7d4b4,Coil Correction - Threshold vs Coolant Temp Y Axis,0x4120,0x0015,16651
60E1D400__vs__60E1B900,0x7d4d8,Coil Correction - Threshold vs Coolant Temp,0x0CE7,0x005C,3211
60E1D400__vs__60E1B900,0x7d4ec,Coil Control (Map) 9 Y Axis,0x3B1B,0x0007,15124
60E1D400__vs__60E1B900,0x7d52c,Coil Control (Map) 9,0x265C,0x0007,9813
60E1D400__vs__60E1B900,0x7d554,(Unknown - eeprom_manager) Y Axis,0x4120,0x0007,16665
60E1D400__vs__60E1B900,0x7d578,(Unknown - eeprom_manager),0x6D73,0x0007,28012
60E1D400__vs__60E1B900,0x7d584,(Unknown - linear_interp_2d) Y Axis,0x3B1B,0x0007,15124
60E1D400__vs__60E1B900,0x7d5c4,(Unknown - linear_interp_2d),0x265C,0x0007,9813
60E1D400__vs__60E1B900,0x7d5e4,(Unknown - linear_interp_2d) 2 Y Axis,0x4120,0x0007,16665
60E1D400__vs__60E1B900,0x7d608,(Unknown - linear_interp_2d) 2,0x23CA,0x0007,9155
60E1D400__vs__60E1B900,0x7d61c,(Unknown - linear_interp_2d) 3 Y Axis,0x4120,0x0007,16665
60E1D400__vs__60E1B900,0x7d640,(Unknown - linear_interp_2d) 3,0x30A4,0x0007,12445
60E1D400__vs__60E1B900,0x7d654,EEPROM - Calibration 1 vs Coolant Temp Y Axis,0x4120,0x0007,16665
60E1D400__vs__60E1B900,0x7d678,EEPROM - Calibration 1 vs Coolant Temp,0x0813,0x0007,2060
60E1D400__vs__60E1B900,0x7d68c,EEPROM - Calibration 2 vs Coolant Temp Y Axis,0x4120,0x0007,16665
60E1D400__vs__60E1B900,0x7d6b0,EEPROM - Calibration 2 vs Coolant Temp,0x05F3,0x0007,1516
60E1D400__vs__60E1B900,0x7d700,Diag Request (Map) Y Axis,0x43FA,0x0007,17395
60E1D400__vs__60E1B900,0x7d728,Diag Request (Map),0x001A,0x0007,19
60E1D400__vs__60E1B900,0x7d74c,RTOS - Mutex Threshold vs Coolant Temp Y Axis,0x4120,0x1911,10255
60E1D400__vs__60E1B900,0x7d770,RTOS - Mutex Threshold vs Coolant Temp,0x2727,0x1F01,2086
60E1D400__vs__60E1B900,0x7d77c,(Unknown - queue_handler) Y Axis,0x412A,0x1900,10282
60E1D400__vs__60E1B900,0x7d79c,(Unknown - queue_handler),0x2ED9,0x1102,7639
60E1D400__vs__60E1B900,0x7d7ac,(Unknown - queue_handler) 2 Y Axis,0x412A,0x1C1D,9485
60E1D400__vs__60E1B900,0x7d7cc,(Unknown - queue_handler) 2,0x1333,0x0205,4398
60E1D400__vs__60E1B900,0x7d7f8,(Unknown - isr_checker) Y Axis,0x4120,0x061B,15109
60E1D400__vs__60E1B900,0x7d81c,(Unknown - isr_checker),0x4017,0x1C1D,9210
60E1D400__vs__60E1B900,0x7d830,(Unknown - isr_checker) 2 Y Axis,0x4120,0x141B,11525
60E1D400__vs__60E1B900,0x7d854,(Unknown - isr_checker) 2,0x28F6,0x1F01,2549
60E1D400__vs__60E1B900,0x7d878,LUT - Zero Table 1 vs Coolant Temp Y Axis,0x4120,0x1900,10272
60E1D400__vs__60E1B900,0x7d89c,LUT - Zero Table 1 vs Coolant Temp,0x0000,0x1F01,-7937
60E1D400__vs__60E1B900,0x7d8c0,LUT - Zero Table 2 vs Coolant Temp Y Axis,0x4120,0x0007,16665
60E1D400__vs__60E1B900,0x7d8e4,LUT - Zero Table 2 vs Coolant Temp,0x0000,0x0007,-7
60E1D400__vs__60E1B900,0x7d908,EEPROM - Ramp vs Coolant Temp Y Axis,0x4120,0x0007,16665
60E1D400__vs__60E1B900,0x7d92c,EEPROM - Ramp vs Coolant Temp,0x3D7A,0x0007,15731
60E1D400__vs__60E1C500_N3J6EB,0x6cf6c,Barometric Pressure Sensor Max ADC Count,0xF5C2,0x6E6E,34644
60E1D400__vs__60E1C500_N3J6EB,0x6cf6e,Barometric Pressure Sensor Min ADC Count,0x0A3D,0x6E6E,-25649
60E1D400__vs__60E1C500_N3J6EB,0x6cfa4,Fuel Injector - Unknown - Max Injection Angle1??? Y Axis,0x4448,0x807C,-15412
60E1D400__vs__60E1C500_N3J6EB,0x6cfe4,Fuel Injector - Unknown - Max Injection Angle1???,0x3C3C,0x9090,-21588
60E1D400__vs__60E1C500_N3J6EB,0x6cff4,Fuel Injector - Unknown - Max Injection Angle2??? Y Axis,0x4448,0x9C9A,-22610
60E1D400__vs__60E1C500_N3J6EB,0x6d034,Fuel Injector - Unknown - Max Injection Angle2???,0x3C3C,0xA0A0,-25700
60E1D400__vs__60E1C500_N3J6EB,0x6d044,Fuel Injector - Unknown - Max Injection Angle3??? Y Axis,0x4448,0x989C,-21588
60E1D400__vs__60E1C500_N3J6EB,0x6d084,Fuel Injector - Unknown - Max Injection Angle3???,0x3C3C,0xA0A0,-25700
60E1D400__vs__60E1C500_N3J6EB,0x6d0ec,Throttle Plate Something Fuel Cut (Map) Y Axis,0x0000,0x5C5C,-23644
60E1D400__vs__60E1C500_N3J6EB,0x6d114,Throttle Plate Something Fuel Cut (Map),0x0000,0x3EE0,-16096
60E1D400__vs__60E1C500_N3J6EB,0x6d120,Off Throttle Fuel Cut - Fuel Resume - Engine Startup Base Y Axis,0x0000,0x3F20,-16160
60E1D400__vs__60E1C500_N3J6EB,0x6d138,Off Throttle Fuel Cut - Fuel Resume - Engine Startup Base,0x2C2C,0x3F80,-4948
60E1D400__vs__60E1C500_N3J6EB,0x6d140,Engine Load Correction - Fuel Resume Threshold 1 vs RPM Y Axis,0x43FA,0x3F90,1130
60E1D400__vs__60E1C500_N3J6EB,0x6d158,Engine Load Correction - Fuel Resume Threshold 1 vs RPM,0x1919,0x44FA,-11233
60E1D400__vs__60E1C500_N3J6EB,0x6d160,Engine Load Correction - Fuel Resume Threshold 2 vs RPM Y Axis,0x43FA,0x453B,-321
60E1D400__vs__60E1C500_N3J6EB,0x6d178,Engine Load Correction - Fuel Resume Threshold 2 vs RPM,0x0C0C,0x45BB,-14767
60E1D400__vs__60E1C500_N3J6EB,0x6d180,Engine Load Correction - Fuel Resume Threshold 3 vs RPM Y Axis,0x43FA,0x45DA,-480
60E1D400__vs__60E1C500_N3J6EB,0x6d198,Engine Load Correction - Fuel Resume Threshold 3 vs RPM,0x0C0C,0x726A,-26206
60E1D400__vs__60E1C500_N3J6EB,0x6d1a0,Idle Related Y Axis,0xC220,0x3A3A,34790
60E1D400__vs__60E1C500_N3J6EB,0x6d1e0,Idle Related,0x09C4,0x5050,-18060
60E1D400__vs__60E1C500_N3J6EB,0x6d200,Engine Load Correction (Map) X Axis,0x449C,0x867E,-16866
60E1D400__vs__60E1C500_N3J6EB,0x6d218,Engine Load Correction (Map) Y Axis,0x3F80,0x665E,-9950
60E1D400__vs__60E1C500_N3J6EB,0x6d230,Engine Load Correction (Map),0x4B38,0x6262,-5930
60E1D400__vs__60E1C500_N3J6EB,0x6d254,Off Throttle Fuel Cut - Fuel Resume - In Gear Threshold X Axis,0xC220,0x8380,16032
60E1D400__vs__60E1C500_N3J6EB,0x6d294,Off Throttle Fuel Cut - Fuel Resume - In Gear Threshold Y Axis,0x3F80,0x7E7E,-16126
60E1D400__vs__60E1C500_N3J6EB,0x6d2ac,Off Throttle Fuel Cut - Fuel Resume - In Gear Threshold,0x5656,0xA2A2,-19532
60E1D400__vs__60E1C500_N3J6EB,0x6d30c,Off Throttle Fuel Cut - Fuel Resume - NOTUSED X Axis,0xC220,0x0000,49696
60E1D400__vs__60E1C500_N3J6EB,0x6d34c,Off Throttle Fuel Cut - Fuel Resume - NOTUSED Y Axis,0x3F80,0x44BB,-1339
60E1D400__vs__60E1C500_N3J6EB,0x6d364,Off Throttle Fuel Cut - Fuel Resume - NOTUSED,0x0000,0x0000,0
60E1D400__vs__60E1C500_N3J6EB,0x6d3c4,Throttle Plate Something Fuel Cut (Map) 2 X Axis,0xC220,0x3F00,33568
60E1D400__vs__60E1C500_N3J6EB,0x6d404,Throttle Plate Something Fuel Cut (Map) 2 Y Axis,0x3F80,0x0000,16256
60E1D400__vs__60E1C500_N3J6EB,0x6d41c,Throttle Plate Something Fuel Cut (Map) 2,0x0505,0x44BB,-16310
60E1D400__vs__60E1C500_N3J6EB,0x6d47c,Throttle Plate Something Fuel Cut (Map) 3 X Axis,0xC220,0x0019,49671
60E1D400__vs__60E1C500_N3J6EB,0x6d4bc,Throttle Plate Something Fuel Cut (Map) 3 Y Axis,0x3F80,0x4270,-752
60E1D400__vs__60E1C500_N3J6EB,0x6d4d4,Throttle Plate Something Fuel Cut (Map) 3,0x0505,0x0000,1285
60E1D400__vs__60E1C500_N3J6EB,0x6d53c,Cold Rev Limit Threshold,0x41A0,0x4416,-630
60E1D400__vs__60E1C500_N3J6EB,0x6d544,Cold Rev Limit,0x45AB,0x4448,355
60E1D400__vs__60E1C500_N3J6EB,0x6d54c,Rev Limit,0x460C,0x447A,402
60E1D400__vs__60E1C500_N3J6EB,0x6d584,Ignition Maybe Idle Base Y Axis,0x442F,0x00C0,17263
60E1D400__vs__60E1C500_N3J6EB,0x6d59c,Ignition Maybe Idle Base,0x5A5A,0x0000,23130
60E1D400__vs__60E1C500_N3J6EB,0x6d5a4,Ignition Temp Correction? Y Axis,0xC220,0x003E,49634
60E1D400__vs__60E1C500_N3J6EB,0x6d5c8,Ignition Temp Correction?,0x6464,0x4080,9188
60E1D400__vs__60E1C500_N3J6EB,0x6d5d4,Ignition 2 Y Axis,0x442F,0x4316,281
60E1D400__vs__60E1C500_N3J6EB,0x6d5ec,Ignition 2,0x7878,0x3A64,15892
60E1D400__vs__60E1C500_N3J6EB,0x6d5f4,Ignition Leading 0 Y Axis,0xC220,0x3F82,33438
60E1D400__vs__60E1C500_N3J6EB,0x6d618,Ignition Leading 0,0x6464,0x4452,8210
60E1D400__vs__60E1C500_N3J6EB,0x6d624,Ignition Timing Lead X Axis,0x3D80,0x444D,-1741
60E1D400__vs__60E1C500_N3J6EB,0x6d64c,Ignition Timing Lead Y Axis,0x4448,0x444F,-7
60E1D400__vs__60E1C500_N3J6EB,0x6d668,Ignition Timing Lead,0x6464,0x444A,8218
60E1D400__vs__60E1C500_N3J6EB,0x6d6b0,Ignition Leading 1 X Axis,0x3D80,0xAFAF,-29231
60E1D400__vs__60E1C500_N3J6EB,0x6d700,Ignition Leading 1 Y Axis,0x443B,0xC220,-32229
60E1D400__vs__60E1C500_N3J6EB,0x6d748,Ignition Leading 1,0x8484,0xC220,-15772
60E1D400__vs__60E1C500_N3J6EB,0x6d8b0,Ignition Leading Base - Safe Mode X Axis,0x3D80,0x41C8,-1096
60E1D400__vs__60E1C500_N3J6EB,0x6d900,Ignition Leading Base - Safe Mode Y Axis,0x443B,0x420C,559
60E1D400__vs__60E1C500_N3J6EB,0x6d948,Ignition Leading Base - Safe Mode,0x8484,0x420C,17016
60E1D400__vs__60E1C500_N3J6EB,0x6dab0,Ignition Leading Base X Axis,0x3D80,0x42C8,-1352
60E1D400__vs__60E1C500_N3J6EB,0x6db00,Ignition Leading Base Y Axis,0x443B,0x0000,17467
60E1D400__vs__60E1C500_N3J6EB,0x6db48,Ignition Leading Base,0x8484,0x0000,33924
60E1D400__vs__60E1C500_N3J6EB,0x6dcb0,Ignition Leading 4 X Axis,0x3D80,0x0000,15744
60E1D400__vs__60E1C500_N3J6EB,0x6dcd8,Ignition Leading 4 Y Axis,0x4448,0xC220,-32216
60E1D400__vs__60E1C500_N3J6EB,0x6dcf4,Ignition Leading 4,0x7777,0x42B4,13507
60E1D400__vs__60E1C500_N3J6EB,0x6dd3c,Ignition X Axis,0x3D80,0x0807,13689
60E1D400__vs__60E1C500_N3J6EB,0x6dd8c,Ignition Y Axis,0x443B,0x452B,-240
60E1D400__vs__60E1C500_N3J6EB,0x6ddd4,Ignition,0x7A7A,0x5050,10794
60E1D400__vs__60E1C500_N3J6EB,0x6df3c,Ignition 0 - Safe Mode X Axis,0x3D80,0x6553,-10195
60E1D400__vs__60E1C500_N3J6EB,0x6df8c,Ignition 0 - Safe Mode Y Axis,0x443B,0x4C4B,-2064
60E1D400__vs__60E1C500_N3J6EB,0x6dfd4,Ignition 0 - Safe Mode,0x7A7A,0x3C3C,15934
60E1D400__vs__60E1C500_N3J6EB,0x6e13c,Ignition 1 X Axis,0x3D80,0xA17D,-25597
60E1D400__vs__60E1C500_N3J6EB,0x6e18c,Ignition 1 Y Axis,0x443B,0xAFAE,-27507
60E1D400__vs__60E1C500_N3J6EB,0x6e1d4,Ignition 1,0x7A7A,0xA0A0,-9766
60E1D400__vs__60E1C500_N3J6EB,0x6e33c,Ignition Leading 5 X Axis,0x44A2,0x5A5A,-5560
60E1D400__vs__60E1C500_N3J6EB,0x6e34c,Ignition Leading 5 Y Axis,0x0000,0x5A5A,-23130
60E1D400__vs__60E1C500_N3J6EB,0x6e358,Ignition Leading 5,0x40A0,0x4A46,-2470
60E1D400__vs__60E1C500_N3J6EB,0x6e388,Ignition Minimum Maybe X Axis,0x44A2,0x5A5A,-5560
60E1D400__vs__60E1C500_N3J6EB,0x6e398,Ignition Minimum Maybe Y Axis,0x0000,0x4646,-17990
60E1D400__vs__60E1C500_N3J6EB,0x6e3a4,Ignition Minimum Maybe,0x0000,0x5A5A,-23130
60E1D400__vs__60E1C500_N3J6EB,0x6e458,Ignition Leading/Trailing - On Throttle Coolant Temp Compensation X Axis,0x44A2,0x4604,-354
60E1D400__vs__60E1C500_N3J6EB,0x6e464,Ignition Leading/Trailing - On Throttle Coolant Temp Compensation Y Axis,0x4120,0x3E00,800
60E1D400__vs__60E1C500_N3J6EB,0x6e474,Ignition Leading/Trailing - On Throttle Coolant Temp Compensation,0x40E0,0x3F20,448
60E1D400__vs__60E1C500_N3J6EB,0x6e4a4,Knock Correction - Light Y Axis,0xC1A0,0x001F,49537
60E1D400__vs__60E1C500_N3J6EB,0x6e4bc,Knock Correction - Light,0x0019,0x001F,-6
60E1D400__vs__60E1C500_N3J6EB,0x6e4c8,Knock Correction - Medium Y Axis,0xC1A0,0x001F,49537
60E1D400__vs__60E1C500_N3J6EB,0x6e4e0,Knock Correction - Medium,0x001E,0x001F,-1
60E1D400__vs__60E1C500_N3J6EB,0x6e4ec,Knock Correction - Heavy Y Axis,0xC1A0,0x001F,49537
60E1D400__vs__60E1C500_N3J6EB,0x6e504,Knock Correction - Heavy,0x0037,0x001F,24
60E1D400__vs__60E1C500_N3J6EB,0x6e510,Knock Detection Sensitivity Y Axis,0xC1A0,0x001F,49537
60E1D400__vs__60E1C500_N3J6EB,0x6e528,Knock Detection Sensitivity,0x003C,0x001F,29
60E1D400__vs__60E1C500_N3J6EB,0x6e534,Knock Retard Y Axis,0xC1A0,0x001F,49537
60E1D400__vs__60E1C500_N3J6EB,0x6e54c,Knock Retard,0x0037,0x001F,24
60E1D400__vs__60E1C500_N3J6EB,0x6e558,Knock Retard 2 Y Axis,0xC1A0,0x001F,49537
60E1D400__vs__60E1C500_N3J6EB,0x6e570,Knock Retard 2,0x003C,0x001F,29
60E1D400__vs__60E1C500_N3J6EB,0x6e57c,(Unknown - fpu_multiply_accumulate_filter) Y Axis,0x4416,0x001F,17399
60E1D400__vs__60E1C500_N3J6EB,0x6e5bc,(Unknown - fpu_multiply_accumulate_filter),0x00CB,0x001F,172
60E1D400__vs__60E1C500_N3J6EB,0x6e6d4,Manifold Pressure Limiter (Map) Y Axis,0xC220,0x0000,49696
60E1D400__vs__60E1C500_N3J6EB,0x6e6f0,Manifold Pressure Limiter (Map),0xAFAF,0x3F80,28719
60E1D400__vs__60E1C500_N3J6EB,0x6e6f8,Manifold Pressure Limiter (Map) 2 Y Axis,0xC120,0x3F80,33184
60E1D400__vs__60E1C500_N3J6EB,0x6e714,Manifold Pressure Limiter (Map) 2,0xFF5A,0x40A0,48826
60E1D400__vs__60E1C500_N3J6EB,0x6e71c,Manifold Pressure Limiter (Map) 3 Y Axis,0xC220,0xC170,176
60E1D400__vs__60E1C500_N3J6EB,0x6e738,Manifold Pressure Limiter (Map) 3,0xFAFA,0x41A0,47450
60E1D400__vs__60E1C500_N3J6EB,0x6e740,Manifold Pressure Limiter (Map) 4 Y Axis,0xC220,0x41F0,32816
60E1D400__vs__60E1C500_N3J6EB,0x6e75c,Manifold Pressure Limiter (Map) 4,0x0000,0x64FF,-25855
60E1D400__vs__60E1C500_N3J6EB,0x6e764,Manifold Pressure Limiter (Map) 5 Y Axis,0xC220,0xC120,256
60E1D400__vs__60E1C500_N3J6EB,0x6e780,Manifold Pressure Limiter (Map) 5,0xB6B6,0x41C8,29934
60E1D400__vs__60E1C500_N3J6EB,0x6e788,Manifold Pressure Limiter (Map) 6 Y Axis,0xC220,0x420C,32788
60E1D400__vs__60E1C500_N3J6EB,0x6e7a4,Manifold Pressure Limiter (Map) 6,0x3232,0xC170,-36670
60E1D400__vs__60E1C500_N3J6EB,0x6e7ac,Manifold Pressure Limiter (Map) 7 Y Axis,0xC316,0x428C,32906
60E1D400__vs__60E1C500_N3J6EB,0x6e7f8,Manifold Pressure Limiter (Map) 7,0x8CCD,0x428C,19009
60E1D400__vs__60E1C500_N3J6EB,0x6e820,Idle Target Filter Factor Y Axis,0xC3C8,0x4020,33704
60E1D400__vs__60E1C500_N3J6EB,0x6e84c,Idle Target Filter Factor,0x0100,0x9DAF,-40111
60E1D400__vs__60E1C500_N3J6EB,0x6e864,Idle Target Y Axis,0xC220,0x0000,49696
60E1D400__vs__60E1C500_N3J6EB,0x6e880,Idle Target,0x06A4,0x42D2,-15406
60E1D400__vs__60E1C500_N3J6EB,0x6e890,Idle Target 0 Y Axis,0xC1A0,0x4604,31644
60E1D400__vs__60E1C500_N3J6EB,0x6e8c0,Idle Target 0,0x06A4,0x3F46,-14498
60E1D400__vs__60E1C500_N3J6EB,0x6e8d8,Idle Target 1 Y Axis,0xC1A0,0x3FDB,33221
60E1D400__vs__60E1C500_N3J6EB,0x6e908,Idle Target 1,0x05DC,0x4065,-14985
60E1D400__vs__60E1C500_N3J6EB,0x6e920,Idle Target 2 Y Axis,0xC1A0,0x4090,33040
60E1D400__vs__60E1C500_N3J6EB,0x6e950,Idle Target 2,0x01F4,0x4270,-16508
60E1D400__vs__60E1C500_N3J6EB,0x6e968,Idle Target 3 Y Axis,0xC1A0,0x4211,32655
60E1D400__vs__60E1C500_N3J6EB,0x6e998,Idle Target 3,0x0DAC,0xC0F0,-45892
60E1D400__vs__60E1C500_N3J6EB,0x6e9b0,Idle Target 4 Y Axis,0xC220,0x42A0,32640
60E1D400__vs__60E1C500_N3J6EB,0x6e9cc,Idle Target 4,0x06A4,0x40CA,-14886
60E1D400__vs__60E1C500_N3J6EB,0x6e9dc,Idle Target 5 Y Axis,0xC220,0x0177,49321
60E1D400__vs__60E1C500_N3J6EB,0x6e9f8,Idle Target 5,0x03E8,0x40A0,-15544
60E1D400__vs__60E1C500_N3J6EB,0x6ea08,Idle Target 6 Y Axis,0x42F0,0x411A,470
60E1D400__vs__60E1C500_N3J6EB,0x6ea24,Idle Target 6,0x076C,0x3E99,-14125
60E1D400__vs__60E1C500_N3J6EB,0x6ea34,Idle Target 7 Y Axis,0xC220,0x42C8,32600
60E1D400__vs__60E1C500_N3J6EB,0x6ea50,Idle Target 7,0x03E8,0x4248,-15968
60E1D400__vs__60E1C500_N3J6EB,0x6ea60,(Unknown - load_bias_table_interpolator) X Axis,0xC220,0xC120,256
60E1D400__vs__60E1C500_N3J6EB,0x6ea7c,(Unknown - load_bias_table_interpolator) Y Axis,0x4270,0xC120,-32432
60E1D400__vs__60E1C500_N3J6EB,0x6ea88,(Unknown - load_bias_table_interpolator),0x3B3B,0x41A0,-1637
60E1D400__vs__60E1C500_N3J6EB,0x6ead4,Fuel Pressure (Map) Y Axis,0xC220,0xBE85,923
60E1D400__vs__60E1C500_N3J6EB,0x6eaf8,Fuel Pressure (Map),0x0000,0x3FA0,-16288
60E1D400__vs__60E1C500_N3J6EB,0x6eb04,Fuel Pressure (Map) 2 Y Axis,0xC220,0x3FAE,33394
60E1D400__vs__60E1C500_N3J6EB,0x6eb28,Fuel Pressure (Map) 2,0x8080,0x4001,16511
60E1D400__vs__60E1C500_N3J6EB,0x6eb34,Fuel Pressure (Map) 3 Y Axis,0xC220,0x4011,33295
60E1D400__vs__60E1C500_N3J6EB,0x6eb58,Fuel Pressure (Map) 3,0x1E1E,0x404F,-8753
60E1D400__vs__60E1C500_N3J6EB,0x6eb64,Fuel Pressure (Map) 4 Y Axis,0x0000,0x4066,-16486
60E1D400__vs__60E1C500_N3J6EB,0x6eb88,Fuel Pressure (Map) 4,0x0000,0x4092,-16530
60E1D400__vs__60E1C500_N3J6EB,0x6eb94,Fuel Pressure (Map) 5 Y Axis,0x43FA,0x4096,868
60E1D400__vs__60E1C500_N3J6EB,0x6eba8,Fuel Pressure (Map) 5,0x7272,0x4081,12785
60E1D400__vs__60E1C500_N3J6EB,0x6ebb0,Fuel Pressure (Map) 6 Y Axis,0xC1A0,0x409D,33027
60E1D400__vs__60E1C500_N3J6EB,0x6ebc8,Fuel Pressure (Map) 6,0x1E1E,0x4109,-8939
60E1D400__vs__60E1C500_N3J6EB,0x6ebd0,Fuel Pressure (Map) 7 Y Axis,0xC248,0x413C,33036
60E1D400__vs__60E1C500_N3J6EB,0x6ec08,Fuel Pressure (Map) 7,0x1D1D,0x428E,-9585
60E1D400__vs__60E1C500_N3J6EB,0x6ec34,Fuel Controller (Map) Y Axis,0xC1F0,0x4369,32391
60E1D400__vs__60E1C500_N3J6EB,0x6ec44,Fuel Controller (Map),0x0000,0x439F,-17311
60E1D400__vs__60E1C500_N3J6EB,0x6ec4c,Fuel Controller (Map) 2 Y Axis,0xC220,0x43AD,32371
60E1D400__vs__60E1C500_N3J6EB,0x6ec70,Fuel Controller (Map) 2,0x04E2,0x0001,1249
60E1D400__vs__60E1C500_N3J6EB,0x6ec84,Fuel Controller (Map) 3 Y Axis,0xC220,0x425C,32708
60E1D400__vs__60E1C500_N3J6EB,0x6eca8,Fuel Controller (Map) 3,0x0000,0x457A,-17786
60E1D400__vs__60E1C500_N3J6EB,0x6ecbc,Fuel Controller (Map) 4 Y Axis,0xC220,0x0000,49696
60E1D400__vs__60E1C500_N3J6EB,0x6ece0,Fuel Controller (Map) 4,0x0898,0x0000,2200
60E1D400__vs__60E1C500_N3J6EB,0x6ecf4,Fuel Controller (Map) 5 Y Axis,0x4220,0x42C8,-168
60E1D400__vs__60E1C500_N3J6EB,0x6ed08,Fuel Controller (Map) 5,0x01F4,0xBFA6,-48562
60E1D400__vs__60E1C500_N3J6EB,0x6ed18,Load Blend Factor - Coolant Temperature Y Axis,0xC220,0x0000,49696
60E1D400__vs__60E1C500_N3J6EB,0x6ed3c,Load Blend Factor - Coolant Temperature,0x1611,0x3F65,-10580
60E1D400__vs__60E1C500_N3J6EB,0x6ed48,Load Blend Factor - Coolant Temperature X Blend Variation X Axis,0xC220,0x3F84,33436
60E1D400__vs__60E1C500_N3J6EB,0x6ed6c,Load Blend Factor - Coolant Temperature X Blend Variation Y Axis,0xC1A0,0x4075,33067
60E1D400__vs__60E1C500_N3J6EB,0x6ed78,Load Blend Factor - Coolant Temperature X Blend Variation,0x2214,0x40F5,-7905
60E1D400__vs__60E1C500_N3J6EB,0x6eda4,Air Charge - RPM X Charge Temperature X Axis,0x0000,0x3C50,-15440
60E1D400__vs__60E1C500_N3J6EB,0x6edd4,Air Charge - RPM X Charge Temperature Y Axis,0xC220,0x3E9B,33669
60E1D400__vs__60E1C500_N3J6EB,0x6edf4,Air Charge - RPM X Charge Temperature,0xFFFF,0x40CC,48947
60E1D400__vs__60E1C500_N3J6EB,0x6ee54,Ignition Trailing B X Axis,0x3D80,0x3E1B,-155
60E1D400__vs__60E1C500_N3J6EB,0x6eea4,Ignition Trailing B Y Axis,0x43FA,0x5974,-5498
60E1D400__vs__60E1C500_N3J6EB,0x6eeec,Ignition Trailing B,0x4141,0x3F00,577
60E1D400__vs__60E1C500_N3J6EB,0x6f054,Ignition Trailing A X Axis,0x3D80,0x3E00,-128
60E1D400__vs__60E1C500_N3J6EB,0x6f0a4,Ignition Trailing A Y Axis,0x43FA,0x787C,-13442
60E1D400__vs__60E1C500_N3J6EB,0x6f0ec,Ignition Trailing A,0x7E7E,0x0003,32379
60E1D400__vs__60E1C500_N3J6EB,0x6f254,Ignition Min Split X Axis,0x3D80,0x4320,-1440
60E1D400__vs__60E1C500_N3J6EB,0x6f2a4,Ignition Min Split Y Axis,0x443B,0x457A,-319
60E1D400__vs__60E1C500_N3J6EB,0x6f2ec,Ignition Min Split,0x5A5A,0x42C8,6034
60E1D400__vs__60E1C500_N3J6EB,0x6f454,Ignition 3 X Axis,0x0000,0x3CF5,-15605
60E1D400__vs__60E1C500_N3J6EB,0x6f4a0,Ignition 3 Y Axis,0x0000,0x3F30,-16176
60E1D400__vs__60E1C500_N3J6EB,0x6f4cc,Ignition 3,0x001F,0x3F7A,-16219
60E1D400__vs__60E1C500_N3J6EB,0x6f75c,Ignition 4 Y Axis,0xC170,0x3DE1,33679
60E1D400__vs__60E1C500_N3J6EB,0x6f78c,Ignition 4,0x6464,0x3F40,9508
60E1D400__vs__60E1C500_N3J6EB,0x6f798,Ignition 5 Y Axis,0x428C,0x3F70,796
60E1D400__vs__60E1C500_N3J6EB,0x6f79c,Ignition 5,0x64FF,0x3F80,9599
60E1D400__vs__60E1C500_N3J6EB,0x6f7a0,Ignition 6 Y Axis,0xC170,0x4000,33136
60E1D400__vs__60E1C500_N3J6EB,0x6f7d0,Ignition 6,0x6464,0x3F69,9467
60E1D400__vs__60E1C500_N3J6EB,0x6f7dc,Ignition 7 Y Axis,0x428C,0x3F63,809
60E1D400__vs__60E1C500_N3J6EB,0x6f7e0,Ignition 7,0x64FF,0x3F61,9630
60E1D400__vs__60E1C500_N3J6EB,0x6f7e4,Ignition 8 Y Axis,0xC170,0x3F54,33308
60E1D400__vs__60E1C500_N3J6EB,0x6f7e8,Ignition 8,0x64FF,0x3F47,9656
60E1D400__vs__60E1C500_N3J6EB,0x6f7ec,Ignition 9 Y Axis,0x428C,0x3F3B,849
60E1D400__vs__60E1C500_N3J6EB,0x6f7f0,Ignition 9,0x64FF,0x3F2F,9680
60E1D400__vs__60E1C500_N3J6EB,0x6f7f4,Ignition 10 Y Axis,0xC170,0x3F25,33355
60E1D400__vs__60E1C500_N3J6EB,0x6f7f8,Ignition 10,0x64FF,0x3F1B,9700
60E1D400__vs__60E1C500_N3J6EB,0x6f7fc,Ignition 11 Y Axis,0x428C,0x3F11,891
60E1D400__vs__60E1C500_N3J6EB,0x6f800,Ignition 11,0x64FF,0x3F08,9719
60E1D400__vs__60E1C500_N3J6EB,0x6f804,Ignition 12 Y Axis,0xC1F0,0x3F00,33520
60E1D400__vs__60E1C500_N3J6EB,0x6f808,Ignition 12,0x64FF,0x3EF1,9742
60E1D400__vs__60E1C500_N3J6EB,0x6f80c,Ignition 13 Y Axis,0xC1F0,0x3EE3,33549
60E1D400__vs__60E1C500_N3J6EB,0x6f810,Ignition 13,0x64FF,0x3ED5,9770
60E1D400__vs__60E1C500_N3J6EB,0x6f814,Ignition 14 X Axis,0xC170,0x3EC8,33448
60E1D400__vs__60E1C500_N3J6EB,0x6f818,Ignition 14 Y Axis,0x0000,0x3EBC,-16060
60E1D400__vs__60E1C500_N3J6EB,0x6f81c,Ignition 14,0x64FF,0x3E0A,9973
60E1D400__vs__60E1C500_N3J6EB,0x6f820,Ignition 15 X Axis,0x428C,0x3D4C,1344
60E1D400__vs__60E1C500_N3J6EB,0x6f824,Ignition 15 Y Axis,0x0000,0x3C93,-15507
60E1D400__vs__60E1C500_N3J6EB,0x6f828,Ignition 15,0x64FF,0x43FA,8453
60E1D400__vs__60E1C500_N3J6EB,0x6f82c,Ignition 16 X Axis,0xC170,0x447A,31990
60E1D400__vs__60E1C500_N3J6EB,0x6f830,Ignition 16 Y Axis,0x0000,0x44BB,-17595
60E1D400__vs__60E1C500_N3J6EB,0x6f834,Ignition 16,0x64FF,0x44FA,8197
60E1D400__vs__60E1C500_N3J6EB,0x6f838,Ignition 17 X Axis,0x428C,0x451C,-656
60E1D400__vs__60E1C500_N3J6EB,0x6f83c,Ignition 17 Y Axis,0x0000,0x453B,-17723
60E1D400__vs__60E1C500_N3J6EB,0x6f840,Ignition 17,0x64FF,0x455A,8101
60E1D400__vs__60E1C500_N3J6EB,0x6f848,Off Throttle Fuel Cut - Fuel Resume - In Neutral Threshold7  Y Axis,0xC1A0,0x3D80,33824
60E1D400__vs__60E1C500_N3J6EB,0x6f878,Off Throttle Fuel Cut - Fuel Resume - In Neutral Threshold7,0x909A,0x6D60,9018
60E1D400__vs__60E1C500_N3J6EB,0x6f8ec,CLT Sensor Scaling Y Axis,0x3E65,0x0000,15973
60E1D400__vs__60E1C500_N3J6EB,0x6f96c,CLT Sensor Scaling,0x430C,0x130B,12289
60E1D400__vs__60E1C500_N3J6EB,0x6fa9c,Off Throttle Fuel Cut - Fuel Resume - In Neutral Threshold8  Y Axis,0xC1A0,0x0294,48908
60E1D400__vs__60E1C500_N3J6EB,0x6fab0,Off Throttle Fuel Cut - Fuel Resume - In Neutral Threshold8,0xFBFB,0x0161,64154
60E1D400__vs__60E1C500_N3J6EB,0x6fab8,Combustion Efficiency - Correction Constant 1 vs Coolant Temp Y Axis,0xC1A0,0x0480,48416
60E1D400__vs__60E1C500_N3J6EB,0x6facc,Combustion Efficiency - Correction Constant 1 vs Coolant Temp,0x40A0,0x0166,16186
60E1D400__vs__60E1C500_N3J6EB,0x6fae0,Combustion Efficiency - Correction Constant 2 vs Coolant Temp Y Axis,0xC1A0,0x0680,47904
60E1D400__vs__60E1C500_N3J6EB,0x6faf4,Combustion Efficiency - Correction Constant 2 vs Coolant Temp,0x42C8,0x0680,15432
60E1D400__vs__60E1C500_N3J6EB,0x6fb18,MAF Scaling Y Axis,0x3F5C,0x41A0,-580
60E1D400__vs__60E1C500_N3J6EB,0x6fbd8,MAF Scaling,0x3FF9,0x2710,6377
60E1D400__vs__60E1C500_N3J6EB,0x6fcd8,Knock Margin - State Machine Threshold 1 vs RPM Y Axis,0x43FA,0x42A0,346
60E1D400__vs__60E1C500_N3J6EB,0x6fcf8,Knock Margin - State Machine Threshold 1 vs RPM,0x0000,0x3EE0,-16096
60E1D400__vs__60E1C500_N3J6EB,0x6fd00,Knock Margin - State Machine Threshold 2 vs RPM Y Axis,0x43FA,0x3F10,1258
60E1D400__vs__60E1C500_N3J6EB,0x6fd20,Knock Margin - State Machine Threshold 2 vs RPM,0x0000,0x2710,-10000
60E1D400__vs__60E1C500_N3J6EB,0x6fd28,Injector Barometric Pressure Compensation Y Axis,0x428C,0x2710,7036
60E1D400__vs__60E1C500_N3J6EB,0x6fd38,Injector Barometric Pressure Compensation,0x3FB3,0x26AC,6407
60E1D400__vs__60E1C500_N3J6EB,0x6fd48,Lambda Sensor Scaling Y Axis,0xBFA6,0x2693,39187
60E1D400__vs__60E1C500_N3J6EB,0x6fd74,Lambda Sensor Scaling,0x3F42,0x280A,5944
60E1D400__vs__60E1C500_N3J6EB,0x6fda0,Ignition - Load Based Spark 1 vs Load g/rev Y Axis,0x0000,0x44BB,-17595
60E1D400__vs__60E1C500_N3J6EB,0x6fde0,Ignition - Load Based Spark 1 vs Load g/rev,0x3C1D,0x3EE0,-707
60E1D400__vs__60E1C500_N3J6EB,0x6fe20,Ignition - Load Based Spark 2 vs Load g/rev Y Axis,0x0000,0x2328,-9000
60E1D400__vs__60E1C500_N3J6EB,0x6fe60,Ignition - Load Based Spark 2 vs Load g/rev,0x3B90,0x2710,5248
60E1D400__vs__60E1C500_N3J6EB,0x6feb8,Off Throttle Fuel Cut - Fuel Resume - In Neutral Threshold9  Y Axis,0xC1A0,0x275B,39493
60E1D400__vs__60E1C500_N3J6EB,0x6fee4,Off Throttle Fuel Cut - Fuel Resume - In Neutral Threshold9,0x5974,0x2742,12850
60E1D400__vs__60E1C500_N3J6EB,0x6ffa8,IAT Sensor Scaling Y Axis,0x3E5A,0x458C,-1842
60E1D400__vs__60E1C500_N3J6EB,0x6ffe8,IAT Sensor Scaling,0x42EE,0x3F50,926
60E1D400__vs__60E1C500_N3J6EB,0x7005c,MAF Filter Frequency Y Axis,0x0000,0x2774,-10100
60E1D400__vs__60E1C500_N3J6EB,0x70084,MAF Filter Frequency,0x0E12,0x27A6,-6548
60E1D400__vs__60E1C500_N3J6EB,0x70090,IAT Filter Y Axis,0x0000,0x275B,-10075
60E1D400__vs__60E1C500_N3J6EB,0x700b0,IAT Filter,0x6464,0x2710,15700
60E1D400__vs__60E1C500_N3J6EB,0x700b8,CLT Filter Y Axis,0x43C8,0x27A6,7202
60E1D400__vs__60E1C500_N3J6EB,0x700e0,CLT Filter,0xA0A0,0x2710,31120
60E1D400__vs__60E1C500_N3J6EB,0x700ec,Load Signal Y Axis,0xC220,0x2729,39671
60E1D400__vs__60E1C500_N3J6EB,0x70110,Load Signal,0x1860,0x26DE,-3710
60E1D400__vs__60E1C500_N3J6EB,0x701f0,Barometric Pressure Adjustment Y Axis,0x0000,0x27D8,-10200
60E1D400__vs__60E1C500_N3J6EB,0x70230,Barometric Pressure Adjustment,0xA497,0x27D8,31935
60E1D400__vs__60E1C500_N3J6EB,0x70240,O2 Switch Y Axis,0x0000,0x27D8,-10200
60E1D400__vs__60E1C500_N3J6EB,0x70264,O2 Switch,0x6060,0x27D8,14472
60E1D400__vs__60E1C500_N3J6EB,0x70270,Fuel - Fuel Trim Learn - Coolant Temperature Threshold Y Axis,0x4248,0x27D8,6768
60E1D400__vs__60E1C500_N3J6EB,0x7027c,Fuel - Fuel Trim Learn - Coolant Temperature Threshold,0x0000,0x3FA3,-16291
60E1D400__vs__60E1C500_N3J6EB,0x70280,TPS Deadband Y Axis,0x0000,0x4023,-16419
60E1D400__vs__60E1C500_N3J6EB,0x702a4,TPS Deadband,0xA0A0,0x4223,24189
60E1D400__vs__60E1C500_N3J6EB,0x702cc,Ignition - Timing Angle Ramp 1 vs RPM,0x0D1B,0x27D8,-6845
60E1D400__vs__60E1C500_N3J6EB,0x702d4,Ignition - Timing Angle Ramp 2 vs RPM Y Axis,0x4448,0x27D8,7280
60E1D400__vs__60E1C500_N3J6EB,0x702f0,Ignition - Timing Angle Ramp 2 vs RPM,0x0D1B,0x27D8,-6845
60E1D400__vs__60E1C500_N3J6EB,0x702f8,(Unknown - init_control_values) Y Axis,0xC1F0,0x27D8,39448
60E1D400__vs__60E1C500_N3J6EB,0x70334,(Unknown - init_control_values),0x0000,0x27D8,-10200
60E1D400__vs__60E1C500_N3J6EB,0x70344,Ignition - Coolant Temp Correction vs Coolant Temp Y Axis,0xC1F0,0x27D8,39448
60E1D400__vs__60E1C500_N3J6EB,0x70380,Ignition - Coolant Temp Correction vs Coolant Temp,0x31B5,0x27D8,2525
60E1D400__vs__60E1C500_N3J6EB,0x703a0,Load Smoothing Y Axis,0x453B,0x4743,-520
60E1D400__vs__60E1C500_N3J6EB,0x703bc,Load Smoothing,0x2A30,0x4220,-6128
60E1D400__vs__60E1C500_N3J6EB,0x703cc,Transmission Load Control - Threshold 1 vs Throttle/Load Y Axis,0x0000,0x0000,0
60E1D400__vs__60E1C500_N3J6EB,0x703e4,Transmission Load Control - Threshold 1 vs Throttle/Load,0x0000,0x33D6,-13270
60E1D400__vs__60E1C500_N3J6EB,0x703f0,Transmission Load Control - Threshold 2 vs Throttle/Load Y Axis,0x0000,0x0000,0
60E1D400__vs__60E1C500_N3J6EB,0x70414,Transmission Load Control - Threshold 2 vs Throttle/Load,0x001F,0x33D6,-13239
60E1D400__vs__60E1C500_N3J6EB,0x70428,Transmission Load Control - Threshold 3 vs Throttle/Load Y Axis,0x0000,0x33D6,-13270
60E1D400__vs__60E1C500_N3J6EB,0x70468,Transmission Load Control - Threshold 3 vs Throttle/Load,0x0001,0x0000,1
60E1D400__vs__60E1C500_N3J6EB,0x70488,Fuel Feedback - Decay Curve 1 vs Load Fraction Y Axis,0x0000,0x33D6,-13270
60E1D400__vs__60E1C500_N3J6EB,0x70504,Fuel Feedback - Decay Curve 1 vs Load Fraction,0x3F80,0x3F40,64
60E1D400__vs__60E1C500_N3J6EB,0x70580,Fuel Feedback - Decay Curve 2 vs Load Fraction Y Axis,0x0000,0x4D66,-19814
60E1D400__vs__60E1C500_N3J6EB,0x705fc,Fuel Feedback - Decay Curve 2 vs Load Fraction,0x3F80,0x1214,11628
60E1D400__vs__60E1C500_N3J6EB,0x70678,Fuel Feedback - Decay Curve 3 vs Load Fraction Y Axis,0x0000,0x4270,-17008
60E1D400__vs__60E1C500_N3J6EB,0x706f4,Fuel Feedback - Decay Curve 3 vs Load Fraction,0x3F80,0x4040,-192
60E1D400__vs__60E1C500_N3J6EB,0x70770,Fuel Feedback - Decay Curve 4 (u8 copy) vs Load Fraction Y Axis,0x0000,0x4270,-17008
60E1D400__vs__60E1C500_N3J6EB,0x707ec,Fuel Feedback - Decay Curve 4 (u8 copy) vs Load Fraction,0x3F80,0x05DC,14756
60E1D400__vs__60E1C500_N3J6EB,0x70868,Fuel - Long Term Fuel Trim - Load Correction Matrix X Axis,0x43FA,0x4843,-1097
60E1D400__vs__60E1C500_N3J6EB,0x70888,Fuel - Long Term Fuel Trim - Load Correction Matrix Y Axis,0x3D80,0xBCA3,-32547
60E1D400__vs__60E1C500_N3J6EB,0x708a8,Fuel - Long Term Fuel Trim - Load Correction Matrix,0x7A7A,0x471C,13150
60E1D400__vs__60E1C500_N3J6EB,0x708e8,Closed Loop WOT Enrichment?? X Axis,0x43FA,0x3C7D,1917
60E1D400__vs__60E1C500_N3J6EB,0x70918,Closed Loop WOT Enrichment?? Y Axis,0x425C,0x47EA,-1422
60E1D400__vs__60E1C500_N3J6EB,0x70924,Closed Loop WOT Enrichment??,0x0000,0x482F,-18479
60E1D400__vs__60E1C500_N3J6EB,0x70948,Fuel Control (Map) X Axis,0x3FA3,0xBCA3,-32000
60E1D400__vs__60E1C500_N3J6EB,0x7097c,Fuel Control (Map) Y Axis,0x4448,0x8008,-15296
60E1D400__vs__60E1C500_N3J6EB,0x70998,Fuel Control (Map),0x130B,0x3ECC,-11201
60E1D400__vs__60E1C500_N3J6EB,0x70a50,Fuel Control (Map) 2 X Axis,0x3FA3,0x457A,-1495
60E1D400__vs__60E1C500_N3J6EB,0x70a84,Fuel Control (Map) 2 Y Axis,0x4448,0x3F66,1250
60E1D400__vs__60E1C500_N3J6EB,0x70aa0,Fuel Control (Map) 2,0x0133,0x3DCC,-15513
60E1D400__vs__60E1C500_N3J6EB,0x70b58,Transmission Load Control (Map) X Axis,0x41A0,0x061A,15238
60E1D400__vs__60E1C500_N3J6EB,0x70b78,Transmission Load Control (Map) Y Axis,0x3DCC,0xBD4C,-32640
60E1D400__vs__60E1C500_N3J6EB,0x70b9c,Transmission Load Control (Map),0x2710,0x4000,-6384
60E1D400__vs__60E1C500_N3J6EB,0x70c2c,Transmission Load Control (Map) 2 X Axis,0x41A0,0x3D23,1149
60E1D400__vs__60E1C500_N3J6EB,0x70c4c,Transmission Load Control (Map) 2 Y Axis,0x3DCC,0x4040,-628
60E1D400__vs__60E1C500_N3J6EB,0x70c70,Transmission Load Control (Map) 2,0x2710,0x4248,-6968
60E1D400__vs__60E1C500_N3J6EB,0x70d00,Transmission Load Control (Map) 3 X Axis,0x41A0,0x4270,-208
60E1D400__vs__60E1C500_N3J6EB,0x70d20,Transmission Load Control (Map) 3 Y Axis,0x3E05,0x8080,-17019
60E1D400__vs__60E1C500_N3J6EB,0x70d44,Transmission Load Control (Map) 3,0x28F0,0x8080,-22416
60E1D400__vs__60E1C500_N3J6EB,0x70dd4,Fuel Enrichment Control (Map) X Axis,0x43FA,0x45AB,-433
60E1D400__vs__60E1C500_N3J6EB,0x70e04,Fuel Enrichment Control (Map) Y Axis,0x3DCC,0x43FA,-1582
60E1D400__vs__60E1C500_N3J6EB,0x70e44,Fuel Enrichment Control (Map),0x2328,0x45FA,-8914
60E1D400__vs__60E1C500_N3J6EB,0x70fc4,Fuel Enrichment Control (Map) 2 X Axis,0x43FA,0x43FA,0
60E1D400__vs__60E1C500_N3J6EB,0x70ff4,Fuel Enrichment Control (Map) 2 Y Axis,0x3DCC,0x45CB,-2047
60E1D400__vs__60E1C500_N3J6EB,0x71034,Fuel Enrichment Control (Map) 2,0x2328,0x458C,-8804
60E1D400__vs__60E1C500_N3J6EB,0x711b4,Vtec Timing Control (Map) X Axis,0x3FA3,0x459C,-1529
60E1D400__vs__60E1C500_N3J6EB,0x711e8,Vtec Timing Control (Map) Y Axis,0x4448,0x45BB,-371
60E1D400__vs__60E1C500_N3J6EB,0x71204,Vtec Timing Control (Map),0x27D8,0x447A,-7330
60E1D400__vs__60E1C500_N3J6EB,0x712bc,Vtec Timing Control (Map) 2 X Axis,0x3FA3,0x3E80,291
60E1D400__vs__60E1C500_N3J6EB,0x712f0,Vtec Timing Control (Map) 2 Y Axis,0x4448,0x3F88,1216
60E1D400__vs__60E1C500_N3J6EB,0x7130c,Vtec Timing Control (Map) 2,0x27D8,0x44BB,-7395
60E1D400__vs__60E1C500_N3J6EB,0x713c4,Transmission Load Control (Map) 4 X Axis,0x0000,0x2121,-8481
60E1D400__vs__60E1C500_N3J6EB,0x713ec,Transmission Load Control (Map) 4 Y Axis,0xC220,0x3138,37096
60E1D400__vs__60E1C500_N3J6EB,0x71408,Transmission Load Control (Map) 4,0x0000,0x4800,-18432
60E1D400__vs__60E1C500_N3J6EB,0x7158c,(Unknown - wankel_rotary_control) Y Axis,0x0000,0x0B0B,-2827
60E1D400__vs__60E1C500_N3J6EB,0x715bc,(Unknown - wankel_rotary_control),0x3333,0x3EC0,-2957
60E1D400__vs__60E1C500_N3J6EB,0x715c8,(Unknown - wankel_rotary_control) 2 Y Axis,0x0000,0x3F10,-16144
60E1D400__vs__60E1C500_N3J6EB,0x715f8,(Unknown - wankel_rotary_control) 2,0x3333,0x43FA,-4295
60E1D400__vs__60E1C500_N3J6EB,0x71604,(Unknown - wankel_rotary_control) 3 Y Axis,0x0000,0x44BB,-17595
60E1D400__vs__60E1C500_N3J6EB,0x71634,(Unknown - wankel_rotary_control) 3,0x0A0A,0x45EA,-15328
60E1D400__vs__60E1C500_N3J6EB,0x71640,Secondary Fuel (Map) Y Axis,0x0000,0x460C,-17932
60E1D400__vs__60E1C500_N3J6EB,0x71664,Secondary Fuel (Map),0x0000,0x0B0B,-2827
60E1D400__vs__60E1C500_N3J6EB,0x71670,Secondary Fuel (Map) 2 Y Axis,0x0000,0x0000,0
60E1D400__vs__60E1C500_N3J6EB,0x71694,Secondary Fuel (Map) 2,0x0000,0x0C0C,-3084
60E1D400__vs__60E1C500_N3J6EB,0x716a0,Secondary Fuel (Map) 3 Y Axis,0x0000,0x0000,0
60E1D400__vs__60E1C500_N3J6EB,0x716c4,Secondary Fuel (Map) 3,0x1E1E,0x0000,7710
60E1D400__vs__60E1C500_N3J6EB,0x716d0,Secondary Fuel (Map) 4 Y Axis,0x0000,0x1414,-5140
60E1D400__vs__60E1C500_N3J6EB,0x716f4,Secondary Fuel (Map) 4,0x1E1E,0x080D,5649
60E1D400__vs__60E1C500_N3J6EB,0x71700,Obd Validation Check (Map) Y Axis,0x0000,0x3300,-13056
60E1D400__vs__60E1C500_N3J6EB,0x71724,Obd Validation Check (Map),0x1919,0x1D2A,-1041
60E1D400__vs__60E1C500_N3J6EB,0x71730,Obd Validation Check (Map) 2 Y Axis,0x0000,0x161E,-5662
60E1D400__vs__60E1C500_N3J6EB,0x71754,Obd Validation Check (Map) 2,0x1919,0x3435,-6940
60E1D400__vs__60E1C500_N3J6EB,0x71760,Fuel Trim - Update Step vs Throttle Position Y Axis,0x41A0,0x2D36,5226
60E1D400__vs__60E1C500_N3J6EB,0x71784,Fuel Trim - Update Step vs Throttle Position,0x927C,0x3533,23881
60E1D400__vs__60E1C500_N3J6EB,0x71798,Lambda Integration Time Constant Y Axis,0x0000,0x4343,-17219
60E1D400__vs__60E1C500_N3J6EB,0x717bc,Lambda Integration Time Constant,0x03E8,0x3F3F,-15191
60E1D400__vs__60E1C500_N3J6EB,0x717d0,Lambda Parameter Y Axis,0x0000,0x3F3F,-16191
60E1D400__vs__60E1C500_N3J6EB,0x717f4,Lambda Parameter,0x03E8,0x457A,-16786
60E1D400__vs__60E1C500_N3J6EB,0x71808,Ignition Timing Output (Map) Y Axis,0x0000,0x41F0,-16880
60E1D400__vs__60E1C500_N3J6EB,0x71828,Ignition Timing Output (Map),0x05DC,0x0000,1500
60E1D400__vs__60E1C500_N3J6EB,0x71838,Ignition Timing Output (Map) 2 Y Axis,0x0000,0x0000,0
60E1D400__vs__60E1C500_N3J6EB,0x71868,Ignition Timing Output (Map) 2,0x0000,0x0000,0
60E1D400__vs__60E1C500_N3J6EB,0x71880,Rotary - Position Correction 1 vs Rotor Position Y Axis,0x0000,0x0000,0
60E1D400__vs__60E1C500_N3J6EB,0x718b0,Rotary - Position Correction 1 vs Rotor Position,0xBCA3,0x3F30,32115
60E1D400__vs__60E1C500_N3J6EB,0x718e0,Rotary - Position Correction 2 vs Rotor Position Y Axis,0x0000,0x447A,-17530
60E1D400__vs__60E1C500_N3J6EB,0x71910,Rotary - Position Correction 2 vs Rotor Position,0x3C23,0x45DA,-2487
60E1D400__vs__60E1C500_N3J6EB,0x71940,Rotary - Position Correction 3 vs Rotor Position Y Axis,0x0000,0x0000,0
60E1D400__vs__60E1C500_N3J6EB,0x71970,Rotary - Position Correction 3 vs Rotor Position,0xBCA3,0x0C0C,45207
60E1D400__vs__60E1C500_N3J6EB,0x71a50,Sensor Validation Monitor (Map) Y Axis,0x43FA,0x2B2A,6352
60E1D400__vs__60E1C500_N3J6EB,0x71a78,Sensor Validation Monitor (Map),0x1717,0x4343,-11308
60E1D400__vs__60E1C500_N3J6EB,0x71a84,Sensor Validation - Threshold vs RPM Y Axis,0x447A,0x3C3C,2110
60E1D400__vs__60E1C500_N3J6EB,0x71a98,Sensor Validation - Threshold vs RPM,0x005E,0x3F3F,-16097
60E1D400__vs__60E1C500_N3J6EB,0x71aa4,Sensor Validation Monitor (Map) 2 Y Axis,0x3DCC,0x3836,1430
60E1D400__vs__60E1C500_N3J6EB,0x71acc,Sensor Validation Monitor (Map) 2,0x02BC,0xBD4C,-47760
60E1D400__vs__60E1C500_N3J6EB,0x71ae0,Sensor Validation Monitor (Map) 3 Y Axis,0x3DCC,0x4026,-602
60E1D400__vs__60E1C500_N3J6EB,0x71b08,Sensor Validation Monitor (Map) 3,0x0FA0,0x4516,-13686
60E1D400__vs__60E1C500_N3J6EB,0x71b1c,Adaptive Control - Constant vs RPM Y Axis,0x4448,0x4589,-321
60E1D400__vs__60E1C500_N3J6EB,0x71b44,Adaptive Control - Constant vs RPM,0x009C,0x002D,111
60E1D400__vs__60E1C500_N3J6EB,0x71b58,Combustion Control - Constant vs Load Fraction Y Axis,0x0000,0x43FA,-17402
60E1D400__vs__60E1C500_N3J6EB,0x71b70,Combustion Control - Constant vs Load Fraction,0x0138,0xC0A0,-49000
60E1D400__vs__60E1C500_N3J6EB,0x71b7c,Engine Load Control - Threshold vs Load Fraction Y Axis,0x0000,0x00FA,-250
60E1D400__vs__60E1C500_N3J6EB,0x71b94,Engine Load Control - Threshold vs Load Fraction,0x061A,0x0000,1562
60E1D400__vs__60E1C500_N3J6EB,0x71cac,Fuelling - Safe Mode Y Axis,0x4220,0xC296,-32886
60E1D400__vs__60E1C500_N3J6EB,0x71cd0,Fuelling - Safe Mode,0x8080,0x8060,32
60E1D400__vs__60E1C500_N3J6EB,0x71cdc,Fuelling 0 Y Axis,0x4220,0xC296,-32886
60E1D400__vs__60E1C500_N3J6EB,0x71ce0,Fuelling 0,0x80FF,0xC248,-16713
60E1D400__vs__60E1C500_N3J6EB,0x71ce4,Fuelling 1 Y Axis,0xC220,0xC1C8,88
60E1D400__vs__60E1C500_N3J6EB,0x71d00,Fuelling 1,0x8080,0x8060,32
60E1D400__vs__60E1C500_N3J6EB,0x71d08,Fuelling 2 - Safe Mode Y Axis,0x4220,0x0064,16828
60E1D400__vs__60E1C500_N3J6EB,0x71d2c,Fuelling 2 - Safe Mode,0x8080,0x4020,16480
60E1D400__vs__60E1C500_N3J6EB,0x71d38,Fuelling 3 Y Axis,0x4220,0x0000,16928
60E1D400__vs__60E1C500_N3J6EB,0x71d5c,Fuelling 3,0x8080,0x4110,16240
60E1D400__vs__60E1C500_N3J6EB,0x71d68,Fuelling 4 Y Axis,0xC220,0x4110,33040
60E1D400__vs__60E1C500_N3J6EB,0x71d84,Fuelling 4,0x8080,0x4110,16240
60E1D400__vs__60E1C500_N3J6EB,0x71d8c,Fuelling 5 Y Axis,0x43FA,0x4110,746
60E1D400__vs__60E1C500_N3J6EB,0x71dd4,Fuelling 5,0xA5A5,0x4110,25749
60E1D400__vs__60E1C500_N3J6EB,0x71de8,Fuelling 6 Y Axis,0x43FA,0x4110,746
60E1D400__vs__60E1C500_N3J6EB,0x71e30,Fuelling 6,0xA5A5,0x4270,25397
60E1D400__vs__60E1C500_N3J6EB,0x71e44,Fuelling 7 Y Axis,0x43FA,0x5050,-3158
60E1D400__vs__60E1C500_N3J6EB,0x71e8c,Fuelling 7,0xA5A5,0x423B,25450
60E1D400__vs__60E1C500_N3J6EB,0x71ea0,Closed Loop Fuelling Threshold (Unknown A) Y Axis,0x443B,0x0153,17128
60E1D400__vs__60E1C500_N3J6EB,0x71ed0,Closed Loop Fuelling Threshold (Unknown A),0x545A,0x0435,20517
60E1D400__vs__60E1C500_N3J6EB,0x71edc,Closed Loop Fuelling Threshold (Throttle Position)  Y Axis,0x43FA,0x417A,640
60E1D400__vs__60E1C500_N3J6EB,0x71f28,Closed Loop Fuelling Threshold (Throttle Position),0x7878,0x052D,29515
60E1D400__vs__60E1C500_N3J6EB,0x71f3c,Rotary Combustion Efficiency (Map) Y Axis,0x43FA,0x0000,17402
60E1D400__vs__60E1C500_N3J6EB,0x71f84,Rotary Combustion Efficiency (Map),0xF064,0x460C,43608
60E1D400__vs__60E1C500_N3J6EB,0x71f98,Sensors - MAF - Rotary Chamber Scalar Y Axis,0x43FA,0xAABF,-26309
60E1D400__vs__60E1C500_N3J6EB,0x71f9c,Sensors - MAF - Rotary Chamber Scalar,0xFAFF,0x0000,64255
60E1D400__vs__60E1C500_N3J6EB,0x71fa0,Wankel Chamber Pressure Analysis (Map) Y Axis,0x43FA,0x4120,730
60E1D400__vs__60E1C500_N3J6EB,0x71fe8,Wankel Chamber Pressure Analysis (Map),0xDCDC,0x433E,39326
60E1D400__vs__60E1C500_N3J6EB,0x71ffc,Fuel - Fuel Control - State Scalar Y Axis,0x43FA,0x4370,138
60E1D400__vs__60E1C500_N3J6EB,0x72000,Fuel - Fuel Control - State Scalar,0xFAFF,0x437A,46981
60E1D400__vs__60E1C500_N3J6EB,0x72004,Wankel Chamber Pressure Analysis (Map) 2 Y Axis,0x43FA,0x43FA,0
60E1D400__vs__60E1C500_N3J6EB,0x7204c,Wankel Chamber Pressure Analysis (Map) 2,0xDCDC,0x460C,38608
60E1D400__vs__60E1C500_N3J6EB,0x72060,Sensors - Wankel - Chamber Pressure Scalar Y Axis,0x43FA,0x6B85,-10123
60E1D400__vs__60E1C500_N3J6EB,0x72064,Sensors - Wankel - Chamber Pressure Scalar,0xFAFF,0x6B85,36730
60E1D400__vs__60E1C500_N3J6EB,0x72068,Fuelling 8 Y Axis,0x453B,0x6B85,-9802
60E1D400__vs__60E1C500_N3J6EB,0x72084,Fuelling 8,0x1A1A,0x00FC,6430
60E1D400__vs__60E1C500_N3J6EB,0x7208c,Closed/Open Loop - Threshold 1 vs RPM Y Axis,0x443B,0x0344,16631
60E1D400__vs__60E1C500_N3J6EB,0x720bc,Closed/Open Loop - Threshold 1 vs RPM,0x0000,0x022A,-554
60E1D400__vs__60E1C500_N3J6EB,0x720d4,Closed/Open Loop - Scalar Threshold Y Axis,0x443B,0x6B85,-10058
60E1D400__vs__60E1C500_N3J6EB,0x720d8,Closed/Open Loop - Scalar Threshold,0x009C,0x6B85,-27369
60E1D400__vs__60E1C500_N3J6EB,0x720dc,Closed/Open Loop - Threshold 2 vs RPM Y Axis,0x443B,0x6B85,-10058
60E1D400__vs__60E1C500_N3J6EB,0x7210c,Closed/Open Loop - Threshold 2 vs RPM,0x0000,0x6B85,-27525
60E1D400__vs__60E1C500_N3J6EB,0x72124,Closed/Open Loop - Threshold 3 vs RPM Y Axis,0x443B,0x0607,15924
60E1D400__vs__60E1C500_N3J6EB,0x72154,Closed/Open Loop - Threshold 3 vs RPM,0x0000,0x05AC,-1452
60E1D400__vs__60E1C500_N3J6EB,0x7216c,Knock Detection - Threshold 1 vs Coolant Temp Y Axis,0xC220,0x13B0,44656
60E1D400__vs__60E1C500_N3J6EB,0x72188,Knock Detection - Threshold 1 vs Coolant Temp,0x007D,0x06FD,-1664
60E1D400__vs__60E1C500_N3J6EB,0x72198,Knock Detection - Threshold 2 vs Coolant Temp Y Axis,0xC220,0x1048,45528
60E1D400__vs__60E1C500_N3J6EB,0x721b4,Knock Detection - Threshold 2 vs Coolant Temp,0x007D,0x6B85,-27400
60E1D400__vs__60E1C500_N3J6EB,0x721c4,Knock - Apex Seal Threshold vs RPM Y Axis,0x455A,0x0D64,14326
60E1D400__vs__60E1C500_N3J6EB,0x721d8,Knock - Apex Seal Threshold vs RPM,0x002C,0x1AD7,-6827
60E1D400__vs__60E1C500_N3J6EB,0x721e4,Closed/Open Loop - Threshold 4 vs RPM Y Axis,0x453B,0x6B85,-9802
60E1D400__vs__60E1C500_N3J6EB,0x72200,Closed/Open Loop - Threshold 4 vs RPM,0x0010,0x13EE,-5086
60E1D400__vs__60E1C500_N3J6EB,0x72210,Closed/Open Loop - Threshold 5 vs RPM Y Axis,0x453B,0x2446,8437
60E1D400__vs__60E1C500_N3J6EB,0x7222c,Closed/Open Loop - Threshold 5 vs RPM,0x0010,0x10BB,-4267
60E1D400__vs__60E1C500_N3J6EB,0x7223c,Fuelling 9 - Safe Mode X Axis,0x43FA,0x1B36,10436
60E1D400__vs__60E1C500_N3J6EB,0x7226c,Fuelling 9 - Safe Mode Y Axis,0x41A0,0x19E5,10171
60E1D400__vs__60E1C500_N3J6EB,0x7228c,Fuelling 9 - Safe Mode,0x0000,0x0D8E,-3470
60E1D400__vs__60E1C500_N3J6EB,0x722ec,Fuelling 10 - Safe Mode X Axis,0x0000,0x6B85,-27525
60E1D400__vs__60E1C500_N3J6EB,0x72340,Fuelling 10 - Safe Mode Y Axis,0x43FA,0x25D3,7719
60E1D400__vs__60E1C500_N3J6EB,0x7238c,Fuelling 10 - Safe Mode,0x0000,0x6B85,-27525
60E1D400__vs__60E1C500_N3J6EB,0x7251c,Fuelling 11 X Axis,0x43FA,0xBD1A,-31008
60E1D400__vs__60E1C500_N3J6EB,0x72520,Fuelling 11 Y Axis,0x41A0,0xBC8D,-31469
60E1D400__vs__60E1C500_N3J6EB,0x72524,Fuelling 11,0x00FF,0x754D,-29774
60E1D400__vs__60E1C500_N3J6EB,0x72528,Fuelling 12 X Axis,0x0000,0xAEC0,-44736
60E1D400__vs__60E1C500_N3J6EB,0x7252c,Fuelling 12 Y Axis,0x43FA,0xBFCD,-31699
60E1D400__vs__60E1C500_N3J6EB,0x72530,Fuelling 12,0x00FF,0xC4B3,-50100
60E1D400__vs__60E1C500_N3J6EB,0x72534,Fuelling 13 - Safe Mode X Axis,0x43FA,0xC5B3,-33209
60E1D400__vs__60E1C500_N3J6EB,0x72564,Fuelling 13 - Safe Mode Y Axis,0x41A0,0xBAC0,-31008
60E1D400__vs__60E1C500_N3J6EB,0x72584,Fuelling 13 - Safe Mode,0x0000,0xC773,-51059
60E1D400__vs__60E1C500_N3J6EB,0x725e4,Fuelling 14 - Safe mode X Axis,0x0000,0xE00D,-57357
60E1D400__vs__60E1C500_N3J6EB,0x72638,Fuelling 14 - Safe mode Y Axis,0x43FA,0xDFB3,-39865
60E1D400__vs__60E1C500_N3J6EB,0x72684,Fuelling 14 - Safe mode,0x0000,0xC740,-51008
60E1D400__vs__60E1C500_N3J6EB,0x72814,Fuelling 15 X Axis,0x43FA,0x4496,-156
60E1D400__vs__60E1C500_N3J6EB,0x72844,Fuelling 15 Y Axis,0x41A0,0x2222,8062
60E1D400__vs__60E1C500_N3J6EB,0x72864,Fuelling 15,0x0000,0x2222,-8738
60E1D400__vs__60E1C500_N3J6EB,0x728c4,Fuelling 16 X Axis,0x0000,0x3D4C,-15692
60E1D400__vs__60E1C500_N3J6EB,0x72918,Fuelling 16 Y Axis,0x43FA,0x0008,17394
60E1D400__vs__60E1C500_N3J6EB,0x72964,Fuelling 16,0x0000,0x006E,-110
60E1D400__vs__60E1C500_N3J6EB,0x72b38,Ignition - Adaptive Step vs RPM Y Axis,0x4448,0x282D,7195
60E1D400__vs__60E1C500_N3J6EB,0x72b64,Ignition - Adaptive Step vs RPM,0x0008,0x4220,-16920
60E1D400__vs__60E1C500_N3J6EB,0x72bfc,Temp Correction A Y Axis,0x0000,0x4220,-16928
60E1D400__vs__60E1C500_N3J6EB,0x72c20,Temp Correction A,0x1010,0xC120,-45328
60E1D400__vs__60E1C500_N3J6EB,0x72c2c,Temp Correction B Y Axis,0x0000,0x41A0,-16800
60E1D400__vs__60E1C500_N3J6EB,0x72c50,Temp Correction B,0x1010,0xC8C8,-47288
60E1D400__vs__60E1C500_N3J6EB,0x72c88,Ignition Leading - Idle Error Timing Correction - Unknown Bool False Y Axis,0xC2C8,0xB4B4,3604
60E1D400__vs__60E1C500_N3J6EB,0x72cac,Ignition Leading - Idle Error Timing Correction - Unknown Bool False,0x9C94,0x007D,39959
60E1D400__vs__60E1C500_N3J6EB,0x72cb8,Ignition Leading - Idle Error Timing Correction - Unknown Bool True Y Axis,0xC2C8,0x447A,32334
60E1D400__vs__60E1C500_N3J6EB,0x72cdc,Ignition Leading - Idle Error Timing Correction - Unknown Bool True,0x9C94,0x45AB,22249
60E1D400__vs__60E1C500_N3J6EB,0x72ce8,Ignition Trailing - Idle Error Timing Correction - Unknown Bool False Y Axis,0xC2C8,0x2710,39864
60E1D400__vs__60E1C500_N3J6EB,0x72d0c,Ignition Trailing - Idle Error Timing Correction - Unknown Bool False,0x9C94,0x3F4C,23880
60E1D400__vs__60E1C500_N3J6EB,0x72d18,Ignition Trailing - Idle Error Timing Correction - Unknown Bool True Y Axis,0xC2C8,0x44FA,32206
60E1D400__vs__60E1C500_N3J6EB,0x72d3c,Ignition Trailing - Idle Error Timing Correction - Unknown Bool True,0x9C94,0xC248,-9652
60E1D400__vs__60E1C500_N3J6EB,0x72d78,WOT Enrichment Threshold Y Axis,0x0000,0xC8FF,-51455
60E1D400__vs__60E1C500_N3J6EB,0x72dd0,WOT Enrichment Threshold,0x8C8C,0x46C3,17865
60E1D400__vs__60E1C500_N3J6EB,0x72de8,Cold Start Enrichment Threshold Y Axis,0x0000,0x4120,-16672
60E1D400__vs__60E1C500_N3J6EB,0x72e40,Cold Start Enrichment Threshold,0x8C8C,0xC8C8,-15420
60E1D400__vs__60E1C500_N3J6EB,0x72e60,Ignition Leading/Trailing - Intake Air Temperature Compensation - On Throttle Y Axis,0x41A0,0x45BB,-1051
60E1D400__vs__60E1C500_N3J6EB,0x72e84,Ignition Leading/Trailing - Intake Air Temperature Compensation - On Throttle,0x5050,0xB4B4,-25700
60E1D400__vs__60E1C500_N3J6EB,0x72e90,Warm-up Enrichment B Y Axis,0x41A0,0xB4B4,-29460
60E1D400__vs__60E1C500_N3J6EB,0x72eb4,Warm-up Enrichment B,0x5050,0x42C8,3464
60E1D400__vs__60E1C500_N3J6EB,0x72ec0,Dual Channel Fuel Computation (Map) Y Axis,0x0000,0xC1A0,-49568
60E1D400__vs__60E1C500_N3J6EB,0x72edc,Dual Channel Fuel Computation (Map),0x0000,0x0000,0
60E1D400__vs__60E1C500_N3J6EB,0x72eec,Dual Channel Fuel Computation (Map) 2 Y Axis,0x0000,0x0000,0
60E1D400__vs__60E1C500_N3J6EB,0x72f08,Dual Channel Fuel Computation (Map) 2,0x0000,0x0000,0
60E1D400__vs__60E1C500_N3J6EB,0x72f18,Dual Channel Fuel Computation (Map) 3 Y Axis,0x0000,0x0000,0
60E1D400__vs__60E1C500_N3J6EB,0x72f34,Dual Channel Fuel Computation (Map) 3,0x0000,0x4000,-16384
60E1D400__vs__60E1C500_N3J6EB,0x72f4c,Secondary Fuel Trimmer (Map) Y Axis,0x0000,0x4080,-16512
60E1D400__vs__60E1C500_N3J6EB,0x72f64,Secondary Fuel Trimmer (Map),0x0672,0x44FA,-16008
60E1D400__vs__60E1C500_N3J6EB,0x72f7c,DSC Mode C - Max Throttle Plate Opening Allowed Y Axis,0x0000,0x8080,-32896
60E1D400__vs__60E1C500_N3J6EB,0x72fc8,DSC Mode C - Max Throttle Plate Opening Allowed,0x1313,0x2020,-3341
60E1D400__vs__60E1C500_N3J6EB,0x72fdc,Torque To Accel Position X Axis,0x0000,0x44FA,-17658
60E1D400__vs__60E1C500_N3J6EB,0x73044,Torque To Accel Position Y Axis,0x43FA,0x447A,-128
60E1D400__vs__60E1C500_N3J6EB,0x73090,Torque To Accel Position,0x0021,0x459C,-17787
60E1D400__vs__60E1C500_N3J6EB,0x7346c,Throttle Position To Torque X Axis,0x0000,0x47AE,-18350
60E1D400__vs__60E1C500_N3J6EB,0x734a4,Throttle Position To Torque Y Axis,0x0000,0x5333,-21299
60E1D400__vs__60E1C500_N3J6EB,0x734f4,Throttle Position To Torque,0x8000,0x6B85,5243
60E1D400__vs__60E1C500_N3J6EB,0x73768,Idle Speed Control Task (Map) Y Axis,0x428C,0x27AE,6878
60E1D400__vs__60E1C500_N3J6EB,0x73778,Idle Speed Control Task (Map),0x0002,0x2DD3,-11729
60E1D400__vs__60E1C500_N3J6EB,0x7377c,Idle Speed Control Task (Map) 2 Y Axis,0x0000,0x2DD3,-11731
60E1D400__vs__60E1C500_N3J6EB,0x737bc,Idle Speed Control Task (Map) 2,0x0000,0x33D7,-13271
60E1D400__vs__60E1C500_N3J6EB,0x737dc,Idle Speed Control Task (Map) 3 X Axis,0x41F0,0x3EFA,758
60E1D400__vs__60E1C500_N3J6EB,0x737f8,Idle Speed Control Task (Map) 3 Y Axis,0x428C,0x4A1D,-1937
60E1D400__vs__60E1C500_N3J6EB,0x73808,Idle Speed Control Task (Map) 3,0x0000,0x4A1D,-18973
60E1D400__vs__60E1C500_N3J6EB,0x73824,Idle Speed Control Task (Map) 4 X Axis,0x41A0,0x553F,-5023
60E1D400__vs__60E1C500_N3J6EB,0x73848,Idle Speed Control Task (Map) 4 Y Axis,0x4416,0x6062,-7244
60E1D400__vs__60E1C500_N3J6EB,0x7386c,Idle Speed Control Task (Map) 4,0x0022,0x6B85,-27491
60E1D400__vs__60E1C500_N3J6EB,0x738c0,(Unknown - fault_gated_float_out) X Axis,0x0000,0x458C,-17804
60E1D400__vs__60E1C500_N3J6EB,0x73900,(Unknown - fault_gated_float_out) Y Axis,0x0000,0x41A0,-16800
60E1D400__vs__60E1C500_N3J6EB,0x7393c,(Unknown - fault_gated_float_out),0x000F,0x0021,-18
60E1D400__vs__60E1C500_N3J6EB,0x73b1c,(Unknown - float_map_3pt_calc) Y Axis,0x4030,0x2E35,4603
60E1D400__vs__60E1C500_N3J6EB,0x73b70,(Unknown - float_map_3pt_calc),0x0005,0x3EFA,-16117
60E1D400__vs__60E1C500_N3J6EB,0x73b88,(Unknown - float_map_3pt_calc) 2 Y Axis,0xC1F0,0x4A1D,30675
60E1D400__vs__60E1C500_N3J6EB,0x73bbc,(Unknown - float_map_3pt_calc) 2,0x6464,0x553F,3877
60E1D400__vs__60E1C500_N3J6EB,0x73bcc,(Unknown - float_map_3pt_calc) 3 Y Axis,0xC1F0,0x553F,27825
60E1D400__vs__60E1C500_N3J6EB,0x73c00,(Unknown - float_map_3pt_calc) 3,0x2D28,0x6B85,-15965
60E1D400__vs__60E1C500_N3J6EB,0x73c24,Throttle - Pedal Position - Sensor Mode A Y Axis,0xC1A0,0x0000,49568
60E1D400__vs__60E1C500_N3J6EB,0x73c50,Throttle - Pedal Position - Sensor Mode A,0xC8C8,0x458C,33596
60E1D400__vs__60E1C500_N3J6EB,0x73c5c,Throttle - Pedal Position - Sensor Mode B Y Axis,0xC1A0,0x45BB,31717
60E1D400__vs__60E1C500_N3J6EB,0x73c88,Throttle - Pedal Position - Sensor Mode B,0xC8C8,0x4120,34728
60E1D400__vs__60E1C500_N3J6EB,0x73c94,Throttle - Pedal Position - Sensor Mode C Y Axis,0xC1A0,0x41C8,32728
60E1D400__vs__60E1C500_N3J6EB,0x73cc0,Throttle - Pedal Position - Sensor Mode C,0xB4B4,0x0021,46227
60E1D400__vs__60E1C500_N3J6EB,0x73ccc,AFR Check - Threshold vs Coolant Temp Y Axis,0xC220,0x0021,49663
60E1D400__vs__60E1C500_N3J6EB,0x73ce8,AFR Check - Threshold vs Coolant Temp,0x00A6,0x0021,133
60E1D400__vs__60E1C500_N3J6EB,0x73cf8,Air Fuel Ratio Check (Map) Y Axis,0x447A,0x0042,17464
60E1D400__vs__60E1C500_N3J6EB,0x73d28,Air Fuel Ratio Check (Map),0x2710,0x01AA,9574
60E1D400__vs__60E1C500_N3J6EB,0x73d40,Throttle - Pedal Position - Load/RPM Correction Matrix X Axis,0x3E4C,0x0021,15915
60E1D400__vs__60E1C500_N3J6EB,0x73d54,Throttle - Pedal Position - Load/RPM Correction Matrix Y Axis,0x447A,0x0375,16645
60E1D400__vs__60E1C500_N3J6EB,0x73d64,Throttle - Pedal Position - Load/RPM Correction Matrix,0xB4B4,0x03D7,45277
60E1D400__vs__60E1C500_N3J6EB,0x73da0,Acceleration Fuel Enrichment - Cold Y Axis,0x41A0,0x0873,14637
60E1D400__vs__60E1C500_N3J6EB,0x73db4,Acceleration Fuel Enrichment - Cold,0x64C8,0x0C29,22687
60E1D400__vs__60E1C500_N3J6EB,0x73dbc,Acceleration Fuel Enrichment - Warm Y Axis,0x4100,0x0021,16607
60E1D400__vs__60E1C500_N3J6EB,0x73dd0,Acceleration Fuel Enrichment - Warm,0x8080,0x10A4,28636
60E1D400__vs__60E1C500_N3J6EB,0x73dd8,Acceleration Fuel Enrichment - Hot Y Axis,0x0000,0x126F,-4719
60E1D400__vs__60E1C500_N3J6EB,0x73dec,Acceleration Fuel Enrichment - Hot,0x000A,0x14BC,-5298
60E1D400__vs__60E1C500_N3J6EB,0x73df4,Engine Load Calculation (Map) X Axis,0x0000,0x151F,-5407
60E1D400__vs__60E1C500_N3J6EB,0x73e20,Engine Load Calculation (Map) Y Axis,0xC120,0x1B23,42493
60E1D400__vs__60E1C500_N3J6EB,0x73e3c,Engine Load Calculation (Map),0x1414,0x0021,5107
60E1D400__vs__60E1C500_N3J6EB,0x73e8c,Engine Load Calculation (Map) 2 X Axis,0x447A,0x28B4,7110
60E1D400__vs__60E1C500_N3J6EB,0x73ea4,Engine Load Calculation (Map) 2 Y Axis,0x3E4C,0x2DB2,4250
60E1D400__vs__60E1C500_N3J6EB,0x73ebc,Engine Load Calculation (Map) 2,0xB4B4,0x328F,33317
60E1D400__vs__60E1C500_N3J6EB,0x73ee0,Knock Sensor Filter (Map) X Axis,0x0000,0x33D7,-13271
60E1D400__vs__60E1C500_N3J6EB,0x73ef8,Knock Sensor Filter (Map) Y Axis,0xC220,0x3EFA,33574
60E1D400__vs__60E1C500_N3J6EB,0x73f14,Knock Sensor Filter (Map),0x0000,0x4A1D,-18973
60E1D400__vs__60E1C500_N3J6EB,0x73f6c,Maximum Throttle Angle,0x42A8,0x6062,-7610
60E1D400__vs__60E1C500_N3J6EB,0x73f98,Throttle Pedal Percent Decreasing Filter Factor Y Axis,0x443B,0x6B85,-10058
60E1D400__vs__60E1C500_N3J6EB,0x73fb8,Throttle Pedal Percent Decreasing Filter Factor,0x2020,0x3F00,-7904
60E1D400__vs__60E1C500_N3J6EB,0x73fc0,Ign Timing Limit Check (Map) Y Axis,0x443B,0x3D4C,1775
60E1D400__vs__60E1C500_N3J6EB,0x73fe0,Ign Timing Limit Check (Map),0x2020,0x0000,8224
60E1D400__vs__60E1C500_N3J6EB,0x73fe8,Ign Timing Limit Check (Map) 2 Y Axis,0x443B,0x42C6,373
60E1D400__vs__60E1C500_N3J6EB,0x74008,Ign Timing Limit Check (Map) 2,0x2020,0x42A0,-8832
60E1D400__vs__60E1C500_N3J6EB,0x74010,Ign Timing Limit Check (Map) 3 Y Axis,0x443B,0x42F0,331
60E1D400__vs__60E1C500_N3J6EB,0x74030,Ign Timing Limit Check (Map) 3,0x2020,0x44BB,-9371
60E1D400__vs__60E1C500_N3J6EB,0x74038,Ign Timing Limit Check (Map) 4 Y Axis,0xC220,0x451C,32004
60E1D400__vs__60E1C500_N3J6EB,0x74054,Ign Timing Limit Check (Map) 4,0x0000,0x45BB,-17851
60E1D400__vs__60E1C500_N3J6EB,0x7405c,Ign Timing Limit Check (Map) 5 Y Axis,0xC220,0x45DA,31814
60E1D400__vs__60E1C500_N3J6EB,0x74078,Ign Timing Limit Check (Map) 5,0x0000,0x0140,-320
60E1D400__vs__60E1C500_N3J6EB,0x74080,Ign Timing Limit Check (Map) 6 Y Axis,0x443B,0x026A,16849
60E1D400__vs__60E1C500_N3J6EB,0x740ac,Ign Timing Limit Check (Map) 6,0x0A0A,0x42A0,-14486
60E1D400__vs__60E1C500_N3J6EB,0x740b8,Ign Timing Limit Check (Map) 7 Y Axis,0x443B,0x0387,16564
60E1D400__vs__60E1C500_N3J6EB,0x740e4,Ign Timing Limit Check (Map) 7,0x0606,0x42A0,-15514
60E1D400__vs__60E1C500_N3J6EB,0x740f0,Fuel Pressure Control (Map) Y Axis,0x443B,0x0387,16564
60E1D400__vs__60E1C500_N3J6EB,0x74110,Fuel Pressure Control (Map),0x0404,0xC120,-48412
60E1D400__vs__60E1C500_N3J6EB,0x74118,Fuel Pressure Control (Map) 2 Y Axis,0x443B,0x01F4,16967
60E1D400__vs__60E1C500_N3J6EB,0x74138,Fuel Pressure Control (Map) 2,0x0404,0x0CFF,-2299
60E1D400__vs__60E1C500_N3J6EB,0x74140,Fuel Pressure Control (Map) 3 Y Axis,0x443B,0x0003,17464
60E1D400__vs__60E1C500_N3J6EB,0x74160,Fuel Pressure Control (Map) 3,0x0404,0x00FF,773
60E1D400__vs__60E1C500_N3J6EB,0x74168,Fuel Pressure Control (Map) 4 Y Axis,0x443B,0x0138,17155
60E1D400__vs__60E1C500_N3J6EB,0x74188,Fuel Pressure Control (Map) 4,0x0404,0x4193,-15759
60E1D400__vs__60E1C500_N3J6EB,0x74190,Fuel Pressure Control (Map) 5 Y Axis,0xC220,0x4005,33307
60E1D400__vs__60E1C500_N3J6EB,0x741ac,Fuel Pressure Control (Map) 5,0x0000,0x4120,-16672
60E1D400__vs__60E1C500_N3J6EB,0x741b4,Accel Pedal to Throttle Position #1 X Axis,0x0000,0x3EDC,-16092
60E1D400__vs__60E1C500_N3J6EB,0x74208,Accel Pedal to Throttle Position #1 Y Axis,0x0000,0x3E4C,-15948
60E1D400__vs__60E1C500_N3J6EB,0x74250,Accel Pedal to Throttle Position #1,0x0021,0x4316,-17141
60E1D400__vs__60E1C500_N3J6EB,0x74544,Accel Pedal to Throttle Position #2 X Axis,0x0000,0x0000,0
60E1D400__vs__60E1C500_N3J6EB,0x74598,Accel Pedal to Throttle Position #2 Y Axis,0x0000,0x3F20,-16160
60E1D400__vs__60E1C500_N3J6EB,0x745e0,Accel Pedal to Throttle Position #2,0x0021,0x45DA,-17849
60E1D400__vs__60E1C500_N3J6EB,0x748d4,Accel Pedal to Throttle Position #3 X Axis,0x0000,0x1000,-4096
60E1D400__vs__60E1C500_N3J6EB,0x74928,Accel Pedal to Throttle Position #3 Y Axis,0x0000,0x0000,0
60E1D400__vs__60E1C500_N3J6EB,0x74970,Accel Pedal to Throttle Position #3,0x0021,0x45BB,-17818
60E1D400__vs__60E1C500_N3J6EB,0x74c64,Accel Pedal to Throttle Position #4 X Axis,0x0000,0x4207,-16903
60E1D400__vs__60E1C500_N3J6EB,0x74cb8,Accel Pedal to Throttle Position #4 Y Axis,0x0000,0x0000,0
60E1D400__vs__60E1C500_N3J6EB,0x74d00,Accel Pedal to Throttle Position #4,0x0021,0x4150,-16687
60E1D400__vs__60E1C500_N3J6EB,0x75030,MAP Requested Load Y Axis,0xC220,0x4248,32728
60E1D400__vs__60E1C500_N3J6EB,0x75054,MAP Requested Load,0x0384,0x0000,900
60E1D400__vs__60E1C500_N3J6EB,0x75068,MAP Requested Load Smoothing Y Axis,0x43FA,0x45C8,-462
60E1D400__vs__60E1C500_N3J6EB,0x750b0,MAP Requested Load Smoothing,0x0084,0x3E00,-15740
60E1D400__vs__60E1C500_N3J6EB,0x750d4,Maximum Load Limit Y Axis,0xC220,0x3F30,33520
60E1D400__vs__60E1C500_N3J6EB,0x750f8,Maximum Load Limit,0x0387,0x3FA0,-15385
60E1D400__vs__60E1C500_N3J6EB,0x7510c,Idle Load Multiplier Y Axis,0xC220,0x44BB,32101
60E1D400__vs__60E1C500_N3J6EB,0x75130,Idle Load Multiplier,0x0387,0x45BB,-16948
60E1D400__vs__60E1C500_N3J6EB,0x75144,Fuel Injection - Cold Start Correction vs Coolant Temp Y Axis,0xC220,0x4604,31772
60E1D400__vs__60E1C500_N3J6EB,0x75158,Fuel Injection - Cold Start Correction vs Coolant Temp,0x01F4,0x6363,-24943
60E1D400__vs__60E1C500_N3J6EB,0x752c4,Battery Temperature Model - Decay Amount Y Axis,0x0000,0x9F9F,-40863
60E1D400__vs__60E1C500_N3J6EB,0x752e0,Battery Temperature Model - Decay Amount,0x1C37,0xB4AC,-39029
60E1D400__vs__60E1C500_N3J6EB,0x752e8,Desired Charge Voltage Y Axis,0xC220,0x9C9C,9604
60E1D400__vs__60E1C500_N3J6EB,0x7530c,Desired Charge Voltage,0x05D4,0x3EE0,-14604
60E1D400__vs__60E1C500_N3J6EB,0x75320,Alternator Duty Cycle Max Y Axis,0x447A,0x3F40,1338
60E1D400__vs__60E1C500_N3J6EB,0x7534c,Alternator Duty Cycle Max,0x0348,0x443B,-16627
60E1D400__vs__60E1C500_N3J6EB,0x75364,Alternator Diagnostic Voltage Delta to DC Y Axis,0x0000,0x455A,-17754
60E1D400__vs__60E1C500_N3J6EB,0x75398,Alternator Diagnostic Voltage Delta to DC,0x0000,0x00AF,-175
60E1D400__vs__60E1C500_N3J6EB,0x753b4,Fuel Integrated (Map) Y Axis,0xC220,0x012C,49396
60E1D400__vs__60E1C500_N3J6EB,0x753d8,Fuel Integrated (Map),0x0000,0x012C,-300
60E1D400__vs__60E1C500_N3J6EB,0x753ec,Fuel Integrated (Map) 2 Y Axis,0xC220,0x00AF,49521
60E1D400__vs__60E1C500_N3J6EB,0x75410,Fuel Integrated (Map) 2,0x0000,0x012C,-300
60E1D400__vs__60E1C500_N3J6EB,0x75424,Fuel Integrated (Map) 3 Y Axis,0xC220,0x00C4,49500
60E1D400__vs__60E1C500_N3J6EB,0x75448,Fuel Integrated (Map) 3,0x0000,0x00DF,-223
60E1D400__vs__60E1C500_N3J6EB,0x7545c,Fuel Integrated (Map) 4 Y Axis,0xC220,0x016A,49334
60E1D400__vs__60E1C500_N3J6EB,0x75480,Fuel Integrated (Map) 4,0x0000,0x0163,-355
60E1D400__vs__60E1C500_N3J6EB,0x75494,Alternator Voltage Delta - Diagnostic Request X Axis,0x447A,0x008E,17388
60E1D400__vs__60E1C500_N3J6EB,0x754c0,Alternator Voltage Delta - Diagnostic Request Y Axis,0x0000,0x0069,-105
60E1D400__vs__60E1C500_N3J6EB,0x754f0,Alternator Voltage Delta - Diagnostic Request,0x2620,0x0085,9627
60E1D400__vs__60E1C500_N3J6EB,0x75594,(Unknown - interp_bilinear_fpu_blend_v2) Y Axis,0xC0E3,0x015C,49031
60E1D400__vs__60E1C500_N3J6EB,0x755b8,(Unknown - interp_bilinear_fpu_blend_v2),0x806D,0x00AF,32702
60E1D400__vs__60E1C500_N3J6EB,0x755c4,(Unknown - interp_bilinear_fpu_blend) X Axis,0x3E23,0x00BD,15718
60E1D400__vs__60E1C500_N3J6EB,0x755ec,(Unknown - interp_bilinear_fpu_blend) Y Axis,0x4443,0x0065,17374
60E1D400__vs__60E1C500_N3J6EB,0x75630,(Unknown - interp_bilinear_fpu_blend),0x1694,0x01CA,5322
60E1D400__vs__60E1C500_N3J6EB,0x75784,(Unknown - interp_bilinear_fpu_blend_v2) 2 X Axis,0x3E23,0x0000,15907
60E1D400__vs__60E1C500_N3J6EB,0x757ac,(Unknown - interp_bilinear_fpu_blend_v2) 2 Y Axis,0x4443,0x0000,17475
60E1D400__vs__60E1C500_N3J6EB,0x757f0,(Unknown - interp_bilinear_fpu_blend_v2) 2,0x1900,0x35F3,-7411
60E1D400__vs__60E1C500_N3J6EB,0x75984,(Unknown - fpu_mac_single) Y Axis,0x447A,0x174D,11565
60E1D400__vs__60E1C500_N3J6EB,0x759cc,(Unknown - fpu_mac_single),0x1D1D,0x0000,7453
60E1D400__vs__60E1C500_N3J6EB,0x75a34,Utility - Saturation Index Ramp vs RPM Y Axis,0x0000,0x3166,-12646
60E1D400__vs__60E1C500_N3J6EB,0x75a78,Utility - Saturation Index Ramp vs RPM,0x0000,0x0000,0
60E1D400__vs__60E1C500_N3J6EB,0x75a9c,Utility - RPM Lookup by Index Y Axis,0x0000,0x4D40,-19776
60E1D400__vs__60E1C500_N3J6EB,0x75ae0,Utility - RPM Lookup by Index,0x444D,0x42A0,429
60E1D400__vs__60E1C500_N3J6EB,0x75ba4,Sensor Range Limit - Constant vs Coolant Temp Y Axis,0xC1F0,0x0BB3,46653
60E1D400__vs__60E1C500_N3J6EB,0x75bbc,Sensor Range Limit - Constant vs Coolant Temp,0x0404,0x1AC0,-5820
60E1D400__vs__60E1C500_N3J6EB,0x75bc4,Rotor 1 Ignition Dwell Y Axis,0x4348,0x1080,13000
60E1D400__vs__60E1C500_N3J6EB,0x75bf8,Rotor 1 Ignition Dwell,0x01F4,0x199A,-6054
60E1D400__vs__60E1C500_N3J6EB,0x75c14,Rotor 2 Ignition Dwell Y Axis,0x4348,0x2B9A,6062
60E1D400__vs__60E1C500_N3J6EB,0x75c48,Rotor 2 Ignition Dwell,0x01F4,0x1C0D,-6681
60E1D400__vs__60E1C500_N3J6EB,0x75cf8,CAN Faults - Fault Counter - Snapshot Matrix X Axis,0x0000,0x3BA3,-15267
60E1D400__vs__60E1C500_N3J6EB,0x75d0c,CAN Faults - Fault Counter - Snapshot Matrix Y Axis,0x0000,0x428C,-17036
60E1D400__vs__60E1C500_N3J6EB,0x75d5c,CAN Faults - Fault Counter - Snapshot Matrix,0x0000,0x0100,-256
60E1D400__vs__60E1C500_N3J6EB,0x75dc0,(Unknown - fpu_div_dispatch) X Axis,0x447A,0x0000,17530
60E1D400__vs__60E1C500_N3J6EB,0x75e04,(Unknown - fpu_div_dispatch) Y Axis,0x3F20,0x41A0,-640
60E1D400__vs__60E1C500_N3J6EB,0x75e10,(Unknown - fpu_div_dispatch),0x8000,0x42A0,15712
60E1D400__vs__60E1C500_N3J6EB,0x75e78,(Unknown - fpu_div_dispatch) 2 X Axis,0x447A,0xC0E0,-31846
60E1D400__vs__60E1C500_N3J6EB,0x75ebc,(Unknown - fpu_div_dispatch) 2 Y Axis,0x3F20,0x3FC0,-160
60E1D400__vs__60E1C500_N3J6EB,0x75ec8,(Unknown - fpu_div_dispatch) 2,0x8000,0x4040,16320
60E1D400__vs__60E1C500_N3J6EB,0x75f30,(Unknown - fpu_div_dispatch) 3 X Axis,0x447A,0x0762,15640
60E1D400__vs__60E1C500_N3J6EB,0x75f74,(Unknown - fpu_div_dispatch) 3 Y Axis,0x3F20,0x4348,-1064
60E1D400__vs__60E1C500_N3J6EB,0x75f80,(Unknown - fpu_div_dispatch) 3,0x8000,0x0416,31722
60E1D400__vs__60E1C500_N3J6EB,0x75fec,Adaptive Fuel Trim (Map) Y Axis,0x43FA,0x4348,178
60E1D400__vs__60E1C500_N3J6EB,0x76034,Adaptive Fuel Trim (Map),0x064D,0xBFB3,-47462
60E1D400__vs__60E1C500_N3J6EB,0x76058,Adaptive Fuel Trim (Map) 2 Y Axis,0x0000,0x3ECC,-16076
60E1D400__vs__60E1C500_N3J6EB,0x7607c,Adaptive Fuel Trim (Map) 2,0x0080,0x4040,-16320
60E1D400__vs__60E1C500_N3J6EB,0x76090,Transient Fuel Comp (Map) Y Axis,0x44C8,0x4100,968
60E1D400__vs__60E1C500_N3J6EB,0x760a4,Transient Fuel Comp (Map),0x0991,0x7530,-27551
60E1D400__vs__60E1C500_N3J6EB,0x760b0,Ignition Timing Leading - DSC Mode A - Base X Axis,0x3D80,0x7530,-14256
60E1D400__vs__60E1C500_N3J6EB,0x760f8,Ignition Timing Leading - DSC Mode A - Base Y Axis,0x43FA,0x0000,17402
60E1D400__vs__60E1C500_N3J6EB,0x76144,Ignition Timing Leading - DSC Mode A - Base,0x8A8A,0xC3FA,-14704
60E1D400__vs__60E1C500_N3J6EB,0x7629c,(Unknown - fpu_div_speed_normalize) X Axis,0x3D80,0x4170,-1008
60E1D400__vs__60E1C500_N3J6EB,0x762e4,(Unknown - fpu_div_speed_normalize) Y Axis,0x43FA,0x42DC,286
60E1D400__vs__60E1C500_N3J6EB,0x76330,(Unknown - fpu_div_speed_normalize),0x00AF,0x4A4D,-18846
60E1D400__vs__60E1C500_N3J6EB,0x765dc,Engine Torque X Axis,0x3D80,0x4100,-896
60E1D400__vs__60E1C500_N3J6EB,0x76624,Engine Torque Y Axis,0x43FA,0x4B00,-1798
60E1D400__vs__60E1C500_N3J6EB,0x76670,Engine Torque,0x0000,0x5233,-21043
60E1D400__vs__60E1C500_N3J6EB,0x7691c,(Unknown - fpu_div_correction_factor) X Axis,0xC220,0x41FD,32803
60E1D400__vs__60E1C500_N3J6EB,0x7693c,(Unknown - fpu_div_correction_factor) Y Axis,0x43FA,0x42BD,317
60E1D400__vs__60E1C500_N3J6EB,0x76988,(Unknown - fpu_div_correction_factor),0x0BCD,0x0CAB,-222
60E1D400__vs__60E1C500_N3J6EB,0x76ab8,(Unknown - divide_float_write_to) X Axis,0x4270,0xC0A0,-32304
60E1D400__vs__60E1C500_N3J6EB,0x76acc,(Unknown - divide_float_write_to) Y Axis,0x3E4C,0x3F80,-308
60E1D400__vs__60E1C500_N3J6EB,0x76ad8,(Unknown - divide_float_write_to),0xB073,0x3E4C,29223
60E1D400__vs__60E1C500_N3J6EB,0x76b18,(Unknown - math_accumulator) Y Axis,0xC220,0x5180,28832
60E1D400__vs__60E1C500_N3J6EB,0x76b28,(Unknown - math_accumulator),0x030E,0x4348,-16442
60E1D400__vs__60E1C500_N3J6EB,0x76bc8,Torque Limit - Multipoint Curve 1 vs Torque Error Y Axis,0xC180,0x4220,32608
60E1D400__vs__60E1C500_N3J6EB,0x76c2c,Torque Limit - Multipoint Curve 1 vs Torque Error,0x42BF,0x4418,-345
60E1D400__vs__60E1C500_N3J6EB,0x76c90,Torque Limit - Multipoint Curve 2 vs Torque Error Y Axis,0xC180,0x447A,32006
60E1D400__vs__60E1C500_N3J6EB,0x76cf4,Torque Limit - Multipoint Curve 2 vs Torque Error,0x42BF,0x429F,32
60E1D400__vs__60E1C500_N3J6EB,0x76d58,Torque Limit - Multipoint Curve 3 vs Torque Error Y Axis,0xC180,0x41A0,32736
60E1D400__vs__60E1C500_N3J6EB,0x76dbc,Torque Limit - Multipoint Curve 3 vs Torque Error,0x42BF,0x33FF,3776
60E1D400__vs__60E1C500_N3J6EB,0x76e20,Torque Limit - Multipoint Curve 4 vs Torque Error Y Axis,0xC180,0x8000,16768
60E1D400__vs__60E1C500_N3J6EB,0x76e84,Torque Limit - Multipoint Curve 4 vs Torque Error,0x42BF,0x5A00,-5953
60E1D400__vs__60E1C500_N3J6EB,0x76ee8,Torque Limit - Multipoint Curve 5 vs Torque Error Y Axis,0xC180,0x457A,31750
60E1D400__vs__60E1C500_N3J6EB,0x76f4c,Torque Limit - Multipoint Curve 5 vs Torque Error,0x42BF,0x3F80,831
60E1D400__vs__60E1C500_N3J6EB,0x76fb0,Torque Compensation - Curve 1 vs Torque Error Y Axis,0xC180,0x4392,32238
60E1D400__vs__60E1C500_N3J6EB,0x7702c,Torque Compensation - Curve 1 vs Torque Error,0x3E99,0x4781,-2280
60E1D400__vs__60E1C500_N3J6EB,0x770a8,Torque Compensation - Curve 2 vs Torque Error Y Axis,0xC180,0x390D,34931
60E1D400__vs__60E1C500_N3J6EB,0x77124,Torque Compensation - Curve 2 vs Torque Error,0x3E99,0x4000,-359
60E1D400__vs__60E1C500_N3J6EB,0x771a0,Torque Compensation - Curve 3 vs Torque Error Y Axis,0xC180,0x3D71,33807
60E1D400__vs__60E1C500_N3J6EB,0x7721c,Torque Compensation - Curve 3 vs Torque Error,0x3E19,0x3AE1,824
60E1D400__vs__60E1C500_N3J6EB,0x77298,Torque Compensation - Curve 4 vs Torque Error Y Axis,0xC180,0x42BE,32450
60E1D400__vs__60E1C500_N3J6EB,0x77314,Torque Compensation - Curve 4 vs Torque Error,0x3E19,0x6464,-9803
60E1D400__vs__60E1C500_N3J6EB,0x77390,Torque Compensation - Curve 5 vs Torque Error Y Axis,0xC180,0x3E00,33664
60E1D400__vs__60E1C500_N3J6EB,0x7740c,Torque Compensation - Curve 5 vs Torque Error,0x3E19,0x4168,-847
60E1D400__vs__60E1C500_N3J6EB,0x77488,Torque Limit Multipoint (Map) X Axis,0x41A0,0x41A0,0
60E1D400__vs__60E1C500_N3J6EB,0x774ac,Torque Limit Multipoint (Map) Y Axis,0x4000,0x43AF,-943
60E1D400__vs__60E1C500_N3J6EB,0x774c0,Torque Limit Multipoint (Map),0x41A0,0x4220,-128
60E1D400__vs__60E1C500_N3J6EB,0x77574,Faults - Diagnostic - Level Matrix X Axis,0x41A0,0x3F33,621
60E1D400__vs__60E1C500_N3J6EB,0x7759c,Faults - Diagnostic - Level Matrix Y Axis,0x4000,0x4348,-840
60E1D400__vs__60E1C500_N3J6EB,0x775b0,Faults - Diagnostic - Level Matrix,0x411C,0x3CA3,1145
60E1D400__vs__60E1C500_N3J6EB,0x77678,Faults - Diagnostic - Level Matrix 2 X Axis,0x41A0,0x04F2,15534
60E1D400__vs__60E1C500_N3J6EB,0x77680,Faults - Diagnostic - Level Matrix 2 Y Axis,0x4000,0x034C,15540
60E1D400__vs__60E1C500_N3J6EB,0x77694,Faults - Diagnostic - Level Matrix 2,0x0000,0x4400,-17408
60E1D400__vs__60E1C500_N3J6EB,0x776bc,Faults - Diagnostic - Level Matrix 3 X Axis,0x41A0,0x01F4,16300
60E1D400__vs__60E1C500_N3J6EB,0x776c4,Faults - Diagnostic - Level Matrix 3 Y Axis,0x4000,0x00FA,16134
60E1D400__vs__60E1C500_N3J6EB,0x776d8,Faults - Diagnostic - Level Matrix 3,0x0000,0x0000,0
60E1D400__vs__60E1C500_N3J6EB,0x77700,Faults - Diagnostic - Level Matrix 4 X Axis,0x41A0,0x3DCC,980
60E1D400__vs__60E1C500_N3J6EB,0x77724,Faults - Diagnostic - Level Matrix 4 Y Axis,0x4000,0x437F,-895
60E1D400__vs__60E1C500_N3J6EB,0x77738,Faults - Diagnostic - Level Matrix 4,0x41A0,0x41F0,-80
60E1D400__vs__60E1C500_N3J6EB,0x777ec,Faults - Diagnostic - Level Matrix 5 X Axis,0x0000,0x42A0,-17056
60E1D400__vs__60E1C500_N3J6EB,0x77800,Faults - Diagnostic - Level Matrix 5 Y Axis,0x4000,0x42C8,-712
60E1D400__vs__60E1C500_N3J6EB,0x77814,Faults - Diagnostic - Level Matrix 5,0x42C8,0x420C,188
60E1D400__vs__60E1C500_N3J6EB,0x778ec,Cooling - Fan - Engage Threshold Y Axis,0x0000,0x45FA,-17914
60E1D400__vs__60E1C500_N3J6EB,0x778f0,Cooling - Fan - Engage Threshold,0x10FF,0x4604,-13573
60E1D400__vs__60E1C500_N3J6EB,0x778f4,Cooling - Fan - Disengage Threshold Y Axis,0x0000,0x460C,-17932
60E1D400__vs__60E1C500_N3J6EB,0x778f8,Cooling - Fan - Disengage Threshold,0x00FF,0x3D80,-15489
60E1D400__vs__60E1C500_N3J6EB,0x778fc,Engine On Time Threshold Y Axis,0xC220,0x3E00,33824
60E1D400__vs__60E1C500_N3J6EB,0x77920,Engine On Time Threshold,0x0271,0x3F30,-15551
60E1D400__vs__60E1C500_N3J6EB,0x779b8,(Unknown - conditional_fpu_accumulate_handler) Y Axis,0x4283,0x0D0E,13685
60E1D400__vs__60E1C500_N3J6EB,0x779d8,(Unknown - conditional_fpu_accumulate_handler),0x6464,0x1010,21588
60E1D400__vs__60E1C500_N3J6EB,0x779e0,(Unknown - conditional_fpu_accumulate_handler) 2 Y Axis,0x4138,0x1314,11812
60E1D400__vs__60E1C500_N3J6EB,0x779fc,(Unknown - conditional_fpu_accumulate_handler) 2,0x0000,0x1312,-4882
60E1D400__vs__60E1C500_N3J6EB,0x77a0c,(Unknown - conditional_fpu_accumulate_handler) 3 Y Axis,0x4138,0x3303,3637
60E1D400__vs__60E1C500_N3J6EB,0x77a28,(Unknown - conditional_fpu_accumulate_handler) 3,0x0000,0x1919,-6425
60E1D400__vs__60E1C500_N3J6EB,0x77a44,Primary Injector Weighted Engine Temp Multiplier X Axis,0xC220,0x383B,35301
60E1D400__vs__60E1C500_N3J6EB,0x77a70,Primary Injector Weighted Engine Temp Multiplier Y Axis,0x3E00,0x1616,10218
60E1D400__vs__60E1C500_N3J6EB,0x77a9c,Primary Injector Weighted Engine Temp Multiplier,0x4040,0x455A,-1306
60E1D400__vs__60E1C500_N3J6EB,0x77b18,Secondary 1 Injector Weighted Engine Temp Multiplier X Axis,0xC220,0x1413,44557
60E1D400__vs__60E1C500_N3J6EB,0x77b1c,Secondary 1 Injector Weighted Engine Temp Multiplier Y Axis,0x3E00,0x151A,10470
60E1D400__vs__60E1C500_N3J6EB,0x77b20,Secondary 1 Injector Weighted Engine Temp Multiplier,0x40FF,0x222D,7890
60E1D400__vs__60E1C500_N3J6EB,0x77b24,Secondary 2 Injector Weighted Engine Temp Multiplier X Axis,0xC220,0x3437,36329
60E1D400__vs__60E1C500_N3J6EB,0x77b28,Secondary 2 Injector Weighted Engine Temp Multiplier Y Axis,0x3E00,0x44BB,-1723
60E1D400__vs__60E1C500_N3J6EB,0x77b2c,Secondary 2 Injector Weighted Engine Temp Multiplier,0x40FF,0x44FA,-1019
60E1D400__vs__60E1C500_N3J6EB,0x77b34,(Unknown - fpu_multiply_accumulate_store) Y Axis,0x4270,0x453B,-715
60E1D400__vs__60E1C500_N3J6EB,0x77b44,(Unknown - fpu_multiply_accumulate_store),0x2456,0x42B4,-7774
60E1D400__vs__60E1C500_N3J6EB,0x77b4c,Injector Manifold Vacuum Multiplier Y Axis,0xC1F0,0x42C4,32556
60E1D400__vs__60E1C500_N3J6EB,0x77b90,Injector Manifold Vacuum Multiplier,0x28B7,0x3F00,-5705
60E1D400__vs__60E1C500_N3J6EB,0x77bb4,Estimated Manifold Pressure X Axis,0x447A,0x8080,-15366
60E1D400__vs__60E1C500_N3J6EB,0x77bf8,Estimated Manifold Pressure Y Axis,0x3D80,0xC1A0,-33824
60E1D400__vs__60E1C500_N3J6EB,0x77c48,Estimated Manifold Pressure,0x0EE6,0x40A0,-12730
60E1D400__vs__60E1C500_N3J6EB,0x77ef0,Injector Latency Secondary X Axis,0xC17D,0x6A68,22293
60E1D400__vs__60E1C500_N3J6EB,0x77f34,Injector Latency Secondary Y Axis,0x40D0,0xC180,-32944
60E1D400__vs__60E1C500_N3J6EB,0x77f58,Injector Latency Secondary,0x0C64,0x4100,-13468
60E1D400__vs__60E1C500_N3J6EB,0x7808c,Injector Latency Primary X Axis,0xC17D,0x6D0A,21619
60E1D400__vs__60E1C500_N3J6EB,0x780d0,Injector Latency Primary Y Axis,0x40D0,0x42C8,-504
60E1D400__vs__60E1C500_N3J6EB,0x780f4,Injector Latency Primary,0x0AC0,0x0000,2752
60E1D400__vs__60E1C500_N3J6EB,0x78284,Coil Output Timing (Map) Y Axis,0x4270,0x07D0,15008
60E1D400__vs__60E1C500_N3J6EB,0x7829c,Coil Output Timing (Map),0x202E,0x447A,-9292
60E1D400__vs__60E1C500_N3J6EB,0x782a4,Coil Output Timing (Map) 2 Y Axis,0x4282,0x44FA,-632
60E1D400__vs__60E1C500_N3J6EB,0x782b8,Coil Output Timing (Map) 2,0x4C80,0x0000,19584
60E1D400__vs__60E1C500_N3J6EB,0x782c0,Fuel Injection - Startup - Injector Pulse Width Multiplier Y Axis,0x4282,0x4220,98
60E1D400__vs__60E1C500_N3J6EB,0x782c4,Fuel Injection - Startup - Injector Pulse Width Multiplier,0x80FF,0x4270,16015
60E1D400__vs__60E1C500_N3J6EB,0x782c8,(Unknown - conditional_fpu_calc) Y Axis,0x41A8,0x42A0,-248
60E1D400__vs__60E1C500_N3J6EB,0x782d4,(Unknown - conditional_fpu_calc),0x8000,0x01D2,32302
60E1D400__vs__60E1C500_N3J6EB,0x782d8,FPU - Correction Constant vs Coolant Temp Y Axis,0xC220,0x059A,48262
60E1D400__vs__60E1C500_N3J6EB,0x782e4,FPU - Correction Constant vs Coolant Temp,0xEAEA,0x059A,58704
60E1D400__vs__60E1C500_N3J6EB,0x782e8,Injector Deadtime Primary Y Axis,0xC1F0,0x0433,48573
60E1D400__vs__60E1C500_N3J6EB,0x78318,Injector Deadtime Primary,0x60A4,0x00E6,24510
60E1D400__vs__60E1C500_N3J6EB,0x78330,Primary Fuel Injector Cranking Pulse Width Y Axis,0xC1F0,0xC220,-48
60E1D400__vs__60E1C500_N3J6EB,0x78364,Primary Fuel Injector Cranking Pulse Width,0x60A4,0x0B49,21851
60E1D400__vs__60E1C500_N3J6EB,0x783a0,Primary Injector Size,0x43B8,0x459C,-484
60E1D400__vs__60E1C500_N3J6EB,0x783a8,Secondary Injector Size,0x43ED,0xC1A0,-32179
60E1D400__vs__60E1C500_N3J6EB,0x783b0,Secondary Injector Size #2,0x43ED,0x41A0,589
60E1D400__vs__60E1C500_N3J6EB,0x78418,(Unknown - massive_fpu_control_calc) Y Axis,0x447A,0x0200,17018
60E1D400__vs__60E1C500_N3J6EB,0x7845c,(Unknown - massive_fpu_control_calc),0x1414,0x3B7F,-10091
60E1D400__vs__60E1C500_N3J6EB,0x78470,Primary Injector Max Barometric Pressure Correction Y Axis,0x4256,0x3EC0,918
60E1D400__vs__60E1C500_N3J6EB,0x78490,Primary Injector Max Barometric Pressure Correction,0x2F41,0x8C3C,-23803
60E1D400__vs__60E1C500_N3J6EB,0x78498,FPU - Adaptive Correction vs Coolant Temp Y Axis,0xC220,0x0000,49696
60E1D400__vs__60E1C500_N3J6EB,0x784bc,FPU - Adaptive Correction vs Coolant Temp,0x1E1E,0x4600,-10210
60E1D400__vs__60E1C500_N3J6EB,0x784c8,FPU - Correction Step 1 vs Coolant Temp Y Axis,0xC1A0,0x32FF,36513
60E1D400__vs__60E1C500_N3J6EB,0x784d4,FPU - Correction Step 1 vs Coolant Temp,0x0000,0x0000,0
60E1D400__vs__60E1C500_N3J6EB,0x784d8,FPU - Correction Step 2 vs Coolant Temp Y Axis,0xC1A0,0x41A0,32768
60E1D400__vs__60E1C500_N3J6EB,0x784e4,FPU - Correction Step 2 vs Coolant Temp,0x0000,0x42A0,-17056
60E1D400__vs__60E1C500_N3J6EB,0x784e8,Primary Fuel Injector Pulse Width Control Y Axis,0xC220,0x42C8,32600
60E1D400__vs__60E1C500_N3J6EB,0x7850c,Primary Fuel Injector Pulse Width Control,0x0505,0x3E40,-14651
60E1D400__vs__60E1C500_N3J6EB,0x78518,Secondary Fuel Injector Minimum Pulse Width Y Axis,0xC220,0x3E90,33680
60E1D400__vs__60E1C500_N3J6EB,0x7853c,Secondary Fuel Injector Minimum Pulse Width,0x1A1A,0x2710,-3318
60E1D400__vs__60E1C500_N3J6EB,0x78548,(Unknown - complex_adaptive_fpu_calc) Y Axis,0xC220,0x0000,49696
60E1D400__vs__60E1C500_N3J6EB,0x7856c,(Unknown - complex_adaptive_fpu_calc),0x1A1A,0x3E90,-9334
60E1D400__vs__60E1C500_N3J6EB,0x78578,(Unknown - complex_fpu_compare_calc) Y Axis,0xC220,0x3EC0,33632
60E1D400__vs__60E1C500_N3J6EB,0x7859c,(Unknown - complex_fpu_compare_calc),0x8A00,0x0000,35328
60E1D400__vs__60E1C500_N3J6EB,0x785b0,Calculate Fuel Amount Per Rotation Min Max (Map) Y Axis,0x447A,0x3E20,1626
60E1D400__vs__60E1C500_N3J6EB,0x785f4,Calculate Fuel Amount Per Rotation Min Max (Map),0xAF00,0x447A,27270
60E1D400__vs__60E1C500_N3J6EB,0x78618,Secondary Injectors Allowed Threshold - Coolant Temperature Based Y Axis,0xC220,0x4220,32768
60E1D400__vs__60E1C500_N3J6EB,0x7863c,Secondary Injectors Allowed Threshold - Coolant Temperature Based,0x0BB8,0x147B,-2243
60E1D400__vs__60E1C500_N3J6EB,0x78650,Engine Load Compensation X Axis,0x43FA,0x0B98,14434
60E1D400__vs__60E1C500_N3J6EB,0x78698,Engine Load Compensation Y Axis,0x3E00,0x41F0,-1008
60E1D400__vs__60E1C500_N3J6EB,0x786e8,Engine Load Compensation,0x55C3,0x0666,20317
60E1D400__vs__60E1C500_N3J6EB,0x789d0,(Unknown - extensive_table_based_fpu_calc) Y Axis,0xC170,0x9903,10349
60E1D400__vs__60E1C500_N3J6EB,0x78a00,(Unknown - extensive_table_based_fpu_calc),0x0000,0x00FA,-250
60E1D400__vs__60E1C500_N3J6EB,0x78a0c,(Unknown - extensive_table_based_fpu_calc) 2 Y Axis,0x428C,0x461C,-912
60E1D400__vs__60E1C500_N3J6EB,0x78a30,(Unknown - extensive_table_based_fpu_calc) 2,0x6464,0x3E00,9828
60E1D400__vs__60E1C500_N3J6EB,0x78a3c,(Unknown - extensive_table_based_fpu_calc) 3 Y Axis,0xC170,0x3E00,33648
60E1D400__vs__60E1C500_N3J6EB,0x78a6c,(Unknown - extensive_table_based_fpu_calc) 3,0x0000,0x428E,-17038
60E1D400__vs__60E1C500_N3J6EB,0x78a78,(Unknown - extensive_table_based_fpu_calc) 4 Y Axis,0x428C,0x437F,-243
60E1D400__vs__60E1C500_N3J6EB,0x78a9c,(Unknown - extensive_table_based_fpu_calc) 4,0x6464,0x3F00,9572
60E1D400__vs__60E1C500_N3J6EB,0x78aa8,(Unknown - extensive_table_based_fpu_calc) 5 Y Axis,0xC170,0x3C20,34128
60E1D400__vs__60E1C500_N3J6EB,0x78ad8,(Unknown - extensive_table_based_fpu_calc) 5,0x0000,0x3D20,-15648
60E1D400__vs__60E1C500_N3J6EB,0x78ae4,(Unknown - extensive_table_based_fpu_calc) 6 Y Axis,0x428C,0x3D3E,1358
60E1D400__vs__60E1C500_N3J6EB,0x78b08,(Unknown - extensive_table_based_fpu_calc) 6,0x6464,0x3D8C,9944
60E1D400__vs__60E1C500_N3J6EB,0x78b14,(Unknown - extensive_table_based_fpu_calc) 7 Y Axis,0x3D80,0x3D9B,-27
60E1D400__vs__60E1C500_N3J6EB,0x78b38,(Unknown - extensive_table_based_fpu_calc) 7,0x6464,0x3EC7,9629
60E1D400__vs__60E1C500_N3J6EB,0x78b44,(Unknown - complex_fpu_div_sqrt_accumulate) Y Axis,0x4100,0x3F01,511
60E1D400__vs__60E1C500_N3J6EB,0x78b68,(Unknown - complex_fpu_div_sqrt_accumulate),0x6464,0x3FC8,9372
60E1D400__vs__60E1C500_N3J6EB,0x78b74,Auxiliary Port Valve - Schedule - Condition Table Y Axis,0x4100,0x4002,254
60E1D400__vs__60E1C500_N3J6EB,0x78ba0,Auxiliary Port Valve - Schedule - Condition Table,0x0000,0x4A4D,-19021
60E1D400__vs__60E1C500_N3J6EB,0x78bb8,(Unknown - conditional_fpu_multi_flag_selector) Y Axis,0xC170,0xBABD,1715
60E1D400__vs__60E1C500_N3J6EB,0x78be8,(Unknown - conditional_fpu_multi_flag_selector),0x0050,0x457A,-17706
60E1D400__vs__60E1C500_N3J6EB,0x78c4c,(Unknown - extensive_fpu_threshold_and_calc) Y Axis,0xC220,0x45BB,31845
60E1D400__vs__60E1C500_N3J6EB,0x78c68,(Unknown - extensive_fpu_threshold_and_calc),0x0050,0x01C0,-368
60E1D400__vs__60E1C500_N3J6EB,0x78c70,Cruise Control - Set Speed - Condition Threshold Y Axis,0x428C,0x0220,16492
60E1D400__vs__60E1C500_N3J6EB,0x78c74,Cruise Control - Set Speed - Condition Threshold,0x00FF,0x4448,-17225
60E1D400__vs__60E1C500_N3J6EB,0x78c78,Secondary Air Pump On Time Y Axis,0xC1A0,0x4100,32928
60E1D400__vs__60E1C500_N3J6EB,0x78c94,Secondary Air Pump On Time,0x0000,0x3F60,-16224
60E1D400__vs__60E1C500_N3J6EB,0x78cc0,Auxillary Valve Close,0x45BE,0x459C,34
60E1D400__vs__60E1C500_N3J6EB,0x78d9c,Max Load - Intake Temperature Compensation Y Axis,0xC220,0x442A,32246
60E1D400__vs__60E1C500_N3J6EB,0x78dc0,Max Load - Intake Temperature Compensation,0x031B,0x4180,-15973
60E1D400__vs__60E1C500_N3J6EB,0x78dd4,Engine Torque Max - Barometric Pressure Compensation Y Axis,0x4220,0x43E1,-449
60E1D400__vs__60E1C500_N3J6EB,0x78df8,Engine Torque Max - Barometric Pressure Compensation,0x09E4,0x4461,-14973
60E1D400__vs__60E1C500_N3J6EB,0x78edc,Minimum Oil Injection Amount Y Axis,0x0000,0x01AF,-431
60E1D400__vs__60E1C500_N3J6EB,0x78f00,Minimum Oil Injection Amount,0x3C1E,0x41A0,-1410
60E1D400__vs__60E1C500_N3J6EB,0x78f0c,Intake Air Temperature Based Oil Injection Amount Y Axis,0x41F0,0x420C,-28
60E1D400__vs__60E1C500_N3J6EB,0x78f24,Intake Air Temperature Based Oil Injection Amount,0x1616,0x03D6,4672
60E1D400__vs__60E1C500_N3J6EB,0x78f2c,Manifold Pressure Based Oil Injection Amount Y Axis,0x41F0,0xC120,-32560
60E1D400__vs__60E1C500_N3J6EB,0x78f44,Manifold Pressure Based Oil Injection Amount,0x6464,0x41A0,8900
60E1D400__vs__60E1C500_N3J6EB,0x78f4c,Unknown - Zero Table vs Coolant Temp Y Axis,0xC1A0,0x41F0,32688
60E1D400__vs__60E1C500_N3J6EB,0x78f78,Unknown - Zero Table vs Coolant Temp,0x0000,0x0000,0
60E1D400__vs__60E1C500_N3J6EB,0x78f84,Load Based Oil Injection Temperature Correction Y Axis,0x42B4,0x4170,324
60E1D400__vs__60E1C500_N3J6EB,0x78f90,Load Based Oil Injection Temperature Correction,0x03E9,0x41F0,-15879
60E1D400__vs__60E1C500_N3J6EB,0x78f98,First Start Oil Injection Timer Y Axis,0x41F0,0x024B,16293
60E1D400__vs__60E1C500_N3J6EB,0x78fb0,First Start Oil Injection Timer,0x0000,0xC170,-49520
60E1D400__vs__60E1C500_N3J6EB,0x78fbc,Unknown - Dual-Level Table vs Axis Y Axis,0x0000,0x0000,0
60E1D400__vs__60E1C500_N3J6EB,0x78fd4,Unknown - Dual-Level Table vs Axis,0x4100,0x41F0,-240
60E1D400__vs__60E1C500_N3J6EB,0x78fec,Exhaust Port - Duty Step vs Index Y Axis,0x0000,0xE09C,-57500
60E1D400__vs__60E1C500_N3J6EB,0x79004,Exhaust Port - Duty Step vs Index,0x0000,0x41A0,-16800
60E1D400__vs__60E1C500_N3J6EB,0x7901c,Unknown - Table vs Axis Y Axis,0x40A0,0x0CF8,13224
60E1D400__vs__60E1C500_N3J6EB,0x79028,Unknown - Table vs Axis,0x4120,0x0190,16272
60E1D400__vs__60E1C500_N3J6EB,0x79034,Oil Metering By Load X Axis,0x442F,0x0020,17423
60E1D400__vs__60E1C500_N3J6EB,0x79080,Oil Metering By Load Y Axis,0x3D80,0x42CA,-1354
60E1D400__vs__60E1C500_N3J6EB,0x790c4,Oil Metering By Load,0x0303,0x10C0,-3517
60E1D400__vs__60E1C500_N3J6EB,0x79208,Oil Metering By Throttle X Axis,0x442F,0x45CB,-412
60E1D400__vs__60E1C500_N3J6EB,0x79254,Oil Metering By Throttle Y Axis,0x4270,0x0000,17008
60E1D400__vs__60E1C500_N3J6EB,0x79264,Oil Metering By Throttle,0x0000,0x42A0,-17056
60E1D400__vs__60E1C500_N3J6EB,0x792b0,Barometric Pressure Based Oil Injection Amount X Axis,0x44BB,0x0020,17563
60E1D400__vs__60E1C500_N3J6EB,0x792c8,Barometric Pressure Based Oil Injection Amount Y Axis,0x42AA,0x3D00,1450
60E1D400__vs__60E1C500_N3J6EB,0x792dc,Barometric Pressure Based Oil Injection Amount,0x2828,0x0000,10280
60E1D400__vs__60E1C500_N3J6EB,0x7930c,Fuel Injection - Warmup Fueling - Load Based Multiplier Y Axis,0x3E00,0x3F20,-288
60E1D400__vs__60E1C500_N3J6EB,0x79334,Fuel Injection - Warmup Fueling - Load Based Multiplier,0x4040,0x0000,16448
60E1D400__vs__60E1C500_N3J6EB,0x79340,Fuel Injection - Warmup Fueling X Axis,0xC220,0x0000,49696
60E1D400__vs__60E1C500_N3J6EB,0x79380,Fuel Injection - Warmup Fueling Y Axis,0xC1A0,0x0000,49568
60E1D400__vs__60E1C500_N3J6EB,0x7938c,Fuel Injection - Warmup Fueling,0x4B41,0x3E40,3329
60E1D400__vs__60E1C500_N3J6EB,0x793bc,Fuel Injection - Warmup Fueling - Engine Speed Based X Axis,0x447A,0x451C,-162
60E1D400__vs__60E1C500_N3J6EB,0x793d0,Fuel Injection - Warmup Fueling - Engine Speed Based Y Axis,0x40A0,0x001C,16516
60E1D400__vs__60E1C500_N3J6EB,0x793e4,Fuel Injection - Warmup Fueling - Engine Speed Based,0x1216,0x001C,4602
60E1D400__vs__60E1C500_N3J6EB,0x79400,Fuel Injection - Warmup Fueling - Engine Speed Based (Coolant Temp Fault) X Axis,0x43FA,0x000D,17389
60E1D400__vs__60E1C500_N3J6EB,0x7941c,Fuel Injection - Warmup Fueling - Engine Speed Based (Coolant Temp Fault) Y Axis,0xC220,0x0006,49690
60E1D400__vs__60E1C500_N3J6EB,0x79434,Fuel Injection - Warmup Fueling - Engine Speed Based (Coolant Temp Fault),0x0A0A,0x0001,2569
60E1D400__vs__60E1C500_N3J6EB,0x79470,(Unknown - extensive_fpu_div_multi_calc) Y Axis,0xC220,0x0001,49695
60E1D400__vs__60E1C500_N3J6EB,0x794b0,(Unknown - extensive_fpu_div_multi_calc),0x001E,0x455A,-17724
60E1D400__vs__60E1C500_N3J6EB,0x794d0,(Unknown - extensive_fpu_div_multi_calc) 2 Y Axis,0xC220,0x0000,49696
60E1D400__vs__60E1C500_N3J6EB,0x79510,(Unknown - extensive_fpu_div_multi_calc) 2,0x0014,0x0AFD,-2793
60E1D400__vs__60E1C500_N3J6EB,0x79530,(Unknown - fpu_div_conditional_calc) X Axis,0xC220,0x0D7A,46246
60E1D400__vs__60E1C500_N3J6EB,0x79570,(Unknown - fpu_div_conditional_calc) Y Axis,0x4220,0x3EC0,864
60E1D400__vs__60E1C500_N3J6EB,0x79584,(Unknown - fpu_div_conditional_calc),0x0000,0x43FA,-17402
60E1D400__vs__60E1C500_N3J6EB,0x795d4,(Unknown - fpu_div_conditional_calc) 2 X Axis,0xC1A0,0x06C2,47838
60E1D400__vs__60E1C500_N3J6EB,0x79614,(Unknown - fpu_div_conditional_calc) 2 Y Axis,0x4220,0x0000,16928
60E1D400__vs__60E1C500_N3J6EB,0x79628,(Unknown - fpu_div_conditional_calc) 2,0x2626,0x0000,9766
60E1D400__vs__60E1C500_N3J6EB,0x796bc,(Unknown - extensive_fpu_threshold_calc) Y Axis,0xC180,0x451C,31844
60E1D400__vs__60E1C500_N3J6EB,0x796e8,(Unknown - extensive_fpu_threshold_calc),0x9682,0x45FA,20616
60E1D400__vs__60E1C500_N3J6EB,0x796f4,(Unknown - extensive_fpu_threshold_calc) 2 Y Axis,0xC180,0x1C1B,42341
60E1D400__vs__60E1C500_N3J6EB,0x79728,(Unknown - extensive_fpu_threshold_calc) 2,0x07F8,0x4120,-14632
60E1D400__vs__60E1C500_N3J6EB,0x79770,Secondary Fuel Blend Transition RPM Y Axis,0xC220,0x3F80,33440
60E1D400__vs__60E1C500_N3J6EB,0x79790,Secondary Fuel Blend Transition RPM,0x7D64,0x4120,15428
60E1D400__vs__60E1C500_N3J6EB,0x79798,Ignition Leading - Cranking Timing Advance Y Axis,0xC1A0,0x43AF,32241
60E1D400__vs__60E1C500_N3J6EB,0x797c8,Ignition Leading - Cranking Timing Advance,0x3232,0x82FF,-20685
60E1D400__vs__60E1C500_N3J6EB,0x797d4,Rotor A/B Fuel Pulse Width Limiter Y Axis,0x0000,0x3F66,-16230
60E1D400__vs__60E1C500_N3J6EB,0x79814,Rotor A/B Fuel Pulse Width Limiter,0x6D0A,0x0708,26114
60E1D400__vs__60E1C500_N3J6EB,0x798a4,Secondary Injectors Enable Temperature Y Axis,0x44FA,0x0064,17558
60E1D400__vs__60E1C500_N3J6EB,0x798b8,Secondary Injectors Enable Temperature,0x6C6C,0xC1A0,-21812
60E1D400__vs__60E1C500_N3J6EB,0x798c0,Secondary Injectors Disable Temperature Y Axis,0x44FA,0x41A0,858
60E1D400__vs__60E1C500_N3J6EB,0x798d0,Secondary Injectors Disable Temperature,0x6C76,0x42C8,10670
60E1D400__vs__60E1C500_N3J6EB,0x798d4,Knock Retard Max - Knock Sensor Faulted Y Axis,0x44FA,0x00C3,17463
60E1D400__vs__60E1C500_N3J6EB,0x798e8,Knock Retard Max - Knock Sensor Faulted,0x6C6C,0x40A3,11209
60E1D400__vs__60E1C500_N3J6EB,0x798f0,Rotor A/B Fuel Trim Y Axis,0x44FA,0x4175,901
60E1D400__vs__60E1C500_N3J6EB,0x79920,Rotor A/B Fuel Trim,0x6C6C,0x4299,10707
60E1D400__vs__60E1C500_N3J6EB,0x7992c,Rotor A/B Fuel Trim 2 Y Axis,0x44FA,0x42B8,578
60E1D400__vs__60E1C500_N3J6EB,0x7995c,Rotor A/B Fuel Trim 2,0x8080,0x0034,32844
60E1D400__vs__60E1C500_N3J6EB,0x79980,Deceleration Fuel Cutoff Rate Y Axis,0x3E00,0x40A3,-675
60E1D400__vs__60E1C500_N3J6EB,0x799a0,Deceleration Fuel Cutoff Rate,0x0014,0x4238,-16932
60E1D400__vs__60E1C500_N3J6EB,0x799a8,Deceleration Fuel Cutoff Recovery Y Axis,0xBDC0,0x4261,31583
60E1D400__vs__60E1C500_N3J6EB,0x799b8,Deceleration Fuel Cutoff Recovery,0x1D4C,0x4299,-9549
60E1D400__vs__60E1C500_N3J6EB,0x799c0,Fuel Pressure Regulator Duty Low Y Axis,0xBED0,0x42AE,31778
60E1D400__vs__60E1C500_N3J6EB,0x799f8,Fuel Pressure Regulator Duty Low,0x2710,0x003C,9940
60E1D400__vs__60E1C500_N3J6EB,0x79a14,Fuel Pressure Regulator Duty High Y Axis,0xBED0,0xC220,-848
60E1D400__vs__60E1C500_N3J6EB,0x79a1c,Fuel Pressure Regulator Duty High,0x13D6,0x0000,5078
60E1D400__vs__60E1C500_N3J6EB,0x79a20,Fuel Pressure Regulator (3D) X Axis,0x43FA,0x41A0,602
60E1D400__vs__60E1C500_N3J6EB,0x79a38,Fuel Pressure Regulator (3D) Y Axis,0xC220,0x00C3,49501
60E1D400__vs__60E1C500_N3J6EB,0x79a54,Fuel Pressure Regulator (3D),0x059A,0x41A3,-15369
60E1D400__vs__60E1C500_N3J6EB,0x79aa8,Fuel Pressure Regulator Compensation (3D) X Axis,0x44BB,0x4220,667
60E1D400__vs__60E1C500_N3J6EB,0x79ab8,Fuel Pressure Regulator Compensation (3D) Y Axis,0xC220,0x03CF,48721
60E1D400__vs__60E1C500_N3J6EB,0x79ad4,Fuel Pressure Regulator Compensation (3D),0x1366,0x44FA,-12692
60E1D400__vs__60E1C500_N3J6EB,0x79b0c,Fuel Pressure Regulator Compensation 2 (3D) X Axis,0x44BB,0x460C,-337
60E1D400__vs__60E1C500_N3J6EB,0x79b2c,Fuel Pressure Regulator Compensation 2 (3D) Y Axis,0xC220,0x3F80,33440
60E1D400__vs__60E1C500_N3J6EB,0x79b48,Fuel Pressure Regulator Compensation 2 (3D),0x1E00,0x0376,6794
60E1D400__vs__60E1C500_N3J6EB,0x79bf0,(Unknown - fpu_calc_with_state_routing) Y Axis,0x3E00,0x0366,15002
60E1D400__vs__60E1C500_N3J6EB,0x79c18,(Unknown - fpu_calc_with_state_routing),0x8C3C,0x0395,34983
60E1D400__vs__60E1C500_N3J6EB,0x79c24,(Unknown - state_dispatch_with_interpolate) Y Axis,0x0000,0x0388,-904
60E1D400__vs__60E1C500_N3J6EB,0x79c48,(Unknown - state_dispatch_with_interpolate),0x1E32,0x0388,6826
60E1D400__vs__60E1C500_N3J6EB,0x79c54,Get Engine Startup Enrich Value (Map) Y Axis,0xC220,0x0100,49440
60E1D400__vs__60E1C500_N3J6EB,0x79c74,Get Engine Startup Enrich Value (Map),0x503C,0x420A,3634
60E1D400__vs__60E1C500_N3J6EB,0x79c7c,(Unknown - fpu_calc_with_state_routing) 2 Y Axis,0x0000,0x4483,-17539
60E1D400__vs__60E1C500_N3J6EB,0x79cb4,(Unknown - fpu_calc_with_state_routing) 2,0x0000,0x3F00,-16128
60E1D400__vs__60E1C500_N3J6EB,0x79cd0,(Unknown - fpu_calc_conditional_branch) Y Axis,0x0000,0x4040,-16448
60E1D400__vs__60E1C500_N3J6EB,0x79d08,(Unknown - fpu_calc_conditional_branch),0x0000,0x4220,-16928
60E1D400__vs__60E1C500_N3J6EB,0x79d24,(Unknown - fpu_calc_with_state_transition) Y Axis,0x0000,0x43FA,-17402
60E1D400__vs__60E1C500_N3J6EB,0x79d5c,(Unknown - fpu_calc_with_state_transition),0x0000,0x43FA,-17402
60E1D400__vs__60E1C500_N3J6EB,0x79d78,(Unknown - fpu_calc_with_state_routing) 3 X Axis,0x43FA,0x457A,-384
60E1D400__vs__60E1C500_N3J6EB,0x79d90,(Unknown - fpu_calc_with_state_routing) 3 Y Axis,0xC220,0x2828,39416
60E1D400__vs__60E1C500_N3J6EB,0x79dac,(Unknown - fpu_calc_with_state_routing) 3,0x147B,0x1919,-1182
60E1D400__vs__60E1C500_N3J6EB,0x79e00,(Unknown - fpu_calc_with_state_routing) 4 X Axis,0x447A,0x40C0,954
60E1D400__vs__60E1C500_N3J6EB,0x79e14,(Unknown - fpu_calc_with_state_routing) 4 Y Axis,0x40A0,0x1388,11544
60E1D400__vs__60E1C500_N3J6EB,0x79e30,(Unknown - fpu_calc_with_state_routing) 4,0x278D,0x000A,10115
60E1D400__vs__60E1C500_N3J6EB,0x79e78,(Unknown - fpu_calc_conditional_branch) 2 X Axis,0x43FA,0x1388,12402
60E1D400__vs__60E1C500_N3J6EB,0x79e90,(Unknown - fpu_calc_conditional_branch) 2 Y Axis,0xC220,0x1388,44696
60E1D400__vs__60E1C500_N3J6EB,0x79eac,(Unknown - fpu_calc_conditional_branch) 2,0x72D9,0x0005,29396
60E1D400__vs__60E1C500_N3J6EB,0x79f00,(Unknown - fpu_calc_conditional_branch) 3 X Axis,0x447A,0x1388,12530
60E1D400__vs__60E1C500_N3J6EB,0x79f14,(Unknown - fpu_calc_conditional_branch) 3 Y Axis,0x40A0,0x0000,16544
60E1D400__vs__60E1C500_N3J6EB,0x79f2c,(Unknown - fpu_calc_conditional_branch) 3,0xA82E,0x40C0,26478
60E1D400__vs__60E1C500_N3J6EB,0x79f68,(Unknown - fpu_calc_with_state_transition) 2 X Axis,0x447A,0x1388,12530
60E1D400__vs__60E1C500_N3J6EB,0x79f7c,(Unknown - fpu_calc_with_state_transition) 2 Y Axis,0x40A0,0x3F80,288
60E1D400__vs__60E1C500_N3J6EB,0x79f94,(Unknown - fpu_calc_with_state_transition) 2,0x605B,0x0000,24667
60E1D400__vs__60E1C500_N3J6EB,0x7a028,RPM Based Max Engine Load Y Axis,0x43FA,0x9905,-21771
60E1D400__vs__60E1C500_N3J6EB,0x7a070,RPM Based Max Engine Load,0x5852,0x9237,-14821
60E1D400__vs__60E1C500_N3J6EB,0x7a094,(Unknown - fpu_pair_accumulate_calc) Y Axis,0xC220,0x9E02,9246
60E1D400__vs__60E1C500_N3J6EB,0x7a0b4,(Unknown - fpu_pair_accumulate_calc),0xA3CC,0xAF16,-2890
60E1D400__vs__60E1C500_N3J6EB,0x7a0c4,Max Load - Barometric Pressure Compensation Y Axis,0x4256,0x43FA,-420
60E1D400__vs__60E1C500_N3J6EB,0x7a0e4,Max Load - Barometric Pressure Compensation,0x4400,0x458C,-396
60E1D400__vs__60E1C500_N3J6EB,0x7a0f4,(Unknown - extensive_fpu_conditional_threshold_calc) Y Axis,0x447A,0x4040,1082
60E1D400__vs__60E1C500_N3J6EB,0x7a118,(Unknown - extensive_fpu_conditional_threshold_calc),0x6B85,0x0D1F,24166
60E1D400__vs__60E1C500_N3J6EB,0x7a12c,(Unknown - extensive_fpu_conditional_threshold_calc) 2 Y Axis,0x447A,0x0D1F,14171
60E1D400__vs__60E1C500_N3J6EB,0x7a150,(Unknown - extensive_fpu_conditional_threshold_calc) 2,0x947B,0x2158,29475
60E1D400__vs__60E1C500_N3J6EB,0x7a230,Knock Voltage To Magnitude Y Axis,0x3C20,0x8E2B,-21003
60E1D400__vs__60E1C500_N3J6EB,0x7a318,Knock Voltage To Magnitude,0x000A,0x466A,-18016
60E1D400__vs__60E1C500_N3J6EB,0x7a354,Knock Related 1 Y Axis,0x43FA,0x3E99,1377
60E1D400__vs__60E1C500_N3J6EB,0x7a38c,Knock Related 1,0x00F3,0x3F20,-15917
60E1D400__vs__60E1C500_N3J6EB,0x7a3a8,Knock Related 2 Y Axis,0x43FA,0x455A,-352
60E1D400__vs__60E1C500_N3J6EB,0x7a3e0,Knock Related 2,0x00E0,0x0000,224
60E1D400__vs__60E1C500_N3J6EB,0x7a3fc,Knock Related Y Axis,0x4448,0x0000,17480
60E1D400__vs__60E1C500_N3J6EB,0x7a400,Knock Related,0x4100,0x0000,16640
60E1D400__vs__60E1C500_N3J6EB,0x7a404,Knock Related 3 Y Axis,0x43FA,0x00FF,17147
60E1D400__vs__60E1C500_N3J6EB,0x7a408,Knock Related 3,0x4180,0x3E00,896
60E1D400__vs__60E1C500_N3J6EB,0x7a40c,Knock Rel #4 X Axis,0x3F10,0x3E4C,196
60E1D400__vs__60E1C500_N3J6EB,0x7a424,Knock Rel #4 Y Axis,0x43FA,0x3F10,1258
60E1D400__vs__60E1C500_N3J6EB,0x7a450,Knock Rel #4,0x2C32,0x41C0,-5518
60E1D400__vs__60E1C500_N3J6EB,0x7a494,Knock Rel #0 X Axis,0x3F10,0x41C0,-688
60E1D400__vs__60E1C500_N3J6EB,0x7a4ac,Knock Rel #0 Y Axis,0x43FA,0x41C0,570
60E1D400__vs__60E1C500_N3J6EB,0x7a4d8,Knock Rel #0,0x2E32,0x41C0,-5006
60E1D400__vs__60E1C500_N3J6EB,0x7a538,(Unknown - extensive_fpu_multi_calc_selector) Y Axis,0x0000,0x41C0,-16832
60E1D400__vs__60E1C500_N3J6EB,0x7a554,(Unknown - extensive_fpu_multi_calc_selector),0x501E,0x41C0,3678
60E1D400__vs__60E1C500_N3J6EB,0x7a55c,(Unknown - extensive_fpu_multi_calc_selector) 2 Y Axis,0x43E1,0x41C0,545
60E1D400__vs__60E1C500_N3J6EB,0x7a58c,(Unknown - extensive_fpu_multi_calc_selector) 2,0x0062,0x41C0,-16734
60E1D400__vs__60E1C500_N3J6EB,0x7a5a4,VDI Open,0x45E2,0x3E57,1931
60E1D400__vs__60E1C500_N3J6EB,0x7a600,Airflow Or Load Related Y Axis,0x3E80,0x45EA,-1898
60E1D400__vs__60E1C500_N3J6EB,0x7a628,Airflow Or Load Related,0x04C0,0x429F,-15839
60E1D400__vs__60E1C500_N3J6EB,0x7a63c,MAF Related Y Axis,0x0000,0x41B4,-16820
60E1D400__vs__60E1C500_N3J6EB,0x7a65c,MAF Related,0x001A,0x4180,-16742
60E1D400__vs__60E1C500_N3J6EB,0x7a66c,Fuel Injection Control Callback (Map) Y Axis,0xC170,0x422E,32578
60E1D400__vs__60E1C500_N3J6EB,0x7a698,Fuel Injection Control Callback (Map),0xFFFC,0x422A,48594
60E1D400__vs__60E1C500_N3J6EB,0x7a6b0,Fuel Injection Control Callback (Map) 2 Y Axis,0xC170,0x412C,32836
60E1D400__vs__60E1C500_N3J6EB,0x7a6dc,Fuel Injection Control Callback (Map) 2,0xFFFC,0x412E,48846
60E1D400__vs__60E1C500_N3J6EB,0x7a6f4,Fuel Injection Control Callback (Map) 3 Y Axis,0xC170,0x4225,32587
60E1D400__vs__60E1C500_N3J6EB,0x7a720,Fuel Injection Control Callback (Map) 3,0x024B,0x4213,-16328
60E1D400__vs__60E1C500_N3J6EB,0x7a738,Fuel Injection - Control Threshold vs Coolant Temp Y Axis,0xC170,0x41B7,32697
60E1D400__vs__60E1C500_N3J6EB,0x7a764,Fuel Injection - Control Threshold vs Coolant Temp,0xFFFF,0x41BC,48707
60E1D400__vs__60E1C500_N3J6EB,0x7a77c,Fuel Injection - Calibration vs Coolant Temp Y Axis,0xC1A0,0x40C0,32992
60E1D400__vs__60E1C500_N3J6EB,0x7a7a4,Fuel Injection - Calibration vs Coolant Temp,0x0CF8,0x40C0,-13256
60E1D400__vs__60E1C500_N3J6EB,0x7a7c8,Dtc Snapshot Manager (Map) Y Axis,0x43FA,0x40C0,826
60E1D400__vs__60E1C500_N3J6EB,0x7a7f0,Dtc Snapshot Manager (Map),0x8080,0x40C0,16320
60E1D400__vs__60E1C500_N3J6EB,0x7a7fc,Compensated Barometric Pressure Y Axis,0x4257,0x4111,326
60E1D400__vs__60E1C500_N3J6EB,0x7a80c,Compensated Barometric Pressure,0x4458,0x4180,728
60E1D400__vs__60E1C500_N3J6EB,0x7a810,(Unknown - motor_control_task) X Axis,0x43FA,0x4180,634
60E1D400__vs__60E1C500_N3J6EB,0x7a828,(Unknown - motor_control_task) Y Axis,0x3E3A,0x4138,-766
60E1D400__vs__60E1C500_N3J6EB,0x7a838,(Unknown - motor_control_task),0x19DA,0x4181,-10151
60E1D400__vs__60E1C500_N3J6EB,0x7a8b0,UDS - Protocol Threshold vs Coolant Temp Y Axis,0xC220,0x41F8,32808
60E1D400__vs__60E1C500_N3J6EB,0x7a8cc,UDS - Protocol Threshold vs Coolant Temp,0x19A2,0x447A,-10968
60E1D400__vs__60E1C500_N3J6EB,0x7a8dc,Uds Protocol (Map) Y Axis,0xC220,0x453B,31973
60E1D400__vs__60E1C500_N3J6EB,0x7a8f8,Uds Protocol (Map),0x2332,0x45CB,-8857
60E1D400__vs__60E1C500_N3J6EB,0x7a930,Barometric Pressure Sensor Min Voltage,0x3E4C,0x3F99,-333
60E1D400__vs__60E1C500_N3J6EB,0x7a934,Barometric Pressure Sensor Max Voltage,0x4099,0x43FA,-865
60E1D400__vs__60E1C500_N3J6EB,0x7a9bc,Barometric Pressure Sensor Offset,0x3C95,0x0021,15476
60E1D400__vs__60E1C500_N3J6EB,0x7a9c0,Barometric Pressure Sensor Slope,0x41CA,0x0017,16819
60E1D400__vs__60E1C500_N3J6EB,0x7a9d4,Off Throttle Leading Timing Realted Y Axis,0xC220,0x0014,49676
60E1D400__vs__60E1C500_N3J6EB,0x7a9f8,Off Throttle Leading Timing Realted,0x6E6E,0x0000,28270
60E1D400__vs__60E1C500_N3J6EB,0x7aa04,Ignition Trailing - Cranking Timing Advance Y Axis,0xC220,0x451C,32004
60E1D400__vs__60E1C500_N3J6EB,0x7aa28,Ignition Trailing - Cranking Timing Advance,0x6E6E,0x4604,10346
60E1D400__vs__60E1C500_N3J6EB,0x7aa74,Sensor Processing (Map) X Axis,0x3E00,0x459C,-1948
60E1D400__vs__60E1C500_N3J6EB,0x7aa98,Sensor Processing (Map) Y Axis,0x43FA,0x3F19,1249
60E1D400__vs__60E1C500_N3J6EB,0x7aabc,Sensor Processing (Map),0x0000,0x0064,-100
60E1D400__vs__60E1C500_N3J6EB,0x7ab10,Boost Pressure Feedback (Map) X Axis,0x3E00,0x0303,15101
60E1D400__vs__60E1C500_N3J6EB,0x7ab34,Boost Pressure Feedback (Map) Y Axis,0x43FA,0x04E2,16152
60E1D400__vs__60E1C500_N3J6EB,0x7ab58,Boost Pressure Feedback (Map),0x001C,0x42C8,-17068
60E1D400__vs__60E1C500_N3J6EB,0x7abfc,Fuel Calculation Callback (Map) X Axis,0x3E00,0x4060,-608
60E1D400__vs__60E1C500_N3J6EB,0x7ac20,Fuel Calculation Callback (Map) Y Axis,0x43FA,0x0019,17377
60E1D400__vs__60E1C500_N3J6EB,0x7ac44,Fuel Calculation Callback (Map),0x0000,0x40B0,-16560
60E1D400__vs__60E1C500_N3J6EB,0x7ace8,Fuel Calculation Callback (Map) 2 X Axis,0x3E00,0x0EA6,12122
60E1D400__vs__60E1C500_N3J6EB,0x7ad0c,Fuel Calculation Callback (Map) 2 Y Axis,0x43FA,0x4220,474
60E1D400__vs__60E1C500_N3J6EB,0x7ad30,Fuel Calculation Callback (Map) 2,0x0000,0x0000,0
60E1D400__vs__60E1C500_N3J6EB,0x7add4,Throttle - Liftoff - Fuel Cut Trigger X Axis,0x3E00,0x0001,15871
60E1D400__vs__60E1C500_N3J6EB,0x7add8,Throttle - Liftoff - Fuel Cut Trigger Y Axis,0x43FA,0x0001,17401
60E1D400__vs__60E1C500_N3J6EB,0x7addc,Throttle - Liftoff - Fuel Cut Trigger,0x0000,0xC220,-49696
60E1D400__vs__60E1C500_N3J6EB,0x7ade0,Throttle - Liftoff - Fuel Cut Release X Axis,0x3E00,0xC1A0,-33696
60E1D400__vs__60E1C500_N3J6EB,0x7ade4,Throttle - Liftoff - Fuel Cut Release Y Axis,0x43FA,0x0000,17402
60E1D400__vs__60E1C500_N3J6EB,0x7ade8,Throttle - Liftoff - Fuel Cut Release,0x0000,0x41A0,-16800
60E1D400__vs__60E1C500_N3J6EB,0x7ae34,(Unknown - transmission_control) Y Axis,0x43FA,0x3ECC,1326
60E1D400__vs__60E1C500_N3J6EB,0x7ae7c,(Unknown - transmission_control),0x1C1B,0x41A0,-9605
60E1D400__vs__60E1C500_N3J6EB,0x7ae90,State Machine - Scalar Threshold Y Axis,0x0000,0x4348,-17224
60E1D400__vs__60E1C500_N3J6EB,0x7ae94,State Machine - Scalar Threshold,0x3FA3,0x04E2,15041
60E1D400__vs__60E1C500_N3J6EB,0x7ae98,Fuel Control - Scalar Threshold Y Axis,0x0000,0x04E2,-1250
60E1D400__vs__60E1C500_N3J6EB,0x7ae9c,Fuel Control - Scalar Threshold,0x3F33,0x04E2,14929
60E1D400__vs__60E1C500_N3J6EB,0x7af24,Injection Angle Related AFR Input Y Axis,0x0000,0xBCA3,-48291
60E1D400__vs__60E1C500_N3J6EB,0x7af48,Injection Angle Related AFR Input,0x323C,0x3E4C,-3088
60E1D400__vs__60E1C500_N3J6EB,0x7af54,Unknown Lambda Input Y Axis,0x3F33,0x1300,11315
60E1D400__vs__60E1C500_N3J6EB,0x7af74,Unknown Lambda Input,0x0708,0x453B,-15923
60E1D400__vs__60E1C500_N3J6EB,0x7af7c,(Unknown - fpu_accumulate_ch0) Y Axis,0x3F33,0x457A,-1607
60E1D400__vs__60E1C500_N3J6EB,0x7af9c,(Unknown - fpu_accumulate_ch0),0x0708,0x44FA,-15858
60E1D400__vs__60E1C500_N3J6EB,0x7afa4,AirFlow Inj Angle Related Y Axis,0x0000,0x453B,-17723
60E1D400__vs__60E1C500_N3J6EB,0x7b008,AirFlow Inj Angle Related,0x000A,0x0100,-246
60E1D400__vs__60E1C500_N3J6EB,0x7b03c,(Unknown - fpu_control_calc) Y Axis,0xC220,0x44BB,32101
60E1D400__vs__60E1C500_N3J6EB,0x7b05c,(Unknown - fpu_control_calc),0x00C3,0x2646,-9603
60E1D400__vs__60E1C500_N3J6EB,0x7b06c,(Unknown - fpu_accumulate_ch0) 2 Y Axis,0x0000,0x1A1A,-6682
60E1D400__vs__60E1C500_N3J6EB,0x7b0d0,(Unknown - fpu_accumulate_ch0) 2,0x0005,0x264D,-9800
60E1D400__vs__60E1C500_N3J6EB,0x7b104,(Unknown - fpu_accumulate_ch0) 3 Y Axis,0x0000,0x40C0,-16576
60E1D400__vs__60E1C500_N3J6EB,0x7b168,(Unknown - fpu_accumulate_ch0) 3,0x0005,0x8080,-32891
60E1D400__vs__60E1C500_N3J6EB,0x7b19c,(Unknown - fpu_accumulate_ch0) 4 Y Axis,0xC220,0x8381,16031
60E1D400__vs__60E1C500_N3J6EB,0x7b1bc,(Unknown - fpu_accumulate_ch0) 4,0x00C3,0x4015,-16210
60E1D400__vs__60E1C500_N3J6EB,0x7b1cc,(Unknown - fpu_accumulate_ch2) Y Axis,0x0000,0x417A,-16762
60E1D400__vs__60E1C500_N3J6EB,0x7b204,(Unknown - fpu_accumulate_ch2),0x0030,0x0000,48
60E1D400__vs__60E1C500_N3J6EB,0x7b220,(Unknown - fpu_accumulate_ch2) 2 Y Axis,0xC220,0x43D0,32336
60E1D400__vs__60E1C500_N3J6EB,0x7b240,(Unknown - fpu_accumulate_ch2) 2,0x03CF,0xFFFF,-64560
60E1D400__vs__60E1C500_N3J6EB,0x7b250,Injection Angle X Axis,0x43FA,0x859F,-16805
60E1D400__vs__60E1C500_N3J6EB,0x7b298,Injection Angle Y Axis,0x3E00,0x859F,-18335
60E1D400__vs__60E1C500_N3J6EB,0x7b2b8,Injection Angle,0x0208,0xFFFF,-65015
60E1D400__vs__60E1C500_N3J6EB,0x7b43c,Air Bleed Control (Map) Y Axis,0x3F00,0x00FF,15873
60E1D400__vs__60E1C500_N3J6EB,0x7b464,Air Bleed Control (Map),0x5050,0x40A0,4016
60E1D400__vs__60E1C500_N3J6EB,0x7b470,Idle Correction Interpolation (Map) Y Axis,0x0000,0xC0A0,-49312
60E1D400__vs__60E1C500_N3J6EB,0x7b4a0,Idle Correction Interpolation (Map),0x6464,0x4157,8973
60E1D400__vs__60E1C500_N3J6EB,0x7b4ac,Ignition Knock - RPM Knock Retard Y Axis,0x43FA,0x0000,17402
60E1D400__vs__60E1C500_N3J6EB,0x7b4d8,Ignition Knock - RPM Knock Retard,0x1414,0x110D,775
60E1D400__vs__60E1C500_N3J6EB,0x7b4e4,Air Filter Control (Map) Y Axis,0x43FA,0x0741,15545
60E1D400__vs__60E1C500_N3J6EB,0x7b510,Air Filter Control (Map),0x000A,0x3F80,-16246
60E1D400__vs__60E1C500_N3J6EB,0x7b51c,Fuel Correction Update (Map) Y Axis,0x3F80,0x4080,-256
60E1D400__vs__60E1C500_N3J6EB,0x7b534,Fuel Correction Update (Map),0x1919,0x0100,6169
60E1D400__vs__60E1C500_N3J6EB,0x7b53c,Exhaust Control (Map) Y Axis,0x3F80,0x0100,16000
60E1D400__vs__60E1C500_N3J6EB,0x7b554,Exhaust Control (Map),0x0309,0x0100,521
60E1D400__vs__60E1C500_N3J6EB,0x7b55a,Air Bleed Control (Map) 2,0x72FA,0x0100,29178
60E1D400__vs__60E1C500_N3J6EB,0x7b570,Exhaust Control (Map) 2 X Axis,0x0000,0x0100,-256
60E1D400__vs__60E1C500_N3J6EB,0x7b58c,Exhaust Control (Map) 2 Y Axis,0x0000,0x4000,-16384
60E1D400__vs__60E1C500_N3J6EB,0x7b59c,Exhaust Control (Map) 2,0x1388,0x40C0,-11576
60E1D400__vs__60E1C500_N3J6EB,0x7b5d4,Exhaust Control (Map) 3 X Axis,0x0000,0x0100,-256
60E1D400__vs__60E1C500_N3J6EB,0x7b5f0,Exhaust Control (Map) 3 Y Axis,0x0000,0x0100,-256
60E1D400__vs__60E1C500_N3J6EB,0x7b600,Exhaust Control (Map) 3,0x1388,0x0100,4744
60E1D400__vs__60E1C500_N3J6EB,0x7b638,Exhaust Control (Map) 4 X Axis,0x0000,0x412A,-16682
60E1D400__vs__60E1C500_N3J6EB,0x7b654,Exhaust Control (Map) 4 Y Axis,0x0000,0x4170,-16752
60E1D400__vs__60E1C500_N3J6EB,0x7b664,Exhaust Control (Map) 4,0x1388,0x7024,-23708
60E1D400__vs__60E1C500_N3J6EB,0x7b69c,Exhaust Control (Map) 5 X Axis,0x0000,0x39D1,-14801
60E1D400__vs__60E1C500_N3J6EB,0x7b6b8,Exhaust Control (Map) 5 Y Axis,0x0000,0x428C,-17036
60E1D400__vs__60E1C500_N3J6EB,0x7b6c8,Exhaust Control (Map) 5,0x1388,0x1A1D,-1685
60E1D400__vs__60E1C500_N3J6EB,0x7b700,Ignition Advance - Interpolated Map X Axis,0x0000,0x2330,-9008
60E1D400__vs__60E1C500_N3J6EB,0x7b71c,Ignition Advance - Interpolated Map Y Axis,0x0000,0x4220,-16928
60E1D400__vs__60E1C500_N3J6EB,0x7b72c,Ignition Advance - Interpolated Map,0x0000,0x42A0,-17056
60E1D400__vs__60E1C500_N3J6EB,0x7b764,Fuel Pressure (Map) 8 X Axis,0x43FA,0x42A0,346
60E1D400__vs__60E1C500_N3J6EB,0x7b78c,Fuel Pressure (Map) 8 Y Axis,0x3F80,0x4220,-672
60E1D400__vs__60E1C500_N3J6EB,0x7b7ac,Fuel Pressure (Map) 8,0xA11A,0x1A1D,34557
60E1D400__vs__60E1C500_N3J6EB,0x7b84c,Fuel Pressure (Map) 9 X Axis,0x43FA,0x0666,15764
60E1D400__vs__60E1C500_N3J6EB,0x7b874,Fuel Pressure (Map) 9 Y Axis,0x3F80,0x4270,-752
60E1D400__vs__60E1C500_N3J6EB,0x7b894,Fuel Pressure (Map) 9,0x2831,0x014F,9954
60E1D400__vs__60E1C500_N3J6EB,0x7b934,Fuel Pressure (Map) 10 X Axis,0x43FA,0x39B7,2627
60E1D400__vs__60E1C500_N3J6EB,0x7b95c,Fuel Pressure (Map) 10 Y Axis,0x3F80,0x6D73,-11763
60E1D400__vs__60E1C500_N3J6EB,0x7b97c,Fuel Pressure (Map) 10,0x9E1D,0x3BAE,25199
60E1D400__vs__60E1C500_N3J6EB,0x7ba94,Knock Limit - Zero Table vs Axis Y Axis,0x0000,0x05F3,-1523
60E1D400__vs__60E1C500_N3J6EB,0x7bab0,Knock Limit - Zero Table vs Axis,0x0000,0x0088,-136
60E1D400__vs__60E1C500_N3J6EB,0x7bacc,Knock Limit - Factor vs Axis Y Axis,0x3DCC,0x4070,-676
60E1D400__vs__60E1C500_N3J6EB,0x7bae0,Knock Limit - Factor vs Axis,0x3F80,0x399D,1507
60E1D400__vs__60E1C500_N3J6EB,0x7baf4,Omp Fault Detect (Map) X Axis,0x3E00,0x451C,-1820
60E1D400__vs__60E1C500_N3J6EB,0x7bb18,Omp Fault Detect (Map) Y Axis,0x43FA,0x3AF9,2305
60E1D400__vs__60E1C500_N3J6EB,0x7bb3c,Omp Fault Detect (Map),0x0000,0x4220,-16928
60E1D400__vs__60E1C500_N3J6EB,0x7bb90,Ignition Knock - Retard Limit X Axis,0x3E00,0x412A,-810
60E1D400__vs__60E1C500_N3J6EB,0x7bbb4,Ignition Knock - Retard Limit Y Axis,0x43FA,0x1333,12487
60E1D400__vs__60E1C500_N3J6EB,0x7bbd8,Ignition Knock - Retard Limit,0x41C0,0x4136,138
60E1D400__vs__60E1C500_N3J6EB,0x7bd28,(Unknown - fpu_division_calc) X Axis,0x3E23,0x3DB8,107
60E1D400__vs__60E1C500_N3J6EB,0x7bd50,(Unknown - fpu_division_calc) Y Axis,0x4443,0x0004,17471
60E1D400__vs__60E1C500_N3J6EB,0x7bd94,(Unknown - fpu_division_calc),0x41AE,0x0000,16814
60E1D400__vs__60E1C500_N3J6EB,0x7c050,Fuel Temperature Correction (Map) Y Axis,0x442F,0x1100,13103
60E1D400__vs__60E1C500_N3J6EB,0x7c084,Fuel Temperature Correction (Map),0x4343,0x1100,12867
60E1D400__vs__60E1C500_N3J6EB,0x7c094,Fuel Flow Limiter (Map) X Axis,0x3E00,0x1100,11520
60E1D400__vs__60E1C500_N3J6EB,0x7c0bc,Fuel Flow Limiter (Map) Y Axis,0x43FA,0x1100,13050
60E1D400__vs__60E1C500_N3J6EB,0x7c0dc,Fuel Flow Limiter (Map),0x0080,0x1100,-4224
60E1D400__vs__60E1C500_N3J6EB,0x7c184,Load Limit A Y Axis,0x4443,0x1100,13123
60E1D400__vs__60E1C500_N3J6EB,0x7c1b4,Load Limit A,0x3EB3,0x1100,11699
60E1D400__vs__60E1C500_N3J6EB,0x7c1e4,Load Limit B Y Axis,0x4443,0x1100,13123
60E1D400__vs__60E1C500_N3J6EB,0x7c214,Load Limit B,0x3F26,0x1100,11814
60E1D400__vs__60E1C500_N3J6EB,0x7c32c,Load Limit C Y Axis,0x43FA,0x0000,17402
60E1D400__vs__60E1C500_N3J6EB,0x7c354,Load Limit C,0x03E8,0x0000,1000
60E1D400__vs__60E1C500_N3J6EB,0x7c3b4,Misfire DTC - Threshold 1 vs Voltage Axis Y Axis,0x40B0,0x0202,16046
60E1D400__vs__60E1C500_N3J6EB,0x7c3c4,Misfire DTC - Threshold 1 vs Voltage Axis,0x007D,0x0101,-132
60E1D400__vs__60E1C500_N3J6EB,0x7c3cc,Misfire DTC - Threshold 2 vs Voltage Axis Y Axis,0x40B0,0x0202,16046
60E1D400__vs__60E1C500_N3J6EB,0x7c3dc,Misfire DTC - Threshold 2 vs Voltage Axis,0x007D,0x0101,-132
60E1D400__vs__60E1C500_N3J6EB,0x7c3e4,Misfire DTC - Threshold 3 vs Voltage Axis Y Axis,0x40C4,0x0202,16066
60E1D400__vs__60E1C500_N3J6EB,0x7c3f4,Misfire DTC - Threshold 3 vs Voltage Axis,0x4060,0x0303,15709
60E1D400__vs__60E1C500_N3J6EB,0x7c48c,(Unknown - ctrl_toggle) Y Axis,0x0000,0x2828,-10280
60E1D400__vs__60E1C500_N3J6EB,0x7c4b4,(Unknown - ctrl_toggle),0x0000,0x2828,-10280
60E1D400__vs__60E1C500_N3J6EB,0x7c4c0,(Unknown - ctrl_toggle) 2 Y Axis,0x0000,0x2828,-10280
60E1D400__vs__60E1C500_N3J6EB,0x7c4e8,(Unknown - ctrl_toggle) 2,0x0000,0x2828,-10280
60E1D400__vs__60E1C500_N3J6EB,0x7c4f4,(Unknown - ctrl_toggle) 3 Y Axis,0x0000,0x2828,-10280
60E1D400__vs__60E1C500_N3J6EB,0x7c51c,(Unknown - ctrl_toggle) 3,0x7878,0x0038,30784
60E1D400__vs__60E1C500_N3J6EB,0x7c528,Ctrl Toggle - Constant vs Axis Y Axis,0x0000,0x0107,-263
60E1D400__vs__60E1C500_N3J6EB,0x7c550,Ctrl Toggle - Constant vs Axis,0x0001,0x0222,-545
60E1D400__vs__60E1C500_N3J6EB,0x7c564,Primary Fuel Injector Cranking Pulse Decay Time Y Axis,0xC220,0x0410,48656
60E1D400__vs__60E1C500_N3J6EB,0x7c588,Primary Fuel Injector Cranking Pulse Decay Time,0x0303,0x0564,-609
60E1D400__vs__60E1C500_N3J6EB,0x7c5f8,PWM Duty - Constant vs Axis Y Axis,0x0000,0xC073,-49267
60E1D400__vs__60E1C500_N3J6EB,0x7c61c,PWM Duty - Constant vs Axis,0x04E2,0xFFFF,-64285
60E1D400__vs__60E1C500_N3J6EB,0x7c664,Ctrl Cache - Correction 1 vs Axis Y Axis,0x469C,0x0000,18076
60E1D400__vs__60E1C500_N3J6EB,0x7c678,Ctrl Cache - Correction 1 vs Axis,0xBC23,0x0101,47906
60E1D400__vs__60E1C500_N3J6EB,0x7c68c,Ctrl Cache - Correction 2 vs Axis Y Axis,0x469C,0x0101,17819
60E1D400__vs__60E1C500_N3J6EB,0x7c6a0,Ctrl Cache - Correction 2 vs Axis,0x3C23,0x0100,15139
60E1D400__vs__60E1C500_N3J6EB,0x7c6bc,(Unknown - debug_output) Y Axis,0x3DCC,0x0001,15819
60E1D400__vs__60E1C500_N3J6EB,0x7c6d8,(Unknown - debug_output),0x1A1A,0x0101,6425
60E1D400__vs__60E1C500_N3J6EB,0x7c6e0,(Unknown - debug_output) 2 Y Axis,0x447A,0x0101,17273
60E1D400__vs__60E1C500_N3J6EB,0x7c708,(Unknown - debug_output) 2,0x9678,0x0101,38263
60E1D400__vs__60E1C500_N3J6EB,0x7c718,Datalog - Sample Rate vs RPM Y Axis,0x43FA,0x0101,17145
60E1D400__vs__60E1C500_N3J6EB,0x7c730,Datalog - Sample Rate vs RPM,0x0505,0x0000,1285
60E1D400__vs__60E1C500_N3J6EB,0x7c738,(Unknown - datalog_format) Y Axis,0x43FA,0x0000,17402
60E1D400__vs__60E1C500_N3J6EB,0x7c750,(Unknown - datalog_format),0x051F,0x0F0F,-2544
60E1D400__vs__60E1C500_N3J6EB,0x7c75c,(Unknown - datalog_write) Y Axis,0x0000,0x0B0A,-2826
60E1D400__vs__60E1C500_N3J6EB,0x7c780,(Unknown - datalog_write),0x0000,0x2F0F,-12047
60E1D400__vs__60E1C500_N3J6EB,0x7c794,(Unknown - datalog_write) 2 X Axis,0xC220,0x0A23,47101
60E1D400__vs__60E1C500_N3J6EB,0x7c7b8,(Unknown - datalog_write) 2 Y Axis,0x43FA,0x0E20,13786
60E1D400__vs__60E1C500_N3J6EB,0x7c7d0,(Unknown - datalog_write) 2,0x1A1A,0xFFFC,-58850
60E1D400__vs__60E1C500_N3J6EB,0x7c808,(Unknown - datalog_write) 3 X Axis,0xC220,0xFFF8,-15832
60E1D400__vs__60E1C500_N3J6EB,0x7c82c,(Unknown - datalog_write) 3 Y Axis,0x43FA,0x0300,16634
60E1D400__vs__60E1C500_N3J6EB,0x7c844,(Unknown - datalog_write) 3,0x1A1A,0xFFFC,-58850
60E1D400__vs__60E1C500_N3J6EB,0x7c8b0,Datalog - Engine - Trace Level Table Y Axis,0xC220,0xFFFC,-15836
60E1D400__vs__60E1C500_N3J6EB,0x7c8ec,Datalog - Engine - Trace Level Table,0x8080,0x0080,32768
60E1D400__vs__60E1C500_N3J6EB,0x7c8fc,Datalog - Battery - Voltage Correction Table Y Axis,0x40D0,0x0880,14416
60E1D400__vs__60E1C500_N3J6EB,0x7c920,Datalog - Battery - Voltage Correction Table,0x9F96,0x0080,40726
60E1D400__vs__60E1C500_N3J6EB,0x7c92c,Datalog - Engine - Load Matrix X Axis,0x0000,0x4880,-18560
60E1D400__vs__60E1C500_N3J6EB,0x7c98c,Datalog - Engine - Load Matrix Y Axis,0x0000,0x0080,-128
60E1D400__vs__60E1C500_N3J6EB,0x7c9b4,Datalog - Engine - Load Matrix,0x0A0C,0x0080,2444
60E1D400__vs__60E1C500_N3J6EB,0x7cad8,Ignition Dwell Time_ X Axis,0x447A,0x0080,17402
60E1D400__vs__60E1C500_N3J6EB,0x7cafc,Ignition Dwell Time_ Y Axis,0x40D0,0x0000,16592
60E1D400__vs__60E1C500_N3J6EB,0x7cb20,Ignition Dwell Time_,0x0767,0x0000,1895
60E1D400__vs__60E1C500_N3J6EB,0x7ccb4,Diag/Test - Zero Table 1 vs Index Y Axis,0x0000,0x0042,-66
60E1D400__vs__60E1C500_N3J6EB,0x7ccdc,Diag/Test - Zero Table 1 vs Index,0x0000,0x0000,0
60E1D400__vs__60E1C500_N3J6EB,0x7cd04,Diag/Test - Zero Table 2 vs Index Y Axis,0x0000,0x0059,-89
60E1D400__vs__60E1C500_N3J6EB,0x7cd2c,Diag/Test - Zero Table 2 vs Index,0x0000,0x000B,-11
60E1D400__vs__60E1C500_N3J6EB,0x7cd54,Diag/Test - Zero Table 3 vs Index Y Axis,0x0000,0x0060,-96
60E1D400__vs__60E1C500_N3J6EB,0x7cd7c,Diag/Test - Zero Table 3 vs Index,0x0000,0x0004,-4
60E1D400__vs__60E1C500_N3J6EB,0x7cda4,Diag/Test - Zero Table 4 vs Index Y Axis,0x0000,0x005A,-90
60E1D400__vs__60E1C500_N3J6EB,0x7cdcc,Diag/Test - Zero Table 4 vs Index,0x0000,0x0040,-64
60E1D400__vs__60E1C500_N3J6EB,0x7cdf4,Diag/Test - Zero Table 5 vs Index Y Axis,0x0000,0x0025,-37
60E1D400__vs__60E1C500_N3J6EB,0x7ce1c,Diag/Test - Zero Table 5 vs Index,0x0000,0x005E,-94
60E1D400__vs__60E1C500_N3J6EB,0x7ce44,Diag/Test - Zero Table 6 vs Index Y Axis,0x0000,0x0012,-18
60E1D400__vs__60E1C500_N3J6EB,0x7ce6c,Diag/Test - Zero Table 6 vs Index,0x0000,0x0033,-51
60E1D400__vs__60E1C500_N3J6EB,0x7ce94,Diag/Test - Zero Table 7 vs Index Y Axis,0x0000,0xFFFF,-65535
60E1D400__vs__60E1C500_N3J6EB,0x7cebc,Diag/Test - Zero Table 7 vs Index,0x0000,0x0009,-9
60E1D400__vs__60E1C500_N3J6EB,0x7cee4,Diag/Test - Zero Table 8 vs Index Y Axis,0x0000,0x0012,-18
60E1D400__vs__60E1C500_N3J6EB,0x7cf0c,Diag/Test - Zero Table 8 vs Index,0x0000,0x004A,-74
60E1D400__vs__60E1C500_N3J6EB,0x7cf34,Diag/Test - Zero Table 9 vs Index Y Axis,0x0000,0x004A,-74
60E1D400__vs__60E1C500_N3J6EB,0x7cf5c,Diag/Test - Zero Table 9 vs Index,0x0000,0x0059,-89
60E1D400__vs__60E1C500_N3J6EB,0x7cf84,Diag/Test - Zero Table 10 vs Index Y Axis,0x0000,0x0014,-20
60E1D400__vs__60E1C500_N3J6EB,0x7cfac,Diag/Test - Zero Table 10 vs Index,0x0000,0x0021,-33
60E1D400__vs__60E1C500_N3J6EB,0x7cfd4,Diag/Test - Zero Table 11 vs Index Y Axis,0x0000,0x000B,-11
60E1D400__vs__60E1C500_N3J6EB,0x7cffc,Diag/Test - Zero Table 11 vs Index,0x0000,0xFFFF,-65535
60E1D400__vs__60E1C500_N3J6EB,0x7d024,Diag/Test - Zero Table 12 vs Index Y Axis,0x0000,0x0055,-85
60E1D400__vs__60E1C500_N3J6EB,0x7d04c,Diag/Test - Zero Table 12 vs Index,0x0000,0xFFFF,-65535
60E1D400__vs__60E1C500_N3J6EB,0x7d074,Diag/Test - Zero Table 13 vs Index Y Axis,0x0000,0x000C,-12
60E1D400__vs__60E1C500_N3J6EB,0x7d09c,Diag/Test - Zero Table 13 vs Index,0x0000,0x0011,-17
60E1D400__vs__60E1C500_N3J6EB,0x7d0d0,Ignition Timing Monitor - Threshold vs Coolant Temp Y Axis,0x4120,0x007A,16550
60E1D400__vs__60E1C500_N3J6EB,0x7d0f4,Ignition Timing Monitor - Threshold vs Coolant Temp,0x110D,0x0007,4358
60E1D400__vs__60E1C500_N3J6EB,0x7d108,Oxygen Sensor Monitor (Map) X Axis,0x0000,0x0007,-7
60E1D400__vs__60E1C500_N3J6EB,0x7d128,Oxygen Sensor Monitor (Map) Y Axis,0x0000,0x0007,-7
60E1D400__vs__60E1C500_N3J6EB,0x7d150,Oxygen Sensor Monitor (Map),0x0100,0x0007,249
60E1D400__vs__60E1C500_N3J6EB,0x7d1a0,Oxygen Sensor Monitor (Map) 2 X Axis,0x0000,0x0007,-7
60E1D400__vs__60E1C500_N3J6EB,0x7d1c0,Oxygen Sensor Monitor (Map) 2 Y Axis,0x0000,0x0007,-7
60E1D400__vs__60E1C500_N3J6EB,0x7d1e8,Oxygen Sensor Monitor (Map) 2,0x0100,0x0007,249
60E1D400__vs__60E1C500_N3J6EB,0x7d254,Diag Detector (Map) Y Axis,0x412A,0x0007,16675
60E1D400__vs__60E1C500_N3J6EB,0x7d274,Diag Detector (Map),0x8C6E,0x0007,35943
60E1D400__vs__60E1C500_N3J6EB,0x7d2bc,Coil Control (Map) Y Axis,0x4120,0x0007,16665
60E1D400__vs__60E1C500_N3J6EB,0x7d2e0,Coil Control (Map),0x1A1D,0x0007,6678
60E1D400__vs__60E1C500_N3J6EB,0x7d2f4,Coil Control (Map) 2 Y Axis,0x4120,0x0007,16665
60E1D400__vs__60E1C500_N3J6EB,0x7d318,Coil Control (Map) 2,0x2330,0x0007,9001
60E1D400__vs__60E1C500_N3J6EB,0x7d32c,Coil Control (Map) 3 Y Axis,0x4120,0x0007,16665
60E1D400__vs__60E1C500_N3J6EB,0x7d350,Coil Control (Map) 3,0x07BB,0x1C1F,-5220
60E1D400__vs__60E1C500_N3J6EB,0x7d364,Coil Control (Map) 4 Y Axis,0x4120,0x0807,14617
60E1D400__vs__60E1C500_N3J6EB,0x7d388,Coil Control (Map) 4,0x0666,0x1900,-4762
60E1D400__vs__60E1C500_N3J6EB,0x7d39c,Coil Control (Map) 5 Y Axis,0x4120,0x0119,16391
60E1D400__vs__60E1C500_N3J6EB,0x7d3c0,Coil Control (Map) 5,0x1A1D,0x1E1F,-1026
60E1D400__vs__60E1C500_N3J6EB,0x7d3d4,Coil Control (Map) 6 Y Axis,0x4120,0x1B1F,9729
60E1D400__vs__60E1C500_N3J6EB,0x7d3f8,Coil Control (Map) 6,0x2330,0x0D09,5671
60E1D400__vs__60E1C500_N3J6EB,0x7d40c,Coil Control (Map) 7 Y Axis,0x4120,0x1102,12318
60E1D400__vs__60E1C500_N3J6EB,0x7d430,Coil Control (Map) 7,0x07BB,0x1D1F,-5476
60E1D400__vs__60E1C500_N3J6EB,0x7d444,Coil Control (Map) 8 Y Axis,0x4120,0x1B1C,9732
60E1D400__vs__60E1C500_N3J6EB,0x7d468,Coil Control (Map) 8,0x0666,0x0010,1622
60E1D400__vs__60E1C500_N3J6EB,0x7d47c,OBD Monitor - Threshold vs Coolant Temp Y Axis,0x4120,0x1102,12318
60E1D400__vs__60E1C500_N3J6EB,0x7d4a0,OBD Monitor - Threshold vs Coolant Temp,0x0A36,0x0706,816
60E1D400__vs__60E1C500_N3J6EB,0x7d4b4,Coil Correction - Threshold vs Coolant Temp Y Axis,0x4120,0x0007,16665
60E1D400__vs__60E1C500_N3J6EB,0x7d4d8,Coil Correction - Threshold vs Coolant Temp,0x0CE7,0x0007,3296
60E1D400__vs__60E1C500_N3J6EB,0x7d4ec,Coil Control (Map) 9 Y Axis,0x3B1B,0x0007,15124
60E1D400__vs__60E1C500_N3J6EB,0x7d52c,Coil Control (Map) 9,0x265C,0x0007,9813
60E1D400__vs__60E1C500_N3J6EB,0x7d554,(Unknown - eeprom_manager) Y Axis,0x4120,0x0007,16665
60E1D400__vs__60E1C500_N3J6EB,0x7d578,(Unknown - eeprom_manager),0x6D73,0x0007,28012
60E1D400__vs__60E1C500_N3J6EB,0x7d584,(Unknown - linear_interp_2d) Y Axis,0x3B1B,0x0007,15124
60E1D400__vs__60E1C500_N3J6EB,0x7d5c4,(Unknown - linear_interp_2d),0x265C,0x0007,9813
60E1D400__vs__60E1C500_N3J6EB,0x7d5e4,(Unknown - linear_interp_2d) 2 Y Axis,0x4120,0x0007,16665
60E1D400__vs__60E1C500_N3J6EB,0x7d608,(Unknown - linear_interp_2d) 2,0x23CA,0x0007,9155
60E1D400__vs__60E1C500_N3J6EB,0x7d61c,(Unknown - linear_interp_2d) 3 Y Axis,0x4120,0x0007,16665
60E1D400__vs__60E1C500_N3J6EB,0x7d640,(Unknown - linear_interp_2d) 3,0x30A4,0x0007,12445
60E1D400__vs__60E1C500_N3J6EB,0x7d654,EEPROM - Calibration 1 vs Coolant Temp Y Axis,0x4120,0x0007,16665
60E1D400__vs__60E1C500_N3J6EB,0x7d678,EEPROM - Calibration 1 vs Coolant Temp,0x0813,0x0007,2060
60E1D400__vs__60E1C500_N3J6EB,0x7d68c,EEPROM - Calibration 2 vs Coolant Temp Y Axis,0x4120,0x0007,16665
60E1D400__vs__60E1C500_N3J6EB,0x7d6b0,EEPROM - Calibration 2 vs Coolant Temp,0x05F3,0x0007,1516
60E1D400__vs__60E1C500_N3J6EB,0x7d700,Diag Request (Map) Y Axis,0x43FA,0x0007,17395
60E1D400__vs__60E1C500_N3J6EB,0x7d728,Diag Request (Map),0x001A,0xFFFF,-65509
60E1D400__vs__60E1C500_N3J6EB,0x7d74c,RTOS - Mutex Threshold vs Coolant Temp Y Axis,0x4120,0xFFFF,-48863
60E1D400__vs__60E1C500_N3J6EB,0x7d770,RTOS - Mutex Threshold vs Coolant Temp,0x2727,0xFFFF,-55512
60E1D400__vs__60E1C500_N3J6EB,0x7d77c,(Unknown - queue_handler) Y Axis,0x412A,0xFFFF,-48853
60E1D400__vs__60E1C500_N3J6EB,0x7d79c,(Unknown - queue_handler),0x2ED9,0xFFFF,-53542
60E1D400__vs__60E1C500_N3J6EB,0x7d7ac,(Unknown - queue_handler) 2 Y Axis,0x412A,0xFFFF,-48853
60E1D400__vs__60E1C500_N3J6EB,0x7d7cc,(Unknown - queue_handler) 2,0x1333,0xFFFF,-60620
60E1D400__vs__60E1C500_N3J6EB,0x7d7f8,(Unknown - isr_checker) Y Axis,0x4120,0xFFFF,-48863
60E1D400__vs__60E1C500_N3J6EB,0x7d81c,(Unknown - isr_checker),0x4017,0xFFFF,-49128
60E1D400__vs__60E1C500_N3J6EB,0x7d830,(Unknown - isr_checker) 2 Y Axis,0x4120,0xFFFF,-48863
60E1D400__vs__60E1C500_N3J6EB,0x7d854,(Unknown - isr_checker) 2,0x28F6,0xFFFF,-55049
60E1D400__vs__60E1C500_N3J6EB,0x7d878,LUT - Zero Table 1 vs Coolant Temp Y Axis,0x4120,0xFFFF,-48863
60E1D400__vs__60E1C500_N3J6EB,0x7d89c,LUT - Zero Table 1 vs Coolant Temp,0x0000,0xFFFF,-65535
60E1D400__vs__60E1C500_N3J6EB,0x7d8c0,LUT - Zero Table 2 vs Coolant Temp Y Axis,0x4120,0xFFFF,-48863
60E1D400__vs__60E1C500_N3J6EB,0x7d8e4,LUT - Zero Table 2 vs Coolant Temp,0x0000,0xFFFF,-65535
60E1D400__vs__60E1C500_N3J6EB,0x7d908,EEPROM - Ramp vs Coolant Temp Y Axis,0x4120,0xFFFF,-48863
60E1D400__vs__60E1C500_N3J6EB,0x7d92c,EEPROM - Ramp vs Coolant Temp,0x3D7A,0xFFFF,-49797
60E1D400__vs__60E32000_N3M5E,0x6cf6c,Barometric Pressure Sensor Max ADC Count,0xF5C2,0x2F52,50800
60E1D400__vs__60E32000_N3M5E,0x6cf6e,Barometric Pressure Sensor Min ADC Count,0x0A3D,0x2448,-6667
60E1D400__vs__60E32000_N3M5E,0x6cfa4,Fuel Injector - Unknown - Max Injection Angle1??? Y Axis,0x4448,0x305C,5100
60E1D400__vs__60E32000_N3M5E,0x6cfe4,Fuel Injector - Unknown - Max Injection Angle1???,0x3C3C,0x2F96,3238
60E1D400__vs__60E32000_N3M5E,0x6cff4,Fuel Injector - Unknown - Max Injection Angle2??? Y Axis,0x4448,0x80F4,-15532
60E1D400__vs__60E32000_N3M5E,0x6d034,Fuel Injector - Unknown - Max Injection Angle2???,0x3C3C,0x2E02,3642
60E1D400__vs__60E32000_N3M5E,0x6d044,Fuel Injector - Unknown - Max Injection Angle3??? Y Axis,0x4448,0x53F4,-4012
60E1D400__vs__60E32000_N3M5E,0x6d084,Fuel Injector - Unknown - Max Injection Angle3???,0x3C3C,0x6BF6,-12218
60E1D400__vs__60E32000_N3M5E,0x6d0ec,Throttle Plate Something Fuel Cut (Map) Y Axis,0x0000,0x6140,-24896
60E1D400__vs__60E32000_N3M5E,0x6d114,Throttle Plate Something Fuel Cut (Map),0x0000,0x329C,-12956
60E1D400__vs__60E32000_N3M5E,0x6d120,Off Throttle Fuel Cut - Fuel Resume - Engine Startup Base Y Axis,0x0000,0x60B3,-24755
60E1D400__vs__60E32000_N3M5E,0x6d138,Off Throttle Fuel Cut - Fuel Resume - Engine Startup Base,0x2C2C,0x0006,11302
60E1D400__vs__60E32000_N3M5E,0x6d140,Engine Load Correction - Fuel Resume Threshold 1 vs RPM Y Axis,0x43FA,0xFFFF,-48133
60E1D400__vs__60E32000_N3M5E,0x6d158,Engine Load Correction - Fuel Resume Threshold 1 vs RPM,0x1919,0x85F2,-27865
60E1D400__vs__60E32000_N3M5E,0x6d160,Engine Load Correction - Fuel Resume Threshold 2 vs RPM Y Axis,0x43FA,0xA003,-23561
60E1D400__vs__60E32000_N3M5E,0x6d178,Engine Load Correction - Fuel Resume Threshold 2 vs RPM,0x0C0C,0x2FD6,-9162
60E1D400__vs__60E32000_N3M5E,0x6d180,Engine Load Correction - Fuel Resume Threshold 3 vs RPM Y Axis,0x43FA,0x2FB6,5188
60E1D400__vs__60E32000_N3M5E,0x6d198,Engine Load Correction - Fuel Resume Threshold 3 vs RPM,0x0C0C,0x7FE8,-29660
60E1D400__vs__60E32000_N3M5E,0x6d1a0,Idle Related Y Axis,0xC220,0x6343,24285
60E1D400__vs__60E32000_N3M5E,0x6d1e0,Idle Related,0x09C4,0x52F1,-18733
60E1D400__vs__60E32000_N3M5E,0x6d200,Engine Load Correction (Map) X Axis,0x449C,0x3A83,2585
60E1D400__vs__60E32000_N3M5E,0x6d218,Engine Load Correction (Map) Y Axis,0x3F80,0x6DF6,-11894
60E1D400__vs__60E32000_N3M5E,0x6d230,Engine Load Correction (Map),0x4B38,0x7FFC,-13508
60E1D400__vs__60E32000_N3M5E,0x6d254,Off Throttle Fuel Cut - Fuel Resume - In Gear Threshold X Axis,0xC220,0x622C,24564
60E1D400__vs__60E32000_N3M5E,0x6d294,Off Throttle Fuel Cut - Fuel Resume - In Gear Threshold Y Axis,0x3F80,0x0006,16250
60E1D400__vs__60E32000_N3M5E,0x6d2ac,Off Throttle Fuel Cut - Fuel Resume - In Gear Threshold,0x5656,0x2FC6,9872
60E1D400__vs__60E32000_N3M5E,0x6d30c,Off Throttle Fuel Cut - Fuel Resume - NOTUSED X Axis,0xC220,0x53F9,28199
60E1D400__vs__60E32000_N3M5E,0x6d34c,Off Throttle Fuel Cut - Fuel Resume - NOTUSED Y Axis,0x3F80,0x2E01,4479
60E1D400__vs__60E32000_N3M5E,0x6d364,Off Throttle Fuel Cut - Fuel Resume - NOTUSED,0x0000,0x29D0,-10704
60E1D400__vs__60E32000_N3M5E,0x6d3c4,Throttle Plate Something Fuel Cut (Map) 2 X Axis,0xC220,0x2FB6,37482
60E1D400__vs__60E32000_N3M5E,0x6d404,Throttle Plate Something Fuel Cut (Map) 2 Y Axis,0x3F80,0xEE01,-44673
60E1D400__vs__60E32000_N3M5E,0x6d41c,Throttle Plate Something Fuel Cut (Map) 2,0x0505,0xD54C,-53319
60E1D400__vs__60E32000_N3M5E,0x6d47c,Throttle Plate Something Fuel Cut (Map) 3 X Axis,0xC220,0x4F22,29438
60E1D400__vs__60E32000_N3M5E,0x6d4bc,Throttle Plate Something Fuel Cut (Map) 3 Y Axis,0x3F80,0x430B,-907
60E1D400__vs__60E32000_N3M5E,0x6d4d4,Throttle Plate Something Fuel Cut (Map) 3,0x0505,0x4F26,-18977
60E1D400__vs__60E32000_N3M5E,0x6d53c,Cold Rev Limit Threshold,0x41A0,0xE512,-41842
60E1D400__vs__60E32000_N3M5E,0x6d544,Cold Rev Limit,0x45AB,0x4E0B,-2144
60E1D400__vs__60E32000_N3M5E,0x6d54c,Rev Limit,0x460C,0x6EF6,-10474
60E1D400__vs__60E32000_N3M5E,0x6d584,Ignition Maybe Idle Base Y Axis,0x442F,0x4F22,-2803
60E1D400__vs__60E32000_N3M5E,0x6d59c,Ignition Maybe Idle Base,0x5A5A,0xDB4D,-33011
60E1D400__vs__60E32000_N3M5E,0x6d5a4,Ignition Temp Correction? Y Axis,0xC220,0x420B,32789
60E1D400__vs__60E32000_N3M5E,0x6d5c8,Ignition Temp Correction?,0x6464,0x0009,25691
60E1D400__vs__60E32000_N3M5E,0x6d5d4,Ignition 2 Y Axis,0x442F,0xD243,-36372
60E1D400__vs__60E32000_N3M5E,0x6d5ec,Ignition 2,0x7878,0xEE02,-30090
60E1D400__vs__60E32000_N3M5E,0x6d5f4,Ignition Leading 0 Y Axis,0xC220,0x64E3,23869
60E1D400__vs__60E32000_N3M5E,0x6d618,Ignition Leading 0,0x6464,0x63F1,115
60E1D400__vs__60E32000_N3M5E,0x6d624,Ignition Timing Lead X Axis,0x3D80,0x000B,15733
60E1D400__vs__60E32000_N3M5E,0x6d64c,Ignition Timing Lead Y Axis,0x4448,0x0009,17471
60E1D400__vs__60E32000_N3M5E,0x6d668,Ignition Timing Lead,0x6464,0x4F22,5442
60E1D400__vs__60E32000_N3M5E,0x6d6b0,Ignition Leading 1 X Axis,0x3D80,0xE601,-43137
60E1D400__vs__60E32000_N3M5E,0x6d700,Ignition Leading 1 Y Axis,0x443B,0x2F96,5285
60E1D400__vs__60E32000_N3M5E,0x6d748,Ignition Leading 1,0x8484,0x8F05,-2689
60E1D400__vs__60E32000_N3M5E,0x6d8b0,Ignition Leading Base - Safe Mode X Axis,0x3D80,0x64E3,-10083
60E1D400__vs__60E32000_N3M5E,0x6d900,Ignition Leading Base - Safe Mode Y Axis,0x443B,0x622D,-7666
60E1D400__vs__60E32000_N3M5E,0x6d948,Ignition Leading Base - Safe Mode,0x8484,0x7F04,1408
60E1D400__vs__60E32000_N3M5E,0x6dab0,Ignition Leading Base X Axis,0x3D80,0x4108,-904
60E1D400__vs__60E32000_N3M5E,0x6db00,Ignition Leading Base Y Axis,0x443B,0xA004,-23497
60E1D400__vs__60E32000_N3M5E,0x6db48,Ignition Leading Base,0x8484,0x2200,25220
60E1D400__vs__60E32000_N3M5E,0x6dcb0,Ignition Leading 4 X Axis,0x3D80,0x0000,15744
60E1D400__vs__60E32000_N3M5E,0x6dcd8,Ignition Leading 4 Y Axis,0x4448,0x0009,17471
60E1D400__vs__60E32000_N3M5E,0x6dcf4,Ignition Leading 4,0x7777,0x6343,5172
60E1D400__vs__60E32000_N3M5E,0x6dd3c,Ignition X Axis,0x3D80,0x8FD9,-21081
60E1D400__vs__60E32000_N3M5E,0x6dd8c,Ignition Y Axis,0x443B,0x0009,17458
60E1D400__vs__60E32000_N3M5E,0x6ddd4,Ignition,0x7A7A,0xDD42,-25288
60E1D400__vs__60E32000_N3M5E,0x6df3c,Ignition 0 - Safe Mode X Axis,0x3D80,0xD039,-37561
60E1D400__vs__60E32000_N3M5E,0x6df8c,Ignition 0 - Safe Mode Y Axis,0x443B,0x7501,-12486
60E1D400__vs__60E32000_N3M5E,0x6dfd4,Ignition 0 - Safe Mode,0x7A7A,0x8D09,-4751
60E1D400__vs__60E32000_N3M5E,0x6e13c,Ignition 1 X Axis,0x3D80,0x81E1,-17505
60E1D400__vs__60E32000_N3M5E,0x6e18c,Ignition 1 Y Axis,0x443B,0x2E31,5642
60E1D400__vs__60E32000_N3M5E,0x6e1d4,Ignition 1,0x7A7A,0x4B15,12133
60E1D400__vs__60E32000_N3M5E,0x6e33c,Ignition Leading 5 X Axis,0x44A2,0xD206,-36196
60E1D400__vs__60E32000_N3M5E,0x6e34c,Ignition Leading 5 Y Axis,0x0000,0x0009,-9
60E1D400__vs__60E32000_N3M5E,0x6e358,Ignition Leading 5,0x40A0,0xFFFF,-48991
60E1D400__vs__60E32000_N3M5E,0x6e388,Ignition Minimum Maybe X Axis,0x44A2,0x0009,17561
60E1D400__vs__60E32000_N3M5E,0x6e398,Ignition Minimum Maybe Y Axis,0x0000,0xE401,-58369
60E1D400__vs__60E32000_N3M5E,0x6e3a4,Ignition Minimum Maybe,0x0000,0x6CF6,-27894
60E1D400__vs__60E32000_N3M5E,0x6e458,Ignition Leading/Trailing - On Throttle Coolant Temp Compensation X Axis,0x44A2,0x2FE6,5308
60E1D400__vs__60E32000_N3M5E,0x6e464,Ignition Leading/Trailing - On Throttle Coolant Temp Compensation Y Axis,0x4120,0xDD13,-39923
60E1D400__vs__60E32000_N3M5E,0x6e474,Ignition Leading/Trailing - On Throttle Coolant Temp Compensation,0x40E0,0x0009,16599
60E1D400__vs__60E32000_N3M5E,0x6e4a4,Knock Correction - Light Y Axis,0xC1A0,0xFFFF,-15967
60E1D400__vs__60E32000_N3M5E,0x6e4bc,Knock Correction - Light,0x0019,0xD044,-53291
60E1D400__vs__60E32000_N3M5E,0x6e4c8,Knock Correction - Medium Y Axis,0xC1A0,0x4300,32416
60E1D400__vs__60E32000_N3M5E,0x6e4e0,Knock Correction - Medium,0x001E,0x3E73,-15957
60E1D400__vs__60E32000_N3M5E,0x6e4ec,Knock Correction - Heavy Y Axis,0xC1A0,0x6EF6,21162
60E1D400__vs__60E32000_N3M5E,0x6e504,Knock Correction - Heavy,0x0037,0x622C,-25077
60E1D400__vs__60E32000_N3M5E,0x6e510,Knock Detection Sensitivity Y Axis,0xC1A0,0x64E3,23741
60E1D400__vs__60E32000_N3M5E,0x6e528,Knock Detection Sensitivity,0x003C,0xD42C,-54256
60E1D400__vs__60E32000_N3M5E,0x6e534,Knock Retard Y Axis,0xC1A0,0x6040,24928
60E1D400__vs__60E32000_N3M5E,0x6e54c,Knock Retard,0x0037,0x8041,-32778
60E1D400__vs__60E32000_N3M5E,0x6e558,Knock Retard 2 Y Axis,0xC1A0,0xE000,-7776
60E1D400__vs__60E32000_N3M5E,0x6e570,Knock Retard 2,0x003C,0x422B,-16879
60E1D400__vs__60E32000_N3M5E,0x6e57c,(Unknown - fpu_multiply_accumulate_filter) Y Axis,0x4416,0xD31F,-36617
60E1D400__vs__60E32000_N3M5E,0x6e5bc,(Unknown - fpu_multiply_accumulate_filter),0x00CB,0x0009,194
60E1D400__vs__60E32000_N3M5E,0x6e6d4,Manifold Pressure Limiter (Map) Y Axis,0xC220,0x8141,16607
60E1D400__vs__60E32000_N3M5E,0x6e6f0,Manifold Pressure Limiter (Map),0xAFAF,0x2340,35951
60E1D400__vs__60E32000_N3M5E,0x6e6f8,Manifold Pressure Limiter (Map) 2 Y Axis,0xC120,0x8054,16588
60E1D400__vs__60E32000_N3M5E,0x6e714,Manifold Pressure Limiter (Map) 2,0xFF5A,0x3353,52231
60E1D400__vs__60E32000_N3M5E,0x6e71c,Manifold Pressure Limiter (Map) 3 Y Axis,0xC220,0x000B,49685
60E1D400__vs__60E32000_N3M5E,0x6e738,Manifold Pressure Limiter (Map) 3,0xFAFA,0xFFFF,-1285
60E1D400__vs__60E32000_N3M5E,0x6e740,Manifold Pressure Limiter (Map) 4 Y Axis,0xC220,0x0000,49696
60E1D400__vs__60E32000_N3M5E,0x6e75c,Manifold Pressure Limiter (Map) 4,0x0000,0xFFFF,-65535
60E1D400__vs__60E32000_N3M5E,0x6e764,Manifold Pressure Limiter (Map) 5 Y Axis,0xC220,0x4F22,29438
60E1D400__vs__60E32000_N3M5E,0x6e780,Manifold Pressure Limiter (Map) 5,0xB6B6,0x6053,22115
60E1D400__vs__60E32000_N3M5E,0x6e788,Manifold Pressure Limiter (Map) 6 Y Axis,0xC220,0xB15D,4291
60E1D400__vs__60E32000_N3M5E,0x6e7a4,Manifold Pressure Limiter (Map) 6,0x3232,0x0009,12841
60E1D400__vs__60E32000_N3M5E,0x6e7ac,Manifold Pressure Limiter (Map) 7 Y Axis,0xC316,0x0009,49933
60E1D400__vs__60E32000_N3M5E,0x6e7f8,Manifold Pressure Limiter (Map) 7,0x8CCD,0xD21B,-17742
60E1D400__vs__60E32000_N3M5E,0x6e820,Idle Target Filter Factor Y Axis,0xC3C8,0x7408,20416
60E1D400__vs__60E32000_N3M5E,0x6e84c,Idle Target Filter Factor,0x0100,0xD30A,-53770
60E1D400__vs__60E32000_N3M5E,0x6e864,Idle Target Y Axis,0xC220,0x0006,49690
60E1D400__vs__60E32000_N3M5E,0x6e880,Idle Target,0x06A4,0xD044,-51616
60E1D400__vs__60E32000_N3M5E,0x6e890,Idle Target 0 Y Axis,0xC1A0,0x65DD,23491
60E1D400__vs__60E32000_N3M5E,0x6e8c0,Idle Target 0,0x06A4,0x430B,-15463
60E1D400__vs__60E32000_N3M5E,0x6e8d8,Idle Target 1 Y Axis,0xC1A0,0x9359,11847
60E1D400__vs__60E32000_N3M5E,0x6e908,Idle Target 1,0x05DC,0x2400,-7716
60E1D400__vs__60E32000_N3M5E,0x6e920,Idle Target 2 Y Axis,0xC1A0,0x60C0,24800
60E1D400__vs__60E32000_N3M5E,0x6e950,Idle Target 2,0x01F4,0x000B,489
60E1D400__vs__60E32000_N3M5E,0x6e968,Idle Target 3 Y Axis,0xC1A0,0x81E1,16319
60E1D400__vs__60E32000_N3M5E,0x6e998,Idle Target 3,0x0DAC,0xFFFF,-62035
60E1D400__vs__60E32000_N3M5E,0x6e9b0,Idle Target 4 Y Axis,0xC220,0x0006,49690
60E1D400__vs__60E32000_N3M5E,0x6e9cc,Idle Target 4,0x06A4,0xDC8D,-54761
60E1D400__vs__60E32000_N3M5E,0x6e9dc,Idle Target 5 Y Axis,0xC220,0xE404,-8676
60E1D400__vs__60E32000_N3M5E,0x6e9f8,Idle Target 5,0x03E8,0x6CF6,-26894
60E1D400__vs__60E32000_N3M5E,0x6ea08,Idle Target 6 Y Axis,0x42F0,0xD27F,-36751
60E1D400__vs__60E32000_N3M5E,0x6ea24,Idle Target 6,0x076C,0x6CF6,-25994
60E1D400__vs__60E32000_N3M5E,0x6ea34,Idle Target 7 Y Axis,0xC220,0x8D04,13596
60E1D400__vs__60E32000_N3M5E,0x6ea50,Idle Target 7,0x03E8,0xE401,-57369
60E1D400__vs__60E32000_N3M5E,0x6ea60,(Unknown - load_bias_table_interpolator) X Axis,0xC220,0xD46C,-4684
60E1D400__vs__60E32000_N3M5E,0x6ea7c,(Unknown - load_bias_table_interpolator) Y Axis,0x4270,0x8F0A,-19610
60E1D400__vs__60E32000_N3M5E,0x6ea88,(Unknown - load_bias_table_interpolator),0x3B3B,0xA002,-25799
60E1D400__vs__60E32000_N3M5E,0x6ead4,Fuel Pressure (Map) Y Axis,0xC220,0x8F05,13083
60E1D400__vs__60E32000_N3M5E,0x6eaf8,Fuel Pressure (Map),0x0000,0x4F22,-20258
60E1D400__vs__60E32000_N3M5E,0x6eb04,Fuel Pressure (Map) 2 Y Axis,0xC220,0x6130,24816
60E1D400__vs__60E32000_N3M5E,0x6eb28,Fuel Pressure (Map) 2,0x8080,0x61D0,7856
60E1D400__vs__60E32000_N3M5E,0x6eb34,Fuel Pressure (Map) 3 Y Axis,0xC220,0x213B,41189
60E1D400__vs__60E32000_N3M5E,0x6eb58,Fuel Pressure (Map) 3,0x1E1E,0x6EF6,-20696
60E1D400__vs__60E32000_N3M5E,0x6eb64,Fuel Pressure (Map) 4 Y Axis,0x0000,0xD32D,-54061
60E1D400__vs__60E32000_N3M5E,0x6eb88,Fuel Pressure (Map) 4,0x0000,0x7001,-28673
60E1D400__vs__60E32000_N3M5E,0x6eb94,Fuel Pressure (Map) 5 Y Axis,0x43FA,0x80E5,-15595
60E1D400__vs__60E32000_N3M5E,0x6eba8,Fuel Pressure (Map) 5,0x7272,0x6053,4639
60E1D400__vs__60E32000_N3M5E,0x6ebb0,Fuel Pressure (Map) 6 Y Axis,0xC1A0,0xE301,-8545
60E1D400__vs__60E32000_N3M5E,0x6ebc8,Fuel Pressure (Map) 6,0x1E1E,0x8F02,-28900
60E1D400__vs__60E32000_N3M5E,0x6ebd0,Fuel Pressure (Map) 7 Y Axis,0xC248,0xD512,-4810
60E1D400__vs__60E32000_N3M5E,0x6ec08,Fuel Pressure (Map) 7,0x1D1D,0x0006,7447
60E1D400__vs__60E32000_N3M5E,0x6ec34,Fuel Controller (Map) Y Axis,0xC1F0,0x0006,49642
60E1D400__vs__60E32000_N3M5E,0x6ec44,Fuel Controller (Map),0x0000,0x4F22,-20258
60E1D400__vs__60E32000_N3M5E,0x6ec4c,Fuel Controller (Map) 2 Y Axis,0xC220,0xD23E,-4126
60E1D400__vs__60E32000_N3M5E,0x6ec70,Fuel Controller (Map) 2,0x04E2,0x8F0A,-35368
60E1D400__vs__60E32000_N3M5E,0x6ec84,Fuel Controller (Map) 3 Y Axis,0xC220,0xA008,8728
60E1D400__vs__60E32000_N3M5E,0x6eca8,Fuel Controller (Map) 3,0x0000,0xE404,-58372
60E1D400__vs__60E32000_N3M5E,0x6ecbc,Fuel Controller (Map) 4 Y Axis,0xC220,0x8141,16607
60E1D400__vs__60E32000_N3M5E,0x6ece0,Fuel Controller (Map) 4,0x0898,0x80E8,-30800
60E1D400__vs__60E32000_N3M5E,0x6ecf4,Fuel Controller (Map) 5 Y Axis,0x4220,0x6430,-8720
60E1D400__vs__60E32000_N3M5E,0x6ed08,Fuel Controller (Map) 5,0x01F4,0x0009,491
60E1D400__vs__60E32000_N3M5E,0x6ed18,Load Blend Factor - Coolant Temperature Y Axis,0xC220,0x4F26,29434
60E1D400__vs__60E32000_N3M5E,0x6ed3c,Load Blend Factor - Coolant Temperature,0x1611,0xD308,-48375
60E1D400__vs__60E32000_N3M5E,0x6ed48,Load Blend Factor - Coolant Temperature X Blend Variation X Axis,0xC220,0xFFFF,-15839
60E1D400__vs__60E32000_N3M5E,0x6ed6c,Load Blend Factor - Coolant Temperature X Blend Variation Y Axis,0xC1A0,0xFFFF,-15967
60E1D400__vs__60E32000_N3M5E,0x6ed78,Load Blend Factor - Coolant Temperature X Blend Variation,0x2214,0x2FE6,-3538
60E1D400__vs__60E32000_N3M5E,0x6eda4,Air Charge - RPM X Charge Temperature X Axis,0x0000,0xE406,-58374
60E1D400__vs__60E32000_N3M5E,0x6edd4,Air Charge - RPM X Charge Temperature Y Axis,0xC220,0x600C,25108
60E1D400__vs__60E32000_N3M5E,0x6edf4,Air Charge - RPM X Charge Temperature,0xFFFF,0x8F02,28925
60E1D400__vs__60E32000_N3M5E,0x6ee54,Ignition Trailing B X Axis,0x3D80,0x8061,-17121
60E1D400__vs__60E32000_N3M5E,0x6eea4,Ignition Trailing B Y Axis,0x43FA,0xFFFF,-48133
60E1D400__vs__60E32000_N3M5E,0x6eeec,Ignition Trailing B,0x4141,0x2650,6897
60E1D400__vs__60E32000_N3M5E,0x6f054,Ignition Trailing A X Axis,0x3D80,0x64E3,-10083
60E1D400__vs__60E32000_N3M5E,0x6f0a4,Ignition Trailing A Y Axis,0x43FA,0xD30A,-36624
60E1D400__vs__60E32000_N3M5E,0x6f0ec,Ignition Trailing A,0x7E7E,0x4F22,12124
60E1D400__vs__60E32000_N3M5E,0x6f254,Ignition Min Split X Axis,0x3D80,0x0005,15739
60E1D400__vs__60E32000_N3M5E,0x6f2a4,Ignition Min Split Y Axis,0x443B,0x0007,17460
60E1D400__vs__60E32000_N3M5E,0x6f2ec,Ignition Min Split,0x5A5A,0x0400,22106
60E1D400__vs__60E32000_N3M5E,0x6f454,Ignition 3 X Axis,0x0000,0x0002,-2
60E1D400__vs__60E32000_N3M5E,0x6f4a0,Ignition 3 Y Axis,0x0000,0x0000,0
60E1D400__vs__60E32000_N3M5E,0x6f4cc,Ignition 3,0x001F,0x0007,24
60E1D400__vs__60E32000_N3M5E,0x6f75c,Ignition 4 Y Axis,0xC170,0x0007,49513
60E1D400__vs__60E32000_N3M5E,0x6f78c,Ignition 4,0x6464,0x0005,25695
60E1D400__vs__60E32000_N3M5E,0x6f798,Ignition 5 Y Axis,0x428C,0x3B80,1804
60E1D400__vs__60E32000_N3M5E,0x6f79c,Ignition 5,0x64FF,0x0000,25855
60E1D400__vs__60E32000_N3M5E,0x6f7a0,Ignition 6 Y Axis,0xC170,0x0005,49515
60E1D400__vs__60E32000_N3M5E,0x6f7d0,Ignition 6,0x6464,0x3A83,10721
60E1D400__vs__60E32000_N3M5E,0x6f7dc,Ignition 7 Y Axis,0x428C,0x0007,17029
60E1D400__vs__60E32000_N3M5E,0x6f7e0,Ignition 7,0x64FF,0x0007,25848
60E1D400__vs__60E32000_N3M5E,0x6f7e4,Ignition 8 Y Axis,0xC170,0x3A83,34541
60E1D400__vs__60E32000_N3M5E,0x6f7e8,Ignition 8,0x64FF,0x0000,25855
60E1D400__vs__60E32000_N3M5E,0x6f7ec,Ignition 9 Y Axis,0x428C,0x0010,17020
60E1D400__vs__60E32000_N3M5E,0x6f7f0,Ignition 9,0x64FF,0x0007,25848
60E1D400__vs__60E32000_N3M5E,0x6f7f4,Ignition 10 Y Axis,0xC170,0x0007,49513
60E1D400__vs__60E32000_N3M5E,0x6f7f8,Ignition 10,0x64FF,0x3A83,10876
60E1D400__vs__60E32000_N3M5E,0x6f7fc,Ignition 11 Y Axis,0x428C,0x0000,17036
60E1D400__vs__60E32000_N3M5E,0x6f800,Ignition 11,0x64FF,0x0010,25839
60E1D400__vs__60E32000_N3M5E,0x6f804,Ignition 12 Y Axis,0xC1F0,0x0007,49641
60E1D400__vs__60E32000_N3M5E,0x6f808,Ignition 12,0x64FF,0x0007,25848
60E1D400__vs__60E32000_N3M5E,0x6f80c,Ignition 13 Y Axis,0xC1F0,0x3A83,34669
60E1D400__vs__60E32000_N3M5E,0x6f810,Ignition 13,0x64FF,0x0000,25855
60E1D400__vs__60E32000_N3M5E,0x6f814,Ignition 14 X Axis,0xC170,0x0004,49516
60E1D400__vs__60E32000_N3M5E,0x6f818,Ignition 14 Y Axis,0x0000,0x0007,-7
60E1D400__vs__60E32000_N3M5E,0x6f81c,Ignition 14,0x64FF,0x0007,25848
60E1D400__vs__60E32000_N3M5E,0x6f820,Ignition 15 X Axis,0x428C,0x000B,17025
60E1D400__vs__60E32000_N3M5E,0x6f824,Ignition 15 Y Axis,0x0000,0x0007,-7
60E1D400__vs__60E32000_N3M5E,0x6f828,Ignition 15,0x64FF,0x0007,25848
60E1D400__vs__60E32000_N3M5E,0x6f82c,Ignition 16 X Axis,0xC170,0x0010,49504
60E1D400__vs__60E32000_N3M5E,0x6f830,Ignition 16 Y Axis,0x0000,0x0007,-7
60E1D400__vs__60E32000_N3M5E,0x6f834,Ignition 16,0x64FF,0x0007,25848
60E1D400__vs__60E32000_N3M5E,0x6f838,Ignition 17 X Axis,0x428C,0x0006,17030
60E1D400__vs__60E32000_N3M5E,0x6f83c,Ignition 17 Y Axis,0x0000,0x0007,-7
60E1D400__vs__60E32000_N3M5E,0x6f840,Ignition 17,0x64FF,0x0007,25848
60E1D400__vs__60E32000_N3M5E,0x6f848,Off Throttle Fuel Cut - Fuel Resume - In Neutral Threshold7  Y Axis,0xC1A0,0x0000,49568
60E1D400__vs__60E32000_N3M5E,0x6f878,Off Throttle Fuel Cut - Fuel Resume - In Neutral Threshold7,0x909A,0x0007,37011
60E1D400__vs__60E32000_N3M5E,0x6f8ec,CLT Sensor Scaling Y Axis,0x3E65,0x0007,15966
60E1D400__vs__60E32000_N3M5E,0x6f96c,CLT Sensor Scaling,0x430C,0x38D1,2619
60E1D400__vs__60E32000_N3M5E,0x6fa9c,Off Throttle Fuel Cut - Fuel Resume - In Neutral Threshold8  Y Axis,0xC1A0,0xBF80,544
60E1D400__vs__60E32000_N3M5E,0x6fab0,Off Throttle Fuel Cut - Fuel Resume - In Neutral Threshold8,0xFBFB,0x0800,62459
60E1D400__vs__60E32000_N3M5E,0x6fab8,Combustion Efficiency - Correction Constant 1 vs Coolant Temp Y Axis,0xC1A0,0xBF80,544
60E1D400__vs__60E32000_N3M5E,0x6facc,Combustion Efficiency - Correction Constant 1 vs Coolant Temp,0x40A0,0x0000,16544
60E1D400__vs__60E32000_N3M5E,0x6fae0,Combustion Efficiency - Correction Constant 2 vs Coolant Temp Y Axis,0xC1A0,0x0000,49568
60E1D400__vs__60E32000_N3M5E,0x6faf4,Combustion Efficiency - Correction Constant 2 vs Coolant Temp,0x42C8,0x0000,17096
60E1D400__vs__60E32000_N3M5E,0x6fb18,MAF Scaling Y Axis,0x3F5C,0x3A83,1241
60E1D400__vs__60E32000_N3M5E,0x6fbd8,MAF Scaling,0x3FF9,0x0007,16370
60E1D400__vs__60E32000_N3M5E,0x6fcd8,Knock Margin - State Machine Threshold 1 vs RPM Y Axis,0x43FA,0x0007,17395
60E1D400__vs__60E32000_N3M5E,0x6fcf8,Knock Margin - State Machine Threshold 1 vs RPM,0x0000,0x0000,0
60E1D400__vs__60E32000_N3M5E,0x6fd00,Knock Margin - State Machine Threshold 2 vs RPM Y Axis,0x43FA,0x0007,17395
60E1D400__vs__60E32000_N3M5E,0x6fd20,Knock Margin - State Machine Threshold 2 vs RPM,0x0000,0x0007,-7
60E1D400__vs__60E32000_N3M5E,0x6fd28,Injector Barometric Pressure Compensation Y Axis,0x428C,0x0400,16012
60E1D400__vs__60E32000_N3M5E,0x6fd38,Injector Barometric Pressure Compensation,0x3FB3,0x0007,16300
60E1D400__vs__60E32000_N3M5E,0x6fd48,Lambda Sensor Scaling Y Axis,0xBFA6,0x3B80,33830
60E1D400__vs__60E32000_N3M5E,0x6fd74,Lambda Sensor Scaling,0x3F42,0x0007,16187
60E1D400__vs__60E32000_N3M5E,0x6fda0,Ignition - Load Based Spark 1 vs Load g/rev Y Axis,0x0000,0x0007,-7
60E1D400__vs__60E32000_N3M5E,0x6fde0,Ignition - Load Based Spark 1 vs Load g/rev,0x3C1D,0x3F00,-739
60E1D400__vs__60E32000_N3M5E,0x6fe20,Ignition - Load Based Spark 2 vs Load g/rev Y Axis,0x0000,0x0000,0
60E1D400__vs__60E32000_N3M5E,0x6fe60,Ignition - Load Based Spark 2 vs Load g/rev,0x3B90,0x3B48,72
60E1D400__vs__60E32000_N3M5E,0x6feb8,Off Throttle Fuel Cut - Fuel Resume - In Neutral Threshold9  Y Axis,0xC1A0,0x0007,49561
60E1D400__vs__60E32000_N3M5E,0x6fee4,Off Throttle Fuel Cut - Fuel Resume - In Neutral Threshold9,0x5974,0x0010,22884
60E1D400__vs__60E32000_N3M5E,0x6ffa8,IAT Sensor Scaling Y Axis,0x3E5A,0x0007,15955
60E1D400__vs__60E32000_N3M5E,0x6ffe8,IAT Sensor Scaling,0x42EE,0x0007,17127
60E1D400__vs__60E32000_N3M5E,0x7005c,MAF Filter Frequency Y Axis,0x0000,0x0007,-7
60E1D400__vs__60E32000_N3M5E,0x70084,MAF Filter Frequency,0x0E12,0x0800,1554
60E1D400__vs__60E32000_N3M5E,0x70090,IAT Filter Y Axis,0x0000,0x0007,-7
60E1D400__vs__60E32000_N3M5E,0x700b0,IAT Filter,0x6464,0x3C23,10305
60E1D400__vs__60E32000_N3M5E,0x700b8,CLT Filter Y Axis,0x43C8,0x0009,17343
60E1D400__vs__60E32000_N3M5E,0x700e0,CLT Filter,0xA0A0,0x0004,41116
60E1D400__vs__60E32000_N3M5E,0x700ec,Load Signal Y Axis,0xC220,0x0007,49689
60E1D400__vs__60E32000_N3M5E,0x70110,Load Signal,0x1860,0x0000,6240
60E1D400__vs__60E32000_N3M5E,0x701f0,Barometric Pressure Adjustment Y Axis,0x0000,0x000D,-13
60E1D400__vs__60E32000_N3M5E,0x70230,Barometric Pressure Adjustment,0xA497,0xBF80,-6889
60E1D400__vs__60E32000_N3M5E,0x70240,O2 Switch Y Axis,0x0000,0x0007,-7
60E1D400__vs__60E32000_N3M5E,0x70264,O2 Switch,0x6060,0x0009,24663
60E1D400__vs__60E32000_N3M5E,0x70270,Fuel - Fuel Trim Learn - Coolant Temperature Threshold Y Axis,0x4248,0x3C00,1608
60E1D400__vs__60E32000_N3M5E,0x7027c,Fuel - Fuel Trim Learn - Coolant Temperature Threshold,0x0000,0x0007,-7
60E1D400__vs__60E32000_N3M5E,0x70280,TPS Deadband Y Axis,0x0000,0x0007,-7
60E1D400__vs__60E32000_N3M5E,0x702a4,TPS Deadband,0xA0A0,0xC248,-8616
60E1D400__vs__60E32000_N3M5E,0x702b0,Ignition - Timing Angle Ramp 1 vs RPM Y Axis,0x4448,0x0007,17473
60E1D400__vs__60E32000_N3M5E,0x702cc,Ignition - Timing Angle Ramp 1 vs RPM,0x0D1B,0x0007,3348
60E1D400__vs__60E32000_N3M5E,0x702d4,Ignition - Timing Angle Ramp 2 vs RPM Y Axis,0x4448,0x0800,15432
60E1D400__vs__60E32000_N3M5E,0x702f0,Ignition - Timing Angle Ramp 2 vs RPM,0x0D1B,0x0800,1307
60E1D400__vs__60E32000_N3M5E,0x702f8,(Unknown - init_control_values) Y Axis,0xC1F0,0x0000,49648
60E1D400__vs__60E32000_N3M5E,0x70334,(Unknown - init_control_values),0x0000,0x0007,-7
60E1D400__vs__60E32000_N3M5E,0x70344,Ignition - Coolant Temp Correction vs Coolant Temp Y Axis,0xC1F0,0x0019,49623
60E1D400__vs__60E32000_N3M5E,0x70380,Ignition - Coolant Temp Correction vs Coolant Temp,0x31B5,0x0018,12701
60E1D400__vs__60E32000_N3M5E,0x703a0,Load Smoothing Y Axis,0x453B,0x0007,17716
60E1D400__vs__60E32000_N3M5E,0x703bc,Load Smoothing,0x2A30,0x0007,10793
60E1D400__vs__60E32000_N3M5E,0x703cc,Transmission Load Control - Threshold 1 vs Throttle/Load Y Axis,0x0000,0x0008,-8
60E1D400__vs__60E32000_N3M5E,0x703e4,Transmission Load Control - Threshold 1 vs Throttle/Load,0x0000,0x0007,-7
60E1D400__vs__60E32000_N3M5E,0x703f0,Transmission Load Control - Threshold 2 vs Throttle/Load Y Axis,0x0000,0x0007,-7
60E1D400__vs__60E32000_N3M5E,0x70414,Transmission Load Control - Threshold 2 vs Throttle/Load,0x001F,0x0007,24
60E1D400__vs__60E32000_N3M5E,0x70428,Transmission Load Control - Threshold 3 vs Throttle/Load Y Axis,0x0000,0x3B80,-15232
60E1D400__vs__60E32000_N3M5E,0x70468,Transmission Load Control - Threshold 3 vs Throttle/Load,0x0001,0x0800,-2047
60E1D400__vs__60E32000_N3M5E,0x70488,Fuel Feedback - Decay Curve 1 vs Load Fraction Y Axis,0x0000,0x3F80,-16256
60E1D400__vs__60E32000_N3M5E,0x70504,Fuel Feedback - Decay Curve 1 vs Load Fraction,0x3F80,0x0007,16249
60E1D400__vs__60E32000_N3M5E,0x70580,Fuel Feedback - Decay Curve 2 vs Load Fraction Y Axis,0x0000,0x0007,-7
60E1D400__vs__60E32000_N3M5E,0x705fc,Fuel Feedback - Decay Curve 2 vs Load Fraction,0x3F80,0x0800,14208
60E1D400__vs__60E32000_N3M5E,0x70678,Fuel Feedback - Decay Curve 3 vs Load Fraction Y Axis,0x0000,0x3C23,-15395
60E1D400__vs__60E32000_N3M5E,0x706f4,Fuel Feedback - Decay Curve 3 vs Load Fraction,0x3F80,0x0009,16247
60E1D400__vs__60E32000_N3M5E,0x70770,Fuel Feedback - Decay Curve 4 (u8 copy) vs Load Fraction Y Axis,0x0000,0x0006,-6
60E1D400__vs__60E32000_N3M5E,0x707ec,Fuel Feedback - Decay Curve 4 (u8 copy) vs Load Fraction,0x3F80,0x0000,16256
60E1D400__vs__60E32000_N3M5E,0x70868,Fuel - Long Term Fuel Trim - Load Correction Matrix X Axis,0x43FA,0x0000,17402
60E1D400__vs__60E32000_N3M5E,0x70888,Fuel - Long Term Fuel Trim - Load Correction Matrix Y Axis,0x3D80,0x000E,15730
60E1D400__vs__60E32000_N3M5E,0x708a8,Fuel - Long Term Fuel Trim - Load Correction Matrix,0x7A7A,0x0007,31347
60E1D400__vs__60E32000_N3M5E,0x708e8,Closed Loop WOT Enrichment?? X Axis,0x43FA,0x0007,17395
60E1D400__vs__60E32000_N3M5E,0x70918,Closed Loop WOT Enrichment?? Y Axis,0x425C,0x0000,16988
60E1D400__vs__60E32000_N3M5E,0x70924,Closed Loop WOT Enrichment??,0x0000,0x0007,-7
60E1D400__vs__60E32000_N3M5E,0x70948,Fuel Control (Map) X Axis,0x3FA3,0x0007,16284
60E1D400__vs__60E32000_N3M5E,0x7097c,Fuel Control (Map) Y Axis,0x4448,0x0000,17480
60E1D400__vs__60E32000_N3M5E,0x70998,Fuel Control (Map),0x130B,0x0007,4868
60E1D400__vs__60E32000_N3M5E,0x70a50,Fuel Control (Map) 2 X Axis,0x3FA3,0x0007,16284
60E1D400__vs__60E32000_N3M5E,0x70a84,Fuel Control (Map) 2 Y Axis,0x4448,0x0000,17480
60E1D400__vs__60E32000_N3M5E,0x70aa0,Fuel Control (Map) 2,0x0133,0x0000,307
60E1D400__vs__60E32000_N3M5E,0x70b58,Transmission Load Control (Map) X Axis,0x41A0,0x0007,16793
60E1D400__vs__60E32000_N3M5E,0x70b78,Transmission Load Control (Map) Y Axis,0x3DCC,0x003A,15762
60E1D400__vs__60E32000_N3M5E,0x70b9c,Transmission Load Control (Map),0x2710,0x0007,9993
60E1D400__vs__60E32000_N3M5E,0x70c2c,Transmission Load Control (Map) 2 X Axis,0x41A0,0x0000,16800
60E1D400__vs__60E32000_N3M5E,0x70c4c,Transmission Load Control (Map) 2 Y Axis,0x3DCC,0x0007,15813
60E1D400__vs__60E32000_N3M5E,0x70c70,Transmission Load Control (Map) 2,0x2710,0x3800,-4336
60E1D400__vs__60E32000_N3M5E,0x70d00,Transmission Load Control (Map) 3 X Axis,0x41A0,0x0010,16784
60E1D400__vs__60E32000_N3M5E,0x70d20,Transmission Load Control (Map) 3 Y Axis,0x3E05,0x364C,1977
60E1D400__vs__60E32000_N3M5E,0x70d44,Transmission Load Control (Map) 3,0x28F0,0x0007,10473
60E1D400__vs__60E32000_N3M5E,0x70dd4,Fuel Enrichment Control (Map) X Axis,0x43FA,0x0007,17395
60E1D400__vs__60E32000_N3M5E,0x70e04,Fuel Enrichment Control (Map) Y Axis,0x3DCC,0x0003,15817
60E1D400__vs__60E32000_N3M5E,0x70e44,Fuel Enrichment Control (Map),0x2328,0x0007,8993
60E1D400__vs__60E32000_N3M5E,0x70fc4,Fuel Enrichment Control (Map) 2 X Axis,0x43FA,0x000A,17392
60E1D400__vs__60E32000_N3M5E,0x70ff4,Fuel Enrichment Control (Map) 2 Y Axis,0x3DCC,0x0007,15813
60E1D400__vs__60E32000_N3M5E,0x71034,Fuel Enrichment Control (Map) 2,0x2328,0x3980,-5720
60E1D400__vs__60E32000_N3M5E,0x711b4,Vtec Timing Control (Map) X Axis,0x3FA3,0x0004,16287
60E1D400__vs__60E32000_N3M5E,0x711e8,Vtec Timing Control (Map) Y Axis,0x4448,0x0007,17473
60E1D400__vs__60E32000_N3M5E,0x71204,Vtec Timing Control (Map),0x27D8,0x0007,10193
60E1D400__vs__60E32000_N3M5E,0x712bc,Vtec Timing Control (Map) 2 X Axis,0x3FA3,0x0000,16291
60E1D400__vs__60E32000_N3M5E,0x712f0,Vtec Timing Control (Map) 2 Y Axis,0x4448,0x0018,17456
60E1D400__vs__60E32000_N3M5E,0x7130c,Vtec Timing Control (Map) 2,0x27D8,0x0009,10191
60E1D400__vs__60E32000_N3M5E,0x713c4,Transmission Load Control (Map) 4 X Axis,0x0000,0x0000,0
60E1D400__vs__60E32000_N3M5E,0x713ec,Transmission Load Control (Map) 4 Y Axis,0xC220,0x0000,49696
60E1D400__vs__60E32000_N3M5E,0x71408,Transmission Load Control (Map) 4,0x0000,0x0007,-7
60E1D400__vs__60E32000_N3M5E,0x7158c,(Unknown - wankel_rotary_control) Y Axis,0x0000,0xFFFF,-65535
60E1D400__vs__60E32000_N3M5E,0x715bc,(Unknown - wankel_rotary_control),0x3333,0xFFFF,-52428
60E1D400__vs__60E32000_N3M5E,0x715c8,(Unknown - wankel_rotary_control) 2 Y Axis,0x0000,0x3036,-12342
60E1D400__vs__60E32000_N3M5E,0x715f8,(Unknown - wankel_rotary_control) 2,0x3333,0xFFFF,-52428
60E1D400__vs__60E32000_N3M5E,0x71604,(Unknown - wankel_rotary_control) 3 Y Axis,0x0000,0x0AC0,-2752
60E1D400__vs__60E32000_N3M5E,0x71634,(Unknown - wankel_rotary_control) 3,0x0A0A,0x000E,2556
60E1D400__vs__60E32000_N3M5E,0x71640,Secondary Fuel (Map) Y Axis,0x0000,0x11EB,-4587
60E1D400__vs__60E32000_N3M5E,0x71664,Secondary Fuel (Map),0x0000,0x000F,-15
60E1D400__vs__60E32000_N3M5E,0x71670,Secondary Fuel (Map) 2 Y Axis,0x0000,0x0100,-256
60E1D400__vs__60E32000_N3M5E,0x71694,Secondary Fuel (Map) 2,0x0000,0x43FA,-17402
60E1D400__vs__60E32000_N3M5E,0x716a0,Secondary Fuel (Map) 3 Y Axis,0x0000,0x4110,-16656
60E1D400__vs__60E32000_N3M5E,0x716c4,Secondary Fuel (Map) 3,0x1E1E,0x4589,-10091
60E1D400__vs__60E32000_N3M5E,0x716d0,Secondary Fuel (Map) 4 Y Axis,0x0000,0x45AF,-17839
60E1D400__vs__60E32000_N3M5E,0x716f4,Secondary Fuel (Map) 4,0x1E1E,0x1EFF,-225
60E1D400__vs__60E32000_N3M5E,0x71700,Obd Validation Check (Map) Y Axis,0x0000,0x0000,0
60E1D400__vs__60E32000_N3M5E,0x71724,Obd Validation Check (Map),0x1919,0x461C,-11523
60E1D400__vs__60E32000_N3M5E,0x71730,Obd Validation Check (Map) 2 Y Axis,0x0000,0x0000,0
60E1D400__vs__60E32000_N3M5E,0x71754,Obd Validation Check (Map) 2,0x1919,0x4496,-11133
60E1D400__vs__60E32000_N3M5E,0x71760,Fuel Trim - Update Step vs Throttle Position Y Axis,0x41A0,0x45FA,-1114
60E1D400__vs__60E32000_N3M5E,0x71784,Fuel Trim - Update Step vs Throttle Position,0x927C,0x44BB,19905
60E1D400__vs__60E32000_N3M5E,0x71798,Lambda Integration Time Constant Y Axis,0x0000,0x44BB,-17595
60E1D400__vs__60E32000_N3M5E,0x717bc,Lambda Integration Time Constant,0x03E8,0x0C0C,-2084
60E1D400__vs__60E32000_N3M5E,0x717d0,Lambda Parameter Y Axis,0x0000,0x4120,-16672
60E1D400__vs__60E32000_N3M5E,0x717f4,Lambda Parameter,0x03E8,0x0960,-1400
60E1D400__vs__60E32000_N3M5E,0x71808,Ignition Timing Output (Map) Y Axis,0x0000,0x449C,-17564
60E1D400__vs__60E32000_N3M5E,0x71828,Ignition Timing Output (Map),0x05DC,0x4040,-14948
60E1D400__vs__60E32000_N3M5E,0x71838,Ignition Timing Output (Map) 2 Y Axis,0x0000,0x380F,-14351
60E1D400__vs__60E32000_N3M5E,0x71868,Ignition Timing Output (Map) 2,0x0000,0x4220,-16928
60E1D400__vs__60E32000_N3M5E,0x71880,Rotary - Position Correction 1 vs Rotor Position Y Axis,0x0000,0x42C8,-17096
60E1D400__vs__60E32000_N3M5E,0x718b0,Rotary - Position Correction 1 vs Rotor Position,0xBCA3,0x463E,30309
60E1D400__vs__60E32000_N3M5E,0x718e0,Rotary - Position Correction 2 vs Rotor Position Y Axis,0x0000,0x463E,-17982
60E1D400__vs__60E32000_N3M5E,0x71910,Rotary - Position Correction 2 vs Rotor Position,0x3C23,0x40C0,-1181
60E1D400__vs__60E32000_N3M5E,0x71940,Rotary - Position Correction 3 vs Rotor Position Y Axis,0x0000,0x4000,-16384
60E1D400__vs__60E32000_N3M5E,0x71970,Rotary - Position Correction 3 vs Rotor Position,0xBCA3,0x08FF,45988
60E1D400__vs__60E32000_N3M5E,0x71a50,Sensor Validation Monitor (Map) Y Axis,0x43FA,0x3EC0,1338
60E1D400__vs__60E32000_N3M5E,0x71a78,Sensor Validation Monitor (Map),0x1717,0x6464,-19789
60E1D400__vs__60E32000_N3M5E,0x71a84,Sensor Validation - Threshold vs RPM Y Axis,0x447A,0x7569,-12527
60E1D400__vs__60E32000_N3M5E,0x71a98,Sensor Validation - Threshold vs RPM,0x005E,0x666B,-26125
60E1D400__vs__60E32000_N3M5E,0x71aa4,Sensor Validation Monitor (Map) 2 Y Axis,0x3DCC,0x525B,-5263
60E1D400__vs__60E32000_N3M5E,0x71acc,Sensor Validation Monitor (Map) 2,0x02BC,0x3F20,-15460
60E1D400__vs__60E32000_N3M5E,0x71ae0,Sensor Validation Monitor (Map) 3 Y Axis,0x3DCC,0x3F70,-420
60E1D400__vs__60E32000_N3M5E,0x71b08,Sensor Validation Monitor (Map) 3,0x0FA0,0x459C,-13820
60E1D400__vs__60E32000_N3M5E,0x71b1c,Adaptive Control - Constant vs RPM Y Axis,0x4448,0x45EA,-418
60E1D400__vs__60E32000_N3M5E,0x71b44,Adaptive Control - Constant vs RPM,0x009C,0x8783,-34535
60E1D400__vs__60E32000_N3M5E,0x71b58,Combustion Control - Constant vs Load Fraction Y Axis,0x0000,0x6E6E,-28270
60E1D400__vs__60E32000_N3M5E,0x71b70,Combustion Control - Constant vs Load Fraction,0x0138,0x9994,-39004
60E1D400__vs__60E32000_N3M5E,0x71b7c,Engine Load Control - Threshold vs Load Fraction Y Axis,0x0000,0xA9A1,-43425
60E1D400__vs__60E32000_N3M5E,0x71b94,Engine Load Control - Threshold vs Load Fraction,0x061A,0xB7B7,-45469
60E1D400__vs__60E32000_N3M5E,0x71cac,Fuelling - Safe Mode Y Axis,0x4220,0x447A,-602
60E1D400__vs__60E32000_N3M5E,0x71cd0,Fuelling - Safe Mode,0x8080,0x45AB,15061
60E1D400__vs__60E32000_N3M5E,0x71cdc,Fuelling 0 Y Axis,0x4220,0x45DA,-954
60E1D400__vs__60E32000_N3M5E,0x71ce0,Fuelling 0,0x80FF,0x45EA,15125
60E1D400__vs__60E32000_N3M5E,0x71ce4,Fuelling 1 Y Axis,0xC220,0x45FA,31782
60E1D400__vs__60E32000_N3M5E,0x71d00,Fuelling 1,0x8080,0x3A3A,17990
60E1D400__vs__60E32000_N3M5E,0x71d08,Fuelling 2 - Safe Mode Y Axis,0x4220,0x7D73,-15187
60E1D400__vs__60E32000_N3M5E,0x71d2c,Fuelling 2 - Safe Mode,0x8080,0x5653,10797
60E1D400__vs__60E32000_N3M5E,0x71d38,Fuelling 3 Y Axis,0x4220,0x6A5E,-10302
60E1D400__vs__60E32000_N3M5E,0x71d5c,Fuelling 3,0x8080,0xA69E,-9758
60E1D400__vs__60E32000_N3M5E,0x71d68,Fuelling 4 Y Axis,0xC220,0xA8AA,6518
60E1D400__vs__60E32000_N3M5E,0x71d84,Fuelling 4,0x8080,0xA5A5,-9509
60E1D400__vs__60E32000_N3M5E,0x71d8c,Fuelling 5 Y Axis,0x43FA,0x9384,-20362
60E1D400__vs__60E32000_N3M5E,0x71dd4,Fuelling 5,0xA5A5,0x451C,24713
60E1D400__vs__60E32000_N3M5E,0x71de8,Fuelling 6 Y Axis,0x43FA,0x0000,17402
60E1D400__vs__60E32000_N3M5E,0x71e30,Fuelling 6,0xA5A5,0x0000,42405
60E1D400__vs__60E32000_N3M5E,0x71e44,Fuelling 7 Y Axis,0x43FA,0xC1C8,-32206
60E1D400__vs__60E32000_N3M5E,0x71e8c,Fuelling 7,0xA5A5,0xC1A0,-7163
60E1D400__vs__60E32000_N3M5E,0x71ea0,Closed Loop Fuelling Threshold (Unknown A) Y Axis,0x443B,0x3F80,1211
60E1D400__vs__60E32000_N3M5E,0x71ed0,Closed Loop Fuelling Threshold (Unknown A),0x545A,0x0000,21594
60E1D400__vs__60E32000_N3M5E,0x71edc,Closed Loop Fuelling Threshold (Throttle Position)  Y Axis,0x43FA,0x0000,17402
60E1D400__vs__60E32000_N3M5E,0x71f28,Closed Loop Fuelling Threshold (Throttle Position),0x7878,0xC080,-18440
60E1D400__vs__60E32000_N3M5E,0x71f3c,Rotary Combustion Efficiency (Map) Y Axis,0x43FA,0x41A0,602
60E1D400__vs__60E32000_N3M5E,0x71f84,Rotary Combustion Efficiency (Map),0xF064,0x4461,44035
60E1D400__vs__60E32000_N3M5E,0x71f98,Sensors - MAF - Rotary Chamber Scalar Y Axis,0x43FA,0x44C8,-206
60E1D400__vs__60E32000_N3M5E,0x71f9c,Sensors - MAF - Rotary Chamber Scalar,0xFAFF,0x44D4,46635
60E1D400__vs__60E32000_N3M5E,0x71fa0,Wankel Chamber Pressure Analysis (Map) Y Axis,0x43FA,0x44D4,-218
60E1D400__vs__60E32000_N3M5E,0x71fe8,Wankel Chamber Pressure Analysis (Map),0xDCDC,0x005C,56448
60E1D400__vs__60E32000_N3M5E,0x71ffc,Fuel - Fuel Control - State Scalar Y Axis,0x43FA,0x01F4,16902
60E1D400__vs__60E32000_N3M5E,0x72000,Fuel - Fuel Control - State Scalar,0xFAFF,0x0271,63630
60E1D400__vs__60E32000_N3M5E,0x72004,Wankel Chamber Pressure Analysis (Map) 2 Y Axis,0x43FA,0x4080,890
60E1D400__vs__60E32000_N3M5E,0x7204c,Wankel Chamber Pressure Analysis (Map) 2,0xDCDC,0x4452,39050
60E1D400__vs__60E32000_N3M5E,0x72060,Sensors - Wankel - Chamber Pressure Scalar Y Axis,0x43FA,0x3EA3,1367
60E1D400__vs__60E32000_N3M5E,0x72064,Sensors - Wankel - Chamber Pressure Scalar,0xFAFF,0x0000,64255
60E1D400__vs__60E32000_N3M5E,0x72068,Fuelling 8 Y Axis,0x453B,0x3FCC,1391
60E1D400__vs__60E32000_N3M5E,0x72084,Fuelling 8,0x1A1A,0x444A,-10800
60E1D400__vs__60E32000_N3M5E,0x7208c,Closed/Open Loop - Threshold 1 vs RPM Y Axis,0x443B,0x444A,-15
60E1D400__vs__60E32000_N3M5E,0x720bc,Closed/Open Loop - Threshold 1 vs RPM,0x0000,0x444A,-17482
60E1D400__vs__60E32000_N3M5E,0x720d4,Closed/Open Loop - Scalar Threshold Y Axis,0x443B,0x4270,459
60E1D400__vs__60E32000_N3M5E,0x720d8,Closed/Open Loop - Scalar Threshold,0x009C,0x42A0,-16900
60E1D400__vs__60E32000_N3M5E,0x720dc,Closed/Open Loop - Threshold 2 vs RPM Y Axis,0x443B,0xAFAF,-27508
60E1D400__vs__60E32000_N3M5E,0x7210c,Closed/Open Loop - Threshold 2 vs RPM,0x0000,0xC1A0,-49568
60E1D400__vs__60E32000_N3M5E,0x72124,Closed/Open Loop - Threshold 3 vs RPM Y Axis,0x443B,0xB6B6,-29307
60E1D400__vs__60E32000_N3M5E,0x72154,Closed/Open Loop - Threshold 3 vs RPM,0x0000,0xC2C8,-49864
60E1D400__vs__60E32000_N3M5E,0x7216c,Knock Detection - Threshold 1 vs Coolant Temp Y Axis,0xC220,0xC120,256
60E1D400__vs__60E32000_N3M5E,0x72188,Knock Detection - Threshold 1 vs Coolant Temp,0x007D,0x4220,-16803
60E1D400__vs__60E32000_N3M5E,0x72198,Knock Detection - Threshold 2 vs Coolant Temp Y Axis,0xC220,0x4348,32472
60E1D400__vs__60E32000_N3M5E,0x721b4,Knock Detection - Threshold 2 vs Coolant Temp,0x007D,0x7FAE,-32561
60E1D400__vs__60E32000_N3M5E,0x721c4,Knock - Apex Seal Threshold vs RPM Y Axis,0x455A,0xC348,-32238
60E1D400__vs__60E32000_N3M5E,0x721d8,Knock - Apex Seal Threshold vs RPM,0x002C,0x42C8,-17052
60E1D400__vs__60E32000_N3M5E,0x721e4,Closed/Open Loop - Threshold 4 vs RPM Y Axis,0x453B,0x0003,17720
60E1D400__vs__60E32000_N3M5E,0x72200,Closed/Open Loop - Threshold 4 vs RPM,0x0010,0x4248,-16952
60E1D400__vs__60E32000_N3M5E,0x72210,Closed/Open Loop - Threshold 5 vs RPM Y Axis,0x453B,0x0100,17467
60E1D400__vs__60E32000_N3M5E,0x7222c,Closed/Open Loop - Threshold 5 vs RPM,0x0010,0x4220,-16912
60E1D400__vs__60E32000_N3M5E,0x7223c,Fuelling 9 - Safe Mode X Axis,0x43FA,0x0672,15752
60E1D400__vs__60E32000_N3M5E,0x7226c,Fuelling 9 - Safe Mode Y Axis,0x41A0,0x4220,-128
60E1D400__vs__60E32000_N3M5E,0x7228c,Fuelling 9 - Safe Mode,0x0000,0x03B6,-950
60E1D400__vs__60E32000_N3M5E,0x722ec,Fuelling 10 - Safe Mode X Axis,0x0000,0xC220,-49696
60E1D400__vs__60E32000_N3M5E,0x72340,Fuelling 10 - Safe Mode Y Axis,0x43FA,0x032A,16592
60E1D400__vs__60E32000_N3M5E,0x7238c,Fuelling 10 - Safe Mode,0x0000,0x2E27,-11815
60E1D400__vs__60E32000_N3M5E,0x7251c,Fuelling 11 X Axis,0x43FA,0x0021,17369
60E1D400__vs__60E32000_N3M5E,0x72520,Fuelling 11 Y Axis,0x41A0,0x0005,16795
60E1D400__vs__60E32000_N3M5E,0x72524,Fuelling 11,0x00FF,0x00FF,0
60E1D400__vs__60E32000_N3M5E,0x72528,Fuelling 12 X Axis,0x0000,0x7E7E,-32382
60E1D400__vs__60E32000_N3M5E,0x7252c,Fuelling 12 Y Axis,0x43FA,0x001F,17371
60E1D400__vs__60E32000_N3M5E,0x72530,Fuelling 12,0x00FF,0x409C,-16285
60E1D400__vs__60E32000_N3M5E,0x72534,Fuelling 13 - Safe Mode X Axis,0x43FA,0x43C8,50
60E1D400__vs__60E32000_N3M5E,0x72564,Fuelling 13 - Safe Mode Y Axis,0x41A0,0x450C,-876
60E1D400__vs__60E32000_N3M5E,0x72584,Fuelling 13 - Safe Mode,0x0000,0x42A0,-17056
60E1D400__vs__60E32000_N3M5E,0x725e4,Fuelling 14 - Safe mode X Axis,0x0000,0x3F40,-16192
60E1D400__vs__60E32000_N3M5E,0x72638,Fuelling 14 - Safe mode Y Axis,0x43FA,0x4141,697
60E1D400__vs__60E32000_N3M5E,0x72684,Fuelling 14 - Safe mode,0x0000,0x3430,-13360
60E1D400__vs__60E32000_N3M5E,0x72814,Fuelling 15 X Axis,0x43FA,0xA09B,-23713
60E1D400__vs__60E32000_N3M5E,0x72844,Fuelling 15 Y Axis,0x41A0,0x9E9C,-23804
60E1D400__vs__60E32000_N3M5E,0x72864,Fuelling 15,0x0000,0xA5A5,-42405
60E1D400__vs__60E32000_N3M5E,0x728c4,Fuelling 16 X Axis,0x0000,0x001F,-31
60E1D400__vs__60E32000_N3M5E,0x72918,Fuelling 16 Y Axis,0x43FA,0x0019,17377
60E1D400__vs__60E32000_N3M5E,0x72b38,Ignition - Adaptive Step vs RPM Y Axis,0x4448,0x4080,968
60E1D400__vs__60E32000_N3M5E,0x72b64,Ignition - Adaptive Step vs RPM,0x0008,0x3E87,-15999
60E1D400__vs__60E32000_N3M5E,0x72bfc,Temp Correction A Y Axis,0x0000,0x428C,-17036
60E1D400__vs__60E32000_N3M5E,0x72c20,Temp Correction A,0x1010,0x4202,-12786
60E1D400__vs__60E32000_N3M5E,0x72c2c,Temp Correction B Y Axis,0x0000,0x41B4,-16820
60E1D400__vs__60E32000_N3M5E,0x72c50,Temp Correction B,0x1010,0xC148,-45368
60E1D400__vs__60E32000_N3M5E,0x72c88,Ignition Leading - Idle Error Timing Correction - Unknown Bool False Y Axis,0xC2C8,0x405F,33385
60E1D400__vs__60E32000_N3M5E,0x72cac,Ignition Leading - Idle Error Timing Correction - Unknown Bool False,0x9C94,0x40A0,23540
60E1D400__vs__60E32000_N3M5E,0x72cb8,Ignition Leading - Idle Error Timing Correction - Unknown Bool True Y Axis,0xC2C8,0x40A0,33320
60E1D400__vs__60E32000_N3M5E,0x72cdc,Ignition Leading - Idle Error Timing Correction - Unknown Bool True,0x9C94,0x414B,23369
60E1D400__vs__60E32000_N3M5E,0x72ce8,Ignition Trailing - Idle Error Timing Correction - Unknown Bool False Y Axis,0xC2C8,0x42C8,32768
60E1D400__vs__60E32000_N3M5E,0x72d0c,Ignition Trailing - Idle Error Timing Correction - Unknown Bool False,0x9C94,0x3FD9,23739
60E1D400__vs__60E32000_N3M5E,0x72d18,Ignition Trailing - Idle Error Timing Correction - Unknown Bool True Y Axis,0xC2C8,0xC040,648
60E1D400__vs__60E32000_N3M5E,0x72d3c,Ignition Trailing - Idle Error Timing Correction - Unknown Bool True,0x9C94,0x41A0,23284
60E1D400__vs__60E32000_N3M5E,0x72d78,WOT Enrichment Threshold Y Axis,0x0000,0x42C8,-17096
60E1D400__vs__60E32000_N3M5E,0x72dd0,WOT Enrichment Threshold,0x8C8C,0x3FE6,19622
60E1D400__vs__60E32000_N3M5E,0x72de8,Cold Start Enrichment Threshold Y Axis,0x0000,0x4011,-16401
60E1D400__vs__60E32000_N3M5E,0x72e40,Cold Start Enrichment Threshold,0x8C8C,0x4093,19449
60E1D400__vs__60E32000_N3M5E,0x72e60,Ignition Leading/Trailing - Intake Air Temperature Compensation - On Throttle Y Axis,0x41A0,0x408F,273
60E1D400__vs__60E32000_N3M5E,0x72e84,Ignition Leading/Trailing - Intake Air Temperature Compensation - On Throttle,0x5050,0x413C,3860
60E1D400__vs__60E32000_N3M5E,0x72e90,Warm-up Enrichment B Y Axis,0x41A0,0x418D,19
60E1D400__vs__60E32000_N3M5E,0x72eb4,Warm-up Enrichment B,0x5050,0x4254,3580
60E1D400__vs__60E32000_N3M5E,0x72ec0,Dual Channel Fuel Computation (Map) Y Axis,0x0000,0x42A2,-17058
60E1D400__vs__60E32000_N3M5E,0x72edc,Dual Channel Fuel Computation (Map),0x0000,0x4330,-17200
60E1D400__vs__60E32000_N3M5E,0x72eec,Dual Channel Fuel Computation (Map) 2 Y Axis,0x0000,0x437F,-17279
60E1D400__vs__60E32000_N3M5E,0x72f08,Dual Channel Fuel Computation (Map) 2,0x0000,0x43B6,-17334
60E1D400__vs__60E32000_N3M5E,0x72f18,Dual Channel Fuel Computation (Map) 3 Y Axis,0x0000,0x4020,-16416
60E1D400__vs__60E32000_N3M5E,0x72f34,Dual Channel Fuel Computation (Map) 3,0x0000,0x3F80,-16256
60E1D400__vs__60E32000_N3M5E,0x72f4c,Secondary Fuel Trimmer (Map) Y Axis,0x0000,0x425C,-16988
60E1D400__vs__60E32000_N3M5E,0x72f64,Secondary Fuel Trimmer (Map),0x0672,0x4120,-15022
60E1D400__vs__60E32000_N3M5E,0x72f7c,DSC Mode C - Max Throttle Plate Opening Allowed Y Axis,0x0000,0x4220,-16928
60E1D400__vs__60E32000_N3M5E,0x72fc8,DSC Mode C - Max Throttle Plate Opening Allowed,0x1313,0x4170,-11869
60E1D400__vs__60E32000_N3M5E,0x72fdc,Torque To Accel Position X Axis,0x0000,0x4220,-16928
60E1D400__vs__60E32000_N3M5E,0x73044,Torque To Accel Position Y Axis,0x43FA,0x4248,434
60E1D400__vs__60E32000_N3M5E,0x73090,Torque To Accel Position,0x0021,0x41C8,-16807
60E1D400__vs__60E32000_N3M5E,0x7346c,Throttle Position To Torque X Axis,0x0000,0x3FA3,-16291
60E1D400__vs__60E32000_N3M5E,0x734a4,Throttle Position To Torque Y Axis,0x0000,0x434C,-17228
60E1D400__vs__60E32000_N3M5E,0x734f4,Throttle Position To Torque,0x8000,0x4274,15756
60E1D400__vs__60E32000_N3M5E,0x73768,Idle Speed Control Task (Map) Y Axis,0x428C,0x3C23,1641
60E1D400__vs__60E32000_N3M5E,0x73778,Idle Speed Control Task (Map),0x0002,0x3D4C,-15690
60E1D400__vs__60E32000_N3M5E,0x7377c,Idle Speed Control Task (Map) 2 Y Axis,0x0000,0x3D75,-15733
60E1D400__vs__60E32000_N3M5E,0x737bc,Idle Speed Control Task (Map) 2,0x0000,0x3F30,-16176
60E1D400__vs__60E32000_N3M5E,0x737dc,Idle Speed Control Task (Map) 3 X Axis,0x41F0,0x4080,368
60E1D400__vs__60E32000_N3M5E,0x737f8,Idle Speed Control Task (Map) 3 Y Axis,0x428C,0xAD48,-27324
60E1D400__vs__60E32000_N3M5E,0x73808,Idle Speed Control Task (Map) 3,0x0000,0x6F54,-28500
60E1D400__vs__60E32000_N3M5E,0x73824,Idle Speed Control Task (Map) 4 X Axis,0x41A0,0x3C23,1405
60E1D400__vs__60E32000_N3M5E,0x73848,Idle Speed Control Task (Map) 4 Y Axis,0x4416,0x3DCC,1610
60E1D400__vs__60E32000_N3M5E,0x7386c,Idle Speed Control Task (Map) 4,0x0022,0x3F00,-16094
60E1D400__vs__60E32000_N3M5E,0x738c0,(Unknown - fault_gated_float_out) X Axis,0x0000,0x7E2C,-32300
60E1D400__vs__60E32000_N3M5E,0x73900,(Unknown - fault_gated_float_out) Y Axis,0x0000,0x2710,-10000
60E1D400__vs__60E32000_N3M5E,0x7393c,(Unknown - fault_gated_float_out),0x000F,0x41A0,-16785
60E1D400__vs__60E32000_N3M5E,0x73b1c,(Unknown - float_map_3pt_calc) Y Axis,0x4030,0x130B,11557
60E1D400__vs__60E32000_N3M5E,0x73b70,(Unknown - float_map_3pt_calc),0x0005,0x028D,-648
60E1D400__vs__60E32000_N3M5E,0x73b88,(Unknown - float_map_3pt_calc) 2 Y Axis,0xC1F0,0x0400,48624
60E1D400__vs__60E32000_N3M5E,0x73bbc,(Unknown - float_map_3pt_calc) 2,0x6464,0x0500,24420
60E1D400__vs__60E32000_N3M5E,0x73bcc,(Unknown - float_map_3pt_calc) 3 Y Axis,0xC1F0,0x0480,48496
60E1D400__vs__60E32000_N3M5E,0x73c00,(Unknown - float_map_3pt_calc) 3,0x2D28,0x428C,-5476
60E1D400__vs__60E32000_N3M5E,0x73c24,Throttle - Pedal Position - Sensor Mode A Y Axis,0xC1A0,0x3EE0,33472
60E1D400__vs__60E32000_N3M5E,0x73c50,Throttle - Pedal Position - Sensor Mode A,0xC8C8,0x2A1C,40620
60E1D400__vs__60E32000_N3M5E,0x73c5c,Throttle - Pedal Position - Sensor Mode B Y Axis,0xC1A0,0x276A,39478
60E1D400__vs__60E32000_N3M5E,0x73c88,Throttle - Pedal Position - Sensor Mode B,0xC8C8,0x27CE,41210
60E1D400__vs__60E32000_N3M5E,0x73c94,Throttle - Pedal Position - Sensor Mode C Y Axis,0xC1A0,0x26E8,39608
60E1D400__vs__60E32000_N3M5E,0x73cc0,Throttle - Pedal Position - Sensor Mode C,0xB4B4,0x41A0,29460
60E1D400__vs__60E32000_N3M5E,0x73ccc,AFR Check - Threshold vs Coolant Temp Y Axis,0xC220,0x4248,32728
60E1D400__vs__60E32000_N3M5E,0x73ce8,AFR Check - Threshold vs Coolant Temp,0x00A6,0x3E4C,-15782
60E1D400__vs__60E32000_N3M5E,0x73cf8,Air Fuel Ratio Check (Map) Y Axis,0x447A,0x3EE0,1434
60E1D400__vs__60E32000_N3M5E,0x73d28,Air Fuel Ratio Check (Map),0x2710,0x2A30,-800
60E1D400__vs__60E32000_N3M5E,0x73d40,Throttle - Pedal Position - Load/RPM Correction Matrix X Axis,0x3E4C,0x283C,5648
60E1D400__vs__60E32000_N3M5E,0x73d54,Throttle - Pedal Position - Load/RPM Correction Matrix Y Axis,0x447A,0x27D8,7330
60E1D400__vs__60E32000_N3M5E,0x73d64,Throttle - Pedal Position - Load/RPM Correction Matrix,0xB4B4,0x26E8,36300
60E1D400__vs__60E32000_N3M5E,0x73da0,Acceleration Fuel Enrichment - Cold Y Axis,0x41A0,0x4248,-168
60E1D400__vs__60E32000_N3M5E,0x73db4,Acceleration Fuel Enrichment - Cold,0x64C8,0x3E05,9923
60E1D400__vs__60E32000_N3M5E,0x73dbc,Acceleration Fuel Enrichment - Warm Y Axis,0x4100,0x3E40,704
60E1D400__vs__60E32000_N3M5E,0x73dd0,Acceleration Fuel Enrichment - Warm,0x8080,0x3F00,16768
60E1D400__vs__60E32000_N3M5E,0x73dd8,Acceleration Fuel Enrichment - Hot Y Axis,0x0000,0x2AF8,-11000
60E1D400__vs__60E32000_N3M5E,0x73dec,Acceleration Fuel Enrichment - Hot,0x000A,0x27D8,-10190
60E1D400__vs__60E32000_N3M5E,0x73df4,Engine Load Calculation (Map) X Axis,0x0000,0x2774,-10100
60E1D400__vs__60E32000_N3M5E,0x73e20,Engine Load Calculation (Map) Y Axis,0xC120,0x2661,39615
60E1D400__vs__60E32000_N3M5E,0x73e3c,Engine Load Calculation (Map),0x1414,0x267A,-4710
60E1D400__vs__60E32000_N3M5E,0x73e8c,Engine Load Calculation (Map) 2 X Axis,0x447A,0x458C,-274
60E1D400__vs__60E32000_N3M5E,0x73ea4,Engine Load Calculation (Map) 2 Y Axis,0x3E4C,0x3E40,12
60E1D400__vs__60E32000_N3M5E,0x73ebc,Engine Load Calculation (Map) 2,0xB4B4,0x3F10,30116
60E1D400__vs__60E32000_N3M5E,0x73ee0,Knock Sensor Filter (Map) X Axis,0x0000,0x2710,-10000
60E1D400__vs__60E32000_N3M5E,0x73ef8,Knock Sensor Filter (Map) Y Axis,0xC220,0x2B2A,38646
60E1D400__vs__60E32000_N3M5E,0x73f14,Knock Sensor Filter (Map),0x0000,0x2756,-10070
60E1D400__vs__60E32000_N3M5E,0x73f6c,Maximum Throttle Angle,0x42A8,0x275A,6990
60E1D400__vs__60E32000_N3M5E,0x73f98,Throttle Pedal Percent Decreasing Filter Factor Y Axis,0x443B,0x2774,7367
60E1D400__vs__60E32000_N3M5E,0x73fb8,Throttle Pedal Percent Decreasing Filter Factor,0x2020,0x2740,-1824
60E1D400__vs__60E32000_N3M5E,0x73fc0,Ign Timing Limit Check (Map) Y Axis,0x443B,0x26F7,7492
60E1D400__vs__60E32000_N3M5E,0x73fe0,Ign Timing Limit Check (Map),0x2020,0x2742,-1826
60E1D400__vs__60E32000_N3M5E,0x73fe8,Ign Timing Limit Check (Map) 2 Y Axis,0x443B,0x2710,7467
60E1D400__vs__60E32000_N3M5E,0x74008,Ign Timing Limit Check (Map) 2,0x2020,0x26DE,-1726
60E1D400__vs__60E32000_N3M5E,0x74010,Ign Timing Limit Check (Map) 3 Y Axis,0x443B,0x26AC,7567
60E1D400__vs__60E32000_N3M5E,0x74030,Ign Timing Limit Check (Map) 3,0x2020,0x26AC,-1676
60E1D400__vs__60E32000_N3M5E,0x74038,Ign Timing Limit Check (Map) 4 Y Axis,0xC220,0x26AC,39796
60E1D400__vs__60E32000_N3M5E,0x74054,Ign Timing Limit Check (Map) 4,0x0000,0x26AC,-9900
60E1D400__vs__60E32000_N3M5E,0x7405c,Ign Timing Limit Check (Map) 5 Y Axis,0xC220,0x447A,32166
60E1D400__vs__60E32000_N3M5E,0x74078,Ign Timing Limit Check (Map) 5,0x0000,0x457A,-17786
60E1D400__vs__60E32000_N3M5E,0x74080,Ign Timing Limit Check (Map) 6 Y Axis,0x443B,0x3E05,1590
60E1D400__vs__60E32000_N3M5E,0x740ac,Ign Timing Limit Check (Map) 6,0x0A0A,0x3F40,-13622
60E1D400__vs__60E32000_N3M5E,0x740b8,Ign Timing Limit Check (Map) 7 Y Axis,0x443B,0x2710,7467
60E1D400__vs__60E32000_N3M5E,0x740e4,Ign Timing Limit Check (Map) 7,0x0606,0x26D4,-8398
60E1D400__vs__60E32000_N3M5E,0x740f0,Fuel Pressure Control (Map) Y Axis,0x443B,0x2701,7482
60E1D400__vs__60E32000_N3M5E,0x74110,Fuel Pressure Control (Map),0x0404,0x2688,-8836
60E1D400__vs__60E32000_N3M5E,0x74118,Fuel Pressure Control (Map) 2 Y Axis,0x443B,0x26FF,7484
60E1D400__vs__60E32000_N3M5E,0x74138,Fuel Pressure Control (Map) 2,0x0404,0x26BF,-8891
60E1D400__vs__60E32000_N3M5E,0x74140,Fuel Pressure Control (Map) 3 Y Axis,0x443B,0x26B2,7561
60E1D400__vs__60E32000_N3M5E,0x74160,Fuel Pressure Control (Map) 3,0x0404,0x26B8,-8884
60E1D400__vs__60E32000_N3M5E,0x74168,Fuel Pressure Control (Map) 4 Y Axis,0x443B,0x2758,7395
60E1D400__vs__60E32000_N3M5E,0x74188,Fuel Pressure Control (Map) 4,0x0404,0x26B8,-8884
60E1D400__vs__60E32000_N3M5E,0x74190,Fuel Pressure Control (Map) 5 Y Axis,0xC220,0x2710,39696
60E1D400__vs__60E32000_N3M5E,0x741ac,Fuel Pressure Control (Map) 5,0x0000,0x4743,-18243
60E1D400__vs__60E32000_N3M5E,0x741b4,Accel Pedal to Throttle Position #1 X Axis,0x0000,0x4776,-18294
60E1D400__vs__60E32000_N3M5E,0x74208,Accel Pedal to Throttle Position #1 Y Axis,0x0000,0x0000,0
60E1D400__vs__60E32000_N3M5E,0x74250,Accel Pedal to Throttle Position #1,0x0021,0x3D8F,-15726
60E1D400__vs__60E32000_N3M5E,0x74544,Accel Pedal to Throttle Position #2 X Axis,0x0000,0x4348,-17224
60E1D400__vs__60E32000_N3M5E,0x74598,Accel Pedal to Throttle Position #2 Y Axis,0x0000,0x1818,-6168
60E1D400__vs__60E32000_N3M5E,0x745e0,Accel Pedal to Throttle Position #2,0x0021,0x0FA0,-3967
60E1D400__vs__60E32000_N3M5E,0x748d4,Accel Pedal to Throttle Position #3 X Axis,0x0000,0x45AB,-17835
60E1D400__vs__60E32000_N3M5E,0x74928,Accel Pedal to Throttle Position #3 Y Axis,0x0000,0x005E,-94
60E1D400__vs__60E32000_N3M5E,0x74970,Accel Pedal to Throttle Position #3,0x0021,0x44BB,-17562
60E1D400__vs__60E32000_N3M5E,0x74c64,Accel Pedal to Throttle Position #4 X Axis,0x0000,0x45EA,-17898
60E1D400__vs__60E32000_N3M5E,0x74cb8,Accel Pedal to Throttle Position #4 Y Axis,0x0000,0x0000,0
60E1D400__vs__60E32000_N3M5E,0x74d00,Accel Pedal to Throttle Position #4,0x0021,0x0F11,-3824
60E1D400__vs__60E32000_N3M5E,0x75030,MAP Requested Load Y Axis,0xC220,0x429C,32644
60E1D400__vs__60E32000_N3M5E,0x75054,MAP Requested Load,0x0384,0x423B,-16055
60E1D400__vs__60E32000_N3M5E,0x75068,MAP Requested Load Smoothing Y Axis,0x43FA,0x02DA,16672
60E1D400__vs__60E32000_N3M5E,0x750b0,MAP Requested Load Smoothing,0x0084,0x3E80,-15868
60E1D400__vs__60E32000_N3M5E,0x750d4,Maximum Load Limit Y Axis,0xC220,0x451C,32004
60E1D400__vs__60E32000_N3M5E,0x750f8,Maximum Load Limit,0x0387,0x45DA,-16979
60E1D400__vs__60E32000_N3M5E,0x7510c,Idle Load Multiplier Y Axis,0xC220,0x1313,44813
60E1D400__vs__60E32000_N3M5E,0x75130,Idle Load Multiplier,0x0387,0x4220,-16025
60E1D400__vs__60E32000_N3M5E,0x75144,Fuel Injection - Cold Start Correction vs Coolant Temp Y Axis,0xC220,0x42B4,32620
60E1D400__vs__60E32000_N3M5E,0x75158,Fuel Injection - Cold Start Correction vs Coolant Temp,0x01F4,0x430C,-16664
60E1D400__vs__60E32000_N3M5E,0x752c4,Battery Temperature Model - Decay Amount Y Axis,0x0000,0x0DFA,-3578
60E1D400__vs__60E32000_N3M5E,0x752e0,Battery Temperature Model - Decay Amount,0x1C37,0x6B85,-20302
60E1D400__vs__60E32000_N3M5E,0x752e8,Desired Charge Voltage Y Axis,0xC220,0x0C2C,46580
60E1D400__vs__60E32000_N3M5E,0x7530c,Desired Charge Voltage,0x05D4,0x09B7,-995
60E1D400__vs__60E32000_N3M5E,0x75320,Alternator Duty Cycle Max Y Axis,0x447A,0x1646,11828
60E1D400__vs__60E32000_N3M5E,0x7534c,Alternator Duty Cycle Max,0x0348,0x19BE,-5750
60E1D400__vs__60E32000_N3M5E,0x75364,Alternator Diagnostic Voltage Delta to DC Y Axis,0x0000,0x0F5C,-3932
60E1D400__vs__60E32000_N3M5E,0x75398,Alternator Diagnostic Voltage Delta to DC,0x0000,0x179E,-6046
60E1D400__vs__60E32000_N3M5E,0x753b4,Fuel Integrated (Map) Y Axis,0xC220,0x0ECF,45905
60E1D400__vs__60E32000_N3M5E,0x753d8,Fuel Integrated (Map),0x0000,0x3810,-14352
60E1D400__vs__60E32000_N3M5E,0x753ec,Fuel Integrated (Map) 2 Y Axis,0xC220,0x1A2A,42998
60E1D400__vs__60E32000_N3M5E,0x75410,Fuel Integrated (Map) 2,0x0000,0x17F3,-6131
60E1D400__vs__60E32000_N3M5E,0x75424,Fuel Integrated (Map) 3 Y Axis,0xC220,0x2BAC,38516
60E1D400__vs__60E32000_N3M5E,0x75448,Fuel Integrated (Map) 3,0x0000,0x264C,-9804
60E1D400__vs__60E32000_N3M5E,0x7545c,Fuel Integrated (Map) 4 Y Axis,0xC220,0x15C6,44122
60E1D400__vs__60E32000_N3M5E,0x75480,Fuel Integrated (Map) 4,0x0000,0x6B85,-27525
60E1D400__vs__60E32000_N3M5E,0x75494,Alternator Voltage Delta - Diagnostic Request X Axis,0x447A,0x234A,8496
60E1D400__vs__60E32000_N3M5E,0x754c0,Alternator Voltage Delta - Diagnostic Request Y Axis,0x0000,0x4170,-16752
60E1D400__vs__60E32000_N3M5E,0x754f0,Alternator Voltage Delta - Diagnostic Request,0x2620,0x447A,-7770
60E1D400__vs__60E32000_N3M5E,0x75594,(Unknown - interp_bilinear_fpu_blend_v2) Y Axis,0xC0E3,0xC4B3,-976
60E1D400__vs__60E32000_N3M5E,0x755b8,(Unknown - interp_bilinear_fpu_blend_v2),0x806D,0xCC8D,-19488
60E1D400__vs__60E32000_N3M5E,0x755c4,(Unknown - interp_bilinear_fpu_blend) X Axis,0x3E23,0x9B5A,-23863
60E1D400__vs__60E32000_N3M5E,0x755ec,(Unknown - interp_bilinear_fpu_blend) Y Axis,0x4443,0xD600,-37309
60E1D400__vs__60E32000_N3M5E,0x75630,(Unknown - interp_bilinear_fpu_blend),0x1694,0x6CC0,-22060
60E1D400__vs__60E32000_N3M5E,0x75784,(Unknown - interp_bilinear_fpu_blend_v2) 2 X Axis,0x3E23,0x0000,15907
60E1D400__vs__60E32000_N3M5E,0x757ac,(Unknown - interp_bilinear_fpu_blend_v2) 2 Y Axis,0x4443,0x40A0,931
60E1D400__vs__60E32000_N3M5E,0x757f0,(Unknown - interp_bilinear_fpu_blend_v2) 2,0x1900,0x017C,6020
60E1D400__vs__60E32000_N3M5E,0x75984,(Unknown - fpu_mac_single) Y Axis,0x447A,0x0100,17274
60E1D400__vs__60E32000_N3M5E,0x759cc,(Unknown - fpu_mac_single),0x1D1D,0x00C7,7254
60E1D400__vs__60E32000_N3M5E,0x75a34,Utility - Saturation Index Ramp vs RPM Y Axis,0x0000,0x00DA,-218
60E1D400__vs__60E32000_N3M5E,0x75a78,Utility - Saturation Index Ramp vs RPM,0x0000,0x00FA,-250
60E1D400__vs__60E32000_N3M5E,0x75a9c,Utility - RPM Lookup by Index Y Axis,0x0000,0x0100,-256
60E1D400__vs__60E32000_N3M5E,0x75ae0,Utility - RPM Lookup by Index,0x444D,0x4104,841
60E1D400__vs__60E32000_N3M5E,0x75ba4,Sensor Range Limit - Constant vs Coolant Temp Y Axis,0xC1F0,0x0061,49551
60E1D400__vs__60E32000_N3M5E,0x75bbc,Sensor Range Limit - Constant vs Coolant Temp,0x0404,0x453B,-16695
60E1D400__vs__60E32000_N3M5E,0x75bc4,Rotor 1 Ignition Dwell Y Axis,0x4348,0x457A,-562
60E1D400__vs__60E32000_N3M5E,0x75bf8,Rotor 1 Ignition Dwell,0x01F4,0x3E40,-15436
60E1D400__vs__60E32000_N3M5E,0x75c14,Rotor 2 Ignition Dwell Y Axis,0x4348,0x64C8,-8576
60E1D400__vs__60E32000_N3M5E,0x75c48,Rotor 2 Ignition Dwell,0x01F4,0x459C,-17320
60E1D400__vs__60E32000_N3M5E,0x75cf8,CAN Faults - Fault Counter - Snapshot Matrix X Axis,0x0000,0xC120,-49440
60E1D400__vs__60E32000_N3M5E,0x75d0c,CAN Faults - Fault Counter - Snapshot Matrix Y Axis,0x0000,0x4248,-16968
60E1D400__vs__60E32000_N3M5E,0x75d5c,CAN Faults - Fault Counter - Snapshot Matrix,0x0000,0x3DCC,-15820
60E1D400__vs__60E32000_N3M5E,0x75dc0,(Unknown - fpu_div_dispatch) X Axis,0x447A,0x44BB,-65
60E1D400__vs__60E32000_N3M5E,0x75e04,(Unknown - fpu_div_dispatch) Y Axis,0x3F20,0x453B,-1563
60E1D400__vs__60E32000_N3M5E,0x75e10,(Unknown - fpu_div_dispatch),0x8000,0x45BB,14917
60E1D400__vs__60E32000_N3M5E,0x75e78,(Unknown - fpu_div_dispatch) 2 X Axis,0x447A,0x41A0,730
60E1D400__vs__60E32000_N3M5E,0x75ebc,(Unknown - fpu_div_dispatch) 2 Y Axis,0x3F20,0x0021,16127
60E1D400__vs__60E32000_N3M5E,0x75ec8,(Unknown - fpu_div_dispatch) 2,0x8000,0x0021,32735
60E1D400__vs__60E32000_N3M5E,0x75f30,(Unknown - fpu_div_dispatch) 3 X Axis,0x447A,0x0021,17497
60E1D400__vs__60E32000_N3M5E,0x75f74,(Unknown - fpu_div_dispatch) 3 Y Axis,0x3F20,0x0021,16127
60E1D400__vs__60E32000_N3M5E,0x75f80,(Unknown - fpu_div_dispatch) 3,0x8000,0x0B85,29819
60E1D400__vs__60E32000_N3M5E,0x75fec,Adaptive Fuel Trim (Map) Y Axis,0x43FA,0x1CCD,10029
60E1D400__vs__60E32000_N3M5E,0x76034,Adaptive Fuel Trim (Map),0x064D,0x28F6,-8873
60E1D400__vs__60E32000_N3M5E,0x76058,Adaptive Fuel Trim (Map) 2 Y Axis,0x0000,0x2F5C,-12124
60E1D400__vs__60E32000_N3M5E,0x7607c,Adaptive Fuel Trim (Map) 2,0x0080,0x3C29,-15273
60E1D400__vs__60E32000_N3M5E,0x76090,Transient Fuel Comp (Map) Y Axis,0x44C8,0x47AE,-742
60E1D400__vs__60E32000_N3M5E,0x760a4,Transient Fuel Comp (Map),0x0991,0x47AE,-15901
60E1D400__vs__60E32000_N3M5E,0x760b0,Ignition Timing Leading - DSC Mode A - Base X Axis,0x3D80,0x5333,-5555
60E1D400__vs__60E32000_N3M5E,0x760f8,Ignition Timing Leading - DSC Mode A - Base Y Axis,0x43FA,0x6B85,-10123
60E1D400__vs__60E32000_N3M5E,0x76144,Ignition Timing Leading - DSC Mode A - Base,0x8A8A,0x45CB,17599
60E1D400__vs__60E32000_N3M5E,0x7629c,(Unknown - fpu_div_speed_normalize) X Axis,0x3D80,0x15A2,10206
60E1D400__vs__60E32000_N3M5E,0x762e4,(Unknown - fpu_div_speed_normalize) Y Axis,0x43FA,0x2148,8882
60E1D400__vs__60E32000_N3M5E,0x76330,(Unknown - fpu_div_speed_normalize),0x00AF,0x0021,142
60E1D400__vs__60E32000_N3M5E,0x765dc,Engine Torque X Axis,0x3D80,0x0021,15711
60E1D400__vs__60E32000_N3M5E,0x76624,Engine Torque Y Axis,0x43FA,0x33D7,4131
60E1D400__vs__60E32000_N3M5E,0x76670,Engine Torque,0x0000,0x4A1D,-18973
60E1D400__vs__60E32000_N3M5E,0x7691c,(Unknown - fpu_div_correction_factor) X Axis,0xC220,0x32B0,36720
60E1D400__vs__60E32000_N3M5E,0x7693c,(Unknown - fpu_div_correction_factor) Y Axis,0x43FA,0x3EFA,1280
60E1D400__vs__60E32000_N3M5E,0x76988,(Unknown - fpu_div_correction_factor),0x0BCD,0x553F,-18802
60E1D400__vs__60E32000_N3M5E,0x76ab8,(Unknown - divide_float_write_to) X Axis,0x4270,0x4270,0
60E1D400__vs__60E32000_N3M5E,0x76acc,(Unknown - divide_float_write_to) Y Axis,0x3E4C,0x03C5,14983
60E1D400__vs__60E32000_N3M5E,0x76ad8,(Unknown - divide_float_write_to),0xB073,0x0457,44060
60E1D400__vs__60E32000_N3M5E,0x76b18,(Unknown - math_accumulator) Y Axis,0xC220,0xC1A0,128
60E1D400__vs__60E32000_N3M5E,0x76b28,(Unknown - math_accumulator),0x030E,0x0177,407
60E1D400__vs__60E32000_N3M5E,0x76bc8,Torque Limit - Multipoint Curve 1 vs Torque Error Y Axis,0xC180,0x37A7,35289
60E1D400__vs__60E32000_N3M5E,0x76c2c,Torque Limit - Multipoint Curve 1 vs Torque Error,0x42BF,0x3F80,831
60E1D400__vs__60E32000_N3M5E,0x76c90,Torque Limit - Multipoint Curve 2 vs Torque Error Y Axis,0xC180,0x0000,49536
60E1D400__vs__60E32000_N3M5E,0x76cf4,Torque Limit - Multipoint Curve 2 vs Torque Error,0x42BF,0x056E,15697
60E1D400__vs__60E32000_N3M5E,0x76d58,Torque Limit - Multipoint Curve 3 vs Torque Error Y Axis,0xC180,0x3FC8,33208
60E1D400__vs__60E32000_N3M5E,0x76dbc,Torque Limit - Multipoint Curve 3 vs Torque Error,0x42BF,0x459C,-733
60E1D400__vs__60E32000_N3M5E,0x76e20,Torque Limit - Multipoint Curve 4 vs Torque Error Y Axis,0xC180,0x3331,36431
60E1D400__vs__60E32000_N3M5E,0x76e84,Torque Limit - Multipoint Curve 4 vs Torque Error,0x42BF,0x0000,17087
60E1D400__vs__60E32000_N3M5E,0x76ee8,Torque Limit - Multipoint Curve 5 vs Torque Error Y Axis,0xC180,0x3F8C,33268
60E1D400__vs__60E32000_N3M5E,0x76f4c,Torque Limit - Multipoint Curve 5 vs Torque Error,0x42BF,0x1EBB,9220
60E1D400__vs__60E32000_N3M5E,0x76fb0,Torque Compensation - Curve 1 vs Torque Error Y Axis,0xC180,0x0B1F,46689
60E1D400__vs__60E32000_N3M5E,0x7702c,Torque Compensation - Curve 1 vs Torque Error,0x3E99,0x076C,14125
60E1D400__vs__60E32000_N3M5E,0x770a8,Torque Compensation - Curve 2 vs Torque Error Y Axis,0xC180,0x3F8C,33268
60E1D400__vs__60E32000_N3M5E,0x77124,Torque Compensation - Curve 2 vs Torque Error,0x3E99,0x6A00,-11111
60E1D400__vs__60E32000_N3M5E,0x771a0,Torque Compensation - Curve 3 vs Torque Error Y Axis,0xC180,0x2900,39040
60E1D400__vs__60E32000_N3M5E,0x7721c,Torque Compensation - Curve 3 vs Torque Error,0x3E19,0x0E00,12313
60E1D400__vs__60E32000_N3M5E,0x77298,Torque Compensation - Curve 4 vs Torque Error Y Axis,0xC180,0x453B,31813
60E1D400__vs__60E32000_N3M5E,0x77314,Torque Compensation - Curve 4 vs Torque Error,0x3E19,0x3F86,-365
60E1D400__vs__60E32000_N3M5E,0x77390,Torque Compensation - Curve 5 vs Torque Error Y Axis,0xC180,0x000C,49524
60E1D400__vs__60E32000_N3M5E,0x7740c,Torque Compensation - Curve 5 vs Torque Error,0x3E19,0x45CB,-1970
60E1D400__vs__60E32000_N3M5E,0x77488,Torque Limit Multipoint (Map) X Axis,0x41A0,0x0000,16800
60E1D400__vs__60E32000_N3M5E,0x774ac,Torque Limit Multipoint (Map) Y Axis,0x4000,0xC120,-33056
60E1D400__vs__60E32000_N3M5E,0x774c0,Torque Limit Multipoint (Map),0x41A0,0x0404,15772
60E1D400__vs__60E32000_N3M5E,0x77574,Faults - Diagnostic - Level Matrix X Axis,0x41A0,0x41B4,-20
60E1D400__vs__60E32000_N3M5E,0x7759c,Faults - Diagnostic - Level Matrix Y Axis,0x4000,0x4250,-592
60E1D400__vs__60E32000_N3M5E,0x775b0,Faults - Diagnostic - Level Matrix,0x411C,0x3F00,540
60E1D400__vs__60E32000_N3M5E,0x77678,Faults - Diagnostic - Level Matrix 2 X Axis,0x41A0,0x4CCD,-2861
60E1D400__vs__60E32000_N3M5E,0x77680,Faults - Diagnostic - Level Matrix 2 Y Axis,0x4000,0x457A,-1402
60E1D400__vs__60E32000_N3M5E,0x77694,Faults - Diagnostic - Level Matrix 2,0x0000,0x3F60,-16224
60E1D400__vs__60E32000_N3M5E,0x776bc,Faults - Diagnostic - Level Matrix 3 X Axis,0x41A0,0x44BB,-795
60E1D400__vs__60E32000_N3M5E,0x776c4,Faults - Diagnostic - Level Matrix 3 Y Axis,0x4000,0x451C,-1308
60E1D400__vs__60E32000_N3M5E,0x776d8,Faults - Diagnostic - Level Matrix 3,0x0000,0x459C,-17820
60E1D400__vs__60E32000_N3M5E,0x77700,Faults - Diagnostic - Level Matrix 4 X Axis,0x41A0,0x0D66,13370
60E1D400__vs__60E32000_N3M5E,0x77724,Faults - Diagnostic - Level Matrix 4 Y Axis,0x4000,0x4148,-328
60E1D400__vs__60E32000_N3M5E,0x77738,Faults - Diagnostic - Level Matrix 4,0x41A0,0x4296,-246
60E1D400__vs__60E32000_N3M5E,0x777ec,Faults - Diagnostic - Level Matrix 5 X Axis,0x0000,0x45EA,-17898
60E1D400__vs__60E32000_N3M5E,0x77800,Faults - Diagnostic - Level Matrix 5 Y Axis,0x4000,0x6363,-9059
60E1D400__vs__60E32000_N3M5E,0x77814,Faults - Diagnostic - Level Matrix 5,0x42C8,0x6161,-7833
60E1D400__vs__60E32000_N3M5E,0x778ec,Cooling - Fan - Engage Threshold Y Axis,0x0000,0xA5A4,-42404
60E1D400__vs__60E32000_N3M5E,0x778f0,Cooling - Fan - Engage Threshold,0x10FF,0xA19C,-37021
60E1D400__vs__60E32000_N3M5E,0x778f4,Cooling - Fan - Disengage Threshold Y Axis,0x0000,0x9B9B,-39835
60E1D400__vs__60E32000_N3M5E,0x778f8,Cooling - Fan - Disengage Threshold,0x00FF,0x3E80,-15745
60E1D400__vs__60E32000_N3M5E,0x778fc,Engine On Time Threshold Y Axis,0xC220,0x3EA0,33664
60E1D400__vs__60E32000_N3M5E,0x77920,Engine On Time Threshold,0x0271,0x3F60,-15599
60E1D400__vs__60E32000_N3M5E,0x779b8,(Unknown - conditional_fpu_accumulate_handler) Y Axis,0x4283,0x00DF,16804
60E1D400__vs__60E32000_N3M5E,0x779d8,(Unknown - conditional_fpu_accumulate_handler),0x6464,0x00FD,25447
60E1D400__vs__60E32000_N3M5E,0x779e0,(Unknown - conditional_fpu_accumulate_handler) 2 Y Axis,0x4138,0x01B8,16256
60E1D400__vs__60E32000_N3M5E,0x779fc,(Unknown - conditional_fpu_accumulate_handler) 2,0x0000,0x01F6,-502
60E1D400__vs__60E32000_N3M5E,0x77a0c,(Unknown - conditional_fpu_accumulate_handler) 3 Y Axis,0x4138,0x016A,16334
60E1D400__vs__60E32000_N3M5E,0x77a28,(Unknown - conditional_fpu_accumulate_handler) 3,0x0000,0x0130,-304
60E1D400__vs__60E32000_N3M5E,0x77a44,Primary Injector Weighted Engine Temp Multiplier X Axis,0xC220,0x0187,49305
60E1D400__vs__60E32000_N3M5E,0x77a70,Primary Injector Weighted Engine Temp Multiplier Y Axis,0x3E00,0x0138,15560
60E1D400__vs__60E32000_N3M5E,0x77a9c,Primary Injector Weighted Engine Temp Multiplier,0x4040,0x01BC,16004
60E1D400__vs__60E32000_N3M5E,0x77b18,Secondary 1 Injector Weighted Engine Temp Multiplier X Axis,0xC220,0x01CA,49238
60E1D400__vs__60E32000_N3M5E,0x77b1c,Secondary 1 Injector Weighted Engine Temp Multiplier Y Axis,0x3E00,0x0155,15531
60E1D400__vs__60E32000_N3M5E,0x77b20,Secondary 1 Injector Weighted Engine Temp Multiplier,0x40FF,0x00A0,16479
60E1D400__vs__60E32000_N3M5E,0x77b24,Secondary 2 Injector Weighted Engine Temp Multiplier X Axis,0xC220,0x00FD,49443
60E1D400__vs__60E32000_N3M5E,0x77b28,Secondary 2 Injector Weighted Engine Temp Multiplier Y Axis,0x3E00,0x013B,15557
60E1D400__vs__60E32000_N3M5E,0x77b2c,Secondary 2 Injector Weighted Engine Temp Multiplier,0x40FF,0x0138,16327
60E1D400__vs__60E32000_N3M5E,0x77b34,(Unknown - fpu_multiply_accumulate_store) Y Axis,0x4270,0x009A,16854
60E1D400__vs__60E32000_N3M5E,0x77b44,(Unknown - fpu_multiply_accumulate_store),0x2456,0x0156,8960
60E1D400__vs__60E32000_N3M5E,0x77b4c,Injector Manifold Vacuum Multiplier Y Axis,0xC1F0,0x0138,49336
60E1D400__vs__60E32000_N3M5E,0x77b90,Injector Manifold Vacuum Multiplier,0x28B7,0x3F00,-5705
60E1D400__vs__60E32000_N3M5E,0x77bb4,Estimated Manifold Pressure X Axis,0x447A,0x443B,63
60E1D400__vs__60E32000_N3M5E,0x77bf8,Estimated Manifold Pressure Y Axis,0x3D80,0x0000,15744
60E1D400__vs__60E32000_N3M5E,0x77c48,Estimated Manifold Pressure,0x0EE6,0x484D,-14695
60E1D400__vs__60E32000_N3M5E,0x77ef0,Injector Latency Secondary X Axis,0xC17D,0x1226,44887
60E1D400__vs__60E32000_N3M5E,0x77f34,Injector Latency Secondary Y Axis,0x40D0,0x3133,3997
60E1D400__vs__60E32000_N3M5E,0x77f58,Injector Latency Secondary,0x0C64,0x2FDA,-9078
60E1D400__vs__60E32000_N3M5E,0x7808c,Injector Latency Primary X Axis,0xC17D,0x42C8,32437
60E1D400__vs__60E32000_N3M5E,0x780d0,Injector Latency Primary Y Axis,0x40D0,0x0000,16592
60E1D400__vs__60E32000_N3M5E,0x780f4,Injector Latency Primary,0x0AC0,0x40E0,-13856
60E1D400__vs__60E32000_N3M5E,0x78284,Coil Output Timing (Map) Y Axis,0x4270,0x40E0,400
60E1D400__vs__60E32000_N3M5E,0x7829c,Coil Output Timing (Map),0x202E,0x423E,-8720
60E1D400__vs__60E32000_N3M5E,0x782a4,Coil Output Timing (Map) 2 Y Axis,0x4282,0x420B,119
60E1D400__vs__60E32000_N3M5E,0x782b8,Coil Output Timing (Map) 2,0x4C80,0x40D3,2989
60E1D400__vs__60E32000_N3M5E,0x782c0,Fuel Injection - Startup - Injector Pulse Width Multiplier Y Axis,0x4282,0x400C,630
60E1D400__vs__60E32000_N3M5E,0x782c4,Fuel Injection - Startup - Injector Pulse Width Multiplier,0x80FF,0x0000,33023
60E1D400__vs__60E32000_N3M5E,0x782c8,(Unknown - conditional_fpu_calc) Y Axis,0x41A8,0xC00C,-32356
60E1D400__vs__60E32000_N3M5E,0x782d4,(Unknown - conditional_fpu_calc),0x8000,0xC11C,-16668
60E1D400__vs__60E32000_N3M5E,0x782d8,FPU - Correction Constant vs Coolant Temp Y Axis,0xC220,0xC180,160
60E1D400__vs__60E32000_N3M5E,0x782e4,FPU - Correction Constant vs Coolant Temp,0xEAEA,0xC20B,10463
60E1D400__vs__60E32000_N3M5E,0x782e8,Injector Deadtime Primary Y Axis,0xC1F0,0xC225,-53
60E1D400__vs__60E32000_N3M5E,0x78318,Injector Deadtime Primary,0x60A4,0xC000,-24412
60E1D400__vs__60E32000_N3M5E,0x78330,Primary Fuel Injector Cranking Pulse Width Y Axis,0xC1F0,0x3F80,33392
60E1D400__vs__60E32000_N3M5E,0x78364,Primary Fuel Injector Cranking Pulse Width,0x60A4,0x423E,7782
60E1D400__vs__60E32000_N3M5E,0x783a0,Primary Injector Size,0x43B8,0xC180,-32200
60E1D400__vs__60E32000_N3M5E,0x783a8,Secondary Injector Size,0x43ED,0xC1E5,-32248
60E1D400__vs__60E32000_N3M5E,0x783b0,Secondary Injector Size #2,0x43ED,0xC225,-32312
60E1D400__vs__60E32000_N3M5E,0x78418,(Unknown - massive_fpu_control_calc) Y Axis,0x447A,0x4100,890
60E1D400__vs__60E32000_N3M5E,0x7845c,(Unknown - massive_fpu_control_calc),0x1414,0xC08C,-44152
60E1D400__vs__60E32000_N3M5E,0x78470,Primary Injector Max Barometric Pressure Correction Y Axis,0x4256,0xC1E5,-32655
60E1D400__vs__60E32000_N3M5E,0x78490,Primary Injector Max Barometric Pressure Correction,0x2F41,0xBECC,-36747
60E1D400__vs__60E32000_N3M5E,0x78498,FPU - Adaptive Correction vs Coolant Temp Y Axis,0xC220,0x0000,49696
60E1D400__vs__60E32000_N3M5E,0x784bc,FPU - Adaptive Correction vs Coolant Temp,0x1E1E,0x3FE6,-8648
60E1D400__vs__60E32000_N3M5E,0x784c8,FPU - Correction Step 1 vs Coolant Temp Y Axis,0xC1A0,0x4080,33056
60E1D400__vs__60E32000_N3M5E,0x784d4,FPU - Correction Step 1 vs Coolant Temp,0x0000,0x40E0,-16608
60E1D400__vs__60E32000_N3M5E,0x784d8,FPU - Correction Step 2 vs Coolant Temp Y Axis,0xC1A0,0x4100,32928
60E1D400__vs__60E32000_N3M5E,0x784e4,FPU - Correction Step 2 vs Coolant Temp,0x0000,0x4180,-16768
60E1D400__vs__60E32000_N3M5E,0x784e8,Primary Fuel Injector Pulse Width Control Y Axis,0xC220,0x3E99,33671
60E1D400__vs__60E32000_N3M5E,0x7850c,Primary Fuel Injector Pulse Width Control,0x0505,0xBE8C,-47495
60E1D400__vs__60E32000_N3M5E,0x78518,Secondary Fuel Injector Minimum Pulse Width Y Axis,0xC220,0xBEB3,877
60E1D400__vs__60E32000_N3M5E,0x7853c,Secondary Fuel Injector Minimum Pulse Width,0x1A1A,0xC0C0,-42662
60E1D400__vs__60E32000_N3M5E,0x78548,(Unknown - complex_adaptive_fpu_calc) Y Axis,0xC220,0xBF99,647
60E1D400__vs__60E32000_N3M5E,0x7856c,(Unknown - complex_adaptive_fpu_calc),0x1A1A,0x3F80,-9574
60E1D400__vs__60E32000_N3M5E,0x78578,(Unknown - complex_fpu_compare_calc) Y Axis,0xC220,0x3FCC,33364
60E1D400__vs__60E32000_N3M5E,0x7859c,(Unknown - complex_fpu_compare_calc),0x8A00,0x4110,18672
60E1D400__vs__60E32000_N3M5E,0x785b0,Calculate Fuel Amount Per Rotation Min Max (Map) Y Axis,0x447A,0x3E4C,1582
60E1D400__vs__60E32000_N3M5E,0x785f4,Calculate Fuel Amount Per Rotation Min Max (Map),0xAF00,0xC000,-4352
60E1D400__vs__60E32000_N3M5E,0x78618,Secondary Injectors Allowed Threshold - Coolant Temperature Based Y Axis,0xC220,0x0000,49696
60E1D400__vs__60E32000_N3M5E,0x7863c,Secondary Injectors Allowed Threshold - Coolant Temperature Based,0x0BB8,0x3FE6,-13358
60E1D400__vs__60E32000_N3M5E,0x78650,Engine Load Compensation X Axis,0x43FA,0x40C0,826
60E1D400__vs__60E32000_N3M5E,0x78698,Engine Load Compensation Y Axis,0x3E00,0xBEB3,-32947
60E1D400__vs__60E32000_N3M5E,0x786e8,Engine Load Compensation,0x55C3,0x3F4C,5751
60E1D400__vs__60E32000_N3M5E,0x789d0,(Unknown - extensive_table_based_fpu_calc) Y Axis,0xC170,0xBF99,471
60E1D400__vs__60E32000_N3M5E,0x78a00,(Unknown - extensive_table_based_fpu_calc),0x0000,0x42C8,-17096
60E1D400__vs__60E32000_N3M5E,0x78a0c,(Unknown - extensive_table_based_fpu_calc) 2 Y Axis,0x428C,0x4320,-148
60E1D400__vs__60E32000_N3M5E,0x78a30,(Unknown - extensive_table_based_fpu_calc) 2,0x6464,0x4220,8772
60E1D400__vs__60E32000_N3M5E,0x78a3c,(Unknown - extensive_table_based_fpu_calc) 3 Y Axis,0xC170,0x4220,32592
60E1D400__vs__60E32000_N3M5E,0x78a6c,(Unknown - extensive_table_based_fpu_calc) 3,0x0000,0x4270,-17008
60E1D400__vs__60E32000_N3M5E,0x78a78,(Unknown - extensive_table_based_fpu_calc) 4 Y Axis,0x428C,0x42A0,-20
60E1D400__vs__60E32000_N3M5E,0x78a9c,(Unknown - extensive_table_based_fpu_calc) 4,0x6464,0x42B4,8624
60E1D400__vs__60E32000_N3M5E,0x78aa8,(Unknown - extensive_table_based_fpu_calc) 5 Y Axis,0xC170,0x4270,32512
60E1D400__vs__60E32000_N3M5E,0x78ad8,(Unknown - extensive_table_based_fpu_calc) 5,0x0000,0x003E,-62
60E1D400__vs__60E32000_N3M5E,0x78ae4,(Unknown - extensive_table_based_fpu_calc) 6 Y Axis,0x428C,0x003E,16974
60E1D400__vs__60E32000_N3M5E,0x78b08,(Unknown - extensive_table_based_fpu_calc) 6,0x6464,0x41A0,8900
60E1D400__vs__60E32000_N3M5E,0x78b14,(Unknown - extensive_table_based_fpu_calc) 7 Y Axis,0x3D80,0x4100,-896
60E1D400__vs__60E32000_N3M5E,0x78b38,(Unknown - extensive_table_based_fpu_calc) 7,0x6464,0x3FF8,9324
60E1D400__vs__60E32000_N3M5E,0x78b44,(Unknown - complex_fpu_div_sqrt_accumulate) Y Axis,0x4100,0x41A0,-160
60E1D400__vs__60E32000_N3M5E,0x78b68,(Unknown - complex_fpu_div_sqrt_accumulate),0x6464,0x42C2,8610
60E1D400__vs__60E32000_N3M5E,0x78b74,Auxiliary Port Valve - Schedule - Condition Table Y Axis,0x4100,0x4040,192
60E1D400__vs__60E32000_N3M5E,0x78ba0,Auxiliary Port Valve - Schedule - Condition Table,0x0000,0x3DCC,-15820
60E1D400__vs__60E32000_N3M5E,0x78bb8,(Unknown - conditional_fpu_multi_flag_selector) Y Axis,0xC170,0x40A0,32976
60E1D400__vs__60E32000_N3M5E,0x78be8,(Unknown - conditional_fpu_multi_flag_selector),0x0050,0x4138,-16616
60E1D400__vs__60E32000_N3M5E,0x78c4c,(Unknown - extensive_fpu_threshold_and_calc) Y Axis,0xC220,0x3E75,33707
60E1D400__vs__60E32000_N3M5E,0x78c68,(Unknown - extensive_fpu_threshold_and_calc),0x0050,0x42DC,-17036
60E1D400__vs__60E32000_N3M5E,0x78c70,Cruise Control - Set Speed - Condition Threshold Y Axis,0x428C,0x3E99,1011
60E1D400__vs__60E32000_N3M5E,0x78c74,Cruise Control - Set Speed - Condition Threshold,0x00FF,0x3EA6,-15783
60E1D400__vs__60E32000_N3M5E,0x78c78,Secondary Air Pump On Time Y Axis,0xC1A0,0x4046,33114
60E1D400__vs__60E32000_N3M5E,0x78c94,Secondary Air Pump On Time,0x0000,0x4270,-17008
60E1D400__vs__60E32000_N3M5E,0x78cc0,Auxillary Valve Close,0x45BE,0x41A0,1054
60E1D400__vs__60E32000_N3M5E,0x78d9c,Max Load - Intake Temperature Compensation Y Axis,0xC220,0x3F90,33424
60E1D400__vs__60E32000_N3M5E,0x78dc0,Max Load - Intake Temperature Compensation,0x031B,0x09CD,-1714
60E1D400__vs__60E32000_N3M5E,0x78dd4,Engine Torque Max - Barometric Pressure Compensation Y Axis,0x4220,0x174D,10963
60E1D400__vs__60E32000_N3M5E,0x78df8,Engine Torque Max - Barometric Pressure Compensation,0x09E4,0x1900,-3868
60E1D400__vs__60E32000_N3M5E,0x78edc,Minimum Oil Injection Amount Y Axis,0x0000,0x57CD,-22477
60E1D400__vs__60E32000_N3M5E,0x78f00,Minimum Oil Injection Amount,0x3C1E,0x5AE6,-7880
60E1D400__vs__60E32000_N3M5E,0x78f0c,Intake Air Temperature Based Oil Injection Amount Y Axis,0x41F0,0x4B00,-2320
60E1D400__vs__60E32000_N3M5E,0x78f24,Intake Air Temperature Based Oil Injection Amount,0x1616,0x5B9A,-17796
60E1D400__vs__60E32000_N3M5E,0x78f2c,Manifold Pressure Based Oil Injection Amount Y Axis,0x41F0,0x559A,-5034
60E1D400__vs__60E32000_N3M5E,0x78f44,Manifold Pressure Based Oil Injection Amount,0x6464,0x6680,-540
60E1D400__vs__60E32000_N3M5E,0x78f4c,Unknown - Zero Table vs Coolant Temp Y Axis,0xC1A0,0x5C9A,25862
60E1D400__vs__60E32000_N3M5E,0x78f78,Unknown - Zero Table vs Coolant Temp,0x0000,0x59CD,-22989
60E1D400__vs__60E32000_N3M5E,0x78f84,Load Based Oil Injection Temperature Correction Y Axis,0x42B4,0x6AB3,-10239
60E1D400__vs__60E32000_N3M5E,0x78f90,Load Based Oil Injection Temperature Correction,0x03E9,0x65E6,-25085
60E1D400__vs__60E32000_N3M5E,0x78f98,First Start Oil Injection Timer Y Axis,0x41F0,0x5C4D,-6749
60E1D400__vs__60E32000_N3M5E,0x78fb0,First Start Oil Injection Timer,0x0000,0x63B3,-25523
60E1D400__vs__60E32000_N3M5E,0x78fbc,Unknown - Dual-Level Table vs Axis Y Axis,0x0000,0x6466,-25702
60E1D400__vs__60E32000_N3M5E,0x78fd4,Unknown - Dual-Level Table vs Axis,0x4100,0x681A,-10010
60E1D400__vs__60E32000_N3M5E,0x78fec,Exhaust Port - Duty Step vs Index Y Axis,0x0000,0x6980,-27008
60E1D400__vs__60E32000_N3M5E,0x79004,Exhaust Port - Duty Step vs Index,0x0000,0x64E6,-25830
60E1D400__vs__60E32000_N3M5E,0x7901c,Unknown - Table vs Axis Y Axis,0x40A0,0x6D9A,-11514
60E1D400__vs__60E32000_N3M5E,0x79028,Unknown - Table vs Axis,0x4120,0x6D9A,-11386
60E1D400__vs__60E32000_N3M5E,0x79034,Oil Metering By Load X Axis,0x442F,0x671A,-8939
60E1D400__vs__60E32000_N3M5E,0x79080,Oil Metering By Load Y Axis,0x3D80,0x429E,-1310
60E1D400__vs__60E32000_N3M5E,0x790c4,Oil Metering By Load,0x0303,0x0C8C,-2441
60E1D400__vs__60E32000_N3M5E,0x79208,Oil Metering By Throttle X Axis,0x442F,0x421E,529
60E1D400__vs__60E32000_N3M5E,0x79254,Oil Metering By Throttle Y Axis,0x4270,0x0AC0,14256
60E1D400__vs__60E32000_N3M5E,0x79264,Oil Metering By Throttle,0x0000,0x0BC5,-3013
60E1D400__vs__60E32000_N3M5E,0x792b0,Barometric Pressure Based Oil Injection Amount X Axis,0x44BB,0x0619,16034
60E1D400__vs__60E32000_N3M5E,0x792c8,Barometric Pressure Based Oil Injection Amount Y Axis,0x42AA,0x046B,15935
60E1D400__vs__60E32000_N3M5E,0x792dc,Barometric Pressure Based Oil Injection Amount,0x2828,0x0313,9493
60E1D400__vs__60E32000_N3M5E,0x7930c,Fuel Injection - Warmup Fueling - Load Based Multiplier Y Axis,0x3E00,0x02AD,15187
60E1D400__vs__60E32000_N3M5E,0x79334,Fuel Injection - Warmup Fueling - Load Based Multiplier,0x4040,0x0233,15885
60E1D400__vs__60E32000_N3M5E,0x79340,Fuel Injection - Warmup Fueling X Axis,0xC220,0x026B,49077
60E1D400__vs__60E32000_N3M5E,0x79380,Fuel Injection - Warmup Fueling Y Axis,0xC1A0,0x018D,49171
60E1D400__vs__60E32000_N3M5E,0x7938c,Fuel Injection - Warmup Fueling,0x4B41,0x0000,19265
60E1D400__vs__60E32000_N3M5E,0x793bc,Fuel Injection - Warmup Fueling - Engine Speed Based X Axis,0x447A,0x3E4C,1582
60E1D400__vs__60E32000_N3M5E,0x793d0,Fuel Injection - Warmup Fueling - Engine Speed Based Y Axis,0x40A0,0x3F00,416
60E1D400__vs__60E32000_N3M5E,0x793e4,Fuel Injection - Warmup Fueling - Engine Speed Based,0x1216,0x4270,-12378
60E1D400__vs__60E32000_N3M5E,0x79400,Fuel Injection - Warmup Fueling - Engine Speed Based (Coolant Temp Fault) X Axis,0x43FA,0x5180,-3462
60E1D400__vs__60E32000_N3M5E,0x7941c,Fuel Injection - Warmup Fueling - Engine Speed Based (Coolant Temp Fault) Y Axis,0xC220,0x80FF,16673
60E1D400__vs__60E32000_N3M5E,0x79434,Fuel Injection - Warmup Fueling - Engine Speed Based (Coolant Temp Fault),0x0A0A,0x8000,-30198
60E1D400__vs__60E32000_N3M5E,0x79470,(Unknown - extensive_fpu_div_multi_calc) Y Axis,0xC220,0x428C,32660
60E1D400__vs__60E32000_N3M5E,0x794b0,(Unknown - extensive_fpu_div_multi_calc),0x001E,0x4220,-16898
60E1D400__vs__60E32000_N3M5E,0x794d0,(Unknown - extensive_fpu_div_multi_calc) 2 Y Axis,0xC220,0x15F4,44076
60E1D400__vs__60E32000_N3M5E,0x79510,(Unknown - extensive_fpu_div_multi_calc) 2,0x0014,0x43ED,-17369
60E1D400__vs__60E32000_N3M5E,0x79530,(Unknown - fpu_div_conditional_calc) X Axis,0xC220,0x3CA3,34173
60E1D400__vs__60E32000_N3M5E,0x79570,(Unknown - fpu_div_conditional_calc) Y Axis,0x4220,0x3D98,1160
60E1D400__vs__60E32000_N3M5E,0x79584,(Unknown - fpu_div_conditional_calc),0x0000,0x457A,-17786
60E1D400__vs__60E32000_N3M5E,0x795d4,(Unknown - fpu_div_conditional_calc) 2 X Axis,0xC1A0,0x1E0F,41873
60E1D400__vs__60E32000_N3M5E,0x79614,(Unknown - fpu_div_conditional_calc) 2 Y Axis,0x4220,0x03FF,15905
60E1D400__vs__60E32000_N3M5E,0x79628,(Unknown - fpu_div_conditional_calc) 2,0x2626,0x429F,-7289
60E1D400__vs__60E32000_N3M5E,0x796bc,(Unknown - extensive_fpu_threshold_calc) Y Axis,0xC180,0x9600,11136
60E1D400__vs__60E32000_N3M5E,0x796e8,(Unknown - extensive_fpu_threshold_calc),0x9682,0x0BB8,35530
60E1D400__vs__60E32000_N3M5E,0x796f4,(Unknown - extensive_fpu_threshold_calc) 2 Y Axis,0xC180,0x447A,32006
60E1D400__vs__60E32000_N3M5E,0x79728,(Unknown - extensive_fpu_threshold_calc) 2,0x07F8,0x45EA,-15858
60E1D400__vs__60E32000_N3M5E,0x79770,Secondary Fuel Blend Transition RPM Y Axis,0xC220,0x3F77,33449
60E1D400__vs__60E32000_N3M5E,0x79790,Secondary Fuel Blend Transition RPM,0x7D64,0x4E05,12127
60E1D400__vs__60E32000_N3M5E,0x79798,Ignition Leading - Cranking Timing Advance Y Axis,0xC1A0,0x3B6F,34353
60E1D400__vs__60E32000_N3M5E,0x797c8,Ignition Leading - Cranking Timing Advance,0x3232,0x4873,-5697
60E1D400__vs__60E32000_N3M5E,0x797d4,Rotor A/B Fuel Pulse Width Limiter Y Axis,0x0000,0x4392,-17298
60E1D400__vs__60E32000_N3M5E,0x79814,Rotor A/B Fuel Pulse Width Limiter,0x6D0A,0x4F8D,7549
60E1D400__vs__60E32000_N3M5E,0x798a4,Secondary Injectors Enable Temperature Y Axis,0x44FA,0x598C,-5266
60E1D400__vs__60E32000_N3M5E,0x798b8,Secondary Injectors Enable Temperature,0x6C6C,0x48F6,9078
60E1D400__vs__60E32000_N3M5E,0x798c0,Secondary Injectors Disable Temperature Y Axis,0x44FA,0x449C,94
60E1D400__vs__60E32000_N3M5E,0x798d0,Secondary Injectors Disable Temperature,0x6C76,0x3624,13906
60E1D400__vs__60E32000_N3M5E,0x798d4,Knock Retard Max - Knock Sensor Faulted Y Axis,0x44FA,0x3A55,2725
60E1D400__vs__60E32000_N3M5E,0x798e8,Knock Retard Max - Knock Sensor Faulted,0x6C6C,0x3CEE,12158
60E1D400__vs__60E32000_N3M5E,0x798f0,Rotor A/B Fuel Trim Y Axis,0x44FA,0x49EE,-1268
60E1D400__vs__60E32000_N3M5E,0x79920,Rotor A/B Fuel Trim,0x6C6C,0x45A2,9930
60E1D400__vs__60E32000_N3M5E,0x7992c,Rotor A/B Fuel Trim 2 Y Axis,0x44FA,0x38D5,3109
60E1D400__vs__60E32000_N3M5E,0x7995c,Rotor A/B Fuel Trim 2,0x8080,0x49EE,13970
60E1D400__vs__60E32000_N3M5E,0x79980,Deceleration Fuel Cutoff Rate Y Axis,0x3E00,0x49EE,-3054
60E1D400__vs__60E32000_N3M5E,0x799a0,Deceleration Fuel Cutoff Rate,0x0014,0x598C,-22904
60E1D400__vs__60E32000_N3M5E,0x799a8,Deceleration Fuel Cutoff Recovery Y Axis,0xBDC0,0x3EB4,32524
60E1D400__vs__60E32000_N3M5E,0x799b8,Deceleration Fuel Cutoff Recovery,0x1D4C,0x2CBA,-3950
60E1D400__vs__60E32000_N3M5E,0x799c0,Fuel Pressure Regulator Duty Low Y Axis,0xBED0,0x349C,35380
60E1D400__vs__60E32000_N3M5E,0x799f8,Fuel Pressure Regulator Duty Low,0x2710,0x420C,-6908
60E1D400__vs__60E32000_N3M5E,0x79a14,Fuel Pressure Regulator Duty High Y Axis,0xBED0,0x3EB4,32796
60E1D400__vs__60E32000_N3M5E,0x79a1c,Fuel Pressure Regulator Duty High,0x13D6,0x420C,-11830
60E1D400__vs__60E32000_N3M5E,0x79a20,Fuel Pressure Regulator (3D) X Axis,0x43FA,0x3724,3286
60E1D400__vs__60E32000_N3M5E,0x79a38,Fuel Pressure Regulator (3D) Y Axis,0xC220,0x3EB4,33644
60E1D400__vs__60E32000_N3M5E,0x79a54,Fuel Pressure Regulator (3D),0x059A,0x01FF,923
60E1D400__vs__60E32000_N3M5E,0x79aa8,Fuel Pressure Regulator Compensation (3D) X Axis,0x44BB,0x42CA,497
60E1D400__vs__60E32000_N3M5E,0x79ab8,Fuel Pressure Regulator Compensation (3D) Y Axis,0xC220,0x409F,33153
60E1D400__vs__60E32000_N3M5E,0x79ad4,Fuel Pressure Regulator Compensation (3D),0x1366,0x409F,-11577
60E1D400__vs__60E32000_N3M5E,0x79b0c,Fuel Pressure Regulator Compensation 2 (3D) X Axis,0x44BB,0x3EE6,1493
60E1D400__vs__60E32000_N3M5E,0x79b2c,Fuel Pressure Regulator Compensation 2 (3D) Y Axis,0xC220,0x4150,32976
60E1D400__vs__60E32000_N3M5E,0x79b48,Fuel Pressure Regulator Compensation 2 (3D),0x1E00,0x0000,7680
60E1D400__vs__60E32000_N3M5E,0x79bf0,(Unknown - fpu_calc_with_state_routing) Y Axis,0x3E00,0x7878,-14968
60E1D400__vs__60E32000_N3M5E,0x79c18,(Unknown - fpu_calc_with_state_routing),0x8C3C,0x0753,34025
60E1D400__vs__60E32000_N3M5E,0x79c24,(Unknown - state_dispatch_with_interpolate) Y Axis,0x0000,0x0032,-50
60E1D400__vs__60E32000_N3M5E,0x79c48,(Unknown - state_dispatch_with_interpolate),0x1E32,0x3FF0,-8638
60E1D400__vs__60E32000_N3M5E,0x79c54,Get Engine Startup Enrich Value (Map) Y Axis,0xC220,0x453B,31973
60E1D400__vs__60E32000_N3M5E,0x79c74,Get Engine Startup Enrich Value (Map),0x503C,0x4148,3828
60E1D400__vs__60E32000_N3M5E,0x79c7c,(Unknown - fpu_calc_with_state_routing) 2 Y Axis,0x0000,0x00FF,-255
60E1D400__vs__60E32000_N3M5E,0x79cb4,(Unknown - fpu_calc_with_state_routing) 2,0x0000,0x3C93,-15507
60E1D400__vs__60E32000_N3M5E,0x79cd0,(Unknown - fpu_calc_conditional_branch) Y Axis,0x0000,0x0000,0
60E1D400__vs__60E32000_N3M5E,0x79d08,(Unknown - fpu_calc_conditional_branch),0x0000,0x0000,0
60E1D400__vs__60E32000_N3M5E,0x79d24,(Unknown - fpu_calc_with_state_transition) Y Axis,0x0000,0x031B,-795
60E1D400__vs__60E32000_N3M5E,0x79d5c,(Unknown - fpu_calc_with_state_transition),0x0000,0x09E4,-2532
60E1D400__vs__60E32000_N3M5E,0x79d78,(Unknown - fpu_calc_with_state_routing) 3 X Axis,0x43FA,0x0104,17142
60E1D400__vs__60E32000_N3M5E,0x79d90,(Unknown - fpu_calc_with_state_routing) 3 Y Axis,0xC220,0x41A0,32896
60E1D400__vs__60E32000_N3M5E,0x79dac,(Unknown - fpu_calc_with_state_routing) 3,0x147B,0x3F4C,-10961
60E1D400__vs__60E32000_N3M5E,0x79e00,(Unknown - fpu_calc_with_state_routing) 4 X Axis,0x447A,0x42C8,434
60E1D400__vs__60E32000_N3M5E,0x79e14,(Unknown - fpu_calc_with_state_routing) 4 Y Axis,0x40A0,0xC220,-33152
60E1D400__vs__60E32000_N3M5E,0x79e30,(Unknown - fpu_calc_with_state_routing) 4,0x278D,0x42C8,-6971
60E1D400__vs__60E32000_N3M5E,0x79e78,(Unknown - fpu_calc_conditional_branch) 2 X Axis,0x43FA,0x0076,17284
60E1D400__vs__60E32000_N3M5E,0x79e90,(Unknown - fpu_calc_conditional_branch) 2 Y Axis,0xC220,0xC220,0
60E1D400__vs__60E32000_N3M5E,0x79eac,(Unknown - fpu_calc_conditional_branch) 2,0x72D9,0x41F0,12521
60E1D400__vs__60E32000_N3M5E,0x79f00,(Unknown - fpu_calc_conditional_branch) 3 X Axis,0x447A,0x451C,-162
60E1D400__vs__60E32000_N3M5E,0x79f14,(Unknown - fpu_calc_conditional_branch) 3 Y Axis,0x40A0,0x459C,-1276
60E1D400__vs__60E32000_N3M5E,0x79f2c,(Unknown - fpu_calc_conditional_branch) 3,0xA82E,0x42A0,25998
60E1D400__vs__60E32000_N3M5E,0x79f68,(Unknown - fpu_calc_with_state_transition) 2 X Axis,0x447A,0x34BC,4030
60E1D400__vs__60E32000_N3M5E,0x79f7c,(Unknown - fpu_calc_with_state_transition) 2 Y Axis,0x40A0,0x17D4,10444
60E1D400__vs__60E32000_N3M5E,0x79f94,(Unknown - fpu_calc_with_state_transition) 2,0x605B,0x3200,11867
60E1D400__vs__60E32000_N3M5E,0x7a028,RPM Based Max Engine Load Y Axis,0x43FA,0x41F0,522
60E1D400__vs__60E32000_N3M5E,0x7a070,RPM Based Max Engine Load,0x5852,0x1EFF,14675
60E1D400__vs__60E32000_N3M5E,0x7a094,(Unknown - fpu_pair_accumulate_calc) Y Axis,0xC220,0x428C,32660
60E1D400__vs__60E32000_N3M5E,0x7a0b4,(Unknown - fpu_pair_accumulate_calc),0xA3CC,0x04B0,40732
60E1D400__vs__60E32000_N3M5E,0x7a0c4,Max Load - Barometric Pressure Compensation Y Axis,0x4256,0x425C,-6
60E1D400__vs__60E32000_N3M5E,0x7a0e4,Max Load - Barometric Pressure Compensation,0x4400,0x4110,752
60E1D400__vs__60E32000_N3M5E,0x7a0f4,(Unknown - extensive_fpu_conditional_threshold_calc) Y Axis,0x447A,0x4509,-143
60E1D400__vs__60E32000_N3M5E,0x7a118,(Unknown - extensive_fpu_conditional_threshold_calc),0x6B85,0x41A0,10725
60E1D400__vs__60E32000_N3M5E,0x7a12c,(Unknown - extensive_fpu_conditional_threshold_calc) 2 Y Axis,0x447A,0x442F,75
60E1D400__vs__60E32000_N3M5E,0x7a150,(Unknown - extensive_fpu_conditional_threshold_calc) 2,0x947B,0x458C,20207
60E1D400__vs__60E32000_N3M5E,0x7a230,Knock Voltage To Magnitude Y Axis,0x3C20,0x0609,13847
60E1D400__vs__60E32000_N3M5E,0x7a318,Knock Voltage To Magnitude,0x000A,0x453B,-17713
60E1D400__vs__60E32000_N3M5E,0x7a354,Knock Related 1 Y Axis,0x43FA,0x428C,366
60E1D400__vs__60E32000_N3M5E,0x7a38c,Knock Related 1,0x00F3,0x3034,-12097
60E1D400__vs__60E32000_N3M5E,0x7a3a8,Knock Related 2 Y Axis,0x43FA,0x42B4,326
60E1D400__vs__60E32000_N3M5E,0x7a3e0,Knock Related 2,0x00E0,0x3E80,-15776
60E1D400__vs__60E32000_N3M5E,0x7a3fc,Knock Related Y Axis,0x4448,0x5880,-5176
60E1D400__vs__60E32000_N3M5E,0x7a400,Knock Related,0x4100,0xC220,-33056
60E1D400__vs__60E32000_N3M5E,0x7a404,Knock Related 3 Y Axis,0x43FA,0xC1F0,-32246
60E1D400__vs__60E32000_N3M5E,0x7a408,Knock Related 3,0x4180,0xC1A0,-32800
60E1D400__vs__60E32000_N3M5E,0x7a40c,Knock Rel #4 X Axis,0x3F10,0xC120,-33296
60E1D400__vs__60E32000_N3M5E,0x7a424,Knock Rel #4 Y Axis,0x43FA,0x4248,434
60E1D400__vs__60E32000_N3M5E,0x7a450,Knock Rel #4,0x2C32,0x0604,9774
60E1D400__vs__60E32000_N3M5E,0x7a494,Knock Rel #0 X Axis,0x3F10,0x0000,16144
60E1D400__vs__60E32000_N3M5E,0x7a4ac,Knock Rel #0 Y Axis,0x43FA,0xC1A0,-32166
60E1D400__vs__60E32000_N3M5E,0x7a4d8,Knock Rel #0,0x2E32,0x3F40,-4366
60E1D400__vs__60E32000_N3M5E,0x7a538,(Unknown - extensive_fpu_multi_calc_selector) Y Axis,0x0000,0x42C8,-17096
60E1D400__vs__60E32000_N3M5E,0x7a554,(Unknown - extensive_fpu_multi_calc_selector),0x501E,0x0177,20135
60E1D400__vs__60E32000_N3M5E,0x7a55c,(Unknown - extensive_fpu_multi_calc_selector) 2 Y Axis,0x43E1,0x0578,15977
60E1D400__vs__60E32000_N3M5E,0x7a58c,(Unknown - extensive_fpu_multi_calc_selector) 2,0x0062,0x42A0,-16958
60E1D400__vs__60E32000_N3M5E,0x7a5a4,VDI Open,0x45E2,0x2600,8162
60E1D400__vs__60E32000_N3M5E,0x7a600,Airflow Or Load Related Y Axis,0x3E80,0x2640,6208
60E1D400__vs__60E32000_N3M5E,0x7a628,Airflow Or Load Related,0x04C0,0x5A5A,-21914
60E1D400__vs__60E32000_N3M5E,0x7a63c,MAF Related Y Axis,0x0000,0x3D4D,-15693
60E1D400__vs__60E32000_N3M5E,0x7a65c,MAF Related,0x001A,0x40A0,-16518
60E1D400__vs__60E32000_N3M5E,0x7a66c,Fuel Injection Control Callback (Map) Y Axis,0xC170,0x0000,49520
60E1D400__vs__60E32000_N3M5E,0x7a698,Fuel Injection Control Callback (Map),0xFFFC,0xBA90,17772
60E1D400__vs__60E32000_N3M5E,0x7a6b0,Fuel Injection Control Callback (Map) 2 Y Axis,0xC170,0xC100,112
60E1D400__vs__60E32000_N3M5E,0x7a6dc,Fuel Injection Control Callback (Map) 2,0xFFFC,0x3B23,50393
60E1D400__vs__60E32000_N3M5E,0x7a6f4,Fuel Injection Control Callback (Map) 3 Y Axis,0xC170,0x4120,32848
60E1D400__vs__60E32000_N3M5E,0x7a720,Fuel Injection Control Callback (Map) 3,0x024B,0x42C8,-16509
60E1D400__vs__60E32000_N3M5E,0x7a738,Fuel Injection - Control Threshold vs Coolant Temp Y Axis,0xC170,0x4120,32848
60E1D400__vs__60E32000_N3M5E,0x7a764,Fuel Injection - Control Threshold vs Coolant Temp,0xFFFF,0x0A01,62974
60E1D400__vs__60E32000_N3M5E,0x7a77c,Fuel Injection - Calibration vs Coolant Temp Y Axis,0xC1A0,0x0000,49568
60E1D400__vs__60E32000_N3M5E,0x7a7a4,Fuel Injection - Calibration vs Coolant Temp,0x0CF8,0x3F53,-12891
60E1D400__vs__60E32000_N3M5E,0x7a7c8,Dtc Snapshot Manager (Map) Y Axis,0x43FA,0x70F6,-11516
60E1D400__vs__60E32000_N3M5E,0x7a7f0,Dtc Snapshot Manager (Map),0x8080,0x3F00,16768
60E1D400__vs__60E32000_N3M5E,0x7a7fc,Compensated Barometric Pressure Y Axis,0x4257,0x4316,-191
60E1D400__vs__60E32000_N3M5E,0x7a80c,Compensated Barometric Pressure,0x4458,0x458F,-311
60E1D400__vs__60E32000_N3M5E,0x7a810,(Unknown - motor_control_task) X Axis,0x43FA,0x3F00,1274
60E1D400__vs__60E32000_N3M5E,0x7a828,(Unknown - motor_control_task) Y Axis,0x3E3A,0x0000,15930
60E1D400__vs__60E32000_N3M5E,0x7a838,(Unknown - motor_control_task),0x19DA,0x3EB3,-9433
60E1D400__vs__60E32000_N3M5E,0x7a8b0,UDS - Protocol Threshold vs Coolant Temp Y Axis,0xC220,0x4180,32928
60E1D400__vs__60E32000_N3M5E,0x7a8cc,UDS - Protocol Threshold vs Coolant Temp,0x19A2,0x3F00,-9566
60E1D400__vs__60E32000_N3M5E,0x7a8dc,Uds Protocol (Map) Y Axis,0xC220,0x3F80,33440
60E1D400__vs__60E32000_N3M5E,0x7a8f8,Uds Protocol (Map),0x2332,0x1D4C,1510
60E1D400__vs__60E32000_N3M5E,0x7a930,Barometric Pressure Sensor Min Voltage,0x3E4C,0xBD00,-32436
60E1D400__vs__60E32000_N3M5E,0x7a934,Barometric Pressure Sensor Max Voltage,0x4099,0x0000,16537
60E1D400__vs__60E32000_N3M5E,0x7a9bc,Barometric Pressure Sensor Offset,0x3C95,0x0300,14741
60E1D400__vs__60E32000_N3M5E,0x7a9c0,Barometric Pressure Sensor Slope,0x41CA,0x01D2,16376
60E1D400__vs__60E32000_N3M5E,0x7a9d4,Off Throttle Leading Timing Realted Y Axis,0xC220,0x0180,49312
60E1D400__vs__60E32000_N3M5E,0x7a9f8,Off Throttle Leading Timing Realted,0x6E6E,0xC220,-21426
60E1D400__vs__60E32000_N3M5E,0x7aa04,Ignition Trailing - Cranking Timing Advance Y Axis,0xC220,0x41A0,32896
60E1D400__vs__60E32000_N3M5E,0x7aa28,Ignition Trailing - Cranking Timing Advance,0x6E6E,0x0C0A,25188
60E1D400__vs__60E32000_N3M5E,0x7aa74,Sensor Processing (Map) X Axis,0x3E00,0x0000,15872
60E1D400__vs__60E32000_N3M5E,0x7aa98,Sensor Processing (Map) Y Axis,0x43FA,0x1800,11258
60E1D400__vs__60E32000_N3M5E,0x7aabc,Sensor Processing (Map),0x0000,0x07B3,-1971
60E1D400__vs__60E32000_N3M5E,0x7ab10,Boost Pressure Feedback (Map) X Axis,0x3E00,0xBC57,-32343
60E1D400__vs__60E32000_N3M5E,0x7ab34,Boost Pressure Feedback (Map) Y Axis,0x43FA,0x4120,730
60E1D400__vs__60E32000_N3M5E,0x7ab58,Boost Pressure Feedback (Map),0x001C,0x3F40,-16164
60E1D400__vs__60E32000_N3M5E,0x7abfc,Fuel Calculation Callback (Map) X Axis,0x3E00,0x0000,15872
60E1D400__vs__60E32000_N3M5E,0x7ac20,Fuel Calculation Callback (Map) Y Axis,0x43FA,0x3D80,1658
60E1D400__vs__60E32000_N3M5E,0x7ac44,Fuel Calculation Callback (Map),0x0000,0x3EB0,-16048
60E1D400__vs__60E32000_N3M5E,0x7ace8,Fuel Calculation Callback (Map) 2 X Axis,0x3E00,0x41F0,-1008
60E1D400__vs__60E32000_N3M5E,0x7ad0c,Fuel Calculation Callback (Map) 2 Y Axis,0x43FA,0x2354,8358
60E1D400__vs__60E32000_N3M5E,0x7ad30,Fuel Calculation Callback (Map) 2,0x0000,0x059A,-1434
60E1D400__vs__60E32000_N3M5E,0x7add4,Throttle - Liftoff - Fuel Cut Trigger X Axis,0x3E00,0x099A,13414
60E1D400__vs__60E32000_N3M5E,0x7add8,Throttle - Liftoff - Fuel Cut Trigger Y Axis,0x43FA,0x1400,12282
60E1D400__vs__60E32000_N3M5E,0x7addc,Throttle - Liftoff - Fuel Cut Trigger,0x0000,0x0800,-2048
60E1D400__vs__60E32000_N3M5E,0x7ade0,Throttle - Liftoff - Fuel Cut Release X Axis,0x3E00,0x447A,-1658
60E1D400__vs__60E32000_N3M5E,0x7ade4,Throttle - Liftoff - Fuel Cut Release Y Axis,0x43FA,0x44BB,-193
60E1D400__vs__60E32000_N3M5E,0x7ade8,Throttle - Liftoff - Fuel Cut Release,0x0000,0x451C,-17692
60E1D400__vs__60E32000_N3M5E,0x7ae34,(Unknown - transmission_control) Y Axis,0x43FA,0x3F06,1268
60E1D400__vs__60E32000_N3M5E,0x7ae7c,(Unknown - transmission_control),0x1C1B,0x3C03,-8168
60E1D400__vs__60E32000_N3M5E,0x7ae90,State Machine - Scalar Threshold Y Axis,0x0000,0x44BB,-17595
60E1D400__vs__60E32000_N3M5E,0x7ae94,State Machine - Scalar Threshold,0x3FA3,0x44FA,-1367
60E1D400__vs__60E32000_N3M5E,0x7ae98,Fuel Control - Scalar Threshold Y Axis,0x0000,0x451C,-17692
60E1D400__vs__60E32000_N3M5E,0x7ae9c,Fuel Control - Scalar Threshold,0x3F33,0x453B,-1544
60E1D400__vs__60E32000_N3M5E,0x7af24,Injection Angle Related AFR Input Y Axis,0x0000,0x4276,-17014
60E1D400__vs__60E32000_N3M5E,0x7af48,Injection Angle Related AFR Input,0x323C,0x6C00,-14788
60E1D400__vs__60E32000_N3M5E,0x7af54,Unknown Lambda Input Y Axis,0x3F33,0x44FA,-1479
60E1D400__vs__60E32000_N3M5E,0x7af74,Unknown Lambda Input,0x0708,0x6B85,-25725
60E1D400__vs__60E32000_N3M5E,0x7af7c,(Unknown - fpu_accumulate_ch0) Y Axis,0x3F33,0x66FD,-10186
60E1D400__vs__60E32000_N3M5E,0x7af9c,(Unknown - fpu_accumulate_ch0),0x0708,0x45BB,-16051
60E1D400__vs__60E32000_N3M5E,0x7afa4,AirFlow Inj Angle Related Y Axis,0x0000,0x45FA,-17914
60E1D400__vs__60E32000_N3M5E,0x7b008,AirFlow Inj Angle Related,0x000A,0x3DA3,-15769
60E1D400__vs__60E32000_N3M5E,0x7b03c,(Unknown - fpu_control_calc) Y Axis,0xC220,0x3B83,34461
60E1D400__vs__60E32000_N3M5E,0x7b05c,(Unknown - fpu_control_calc),0x00C3,0x0000,195
60E1D400__vs__60E32000_N3M5E,0x7b06c,(Unknown - fpu_accumulate_ch0) 2 Y Axis,0x0000,0x42A0,-17056
60E1D400__vs__60E32000_N3M5E,0x7b0d0,(Unknown - fpu_accumulate_ch0) 2,0x0005,0x3D52,-15693
60E1D400__vs__60E32000_N3M5E,0x7b104,(Unknown - fpu_accumulate_ch0) 3 Y Axis,0x0000,0x3E20,-15904
60E1D400__vs__60E32000_N3M5E,0x7b168,(Unknown - fpu_accumulate_ch0) 3,0x0005,0x4020,-16411
60E1D400__vs__60E32000_N3M5E,0x7b19c,(Unknown - fpu_accumulate_ch0) 4 Y Axis,0xC220,0xBABD,1891
60E1D400__vs__60E32000_N3M5E,0x7b1bc,(Unknown - fpu_accumulate_ch0) 4,0x00C3,0x44FA,-17463
60E1D400__vs__60E32000_N3M5E,0x7b1cc,(Unknown - fpu_accumulate_ch2) Y Axis,0x0000,0x457A,-17786
60E1D400__vs__60E32000_N3M5E,0x7b204,(Unknown - fpu_accumulate_ch2),0x0030,0x43FA,-17354
60E1D400__vs__60E32000_N3M5E,0x7b220,(Unknown - fpu_accumulate_ch2) 2 Y Axis,0xC220,0x457A,31910
60E1D400__vs__60E32000_N3M5E,0x7b240,(Unknown - fpu_accumulate_ch2) 2,0x03CF,0x00C0,783
60E1D400__vs__60E32000_N3M5E,0x7b250,Injection Angle X Axis,0x43FA,0x0200,16890
60E1D400__vs__60E32000_N3M5E,0x7b298,Injection Angle Y Axis,0x3E00,0x455A,-1882
60E1D400__vs__60E32000_N3M5E,0x7b2b8,Injection Angle,0x0208,0x2E2E,-11302
60E1D400__vs__60E32000_N3M5E,0x7b43c,Air Bleed Control (Map) Y Axis,0x3F00,0x458C,-1676
60E1D400__vs__60E32000_N3M5E,0x7b464,Air Bleed Control (Map),0x5050,0x4316,3386
60E1D400__vs__60E32000_N3M5E,0x7b470,Idle Correction Interpolation (Map) Y Axis,0x0000,0x0000,0
60E1D400__vs__60E32000_N3M5E,0x7b4a0,Idle Correction Interpolation (Map),0x6464,0x4270,8692
60E1D400__vs__60E32000_N3M5E,0x7b4ac,Ignition Knock - RPM Knock Retard Y Axis,0x43FA,0x00DE,17180
60E1D400__vs__60E32000_N3M5E,0x7b4d8,Ignition Knock - RPM Knock Retard,0x1414,0x41F0,-11740
60E1D400__vs__60E32000_N3M5E,0x7b4e4,Air Filter Control (Map) Y Axis,0x43FA,0x4270,394
60E1D400__vs__60E32000_N3M5E,0x7b510,Air Filter Control (Map),0x000A,0x41A0,-16790
60E1D400__vs__60E32000_N3M5E,0x7b51c,Fuel Correction Update (Map) Y Axis,0x3F80,0x4248,-712
60E1D400__vs__60E32000_N3M5E,0x7b534,Fuel Correction Update (Map),0x1919,0x42DC,-10691
60E1D400__vs__60E32000_N3M5E,0x7b53c,Exhaust Control (Map) Y Axis,0x3F80,0x4F9F,-4127
60E1D400__vs__60E32000_N3M5E,0x7b554,Exhaust Control (Map),0x0309,0x2727,-9246
60E1D400__vs__60E32000_N3M5E,0x7b55a,Air Bleed Control (Map) 2,0x72FA,0x17FF,23291
60E1D400__vs__60E32000_N3M5E,0x7b570,Exhaust Control (Map) 2 X Axis,0x0000,0xBDF0,-48624
60E1D400__vs__60E32000_N3M5E,0x7b58c,Exhaust Control (Map) 2 Y Axis,0x0000,0x3E80,-16000
60E1D400__vs__60E32000_N3M5E,0x7b59c,Exhaust Control (Map) 2,0x1388,0x453B,-12723
60E1D400__vs__60E32000_N3M5E,0x7b5d4,Exhaust Control (Map) 3 X Axis,0x0000,0x4164,-16740
60E1D400__vs__60E32000_N3M5E,0x7b5f0,Exhaust Control (Map) 3 Y Axis,0x0000,0x4214,-16916
60E1D400__vs__60E32000_N3M5E,0x7b600,Exhaust Control (Map) 3,0x1388,0x4263,-11995
60E1D400__vs__60E32000_N3M5E,0x7b638,Exhaust Control (Map) 4 X Axis,0x0000,0x0C58,-3160
60E1D400__vs__60E32000_N3M5E,0x7b654,Exhaust Control (Map) 4 Y Axis,0x0000,0x0DFB,-3579
60E1D400__vs__60E32000_N3M5E,0x7b664,Exhaust Control (Map) 4,0x1388,0x0FA3,997
60E1D400__vs__60E32000_N3M5E,0x7b69c,Exhaust Control (Map) 5 X Axis,0x0000,0x447A,-17530
60E1D400__vs__60E32000_N3M5E,0x7b6b8,Exhaust Control (Map) 5 Y Axis,0x0000,0x3EC0,-16064
60E1D400__vs__60E32000_N3M5E,0x7b6c8,Exhaust Control (Map) 5,0x1388,0x1CCD,-2373
60E1D400__vs__60E32000_N3M5E,0x7b700,Ignition Advance - Interpolated Map X Axis,0x0000,0x3ECB,-16075
60E1D400__vs__60E32000_N3M5E,0x7b71c,Ignition Advance - Interpolated Map Y Axis,0x0000,0x0000,0
60E1D400__vs__60E32000_N3M5E,0x7b72c,Ignition Advance - Interpolated Map,0x0000,0x4396,-17302
60E1D400__vs__60E32000_N3M5E,0x7b764,Fuel Pressure (Map) 8 X Axis,0x43FA,0x2332,8392
60E1D400__vs__60E32000_N3M5E,0x7b78c,Fuel Pressure (Map) 8 Y Axis,0x3F80,0xC120,-33184
60E1D400__vs__60E32000_N3M5E,0x7b7ac,Fuel Pressure (Map) 8,0xA11A,0x41F0,24362
60E1D400__vs__60E32000_N3M5E,0x7b84c,Fuel Pressure (Map) 9 X Axis,0x43FA,0x3F23,1239
60E1D400__vs__60E32000_N3M5E,0x7b874,Fuel Pressure (Map) 9 Y Axis,0x3F80,0x04E2,15006
60E1D400__vs__60E32000_N3M5E,0x7b894,Fuel Pressure (Map) 9,0x2831,0x3F80,-5967
60E1D400__vs__60E32000_N3M5E,0x7b934,Fuel Pressure (Map) 10 X Axis,0x43FA,0x3ED7,1315
60E1D400__vs__60E32000_N3M5E,0x7b95c,Fuel Pressure (Map) 10 Y Axis,0x3F80,0x3EC0,192
60E1D400__vs__60E32000_N3M5E,0x7b97c,Fuel Pressure (Map) 10,0x9E1D,0x451C,22785
60E1D400__vs__60E32000_N3M5E,0x7ba94,Knock Limit - Zero Table vs Axis Y Axis,0x0000,0x43FA,-17402
60E1D400__vs__60E32000_N3M5E,0x7bab0,Knock Limit - Zero Table vs Axis,0x0000,0x457A,-17786
60E1D400__vs__60E32000_N3M5E,0x7bacc,Knock Limit - Factor vs Axis Y Axis,0x3DCC,0x0000,15820
60E1D400__vs__60E32000_N3M5E,0x7bae0,Knock Limit - Factor vs Axis,0x3F80,0x0000,16256
60E1D400__vs__60E32000_N3M5E,0x7baf4,Omp Fault Detect (Map) X Axis,0x3E00,0x06E0,14112
60E1D400__vs__60E32000_N3M5E,0x7bb18,Omp Fault Detect (Map) Y Axis,0x43FA,0x0808,15346
60E1D400__vs__60E32000_N3M5E,0x7bb3c,Omp Fault Detect (Map),0x0000,0x0D6B,-3435
60E1D400__vs__60E32000_N3M5E,0x7bb90,Ignition Knock - Retard Limit X Axis,0x3E00,0x451C,-1820
60E1D400__vs__60E32000_N3M5E,0x7bbb4,Ignition Knock - Retard Limit Y Axis,0x43FA,0x0000,17402
60E1D400__vs__60E32000_N3M5E,0x7bbd8,Ignition Knock - Retard Limit,0x41C0,0x0000,16832
60E1D400__vs__60E32000_N3M5E,0x7bd28,(Unknown - fpu_division_calc) X Axis,0x3E23,0x4120,-765
60E1D400__vs__60E32000_N3M5E,0x7bd50,(Unknown - fpu_division_calc) Y Axis,0x4443,0x3F80,1219
60E1D400__vs__60E32000_N3M5E,0x7bd94,(Unknown - fpu_division_calc),0x41AE,0x3EA0,782
60E1D400__vs__60E32000_N3M5E,0x7c050,Fuel Temperature Correction (Map) Y Axis,0x442F,0x038E,16545
60E1D400__vs__60E32000_N3M5E,0x7c084,Fuel Temperature Correction (Map),0x4343,0x0357,16364
60E1D400__vs__60E32000_N3M5E,0x7c094,Fuel Flow Limiter (Map) X Axis,0x3E00,0x037D,14979
60E1D400__vs__60E32000_N3M5E,0x7c0bc,Fuel Flow Limiter (Map) Y Axis,0x43FA,0x0256,16804
60E1D400__vs__60E32000_N3M5E,0x7c0dc,Fuel Flow Limiter (Map),0x0080,0x0201,-385
60E1D400__vs__60E32000_N3M5E,0x7c184,Load Limit A Y Axis,0x4443,0x4020,1059
60E1D400__vs__60E32000_N3M5E,0x7c1b4,Load Limit A,0x3EB3,0x3030,3715
60E1D400__vs__60E32000_N3M5E,0x7c1e4,Load Limit B Y Axis,0x4443,0x44FA,-183
60E1D400__vs__60E32000_N3M5E,0x7c214,Load Limit B,0x3F26,0x447A,-1364
60E1D400__vs__60E32000_N3M5E,0x7c32c,Load Limit C Y Axis,0x43FA,0x1388,12402
60E1D400__vs__60E32000_N3M5E,0x7c354,Load Limit C,0x03E8,0x001E,970
60E1D400__vs__60E32000_N3M5E,0x7c3b4,Misfire DTC - Threshold 1 vs Voltage Axis Y Axis,0x40B0,0x3F80,304
60E1D400__vs__60E32000_N3M5E,0x7c3c4,Misfire DTC - Threshold 1 vs Voltage Axis,0x007D,0x40A0,-16419
60E1D400__vs__60E32000_N3M5E,0x7c3cc,Misfire DTC - Threshold 2 vs Voltage Axis Y Axis,0x40B0,0x0000,16560
60E1D400__vs__60E32000_N3M5E,0x7c3dc,Misfire DTC - Threshold 2 vs Voltage Axis,0x007D,0x0000,125
60E1D400__vs__60E32000_N3M5E,0x7c3e4,Misfire DTC - Threshold 3 vs Voltage Axis Y Axis,0x40C4,0x0000,16580
60E1D400__vs__60E32000_N3M5E,0x7c3f4,Misfire DTC - Threshold 3 vs Voltage Axis,0x4060,0x0014,16460
60E1D400__vs__60E32000_N3M5E,0x7c48c,(Unknown - ctrl_toggle) Y Axis,0x0000,0x9905,-39173
60E1D400__vs__60E32000_N3M5E,0x7c4b4,(Unknown - ctrl_toggle),0x0000,0xAD24,-44324
60E1D400__vs__60E32000_N3M5E,0x7c4c0,(Unknown - ctrl_toggle) 2 Y Axis,0x0000,0x9E5D,-40541
60E1D400__vs__60E32000_N3M5E,0x7c4e8,(Unknown - ctrl_toggle) 2,0x0000,0x455A,-17754
60E1D400__vs__60E32000_N3M5E,0x7c4f4,(Unknown - ctrl_toggle) 3 Y Axis,0x0000,0x3F80,-16256
60E1D400__vs__60E32000_N3M5E,0x7c51c,(Unknown - ctrl_toggle) 3,0x7878,0x0F1B,26973
60E1D400__vs__60E32000_N3M5E,0x7c528,Ctrl Toggle - Constant vs Axis Y Axis,0x0000,0x1604,-5636
60E1D400__vs__60E32000_N3M5E,0x7c550,Ctrl Toggle - Constant vs Axis,0x0001,0x1604,-5635
60E1D400__vs__60E32000_N3M5E,0x7c564,Primary Fuel Injector Cranking Pulse Decay Time Y Axis,0xC220,0x56B2,27502
60E1D400__vs__60E32000_N3M5E,0x7c588,Primary Fuel Injector Cranking Pulse Decay Time,0x0303,0x43C7,-16580
60E1D400__vs__60E32000_N3M5E,0x7c5f8,PWM Duty - Constant vs Axis Y Axis,0x0000,0xA45C,-42076
60E1D400__vs__60E32000_N3M5E,0x7c61c,PWM Duty - Constant vs Axis,0x04E2,0xA225,-40259
60E1D400__vs__60E32000_N3M5E,0x7c664,Ctrl Cache - Correction 1 vs Axis Y Axis,0x469C,0x3DCC,2256
60E1D400__vs__60E32000_N3M5E,0x7c678,Ctrl Cache - Correction 1 vs Axis,0xBC23,0x0271,47538
60E1D400__vs__60E32000_N3M5E,0x7c68c,Ctrl Cache - Correction 2 vs Axis Y Axis,0x469C,0x03AA,17138
60E1D400__vs__60E32000_N3M5E,0x7c6a0,Ctrl Cache - Correction 2 vs Axis,0x3C23,0x0000,15395
60E1D400__vs__60E32000_N3M5E,0x7c6bc,(Unknown - debug_output) Y Axis,0x3DCC,0x447A,-1710
60E1D400__vs__60E32000_N3M5E,0x7c6d8,(Unknown - debug_output),0x1A1A,0x3E4C,-9266
60E1D400__vs__60E32000_N3M5E,0x7c6e0,(Unknown - debug_output) 2 Y Axis,0x447A,0x3EA0,1498
60E1D400__vs__60E32000_N3M5E,0x7c708,(Unknown - debug_output) 2,0x9678,0x453B,20797
60E1D400__vs__60E32000_N3M5E,0x7c718,Datalog - Sample Rate vs RPM Y Axis,0x43FA,0x0000,17402
60E1D400__vs__60E32000_N3M5E,0x7c730,Datalog - Sample Rate vs RPM,0x0505,0x8080,-31611
60E1D400__vs__60E32000_N3M5E,0x7c738,(Unknown - datalog_format) Y Axis,0x43FA,0x8080,-15494
60E1D400__vs__60E32000_N3M5E,0x7c750,(Unknown - datalog_format),0x051F,0x8080,-31585
60E1D400__vs__60E32000_N3M5E,0x7c75c,(Unknown - datalog_write) Y Axis,0x0000,0x0000,0
60E1D400__vs__60E32000_N3M5E,0x7c780,(Unknown - datalog_write),0x0000,0x3F20,-16160
60E1D400__vs__60E32000_N3M5E,0x7c794,(Unknown - datalog_write) 2 X Axis,0xC220,0x453B,31973
60E1D400__vs__60E32000_N3M5E,0x7c7b8,(Unknown - datalog_write) 2 Y Axis,0x43FA,0x10AE,13132
60E1D400__vs__60E32000_N3M5E,0x7c7d0,(Unknown - datalog_write) 2,0x1A1A,0x10F3,2343
60E1D400__vs__60E32000_N3M5E,0x7c808,(Unknown - datalog_write) 3 X Axis,0xC220,0x11AC,45172
60E1D400__vs__60E32000_N3M5E,0x7c82c,(Unknown - datalog_write) 3 Y Axis,0x43FA,0x128D,12653
60E1D400__vs__60E32000_N3M5E,0x7c844,(Unknown - datalog_write) 3,0x1A1A,0x3E57,-9277
60E1D400__vs__60E32000_N3M5E,0x7c8b0,Datalog - Engine - Trace Level Table Y Axis,0xC220,0x2B9A,38534
60E1D400__vs__60E32000_N3M5E,0x7c8ec,Datalog - Engine - Trace Level Table,0x8080,0x2000,24704
60E1D400__vs__60E32000_N3M5E,0x7c8fc,Datalog - Battery - Voltage Correction Table Y Axis,0x40D0,0x1200,11984
60E1D400__vs__60E32000_N3M5E,0x7c920,Datalog - Battery - Voltage Correction Table,0x9F96,0x52CD,19657
60E1D400__vs__60E32000_N3M5E,0x7c92c,Datalog - Engine - Load Matrix X Axis,0x0000,0x2833,-10291
60E1D400__vs__60E32000_N3M5E,0x7c98c,Datalog - Engine - Load Matrix Y Axis,0x0000,0x0C00,-3072
60E1D400__vs__60E32000_N3M5E,0x7c9b4,Datalog - Engine - Load Matrix,0x0A0C,0x0C00,-500
60E1D400__vs__60E32000_N3M5E,0x7cad8,Ignition Dwell Time_ X Axis,0x447A,0x2E2E,5708
60E1D400__vs__60E32000_N3M5E,0x7cafc,Ignition Dwell Time_ Y Axis,0x40D0,0x44FA,-1066
60E1D400__vs__60E32000_N3M5E,0x7cb20,Ignition Dwell Time_,0x0767,0x45FA,-16019
60E1D400__vs__60E32000_N3M5E,0x7ccb4,Diag/Test - Zero Table 1 vs Index Y Axis,0x0000,0x4060,-16480
60E1D400__vs__60E32000_N3M5E,0x7ccdc,Diag/Test - Zero Table 1 vs Index,0x0000,0x0019,-25
60E1D400__vs__60E32000_N3M5E,0x7cd04,Diag/Test - Zero Table 2 vs Index Y Axis,0x0000,0x0026,-38
60E1D400__vs__60E32000_N3M5E,0x7cd2c,Diag/Test - Zero Table 2 vs Index,0x0000,0x0008,-8
60E1D400__vs__60E32000_N3M5E,0x7cd54,Diag/Test - Zero Table 3 vs Index Y Axis,0x0000,0x411A,-16666
60E1D400__vs__60E32000_N3M5E,0x7cd7c,Diag/Test - Zero Table 3 vs Index,0x0000,0x00FA,-250
60E1D400__vs__60E32000_N3M5E,0x7cda4,Diag/Test - Zero Table 4 vs Index Y Axis,0x0000,0x0000,0
60E1D400__vs__60E32000_N3M5E,0x7cdcc,Diag/Test - Zero Table 4 vs Index,0x0000,0xC1A0,-49568
60E1D400__vs__60E32000_N3M5E,0x7cdf4,Diag/Test - Zero Table 5 vs Index Y Axis,0x0000,0x0060,-96
60E1D400__vs__60E32000_N3M5E,0x7ce1c,Diag/Test - Zero Table 5 vs Index,0x0000,0x43FA,-17402
60E1D400__vs__60E32000_N3M5E,0x7ce44,Diag/Test - Zero Table 6 vs Index Y Axis,0x0000,0x65A9,-26025
60E1D400__vs__60E32000_N3M5E,0x7ce6c,Diag/Test - Zero Table 6 vs Index,0x0000,0x428C,-17036
60E1D400__vs__60E32000_N3M5E,0x7ce94,Diag/Test - Zero Table 7 vs Index Y Axis,0x0000,0x4843,-18499
60E1D400__vs__60E32000_N3M5E,0x7cebc,Diag/Test - Zero Table 7 vs Index,0x0000,0x8147,-33095
60E1D400__vs__60E32000_N3M5E,0x7cee4,Diag/Test - Zero Table 8 vs Index Y Axis,0x0000,0x3E4C,-15948
60E1D400__vs__60E32000_N3M5E,0x7cf0c,Diag/Test - Zero Table 8 vs Index,0x0000,0x451C,-17692
60E1D400__vs__60E32000_N3M5E,0x7cf34,Diag/Test - Zero Table 9 vs Index Y Axis,0x0000,0x4296,-17046
60E1D400__vs__60E32000_N3M5E,0x7cf5c,Diag/Test - Zero Table 9 vs Index,0x0000,0xC220,-49696
60E1D400__vs__60E32000_N3M5E,0x7cf84,Diag/Test - Zero Table 10 vs Index Y Axis,0x0000,0x4D5A,-19802
60E1D400__vs__60E32000_N3M5E,0x7cfac,Diag/Test - Zero Table 10 vs Index,0x0000,0x0000,0
60E1D400__vs__60E32000_N3M5E,0x7cfd4,Diag/Test - Zero Table 11 vs Index Y Axis,0x0000,0x0100,-256
60E1D400__vs__60E32000_N3M5E,0x7cffc,Diag/Test - Zero Table 11 vs Index,0x0000,0x41A0,-16800
60E1D400__vs__60E32000_N3M5E,0x7d024,Diag/Test - Zero Table 12 vs Index Y Axis,0x0000,0x44DA,-17626
60E1D400__vs__60E32000_N3M5E,0x7d04c,Diag/Test - Zero Table 12 vs Index,0x0000,0x265A,-9818
60E1D400__vs__60E32000_N3M5E,0x7d074,Diag/Test - Zero Table 13 vs Index Y Axis,0x0000,0x41A0,-16800
60E1D400__vs__60E32000_N3M5E,0x7d09c,Diag/Test - Zero Table 13 vs Index,0x0000,0x44FA,-17658
60E1D400__vs__60E32000_N3M5E,0x7d0d0,Ignition Timing Monitor - Threshold vs Coolant Temp Y Axis,0x4120,0x5A1A,-6394
60E1D400__vs__60E32000_N3M5E,0x7d0f4,Ignition Timing Monitor - Threshold vs Coolant Temp,0x110D,0x04FF,3086
60E1D400__vs__60E32000_N3M5E,0x7d108,Oxygen Sensor Monitor (Map) X Axis,0x0000,0x0000,0
60E1D400__vs__60E32000_N3M5E,0x7d128,Oxygen Sensor Monitor (Map) Y Axis,0x0000,0x4138,-16696
60E1D400__vs__60E32000_N3M5E,0x7d150,Oxygen Sensor Monitor (Map),0x0100,0x3F47,-15943
60E1D400__vs__60E32000_N3M5E,0x7d1a0,Oxygen Sensor Monitor (Map) 2 X Axis,0x0000,0x42B5,-17077
60E1D400__vs__60E32000_N3M5E,0x7d1c0,Oxygen Sensor Monitor (Map) 2 Y Axis,0x0000,0xFFFF,-65535
60E1D400__vs__60E32000_N3M5E,0x7d1e8,Oxygen Sensor Monitor (Map) 2,0x0100,0x4248,-16712
60E1D400__vs__60E32000_N3M5E,0x7d254,Diag Detector (Map) Y Axis,0x412A,0x0534,15350
60E1D400__vs__60E32000_N3M5E,0x7d274,Diag Detector (Map),0x8C6E,0x018B,35555
60E1D400__vs__60E32000_N3M5E,0x7d2bc,Coil Control (Map) Y Axis,0x4120,0x018B,16277
60E1D400__vs__60E32000_N3M5E,0x7d2e0,Coil Control (Map),0x1A1D,0x018B,6290
60E1D400__vs__60E32000_N3M5E,0x7d2f4,Coil Control (Map) 2 Y Axis,0x4120,0x0000,16672
60E1D400__vs__60E32000_N3M5E,0x7d318,Coil Control (Map) 2,0x2330,0xC0A0,-40304
60E1D400__vs__60E32000_N3M5E,0x7d32c,Coil Control (Map) 3 Y Axis,0x4120,0xC220,-33024
60E1D400__vs__60E32000_N3M5E,0x7d350,Coil Control (Map) 3,0x07BB,0xFFFF,-63556
60E1D400__vs__60E32000_N3M5E,0x7d364,Coil Control (Map) 4 Y Axis,0x4120,0x3E3E,738
60E1D400__vs__60E32000_N3M5E,0x7d388,Coil Control (Map) 4,0x0666,0x3FC0,-14682
60E1D400__vs__60E32000_N3M5E,0x7d39c,Coil Control (Map) 5 Y Axis,0x4120,0x4396,-630
60E1D400__vs__60E32000_N3M5E,0x7d3c0,Coil Control (Map) 5,0x1A1D,0xC170,-42835
60E1D400__vs__60E32000_N3M5E,0x7d3d4,Coil Control (Map) 6 Y Axis,0x4120,0x0000,16672
60E1D400__vs__60E32000_N3M5E,0x7d3f8,Coil Control (Map) 6,0x2330,0x430C,-8156
60E1D400__vs__60E32000_N3M5E,0x7d40c,Coil Control (Map) 7 Y Axis,0x4120,0x0000,16672
60E1D400__vs__60E32000_N3M5E,0x7d430,Coil Control (Map) 7,0x07BB,0x4270,-15029
60E1D400__vs__60E32000_N3M5E,0x7d444,Coil Control (Map) 8 Y Axis,0x4120,0x4320,-512
60E1D400__vs__60E32000_N3M5E,0x7d468,Coil Control (Map) 8,0x0666,0x0000,1638
60E1D400__vs__60E32000_N3M5E,0x7d47c,OBD Monitor - Threshold vs Coolant Temp Y Axis,0x4120,0x42A0,-384
60E1D400__vs__60E32000_N3M5E,0x7d4a0,OBD Monitor - Threshold vs Coolant Temp,0x0A36,0x0000,2614
60E1D400__vs__60E32000_N3M5E,0x7d4b4,Coil Correction - Threshold vs Coolant Temp Y Axis,0x4120,0x0000,16672
60E1D400__vs__60E32000_N3M5E,0x7d4d8,Coil Correction - Threshold vs Coolant Temp,0x0CE7,0x4334,-13901
60E1D400__vs__60E32000_N3M5E,0x7d4ec,Coil Control (Map) 9 Y Axis,0x3B1B,0x0000,15131
60E1D400__vs__60E32000_N3M5E,0x7d52c,Coil Control (Map) 9,0x265C,0x0000,9820
60E1D400__vs__60E32000_N3M5E,0x7d554,(Unknown - eeprom_manager) Y Axis,0x4120,0x0000,16672
60E1D400__vs__60E32000_N3M5E,0x7d578,(Unknown - eeprom_manager),0x6D73,0x42A0,10963
60E1D400__vs__60E32000_N3M5E,0x7d584,(Unknown - linear_interp_2d) Y Axis,0x3B1B,0x430C,-2033
60E1D400__vs__60E32000_N3M5E,0x7d5c4,(Unknown - linear_interp_2d),0x265C,0x430C,-7344
60E1D400__vs__60E32000_N3M5E,0x7d5e4,(Unknown - linear_interp_2d) 2 Y Axis,0x4120,0x0000,16672
60E1D400__vs__60E32000_N3M5E,0x7d608,(Unknown - linear_interp_2d) 2,0x23CA,0x0000,9162
60E1D400__vs__60E32000_N3M5E,0x7d61c,(Unknown - linear_interp_2d) 3 Y Axis,0x4120,0x4248,-296
60E1D400__vs__60E32000_N3M5E,0x7d640,(Unknown - linear_interp_2d) 3,0x30A4,0x3F7E,-3802
60E1D400__vs__60E32000_N3M5E,0x7d654,EEPROM - Calibration 1 vs Coolant Temp Y Axis,0x4120,0x41F0,-208
60E1D400__vs__60E32000_N3M5E,0x7d678,EEPROM - Calibration 1 vs Coolant Temp,0x0813,0x0937,-292
60E1D400__vs__60E32000_N3M5E,0x7d68c,EEPROM - Calibration 2 vs Coolant Temp Y Axis,0x4120,0x001F,16641
60E1D400__vs__60E32000_N3M5E,0x7d6b0,EEPROM - Calibration 2 vs Coolant Temp,0x05F3,0x4148,-15189
60E1D400__vs__60E32000_N3M5E,0x7d700,Diag Request (Map) Y Axis,0x43FA,0xC130,-32054
60E1D400__vs__60E32000_N3M5E,0x7d728,Diag Request (Map),0x001A,0x4220,-16902
60E1D400__vs__60E32000_N3M5E,0x7d74c,RTOS - Mutex Threshold vs Coolant Temp Y Axis,0x4120,0x2079,8359
60E1D400__vs__60E32000_N3M5E,0x7d770,RTOS - Mutex Threshold vs Coolant Temp,0x2727,0x42A0,-7033
60E1D400__vs__60E32000_N3M5E,0x7d77c,(Unknown - queue_handler) Y Axis,0x412A,0x2330,7674
60E1D400__vs__60E32000_N3M5E,0x7d79c,(Unknown - queue_handler),0x2ED9,0x4248,-4975
60E1D400__vs__60E32000_N3M5E,0x7d7ac,(Unknown - queue_handler) 2 Y Axis,0x412A,0x42B4,-394
60E1D400__vs__60E32000_N3M5E,0x7d7cc,(Unknown - queue_handler) 2,0x1333,0x41F0,-11965
60E1D400__vs__60E32000_N3M5E,0x7d7f8,(Unknown - isr_checker) Y Axis,0x4120,0x0224,16124
60E1D400__vs__60E32000_N3M5E,0x7d81c,(Unknown - isr_checker),0x4017,0x3BE8,1071
60E1D400__vs__60E32000_N3M5E,0x7d830,(Unknown - isr_checker) 2 Y Axis,0x4120,0x3C24,1276
60E1D400__vs__60E32000_N3M5E,0x7d854,(Unknown - isr_checker) 2,0x28F6,0xB34F,-35417
60E1D400__vs__60E32000_N3M5E,0x7d878,LUT - Zero Table 1 vs Coolant Temp Y Axis,0x4120,0x3BAE,1394
60E1D400__vs__60E32000_N3M5E,0x7d89c,LUT - Zero Table 1 vs Coolant Temp,0x0000,0x3C2E,-15406
60E1D400__vs__60E32000_N3M5E,0x7d8c0,LUT - Zero Table 2 vs Coolant Temp Y Axis,0x4120,0xCB87,-35431
60E1D400__vs__60E32000_N3M5E,0x7d8e4,LUT - Zero Table 2 vs Coolant Temp,0x0000,0x3BE1,-15329
60E1D400__vs__60E32000_N3M5E,0x7d908,EEPROM - Ramp vs Coolant Temp Y Axis,0x4120,0x743D,-13085
60E1D400__vs__60E32000_N3M5E,0x7d92c,EEPROM - Ramp vs Coolant Temp,0x3D7A,0x41F0,-1142
60E1D400__vs__60E32000_N3N5EB,0x6cf6c,Barometric Pressure Sensor Max ADC Count,0xF5C2,0x323C,50054
60E1D400__vs__60E32000_N3N5EB,0x6cf6e,Barometric Pressure Sensor Min ADC Count,0x0A3D,0x2421,-6628
60E1D400__vs__60E32000_N3N5EB,0x6cfa4,Fuel Injector - Unknown - Max Injection Angle1??? Y Axis,0x4448,0x666D,-8741
60E1D400__vs__60E32000_N3N5EB,0x6cfe4,Fuel Injector - Unknown - Max Injection Angle1???,0x3C3C,0x1521,10011
60E1D400__vs__60E32000_N3N5EB,0x6cff4,Fuel Injector - Unknown - Max Injection Angle2??? Y Axis,0x4448,0x6063,-7195
60E1D400__vs__60E32000_N3N5EB,0x6d034,Fuel Injector - Unknown - Max Injection Angle2???,0x3C3C,0xFFFF,-50115
60E1D400__vs__60E32000_N3N5EB,0x6d044,Fuel Injector - Unknown - Max Injection Angle3??? Y Axis,0x4448,0x0006,17474
60E1D400__vs__60E32000_N3N5EB,0x6d084,Fuel Injector - Unknown - Max Injection Angle3???,0x3C3C,0x6473,-10295
60E1D400__vs__60E32000_N3N5EB,0x6d0ec,Throttle Plate Something Fuel Cut (Map) Y Axis,0x0000,0xD322,-54050
60E1D400__vs__60E32000_N3N5EB,0x6d114,Throttle Plate Something Fuel Cut (Map),0x0000,0xF447,-62535
60E1D400__vs__60E32000_N3N5EB,0x6d120,Off Throttle Fuel Cut - Fuel Resume - Engine Startup Base Y Axis,0x0000,0x804E,-32846
60E1D400__vs__60E32000_N3N5EB,0x6d138,Off Throttle Fuel Cut - Fuel Resume - Engine Startup Base,0x2C2C,0xE01D,-46065
60E1D400__vs__60E32000_N3N5EB,0x6d140,Engine Load Correction - Fuel Resume Threshold 1 vs RPM Y Axis,0x43FA,0xE01F,-39973
60E1D400__vs__60E32000_N3N5EB,0x6d158,Engine Load Correction - Fuel Resume Threshold 1 vs RPM,0x1919,0x000B,6414
60E1D400__vs__60E32000_N3N5EB,0x6d160,Engine Load Correction - Fuel Resume Threshold 2 vs RPM Y Axis,0x43FA,0x0118,17122
60E1D400__vs__60E32000_N3N5EB,0x6d178,Engine Load Correction - Fuel Resume Threshold 2 vs RPM,0x0C0C,0x0000,3084
60E1D400__vs__60E32000_N3N5EB,0x6d180,Engine Load Correction - Fuel Resume Threshold 3 vs RPM Y Axis,0x43FA,0x2FE6,5140
60E1D400__vs__60E32000_N3N5EB,0x6d198,Engine Load Correction - Fuel Resume Threshold 3 vs RPM,0x0C0C,0x2F86,-9082
60E1D400__vs__60E32000_N3N5EB,0x6d1a0,Idle Related Y Axis,0xC220,0xDD4A,-6954
60E1D400__vs__60E32000_N3N5EB,0x6d1e0,Idle Related,0x09C4,0x326C,-10408
60E1D400__vs__60E32000_N3N5EB,0x6d200,Engine Load Correction (Map) X Axis,0x449C,0x8FD2,-19254
60E1D400__vs__60E32000_N3N5EB,0x6d218,Engine Load Correction (Map) Y Axis,0x3F80,0x4F22,-4002
60E1D400__vs__60E32000_N3N5EB,0x6d230,Engine Load Correction (Map),0x4B38,0xD026,-34030
60E1D400__vs__60E32000_N3N5EB,0x6d254,Off Throttle Fuel Cut - Fuel Resume - In Gear Threshold X Axis,0xC220,0x430B,32533
60E1D400__vs__60E32000_N3N5EB,0x6d294,Off Throttle Fuel Cut - Fuel Resume - In Gear Threshold Y Axis,0x3F80,0x655D,-9693
60E1D400__vs__60E32000_N3N5EB,0x6d2ac,Off Throttle Fuel Cut - Fuel Resume - In Gear Threshold,0x5656,0x6253,-3069
60E1D400__vs__60E32000_N3N5EB,0x6d30c,Off Throttle Fuel Cut - Fuel Resume - NOTUSED X Axis,0xC220,0x0009,49687
60E1D400__vs__60E32000_N3N5EB,0x6d34c,Off Throttle Fuel Cut - Fuel Resume - NOTUSED Y Axis,0x3F80,0x2FE6,3994
60E1D400__vs__60E32000_N3N5EB,0x6d364,Off Throttle Fuel Cut - Fuel Resume - NOTUSED,0x0000,0x611D,-24861
60E1D400__vs__60E32000_N3N5EB,0x6d3c4,Throttle Plate Something Fuel Cut (Map) 2 X Axis,0xC220,0x000B,49685
60E1D400__vs__60E32000_N3N5EB,0x6d404,Throttle Plate Something Fuel Cut (Map) 2 Y Axis,0x3F80,0x622D,-8877
60E1D400__vs__60E32000_N3N5EB,0x6d41c,Throttle Plate Something Fuel Cut (Map) 2,0x0505,0x8801,-33532
60E1D400__vs__60E32000_N3N5EB,0x6d47c,Throttle Plate Something Fuel Cut (Map) 3 X Axis,0xC220,0xE014,-7668
60E1D400__vs__60E32000_N3N5EB,0x6d4bc,Throttle Plate Something Fuel Cut (Map) 3 Y Axis,0x3F80,0x6321,-9121
60E1D400__vs__60E32000_N3N5EB,0x6d4d4,Throttle Plate Something Fuel Cut (Map) 3,0x0505,0xE010,-56075
60E1D400__vs__60E32000_N3N5EB,0x6d53c,Cold Rev Limit Threshold,0x41A0,0x3130,4208
60E1D400__vs__60E32000_N3N5EB,0x6d544,Cold Rev Limit,0x45AB,0x6321,-7542
60E1D400__vs__60E32000_N3N5EB,0x6d54c,Rev Limit,0x460C,0x0009,17923
60E1D400__vs__60E32000_N3N5EB,0x6d584,Ignition Maybe Idle Base Y Axis,0x442F,0xD319,-36586
60E1D400__vs__60E32000_N3N5EB,0x6d59c,Ignition Maybe Idle Base,0x5A5A,0x4500,5466
60E1D400__vs__60E32000_N3N5EB,0x6d5a4,Ignition Temp Correction? Y Axis,0xC220,0x0565,48315
60E1D400__vs__60E32000_N3N5EB,0x6d5c8,Ignition Temp Correction?,0x6464,0xE018,-31668
60E1D400__vs__60E32000_N3N5EB,0x6d5d4,Ignition 2 Y Axis,0x442F,0xE01E,-39919
60E1D400__vs__60E32000_N3N5EB,0x6d5ec,Ignition 2,0x7878,0xFFFF,-34695
60E1D400__vs__60E32000_N3N5EB,0x6d5f4,Ignition Leading 0 Y Axis,0xC220,0x0000,49696
60E1D400__vs__60E32000_N3N5EB,0x6d618,Ignition Leading 0,0x6464,0xD32F,-28363
60E1D400__vs__60E32000_N3N5EB,0x6d624,Ignition Timing Lead X Axis,0x3D80,0x0009,15735
60E1D400__vs__60E32000_N3N5EB,0x6d64c,Ignition Timing Lead Y Axis,0x4448,0x6011,-7113
60E1D400__vs__60E32000_N3N5EB,0x6d668,Ignition Timing Lead,0x6464,0x8D02,-10398
60E1D400__vs__60E32000_N3N5EB,0x6d6b0,Ignition Leading 1 X Axis,0x3D80,0xD60E,-39054
60E1D400__vs__60E32000_N3N5EB,0x6d700,Ignition Leading 1 Y Axis,0x443B,0xD042,-35847
60E1D400__vs__60E32000_N3N5EB,0x6d748,Ignition Leading 1,0x8484,0x325C,21032
60E1D400__vs__60E32000_N3N5EB,0x6d8b0,Ignition Leading Base - Safe Mode X Axis,0x3D80,0x6353,-9683
60E1D400__vs__60E32000_N3N5EB,0x6d900,Ignition Leading Base - Safe Mode Y Axis,0x443B,0xD214,-36313
60E1D400__vs__60E32000_N3N5EB,0x6d948,Ignition Leading Base - Safe Mode,0x8484,0x000B,33913
60E1D400__vs__60E32000_N3N5EB,0x6dab0,Ignition Leading Base X Axis,0x3D80,0x6150,-9168
60E1D400__vs__60E32000_N3N5EB,0x6db00,Ignition Leading Base Y Axis,0x443B,0x2E3E,5629
60E1D400__vs__60E32000_N3N5EB,0x6db48,Ignition Leading Base,0x8484,0x30A3,21473
60E1D400__vs__60E32000_N3N5EB,0x6dcb0,Ignition Leading 4 X Axis,0x3D80,0x0009,15735
60E1D400__vs__60E32000_N3N5EB,0x6dcd8,Ignition Leading 4 Y Axis,0x4448,0x6CF6,-10414
60E1D400__vs__60E32000_N3N5EB,0x6dcf4,Ignition Leading 4,0x7777,0x24B1,21190
60E1D400__vs__60E32000_N3N5EB,0x6dd3c,Ignition X Axis,0x3D80,0xA1EE,-25710
60E1D400__vs__60E32000_N3N5EB,0x6dd8c,Ignition Y Axis,0x443B,0x2FE6,5205
60E1D400__vs__60E32000_N3N5EB,0x6ddd4,Ignition,0x7A7A,0xFFFF,-34181
60E1D400__vs__60E32000_N3N5EB,0x6df3c,Ignition 0 - Safe Mode X Axis,0x3D80,0xFFFF,-49791
60E1D400__vs__60E32000_N3N5EB,0x6df8c,Ignition 0 - Safe Mode Y Axis,0x443B,0xB2F4,-28345
60E1D400__vs__60E32000_N3N5EB,0x6dfd4,Ignition 0 - Safe Mode,0x7A7A,0x6050,6698
60E1D400__vs__60E32000_N3N5EB,0x6e13c,Ignition 1 X Axis,0x3D80,0x1F31,7759
60E1D400__vs__60E32000_N3N5EB,0x6e18c,Ignition 1 Y Axis,0x443B,0x000B,17456
60E1D400__vs__60E32000_N3N5EB,0x6e1d4,Ignition 1,0x7A7A,0x6040,6714
60E1D400__vs__60E32000_N3N5EB,0x6e33c,Ignition Leading 5 X Axis,0x44A2,0xD27F,-36317
60E1D400__vs__60E32000_N3N5EB,0x6e34c,Ignition Leading 5 Y Axis,0x0000,0x4F26,-20262
60E1D400__vs__60E32000_N3N5EB,0x6e358,Ignition Leading 5,0x40A0,0x6CF6,-11350
60E1D400__vs__60E32000_N3N5EB,0x6e388,Ignition Minimum Maybe X Axis,0x44A2,0x2168,9018
60E1D400__vs__60E32000_N3N5EB,0x6e398,Ignition Minimum Maybe Y Axis,0x0000,0x600C,-24588
60E1D400__vs__60E32000_N3N5EB,0x6e3a4,Ignition Minimum Maybe,0x0000,0xC90F,-51471
60E1D400__vs__60E32000_N3N5EB,0x6e458,Ignition Leading/Trailing - On Throttle Coolant Temp Compensation X Axis,0x44A2,0xDD3D,-39067
60E1D400__vs__60E32000_N3N5EB,0x6e464,Ignition Leading/Trailing - On Throttle Coolant Temp Compensation Y Axis,0x4120,0x633D,-8733
60E1D400__vs__60E32000_N3N5EB,0x6e474,Ignition Leading/Trailing - On Throttle Coolant Temp Compensation,0x40E0,0x430B,-555
60E1D400__vs__60E32000_N3N5EB,0x6e4a4,Knock Correction - Light Y Axis,0xC1A0,0xD230,-4240
60E1D400__vs__60E32000_N3N5EB,0x6e4bc,Knock Correction - Light,0x0019,0x7001,-28648
60E1D400__vs__60E32000_N3N5EB,0x6e4c8,Knock Correction - Medium Y Axis,0xC1A0,0x80E5,16571
60E1D400__vs__60E32000_N3N5EB,0x6e4e0,Knock Correction - Medium,0x001E,0x8F03,-36581
60E1D400__vs__60E32000_N3N5EB,0x6e4ec,Knock Correction - Heavy Y Axis,0xC1A0,0x6053,24909
60E1D400__vs__60E32000_N3N5EB,0x6e504,Knock Correction - Heavy,0x0037,0xD512,-54491
60E1D400__vs__60E32000_N3N5EB,0x6e510,Knock Detection Sensitivity Y Axis,0xC1A0,0x2530,40048
60E1D400__vs__60E32000_N3N5EB,0x6e528,Knock Detection Sensitivity,0x003C,0x432B,-17135
60E1D400__vs__60E32000_N3N5EB,0x6e534,Knock Retard Y Axis,0xC1A0,0xFFFF,-15967
60E1D400__vs__60E32000_N3N5EB,0x6e54c,Knock Retard,0x0037,0xFFFF,-65480
60E1D400__vs__60E32000_N3N5EB,0x6e558,Knock Retard 2 Y Axis,0xC1A0,0x0000,49568
60E1D400__vs__60E32000_N3N5EB,0x6e570,Knock Retard 2,0x003C,0xFFFF,-65475
60E1D400__vs__60E32000_N3N5EB,0x6e57c,(Unknown - fpu_multiply_accumulate_filter) Y Axis,0x4416,0xB140,-27946
60E1D400__vs__60E32000_N3N5EB,0x6e5bc,(Unknown - fpu_multiply_accumulate_filter),0x00CB,0x4E0B,-19776
60E1D400__vs__60E32000_N3N5EB,0x6e6d4,Manifold Pressure Limiter (Map) Y Axis,0xC220,0x80E5,16699
60E1D400__vs__60E32000_N3N5EB,0x6e6f0,Manifold Pressure Limiter (Map),0xAFAF,0xD73D,-10126
60E1D400__vs__60E32000_N3N5EB,0x6e6f8,Manifold Pressure Limiter (Map) 2 Y Axis,0xC120,0x4F22,29182
60E1D400__vs__60E32000_N3N5EB,0x6e714,Manifold Pressure Limiter (Map) 2,0xFF5A,0x6653,39175
60E1D400__vs__60E32000_N3N5EB,0x6e71c,Manifold Pressure Limiter (Map) 3 Y Axis,0xC220,0x8421,15871
60E1D400__vs__60E32000_N3N5EB,0x6e738,Manifold Pressure Limiter (Map) 3,0xFAFA,0x666C,38030
60E1D400__vs__60E32000_N3N5EB,0x6e740,Manifold Pressure Limiter (Map) 4 Y Axis,0xC220,0x65F0,23600
60E1D400__vs__60E32000_N3N5EB,0x6e75c,Manifold Pressure Limiter (Map) 4,0x0000,0x023C,-572
60E1D400__vs__60E32000_N3N5EB,0x6e764,Manifold Pressure Limiter (Map) 5 Y Axis,0xC220,0x8F02,13086
60E1D400__vs__60E32000_N3N5EB,0x6e780,Manifold Pressure Limiter (Map) 5,0xB6B6,0x4600,28854
60E1D400__vs__60E32000_N3N5EB,0x6e788,Manifold Pressure Limiter (Map) 6 Y Axis,0xC220,0x8061,16831
60E1D400__vs__60E32000_N3N5EB,0x6e7a4,Manifold Pressure Limiter (Map) 6,0x3232,0x64F0,-12990
60E1D400__vs__60E32000_N3N5EB,0x6e7ac,Manifold Pressure Limiter (Map) 7 Y Axis,0xC316,0x4F26,29680
60E1D400__vs__60E32000_N3N5EB,0x6e7f8,Manifold Pressure Limiter (Map) 7,0x8CCD,0x0006,36039
60E1D400__vs__60E32000_N3N5EB,0x6e820,Idle Target Filter Factor Y Axis,0xC3C8,0x2650,40312
60E1D400__vs__60E32000_N3N5EB,0x6e84c,Idle Target Filter Factor,0x0100,0x000B,245
60E1D400__vs__60E32000_N3N5EB,0x6e864,Idle Target Y Axis,0xC220,0x2F96,37514
60E1D400__vs__60E32000_N3N5EB,0x6e880,Idle Target,0x06A4,0x0009,1691
60E1D400__vs__60E32000_N3N5EB,0x6e890,Idle Target 0 Y Axis,0xC1A0,0x2BA0,38400
60E1D400__vs__60E32000_N3N5EB,0x6e8c0,Idle Target 0,0x06A4,0xD009,-51557
60E1D400__vs__60E32000_N3N5EB,0x6e8d8,Idle Target 1 Y Axis,0xC1A0,0x3462,36158
60E1D400__vs__60E32000_N3N5EB,0x6e908,Idle Target 1,0x05DC,0x2FE6,-10762
60E1D400__vs__60E32000_N3N5EB,0x6e920,Idle Target 2 Y Axis,0xC1A0,0x6DBC,21476
60E1D400__vs__60E32000_N3N5EB,0x6e950,Idle Target 2,0x01F4,0xA02E,-40506
60E1D400__vs__60E32000_N3N5EB,0x6e968,Idle Target 3 Y Axis,0xC1A0,0x8802,14750
60E1D400__vs__60E32000_N3N5EB,0x6e998,Idle Target 3,0x0DAC,0xB085,-41689
60E1D400__vs__60E32000_N3N5EB,0x6e9b0,Idle Target 4 Y Axis,0xC220,0x7F04,17180
60E1D400__vs__60E32000_N3N5EB,0x6e9cc,Idle Target 4,0x06A4,0xD30B,-52327
60E1D400__vs__60E32000_N3N5EB,0x6e9dc,Idle Target 5 Y Axis,0xC220,0x0009,49687
60E1D400__vs__60E32000_N3N5EB,0x6e9f8,Idle Target 5,0x03E8,0x0000,1000
60E1D400__vs__60E32000_N3N5EB,0x6ea08,Idle Target 6 Y Axis,0x42F0,0x0005,17131
60E1D400__vs__60E32000_N3N5EB,0x6ea24,Idle Target 6,0x076C,0xD243,-51927
60E1D400__vs__60E32000_N3N5EB,0x6ea34,Idle Target 7 Y Axis,0xC220,0x967A,11174
60E1D400__vs__60E32000_N3N5EB,0x6ea50,Idle Target 7,0x03E8,0x62E0,-24312
60E1D400__vs__60E32000_N3N5EB,0x6ea60,(Unknown - load_bias_table_interpolator) X Axis,0xC220,0x8D07,13593
60E1D400__vs__60E32000_N3N5EB,0x6ea7c,(Unknown - load_bias_table_interpolator) Y Axis,0x4270,0x8D0B,-19099
60E1D400__vs__60E32000_N3N5EB,0x6ea88,(Unknown - load_bias_table_interpolator),0x3B3B,0x4208,-1741
60E1D400__vs__60E32000_N3N5EB,0x6ead4,Fuel Pressure (Map) Y Axis,0xC220,0x2F30,37616
60E1D400__vs__60E32000_N3N5EB,0x6eaf8,Fuel Pressure (Map),0x0000,0x1E31,-7729
60E1D400__vs__60E32000_N3N5EB,0x6eb04,Fuel Pressure (Map) 2 Y Axis,0xC220,0x0009,49687
60E1D400__vs__60E32000_N3N5EB,0x6eb28,Fuel Pressure (Map) 2,0x8080,0x000B,32885
60E1D400__vs__60E32000_N3N5EB,0x6eb34,Fuel Pressure (Map) 3 Y Axis,0xC220,0x0000,49696
60E1D400__vs__60E32000_N3N5EB,0x6eb58,Fuel Pressure (Map) 3,0x1E1E,0x0006,7704
60E1D400__vs__60E32000_N3N5EB,0x6eb64,Fuel Pressure (Map) 4 Y Axis,0x0000,0x0007,-7
60E1D400__vs__60E32000_N3N5EB,0x6eb88,Fuel Pressure (Map) 4,0x0000,0x0010,-16
60E1D400__vs__60E32000_N3N5EB,0x6eb94,Fuel Pressure (Map) 5 Y Axis,0x43FA,0x4000,1018
60E1D400__vs__60E32000_N3N5EB,0x6eba8,Fuel Pressure (Map) 5,0x7272,0x3BA3,14031
60E1D400__vs__60E32000_N3N5EB,0x6ebb0,Fuel Pressure (Map) 6 Y Axis,0xC1A0,0x0006,49562
60E1D400__vs__60E32000_N3N5EB,0x6ebc8,Fuel Pressure (Map) 6,0x1E1E,0x0007,7703
60E1D400__vs__60E32000_N3N5EB,0x6ebd0,Fuel Pressure (Map) 7 Y Axis,0xC248,0x0006,49730
60E1D400__vs__60E32000_N3N5EB,0x6ec08,Fuel Pressure (Map) 7,0x1D1D,0x0007,7446
60E1D400__vs__60E32000_N3N5EB,0x6ec34,Fuel Controller (Map) Y Axis,0xC1F0,0x0007,49641
60E1D400__vs__60E32000_N3N5EB,0x6ec44,Fuel Controller (Map),0x0000,0x0000,0
60E1D400__vs__60E32000_N3N5EB,0x6ec4c,Fuel Controller (Map) 2 Y Axis,0xC220,0x0007,49689
60E1D400__vs__60E32000_N3N5EB,0x6ec70,Fuel Controller (Map) 2,0x04E2,0x3F00,-14878
60E1D400__vs__60E32000_N3N5EB,0x6ec84,Fuel Controller (Map) 3 Y Axis,0xC220,0x3C23,34301
60E1D400__vs__60E32000_N3N5EB,0x6eca8,Fuel Controller (Map) 3,0x0000,0x0007,-7
60E1D400__vs__60E32000_N3N5EB,0x6ecbc,Fuel Controller (Map) 4 Y Axis,0xC220,0x0007,49689
60E1D400__vs__60E32000_N3N5EB,0x6ece0,Fuel Controller (Map) 4,0x0898,0x0400,1176
60E1D400__vs__60E32000_N3N5EB,0x6ecf4,Fuel Controller (Map) 5 Y Axis,0x4220,0x0007,16921
60E1D400__vs__60E32000_N3N5EB,0x6ed08,Fuel Controller (Map) 5,0x01F4,0x000E,486
60E1D400__vs__60E32000_N3N5EB,0x6ed18,Load Blend Factor - Coolant Temperature Y Axis,0xC220,0x0400,48672
60E1D400__vs__60E32000_N3N5EB,0x6ed3c,Load Blend Factor - Coolant Temperature,0x1611,0x0007,5642
60E1D400__vs__60E32000_N3N5EB,0x6ed48,Load Blend Factor - Coolant Temperature X Blend Variation X Axis,0xC220,0x0000,49696
60E1D400__vs__60E32000_N3N5EB,0x6ed6c,Load Blend Factor - Coolant Temperature X Blend Variation Y Axis,0xC1A0,0x3A83,34589
60E1D400__vs__60E32000_N3N5EB,0x6ed78,Load Blend Factor - Coolant Temperature X Blend Variation,0x2214,0x0007,8717
60E1D400__vs__60E32000_N3N5EB,0x6eda4,Air Charge - RPM X Charge Temperature X Axis,0x0000,0x0007,-7
60E1D400__vs__60E32000_N3N5EB,0x6edd4,Air Charge - RPM X Charge Temperature Y Axis,0xC220,0x0000,49696
60E1D400__vs__60E32000_N3N5EB,0x6edf4,Air Charge - RPM X Charge Temperature,0xFFFF,0x0007,65528
60E1D400__vs__60E32000_N3N5EB,0x6ee54,Ignition Trailing B X Axis,0x3D80,0x0007,15737
60E1D400__vs__60E32000_N3N5EB,0x6eea4,Ignition Trailing B Y Axis,0x43FA,0x0007,17395
60E1D400__vs__60E32000_N3N5EB,0x6eeec,Ignition Trailing B,0x4141,0x0000,16705
60E1D400__vs__60E32000_N3N5EB,0x6f054,Ignition Trailing A X Axis,0x3D80,0x0007,15737
60E1D400__vs__60E32000_N3N5EB,0x6f0a4,Ignition Trailing A Y Axis,0x43FA,0x0007,17395
60E1D400__vs__60E32000_N3N5EB,0x6f0ec,Ignition Trailing A,0x7E7E,0x0007,32375
60E1D400__vs__60E32000_N3N5EB,0x6f254,Ignition Min Split X Axis,0x3D80,0x001F,15713
60E1D400__vs__60E32000_N3N5EB,0x6f2a4,Ignition Min Split Y Axis,0x443B,0x0006,17461
60E1D400__vs__60E32000_N3N5EB,0x6f2ec,Ignition Min Split,0x5A5A,0x0000,23130
60E1D400__vs__60E32000_N3N5EB,0x6f454,Ignition 3 X Axis,0x0000,0x0800,-2048
60E1D400__vs__60E32000_N3N5EB,0x6f4a0,Ignition 3 Y Axis,0x0000,0x0007,-7
60E1D400__vs__60E32000_N3N5EB,0x6f4cc,Ignition 3,0x001F,0x0007,24
60E1D400__vs__60E32000_N3N5EB,0x6f75c,Ignition 4 Y Axis,0xC170,0x0007,49513
60E1D400__vs__60E32000_N3N5EB,0x6f78c,Ignition 4,0x6464,0x0000,25700
60E1D400__vs__60E32000_N3N5EB,0x6f798,Ignition 5 Y Axis,0x428C,0x0007,17029
60E1D400__vs__60E32000_N3N5EB,0x6f79c,Ignition 5,0x64FF,0x3C23,10460
60E1D400__vs__60E32000_N3N5EB,0x6f7a0,Ignition 6 Y Axis,0xC170,0x0000,49520
60E1D400__vs__60E32000_N3N5EB,0x6f7d0,Ignition 6,0x6464,0x0007,25693
60E1D400__vs__60E32000_N3N5EB,0x6f7dc,Ignition 7 Y Axis,0x428C,0xC200,-32628
60E1D400__vs__60E32000_N3N5EB,0x6f7e0,Ignition 7,0x64FF,0x0009,25846
60E1D400__vs__60E32000_N3N5EB,0x6f7e4,Ignition 8 Y Axis,0xC170,0x0007,49513
60E1D400__vs__60E32000_N3N5EB,0x6f7e8,Ignition 8,0x64FF,0x0007,25848
60E1D400__vs__60E32000_N3N5EB,0x6f7ec,Ignition 9 Y Axis,0x428C,0x3E80,1036
60E1D400__vs__60E32000_N3N5EB,0x6f7f0,Ignition 9,0x64FF,0xC200,-23809
60E1D400__vs__60E32000_N3N5EB,0x6f7f4,Ignition 10 Y Axis,0xC170,0x0016,49498
60E1D400__vs__60E32000_N3N5EB,0x6f7f8,Ignition 10,0x64FF,0x0007,25848
60E1D400__vs__60E32000_N3N5EB,0x6f7fc,Ignition 11 Y Axis,0x428C,0x0007,17029
60E1D400__vs__60E32000_N3N5EB,0x6f800,Ignition 11,0x64FF,0x3F00,9727
60E1D400__vs__60E32000_N3N5EB,0x6f804,Ignition 12 Y Axis,0xC1F0,0xC248,-88
60E1D400__vs__60E32000_N3N5EB,0x6f808,Ignition 12,0x64FF,0x0016,25833
60E1D400__vs__60E32000_N3N5EB,0x6f80c,Ignition 13 Y Axis,0xC1F0,0x0007,49641
60E1D400__vs__60E32000_N3N5EB,0x6f810,Ignition 13,0x64FF,0x0007,25848
60E1D400__vs__60E32000_N3N5EB,0x6f814,Ignition 14 X Axis,0xC170,0x3F00,33392
60E1D400__vs__60E32000_N3N5EB,0x6f818,Ignition 14 Y Axis,0x0000,0xC248,-49736
60E1D400__vs__60E32000_N3N5EB,0x6f81c,Ignition 14,0x64FF,0x0009,25846
60E1D400__vs__60E32000_N3N5EB,0x6f820,Ignition 15 X Axis,0x428C,0x0007,17029
60E1D400__vs__60E32000_N3N5EB,0x6f824,Ignition 15 Y Axis,0x0000,0x0007,-7
60E1D400__vs__60E32000_N3N5EB,0x6f828,Ignition 15,0x64FF,0x3F00,9727
60E1D400__vs__60E32000_N3N5EB,0x6f82c,Ignition 16 X Axis,0xC170,0xC220,-176
60E1D400__vs__60E32000_N3N5EB,0x6f830,Ignition 16 Y Axis,0x0000,0x0007,-7
60E1D400__vs__60E32000_N3N5EB,0x6f834,Ignition 16,0x64FF,0x0007,25848
60E1D400__vs__60E32000_N3N5EB,0x6f838,Ignition 17 X Axis,0x428C,0x0007,17029
60E1D400__vs__60E32000_N3N5EB,0x6f83c,Ignition 17 Y Axis,0x0000,0x3A83,-14979
60E1D400__vs__60E32000_N3N5EB,0x6f840,Ignition 17,0x64FF,0x0000,25855
60E1D400__vs__60E32000_N3N5EB,0x6f848,Off Throttle Fuel Cut - Fuel Resume - In Neutral Threshold7  Y Axis,0xC1A0,0x0007,49561
60E1D400__vs__60E32000_N3N5EB,0x6f878,Off Throttle Fuel Cut - Fuel Resume - In Neutral Threshold7,0x909A,0x3A83,22039
60E1D400__vs__60E32000_N3N5EB,0x6f8ec,CLT Sensor Scaling Y Axis,0x3E65,0x3A83,994
60E1D400__vs__60E32000_N3N5EB,0x6f96c,CLT Sensor Scaling,0x430C,0x0000,17164
60E1D400__vs__60E32000_N3N5EB,0x6fa9c,Off Throttle Fuel Cut - Fuel Resume - In Neutral Threshold8  Y Axis,0xC1A0,0x0000,49568
60E1D400__vs__60E32000_N3N5EB,0x6fab0,Off Throttle Fuel Cut - Fuel Resume - In Neutral Threshold8,0xFBFB,0x0800,62459
60E1D400__vs__60E32000_N3N5EB,0x6fab8,Combustion Efficiency - Correction Constant 1 vs Coolant Temp Y Axis,0xC1A0,0x0000,49568
60E1D400__vs__60E32000_N3N5EB,0x6facc,Combustion Efficiency - Correction Constant 1 vs Coolant Temp,0x40A0,0x0800,14496
60E1D400__vs__60E32000_N3N5EB,0x6fae0,Combustion Efficiency - Correction Constant 2 vs Coolant Temp Y Axis,0xC1A0,0x0007,49561
60E1D400__vs__60E32000_N3N5EB,0x6faf4,Combustion Efficiency - Correction Constant 2 vs Coolant Temp,0x42C8,0x0007,17089
60E1D400__vs__60E32000_N3N5EB,0x6fb18,MAF Scaling Y Axis,0x3F5C,0x0007,16213
60E1D400__vs__60E32000_N3N5EB,0x6fbd8,MAF Scaling,0x3FF9,0x0007,16370
60E1D400__vs__60E32000_N3N5EB,0x6fcd8,Knock Margin - State Machine Threshold 1 vs RPM Y Axis,0x43FA,0x0007,17395
60E1D400__vs__60E32000_N3N5EB,0x6fcf8,Knock Margin - State Machine Threshold 1 vs RPM,0x0000,0x0000,0
60E1D400__vs__60E32000_N3N5EB,0x6fd00,Knock Margin - State Machine Threshold 2 vs RPM Y Axis,0x43FA,0x0007,17395
60E1D400__vs__60E32000_N3N5EB,0x6fd20,Knock Margin - State Machine Threshold 2 vs RPM,0x0000,0x0007,-7
60E1D400__vs__60E32000_N3N5EB,0x6fd28,Injector Barometric Pressure Compensation Y Axis,0x428C,0x0800,14988
60E1D400__vs__60E32000_N3N5EB,0x6fd38,Injector Barometric Pressure Compensation,0x3FB3,0x0007,16300
60E1D400__vs__60E32000_N3N5EB,0x6fd48,Lambda Sensor Scaling Y Axis,0xBFA6,0x3C00,33702
60E1D400__vs__60E32000_N3N5EB,0x6fd74,Lambda Sensor Scaling,0x3F42,0x0007,16187
60E1D400__vs__60E32000_N3N5EB,0x6fda0,Ignition - Load Based Spark 1 vs Load g/rev Y Axis,0x0000,0x0007,-7
60E1D400__vs__60E32000_N3N5EB,0x6fde0,Ignition - Load Based Spark 1 vs Load g/rev,0x3C1D,0x0007,15382
60E1D400__vs__60E32000_N3N5EB,0x6fe20,Ignition - Load Based Spark 2 vs Load g/rev Y Axis,0x0000,0x0007,-7
60E1D400__vs__60E32000_N3N5EB,0x6fe60,Ignition - Load Based Spark 2 vs Load g/rev,0x3B90,0x0007,15241
60E1D400__vs__60E32000_N3N5EB,0x6feb8,Off Throttle Fuel Cut - Fuel Resume - In Neutral Threshold9  Y Axis,0xC1A0,0x0007,49561
60E1D400__vs__60E32000_N3N5EB,0x6fee4,Off Throttle Fuel Cut - Fuel Resume - In Neutral Threshold9,0x5974,0x0011,22883
60E1D400__vs__60E32000_N3N5EB,0x6ffa8,IAT Sensor Scaling Y Axis,0x3E5A,0x0007,15955
60E1D400__vs__60E32000_N3N5EB,0x6ffe8,IAT Sensor Scaling,0x42EE,0x0007,17127
60E1D400__vs__60E32000_N3N5EB,0x7005c,MAF Filter Frequency Y Axis,0x0000,0x0012,-18
60E1D400__vs__60E32000_N3N5EB,0x70084,MAF Filter Frequency,0x0E12,0x3C23,-11793
60E1D400__vs__60E32000_N3N5EB,0x70090,IAT Filter Y Axis,0x0000,0x0007,-7
60E1D400__vs__60E32000_N3N5EB,0x700b0,IAT Filter,0x6464,0x0000,25700
60E1D400__vs__60E32000_N3N5EB,0x700b8,CLT Filter Y Axis,0x43C8,0x0007,17345
60E1D400__vs__60E32000_N3N5EB,0x700e0,CLT Filter,0xA0A0,0x0007,41113
60E1D400__vs__60E32000_N3N5EB,0x700ec,Load Signal Y Axis,0xC220,0x0000,49696
60E1D400__vs__60E32000_N3N5EB,0x70110,Load Signal,0x1860,0x3C23,-9155
60E1D400__vs__60E32000_N3N5EB,0x701f0,Barometric Pressure Adjustment Y Axis,0x0000,0x34A3,-13475
60E1D400__vs__60E32000_N3N5EB,0x70230,Barometric Pressure Adjustment,0xA497,0x0007,42128
60E1D400__vs__60E32000_N3N5EB,0x70240,O2 Switch Y Axis,0x0000,0x0007,-7
60E1D400__vs__60E32000_N3N5EB,0x70264,O2 Switch,0x6060,0x0003,24669
60E1D400__vs__60E32000_N3N5EB,0x70270,Fuel - Fuel Trim Learn - Coolant Temperature Threshold Y Axis,0x4248,0x0003,16965
60E1D400__vs__60E32000_N3N5EB,0x7027c,Fuel - Fuel Trim Learn - Coolant Temperature Threshold,0x0000,0x0013,-19
60E1D400__vs__60E32000_N3N5EB,0x70280,TPS Deadband Y Axis,0x0000,0x0007,-7
60E1D400__vs__60E32000_N3N5EB,0x702a4,TPS Deadband,0xA0A0,0x0004,41116
60E1D400__vs__60E32000_N3N5EB,0x702b0,Ignition - Timing Angle Ramp 1 vs RPM Y Axis,0x4448,0x0007,17473
60E1D400__vs__60E32000_N3N5EB,0x702cc,Ignition - Timing Angle Ramp 1 vs RPM,0x0D1B,0x000D,3342
60E1D400__vs__60E32000_N3N5EB,0x702d4,Ignition - Timing Angle Ramp 2 vs RPM Y Axis,0x4448,0x0007,17473
60E1D400__vs__60E32000_N3N5EB,0x702f0,Ignition - Timing Angle Ramp 2 vs RPM,0x0D1B,0x0007,3348
60E1D400__vs__60E32000_N3N5EB,0x702f8,(Unknown - init_control_values) Y Axis,0xC1F0,0x0400,48624
60E1D400__vs__60E32000_N3N5EB,0x70334,(Unknown - init_control_values),0x0000,0x0010,-16
60E1D400__vs__60E32000_N3N5EB,0x70344,Ignition - Coolant Temp Correction vs Coolant Temp Y Axis,0xC1F0,0x0000,49648
60E1D400__vs__60E32000_N3N5EB,0x70380,Ignition - Coolant Temp Correction vs Coolant Temp,0x31B5,0x0006,12719
60E1D400__vs__60E32000_N3N5EB,0x703a0,Load Smoothing Y Axis,0x453B,0x3D4C,2031
60E1D400__vs__60E32000_N3N5EB,0x703bc,Load Smoothing,0x2A30,0x000C,10788
60E1D400__vs__60E32000_N3N5EB,0x703cc,Transmission Load Control - Threshold 1 vs Throttle/Load Y Axis,0x0000,0x0000,0
60E1D400__vs__60E32000_N3N5EB,0x703e4,Transmission Load Control - Threshold 1 vs Throttle/Load,0x0000,0x0010,-16
60E1D400__vs__60E32000_N3N5EB,0x703f0,Transmission Load Control - Threshold 2 vs Throttle/Load Y Axis,0x0000,0x3A80,-14976
60E1D400__vs__60E32000_N3N5EB,0x70414,Transmission Load Control - Threshold 2 vs Throttle/Load,0x001F,0x0007,24
60E1D400__vs__60E32000_N3N5EB,0x70428,Transmission Load Control - Threshold 3 vs Throttle/Load Y Axis,0x0000,0x0007,-7
60E1D400__vs__60E32000_N3N5EB,0x70468,Transmission Load Control - Threshold 3 vs Throttle/Load,0x0001,0x3D4C,-15691
60E1D400__vs__60E32000_N3N5EB,0x70488,Fuel Feedback - Decay Curve 1 vs Load Fraction Y Axis,0x0000,0x0007,-7
60E1D400__vs__60E32000_N3N5EB,0x70504,Fuel Feedback - Decay Curve 1 vs Load Fraction,0x3F80,0x0007,16249
60E1D400__vs__60E32000_N3N5EB,0x70580,Fuel Feedback - Decay Curve 2 vs Load Fraction Y Axis,0x0000,0x0007,-7
60E1D400__vs__60E32000_N3N5EB,0x705fc,Fuel Feedback - Decay Curve 2 vs Load Fraction,0x3F80,0x3A00,1408
60E1D400__vs__60E32000_N3N5EB,0x70678,Fuel Feedback - Decay Curve 3 vs Load Fraction Y Axis,0x0000,0x0000,0
60E1D400__vs__60E32000_N3N5EB,0x706f4,Fuel Feedback - Decay Curve 3 vs Load Fraction,0x3F80,0x0000,16256
60E1D400__vs__60E32000_N3N5EB,0x70770,Fuel Feedback - Decay Curve 4 (u8 copy) vs Load Fraction Y Axis,0x0000,0x0007,-7
60E1D400__vs__60E32000_N3N5EB,0x707ec,Fuel Feedback - Decay Curve 4 (u8 copy) vs Load Fraction,0x3F80,0x0000,16256
60E1D400__vs__60E32000_N3N5EB,0x70868,Fuel - Long Term Fuel Trim - Load Correction Matrix X Axis,0x43FA,0x0007,17395
60E1D400__vs__60E32000_N3N5EB,0x70888,Fuel - Long Term Fuel Trim - Load Correction Matrix Y Axis,0x3D80,0x0006,15738
60E1D400__vs__60E32000_N3N5EB,0x708a8,Fuel - Long Term Fuel Trim - Load Correction Matrix,0x7A7A,0x0007,31347
60E1D400__vs__60E32000_N3N5EB,0x708e8,Closed Loop WOT Enrichment?? X Axis,0x43FA,0x0000,17402
60E1D400__vs__60E32000_N3N5EB,0x70918,Closed Loop WOT Enrichment?? Y Axis,0x425C,0x0007,16981
60E1D400__vs__60E32000_N3N5EB,0x70924,Closed Loop WOT Enrichment??,0x0000,0xC248,-49736
60E1D400__vs__60E32000_N3N5EB,0x70948,Fuel Control (Map) X Axis,0x3FA3,0x0007,16284
60E1D400__vs__60E32000_N3N5EB,0x7097c,Fuel Control (Map) Y Axis,0x4448,0x0800,15432
60E1D400__vs__60E32000_N3N5EB,0x70998,Fuel Control (Map),0x130B,0x0000,4875
60E1D400__vs__60E32000_N3N5EB,0x70a50,Fuel Control (Map) 2 X Axis,0x3FA3,0x0000,16291
60E1D400__vs__60E32000_N3N5EB,0x70a84,Fuel Control (Map) 2 Y Axis,0x4448,0x0007,17473
60E1D400__vs__60E32000_N3N5EB,0x70aa0,Fuel Control (Map) 2,0x0133,0x0007,300
60E1D400__vs__60E32000_N3N5EB,0x70b58,Transmission Load Control (Map) X Axis,0x41A0,0x0800,14752
60E1D400__vs__60E32000_N3N5EB,0x70b78,Transmission Load Control (Map) Y Axis,0x3DCC,0x3C23,425
60E1D400__vs__60E32000_N3N5EB,0x70b9c,Transmission Load Control (Map),0x2710,0x0008,9992
60E1D400__vs__60E32000_N3N5EB,0x70c2c,Transmission Load Control (Map) 2 X Axis,0x41A0,0x0800,14752
60E1D400__vs__60E32000_N3N5EB,0x70c4c,Transmission Load Control (Map) 2 Y Axis,0x3DCC,0x3B00,716
60E1D400__vs__60E32000_N3N5EB,0x70c70,Transmission Load Control (Map) 2,0x2710,0x0007,9993
60E1D400__vs__60E32000_N3N5EB,0x70d00,Transmission Load Control (Map) 3 X Axis,0x41A0,0x0007,16793
60E1D400__vs__60E32000_N3N5EB,0x70d20,Transmission Load Control (Map) 3 Y Axis,0x3E05,0x3C23,482
60E1D400__vs__60E32000_N3N5EB,0x70d44,Transmission Load Control (Map) 3,0x28F0,0x0007,10473
60E1D400__vs__60E32000_N3N5EB,0x70dd4,Fuel Enrichment Control (Map) X Axis,0x43FA,0x3F48,1202
60E1D400__vs__60E32000_N3N5EB,0x70e04,Fuel Enrichment Control (Map) Y Axis,0x3DCC,0x0007,15813
60E1D400__vs__60E32000_N3N5EB,0x70e44,Fuel Enrichment Control (Map),0x2328,0x0007,8993
60E1D400__vs__60E32000_N3N5EB,0x70fc4,Fuel Enrichment Control (Map) 2 X Axis,0x43FA,0xFFFF,-48133
60E1D400__vs__60E32000_N3N5EB,0x70ff4,Fuel Enrichment Control (Map) 2 Y Axis,0x3DCC,0xFFFF,-49715
60E1D400__vs__60E32000_N3N5EB,0x71034,Fuel Enrichment Control (Map) 2,0x2328,0x436F,-8263
60E1D400__vs__60E32000_N3N5EB,0x711b4,Vtec Timing Control (Map) X Axis,0x3FA3,0x4516,-1395
60E1D400__vs__60E32000_N3N5EB,0x711e8,Vtec Timing Control (Map) Y Axis,0x4448,0x3C3C,2060
60E1D400__vs__60E32000_N3N5EB,0x71204,Vtec Timing Control (Map),0x27D8,0x4516,-7486
60E1D400__vs__60E32000_N3N5EB,0x712bc,Vtec Timing Control (Map) 2 X Axis,0x3FA3,0x461C,-1657
60E1D400__vs__60E32000_N3N5EB,0x712f0,Vtec Timing Control (Map) 2 Y Axis,0x4448,0x4494,-76
60E1D400__vs__60E32000_N3N5EB,0x7130c,Vtec Timing Control (Map) 2,0x27D8,0x45FA,-7714
60E1D400__vs__60E32000_N3N5EB,0x713c4,Transmission Load Control (Map) 4 X Axis,0x0000,0x4248,-16968
60E1D400__vs__60E32000_N3N5EB,0x713ec,Transmission Load Control (Map) 4 Y Axis,0xC220,0x0753,47821
60E1D400__vs__60E32000_N3N5EB,0x71408,Transmission Load Control (Map) 4,0x0000,0x459B,-17819
60E1D400__vs__60E32000_N3N5EB,0x7158c,(Unknown - wankel_rotary_control) Y Axis,0x0000,0x0505,-1285
60E1D400__vs__60E32000_N3N5EB,0x715bc,(Unknown - wankel_rotary_control),0x3333,0x0505,11822
60E1D400__vs__60E32000_N3N5EB,0x715c8,(Unknown - wankel_rotary_control) 2 Y Axis,0x0000,0xC1F0,-49648
60E1D400__vs__60E32000_N3N5EB,0x715f8,(Unknown - wankel_rotary_control) 2,0x3333,0x42B4,-3969
60E1D400__vs__60E32000_N3N5EB,0x71604,(Unknown - wankel_rotary_control) 3 Y Axis,0x0000,0x3F80,-16256
60E1D400__vs__60E32000_N3N5EB,0x71634,(Unknown - wankel_rotary_control) 3,0x0A0A,0x0505,1285
60E1D400__vs__60E32000_N3N5EB,0x71640,Secondary Fuel (Map) Y Axis,0x0000,0x0505,-1285
60E1D400__vs__60E32000_N3N5EB,0x71664,Secondary Fuel (Map),0x0000,0x0505,-1285
60E1D400__vs__60E32000_N3N5EB,0x71670,Secondary Fuel (Map) 2 Y Axis,0x0000,0x0505,-1285
60E1D400__vs__60E32000_N3N5EB,0x71694,Secondary Fuel (Map) 2,0x0000,0x45EA,-17898
60E1D400__vs__60E32000_N3N5EB,0x716a0,Secondary Fuel (Map) 3 Y Axis,0x0000,0x451C,-17692
60E1D400__vs__60E32000_N3N5EB,0x716c4,Secondary Fuel (Map) 3,0x1E1E,0x4348,-9514
60E1D400__vs__60E32000_N3N5EB,0x716d0,Secondary Fuel (Map) 4 Y Axis,0x0000,0x4180,-16768
60E1D400__vs__60E32000_N3N5EB,0x716f4,Secondary Fuel (Map) 4,0x1E1E,0x44D4,-9910
60E1D400__vs__60E32000_N3N5EB,0x71700,Obd Validation Check (Map) Y Axis,0x0000,0x5A5A,-23130
60E1D400__vs__60E32000_N3N5EB,0x71724,Obd Validation Check (Map),0x1919,0x44D4,-11195
60E1D400__vs__60E32000_N3N5EB,0x71730,Obd Validation Check (Map) 2 Y Axis,0x0000,0x44ED,-17645
60E1D400__vs__60E32000_N3N5EB,0x71754,Obd Validation Check (Map) 2,0x1919,0x3E40,-9511
60E1D400__vs__60E32000_N3N5EB,0x71760,Fuel Trim - Update Step vs Throttle Position Y Axis,0x41A0,0x3EC0,736
60E1D400__vs__60E32000_N3N5EB,0x71784,Fuel Trim - Update Step vs Throttle Position,0x927C,0x44FA,19842
60E1D400__vs__60E32000_N3N5EB,0x71798,Lambda Integration Time Constant Y Axis,0x0000,0x666C,-26220
60E1D400__vs__60E32000_N3N5EB,0x717bc,Lambda Integration Time Constant,0x03E8,0x3E00,-14872
60E1D400__vs__60E32000_N3N5EB,0x717d0,Lambda Parameter Y Axis,0x0000,0x3EE0,-16096
60E1D400__vs__60E32000_N3N5EB,0x717f4,Lambda Parameter,0x03E8,0x443B,-16467
60E1D400__vs__60E32000_N3N5EB,0x71808,Ignition Timing Output (Map) Y Axis,0x0000,0x453B,-17723
60E1D400__vs__60E32000_N3N5EB,0x71828,Ignition Timing Output (Map),0x05DC,0x45DA,-16382
60E1D400__vs__60E32000_N3N5EB,0x71838,Ignition Timing Output (Map) 2 Y Axis,0x0000,0x7470,-29808
60E1D400__vs__60E32000_N3N5EB,0x71868,Ignition Timing Output (Map) 2,0x0000,0x6E6E,-28270
60E1D400__vs__60E32000_N3N5EB,0x71880,Rotary - Position Correction 1 vs Rotor Position Y Axis,0x0000,0x9994,-39316
60E1D400__vs__60E32000_N3N5EB,0x718b0,Rotary - Position Correction 1 vs Rotor Position,0xBCA3,0x8888,13339
60E1D400__vs__60E32000_N3N5EB,0x718e0,Rotary - Position Correction 2 vs Rotor Position Y Axis,0x0000,0xAEAA,-44714
60E1D400__vs__60E32000_N3N5EB,0x71910,Rotary - Position Correction 2 vs Rotor Position,0x3C23,0x9A98,-24181
60E1D400__vs__60E32000_N3N5EB,0x71940,Rotary - Position Correction 3 vs Rotor Position Y Axis,0x0000,0x44C8,-17608
60E1D400__vs__60E32000_N3N5EB,0x71970,Rotary - Position Correction 3 vs Rotor Position,0xBCA3,0x5C69,24634
60E1D400__vs__60E32000_N3N5EB,0x71a50,Sensor Validation Monitor (Map) Y Axis,0x43FA,0x9F97,-23453
60E1D400__vs__60E32000_N3N5EB,0x71a78,Sensor Validation Monitor (Map),0x1717,0xA8AA,-37267
60E1D400__vs__60E32000_N3N5EB,0x71a84,Sensor Validation - Threshold vs RPM Y Axis,0x447A,0xA6A6,-25132
60E1D400__vs__60E32000_N3N5EB,0x71a98,Sensor Validation - Threshold vs RPM,0x005E,0xA49F,-42049
60E1D400__vs__60E32000_N3N5EB,0x71aa4,Sensor Validation Monitor (Map) 2 Y Axis,0x3DCC,0xA4A0,-26324
60E1D400__vs__60E32000_N3N5EB,0x71acc,Sensor Validation Monitor (Map) 2,0x02BC,0x9B9B,-39135
60E1D400__vs__60E32000_N3N5EB,0x71ae0,Sensor Validation Monitor (Map) 3 Y Axis,0x3DCC,0x44FA,-1838
60E1D400__vs__60E32000_N3N5EB,0x71b08,Sensor Validation Monitor (Map) 3,0x0FA0,0xC1C8,-45608
60E1D400__vs__60E32000_N3N5EB,0x71b1c,Adaptive Control - Constant vs RPM Y Axis,0x4448,0xC1C8,-32128
60E1D400__vs__60E32000_N3N5EB,0x71b44,Adaptive Control - Constant vs RPM,0x009C,0xC170,-49364
60E1D400__vs__60E32000_N3N5EB,0x71b58,Combustion Control - Constant vs Load Fraction Y Axis,0x0000,0xC1C8,-49608
60E1D400__vs__60E32000_N3N5EB,0x71b70,Combustion Control - Constant vs Load Fraction,0x0138,0x0000,312
60E1D400__vs__60E32000_N3N5EB,0x71b7c,Engine Load Control - Threshold vs Load Fraction Y Axis,0x0000,0x3F80,-16256
60E1D400__vs__60E32000_N3N5EB,0x71b94,Engine Load Control - Threshold vs Load Fraction,0x061A,0x42C8,-15534
60E1D400__vs__60E32000_N3N5EB,0x71cac,Fuelling - Safe Mode Y Axis,0x4220,0x44D4,-692
60E1D400__vs__60E32000_N3N5EB,0x71cd0,Fuelling - Safe Mode,0x8080,0x00C8,32696
60E1D400__vs__60E32000_N3N5EB,0x71cdc,Fuelling 0 Y Axis,0x4220,0x00A3,16765
60E1D400__vs__60E32000_N3N5EB,0x71ce0,Fuelling 0,0x80FF,0x009F,32864
60E1D400__vs__60E32000_N3N5EB,0x71ce4,Fuelling 1 Y Axis,0xC220,0x00A0,49536
60E1D400__vs__60E32000_N3N5EB,0x71d00,Fuelling 1,0x8080,0x0271,32271
60E1D400__vs__60E32000_N3N5EB,0x71d08,Fuelling 2 - Safe Mode Y Axis,0x4220,0x0001,16927
60E1D400__vs__60E32000_N3N5EB,0x71d2c,Fuelling 2 - Safe Mode,0x8080,0x4120,16224
60E1D400__vs__60E32000_N3N5EB,0x71d38,Fuelling 3 Y Axis,0x4220,0x0000,16928
60E1D400__vs__60E32000_N3N5EB,0x71d5c,Fuelling 3,0x8080,0x444A,15414
60E1D400__vs__60E32000_N3N5EB,0x71d68,Fuelling 4 Y Axis,0xC220,0x3E23,33789
60E1D400__vs__60E32000_N3N5EB,0x71d84,Fuelling 4,0x8080,0x444F,15409
60E1D400__vs__60E32000_N3N5EB,0x71d8c,Fuelling 5 Y Axis,0x43FA,0x444F,-85
60E1D400__vs__60E32000_N3N5EB,0x71dd4,Fuelling 5,0xA5A5,0x0000,42405
60E1D400__vs__60E32000_N3N5EB,0x71de8,Fuelling 6 Y Axis,0x43FA,0xAFAF,-27573
60E1D400__vs__60E32000_N3N5EB,0x71e30,Fuelling 6,0xA5A5,0x6666,16191
60E1D400__vs__60E32000_N3N5EB,0x71e44,Fuelling 7 Y Axis,0x43FA,0x41A0,602
60E1D400__vs__60E32000_N3N5EB,0x71e8c,Fuelling 7,0xA5A5,0x41A0,25605
60E1D400__vs__60E32000_N3N5EB,0x71ea0,Closed Loop Fuelling Threshold (Unknown A) Y Axis,0x443B,0x4316,293
60E1D400__vs__60E32000_N3N5EB,0x71ed0,Closed Loop Fuelling Threshold (Unknown A),0x545A,0xC348,-28398
60E1D400__vs__60E32000_N3N5EB,0x71edc,Closed Loop Fuelling Threshold (Throttle Position)  Y Axis,0x43FA,0x0000,17402
60E1D400__vs__60E32000_N3N5EB,0x71f28,Closed Loop Fuelling Threshold (Throttle Position),0x7878,0xC220,-18856
60E1D400__vs__60E32000_N3N5EB,0x71f3c,Rotary Combustion Efficiency (Map) Y Axis,0x43FA,0x4270,394
60E1D400__vs__60E32000_N3N5EB,0x71f84,Rotary Combustion Efficiency (Map),0xF064,0x06A4,59840
60E1D400__vs__60E32000_N3N5EB,0x71f98,Sensors - MAF - Rotary Chamber Scalar Y Axis,0x43FA,0x03B6,16452
60E1D400__vs__60E32000_N3N5EB,0x71f9c,Sensors - MAF - Rotary Chamber Scalar,0xFAFF,0xC1A0,14687
60E1D400__vs__60E32000_N3N5EB,0x71fa0,Wankel Chamber Pressure Analysis (Map) Y Axis,0x43FA,0xC120,-32038
60E1D400__vs__60E32000_N3N5EB,0x71fe8,Wankel Chamber Pressure Analysis (Map),0xDCDC,0xC120,7100
60E1D400__vs__60E32000_N3N5EB,0x71ffc,Fuel - Fuel Control - State Scalar Y Axis,0x43FA,0x41C8,562
60E1D400__vs__60E32000_N3N5EB,0x72000,Fuel - Fuel Control - State Scalar,0xFAFF,0x41F0,47375
60E1D400__vs__60E32000_N3N5EB,0x72004,Wankel Chamber Pressure Analysis (Map) 2 Y Axis,0x43FA,0x420C,494
60E1D400__vs__60E32000_N3N5EB,0x7204c,Wankel Chamber Pressure Analysis (Map) 2,0xDCDC,0x41A0,39740
60E1D400__vs__60E32000_N3N5EB,0x72060,Sensors - Wankel - Chamber Pressure Scalar Y Axis,0x43FA,0x0672,15752
60E1D400__vs__60E32000_N3N5EB,0x72064,Sensors - Wankel - Chamber Pressure Scalar,0xFAFF,0x04B0,63055
60E1D400__vs__60E32000_N3N5EB,0x72068,Fuelling 8 Y Axis,0x453B,0x032A,16913
60E1D400__vs__60E32000_N3N5EB,0x72084,Fuelling 8,0x1A1A,0x42A0,-10374
60E1D400__vs__60E32000_N3N5EB,0x7208c,Closed/Open Loop - Threshold 1 vs RPM Y Axis,0x443B,0x03E8,16467
60E1D400__vs__60E32000_N3N5EB,0x720bc,Closed/Open Loop - Threshold 1 vs RPM,0x0000,0x03E8,-1000
60E1D400__vs__60E32000_N3N5EB,0x720d4,Closed/Open Loop - Scalar Threshold Y Axis,0x443B,0x42A0,411
60E1D400__vs__60E32000_N3N5EB,0x720d8,Closed/Open Loop - Scalar Threshold,0x009C,0x42C8,-16940
60E1D400__vs__60E32000_N3N5EB,0x720dc,Closed/Open Loop - Threshold 2 vs RPM Y Axis,0x443B,0x3B34,2311
60E1D400__vs__60E32000_N3N5EB,0x72124,Closed/Open Loop - Threshold 3 vs RPM Y Axis,0x443B,0x3E19,1570
60E1D400__vs__60E32000_N3N5EB,0x72154,Closed/Open Loop - Threshold 3 vs RPM,0x0000,0x4040,-16448
60E1D400__vs__60E32000_N3N5EB,0x7216c,Knock Detection - Threshold 1 vs Coolant Temp Y Axis,0xC220,0x3C23,34301
60E1D400__vs__60E32000_N3N5EB,0x72188,Knock Detection - Threshold 1 vs Coolant Temp,0x007D,0xC220,-49571
60E1D400__vs__60E32000_N3N5EB,0x72198,Knock Detection - Threshold 2 vs Coolant Temp Y Axis,0xC220,0x4220,32768
60E1D400__vs__60E32000_N3N5EB,0x721b4,Knock Detection - Threshold 2 vs Coolant Temp,0x007D,0x01F4,-375
60E1D400__vs__60E32000_N3N5EB,0x721c4,Knock - Apex Seal Threshold vs RPM Y Axis,0x455A,0xC1A0,-31814
60E1D400__vs__60E32000_N3N5EB,0x721d8,Knock - Apex Seal Threshold vs RPM,0x002C,0x4270,-16964
60E1D400__vs__60E32000_N3N5EB,0x721e4,Closed/Open Loop - Threshold 4 vs RPM Y Axis,0x453B,0x05DC,16223
60E1D400__vs__60E32000_N3N5EB,0x72200,Closed/Open Loop - Threshold 4 vs RPM,0x0010,0x4270,-16992
60E1D400__vs__60E32000_N3N5EB,0x72210,Closed/Open Loop - Threshold 5 vs RPM Y Axis,0x453B,0x02BC,17023
60E1D400__vs__60E32000_N3N5EB,0x7222c,Closed/Open Loop - Threshold 5 vs RPM,0x0010,0x4220,-16912
60E1D400__vs__60E32000_N3N5EB,0x7223c,Fuelling 9 - Safe Mode X Axis,0x43FA,0x42C8,306
60E1D400__vs__60E32000_N3N5EB,0x7226c,Fuelling 9 - Safe Mode Y Axis,0x41A0,0x0000,16800
60E1D400__vs__60E32000_N3N5EB,0x7228c,Fuelling 9 - Safe Mode,0x0000,0x001F,-31
60E1D400__vs__60E32000_N3N5EB,0x722ec,Fuelling 10 - Safe Mode X Axis,0x0000,0xFFFF,-65535
60E1D400__vs__60E32000_N3N5EB,0x72340,Fuelling 10 - Safe Mode Y Axis,0x43FA,0x3F30,1226
60E1D400__vs__60E32000_N3N5EB,0x7238c,Fuelling 10 - Safe Mode,0x0000,0x45DA,-17882
60E1D400__vs__60E32000_N3N5EB,0x7251c,Fuelling 11 X Axis,0x43FA,0x865B,-16993
60E1D400__vs__60E32000_N3N5EB,0x72520,Fuelling 11 Y Axis,0x41A0,0x2F27,4729
60E1D400__vs__60E32000_N3N5EB,0x72524,Fuelling 11,0x00FF,0x1212,-4371
60E1D400__vs__60E32000_N3N5EB,0x72528,Fuelling 12 X Axis,0x0000,0xB1B1,-45489
60E1D400__vs__60E32000_N3N5EB,0x7252c,Fuelling 12 Y Axis,0x43FA,0x453F,-325
60E1D400__vs__60E32000_N3N5EB,0x72530,Fuelling 12,0x00FF,0x2423,-8996
60E1D400__vs__60E32000_N3N5EB,0x72534,Fuelling 13 - Safe Mode X Axis,0x43FA,0x1212,12776
60E1D400__vs__60E32000_N3N5EB,0x72564,Fuelling 13 - Safe Mode Y Axis,0x41A0,0x897A,-18394
60E1D400__vs__60E32000_N3N5EB,0x72584,Fuelling 13 - Safe Mode,0x0000,0xA09D,-41117
60E1D400__vs__60E32000_N3N5EB,0x725e4,Fuelling 14 - Safe mode X Axis,0x0000,0x45DA,-17882
60E1D400__vs__60E32000_N3N5EB,0x72638,Fuelling 14 - Safe mode Y Axis,0x43FA,0x001C,17374
60E1D400__vs__60E32000_N3N5EB,0x72684,Fuelling 14 - Safe mode,0x0000,0x090A,-2314
60E1D400__vs__60E32000_N3N5EB,0x72814,Fuelling 15 X Axis,0x43FA,0x41A0,602
60E1D400__vs__60E32000_N3N5EB,0x72844,Fuelling 15 Y Axis,0x41A0,0x40A0,256
60E1D400__vs__60E32000_N3N5EB,0x72864,Fuelling 15,0x0000,0x6464,-25700
60E1D400__vs__60E32000_N3N5EB,0x728c4,Fuelling 16 X Axis,0x0000,0x4120,-16672
60E1D400__vs__60E32000_N3N5EB,0x72918,Fuelling 16 Y Axis,0x43FA,0x4040,954
60E1D400__vs__60E32000_N3N5EB,0x72964,Fuelling 16,0x0000,0x3FDB,-16347
60E1D400__vs__60E32000_N3N5EB,0x72b38,Ignition - Adaptive Step vs RPM Y Axis,0x4448,0x4120,808
60E1D400__vs__60E32000_N3N5EB,0x72b64,Ignition - Adaptive Step vs RPM,0x0008,0x3F5C,-16212
60E1D400__vs__60E32000_N3N5EB,0x72bfc,Temp Correction A Y Axis,0x0000,0x407C,-16508
60E1D400__vs__60E32000_N3N5EB,0x72c20,Temp Correction A,0x1010,0x4096,-12422
60E1D400__vs__60E32000_N3N5EB,0x72c2c,Temp Correction B Y Axis,0x0000,0x404F,-16463
60E1D400__vs__60E32000_N3N5EB,0x72c50,Temp Correction B,0x1010,0x40FC,-12524
60E1D400__vs__60E32000_N3N5EB,0x72c88,Ignition Leading - Idle Error Timing Correction - Unknown Bool False Y Axis,0xC2C8,0x4235,32915
60E1D400__vs__60E32000_N3N5EB,0x72cac,Ignition Leading - Idle Error Timing Correction - Unknown Bool False,0x9C94,0x4310,22916
60E1D400__vs__60E32000_N3N5EB,0x72cb8,Ignition Leading - Idle Error Timing Correction - Unknown Bool True Y Axis,0xC2C8,0x4341,32647
60E1D400__vs__60E32000_N3N5EB,0x72cdc,Ignition Leading - Idle Error Timing Correction - Unknown Bool True,0x9C94,0x43B1,22755
60E1D400__vs__60E32000_N3N5EB,0x72ce8,Ignition Trailing - Idle Error Timing Correction - Unknown Bool False Y Axis,0xC2C8,0x3E1F,33961
60E1D400__vs__60E32000_N3N5EB,0x72d0c,Ignition Trailing - Idle Error Timing Correction - Unknown Bool False,0x9C94,0x3F80,23828
60E1D400__vs__60E32000_N3N5EB,0x72d18,Ignition Trailing - Idle Error Timing Correction - Unknown Bool True Y Axis,0xC2C8,0x3F80,33608
60E1D400__vs__60E32000_N3N5EB,0x72d3c,Ignition Trailing - Idle Error Timing Correction - Unknown Bool True,0x9C94,0x4120,23412
60E1D400__vs__60E32000_N3N5EB,0x72d78,WOT Enrichment Threshold Y Axis,0x0000,0x0000,0
60E1D400__vs__60E32000_N3N5EB,0x72dd0,WOT Enrichment Threshold,0x8C8C,0x4296,18934
60E1D400__vs__60E32000_N3N5EB,0x72de8,Cold Start Enrichment Threshold Y Axis,0x0000,0x0000,0
60E1D400__vs__60E32000_N3N5EB,0x72e40,Cold Start Enrichment Threshold,0x8C8C,0x000A,35970
60E1D400__vs__60E32000_N3N5EB,0x72e60,Ignition Leading/Trailing - Intake Air Temperature Compensation - On Throttle Y Axis,0x41A0,0x4170,48
60E1D400__vs__60E32000_N3N5EB,0x72e84,Ignition Leading/Trailing - Intake Air Temperature Compensation - On Throttle,0x5050,0x4270,3552
60E1D400__vs__60E32000_N3N5EB,0x72e90,Warm-up Enrichment B Y Axis,0x41A0,0x4296,-246
60E1D400__vs__60E32000_N3N5EB,0x72eb4,Warm-up Enrichment B,0x5050,0x428C,3524
60E1D400__vs__60E32000_N3N5EB,0x72ec0,Dual Channel Fuel Computation (Map) Y Axis,0x0000,0x42D2,-17106
60E1D400__vs__60E32000_N3N5EB,0x72edc,Dual Channel Fuel Computation (Map),0x0000,0xBEF0,-48880
60E1D400__vs__60E32000_N3N5EB,0x72eec,Dual Channel Fuel Computation (Map) 2 Y Axis,0x0000,0x3E75,-15989
60E1D400__vs__60E32000_N3N5EB,0x72f08,Dual Channel Fuel Computation (Map) 2,0x0000,0x3F65,-16229
60E1D400__vs__60E32000_N3N5EB,0x72f18,Dual Channel Fuel Computation (Map) 3 Y Axis,0x0000,0x3F8D,-16269
60E1D400__vs__60E32000_N3N5EB,0x72f34,Dual Channel Fuel Computation (Map) 3,0x0000,0x0000,0
60E1D400__vs__60E32000_N3N5EB,0x72f4c,Secondary Fuel Trimmer (Map) Y Axis,0x0000,0x0FD2,-4050
60E1D400__vs__60E32000_N3N5EB,0x72f64,Secondary Fuel Trimmer (Map),0x0672,0x000A,1640
60E1D400__vs__60E32000_N3N5EB,0x72f7c,DSC Mode C - Max Throttle Plate Opening Allowed Y Axis,0x0000,0x3E79,-15993
60E1D400__vs__60E32000_N3N5EB,0x72fc8,DSC Mode C - Max Throttle Plate Opening Allowed,0x1313,0x3F80,-11373
60E1D400__vs__60E32000_N3N5EB,0x72fdc,Torque To Accel Position X Axis,0x0000,0x3E7A,-15994
60E1D400__vs__60E32000_N3N5EB,0x73044,Torque To Accel Position Y Axis,0x43FA,0x4083,887
60E1D400__vs__60E32000_N3N5EB,0x73090,Torque To Accel Position,0x0021,0x0CFF,-3294
60E1D400__vs__60E32000_N3N5EB,0x7346c,Throttle Position To Torque X Axis,0x0000,0x3D75,-15733
60E1D400__vs__60E32000_N3N5EB,0x734a4,Throttle Position To Torque Y Axis,0x0000,0x3F10,-16144
60E1D400__vs__60E32000_N3N5EB,0x734f4,Throttle Position To Torque,0x8000,0x7E2C,468
60E1D400__vs__60E32000_N3N5EB,0x73768,Idle Speed Control Task (Map) Y Axis,0x428C,0x0010,17020
60E1D400__vs__60E32000_N3N5EB,0x73778,Idle Speed Control Task (Map),0x0002,0xC120,-49438
60E1D400__vs__60E32000_N3N5EB,0x7377c,Idle Speed Control Task (Map) 2 Y Axis,0x0000,0x0000,0
60E1D400__vs__60E32000_N3N5EB,0x737bc,Idle Speed Control Task (Map) 2,0x0000,0x4220,-16928
60E1D400__vs__60E32000_N3N5EB,0x737dc,Idle Speed Control Task (Map) 3 X Axis,0x41F0,0x0707,15081
60E1D400__vs__60E32000_N3N5EB,0x737f8,Idle Speed Control Task (Map) 3 Y Axis,0x428C,0x0262,16426
60E1D400__vs__60E32000_N3N5EB,0x73808,Idle Speed Control Task (Map) 3,0x0000,0x4170,-16752
60E1D400__vs__60E32000_N3N5EB,0x73824,Idle Speed Control Task (Map) 4 X Axis,0x41A0,0x4248,-168
60E1D400__vs__60E32000_N3N5EB,0x73848,Idle Speed Control Task (Map) 4 Y Axis,0x4416,0x03E8,16430
60E1D400__vs__60E32000_N3N5EB,0x7386c,Idle Speed Control Task (Map) 4,0x0022,0x44BB,-17561
60E1D400__vs__60E32000_N3N5EB,0x738c0,(Unknown - fault_gated_float_out) X Axis,0x0000,0x455A,-17754
60E1D400__vs__60E32000_N3N5EB,0x73900,(Unknown - fault_gated_float_out) Y Axis,0x0000,0x0000,0
60E1D400__vs__60E32000_N3N5EB,0x7393c,(Unknown - fault_gated_float_out),0x000F,0x4448,-17465
60E1D400__vs__60E32000_N3N5EB,0x73b1c,(Unknown - float_map_3pt_calc) Y Axis,0x4030,0x41F0,-448
60E1D400__vs__60E32000_N3N5EB,0x73b70,(Unknown - float_map_3pt_calc),0x0005,0x2968,-10595
60E1D400__vs__60E32000_N3N5EB,0x73b88,(Unknown - float_map_3pt_calc) 2 Y Axis,0xC1F0,0x2756,39578
60E1D400__vs__60E32000_N3N5EB,0x73bbc,(Unknown - float_map_3pt_calc) 2,0x6464,0x2665,15871
60E1D400__vs__60E32000_N3N5EB,0x73bcc,(Unknown - float_map_3pt_calc) 3 Y Axis,0xC1F0,0x257A,40054
60E1D400__vs__60E32000_N3N5EB,0x73c00,(Unknown - float_map_3pt_calc) 3,0x2D28,0x428C,-5476
60E1D400__vs__60E32000_N3N5EB,0x73c24,Throttle - Pedal Position - Sensor Mode A Y Axis,0xC1A0,0x3EE0,33472
60E1D400__vs__60E32000_N3N5EB,0x73c50,Throttle - Pedal Position - Sensor Mode A,0xC8C8,0x29A6,40738
60E1D400__vs__60E32000_N3N5EB,0x73c5c,Throttle - Pedal Position - Sensor Mode B Y Axis,0xC1A0,0x2756,39498
60E1D400__vs__60E32000_N3N5EB,0x73c88,Throttle - Pedal Position - Sensor Mode B,0xC8C8,0x2756,41330
60E1D400__vs__60E32000_N3N5EB,0x73c94,Throttle - Pedal Position - Sensor Mode C Y Axis,0xC1A0,0x2665,39739
60E1D400__vs__60E32000_N3N5EB,0x73cc0,Throttle - Pedal Position - Sensor Mode C,0xB4B4,0x41A0,29460
60E1D400__vs__60E32000_N3N5EB,0x73ccc,AFR Check - Threshold vs Coolant Temp Y Axis,0xC220,0x4248,32728
60E1D400__vs__60E32000_N3N5EB,0x73ce8,AFR Check - Threshold vs Coolant Temp,0x00A6,0x3E40,-15770
60E1D400__vs__60E32000_N3N5EB,0x73cf8,Air Fuel Ratio Check (Map) Y Axis,0x447A,0x3EE0,1434
60E1D400__vs__60E32000_N3N5EB,0x73d28,Air Fuel Ratio Check (Map),0x2710,0x27BA,-170
60E1D400__vs__60E32000_N3N5EB,0x73d40,Throttle - Pedal Position - Load/RPM Correction Matrix X Axis,0x3E4C,0x26C0,6028
60E1D400__vs__60E32000_N3N5EB,0x73d54,Throttle - Pedal Position - Load/RPM Correction Matrix Y Axis,0x447A,0x2576,7940
60E1D400__vs__60E32000_N3N5EB,0x73d64,Throttle - Pedal Position - Load/RPM Correction Matrix,0xB4B4,0x2576,36670
60E1D400__vs__60E32000_N3N5EB,0x73da0,Acceleration Fuel Enrichment - Cold Y Axis,0x41A0,0x44BB,-795
60E1D400__vs__60E32000_N3N5EB,0x73db4,Acceleration Fuel Enrichment - Cold,0x64C8,0x457A,8014
60E1D400__vs__60E32000_N3N5EB,0x73dbc,Acceleration Fuel Enrichment - Warm Y Axis,0x4100,0x459C,-1180
60E1D400__vs__60E32000_N3N5EB,0x73dd0,Acceleration Fuel Enrichment - Warm,0x8080,0x3E80,16896
60E1D400__vs__60E32000_N3N5EB,0x73dd8,Acceleration Fuel Enrichment - Hot Y Axis,0x0000,0x3EC0,-16064
60E1D400__vs__60E32000_N3N5EB,0x73dec,Acceleration Fuel Enrichment - Hot,0x000A,0x3F30,-16166
60E1D400__vs__60E32000_N3N5EB,0x73df4,Engine Load Calculation (Map) X Axis,0x0000,0x3F50,-16208
60E1D400__vs__60E32000_N3N5EB,0x73e20,Engine Load Calculation (Map) Y Axis,0xC120,0x2710,39440
60E1D400__vs__60E32000_N3N5EB,0x73e3c,Engine Load Calculation (Map),0x1414,0x2756,-4930
60E1D400__vs__60E32000_N3N5EB,0x73e8c,Engine Load Calculation (Map) 2 X Axis,0x447A,0x26FC,7550
60E1D400__vs__60E32000_N3N5EB,0x73ea4,Engine Load Calculation (Map) 2 Y Axis,0x3E4C,0x26F0,5980
60E1D400__vs__60E32000_N3N5EB,0x73ebc,Engine Load Calculation (Map) 2,0xB4B4,0x26EC,36296
60E1D400__vs__60E32000_N3N5EB,0x73ee0,Knock Sensor Filter (Map) X Axis,0x0000,0x27BA,-10170
60E1D400__vs__60E32000_N3N5EB,0x73ef8,Knock Sensor Filter (Map) Y Axis,0xC220,0x27BA,39526
60E1D400__vs__60E32000_N3N5EB,0x73f14,Knock Sensor Filter (Map),0x0000,0x2788,-10120
60E1D400__vs__60E32000_N3N5EB,0x73f6c,Maximum Throttle Angle,0x42A8,0x2788,6944
60E1D400__vs__60E32000_N3N5EB,0x73f98,Throttle Pedal Percent Decreasing Filter Factor Y Axis,0x443B,0x451C,-225
60E1D400__vs__60E32000_N3N5EB,0x73fb8,Throttle Pedal Percent Decreasing Filter Factor,0x2020,0x3E80,-7776
60E1D400__vs__60E32000_N3N5EB,0x73fc0,Ign Timing Limit Check (Map) Y Axis,0x443B,0x3EC0,1403
60E1D400__vs__60E32000_N3N5EB,0x73fe0,Ign Timing Limit Check (Map),0x2020,0x2710,-1776
60E1D400__vs__60E32000_N3N5EB,0x73fe8,Ign Timing Limit Check (Map) 2 Y Axis,0x443B,0x2710,7467
60E1D400__vs__60E32000_N3N5EB,0x74008,Ign Timing Limit Check (Map) 2,0x2020,0x2705,-1765
60E1D400__vs__60E32000_N3N5EB,0x74010,Ign Timing Limit Check (Map) 3 Y Axis,0x443B,0x26D4,7527
60E1D400__vs__60E32000_N3N5EB,0x74030,Ign Timing Limit Check (Map) 3,0x2020,0x26FE,-1758
60E1D400__vs__60E32000_N3N5EB,0x74038,Ign Timing Limit Check (Map) 4 Y Axis,0xC220,0x26D3,39757
60E1D400__vs__60E32000_N3N5EB,0x74054,Ign Timing Limit Check (Map) 4,0x0000,0x2710,-10000
60E1D400__vs__60E32000_N3N5EB,0x7405c,Ign Timing Limit Check (Map) 5 Y Axis,0xC220,0x270A,39702
60E1D400__vs__60E32000_N3N5EB,0x74078,Ign Timing Limit Check (Map) 5,0x0000,0x26B8,-9912
60E1D400__vs__60E32000_N3N5EB,0x74080,Ign Timing Limit Check (Map) 6 Y Axis,0x443B,0x26B3,7560
60E1D400__vs__60E32000_N3N5EB,0x740ac,Ign Timing Limit Check (Map) 6,0x0A0A,0x2727,-7453
60E1D400__vs__60E32000_N3N5EB,0x740b8,Ign Timing Limit Check (Map) 7 Y Axis,0x443B,0x2710,7467
60E1D400__vs__60E32000_N3N5EB,0x740e4,Ign Timing Limit Check (Map) 7,0x0606,0x4596,-16272
60E1D400__vs__60E32000_N3N5EB,0x740f0,Fuel Pressure Control (Map) Y Axis,0x443B,0x0028,17427
60E1D400__vs__60E32000_N3N5EB,0x74110,Fuel Pressure Control (Map),0x0404,0x457A,-16758
60E1D400__vs__60E32000_N3N5EB,0x74118,Fuel Pressure Control (Map) 2 Y Axis,0x443B,0x45AF,-372
60E1D400__vs__60E32000_N3N5EB,0x74138,Fuel Pressure Control (Map) 2,0x0404,0x40A3,-15519
60E1D400__vs__60E32000_N3N5EB,0x74140,Fuel Pressure Control (Map) 3 Y Axis,0x443B,0x40F5,838
60E1D400__vs__60E32000_N3N5EB,0x74160,Fuel Pressure Control (Map) 3,0x0404,0x4448,-16452
60E1D400__vs__60E32000_N3N5EB,0x74168,Fuel Pressure Control (Map) 4 Y Axis,0x443B,0x4516,-219
60E1D400__vs__60E32000_N3N5EB,0x74188,Fuel Pressure Control (Map) 4,0x0404,0x27D8,-9172
60E1D400__vs__60E32000_N3N5EB,0x74190,Fuel Pressure Control (Map) 5 Y Axis,0xC220,0x27D8,39496
60E1D400__vs__60E32000_N3N5EB,0x741ac,Fuel Pressure Control (Map) 5,0x0000,0x27D8,-10200
60E1D400__vs__60E32000_N3N5EB,0x741b4,Accel Pedal to Throttle Position #1 X Axis,0x0000,0x27D8,-10200
60E1D400__vs__60E32000_N3N5EB,0x74208,Accel Pedal to Throttle Position #1 Y Axis,0x0000,0x27D8,-10200
60E1D400__vs__60E32000_N3N5EB,0x74250,Accel Pedal to Throttle Position #1,0x0021,0x4123,-16642
60E1D400__vs__60E32000_N3N5EB,0x74544,Accel Pedal to Throttle Position #2 X Axis,0x0000,0x00FF,-255
60E1D400__vs__60E32000_N3N5EB,0x74598,Accel Pedal to Throttle Position #2 Y Axis,0x0000,0x4270,-17008
60E1D400__vs__60E32000_N3N5EB,0x745e0,Accel Pedal to Throttle Position #2,0x0021,0x0A0A,-2537
60E1D400__vs__60E32000_N3N5EB,0x748d4,Accel Pedal to Throttle Position #3 X Axis,0x0000,0x4040,-16448
60E1D400__vs__60E32000_N3N5EB,0x74928,Accel Pedal to Throttle Position #3 Y Axis,0x0000,0x03E8,-1000
60E1D400__vs__60E32000_N3N5EB,0x74970,Accel Pedal to Throttle Position #3,0x0021,0x0000,33
60E1D400__vs__60E32000_N3N5EB,0x74c64,Accel Pedal to Throttle Position #4 X Axis,0x0000,0x45AB,-17835
60E1D400__vs__60E32000_N3N5EB,0x74cb8,Accel Pedal to Throttle Position #4 Y Axis,0x0000,0x458C,-17804
60E1D400__vs__60E32000_N3N5EB,0x74d00,Accel Pedal to Throttle Position #4,0x0021,0x44FA,-17625
60E1D400__vs__60E32000_N3N5EB,0x75030,MAP Requested Load Y Axis,0xC220,0x45AB,31861
60E1D400__vs__60E32000_N3N5EB,0x75054,MAP Requested Load,0x0384,0x0000,900
60E1D400__vs__60E32000_N3N5EB,0x75068,MAP Requested Load Smoothing Y Axis,0x43FA,0x0000,17402
60E1D400__vs__60E32000_N3N5EB,0x750b0,MAP Requested Load Smoothing,0x0084,0x2325,-8865
60E1D400__vs__60E32000_N3N5EB,0x750d4,Maximum Load Limit Y Axis,0xC220,0x0003,49693
60E1D400__vs__60E32000_N3N5EB,0x750f8,Maximum Load Limit,0x0387,0x0000,903
60E1D400__vs__60E32000_N3N5EB,0x7510c,Idle Load Multiplier Y Axis,0xC220,0x5303,28445
60E1D400__vs__60E32000_N3N5EB,0x75130,Idle Load Multiplier,0x0387,0x4F57,-19408
60E1D400__vs__60E32000_N3N5EB,0x75144,Fuel Injection - Cold Start Correction vs Coolant Temp Y Axis,0xC220,0x3F40,33504
60E1D400__vs__60E32000_N3N5EB,0x75158,Fuel Injection - Cold Start Correction vs Coolant Temp,0x01F4,0x3D48,-15188
60E1D400__vs__60E32000_N3N5EB,0x752c4,Battery Temperature Model - Decay Amount Y Axis,0x0000,0x3F50,-16208
60E1D400__vs__60E32000_N3N5EB,0x752e0,Battery Temperature Model - Decay Amount,0x1C37,0x3FA0,-9065
60E1D400__vs__60E32000_N3N5EB,0x752e8,Desired Charge Voltage Y Axis,0xC220,0x443B,32229
60E1D400__vs__60E32000_N3N5EB,0x7530c,Desired Charge Voltage,0x05D4,0x459C,-16328
60E1D400__vs__60E32000_N3N5EB,0x75320,Alternator Duty Cycle Max Y Axis,0x447A,0x45EA,-368
60E1D400__vs__60E32000_N3N5EB,0x7534c,Alternator Duty Cycle Max,0x0348,0x000C,828
60E1D400__vs__60E32000_N3N5EB,0x75364,Alternator Diagnostic Voltage Delta to DC Y Axis,0x0000,0x0A11,-2577
60E1D400__vs__60E32000_N3N5EB,0x75398,Alternator Diagnostic Voltage Delta to DC,0x0000,0x1100,-4352
60E1D400__vs__60E32000_N3N5EB,0x753b4,Fuel Integrated (Map) Y Axis,0xC220,0x0000,49696
60E1D400__vs__60E32000_N3N5EB,0x753d8,Fuel Integrated (Map),0x0000,0x0000,0
60E1D400__vs__60E32000_N3N5EB,0x753ec,Fuel Integrated (Map) 2 Y Axis,0xC220,0x3F03,33565
60E1D400__vs__60E32000_N3N5EB,0x75410,Fuel Integrated (Map) 2,0x0000,0x3B43,-15171
60E1D400__vs__60E32000_N3N5EB,0x75424,Fuel Integrated (Map) 3 Y Axis,0xC220,0x3F40,33504
60E1D400__vs__60E32000_N3N5EB,0x75448,Fuel Integrated (Map) 3,0x0000,0x2E32,-11826
60E1D400__vs__60E32000_N3N5EB,0x7545c,Fuel Integrated (Map) 4 Y Axis,0xC220,0x2A2C,38900
60E1D400__vs__60E32000_N3N5EB,0x75480,Fuel Integrated (Map) 4,0x0000,0x3C3C,-15420
60E1D400__vs__60E32000_N3N5EB,0x75494,Alternator Voltage Delta - Diagnostic Request X Axis,0x447A,0x3845,3125
60E1D400__vs__60E32000_N3N5EB,0x754c0,Alternator Voltage Delta - Diagnostic Request Y Axis,0x0000,0x0026,-38
60E1D400__vs__60E32000_N3N5EB,0x754f0,Alternator Voltage Delta - Diagnostic Request,0x2620,0x3ECC,-6316
60E1D400__vs__60E32000_N3N5EB,0x75594,(Unknown - interp_bilinear_fpu_blend_v2) Y Axis,0xC0E3,0x0000,49379
60E1D400__vs__60E32000_N3N5EB,0x755b8,(Unknown - interp_bilinear_fpu_blend_v2),0x806D,0x3F80,16621
60E1D400__vs__60E32000_N3N5EB,0x755c4,(Unknown - interp_bilinear_fpu_blend) X Axis,0x3E23,0x4080,-605
60E1D400__vs__60E32000_N3N5EB,0x755ec,(Unknown - interp_bilinear_fpu_blend) Y Axis,0x4443,0x0000,17475
60E1D400__vs__60E32000_N3N5EB,0x75630,(Unknown - interp_bilinear_fpu_blend),0x1694,0x3F33,-10399
60E1D400__vs__60E32000_N3N5EB,0x75784,(Unknown - interp_bilinear_fpu_blend_v2) 2 X Axis,0x3E23,0x4110,-749
60E1D400__vs__60E32000_N3N5EB,0x757ac,(Unknown - interp_bilinear_fpu_blend_v2) 2 Y Axis,0x4443,0x3F80,1219
60E1D400__vs__60E32000_N3N5EB,0x757f0,(Unknown - interp_bilinear_fpu_blend_v2) 2,0x1900,0x4110,-10256
60E1D400__vs__60E32000_N3N5EB,0x75984,(Unknown - fpu_mac_single) Y Axis,0x447A,0x0000,17530
60E1D400__vs__60E32000_N3N5EB,0x759cc,(Unknown - fpu_mac_single),0x1D1D,0x4334,-9751
60E1D400__vs__60E32000_N3N5EB,0x75a34,Utility - Saturation Index Ramp vs RPM Y Axis,0x0000,0x6B85,-27525
60E1D400__vs__60E32000_N3N5EB,0x75a78,Utility - Saturation Index Ramp vs RPM,0x0000,0x022A,-554
60E1D400__vs__60E32000_N3N5EB,0x75a9c,Utility - RPM Lookup by Index Y Axis,0x0000,0x6B85,-27525
60E1D400__vs__60E32000_N3N5EB,0x75ae0,Utility - RPM Lookup by Index,0x444D,0x11E2,12907
60E1D400__vs__60E32000_N3N5EB,0x75ba4,Sensor Range Limit - Constant vs Coolant Temp Y Axis,0xC1F0,0x1209,45031
60E1D400__vs__60E32000_N3N5EB,0x75bbc,Sensor Range Limit - Constant vs Coolant Temp,0x0404,0x28C5,-9409
60E1D400__vs__60E32000_N3N5EB,0x75bc4,Rotor 1 Ignition Dwell Y Axis,0x4348,0x0C5A,14062
60E1D400__vs__60E32000_N3N5EB,0x75bf8,Rotor 1 Ignition Dwell,0x01F4,0x150B,-4887
60E1D400__vs__60E32000_N3N5EB,0x75c14,Rotor 2 Ignition Dwell Y Axis,0x4348,0x3F42,1030
60E1D400__vs__60E32000_N3N5EB,0x75c48,Rotor 2 Ignition Dwell,0x01F4,0x1550,-4956
60E1D400__vs__60E32000_N3N5EB,0x75cf8,CAN Faults - Fault Counter - Snapshot Matrix X Axis,0x0000,0x234A,-9034
60E1D400__vs__60E32000_N3N5EB,0x75d0c,CAN Faults - Fault Counter - Snapshot Matrix Y Axis,0x0000,0x6B85,-27525
60E1D400__vs__60E32000_N3N5EB,0x75d5c,CAN Faults - Fault Counter - Snapshot Matrix,0x0000,0x44FA,-17658
60E1D400__vs__60E32000_N3N5EB,0x75dc0,(Unknown - fpu_div_dispatch) X Axis,0x447A,0xB2A6,-28204
60E1D400__vs__60E32000_N3N5EB,0x75e04,(Unknown - fpu_div_dispatch) Y Axis,0x3F20,0xC7CD,-34989
60E1D400__vs__60E32000_N3N5EB,0x75e10,(Unknown - fpu_div_dispatch),0x8000,0xBF80,-16256
60E1D400__vs__60E32000_N3N5EB,0x75e78,(Unknown - fpu_div_dispatch) 2 X Axis,0x447A,0x6EF3,-10873
60E1D400__vs__60E32000_N3N5EB,0x75ebc,(Unknown - fpu_div_dispatch) 2 Y Axis,0x3F20,0xB5E6,-30406
60E1D400__vs__60E32000_N3N5EB,0x75ec8,(Unknown - fpu_div_dispatch) 2,0x8000,0xE200,-25088
60E1D400__vs__60E32000_N3N5EB,0x75f30,(Unknown - fpu_div_dispatch) 3 X Axis,0x447A,0xCE26,-35244
60E1D400__vs__60E32000_N3N5EB,0x75f74,(Unknown - fpu_div_dispatch) 3 Y Axis,0x3F20,0x5C33,-7443
60E1D400__vs__60E32000_N3N5EB,0x75f80,(Unknown - fpu_div_dispatch) 3,0x8000,0x879A,-1946
60E1D400__vs__60E32000_N3N5EB,0x75fec,Adaptive Fuel Trim (Map) Y Axis,0x43FA,0x0000,17402
60E1D400__vs__60E32000_N3N5EB,0x76034,Adaptive Fuel Trim (Map),0x064D,0x4248,-15355
60E1D400__vs__60E32000_N3N5EB,0x76058,Adaptive Fuel Trim (Map) 2 Y Axis,0x0000,0x01D1,-465
60E1D400__vs__60E32000_N3N5EB,0x7607c,Adaptive Fuel Trim (Map) 2,0x0080,0x428C,-16908
60E1D400__vs__60E32000_N3N5EB,0x76090,Transient Fuel Comp (Map) Y Axis,0x44C8,0x42B4,532
60E1D400__vs__60E32000_N3N5EB,0x760a4,Transient Fuel Comp (Map),0x0991,0x0606,907
60E1D400__vs__60E32000_N3N5EB,0x760b0,Ignition Timing Leading - DSC Mode A - Base X Axis,0x3D80,0x41F0,-1136
60E1D400__vs__60E32000_N3N5EB,0x760f8,Ignition Timing Leading - DSC Mode A - Base Y Axis,0x43FA,0x4120,730
60E1D400__vs__60E32000_N3N5EB,0x76144,Ignition Timing Leading - DSC Mode A - Base,0x8A8A,0x3E80,19466
60E1D400__vs__60E32000_N3N5EB,0x7629c,(Unknown - fpu_div_speed_normalize) X Axis,0x3D80,0x00CB,15541
60E1D400__vs__60E32000_N3N5EB,0x762e4,(Unknown - fpu_div_speed_normalize) Y Axis,0x43FA,0x00E7,17171
60E1D400__vs__60E32000_N3N5EB,0x76330,(Unknown - fpu_div_speed_normalize),0x00AF,0x4060,-16305
60E1D400__vs__60E32000_N3N5EB,0x765dc,Engine Torque X Axis,0x3D80,0xBE86,-33030
60E1D400__vs__60E32000_N3N5EB,0x76624,Engine Torque Y Axis,0x43FA,0x447A,-128
60E1D400__vs__60E32000_N3N5EB,0x76670,Engine Torque,0x0000,0x460C,-17932
60E1D400__vs__60E32000_N3N5EB,0x7691c,(Unknown - fpu_div_correction_factor) X Axis,0xC220,0x2D1F,38145
60E1D400__vs__60E32000_N3N5EB,0x7693c,(Unknown - fpu_div_correction_factor) Y Axis,0x43FA,0x3DD3,1575
60E1D400__vs__60E32000_N3N5EB,0x76988,(Unknown - fpu_div_correction_factor),0x0BCD,0x5189,-17852
60E1D400__vs__60E32000_N3N5EB,0x76ab8,(Unknown - divide_float_write_to) X Axis,0x4270,0x0042,16942
60E1D400__vs__60E32000_N3N5EB,0x76acc,(Unknown - divide_float_write_to) Y Axis,0x3E4C,0x01CB,15489
60E1D400__vs__60E32000_N3N5EB,0x76ad8,(Unknown - divide_float_write_to),0xB073,0x01CB,44712
60E1D400__vs__60E32000_N3N5EB,0x76b18,(Unknown - math_accumulator) Y Axis,0xC220,0x072B,47861
60E1D400__vs__60E32000_N3N5EB,0x76b28,(Unknown - math_accumulator),0x030E,0x0794,-1158
60E1D400__vs__60E32000_N3N5EB,0x76bc8,Torque Limit - Multipoint Curve 1 vs Torque Error Y Axis,0xC180,0x1AE1,42655
60E1D400__vs__60E32000_N3N5EB,0x76c2c,Torque Limit - Multipoint Curve 1 vs Torque Error,0x42BF,0x48F6,-1591
60E1D400__vs__60E32000_N3N5EB,0x76c90,Torque Limit - Multipoint Curve 2 vs Torque Error Y Axis,0xC180,0x55C3,27581
60E1D400__vs__60E32000_N3N5EB,0x76cf4,Torque Limit - Multipoint Curve 2 vs Torque Error,0x42BF,0x447A,-443
60E1D400__vs__60E32000_N3N5EB,0x76d58,Torque Limit - Multipoint Curve 3 vs Torque Error Y Axis,0xC180,0x4234,32588
60E1D400__vs__60E32000_N3N5EB,0x76dbc,Torque Limit - Multipoint Curve 3 vs Torque Error,0x42BF,0x01CB,16628
60E1D400__vs__60E32000_N3N5EB,0x76e20,Torque Limit - Multipoint Curve 4 vs Torque Error Y Axis,0xC180,0x09FC,46980
60E1D400__vs__60E32000_N3N5EB,0x76e84,Torque Limit - Multipoint Curve 4 vs Torque Error,0x42BF,0x0021,17054
60E1D400__vs__60E32000_N3N5EB,0x76ee8,Torque Limit - Multipoint Curve 5 vs Torque Error Y Axis,0xC180,0x2148,41016
60E1D400__vs__60E32000_N3N5EB,0x76f4c,Torque Limit - Multipoint Curve 5 vs Torque Error,0x42BF,0x328F,4144
60E1D400__vs__60E32000_N3N5EB,0x76fb0,Torque Compensation - Curve 1 vs Torque Error Y Axis,0xC180,0x63D7,23977
60E1D400__vs__60E32000_N3N5EB,0x7702c,Torque Compensation - Curve 1 vs Torque Error,0x3E99,0x4120,-647
60E1D400__vs__60E32000_N3N5EB,0x770a8,Torque Compensation - Curve 2 vs Torque Error Y Axis,0xC180,0x0021,49503
60E1D400__vs__60E32000_N3N5EB,0x77124,Torque Compensation - Curve 2 vs Torque Error,0x3E99,0x1003,11926
60E1D400__vs__60E32000_N3N5EB,0x771a0,Torque Compensation - Curve 3 vs Torque Error Y Axis,0xC180,0x253F,40001
60E1D400__vs__60E32000_N3N5EB,0x7721c,Torque Compensation - Curve 3 vs Torque Error,0x3E19,0x2D50,4297
60E1D400__vs__60E32000_N3N5EB,0x77298,Torque Compensation - Curve 4 vs Torque Error Y Axis,0xC180,0x6B85,22011
60E1D400__vs__60E32000_N3N5EB,0x77314,Torque Compensation - Curve 4 vs Torque Error,0x3E19,0x41A0,-903
60E1D400__vs__60E32000_N3N5EB,0x77390,Torque Compensation - Curve 5 vs Torque Error Y Axis,0xC180,0xC220,-160
60E1D400__vs__60E32000_N3N5EB,0x7740c,Torque Compensation - Curve 5 vs Torque Error,0x3E19,0x0000,15897
60E1D400__vs__60E32000_N3N5EB,0x77488,Torque Limit Multipoint (Map) X Axis,0x41A0,0x4456,-694
60E1D400__vs__60E32000_N3N5EB,0x774ac,Torque Limit Multipoint (Map) Y Axis,0x4000,0xC0E6,-32998
60E1D400__vs__60E32000_N3N5EB,0x774c0,Torque Limit Multipoint (Map),0x41A0,0x0000,16800
60E1D400__vs__60E32000_N3N5EB,0x77574,Faults - Diagnostic - Level Matrix X Axis,0x41A0,0x3A83,1821
60E1D400__vs__60E32000_N3N5EB,0x7759c,Faults - Diagnostic - Level Matrix Y Axis,0x4000,0x4234,-564
60E1D400__vs__60E32000_N3N5EB,0x775b0,Faults - Diagnostic - Level Matrix,0x411C,0x7685,-13673
60E1D400__vs__60E32000_N3N5EB,0x77678,Faults - Diagnostic - Level Matrix 2 X Axis,0x41A0,0x2080,8480
60E1D400__vs__60E32000_N3N5EB,0x77680,Faults - Diagnostic - Level Matrix 2 Y Axis,0x4000,0x447A,-1146
60E1D400__vs__60E32000_N3N5EB,0x77694,Faults - Diagnostic - Level Matrix 2,0x0000,0x44DA,-17626
60E1D400__vs__60E32000_N3N5EB,0x776bc,Faults - Diagnostic - Level Matrix 3 X Axis,0x41A0,0x4211,-113
60E1D400__vs__60E32000_N3N5EB,0x776c4,Faults - Diagnostic - Level Matrix 3 Y Axis,0x4000,0x4259,-601
60E1D400__vs__60E32000_N3N5EB,0x776d8,Faults - Diagnostic - Level Matrix 3,0x0000,0x42C7,-17095
60E1D400__vs__60E32000_N3N5EB,0x77700,Faults - Diagnostic - Level Matrix 4 X Axis,0x41A0,0x2C2B,5493
60E1D400__vs__60E32000_N3N5EB,0x77724,Faults - Diagnostic - Level Matrix 4 Y Axis,0x4000,0x3C30,976
60E1D400__vs__60E32000_N3N5EB,0x77738,Faults - Diagnostic - Level Matrix 4,0x41A0,0x644B,-8875
60E1D400__vs__60E32000_N3N5EB,0x777ec,Faults - Diagnostic - Level Matrix 5 X Axis,0x0000,0x43FA,-17402
60E1D400__vs__60E32000_N3N5EB,0x77800,Faults - Diagnostic - Level Matrix 5 Y Axis,0x4000,0x0271,15759
60E1D400__vs__60E32000_N3N5EB,0x77814,Faults - Diagnostic - Level Matrix 5,0x42C8,0x4040,648
60E1D400__vs__60E32000_N3N5EB,0x778ec,Cooling - Fan - Engage Threshold Y Axis,0x0000,0x4170,-16752
60E1D400__vs__60E32000_N3N5EB,0x778f0,Cooling - Fan - Engage Threshold,0x10FF,0x4180,-12417
60E1D400__vs__60E32000_N3N5EB,0x778f4,Cooling - Fan - Disengage Threshold Y Axis,0x0000,0x444A,-17482
60E1D400__vs__60E32000_N3N5EB,0x778f8,Cooling - Fan - Disengage Threshold,0x00FF,0x44BB,-17340
60E1D400__vs__60E32000_N3N5EB,0x778fc,Engine On Time Threshold Y Axis,0xC220,0x44FA,32038
60E1D400__vs__60E32000_N3N5EB,0x77920,Engine On Time Threshold,0x0271,0x45CB,-17242
60E1D400__vs__60E32000_N3N5EB,0x779b8,(Unknown - conditional_fpu_accumulate_handler) Y Axis,0x4283,0xC1F0,-32621
60E1D400__vs__60E32000_N3N5EB,0x779d8,(Unknown - conditional_fpu_accumulate_handler),0x6464,0x4348,8476
60E1D400__vs__60E32000_N3N5EB,0x779e0,(Unknown - conditional_fpu_accumulate_handler) 2 Y Axis,0x4138,0x447A,-834
60E1D400__vs__60E32000_N3N5EB,0x779fc,(Unknown - conditional_fpu_accumulate_handler) 2,0x0000,0x45DA,-17882
60E1D400__vs__60E32000_N3N5EB,0x77a0c,(Unknown - conditional_fpu_accumulate_handler) 3 Y Axis,0x4138,0x01F4,16196
60E1D400__vs__60E32000_N3N5EB,0x77a28,(Unknown - conditional_fpu_accumulate_handler) 3,0x0000,0x4348,-17224
60E1D400__vs__60E32000_N3N5EB,0x77a44,Primary Injector Weighted Engine Temp Multiplier X Axis,0xC220,0x459C,31876
60E1D400__vs__60E32000_N3N5EB,0x77a70,Primary Injector Weighted Engine Temp Multiplier Y Axis,0x3E00,0x0058,15784
60E1D400__vs__60E32000_N3N5EB,0x77a9c,Primary Injector Weighted Engine Temp Multiplier,0x4040,0x000C,16436
60E1D400__vs__60E32000_N3N5EB,0x77b18,Secondary 1 Injector Weighted Engine Temp Multiplier X Axis,0xC220,0x40C0,33120
60E1D400__vs__60E32000_N3N5EB,0x77b1c,Secondary 1 Injector Weighted Engine Temp Multiplier Y Axis,0x3E00,0x40E0,-736
60E1D400__vs__60E32000_N3N5EB,0x77b20,Secondary 1 Injector Weighted Engine Temp Multiplier,0x40FF,0x4120,-33
60E1D400__vs__60E32000_N3N5EB,0x77b24,Secondary 2 Injector Weighted Engine Temp Multiplier X Axis,0xC220,0x4130,33008
60E1D400__vs__60E32000_N3N5EB,0x77b28,Secondary 2 Injector Weighted Engine Temp Multiplier Y Axis,0x3E00,0x4140,-832
60E1D400__vs__60E32000_N3N5EB,0x77b2c,Secondary 2 Injector Weighted Engine Temp Multiplier,0x40FF,0x4170,-113
60E1D400__vs__60E32000_N3N5EB,0x77b34,(Unknown - fpu_multiply_accumulate_store) Y Axis,0x4270,0x4188,232
60E1D400__vs__60E32000_N3N5EB,0x77b44,(Unknown - fpu_multiply_accumulate_store),0x2456,0x0000,9302
60E1D400__vs__60E32000_N3N5EB,0x77b4c,Injector Manifold Vacuum Multiplier Y Axis,0xC1F0,0x0400,48624
60E1D400__vs__60E32000_N3N5EB,0x77b90,Injector Manifold Vacuum Multiplier,0x28B7,0x6666,-15791
60E1D400__vs__60E32000_N3N5EB,0x77bb4,Estimated Manifold Pressure X Axis,0x447A,0x45AB,-305
60E1D400__vs__60E32000_N3N5EB,0x77bf8,Estimated Manifold Pressure Y Axis,0x3D80,0x44BB,-1851
60E1D400__vs__60E32000_N3N5EB,0x77c48,Estimated Manifold Pressure,0x0EE6,0x15DA,-1780
60E1D400__vs__60E32000_N3N5EB,0x77ef0,Injector Latency Secondary X Axis,0xC17D,0x447A,32003
60E1D400__vs__60E32000_N3N5EB,0x77f34,Injector Latency Secondary Y Axis,0x40D0,0x00AF,16417
60E1D400__vs__60E32000_N3N5EB,0x77f58,Injector Latency Secondary,0x0C64,0x00AF,2997
60E1D400__vs__60E32000_N3N5EB,0x7808c,Injector Latency Primary X Axis,0xC17D,0x015B,49186
60E1D400__vs__60E32000_N3N5EB,0x780d0,Injector Latency Primary Y Axis,0x40D0,0x00F9,16343
60E1D400__vs__60E32000_N3N5EB,0x780f4,Injector Latency Primary,0x0AC0,0x00E2,2526
60E1D400__vs__60E32000_N3N5EB,0x78284,Coil Output Timing (Map) Y Axis,0x4270,0x2C5A,5654
60E1D400__vs__60E32000_N3N5EB,0x7829c,Coil Output Timing (Map),0x202E,0x0000,8238
60E1D400__vs__60E32000_N3N5EB,0x782a4,Coil Output Timing (Map) 2 Y Axis,0x4282,0x1EB3,9167
60E1D400__vs__60E32000_N3N5EB,0x782b8,Coil Output Timing (Map) 2,0x4C80,0x35F3,5773
60E1D400__vs__60E32000_N3N5EB,0x782c0,Fuel Injection - Startup - Injector Pulse Width Multiplier Y Axis,0x4282,0x0000,17026
60E1D400__vs__60E32000_N3N5EB,0x782c4,Fuel Injection - Startup - Injector Pulse Width Multiplier,0x80FF,0x13E6,27929
60E1D400__vs__60E32000_N3N5EB,0x782c8,(Unknown - conditional_fpu_calc) Y Axis,0x41A8,0x230D,7835
60E1D400__vs__60E32000_N3N5EB,0x782d4,(Unknown - conditional_fpu_calc),0x8000,0x3C4D,17331
60E1D400__vs__60E32000_N3N5EB,0x782d8,FPU - Correction Constant vs Coolant Temp Y Axis,0xC220,0x3C4D,34259
60E1D400__vs__60E32000_N3N5EB,0x782e4,FPU - Correction Constant vs Coolant Temp,0xEAEA,0x0633,58551
60E1D400__vs__60E32000_N3N5EB,0x782e8,Injector Deadtime Primary Y Axis,0xC1F0,0x15DA,44054
60E1D400__vs__60E32000_N3N5EB,0x78318,Injector Deadtime Primary,0x60A4,0x458D,6935
60E1D400__vs__60E32000_N3N5EB,0x78330,Primary Fuel Injector Cranking Pulse Width Y Axis,0xC1F0,0x148D,44387
60E1D400__vs__60E32000_N3N5EB,0x78364,Primary Fuel Injector Cranking Pulse Width,0x60A4,0x5400,3236
60E1D400__vs__60E32000_N3N5EB,0x783a0,Primary Injector Size,0x43B8,0x224D,8555
60E1D400__vs__60E32000_N3N5EB,0x783a8,Secondary Injector Size,0x43ED,0x450D,-288
60E1D400__vs__60E32000_N3N5EB,0x783b0,Secondary Injector Size #2,0x43ED,0x5CF3,-6406
60E1D400__vs__60E32000_N3N5EB,0x78418,(Unknown - massive_fpu_control_calc) Y Axis,0x447A,0x51F3,-3449
60E1D400__vs__60E32000_N3N5EB,0x7845c,(Unknown - massive_fpu_control_calc),0x1414,0x3D8D,-10617
60E1D400__vs__60E32000_N3N5EB,0x78470,Primary Injector Max Barometric Pressure Correction Y Axis,0x4256,0x0000,16982
60E1D400__vs__60E32000_N3N5EB,0x78490,Primary Injector Max Barometric Pressure Correction,0x2F41,0x0000,12097
60E1D400__vs__60E32000_N3N5EB,0x78498,FPU - Adaptive Correction vs Coolant Temp Y Axis,0xC220,0x04B3,48493
60E1D400__vs__60E32000_N3N5EB,0x784bc,FPU - Adaptive Correction vs Coolant Temp,0x1E1E,0x00CD,7505
60E1D400__vs__60E32000_N3N5EB,0x784c8,FPU - Correction Step 1 vs Coolant Temp Y Axis,0xC1A0,0x370D,35475
60E1D400__vs__60E32000_N3N5EB,0x784d4,FPU - Correction Step 1 vs Coolant Temp,0x0000,0x52CD,-21197
60E1D400__vs__60E32000_N3N5EB,0x784d8,FPU - Correction Step 2 vs Coolant Temp Y Axis,0xC1A0,0x0000,49568
60E1D400__vs__60E32000_N3N5EB,0x784e4,FPU - Correction Step 2 vs Coolant Temp,0x0000,0x0E73,-3699
60E1D400__vs__60E32000_N3N5EB,0x784e8,Primary Fuel Injector Pulse Width Control Y Axis,0xC220,0x2340,40672
60E1D400__vs__60E32000_N3N5EB,0x7850c,Primary Fuel Injector Pulse Width Control,0x0505,0x2340,-7739
60E1D400__vs__60E32000_N3N5EB,0x78518,Secondary Fuel Injector Minimum Pulse Width Y Axis,0xC220,0x4D40,29920
60E1D400__vs__60E32000_N3N5EB,0x7853c,Secondary Fuel Injector Minimum Pulse Width,0x1A1A,0x42C8,-10414
60E1D400__vs__60E32000_N3N5EB,0x78548,(Unknown - complex_adaptive_fpu_calc) Y Axis,0xC220,0x447A,32166
60E1D400__vs__60E32000_N3N5EB,0x7856c,(Unknown - complex_adaptive_fpu_calc),0x1A1A,0x45AB,-11153
60E1D400__vs__60E32000_N3N5EB,0x78578,(Unknown - complex_fpu_compare_calc) Y Axis,0xC220,0x45DA,31814
60E1D400__vs__60E32000_N3N5EB,0x7859c,(Unknown - complex_fpu_compare_calc),0x8A00,0x11C0,30784
60E1D400__vs__60E32000_N3N5EB,0x785b0,Calculate Fuel Amount Per Rotation Min Max (Map) Y Axis,0x447A,0x1066,13332
60E1D400__vs__60E32000_N3N5EB,0x785f4,Calculate Fuel Amount Per Rotation Min Max (Map),0xAF00,0x1366,39834
60E1D400__vs__60E32000_N3N5EB,0x78618,Secondary Injectors Allowed Threshold - Coolant Temperature Based Y Axis,0xC220,0x1226,45050
60E1D400__vs__60E32000_N3N5EB,0x7863c,Secondary Injectors Allowed Threshold - Coolant Temperature Based,0x0BB8,0x2B9A,-8162
60E1D400__vs__60E32000_N3N5EB,0x78650,Engine Load Compensation X Axis,0x43FA,0x2833,7111
60E1D400__vs__60E32000_N3N5EB,0x78698,Engine Load Compensation Y Axis,0x3E00,0x23DA,6694
60E1D400__vs__60E32000_N3N5EB,0x786e8,Engine Load Compensation,0x55C3,0x6145,-2946
60E1D400__vs__60E32000_N3N5EB,0x789d0,(Unknown - extensive_table_based_fpu_calc) Y Axis,0xC170,0x41E5,32651
60E1D400__vs__60E32000_N3N5EB,0x78a00,(Unknown - extensive_table_based_fpu_calc),0x0000,0xC180,-49536
60E1D400__vs__60E32000_N3N5EB,0x78a0c,(Unknown - extensive_table_based_fpu_calc) 2 Y Axis,0x428C,0xC20B,-32639
60E1D400__vs__60E32000_N3N5EB,0x78a30,(Unknown - extensive_table_based_fpu_calc) 2,0x6464,0xC0C0,-23644
60E1D400__vs__60E32000_N3N5EB,0x78a3c,(Unknown - extensive_table_based_fpu_calc) 3 Y Axis,0xC170,0xC040,304
60E1D400__vs__60E32000_N3N5EB,0x78a6c,(Unknown - extensive_table_based_fpu_calc) 3,0x0000,0x40A0,-16544
60E1D400__vs__60E32000_N3N5EB,0x78a78,(Unknown - extensive_table_based_fpu_calc) 4 Y Axis,0x428C,0x4100,396
60E1D400__vs__60E32000_N3N5EB,0x78a9c,(Unknown - extensive_table_based_fpu_calc) 4,0x6464,0x41B2,8882
60E1D400__vs__60E32000_N3N5EB,0x78aa8,(Unknown - extensive_table_based_fpu_calc) 5 Y Axis,0xC170,0x40D3,32925
60E1D400__vs__60E32000_N3N5EB,0x78ad8,(Unknown - extensive_table_based_fpu_calc) 5,0x0000,0xC225,-49701
60E1D400__vs__60E32000_N3N5EB,0x78ae4,(Unknown - extensive_table_based_fpu_calc) 6 Y Axis,0x428C,0xC2BF,-32819
60E1D400__vs__60E32000_N3N5EB,0x78b08,(Unknown - extensive_table_based_fpu_calc) 6,0x6464,0xC000,-23452
60E1D400__vs__60E32000_N3N5EB,0x78b14,(Unknown - extensive_table_based_fpu_calc) 7 Y Axis,0x3D80,0xBF00,-33152
60E1D400__vs__60E32000_N3N5EB,0x78b38,(Unknown - extensive_table_based_fpu_calc) 7,0x6464,0x40C0,9124
60E1D400__vs__60E32000_N3N5EB,0x78b44,(Unknown - complex_fpu_div_sqrt_accumulate) Y Axis,0x4100,0x4110,-16
60E1D400__vs__60E32000_N3N5EB,0x78b68,(Unknown - complex_fpu_div_sqrt_accumulate),0x6464,0x4180,8932
60E1D400__vs__60E32000_N3N5EB,0x78b74,Auxiliary Port Valve - Schedule - Condition Table Y Axis,0x4100,0x4053,173
60E1D400__vs__60E32000_N3N5EB,0x78ba0,Auxiliary Port Valve - Schedule - Condition Table,0x0000,0xC225,-49701
60E1D400__vs__60E32000_N3N5EB,0x78bb8,(Unknown - conditional_fpu_multi_flag_selector) Y Axis,0xC170,0xC100,112
60E1D400__vs__60E32000_N3N5EB,0x78be8,(Unknown - conditional_fpu_multi_flag_selector),0x0050,0x3F19,-16073
60E1D400__vs__60E32000_N3N5EB,0x78c4c,(Unknown - extensive_fpu_threshold_and_calc) Y Axis,0xC220,0x3E19,33799
60E1D400__vs__60E32000_N3N5EB,0x78c68,(Unknown - extensive_fpu_threshold_and_calc),0x0050,0xBEB3,-48739
60E1D400__vs__60E32000_N3N5EB,0x78c70,Cruise Control - Set Speed - Condition Threshold Y Axis,0x428C,0xBEB3,-31783
60E1D400__vs__60E32000_N3N5EB,0x78c74,Cruise Control - Set Speed - Condition Threshold,0x00FF,0xBEB3,-48564
60E1D400__vs__60E32000_N3N5EB,0x78c78,Secondary Air Pump On Time Y Axis,0xC1A0,0xBEB3,749
60E1D400__vs__60E32000_N3N5EB,0x78c94,Secondary Air Pump On Time,0x0000,0xC000,-49152
60E1D400__vs__60E32000_N3N5EB,0x78cc0,Auxillary Valve Close,0x45BE,0xBFCC,-31246
60E1D400__vs__60E32000_N3N5EB,0x78d9c,Max Load - Intake Temperature Compensation Y Axis,0xC220,0xC120,256
60E1D400__vs__60E32000_N3N5EB,0x78dc0,Max Load - Intake Temperature Compensation,0x031B,0xBF4C,-48177
60E1D400__vs__60E32000_N3N5EB,0x78dd4,Engine Torque Max - Barometric Pressure Compensation Y Axis,0x4220,0x3ECC,852
60E1D400__vs__60E32000_N3N5EB,0x78df8,Engine Torque Max - Barometric Pressure Compensation,0x09E4,0x4040,-13916
60E1D400__vs__60E32000_N3N5EB,0x78edc,Minimum Oil Injection Amount Y Axis,0x0000,0x3F99,-16281
60E1D400__vs__60E32000_N3N5EB,0x78f00,Minimum Oil Injection Amount,0x3C1E,0x40E0,-1218
60E1D400__vs__60E32000_N3N5EB,0x78f0c,Intake Air Temperature Based Oil Injection Amount Y Axis,0x41F0,0x4120,208
60E1D400__vs__60E32000_N3N5EB,0x78f24,Intake Air Temperature Based Oil Injection Amount,0x1616,0x3E19,-10243
60E1D400__vs__60E32000_N3N5EB,0x78f2c,Manifold Pressure Based Oil Injection Amount Y Axis,0x41F0,0x3E19,983
60E1D400__vs__60E32000_N3N5EB,0x78f44,Manifold Pressure Based Oil Injection Amount,0x6464,0xB8D1,-21613
60E1D400__vs__60E32000_N3N5EB,0x78f4c,Unknown - Zero Table vs Coolant Temp Y Axis,0xC1A0,0xBEB3,749
60E1D400__vs__60E32000_N3N5EB,0x78f78,Unknown - Zero Table vs Coolant Temp,0x0000,0xBF80,-49024
60E1D400__vs__60E32000_N3N5EB,0x78f84,Load Based Oil Injection Temperature Correction Y Axis,0x42B4,0xC0C0,-32268
60E1D400__vs__60E32000_N3N5EB,0x78f90,Load Based Oil Injection Temperature Correction,0x03E9,0xC180,-48535
60E1D400__vs__60E32000_N3N5EB,0x78f98,First Start Oil Injection Timer Y Axis,0x41F0,0xC100,-32528
60E1D400__vs__60E32000_N3N5EB,0x78fb0,First Start Oil Injection Timer,0x0000,0xBF4C,-48972
60E1D400__vs__60E32000_N3N5EB,0x78fbc,Unknown - Dual-Level Table vs Axis Y Axis,0x0000,0x0000,0
60E1D400__vs__60E32000_N3N5EB,0x78fd4,Unknown - Dual-Level Table vs Axis,0x4100,0x3F99,359
60E1D400__vs__60E32000_N3N5EB,0x78fec,Exhaust Port - Duty Step vs Index Y Axis,0x0000,0x4080,-16512
60E1D400__vs__60E32000_N3N5EB,0x79004,Exhaust Port - Duty Step vs Index,0x0000,0x4120,-16672
60E1D400__vs__60E32000_N3N5EB,0x7901c,Unknown - Table vs Axis Y Axis,0x40A0,0x3E19,647
60E1D400__vs__60E32000_N3N5EB,0x79028,Unknown - Table vs Axis,0x4120,0x3E19,775
60E1D400__vs__60E32000_N3N5EB,0x79034,Oil Metering By Load X Axis,0x442F,0x38D1,2910
60E1D400__vs__60E32000_N3N5EB,0x79080,Oil Metering By Load Y Axis,0x3D80,0xC100,-33664
60E1D400__vs__60E32000_N3N5EB,0x790c4,Oil Metering By Load,0x0303,0x41A0,-16029
60E1D400__vs__60E32000_N3N5EB,0x79208,Oil Metering By Throttle X Axis,0x442F,0x4081,942
60E1D400__vs__60E32000_N3N5EB,0x79254,Oil Metering By Throttle Y Axis,0x4270,0x3C23,1613
60E1D400__vs__60E32000_N3N5EB,0x79264,Oil Metering By Throttle,0x0000,0x4114,-16660
60E1D400__vs__60E32000_N3N5EB,0x792b0,Barometric Pressure Based Oil Injection Amount X Axis,0x44BB,0x41A0,795
60E1D400__vs__60E32000_N3N5EB,0x792c8,Barometric Pressure Based Oil Injection Amount Y Axis,0x42AA,0x4220,138
60E1D400__vs__60E32000_N3N5EB,0x792dc,Barometric Pressure Based Oil Injection Amount,0x2828,0x4220,-6648
60E1D400__vs__60E32000_N3N5EB,0x7930c,Fuel Injection - Warmup Fueling - Load Based Multiplier Y Axis,0x3E00,0x42C8,-1224
60E1D400__vs__60E32000_N3N5EB,0x79334,Fuel Injection - Warmup Fueling - Load Based Multiplier,0x4040,0x4316,-726
60E1D400__vs__60E32000_N3N5EB,0x79340,Fuel Injection - Warmup Fueling X Axis,0xC220,0x42B4,32620
60E1D400__vs__60E32000_N3N5EB,0x79380,Fuel Injection - Warmup Fueling Y Axis,0xC1A0,0x003E,49506
60E1D400__vs__60E32000_N3N5EB,0x7938c,Fuel Injection - Warmup Fueling,0x4B41,0x45F3,1358
60E1D400__vs__60E32000_N3N5EB,0x793bc,Fuel Injection - Warmup Fueling - Engine Speed Based X Axis,0x447A,0xC396,-32540
60E1D400__vs__60E32000_N3N5EB,0x793d0,Fuel Injection - Warmup Fueling - Engine Speed Based Y Axis,0x40A0,0x42DC,-572
60E1D400__vs__60E32000_N3N5EB,0x793e4,Fuel Injection - Warmup Fueling - Engine Speed Based,0x1216,0x41A0,-12170
60E1D400__vs__60E32000_N3N5EB,0x79400,Fuel Injection - Warmup Fueling - Engine Speed Based (Coolant Temp Fault) X Axis,0x43FA,0x42C2,312
60E1D400__vs__60E32000_N3N5EB,0x7941c,Fuel Injection - Warmup Fueling - Engine Speed Based (Coolant Temp Fault) Y Axis,0xC220,0x4040,33248
60E1D400__vs__60E32000_N3N5EB,0x79434,Fuel Injection - Warmup Fueling - Engine Speed Based (Coolant Temp Fault),0x0A0A,0x443B,-14897
60E1D400__vs__60E32000_N3N5EB,0x79470,(Unknown - extensive_fpu_div_multi_calc) Y Axis,0xC220,0x433E,32482
60E1D400__vs__60E32000_N3N5EB,0x794b0,(Unknown - extensive_fpu_div_multi_calc),0x001E,0x1324,-4870
60E1D400__vs__60E32000_N3N5EB,0x794d0,(Unknown - extensive_fpu_div_multi_calc) 2 Y Axis,0xC220,0x0000,49696
60E1D400__vs__60E32000_N3N5EB,0x79510,(Unknown - extensive_fpu_div_multi_calc) 2,0x0014,0x3E99,-16005
60E1D400__vs__60E32000_N3N5EB,0x79530,(Unknown - fpu_div_conditional_calc) X Axis,0xC220,0x41D8,32840
60E1D400__vs__60E32000_N3N5EB,0x79570,(Unknown - fpu_div_conditional_calc) Y Axis,0x4220,0x4270,-80
60E1D400__vs__60E32000_N3N5EB,0x79584,(Unknown - fpu_div_conditional_calc),0x0000,0x42DC,-17116
60E1D400__vs__60E32000_N3N5EB,0x795d4,(Unknown - fpu_div_conditional_calc) 2 X Axis,0xC1A0,0x459C,31748
60E1D400__vs__60E32000_N3N5EB,0x79614,(Unknown - fpu_div_conditional_calc) 2 Y Axis,0x4220,0x3F00,800
60E1D400__vs__60E32000_N3N5EB,0x79628,(Unknown - fpu_div_conditional_calc) 2,0x2626,0x3F50,-6442
60E1D400__vs__60E32000_N3N5EB,0x796bc,(Unknown - extensive_fpu_threshold_calc) Y Axis,0xC180,0x204D,41267
60E1D400__vs__60E32000_N3N5EB,0x796e8,(Unknown - extensive_fpu_threshold_calc),0x9682,0x241A,29288
60E1D400__vs__60E32000_N3N5EB,0x796f4,(Unknown - extensive_fpu_threshold_calc) 2 Y Axis,0xC180,0x3800,35200
60E1D400__vs__60E32000_N3N5EB,0x79728,(Unknown - extensive_fpu_threshold_calc) 2,0x07F8,0x2F80,-10120
60E1D400__vs__60E32000_N3N5EB,0x79770,Secondary Fuel Blend Transition RPM Y Axis,0xC220,0x3C9A,34182
60E1D400__vs__60E32000_N3N5EB,0x79790,Secondary Fuel Blend Transition RPM,0x7D64,0x434D,14871
60E1D400__vs__60E32000_N3N5EB,0x79798,Ignition Leading - Cranking Timing Advance Y Axis,0xC1A0,0x459A,31750
60E1D400__vs__60E32000_N3N5EB,0x797c8,Ignition Leading - Cranking Timing Advance,0x3232,0x561A,-9192
60E1D400__vs__60E32000_N3N5EB,0x797d4,Rotor A/B Fuel Pulse Width Limiter Y Axis,0x0000,0x5066,-20582
60E1D400__vs__60E32000_N3N5EB,0x79814,Rotor A/B Fuel Pulse Width Limiter,0x6D0A,0x5A4D,4797
60E1D400__vs__60E32000_N3N5EB,0x798a4,Secondary Injectors Enable Temperature Y Axis,0x44FA,0x64E6,-8172
60E1D400__vs__60E32000_N3N5EB,0x798b8,Secondary Injectors Enable Temperature,0x6C6C,0x689A,978
60E1D400__vs__60E32000_N3N5EB,0x798c0,Secondary Injectors Disable Temperature Y Axis,0x44FA,0x6680,-8582
60E1D400__vs__60E32000_N3N5EB,0x798d0,Secondary Injectors Disable Temperature,0x6C76,0x6980,758
60E1D400__vs__60E32000_N3N5EB,0x798d4,Knock Retard Max - Knock Sensor Faulted Y Axis,0x44FA,0x671A,-8736
60E1D400__vs__60E32000_N3N5EB,0x798e8,Knock Retard Max - Knock Sensor Faulted,0x6C6C,0x65B3,1721
60E1D400__vs__60E32000_N3N5EB,0x798f0,Rotor A/B Fuel Trim Y Axis,0x44FA,0xC17D,-31875
60E1D400__vs__60E32000_N3N5EB,0x79920,Rotor A/B Fuel Trim,0x6C6C,0x429E,10702
60E1D400__vs__60E32000_N3N5EB,0x7992c,Rotor A/B Fuel Trim 2 Y Axis,0x44FA,0x42CD,557
60E1D400__vs__60E32000_N3N5EB,0x7995c,Rotor A/B Fuel Trim 2,0x8080,0x0C6F,29713
60E1D400__vs__60E32000_N3N5EB,0x79980,Deceleration Fuel Cutoff Rate Y Axis,0x3E00,0x0821,13791
60E1D400__vs__60E32000_N3N5EB,0x799a0,Deceleration Fuel Cutoff Rate,0x0014,0x05D7,-1475
60E1D400__vs__60E32000_N3N5EB,0x799a8,Deceleration Fuel Cutoff Recovery Y Axis,0xBDC0,0x0613,47021
60E1D400__vs__60E32000_N3N5EB,0x799b8,Deceleration Fuel Cutoff Recovery,0x1D4C,0x069F,5805
60E1D400__vs__60E32000_N3N5EB,0x799c0,Fuel Pressure Regulator Duty Low Y Axis,0xBED0,0x0481,47695
60E1D400__vs__60E32000_N3N5EB,0x799f8,Fuel Pressure Regulator Duty Low,0x2710,0x03E7,9001
60E1D400__vs__60E32000_N3N5EB,0x79a14,Fuel Pressure Regulator Duty High Y Axis,0xBED0,0x02FE,48082
60E1D400__vs__60E32000_N3N5EB,0x79a1c,Fuel Pressure Regulator Duty High,0x13D6,0x0313,4291
60E1D400__vs__60E32000_N3N5EB,0x79a20,Fuel Pressure Regulator (3D) X Axis,0x43FA,0x031F,16603
60E1D400__vs__60E32000_N3N5EB,0x79a38,Fuel Pressure Regulator (3D) Y Axis,0xC220,0x0263,49085
60E1D400__vs__60E32000_N3N5EB,0x79a54,Fuel Pressure Regulator (3D),0x059A,0x01F1,937
60E1D400__vs__60E32000_N3N5EB,0x79aa8,Fuel Pressure Regulator Compensation (3D) X Axis,0x44BB,0x421E,669
60E1D400__vs__60E32000_N3N5EB,0x79ab8,Fuel Pressure Regulator Compensation (3D) Y Axis,0xC220,0x428E,32658
60E1D400__vs__60E32000_N3N5EB,0x79ad4,Fuel Pressure Regulator Compensation (3D),0x1366,0x40F8,-11666
60E1D400__vs__60E32000_N3N5EB,0x79b0c,Fuel Pressure Regulator Compensation 2 (3D) X Axis,0x44BB,0x0C61,14426
60E1D400__vs__60E32000_N3N5EB,0x79b2c,Fuel Pressure Regulator Compensation 2 (3D) Y Axis,0xC220,0x0827,47609
60E1D400__vs__60E32000_N3N5EB,0x79b48,Fuel Pressure Regulator Compensation 2 (3D),0x1E00,0x05C2,6206
60E1D400__vs__60E32000_N3N5EB,0x79bf0,(Unknown - fpu_calc_with_state_routing) Y Axis,0x3E00,0x01B7,15433
60E1D400__vs__60E32000_N3N5EB,0x79c18,(Unknown - fpu_calc_with_state_routing),0x8C3C,0x015A,35554
60E1D400__vs__60E32000_N3N5EB,0x79c24,(Unknown - state_dispatch_with_interpolate) Y Axis,0x0000,0x01A9,-425
60E1D400__vs__60E32000_N3N5EB,0x79c48,(Unknown - state_dispatch_with_interpolate),0x1E32,0x3F80,-8526
60E1D400__vs__60E32000_N3N5EB,0x79c54,Get Engine Startup Enrich Value (Map) Y Axis,0xC220,0x3F80,33440
60E1D400__vs__60E32000_N3N5EB,0x79c74,Get Engine Startup Enrich Value (Map),0x503C,0x0000,20540
60E1D400__vs__60E32000_N3N5EB,0x79c7c,(Unknown - fpu_calc_with_state_routing) 2 Y Axis,0x0000,0xC1A0,-49568
60E1D400__vs__60E32000_N3N5EB,0x79cb4,(Unknown - fpu_calc_with_state_routing) 2,0x0000,0x434D,-17229
60E1D400__vs__60E32000_N3N5EB,0x79cd0,(Unknown - fpu_calc_conditional_branch) Y Axis,0x0000,0x42C8,-17096
60E1D400__vs__60E32000_N3N5EB,0x79d08,(Unknown - fpu_calc_conditional_branch),0x0000,0x4248,-16968
60E1D400__vs__60E32000_N3N5EB,0x79d24,(Unknown - fpu_calc_with_state_transition) Y Axis,0x0000,0x1130,-4400
60E1D400__vs__60E32000_N3N5EB,0x79d5c,(Unknown - fpu_calc_with_state_transition),0x0000,0x428C,-17036
60E1D400__vs__60E32000_N3N5EB,0x79d78,(Unknown - fpu_calc_with_state_routing) 3 X Axis,0x43FA,0x0946,15028
60E1D400__vs__60E32000_N3N5EB,0x79d90,(Unknown - fpu_calc_with_state_routing) 3 Y Axis,0xC220,0x3F80,33440
60E1D400__vs__60E32000_N3N5EB,0x79dac,(Unknown - fpu_calc_with_state_routing) 3,0x147B,0x4418,-12189
60E1D400__vs__60E32000_N3N5EB,0x79e00,(Unknown - fpu_calc_with_state_routing) 4 X Axis,0x447A,0x3F80,1274
60E1D400__vs__60E32000_N3N5EB,0x79e14,(Unknown - fpu_calc_with_state_routing) 4 Y Axis,0x40A0,0x3B80,1312
60E1D400__vs__60E32000_N3N5EB,0x79e30,(Unknown - fpu_calc_with_state_routing) 4,0x278D,0x45AB,-7710
60E1D400__vs__60E32000_N3N5EB,0x79e78,(Unknown - fpu_calc_conditional_branch) 2 X Axis,0x43FA,0x0F0F,13547
60E1D400__vs__60E32000_N3N5EB,0x79e90,(Unknown - fpu_calc_conditional_branch) 2 Y Axis,0xC220,0x0000,49696
60E1D400__vs__60E32000_N3N5EB,0x79eac,(Unknown - fpu_calc_conditional_branch) 2,0x72D9,0x42C8,12305
60E1D400__vs__60E32000_N3N5EB,0x79f00,(Unknown - fpu_calc_conditional_branch) 3 X Axis,0x447A,0x0000,17530
60E1D400__vs__60E32000_N3N5EB,0x79f14,(Unknown - fpu_calc_conditional_branch) 3 Y Axis,0x40A0,0x8A00,-18784
60E1D400__vs__60E32000_N3N5EB,0x79f2c,(Unknown - fpu_calc_conditional_branch) 3,0xA82E,0x453B,25331
60E1D400__vs__60E32000_N3N5EB,0x79f68,(Unknown - fpu_calc_with_state_transition) 2 X Axis,0x447A,0x5F00,-6790
60E1D400__vs__60E32000_N3N5EB,0x79f7c,(Unknown - fpu_calc_with_state_transition) 2 Y Axis,0x40A0,0x0000,16544
60E1D400__vs__60E32000_N3N5EB,0x79f94,(Unknown - fpu_calc_with_state_transition) 2,0x605B,0x447A,7137
60E1D400__vs__60E32000_N3N5EB,0x7a028,RPM Based Max Engine Load Y Axis,0x43FA,0x4F93,-2969
60E1D400__vs__60E32000_N3N5EB,0x7a070,RPM Based Max Engine Load,0x5852,0x4F98,2234
60E1D400__vs__60E32000_N3N5EB,0x7a094,(Unknown - fpu_pair_accumulate_calc) Y Axis,0xC220,0x48CC,31060
60E1D400__vs__60E32000_N3N5EB,0x7a0b4,(Unknown - fpu_pair_accumulate_calc),0xA3CC,0x4F8D,21567
60E1D400__vs__60E32000_N3N5EB,0x7a0c4,Max Load - Barometric Pressure Compensation Y Axis,0x4256,0x3DBC,1178
60E1D400__vs__60E32000_N3N5EB,0x7a0e4,Max Load - Barometric Pressure Compensation,0x4400,0x3819,3047
60E1D400__vs__60E32000_N3N5EB,0x7a0f4,(Unknown - extensive_fpu_conditional_threshold_calc) Y Axis,0x447A,0x4B02,-1672
60E1D400__vs__60E32000_N3N5EB,0x7a118,(Unknown - extensive_fpu_conditional_threshold_calc),0x6B85,0x428F,10486
60E1D400__vs__60E32000_N3N5EB,0x7a12c,(Unknown - extensive_fpu_conditional_threshold_calc) 2 Y Axis,0x447A,0x38D0,2986
60E1D400__vs__60E32000_N3N5EB,0x7a150,(Unknown - extensive_fpu_conditional_threshold_calc) 2,0x947B,0x3A89,23026
60E1D400__vs__60E32000_N3N5EB,0x7a230,Knock Voltage To Magnitude Y Axis,0x3C20,0x41E2,-1474
60E1D400__vs__60E32000_N3N5EB,0x7a318,Knock Voltage To Magnitude,0x000A,0x409F,-16533
60E1D400__vs__60E32000_N3N5EB,0x7a354,Knock Related 1 Y Axis,0x43FA,0x42BC,318
60E1D400__vs__60E32000_N3N5EB,0x7a38c,Knock Related 1,0x00F3,0x420C,-16665
60E1D400__vs__60E32000_N3N5EB,0x7a3a8,Knock Related 2 Y Axis,0x43FA,0x42AE,332
60E1D400__vs__60E32000_N3N5EB,0x7a3e0,Knock Related 2,0x00E0,0x41F0,-16656
60E1D400__vs__60E32000_N3N5EB,0x7a3fc,Knock Related Y Axis,0x4448,0x42A2,422
60E1D400__vs__60E32000_N3N5EB,0x7a400,Knock Related,0x4100,0x42AE,-430
60E1D400__vs__60E32000_N3N5EB,0x7a404,Knock Related 3 Y Axis,0x43FA,0x42BC,318
60E1D400__vs__60E32000_N3N5EB,0x7a408,Knock Related 3,0x4180,0x42CA,-330
60E1D400__vs__60E32000_N3N5EB,0x7a40c,Knock Rel #4 X Axis,0x3F10,0x6464,-9556
60E1D400__vs__60E32000_N3N5EB,0x7a424,Knock Rel #4 Y Axis,0x43FA,0x3F00,1274
60E1D400__vs__60E32000_N3N5EB,0x7a450,Knock Rel #4,0x2C32,0x4130,-5374
60E1D400__vs__60E32000_N3N5EB,0x7a494,Knock Rel #0 X Axis,0x3F10,0x4220,-784
60E1D400__vs__60E32000_N3N5EB,0x7a4ac,Knock Rel #0 Y Axis,0x43FA,0x2710,7402
60E1D400__vs__60E32000_N3N5EB,0x7a4d8,Knock Rel #0,0x2E32,0x420C,-5082
60E1D400__vs__60E32000_N3N5EB,0x7a538,(Unknown - extensive_fpu_multi_calc_selector) Y Axis,0x0000,0x41F0,-16880
60E1D400__vs__60E32000_N3N5EB,0x7a554,(Unknown - extensive_fpu_multi_calc_selector),0x501E,0x3259,7621
60E1D400__vs__60E32000_N3N5EB,0x7a55c,(Unknown - extensive_fpu_multi_calc_selector) 2 Y Axis,0x43E1,0x0032,17327
60E1D400__vs__60E32000_N3N5EB,0x7a58c,(Unknown - extensive_fpu_multi_calc_selector) 2,0x0062,0x4348,-17126
60E1D400__vs__60E32000_N3N5EB,0x7a5a4,VDI Open,0x45E2,0x4148,1178
60E1D400__vs__60E32000_N3N5EB,0x7a600,Airflow Or Load Related Y Axis,0x3E80,0x4170,-752
60E1D400__vs__60E32000_N3N5EB,0x7a628,Airflow Or Load Related,0x04C0,0x4316,-15958
60E1D400__vs__60E32000_N3N5EB,0x7a63c,MAF Related Y Axis,0x0000,0x0000,0
60E1D400__vs__60E32000_N3N5EB,0x7a65c,MAF Related,0x001A,0x03A3,-905
60E1D400__vs__60E32000_N3N5EB,0x7a66c,Fuel Injection Control Callback (Map) Y Axis,0xC170,0x4220,32592
60E1D400__vs__60E32000_N3N5EB,0x7a698,Fuel Injection Control Callback (Map),0xFFFC,0x04F2,64266
60E1D400__vs__60E32000_N3N5EB,0x7a6b0,Fuel Injection Control Callback (Map) 2 Y Axis,0xC170,0x000D,49507
60E1D400__vs__60E32000_N3N5EB,0x7a6dc,Fuel Injection Control Callback (Map) 2,0xFFFC,0x3F4C,49328
60E1D400__vs__60E32000_N3N5EB,0x7a6f4,Fuel Injection Control Callback (Map) 3 Y Axis,0xC170,0x43BB,32181
60E1D400__vs__60E32000_N3N5EB,0x7a720,Fuel Injection Control Callback (Map) 3,0x024B,0x41A0,-16213
60E1D400__vs__60E32000_N3N5EB,0x7a738,Fuel Injection - Control Threshold vs Coolant Temp Y Axis,0xC170,0x1111,45151
60E1D400__vs__60E32000_N3N5EB,0x7a764,Fuel Injection - Control Threshold vs Coolant Temp,0xFFFF,0x42F0,48399
60E1D400__vs__60E32000_N3N5EB,0x7a77c,Fuel Injection - Calibration vs Coolant Temp Y Axis,0xC1A0,0x0000,49568
60E1D400__vs__60E32000_N3N5EB,0x7a7a4,Fuel Injection - Calibration vs Coolant Temp,0x0CF8,0xC220,-46376
60E1D400__vs__60E32000_N3N5EB,0x7a7c8,Dtc Snapshot Manager (Map) Y Axis,0x43FA,0x0303,16631
60E1D400__vs__60E32000_N3N5EB,0x7a7f0,Dtc Snapshot Manager (Map),0x8080,0x42C8,15800
60E1D400__vs__60E32000_N3N5EB,0x7a7fc,Compensated Barometric Pressure Y Axis,0x4257,0x1616,11329
60E1D400__vs__60E32000_N3N5EB,0x7a80c,Compensated Barometric Pressure,0x4458,0x0000,17496
60E1D400__vs__60E32000_N3N5EB,0x7a810,(Unknown - motor_control_task) X Axis,0x43FA,0x41A0,602
60E1D400__vs__60E32000_N3N5EB,0x7a828,(Unknown - motor_control_task) Y Axis,0x3E3A,0x0606,14388
60E1D400__vs__60E32000_N3N5EB,0x7a838,(Unknown - motor_control_task),0x19DA,0xC1A0,-42950
60E1D400__vs__60E32000_N3N5EB,0x7a8b0,UDS - Protocol Threshold vs Coolant Temp Y Axis,0xC220,0x4316,32522
60E1D400__vs__60E32000_N3N5EB,0x7a8cc,UDS - Protocol Threshold vs Coolant Temp,0x19A2,0x8000,-26206
60E1D400__vs__60E32000_N3N5EB,0x7a8dc,Uds Protocol (Map) Y Axis,0xC220,0x7335,20203
60E1D400__vs__60E32000_N3N5EB,0x7a8f8,Uds Protocol (Map),0x2332,0x455A,-8744
60E1D400__vs__60E32000_N3N5EB,0x7a930,Barometric Pressure Sensor Min Voltage,0x3E4C,0x1E14,8248
60E1D400__vs__60E32000_N3N5EB,0x7a934,Barometric Pressure Sensor Max Voltage,0x4099,0x2A30,5737
60E1D400__vs__60E32000_N3N5EB,0x7a9bc,Barometric Pressure Sensor Offset,0x3C95,0xC220,-34187
60E1D400__vs__60E32000_N3N5EB,0x7a9c0,Barometric Pressure Sensor Slope,0x41CA,0xC220,-32854
60E1D400__vs__60E32000_N3N5EB,0x7a9d4,Off Throttle Leading Timing Realted Y Axis,0xC220,0x420C,32788
60E1D400__vs__60E32000_N3N5EB,0x7a9f8,Off Throttle Leading Timing Realted,0x6E6E,0x42A6,11208
60E1D400__vs__60E32000_N3N5EB,0x7aa04,Ignition Trailing - Cranking Timing Advance Y Axis,0xC220,0x42A0,32640
60E1D400__vs__60E32000_N3N5EB,0x7aa28,Ignition Trailing - Cranking Timing Advance,0x6E6E,0x42A0,11214
60E1D400__vs__60E32000_N3N5EB,0x7aa74,Sensor Processing (Map) X Axis,0x3E00,0x1C1C,8676
60E1D400__vs__60E32000_N3N5EB,0x7aa98,Sensor Processing (Map) Y Axis,0x43FA,0x42C8,306
60E1D400__vs__60E32000_N3N5EB,0x7aabc,Sensor Processing (Map),0x0000,0x428E,-17038
60E1D400__vs__60E32000_N3N5EB,0x7ab10,Boost Pressure Feedback (Map) X Axis,0x3E00,0x4120,-800
60E1D400__vs__60E32000_N3N5EB,0x7ab34,Boost Pressure Feedback (Map) Y Axis,0x43FA,0x453B,-321
60E1D400__vs__60E32000_N3N5EB,0x7ab58,Boost Pressure Feedback (Map),0x001C,0x45EA,-17870
60E1D400__vs__60E32000_N3N5EB,0x7abfc,Fuel Calculation Callback (Map) X Axis,0x3E00,0x0303,15101
60E1D400__vs__60E32000_N3N5EB,0x7ac20,Fuel Calculation Callback (Map) Y Axis,0x43FA,0x0609,15857
60E1D400__vs__60E32000_N3N5EB,0x7ac44,Fuel Calculation Callback (Map),0x0000,0x0313,-787
60E1D400__vs__60E32000_N3N5EB,0x7ace8,Fuel Calculation Callback (Map) 2 X Axis,0x3E00,0x2D2D,4307
60E1D400__vs__60E32000_N3N5EB,0x7ad0c,Fuel Calculation Callback (Map) 2 Y Axis,0x43FA,0x455A,-352
60E1D400__vs__60E32000_N3N5EB,0x7ad30,Fuel Calculation Callback (Map) 2,0x0000,0x45FA,-17914
60E1D400__vs__60E32000_N3N5EB,0x7add4,Throttle - Liftoff - Fuel Cut Trigger X Axis,0x3E00,0x3EC0,-192
60E1D400__vs__60E32000_N3N5EB,0x7add8,Throttle - Liftoff - Fuel Cut Trigger Y Axis,0x43FA,0x3F00,1274
60E1D400__vs__60E32000_N3N5EB,0x7addc,Throttle - Liftoff - Fuel Cut Trigger,0x0000,0x3F20,-16160
60E1D400__vs__60E32000_N3N5EB,0x7ade0,Throttle - Liftoff - Fuel Cut Release X Axis,0x3E00,0x3F40,-320
60E1D400__vs__60E32000_N3N5EB,0x7ade4,Throttle - Liftoff - Fuel Cut Release Y Axis,0x43FA,0x3F60,1178
60E1D400__vs__60E32000_N3N5EB,0x7ade8,Throttle - Liftoff - Fuel Cut Release,0x0000,0x3F80,-16256
60E1D400__vs__60E32000_N3N5EB,0x7ae34,(Unknown - transmission_control) Y Axis,0x43FA,0x0000,17402
60E1D400__vs__60E32000_N3N5EB,0x7ae7c,(Unknown - transmission_control),0x1C1B,0x4220,-9733
60E1D400__vs__60E32000_N3N5EB,0x7ae90,State Machine - Scalar Threshold Y Axis,0x0000,0x0000,0
60E1D400__vs__60E32000_N3N5EB,0x7ae94,State Machine - Scalar Threshold,0x3FA3,0x0000,16291
60E1D400__vs__60E32000_N3N5EB,0x7ae98,Fuel Control - Scalar Threshold Y Axis,0x0000,0x00FF,-255
60E1D400__vs__60E32000_N3N5EB,0x7ae9c,Fuel Control - Scalar Threshold,0x3F33,0x447A,-1351
60E1D400__vs__60E32000_N3N5EB,0x7af24,Injection Angle Related AFR Input Y Axis,0x0000,0x001E,-30
60E1D400__vs__60E32000_N3N5EB,0x7af48,Injection Angle Related AFR Input,0x323C,0xC120,-36580
60E1D400__vs__60E32000_N3N5EB,0x7af54,Unknown Lambda Input Y Axis,0x3F33,0x41A0,-621
60E1D400__vs__60E32000_N3N5EB,0x7af74,Unknown Lambda Input,0x0708,0x42C8,-15296
60E1D400__vs__60E32000_N3N5EB,0x7af7c,(Unknown - fpu_accumulate_ch0) Y Axis,0x3F33,0x0014,16159
60E1D400__vs__60E32000_N3N5EB,0x7af9c,(Unknown - fpu_accumulate_ch0),0x0708,0xC220,-47896
60E1D400__vs__60E32000_N3N5EB,0x7afa4,AirFlow Inj Angle Related Y Axis,0x0000,0xC1A0,-49568
60E1D400__vs__60E32000_N3N5EB,0x7b008,AirFlow Inj Angle Related,0x000A,0x0000,10
60E1D400__vs__60E32000_N3N5EB,0x7b03c,(Unknown - fpu_control_calc) Y Axis,0xC220,0x1A33,42989
60E1D400__vs__60E32000_N3N5EB,0x7b05c,(Unknown - fpu_control_calc),0x00C3,0x41F0,-16685
60E1D400__vs__60E32000_N3N5EB,0x7b06c,(Unknown - fpu_accumulate_ch0) 2 Y Axis,0x0000,0x428C,-17036
60E1D400__vs__60E32000_N3N5EB,0x7b0d0,(Unknown - fpu_accumulate_ch0) 2,0x0005,0x3340,-13115
60E1D400__vs__60E32000_N3N5EB,0x7b104,(Unknown - fpu_accumulate_ch0) 3 Y Axis,0x0000,0x3E99,-16025
60E1D400__vs__60E32000_N3N5EB,0x7b168,(Unknown - fpu_accumulate_ch0) 3,0x0005,0x07D2,-1997
60E1D400__vs__60E32000_N3N5EB,0x7b19c,(Unknown - fpu_accumulate_ch0) 4 Y Axis,0xC220,0x3A51,34767
60E1D400__vs__60E32000_N3N5EB,0x7b1bc,(Unknown - fpu_accumulate_ch0) 4,0x00C3,0x42C8,-16901
60E1D400__vs__60E32000_N3N5EB,0x7b1cc,(Unknown - fpu_accumulate_ch2) Y Axis,0x0000,0xC120,-49440
60E1D400__vs__60E32000_N3N5EB,0x7b204,(Unknown - fpu_accumulate_ch2),0x0030,0x0000,48
60E1D400__vs__60E32000_N3N5EB,0x7b220,(Unknown - fpu_accumulate_ch2) 2 Y Axis,0xC220,0x3E4C,33748
60E1D400__vs__60E32000_N3N5EB,0x7b240,(Unknown - fpu_accumulate_ch2) 2,0x03CF,0x3F53,-15236
60E1D400__vs__60E32000_N3N5EB,0x7b250,Injection Angle X Axis,0x43FA,0x3F6C,1166
60E1D400__vs__60E32000_N3N5EB,0x7b298,Injection Angle Y Axis,0x3E00,0x4220,-1056
60E1D400__vs__60E32000_N3N5EB,0x7b2b8,Injection Angle,0x0208,0x3B7F,-14711
60E1D400__vs__60E32000_N3N5EB,0x7b43c,Air Bleed Control (Map) Y Axis,0x3F00,0xBD80,-32384
60E1D400__vs__60E32000_N3N5EB,0x7b464,Air Bleed Control (Map),0x5050,0xBED0,-28288
60E1D400__vs__60E32000_N3N5EB,0x7b470,Idle Correction Interpolation (Map) Y Axis,0x0000,0x43FA,-17402
60E1D400__vs__60E32000_N3N5EB,0x7b4a0,Idle Correction Interpolation (Map),0x6464,0x42A0,8644
60E1D400__vs__60E32000_N3N5EB,0x7b4ac,Ignition Knock - RPM Knock Retard Y Axis,0x43FA,0x01D2,16936
60E1D400__vs__60E32000_N3N5EB,0x7b4d8,Ignition Knock - RPM Knock Retard,0x1414,0x0241,4563
60E1D400__vs__60E32000_N3N5EB,0x7b4e4,Air Filter Control (Map) Y Axis,0x43FA,0x0180,17018
60E1D400__vs__60E32000_N3N5EB,0x7b510,Air Filter Control (Map),0x000A,0x0000,10
60E1D400__vs__60E32000_N3N5EB,0x7b51c,Fuel Correction Update (Map) Y Axis,0x3F80,0x4270,-752
60E1D400__vs__60E32000_N3N5EB,0x7b534,Fuel Correction Update (Map),0x1919,0x1133,2022
60E1D400__vs__60E32000_N3N5EB,0x7b53c,Exhaust Control (Map) Y Axis,0x3F80,0x0B49,13367
60E1D400__vs__60E32000_N3N5EB,0x7b554,Exhaust Control (Map),0x0309,0x0066,675
60E1D400__vs__60E32000_N3N5EB,0x7b55a,Air Bleed Control (Map) 2,0x72FA,0x0066,29332
60E1D400__vs__60E32000_N3N5EB,0x7b570,Exhaust Control (Map) 2 X Axis,0x0000,0x457A,-17786
60E1D400__vs__60E32000_N3N5EB,0x7b58c,Exhaust Control (Map) 2 Y Axis,0x0000,0x4220,-16928
60E1D400__vs__60E32000_N3N5EB,0x7b59c,Exhaust Control (Map) 2,0x1388,0x1500,-376
60E1D400__vs__60E32000_N3N5EB,0x7b5d4,Exhaust Control (Map) 3 X Axis,0x0000,0x0233,-563
60E1D400__vs__60E32000_N3N5EB,0x7b5f0,Exhaust Control (Map) 3 Y Axis,0x0000,0x0200,-512
60E1D400__vs__60E32000_N3N5EB,0x7b600,Exhaust Control (Map) 3,0x1388,0x019A,4590
60E1D400__vs__60E32000_N3N5EB,0x7b638,Exhaust Control (Map) 4 X Axis,0x0000,0x3D00,-15616
60E1D400__vs__60E32000_N3N5EB,0x7b654,Exhaust Control (Map) 4 Y Axis,0x0000,0x3E00,-15872
60E1D400__vs__60E32000_N3N5EB,0x7b664,Exhaust Control (Map) 4,0x1388,0x3F20,-11160
60E1D400__vs__60E32000_N3N5EB,0x7b69c,Exhaust Control (Map) 5 X Axis,0x0000,0x45A0,-17824
60E1D400__vs__60E32000_N3N5EB,0x7b6b8,Exhaust Control (Map) 5 Y Axis,0x0000,0xC220,-49696
60E1D400__vs__60E32000_N3N5EB,0x7b6c8,Exhaust Control (Map) 5,0x1388,0x4220,-11928
60E1D400__vs__60E32000_N3N5EB,0x7b700,Ignition Advance - Interpolated Map X Axis,0x0000,0x3E80,-16000
60E1D400__vs__60E32000_N3N5EB,0x7b71c,Ignition Advance - Interpolated Map Y Axis,0x0000,0x1D4C,-7500
60E1D400__vs__60E32000_N3N5EB,0x7b72c,Ignition Advance - Interpolated Map,0x0000,0x2710,-10000
60E1D400__vs__60E32000_N3N5EB,0x7b764,Fuel Pressure (Map) 8 X Axis,0x43FA,0x3EC0,1338
60E1D400__vs__60E32000_N3N5EB,0x7b78c,Fuel Pressure (Map) 8 Y Axis,0x3F80,0x3D00,640
60E1D400__vs__60E32000_N3N5EB,0x7b7ac,Fuel Pressure (Map) 8,0xA11A,0x3E90,25226
60E1D400__vs__60E32000_N3N5EB,0x7b84c,Fuel Pressure (Map) 9 X Axis,0x43FA,0x40A0,858
60E1D400__vs__60E32000_N3N5EB,0x7b874,Fuel Pressure (Map) 9 Y Axis,0x3F80,0x18EC,9876
60E1D400__vs__60E32000_N3N5EB,0x7b894,Fuel Pressure (Map) 9,0x2831,0x0981,7856
60E1D400__vs__60E32000_N3N5EB,0x7b934,Fuel Pressure (Map) 10 X Axis,0x43FA,0x5FF2,-7160
60E1D400__vs__60E32000_N3N5EB,0x7b95c,Fuel Pressure (Map) 10 Y Axis,0x3F80,0x453B,-1467
60E1D400__vs__60E32000_N3N5EB,0x7b97c,Fuel Pressure (Map) 10,0x9E1D,0x2AB6,29543
60E1D400__vs__60E32000_N3N5EB,0x7ba94,Knock Limit - Zero Table vs Axis Y Axis,0x0000,0x4276,-17014
60E1D400__vs__60E32000_N3N5EB,0x7bab0,Knock Limit - Zero Table vs Axis,0x0000,0x4400,-17408
60E1D400__vs__60E32000_N3N5EB,0x7bacc,Knock Limit - Factor vs Axis Y Axis,0x3DCC,0x457A,-1966
60E1D400__vs__60E32000_N3N5EB,0x7bae0,Knock Limit - Factor vs Axis,0x3F80,0x460C,-1676
60E1D400__vs__60E32000_N3N5EB,0x7baf4,Omp Fault Detect (Map) X Axis,0x3E00,0x43FE,-1534
60E1D400__vs__60E32000_N3N5EB,0x7bb18,Omp Fault Detect (Map) Y Axis,0x43FA,0x460C,-530
60E1D400__vs__60E32000_N3N5EB,0x7bb3c,Omp Fault Detect (Map),0x0000,0xFF0A,-65290
60E1D400__vs__60E32000_N3N5EB,0x7bb90,Ignition Knock - Retard Limit X Axis,0x3E00,0x3E00,0
60E1D400__vs__60E32000_N3N5EB,0x7bbb4,Ignition Knock - Retard Limit Y Axis,0x43FA,0x45DA,-480
60E1D400__vs__60E32000_N3N5EB,0x7bbd8,Ignition Knock - Retard Limit,0x41C0,0x45DA,-1050
60E1D400__vs__60E32000_N3N5EB,0x7bd28,(Unknown - fpu_division_calc) X Axis,0x3E23,0x44BB,-1688
60E1D400__vs__60E32000_N3N5EB,0x7bd50,(Unknown - fpu_division_calc) Y Axis,0x4443,0x45CB,-392
60E1D400__vs__60E32000_N3N5EB,0x7bd94,(Unknown - fpu_division_calc),0x41AE,0x458C,-990
60E1D400__vs__60E32000_N3N5EB,0x7c050,Fuel Temperature Correction (Map) Y Axis,0x442F,0x1560,11983
60E1D400__vs__60E32000_N3N5EB,0x7c084,Fuel Temperature Correction (Map),0x4343,0x41F0,339
60E1D400__vs__60E32000_N3N5EB,0x7c094,Fuel Flow Limiter (Map) X Axis,0x3E00,0x0000,15872
60E1D400__vs__60E32000_N3N5EB,0x7c0bc,Fuel Flow Limiter (Map) Y Axis,0x43FA,0x4200,506
60E1D400__vs__60E32000_N3N5EB,0x7c0dc,Fuel Flow Limiter (Map),0x0080,0x2332,-8882
60E1D400__vs__60E32000_N3N5EB,0x7c184,Load Limit A Y Axis,0x4443,0x0383,16576
60E1D400__vs__60E32000_N3N5EB,0x7c1b4,Load Limit A,0x3EB3,0x3DCC,231
60E1D400__vs__60E32000_N3N5EB,0x7c1e4,Load Limit B Y Axis,0x4443,0xFAFA,-46775
60E1D400__vs__60E32000_N3N5EB,0x7c214,Load Limit B,0x3F26,0xC1A0,-33402
60E1D400__vs__60E32000_N3N5EB,0x7c32c,Load Limit C Y Axis,0x43FA,0x0014,17382
60E1D400__vs__60E32000_N3N5EB,0x7c354,Load Limit C,0x03E8,0x3F47,-15199
60E1D400__vs__60E32000_N3N5EB,0x7c3b4,Misfire DTC - Threshold 1 vs Voltage Axis Y Axis,0x40B0,0x2224,7820
60E1D400__vs__60E32000_N3N5EB,0x7c3c4,Misfire DTC - Threshold 1 vs Voltage Axis,0x007D,0x0000,125
60E1D400__vs__60E32000_N3N5EB,0x7c3cc,Misfire DTC - Threshold 2 vs Voltage Axis Y Axis,0x40B0,0x0040,16496
60E1D400__vs__60E32000_N3N5EB,0x7c3dc,Misfire DTC - Threshold 2 vs Voltage Axis,0x007D,0x4120,-16547
60E1D400__vs__60E32000_N3N5EB,0x7c3e4,Misfire DTC - Threshold 3 vs Voltage Axis Y Axis,0x40C4,0x0005,16575
60E1D400__vs__60E32000_N3N5EB,0x7c3f4,Misfire DTC - Threshold 3 vs Voltage Axis,0x4060,0x43FA,-922
60E1D400__vs__60E32000_N3N5EB,0x7c48c,(Unknown - ctrl_toggle) Y Axis,0x0000,0x3F80,-16256
60E1D400__vs__60E32000_N3N5EB,0x7c4b4,(Unknown - ctrl_toggle),0x0000,0x3F80,-16256
60E1D400__vs__60E32000_N3N5EB,0x7c4c0,(Unknown - ctrl_toggle) 2 Y Axis,0x0000,0x3FA6,-16294
60E1D400__vs__60E32000_N3N5EB,0x7c4e8,(Unknown - ctrl_toggle) 2,0x0000,0x41F5,-16885
60E1D400__vs__60E32000_N3N5EB,0x7c4f4,(Unknown - ctrl_toggle) 3 Y Axis,0x0000,0x4238,-16952
60E1D400__vs__60E32000_N3N5EB,0x7c51c,(Unknown - ctrl_toggle) 3,0x7878,0x42C2,13750
60E1D400__vs__60E32000_N3N5EB,0x7c528,Ctrl Toggle - Constant vs Axis Y Axis,0x0000,0x42E1,-17121
60E1D400__vs__60E32000_N3N5EB,0x7c550,Ctrl Toggle - Constant vs Axis,0x0001,0x0064,-99
60E1D400__vs__60E32000_N3N5EB,0x7c564,Primary Fuel Injector Cranking Pulse Decay Time Y Axis,0xC220,0x0064,49596
60E1D400__vs__60E32000_N3N5EB,0x7c588,Primary Fuel Injector Cranking Pulse Decay Time,0x0303,0x00C3,576
60E1D400__vs__60E32000_N3N5EB,0x7c5f8,PWM Duty - Constant vs Axis Y Axis,0x0000,0x42F5,-17141
60E1D400__vs__60E32000_N3N5EB,0x7c61c,PWM Duty - Constant vs Axis,0x04E2,0x004C,1174
60E1D400__vs__60E32000_N3N5EB,0x7c664,Ctrl Cache - Correction 1 vs Axis Y Axis,0x469C,0x4285,1047
60E1D400__vs__60E32000_N3N5EB,0x7c678,Ctrl Cache - Correction 1 vs Axis,0xBC23,0x42B8,31083
60E1D400__vs__60E32000_N3N5EB,0x7c68c,Ctrl Cache - Correction 2 vs Axis Y Axis,0x469C,0x42EB,945
60E1D400__vs__60E32000_N3N5EB,0x7c6a0,Ctrl Cache - Correction 2 vs Axis,0x3C23,0x001E,15365
60E1D400__vs__60E32000_N3N5EB,0x7c6bc,(Unknown - debug_output) Y Axis,0x3DCC,0x005C,15728
60E1D400__vs__60E32000_N3N5EB,0x7c6d8,(Unknown - debug_output),0x1A1A,0x4220,-10246
60E1D400__vs__60E32000_N3N5EB,0x7c6e0,(Unknown - debug_output) 2 Y Axis,0x447A,0x42A0,474
60E1D400__vs__60E32000_N3N5EB,0x7c708,(Unknown - debug_output) 2,0x9678,0x41A3,21717
60E1D400__vs__60E32000_N3N5EB,0x7c718,Datalog - Sample Rate vs RPM Y Axis,0x43FA,0x4223,471
60E1D400__vs__60E32000_N3N5EB,0x7c730,Datalog - Sample Rate vs RPM,0x0505,0x0030,1237
60E1D400__vs__60E32000_N3N5EB,0x7c738,(Unknown - datalog_format) Y Axis,0x43FA,0x03E8,16402
60E1D400__vs__60E32000_N3N5EB,0x7c750,(Unknown - datalog_format),0x051F,0xC1A0,-48257
60E1D400__vs__60E32000_N3N5EB,0x7c75c,(Unknown - datalog_write) Y Axis,0x0000,0x4220,-16928
60E1D400__vs__60E32000_N3N5EB,0x7c780,(Unknown - datalog_write),0x0000,0x447A,-17530
60E1D400__vs__60E32000_N3N5EB,0x7c794,(Unknown - datalog_write) 2 X Axis,0xC220,0x455A,31942
60E1D400__vs__60E32000_N3N5EB,0x7c7b8,(Unknown - datalog_write) 2 Y Axis,0x43FA,0x45FA,-512
60E1D400__vs__60E32000_N3N5EB,0x7c7d0,(Unknown - datalog_write) 2,0x1A1A,0x3F00,-9446
60E1D400__vs__60E32000_N3N5EB,0x7c808,(Unknown - datalog_write) 3 X Axis,0xC220,0x0208,49176
60E1D400__vs__60E32000_N3N5EB,0x7c82c,(Unknown - datalog_write) 3 Y Axis,0x43FA,0x0208,16882
60E1D400__vs__60E32000_N3N5EB,0x7c844,(Unknown - datalog_write) 3,0x1A1A,0x0370,5802
60E1D400__vs__60E32000_N3N5EB,0x7c8b0,Datalog - Engine - Trace Level Table Y Axis,0xC220,0x0379,48807
60E1D400__vs__60E32000_N3N5EB,0x7c8ec,Datalog - Engine - Trace Level Table,0x8080,0x037A,32006
60E1D400__vs__60E32000_N3N5EB,0x7c8fc,Datalog - Battery - Voltage Correction Table Y Axis,0x40D0,0x0388,15688
60E1D400__vs__60E32000_N3N5EB,0x7c920,Datalog - Battery - Voltage Correction Table,0x9F96,0x45CB,22987
60E1D400__vs__60E32000_N3N5EB,0x7c92c,Datalog - Engine - Load Matrix X Axis,0x0000,0x3F80,-16256
60E1D400__vs__60E32000_N3N5EB,0x7c98c,Datalog - Engine - Load Matrix Y Axis,0x0000,0x40C0,-16576
60E1D400__vs__60E32000_N3N5EB,0x7c9b4,Datalog - Engine - Load Matrix,0x0A0C,0x41C8,-14268
60E1D400__vs__60E32000_N3N5EB,0x7cad8,Ignition Dwell Time_ X Axis,0x447A,0x1388,12530
60E1D400__vs__60E32000_N3N5EB,0x7cafc,Ignition Dwell Time_ Y Axis,0x40D0,0x0008,16584
60E1D400__vs__60E32000_N3N5EB,0x7cb20,Ignition Dwell Time_,0x0767,0x40A0,-14649
60E1D400__vs__60E32000_N3N5EB,0x7ccb4,Diag/Test - Zero Table 1 vs Index Y Axis,0x0000,0x457A,-17786
60E1D400__vs__60E32000_N3N5EB,0x7ccdc,Diag/Test - Zero Table 1 vs Index,0x0000,0xA11A,-41242
60E1D400__vs__60E32000_N3N5EB,0x7cd04,Diag/Test - Zero Table 2 vs Index Y Axis,0x0000,0x93FB,-37883
60E1D400__vs__60E32000_N3N5EB,0x7cd2c,Diag/Test - Zero Table 2 vs Index,0x0000,0xAEB8,-44728
60E1D400__vs__60E32000_N3N5EB,0x7cd54,Diag/Test - Zero Table 3 vs Index Y Axis,0x0000,0xA6EB,-42731
60E1D400__vs__60E32000_N3N5EB,0x7cd7c,Diag/Test - Zero Table 3 vs Index,0x0000,0x3F80,-16256
60E1D400__vs__60E32000_N3N5EB,0x7cda4,Diag/Test - Zero Table 4 vs Index Y Axis,0x0000,0x0F1B,-3867
60E1D400__vs__60E32000_N3N5EB,0x7cdcc,Diag/Test - Zero Table 4 vs Index,0x0000,0x43C7,-17351
60E1D400__vs__60E32000_N3N5EB,0x7cdf4,Diag/Test - Zero Table 5 vs Index Y Axis,0x0000,0x2831,-10289
60E1D400__vs__60E32000_N3N5EB,0x7ce1c,Diag/Test - Zero Table 5 vs Index,0x0000,0x447A,-17530
60E1D400__vs__60E32000_N3N5EB,0x7ce44,Diag/Test - Zero Table 6 vs Index Y Axis,0x0000,0x4040,-16448
60E1D400__vs__60E32000_N3N5EB,0x7ce6c,Diag/Test - Zero Table 6 vs Index,0x0000,0x9E1D,-40477
60E1D400__vs__60E32000_N3N5EB,0x7ce94,Diag/Test - Zero Table 7 vs Index Y Axis,0x0000,0xA6B7,-42679
60E1D400__vs__60E32000_N3N5EB,0x7cebc,Diag/Test - Zero Table 7 vs Index,0x0000,0x8492,-33938
60E1D400__vs__60E32000_N3N5EB,0x7cee4,Diag/Test - Zero Table 8 vs Index Y Axis,0x0000,0x003E,-62
60E1D400__vs__60E32000_N3N5EB,0x7cf0c,Diag/Test - Zero Table 8 vs Index,0x0000,0x0026,-38
60E1D400__vs__60E32000_N3N5EB,0x7cf34,Diag/Test - Zero Table 9 vs Index Y Axis,0x0000,0x3ED7,-16087
60E1D400__vs__60E32000_N3N5EB,0x7cf5c,Diag/Test - Zero Table 9 vs Index,0x0000,0x3DCC,-15820
60E1D400__vs__60E32000_N3N5EB,0x7cf84,Diag/Test - Zero Table 10 vs Index Y Axis,0x0000,0x0000,0
60E1D400__vs__60E32000_N3N5EB,0x7cfac,Diag/Test - Zero Table 10 vs Index,0x0000,0x33FF,-13311
60E1D400__vs__60E32000_N3N5EB,0x7cfd4,Diag/Test - Zero Table 11 vs Index Y Axis,0x0000,0x0064,-100
60E1D400__vs__60E32000_N3N5EB,0x7cffc,Diag/Test - Zero Table 11 vs Index,0x0000,0x0303,-771
60E1D400__vs__60E32000_N3N5EB,0x7d024,Diag/Test - Zero Table 12 vs Index Y Axis,0x0000,0x0302,-770
60E1D400__vs__60E32000_N3N5EB,0x7d04c,Diag/Test - Zero Table 12 vs Index,0x0000,0x04E2,-1250
60E1D400__vs__60E32000_N3N5EB,0x7d074,Diag/Test - Zero Table 13 vs Index Y Axis,0x0000,0x0000,0
60E1D400__vs__60E32000_N3N5EB,0x7d09c,Diag/Test - Zero Table 13 vs Index,0x0000,0x5604,-22020
60E1D400__vs__60E32000_N3N5EB,0x7d0d0,Ignition Timing Monitor - Threshold vs Coolant Temp Y Axis,0x4120,0x4060,192
60E1D400__vs__60E32000_N3N5EB,0x7d0f4,Ignition Timing Monitor - Threshold vs Coolant Temp,0x110D,0x0019,4340
60E1D400__vs__60E32000_N3N5EB,0x7d108,Oxygen Sensor Monitor (Map) X Axis,0x0000,0x43FA,-17402
60E1D400__vs__60E32000_N3N5EB,0x7d128,Oxygen Sensor Monitor (Map) Y Axis,0x0000,0x411A,-16666
60E1D400__vs__60E32000_N3N5EB,0x7d150,Oxygen Sensor Monitor (Map),0x0100,0x42B4,-16820
60E1D400__vs__60E32000_N3N5EB,0x7d1a0,Oxygen Sensor Monitor (Map) 2 X Axis,0x0000,0x0026,-38
60E1D400__vs__60E32000_N3N5EB,0x7d1c0,Oxygen Sensor Monitor (Map) 2 Y Axis,0x0000,0x0000,0
60E1D400__vs__60E32000_N3N5EB,0x7d1e8,Oxygen Sensor Monitor (Map) 2,0x0100,0xC1A0,-49312
60E1D400__vs__60E32000_N3N5EB,0x7d254,Diag Detector (Map) Y Axis,0x412A,0x4302,-472
60E1D400__vs__60E32000_N3N5EB,0x7d274,Diag Detector (Map),0x8C6E,0x65A9,9925
60E1D400__vs__60E32000_N3N5EB,0x7d2bc,Coil Control (Map) Y Axis,0x4120,0x4743,-1571
60E1D400__vs__60E32000_N3N5EB,0x7d2e0,Coil Control (Map),0x1A1D,0x47C3,-11686
60E1D400__vs__60E32000_N3N5EB,0x7d2f4,Coil Control (Map) 2 Y Axis,0x4120,0x845A,-17210
60E1D400__vs__60E32000_N3N5EB,0x7d318,Coil Control (Map) 2,0x2330,0x3E61,-6961
60E1D400__vs__60E32000_N3N5EB,0x7d32c,Coil Control (Map) 3 Y Axis,0x4120,0x44AF,-911
60E1D400__vs__60E32000_N3N5EB,0x7d350,Coil Control (Map) 3,0x07BB,0x6464,-23721
60E1D400__vs__60E32000_N3N5EB,0x7d364,Coil Control (Map) 4 Y Axis,0x4120,0x4296,-374
60E1D400__vs__60E32000_N3N5EB,0x7d388,Coil Control (Map) 4,0x0666,0x0305,865
60E1D400__vs__60E32000_N3N5EB,0x7d39c,Coil Control (Map) 5 Y Axis,0x4120,0x4220,-256
60E1D400__vs__60E32000_N3N5EB,0x7d3c0,Coil Control (Map) 5,0x1A1D,0x4478,-10843
60E1D400__vs__60E32000_N3N5EB,0x7d3d4,Coil Control (Map) 6 Y Axis,0x4120,0x45A0,-1152
60E1D400__vs__60E32000_N3N5EB,0x7d3f8,Coil Control (Map) 6,0x2330,0x44FA,-8650
60E1D400__vs__60E32000_N3N5EB,0x7d40c,Coil Control (Map) 7 Y Axis,0x4120,0x009A,16518
60E1D400__vs__60E32000_N3N5EB,0x7d430,Coil Control (Map) 7,0x07BB,0x051F,668
60E1D400__vs__60E32000_N3N5EB,0x7d444,Coil Control (Map) 8 Y Axis,0x4120,0x4220,-256
60E1D400__vs__60E32000_N3N5EB,0x7d468,Coil Control (Map) 8,0x0666,0x44DA,-15988
60E1D400__vs__60E32000_N3N5EB,0x7d47c,OBD Monitor - Threshold vs Coolant Temp Y Axis,0x4120,0x4D4D,-3117
60E1D400__vs__60E32000_N3N5EB,0x7d4a0,OBD Monitor - Threshold vs Coolant Temp,0x0A36,0x4D4D,-17175
60E1D400__vs__60E32000_N3N5EB,0x7d4b4,Coil Correction - Threshold vs Coolant Temp Y Axis,0x4120,0x41A0,-128
60E1D400__vs__60E32000_N3N5EB,0x7d4d8,Coil Correction - Threshold vs Coolant Temp,0x0CE7,0x44BB,-14292
60E1D400__vs__60E32000_N3N5EB,0x7d4ec,Coil Control (Map) 9 Y Axis,0x3B1B,0x4D1A,-4607
60E1D400__vs__60E32000_N3N5EB,0x7d52c,Coil Control (Map) 9,0x265C,0x4099,-6717
60E1D400__vs__60E32000_N3N5EB,0x7d554,(Unknown - eeprom_manager) Y Axis,0x4120,0x40D0,80
60E1D400__vs__60E32000_N3N5EB,0x7d578,(Unknown - eeprom_manager),0x6D73,0x9F96,-12835
60E1D400__vs__60E32000_N3N5EB,0x7d584,(Unknown - linear_interp_2d) Y Axis,0x3B1B,0x0000,15131
60E1D400__vs__60E32000_N3N5EB,0x7d5c4,(Unknown - linear_interp_2d),0x265C,0x4254,-7160
60E1D400__vs__60E32000_N3N5EB,0x7d5e4,(Unknown - linear_interp_2d) 2 Y Axis,0x4120,0x0000,16672
60E1D400__vs__60E32000_N3N5EB,0x7d608,(Unknown - linear_interp_2d) 2,0x23CA,0x3E4C,-6786
60E1D400__vs__60E32000_N3N5EB,0x7d61c,(Unknown - linear_interp_2d) 3 Y Axis,0x4120,0x45F6,-1238
60E1D400__vs__60E32000_N3N5EB,0x7d640,(Unknown - linear_interp_2d) 3,0x30A4,0x457A,-5334
60E1D400__vs__60E32000_N3N5EB,0x7d654,EEPROM - Calibration 1 vs Coolant Temp Y Axis,0x4120,0x460C,-1260
60E1D400__vs__60E32000_N3N5EB,0x7d678,EEPROM - Calibration 1 vs Coolant Temp,0x0813,0x4184,-14705
60E1D400__vs__60E32000_N3N5EB,0x7d68c,EEPROM - Calibration 2 vs Coolant Temp Y Axis,0x4120,0x018B,16277
60E1D400__vs__60E32000_N3N5EB,0x7d6b0,EEPROM - Calibration 2 vs Coolant Temp,0x05F3,0x018B,1128
60E1D400__vs__60E32000_N3N5EB,0x7d700,Diag Request (Map) Y Axis,0x43FA,0x02A6,16724
60E1D400__vs__60E32000_N3N5EB,0x7d728,Diag Request (Map),0x001A,0x00FF,-229
60E1D400__vs__60E32000_N3N5EB,0x7d74c,RTOS - Mutex Threshold vs Coolant Temp Y Axis,0x4120,0xC120,-32768
60E1D400__vs__60E32000_N3N5EB,0x7d770,RTOS - Mutex Threshold vs Coolant Temp,0x2727,0xC220,-39673
60E1D400__vs__60E32000_N3N5EB,0x7d77c,(Unknown - queue_handler) Y Axis,0x412A,0x4100,42
60E1D400__vs__60E32000_N3N5EB,0x7d79c,(Unknown - queue_handler),0x2ED9,0x5E5E,-12165
60E1D400__vs__60E32000_N3N5EB,0x7d7ac,(Unknown - queue_handler) 2 Y Axis,0x412A,0x3FC0,362
60E1D400__vs__60E32000_N3N5EB,0x7d7cc,(Unknown - queue_handler) 2,0x1333,0x42AF,-12156
60E1D400__vs__60E32000_N3N5EB,0x7d7f8,(Unknown - isr_checker) Y Axis,0x4120,0x0000,16672
60E1D400__vs__60E32000_N3N5EB,0x7d81c,(Unknown - isr_checker),0x4017,0x4080,-105
60E1D400__vs__60E32000_N3N5EB,0x7d830,(Unknown - isr_checker) 2 Y Axis,0x4120,0x42C8,-424
60E1D400__vs__60E32000_N3N5EB,0x7d854,(Unknown - isr_checker) 2,0x28F6,0x3F80,-5770
60E1D400__vs__60E32000_N3N5EB,0x7d878,LUT - Zero Table 1 vs Coolant Temp Y Axis,0x4120,0x42C8,-424
60E1D400__vs__60E32000_N3N5EB,0x7d89c,LUT - Zero Table 1 vs Coolant Temp,0x0000,0x3F80,-16256
60E1D400__vs__60E32000_N3N5EB,0x7d8c0,LUT - Zero Table 2 vs Coolant Temp Y Axis,0x4120,0x42F0,-464
60E1D400__vs__60E32000_N3N5EB,0x7d8e4,LUT - Zero Table 2 vs Coolant Temp,0x0000,0xC000,-49152
60E1D400__vs__60E32000_N3N5EB,0x7d908,EEPROM - Ramp vs Coolant Temp Y Axis,0x4120,0x42F0,-464
60E1D400__vs__60E32000_N3N5EB,0x7d92c,EEPROM - Ramp vs Coolant Temp,0x3D7A,0xC000,-33414
