pair,file1,file2,start,end,length,region,breakdown,other_ff_fraction,n_cal_tables,cal_tables
60E0E500__vs__60E0E700_N3YLEE,60E0E500,60E0E700_N3YLEE,0xffa,0xffe,4,header,header:4,,0,
60E0E500__vs__60E0E700_N3YLEE,60E0E500,60E0E700_N3YLEE,0x2005,0x2006,1,code,code:1,,0,
60E0E500__vs__60E0E700_N3YLEE,60E0E500,60E0E700_N3YLEE,0x2020,0x2023,3,code,code:3,,0,
60E0E500__vs__60E0E700_N3YLEE,60E0E500,60E0E700_N3YLEE,0x731a,0x731c,2,code,code:2,,0,
60E0E500__vs__60E0E700_N3YLEE,60E0E500,60E0E700_N3YLEE,0x7422,0x7424,2,code,code:2,,0,
60E0E500__vs__60E0E700_N3YLEE,60E0E500,60E0E700_N3YLEE,0x7496,0x7498,2,code,code:2,,0,
60E0E500__vs__60E0E700_N3YLEE,60E0E500,60E0E700_N3YLEE,0x7b1b,0x7b1c,1,code,code:1,,0,
60E0E500__vs__60E0E700_N3YLEE,60E0E500,60E0E700_N3YLEE,0x7b2f,0x7b30,1,code,code:1,,0,
60E0E500__vs__60E0E700_N3YLEE,60E0E500,60E0E700_N3YLEE,0x94de,0x94e0,2,code,code:2,,0,
60E0E500__vs__60E0E700_N3YLEE,60E0E500,60E0E700_N3YLEE,0x961a,0x9620,6,code,code:6,,0,
60E0E500__vs__60E0E700_N3YLEE,60E0E500,60E0E700_N3YLEE,0x962a,0x9630,6,code,code:6,,0,
60E0E500__vs__60E0E700_N3YLEE,60E0E500,60E0E700_N3YLEE,0x9886,0x9890,10,code,code:10,,0,
60E0E500__vs__60E0E700_N3YLEE,60E0E500,60E0E700_N3YLEE,0xa9fb,0xa9fc,1,code,code:1,,0,
60E0E500__vs__60E0E700_N3YLEE,60E0E500,60E0E700_N3YLEE,0xab1a,0xab20,6,code,code:6,,0,
60E0E500__vs__60E0E700_N3YLEE,60E0E500,60E0E700_N3YLEE,0xac9a,0xac9c,2,code,code:2,,0,
60E0E500__vs__60E0E700_N3YLEE,60E0E500,60E0E700_N3YLEE,0xacda,0xacdc,2,code,code:2,,0,
60E0E500__vs__60E0E700_N3YLEE,60E0E500,60E0E700_N3YLEE,0xace6,0xace8,2,code,code:2,,0,
60E0E500__vs__60E0E700_N3YLEE,60E0E500,60E0E700_N3YLEE,0xaeca,0xaed8,14,code,code:14,,0,
60E0E500__vs__60E0E700_N3YLEE,60E0E500,60E0E700_N3YLEE,0xaee2,0xaee4,2,code,code:2,,0,
60E0E500__vs__60E0E700_N3YLEE,60E0E500,60E0E700_N3YLEE,0xb053,0xb054,1,code,code:1,,0,
60E0E500__vs__60E0E700_N3YLEE,60E0E500,60E0E700_N3YLEE,0xb143,0xb150,13,code,code:13,,0,
60E0E500__vs__60E0E700_N3YLEE,60E0E500,60E0E700_N3YLEE,0xb4ce,0xb4d4,6,code,code:6,,0,
60E0E500__vs__60E0E700_N3YLEE,60E0E500,60E0E700_N3YLEE,0xb4de,0xb4e4,6,code,code:6,,0,
60E0E500__vs__60E0E700_N3YLEE,60E0E500,60E0E700_N3YLEE,0xb66a,0xb66c,2,code,code:2,,0,
60E0E500__vs__60E0E700_N3YLEE,60E0E500,60E0E700_N3YLEE,0xc2ca,0xc2dc,18,code,code:18,,0,
60E0E500__vs__60E0E700_N3YLEE,60E0E500,60E0E700_N3YLEE,0xc2eb,0xc2ec,1,code,code:1,,0,
60E0E500__vs__60E0E700_N3YLEE,60E0E500,60E0E700_N3YLEE,0xc30a,0xc30c,2,code,code:2,,0,
60E0E500__vs__60E0E700_N3YLEE,60E0E500,60E0E700_N3YLEE,0xc452,0xc460,14,code,code:14,,0,
60E0E500__vs__60E0E700_N3YLEE,60E0E500,60E0E700_N3YLEE,0xc46f,0xc470,1,code,code:1,,0,
60E0E500__vs__60E0E700_N3YLEE,60E0E500,60E0E700_N3YLEE,0xc6db,0xc6dc,1,code,code:1,,0,
60E0E500__vs__60E0E700_N3YLEE,60E0E500,60E0E700_N3YLEE,0xc6f6,0xc6f8,2,code,code:2,,0,
60E0E500__vs__60E0E700_N3YLEE,60E0E500,60E0E700_N3YLEE,0xc727,0xc728,1,code,code:1,,0,
60E0E500__vs__60E0E700_N3YLEE,60E0E500,60E0E700_N3YLEE,0xc73a,0xc754,26,code,code:26,,0,
60E0E500__vs__60E0E700_N3YLEE,60E0E500,60E0E700_N3YLEE,0xc767,0xc768,1,code,code:1,,0,
60E0E500__vs__60E0E700_N3YLEE,60E0E500,60E0E700_N3YLEE,0xc89b,0xc89c,1,code,code:1,,0,
60E0E500__vs__60E0E700_N3YLEE,60E0E500,60E0E700_N3YLEE,0xca06,0xca14,14,code,code:14,,0,
60E0E500__vs__60E0E700_N3YLEE,60E0E500,60E0E700_N3YLEE,0xd1cb,0xd1d0,5,code,code:5,,0,
60E0E500__vs__60E0E700_N3YLEE,60E0E500,60E0E700_N3YLEE,0xd886,0xd888,2,code,code:2,,0,
60E0E500__vs__60E0E700_N3YLEE,60E0E500,60E0E700_N3YLEE,0xdb0f,0xdb28,25,code,code:25,,0,
60E0E500__vs__60E0E700_N3YLEE,60E0E500,60E0E700_N3YLEE,0xdb32,0xdb58,38,code,code:38,,0,
60E0E500__vs__60E0E700_N3YLEE,60E0E500,60E0E700_N3YLEE,0xdc5d,0xdc64,7,code,code:7,,0,
60E0E500__vs__60E0E700_N3YLEE,60E0E500,60E0E700_N3YLEE,0xdc72,0xdcc0,78,code,code:78,,0,
60E0E500__vs__60E0E700_N3YLEE,60E0E500,60E0E700_N3YLEE,0xddbd,0xddc0,3,code,code:3,,0,
60E0E500__vs__60E0E700_N3YLEE,60E0E500,60E0E700_N3YLEE,0xdedb,0xdeea,15,code,code:15,,0,
60E0E500__vs__60E0E700_N3YLEE,60E0E500,60E0E700_N3YLEE,0xdef2,0xdefc,10,code,code:10,,0,
60E0E500__vs__60E0E700_N3YLEE,60E0E500,60E0E700_N3YLEE,0xdf06,0xdf08,2,code,code:2,,0,
60E0E500__vs__60E0E700_N3YLEE,60E0E500,60E0E700_N3YLEE,0xe017,0xe038,33,code,code:33,,0,
60E0E500__vs__60E0E700_N3YLEE,60E0E500,60E0E700_N3YLEE,0xe14f,0xe158,9,code,code:9,,0,
60E0E500__vs__60E0E700_N3YLEE,60E0E500,60E0E700_N3YLEE,0xe176,0xe17c,6,code,code:6,,0,
60E0E500__vs__60E0E700_N3YLEE,60E0E500,60E0E700_N3YLEE,0xe1a5,0xe1ac,7,code,code:7,,0,
60E0E500__vs__60E0E700_N3YLEE,60E0E500,60E0E700_N3YLEE,0xe29d,0xe29e,1,code,code:1,,0,
60E0E500__vs__60E0E700_N3YLEE,60E0E500,60E0E700_N3YLEE,0xe377,0xe38c,21,code,code:21,,0,
60E0E500__vs__60E0E700_N3YLEE,60E0E500,60E0E700_N3YLEE,0xe43b,0xe450,21,code,code:21,,0,
60E0E500__vs__60E0E700_N3YLEE,60E0E500,60E0E700_N3YLEE,0xe4d3,0xe4d4,1,code,code:1,,0,
60E0E500__vs__60E0E700_N3YLEE,60E0E500,60E0E700_N3YLEE,0xe4fe,0xe508,10,code,code:10,,0,
60E0E500__vs__60E0E700_N3YLEE,60E0E500,60E0E700_N3YLEE,0xe5f3,0xe604,17,code,code:17,,0,
60E0E500__vs__60E0E700_N3YLEE,60E0E500,60E0E700_N3YLEE,0xe60e,0xe610,2,code,code:2,,0,
60E0E500__vs__60E0E700_N3YLEE,60E0E500,60E0E700_N3YLEE,0xe61a,0xe628,14,code,code:14,,0,
60E0E500__vs__60E0E700_N3YLEE,60E0E500,60E0E700_N3YLEE,0xe6ad,0xe6b0,3,code,code:3,,0,
60E0E500__vs__60E0E700_N3YLEE,60E0E500,60E0E700_N3YLEE,0xe6c6,0xe6c8,2,code,code:2,,0,
60E0E500__vs__60E0E700_N3YLEE,60E0E500,60E0E700_N3YLEE,0xe6d2,0xe6d8,6,code,code:6,,0,
60E0E500__vs__60E0E700_N3YLEE,60E0E500,60E0E700_N3YLEE,0xe7b3,0xe7be,11,code,code:11,,0,
60E0E500__vs__60E0E700_N3YLEE,60E0E500,60E0E700_N3YLEE,0xe7f2,0xe7f4,2,code,code:2,,0,
60E0E500__vs__60E0E700_N3YLEE,60E0E500,60E0E700_N3YLEE,0xe8db,0xe8de,3,code,code:3,,0,
60E0E500__vs__60E0E700_N3YLEE,60E0E500,60E0E700_N3YLEE,0xe8e6,0xe8e8,2,code,code:2,,0,
60E0E500__vs__60E0E700_N3YLEE,60E0E500,60E0E700_N3YLEE,0xe8fe,0xe900,2,code,code:2,,0,
60E0E500__vs__60E0E700_N3YLEE,60E0E500,60E0E700_N3YLEE,0xea29,0xea3a,17,code,code:17,,0,
60E0E500__vs__60E0E700_N3YLEE,60E0E500,60E0E700_N3YLEE,0xea46,0xea50,10,code,code:10,,0,
60E0E500__vs__60E0E700_N3YLEE,60E0E500,60E0E700_N3YLEE,0xea5e,0xea60,2,code,code:2,,0,
60E0E500__vs__60E0E700_N3YLEE,60E0E500,60E0E700_N3YLEE,0xea72,0xea74,2,code,code:2,,0,
60E0E500__vs__60E0E700_N3YLEE,60E0E500,60E0E700_N3YLEE,0xea7e,0xea80,2,code,code:2,,0,
60E0E500__vs__60E0E700_N3YLEE,60E0E500,60E0E700_N3YLEE,0xeb47,0xeb48,1,code,code:1,,0,
60E0E500__vs__60E0E700_N3YLEE,60E0E500,60E0E700_N3YLEE,0xeb5e,0xeb60,2,code,code:2,,0,
60E0E500__vs__60E0E700_N3YLEE,60E0E500,60E0E700_N3YLEE,0xec55,0xec5e,9,code,code:9,,0,
60E0E500__vs__60E0E700_N3YLEE,60E0E500,60E0E700_N3YLEE,0xef5d,0xef6c,15,code,code:15,,0,
60E0E500__vs__60E0E700_N3YLEE,60E0E500,60E0E700_N3YLEE,0xf0d9,0xf0da,1,code,code:1,,0,
60E0E500__vs__60E0E700_N3YLEE,60E0E500,60E0E700_N3YLEE,0xf361,0xf362,1,code,code:1,,0,
60E0E500__vs__60E0E700_N3YLEE,60E0E500,60E0E700_N3YLEE,0xf37a,0xf390,22,code,code:22,,0,
60E0E500__vs__60E0E700_N3YLEE,60E0E500,60E0E700_N3YLEE,0xf4e2,0xf4e8,6,code,code:6,,0,
60E0E500__vs__60E0E700_N3YLEE,60E0E500,60E0E700_N3YLEE,0xf722,0xf724,2,code,code:2,,0,
60E0E500__vs__60E0E700_N3YLEE,60E0E500,60E0E700_N3YLEE,0xf72e,0xf734,6,code,code:6,,0,
60E0E500__vs__60E0E700_N3YLEE,60E0E500,60E0E700_N3YLEE,0xf86a,0xf86c,2,code,code:2,,0,
60E0E500__vs__60E0E700_N3YLEE,60E0E500,60E0E700_N3YLEE,0xfaaa,0xfab8,14,code,code:14,,0,
60E0E500__vs__60E0E700_N3YLEE,60E0E500,60E0E700_N3YLEE,0xfae2,0xfae4,2,code,code:2,,0,
60E0E500__vs__60E0E700_N3YLEE,60E0E500,60E0E700_N3YLEE,0xfcf6,0xfd00,10,code,code:10,,0,
60E0E500__vs__60E0E700_N3YLEE,60E0E500,60E0E700_N3YLEE,0x10019,0x1001a,1,code,code:1,,0,
60E0E500__vs__60E0E700_N3YLEE,60E0E500,60E0E700_N3YLEE,0x10129,0x1012e,5,code,code:5,,0,
60E0E500__vs__60E0E700_N3YLEE,60E0E500,60E0E700_N3YLEE,0x10136,0x10138,2,code,code:2,,0,
60E0E500__vs__60E0E700_N3YLEE,60E0E500,60E0E700_N3YLEE,0x10209,0x10210,7,code,code:7,,0,
60E0E500__vs__60E0E700_N3YLEE,60E0E500,60E0E700_N3YLEE,0x1024b,0x1024c,1,code,code:1,,0,
60E0E500__vs__60E0E700_N3YLEE,60E0E500,60E0E700_N3YLEE,0x104c6,0x104cc,6,code,code:6,,0,
60E0E500__vs__60E0E700_N3YLEE,60E0E500,60E0E700_N3YLEE,0x104e2,0x104e4,2,code,code:2,,0,
60E0E500__vs__60E0E700_N3YLEE,60E0E500,60E0E700_N3YLEE,0x1071a,0x1071c,2,code,code:2,,0,
60E0E500__vs__60E0E700_N3YLEE,60E0E500,60E0E700_N3YLEE,0x1072e,0x10734,6,code,code:6,,0,
60E0E500__vs__60E0E700_N3YLEE,60E0E500,60E0E700_N3YLEE,0x10752,0x10754,2,code,code:2,,0,
60E0E500__vs__60E0E700_N3YLEE,60E0E500,60E0E700_N3YLEE,0x109b6,0x109b8,2,code,code:2,,0,
60E0E500__vs__60E0E700_N3YLEE,60E0E500,60E0E700_N3YLEE,0x10b2a,0x10b2c,2,code,code:2,,0,
60E0E500__vs__60E0E700_N3YLEE,60E0E500,60E0E700_N3YLEE,0x10beb,0x10c0c,33,code,code:33,,0,
60E0E500__vs__60E0E700_N3YLEE,60E0E500,60E0E700_N3YLEE,0x10cb1,0x10cb8,7,code,code:7,,0,
60E0E500__vs__60E0E700_N3YLEE,60E0E500,60E0E700_N3YLEE,0x10cc7,0x10cc8,1,code,code:1,,0,
60E0E500__vs__60E0E700_N3YLEE,60E0E500,60E0E700_N3YLEE,0x10fbd,0x10fc6,9,code,code:9,,0,
60E0E500__vs__60E0E700_N3YLEE,60E0E500,60E0E700_N3YLEE,0x10fcf,0x10fd4,5,code,code:5,,0,
60E0E500__vs__60E0E700_N3YLEE,60E0E500,60E0E700_N3YLEE,0x11057,0x1105c,5,code,code:5,,0,
60E0E500__vs__60E0E700_N3YLEE,60E0E500,60E0E700_N3YLEE,0x112a6,0x1141c,374,code,code:374,,0,
60E0E500__vs__60E0E700_N3YLEE,60E0E500,60E0E700_N3YLEE,0x11652,0x117b4,354,code,code:354,,0,
60E0E500__vs__60E0E700_N3YLEE,60E0E500,60E0E700_N3YLEE,0x119da,0x11b40,358,code,code:358,,0,
60E0E500__vs__60E0E700_N3YLEE,60E0E500,60E0E700_N3YLEE,0x11d0e,0x11dec,222,code,code:222,,0,
60E0E500__vs__60E0E700_N3YLEE,60E0E500,60E0E700_N3YLEE,0x11efa,0x11efc,2,code,code:2,,0,
60E0E500__vs__60E0E700_N3YLEE,60E0E500,60E0E700_N3YLEE,0x11f0a,0x11f0c,2,code,code:2,,0,
60E0E500__vs__60E0E700_N3YLEE,60E0E500,60E0E700_N3YLEE,0x11f3a,0x11f40,6,code,code:6,,0,
60E0E500__vs__60E0E700_N3YLEE,60E0E500,60E0E700_N3YLEE,0x1207f,0x1208a,11,code,code:11,,0,
60E0E500__vs__60E0E700_N3YLEE,60E0E500,60E0E700_N3YLEE,0x12092,0x12094,2,code,code:2,,0,
60E0E500__vs__60E0E700_N3YLEE,60E0E500,60E0E700_N3YLEE,0x120a2,0x120ac,10,code,code:10,,0,
60E0E500__vs__60E0E700_N3YLEE,60E0E500,60E0E700_N3YLEE,0x120c2,0x120cc,10,code,code:10,,0,
60E0E500__vs__60E0E700_N3YLEE,60E0E500,60E0E700_N3YLEE,0x120de,0x120f0,18,code,code:18,,0,
60E0E500__vs__60E0E700_N3YLEE,60E0E500,60E0E700_N3YLEE,0x12152,0x1215c,10,code,code:10,,0,
60E0E500__vs__60E0E700_N3YLEE,60E0E500,60E0E700_N3YLEE,0x1216d,0x214c2,62293,code,code:62293,,0,
60E0E500__vs__60E0E700_N3YLEE,60E0E500,60E0E700_N3YLEE,0x214d2,0x23ffa,11048,code,code:11048,,0,
60E0E500__vs__60E0E700_N3YLEE,60E0E500,60E0E700_N3YLEE,0x24004,0x24710,1804,code,code:1804,,0,
60E0E500__vs__60E0E700_N3YLEE,60E0E500,60E0E700_N3YLEE,0x2471d,0x24724,7,code,code:7,,0,
60E0E500__vs__60E0E700_N3YLEE,60E0E500,60E0E700_N3YLEE,0x24739,0x2473e,5,code,code:5,,0,
60E0E500__vs__60E0E700_N3YLEE,60E0E500,60E0E700_N3YLEE,0x24747,0x33400,60601,code,code:60601,,0,
60E0E500__vs__60E0E700_N3YLEE,60E0E500,60E0E700_N3YLEE,0x33409,0x35c9a,10385,code,code:10385,,0,
60E0E500__vs__60E0E700_N3YLEE,60E0E500,60E0E700_N3YLEE,0x35ca5,0x3a88e,19433,code,code:19433,,0,
60E0E500__vs__60E0E700_N3YLEE,60E0E500,60E0E700_N3YLEE,0x3a898,0x411e4,26956,code,code:26956,,0,
60E0E500__vs__60E0E700_N3YLEE,60E0E500,60E0E700_N3YLEE,0x411fd,0x41208,11,code,code:11,,0,
60E0E500__vs__60E0E700_N3YLEE,60E0E500,60E0E700_N3YLEE,0x41221,0x4122c,11,code,code:11,,0,
60E0E500__vs__60E0E700_N3YLEE,60E0E500,60E0E700_N3YLEE,0x41244,0x41418,468,code,code:468,,0,
60E0E500__vs__60E0E700_N3YLEE,60E0E500,60E0E700_N3YLEE,0x41431,0x4143c,11,code,code:11,,0,
60E0E500__vs__60E0E700_N3YLEE,60E0E500,60E0E700_N3YLEE,0x41455,0x41460,11,code,code:11,,0,
60E0E500__vs__60E0E700_N3YLEE,60E0E500,60E0E700_N3YLEE,0x41478,0x42c0a,6034,code,code:6034,,0,
60E0E500__vs__60E0E700_N3YLEE,60E0E500,60E0E700_N3YLEE,0x42c17,0x42c18,1,code,code:1,,0,
60E0E500__vs__60E0E700_N3YLEE,60E0E500,60E0E700_N3YLEE,0x42c31,0x42c32,1,code,code:1,,0,
60E0E500__vs__60E0E700_N3YLEE,60E0E500,60E0E700_N3YLEE,0x42c3d,0x42c48,11,code,code:11,,0,
60E0E500__vs__60E0E700_N3YLEE,60E0E500,60E0E700_N3YLEE,0x42c53,0x42c54,1,code,code:1,,0,
60E0E500__vs__60E0E700_N3YLEE,60E0E500,60E0E700_N3YLEE,0x42c5f,0x42c62,3,code,code:3,,0,
60E0E500__vs__60E0E700_N3YLEE,60E0E500,60E0E700_N3YLEE,0x42c6d,0x42c7a,13,code,code:13,,0,
60E0E500__vs__60E0E700_N3YLEE,60E0E500,60E0E700_N3YLEE,0x42c86,0x42c92,12,code,code:12,,0,
60E0E500__vs__60E0E700_N3YLEE,60E0E500,60E0E700_N3YLEE,0x42c9f,0x42cb4,21,code,code:21,,0,
60E0E500__vs__60E0E700_N3YLEE,60E0E500,60E0E700_N3YLEE,0x42cc3,0x46776,15027,code,code:15027,,0,
60E0E500__vs__60E0E700_N3YLEE,60E0E500,60E0E700_N3YLEE,0x4677f,0x46bca,1099,code,code:1099,,0,
60E0E500__vs__60E0E700_N3YLEE,60E0E500,60E0E700_N3YLEE,0x46bd2,0x4778a,3000,code,code:3000,,0,
60E0E500__vs__60E0E700_N3YLEE,60E0E500,60E0E700_N3YLEE,0x47796,0x48720,3978,code,code:3978,,0,
60E0E500__vs__60E0E700_N3YLEE,60E0E500,60E0E700_N3YLEE,0x48729,0x48737,14,code,code:14,,0,
60E0E500__vs__60E0E700_N3YLEE,60E0E500,60E0E700_N3YLEE,0x4873f,0x48740,1,code,code:1,,0,
60E0E500__vs__60E0E700_N3YLEE,60E0E500,60E0E700_N3YLEE,0x4874b,0x48752,7,code,code:7,,0,
60E0E500__vs__60E0E700_N3YLEE,60E0E500,60E0E700_N3YLEE,0x48760,0x4f6f0,28560,code,code:28560,,0,
60E0E500__vs__60E0E700_N3YLEE,60E0E500,60E0E700_N3YLEE,0x4f6fd,0x4f702,5,code,code:5,,0,
60E0E500__vs__60E0E700_N3YLEE,60E0E500,60E0E700_N3YLEE,0x4f70b,0x4f720,21,code,code:21,,0,
60E0E500__vs__60E0E700_N3YLEE,60E0E500,60E0E700_N3YLEE,0x4f72b,0x4f72e,3,code,code:3,,0,
60E0E500__vs__60E0E700_N3YLEE,60E0E500,60E0E700_N3YLEE,0x4f737,0x4f74e,23,code,code:23,,0,
60E0E500__vs__60E0E700_N3YLEE,60E0E500,60E0E700_N3YLEE,0x4f75b,0x531b8,14941,code,code:14941,,0,
60E0E500__vs__60E0E700_N3YLEE,60E0E500,60E0E700_N3YLEE,0x531c0,0x55fc6,11782,code,code:11782,,0,
60E0E500__vs__60E0E700_N3YLEE,60E0E500,60E0E700_N3YLEE,0x55fd0,0x56454,1156,code,code:1156,,0,
60E0E500__vs__60E0E700_N3YLEE,60E0E500,60E0E700_N3YLEE,0x5645e,0x5646e,16,code,code:16,,0,
60E0E500__vs__60E0E700_N3YLEE,60E0E500,60E0E700_N3YLEE,0x5647c,0x56490,20,code,code:20,,0,
60E0E500__vs__60E0E700_N3YLEE,60E0E500,60E0E700_N3YLEE,0x5649a,0x57e16,6524,code,code:6524,,0,
60E0E500__vs__60E0E700_N3YLEE,60E0E500,60E0E700_N3YLEE,0x57e21,0x5809c,635,code,code:635,,0,
60E0E500__vs__60E0E700_N3YLEE,60E0E500,60E0E700_N3YLEE,0x580a5,0x580c8,35,code,code:35,,0,
60E0E500__vs__60E0E700_N3YLEE,60E0E500,60E0E700_N3YLEE,0x580d1,0x58122,81,code,code:81,,0,
60E0E500__vs__60E0E700_N3YLEE,60E0E500,60E0E700_N3YLEE,0x5812a,0x5e74e,26148,code,code:26148,,0,
60E0E500__vs__60E0E700_N3YLEE,60E0E500,60E0E700_N3YLEE,0x5e756,0x5e75a,4,code,code:4,,0,
60E0E500__vs__60E0E700_N3YLEE,60E0E500,60E0E700_N3YLEE,0x5e762,0x5e766,4,code,code:4,,0,
60E0E500__vs__60E0E700_N3YLEE,60E0E500,60E0E700_N3YLEE,0x5e76e,0x5e796,40,code,code:40,,0,
60E0E500__vs__60E0E700_N3YLEE,60E0E500,60E0E700_N3YLEE,0x5e79e,0x5e7de,64,code,code:64,,0,
60E0E500__vs__60E0E700_N3YLEE,60E0E500,60E0E700_N3YLEE,0x5e7e6,0x5e7ea,4,code,code:4,,0,
60E0E500__vs__60E0E700_N3YLEE,60E0E500,60E0E700_N3YLEE,0x5e7f2,0x5e80e,28,code,code:28,,0,
60E0E500__vs__60E0E700_N3YLEE,60E0E500,60E0E700_N3YLEE,0x5e816,0x5e832,28,code,code:28,,0,
60E0E500__vs__60E0E700_N3YLEE,60E0E500,60E0E700_N3YLEE,0x5e83a,0x5e83e,4,code,code:4,,0,
60E0E500__vs__60E0E700_N3YLEE,60E0E500,60E0E700_N3YLEE,0x5e846,0x5e84a,4,code,code:4,,0,
60E0E500__vs__60E0E700_N3YLEE,60E0E500,60E0E700_N3YLEE,0x5e852,0x5e862,16,code,code:16,,0,
60E0E500__vs__60E0E700_N3YLEE,60E0E500,60E0E700_N3YLEE,0x5e86a,0x5e87a,16,code,code:16,,0,
60E0E500__vs__60E0E700_N3YLEE,60E0E500,60E0E700_N3YLEE,0x5e882,0x5e8b6,52,code,code:52,,0,
60E0E500__vs__60E0E700_N3YLEE,60E0E500,60E0E700_N3YLEE,0x5e8be,0x5e8e6,40,code,code:40,,0,
60E0E500__vs__60E0E700_N3YLEE,60E0E500,60E0E700_N3YLEE,0x5e8ee,0x5eaea,508,code,code:508,,0,
60E0E500__vs__60E0E700_N3YLEE,60E0E500,60E0E700_N3YLEE,0x5eaf2,0x63a5a,20328,code,code:20328,,0,
60E0E500__vs__60E0E700_N3YLEE,60E0E500,60E0E700_N3YLEE,0x63a63,0x666be,11355,code,code:11355,,0,
60E0E500__vs__60E0E700_N3YLEE,60E0E500,60E0E700_N3YLEE,0x666c8,0x66d04,1596,code,code:1596,,0,
60E0E500__vs__60E0E700_N3YLEE,60E0E500,60E0E700_N3YLEE,0x66d0c,0x6a924,15384,code,code:15384,,0,
60E0E500__vs__60E0E700_N3YLEE,60E0E500,60E0E700_N3YLEE,0x6a92d,0x6ad34,1031,code,code:1031,,0,
60E0E500__vs__60E0E700_N3YLEE,60E0E500,60E0E700_N3YLEE,0x6c602,0x6c607,5,padding,padding:5,,0,
60E0E500__vs__60E0E700_N3YLEE,60E0E500,60E0E700_N3YLEE,0x6c616,0x6c617,1,padding,padding:1,,0,
60E0E500__vs__60E0E700_N3YLEE,60E0E500,60E0E700_N3YLEE,0x6c631,0x6c634,3,padding,padding:3,,0,
60E0E500__vs__60E0E700_N3YLEE,60E0E500,60E0E700_N3YLEE,0x6c649,0x6c64c,3,padding,padding:3,,0,
60E0E500__vs__60E0E700_N3YLEE,60E0E500,60E0E700_N3YLEE,0x6c65d,0x6c65e,1,padding,padding:1,,0,
60E0E500__vs__60E0E700_N3YLEE,60E0E500,60E0E700_N3YLEE,0x6c7ee,0x6c7f1,3,padding,padding:3,,0,
60E0E500__vs__60E0E700_N3YLEE,60E0E500,60E0E700_N3YLEE,0x6c83e,0x6c841,3,padding,padding:3,,0,
60E0E500__vs__60E0E700_N3YLEE,60E0E500,60E0E700_N3YLEE,0x6c88e,0x6c8a2,20,padding,padding:20,,0,
60E0E500__vs__60E0E700_N3YLEE,60E0E500,60E0E700_N3YLEE,0x6c8c8,0x6c8ca,2,padding,padding:2,,0,
60E0E500__vs__60E0E700_N3YLEE,60E0E500,60E0E700_N3YLEE,0x6c8d5,0x6c8d6,1,padding,padding:1,,0,
60E0E500__vs__60E0E700_N3YLEE,60E0E500,60E0E700_N3YLEE,0x6c8e5,0x6c8e7,2,padding,padding:2,,0,
60E0E500__vs__60E0E700_N3YLEE,60E0E500,60E0E700_N3YLEE,0x6c93c,0x6c93d,1,padding,padding:1,,0,
60E0E500__vs__60E0E700_N3YLEE,60E0E500,60E0E700_N3YLEE,0x6c958,0x6c95d,5,padding,padding:5,,0,
60E0E500__vs__60E0E700_N3YLEE,60E0E500,60E0E700_N3YLEE,0x6c971,0x6c97d,12,padding,padding:12,,0,
60E0E500__vs__60E0E700_N3YLEE,60E0E500,60E0E700_N3YLEE,0x6c991,0x6c99d,12,padding,padding:12,,0,
60E0E500__vs__60E0E700_N3YLEE,60E0E500,60E0E700_N3YLEE,0x6c9ea,0x6c9f2,8,padding,padding:8,,0,
60E0E500__vs__60E0E700_N3YLEE,60E0E500,60E0E700_N3YLEE,0x6ca30,0x6ca37,7,padding,padding:7,,0,
60E0E500__vs__60E0E700_N3YLEE,60E0E500,60E0E700_N3YLEE,0x6cab7,0x6cabc,5,padding,padding:5,,0,
60E0E500__vs__60E0E700_N3YLEE,60E0E500,60E0E700_N3YLEE,0x6cac7,0x6cacc,5,padding,padding:5,,0,
60E0E500__vs__60E0E700_N3YLEE,60E0E500,60E0E700_N3YLEE,0x6cad7,0x6cadc,5,padding,padding:5,,0,
60E0E500__vs__60E0E700_N3YLEE,60E0E500,60E0E700_N3YLEE,0x6cc27,0x6cc2c,5,padding,padding:5,,0,
60E0E500__vs__60E0E700_N3YLEE,60E0E500,60E0E700_N3YLEE,0x6cc37,0x6cc3c,5,padding,padding:5,,0,
60E0E500__vs__60E0E700_N3YLEE,60E0E500,60E0E700_N3YLEE,0x6cc47,0x6cc4c,5,padding,padding:5,,0,
60E0E500__vs__60E0E700_N3YLEE,60E0E500,60E0E700_N3YLEE,0x6ccdf,0x6cce4,5,padding,padding:5,,0,
60E0E500__vs__60E0E700_N3YLEE,60E0E500,60E0E700_N3YLEE,0x6ccef,0x6ccf4,5,padding,padding:5,,0,
60E0E500__vs__60E0E700_N3YLEE,60E0E500,60E0E700_N3YLEE,0x6ccff,0x6cd04,5,padding,padding:5,,0,
60E0E500__vs__60E0E700_N3YLEE,60E0E500,60E0E700_N3YLEE,0x6cd39,0x6cd3e,5,padding,padding:5,,0,
60E0E500__vs__60E0E700_N3YLEE,60E0E500,60E0E700_N3YLEE,0x6cd4c,0x6cd4f,3,padding,padding:3,,0,
60E0E500__vs__60E0E700_N3YLEE,60E0E500,60E0E700_N3YLEE,0x6cd5d,0x6cd5e,1,padding,padding:1,,0,
60E0E500__vs__60E0E700_N3YLEE,60E0E500,60E0E700_N3YLEE,0x6cd6d,0x6cd6e,1,padding,padding:1,,0,
60E0E500__vs__60E0E700_N3YLEE,60E0E500,60E0E700_N3YLEE,0x6cd85,0x6cd92,13,padding,padding:13,,0,
60E0E500__vs__60E0E700_N3YLEE,60E0E500,60E0E700_N3YLEE,0x6cdd5,0x6cde1,12,padding,padding:12,,0,
60E0E500__vs__60E0E700_N3YLEE,60E0E500,60E0E700_N3YLEE,0x6cf20,0x6d046,294,cal_data,cal_data:287 cal_table:7,,7,Barometric Pressure Sensor Max ADC Count; Barometric Pressure Sensor Min ADC Count; Table 2D - 0_; Table 2D - 1_; Y; Y; Y
60E0E500__vs__60E0E700_N3YLEE,60E0E500,60E0E700_N3YLEE,0x6d051,0x6d05a,9,cal_data,cal_data:9,,0,
60E0E500__vs__60E0E700_N3YLEE,60E0E500,60E0E700_N3YLEE,0x6d065,0x6d087,34,cal_data,cal_data:33 cal_table:1,,1,Table 2D - 2_
60E0E500__vs__60E0E700_N3YLEE,60E0E500,60E0E700_N3YLEE,0x6d194,0x6d2ba,294,cal_data,cal_data:285 cal_table:9,,9,Idle Related; Table 2D - 290 Check DataType; Table 3D - 0_; Table 3D - 103_; X; X; Y; Y; ...
60E0E500__vs__60E0E700_N3YLEE,60E0E500,60E0E700_N3YLEE,0x6d2c5,0x6d2ce,9,cal_data,cal_data:9,,0,
60E0E500__vs__60E0E700_N3YLEE,60E0E500,60E0E700_N3YLEE,0x6d2d9,0x6d2fb,34,cal_data,cal_data:34,,0,
60E0E500__vs__60E0E700_N3YLEE,60E0E500,60E0E700_N3YLEE,0x6d318,0x6d345,45,cal_data,cal_data:45,,0,
60E0E500__vs__60E0E700_N3YLEE,60E0E500,60E0E700_N3YLEE,0x6d364,0x6da20,1724,cal_data,cal_data:1697 cal_table:27,,27,Cold Rev Limit; Cold Rev Limit Threshold; Ignition 2; Ignition Leading 0; Ignition Leading 1; Ignition Leading Base - Safe Mode; Ignition Maybe Idle Base; Ignition Temp Correction?; ...
60E0E500__vs__60E0E700_N3YLEE,60E0E500,60E0E700_N3YLEE,0x6da3c,0x6e3ec,2480,cal_data,cal_data:2459 cal_table:21,,21,Ignition; Ignition 0 - Safe Mode; Ignition 1; Ignition Leading 4; Ignition Leading 5; Ignition Leading Base; Ignition Minimum Maybe; X; ...
60E0E500__vs__60E0E700_N3YLEE,60E0E500,60E0E700_N3YLEE,0x6e3f4,0x6e400,12,cal_data,cal_data:12,,0,
60E0E500__vs__60E0E700_N3YLEE,60E0E500,60E0E700_N3YLEE,0x6e409,0x6e54a,321,cal_data,cal_data:309 cal_table:12,,12,Table 2D - 10_; Table 2D - 11_; Table 2D - 12_; Table 2D - 13_; Table 3D - 106_; X; Y; Y; ...
60E0E500__vs__60E0E700_N3YLEE,60E0E500,60E0E700_N3YLEE,0x6e567,0x6e570,9,cal_data,cal_data:9,,0,
60E0E500__vs__60E0E700_N3YLEE,60E0E500,60E0E700_N3YLEE,0x6e58b,0x6e596,11,cal_data,cal_data:11,,0,
60E0E500__vs__60E0E700_N3YLEE,60E0E500,60E0E700_N3YLEE,0x6e5ab,0x6e5bc,17,cal_data,cal_data:17,,0,
60E0E500__vs__60E0E700_N3YLEE,60E0E500,60E0E700_N3YLEE,0x6e5d1,0x6e5e2,17,cal_data,cal_data:17,,0,
60E0E500__vs__60E0E700_N3YLEE,60E0E500,60E0E700_N3YLEE,0x6e5f7,0x6e608,17,cal_data,cal_data:17,,0,
60E0E500__vs__60E0E700_N3YLEE,60E0E500,60E0E700_N3YLEE,0x6e613,0x702cc,7353,cal_data,cal_data:7195 cal_table:158,,158,CLT Sensor Scaling; IAT Sensor Scaling; Idle Target; Idle Target 0; Idle Target 1; Idle Target 2; Idle Target 3; Idle Target 4; ...
60E0E500__vs__60E0E700_N3YLEE,60E0E500,60E0E700_N3YLEE,0x7032a,0x70484,346,cal_data,cal_data:335 cal_table:11,,11,Table 2D - 304 Check DataType; Table 2D - 305 Check DataType; Table 2D - 306 Check DataType; Table 2D - 307 Check DataType; Table 2D - 68_; Table 2D - 69_; Y; Y; ...
60E0E500__vs__60E0E700_N3YLEE,60E0E500,60E0E700_N3YLEE,0x70490,0x704ac,28,cal_data,cal_data:28,,0,
60E0E500__vs__60E0E700_N3YLEE,60E0E500,60E0E700_N3YLEE,0x704b8,0x704d4,28,cal_data,cal_data:28,,0,
60E0E500__vs__60E0E700_N3YLEE,60E0E500,60E0E700_N3YLEE,0x704e0,0x70930,1104,cal_data,cal_data:1091 cal_table:13,,13,Table 2D - 308 Check DataType; Table 2D - 309 Check DataType; Table 2D - 310 Check DataType; Table 2D - 311 Check DataType; Table 3D - 22_; Table 3D - 23_; X; X; ...
60E0E500__vs__60E0E700_N3YLEE,60E0E500,60E0E700_N3YLEE,0x70945,0x72110,6091,cal_data,cal_data:5971 cal_table:120,,120,Fuelling - Safe Mode; Fuelling 0; Fuelling 1; Fuelling 2 - Safe Mode; Fuelling 3; Fuelling 4; Fuelling 5; Fuelling 6; ...
60E0E500__vs__60E0E700_N3YLEE,60E0E500,60E0E700_N3YLEE,0x72120,0x7214c,44,cal_data,cal_data:43 cal_table:1,,1,Y
60E0E500__vs__60E0E700_N3YLEE,60E0E500,60E0E700_N3YLEE,0x72154,0x72a8c,2360,cal_data,cal_data:2325 cal_table:35,,35,Fuelling 10 - Safe Mode; Fuelling 11; Fuelling 12; Fuelling 13 - Safe Mode; Fuelling 14 - Safe mode; Fuelling 15; Fuelling 16; Fuelling 9 - Safe Mode; ...
60E0E500__vs__60E0E700_N3YLEE,60E0E500,60E0E700_N3YLEE,0x72a94,0x72aac,24,cal_data,cal_data:24,,0,
60E0E500__vs__60E0E700_N3YLEE,60E0E500,60E0E700_N3YLEE,0x72ab6,0x72acc,22,cal_data,cal_data:22,,0,
60E0E500__vs__60E0E700_N3YLEE,60E0E500,60E0E700_N3YLEE,0x72ad8,0x72d30,600,cal_data,cal_data:587 cal_table:13,,13,Table 2D - 104_; Table 2D - 105_; Table 2D - 106_; Table 2D - 107_; Table 2D - 108_; Table 2D - 329 Check DataType; Y; Y; ...
60E0E500__vs__60E0E700_N3YLEE,60E0E500,60E0E700_N3YLEE,0x72d38,0x73128,1008,cal_data,cal_data:986 cal_table:22,,22,Table 2D - 109_; Table 2D - 110_; Table 2D - 111_; Table 2D - 112_; Table 2D - 113_; Table 2D - 114_; Table 2D - 115_; Table 2D - 116_; ...
60E0E500__vs__60E0E700_N3YLEE,60E0E500,60E0E700_N3YLEE,0x73139,0x7313f,6,cal_data,cal_data:6,,0,
60E0E500__vs__60E0E700_N3YLEE,60E0E500,60E0E700_N3YLEE,0x73148,0x74446,4862,cal_data,cal_data:4782 cal_table:80,,80,Accel Pedal to Throttle Position #1; Maximum Throttle Angle; Table 2D - 119_; Table 2D - 120_; Table 2D - 121_; Table 2D - 122_; Table 2D - 123_; Table 2D - 124_; ...
60E0E500__vs__60E0E700_N3YLEE,60E0E500,60E0E700_N3YLEE,0x74452,0x74e87,2613,cal_data,cal_data:2604 cal_table:9,,9,Accel Pedal to Throttle Position #2; Accel Pedal to Throttle Position #3; Accel Pedal to Throttle Position #4; X; X; X; Y; Y; ...
60E0E500__vs__60E0E700_N3YLEE,60E0E500,60E0E700_N3YLEE,0x74eb2,0x74ebc,10,cal_data,cal_data:10,,0,
60E0E500__vs__60E0E700_N3YLEE,60E0E500,60E0E700_N3YLEE,0x74ed0,0x74ede,14,cal_data,cal_data:14,,0,
60E0E500__vs__60E0E700_N3YLEE,60E0E500,60E0E700_N3YLEE,0x74ee6,0x74f3f,89,cal_data,cal_data:89,,0,
60E0E500__vs__60E0E700_N3YLEE,60E0E500,60E0E700_N3YLEE,0x74f66,0x74f74,14,cal_data,cal_data:14,,0,
60E0E500__vs__60E0E700_N3YLEE,60E0E500,60E0E700_N3YLEE,0x74f88,0x74f96,14,cal_data,cal_data:14,,0,
60E0E500__vs__60E0E700_N3YLEE,60E0E500,60E0E700_N3YLEE,0x74f9e,0x76dc0,7714,cal_data,cal_data:7624 cal_table:90,,90,Table 2D - 144_; Table 2D - 145_; Table 2D - 146_; Table 2D - 147_; Table 2D - 148_; Table 2D - 149_; Table 2D - 150_; Table 2D - 151_; ...
60E0E500__vs__60E0E700_N3YLEE,60E0E500,60E0E700_N3YLEE,0x76de4,0x77cfe,3866,cal_data,cal_data:3806 cal_table:60,,60,Estimated Manifold Pressure; Table 2D - 164_; Table 2D - 165_; Table 2D - 166_; Table 2D - 167_; Table 2D - 168_; Table 2D - 169_; Table 2D - 170_; ...
60E0E500__vs__60E0E700_N3YLEE,60E0E500,60E0E700_N3YLEE,0x77d0c,0x795c2,6326,cal_data,cal_data:6202 cal_table:124,,124,Auxillary Valve Close; Engine Load Compensation; Injector Latency Primary; Injector Latency Secondary; Oil Metering By Load; Oil Metering By Throttle; Primary Injector Size; Secondary Injector Size; ...
60E0E500__vs__60E0E700_N3YLEE,60E0E500,60E0E700_N3YLEE,0x795ca,0x795fe,52,cal_data,cal_data:51 cal_table:1,,1,X
60E0E500__vs__60E0E700_N3YLEE,60E0E500,60E0E700_N3YLEE,0x79606,0x7a4ff,3833,cal_data,cal_data:3741 cal_table:92,,92,Knock Rel #0; Knock Rel #4; Knock Related; Knock Related 1; Knock Related 2; Knock Related 3; Knock Voltage To Magnitude; Table 2D - 202_; ...
60E0E500__vs__60E0E700_N3YLEE,60E0E500,60E0E700_N3YLEE,0x7a594,0x7b5e3,4175,cal_data,cal_data:4077 cal_table:98,,98,AirFlow Inj Angle Related; Airflow Or Load Related; Barometric Pressure Sensor Max Voltage; Barometric Pressure Sensor Min Voltage; Barometric Pressure Sensor Offset; Barometric Pressure Sensor Slope; Injection Angle; Injection Angle Related AFR Input; ...
60E0E500__vs__60E0E700_N3YLEE,60E0E500,60E0E700_N3YLEE,0x7b61c,0x7c6e1,4293,cal_data,cal_data:4226 cal_table:67,,67,Load Limit A; Load Limit B; Load Limit C; Table 2D - 277_; Table 2D - 279_; Table 2D - 280_; Table 2D - 281_; Table 2D - 282_; ...
60E0E500__vs__60E0E700_N3YLEE,60E0E500,60E0E700_N3YLEE,0x7c6e9,0x7c6f2,9,cal_data,cal_data:9,,0,
60E0E500__vs__60E0E700_N3YLEE,60E0E500,60E0E700_N3YLEE,0x7c6fc,0x7c6fd,1,cal_data,cal_data:1,,0,
60E0E500__vs__60E0E700_N3YLEE,60E0E500,60E0E700_N3YLEE,0x7c70d,0x7c716,9,cal_data,cal_data:9,,0,
60E0E500__vs__60E0E700_N3YLEE,60E0E500,60E0E700_N3YLEE,0x7c720,0x7c880,352,cal_data,cal_data:341 cal_table:11,,11,Table 2D - 284_; Table 2D - 285_; Table 2D - 390 Check DataType; Table 3D - 100_; Table 3D - 101_; X; X; Y; ...
60E0E500__vs__60E0E700_N3YLEE,60E0E500,60E0E700_N3YLEE,0x7c88e,0x7c890,2,cal_data,cal_data:2,,0,
60E0E500__vs__60E0E700_N3YLEE,60E0E500,60E0E700_N3YLEE,0x7c898,0x7c89a,2,cal_data,cal_data:2,,0,
60E0E500__vs__60E0E700_N3YLEE,60E0E500,60E0E700_N3YLEE,0x7c8a2,0x7c9bc,282,cal_data,cal_data:275 cal_table:7,,7,Table 2D - 286_; Table 2D - 287_; Table 3D - 102_; X; Y; Y; Y
60E0E500__vs__60E0E700_N3YLEE,60E0E500,60E0E700_N3YLEE,0x7c9c4,0x7c9f9,53,cal_data,cal_data:53,,0,
60E0E500__vs__60E0E700_N3YLEE,60E0E500,60E0E700_N3YLEE,0x7ca04,0x7cad4,208,cal_data,cal_data:208,,0,
60E0E500__vs__60E0E700_N3YLEE,60E0E500,60E0E700_N3YLEE,0x7cae0,0x7cbf2,274,cal_data,cal_data:272 cal_table:2,,2,Ignition Dwell Time_; Y
60E0E500__vs__60E0E700_N3YLEE,60E0E500,60E0E700_N3YLEE,0x7cbfe,0x7cc00,2,cal_data,cal_data:2,,0,
60E0E500__vs__60E0E700_N3YLEE,60E0E500,60E0E700_N3YLEE,0x7cc08,0x7cc0a,2,cal_data,cal_data:2,,0,
60E0E500__vs__60E0E700_N3YLEE,60E0E500,60E0E700_N3YLEE,0x7cc16,0x7cc32,28,cal_data,cal_data:28,,0,
60E0E500__vs__60E0E700_N3YLEE,60E0E500,60E0E700_N3YLEE,0x7cc3a,0x7d7c0,2950,cal_data,cal_data:2873 cal_table:77,,77,Table 2D - 235_; Table 2D - 236_; Table 2D - 237_; Table 2D - 238_; Table 2D - 239_; Table 2D - 240_; Table 2D - 241_; Table 2D - 242_; ...
60E0E500__vs__60E0E700_N3YLEE,60E0E500,60E0E700_N3YLEE,0x7fb01,0x7fb04,3,tail,tail:3,,0,
60E0E500__vs__60E0E700_N3YLEE,60E0E500,60E0E700_N3YLEE,0x7fb88,0x7fb8c,4,tail,tail:4,,0,
60E0E500__vs__60E0E700_N3YLEE,60E0E500,60E0E700_N3YLEE,0x7fff4,0x7fff8,4,tail,tail:4,,0,
60E0E500__vs__60E0FB00,60E0E500,60E0FB00,0xffa,0xffe,4,header,header:4,,0,
60E0E500__vs__60E0FB00,60E0E500,60E0FB00,0x2004,0x2006,2,code,code:2,,0,
60E0E500__vs__60E0FB00,60E0E500,60E0FB00,0x2021,0x2023,2,code,code:2,,0,
60E0E500__vs__60E0FB00,60E0E500,60E0FB00,0x5342,0x5343,1,code,code:1,,0,
60E0E500__vs__60E0FB00,60E0E500,60E0FB00,0x628f,0x6290,1,code,code:1,,0,
60E0E500__vs__60E0FB00,60E0E500,60E0FB00,0x63d7,0x63e0,9,code,code:9,,0,
60E0E500__vs__60E0FB00,60E0E500,60E0FB00,0x63ef,0x63f0,1,code,code:1,,0,
60E0E500__vs__60E0FB00,60E0E500,60E0FB00,0x652b,0x652c,1,code,code:1,,0,
60E0E500__vs__60E0FB00,60E0E500,60E0FB00,0x655b,0x655c,1,code,code:1,,0,
60E0E500__vs__60E0FB00,60E0E500,60E0FB00,0x656f,0x6578,9,code,code:9,,0,
60E0E500__vs__60E0FB00,60E0E500,60E0FB00,0x6583,0x6584,1,code,code:1,,0,
60E0E500__vs__60E0FB00,60E0E500,60E0FB00,0x66bb,0x66bc,1,code,code:1,,0,
60E0E500__vs__60E0FB00,60E0E500,60E0FB00,0x66cb,0x66cc,1,code,code:1,,0,
60E0E500__vs__60E0FB00,60E0E500,60E0FB00,0x66db,0x66e8,13,code,code:13,,0,
60E0E500__vs__60E0FB00,60E0E500,60E0FB00,0x66fb,0x6704,9,code,code:9,,0,
60E0E500__vs__60E0FB00,60E0E500,60E0FB00,0x670f,0x6724,21,code,code:21,,0,
60E0E500__vs__60E0FB00,60E0E500,60E0FB00,0x6737,0x6744,13,code,code:13,,0,
60E0E500__vs__60E0FB00,60E0E500,60E0FB00,0x730a,0x730b,1,code,code:1,,0,
60E0E500__vs__60E0FB00,60E0E500,60E0FB00,0x731a,0x731c,2,code,code:2,,0,
60E0E500__vs__60E0FB00,60E0E500,60E0FB00,0x732a,0x732f,5,code,code:5,,0,
60E0E500__vs__60E0FB00,60E0E500,60E0FB00,0x7386,0x7387,1,code,code:1,,0,
60E0E500__vs__60E0FB00,60E0E500,60E0FB00,0x7392,0x7393,1,code,code:1,,0,
60E0E500__vs__60E0FB00,60E0E500,60E0FB00,0x7412,0x7413,1,code,code:1,,0,
60E0E500__vs__60E0FB00,60E0E500,60E0FB00,0x7422,0x7424,2,code,code:2,,0,
60E0E500__vs__60E0FB00,60E0E500,60E0FB00,0x7432,0x7437,5,code,code:5,,0,
60E0E500__vs__60E0FB00,60E0E500,60E0FB00,0x7496,0x7498,2,code,code:2,,0,
60E0E500__vs__60E0FB00,60E0E500,60E0FB00,0x74a6,0x74ab,5,code,code:5,,0,
60E0E500__vs__60E0FB00,60E0E500,60E0FB00,0x76aa,0x76ab,1,code,code:1,,0,
60E0E500__vs__60E0FB00,60E0E500,60E0FB00,0x77c2,0x77c3,1,code,code:1,,0,
60E0E500__vs__60E0FB00,60E0E500,60E0FB00,0x7b1a,0x7b1c,2,code,code:2,,0,
60E0E500__vs__60E0FB00,60E0E500,60E0FB00,0x7b2e,0x7b30,2,code,code:2,,0,
60E0E500__vs__60E0FB00,60E0E500,60E0FB00,0x7c3a,0x7c3b,1,code,code:1,,0,
60E0E500__vs__60E0FB00,60E0E500,60E0FB00,0x7c56,0x7c57,1,code,code:1,,0,
60E0E500__vs__60E0FB00,60E0E500,60E0FB00,0x7e8a,0x7e8b,1,code,code:1,,0,
60E0E500__vs__60E0FB00,60E0E500,60E0FB00,0x7f8a,0x7f8b,1,code,code:1,,0,
60E0E500__vs__60E0FB00,60E0E500,60E0FB00,0x8e6a,0x8e6b,1,code,code:1,,0,
60E0E500__vs__60E0FB00,60E0E500,60E0FB00,0x94de,0x94e0,2,code,code:2,,0,
60E0E500__vs__60E0FB00,60E0E500,60E0FB00,0x961a,0x9630,22,code,code:22,,0,
60E0E500__vs__60E0FB00,60E0E500,60E0FB00,0x9886,0x9890,10,code,code:10,,0,
60E0E500__vs__60E0FB00,60E0E500,60E0FB00,0xa9fa,0xa9fc,2,code,code:2,,0,
60E0E500__vs__60E0FB00,60E0E500,60E0FB00,0xab1a,0xab20,6,code,code:6,,0,
60E0E500__vs__60E0FB00,60E0E500,60E0FB00,0xac9a,0xac9c,2,code,code:2,,0,
60E0E500__vs__60E0FB00,60E0E500,60E0FB00,0xacda,0xacdc,2,code,code:2,,0,
60E0E500__vs__60E0FB00,60E0E500,60E0FB00,0xace6,0xace8,2,code,code:2,,0,
60E0E500__vs__60E0FB00,60E0E500,60E0FB00,0xae86,0xae87,1,code,code:1,,0,
60E0E500__vs__60E0FB00,60E0E500,60E0FB00,0xae9a,0xaeab,17,code,code:17,,0,
60E0E500__vs__60E0FB00,60E0E500,60E0FB00,0xaeb6,0xaed8,34,code,code:34,,0,
60E0E500__vs__60E0FB00,60E0E500,60E0FB00,0xaee2,0xaee4,2,code,code:2,,0,
60E0E500__vs__60E0FB00,60E0E500,60E0FB00,0xb01e,0xb01f,1,code,code:1,,0,
60E0E500__vs__60E0FB00,60E0E500,60E0FB00,0xb036,0xb037,1,code,code:1,,0,
60E0E500__vs__60E0FB00,60E0E500,60E0FB00,0xb046,0xb047,1,code,code:1,,0,
60E0E500__vs__60E0FB00,60E0E500,60E0FB00,0xb052,0xb054,2,code,code:2,,0,
60E0E500__vs__60E0FB00,60E0E500,60E0FB00,0xb142,0xb150,14,code,code:14,,0,
60E0E500__vs__60E0FB00,60E0E500,60E0FB00,0xb166,0xb16f,9,code,code:9,,0,
60E0E500__vs__60E0FB00,60E0E500,60E0FB00,0xb17a,0xb17f,5,code,code:5,,0,
60E0E500__vs__60E0FB00,60E0E500,60E0FB00,0xb216,0xb217,1,code,code:1,,0,
60E0E500__vs__60E0FB00,60E0E500,60E0FB00,0xb222,0xb223,1,code,code:1,,0,
60E0E500__vs__60E0FB00,60E0E500,60E0FB00,0xb4ce,0xb4eb,29,code,code:29,,0,
60E0E500__vs__60E0FB00,60E0E500,60E0FB00,0xb66a,0xb66c,2,code,code:2,,0,
60E0E500__vs__60E0FB00,60E0E500,60E0FB00,0xc2ca,0xc2dc,18,code,code:18,,0,
60E0E500__vs__60E0FB00,60E0E500,60E0FB00,0xc2ea,0xc2ec,2,code,code:2,,0,
60E0E500__vs__60E0FB00,60E0E500,60E0FB00,0xc30a,0xc30c,2,code,code:2,,0,
60E0E500__vs__60E0FB00,60E0E500,60E0FB00,0xc332,0xc337,5,code,code:5,,0,
60E0E500__vs__60E0FB00,60E0E500,60E0FB00,0xc452,0xc460,14,code,code:14,,0,
60E0E500__vs__60E0FB00,60E0E500,60E0FB00,0xc46e,0xc470,2,code,code:2,,0,
60E0E500__vs__60E0FB00,60E0E500,60E0FB00,0xc6da,0xc6dc,2,code,code:2,,0,
60E0E500__vs__60E0FB00,60E0E500,60E0FB00,0xc6f6,0xc6f8,2,code,code:2,,0,
60E0E500__vs__60E0FB00,60E0E500,60E0FB00,0xc727,0xc728,1,code,code:1,,0,
60E0E500__vs__60E0FB00,60E0E500,60E0FB00,0xc73a,0xc754,26,code,code:26,,0,
60E0E500__vs__60E0FB00,60E0E500,60E0FB00,0xc766,0xc768,2,code,code:2,,0,
60E0E500__vs__60E0FB00,60E0E500,60E0FB00,0xc89a,0xc89c,2,code,code:2,,0,
60E0E500__vs__60E0FB00,60E0E500,60E0FB00,0xca06,0xca14,14,code,code:14,,0,
60E0E500__vs__60E0FB00,60E0E500,60E0FB00,0xd1ba,0xd1bb,1,code,code:1,,0,
60E0E500__vs__60E0FB00,60E0E500,60E0FB00,0xd1ca,0xd1d0,6,code,code:6,,0,
60E0E500__vs__60E0FB00,60E0E500,60E0FB00,0xd1da,0xd1df,5,code,code:5,,0,
60E0E500__vs__60E0FB00,60E0E500,60E0FB00,0xd886,0xd888,2,code,code:2,,0,
60E0E500__vs__60E0FB00,60E0E500,60E0FB00,0xd992,0xd9ac,26,code,code:26,,0,
60E0E500__vs__60E0FB00,60E0E500,60E0FB00,0xd9db,0xd9f4,25,code,code:25,,0,
60E0E500__vs__60E0FB00,60E0E500,60E0FB00,0xdb0f,0xdb28,25,code,code:25,,0,
60E0E500__vs__60E0FB00,60E0E500,60E0FB00,0xdb32,0xdb58,38,code,code:38,,0,
60E0E500__vs__60E0FB00,60E0E500,60E0FB00,0xdc5d,0xdc64,7,code,code:7,,0,
60E0E500__vs__60E0FB00,60E0E500,60E0FB00,0xdc72,0xdcc0,78,code,code:78,,0,
60E0E500__vs__60E0FB00,60E0E500,60E0FB00,0xddbd,0xddc0,3,code,code:3,,0,
60E0E500__vs__60E0FB00,60E0E500,60E0FB00,0xdedb,0xdf24,73,code,code:73,,0,
60E0E500__vs__60E0FB00,60E0E500,60E0FB00,0xdf2d,0xdf38,11,code,code:11,,0,
60E0E500__vs__60E0FB00,60E0E500,60E0FB00,0xdf45,0x1f74a,71685,code,code:71685,,0,
60E0E500__vs__60E0FB00,60E0E500,60E0FB00,0x1f754,0x29cce,42362,code,code:42362,,0,
60E0E500__vs__60E0FB00,60E0E500,60E0FB00,0x29cd7,0x37536,55391,code,code:55391,,0,
60E0E500__vs__60E0FB00,60E0E500,60E0FB00,0x3753f,0x3754a,11,code,code:11,,0,
60E0E500__vs__60E0FB00,60E0E500,60E0FB00,0x37552,0x37608,182,code,code:182,,0,
60E0E500__vs__60E0FB00,60E0E500,60E0FB00,0x37613,0x3761c,9,code,code:9,,0,
60E0E500__vs__60E0FB00,60E0E500,60E0FB00,0x37625,0x37626,1,code,code:1,,0,
60E0E500__vs__60E0FB00,60E0E500,60E0FB00,0x3762f,0x51c38,108041,code,code:108041,,0,
60E0E500__vs__60E0FB00,60E0E500,60E0FB00,0x51c40,0x521f3,1459,code,code:1459,,0,
60E0E500__vs__60E0FB00,60E0E500,60E0FB00,0x521fb,0x5efa6,52651,code,code:52651,,0,
60E0E500__vs__60E0FB00,60E0E500,60E0FB00,0x5efae,0x5f2e6,824,code,code:824,,0,
60E0E500__vs__60E0FB00,60E0E500,60E0FB00,0x5f2ee,0x62b7e,14480,code,code:14480,,0,
60E0E500__vs__60E0FB00,60E0E500,60E0FB00,0x62b86,0x68c31,24747,code,code:24747,,0,
60E0E500__vs__60E0FB00,60E0E500,60E0FB00,0x68c39,0x695fa,2497,code,code:2497,,0,
60E0E500__vs__60E0FB00,60E0E500,60E0FB00,0x69606,0x6aab4,5294,code,code:5294,,0,
60E0E500__vs__60E0FB00,60E0E500,60E0FB00,0x6c600,0x6c661,97,padding,padding:97,,0,
60E0E500__vs__60E0FB00,60E0E500,60E0FB00,0x6c6e0,0x6da94,5044,cal_data,cal_data:3165 padding:1824 cal_table:55,,55,Barometric Pressure Sensor Max ADC Count; Barometric Pressure Sensor Min ADC Count; Cold Rev Limit; Cold Rev Limit Threshold; Idle Related; Ignition 2; Ignition Leading 0; Ignition Leading 1; ...
60E0E500__vs__60E0FB00,60E0E500,60E0FB00,0x6dab8,0x6daba,2,cal_data,cal_data:2,,0,
60E0E500__vs__60E0FB00,60E0E500,60E0FB00,0x6dac4,0x6e6cc,3080,cal_data,cal_data:3043 cal_table:37,,37,Ignition; Ignition 0 - Safe Mode; Ignition 1; Ignition Leading 4; Ignition Leading 5; Ignition Leading Base; Ignition Minimum Maybe; Table 2D - 10_; ...
60E0E500__vs__60E0FB00,60E0E500,60E0FB00,0x6e6d4,0x71376,11426,cal_data,cal_data:11212 cal_table:214,,214,CLT Sensor Scaling; IAT Sensor Scaling; Idle Target; Idle Target 0; Idle Target 1; Idle Target 2; Idle Target 3; Idle Target 4; ...
60E0E500__vs__60E0FB00,60E0E500,60E0FB00,0x7137f,0x785fc,29309,cal_data,cal_data:28863 cal_table:446,,446,Accel Pedal to Throttle Position #1; Accel Pedal to Throttle Position #2; Accel Pedal to Throttle Position #3; Accel Pedal to Throttle Position #4; Estimated Manifold Pressure; Fuelling - Safe Mode; Fuelling 0; Fuelling 1; ...
60E0E500__vs__60E0FB00,60E0E500,60E0FB00,0x78608,0x79ac8,5312,cal_data,cal_data:5195 cal_table:117,,117,Auxillary Valve Close; Engine Load Compensation; Oil Metering By Load; Oil Metering By Throttle; Table 2D - 183_; Table 2D - 184_; Table 2D - 185_; Table 2D - 186_; ...
60E0E500__vs__60E0FB00,60E0E500,60E0FB00,0x79aec,0x7bca4,8632,cal_data,cal_data:8444 cal_table:188,,188,AirFlow Inj Angle Related; Airflow Or Load Related; Barometric Pressure Sensor Max Voltage; Barometric Pressure Sensor Min Voltage; Barometric Pressure Sensor Offset; Barometric Pressure Sensor Slope; Injection Angle; Injection Angle Related AFR Input; ...
60E0E500__vs__60E0FB00,60E0E500,60E0FB00,0x7bcd1,0x7c72d,2652,cal_data,cal_data:2611 cal_table:41,,41,Load Limit A; Load Limit B; Load Limit C; Table 2D - 277_; Table 2D - 279_; Table 2D - 280_; Table 2D - 281_; Table 2D - 282_; ...
60E0E500__vs__60E0FB00,60E0E500,60E0FB00,0x7c73a,0x7cb04,970,cal_data,cal_data:952 cal_table:18,,18,Table 2D - 284_; Table 2D - 285_; Table 2D - 286_; Table 2D - 287_; Table 3D - 100_; Table 3D - 101_; Table 3D - 102_; X; ...
60E0E500__vs__60E0FB00,60E0E500,60E0FB00,0x7cb14,0x7db15,4097,cal_data,cal_data:3986 cal_table:89 tail:22,,89,Ignition Dwell Time_; Table 2D - 235_; Table 2D - 236_; Table 2D - 237_; Table 2D - 238_; Table 2D - 239_; Table 2D - 240_; Table 2D - 241_; ...
60E0E500__vs__60E0FB00,60E0E500,60E0FB00,0x7fb01,0x7fb04,3,tail,tail:3,,0,
60E0E500__vs__60E0FB00,60E0E500,60E0FB00,0x7fb88,0x7fb8c,4,tail,tail:4,,0,
60E0E500__vs__60E0FB00,60E0E500,60E0FB00,0x7fff4,0x7fff8,4,tail,tail:4,,0,
60E0E500__vs__60E0FC00,60E0E500,60E0FC00,0xffa,0xffe,4,header,header:4,,0,
60E0E500__vs__60E0FC00,60E0E500,60E0FC00,0x2004,0x2006,2,code,code:2,,0,
60E0E500__vs__60E0FC00,60E0E500,60E0FC00,0x2021,0x2023,2,code,code:2,,0,
60E0E500__vs__60E0FC00,60E0E500,60E0FC00,0x5342,0x5343,1,code,code:1,,0,
60E0E500__vs__60E0FC00,60E0E500,60E0FC00,0x628f,0x6290,1,code,code:1,,0,
60E0E500__vs__60E0FC00,60E0E500,60E0FC00,0x63d7,0x63e0,9,code,code:9,,0,
60E0E500__vs__60E0FC00,60E0E500,60E0FC00,0x63ef,0x63f0,1,code,code:1,,0,
60E0E500__vs__60E0FC00,60E0E500,60E0FC00,0x652b,0x652c,1,code,code:1,,0,
60E0E500__vs__60E0FC00,60E0E500,60E0FC00,0x655b,0x655c,1,code,code:1,,0,
60E0E500__vs__60E0FC00,60E0E500,60E0FC00,0x656f,0x6578,9,code,code:9,,0,
60E0E500__vs__60E0FC00,60E0E500,60E0FC00,0x6583,0x6584,1,code,code:1,,0,
60E0E500__vs__60E0FC00,60E0E500,60E0FC00,0x66bb,0x66bc,1,code,code:1,,0,
60E0E500__vs__60E0FC00,60E0E500,60E0FC00,0x66cb,0x66cc,1,code,code:1,,0,
60E0E500__vs__60E0FC00,60E0E500,60E0FC00,0x66db,0x66e8,13,code,code:13,,0,
60E0E500__vs__60E0FC00,60E0E500,60E0FC00,0x66fb,0x6704,9,code,code:9,,0,
60E0E500__vs__60E0FC00,60E0E500,60E0FC00,0x670f,0x6724,21,code,code:21,,0,
60E0E500__vs__60E0FC00,60E0E500,60E0FC00,0x6737,0x6744,13,code,code:13,,0,
60E0E500__vs__60E0FC00,60E0E500,60E0FC00,0x730a,0x730b,1,code,code:1,,0,
60E0E500__vs__60E0FC00,60E0E500,60E0FC00,0x731a,0x731c,2,code,code:2,,0,
60E0E500__vs__60E0FC00,60E0E500,60E0FC00,0x732a,0x732f,5,code,code:5,,0,
60E0E500__vs__60E0FC00,60E0E500,60E0FC00,0x7386,0x7387,1,code,code:1,,0,
60E0E500__vs__60E0FC00,60E0E500,60E0FC00,0x7392,0x7393,1,code,code:1,,0,
60E0E500__vs__60E0FC00,60E0E500,60E0FC00,0x7412,0x7413,1,code,code:1,,0,
60E0E500__vs__60E0FC00,60E0E500,60E0FC00,0x7422,0x7424,2,code,code:2,,0,
60E0E500__vs__60E0FC00,60E0E500,60E0FC00,0x7432,0x7437,5,code,code:5,,0,
60E0E500__vs__60E0FC00,60E0E500,60E0FC00,0x7496,0x7498,2,code,code:2,,0,
60E0E500__vs__60E0FC00,60E0E500,60E0FC00,0x74a6,0x74ab,5,code,code:5,,0,
60E0E500__vs__60E0FC00,60E0E500,60E0FC00,0x76aa,0x76ab,1,code,code:1,,0,
60E0E500__vs__60E0FC00,60E0E500,60E0FC00,0x77c2,0x77c3,1,code,code:1,,0,
60E0E500__vs__60E0FC00,60E0E500,60E0FC00,0x7b1a,0x7b1c,2,code,code:2,,0,
60E0E500__vs__60E0FC00,60E0E500,60E0FC00,0x7b2e,0x7b30,2,code,code:2,,0,
60E0E500__vs__60E0FC00,60E0E500,60E0FC00,0x7c3a,0x7c3b,1,code,code:1,,0,
60E0E500__vs__60E0FC00,60E0E500,60E0FC00,0x7c56,0x7c57,1,code,code:1,,0,
60E0E500__vs__60E0FC00,60E0E500,60E0FC00,0x7e8a,0x7e8b,1,code,code:1,,0,
60E0E500__vs__60E0FC00,60E0E500,60E0FC00,0x7f8a,0x7f8b,1,code,code:1,,0,
60E0E500__vs__60E0FC00,60E0E500,60E0FC00,0x8e6a,0x8e6b,1,code,code:1,,0,
60E0E500__vs__60E0FC00,60E0E500,60E0FC00,0x94de,0x94e0,2,code,code:2,,0,
60E0E500__vs__60E0FC00,60E0E500,60E0FC00,0x961a,0x9630,22,code,code:22,,0,
60E0E500__vs__60E0FC00,60E0E500,60E0FC00,0x9886,0x9890,10,code,code:10,,0,
60E0E500__vs__60E0FC00,60E0E500,60E0FC00,0xa9fa,0xa9fc,2,code,code:2,,0,
60E0E500__vs__60E0FC00,60E0E500,60E0FC00,0xab1a,0xab20,6,code,code:6,,0,
60E0E500__vs__60E0FC00,60E0E500,60E0FC00,0xac9a,0xac9c,2,code,code:2,,0,
60E0E500__vs__60E0FC00,60E0E500,60E0FC00,0xacda,0xacdc,2,code,code:2,,0,
60E0E500__vs__60E0FC00,60E0E500,60E0FC00,0xace6,0xace8,2,code,code:2,,0,
60E0E500__vs__60E0FC00,60E0E500,60E0FC00,0xae86,0xae87,1,code,code:1,,0,
60E0E500__vs__60E0FC00,60E0E500,60E0FC00,0xae9a,0xaeab,17,code,code:17,,0,
60E0E500__vs__60E0FC00,60E0E500,60E0FC00,0xaeb6,0xaed8,34,code,code:34,,0,
60E0E500__vs__60E0FC00,60E0E500,60E0FC00,0xaee2,0xaee4,2,code,code:2,,0,
60E0E500__vs__60E0FC00,60E0E500,60E0FC00,0xb01e,0xb01f,1,code,code:1,,0,
60E0E500__vs__60E0FC00,60E0E500,60E0FC00,0xb036,0xb037,1,code,code:1,,0,
60E0E500__vs__60E0FC00,60E0E500,60E0FC00,0xb046,0xb047,1,code,code:1,,0,
60E0E500__vs__60E0FC00,60E0E500,60E0FC00,0xb052,0xb054,2,code,code:2,,0,
60E0E500__vs__60E0FC00,60E0E500,60E0FC00,0xb142,0xb150,14,code,code:14,,0,
60E0E500__vs__60E0FC00,60E0E500,60E0FC00,0xb166,0xb16f,9,code,code:9,,0,
60E0E500__vs__60E0FC00,60E0E500,60E0FC00,0xb17a,0xb17f,5,code,code:5,,0,
60E0E500__vs__60E0FC00,60E0E500,60E0FC00,0xb216,0xb217,1,code,code:1,,0,
60E0E500__vs__60E0FC00,60E0E500,60E0FC00,0xb222,0xb223,1,code,code:1,,0,
60E0E500__vs__60E0FC00,60E0E500,60E0FC00,0xb4ce,0xb4eb,29,code,code:29,,0,
60E0E500__vs__60E0FC00,60E0E500,60E0FC00,0xb66a,0xb66c,2,code,code:2,,0,
60E0E500__vs__60E0FC00,60E0E500,60E0FC00,0xc2ca,0xc2dc,18,code,code:18,,0,
60E0E500__vs__60E0FC00,60E0E500,60E0FC00,0xc2ea,0xc2ec,2,code,code:2,,0,
60E0E500__vs__60E0FC00,60E0E500,60E0FC00,0xc30a,0xc30c,2,code,code:2,,0,
60E0E500__vs__60E0FC00,60E0E500,60E0FC00,0xc332,0xc337,5,code,code:5,,0,
60E0E500__vs__60E0FC00,60E0E500,60E0FC00,0xc452,0xc460,14,code,code:14,,0,
60E0E500__vs__60E0FC00,60E0E500,60E0FC00,0xc46e,0xc470,2,code,code:2,,0,
60E0E500__vs__60E0FC00,60E0E500,60E0FC00,0xc6da,0xc6dc,2,code,code:2,,0,
60E0E500__vs__60E0FC00,60E0E500,60E0FC00,0xc6f6,0xc6f8,2,code,code:2,,0,
60E0E500__vs__60E0FC00,60E0E500,60E0FC00,0xc727,0xc728,1,code,code:1,,0,
60E0E500__vs__60E0FC00,60E0E500,60E0FC00,0xc73a,0xc754,26,code,code:26,,0,
60E0E500__vs__60E0FC00,60E0E500,60E0FC00,0xc766,0xc768,2,code,code:2,,0,
60E0E500__vs__60E0FC00,60E0E500,60E0FC00,0xc89a,0xc89c,2,code,code:2,,0,
60E0E500__vs__60E0FC00,60E0E500,60E0FC00,0xca06,0xca14,14,code,code:14,,0,
60E0E500__vs__60E0FC00,60E0E500,60E0FC00,0xd1ba,0xd1bb,1,code,code:1,,0,
60E0E500__vs__60E0FC00,60E0E500,60E0FC00,0xd1ca,0xd1d0,6,code,code:6,,0,
60E0E500__vs__60E0FC00,60E0E500,60E0FC00,0xd1da,0xd1df,5,code,code:5,,0,
60E0E500__vs__60E0FC00,60E0E500,60E0FC00,0xd886,0xd888,2,code,code:2,,0,
60E0E500__vs__60E0FC00,60E0E500,60E0FC00,0xd992,0xd9ac,26,code,code:26,,0,
60E0E500__vs__60E0FC00,60E0E500,60E0FC00,0xd9db,0xd9f4,25,code,code:25,,0,
60E0E500__vs__60E0FC00,60E0E500,60E0FC00,0xdb0f,0xdb28,25,code,code:25,,0,
60E0E500__vs__60E0FC00,60E0E500,60E0FC00,0xdb32,0xdb58,38,code,code:38,,0,
60E0E500__vs__60E0FC00,60E0E500,60E0FC00,0xdc5d,0xdc64,7,code,code:7,,0,
60E0E500__vs__60E0FC00,60E0E500,60E0FC00,0xdc72,0xdcc0,78,code,code:78,,0,
60E0E500__vs__60E0FC00,60E0E500,60E0FC00,0xddbd,0xddc0,3,code,code:3,,0,
60E0E500__vs__60E0FC00,60E0E500,60E0FC00,0xdedb,0xdf24,73,code,code:73,,0,
60E0E500__vs__60E0FC00,60E0E500,60E0FC00,0xdf2d,0xdf38,11,code,code:11,,0,
60E0E500__vs__60E0FC00,60E0E500,60E0FC00,0xdf45,0x1f74a,71685,code,code:71685,,0,
60E0E500__vs__60E0FC00,60E0E500,60E0FC00,0x1f754,0x29cce,42362,code,code:42362,,0,
60E0E500__vs__60E0FC00,60E0E500,60E0FC00,0x29cd7,0x37536,55391,code,code:55391,,0,
60E0E500__vs__60E0FC00,60E0E500,60E0FC00,0x3753f,0x3754a,11,code,code:11,,0,
60E0E500__vs__60E0FC00,60E0E500,60E0FC00,0x37552,0x37608,182,code,code:182,,0,
60E0E500__vs__60E0FC00,60E0E500,60E0FC00,0x37613,0x3761c,9,code,code:9,,0,
60E0E500__vs__60E0FC00,60E0E500,60E0FC00,0x37625,0x37626,1,code,code:1,,0,
60E0E500__vs__60E0FC00,60E0E500,60E0FC00,0x3762f,0x51c38,108041,code,code:108041,,0,
60E0E500__vs__60E0FC00,60E0E500,60E0FC00,0x51c40,0x521f3,1459,code,code:1459,,0,
60E0E500__vs__60E0FC00,60E0E500,60E0FC00,0x521fb,0x5efa6,52651,code,code:52651,,0,
60E0E500__vs__60E0FC00,60E0E500,60E0FC00,0x5efae,0x5f2e6,824,code,code:824,,0,
60E0E500__vs__60E0FC00,60E0E500,60E0FC00,0x5f2ee,0x62b7e,14480,code,code:14480,,0,
60E0E500__vs__60E0FC00,60E0E500,60E0FC00,0x62b86,0x68c31,24747,code,code:24747,,0,
60E0E500__vs__60E0FC00,60E0E500,60E0FC00,0x68c39,0x695fa,2497,code,code:2497,,0,
60E0E500__vs__60E0FC00,60E0E500,60E0FC00,0x69606,0x6aab4,5294,code,code:5294,,0,
60E0E500__vs__60E0FC00,60E0E500,60E0FC00,0x6c600,0x6c661,97,padding,padding:97,,0,
60E0E500__vs__60E0FC00,60E0E500,60E0FC00,0x6c6e0,0x6da94,5044,cal_data,cal_data:3165 padding:1824 cal_table:55,,55,Barometric Pressure Sensor Max ADC Count; Barometric Pressure Sensor Min ADC Count; Cold Rev Limit; Cold Rev Limit Threshold; Idle Related; Ignition 2; Ignition Leading 0; Ignition Leading 1; ...
60E0E500__vs__60E0FC00,60E0E500,60E0FC00,0x6dab8,0x6daba,2,cal_data,cal_data:2,,0,
60E0E500__vs__60E0FC00,60E0E500,60E0FC00,0x6dac4,0x6e6cc,3080,cal_data,cal_data:3043 cal_table:37,,37,Ignition; Ignition 0 - Safe Mode; Ignition 1; Ignition Leading 4; Ignition Leading 5; Ignition Leading Base; Ignition Minimum Maybe; Table 2D - 10_; ...
60E0E500__vs__60E0FC00,60E0E500,60E0FC00,0x6e6d4,0x71376,11426,cal_data,cal_data:11212 cal_table:214,,214,CLT Sensor Scaling; IAT Sensor Scaling; Idle Target; Idle Target 0; Idle Target 1; Idle Target 2; Idle Target 3; Idle Target 4; ...
60E0E500__vs__60E0FC00,60E0E500,60E0FC00,0x7137f,0x785fc,29309,cal_data,cal_data:28863 cal_table:446,,446,Accel Pedal to Throttle Position #1; Accel Pedal to Throttle Position #2; Accel Pedal to Throttle Position #3; Accel Pedal to Throttle Position #4; Estimated Manifold Pressure; Fuelling - Safe Mode; Fuelling 0; Fuelling 1; ...
60E0E500__vs__60E0FC00,60E0E500,60E0FC00,0x78608,0x79ac8,5312,cal_data,cal_data:5195 cal_table:117,,117,Auxillary Valve Close; Engine Load Compensation; Oil Metering By Load; Oil Metering By Throttle; Table 2D - 183_; Table 2D - 184_; Table 2D - 185_; Table 2D - 186_; ...
60E0E500__vs__60E0FC00,60E0E500,60E0FC00,0x79aec,0x7bca4,8632,cal_data,cal_data:8444 cal_table:188,,188,AirFlow Inj Angle Related; Airflow Or Load Related; Barometric Pressure Sensor Max Voltage; Barometric Pressure Sensor Min Voltage; Barometric Pressure Sensor Offset; Barometric Pressure Sensor Slope; Injection Angle; Injection Angle Related AFR Input; ...
60E0E500__vs__60E0FC00,60E0E500,60E0FC00,0x7bcd1,0x7c72d,2652,cal_data,cal_data:2611 cal_table:41,,41,Load Limit A; Load Limit B; Load Limit C; Table 2D - 277_; Table 2D - 279_; Table 2D - 280_; Table 2D - 281_; Table 2D - 282_; ...
60E0E500__vs__60E0FC00,60E0E500,60E0FC00,0x7c73a,0x7cb04,970,cal_data,cal_data:952 cal_table:18,,18,Table 2D - 284_; Table 2D - 285_; Table 2D - 286_; Table 2D - 287_; Table 3D - 100_; Table 3D - 101_; Table 3D - 102_; X; ...
60E0E500__vs__60E0FC00,60E0E500,60E0FC00,0x7cb14,0x7db15,4097,cal_data,cal_data:3986 cal_table:89 tail:22,,89,Ignition Dwell Time_; Table 2D - 235_; Table 2D - 236_; Table 2D - 237_; Table 2D - 238_; Table 2D - 239_; Table 2D - 240_; Table 2D - 241_; ...
60E0E500__vs__60E0FC00,60E0E500,60E0FC00,0x7fb01,0x7fb04,3,tail,tail:3,,0,
60E0E500__vs__60E0FC00,60E0E500,60E0FC00,0x7fb88,0x7fb8c,4,tail,tail:4,,0,
60E0E500__vs__60E0FC00,60E0E500,60E0FC00,0x7fff4,0x7fff8,4,tail,tail:4,,0,
60E0E500__vs__60E15120_N3J1E,60E0E500,60E15120_N3J1E,0xffa,0xffe,4,header,header:4,,0,
60E0E500__vs__60E15120_N3J1E,60E0E500,60E15120_N3J1E,0x2003,0x2007,4,code,code:4,,0,
60E0E500__vs__60E15120_N3J1E,60E0E500,60E15120_N3J1E,0x2020,0x2023,3,code,code:3,,0,
60E0E500__vs__60E15120_N3J1E,60E0E500,60E15120_N3J1E,0x5342,0x5343,1,code,code:1,,0,
60E0E500__vs__60E15120_N3J1E,60E0E500,60E15120_N3J1E,0x628f,0x6290,1,code,code:1,,0,
60E0E500__vs__60E15120_N3J1E,60E0E500,60E15120_N3J1E,0x63d7,0x63e4,13,code,code:13,,0,
60E0E500__vs__60E15120_N3J1E,60E0E500,60E15120_N3J1E,0x63ef,0x63f0,1,code,code:1,,0,
60E0E500__vs__60E15120_N3J1E,60E0E500,60E15120_N3J1E,0x652a,0x652c,2,code,code:2,,0,
60E0E500__vs__60E15120_N3J1E,60E0E500,60E15120_N3J1E,0x655a,0x655c,2,code,code:2,,0,
60E0E500__vs__60E15120_N3J1E,60E0E500,60E15120_N3J1E,0x656f,0x6578,9,code,code:9,,0,
60E0E500__vs__60E15120_N3J1E,60E0E500,60E15120_N3J1E,0x6583,0x6584,1,code,code:1,,0,
60E0E500__vs__60E15120_N3J1E,60E0E500,60E15120_N3J1E,0x66ba,0x66bc,2,code,code:2,,0,
60E0E500__vs__60E15120_N3J1E,60E0E500,60E15120_N3J1E,0x66cb,0x66cc,1,code,code:1,,0,
60E0E500__vs__60E15120_N3J1E,60E0E500,60E15120_N3J1E,0x66da,0x66e8,14,code,code:14,,0,
60E0E500__vs__60E15120_N3J1E,60E0E500,60E15120_N3J1E,0x66fb,0x6704,9,code,code:9,,0,
60E0E500__vs__60E15120_N3J1E,60E0E500,60E15120_N3J1E,0x670f,0x6724,21,code,code:21,,0,
60E0E500__vs__60E15120_N3J1E,60E0E500,60E15120_N3J1E,0x6737,0x6744,13,code,code:13,,0,
60E0E500__vs__60E15120_N3J1E,60E0E500,60E15120_N3J1E,0x730a,0x730b,1,code,code:1,,0,
60E0E500__vs__60E15120_N3J1E,60E0E500,60E15120_N3J1E,0x731a,0x731c,2,code,code:2,,0,
60E0E500__vs__60E15120_N3J1E,60E0E500,60E15120_N3J1E,0x732a,0x732f,5,code,code:5,,0,
60E0E500__vs__60E15120_N3J1E,60E0E500,60E15120_N3J1E,0x7386,0x7387,1,code,code:1,,0,
60E0E500__vs__60E15120_N3J1E,60E0E500,60E15120_N3J1E,0x7392,0x7393,1,code,code:1,,0,
60E0E500__vs__60E15120_N3J1E,60E0E500,60E15120_N3J1E,0x7412,0x7413,1,code,code:1,,0,
60E0E500__vs__60E15120_N3J1E,60E0E500,60E15120_N3J1E,0x7422,0x7424,2,code,code:2,,0,
60E0E500__vs__60E15120_N3J1E,60E0E500,60E15120_N3J1E,0x7432,0x7437,5,code,code:5,,0,
60E0E500__vs__60E15120_N3J1E,60E0E500,60E15120_N3J1E,0x7496,0x7498,2,code,code:2,,0,
60E0E500__vs__60E15120_N3J1E,60E0E500,60E15120_N3J1E,0x74a6,0x74ab,5,code,code:5,,0,
60E0E500__vs__60E15120_N3J1E,60E0E500,60E15120_N3J1E,0x76aa,0x76ab,1,code,code:1,,0,
60E0E500__vs__60E15120_N3J1E,60E0E500,60E15120_N3J1E,0x77c2,0x77c3,1,code,code:1,,0,
60E0E500__vs__60E15120_N3J1E,60E0E500,60E15120_N3J1E,0x7b1a,0x7b1b,1,code,code:1,,0,
60E0E500__vs__60E15120_N3J1E,60E0E500,60E15120_N3J1E,0x7b2e,0x7b2f,1,code,code:1,,0,
60E0E500__vs__60E15120_N3J1E,60E0E500,60E15120_N3J1E,0x7c3a,0x7c3b,1,code,code:1,,0,
60E0E500__vs__60E15120_N3J1E,60E0E500,60E15120_N3J1E,0x7c56,0x7c57,1,code,code:1,,0,
60E0E500__vs__60E15120_N3J1E,60E0E500,60E15120_N3J1E,0x7e8a,0x7e8b,1,code,code:1,,0,
60E0E500__vs__60E15120_N3J1E,60E0E500,60E15120_N3J1E,0x7f8a,0x7f8b,1,code,code:1,,0,
60E0E500__vs__60E15120_N3J1E,60E0E500,60E15120_N3J1E,0x8e6a,0x8e6b,1,code,code:1,,0,
60E0E500__vs__60E15120_N3J1E,60E0E500,60E15120_N3J1E,0x94de,0x94e0,2,code,code:2,,0,
60E0E500__vs__60E15120_N3J1E,60E0E500,60E15120_N3J1E,0x961a,0x9630,22,code,code:22,,0,
60E0E500__vs__60E15120_N3J1E,60E0E500,60E15120_N3J1E,0x9886,0x9890,10,code,code:10,,0,
60E0E500__vs__60E15120_N3J1E,60E0E500,60E15120_N3J1E,0xa9fa,0xa9fc,2,code,code:2,,0,
60E0E500__vs__60E15120_N3J1E,60E0E500,60E15120_N3J1E,0xab1a,0xab20,6,code,code:6,,0,
60E0E500__vs__60E15120_N3J1E,60E0E500,60E15120_N3J1E,0xac9a,0xac9c,2,code,code:2,,0,
60E0E500__vs__60E15120_N3J1E,60E0E500,60E15120_N3J1E,0xacda,0xacdc,2,code,code:2,,0,
60E0E500__vs__60E15120_N3J1E,60E0E500,60E15120_N3J1E,0xace6,0xace8,2,code,code:2,,0,
60E0E500__vs__60E15120_N3J1E,60E0E500,60E15120_N3J1E,0xae86,0xae87,1,code,code:1,,0,
60E0E500__vs__60E15120_N3J1E,60E0E500,60E15120_N3J1E,0xae9a,0xaeab,17,code,code:17,,0,
60E0E500__vs__60E15120_N3J1E,60E0E500,60E15120_N3J1E,0xaeb6,0xaed8,34,code,code:34,,0,
60E0E500__vs__60E15120_N3J1E,60E0E500,60E15120_N3J1E,0xaee2,0xaee4,2,code,code:2,,0,
60E0E500__vs__60E15120_N3J1E,60E0E500,60E15120_N3J1E,0xb01e,0xb01f,1,code,code:1,,0,
60E0E500__vs__60E15120_N3J1E,60E0E500,60E15120_N3J1E,0xb036,0xb037,1,code,code:1,,0,
60E0E500__vs__60E15120_N3J1E,60E0E500,60E15120_N3J1E,0xb046,0xb047,1,code,code:1,,0,
60E0E500__vs__60E15120_N3J1E,60E0E500,60E15120_N3J1E,0xb052,0xb054,2,code,code:2,,0,
60E0E500__vs__60E15120_N3J1E,60E0E500,60E15120_N3J1E,0xb142,0xb150,14,code,code:14,,0,
60E0E500__vs__60E15120_N3J1E,60E0E500,60E15120_N3J1E,0xb166,0xb16f,9,code,code:9,,0,
60E0E500__vs__60E15120_N3J1E,60E0E500,60E15120_N3J1E,0xb17a,0xb17f,5,code,code:5,,0,
60E0E500__vs__60E15120_N3J1E,60E0E500,60E15120_N3J1E,0xb216,0xb217,1,code,code:1,,0,
60E0E500__vs__60E15120_N3J1E,60E0E500,60E15120_N3J1E,0xb222,0xb223,1,code,code:1,,0,
60E0E500__vs__60E15120_N3J1E,60E0E500,60E15120_N3J1E,0xb4ce,0xb4eb,29,code,code:29,,0,
60E0E500__vs__60E15120_N3J1E,60E0E500,60E15120_N3J1E,0xb66a,0xb66c,2,code,code:2,,0,
60E0E500__vs__60E15120_N3J1E,60E0E500,60E15120_N3J1E,0xc2ca,0xc2dc,18,code,code:18,,0,
60E0E500__vs__60E15120_N3J1E,60E0E500,60E15120_N3J1E,0xc2ea,0xc2ec,2,code,code:2,,0,
60E0E500__vs__60E15120_N3J1E,60E0E500,60E15120_N3J1E,0xc30a,0xc30c,2,code,code:2,,0,
60E0E500__vs__60E15120_N3J1E,60E0E500,60E15120_N3J1E,0xc332,0xc337,5,code,code:5,,0,
60E0E500__vs__60E15120_N3J1E,60E0E500,60E15120_N3J1E,0xc452,0xc460,14,code,code:14,,0,
60E0E500__vs__60E15120_N3J1E,60E0E500,60E15120_N3J1E,0xc46e,0xc470,2,code,code:2,,0,
60E0E500__vs__60E15120_N3J1E,60E0E500,60E15120_N3J1E,0xc6da,0xc6dc,2,code,code:2,,0,
60E0E500__vs__60E15120_N3J1E,60E0E500,60E15120_N3J1E,0xc6f6,0xc6f8,2,code,code:2,,0,
60E0E500__vs__60E15120_N3J1E,60E0E500,60E15120_N3J1E,0xc727,0xc728,1,code,code:1,,0,
60E0E500__vs__60E15120_N3J1E,60E0E500,60E15120_N3J1E,0xc73a,0xc754,26,code,code:26,,0,
60E0E500__vs__60E15120_N3J1E,60E0E500,60E15120_N3J1E,0xc766,0xc768,2,code,code:2,,0,
60E0E500__vs__60E15120_N3J1E,60E0E500,60E15120_N3J1E,0xc89a,0xc89c,2,code,code:2,,0,
60E0E500__vs__60E15120_N3J1E,60E0E500,60E15120_N3J1E,0xca06,0xca14,14,code,code:14,,0,
60E0E500__vs__60E15120_N3J1E,60E0E500,60E15120_N3J1E,0xd1ba,0xd1bb,1,code,code:1,,0,
60E0E500__vs__60E15120_N3J1E,60E0E500,60E15120_N3J1E,0xd1ca,0xd1d0,6,code,code:6,,0,
60E0E500__vs__60E15120_N3J1E,60E0E500,60E15120_N3J1E,0xd1da,0xd1df,5,code,code:5,,0,
60E0E500__vs__60E15120_N3J1E,60E0E500,60E15120_N3J1E,0xd886,0xd888,2,code,code:2,,0,
60E0E500__vs__60E15120_N3J1E,60E0E500,60E15120_N3J1E,0xd993,0xd9ac,25,code,code:25,,0,
60E0E500__vs__60E15120_N3J1E,60E0E500,60E15120_N3J1E,0xd9db,0xd9f4,25,code,code:25,,0,
60E0E500__vs__60E15120_N3J1E,60E0E500,60E15120_N3J1E,0xdb0f,0xdb28,25,code,code:25,,0,
60E0E500__vs__60E15120_N3J1E,60E0E500,60E15120_N3J1E,0xdb32,0xdb58,38,code,code:38,,0,
60E0E500__vs__60E15120_N3J1E,60E0E500,60E15120_N3J1E,0xdc5d,0xdc64,7,code,code:7,,0,
60E0E500__vs__60E15120_N3J1E,60E0E500,60E15120_N3J1E,0xdc72,0xdcc0,78,code,code:78,,0,
60E0E500__vs__60E15120_N3J1E,60E0E500,60E15120_N3J1E,0xddbd,0xddc0,3,code,code:3,,0,
60E0E500__vs__60E15120_N3J1E,60E0E500,60E15120_N3J1E,0xdedb,0xdeea,15,code,code:15,,0,
60E0E500__vs__60E15120_N3J1E,60E0E500,60E15120_N3J1E,0xdef2,0xdf08,22,code,code:22,,0,
60E0E500__vs__60E15120_N3J1E,60E0E500,60E15120_N3J1E,0xe017,0xe038,33,code,code:33,,0,
60E0E500__vs__60E15120_N3J1E,60E0E500,60E15120_N3J1E,0xe14e,0xe158,10,code,code:10,,0,
60E0E500__vs__60E15120_N3J1E,60E0E500,60E15120_N3J1E,0xe176,0xe17b,5,code,code:5,,0,
60E0E500__vs__60E15120_N3J1E,60E0E500,60E15120_N3J1E,0xe1a5,0xe1ab,6,code,code:6,,0,
60E0E500__vs__60E15120_N3J1E,60E0E500,60E15120_N3J1E,0xe29d,0xe2a7,10,code,code:10,,0,
60E0E500__vs__60E15120_N3J1E,60E0E500,60E15120_N3J1E,0xe2d5,0xe710,1083,code,code:1083,,0,
60E0E500__vs__60E15120_N3J1E,60E0E500,60E15120_N3J1E,0xe719,0xe720,7,code,code:7,,0,
60E0E500__vs__60E15120_N3J1E,60E0E500,60E15120_N3J1E,0xe72d,0xe734,7,code,code:7,,0,
60E0E500__vs__60E15120_N3J1E,60E0E500,60E15120_N3J1E,0xe741,0xe748,7,code,code:7,,0,
60E0E500__vs__60E15120_N3J1E,60E0E500,60E15120_N3J1E,0xe755,0xea94,831,code,code:831,,0,
60E0E500__vs__60E15120_N3J1E,60E0E500,60E15120_N3J1E,0xea9c,0x10bac,8464,code,code:8464,,0,
60E0E500__vs__60E15120_N3J1E,60E0E500,60E15120_N3J1E,0x10bb4,0x10bba,6,code,code:6,,0,
60E0E500__vs__60E15120_N3J1E,60E0E500,60E15120_N3J1E,0x10bc5,0x10c32,109,code,code:109,,0,
60E0E500__vs__60E15120_N3J1E,60E0E500,60E15120_N3J1E,0x10c3a,0x10c6c,50,code,code:50,,0,
60E0E500__vs__60E15120_N3J1E,60E0E500,60E15120_N3J1E,0x10c74,0x24a2a,81334,code,code:81334,,0,
60E0E500__vs__60E15120_N3J1E,60E0E500,60E15120_N3J1E,0x24a34,0x3d5de,101290,code,code:101290,,0,
60E0E500__vs__60E15120_N3J1E,60E0E500,60E15120_N3J1E,0x3d5e9,0x3d5f2,9,code,code:9,,0,
60E0E500__vs__60E15120_N3J1E,60E0E500,60E15120_N3J1E,0x3d600,0x5c93e,127806,code,code:127806,,0,
60E0E500__vs__60E15120_N3J1E,60E0E500,60E15120_N3J1E,0x5c94b,0x698b4,53097,code,code:53097,,0,
60E0E500__vs__60E15120_N3J1E,60E0E500,60E15120_N3J1E,0x698be,0x69f3d,1663,code,code:1663,,0,
60E0E500__vs__60E15120_N3J1E,60E0E500,60E15120_N3J1E,0x69f45,0x6a05c,279,code,code:279,,0,
60E0E500__vs__60E15120_N3J1E,60E0E500,60E15120_N3J1E,0x6a066,0x6a614,1454,code,code:1454,,0,
60E0E500__vs__60E15120_N3J1E,60E0E500,60E15120_N3J1E,0x6a61d,0x6a775,344,code,code:344,,0,
60E0E500__vs__60E15120_N3J1E,60E0E500,60E15120_N3J1E,0x6a77d,0x6bc7c,5375,code,code:5375,,0,
60E0E500__vs__60E15120_N3J1E,60E0E500,60E15120_N3J1E,0x6c000,0x6c061,97,code,code:97,,0,
60E0E500__vs__60E15120_N3J1E,60E0E500,60E15120_N3J1E,0x6c0e0,0x6d9a0,6336,padding,padding:2960 cal_data:2921 code:400 cal_table:55,,55,Barometric Pressure Sensor Max ADC Count; Barometric Pressure Sensor Min ADC Count; Cold Rev Limit; Cold Rev Limit Threshold; Idle Related; Ignition 2; Ignition Leading 0; Ignition Leading 1; ...
60E0E500__vs__60E15120_N3J1E,60E0E500,60E15120_N3J1E,0x6d9b8,0x6f83c,7812,cal_data,cal_data:7663 cal_table:149,,149,Idle Target; Idle Target 0; Idle Target 1; Idle Target 2; Idle Target 3; Idle Target 4; Idle Target 5; Idle Target 6; ...
60E0E500__vs__60E15120_N3J1E,60E0E500,60E15120_N3J1E,0x6f848,0x7154d,7429,cal_data,cal_data:7325 cal_table:104,,104,CLT Sensor Scaling; IAT Sensor Scaling; Injector Barometric Pressure Compensation; Lambda Sensor Scaling; MAF Scaling; Table 2D - 292 Check DataType; Table 2D - 293 Check DataType; Table 2D - 295 Check DataType; ...
60E0E500__vs__60E15120_N3J1E,60E0E500,60E15120_N3J1E,0x71556,0x7194e,1016,cal_data,cal_data:983 cal_table:33,,33,Table 2D - 312 Check DataType; Table 2D - 313 Check DataType; Table 2D - 314 Check DataType; Table 2D - 70_; Table 2D - 71_; Table 2D - 72_; Table 2D - 73_; Table 2D - 74_; ...
60E0E500__vs__60E15120_N3J1E,60E0E500,60E15120_N3J1E,0x71957,0x71963,12,cal_data,cal_data:12,,0,
60E0E500__vs__60E15120_N3J1E,60E0E500,60E15120_N3J1E,0x7196c,0x727be,3666,cal_data,cal_data:3579 cal_table:87,,87,Fuelling - Safe Mode; Fuelling 0; Fuelling 1; Fuelling 10 - Safe Mode; Fuelling 11; Fuelling 12; Fuelling 13 - Safe Mode; Fuelling 14 - Safe mode; ...
60E0E500__vs__60E15120_N3J1E,60E0E500,60E15120_N3J1E,0x727c8,0x72f1e,1878,cal_data,cal_data:1845 cal_table:33,,33,Fuelling 15; Fuelling 16; Table 2D - 104_; Table 2D - 105_; Table 2D - 106_; Table 2D - 107_; Table 2D - 108_; Table 2D - 109_; ...
60E0E500__vs__60E15120_N3J1E,60E0E500,60E15120_N3J1E,0x72f28,0x757aa,10370,cal_data,cal_data:10238 cal_table:132,,132,Accel Pedal to Throttle Position #1; Accel Pedal to Throttle Position #2; Accel Pedal to Throttle Position #3; Accel Pedal to Throttle Position #4; Maximum Throttle Angle; Table 2D - 116_; Table 2D - 117_; Table 2D - 118_; ...
60E0E500__vs__60E15120_N3J1E,60E0E500,60E15120_N3J1E,0x757b2,0x759a2,496,cal_data,cal_data:494 cal_table:2,,2,Table 3D - 55_; Y
60E0E500__vs__60E15120_N3J1E,60E0E500,60E15120_N3J1E,0x759aa,0x7a390,18918,cal_data,cal_data:18601 cal_table:317,,317,Auxillary Valve Close; Engine Load Compensation; Estimated Manifold Pressure; Injector Latency Primary; Injector Latency Secondary; Knock Related 1; Knock Voltage To Magnitude; Oil Metering By Load; ...
60E0E500__vs__60E15120_N3J1E,60E0E500,60E15120_N3J1E,0x7a3b4,0x7e317,16227,cal_data,cal_data:13862 tail:2072 cal_table:293,,293,AirFlow Inj Angle Related; Airflow Or Load Related; Barometric Pressure Sensor Max Voltage; Barometric Pressure Sensor Min Voltage; Barometric Pressure Sensor Offset; Barometric Pressure Sensor Slope; Ignition Dwell Time_; Injection Angle; ...
60E0E500__vs__60E15120_N3J1E,60E0E500,60E15120_N3J1E,0x7e32a,0x7e652,808,tail,tail:808,,0,
60E0E500__vs__60E15120_N3J1E,60E0E500,60E15120_N3J1E,0x7e678,0x7f760,4328,tail,tail:4328,,0,
60E0E500__vs__60E15120_N3J1E,60E0E500,60E15120_N3J1E,0x7fb01,0x7fb04,3,tail,tail:3,,0,
60E0E500__vs__60E15120_N3J1E,60E0E500,60E15120_N3J1E,0x7fb88,0x7fb8c,4,tail,tail:4,,0,
60E0E500__vs__60E15120_N3J1E,60E0E500,60E15120_N3J1E,0x7fff4,0x7fff8,4,tail,tail:4,,0,
60E0E500__vs__60E1B900,60E0E500,60E1B900,0xffa,0x1008,14,header,header:14,,0,
60E0E500__vs__60E1B900,60E0E500,60E1B900,0x1039,0x1302,713,header,header:713,,0,
60E0E500__vs__60E1B900,60E0E500,60E1B900,0x130b,0x2006,3323,header,header:3317 code:6,,0,
60E0E500__vs__60E1B900,60E0E500,60E1B900,0x2021,0x2023,2,code,code:2,,0,
60E0E500__vs__60E1B900,60E0E500,60E1B900,0x2723,0x2724,1,code,code:1,,0,
60E0E500__vs__60E1B900,60E0E500,60E1B900,0x273b,0x273c,1,code,code:1,,0,
60E0E500__vs__60E1B900,60E0E500,60E1B900,0x2753,0x2754,1,code,code:1,,0,
60E0E500__vs__60E1B900,60E0E500,60E1B900,0x276a,0x276c,2,code,code:2,,0,
60E0E500__vs__60E1B900,60E0E500,60E1B900,0x2782,0x2784,2,code,code:2,,0,
60E0E500__vs__60E1B900,60E0E500,60E1B900,0x279b,0x279c,1,code,code:1,,0,
60E0E500__vs__60E1B900,60E0E500,60E1B900,0x27b3,0x27b4,1,code,code:1,,0,
60E0E500__vs__60E1B900,60E0E500,60E1B900,0x27cb,0x27cc,1,code,code:1,,0,
60E0E500__vs__60E1B900,60E0E500,60E1B900,0x27e3,0x27e4,1,code,code:1,,0,
60E0E500__vs__60E1B900,60E0E500,60E1B900,0x27fb,0x27fc,1,code,code:1,,0,
60E0E500__vs__60E1B900,60E0E500,60E1B900,0x2813,0x2814,1,code,code:1,,0,
60E0E500__vs__60E1B900,60E0E500,60E1B900,0x282b,0x282c,1,code,code:1,,0,
60E0E500__vs__60E1B900,60E0E500,60E1B900,0x2843,0x2844,1,code,code:1,,0,
60E0E500__vs__60E1B900,60E0E500,60E1B900,0x285b,0x285c,1,code,code:1,,0,
60E0E500__vs__60E1B900,60E0E500,60E1B900,0x2873,0x2874,1,code,code:1,,0,
60E0E500__vs__60E1B900,60E0E500,60E1B900,0x288b,0x288c,1,code,code:1,,0,
60E0E500__vs__60E1B900,60E0E500,60E1B900,0x28a3,0x28a4,1,code,code:1,,0,
60E0E500__vs__60E1B900,60E0E500,60E1B900,0x28bb,0x28bc,1,code,code:1,,0,
60E0E500__vs__60E1B900,60E0E500,60E1B900,0x28d3,0x28d4,1,code,code:1,,0,
60E0E500__vs__60E1B900,60E0E500,60E1B900,0x28ea,0x28ec,2,code,code:2,,0,
60E0E500__vs__60E1B900,60E0E500,60E1B900,0x2902,0x2904,2,code,code:2,,0,
60E0E500__vs__60E1B900,60E0E500,60E1B900,0x291b,0x291c,1,code,code:1,,0,
60E0E500__vs__60E1B900,60E0E500,60E1B900,0x2933,0x2934,1,code,code:1,,0,
60E0E500__vs__60E1B900,60E0E500,60E1B900,0x294b,0x294c,1,code,code:1,,0,
60E0E500__vs__60E1B900,60E0E500,60E1B900,0x2963,0x2964,1,code,code:1,,0,
60E0E500__vs__60E1B900,60E0E500,60E1B900,0x297b,0x297c,1,code,code:1,,0,
60E0E500__vs__60E1B900,60E0E500,60E1B900,0x2993,0x2994,1,code,code:1,,0,
60E0E500__vs__60E1B900,60E0E500,60E1B900,0x29ab,0x29ac,1,code,code:1,,0,
60E0E500__vs__60E1B900,60E0E500,60E1B900,0x29c3,0x29c4,1,code,code:1,,0,
60E0E500__vs__60E1B900,60E0E500,60E1B900,0x29db,0x29dc,1,code,code:1,,0,
60E0E500__vs__60E1B900,60E0E500,60E1B900,0x29f3,0x29f4,1,code,code:1,,0,
60E0E500__vs__60E1B900,60E0E500,60E1B900,0x2a0b,0x2a0c,1,code,code:1,,0,
60E0E500__vs__60E1B900,60E0E500,60E1B900,0x2a22,0x2a24,2,code,code:2,,0,
60E0E500__vs__60E1B900,60E0E500,60E1B900,0x2a3a,0x2a3c,2,code,code:2,,0,
60E0E500__vs__60E1B900,60E0E500,60E1B900,0x2a53,0x2a54,1,code,code:1,,0,
60E0E500__vs__60E1B900,60E0E500,60E1B900,0x2a6b,0x2a6c,1,code,code:1,,0,
60E0E500__vs__60E1B900,60E0E500,60E1B900,0x2a83,0x2a84,1,code,code:1,,0,
60E0E500__vs__60E1B900,60E0E500,60E1B900,0x2a9b,0x2a9c,1,code,code:1,,0,
60E0E500__vs__60E1B900,60E0E500,60E1B900,0x2ab3,0x2ab4,1,code,code:1,,0,
60E0E500__vs__60E1B900,60E0E500,60E1B900,0x2acb,0x2acc,1,code,code:1,,0,
60E0E500__vs__60E1B900,60E0E500,60E1B900,0x2ae3,0x2ae4,1,code,code:1,,0,
60E0E500__vs__60E1B900,60E0E500,60E1B900,0x2afb,0x2afc,1,code,code:1,,0,
60E0E500__vs__60E1B900,60E0E500,60E1B900,0x2b13,0x2b14,1,code,code:1,,0,
60E0E500__vs__60E1B900,60E0E500,60E1B900,0x2b2b,0x2b2c,1,code,code:1,,0,
60E0E500__vs__60E1B900,60E0E500,60E1B900,0x2b43,0x2b44,1,code,code:1,,0,
60E0E500__vs__60E1B900,60E0E500,60E1B900,0x2b5b,0x2b5c,1,code,code:1,,0,
60E0E500__vs__60E1B900,60E0E500,60E1B900,0x2b73,0x2b74,1,code,code:1,,0,
60E0E500__vs__60E1B900,60E0E500,60E1B900,0x2b8b,0x2b8c,1,code,code:1,,0,
60E0E500__vs__60E1B900,60E0E500,60E1B900,0x2ba3,0x2ba4,1,code,code:1,,0,
60E0E500__vs__60E1B900,60E0E500,60E1B900,0x2bba,0x2bbc,2,code,code:2,,0,
60E0E500__vs__60E1B900,60E0E500,60E1B900,0x2bd2,0x2bd4,2,code,code:2,,0,
60E0E500__vs__60E1B900,60E0E500,60E1B900,0x2beb,0x2bec,1,code,code:1,,0,
60E0E500__vs__60E1B900,60E0E500,60E1B900,0x2c03,0x2c04,1,code,code:1,,0,
60E0E500__vs__60E1B900,60E0E500,60E1B900,0x2c1b,0x2c1c,1,code,code:1,,0,
60E0E500__vs__60E1B900,60E0E500,60E1B900,0x2c33,0x2c34,1,code,code:1,,0,
60E0E500__vs__60E1B900,60E0E500,60E1B900,0x2c4b,0x2c4c,1,code,code:1,,0,
60E0E500__vs__60E1B900,60E0E500,60E1B900,0x2c63,0x2c64,1,code,code:1,,0,
60E0E500__vs__60E1B900,60E0E500,60E1B900,0x2c7b,0x2c7c,1,code,code:1,,0,
60E0E500__vs__60E1B900,60E0E500,60E1B900,0x2c93,0x2c94,1,code,code:1,,0,
60E0E500__vs__60E1B900,60E0E500,60E1B900,0x2cab,0x2cac,1,code,code:1,,0,
60E0E500__vs__60E1B900,60E0E500,60E1B900,0x2cc3,0x2cc4,1,code,code:1,,0,
60E0E500__vs__60E1B900,60E0E500,60E1B900,0x2cdb,0x2cdc,1,code,code:1,,0,
60E0E500__vs__60E1B900,60E0E500,60E1B900,0x2cf3,0x2cf4,1,code,code:1,,0,
60E0E500__vs__60E1B900,60E0E500,60E1B900,0x2d0b,0x2d0c,1,code,code:1,,0,
60E0E500__vs__60E1B900,60E0E500,60E1B900,0x2d22,0x2d24,2,code,code:2,,0,
60E0E500__vs__60E1B900,60E0E500,60E1B900,0x2d3a,0x2d3c,2,code,code:2,,0,
60E0E500__vs__60E1B900,60E0E500,60E1B900,0x2d53,0x2d54,1,code,code:1,,0,
60E0E500__vs__60E1B900,60E0E500,60E1B900,0x2d6b,0x2d6c,1,code,code:1,,0,
60E0E500__vs__60E1B900,60E0E500,60E1B900,0x2d83,0x2d84,1,code,code:1,,0,
60E0E500__vs__60E1B900,60E0E500,60E1B900,0x2d9b,0x2d9c,1,code,code:1,,0,
60E0E500__vs__60E1B900,60E0E500,60E1B900,0x2db3,0x2db4,1,code,code:1,,0,
60E0E500__vs__60E1B900,60E0E500,60E1B900,0x2dcb,0x2dcc,1,code,code:1,,0,
60E0E500__vs__60E1B900,60E0E500,60E1B900,0x2de3,0x2de4,1,code,code:1,,0,
60E0E500__vs__60E1B900,60E0E500,60E1B900,0x2dfb,0x2dfc,1,code,code:1,,0,
60E0E500__vs__60E1B900,60E0E500,60E1B900,0x2e13,0x2e14,1,code,code:1,,0,
60E0E500__vs__60E1B900,60E0E500,60E1B900,0x2e2b,0x2e2c,1,code,code:1,,0,
60E0E500__vs__60E1B900,60E0E500,60E1B900,0x2e42,0x2e44,2,code,code:2,,0,
60E0E500__vs__60E1B900,60E0E500,60E1B900,0x2e5a,0x2e5c,2,code,code:2,,0,
60E0E500__vs__60E1B900,60E0E500,60E1B900,0x2e73,0x2e74,1,code,code:1,,0,
60E0E500__vs__60E1B900,60E0E500,60E1B900,0x2e8b,0x2e8c,1,code,code:1,,0,
60E0E500__vs__60E1B900,60E0E500,60E1B900,0x2ea3,0x2ea4,1,code,code:1,,0,
60E0E500__vs__60E1B900,60E0E500,60E1B900,0x2ebb,0x2ebc,1,code,code:1,,0,
60E0E500__vs__60E1B900,60E0E500,60E1B900,0x2ed3,0x2ed4,1,code,code:1,,0,
60E0E500__vs__60E1B900,60E0E500,60E1B900,0x2eeb,0x2eec,1,code,code:1,,0,
60E0E500__vs__60E1B900,60E0E500,60E1B900,0x2f03,0x2f04,1,code,code:1,,0,
60E0E500__vs__60E1B900,60E0E500,60E1B900,0x2f1b,0x2f1c,1,code,code:1,,0,
60E0E500__vs__60E1B900,60E0E500,60E1B900,0x2f32,0x2f34,2,code,code:2,,0,
60E0E500__vs__60E1B900,60E0E500,60E1B900,0x2f4b,0x2f4c,1,code,code:1,,0,
60E0E500__vs__60E1B900,60E0E500,60E1B900,0x2f62,0x2f64,2,code,code:2,,0,
60E0E500__vs__60E1B900,60E0E500,60E1B900,0x2f7b,0x2f7c,1,code,code:1,,0,
60E0E500__vs__60E1B900,60E0E500,60E1B900,0x2f93,0x2f94,1,code,code:1,,0,
60E0E500__vs__60E1B900,60E0E500,60E1B900,0x2fab,0x2fac,1,code,code:1,,0,
60E0E500__vs__60E1B900,60E0E500,60E1B900,0x2fc3,0x2fc4,1,code,code:1,,0,
60E0E500__vs__60E1B900,60E0E500,60E1B900,0x2fda,0x2fdc,2,code,code:2,,0,
60E0E500__vs__60E1B900,60E0E500,60E1B900,0x2ff3,0x2ff4,1,code,code:1,,0,
60E0E500__vs__60E1B900,60E0E500,60E1B900,0x300b,0x300c,1,code,code:1,,0,
60E0E500__vs__60E1B900,60E0E500,60E1B900,0x3023,0x3024,1,code,code:1,,0,
60E0E500__vs__60E1B900,60E0E500,60E1B900,0x303b,0x303c,1,code,code:1,,0,
60E0E500__vs__60E1B900,60E0E500,60E1B900,0x3052,0x3054,2,code,code:2,,0,
60E0E500__vs__60E1B900,60E0E500,60E1B900,0x306b,0x306c,1,code,code:1,,0,
60E0E500__vs__60E1B900,60E0E500,60E1B900,0x3083,0x3084,1,code,code:1,,0,
60E0E500__vs__60E1B900,60E0E500,60E1B900,0x309b,0x309c,1,code,code:1,,0,
60E0E500__vs__60E1B900,60E0E500,60E1B900,0x30b3,0x30b4,1,code,code:1,,0,
60E0E500__vs__60E1B900,60E0E500,60E1B900,0x30cb,0x30cc,1,code,code:1,,0,
60E0E500__vs__60E1B900,60E0E500,60E1B900,0x30e3,0x30e4,1,code,code:1,,0,
60E0E500__vs__60E1B900,60E0E500,60E1B900,0x30fb,0x30fc,1,code,code:1,,0,
60E0E500__vs__60E1B900,60E0E500,60E1B900,0x3113,0x3114,1,code,code:1,,0,
60E0E500__vs__60E1B900,60E0E500,60E1B900,0x312b,0x312c,1,code,code:1,,0,
60E0E500__vs__60E1B900,60E0E500,60E1B900,0x3143,0x3144,1,code,code:1,,0,
60E0E500__vs__60E1B900,60E0E500,60E1B900,0x315b,0x315c,1,code,code:1,,0,
60E0E500__vs__60E1B900,60E0E500,60E1B900,0x3173,0x3174,1,code,code:1,,0,
60E0E500__vs__60E1B900,60E0E500,60E1B900,0x318b,0x318c,1,code,code:1,,0,
60E0E500__vs__60E1B900,60E0E500,60E1B900,0x31a3,0x31a4,1,code,code:1,,0,
60E0E500__vs__60E1B900,60E0E500,60E1B900,0x31bb,0x31bc,1,code,code:1,,0,
60E0E500__vs__60E1B900,60E0E500,60E1B900,0x31d3,0x31d4,1,code,code:1,,0,
60E0E500__vs__60E1B900,60E0E500,60E1B900,0x31ea,0x31ec,2,code,code:2,,0,
60E0E500__vs__60E1B900,60E0E500,60E1B900,0x3203,0x3204,1,code,code:1,,0,
60E0E500__vs__60E1B900,60E0E500,60E1B900,0x321a,0x321c,2,code,code:2,,0,
60E0E500__vs__60E1B900,60E0E500,60E1B900,0x3233,0x3234,1,code,code:1,,0,
60E0E500__vs__60E1B900,60E0E500,60E1B900,0x327a,0x327c,2,code,code:2,,0,
60E0E500__vs__60E1B900,60E0E500,60E1B900,0x32ee,0x32f0,2,code,code:2,,0,
60E0E500__vs__60E1B900,60E0E500,60E1B900,0x338a,0x338c,2,code,code:2,,0,
60E0E500__vs__60E1B900,60E0E500,60E1B900,0x33b6,0x33b8,2,code,code:2,,0,
60E0E500__vs__60E1B900,60E0E500,60E1B900,0x347a,0x3490,22,code,code:22,,0,
60E0E500__vs__60E1B900,60E0E500,60E1B900,0x3572,0x3578,6,code,code:6,,0,
60E0E500__vs__60E1B900,60E0E500,60E1B900,0x3676,0x3678,2,code,code:2,,0,
60E0E500__vs__60E1B900,60E0E500,60E1B900,0x36a2,0x36a4,2,code,code:2,,0,
60E0E500__vs__60E1B900,60E0E500,60E1B900,0x375a,0x375c,2,code,code:2,,0,
60E0E500__vs__60E1B900,60E0E500,60E1B900,0x3902,0x3904,2,code,code:2,,0,
60E0E500__vs__60E1B900,60E0E500,60E1B900,0x394e,0x3950,2,code,code:2,,0,
60E0E500__vs__60E1B900,60E0E500,60E1B900,0x3962,0x3964,2,code,code:2,,0,
60E0E500__vs__60E1B900,60E0E500,60E1B900,0x3aae,0x3ab4,6,code,code:6,,0,
60E0E500__vs__60E1B900,60E0E500,60E1B900,0x3ad6,0x3ad8,2,code,code:2,,0,
60E0E500__vs__60E1B900,60E0E500,60E1B900,0x3b22,0x3b28,6,code,code:6,,0,
60E0E500__vs__60E1B900,60E0E500,60E1B900,0x3d46,0x3d48,2,code,code:2,,0,
60E0E500__vs__60E1B900,60E0E500,60E1B900,0x3d9a,0x3d9c,2,code,code:2,,0,
60E0E500__vs__60E1B900,60E0E500,60E1B900,0x3e02,0x3e04,2,code,code:2,,0,
60E0E500__vs__60E1B900,60E0E500,60E1B900,0x3e82,0x3e84,2,code,code:2,,0,
60E0E500__vs__60E1B900,60E0E500,60E1B900,0x3f9a,0x3f9c,2,code,code:2,,0,
60E0E500__vs__60E1B900,60E0E500,60E1B900,0x3fa6,0x3fa8,2,code,code:2,,0,
60E0E500__vs__60E1B900,60E0E500,60E1B900,0x3fe6,0x3fe8,2,code,code:2,,0,
60E0E500__vs__60E1B900,60E0E500,60E1B900,0x4096,0x4098,2,code,code:2,,0,
60E0E500__vs__60E1B900,60E0E500,60E1B900,0x413e,0x4140,2,code,code:2,,0,
60E0E500__vs__60E1B900,60E0E500,60E1B900,0x4206,0x4208,2,code,code:2,,0,
60E0E500__vs__60E1B900,60E0E500,60E1B900,0x473e,0x4740,2,code,code:2,,0,
60E0E500__vs__60E1B900,60E0E500,60E1B900,0x493a,0x493c,2,code,code:2,,0,
60E0E500__vs__60E1B900,60E0E500,60E1B900,0x4996,0x499c,6,code,code:6,,0,
60E0E500__vs__60E1B900,60E0E500,60E1B900,0x49a6,0x49ad,7,code,code:7,,0,
60E0E500__vs__60E1B900,60E0E500,60E1B900,0x49b6,0x49bd,7,code,code:7,,0,
60E0E500__vs__60E1B900,60E0E500,60E1B900,0x49c6,0x49cd,7,code,code:7,,0,
60E0E500__vs__60E1B900,60E0E500,60E1B900,0x49d6,0x49dd,7,code,code:7,,0,
60E0E500__vs__60E1B900,60E0E500,60E1B900,0x49e6,0x49ec,6,code,code:6,,0,
60E0E500__vs__60E1B900,60E0E500,60E1B900,0x49f6,0x49fc,6,code,code:6,,0,
60E0E500__vs__60E1B900,60E0E500,60E1B900,0x4a06,0x4a0c,6,code,code:6,,0,
60E0E500__vs__60E1B900,60E0E500,60E1B900,0x4a16,0x4a1c,6,code,code:6,,0,
60E0E500__vs__60E1B900,60E0E500,60E1B900,0x4a26,0x4a2c,6,code,code:6,,0,
60E0E500__vs__60E1B900,60E0E500,60E1B900,0x4a36,0x4a3c,6,code,code:6,,0,
60E0E500__vs__60E1B900,60E0E500,60E1B900,0x4a46,0x4a4c,6,code,code:6,,0,
60E0E500__vs__60E1B900,60E0E500,60E1B900,0x4a56,0x4a5c,6,code,code:6,,0,
60E0E500__vs__60E1B900,60E0E500,60E1B900,0x4a66,0x4a6c,6,code,code:6,,0,
60E0E500__vs__60E1B900,60E0E500,60E1B900,0x4a76,0x4a7c,6,code,code:6,,0,
60E0E500__vs__60E1B900,60E0E500,60E1B900,0x4a86,0x4a8c,6,code,code:6,,0,
60E0E500__vs__60E1B900,60E0E500,60E1B900,0x4a96,0x4a9c,6,code,code:6,,0,
60E0E500__vs__60E1B900,60E0E500,60E1B900,0x4aa6,0x4aac,6,code,code:6,,0,
60E0E500__vs__60E1B900,60E0E500,60E1B900,0x4ab6,0x4abc,6,code,code:6,,0,
60E0E500__vs__60E1B900,60E0E500,60E1B900,0x4aca,0x4aec,34,code,code:34,,0,
60E0E500__vs__60E1B900,60E0E500,60E1B900,0x4b0e,0x4b10,2,code,code:2,,0,
60E0E500__vs__60E1B900,60E0E500,60E1B900,0x4c87,0x52b8,1585,code,code:1585,,0,
60E0E500__vs__60E1B900,60E0E500,60E1B900,0x52c3,0x52c4,1,code,code:1,,0,
60E0E500__vs__60E1B900,60E0E500,60E1B900,0x52cc,0x8214,12104,code,code:12104,,0,
60E0E500__vs__60E1B900,60E0E500,60E1B900,0x8224,0x829a,118,code,code:118,,0,
60E0E500__vs__60E1B900,60E0E500,60E1B900,0x82aa,0x37608,193374,code,code:193374,,0,
60E0E500__vs__60E1B900,60E0E500,60E1B900,0x37613,0x3761c,9,code,code:9,,0,
60E0E500__vs__60E1B900,60E0E500,60E1B900,0x37625,0x37626,1,code,code:1,,0,
60E0E500__vs__60E1B900,60E0E500,60E1B900,0x3762f,0x38a08,5081,code,code:5081,,0,
60E0E500__vs__60E1B900,60E0E500,60E1B900,0x38a10,0x48110,63232,code,code:63232,,0,
60E0E500__vs__60E1B900,60E0E500,60E1B900,0x48119,0x5106a,36689,code,code:36689,,0,
60E0E500__vs__60E1B900,60E0E500,60E1B900,0x51072,0x69839,100295,code,code:100295,,0,
60E0E500__vs__60E1B900,60E0E500,60E1B900,0x69841,0x69d60,1311,code,code:1311,,0,
60E0E500__vs__60E1B900,60E0E500,60E1B900,0x69d69,0x6aab4,3403,code,code:3403,,0,
60E0E500__vs__60E1B900,60E0E500,60E1B900,0x6c600,0x6c661,97,padding,padding:97,,0,
60E0E500__vs__60E1B900,60E0E500,60E1B900,0x6c6e0,0x6da94,5044,cal_data,cal_data:3165 padding:1824 cal_table:55,,55,Barometric Pressure Sensor Max ADC Count; Barometric Pressure Sensor Min ADC Count; Cold Rev Limit; Cold Rev Limit Threshold; Idle Related; Ignition 2; Ignition Leading 0; Ignition Leading 1; ...
60E0E500__vs__60E1B900,60E0E500,60E1B900,0x6dab8,0x6daba,2,cal_data,cal_data:2,,0,
60E0E500__vs__60E1B900,60E0E500,60E1B900,0x6dac4,0x6e6cc,3080,cal_data,cal_data:3043 cal_table:37,,37,Ignition; Ignition 0 - Safe Mode; Ignition 1; Ignition Leading 4; Ignition Leading 5; Ignition Leading Base; Ignition Minimum Maybe; Table 2D - 10_; ...
60E0E500__vs__60E1B900,60E0E500,60E1B900,0x6e6d4,0x71376,11426,cal_data,cal_data:11212 cal_table:214,,214,CLT Sensor Scaling; IAT Sensor Scaling; Idle Target; Idle Target 0; Idle Target 1; Idle Target 2; Idle Target 3; Idle Target 4; ...
60E0E500__vs__60E1B900,60E0E500,60E1B900,0x7137f,0x785fc,29309,cal_data,cal_data:28863 cal_table:446,,446,Accel Pedal to Throttle Position #1; Accel Pedal to Throttle Position #2; Accel Pedal to Throttle Position #3; Accel Pedal to Throttle Position #4; Estimated Manifold Pressure; Fuelling - Safe Mode; Fuelling 0; Fuelling 1; ...
60E0E500__vs__60E1B900,60E0E500,60E1B900,0x78608,0x79ac8,5312,cal_data,cal_data:5195 cal_table:117,,117,Auxillary Valve Close; Engine Load Compensation; Oil Metering By Load; Oil Metering By Throttle; Table 2D - 183_; Table 2D - 184_; Table 2D - 185_; Table 2D - 186_; ...
60E0E500__vs__60E1B900,60E0E500,60E1B900,0x79aec,0x7bca4,8632,cal_data,cal_data:8444 cal_table:188,,188,AirFlow Inj Angle Related; Airflow Or Load Related; Barometric Pressure Sensor Max Voltage; Barometric Pressure Sensor Min Voltage; Barometric Pressure Sensor Offset; Barometric Pressure Sensor Slope; Injection Angle; Injection Angle Related AFR Input; ...
60E0E500__vs__60E1B900,60E0E500,60E1B900,0x7bcd1,0x7c72d,2652,cal_data,cal_data:2611 cal_table:41,,41,Load Limit A; Load Limit B; Load Limit C; Table 2D - 277_; Table 2D - 279_; Table 2D - 280_; Table 2D - 281_; Table 2D - 282_; ...
60E0E500__vs__60E1B900,60E0E500,60E1B900,0x7c73a,0x7cb04,970,cal_data,cal_data:952 cal_table:18,,18,Table 2D - 284_; Table 2D - 285_; Table 2D - 286_; Table 2D - 287_; Table 3D - 100_; Table 3D - 101_; Table 3D - 102_; X; ...
60E0E500__vs__60E1B900,60E0E500,60E1B900,0x7cb14,0x7db15,4097,cal_data,cal_data:3986 cal_table:89 tail:22,,89,Ignition Dwell Time_; Table 2D - 235_; Table 2D - 236_; Table 2D - 237_; Table 2D - 238_; Table 2D - 239_; Table 2D - 240_; Table 2D - 241_; ...
60E0E500__vs__60E1B900,60E0E500,60E1B900,0x7fb00,0x7fb08,8,tail,tail:8,,0,
60E0E500__vs__60E1B900,60E0E500,60E1B900,0x7fb88,0x7fb8c,4,tail,tail:4,,0,
60E0E500__vs__60E1B900,60E0E500,60E1B900,0x7fc53,0x7fd50,253,tail,tail:253,,0,
60E0E500__vs__60E1B900,60E0E500,60E1B900,0x7fd77,0x7fdd0,89,tail,tail:89,,0,
60E0E500__vs__60E1B900,60E0E500,60E1B900,0x7fdf7,0x7fe00,9,tail,tail:9,,0,
60E0E500__vs__60E1B900,60E0E500,60E1B900,0x7fe27,0x7fe30,9,tail,tail:9,,0,
60E0E500__vs__60E1B900,60E0E500,60E1B900,0x7fe47,0x7fe50,9,tail,tail:9,,0,
60E0E500__vs__60E1B900,60E0E500,60E1B900,0x7fe67,0x7fe70,9,tail,tail:9,,0,
60E0E500__vs__60E1B900,60E0E500,60E1B900,0x7fe87,0x7fe90,9,tail,tail:9,,0,
60E0E500__vs__60E1B900,60E0E500,60E1B900,0x7ff07,0x7ff3c,53,tail,tail:53,,0,
60E0E500__vs__60E1B900,60E0E500,60E1B900,0x7ff47,0x7ff70,41,tail,tail:41,,0,
60E0E500__vs__60E1B900,60E0E500,60E1B900,0x7ffd7,0x7ffe0,9,tail,tail:9,,0,
60E0E500__vs__60E1B900,60E0E500,60E1B900,0x7fff4,0x7fffc,8,tail,tail:8,,0,
60E0E500__vs__60E1C500_N3J6EB,60E0E500,60E1C500_N3J6EB,0xffa,0x1008,14,header,header:14,,0,
60E0E500__vs__60E1C500_N3J6EB,60E0E500,60E1C500_N3J6EB,0x1039,0x1302,713,header,header:713,,0,
60E0E500__vs__60E1C500_N3J6EB,60E0E500,60E1C500_N3J6EB,0x130b,0x2005,3322,header,header:3317 code:5,,0,
60E0E500__vs__60E1C500_N3J6EB,60E0E500,60E1C500_N3J6EB,0x2723,0x2724,1,code,code:1,,0,
60E0E500__vs__60E1C500_N3J6EB,60E0E500,60E1C500_N3J6EB,0x273b,0x273c,1,code,code:1,,0,
60E0E500__vs__60E1C500_N3J6EB,60E0E500,60E1C500_N3J6EB,0x2753,0x2754,1,code,code:1,,0,
60E0E500__vs__60E1C500_N3J6EB,60E0E500,60E1C500_N3J6EB,0x276a,0x276c,2,code,code:2,,0,
60E0E500__vs__60E1C500_N3J6EB,60E0E500,60E1C500_N3J6EB,0x2782,0x2784,2,code,code:2,,0,
60E0E500__vs__60E1C500_N3J6EB,60E0E500,60E1C500_N3J6EB,0x279b,0x279c,1,code,code:1,,0,
60E0E500__vs__60E1C500_N3J6EB,60E0E500,60E1C500_N3J6EB,0x27b3,0x27b4,1,code,code:1,,0,
60E0E500__vs__60E1C500_N3J6EB,60E0E500,60E1C500_N3J6EB,0x27cb,0x27cc,1,code,code:1,,0,
60E0E500__vs__60E1C500_N3J6EB,60E0E500,60E1C500_N3J6EB,0x27e3,0x27e4,1,code,code:1,,0,
60E0E500__vs__60E1C500_N3J6EB,60E0E500,60E1C500_N3J6EB,0x27fb,0x27fc,1,code,code:1,,0,
60E0E500__vs__60E1C500_N3J6EB,60E0E500,60E1C500_N3J6EB,0x2813,0x2814,1,code,code:1,,0,
60E0E500__vs__60E1C500_N3J6EB,60E0E500,60E1C500_N3J6EB,0x282b,0x282c,1,code,code:1,,0,
60E0E500__vs__60E1C500_N3J6EB,60E0E500,60E1C500_N3J6EB,0x2843,0x2844,1,code,code:1,,0,
60E0E500__vs__60E1C500_N3J6EB,60E0E500,60E1C500_N3J6EB,0x285b,0x285c,1,code,code:1,,0,
60E0E500__vs__60E1C500_N3J6EB,60E0E500,60E1C500_N3J6EB,0x2873,0x2874,1,code,code:1,,0,
60E0E500__vs__60E1C500_N3J6EB,60E0E500,60E1C500_N3J6EB,0x288b,0x288c,1,code,code:1,,0,
60E0E500__vs__60E1C500_N3J6EB,60E0E500,60E1C500_N3J6EB,0x28a3,0x28a4,1,code,code:1,,0,
60E0E500__vs__60E1C500_N3J6EB,60E0E500,60E1C500_N3J6EB,0x28bb,0x28bc,1,code,code:1,,0,
60E0E500__vs__60E1C500_N3J6EB,60E0E500,60E1C500_N3J6EB,0x28d3,0x28d4,1,code,code:1,,0,
60E0E500__vs__60E1C500_N3J6EB,60E0E500,60E1C500_N3J6EB,0x28ea,0x28ec,2,code,code:2,,0,
60E0E500__vs__60E1C500_N3J6EB,60E0E500,60E1C500_N3J6EB,0x2902,0x2904,2,code,code:2,,0,
60E0E500__vs__60E1C500_N3J6EB,60E0E500,60E1C500_N3J6EB,0x291b,0x291c,1,code,code:1,,0,
60E0E500__vs__60E1C500_N3J6EB,60E0E500,60E1C500_N3J6EB,0x2933,0x2934,1,code,code:1,,0,
60E0E500__vs__60E1C500_N3J6EB,60E0E500,60E1C500_N3J6EB,0x294b,0x294c,1,code,code:1,,0,
60E0E500__vs__60E1C500_N3J6EB,60E0E500,60E1C500_N3J6EB,0x2963,0x2964,1,code,code:1,,0,
60E0E500__vs__60E1C500_N3J6EB,60E0E500,60E1C500_N3J6EB,0x297b,0x297c,1,code,code:1,,0,
60E0E500__vs__60E1C500_N3J6EB,60E0E500,60E1C500_N3J6EB,0x2993,0x2994,1,code,code:1,,0,
60E0E500__vs__60E1C500_N3J6EB,60E0E500,60E1C500_N3J6EB,0x29ab,0x29ac,1,code,code:1,,0,
60E0E500__vs__60E1C500_N3J6EB,60E0E500,60E1C500_N3J6EB,0x29c3,0x29c4,1,code,code:1,,0,
60E0E500__vs__60E1C500_N3J6EB,60E0E500,60E1C500_N3J6EB,0x29db,0x29dc,1,code,code:1,,0,
60E0E500__vs__60E1C500_N3J6EB,60E0E500,60E1C500_N3J6EB,0x29f3,0x29f4,1,code,code:1,,0,
60E0E500__vs__60E1C500_N3J6EB,60E0E500,60E1C500_N3J6EB,0x2a0b,0x2a0c,1,code,code:1,,0,
60E0E500__vs__60E1C500_N3J6EB,60E0E500,60E1C500_N3J6EB,0x2a22,0x2a24,2,code,code:2,,0,
60E0E500__vs__60E1C500_N3J6EB,60E0E500,60E1C500_N3J6EB,0x2a3a,0x2a3c,2,code,code:2,,0,
60E0E500__vs__60E1C500_N3J6EB,60E0E500,60E1C500_N3J6EB,0x2a53,0x2a54,1,code,code:1,,0,
60E0E500__vs__60E1C500_N3J6EB,60E0E500,60E1C500_N3J6EB,0x2a6b,0x2a6c,1,code,code:1,,0,
60E0E500__vs__60E1C500_N3J6EB,60E0E500,60E1C500_N3J6EB,0x2a83,0x2a84,1,code,code:1,,0,
60E0E500__vs__60E1C500_N3J6EB,60E0E500,60E1C500_N3J6EB,0x2a9b,0x2a9c,1,code,code:1,,0,
60E0E500__vs__60E1C500_N3J6EB,60E0E500,60E1C500_N3J6EB,0x2ab3,0x2ab4,1,code,code:1,,0,
60E0E500__vs__60E1C500_N3J6EB,60E0E500,60E1C500_N3J6EB,0x2acb,0x2acc,1,code,code:1,,0,
60E0E500__vs__60E1C500_N3J6EB,60E0E500,60E1C500_N3J6EB,0x2ae3,0x2ae4,1,code,code:1,,0,
60E0E500__vs__60E1C500_N3J6EB,60E0E500,60E1C500_N3J6EB,0x2afb,0x2afc,1,code,code:1,,0,
60E0E500__vs__60E1C500_N3J6EB,60E0E500,60E1C500_N3J6EB,0x2b13,0x2b14,1,code,code:1,,0,
60E0E500__vs__60E1C500_N3J6EB,60E0E500,60E1C500_N3J6EB,0x2b2b,0x2b2c,1,code,code:1,,0,
60E0E500__vs__60E1C500_N3J6EB,60E0E500,60E1C500_N3J6EB,0x2b43,0x2b44,1,code,code:1,,0,
60E0E500__vs__60E1C500_N3J6EB,60E0E500,60E1C500_N3J6EB,0x2b5b,0x2b5c,1,code,code:1,,0,
60E0E500__vs__60E1C500_N3J6EB,60E0E500,60E1C500_N3J6EB,0x2b73,0x2b74,1,code,code:1,,0,
60E0E500__vs__60E1C500_N3J6EB,60E0E500,60E1C500_N3J6EB,0x2b8b,0x2b8c,1,code,code:1,,0,
60E0E500__vs__60E1C500_N3J6EB,60E0E500,60E1C500_N3J6EB,0x2ba3,0x2ba4,1,code,code:1,,0,
60E0E500__vs__60E1C500_N3J6EB,60E0E500,60E1C500_N3J6EB,0x2bba,0x2bbc,2,code,code:2,,0,
60E0E500__vs__60E1C500_N3J6EB,60E0E500,60E1C500_N3J6EB,0x2bd2,0x2bd4,2,code,code:2,,0,
60E0E500__vs__60E1C500_N3J6EB,60E0E500,60E1C500_N3J6EB,0x2beb,0x2bec,1,code,code:1,,0,
60E0E500__vs__60E1C500_N3J6EB,60E0E500,60E1C500_N3J6EB,0x2c03,0x2c04,1,code,code:1,,0,
60E0E500__vs__60E1C500_N3J6EB,60E0E500,60E1C500_N3J6EB,0x2c1b,0x2c1c,1,code,code:1,,0,
60E0E500__vs__60E1C500_N3J6EB,60E0E500,60E1C500_N3J6EB,0x2c33,0x2c34,1,code,code:1,,0,
60E0E500__vs__60E1C500_N3J6EB,60E0E500,60E1C500_N3J6EB,0x2c4b,0x2c4c,1,code,code:1,,0,
60E0E500__vs__60E1C500_N3J6EB,60E0E500,60E1C500_N3J6EB,0x2c63,0x2c64,1,code,code:1,,0,
60E0E500__vs__60E1C500_N3J6EB,60E0E500,60E1C500_N3J6EB,0x2c7b,0x2c7c,1,code,code:1,,0,
60E0E500__vs__60E1C500_N3J6EB,60E0E500,60E1C500_N3J6EB,0x2c93,0x2c94,1,code,code:1,,0,
60E0E500__vs__60E1C500_N3J6EB,60E0E500,60E1C500_N3J6EB,0x2cab,0x2cac,1,code,code:1,,0,
60E0E500__vs__60E1C500_N3J6EB,60E0E500,60E1C500_N3J6EB,0x2cc3,0x2cc4,1,code,code:1,,0,
60E0E500__vs__60E1C500_N3J6EB,60E0E500,60E1C500_N3J6EB,0x2cdb,0x2cdc,1,code,code:1,,0,
60E0E500__vs__60E1C500_N3J6EB,60E0E500,60E1C500_N3J6EB,0x2cf3,0x2cf4,1,code,code:1,,0,
60E0E500__vs__60E1C500_N3J6EB,60E0E500,60E1C500_N3J6EB,0x2d0b,0x2d0c,1,code,code:1,,0,
60E0E500__vs__60E1C500_N3J6EB,60E0E500,60E1C500_N3J6EB,0x2d22,0x2d24,2,code,code:2,,0,
60E0E500__vs__60E1C500_N3J6EB,60E0E500,60E1C500_N3J6EB,0x2d3a,0x2d3c,2,code,code:2,,0,
60E0E500__vs__60E1C500_N3J6EB,60E0E500,60E1C500_N3J6EB,0x2d53,0x2d54,1,code,code:1,,0,
60E0E500__vs__60E1C500_N3J6EB,60E0E500,60E1C500_N3J6EB,0x2d6b,0x2d6c,1,code,code:1,,0,
60E0E500__vs__60E1C500_N3J6EB,60E0E500,60E1C500_N3J6EB,0x2d83,0x2d84,1,code,code:1,,0,
60E0E500__vs__60E1C500_N3J6EB,60E0E500,60E1C500_N3J6EB,0x2d9b,0x2d9c,1,code,code:1,,0,
60E0E500__vs__60E1C500_N3J6EB,60E0E500,60E1C500_N3J6EB,0x2db3,0x2db4,1,code,code:1,,0,
60E0E500__vs__60E1C500_N3J6EB,60E0E500,60E1C500_N3J6EB,0x2dcb,0x2dcc,1,code,code:1,,0,
60E0E500__vs__60E1C500_N3J6EB,60E0E500,60E1C500_N3J6EB,0x2de3,0x2de4,1,code,code:1,,0,
60E0E500__vs__60E1C500_N3J6EB,60E0E500,60E1C500_N3J6EB,0x2dfb,0x2dfc,1,code,code:1,,0,
60E0E500__vs__60E1C500_N3J6EB,60E0E500,60E1C500_N3J6EB,0x2e13,0x2e14,1,code,code:1,,0,
60E0E500__vs__60E1C500_N3J6EB,60E0E500,60E1C500_N3J6EB,0x2e2b,0x2e2c,1,code,code:1,,0,
60E0E500__vs__60E1C500_N3J6EB,60E0E500,60E1C500_N3J6EB,0x2e42,0x2e44,2,code,code:2,,0,
60E0E500__vs__60E1C500_N3J6EB,60E0E500,60E1C500_N3J6EB,0x2e5a,0x2e5c,2,code,code:2,,0,
60E0E500__vs__60E1C500_N3J6EB,60E0E500,60E1C500_N3J6EB,0x2e73,0x2e74,1,code,code:1,,0,
60E0E500__vs__60E1C500_N3J6EB,60E0E500,60E1C500_N3J6EB,0x2e8b,0x2e8c,1,code,code:1,,0,
60E0E500__vs__60E1C500_N3J6EB,60E0E500,60E1C500_N3J6EB,0x2ea3,0x2ea4,1,code,code:1,,0,
60E0E500__vs__60E1C500_N3J6EB,60E0E500,60E1C500_N3J6EB,0x2ebb,0x2ebc,1,code,code:1,,0,
60E0E500__vs__60E1C500_N3J6EB,60E0E500,60E1C500_N3J6EB,0x2ed3,0x2ed4,1,code,code:1,,0,
60E0E500__vs__60E1C500_N3J6EB,60E0E500,60E1C500_N3J6EB,0x2eeb,0x2eec,1,code,code:1,,0,
60E0E500__vs__60E1C500_N3J6EB,60E0E500,60E1C500_N3J6EB,0x2f03,0x2f04,1,code,code:1,,0,
60E0E500__vs__60E1C500_N3J6EB,60E0E500,60E1C500_N3J6EB,0x2f1b,0x2f1c,1,code,code:1,,0,
60E0E500__vs__60E1C500_N3J6EB,60E0E500,60E1C500_N3J6EB,0x2f32,0x2f34,2,code,code:2,,0,
60E0E500__vs__60E1C500_N3J6EB,60E0E500,60E1C500_N3J6EB,0x2f4b,0x2f4c,1,code,code:1,,0,
60E0E500__vs__60E1C500_N3J6EB,60E0E500,60E1C500_N3J6EB,0x2f62,0x2f64,2,code,code:2,,0,
60E0E500__vs__60E1C500_N3J6EB,60E0E500,60E1C500_N3J6EB,0x2f7b,0x2f7c,1,code,code:1,,0,
60E0E500__vs__60E1C500_N3J6EB,60E0E500,60E1C500_N3J6EB,0x2f93,0x2f94,1,code,code:1,,0,
60E0E500__vs__60E1C500_N3J6EB,60E0E500,60E1C500_N3J6EB,0x2fab,0x2fac,1,code,code:1,,0,
60E0E500__vs__60E1C500_N3J6EB,60E0E500,60E1C500_N3J6EB,0x2fc3,0x2fc4,1,code,code:1,,0,
60E0E500__vs__60E1C500_N3J6EB,60E0E500,60E1C500_N3J6EB,0x2fda,0x2fdc,2,code,code:2,,0,
60E0E500__vs__60E1C500_N3J6EB,60E0E500,60E1C500_N3J6EB,0x2ff3,0x2ff4,1,code,code:1,,0,
60E0E500__vs__60E1C500_N3J6EB,60E0E500,60E1C500_N3J6EB,0x300b,0x300c,1,code,code:1,,0,
60E0E500__vs__60E1C500_N3J6EB,60E0E500,60E1C500_N3J6EB,0x3023,0x3024,1,code,code:1,,0,
60E0E500__vs__60E1C500_N3J6EB,60E0E500,60E1C500_N3J6EB,0x303b,0x303c,1,code,code:1,,0,
60E0E500__vs__60E1C500_N3J6EB,60E0E500,60E1C500_N3J6EB,0x3052,0x3054,2,code,code:2,,0,
60E0E500__vs__60E1C500_N3J6EB,60E0E500,60E1C500_N3J6EB,0x306b,0x306c,1,code,code:1,,0,
60E0E500__vs__60E1C500_N3J6EB,60E0E500,60E1C500_N3J6EB,0x3083,0x3084,1,code,code:1,,0,
60E0E500__vs__60E1C500_N3J6EB,60E0E500,60E1C500_N3J6EB,0x309b,0x309c,1,code,code:1,,0,
60E0E500__vs__60E1C500_N3J6EB,60E0E500,60E1C500_N3J6EB,0x30b3,0x30b4,1,code,code:1,,0,
60E0E500__vs__60E1C500_N3J6EB,60E0E500,60E1C500_N3J6EB,0x30cb,0x30cc,1,code,code:1,,0,
60E0E500__vs__60E1C500_N3J6EB,60E0E500,60E1C500_N3J6EB,0x30e3,0x30e4,1,code,code:1,,0,
60E0E500__vs__60E1C500_N3J6EB,60E0E500,60E1C500_N3J6EB,0x30fb,0x30fc,1,code,code:1,,0,
60E0E500__vs__60E1C500_N3J6EB,60E0E500,60E1C500_N3J6EB,0x3113,0x3114,1,code,code:1,,0,
60E0E500__vs__60E1C500_N3J6EB,60E0E500,60E1C500_N3J6EB,0x312b,0x312c,1,code,code:1,,0,
60E0E500__vs__60E1C500_N3J6EB,60E0E500,60E1C500_N3J6EB,0x3143,0x3144,1,code,code:1,,0,
60E0E500__vs__60E1C500_N3J6EB,60E0E500,60E1C500_N3J6EB,0x315b,0x315c,1,code,code:1,,0,
60E0E500__vs__60E1C500_N3J6EB,60E0E500,60E1C500_N3J6EB,0x3173,0x3174,1,code,code:1,,0,
60E0E500__vs__60E1C500_N3J6EB,60E0E500,60E1C500_N3J6EB,0x318b,0x318c,1,code,code:1,,0,
60E0E500__vs__60E1C500_N3J6EB,60E0E500,60E1C500_N3J6EB,0x31a3,0x31a4,1,code,code:1,,0,
60E0E500__vs__60E1C500_N3J6EB,60E0E500,60E1C500_N3J6EB,0x31bb,0x31bc,1,code,code:1,,0,
60E0E500__vs__60E1C500_N3J6EB,60E0E500,60E1C500_N3J6EB,0x31d3,0x31d4,1,code,code:1,,0,
60E0E500__vs__60E1C500_N3J6EB,60E0E500,60E1C500_N3J6EB,0x31ea,0x31ec,2,code,code:2,,0,
60E0E500__vs__60E1C500_N3J6EB,60E0E500,60E1C500_N3J6EB,0x3203,0x3204,1,code,code:1,,0,
60E0E500__vs__60E1C500_N3J6EB,60E0E500,60E1C500_N3J6EB,0x321a,0x321c,2,code,code:2,,0,
60E0E500__vs__60E1C500_N3J6EB,60E0E500,60E1C500_N3J6EB,0x3233,0x3234,1,code,code:1,,0,
60E0E500__vs__60E1C500_N3J6EB,60E0E500,60E1C500_N3J6EB,0x327a,0x327c,2,code,code:2,,0,
60E0E500__vs__60E1C500_N3J6EB,60E0E500,60E1C500_N3J6EB,0x32ee,0x32f0,2,code,code:2,,0,
60E0E500__vs__60E1C500_N3J6EB,60E0E500,60E1C500_N3J6EB,0x338a,0x338c,2,code,code:2,,0,
60E0E500__vs__60E1C500_N3J6EB,60E0E500,60E1C500_N3J6EB,0x33b6,0x33b8,2,code,code:2,,0,
60E0E500__vs__60E1C500_N3J6EB,60E0E500,60E1C500_N3J6EB,0x347a,0x3490,22,code,code:22,,0,
60E0E500__vs__60E1C500_N3J6EB,60E0E500,60E1C500_N3J6EB,0x3572,0x3578,6,code,code:6,,0,
60E0E500__vs__60E1C500_N3J6EB,60E0E500,60E1C500_N3J6EB,0x3676,0x3678,2,code,code:2,,0,
60E0E500__vs__60E1C500_N3J6EB,60E0E500,60E1C500_N3J6EB,0x36a2,0x36a4,2,code,code:2,,0,
60E0E500__vs__60E1C500_N3J6EB,60E0E500,60E1C500_N3J6EB,0x375a,0x375c,2,code,code:2,,0,
60E0E500__vs__60E1C500_N3J6EB,60E0E500,60E1C500_N3J6EB,0x3902,0x3904,2,code,code:2,,0,
60E0E500__vs__60E1C500_N3J6EB,60E0E500,60E1C500_N3J6EB,0x394e,0x3950,2,code,code:2,,0,
60E0E500__vs__60E1C500_N3J6EB,60E0E500,60E1C500_N3J6EB,0x3962,0x3964,2,code,code:2,,0,
60E0E500__vs__60E1C500_N3J6EB,60E0E500,60E1C500_N3J6EB,0x3aae,0x3ab4,6,code,code:6,,0,
60E0E500__vs__60E1C500_N3J6EB,60E0E500,60E1C500_N3J6EB,0x3ad6,0x3ad8,2,code,code:2,,0,
60E0E500__vs__60E1C500_N3J6EB,60E0E500,60E1C500_N3J6EB,0x3b22,0x3b28,6,code,code:6,,0,
60E0E500__vs__60E1C500_N3J6EB,60E0E500,60E1C500_N3J6EB,0x3d46,0x3d48,2,code,code:2,,0,
60E0E500__vs__60E1C500_N3J6EB,60E0E500,60E1C500_N3J6EB,0x3d9a,0x3d9c,2,code,code:2,,0,
60E0E500__vs__60E1C500_N3J6EB,60E0E500,60E1C500_N3J6EB,0x3e02,0x3e04,2,code,code:2,,0,
60E0E500__vs__60E1C500_N3J6EB,60E0E500,60E1C500_N3J6EB,0x3e82,0x3e84,2,code,code:2,,0,
60E0E500__vs__60E1C500_N3J6EB,60E0E500,60E1C500_N3J6EB,0x3f9a,0x3f9c,2,code,code:2,,0,
60E0E500__vs__60E1C500_N3J6EB,60E0E500,60E1C500_N3J6EB,0x3fa6,0x3fa8,2,code,code:2,,0,
60E0E500__vs__60E1C500_N3J6EB,60E0E500,60E1C500_N3J6EB,0x3fe6,0x3fe8,2,code,code:2,,0,
60E0E500__vs__60E1C500_N3J6EB,60E0E500,60E1C500_N3J6EB,0x4096,0x4098,2,code,code:2,,0,
60E0E500__vs__60E1C500_N3J6EB,60E0E500,60E1C500_N3J6EB,0x413e,0x4140,2,code,code:2,,0,
60E0E500__vs__60E1C500_N3J6EB,60E0E500,60E1C500_N3J6EB,0x4206,0x4208,2,code,code:2,,0,
60E0E500__vs__60E1C500_N3J6EB,60E0E500,60E1C500_N3J6EB,0x473e,0x4740,2,code,code:2,,0,
60E0E500__vs__60E1C500_N3J6EB,60E0E500,60E1C500_N3J6EB,0x493a,0x493c,2,code,code:2,,0,
60E0E500__vs__60E1C500_N3J6EB,60E0E500,60E1C500_N3J6EB,0x4996,0x499c,6,code,code:6,,0,
60E0E500__vs__60E1C500_N3J6EB,60E0E500,60E1C500_N3J6EB,0x49a6,0x49ad,7,code,code:7,,0,
60E0E500__vs__60E1C500_N3J6EB,60E0E500,60E1C500_N3J6EB,0x49b6,0x49bd,7,code,code:7,,0,
60E0E500__vs__60E1C500_N3J6EB,60E0E500,60E1C500_N3J6EB,0x49c6,0x49cd,7,code,code:7,,0,
60E0E500__vs__60E1C500_N3J6EB,60E0E500,60E1C500_N3J6EB,0x49d6,0x49dd,7,code,code:7,,0,
60E0E500__vs__60E1C500_N3J6EB,60E0E500,60E1C500_N3J6EB,0x49e6,0x49ec,6,code,code:6,,0,
60E0E500__vs__60E1C500_N3J6EB,60E0E500,60E1C500_N3J6EB,0x49f6,0x49fc,6,code,code:6,,0,
60E0E500__vs__60E1C500_N3J6EB,60E0E500,60E1C500_N3J6EB,0x4a06,0x4a0c,6,code,code:6,,0,
60E0E500__vs__60E1C500_N3J6EB,60E0E500,60E1C500_N3J6EB,0x4a16,0x4a1c,6,code,code:6,,0,
60E0E500__vs__60E1C500_N3J6EB,60E0E500,60E1C500_N3J6EB,0x4a26,0x4a2c,6,code,code:6,,0,
60E0E500__vs__60E1C500_N3J6EB,60E0E500,60E1C500_N3J6EB,0x4a36,0x4a3c,6,code,code:6,,0,
60E0E500__vs__60E1C500_N3J6EB,60E0E500,60E1C500_N3J6EB,0x4a46,0x4a4c,6,code,code:6,,0,
60E0E500__vs__60E1C500_N3J6EB,60E0E500,60E1C500_N3J6EB,0x4a56,0x4a5c,6,code,code:6,,0,
60E0E500__vs__60E1C500_N3J6EB,60E0E500,60E1C500_N3J6EB,0x4a66,0x4a6c,6,code,code:6,,0,
60E0E500__vs__60E1C500_N3J6EB,60E0E500,60E1C500_N3J6EB,0x4a76,0x4a7c,6,code,code:6,,0,
60E0E500__vs__60E1C500_N3J6EB,60E0E500,60E1C500_N3J6EB,0x4a86,0x4a8c,6,code,code:6,,0,
60E0E500__vs__60E1C500_N3J6EB,60E0E500,60E1C500_N3J6EB,0x4a96,0x4a9c,6,code,code:6,,0,
60E0E500__vs__60E1C500_N3J6EB,60E0E500,60E1C500_N3J6EB,0x4aa6,0x4aac,6,code,code:6,,0,
60E0E500__vs__60E1C500_N3J6EB,60E0E500,60E1C500_N3J6EB,0x4ab6,0x4abc,6,code,code:6,,0,
60E0E500__vs__60E1C500_N3J6EB,60E0E500,60E1C500_N3J6EB,0x4aca,0x4aec,34,code,code:34,,0,
60E0E500__vs__60E1C500_N3J6EB,60E0E500,60E1C500_N3J6EB,0x4b0e,0x4b10,2,code,code:2,,0,
60E0E500__vs__60E1C500_N3J6EB,60E0E500,60E1C500_N3J6EB,0x4c87,0x52b8,1585,code,code:1585,,0,
60E0E500__vs__60E1C500_N3J6EB,60E0E500,60E1C500_N3J6EB,0x52c3,0x52c4,1,code,code:1,,0,
60E0E500__vs__60E1C500_N3J6EB,60E0E500,60E1C500_N3J6EB,0x52cc,0x8214,12104,code,code:12104,,0,
60E0E500__vs__60E1C500_N3J6EB,60E0E500,60E1C500_N3J6EB,0x8224,0x829a,118,code,code:118,,0,
60E0E500__vs__60E1C500_N3J6EB,60E0E500,60E1C500_N3J6EB,0x82aa,0x24682,115672,code,code:115672,,0,
60E0E500__vs__60E1C500_N3J6EB,60E0E500,60E1C500_N3J6EB,0x24695,0x2469c,7,code,code:7,,0,
60E0E500__vs__60E1C500_N3J6EB,60E0E500,60E1C500_N3J6EB,0x246b1,0x246b6,5,code,code:5,,0,
60E0E500__vs__60E1C500_N3J6EB,60E0E500,60E1C500_N3J6EB,0x246c9,0x246d0,7,code,code:7,,0,
60E0E500__vs__60E1C500_N3J6EB,60E0E500,60E1C500_N3J6EB,0x246e5,0x246ea,5,code,code:5,,0,
60E0E500__vs__60E1C500_N3J6EB,60E0E500,60E1C500_N3J6EB,0x246fc,0x256d6,4058,code,code:4058,,0,
60E0E500__vs__60E1C500_N3J6EB,60E0E500,60E1C500_N3J6EB,0x256de,0x27a88,9130,code,code:9130,,0,
60E0E500__vs__60E1C500_N3J6EB,60E0E500,60E1C500_N3J6EB,0x27a90,0x3bf6a,83162,code,code:83162,,0,
60E0E500__vs__60E1C500_N3J6EB,60E0E500,60E1C500_N3J6EB,0x3bf72,0x530bc,94538,code,code:94538,,0,
60E0E500__vs__60E1C500_N3J6EB,60E0E500,60E1C500_N3J6EB,0x530c4,0x54526,5218,code,code:5218,,0,
60E0E500__vs__60E1C500_N3J6EB,60E0E500,60E1C500_N3J6EB,0x5453f,0x54546,7,code,code:7,,0,
60E0E500__vs__60E1C500_N3J6EB,60E0E500,60E1C500_N3J6EB,0x5455f,0x54566,7,code,code:7,,0,
60E0E500__vs__60E1C500_N3J6EB,60E0E500,60E1C500_N3J6EB,0x5457f,0x54586,7,code,code:7,,0,
60E0E500__vs__60E1C500_N3J6EB,60E0E500,60E1C500_N3J6EB,0x5459f,0x545a6,7,code,code:7,,0,
60E0E500__vs__60E1C500_N3J6EB,60E0E500,60E1C500_N3J6EB,0x545bf,0x545c6,7,code,code:7,,0,
60E0E500__vs__60E1C500_N3J6EB,60E0E500,60E1C500_N3J6EB,0x545df,0x545e6,7,code,code:7,,0,
60E0E500__vs__60E1C500_N3J6EB,60E0E500,60E1C500_N3J6EB,0x545ff,0x54606,7,code,code:7,,0,
60E0E500__vs__60E1C500_N3J6EB,60E0E500,60E1C500_N3J6EB,0x5461f,0x54626,7,code,code:7,,0,
60E0E500__vs__60E1C500_N3J6EB,60E0E500,60E1C500_N3J6EB,0x5463e,0x54646,8,code,code:8,,0,
60E0E500__vs__60E1C500_N3J6EB,60E0E500,60E1C500_N3J6EB,0x54656,0x54b27,1233,code,code:1233,,0,
60E0E500__vs__60E1C500_N3J6EB,60E0E500,60E1C500_N3J6EB,0x54b35,0x54b3a,5,code,code:5,,0,
60E0E500__vs__60E1C500_N3J6EB,60E0E500,60E1C500_N3J6EB,0x54b48,0x54b68,32,code,code:32,,0,
60E0E500__vs__60E1C500_N3J6EB,60E0E500,60E1C500_N3J6EB,0x54b72,0x55f46,5076,code,code:5076,,0,
60E0E500__vs__60E1C500_N3J6EB,60E0E500,60E1C500_N3J6EB,0x55f4e,0x55f50,2,code,code:2,,0,
60E0E500__vs__60E1C500_N3J6EB,60E0E500,60E1C500_N3J6EB,0x55f58,0x560a2,330,code,code:330,,0,
60E0E500__vs__60E1C500_N3J6EB,60E0E500,60E1C500_N3J6EB,0x560ac,0x5b716,22122,code,code:22122,,0,
60E0E500__vs__60E1C500_N3J6EB,60E0E500,60E1C500_N3J6EB,0x5b71f,0x5e7d2,12467,code,code:12467,,0,
60E0E500__vs__60E1C500_N3J6EB,60E0E500,60E1C500_N3J6EB,0x5e7da,0x5e7de,4,code,code:4,,0,
60E0E500__vs__60E1C500_N3J6EB,60E0E500,60E1C500_N3J6EB,0x5e7e6,0x5e7ea,4,code,code:4,,0,
60E0E500__vs__60E1C500_N3J6EB,60E0E500,60E1C500_N3J6EB,0x5e7f2,0x5e7f6,4,code,code:4,,0,
60E0E500__vs__60E1C500_N3J6EB,60E0E500,60E1C500_N3J6EB,0x5e7fe,0x5e80e,16,code,code:16,,0,
60E0E500__vs__60E1C500_N3J6EB,60E0E500,60E1C500_N3J6EB,0x5e816,0x5e826,16,code,code:16,,0,
60E0E500__vs__60E1C500_N3J6EB,60E0E500,60E1C500_N3J6EB,0x5e82e,0x5e832,4,code,code:4,,0,
60E0E500__vs__60E1C500_N3J6EB,60E0E500,60E1C500_N3J6EB,0x5e83a,0x5e84a,16,code,code:16,,0,
60E0E500__vs__60E1C500_N3J6EB,60E0E500,60E1C500_N3J6EB,0x5e852,0x5e856,4,code,code:4,,0,
60E0E500__vs__60E1C500_N3J6EB,60E0E500,60E1C500_N3J6EB,0x5e85e,0x5e862,4,code,code:4,,0,
60E0E500__vs__60E1C500_N3J6EB,60E0E500,60E1C500_N3J6EB,0x5e86a,0x5e8aa,64,code,code:64,,0,
60E0E500__vs__60E1C500_N3J6EB,60E0E500,60E1C500_N3J6EB,0x5e8b2,0x5e8b6,4,code,code:4,,0,
60E0E500__vs__60E1C500_N3J6EB,60E0E500,60E1C500_N3J6EB,0x5e8be,0x5e8ce,16,code,code:16,,0,
60E0E500__vs__60E1C500_N3J6EB,60E0E500,60E1C500_N3J6EB,0x5e8d6,0x5eade,520,code,code:520,,0,
60E0E500__vs__60E1C500_N3J6EB,60E0E500,60E1C500_N3J6EB,0x5eae6,0x634c8,18914,code,code:18914,,0,
60E0E500__vs__60E1C500_N3J6EB,60E0E500,60E1C500_N3J6EB,0x634d0,0x686fe,21038,code,code:21038,,0,
60E0E500__vs__60E1C500_N3J6EB,60E0E500,60E1C500_N3J6EB,0x68706,0x69141,2619,code,code:2619,,0,
60E0E500__vs__60E1C500_N3J6EB,60E0E500,60E1C500_N3J6EB,0x69149,0x69725,1500,code,code:1500,,0,
60E0E500__vs__60E1C500_N3J6EB,60E0E500,60E1C500_N3J6EB,0x6972d,0x69b08,987,code,code:987,,0,
60E0E500__vs__60E1C500_N3J6EB,60E0E500,60E1C500_N3J6EB,0x69b11,0x69b1c,11,code,code:11,,0,
60E0E500__vs__60E1C500_N3J6EB,60E0E500,60E1C500_N3J6EB,0x69b25,0x69b30,11,code,code:11,,0,
60E0E500__vs__60E1C500_N3J6EB,60E0E500,60E1C500_N3J6EB,0x69b39,0x69bd4,155,code,code:155,,0,
60E0E500__vs__60E1C500_N3J6EB,60E0E500,60E1C500_N3J6EB,0x69bde,0x69be6,8,code,code:8,,0,
60E0E500__vs__60E1C500_N3J6EB,60E0E500,60E1C500_N3J6EB,0x69bee,0x69bf9,11,code,code:11,,0,
60E0E500__vs__60E1C500_N3J6EB,60E0E500,60E1C500_N3J6EB,0x69c01,0x69c0d,12,code,code:12,,0,
60E0E500__vs__60E1C500_N3J6EB,60E0E500,60E1C500_N3J6EB,0x69c15,0x6a3e1,1996,code,code:1996,,0,
60E0E500__vs__60E1C500_N3J6EB,60E0E500,60E1C500_N3J6EB,0x6a3e9,0x6a8e4,1275,code,code:1275,,0,
60E0E500__vs__60E1C500_N3J6EB,60E0E500,60E1C500_N3J6EB,0x6a8ed,0x6aa09,284,code,code:284,,0,
60E0E500__vs__60E1C500_N3J6EB,60E0E500,60E1C500_N3J6EB,0x6aa11,0x6ad84,883,code,code:883,,0,
60E0E500__vs__60E1C500_N3J6EB,60E0E500,60E1C500_N3J6EB,0x6c602,0x6c60c,10,padding,padding:10,,0,
60E0E500__vs__60E1C500_N3J6EB,60E0E500,60E1C500_N3J6EB,0x6c614,0x6c616,2,padding,padding:2,,0,
60E0E500__vs__60E1C500_N3J6EB,60E0E500,60E1C500_N3J6EB,0x6c648,0x6c64c,4,padding,padding:4,,0,
60E0E500__vs__60E1C500_N3J6EB,60E0E500,60E1C500_N3J6EB,0x6c65b,0x6c65d,2,padding,padding:2,,0,
60E0E500__vs__60E1C500_N3J6EB,60E0E500,60E1C500_N3J6EB,0x6c6e4,0x6c6f0,12,padding,padding:12,,0,
60E0E500__vs__60E1C500_N3J6EB,60E0E500,60E1C500_N3J6EB,0x6cd8f,0x6cd92,3,padding,padding:3,,0,
60E0E500__vs__60E1C500_N3J6EB,60E0E500,60E1C500_N3J6EB,0x6cddf,0x6cde1,2,padding,padding:2,,0,
60E0E500__vs__60E1C500_N3J6EB,60E0E500,60E1C500_N3J6EB,0x6d04b,0x6d04c,1,cal_data,cal_data:1,,0,
60E0E500__vs__60E1C500_N3J6EB,60E0E500,60E1C500_N3J6EB,0x6d05f,0x6d060,1,cal_data,cal_data:1,,0,
60E0E500__vs__60E1C500_N3J6EB,60E0E500,60E1C500_N3J6EB,0x6d072,0x6d074,2,cal_data,cal_data:2,,0,
60E0E500__vs__60E1C500_N3J6EB,60E0E500,60E1C500_N3J6EB,0x6d086,0x6d088,2,cal_data,cal_data:2,,0,
60E0E500__vs__60E1C500_N3J6EB,60E0E500,60E1C500_N3J6EB,0x6d2bf,0x6d2c0,1,cal_data,cal_data:1,,0,
60E0E500__vs__60E1C500_N3J6EB,60E0E500,60E1C500_N3J6EB,0x6d2d3,0x6d2d4,1,cal_data,cal_data:1,,0,
60E0E500__vs__60E1C500_N3J6EB,60E0E500,60E1C500_N3J6EB,0x6d2e6,0x6d2e8,2,cal_data,cal_data:2,,0,
60E0E500__vs__60E1C500_N3J6EB,60E0E500,60E1C500_N3J6EB,0x6d2fa,0x6d2fc,2,cal_data,cal_data:2,,0,
60E0E500__vs__60E1C500_N3J6EB,60E0E500,60E1C500_N3J6EB,0x6d886,0x6d888,2,cal_data,cal_data:2,,0,
60E0E500__vs__60E1C500_N3J6EB,60E0E500,60E1C500_N3J6EB,0x6d8cc,0x6d8d0,4,cal_data,cal_data:4,,0,
60E0E500__vs__60E1C500_N3J6EB,60E0E500,60E1C500_N3J6EB,0x6dbe0,0x6dbe1,1,cal_data,cal_data:1,,0,
60E0E500__vs__60E1C500_N3J6EB,60E0E500,60E1C500_N3J6EB,0x6e6bf,0x6e6c2,3,cal_data,cal_data:3,,0,
60E0E500__vs__60E1C500_N3J6EB,60E0E500,60E1C500_N3J6EB,0x6e6dc,0x6e6fc,32,cal_data,cal_data:30 cal_table:2,,2,Table 2D - 17_; Y
60E0E500__vs__60E1C500_N3J6EB,60E0E500,60E1C500_N3J6EB,0x6e750,0x6e757,7,cal_data,cal_data:7,,0,
60E0E500__vs__60E1C500_N3J6EB,60E0E500,60E1C500_N3J6EB,0x6e796,0x6e79b,5,cal_data,cal_data:5,,0,
60E0E500__vs__60E1C500_N3J6EB,60E0E500,60E1C500_N3J6EB,0x6ec85,0x6ec86,1,cal_data,cal_data:1,,0,
60E0E500__vs__60E1C500_N3J6EB,60E0E500,60E1C500_N3J6EB,0x6f0f9,0x6f0fa,1,cal_data,cal_data:1,,0,
60E0E500__vs__60E1C500_N3J6EB,60E0E500,60E1C500_N3J6EB,0x6f158,0x6f15e,6,cal_data,cal_data:6,,0,
60E0E500__vs__60E1C500_N3J6EB,60E0E500,60E1C500_N3J6EB,0x6f1a0,0x6f1ae,14,cal_data,cal_data:14,,0,
60E0E500__vs__60E1C500_N3J6EB,60E0E500,60E1C500_N3J6EB,0x6f23c,0x6f23d,1,cal_data,cal_data:1,,0,
60E0E500__vs__60E1C500_N3J6EB,60E0E500,60E1C500_N3J6EB,0x6fb5c,0x6fbec,144,cal_data,cal_data:143 cal_table:1,,1,MAF Scaling
60E0E500__vs__60E1C500_N3J6EB,60E0E500,60E1C500_N3J6EB,0x6fc30,0x6fcc0,144,cal_data,cal_data:144,,0,
60E0E500__vs__60E1C500_N3J6EB,60E0E500,60E1C500_N3J6EB,0x6fd04,0x6fd94,144,cal_data,cal_data:139 cal_table:5,,5,Injector Barometric Pressure Compensation; Lambda Sensor Scaling; Table 2D - 296 Check DataType; Y; Y
60E0E500__vs__60E1C500_N3J6EB,60E0E500,60E1C500_N3J6EB,0x6fdc9,0x6ff7e,437,cal_data,cal_data:432 cal_table:5,,5,Table 2D - 299 Check DataType; Table 2D - 300 Check DataType; Table 2D - 59_; Y; Y
60E0E500__vs__60E1C500_N3J6EB,60E0E500,60E1C500_N3J6EB,0x6ffb9,0x7016e,437,cal_data,cal_data:428 cal_table:9,,9,IAT Sensor Scaling; Table 2D - 60_; Table 2D - 61_; Table 2D - 62_; Table 2D - 63_; Y; Y; Y; ...
60E0E500__vs__60E1C500_N3J6EB,60E0E500,60E1C500_N3J6EB,0x704e0,0x704f0,16,cal_data,cal_data:16,,0,
60E0E500__vs__60E1C500_N3J6EB,60E0E500,60E1C500_N3J6EB,0x70514,0x7051a,6,cal_data,cal_data:6,,0,
60E0E500__vs__60E1C500_N3J6EB,60E0E500,60E1C500_N3J6EB,0x70528,0x70534,12,cal_data,cal_data:12,,0,
60E0E500__vs__60E1C500_N3J6EB,60E0E500,60E1C500_N3J6EB,0x70541,0x7054c,11,cal_data,cal_data:11,,0,
60E0E500__vs__60E1C500_N3J6EB,60E0E500,60E1C500_N3J6EB,0x706e4,0x706ed,9,cal_data,cal_data:9,,0,
60E0E500__vs__60E1C500_N3J6EB,60E0E500,60E1C500_N3J6EB,0x70714,0x7071d,9,cal_data,cal_data:9,,0,
60E0E500__vs__60E1C500_N3J6EB,60E0E500,60E1C500_N3J6EB,0x707cd,0x707f6,41,cal_data,cal_data:40 cal_table:1,,1,Table 2D - 311 Check DataType
60E0E500__vs__60E1C500_N3J6EB,60E0E500,60E1C500_N3J6EB,0x70983,0x70988,5,cal_data,cal_data:5,,0,
60E0E500__vs__60E1C500_N3J6EB,60E0E500,60E1C500_N3J6EB,0x709c5,0x709cc,7,cal_data,cal_data:7,,0,
60E0E500__vs__60E1C500_N3J6EB,60E0E500,60E1C500_N3J6EB,0x709e5,0x709e6,1,cal_data,cal_data:1,,0,
60E0E500__vs__60E1C500_N3J6EB,60E0E500,60E1C500_N3J6EB,0x709f5,0x709fc,7,cal_data,cal_data:7,,0,
60E0E500__vs__60E1C500_N3J6EB,60E0E500,60E1C500_N3J6EB,0x70a29,0x70a2f,6,cal_data,cal_data:6,,0,
60E0E500__vs__60E1C500_N3J6EB,60E0E500,60E1C500_N3J6EB,0x70a3e,0x70a3f,1,cal_data,cal_data:1,,0,
60E0E500__vs__60E1C500_N3J6EB,60E0E500,60E1C500_N3J6EB,0x70b84,0x70b8c,8,cal_data,cal_data:8,,0,
60E0E500__vs__60E1C500_N3J6EB,60E0E500,60E1C500_N3J6EB,0x70c5c,0x70c5e,2,cal_data,cal_data:2,,0,
60E0E500__vs__60E1C500_N3J6EB,60E0E500,60E1C500_N3J6EB,0x70d94,0x70d9d,9,cal_data,cal_data:9,,0,
60E0E500__vs__60E1C500_N3J6EB,60E0E500,60E1C500_N3J6EB,0x70df0,0x70dfa,10,cal_data,cal_data:10,,0,
60E0E500__vs__60E1C500_N3J6EB,60E0E500,60E1C500_N3J6EB,0x70e4c,0x70e55,9,cal_data,cal_data:9,,0,
60E0E500__vs__60E1C500_N3J6EB,60E0E500,60E1C500_N3J6EB,0x70e93,0x70e98,5,cal_data,cal_data:5,,0,
60E0E500__vs__60E1C500_N3J6EB,60E0E500,60E1C500_N3J6EB,0x7107d,0x71094,23,cal_data,cal_data:23,,0,
60E0E500__vs__60E1C500_N3J6EB,60E0E500,60E1C500_N3J6EB,0x7127c,0x712a8,44,cal_data,cal_data:44,,0,
60E0E500__vs__60E1C500_N3J6EB,60E0E500,60E1C500_N3J6EB,0x71354,0x71361,13,cal_data,cal_data:13,,0,
60E0E500__vs__60E1C500_N3J6EB,60E0E500,60E1C500_N3J6EB,0x71369,0x71376,13,cal_data,cal_data:13,,0,
60E0E500__vs__60E1C500_N3J6EB,60E0E500,60E1C500_N3J6EB,0x7137f,0x714db,348,cal_data,cal_data:345 cal_table:3,,3,Table 3D - 108_; X; Y
60E0E500__vs__60E1C500_N3J6EB,60E0E500,60E1C500_N3J6EB,0x71574,0x715a0,44,cal_data,cal_data:43 cal_table:1,,1,Y
60E0E500__vs__60E1C500_N3J6EB,60E0E500,60E1C500_N3J6EB,0x7164c,0x71659,13,cal_data,cal_data:13,,0,
60E0E500__vs__60E1C500_N3J6EB,60E0E500,60E1C500_N3J6EB,0x71661,0x7166e,13,cal_data,cal_data:12 cal_table:1,,1,Table 2D - 73_
60E0E500__vs__60E1C500_N3J6EB,60E0E500,60E1C500_N3J6EB,0x71677,0x71683,12,cal_data,cal_data:12,,0,
60E0E500__vs__60E1C500_N3J6EB,60E0E500,60E1C500_N3J6EB,0x7168c,0x71698,12,cal_data,cal_data:11 cal_table:1,,1,Table 2D - 74_
60E0E500__vs__60E1C500_N3J6EB,60E0E500,60E1C500_N3J6EB,0x716a2,0x716ad,11,cal_data,cal_data:11,,0,
60E0E500__vs__60E1C500_N3J6EB,60E0E500,60E1C500_N3J6EB,0x716b8,0x716c2,10,cal_data,cal_data:10,,0,
60E0E500__vs__60E1C500_N3J6EB,60E0E500,60E1C500_N3J6EB,0x716cb,0x716e6,27,cal_data,cal_data:26 cal_table:1,,1,Y
60E0E500__vs__60E1C500_N3J6EB,60E0E500,60E1C500_N3J6EB,0x716ef,0x717d3,228,cal_data,cal_data:218 cal_table:10,,10,Table 2D - 312 Check DataType; Table 2D - 76_; Table 2D - 77_; Table 2D - 78_; Table 2D - 79_; Y; Y; Y; ...
60E0E500__vs__60E1C500_N3J6EB,60E0E500,60E1C500_N3J6EB,0x71854,0x71880,44,cal_data,cal_data:43 cal_table:1,,1,Table 2D - 82_
60E0E500__vs__60E1C500_N3J6EB,60E0E500,60E1C500_N3J6EB,0x7192c,0x71939,13,cal_data,cal_data:13,,0,
60E0E500__vs__60E1C500_N3J6EB,60E0E500,60E1C500_N3J6EB,0x71941,0x7194e,13,cal_data,cal_data:13,,0,
60E0E500__vs__60E1C500_N3J6EB,60E0E500,60E1C500_N3J6EB,0x71957,0x71963,12,cal_data,cal_data:12,,0,
60E0E500__vs__60E1C500_N3J6EB,60E0E500,60E1C500_N3J6EB,0x7196c,0x71978,12,cal_data,cal_data:11 cal_table:1,,1,Table 2D - 315 Check DataType
60E0E500__vs__60E1C500_N3J6EB,60E0E500,60E1C500_N3J6EB,0x71982,0x7198d,11,cal_data,cal_data:11,,0,
60E0E500__vs__60E1C500_N3J6EB,60E0E500,60E1C500_N3J6EB,0x71998,0x719a2,10,cal_data,cal_data:10,,0,
60E0E500__vs__60E1C500_N3J6EB,60E0E500,60E1C500_N3J6EB,0x719ab,0x719c6,27,cal_data,cal_data:27,,0,
60E0E500__vs__60E1C500_N3J6EB,60E0E500,60E1C500_N3J6EB,0x719cf,0x71ab3,228,cal_data,cal_data:223 cal_table:5,,5,Table 2D - 316 Check DataType; Table 2D - 83_; Y; Y; Y
60E0E500__vs__60E1C500_N3J6EB,60E0E500,60E1C500_N3J6EB,0x71abd,0x71ac2,5,cal_data,cal_data:5,,0,
60E0E500__vs__60E1C500_N3J6EB,60E0E500,60E1C500_N3J6EB,0x71ad4,0x71ae0,12,cal_data,cal_data:12,,0,
60E0E500__vs__60E1C500_N3J6EB,60E0E500,60E1C500_N3J6EB,0x726f1,0x726f2,1,cal_data,cal_data:1,,0,
60E0E500__vs__60E1C500_N3J6EB,60E0E500,60E1C500_N3J6EB,0x72db4,0x72dd7,35,cal_data,cal_data:34 cal_table:1,,1,Table 2D - 110_
60E0E500__vs__60E1C500_N3J6EB,60E0E500,60E1C500_N3J6EB,0x72de9,0x72df8,15,cal_data,cal_data:15,,0,
60E0E500__vs__60E1C500_N3J6EB,60E0E500,60E1C500_N3J6EB,0x72e3e,0x72e45,7,cal_data,cal_data:6 cal_table:1,,1,Table 2D - 111_
60E0E500__vs__60E1C500_N3J6EB,60E0E500,60E1C500_N3J6EB,0x7453c,0x7455a,30,cal_data,cal_data:29 cal_table:1,,1,X
60E0E500__vs__60E1C500_N3J6EB,60E0E500,60E1C500_N3J6EB,0x74564,0x74566,2,cal_data,cal_data:2,,0,
60E0E500__vs__60E1C500_N3J6EB,60E0E500,60E1C500_N3J6EB,0x74579,0x7457c,3,cal_data,cal_data:3,,0,
60E0E500__vs__60E1C500_N3J6EB,60E0E500,60E1C500_N3J6EB,0x74924,0x7493b,23,cal_data,cal_data:22 cal_table:1,,1,Y
60E0E500__vs__60E1C500_N3J6EB,60E0E500,60E1C500_N3J6EB,0x74944,0x7494b,7,cal_data,cal_data:7,,0,
60E0E500__vs__60E1C500_N3J6EB,60E0E500,60E1C500_N3J6EB,0x7498c,0x7498e,2,cal_data,cal_data:2,,0,
60E0E500__vs__60E1C500_N3J6EB,60E0E500,60E1C500_N3J6EB,0x749b8,0x749c0,8,cal_data,cal_data:8,,0,
60E0E500__vs__60E1C500_N3J6EB,60E0E500,60E1C500_N3J6EB,0x749dd,0x749df,2,cal_data,cal_data:2,,0,
60E0E500__vs__60E1C500_N3J6EB,60E0E500,60E1C500_N3J6EB,0x74c59,0x74c60,7,cal_data,cal_data:7,,0,
60E0E500__vs__60E1C500_N3J6EB,60E0E500,60E1C500_N3J6EB,0x75db0,0x75db6,6,cal_data,cal_data:6,,0,
60E0E500__vs__60E1C500_N3J6EB,60E0E500,60E1C500_N3J6EB,0x75f7b,0x75f8c,17,cal_data,cal_data:16 cal_table:1,,1,Table 3D - 58_
60E0E500__vs__60E1C500_N3J6EB,60E0E500,60E1C500_N3J6EB,0x76c44,0x76c46,2,cal_data,cal_data:2,,0,
60E0E500__vs__60E1C500_N3J6EB,60E0E500,60E1C500_N3J6EB,0x76d29,0x76d32,9,cal_data,cal_data:9,,0,
60E0E500__vs__60E1C500_N3J6EB,60E0E500,60E1C500_N3J6EB,0x76d3b,0x76d3d,2,cal_data,cal_data:2,,0,
60E0E500__vs__60E1C500_N3J6EB,60E0E500,60E1C500_N3J6EB,0x76d79,0x76d82,9,cal_data,cal_data:9,,0,
60E0E500__vs__60E1C500_N3J6EB,60E0E500,60E1C500_N3J6EB,0x76d8b,0x76d8d,2,cal_data,cal_data:2,,0,
60E0E500__vs__60E1C500_N3J6EB,60E0E500,60E1C500_N3J6EB,0x76dd9,0x76de2,9,cal_data,cal_data:9,,0,
60E0E500__vs__60E1C500_N3J6EB,60E0E500,60E1C500_N3J6EB,0x76deb,0x76ded,2,cal_data,cal_data:2,,0,
60E0E500__vs__60E1C500_N3J6EB,60E0E500,60E1C500_N3J6EB,0x76f45,0x76f66,33,cal_data,cal_data:32 cal_table:1,,1,Table 2D - 339 Check DataType
60E0E500__vs__60E1C500_N3J6EB,60E0E500,60E1C500_N3J6EB,0x76f72,0x76f84,18,cal_data,cal_data:18,,0,
60E0E500__vs__60E1C500_N3J6EB,60E0E500,60E1C500_N3J6EB,0x76f94,0x76fae,26,cal_data,cal_data:26,,0,
60E0E500__vs__60E1C500_N3J6EB,60E0E500,60E1C500_N3J6EB,0x76fb8,0x76fd4,28,cal_data,cal_data:28,,0,
60E0E500__vs__60E1C500_N3J6EB,60E0E500,60E1C500_N3J6EB,0x76fdc,0x77014,56,cal_data,cal_data:56,,0,
60E0E500__vs__60E1C500_N3J6EB,60E0E500,60E1C500_N3J6EB,0x77022,0x7723c,538,cal_data,cal_data:533 cal_table:5,,5,Table 2D - 340 Check DataType; Table 2D - 341 Check DataType; Table 2D - 342 Check DataType; Y; Y
60E0E500__vs__60E1C500_N3J6EB,60E0E500,60E1C500_N3J6EB,0x7727c,0x77283,7,cal_data,cal_data:7,,0,
60E0E500__vs__60E1C500_N3J6EB,60E0E500,60E1C500_N3J6EB,0x772e8,0x772ee,6,cal_data,cal_data:6,,0,
60E0E500__vs__60E1C500_N3J6EB,60E0E500,60E1C500_N3J6EB,0x77354,0x7735b,7,cal_data,cal_data:7,,0,
60E0E500__vs__60E1C500_N3J6EB,60E0E500,60E1C500_N3J6EB,0x773b5,0x773b9,4,cal_data,cal_data:4,,0,
60E0E500__vs__60E1C500_N3J6EB,60E0E500,60E1C500_N3J6EB,0x77490,0x77492,2,cal_data,cal_data:2,,0,
60E0E500__vs__60E1C500_N3J6EB,60E0E500,60E1C500_N3J6EB,0x774a0,0x774a2,2,cal_data,cal_data:2,,0,
60E0E500__vs__60E1C500_N3J6EB,60E0E500,60E1C500_N3J6EB,0x774b9,0x774be,5,cal_data,cal_data:5,,0,
60E0E500__vs__60E1C500_N3J6EB,60E0E500,60E1C500_N3J6EB,0x774d5,0x774e7,18,cal_data,cal_data:18,,0,
60E0E500__vs__60E1C500_N3J6EB,60E0E500,60E1C500_N3J6EB,0x774f0,0x77518,40,cal_data,cal_data:40,,0,
60E0E500__vs__60E1C500_N3J6EB,60E0E500,60E1C500_N3J6EB,0x775b5,0x775b6,1,cal_data,cal_data:1,,0,
60E0E500__vs__60E1C500_N3J6EB,60E0E500,60E1C500_N3J6EB,0x77940,0x77941,1,cal_data,cal_data:1,,0,
60E0E500__vs__60E1C500_N3J6EB,60E0E500,60E1C500_N3J6EB,0x77953,0x77954,1,cal_data,cal_data:1,,0,
60E0E500__vs__60E1C500_N3J6EB,60E0E500,60E1C500_N3J6EB,0x77ce5,0x77ce6,1,cal_data,cal_data:1,,0,
60E0E500__vs__60E1C500_N3J6EB,60E0E500,60E1C500_N3J6EB,0x77e4c,0x77e62,22,cal_data,cal_data:22,,0,
60E0E500__vs__60E1C500_N3J6EB,60E0E500,60E1C500_N3J6EB,0x77ea2,0x77ea7,5,cal_data,cal_data:5,,0,
60E0E500__vs__60E1C500_N3J6EB,60E0E500,60E1C500_N3J6EB,0x77eb2,0x77eb7,5,cal_data,cal_data:5,,0,
60E0E500__vs__60E1C500_N3J6EB,60E0E500,60E1C500_N3J6EB,0x77ec2,0x77ec7,5,cal_data,cal_data:5,,0,
60E0E500__vs__60E1C500_N3J6EB,60E0E500,60E1C500_N3J6EB,0x77ed2,0x77ed7,5,cal_data,cal_data:5,,0,
60E0E500__vs__60E1C500_N3J6EB,60E0E500,60E1C500_N3J6EB,0x77ee2,0x77ee7,5,cal_data,cal_data:5,,0,
60E0E500__vs__60E1C500_N3J6EB,60E0E500,60E1C500_N3J6EB,0x78149,0x7814b,2,cal_data,cal_data:2,,0,
60E0E500__vs__60E1C500_N3J6EB,60E0E500,60E1C500_N3J6EB,0x788e8,0x7890c,36,cal_data,cal_data:36,,0,
60E0E500__vs__60E1C500_N3J6EB,60E0E500,60E1C500_N3J6EB,0x78e30,0x78e31,1,cal_data,cal_data:1,,0,
60E0E500__vs__60E1C500_N3J6EB,60E0E500,60E1C500_N3J6EB,0x79120,0x79126,6,cal_data,cal_data:6,,0,
60E0E500__vs__60E1C500_N3J6EB,60E0E500,60E1C500_N3J6EB,0x7919c,0x7919e,2,cal_data,cal_data:2,,0,
60E0E500__vs__60E1C500_N3J6EB,60E0E500,60E1C500_N3J6EB,0x791c6,0x791d2,12,cal_data,cal_data:12,,0,
60E0E500__vs__60E1C500_N3J6EB,60E0E500,60E1C500_N3J6EB,0x791f6,0x791fc,6,cal_data,cal_data:6,,0,
60E0E500__vs__60E1C500_N3J6EB,60E0E500,60E1C500_N3J6EB,0x7920d,0x79212,5,cal_data,cal_data:5,,0,
60E0E500__vs__60E1C500_N3J6EB,60E0E500,60E1C500_N3J6EB,0x792ac,0x792b2,6,cal_data,cal_data:5 cal_table:1,,1,X
60E0E500__vs__60E1C500_N3J6EB,60E0E500,60E1C500_N3J6EB,0x79301,0x79310,15,cal_data,cal_data:14 cal_table:1,,1,Y
60E0E500__vs__60E1C500_N3J6EB,60E0E500,60E1C500_N3J6EB,0x79347,0x79358,17,cal_data,cal_data:17,,0,
60E0E500__vs__60E1C500_N3J6EB,60E0E500,60E1C500_N3J6EB,0x79360,0x7937b,27,cal_data,cal_data:27,,0,
60E0E500__vs__60E1C500_N3J6EB,60E0E500,60E1C500_N3J6EB,0x79488,0x79498,16,cal_data,cal_data:16,,0,
60E0E500__vs__60E1C500_N3J6EB,60E0E500,60E1C500_N3J6EB,0x794e2,0x79534,82,cal_data,cal_data:80 cal_table:2,,2,Table 2D - 201_; X
60E0E500__vs__60E1C500_N3J6EB,60E0E500,60E1C500_N3J6EB,0x7953e,0x79546,8,cal_data,cal_data:8,,0,
60E0E500__vs__60E1C500_N3J6EB,60E0E500,60E1C500_N3J6EB,0x79574,0x79584,16,cal_data,cal_data:16,,0,
60E0E500__vs__60E1C500_N3J6EB,60E0E500,60E1C500_N3J6EB,0x795ce,0x79620,82,cal_data,cal_data:80 cal_table:2,,2,X; Y
60E0E500__vs__60E1C500_N3J6EB,60E0E500,60E1C500_N3J6EB,0x7962a,0x79632,8,cal_data,cal_data:8,,0,
60E0E500__vs__60E1C500_N3J6EB,60E0E500,60E1C500_N3J6EB,0x79681,0x79682,1,cal_data,cal_data:1,,0,
60E0E500__vs__60E1C500_N3J6EB,60E0E500,60E1C500_N3J6EB,0x79699,0x796a4,11,cal_data,cal_data:11,,0,
60E0E500__vs__60E1C500_N3J6EB,60E0E500,60E1C500_N3J6EB,0x7970d,0x79718,11,cal_data,cal_data:11,,0,
60E0E500__vs__60E1C500_N3J6EB,60E0E500,60E1C500_N3J6EB,0x79cc1,0x79cd0,15,cal_data,cal_data:15,,0,
60E0E500__vs__60E1C500_N3J6EB,60E0E500,60E1C500_N3J6EB,0x79dda,0x79dde,4,cal_data,cal_data:4,,0,
60E0E500__vs__60E1C500_N3J6EB,60E0E500,60E1C500_N3J6EB,0x7a2d4,0x7a2d7,3,cal_data,cal_data:3,,0,
60E0E500__vs__60E1C500_N3J6EB,60E0E500,60E1C500_N3J6EB,0x7a371,0x7a374,3,cal_data,cal_data:3,,0,
60E0E500__vs__60E1C500_N3J6EB,60E0E500,60E1C500_N3J6EB,0x7a399,0x7a39b,2,cal_data,cal_data:2,,0,
60E0E500__vs__60E1C500_N3J6EB,60E0E500,60E1C500_N3J6EB,0x7a40d,0x7a410,3,cal_data,cal_data:3,,0,
60E0E500__vs__60E1C500_N3J6EB,60E0E500,60E1C500_N3J6EB,0x7a435,0x7a437,2,cal_data,cal_data:2,,0,
60E0E500__vs__60E1C500_N3J6EB,60E0E500,60E1C500_N3J6EB,0x7a451,0x7a592,321,cal_data,cal_data:314 cal_table:7,,7,Knock Rel #0; Table 2D - 228_; Table 2D - 229_; X; Y; Y; Y
60E0E500__vs__60E1C500_N3J6EB,60E0E500,60E1C500_N3J6EB,0x7a8b5,0x7a8b6,1,cal_data,cal_data:1,,0,
60E0E500__vs__60E1C500_N3J6EB,60E0E500,60E1C500_N3J6EB,0x7ab91,0x7ab93,2,cal_data,cal_data:2,,0,
60E0E500__vs__60E1C500_N3J6EB,60E0E500,60E1C500_N3J6EB,0x7ab9c,0x7ab9d,1,cal_data,cal_data:1,,0,
60E0E500__vs__60E1C500_N3J6EB,60E0E500,60E1C500_N3J6EB,0x7ac7d,0x7ac96,25,cal_data,cal_data:25,,0,
60E0E500__vs__60E1C500_N3J6EB,60E0E500,60E1C500_N3J6EB,0x7aca0,0x7acac,12,cal_data,cal_data:12,,0,
60E0E500__vs__60E1C500_N3J6EB,60E0E500,60E1C500_N3J6EB,0x7ae28,0x7ae2a,2,cal_data,cal_data:2,,0,
60E0E500__vs__60E1C500_N3J6EB,60E0E500,60E1C500_N3J6EB,0x7ae4c,0x7ae4e,2,cal_data,cal_data:2,,0,
60E0E500__vs__60E1C500_N3J6EB,60E0E500,60E1C500_N3J6EB,0x7aeac,0x7aec6,26,cal_data,cal_data:26,,0,
60E0E500__vs__60E1C500_N3J6EB,60E0E500,60E1C500_N3J6EB,0x7aed0,0x7aed9,9,cal_data,cal_data:9,,0,
60E0E500__vs__60E1C500_N3J6EB,60E0E500,60E1C500_N3J6EB,0x7aef0,0x7af01,17,cal_data,cal_data:17,,0,
60E0E500__vs__60E1C500_N3J6EB,60E0E500,60E1C500_N3J6EB,0x7af18,0x7af29,17,cal_data,cal_data:16 cal_table:1,,1,Y
60E0E500__vs__60E1C500_N3J6EB,60E0E500,60E1C500_N3J6EB,0x7b0f8,0x7b108,16,cal_data,cal_data:15 cal_table:1,,1,Y
60E0E500__vs__60E1C500_N3J6EB,60E0E500,60E1C500_N3J6EB,0x7b443,0x7b44a,7,cal_data,cal_data:7,,0,
60E0E500__vs__60E1C500_N3J6EB,60E0E500,60E1C500_N3J6EB,0x7b629,0x7b62a,1,cal_data,cal_data:1,,0,
60E0E500__vs__60E1C500_N3J6EB,60E0E500,60E1C500_N3J6EB,0x7b7dc,0x7b7ee,18,cal_data,cal_data:18,,0,
60E0E500__vs__60E1C500_N3J6EB,60E0E500,60E1C500_N3J6EB,0x7ba2a,0x7ba36,12,cal_data,cal_data:12,,0,
60E0E500__vs__60E1C500_N3J6EB,60E0E500,60E1C500_N3J6EB,0x7ba94,0x7baa6,18,cal_data,cal_data:17 cal_table:1,,1,Y
60E0E500__vs__60E1C500_N3J6EB,60E0E500,60E1C500_N3J6EB,0x7bab9,0x7bac0,7,cal_data,cal_data:7,,0,
60E0E500__vs__60E1C500_N3J6EB,60E0E500,60E1C500_N3J6EB,0x7bbb0,0x7bbc0,16,cal_data,cal_data:15 cal_table:1,,1,Y
60E0E500__vs__60E1C500_N3J6EB,60E0E500,60E1C500_N3J6EB,0x7bdd0,0x7bdd2,2,cal_data,cal_data:2,,0,
60E0E500__vs__60E1C500_N3J6EB,60E0E500,60E1C500_N3J6EB,0x7be48,0x7be4b,3,cal_data,cal_data:3,,0,
60E0E500__vs__60E1C500_N3J6EB,60E0E500,60E1C500_N3J6EB,0x7be99,0x7be9a,1,cal_data,cal_data:1,,0,
60E0E500__vs__60E1C500_N3J6EB,60E0E500,60E1C500_N3J6EB,0x7bedf,0x7bee2,3,cal_data,cal_data:3,,0,
60E0E500__vs__60E1C500_N3J6EB,60E0E500,60E1C500_N3J6EB,0x7beed,0x7bef2,5,cal_data,cal_data:5,,0,
60E0E500__vs__60E1C500_N3J6EB,60E0E500,60E1C500_N3J6EB,0x7c273,0x7c274,1,cal_data,cal_data:1,,0,
60E0E500__vs__60E1C500_N3J6EB,60E0E500,60E1C500_N3J6EB,0x7fb00,0x7fb08,8,tail,tail:8,,0,
60E0E500__vs__60E1C500_N3J6EB,60E0E500,60E1C500_N3J6EB,0x7fb88,0x7fb8c,4,tail,tail:4,,0,
60E0E500__vs__60E1C500_N3J6EB,60E0E500,60E1C500_N3J6EB,0x7fc53,0x7fd50,253,tail,tail:253,,0,
60E0E500__vs__60E1C500_N3J6EB,60E0E500,60E1C500_N3J6EB,0x7fd77,0x7fdd0,89,tail,tail:89,,0,
60E0E500__vs__60E1C500_N3J6EB,60E0E500,60E1C500_N3J6EB,0x7fdf7,0x7fe00,9,tail,tail:9,,0,
60E0E500__vs__60E1C500_N3J6EB,60E0E500,60E1C500_N3J6EB,0x7fe27,0x7fe30,9,tail,tail:9,,0,
60E0E500__vs__60E1C500_N3J6EB,60E0E500,60E1C500_N3J6EB,0x7fe47,0x7fe50,9,tail,tail:9,,0,
60E0E500__vs__60E1C500_N3J6EB,60E0E500,60E1C500_N3J6EB,0x7fe67,0x7fe70,9,tail,tail:9,,0,
60E0E500__vs__60E1C500_N3J6EB,60E0E500,60E1C500_N3J6EB,0x7fe87,0x7fe90,9,tail,tail:9,,0,
60E0E500__vs__60E1C500_N3J6EB,60E0E500,60E1C500_N3J6EB,0x7ff07,0x7ff3c,53,tail,tail:53,,0,
60E0E500__vs__60E1C500_N3J6EB,60E0E500,60E1C500_N3J6EB,0x7ff47,0x7ff70,41,tail,tail:41,,0,
60E0E500__vs__60E1C500_N3J6EB,60E0E500,60E1C500_N3J6EB,0x7ffd7,0x7ffe0,9,tail,tail:9,,0,
60E0E500__vs__60E1C500_N3J6EB,60E0E500,60E1C500_N3J6EB,0x7fff4,0x7fffc,8,tail,tail:8,,0,
60E0E500__vs__60E1D400,60E0E500,60E1D400,0xffa,0x1008,14,header,header:14,0.0,0,
60E0E500__vs__60E1D400,60E0E500,60E1D400,0x1039,0x1302,713,header,header:713,0.028,0,
60E0E500__vs__60E1D400,60E0E500,60E1D400,0x130b,0x2006,3323,header,header:3317 code:6,0.041,0,
60E0E500__vs__60E1D400,60E0E500,60E1D400,0x2723,0x2724,1,code,code:1,0.0,0,
60E0E500__vs__60E1D400,60E0E500,60E1D400,0x273b,0x273c,1,code,code:1,0.0,0,
60E0E500__vs__60E1D400,60E0E500,60E1D400,0x2753,0x2754,1,code,code:1,0.0,0,
60E0E500__vs__60E1D400,60E0E500,60E1D400,0x276a,0x276c,2,code,code:2,0.0,0,
60E0E500__vs__60E1D400,60E0E500,60E1D400,0x2782,0x2784,2,code,code:2,0.0,0,
60E0E500__vs__60E1D400,60E0E500,60E1D400,0x279b,0x279c,1,code,code:1,0.0,0,
60E0E500__vs__60E1D400,60E0E500,60E1D400,0x27b3,0x27b4,1,code,code:1,0.0,0,
60E0E500__vs__60E1D400,60E0E500,60E1D400,0x27cb,0x27cc,1,code,code:1,0.0,0,
60E0E500__vs__60E1D400,60E0E500,60E1D400,0x27e3,0x27e4,1,code,code:1,0.0,0,
60E0E500__vs__60E1D400,60E0E500,60E1D400,0x27fb,0x27fc,1,code,code:1,0.0,0,
60E0E500__vs__60E1D400,60E0E500,60E1D400,0x2813,0x2814,1,code,code:1,0.0,0,
60E0E500__vs__60E1D400,60E0E500,60E1D400,0x282b,0x282c,1,code,code:1,0.0,0,
60E0E500__vs__60E1D400,60E0E500,60E1D400,0x2843,0x2844,1,code,code:1,0.0,0,
60E0E500__vs__60E1D400,60E0E500,60E1D400,0x285b,0x285c,1,code,code:1,0.0,0,
60E0E500__vs__60E1D400,60E0E500,60E1D400,0x2873,0x2874,1,code,code:1,0.0,0,
60E0E500__vs__60E1D400,60E0E500,60E1D400,0x288b,0x288c,1,code,code:1,0.0,0,
60E0E500__vs__60E1D400,60E0E500,60E1D400,0x28a3,0x28a4,1,code,code:1,0.0,0,
60E0E500__vs__60E1D400,60E0E500,60E1D400,0x28bb,0x28bc,1,code,code:1,0.0,0,
60E0E500__vs__60E1D400,60E0E500,60E1D400,0x28d3,0x28d4,1,code,code:1,0.0,0,
60E0E500__vs__60E1D400,60E0E500,60E1D400,0x28ea,0x28ec,2,code,code:2,0.0,0,
60E0E500__vs__60E1D400,60E0E500,60E1D400,0x2902,0x2904,2,code,code:2,0.0,0,
60E0E500__vs__60E1D400,60E0E500,60E1D400,0x291b,0x291c,1,code,code:1,0.0,0,
60E0E500__vs__60E1D400,60E0E500,60E1D400,0x2933,0x2934,1,code,code:1,0.0,0,
60E0E500__vs__60E1D400,60E0E500,60E1D400,0x294b,0x294c,1,code,code:1,0.0,0,
60E0E500__vs__60E1D400,60E0E500,60E1D400,0x2963,0x2964,1,code,code:1,0.0,0,
60E0E500__vs__60E1D400,60E0E500,60E1D400,0x297b,0x297c,1,code,code:1,0.0,0,
60E0E500__vs__60E1D400,60E0E500,60E1D400,0x2993,0x2994,1,code,code:1,0.0,0,
60E0E500__vs__60E1D400,60E0E500,60E1D400,0x29ab,0x29ac,1,code,code:1,0.0,0,
60E0E500__vs__60E1D400,60E0E500,60E1D400,0x29c3,0x29c4,1,code,code:1,0.0,0,
60E0E500__vs__60E1D400,60E0E500,60E1D400,0x29db,0x29dc,1,code,code:1,0.0,0,
60E0E500__vs__60E1D400,60E0E500,60E1D400,0x29f3,0x29f4,1,code,code:1,0.0,0,
60E0E500__vs__60E1D400,60E0E500,60E1D400,0x2a0b,0x2a0c,1,code,code:1,0.0,0,
60E0E500__vs__60E1D400,60E0E500,60E1D400,0x2a22,0x2a24,2,code,code:2,0.0,0,
60E0E500__vs__60E1D400,60E0E500,60E1D400,0x2a3a,0x2a3c,2,code,code:2,0.0,0,
60E0E500__vs__60E1D400,60E0E500,60E1D400,0x2a53,0x2a54,1,code,code:1,0.0,0,
60E0E500__vs__60E1D400,60E0E500,60E1D400,0x2a6b,0x2a6c,1,code,code:1,0.0,0,
60E0E500__vs__60E1D400,60E0E500,60E1D400,0x2a83,0x2a84,1,code,code:1,0.0,0,
60E0E500__vs__60E1D400,60E0E500,60E1D400,0x2a9b,0x2a9c,1,code,code:1,0.0,0,
60E0E500__vs__60E1D400,60E0E500,60E1D400,0x2ab3,0x2ab4,1,code,code:1,0.0,0,
60E0E500__vs__60E1D400,60E0E500,60E1D400,0x2acb,0x2acc,1,code,code:1,0.0,0,
60E0E500__vs__60E1D400,60E0E500,60E1D400,0x2ae3,0x2ae4,1,code,code:1,0.0,0,
60E0E500__vs__60E1D400,60E0E500,60E1D400,0x2afb,0x2afc,1,code,code:1,0.0,0,
60E0E500__vs__60E1D400,60E0E500,60E1D400,0x2b13,0x2b14,1,code,code:1,0.0,0,
60E0E500__vs__60E1D400,60E0E500,60E1D400,0x2b2b,0x2b2c,1,code,code:1,0.0,0,
60E0E500__vs__60E1D400,60E0E500,60E1D400,0x2b43,0x2b44,1,code,code:1,0.0,0,
60E0E500__vs__60E1D400,60E0E500,60E1D400,0x2b5b,0x2b5c,1,code,code:1,0.0,0,
60E0E500__vs__60E1D400,60E0E500,60E1D400,0x2b73,0x2b74,1,code,code:1,0.0,0,
60E0E500__vs__60E1D400,60E0E500,60E1D400,0x2b8b,0x2b8c,1,code,code:1,0.0,0,
60E0E500__vs__60E1D400,60E0E500,60E1D400,0x2ba3,0x2ba4,1,code,code:1,0.0,0,
60E0E500__vs__60E1D400,60E0E500,60E1D400,0x2bba,0x2bbc,2,code,code:2,0.0,0,
60E0E500__vs__60E1D400,60E0E500,60E1D400,0x2bd2,0x2bd4,2,code,code:2,0.0,0,
60E0E500__vs__60E1D400,60E0E500,60E1D400,0x2beb,0x2bec,1,code,code:1,0.0,0,
60E0E500__vs__60E1D400,60E0E500,60E1D400,0x2c03,0x2c04,1,code,code:1,0.0,0,
60E0E500__vs__60E1D400,60E0E500,60E1D400,0x2c1b,0x2c1c,1,code,code:1,0.0,0,
60E0E500__vs__60E1D400,60E0E500,60E1D400,0x2c33,0x2c34,1,code,code:1,0.0,0,
60E0E500__vs__60E1D400,60E0E500,60E1D400,0x2c4b,0x2c4c,1,code,code:1,0.0,0,
60E0E500__vs__60E1D400,60E0E500,60E1D400,0x2c63,0x2c64,1,code,code:1,0.0,0,
60E0E500__vs__60E1D400,60E0E500,60E1D400,0x2c7b,0x2c7c,1,code,code:1,0.0,0,
60E0E500__vs__60E1D400,60E0E500,60E1D400,0x2c93,0x2c94,1,code,code:1,0.0,0,
60E0E500__vs__60E1D400,60E0E500,60E1D400,0x2cab,0x2cac,1,code,code:1,0.0,0,
60E0E500__vs__60E1D400,60E0E500,60E1D400,0x2cc3,0x2cc4,1,code,code:1,0.0,0,
60E0E500__vs__60E1D400,60E0E500,60E1D400,0x2cdb,0x2cdc,1,code,code:1,0.0,0,
60E0E500__vs__60E1D400,60E0E500,60E1D400,0x2cf3,0x2cf4,1,code,code:1,0.0,0,
60E0E500__vs__60E1D400,60E0E500,60E1D400,0x2d0b,0x2d0c,1,code,code:1,0.0,0,
60E0E500__vs__60E1D400,60E0E500,60E1D400,0x2d22,0x2d24,2,code,code:2,0.0,0,
60E0E500__vs__60E1D400,60E0E500,60E1D400,0x2d3a,0x2d3c,2,code,code:2,0.0,0,
60E0E500__vs__60E1D400,60E0E500,60E1D400,0x2d53,0x2d54,1,code,code:1,0.0,0,
60E0E500__vs__60E1D400,60E0E500,60E1D400,0x2d6b,0x2d6c,1,code,code:1,0.0,0,
60E0E500__vs__60E1D400,60E0E500,60E1D400,0x2d83,0x2d84,1,code,code:1,0.0,0,
60E0E500__vs__60E1D400,60E0E500,60E1D400,0x2d9b,0x2d9c,1,code,code:1,0.0,0,
60E0E500__vs__60E1D400,60E0E500,60E1D400,0x2db3,0x2db4,1,code,code:1,0.0,0,
60E0E500__vs__60E1D400,60E0E500,60E1D400,0x2dcb,0x2dcc,1,code,code:1,0.0,0,
60E0E500__vs__60E1D400,60E0E500,60E1D400,0x2de3,0x2de4,1,code,code:1,0.0,0,
60E0E500__vs__60E1D400,60E0E500,60E1D400,0x2dfb,0x2dfc,1,code,code:1,0.0,0,
60E0E500__vs__60E1D400,60E0E500,60E1D400,0x2e13,0x2e14,1,code,code:1,0.0,0,
60E0E500__vs__60E1D400,60E0E500,60E1D400,0x2e2b,0x2e2c,1,code,code:1,0.0,0,
60E0E500__vs__60E1D400,60E0E500,60E1D400,0x2e42,0x2e44,2,code,code:2,0.0,0,
60E0E500__vs__60E1D400,60E0E500,60E1D400,0x2e5a,0x2e5c,2,code,code:2,0.0,0,
60E0E500__vs__60E1D400,60E0E500,60E1D400,0x2e73,0x2e74,1,code,code:1,0.0,0,
60E0E500__vs__60E1D400,60E0E500,60E1D400,0x2e8b,0x2e8c,1,code,code:1,0.0,0,
60E0E500__vs__60E1D400,60E0E500,60E1D400,0x2ea3,0x2ea4,1,code,code:1,0.0,0,
60E0E500__vs__60E1D400,60E0E500,60E1D400,0x2ebb,0x2ebc,1,code,code:1,0.0,0,
60E0E500__vs__60E1D400,60E0E500,60E1D400,0x2ed3,0x2ed4,1,code,code:1,0.0,0,
60E0E500__vs__60E1D400,60E0E500,60E1D400,0x2eeb,0x2eec,1,code,code:1,0.0,0,
60E0E500__vs__60E1D400,60E0E500,60E1D400,0x2f03,0x2f04,1,code,code:1,0.0,0,
60E0E500__vs__60E1D400,60E0E500,60E1D400,0x2f1b,0x2f1c,1,code,code:1,0.0,0,
60E0E500__vs__60E1D400,60E0E500,60E1D400,0x2f32,0x2f34,2,code,code:2,0.0,0,
60E0E500__vs__60E1D400,60E0E500,60E1D400,0x2f4b,0x2f4c,1,code,code:1,0.0,0,
60E0E500__vs__60E1D400,60E0E500,60E1D400,0x2f62,0x2f64,2,code,code:2,0.0,0,
60E0E500__vs__60E1D400,60E0E500,60E1D400,0x2f7b,0x2f7c,1,code,code:1,0.0,0,
60E0E500__vs__60E1D400,60E0E500,60E1D400,0x2f93,0x2f94,1,code,code:1,0.0,0,
60E0E500__vs__60E1D400,60E0E500,60E1D400,0x2fab,0x2fac,1,code,code:1,0.0,0,
60E0E500__vs__60E1D400,60E0E500,60E1D400,0x2fc3,0x2fc4,1,code,code:1,0.0,0,
60E0E500__vs__60E1D400,60E0E500,60E1D400,0x2fda,0x2fdc,2,code,code:2,0.0,0,
60E0E500__vs__60E1D400,60E0E500,60E1D400,0x2ff3,0x2ff4,1,code,code:1,0.0,0,
60E0E500__vs__60E1D400,60E0E500,60E1D400,0x300b,0x300c,1,code,code:1,0.0,0,
60E0E500__vs__60E1D400,60E0E500,60E1D400,0x3023,0x3024,1,code,code:1,0.0,0,
60E0E500__vs__60E1D400,60E0E500,60E1D400,0x303b,0x303c,1,code,code:1,0.0,0,
60E0E500__vs__60E1D400,60E0E500,60E1D400,0x3052,0x3054,2,code,code:2,0.0,0,
60E0E500__vs__60E1D400,60E0E500,60E1D400,0x306b,0x306c,1,code,code:1,0.0,0,
60E0E500__vs__60E1D400,60E0E500,60E1D400,0x3083,0x3084,1,code,code:1,0.0,0,
60E0E500__vs__60E1D400,60E0E500,60E1D400,0x309b,0x309c,1,code,code:1,0.0,0,
60E0E500__vs__60E1D400,60E0E500,60E1D400,0x30b3,0x30b4,1,code,code:1,0.0,0,
60E0E500__vs__60E1D400,60E0E500,60E1D400,0x30cb,0x30cc,1,code,code:1,0.0,0,
60E0E500__vs__60E1D400,60E0E500,60E1D400,0x30e3,0x30e4,1,code,code:1,0.0,0,
60E0E500__vs__60E1D400,60E0E500,60E1D400,0x30fb,0x30fc,1,code,code:1,0.0,0,
60E0E500__vs__60E1D400,60E0E500,60E1D400,0x3113,0x3114,1,code,code:1,0.0,0,
60E0E500__vs__60E1D400,60E0E500,60E1D400,0x312b,0x312c,1,code,code:1,0.0,0,
60E0E500__vs__60E1D400,60E0E500,60E1D400,0x3143,0x3144,1,code,code:1,0.0,0,
60E0E500__vs__60E1D400,60E0E500,60E1D400,0x315b,0x315c,1,code,code:1,0.0,0,
60E0E500__vs__60E1D400,60E0E500,60E1D400,0x3173,0x3174,1,code,code:1,0.0,0,
60E0E500__vs__60E1D400,60E0E500,60E1D400,0x318b,0x318c,1,code,code:1,0.0,0,
60E0E500__vs__60E1D400,60E0E500,60E1D400,0x31a3,0x31a4,1,code,code:1,0.0,0,
60E0E500__vs__60E1D400,60E0E500,60E1D400,0x31bb,0x31bc,1,code,code:1,0.0,0,
60E0E500__vs__60E1D400,60E0E500,60E1D400,0x31d3,0x31d4,1,code,code:1,0.0,0,
60E0E500__vs__60E1D400,60E0E500,60E1D400,0x31ea,0x31ec,2,code,code:2,0.0,0,
60E0E500__vs__60E1D400,60E0E500,60E1D400,0x3203,0x3204,1,code,code:1,0.0,0,
60E0E500__vs__60E1D400,60E0E500,60E1D400,0x321a,0x321c,2,code,code:2,0.0,0,
60E0E500__vs__60E1D400,60E0E500,60E1D400,0x3233,0x3234,1,code,code:1,0.0,0,
60E0E500__vs__60E1D400,60E0E500,60E1D400,0x327a,0x327c,2,code,code:2,0.0,0,
60E0E500__vs__60E1D400,60E0E500,60E1D400,0x32ee,0x32f0,2,code,code:2,0.0,0,
60E0E500__vs__60E1D400,60E0E500,60E1D400,0x338a,0x338c,2,code,code:2,0.0,0,
60E0E500__vs__60E1D400,60E0E500,60E1D400,0x33b6,0x33b8,2,code,code:2,0.0,0,
60E0E500__vs__60E1D400,60E0E500,60E1D400,0x347a,0x3490,22,code,code:22,0.0,0,
60E0E500__vs__60E1D400,60E0E500,60E1D400,0x3572,0x3578,6,code,code:6,0.0,0,
60E0E500__vs__60E1D400,60E0E500,60E1D400,0x3676,0x3678,2,code,code:2,0.0,0,
60E0E500__vs__60E1D400,60E0E500,60E1D400,0x36a2,0x36a4,2,code,code:2,0.0,0,
60E0E500__vs__60E1D400,60E0E500,60E1D400,0x375a,0x375c,2,code,code:2,0.0,0,
60E0E500__vs__60E1D400,60E0E500,60E1D400,0x3902,0x3904,2,code,code:2,0.0,0,
60E0E500__vs__60E1D400,60E0E500,60E1D400,0x394e,0x3950,2,code,code:2,0.0,0,
60E0E500__vs__60E1D400,60E0E500,60E1D400,0x3962,0x3964,2,code,code:2,0.0,0,
60E0E500__vs__60E1D400,60E0E500,60E1D400,0x3aae,0x3ab4,6,code,code:6,0.0,0,
60E0E500__vs__60E1D400,60E0E500,60E1D400,0x3ad6,0x3ad8,2,code,code:2,0.0,0,
60E0E500__vs__60E1D400,60E0E500,60E1D400,0x3b22,0x3b28,6,code,code:6,0.0,0,
60E0E500__vs__60E1D400,60E0E500,60E1D400,0x3d46,0x3d48,2,code,code:2,0.0,0,
60E0E500__vs__60E1D400,60E0E500,60E1D400,0x3d9a,0x3d9c,2,code,code:2,0.0,0,
60E0E500__vs__60E1D400,60E0E500,60E1D400,0x3e02,0x3e04,2,code,code:2,0.0,0,
60E0E500__vs__60E1D400,60E0E500,60E1D400,0x3e82,0x3e84,2,code,code:2,0.0,0,
60E0E500__vs__60E1D400,60E0E500,60E1D400,0x3f9a,0x3f9c,2,code,code:2,0.0,0,
60E0E500__vs__60E1D400,60E0E500,60E1D400,0x3fa6,0x3fa8,2,code,code:2,0.0,0,
60E0E500__vs__60E1D400,60E0E500,60E1D400,0x3fe6,0x3fe8,2,code,code:2,0.0,0,
60E0E500__vs__60E1D400,60E0E500,60E1D400,0x4096,0x4098,2,code,code:2,0.0,0,
60E0E500__vs__60E1D400,60E0E500,60E1D400,0x413e,0x4140,2,code,code:2,0.0,0,
60E0E500__vs__60E1D400,60E0E500,60E1D400,0x4206,0x4208,2,code,code:2,0.0,0,
60E0E500__vs__60E1D400,60E0E500,60E1D400,0x473e,0x4740,2,code,code:2,0.0,0,
60E0E500__vs__60E1D400,60E0E500,60E1D400,0x493a,0x493c,2,code,code:2,0.0,0,
60E0E500__vs__60E1D400,60E0E500,60E1D400,0x4996,0x499c,6,code,code:6,0.0,0,
60E0E500__vs__60E1D400,60E0E500,60E1D400,0x49a6,0x49ad,7,code,code:7,0.0,0,
60E0E500__vs__60E1D400,60E0E500,60E1D400,0x49b6,0x49bd,7,code,code:7,0.0,0,
60E0E500__vs__60E1D400,60E0E500,60E1D400,0x49c6,0x49cd,7,code,code:7,0.0,0,
60E0E500__vs__60E1D400,60E0E500,60E1D400,0x49d6,0x49dd,7,code,code:7,0.0,0,
60E0E500__vs__60E1D400,60E0E500,60E1D400,0x49e6,0x49ec,6,code,code:6,0.0,0,
60E0E500__vs__60E1D400,60E0E500,60E1D400,0x49f6,0x49fc,6,code,code:6,0.0,0,
60E0E500__vs__60E1D400,60E0E500,60E1D400,0x4a06,0x4a0c,6,code,code:6,0.0,0,
60E0E500__vs__60E1D400,60E0E500,60E1D400,0x4a16,0x4a1c,6,code,code:6,0.0,0,
60E0E500__vs__60E1D400,60E0E500,60E1D400,0x4a26,0x4a2c,6,code,code:6,0.0,0,
60E0E500__vs__60E1D400,60E0E500,60E1D400,0x4a36,0x4a3c,6,code,code:6,0.0,0,
60E0E500__vs__60E1D400,60E0E500,60E1D400,0x4a46,0x4a4c,6,code,code:6,0.0,0,
60E0E500__vs__60E1D400,60E0E500,60E1D400,0x4a56,0x4a5c,6,code,code:6,0.0,0,
60E0E500__vs__60E1D400,60E0E500,60E1D400,0x4a66,0x4a6c,6,code,code:6,0.0,0,
60E0E500__vs__60E1D400,60E0E500,60E1D400,0x4a76,0x4a7c,6,code,code:6,0.0,0,
60E0E500__vs__60E1D400,60E0E500,60E1D400,0x4a86,0x4a8c,6,code,code:6,0.0,0,
60E0E500__vs__60E1D400,60E0E500,60E1D400,0x4a96,0x4a9c,6,code,code:6,0.0,0,
60E0E500__vs__60E1D400,60E0E500,60E1D400,0x4aa6,0x4aac,6,code,code:6,0.0,0,
60E0E500__vs__60E1D400,60E0E500,60E1D400,0x4ab6,0x4abc,6,code,code:6,0.0,0,
60E0E500__vs__60E1D400,60E0E500,60E1D400,0x4aca,0x4aec,34,code,code:34,0.0,0,
60E0E500__vs__60E1D400,60E0E500,60E1D400,0x4b0e,0x4b10,2,code,code:2,0.0,0,
60E0E500__vs__60E1D400,60E0E500,60E1D400,0x4c87,0x52b8,1585,code,code:1585,0.01,0,
60E0E500__vs__60E1D400,60E0E500,60E1D400,0x52c3,0x52c4,1,code,code:1,0.0,0,
60E0E500__vs__60E1D400,60E0E500,60E1D400,0x52cc,0x8214,12104,code,code:12104,0.03,0,
60E0E500__vs__60E1D400,60E0E500,60E1D400,0x8224,0x829a,118,code,code:118,0.008,0,
60E0E500__vs__60E1D400,60E0E500,60E1D400,0x82aa,0x39c86,203228,code,code:203228,0.037,0,
60E0E500__vs__60E1D400,60E0E500,60E1D400,0x39c95,0x40300,26219,code,code:26219,0.018,0,
60E0E500__vs__60E1D400,60E0E500,60E1D400,0x4030b,0x4030e,3,code,code:3,0.0,0,
60E0E500__vs__60E1D400,60E0E500,60E1D400,0x4031d,0x40324,7,code,code:7,0.0,0,
60E0E500__vs__60E1D400,60E0E500,60E1D400,0x40333,0x481cf,32412,code,code:32412,0.04,0,
60E0E500__vs__60E1D400,60E0E500,60E1D400,0x481da,0x48532,856,code,code:856,0.005,0,
60E0E500__vs__60E1D400,60E0E500,60E1D400,0x4853b,0x48542,7,code,code:7,0.0,0,
60E0E500__vs__60E1D400,60E0E500,60E1D400,0x48550,0x4e520,24528,code,code:24528,0.036,0,
60E0E500__vs__60E1D400,60E0E500,60E1D400,0x4e529,0x54f08,27103,code,code:27103,0.022,0,
60E0E500__vs__60E1D400,60E0E500,60E1D400,0x54f10,0x6217f,53871,code,code:53871,0.033,0,
60E0E500__vs__60E1D400,60E0E500,60E1D400,0x6218a,0x6aa69,35039,code,code:35039,0.016,0,
60E0E500__vs__60E1D400,60E0E500,60E1D400,0x6aa71,0x6c270,6143,code,code:6143,0.989,0,
60E0E500__vs__60E1D400,60E0E500,60E1D400,0x6c600,0x6c661,97,padding,padding:97,0.0,0,
60E0E500__vs__60E1D400,60E0E500,60E1D400,0x6c6e0,0x702b0,15312,cal_data,cal_data:13238 padding:1824 cal_table:250,0.012,250,Barometric Pressure Sensor Max ADC Count; Barometric Pressure Sensor Min ADC Count; CLT Sensor Scaling; Cold Rev Limit; Cold Rev Limit Threshold; IAT Sensor Scaling; Idle Related; Idle Target; ...
60E0E500__vs__60E1D400,60E0E500,60E1D400,0x702cc,0x71552,4742,cal_data,cal_data:4683 cal_table:59,0.019,59,Table 2D - 302 Check DataType; Table 2D - 303 Check DataType; Table 2D - 304 Check DataType; Table 2D - 305 Check DataType; Table 2D - 306 Check DataType; Table 2D - 307 Check DataType; Table 2D - 308 Check DataType; Table 2D - 309 Check DataType; ...
60E0E500__vs__60E1D400,60E0E500,60E1D400,0x7155c,0x719a2,1094,cal_data,cal_data:1060 cal_table:34,0.001,34,Table 2D - 312 Check DataType; Table 2D - 313 Check DataType; Table 2D - 314 Check DataType; Table 2D - 315 Check DataType; Table 2D - 70_; Table 2D - 71_; Table 2D - 72_; Table 2D - 73_; ...
60E0E500__vs__60E1D400,60E0E500,60E1D400,0x719ab,0x72f83,5592,cal_data,cal_data:5469 cal_table:123,0.016,123,Fuelling - Safe Mode; Fuelling 0; Fuelling 1; Fuelling 10 - Safe Mode; Fuelling 11; Fuelling 12; Fuelling 13 - Safe Mode; Fuelling 14 - Safe mode; ...
60E0E500__vs__60E1D400,60E0E500,60E1D400,0x72f91,0x795a7,26134,cal_data,cal_data:25767 cal_table:367,0.015,367,Accel Pedal to Throttle Position #1; Accel Pedal to Throttle Position #2; Accel Pedal to Throttle Position #3; Accel Pedal to Throttle Position #4; Auxillary Valve Close; Engine Load Compensation; Estimated Manifold Pressure; Injector Latency Primary; ...
60E0E500__vs__60E1D400,60E0E500,60E1D400,0x795af,0x795b4,5,cal_data,cal_data:5,0.0,0,
60E0E500__vs__60E1D400,60E0E500,60E1D400,0x795bf,0x795c4,5,cal_data,cal_data:5,0.0,0,
60E0E500__vs__60E1D400,60E0E500,60E1D400,0x795ce,0x7c266,11416,cal_data,cal_data:11179 cal_table:237,0.025,237,AirFlow Inj Angle Related; Airflow Or Load Related; Barometric Pressure Sensor Max Voltage; Barometric Pressure Sensor Min Voltage; Barometric Pressure Sensor Offset; Barometric Pressure Sensor Slope; Injection Angle; Injection Angle Related AFR Input; ...
60E0E500__vs__60E1D400,60E0E500,60E1D400,0x7c26f,0x7debf,7248,cal_data,cal_data:6150 tail:960 cal_table:138,0.309,138,Ignition Dwell Time_; Load Limit C; Table 2D - 235_; Table 2D - 236_; Table 2D - 237_; Table 2D - 238_; Table 2D - 239_; Table 2D - 240_; ...
60E0E500__vs__60E1D400,60E0E500,60E1D400,0x7ded2,0x7e1fa,808,tail,tail:808,1.0,0,
60E0E500__vs__60E1D400,60E0E500,60E1D400,0x7e220,0x7f308,4328,tail,tail:4328,0.937,0,
60E0E500__vs__60E1D400,60E0E500,60E1D400,0x7fb00,0x7fb08,8,tail,tail:8,0.0,0,
60E0E500__vs__60E1D400,60E0E500,60E1D400,0x7fb88,0x7fb8c,4,tail,tail:4,0.0,0,
60E0E500__vs__60E1D400,60E0E500,60E1D400,0x7fc53,0x7fd50,253,tail,tail:253,0.0,0,
60E0E500__vs__60E1D400,60E0E500,60E1D400,0x7fd77,0x7fdd0,89,tail,tail:89,0.0,0,
60E0E500__vs__60E1D400,60E0E500,60E1D400,0x7fdf7,0x7fe00,9,tail,tail:9,0.0,0,
60E0E500__vs__60E1D400,60E0E500,60E1D400,0x7fe27,0x7fe30,9,tail,tail:9,0.0,0,
60E0E500__vs__60E1D400,60E0E500,60E1D400,0x7fe47,0x7fe50,9,tail,tail:9,0.0,0,
60E0E500__vs__60E1D400,60E0E500,60E1D400,0x7fe67,0x7fe70,9,tail,tail:9,0.0,0,
60E0E500__vs__60E1D400,60E0E500,60E1D400,0x7fe87,0x7fe90,9,tail,tail:9,0.0,0,
60E0E500__vs__60E1D400,60E0E500,60E1D400,0x7ff07,0x7ff3c,53,tail,tail:53,0.0,0,
60E0E500__vs__60E1D400,60E0E500,60E1D400,0x7ff47,0x7ff70,41,tail,tail:41,0.0,0,
60E0E500__vs__60E1D400,60E0E500,60E1D400,0x7ffd7,0x7ffe0,9,tail,tail:9,0.0,0,
60E0E500__vs__60E1D400,60E0E500,60E1D400,0x7fff4,0x7fffc,8,tail,tail:8,0.0,0,
60E0E500__vs__60E32000_N3M5E,60E0E500,60E32000_N3M5E,0xffa,0x1008,14,header,header:14,,0,
60E0E500__vs__60E32000_N3M5E,60E0E500,60E32000_N3M5E,0x1039,0x1302,713,header,header:713,,0,
60E0E500__vs__60E32000_N3M5E,60E0E500,60E32000_N3M5E,0x130b,0x2006,3323,header,header:3317 code:6,,0,
60E0E500__vs__60E32000_N3M5E,60E0E500,60E32000_N3M5E,0x2020,0x2023,3,code,code:3,,0,
60E0E500__vs__60E32000_N3M5E,60E0E500,60E32000_N3M5E,0x2723,0x2724,1,code,code:1,,0,
60E0E500__vs__60E32000_N3M5E,60E0E500,60E32000_N3M5E,0x273b,0x273c,1,code,code:1,,0,
60E0E500__vs__60E32000_N3M5E,60E0E500,60E32000_N3M5E,0x2753,0x2754,1,code,code:1,,0,
60E0E500__vs__60E32000_N3M5E,60E0E500,60E32000_N3M5E,0x276a,0x276c,2,code,code:2,,0,
60E0E500__vs__60E32000_N3M5E,60E0E500,60E32000_N3M5E,0x2782,0x2784,2,code,code:2,,0,
60E0E500__vs__60E32000_N3M5E,60E0E500,60E32000_N3M5E,0x279b,0x279c,1,code,code:1,,0,
60E0E500__vs__60E32000_N3M5E,60E0E500,60E32000_N3M5E,0x27b3,0x27b4,1,code,code:1,,0,
60E0E500__vs__60E32000_N3M5E,60E0E500,60E32000_N3M5E,0x27cb,0x27cc,1,code,code:1,,0,
60E0E500__vs__60E32000_N3M5E,60E0E500,60E32000_N3M5E,0x27e3,0x27e4,1,code,code:1,,0,
60E0E500__vs__60E32000_N3M5E,60E0E500,60E32000_N3M5E,0x27fb,0x27fc,1,code,code:1,,0,
60E0E500__vs__60E32000_N3M5E,60E0E500,60E32000_N3M5E,0x2813,0x2814,1,code,code:1,,0,
60E0E500__vs__60E32000_N3M5E,60E0E500,60E32000_N3M5E,0x282b,0x282c,1,code,code:1,,0,
60E0E500__vs__60E32000_N3M5E,60E0E500,60E32000_N3M5E,0x2843,0x2844,1,code,code:1,,0,
60E0E500__vs__60E32000_N3M5E,60E0E500,60E32000_N3M5E,0x285b,0x285c,1,code,code:1,,0,
60E0E500__vs__60E32000_N3M5E,60E0E500,60E32000_N3M5E,0x2873,0x2874,1,code,code:1,,0,
60E0E500__vs__60E32000_N3M5E,60E0E500,60E32000_N3M5E,0x288b,0x288c,1,code,code:1,,0,
60E0E500__vs__60E32000_N3M5E,60E0E500,60E32000_N3M5E,0x28a3,0x28a4,1,code,code:1,,0,
60E0E500__vs__60E32000_N3M5E,60E0E500,60E32000_N3M5E,0x28bb,0x28bc,1,code,code:1,,0,
60E0E500__vs__60E32000_N3M5E,60E0E500,60E32000_N3M5E,0x28d3,0x28d4,1,code,code:1,,0,
60E0E500__vs__60E32000_N3M5E,60E0E500,60E32000_N3M5E,0x28ea,0x28ec,2,code,code:2,,0,
60E0E500__vs__60E32000_N3M5E,60E0E500,60E32000_N3M5E,0x2902,0x2904,2,code,code:2,,0,
60E0E500__vs__60E32000_N3M5E,60E0E500,60E32000_N3M5E,0x291b,0x291c,1,code,code:1,,0,
60E0E500__vs__60E32000_N3M5E,60E0E500,60E32000_N3M5E,0x2933,0x2934,1,code,code:1,,0,
60E0E500__vs__60E32000_N3M5E,60E0E500,60E32000_N3M5E,0x294b,0x294c,1,code,code:1,,0,
60E0E500__vs__60E32000_N3M5E,60E0E500,60E32000_N3M5E,0x2963,0x2964,1,code,code:1,,0,
60E0E500__vs__60E32000_N3M5E,60E0E500,60E32000_N3M5E,0x297b,0x297c,1,code,code:1,,0,
60E0E500__vs__60E32000_N3M5E,60E0E500,60E32000_N3M5E,0x2993,0x2994,1,code,code:1,,0,
60E0E500__vs__60E32000_N3M5E,60E0E500,60E32000_N3M5E,0x29ab,0x29ac,1,code,code:1,,0,
60E0E500__vs__60E32000_N3M5E,60E0E500,60E32000_N3M5E,0x29c3,0x29c4,1,code,code:1,,0,
60E0E500__vs__60E32000_N3M5E,60E0E500,60E32000_N3M5E,0x29db,0x29dc,1,code,code:1,,0,
60E0E500__vs__60E32000_N3M5E,60E0E500,60E32000_N3M5E,0x29f3,0x29f4,1,code,code:1,,0,
60E0E500__vs__60E32000_N3M5E,60E0E500,60E32000_N3M5E,0x2a0b,0x2a0c,1,code,code:1,,0,
60E0E500__vs__60E32000_N3M5E,60E0E500,60E32000_N3M5E,0x2a22,0x2a24,2,code,code:2,,0,
60E0E500__vs__60E32000_N3M5E,60E0E500,60E32000_N3M5E,0x2a3a,0x2a3c,2,code,code:2,,0,
60E0E500__vs__60E32000_N3M5E,60E0E500,60E32000_N3M5E,0x2a53,0x2a54,1,code,code:1,,0,
60E0E500__vs__60E32000_N3M5E,60E0E500,60E32000_N3M5E,0x2a6b,0x2a6c,1,code,code:1,,0,
60E0E500__vs__60E32000_N3M5E,60E0E500,60E32000_N3M5E,0x2a83,0x2a84,1,code,code:1,,0,
60E0E500__vs__60E32000_N3M5E,60E0E500,60E32000_N3M5E,0x2a9b,0x2a9c,1,code,code:1,,0,
60E0E500__vs__60E32000_N3M5E,60E0E500,60E32000_N3M5E,0x2ab3,0x2ab4,1,code,code:1,,0,
60E0E500__vs__60E32000_N3M5E,60E0E500,60E32000_N3M5E,0x2acb,0x2acc,1,code,code:1,,0,
60E0E500__vs__60E32000_N3M5E,60E0E500,60E32000_N3M5E,0x2ae3,0x2ae4,1,code,code:1,,0,
60E0E500__vs__60E32000_N3M5E,60E0E500,60E32000_N3M5E,0x2afb,0x2afc,1,code,code:1,,0,
60E0E500__vs__60E32000_N3M5E,60E0E500,60E32000_N3M5E,0x2b13,0x2b14,1,code,code:1,,0,
60E0E500__vs__60E32000_N3M5E,60E0E500,60E32000_N3M5E,0x2b2b,0x2b2c,1,code,code:1,,0,
60E0E500__vs__60E32000_N3M5E,60E0E500,60E32000_N3M5E,0x2b43,0x2b44,1,code,code:1,,0,
60E0E500__vs__60E32000_N3M5E,60E0E500,60E32000_N3M5E,0x2b5b,0x2b5c,1,code,code:1,,0,
60E0E500__vs__60E32000_N3M5E,60E0E500,60E32000_N3M5E,0x2b73,0x2b74,1,code,code:1,,0,
60E0E500__vs__60E32000_N3M5E,60E0E500,60E32000_N3M5E,0x2b8b,0x2b8c,1,code,code:1,,0,
60E0E500__vs__60E32000_N3M5E,60E0E500,60E32000_N3M5E,0x2ba3,0x2ba4,1,code,code:1,,0,
60E0E500__vs__60E32000_N3M5E,60E0E500,60E32000_N3M5E,0x2bba,0x2bbc,2,code,code:2,,0,
60E0E500__vs__60E32000_N3M5E,60E0E500,60E32000_N3M5E,0x2bd2,0x2bd4,2,code,code:2,,0,
60E0E500__vs__60E32000_N3M5E,60E0E500,60E32000_N3M5E,0x2beb,0x2bec,1,code,code:1,,0,
60E0E500__vs__60E32000_N3M5E,60E0E500,60E32000_N3M5E,0x2c03,0x2c04,1,code,code:1,,0,
60E0E500__vs__60E32000_N3M5E,60E0E500,60E32000_N3M5E,0x2c1b,0x2c1c,1,code,code:1,,0,
60E0E500__vs__60E32000_N3M5E,60E0E500,60E32000_N3M5E,0x2c33,0x2c34,1,code,code:1,,0,
60E0E500__vs__60E32000_N3M5E,60E0E500,60E32000_N3M5E,0x2c4b,0x2c4c,1,code,code:1,,0,
60E0E500__vs__60E32000_N3M5E,60E0E500,60E32000_N3M5E,0x2c63,0x2c64,1,code,code:1,,0,
60E0E500__vs__60E32000_N3M5E,60E0E500,60E32000_N3M5E,0x2c7b,0x2c7c,1,code,code:1,,0,
60E0E500__vs__60E32000_N3M5E,60E0E500,60E32000_N3M5E,0x2c93,0x2c94,1,code,code:1,,0,
60E0E500__vs__60E32000_N3M5E,60E0E500,60E32000_N3M5E,0x2cab,0x2cac,1,code,code:1,,0,
60E0E500__vs__60E32000_N3M5E,60E0E500,60E32000_N3M5E,0x2cc3,0x2cc4,1,code,code:1,,0,
60E0E500__vs__60E32000_N3M5E,60E0E500,60E32000_N3M5E,0x2cdb,0x2cdc,1,code,code:1,,0,
60E0E500__vs__60E32000_N3M5E,60E0E500,60E32000_N3M5E,0x2cf3,0x2cf4,1,code,code:1,,0,
60E0E500__vs__60E32000_N3M5E,60E0E500,60E32000_N3M5E,0x2d0b,0x2d0c,1,code,code:1,,0,
60E0E500__vs__60E32000_N3M5E,60E0E500,60E32000_N3M5E,0x2d22,0x2d24,2,code,code:2,,0,
60E0E500__vs__60E32000_N3M5E,60E0E500,60E32000_N3M5E,0x2d3a,0x2d3c,2,code,code:2,,0,
60E0E500__vs__60E32000_N3M5E,60E0E500,60E32000_N3M5E,0x2d53,0x2d54,1,code,code:1,,0,
60E0E500__vs__60E32000_N3M5E,60E0E500,60E32000_N3M5E,0x2d6b,0x2d6c,1,code,code:1,,0,
60E0E500__vs__60E32000_N3M5E,60E0E500,60E32000_N3M5E,0x2d83,0x2d84,1,code,code:1,,0,
60E0E500__vs__60E32000_N3M5E,60E0E500,60E32000_N3M5E,0x2d9b,0x2d9c,1,code,code:1,,0,
60E0E500__vs__60E32000_N3M5E,60E0E500,60E32000_N3M5E,0x2db3,0x2db4,1,code,code:1,,0,
60E0E500__vs__60E32000_N3M5E,60E0E500,60E32000_N3M5E,0x2dcb,0x2dcc,1,code,code:1,,0,
60E0E500__vs__60E32000_N3M5E,60E0E500,60E32000_N3M5E,0x2de3,0x2de4,1,code,code:1,,0,
60E0E500__vs__60E32000_N3M5E,60E0E500,60E32000_N3M5E,0x2dfb,0x2dfc,1,code,code:1,,0,
60E0E500__vs__60E32000_N3M5E,60E0E500,60E32000_N3M5E,0x2e13,0x2e14,1,code,code:1,,0,
60E0E500__vs__60E32000_N3M5E,60E0E500,60E32000_N3M5E,0x2e2b,0x2e2c,1,code,code:1,,0,
60E0E500__vs__60E32000_N3M5E,60E0E500,60E32000_N3M5E,0x2e42,0x2e44,2,code,code:2,,0,
60E0E500__vs__60E32000_N3M5E,60E0E500,60E32000_N3M5E,0x2e5a,0x2e5c,2,code,code:2,,0,
60E0E500__vs__60E32000_N3M5E,60E0E500,60E32000_N3M5E,0x2e73,0x2e74,1,code,code:1,,0,
60E0E500__vs__60E32000_N3M5E,60E0E500,60E32000_N3M5E,0x2e8b,0x2e8c,1,code,code:1,,0,
60E0E500__vs__60E32000_N3M5E,60E0E500,60E32000_N3M5E,0x2ea3,0x2ea4,1,code,code:1,,0,
60E0E500__vs__60E32000_N3M5E,60E0E500,60E32000_N3M5E,0x2ebb,0x2ebc,1,code,code:1,,0,
60E0E500__vs__60E32000_N3M5E,60E0E500,60E32000_N3M5E,0x2ed3,0x2ed4,1,code,code:1,,0,
60E0E500__vs__60E32000_N3M5E,60E0E500,60E32000_N3M5E,0x2eeb,0x2eec,1,code,code:1,,0,
60E0E500__vs__60E32000_N3M5E,60E0E500,60E32000_N3M5E,0x2f03,0x2f04,1,code,code:1,,0,
60E0E500__vs__60E32000_N3M5E,60E0E500,60E32000_N3M5E,0x2f1b,0x2f1c,1,code,code:1,,0,
60E0E500__vs__60E32000_N3M5E,60E0E500,60E32000_N3M5E,0x2f32,0x2f34,2,code,code:2,,0,
60E0E500__vs__60E32000_N3M5E,60E0E500,60E32000_N3M5E,0x2f4b,0x2f4c,1,code,code:1,,0,
60E0E500__vs__60E32000_N3M5E,60E0E500,60E32000_N3M5E,0x2f62,0x2f64,2,code,code:2,,0,
60E0E500__vs__60E32000_N3M5E,60E0E500,60E32000_N3M5E,0x2f7b,0x2f7c,1,code,code:1,,0,
60E0E500__vs__60E32000_N3M5E,60E0E500,60E32000_N3M5E,0x2f93,0x2f94,1,code,code:1,,0,
60E0E500__vs__60E32000_N3M5E,60E0E500,60E32000_N3M5E,0x2fab,0x2fac,1,code,code:1,,0,
60E0E500__vs__60E32000_N3M5E,60E0E500,60E32000_N3M5E,0x2fc3,0x2fc4,1,code,code:1,,0,
60E0E500__vs__60E32000_N3M5E,60E0E500,60E32000_N3M5E,0x2fda,0x2fdc,2,code,code:2,,0,
60E0E500__vs__60E32000_N3M5E,60E0E500,60E32000_N3M5E,0x2ff3,0x2ff4,1,code,code:1,,0,
60E0E500__vs__60E32000_N3M5E,60E0E500,60E32000_N3M5E,0x300b,0x300c,1,code,code:1,,0,
60E0E500__vs__60E32000_N3M5E,60E0E500,60E32000_N3M5E,0x3023,0x3024,1,code,code:1,,0,
60E0E500__vs__60E32000_N3M5E,60E0E500,60E32000_N3M5E,0x303b,0x303c,1,code,code:1,,0,
60E0E500__vs__60E32000_N3M5E,60E0E500,60E32000_N3M5E,0x3052,0x3054,2,code,code:2,,0,
60E0E500__vs__60E32000_N3M5E,60E0E500,60E32000_N3M5E,0x306b,0x306c,1,code,code:1,,0,
60E0E500__vs__60E32000_N3M5E,60E0E500,60E32000_N3M5E,0x3083,0x3084,1,code,code:1,,0,
60E0E500__vs__60E32000_N3M5E,60E0E500,60E32000_N3M5E,0x309b,0x309c,1,code,code:1,,0,
60E0E500__vs__60E32000_N3M5E,60E0E500,60E32000_N3M5E,0x30b3,0x30b4,1,code,code:1,,0,
60E0E500__vs__60E32000_N3M5E,60E0E500,60E32000_N3M5E,0x30cb,0x30cc,1,code,code:1,,0,
60E0E500__vs__60E32000_N3M5E,60E0E500,60E32000_N3M5E,0x30e3,0x30e4,1,code,code:1,,0,
60E0E500__vs__60E32000_N3M5E,60E0E500,60E32000_N3M5E,0x30fb,0x30fc,1,code,code:1,,0,
60E0E500__vs__60E32000_N3M5E,60E0E500,60E32000_N3M5E,0x3113,0x3114,1,code,code:1,,0,
60E0E500__vs__60E32000_N3M5E,60E0E500,60E32000_N3M5E,0x312b,0x312c,1,code,code:1,,0,
60E0E500__vs__60E32000_N3M5E,60E0E500,60E32000_N3M5E,0x3143,0x3144,1,code,code:1,,0,
60E0E500__vs__60E32000_N3M5E,60E0E500,60E32000_N3M5E,0x315b,0x315c,1,code,code:1,,0,
60E0E500__vs__60E32000_N3M5E,60E0E500,60E32000_N3M5E,0x3173,0x3174,1,code,code:1,,0,
60E0E500__vs__60E32000_N3M5E,60E0E500,60E32000_N3M5E,0x318b,0x318c,1,code,code:1,,0,
60E0E500__vs__60E32000_N3M5E,60E0E500,60E32000_N3M5E,0x31a3,0x31a4,1,code,code:1,,0,
60E0E500__vs__60E32000_N3M5E,60E0E500,60E32000_N3M5E,0x31bb,0x31bc,1,code,code:1,,0,
60E0E500__vs__60E32000_N3M5E,60E0E500,60E32000_N3M5E,0x31d3,0x31d4,1,code,code:1,,0,
60E0E500__vs__60E32000_N3M5E,60E0E500,60E32000_N3M5E,0x31ea,0x31ec,2,code,code:2,,0,
60E0E500__vs__60E32000_N3M5E,60E0E500,60E32000_N3M5E,0x3203,0x3204,1,code,code:1,,0,
60E0E500__vs__60E32000_N3M5E,60E0E500,60E32000_N3M5E,0x321a,0x321c,2,code,code:2,,0,
60E0E500__vs__60E32000_N3M5E,60E0E500,60E32000_N3M5E,0x3233,0x3234,1,code,code:1,,0,
60E0E500__vs__60E32000_N3M5E,60E0E500,60E32000_N3M5E,0x327a,0x327c,2,code,code:2,,0,
60E0E500__vs__60E32000_N3M5E,60E0E500,60E32000_N3M5E,0x32ee,0x32f0,2,code,code:2,,0,
60E0E500__vs__60E32000_N3M5E,60E0E500,60E32000_N3M5E,0x338a,0x338c,2,code,code:2,,0,
60E0E500__vs__60E32000_N3M5E,60E0E500,60E32000_N3M5E,0x33b6,0x33b8,2,code,code:2,,0,
60E0E500__vs__60E32000_N3M5E,60E0E500,60E32000_N3M5E,0x347a,0x3490,22,code,code:22,,0,
60E0E500__vs__60E32000_N3M5E,60E0E500,60E32000_N3M5E,0x3572,0x3578,6,code,code:6,,0,
60E0E500__vs__60E32000_N3M5E,60E0E500,60E32000_N3M5E,0x3676,0x3678,2,code,code:2,,0,
60E0E500__vs__60E32000_N3M5E,60E0E500,60E32000_N3M5E,0x36a2,0x36a4,2,code,code:2,,0,
60E0E500__vs__60E32000_N3M5E,60E0E500,60E32000_N3M5E,0x375a,0x375c,2,code,code:2,,0,
60E0E500__vs__60E32000_N3M5E,60E0E500,60E32000_N3M5E,0x3902,0x3904,2,code,code:2,,0,
60E0E500__vs__60E32000_N3M5E,60E0E500,60E32000_N3M5E,0x394e,0x3950,2,code,code:2,,0,
60E0E500__vs__60E32000_N3M5E,60E0E500,60E32000_N3M5E,0x3962,0x3964,2,code,code:2,,0,
60E0E500__vs__60E32000_N3M5E,60E0E500,60E32000_N3M5E,0x3aae,0x3ab4,6,code,code:6,,0,
60E0E500__vs__60E32000_N3M5E,60E0E500,60E32000_N3M5E,0x3ad6,0x3ad8,2,code,code:2,,0,
60E0E500__vs__60E32000_N3M5E,60E0E500,60E32000_N3M5E,0x3b22,0x3b28,6,code,code:6,,0,
60E0E500__vs__60E32000_N3M5E,60E0E500,60E32000_N3M5E,0x3d46,0x3d48,2,code,code:2,,0,
60E0E500__vs__60E32000_N3M5E,60E0E500,60E32000_N3M5E,0x3d9a,0x3d9c,2,code,code:2,,0,
60E0E500__vs__60E32000_N3M5E,60E0E500,60E32000_N3M5E,0x3e02,0x3e04,2,code,code:2,,0,
60E0E500__vs__60E32000_N3M5E,60E0E500,60E32000_N3M5E,0x3e82,0x3e84,2,code,code:2,,0,
60E0E500__vs__60E32000_N3M5E,60E0E500,60E32000_N3M5E,0x3f9a,0x3f9c,2,code,code:2,,0,
60E0E500__vs__60E32000_N3M5E,60E0E500,60E32000_N3M5E,0x3fa6,0x3fa8,2,code,code:2,,0,
60E0E500__vs__60E32000_N3M5E,60E0E500,60E32000_N3M5E,0x3fe6,0x3fe8,2,code,code:2,,0,
60E0E500__vs__60E32000_N3M5E,60E0E500,60E32000_N3M5E,0x4096,0x4098,2,code,code:2,,0,
60E0E500__vs__60E32000_N3M5E,60E0E500,60E32000_N3M5E,0x413e,0x4140,2,code,code:2,,0,
60E0E500__vs__60E32000_N3M5E,60E0E500,60E32000_N3M5E,0x4206,0x4208,2,code,code:2,,0,
60E0E500__vs__60E32000_N3M5E,60E0E500,60E32000_N3M5E,0x473e,0x4740,2,code,code:2,,0,
60E0E500__vs__60E32000_N3M5E,60E0E500,60E32000_N3M5E,0x493a,0x493c,2,code,code:2,,0,
60E0E500__vs__60E32000_N3M5E,60E0E500,60E32000_N3M5E,0x4996,0x499c,6,code,code:6,,0,
60E0E500__vs__60E32000_N3M5E,60E0E500,60E32000_N3M5E,0x49a6,0x49ad,7,code,code:7,,0,
60E0E500__vs__60E32000_N3M5E,60E0E500,60E32000_N3M5E,0x49b6,0x49bd,7,code,code:7,,0,
60E0E500__vs__60E32000_N3M5E,60E0E500,60E32000_N3M5E,0x49c6,0x49cd,7,code,code:7,,0,
60E0E500__vs__60E32000_N3M5E,60E0E500,60E32000_N3M5E,0x49d6,0x49dd,7,code,code:7,,0,
60E0E500__vs__60E32000_N3M5E,60E0E500,60E32000_N3M5E,0x49e6,0x49ec,6,code,code:6,,0,
60E0E500__vs__60E32000_N3M5E,60E0E500,60E32000_N3M5E,0x49f6,0x49fc,6,code,code:6,,0,
60E0E500__vs__60E32000_N3M5E,60E0E500,60E32000_N3M5E,0x4a06,0x4a0c,6,code,code:6,,0,
60E0E500__vs__60E32000_N3M5E,60E0E500,60E32000_N3M5E,0x4a16,0x4a1c,6,code,code:6,,0,
60E0E500__vs__60E32000_N3M5E,60E0E500,60E32000_N3M5E,0x4a26,0x4a2c,6,code,code:6,,0,
60E0E500__vs__60E32000_N3M5E,60E0E500,60E32000_N3M5E,0x4a36,0x4a3c,6,code,code:6,,0,
60E0E500__vs__60E32000_N3M5E,60E0E500,60E32000_N3M5E,0x4a46,0x4a4c,6,code,code:6,,0,
60E0E500__vs__60E32000_N3M5E,60E0E500,60E32000_N3M5E,0x4a56,0x4a5c,6,code,code:6,,0,
60E0E500__vs__60E32000_N3M5E,60E0E500,60E32000_N3M5E,0x4a66,0x4a6c,6,code,code:6,,0,
60E0E500__vs__60E32000_N3M5E,60E0E500,60E32000_N3M5E,0x4a76,0x4a7c,6,code,code:6,,0,
60E0E500__vs__60E32000_N3M5E,60E0E500,60E32000_N3M5E,0x4a86,0x4a8c,6,code,code:6,,0,
60E0E500__vs__60E32000_N3M5E,60E0E500,60E32000_N3M5E,0x4a96,0x4a9c,6,code,code:6,,0,
60E0E500__vs__60E32000_N3M5E,60E0E500,60E32000_N3M5E,0x4aa6,0x4aac,6,code,code:6,,0,
60E0E500__vs__60E32000_N3M5E,60E0E500,60E32000_N3M5E,0x4ab6,0x4abc,6,code,code:6,,0,
60E0E500__vs__60E32000_N3M5E,60E0E500,60E32000_N3M5E,0x4aca,0x4aec,34,code,code:34,,0,
60E0E500__vs__60E32000_N3M5E,60E0E500,60E32000_N3M5E,0x4b0e,0x4b10,2,code,code:2,,0,
60E0E500__vs__60E32000_N3M5E,60E0E500,60E32000_N3M5E,0x4c87,0x52b8,1585,code,code:1585,,0,
60E0E500__vs__60E32000_N3M5E,60E0E500,60E32000_N3M5E,0x52c3,0x52c4,1,code,code:1,,0,
60E0E500__vs__60E32000_N3M5E,60E0E500,60E32000_N3M5E,0x52cc,0x8214,12104,code,code:12104,,0,
60E0E500__vs__60E32000_N3M5E,60E0E500,60E32000_N3M5E,0x8224,0x829a,118,code,code:118,,0,
60E0E500__vs__60E32000_N3M5E,60E0E500,60E32000_N3M5E,0x82aa,0x48087,261597,code,code:261597,,0,
60E0E500__vs__60E32000_N3M5E,60E0E500,60E32000_N3M5E,0x4808f,0x4b4ec,13405,code,code:13405,,0,
60E0E500__vs__60E32000_N3M5E,60E0E500,60E32000_N3M5E,0x4b4f4,0x704b9,151493,code,code:134524 cal_data:13742 padding:2960 cal_table:267,,267,Barometric Pressure Sensor Max ADC Count; Barometric Pressure Sensor Min ADC Count; CLT Sensor Scaling; Cold Rev Limit; Cold Rev Limit Threshold; IAT Sensor Scaling; Idle Related; Idle Target; ...
60E0E500__vs__60E32000_N3M5E,60E0E500,60E32000_N3M5E,0x704c1,0x71553,4242,cal_data,cal_data:4199 cal_table:43,,43,Table 2D - 308 Check DataType; Table 2D - 309 Check DataType; Table 2D - 310 Check DataType; Table 2D - 311 Check DataType; Table 3D - 108_; Table 3D - 22_; Table 3D - 23_; Table 3D - 24_; ...
60E0E500__vs__60E32000_N3M5E,60E0E500,60E32000_N3M5E,0x7155b,0x71698,317,cal_data,cal_data:307 cal_table:10,,10,Table 2D - 70_; Table 2D - 71_; Table 2D - 72_; Table 2D - 73_; Table 2D - 74_; Y; Y; Y; ...
60E0E500__vs__60E32000_N3M5E,60E0E500,60E32000_N3M5E,0x716a0,0x74b8b,13547,cal_data,cal_data:13310 cal_table:237,,237,Accel Pedal to Throttle Position #1; Accel Pedal to Throttle Position #2; Accel Pedal to Throttle Position #3; Fuelling - Safe Mode; Fuelling 0; Fuelling 1; Fuelling 10 - Safe Mode; Fuelling 11; ...
60E0E500__vs__60E32000_N3M5E,60E0E500,60E32000_N3M5E,0x74b99,0x773bc,10275,cal_data,cal_data:10169 cal_table:106,,106,Accel Pedal to Throttle Position #4; Table 2D - 144_; Table 2D - 145_; Table 2D - 146_; Table 2D - 147_; Table 2D - 148_; Table 2D - 149_; Table 2D - 150_; ...
60E0E500__vs__60E32000_N3M5E,60E0E500,60E32000_N3M5E,0x773d5,0x7e3f3,28702,cal_data,cal_data:25864 tail:2292 cal_table:546,,546,AirFlow Inj Angle Related; Airflow Or Load Related; Auxillary Valve Close; Barometric Pressure Sensor Max Voltage; Barometric Pressure Sensor Min Voltage; Barometric Pressure Sensor Offset; Barometric Pressure Sensor Slope; Engine Load Compensation; ...
60E0E500__vs__60E32000_N3M5E,60E0E500,60E32000_N3M5E,0x7e3fe,0x7e736,824,tail,tail:824,,0,
60E0E500__vs__60E32000_N3M5E,60E0E500,60E32000_N3M5E,0x7e74c,0x7fa0c,4800,tail,tail:4800,,0,
60E0E500__vs__60E32000_N3M5E,60E0E500,60E32000_N3M5E,0x7fb01,0x7fb04,3,tail,tail:3,,0,
60E0E500__vs__60E32000_N3M5E,60E0E500,60E32000_N3M5E,0x7fb88,0x7fb8c,4,tail,tail:4,,0,
60E0E500__vs__60E32000_N3M5E,60E0E500,60E32000_N3M5E,0x7fc53,0x7fd50,253,tail,tail:253,,0,
60E0E500__vs__60E32000_N3M5E,60E0E500,60E32000_N3M5E,0x7fd77,0x7fdd0,89,tail,tail:89,,0,
60E0E500__vs__60E32000_N3M5E,60E0E500,60E32000_N3M5E,0x7fdf7,0x7fe00,9,tail,tail:9,,0,
60E0E500__vs__60E32000_N3M5E,60E0E500,60E32000_N3M5E,0x7fe27,0x7fe30,9,tail,tail:9,,0,
60E0E500__vs__60E32000_N3M5E,60E0E500,60E32000_N3M5E,0x7fe47,0x7fe50,9,tail,tail:9,,0,
60E0E500__vs__60E32000_N3M5E,60E0E500,60E32000_N3M5E,0x7fe67,0x7fe70,9,tail,tail:9,,0,
60E0E500__vs__60E32000_N3M5E,60E0E500,60E32000_N3M5E,0x7fe87,0x7fe90,9,tail,tail:9,,0,
60E0E500__vs__60E32000_N3M5E,60E0E500,60E32000_N3M5E,0x7ff07,0x7ff3c,53,tail,tail:53,,0,
60E0E500__vs__60E32000_N3M5E,60E0E500,60E32000_N3M5E,0x7ff47,0x7ff70,41,tail,tail:41,,0,
60E0E500__vs__60E32000_N3M5E,60E0E500,60E32000_N3M5E,0x7ffd7,0x7ffe0,9,tail,tail:9,,0,
60E0E500__vs__60E32000_N3M5E,60E0E500,60E32000_N3M5E,0x7fff4,0x7fffc,8,tail,tail:8,,0,
60E0E700_N3YLEE__vs__60E0FB00,60E0E700_N3YLEE,60E0FB00,0xffb,0xffe,3,header,header:3,,0,
60E0E700_N3YLEE__vs__60E0FB00,60E0E700_N3YLEE,60E0FB00,0x2004,0x2006,2,code,code:2,,0,
60E0E700_N3YLEE__vs__60E0FB00,60E0E700_N3YLEE,60E0FB00,0x2020,0x2023,3,code,code:3,,0,
60E0E700_N3YLEE__vs__60E0FB00,60E0E700_N3YLEE,60E0FB00,0x5342,0x5343,1,code,code:1,,0,
60E0E700_N3YLEE__vs__60E0FB00,60E0E700_N3YLEE,60E0FB00,0x628f,0x6290,1,code,code:1,,0,
60E0E700_N3YLEE__vs__60E0FB00,60E0E700_N3YLEE,60E0FB00,0x63d7,0x63e0,9,code,code:9,,0,
60E0E700_N3YLEE__vs__60E0FB00,60E0E700_N3YLEE,60E0FB00,0x63ef,0x63f0,1,code,code:1,,0,
60E0E700_N3YLEE__vs__60E0FB00,60E0E700_N3YLEE,60E0FB00,0x652b,0x652c,1,code,code:1,,0,
60E0E700_N3YLEE__vs__60E0FB00,60E0E700_N3YLEE,60E0FB00,0x655b,0x655c,1,code,code:1,,0,
60E0E700_N3YLEE__vs__60E0FB00,60E0E700_N3YLEE,60E0FB00,0x656f,0x6578,9,code,code:9,,0,
60E0E700_N3YLEE__vs__60E0FB00,60E0E700_N3YLEE,60E0FB00,0x6583,0x6584,1,code,code:1,,0,
60E0E700_N3YLEE__vs__60E0FB00,60E0E700_N3YLEE,60E0FB00,0x66bb,0x66bc,1,code,code:1,,0,
60E0E700_N3YLEE__vs__60E0FB00,60E0E700_N3YLEE,60E0FB00,0x66cb,0x66cc,1,code,code:1,,0,
60E0E700_N3YLEE__vs__60E0FB00,60E0E700_N3YLEE,60E0FB00,0x66db,0x66e8,13,code,code:13,,0,
60E0E700_N3YLEE__vs__60E0FB00,60E0E700_N3YLEE,60E0FB00,0x66fb,0x6704,9,code,code:9,,0,
60E0E700_N3YLEE__vs__60E0FB00,60E0E700_N3YLEE,60E0FB00,0x670f,0x6724,21,code,code:21,,0,
60E0E700_N3YLEE__vs__60E0FB00,60E0E700_N3YLEE,60E0FB00,0x6737,0x6744,13,code,code:13,,0,
60E0E700_N3YLEE__vs__60E0FB00,60E0E700_N3YLEE,60E0FB00,0x730a,0x730b,1,code,code:1,,0,
60E0E700_N3YLEE__vs__60E0FB00,60E0E700_N3YLEE,60E0FB00,0x731a,0x731c,2,code,code:2,,0,
60E0E700_N3YLEE__vs__60E0FB00,60E0E700_N3YLEE,60E0FB00,0x732a,0x732f,5,code,code:5,,0,
60E0E700_N3YLEE__vs__60E0FB00,60E0E700_N3YLEE,60E0FB00,0x7386,0x7387,1,code,code:1,,0,
60E0E700_N3YLEE__vs__60E0FB00,60E0E700_N3YLEE,60E0FB00,0x7392,0x7393,1,code,code:1,,0,
60E0E700_N3YLEE__vs__60E0FB00,60E0E700_N3YLEE,60E0FB00,0x7412,0x7413,1,code,code:1,,0,
60E0E700_N3YLEE__vs__60E0FB00,60E0E700_N3YLEE,60E0FB00,0x7422,0x7424,2,code,code:2,,0,
60E0E700_N3YLEE__vs__60E0FB00,60E0E700_N3YLEE,60E0FB00,0x7432,0x7437,5,code,code:5,,0,
60E0E700_N3YLEE__vs__60E0FB00,60E0E700_N3YLEE,60E0FB00,0x7496,0x7498,2,code,code:2,,0,
60E0E700_N3YLEE__vs__60E0FB00,60E0E700_N3YLEE,60E0FB00,0x74a6,0x74ab,5,code,code:5,,0,
60E0E700_N3YLEE__vs__60E0FB00,60E0E700_N3YLEE,60E0FB00,0x76aa,0x76ab,1,code,code:1,,0,
60E0E700_N3YLEE__vs__60E0FB00,60E0E700_N3YLEE,60E0FB00,0x77c2,0x77c3,1,code,code:1,,0,
60E0E700_N3YLEE__vs__60E0FB00,60E0E700_N3YLEE,60E0FB00,0x7b1a,0x7b1c,2,code,code:2,,0,
60E0E700_N3YLEE__vs__60E0FB00,60E0E700_N3YLEE,60E0FB00,0x7b2e,0x7b30,2,code,code:2,,0,
60E0E700_N3YLEE__vs__60E0FB00,60E0E700_N3YLEE,60E0FB00,0x7c3a,0x7c3b,1,code,code:1,,0,
60E0E700_N3YLEE__vs__60E0FB00,60E0E700_N3YLEE,60E0FB00,0x7c56,0x7c57,1,code,code:1,,0,
60E0E700_N3YLEE__vs__60E0FB00,60E0E700_N3YLEE,60E0FB00,0x7e8a,0x7e8b,1,code,code:1,,0,
60E0E700_N3YLEE__vs__60E0FB00,60E0E700_N3YLEE,60E0FB00,0x7f8a,0x7f8b,1,code,code:1,,0,
60E0E700_N3YLEE__vs__60E0FB00,60E0E700_N3YLEE,60E0FB00,0x8e6a,0x8e6b,1,code,code:1,,0,
60E0E700_N3YLEE__vs__60E0FB00,60E0E700_N3YLEE,60E0FB00,0x94de,0x94e0,2,code,code:2,,0,
60E0E700_N3YLEE__vs__60E0FB00,60E0E700_N3YLEE,60E0FB00,0x961a,0x9630,22,code,code:22,,0,
60E0E700_N3YLEE__vs__60E0FB00,60E0E700_N3YLEE,60E0FB00,0x9886,0x9890,10,code,code:10,,0,
60E0E700_N3YLEE__vs__60E0FB00,60E0E700_N3YLEE,60E0FB00,0xa9fa,0xa9fc,2,code,code:2,,0,
60E0E700_N3YLEE__vs__60E0FB00,60E0E700_N3YLEE,60E0FB00,0xab1a,0xab20,6,code,code:6,,0,
60E0E700_N3YLEE__vs__60E0FB00,60E0E700_N3YLEE,60E0FB00,0xac9a,0xac9c,2,code,code:2,,0,
60E0E700_N3YLEE__vs__60E0FB00,60E0E700_N3YLEE,60E0FB00,0xacda,0xacdc,2,code,code:2,,0,
60E0E700_N3YLEE__vs__60E0FB00,60E0E700_N3YLEE,60E0FB00,0xace6,0xace8,2,code,code:2,,0,
60E0E700_N3YLEE__vs__60E0FB00,60E0E700_N3YLEE,60E0FB00,0xae86,0xae87,1,code,code:1,,0,
60E0E700_N3YLEE__vs__60E0FB00,60E0E700_N3YLEE,60E0FB00,0xae9a,0xaeab,17,code,code:17,,0,
60E0E700_N3YLEE__vs__60E0FB00,60E0E700_N3YLEE,60E0FB00,0xaeb6,0xaed8,34,code,code:34,,0,
60E0E700_N3YLEE__vs__60E0FB00,60E0E700_N3YLEE,60E0FB00,0xaee2,0xaee4,2,code,code:2,,0,
60E0E700_N3YLEE__vs__60E0FB00,60E0E700_N3YLEE,60E0FB00,0xb01e,0xb01f,1,code,code:1,,0,
60E0E700_N3YLEE__vs__60E0FB00,60E0E700_N3YLEE,60E0FB00,0xb036,0xb037,1,code,code:1,,0,
60E0E700_N3YLEE__vs__60E0FB00,60E0E700_N3YLEE,60E0FB00,0xb046,0xb047,1,code,code:1,,0,
60E0E700_N3YLEE__vs__60E0FB00,60E0E700_N3YLEE,60E0FB00,0xb052,0xb054,2,code,code:2,,0,
60E0E700_N3YLEE__vs__60E0FB00,60E0E700_N3YLEE,60E0FB00,0xb142,0xb150,14,code,code:14,,0,
60E0E700_N3YLEE__vs__60E0FB00,60E0E700_N3YLEE,60E0FB00,0xb166,0xb16f,9,code,code:9,,0,
60E0E700_N3YLEE__vs__60E0FB00,60E0E700_N3YLEE,60E0FB00,0xb17a,0xb17f,5,code,code:5,,0,
60E0E700_N3YLEE__vs__60E0FB00,60E0E700_N3YLEE,60E0FB00,0xb216,0xb217,1,code,code:1,,0,
60E0E700_N3YLEE__vs__60E0FB00,60E0E700_N3YLEE,60E0FB00,0xb222,0xb223,1,code,code:1,,0,
60E0E700_N3YLEE__vs__60E0FB00,60E0E700_N3YLEE,60E0FB00,0xb4ce,0xb4eb,29,code,code:29,,0,
60E0E700_N3YLEE__vs__60E0FB00,60E0E700_N3YLEE,60E0FB00,0xb66a,0xb66c,2,code,code:2,,0,
60E0E700_N3YLEE__vs__60E0FB00,60E0E700_N3YLEE,60E0FB00,0xc2ca,0xc2dc,18,code,code:18,,0,
60E0E700_N3YLEE__vs__60E0FB00,60E0E700_N3YLEE,60E0FB00,0xc2ea,0xc2ec,2,code,code:2,,0,
60E0E700_N3YLEE__vs__60E0FB00,60E0E700_N3YLEE,60E0FB00,0xc30a,0xc30c,2,code,code:2,,0,
60E0E700_N3YLEE__vs__60E0FB00,60E0E700_N3YLEE,60E0FB00,0xc332,0xc337,5,code,code:5,,0,
60E0E700_N3YLEE__vs__60E0FB00,60E0E700_N3YLEE,60E0FB00,0xc452,0xc460,14,code,code:14,,0,
60E0E700_N3YLEE__vs__60E0FB00,60E0E700_N3YLEE,60E0FB00,0xc46e,0xc470,2,code,code:2,,0,
60E0E700_N3YLEE__vs__60E0FB00,60E0E700_N3YLEE,60E0FB00,0xc6da,0xc6dc,2,code,code:2,,0,
60E0E700_N3YLEE__vs__60E0FB00,60E0E700_N3YLEE,60E0FB00,0xc6f6,0xc6f8,2,code,code:2,,0,
60E0E700_N3YLEE__vs__60E0FB00,60E0E700_N3YLEE,60E0FB00,0xc727,0xc728,1,code,code:1,,0,
60E0E700_N3YLEE__vs__60E0FB00,60E0E700_N3YLEE,60E0FB00,0xc73a,0xc754,26,code,code:26,,0,
60E0E700_N3YLEE__vs__60E0FB00,60E0E700_N3YLEE,60E0FB00,0xc766,0xc768,2,code,code:2,,0,
60E0E700_N3YLEE__vs__60E0FB00,60E0E700_N3YLEE,60E0FB00,0xc89a,0xc89c,2,code,code:2,,0,
60E0E700_N3YLEE__vs__60E0FB00,60E0E700_N3YLEE,60E0FB00,0xca06,0xca14,14,code,code:14,,0,
60E0E700_N3YLEE__vs__60E0FB00,60E0E700_N3YLEE,60E0FB00,0xd1ba,0xd1bb,1,code,code:1,,0,
60E0E700_N3YLEE__vs__60E0FB00,60E0E700_N3YLEE,60E0FB00,0xd1ca,0xd1d0,6,code,code:6,,0,
60E0E700_N3YLEE__vs__60E0FB00,60E0E700_N3YLEE,60E0FB00,0xd1da,0xd1df,5,code,code:5,,0,
60E0E700_N3YLEE__vs__60E0FB00,60E0E700_N3YLEE,60E0FB00,0xd886,0xd888,2,code,code:2,,0,
60E0E700_N3YLEE__vs__60E0FB00,60E0E700_N3YLEE,60E0FB00,0xd992,0xd9ac,26,code,code:26,,0,
60E0E700_N3YLEE__vs__60E0FB00,60E0E700_N3YLEE,60E0FB00,0xd9db,0xd9f4,25,code,code:25,,0,
60E0E700_N3YLEE__vs__60E0FB00,60E0E700_N3YLEE,60E0FB00,0xdb0f,0xdb28,25,code,code:25,,0,
60E0E700_N3YLEE__vs__60E0FB00,60E0E700_N3YLEE,60E0FB00,0xdb32,0xdb58,38,code,code:38,,0,
60E0E700_N3YLEE__vs__60E0FB00,60E0E700_N3YLEE,60E0FB00,0xdc5d,0xdc64,7,code,code:7,,0,
60E0E700_N3YLEE__vs__60E0FB00,60E0E700_N3YLEE,60E0FB00,0xdc72,0xdcc0,78,code,code:78,,0,
60E0E700_N3YLEE__vs__60E0FB00,60E0E700_N3YLEE,60E0FB00,0xddbd,0xddc0,3,code,code:3,,0,
60E0E700_N3YLEE__vs__60E0FB00,60E0E700_N3YLEE,60E0FB00,0xdedb,0xdf24,73,code,code:73,,0,
60E0E700_N3YLEE__vs__60E0FB00,60E0E700_N3YLEE,60E0FB00,0xdf2d,0xdf38,11,code,code:11,,0,
60E0E700_N3YLEE__vs__60E0FB00,60E0E700_N3YLEE,60E0FB00,0xdf45,0x16552,34317,code,code:34317,,0,
60E0E700_N3YLEE__vs__60E0FB00,60E0E700_N3YLEE,60E0FB00,0x1655a,0x2549e,61252,code,code:61252,,0,
60E0E700_N3YLEE__vs__60E0FB00,60E0E700_N3YLEE,60E0FB00,0x254a6,0x2b5c0,24858,code,code:24858,,0,
60E0E700_N3YLEE__vs__60E0FB00,60E0E700_N3YLEE,60E0FB00,0x2b5d0,0x377ee,49694,code,code:49694,,0,
60E0E700_N3YLEE__vs__60E0FB00,60E0E700_N3YLEE,60E0FB00,0x377f6,0x5127e,105096,code,code:105096,,0,
60E0E700_N3YLEE__vs__60E0FB00,60E0E700_N3YLEE,60E0FB00,0x51289,0x5b92e,42661,code,code:42661,,0,
60E0E700_N3YLEE__vs__60E0FB00,60E0E700_N3YLEE,60E0FB00,0x5b940,0x5b946,6,code,code:6,,0,
60E0E700_N3YLEE__vs__60E0FB00,60E0E700_N3YLEE,60E0FB00,0x5b98f,0x5b994,5,code,code:5,,0,
60E0E700_N3YLEE__vs__60E0FB00,60E0E700_N3YLEE,60E0FB00,0x5b9a3,0x5b9a4,1,code,code:1,,0,
60E0E700_N3YLEE__vs__60E0FB00,60E0E700_N3YLEE,60E0FB00,0x5b9ac,0x5b9ca,30,code,code:30,,0,
60E0E700_N3YLEE__vs__60E0FB00,60E0E700_N3YLEE,60E0FB00,0x5b9de,0x5ba0a,44,code,code:44,,0,
60E0E700_N3YLEE__vs__60E0FB00,60E0E700_N3YLEE,60E0FB00,0x5ba1c,0x5ba22,6,code,code:6,,0,
60E0E700_N3YLEE__vs__60E0FB00,60E0E700_N3YLEE,60E0FB00,0x5ba6b,0x5ba70,5,code,code:5,,0,
60E0E700_N3YLEE__vs__60E0FB00,60E0E700_N3YLEE,60E0FB00,0x5ba7f,0x5ba80,1,code,code:1,,0,
60E0E700_N3YLEE__vs__60E0FB00,60E0E700_N3YLEE,60E0FB00,0x5ba88,0x5baa6,30,code,code:30,,0,
60E0E700_N3YLEE__vs__60E0FB00,60E0E700_N3YLEE,60E0FB00,0x5baba,0x5f918,15966,code,code:15966,,0,
60E0E700_N3YLEE__vs__60E0FB00,60E0E700_N3YLEE,60E0FB00,0x5f920,0x69efc,42460,code,code:42460,,0,
60E0E700_N3YLEE__vs__60E0FB00,60E0E700_N3YLEE,60E0FB00,0x69f06,0x6ad34,3630,code,code:3630,,0,
60E0E700_N3YLEE__vs__60E0FB00,60E0E700_N3YLEE,60E0FB00,0x6c600,0x6c661,97,padding,padding:97,,0,
60E0E700_N3YLEE__vs__60E0FB00,60E0E700_N3YLEE,60E0FB00,0x6c6e0,0x6e11b,6715,cal_data,cal_data:4824 padding:1824 cal_table:67,,67,Barometric Pressure Sensor Max ADC Count; Barometric Pressure Sensor Min ADC Count; Cold Rev Limit; Cold Rev Limit Threshold; Idle Related; Ignition; Ignition 0 - Safe Mode; Ignition 2; ...
60E0E700_N3YLEE__vs__60E0FB00,60E0E700_N3YLEE,60E0FB00,0x6e124,0x6e782,1630,cal_data,cal_data:1594 cal_table:36,,36,Ignition 1; Ignition Leading 5; Ignition Minimum Maybe; Table 2D - 10_; Table 2D - 11_; Table 2D - 12_; Table 2D - 13_; Table 2D - 14_; ...
60E0E700_N3YLEE__vs__60E0FB00,60E0E700_N3YLEE,60E0FB00,0x6e78c,0x74dd1,26181,cal_data,cal_data:25725 cal_table:456,,456,Accel Pedal to Throttle Position #1; Accel Pedal to Throttle Position #2; Accel Pedal to Throttle Position #3; Accel Pedal to Throttle Position #4; CLT Sensor Scaling; Fuelling - Safe Mode; Fuelling 0; Fuelling 1; ...
60E0E700_N3YLEE__vs__60E0FB00,60E0E700_N3YLEE,60E0FB00,0x74ddc,0x74dde,2,cal_data,cal_data:2,,0,
60E0E700_N3YLEE__vs__60E0FB00,60E0E700_N3YLEE,60E0FB00,0x74de7,0x77d1a,12083,cal_data,cal_data:11933 cal_table:150,,150,Estimated Manifold Pressure; Table 2D - 144_; Table 2D - 145_; Table 2D - 146_; Table 2D - 147_; Table 2D - 148_; Table 2D - 149_; Table 2D - 150_; ...
60E0E700_N3YLEE__vs__60E0FB00,60E0E700_N3YLEE,60E0FB00,0x77d24,0x78842,2846,cal_data,cal_data:2798 cal_table:48,,48,Engine Load Compensation; Injector Latency Primary; Injector Latency Secondary; Primary Injector Size; Secondary Injector Size; Secondary Injector Size #2; Table 2D - 171_; Table 2D - 172_; ...
60E0E700_N3YLEE__vs__60E0FB00,60E0E700_N3YLEE,60E0FB00,0x78854,0x7c776,16162,cal_data,cal_data:15816 cal_table:346,,346,AirFlow Inj Angle Related; Airflow Or Load Related; Auxillary Valve Close; Barometric Pressure Sensor Max Voltage; Barometric Pressure Sensor Min Voltage; Barometric Pressure Sensor Offset; Barometric Pressure Sensor Slope; Injection Angle; ...
60E0E700_N3YLEE__vs__60E0FB00,60E0E700_N3YLEE,60E0FB00,0x7c77e,0x7c7ae,48,cal_data,cal_data:46 cal_table:2,,2,Table 2D - 285_; X
60E0E700_N3YLEE__vs__60E0FB00,60E0E700_N3YLEE,60E0FB00,0x7c7b6,0x7db15,4959,cal_data,cal_data:4834 cal_table:103 tail:22,,103,Ignition Dwell Time_; Table 2D - 235_; Table 2D - 236_; Table 2D - 237_; Table 2D - 238_; Table 2D - 239_; Table 2D - 240_; Table 2D - 241_; ...
60E0E700_N3YLEE__vs__60E0FB00,60E0E700_N3YLEE,60E0FB00,0x7fb88,0x7fb8c,4,tail,tail:4,,0,
60E0E700_N3YLEE__vs__60E0FB00,60E0E700_N3YLEE,60E0FB00,0x7fff4,0x7fff8,4,tail,tail:4,,0,
60E0E700_N3YLEE__vs__60E0FC00,60E0E700_N3YLEE,60E0FC00,0xffb,0xffe,3,header,header:3,,0,
60E0E700_N3YLEE__vs__60E0FC00,60E0E700_N3YLEE,60E0FC00,0x2004,0x2006,2,code,code:2,,0,
60E0E700_N3YLEE__vs__60E0FC00,60E0E700_N3YLEE,60E0FC00,0x2020,0x2023,3,code,code:3,,0,
60E0E700_N3YLEE__vs__60E0FC00,60E0E700_N3YLEE,60E0FC00,0x5342,0x5343,1,code,code:1,,0,
60E0E700_N3YLEE__vs__60E0FC00,60E0E700_N3YLEE,60E0FC00,0x628f,0x6290,1,code,code:1,,0,
60E0E700_N3YLEE__vs__60E0FC00,60E0E700_N3YLEE,60E0FC00,0x63d7,0x63e0,9,code,code:9,,0,
60E0E700_N3YLEE__vs__60E0FC00,60E0E700_N3YLEE,60E0FC00,0x63ef,0x63f0,1,code,code:1,,0,
60E0E700_N3YLEE__vs__60E0FC00,60E0E700_N3YLEE,60E0FC00,0x652b,0x652c,1,code,code:1,,0,
60E0E700_N3YLEE__vs__60E0FC00,60E0E700_N3YLEE,60E0FC00,0x655b,0x655c,1,code,code:1,,0,
60E0E700_N3YLEE__vs__60E0FC00,60E0E700_N3YLEE,60E0FC00,0x656f,0x6578,9,code,code:9,,0,
60E0E700_N3YLEE__vs__60E0FC00,60E0E700_N3YLEE,60E0FC00,0x6583,0x6584,1,code,code:1,,0,
60E0E700_N3YLEE__vs__60E0FC00,60E0E700_N3YLEE,60E0FC00,0x66bb,0x66bc,1,code,code:1,,0,
60E0E700_N3YLEE__vs__60E0FC00,60E0E700_N3YLEE,60E0FC00,0x66cb,0x66cc,1,code,code:1,,0,
60E0E700_N3YLEE__vs__60E0FC00,60E0E700_N3YLEE,60E0FC00,0x66db,0x66e8,13,code,code:13,,0,
60E0E700_N3YLEE__vs__60E0FC00,60E0E700_N3YLEE,60E0FC00,0x66fb,0x6704,9,code,code:9,,0,
60E0E700_N3YLEE__vs__60E0FC00,60E0E700_N3YLEE,60E0FC00,0x670f,0x6724,21,code,code:21,,0,
60E0E700_N3YLEE__vs__60E0FC00,60E0E700_N3YLEE,60E0FC00,0x6737,0x6744,13,code,code:13,,0,
60E0E700_N3YLEE__vs__60E0FC00,60E0E700_N3YLEE,60E0FC00,0x730a,0x730b,1,code,code:1,,0,
60E0E700_N3YLEE__vs__60E0FC00,60E0E700_N3YLEE,60E0FC00,0x731a,0x731c,2,code,code:2,,0,
60E0E700_N3YLEE__vs__60E0FC00,60E0E700_N3YLEE,60E0FC00,0x732a,0x732f,5,code,code:5,,0,
60E0E700_N3YLEE__vs__60E0FC00,60E0E700_N3YLEE,60E0FC00,0x7386,0x7387,1,code,code:1,,0,
60E0E700_N3YLEE__vs__60E0FC00,60E0E700_N3YLEE,60E0FC00,0x7392,0x7393,1,code,code:1,,0,
60E0E700_N3YLEE__vs__60E0FC00,60E0E700_N3YLEE,60E0FC00,0x7412,0x7413,1,code,code:1,,0,
60E0E700_N3YLEE__vs__60E0FC00,60E0E700_N3YLEE,60E0FC00,0x7422,0x7424,2,code,code:2,,0,
60E0E700_N3YLEE__vs__60E0FC00,60E0E700_N3YLEE,60E0FC00,0x7432,0x7437,5,code,code:5,,0,
60E0E700_N3YLEE__vs__60E0FC00,60E0E700_N3YLEE,60E0FC00,0x7496,0x7498,2,code,code:2,,0,
60E0E700_N3YLEE__vs__60E0FC00,60E0E700_N3YLEE,60E0FC00,0x74a6,0x74ab,5,code,code:5,,0,
60E0E700_N3YLEE__vs__60E0FC00,60E0E700_N3YLEE,60E0FC00,0x76aa,0x76ab,1,code,code:1,,0,
60E0E700_N3YLEE__vs__60E0FC00,60E0E700_N3YLEE,60E0FC00,0x77c2,0x77c3,1,code,code:1,,0,
60E0E700_N3YLEE__vs__60E0FC00,60E0E700_N3YLEE,60E0FC00,0x7b1a,0x7b1c,2,code,code:2,,0,
60E0E700_N3YLEE__vs__60E0FC00,60E0E700_N3YLEE,60E0FC00,0x7b2e,0x7b30,2,code,code:2,,0,
60E0E700_N3YLEE__vs__60E0FC00,60E0E700_N3YLEE,60E0FC00,0x7c3a,0x7c3b,1,code,code:1,,0,
60E0E700_N3YLEE__vs__60E0FC00,60E0E700_N3YLEE,60E0FC00,0x7c56,0x7c57,1,code,code:1,,0,
60E0E700_N3YLEE__vs__60E0FC00,60E0E700_N3YLEE,60E0FC00,0x7e8a,0x7e8b,1,code,code:1,,0,
60E0E700_N3YLEE__vs__60E0FC00,60E0E700_N3YLEE,60E0FC00,0x7f8a,0x7f8b,1,code,code:1,,0,
60E0E700_N3YLEE__vs__60E0FC00,60E0E700_N3YLEE,60E0FC00,0x8e6a,0x8e6b,1,code,code:1,,0,
60E0E700_N3YLEE__vs__60E0FC00,60E0E700_N3YLEE,60E0FC00,0x94de,0x94e0,2,code,code:2,,0,
60E0E700_N3YLEE__vs__60E0FC00,60E0E700_N3YLEE,60E0FC00,0x961a,0x9630,22,code,code:22,,0,
60E0E700_N3YLEE__vs__60E0FC00,60E0E700_N3YLEE,60E0FC00,0x9886,0x9890,10,code,code:10,,0,
60E0E700_N3YLEE__vs__60E0FC00,60E0E700_N3YLEE,60E0FC00,0xa9fa,0xa9fc,2,code,code:2,,0,
60E0E700_N3YLEE__vs__60E0FC00,60E0E700_N3YLEE,60E0FC00,0xab1a,0xab20,6,code,code:6,,0,
60E0E700_N3YLEE__vs__60E0FC00,60E0E700_N3YLEE,60E0FC00,0xac9a,0xac9c,2,code,code:2,,0,
60E0E700_N3YLEE__vs__60E0FC00,60E0E700_N3YLEE,60E0FC00,0xacda,0xacdc,2,code,code:2,,0,
60E0E700_N3YLEE__vs__60E0FC00,60E0E700_N3YLEE,60E0FC00,0xace6,0xace8,2,code,code:2,,0,
60E0E700_N3YLEE__vs__60E0FC00,60E0E700_N3YLEE,60E0FC00,0xae86,0xae87,1,code,code:1,,0,
60E0E700_N3YLEE__vs__60E0FC00,60E0E700_N3YLEE,60E0FC00,0xae9a,0xaeab,17,code,code:17,,0,
60E0E700_N3YLEE__vs__60E0FC00,60E0E700_N3YLEE,60E0FC00,0xaeb6,0xaed8,34,code,code:34,,0,
60E0E700_N3YLEE__vs__60E0FC00,60E0E700_N3YLEE,60E0FC00,0xaee2,0xaee4,2,code,code:2,,0,
60E0E700_N3YLEE__vs__60E0FC00,60E0E700_N3YLEE,60E0FC00,0xb01e,0xb01f,1,code,code:1,,0,
60E0E700_N3YLEE__vs__60E0FC00,60E0E700_N3YLEE,60E0FC00,0xb036,0xb037,1,code,code:1,,0,
60E0E700_N3YLEE__vs__60E0FC00,60E0E700_N3YLEE,60E0FC00,0xb046,0xb047,1,code,code:1,,0,
60E0E700_N3YLEE__vs__60E0FC00,60E0E700_N3YLEE,60E0FC00,0xb052,0xb054,2,code,code:2,,0,
60E0E700_N3YLEE__vs__60E0FC00,60E0E700_N3YLEE,60E0FC00,0xb142,0xb150,14,code,code:14,,0,
60E0E700_N3YLEE__vs__60E0FC00,60E0E700_N3YLEE,60E0FC00,0xb166,0xb16f,9,code,code:9,,0,
60E0E700_N3YLEE__vs__60E0FC00,60E0E700_N3YLEE,60E0FC00,0xb17a,0xb17f,5,code,code:5,,0,
60E0E700_N3YLEE__vs__60E0FC00,60E0E700_N3YLEE,60E0FC00,0xb216,0xb217,1,code,code:1,,0,
60E0E700_N3YLEE__vs__60E0FC00,60E0E700_N3YLEE,60E0FC00,0xb222,0xb223,1,code,code:1,,0,
60E0E700_N3YLEE__vs__60E0FC00,60E0E700_N3YLEE,60E0FC00,0xb4ce,0xb4eb,29,code,code:29,,0,
60E0E700_N3YLEE__vs__60E0FC00,60E0E700_N3YLEE,60E0FC00,0xb66a,0xb66c,2,code,code:2,,0,
60E0E700_N3YLEE__vs__60E0FC00,60E0E700_N3YLEE,60E0FC00,0xc2ca,0xc2dc,18,code,code:18,,0,
60E0E700_N3YLEE__vs__60E0FC00,60E0E700_N3YLEE,60E0FC00,0xc2ea,0xc2ec,2,code,code:2,,0,
60E0E700_N3YLEE__vs__60E0FC00,60E0E700_N3YLEE,60E0FC00,0xc30a,0xc30c,2,code,code:2,,0,
60E0E700_N3YLEE__vs__60E0FC00,60E0E700_N3YLEE,60E0FC00,0xc332,0xc337,5,code,code:5,,0,
60E0E700_N3YLEE__vs__60E0FC00,60E0E700_N3YLEE,60E0FC00,0xc452,0xc460,14,code,code:14,,0,
60E0E700_N3YLEE__vs__60E0FC00,60E0E700_N3YLEE,60E0FC00,0xc46e,0xc470,2,code,code:2,,0,
60E0E700_N3YLEE__vs__60E0FC00,60E0E700_N3YLEE,60E0FC00,0xc6da,0xc6dc,2,code,code:2,,0,
60E0E700_N3YLEE__vs__60E0FC00,60E0E700_N3YLEE,60E0FC00,0xc6f6,0xc6f8,2,code,code:2,,0,
60E0E700_N3YLEE__vs__60E0FC00,60E0E700_N3YLEE,60E0FC00,0xc727,0xc728,1,code,code:1,,0,
60E0E700_N3YLEE__vs__60E0FC00,60E0E700_N3YLEE,60E0FC00,0xc73a,0xc754,26,code,code:26,,0,
60E0E700_N3YLEE__vs__60E0FC00,60E0E700_N3YLEE,60E0FC00,0xc766,0xc768,2,code,code:2,,0,
60E0E700_N3YLEE__vs__60E0FC00,60E0E700_N3YLEE,60E0FC00,0xc89a,0xc89c,2,code,code:2,,0,
60E0E700_N3YLEE__vs__60E0FC00,60E0E700_N3YLEE,60E0FC00,0xca06,0xca14,14,code,code:14,,0,
60E0E700_N3YLEE__vs__60E0FC00,60E0E700_N3YLEE,60E0FC00,0xd1ba,0xd1bb,1,code,code:1,,0,
60E0E700_N3YLEE__vs__60E0FC00,60E0E700_N3YLEE,60E0FC00,0xd1ca,0xd1d0,6,code,code:6,,0,
60E0E700_N3YLEE__vs__60E0FC00,60E0E700_N3YLEE,60E0FC00,0xd1da,0xd1df,5,code,code:5,,0,
60E0E700_N3YLEE__vs__60E0FC00,60E0E700_N3YLEE,60E0FC00,0xd886,0xd888,2,code,code:2,,0,
60E0E700_N3YLEE__vs__60E0FC00,60E0E700_N3YLEE,60E0FC00,0xd992,0xd9ac,26,code,code:26,,0,
60E0E700_N3YLEE__vs__60E0FC00,60E0E700_N3YLEE,60E0FC00,0xd9db,0xd9f4,25,code,code:25,,0,
60E0E700_N3YLEE__vs__60E0FC00,60E0E700_N3YLEE,60E0FC00,0xdb0f,0xdb28,25,code,code:25,,0,
60E0E700_N3YLEE__vs__60E0FC00,60E0E700_N3YLEE,60E0FC00,0xdb32,0xdb58,38,code,code:38,,0,
60E0E700_N3YLEE__vs__60E0FC00,60E0E700_N3YLEE,60E0FC00,0xdc5d,0xdc64,7,code,code:7,,0,
60E0E700_N3YLEE__vs__60E0FC00,60E0E700_N3YLEE,60E0FC00,0xdc72,0xdcc0,78,code,code:78,,0,
60E0E700_N3YLEE__vs__60E0FC00,60E0E700_N3YLEE,60E0FC00,0xddbd,0xddc0,3,code,code:3,,0,
60E0E700_N3YLEE__vs__60E0FC00,60E0E700_N3YLEE,60E0FC00,0xdedb,0xdf24,73,code,code:73,,0,
60E0E700_N3YLEE__vs__60E0FC00,60E0E700_N3YLEE,60E0FC00,0xdf2d,0xdf38,11,code,code:11,,0,
60E0E700_N3YLEE__vs__60E0FC00,60E0E700_N3YLEE,60E0FC00,0xdf45,0x16552,34317,code,code:34317,,0,
60E0E700_N3YLEE__vs__60E0FC00,60E0E700_N3YLEE,60E0FC00,0x1655a,0x2549e,61252,code,code:61252,,0,
60E0E700_N3YLEE__vs__60E0FC00,60E0E700_N3YLEE,60E0FC00,0x254a6,0x2b5c0,24858,code,code:24858,,0,
60E0E700_N3YLEE__vs__60E0FC00,60E0E700_N3YLEE,60E0FC00,0x2b5d0,0x377ee,49694,code,code:49694,,0,
60E0E700_N3YLEE__vs__60E0FC00,60E0E700_N3YLEE,60E0FC00,0x377f6,0x5127e,105096,code,code:105096,,0,
60E0E700_N3YLEE__vs__60E0FC00,60E0E700_N3YLEE,60E0FC00,0x51289,0x5b92e,42661,code,code:42661,,0,
60E0E700_N3YLEE__vs__60E0FC00,60E0E700_N3YLEE,60E0FC00,0x5b940,0x5b946,6,code,code:6,,0,
60E0E700_N3YLEE__vs__60E0FC00,60E0E700_N3YLEE,60E0FC00,0x5b98f,0x5b994,5,code,code:5,,0,
60E0E700_N3YLEE__vs__60E0FC00,60E0E700_N3YLEE,60E0FC00,0x5b9a3,0x5b9a4,1,code,code:1,,0,
60E0E700_N3YLEE__vs__60E0FC00,60E0E700_N3YLEE,60E0FC00,0x5b9ac,0x5b9ca,30,code,code:30,,0,
60E0E700_N3YLEE__vs__60E0FC00,60E0E700_N3YLEE,60E0FC00,0x5b9de,0x5ba0a,44,code,code:44,,0,
60E0E700_N3YLEE__vs__60E0FC00,60E0E700_N3YLEE,60E0FC00,0x5ba1c,0x5ba22,6,code,code:6,,0,
60E0E700_N3YLEE__vs__60E0FC00,60E0E700_N3YLEE,60E0FC00,0x5ba6b,0x5ba70,5,code,code:5,,0,
60E0E700_N3YLEE__vs__60E0FC00,60E0E700_N3YLEE,60E0FC00,0x5ba7f,0x5ba80,1,code,code:1,,0,
60E0E700_N3YLEE__vs__60E0FC00,60E0E700_N3YLEE,60E0FC00,0x5ba88,0x5baa6,30,code,code:30,,0,
60E0E700_N3YLEE__vs__60E0FC00,60E0E700_N3YLEE,60E0FC00,0x5baba,0x5f918,15966,code,code:15966,,0,
60E0E700_N3YLEE__vs__60E0FC00,60E0E700_N3YLEE,60E0FC00,0x5f920,0x69efc,42460,code,code:42460,,0,
60E0E700_N3YLEE__vs__60E0FC00,60E0E700_N3YLEE,60E0FC00,0x69f06,0x6ad34,3630,code,code:3630,,0,
60E0E700_N3YLEE__vs__60E0FC00,60E0E700_N3YLEE,60E0FC00,0x6c600,0x6c661,97,padding,padding:97,,0,
60E0E700_N3YLEE__vs__60E0FC00,60E0E700_N3YLEE,60E0FC00,0x6c6e0,0x6e11b,6715,cal_data,cal_data:4824 padding:1824 cal_table:67,,67,Barometric Pressure Sensor Max ADC Count; Barometric Pressure Sensor Min ADC Count; Cold Rev Limit; Cold Rev Limit Threshold; Idle Related; Ignition; Ignition 0 - Safe Mode; Ignition 2; ...
60E0E700_N3YLEE__vs__60E0FC00,60E0E700_N3YLEE,60E0FC00,0x6e124,0x6e782,1630,cal_data,cal_data:1594 cal_table:36,,36,Ignition 1; Ignition Leading 5; Ignition Minimum Maybe; Table 2D - 10_; Table 2D - 11_; Table 2D - 12_; Table 2D - 13_; Table 2D - 14_; ...
60E0E700_N3YLEE__vs__60E0FC00,60E0E700_N3YLEE,60E0FC00,0x6e78c,0x74dd1,26181,cal_data,cal_data:25725 cal_table:456,,456,Accel Pedal to Throttle Position #1; Accel Pedal to Throttle Position #2; Accel Pedal to Throttle Position #3; Accel Pedal to Throttle Position #4; CLT Sensor Scaling; Fuelling - Safe Mode; Fuelling 0; Fuelling 1; ...
60E0E700_N3YLEE__vs__60E0FC00,60E0E700_N3YLEE,60E0FC00,0x74ddc,0x74dde,2,cal_data,cal_data:2,,0,
60E0E700_N3YLEE__vs__60E0FC00,60E0E700_N3YLEE,60E0FC00,0x74de7,0x77d1a,12083,cal_data,cal_data:11933 cal_table:150,,150,Estimated Manifold Pressure; Table 2D - 144_; Table 2D - 145_; Table 2D - 146_; Table 2D - 147_; Table 2D - 148_; Table 2D - 149_; Table 2D - 150_; ...
60E0E700_N3YLEE__vs__60E0FC00,60E0E700_N3YLEE,60E0FC00,0x77d24,0x78842,2846,cal_data,cal_data:2798 cal_table:48,,48,Engine Load Compensation; Injector Latency Primary; Injector Latency Secondary; Primary Injector Size; Secondary Injector Size; Secondary Injector Size #2; Table 2D - 171_; Table 2D - 172_; ...
60E0E700_N3YLEE__vs__60E0FC00,60E0E700_N3YLEE,60E0FC00,0x78854,0x7c776,16162,cal_data,cal_data:15816 cal_table:346,,346,AirFlow Inj Angle Related; Airflow Or Load Related; Auxillary Valve Close; Barometric Pressure Sensor Max Voltage; Barometric Pressure Sensor Min Voltage; Barometric Pressure Sensor Offset; Barometric Pressure Sensor Slope; Injection Angle; ...
60E0E700_N3YLEE__vs__60E0FC00,60E0E700_N3YLEE,60E0FC00,0x7c77e,0x7c7ae,48,cal_data,cal_data:46 cal_table:2,,2,Table 2D - 285_; X
60E0E700_N3YLEE__vs__60E0FC00,60E0E700_N3YLEE,60E0FC00,0x7c7b6,0x7db15,4959,cal_data,cal_data:4834 cal_table:103 tail:22,,103,Ignition Dwell Time_; Table 2D - 235_; Table 2D - 236_; Table 2D - 237_; Table 2D - 238_; Table 2D - 239_; Table 2D - 240_; Table 2D - 241_; ...
60E0E700_N3YLEE__vs__60E0FC00,60E0E700_N3YLEE,60E0FC00,0x7fb01,0x7fb04,3,tail,tail:3,,0,
60E0E700_N3YLEE__vs__60E0FC00,60E0E700_N3YLEE,60E0FC00,0x7fb88,0x7fb8c,4,tail,tail:4,,0,
60E0E700_N3YLEE__vs__60E0FC00,60E0E700_N3YLEE,60E0FC00,0x7fff4,0x7fff8,4,tail,tail:4,,0,
60E0E700_N3YLEE__vs__60E15120_N3J1E,60E0E700_N3YLEE,60E15120_N3J1E,0xffb,0xffe,3,header,header:3,,0,
60E0E700_N3YLEE__vs__60E15120_N3J1E,60E0E700_N3YLEE,60E15120_N3J1E,0x2003,0x2007,4,code,code:4,,0,
60E0E700_N3YLEE__vs__60E15120_N3J1E,60E0E700_N3YLEE,60E15120_N3J1E,0x2020,0x2022,2,code,code:2,,0,
60E0E700_N3YLEE__vs__60E15120_N3J1E,60E0E700_N3YLEE,60E15120_N3J1E,0x5342,0x5343,1,code,code:1,,0,
60E0E700_N3YLEE__vs__60E15120_N3J1E,60E0E700_N3YLEE,60E15120_N3J1E,0x628f,0x6290,1,code,code:1,,0,
60E0E700_N3YLEE__vs__60E15120_N3J1E,60E0E700_N3YLEE,60E15120_N3J1E,0x63d7,0x63e4,13,code,code:13,,0,
60E0E700_N3YLEE__vs__60E15120_N3J1E,60E0E700_N3YLEE,60E15120_N3J1E,0x63ef,0x63f0,1,code,code:1,,0,
60E0E700_N3YLEE__vs__60E15120_N3J1E,60E0E700_N3YLEE,60E15120_N3J1E,0x652a,0x652c,2,code,code:2,,0,
60E0E700_N3YLEE__vs__60E15120_N3J1E,60E0E700_N3YLEE,60E15120_N3J1E,0x655a,0x655c,2,code,code:2,,0,
60E0E700_N3YLEE__vs__60E15120_N3J1E,60E0E700_N3YLEE,60E15120_N3J1E,0x656f,0x6578,9,code,code:9,,0,
60E0E700_N3YLEE__vs__60E15120_N3J1E,60E0E700_N3YLEE,60E15120_N3J1E,0x6583,0x6584,1,code,code:1,,0,
60E0E700_N3YLEE__vs__60E15120_N3J1E,60E0E700_N3YLEE,60E15120_N3J1E,0x66ba,0x66bc,2,code,code:2,,0,
60E0E700_N3YLEE__vs__60E15120_N3J1E,60E0E700_N3YLEE,60E15120_N3J1E,0x66cb,0x66cc,1,code,code:1,,0,
60E0E700_N3YLEE__vs__60E15120_N3J1E,60E0E700_N3YLEE,60E15120_N3J1E,0x66da,0x66e8,14,code,code:14,,0,
60E0E700_N3YLEE__vs__60E15120_N3J1E,60E0E700_N3YLEE,60E15120_N3J1E,0x66fb,0x6704,9,code,code:9,,0,
60E0E700_N3YLEE__vs__60E15120_N3J1E,60E0E700_N3YLEE,60E15120_N3J1E,0x670f,0x6724,21,code,code:21,,0,
60E0E700_N3YLEE__vs__60E15120_N3J1E,60E0E700_N3YLEE,60E15120_N3J1E,0x6737,0x6744,13,code,code:13,,0,
60E0E700_N3YLEE__vs__60E15120_N3J1E,60E0E700_N3YLEE,60E15120_N3J1E,0x730a,0x730b,1,code,code:1,,0,
60E0E700_N3YLEE__vs__60E15120_N3J1E,60E0E700_N3YLEE,60E15120_N3J1E,0x731a,0x731c,2,code,code:2,,0,
60E0E700_N3YLEE__vs__60E15120_N3J1E,60E0E700_N3YLEE,60E15120_N3J1E,0x732a,0x732f,5,code,code:5,,0,
60E0E700_N3YLEE__vs__60E15120_N3J1E,60E0E700_N3YLEE,60E15120_N3J1E,0x7386,0x7387,1,code,code:1,,0,
60E0E700_N3YLEE__vs__60E15120_N3J1E,60E0E700_N3YLEE,60E15120_N3J1E,0x7392,0x7393,1,code,code:1,,0,
60E0E700_N3YLEE__vs__60E15120_N3J1E,60E0E700_N3YLEE,60E15120_N3J1E,0x7412,0x7413,1,code,code:1,,0,
60E0E700_N3YLEE__vs__60E15120_N3J1E,60E0E700_N3YLEE,60E15120_N3J1E,0x7422,0x7424,2,code,code:2,,0,
60E0E700_N3YLEE__vs__60E15120_N3J1E,60E0E700_N3YLEE,60E15120_N3J1E,0x7432,0x7437,5,code,code:5,,0,
60E0E700_N3YLEE__vs__60E15120_N3J1E,60E0E700_N3YLEE,60E15120_N3J1E,0x7496,0x7498,2,code,code:2,,0,
60E0E700_N3YLEE__vs__60E15120_N3J1E,60E0E700_N3YLEE,60E15120_N3J1E,0x74a6,0x74ab,5,code,code:5,,0,
60E0E700_N3YLEE__vs__60E15120_N3J1E,60E0E700_N3YLEE,60E15120_N3J1E,0x76aa,0x76ab,1,code,code:1,,0,
60E0E700_N3YLEE__vs__60E15120_N3J1E,60E0E700_N3YLEE,60E15120_N3J1E,0x77c2,0x77c3,1,code,code:1,,0,
60E0E700_N3YLEE__vs__60E15120_N3J1E,60E0E700_N3YLEE,60E15120_N3J1E,0x7b1a,0x7b1c,2,code,code:2,,0,
60E0E700_N3YLEE__vs__60E15120_N3J1E,60E0E700_N3YLEE,60E15120_N3J1E,0x7b2e,0x7b30,2,code,code:2,,0,
60E0E700_N3YLEE__vs__60E15120_N3J1E,60E0E700_N3YLEE,60E15120_N3J1E,0x7c3a,0x7c3b,1,code,code:1,,0,
60E0E700_N3YLEE__vs__60E15120_N3J1E,60E0E700_N3YLEE,60E15120_N3J1E,0x7c56,0x7c57,1,code,code:1,,0,
60E0E700_N3YLEE__vs__60E15120_N3J1E,60E0E700_N3YLEE,60E15120_N3J1E,0x7e8a,0x7e8b,1,code,code:1,,0,
60E0E700_N3YLEE__vs__60E15120_N3J1E,60E0E700_N3YLEE,60E15120_N3J1E,0x7f8a,0x7f8b,1,code,code:1,,0,
60E0E700_N3YLEE__vs__60E15120_N3J1E,60E0E700_N3YLEE,60E15120_N3J1E,0x8e6a,0x8e6b,1,code,code:1,,0,
60E0E700_N3YLEE__vs__60E15120_N3J1E,60E0E700_N3YLEE,60E15120_N3J1E,0x94de,0x94e0,2,code,code:2,,0,
60E0E700_N3YLEE__vs__60E15120_N3J1E,60E0E700_N3YLEE,60E15120_N3J1E,0x961a,0x9630,22,code,code:22,,0,
60E0E700_N3YLEE__vs__60E15120_N3J1E,60E0E700_N3YLEE,60E15120_N3J1E,0x9886,0x9890,10,code,code:10,,0,
60E0E700_N3YLEE__vs__60E15120_N3J1E,60E0E700_N3YLEE,60E15120_N3J1E,0xa9fa,0xa9fc,2,code,code:2,,0,
60E0E700_N3YLEE__vs__60E15120_N3J1E,60E0E700_N3YLEE,60E15120_N3J1E,0xab1a,0xab20,6,code,code:6,,0,
60E0E700_N3YLEE__vs__60E15120_N3J1E,60E0E700_N3YLEE,60E15120_N3J1E,0xac9a,0xac9c,2,code,code:2,,0,
60E0E700_N3YLEE__vs__60E15120_N3J1E,60E0E700_N3YLEE,60E15120_N3J1E,0xacda,0xacdc,2,code,code:2,,0,
60E0E700_N3YLEE__vs__60E15120_N3J1E,60E0E700_N3YLEE,60E15120_N3J1E,0xace6,0xace8,2,code,code:2,,0,
60E0E700_N3YLEE__vs__60E15120_N3J1E,60E0E700_N3YLEE,60E15120_N3J1E,0xae86,0xae87,1,code,code:1,,0,
60E0E700_N3YLEE__vs__60E15120_N3J1E,60E0E700_N3YLEE,60E15120_N3J1E,0xae9a,0xaeab,17,code,code:17,,0,
60E0E700_N3YLEE__vs__60E15120_N3J1E,60E0E700_N3YLEE,60E15120_N3J1E,0xaeb6,0xaed8,34,code,code:34,,0,
60E0E700_N3YLEE__vs__60E15120_N3J1E,60E0E700_N3YLEE,60E15120_N3J1E,0xaee2,0xaee4,2,code,code:2,,0,
60E0E700_N3YLEE__vs__60E15120_N3J1E,60E0E700_N3YLEE,60E15120_N3J1E,0xb01e,0xb01f,1,code,code:1,,0,
60E0E700_N3YLEE__vs__60E15120_N3J1E,60E0E700_N3YLEE,60E15120_N3J1E,0xb036,0xb037,1,code,code:1,,0,
60E0E700_N3YLEE__vs__60E15120_N3J1E,60E0E700_N3YLEE,60E15120_N3J1E,0xb046,0xb047,1,code,code:1,,0,
60E0E700_N3YLEE__vs__60E15120_N3J1E,60E0E700_N3YLEE,60E15120_N3J1E,0xb052,0xb054,2,code,code:2,,0,
60E0E700_N3YLEE__vs__60E15120_N3J1E,60E0E700_N3YLEE,60E15120_N3J1E,0xb142,0xb150,14,code,code:14,,0,
60E0E700_N3YLEE__vs__60E15120_N3J1E,60E0E700_N3YLEE,60E15120_N3J1E,0xb166,0xb16f,9,code,code:9,,0,
60E0E700_N3YLEE__vs__60E15120_N3J1E,60E0E700_N3YLEE,60E15120_N3J1E,0xb17a,0xb17f,5,code,code:5,,0,
60E0E700_N3YLEE__vs__60E15120_N3J1E,60E0E700_N3YLEE,60E15120_N3J1E,0xb216,0xb217,1,code,code:1,,0,
60E0E700_N3YLEE__vs__60E15120_N3J1E,60E0E700_N3YLEE,60E15120_N3J1E,0xb222,0xb223,1,code,code:1,,0,
60E0E700_N3YLEE__vs__60E15120_N3J1E,60E0E700_N3YLEE,60E15120_N3J1E,0xb4ce,0xb4eb,29,code,code:29,,0,
60E0E700_N3YLEE__vs__60E15120_N3J1E,60E0E700_N3YLEE,60E15120_N3J1E,0xb66a,0xb66c,2,code,code:2,,0,
60E0E700_N3YLEE__vs__60E15120_N3J1E,60E0E700_N3YLEE,60E15120_N3J1E,0xc2ca,0xc2dc,18,code,code:18,,0,
60E0E700_N3YLEE__vs__60E15120_N3J1E,60E0E700_N3YLEE,60E15120_N3J1E,0xc2ea,0xc2ec,2,code,code:2,,0,
60E0E700_N3YLEE__vs__60E15120_N3J1E,60E0E700_N3YLEE,60E15120_N3J1E,0xc30a,0xc30c,2,code,code:2,,0,
60E0E700_N3YLEE__vs__60E15120_N3J1E,60E0E700_N3YLEE,60E15120_N3J1E,0xc332,0xc337,5,code,code:5,,0,
60E0E700_N3YLEE__vs__60E15120_N3J1E,60E0E700_N3YLEE,60E15120_N3J1E,0xc452,0xc460,14,code,code:14,,0,
60E0E700_N3YLEE__vs__60E15120_N3J1E,60E0E700_N3YLEE,60E15120_N3J1E,0xc46e,0xc470,2,code,code:2,,0,
60E0E700_N3YLEE__vs__60E15120_N3J1E,60E0E700_N3YLEE,60E15120_N3J1E,0xc6da,0xc6dc,2,code,code:2,,0,
60E0E700_N3YLEE__vs__60E15120_N3J1E,60E0E700_N3YLEE,60E15120_N3J1E,0xc6f6,0xc6f8,2,code,code:2,,0,
60E0E700_N3YLEE__vs__60E15120_N3J1E,60E0E700_N3YLEE,60E15120_N3J1E,0xc727,0xc728,1,code,code:1,,0,
60E0E700_N3YLEE__vs__60E15120_N3J1E,60E0E700_N3YLEE,60E15120_N3J1E,0xc73a,0xc754,26,code,code:26,,0,
60E0E700_N3YLEE__vs__60E15120_N3J1E,60E0E700_N3YLEE,60E15120_N3J1E,0xc766,0xc768,2,code,code:2,,0,
60E0E700_N3YLEE__vs__60E15120_N3J1E,60E0E700_N3YLEE,60E15120_N3J1E,0xc89a,0xc89c,2,code,code:2,,0,
60E0E700_N3YLEE__vs__60E15120_N3J1E,60E0E700_N3YLEE,60E15120_N3J1E,0xca06,0xca14,14,code,code:14,,0,
60E0E700_N3YLEE__vs__60E15120_N3J1E,60E0E700_N3YLEE,60E15120_N3J1E,0xd1ba,0xd1bb,1,code,code:1,,0,
60E0E700_N3YLEE__vs__60E15120_N3J1E,60E0E700_N3YLEE,60E15120_N3J1E,0xd1ca,0xd1d0,6,code,code:6,,0,
60E0E700_N3YLEE__vs__60E15120_N3J1E,60E0E700_N3YLEE,60E15120_N3J1E,0xd1da,0xd1df,5,code,code:5,,0,
60E0E700_N3YLEE__vs__60E15120_N3J1E,60E0E700_N3YLEE,60E15120_N3J1E,0xd886,0xd888,2,code,code:2,,0,
60E0E700_N3YLEE__vs__60E15120_N3J1E,60E0E700_N3YLEE,60E15120_N3J1E,0xd993,0xd9ac,25,code,code:25,,0,
60E0E700_N3YLEE__vs__60E15120_N3J1E,60E0E700_N3YLEE,60E15120_N3J1E,0xd9db,0xd9f4,25,code,code:25,,0,
60E0E700_N3YLEE__vs__60E15120_N3J1E,60E0E700_N3YLEE,60E15120_N3J1E,0xdb0f,0xdb28,25,code,code:25,,0,
60E0E700_N3YLEE__vs__60E15120_N3J1E,60E0E700_N3YLEE,60E15120_N3J1E,0xdb32,0xdb58,38,code,code:38,,0,
60E0E700_N3YLEE__vs__60E15120_N3J1E,60E0E700_N3YLEE,60E15120_N3J1E,0xdc5d,0xdc64,7,code,code:7,,0,
60E0E700_N3YLEE__vs__60E15120_N3J1E,60E0E700_N3YLEE,60E15120_N3J1E,0xdc72,0xdcc0,78,code,code:78,,0,
60E0E700_N3YLEE__vs__60E15120_N3J1E,60E0E700_N3YLEE,60E15120_N3J1E,0xddbd,0xddc0,3,code,code:3,,0,
60E0E700_N3YLEE__vs__60E15120_N3J1E,60E0E700_N3YLEE,60E15120_N3J1E,0xdedb,0xdeea,15,code,code:15,,0,
60E0E700_N3YLEE__vs__60E15120_N3J1E,60E0E700_N3YLEE,60E15120_N3J1E,0xdef2,0xdf08,22,code,code:22,,0,
60E0E700_N3YLEE__vs__60E15120_N3J1E,60E0E700_N3YLEE,60E15120_N3J1E,0xe017,0xe038,33,code,code:33,,0,
60E0E700_N3YLEE__vs__60E15120_N3J1E,60E0E700_N3YLEE,60E15120_N3J1E,0xe14e,0xe158,10,code,code:10,,0,
60E0E700_N3YLEE__vs__60E15120_N3J1E,60E0E700_N3YLEE,60E15120_N3J1E,0xe176,0xe17c,6,code,code:6,,0,
60E0E700_N3YLEE__vs__60E15120_N3J1E,60E0E700_N3YLEE,60E15120_N3J1E,0xe1a5,0xe1ac,7,code,code:7,,0,
60E0E700_N3YLEE__vs__60E15120_N3J1E,60E0E700_N3YLEE,60E15120_N3J1E,0xe29d,0xe2a7,10,code,code:10,,0,
60E0E700_N3YLEE__vs__60E15120_N3J1E,60E0E700_N3YLEE,60E15120_N3J1E,0xe2d5,0xe710,1083,code,code:1083,,0,
60E0E700_N3YLEE__vs__60E15120_N3J1E,60E0E700_N3YLEE,60E15120_N3J1E,0xe719,0xe720,7,code,code:7,,0,
60E0E700_N3YLEE__vs__60E15120_N3J1E,60E0E700_N3YLEE,60E15120_N3J1E,0xe72d,0xe734,7,code,code:7,,0,
60E0E700_N3YLEE__vs__60E15120_N3J1E,60E0E700_N3YLEE,60E15120_N3J1E,0xe741,0xe748,7,code,code:7,,0,
60E0E700_N3YLEE__vs__60E15120_N3J1E,60E0E700_N3YLEE,60E15120_N3J1E,0xe755,0xea94,831,code,code:831,,0,
60E0E700_N3YLEE__vs__60E15120_N3J1E,60E0E700_N3YLEE,60E15120_N3J1E,0xea9c,0x10bac,8464,code,code:8464,,0,
60E0E700_N3YLEE__vs__60E15120_N3J1E,60E0E700_N3YLEE,60E15120_N3J1E,0x10bb4,0x10bba,6,code,code:6,,0,
60E0E700_N3YLEE__vs__60E15120_N3J1E,60E0E700_N3YLEE,60E15120_N3J1E,0x10bc5,0x10c32,109,code,code:109,,0,
60E0E700_N3YLEE__vs__60E15120_N3J1E,60E0E700_N3YLEE,60E15120_N3J1E,0x10c3a,0x10c6c,50,code,code:50,,0,
60E0E700_N3YLEE__vs__60E15120_N3J1E,60E0E700_N3YLEE,60E15120_N3J1E,0x10c74,0x1ee14,57760,code,code:57760,,0,
60E0E700_N3YLEE__vs__60E15120_N3J1E,60E0E700_N3YLEE,60E15120_N3J1E,0x1ee22,0x1ee4e,44,code,code:44,,0,
60E0E700_N3YLEE__vs__60E15120_N3J1E,60E0E700_N3YLEE,60E15120_N3J1E,0x1ee56,0x2bda6,53072,code,code:53072,,0,
60E0E700_N3YLEE__vs__60E15120_N3J1E,60E0E700_N3YLEE,60E15120_N3J1E,0x2bdaf,0x42661,92338,code,code:92338,,0,
60E0E700_N3YLEE__vs__60E15120_N3J1E,60E0E700_N3YLEE,60E15120_N3J1E,0x4266e,0x53cd4,71270,code,code:71270,,0,
60E0E700_N3YLEE__vs__60E15120_N3J1E,60E0E700_N3YLEE,60E15120_N3J1E,0x53cdc,0x693a5,87753,code,code:87753,,0,
60E0E700_N3YLEE__vs__60E15120_N3J1E,60E0E700_N3YLEE,60E15120_N3J1E,0x693ae,0x6943d,143,code,code:143,,0,
60E0E700_N3YLEE__vs__60E15120_N3J1E,60E0E700_N3YLEE,60E15120_N3J1E,0x69445,0x69451,12,code,code:12,,0,
60E0E700_N3YLEE__vs__60E15120_N3J1E,60E0E700_N3YLEE,60E15120_N3J1E,0x69459,0x6958b,306,code,code:306,,0,
60E0E700_N3YLEE__vs__60E15120_N3J1E,60E0E700_N3YLEE,60E15120_N3J1E,0x69594,0x69d45,1969,code,code:1969,,0,
60E0E700_N3YLEE__vs__60E15120_N3J1E,60E0E700_N3YLEE,60E15120_N3J1E,0x69d4d,0x6a1aa,1117,code,code:1117,,0,
60E0E700_N3YLEE__vs__60E15120_N3J1E,60E0E700_N3YLEE,60E15120_N3J1E,0x6a1b6,0x6a375,447,code,code:447,,0,
60E0E700_N3YLEE__vs__60E15120_N3J1E,60E0E700_N3YLEE,60E15120_N3J1E,0x6a37d,0x6a598,539,code,code:539,,0,
60E0E700_N3YLEE__vs__60E15120_N3J1E,60E0E700_N3YLEE,60E15120_N3J1E,0x6a5a2,0x6a5aa,8,code,code:8,,0,
60E0E700_N3YLEE__vs__60E15120_N3J1E,60E0E700_N3YLEE,60E15120_N3J1E,0x6a5b6,0x6bc7c,5830,code,code:5830,,0,
60E0E700_N3YLEE__vs__60E15120_N3J1E,60E0E700_N3YLEE,60E15120_N3J1E,0x6c000,0x6c061,97,code,code:97,,0,
60E0E700_N3YLEE__vs__60E15120_N3J1E,60E0E700_N3YLEE,60E15120_N3J1E,0x6c0e0,0x6d7f8,5912,padding,padding:2960 cal_data:2500 code:400 cal_table:52,,52,Barometric Pressure Sensor Max ADC Count; Barometric Pressure Sensor Min ADC Count; Cold Rev Limit; Cold Rev Limit Threshold; Idle Related; Ignition 2; Ignition Leading 0; Ignition Leading 1; ...
60E0E700_N3YLEE__vs__60E15120_N3J1E,60E0E700_N3YLEE,60E15120_N3J1E,0x6d80d,0x6dcf2,1253,cal_data,cal_data:1245 cal_table:8,,8,Ignition Leading Base; Ignition Leading Base - Safe Mode; X; X; X; Y; Y; Y
60E0E700_N3YLEE__vs__60E15120_N3J1E,60E0E700_N3YLEE,60E15120_N3J1E,0x6dd10,0x700a8,9112,cal_data,cal_data:8936 cal_table:176,,176,CLT Sensor Scaling; IAT Sensor Scaling; Idle Target; Idle Target 0; Idle Target 1; Idle Target 2; Idle Target 3; Idle Target 4; ...
60E0E700_N3YLEE__vs__60E15120_N3J1E,60E0E700_N3YLEE,60E15120_N3J1E,0x700d4,0x7189c,6088,cal_data,cal_data:5988 cal_table:100,,100,Table 2D - 302 Check DataType; Table 2D - 303 Check DataType; Table 2D - 304 Check DataType; Table 2D - 305 Check DataType; Table 2D - 306 Check DataType; Table 2D - 307 Check DataType; Table 2D - 308 Check DataType; Table 2D - 309 Check DataType; ...
60E0E700_N3YLEE__vs__60E15120_N3J1E,60E0E700_N3YLEE,60E15120_N3J1E,0x718b4,0x71c3e,906,cal_data,cal_data:888 cal_table:18,,18,Table 2D - 314 Check DataType; Table 2D - 315 Check DataType; Table 2D - 316 Check DataType; Table 2D - 317 Check DataType; Table 2D - 318 Check DataType; Table 2D - 319 Check DataType; Table 2D - 83_; Table 2D - 84_; ...
60E0E700_N3YLEE__vs__60E15120_N3J1E,60E0E700_N3YLEE,60E15120_N3J1E,0x71c48,0x72fc6,4990,cal_data,cal_data:4881 cal_table:109,,109,Fuelling - Safe Mode; Fuelling 0; Fuelling 1; Fuelling 10 - Safe Mode; Fuelling 11; Fuelling 12; Fuelling 13 - Safe Mode; Fuelling 14 - Safe mode; ...
60E0E700_N3YLEE__vs__60E15120_N3J1E,60E0E700_N3YLEE,60E15120_N3J1E,0x72fcf,0x759aa,10715,cal_data,cal_data:10585 cal_table:130,,130,Accel Pedal to Throttle Position #1; Accel Pedal to Throttle Position #2; Accel Pedal to Throttle Position #3; Accel Pedal to Throttle Position #4; Maximum Throttle Angle; Table 2D - 119_; Table 2D - 120_; Table 2D - 121_; ...
60E0E700_N3YLEE__vs__60E15120_N3J1E,60E0E700_N3YLEE,60E15120_N3J1E,0x759b2,0x759d4,34,cal_data,cal_data:33 cal_table:1,,1,Table 2D - 157_
60E0E700_N3YLEE__vs__60E15120_N3J1E,60E0E700_N3YLEE,60E15120_N3J1E,0x759dc,0x78207,10283,cal_data,cal_data:10166 cal_table:117,,117,Estimated Manifold Pressure; Injector Latency Primary; Injector Latency Secondary; Table 2D - 158_; Table 2D - 159_; Table 2D - 160_; Table 2D - 161_; Table 2D - 162_; ...
60E0E700_N3YLEE__vs__60E15120_N3J1E,60E0E700_N3YLEE,60E15120_N3J1E,0x78210,0x7bd76,15206,cal_data,cal_data:14861 cal_table:345,,345,AirFlow Inj Angle Related; Airflow Or Load Related; Auxillary Valve Close; Barometric Pressure Sensor Max Voltage; Barometric Pressure Sensor Min Voltage; Barometric Pressure Sensor Offset; Barometric Pressure Sensor Slope; Engine Load Compensation; ...
60E0E700_N3YLEE__vs__60E15120_N3J1E,60E0E700_N3YLEE,60E15120_N3J1E,0x7bd87,0x7e317,9616,cal_data,cal_data:7396 tail:2072 cal_table:148,,148,Ignition Dwell Time_; Load Limit A; Load Limit B; Load Limit C; Table 2D - 235_; Table 2D - 236_; Table 2D - 237_; Table 2D - 238_; ...
60E0E700_N3YLEE__vs__60E15120_N3J1E,60E0E700_N3YLEE,60E15120_N3J1E,0x7e32a,0x7e652,808,tail,tail:808,,0,
60E0E700_N3YLEE__vs__60E15120_N3J1E,60E0E700_N3YLEE,60E15120_N3J1E,0x7e678,0x7f760,4328,tail,tail:4328,,0,
60E0E700_N3YLEE__vs__60E15120_N3J1E,60E0E700_N3YLEE,60E15120_N3J1E,0x7fb01,0x7fb04,3,tail,tail:3,,0,
60E0E700_N3YLEE__vs__60E15120_N3J1E,60E0E700_N3YLEE,60E15120_N3J1E,0x7fb88,0x7fb8c,4,tail,tail:4,,0,
60E0E700_N3YLEE__vs__60E15120_N3J1E,60E0E700_N3YLEE,60E15120_N3J1E,0x7fff4,0x7fff8,4,tail,tail:4,,0,
60E0E700_N3YLEE__vs__60E1B900,60E0E700_N3YLEE,60E1B900,0xffb,0x1008,13,header,header:13,,0,
60E0E700_N3YLEE__vs__60E1B900,60E0E700_N3YLEE,60E1B900,0x1039,0x1302,713,header,header:713,,0,
60E0E700_N3YLEE__vs__60E1B900,60E0E700_N3YLEE,60E1B900,0x130b,0x2006,3323,header,header:3317 code:6,,0,
60E0E700_N3YLEE__vs__60E1B900,60E0E700_N3YLEE,60E1B900,0x2020,0x2023,3,code,code:3,,0,
60E0E700_N3YLEE__vs__60E1B900,60E0E700_N3YLEE,60E1B900,0x2723,0x2724,1,code,code:1,,0,
60E0E700_N3YLEE__vs__60E1B900,60E0E700_N3YLEE,60E1B900,0x273b,0x273c,1,code,code:1,,0,
60E0E700_N3YLEE__vs__60E1B900,60E0E700_N3YLEE,60E1B900,0x2753,0x2754,1,code,code:1,,0,
60E0E700_N3YLEE__vs__60E1B900,60E0E700_N3YLEE,60E1B900,0x276a,0x276c,2,code,code:2,,0,
60E0E700_N3YLEE__vs__60E1B900,60E0E700_N3YLEE,60E1B900,0x2782,0x2784,2,code,code:2,,0,
60E0E700_N3YLEE__vs__60E1B900,60E0E700_N3YLEE,60E1B900,0x279b,0x279c,1,code,code:1,,0,
60E0E700_N3YLEE__vs__60E1B900,60E0E700_N3YLEE,60E1B900,0x27b3,0x27b4,1,code,code:1,,0,
60E0E700_N3YLEE__vs__60E1B900,60E0E700_N3YLEE,60E1B900,0x27cb,0x27cc,1,code,code:1,,0,
60E0E700_N3YLEE__vs__60E1B900,60E0E700_N3YLEE,60E1B900,0x27e3,0x27e4,1,code,code:1,,0,
60E0E700_N3YLEE__vs__60E1B900,60E0E700_N3YLEE,60E1B900,0x27fb,0x27fc,1,code,code:1,,0,
60E0E700_N3YLEE__vs__60E1B900,60E0E700_N3YLEE,60E1B900,0x2813,0x2814,1,code,code:1,,0,
60E0E700_N3YLEE__vs__60E1B900,60E0E700_N3YLEE,60E1B900,0x282b,0x282c,1,code,code:1,,0,
60E0E700_N3YLEE__vs__60E1B900,60E0E700_N3YLEE,60E1B900,0x2843,0x2844,1,code,code:1,,0,
60E0E700_N3YLEE__vs__60E1B900,60E0E700_N3YLEE,60E1B900,0x285b,0x285c,1,code,code:1,,0,
60E0E700_N3YLEE__vs__60E1B900,60E0E700_N3YLEE,60E1B900,0x2873,0x2874,1,code,code:1,,0,
60E0E700_N3YLEE__vs__60E1B900,60E0E700_N3YLEE,60E1B900,0x288b,0x288c,1,code,code:1,,0,
60E0E700_N3YLEE__vs__60E1B900,60E0E700_N3YLEE,60E1B900,0x28a3,0x28a4,1,code,code:1,,0,
60E0E700_N3YLEE__vs__60E1B900,60E0E700_N3YLEE,60E1B900,0x28bb,0x28bc,1,code,code:1,,0,
60E0E700_N3YLEE__vs__60E1B900,60E0E700_N3YLEE,60E1B900,0x28d3,0x28d4,1,code,code:1,,0,
60E0E700_N3YLEE__vs__60E1B900,60E0E700_N3YLEE,60E1B900,0x28ea,0x28ec,2,code,code:2,,0,
60E0E700_N3YLEE__vs__60E1B900,60E0E700_N3YLEE,60E1B900,0x2902,0x2904,2,code,code:2,,0,
60E0E700_N3YLEE__vs__60E1B900,60E0E700_N3YLEE,60E1B900,0x291b,0x291c,1,code,code:1,,0,
60E0E700_N3YLEE__vs__60E1B900,60E0E700_N3YLEE,60E1B900,0x2933,0x2934,1,code,code:1,,0,
60E0E700_N3YLEE__vs__60E1B900,60E0E700_N3YLEE,60E1B900,0x294b,0x294c,1,code,code:1,,0,
60E0E700_N3YLEE__vs__60E1B900,60E0E700_N3YLEE,60E1B900,0x2963,0x2964,1,code,code:1,,0,
60E0E700_N3YLEE__vs__60E1B900,60E0E700_N3YLEE,60E1B900,0x297b,0x297c,1,code,code:1,,0,
60E0E700_N3YLEE__vs__60E1B900,60E0E700_N3YLEE,60E1B900,0x2993,0x2994,1,code,code:1,,0,
60E0E700_N3YLEE__vs__60E1B900,60E0E700_N3YLEE,60E1B900,0x29ab,0x29ac,1,code,code:1,,0,
60E0E700_N3YLEE__vs__60E1B900,60E0E700_N3YLEE,60E1B900,0x29c3,0x29c4,1,code,code:1,,0,
60E0E700_N3YLEE__vs__60E1B900,60E0E700_N3YLEE,60E1B900,0x29db,0x29dc,1,code,code:1,,0,
60E0E700_N3YLEE__vs__60E1B900,60E0E700_N3YLEE,60E1B900,0x29f3,0x29f4,1,code,code:1,,0,
60E0E700_N3YLEE__vs__60E1B900,60E0E700_N3YLEE,60E1B900,0x2a0b,0x2a0c,1,code,code:1,,0,
60E0E700_N3YLEE__vs__60E1B900,60E0E700_N3YLEE,60E1B900,0x2a22,0x2a24,2,code,code:2,,0,
60E0E700_N3YLEE__vs__60E1B900,60E0E700_N3YLEE,60E1B900,0x2a3a,0x2a3c,2,code,code:2,,0,
60E0E700_N3YLEE__vs__60E1B900,60E0E700_N3YLEE,60E1B900,0x2a53,0x2a54,1,code,code:1,,0,
60E0E700_N3YLEE__vs__60E1B900,60E0E700_N3YLEE,60E1B900,0x2a6b,0x2a6c,1,code,code:1,,0,
60E0E700_N3YLEE__vs__60E1B900,60E0E700_N3YLEE,60E1B900,0x2a83,0x2a84,1,code,code:1,,0,
60E0E700_N3YLEE__vs__60E1B900,60E0E700_N3YLEE,60E1B900,0x2a9b,0x2a9c,1,code,code:1,,0,
60E0E700_N3YLEE__vs__60E1B900,60E0E700_N3YLEE,60E1B900,0x2ab3,0x2ab4,1,code,code:1,,0,
60E0E700_N3YLEE__vs__60E1B900,60E0E700_N3YLEE,60E1B900,0x2acb,0x2acc,1,code,code:1,,0,
60E0E700_N3YLEE__vs__60E1B900,60E0E700_N3YLEE,60E1B900,0x2ae3,0x2ae4,1,code,code:1,,0,
60E0E700_N3YLEE__vs__60E1B900,60E0E700_N3YLEE,60E1B900,0x2afb,0x2afc,1,code,code:1,,0,
60E0E700_N3YLEE__vs__60E1B900,60E0E700_N3YLEE,60E1B900,0x2b13,0x2b14,1,code,code:1,,0,
60E0E700_N3YLEE__vs__60E1B900,60E0E700_N3YLEE,60E1B900,0x2b2b,0x2b2c,1,code,code:1,,0,
60E0E700_N3YLEE__vs__60E1B900,60E0E700_N3YLEE,60E1B900,0x2b43,0x2b44,1,code,code:1,,0,
60E0E700_N3YLEE__vs__60E1B900,60E0E700_N3YLEE,60E1B900,0x2b5b,0x2b5c,1,code,code:1,,0,
60E0E700_N3YLEE__vs__60E1B900,60E0E700_N3YLEE,60E1B900,0x2b73,0x2b74,1,code,code:1,,0,
60E0E700_N3YLEE__vs__60E1B900,60E0E700_N3YLEE,60E1B900,0x2b8b,0x2b8c,1,code,code:1,,0,
60E0E700_N3YLEE__vs__60E1B900,60E0E700_N3YLEE,60E1B900,0x2ba3,0x2ba4,1,code,code:1,,0,
60E0E700_N3YLEE__vs__60E1B900,60E0E700_N3YLEE,60E1B900,0x2bba,0x2bbc,2,code,code:2,,0,
60E0E700_N3YLEE__vs__60E1B900,60E0E700_N3YLEE,60E1B900,0x2bd2,0x2bd4,2,code,code:2,,0,
60E0E700_N3YLEE__vs__60E1B900,60E0E700_N3YLEE,60E1B900,0x2beb,0x2bec,1,code,code:1,,0,
60E0E700_N3YLEE__vs__60E1B900,60E0E700_N3YLEE,60E1B900,0x2c03,0x2c04,1,code,code:1,,0,
60E0E700_N3YLEE__vs__60E1B900,60E0E700_N3YLEE,60E1B900,0x2c1b,0x2c1c,1,code,code:1,,0,
60E0E700_N3YLEE__vs__60E1B900,60E0E700_N3YLEE,60E1B900,0x2c33,0x2c34,1,code,code:1,,0,
60E0E700_N3YLEE__vs__60E1B900,60E0E700_N3YLEE,60E1B900,0x2c4b,0x2c4c,1,code,code:1,,0,
60E0E700_N3YLEE__vs__60E1B900,60E0E700_N3YLEE,60E1B900,0x2c63,0x2c64,1,code,code:1,,0,
60E0E700_N3YLEE__vs__60E1B900,60E0E700_N3YLEE,60E1B900,0x2c7b,0x2c7c,1,code,code:1,,0,
60E0E700_N3YLEE__vs__60E1B900,60E0E700_N3YLEE,60E1B900,0x2c93,0x2c94,1,code,code:1,,0,
60E0E700_N3YLEE__vs__60E1B900,60E0E700_N3YLEE,60E1B900,0x2cab,0x2cac,1,code,code:1,,0,
60E0E700_N3YLEE__vs__60E1B900,60E0E700_N3YLEE,60E1B900,0x2cc3,0x2cc4,1,code,code:1,,0,
60E0E700_N3YLEE__vs__60E1B900,60E0E700_N3YLEE,60E1B900,0x2cdb,0x2cdc,1,code,code:1,,0,
60E0E700_N3YLEE__vs__60E1B900,60E0E700_N3YLEE,60E1B900,0x2cf3,0x2cf4,1,code,code:1,,0,
60E0E700_N3YLEE__vs__60E1B900,60E0E700_N3YLEE,60E1B900,0x2d0b,0x2d0c,1,code,code:1,,0,
60E0E700_N3YLEE__vs__60E1B900,60E0E700_N3YLEE,60E1B900,0x2d22,0x2d24,2,code,code:2,,0,
60E0E700_N3YLEE__vs__60E1B900,60E0E700_N3YLEE,60E1B900,0x2d3a,0x2d3c,2,code,code:2,,0,
60E0E700_N3YLEE__vs__60E1B900,60E0E700_N3YLEE,60E1B900,0x2d53,0x2d54,1,code,code:1,,0,
60E0E700_N3YLEE__vs__60E1B900,60E0E700_N3YLEE,60E1B900,0x2d6b,0x2d6c,1,code,code:1,,0,
60E0E700_N3YLEE__vs__60E1B900,60E0E700_N3YLEE,60E1B900,0x2d83,0x2d84,1,code,code:1,,0,
60E0E700_N3YLEE__vs__60E1B900,60E0E700_N3YLEE,60E1B900,0x2d9b,0x2d9c,1,code,code:1,,0,
60E0E700_N3YLEE__vs__60E1B900,60E0E700_N3YLEE,60E1B900,0x2db3,0x2db4,1,code,code:1,,0,
60E0E700_N3YLEE__vs__60E1B900,60E0E700_N3YLEE,60E1B900,0x2dcb,0x2dcc,1,code,code:1,,0,
60E0E700_N3YLEE__vs__60E1B900,60E0E700_N3YLEE,60E1B900,0x2de3,0x2de4,1,code,code:1,,0,
60E0E700_N3YLEE__vs__60E1B900,60E0E700_N3YLEE,60E1B900,0x2dfb,0x2dfc,1,code,code:1,,0,
60E0E700_N3YLEE__vs__60E1B900,60E0E700_N3YLEE,60E1B900,0x2e13,0x2e14,1,code,code:1,,0,
60E0E700_N3YLEE__vs__60E1B900,60E0E700_N3YLEE,60E1B900,0x2e2b,0x2e2c,1,code,code:1,,0,
60E0E700_N3YLEE__vs__60E1B900,60E0E700_N3YLEE,60E1B900,0x2e42,0x2e44,2,code,code:2,,0,
60E0E700_N3YLEE__vs__60E1B900,60E0E700_N3YLEE,60E1B900,0x2e5a,0x2e5c,2,code,code:2,,0,
60E0E700_N3YLEE__vs__60E1B900,60E0E700_N3YLEE,60E1B900,0x2e73,0x2e74,1,code,code:1,,0,
60E0E700_N3YLEE__vs__60E1B900,60E0E700_N3YLEE,60E1B900,0x2e8b,0x2e8c,1,code,code:1,,0,
60E0E700_N3YLEE__vs__60E1B900,60E0E700_N3YLEE,60E1B900,0x2ea3,0x2ea4,1,code,code:1,,0,
60E0E700_N3YLEE__vs__60E1B900,60E0E700_N3YLEE,60E1B900,0x2ebb,0x2ebc,1,code,code:1,,0,
60E0E700_N3YLEE__vs__60E1B900,60E0E700_N3YLEE,60E1B900,0x2ed3,0x2ed4,1,code,code:1,,0,
60E0E700_N3YLEE__vs__60E1B900,60E0E700_N3YLEE,60E1B900,0x2eeb,0x2eec,1,code,code:1,,0,
60E0E700_N3YLEE__vs__60E1B900,60E0E700_N3YLEE,60E1B900,0x2f03,0x2f04,1,code,code:1,,0,
60E0E700_N3YLEE__vs__60E1B900,60E0E700_N3YLEE,60E1B900,0x2f1b,0x2f1c,1,code,code:1,,0,
60E0E700_N3YLEE__vs__60E1B900,60E0E700_N3YLEE,60E1B900,0x2f32,0x2f34,2,code,code:2,,0,
60E0E700_N3YLEE__vs__60E1B900,60E0E700_N3YLEE,60E1B900,0x2f4b,0x2f4c,1,code,code:1,,0,
60E0E700_N3YLEE__vs__60E1B900,60E0E700_N3YLEE,60E1B900,0x2f62,0x2f64,2,code,code:2,,0,
60E0E700_N3YLEE__vs__60E1B900,60E0E700_N3YLEE,60E1B900,0x2f7b,0x2f7c,1,code,code:1,,0,
60E0E700_N3YLEE__vs__60E1B900,60E0E700_N3YLEE,60E1B900,0x2f93,0x2f94,1,code,code:1,,0,
60E0E700_N3YLEE__vs__60E1B900,60E0E700_N3YLEE,60E1B900,0x2fab,0x2fac,1,code,code:1,,0,
60E0E700_N3YLEE__vs__60E1B900,60E0E700_N3YLEE,60E1B900,0x2fc3,0x2fc4,1,code,code:1,,0,
60E0E700_N3YLEE__vs__60E1B900,60E0E700_N3YLEE,60E1B900,0x2fda,0x2fdc,2,code,code:2,,0,
60E0E700_N3YLEE__vs__60E1B900,60E0E700_N3YLEE,60E1B900,0x2ff3,0x2ff4,1,code,code:1,,0,
60E0E700_N3YLEE__vs__60E1B900,60E0E700_N3YLEE,60E1B900,0x300b,0x300c,1,code,code:1,,0,
60E0E700_N3YLEE__vs__60E1B900,60E0E700_N3YLEE,60E1B900,0x3023,0x3024,1,code,code:1,,0,
60E0E700_N3YLEE__vs__60E1B900,60E0E700_N3YLEE,60E1B900,0x303b,0x303c,1,code,code:1,,0,
60E0E700_N3YLEE__vs__60E1B900,60E0E700_N3YLEE,60E1B900,0x3052,0x3054,2,code,code:2,,0,
60E0E700_N3YLEE__vs__60E1B900,60E0E700_N3YLEE,60E1B900,0x306b,0x306c,1,code,code:1,,0,
60E0E700_N3YLEE__vs__60E1B900,60E0E700_N3YLEE,60E1B900,0x3083,0x3084,1,code,code:1,,0,
60E0E700_N3YLEE__vs__60E1B900,60E0E700_N3YLEE,60E1B900,0x309b,0x309c,1,code,code:1,,0,
60E0E700_N3YLEE__vs__60E1B900,60E0E700_N3YLEE,60E1B900,0x30b3,0x30b4,1,code,code:1,,0,
60E0E700_N3YLEE__vs__60E1B900,60E0E700_N3YLEE,60E1B900,0x30cb,0x30cc,1,code,code:1,,0,
60E0E700_N3YLEE__vs__60E1B900,60E0E700_N3YLEE,60E1B900,0x30e3,0x30e4,1,code,code:1,,0,
60E0E700_N3YLEE__vs__60E1B900,60E0E700_N3YLEE,60E1B900,0x30fb,0x30fc,1,code,code:1,,0,
60E0E700_N3YLEE__vs__60E1B900,60E0E700_N3YLEE,60E1B900,0x3113,0x3114,1,code,code:1,,0,
60E0E700_N3YLEE__vs__60E1B900,60E0E700_N3YLEE,60E1B900,0x312b,0x312c,1,code,code:1,,0,
60E0E700_N3YLEE__vs__60E1B900,60E0E700_N3YLEE,60E1B900,0x3143,0x3144,1,code,code:1,,0,
60E0E700_N3YLEE__vs__60E1B900,60E0E700_N3YLEE,60E1B900,0x315b,0x315c,1,code,code:1,,0,
60E0E700_N3YLEE__vs__60E1B900,60E0E700_N3YLEE,60E1B900,0x3173,0x3174,1,code,code:1,,0,
60E0E700_N3YLEE__vs__60E1B900,60E0E700_N3YLEE,60E1B900,0x318b,0x318c,1,code,code:1,,0,
60E0E700_N3YLEE__vs__60E1B900,60E0E700_N3YLEE,60E1B900,0x31a3,0x31a4,1,code,code:1,,0,
60E0E700_N3YLEE__vs__60E1B900,60E0E700_N3YLEE,60E1B900,0x31bb,0x31bc,1,code,code:1,,0,
60E0E700_N3YLEE__vs__60E1B900,60E0E700_N3YLEE,60E1B900,0x31d3,0x31d4,1,code,code:1,,0,
60E0E700_N3YLEE__vs__60E1B900,60E0E700_N3YLEE,60E1B900,0x31ea,0x31ec,2,code,code:2,,0,
60E0E700_N3YLEE__vs__60E1B900,60E0E700_N3YLEE,60E1B900,0x3203,0x3204,1,code,code:1,,0,
60E0E700_N3YLEE__vs__60E1B900,60E0E700_N3YLEE,60E1B900,0x321a,0x321c,2,code,code:2,,0,
60E0E700_N3YLEE__vs__60E1B900,60E0E700_N3YLEE,60E1B900,0x3233,0x3234,1,code,code:1,,0,
60E0E700_N3YLEE__vs__60E1B900,60E0E700_N3YLEE,60E1B900,0x327a,0x327c,2,code,code:2,,0,
60E0E700_N3YLEE__vs__60E1B900,60E0E700_N3YLEE,60E1B900,0x32ee,0x32f0,2,code,code:2,,0,
60E0E700_N3YLEE__vs__60E1B900,60E0E700_N3YLEE,60E1B900,0x338a,0x338c,2,code,code:2,,0,
60E0E700_N3YLEE__vs__60E1B900,60E0E700_N3YLEE,60E1B900,0x33b6,0x33b8,2,code,code:2,,0,
60E0E700_N3YLEE__vs__60E1B900,60E0E700_N3YLEE,60E1B900,0x347a,0x3490,22,code,code:22,,0,
60E0E700_N3YLEE__vs__60E1B900,60E0E700_N3YLEE,60E1B900,0x3572,0x3578,6,code,code:6,,0,
60E0E700_N3YLEE__vs__60E1B900,60E0E700_N3YLEE,60E1B900,0x3676,0x3678,2,code,code:2,,0,
60E0E700_N3YLEE__vs__60E1B900,60E0E700_N3YLEE,60E1B900,0x36a2,0x36a4,2,code,code:2,,0,
60E0E700_N3YLEE__vs__60E1B900,60E0E700_N3YLEE,60E1B900,0x375a,0x375c,2,code,code:2,,0,
60E0E700_N3YLEE__vs__60E1B900,60E0E700_N3YLEE,60E1B900,0x3902,0x3904,2,code,code:2,,0,
60E0E700_N3YLEE__vs__60E1B900,60E0E700_N3YLEE,60E1B900,0x394e,0x3950,2,code,code:2,,0,
60E0E700_N3YLEE__vs__60E1B900,60E0E700_N3YLEE,60E1B900,0x3962,0x3964,2,code,code:2,,0,
60E0E700_N3YLEE__vs__60E1B900,60E0E700_N3YLEE,60E1B900,0x3aae,0x3ab4,6,code,code:6,,0,
60E0E700_N3YLEE__vs__60E1B900,60E0E700_N3YLEE,60E1B900,0x3ad6,0x3ad8,2,code,code:2,,0,
60E0E700_N3YLEE__vs__60E1B900,60E0E700_N3YLEE,60E1B900,0x3b22,0x3b28,6,code,code:6,,0,
60E0E700_N3YLEE__vs__60E1B900,60E0E700_N3YLEE,60E1B900,0x3d46,0x3d48,2,code,code:2,,0,
60E0E700_N3YLEE__vs__60E1B900,60E0E700_N3YLEE,60E1B900,0x3d9a,0x3d9c,2,code,code:2,,0,
60E0E700_N3YLEE__vs__60E1B900,60E0E700_N3YLEE,60E1B900,0x3e02,0x3e04,2,code,code:2,,0,
60E0E700_N3YLEE__vs__60E1B900,60E0E700_N3YLEE,60E1B900,0x3e82,0x3e84,2,code,code:2,,0,
60E0E700_N3YLEE__vs__60E1B900,60E0E700_N3YLEE,60E1B900,0x3f9a,0x3f9c,2,code,code:2,,0,
60E0E700_N3YLEE__vs__60E1B900,60E0E700_N3YLEE,60E1B900,0x3fa6,0x3fa8,2,code,code:2,,0,
60E0E700_N3YLEE__vs__60E1B900,60E0E700_N3YLEE,60E1B900,0x3fe6,0x3fe8,2,code,code:2,,0,
60E0E700_N3YLEE__vs__60E1B900,60E0E700_N3YLEE,60E1B900,0x4096,0x4098,2,code,code:2,,0,
60E0E700_N3YLEE__vs__60E1B900,60E0E700_N3YLEE,60E1B900,0x413e,0x4140,2,code,code:2,,0,
60E0E700_N3YLEE__vs__60E1B900,60E0E700_N3YLEE,60E1B900,0x4206,0x4208,2,code,code:2,,0,
60E0E700_N3YLEE__vs__60E1B900,60E0E700_N3YLEE,60E1B900,0x473e,0x4740,2,code,code:2,,0,
60E0E700_N3YLEE__vs__60E1B900,60E0E700_N3YLEE,60E1B900,0x493a,0x493c,2,code,code:2,,0,
60E0E700_N3YLEE__vs__60E1B900,60E0E700_N3YLEE,60E1B900,0x4996,0x499c,6,code,code:6,,0,
60E0E700_N3YLEE__vs__60E1B900,60E0E700_N3YLEE,60E1B900,0x49a6,0x49ad,7,code,code:7,,0,
60E0E700_N3YLEE__vs__60E1B900,60E0E700_N3YLEE,60E1B900,0x49b6,0x49bd,7,code,code:7,,0,
60E0E700_N3YLEE__vs__60E1B900,60E0E700_N3YLEE,60E1B900,0x49c6,0x49cd,7,code,code:7,,0,
60E0E700_N3YLEE__vs__60E1B900,60E0E700_N3YLEE,60E1B900,0x49d6,0x49dd,7,code,code:7,,0,
60E0E700_N3YLEE__vs__60E1B900,60E0E700_N3YLEE,60E1B900,0x49e6,0x49ec,6,code,code:6,,0,
60E0E700_N3YLEE__vs__60E1B900,60E0E700_N3YLEE,60E1B900,0x49f6,0x49fc,6,code,code:6,,0,
60E0E700_N3YLEE__vs__60E1B900,60E0E700_N3YLEE,60E1B900,0x4a06,0x4a0c,6,code,code:6,,0,
60E0E700_N3YLEE__vs__60E1B900,60E0E700_N3YLEE,60E1B900,0x4a16,0x4a1c,6,code,code:6,,0,
60E0E700_N3YLEE__vs__60E1B900,60E0E700_N3YLEE,60E1B900,0x4a26,0x4a2c,6,code,code:6,,0,
60E0E700_N3YLEE__vs__60E1B900,60E0E700_N3YLEE,60E1B900,0x4a36,0x4a3c,6,code,code:6,,0,
60E0E700_N3YLEE__vs__60E1B900,60E0E700_N3YLEE,60E1B900,0x4a46,0x4a4c,6,code,code:6,,0,
60E0E700_N3YLEE__vs__60E1B900,60E0E700_N3YLEE,60E1B900,0x4a56,0x4a5c,6,code,code:6,,0,
60E0E700_N3YLEE__vs__60E1B900,60E0E700_N3YLEE,60E1B900,0x4a66,0x4a6c,6,code,code:6,,0,
60E0E700_N3YLEE__vs__60E1B900,60E0E700_N3YLEE,60E1B900,0x4a76,0x4a7c,6,code,code:6,,0,
60E0E700_N3YLEE__vs__60E1B900,60E0E700_N3YLEE,60E1B900,0x4a86,0x4a8c,6,code,code:6,,0,
60E0E700_N3YLEE__vs__60E1B900,60E0E700_N3YLEE,60E1B900,0x4a96,0x4a9c,6,code,code:6,,0,
60E0E700_N3YLEE__vs__60E1B900,60E0E700_N3YLEE,60E1B900,0x4aa6,0x4aac,6,code,code:6,,0,
60E0E700_N3YLEE__vs__60E1B900,60E0E700_N3YLEE,60E1B900,0x4ab6,0x4abc,6,code,code:6,,0,
60E0E700_N3YLEE__vs__60E1B900,60E0E700_N3YLEE,60E1B900,0x4aca,0x4aec,34,code,code:34,,0,
60E0E700_N3YLEE__vs__60E1B900,60E0E700_N3YLEE,60E1B900,0x4b0e,0x4b10,2,code,code:2,,0,
60E0E700_N3YLEE__vs__60E1B900,60E0E700_N3YLEE,60E1B900,0x4c87,0x52b8,1585,code,code:1585,,0,
60E0E700_N3YLEE__vs__60E1B900,60E0E700_N3YLEE,60E1B900,0x52c3,0x52c4,1,code,code:1,,0,
60E0E700_N3YLEE__vs__60E1B900,60E0E700_N3YLEE,60E1B900,0x52cc,0x8214,12104,code,code:12104,,0,
60E0E700_N3YLEE__vs__60E1B900,60E0E700_N3YLEE,60E1B900,0x8224,0x829a,118,code,code:118,,0,
60E0E700_N3YLEE__vs__60E1B900,60E0E700_N3YLEE,60E1B900,0x82aa,0x18b14,67690,code,code:67690,,0,
60E0E700_N3YLEE__vs__60E1B900,60E0E700_N3YLEE,60E1B900,0x18b1d,0x18b22,5,code,code:5,,0,
60E0E700_N3YLEE__vs__60E1B900,60E0E700_N3YLEE,60E1B900,0x18b2b,0x18bc8,157,code,code:157,,0,
60E0E700_N3YLEE__vs__60E1B900,60E0E700_N3YLEE,60E1B900,0x18bd1,0x18bd6,5,code,code:5,,0,
60E0E700_N3YLEE__vs__60E1B900,60E0E700_N3YLEE,60E1B900,0x18bde,0x1b5cc,10734,code,code:10734,,0,
60E0E700_N3YLEE__vs__60E1B900,60E0E700_N3YLEE,60E1B900,0x1b5d5,0x212d2,23805,code,code:23805,,0,
60E0E700_N3YLEE__vs__60E1B900,60E0E700_N3YLEE,60E1B900,0x212da,0x23412,8504,code,code:8504,,0,
60E0E700_N3YLEE__vs__60E1B900,60E0E700_N3YLEE,60E1B900,0x2341c,0x23426,10,code,code:10,,0,
60E0E700_N3YLEE__vs__60E1B900,60E0E700_N3YLEE,60E1B900,0x23431,0x4a876,160837,code,code:160837,,0,
60E0E700_N3YLEE__vs__60E1B900,60E0E700_N3YLEE,60E1B900,0x4a87e,0x5f52a,85164,code,code:85164,,0,
60E0E700_N3YLEE__vs__60E1B900,60E0E700_N3YLEE,60E1B900,0x5f532,0x688d1,37791,code,code:37791,,0,
60E0E700_N3YLEE__vs__60E1B900,60E0E700_N3YLEE,60E1B900,0x688da,0x68969,143,code,code:143,,0,
60E0E700_N3YLEE__vs__60E1B900,60E0E700_N3YLEE,60E1B900,0x68971,0x6897d,12,code,code:12,,0,
60E0E700_N3YLEE__vs__60E1B900,60E0E700_N3YLEE,60E1B900,0x68985,0x68ab8,307,code,code:307,,0,
60E0E700_N3YLEE__vs__60E1B900,60E0E700_N3YLEE,60E1B900,0x68ac0,0x691b4,1780,code,code:1780,,0,
60E0E700_N3YLEE__vs__60E1B900,60E0E700_N3YLEE,60E1B900,0x691bd,0x69410,595,code,code:595,,0,
60E0E700_N3YLEE__vs__60E1B900,60E0E700_N3YLEE,60E1B900,0x69419,0x69f0c,2803,code,code:2803,,0,
60E0E700_N3YLEE__vs__60E1B900,60E0E700_N3YLEE,60E1B900,0x69f15,0x6a0dc,455,code,code:455,,0,
60E0E700_N3YLEE__vs__60E1B900,60E0E700_N3YLEE,60E1B900,0x6a0e5,0x6ad34,3151,code,code:3151,,0,
60E0E700_N3YLEE__vs__60E1B900,60E0E700_N3YLEE,60E1B900,0x6c600,0x6c661,97,padding,padding:97,,0,
60E0E700_N3YLEE__vs__60E1B900,60E0E700_N3YLEE,60E1B900,0x6c6e0,0x6e11b,6715,cal_data,cal_data:4824 padding:1824 cal_table:67,,67,Barometric Pressure Sensor Max ADC Count; Barometric Pressure Sensor Min ADC Count; Cold Rev Limit; Cold Rev Limit Threshold; Idle Related; Ignition; Ignition 0 - Safe Mode; Ignition 2; ...
60E0E700_N3YLEE__vs__60E1B900,60E0E700_N3YLEE,60E1B900,0x6e124,0x6e782,1630,cal_data,cal_data:1594 cal_table:36,,36,Ignition 1; Ignition Leading 5; Ignition Minimum Maybe; Table 2D - 10_; Table 2D - 11_; Table 2D - 12_; Table 2D - 13_; Table 2D - 14_; ...
60E0E700_N3YLEE__vs__60E1B900,60E0E700_N3YLEE,60E1B900,0x6e78c,0x74dd1,26181,cal_data,cal_data:25725 cal_table:456,,456,Accel Pedal to Throttle Position #1; Accel Pedal to Throttle Position #2; Accel Pedal to Throttle Position #3; Accel Pedal to Throttle Position #4; CLT Sensor Scaling; Fuelling - Safe Mode; Fuelling 0; Fuelling 1; ...
60E0E700_N3YLEE__vs__60E1B900,60E0E700_N3YLEE,60E1B900,0x74ddc,0x74dde,2,cal_data,cal_data:2,,0,
60E0E700_N3YLEE__vs__60E1B900,60E0E700_N3YLEE,60E1B900,0x74de7,0x77d1a,12083,cal_data,cal_data:11933 cal_table:150,,150,Estimated Manifold Pressure; Table 2D - 144_; Table 2D - 145_; Table 2D - 146_; Table 2D - 147_; Table 2D - 148_; Table 2D - 149_; Table 2D - 150_; ...
60E0E700_N3YLEE__vs__60E1B900,60E0E700_N3YLEE,60E1B900,0x77d24,0x78842,2846,cal_data,cal_data:2798 cal_table:48,,48,Engine Load Compensation; Injector Latency Primary; Injector Latency Secondary; Primary Injector Size; Secondary Injector Size; Secondary Injector Size #2; Table 2D - 171_; Table 2D - 172_; ...
60E0E700_N3YLEE__vs__60E1B900,60E0E700_N3YLEE,60E1B900,0x78854,0x7c776,16162,cal_data,cal_data:15816 cal_table:346,,346,AirFlow Inj Angle Related; Airflow Or Load Related; Auxillary Valve Close; Barometric Pressure Sensor Max Voltage; Barometric Pressure Sensor Min Voltage; Barometric Pressure Sensor Offset; Barometric Pressure Sensor Slope; Injection Angle; ...
60E0E700_N3YLEE__vs__60E1B900,60E0E700_N3YLEE,60E1B900,0x7c77e,0x7c7ae,48,cal_data,cal_data:46 cal_table:2,,2,Table 2D - 285_; X
60E0E700_N3YLEE__vs__60E1B900,60E0E700_N3YLEE,60E1B900,0x7c7b6,0x7db15,4959,cal_data,cal_data:4834 cal_table:103 tail:22,,103,Ignition Dwell Time_; Table 2D - 235_; Table 2D - 236_; Table 2D - 237_; Table 2D - 238_; Table 2D - 239_; Table 2D - 240_; Table 2D - 241_; ...
60E0E700_N3YLEE__vs__60E1B900,60E0E700_N3YLEE,60E1B900,0x7fb00,0x7fb08,8,tail,tail:8,,0,
60E0E700_N3YLEE__vs__60E1B900,60E0E700_N3YLEE,60E1B900,0x7fb88,0x7fb8c,4,tail,tail:4,,0,
60E0E700_N3YLEE__vs__60E1B900,60E0E700_N3YLEE,60E1B900,0x7fc53,0x7fd50,253,tail,tail:253,,0,
60E0E700_N3YLEE__vs__60E1B900,60E0E700_N3YLEE,60E1B900,0x7fd77,0x7fdd0,89,tail,tail:89,,0,
60E0E700_N3YLEE__vs__60E1B900,60E0E700_N3YLEE,60E1B900,0x7fdf7,0x7fe00,9,tail,tail:9,,0,
60E0E700_N3YLEE__vs__60E1B900,60E0E700_N3YLEE,60E1B900,0x7fe27,0x7fe30,9,tail,tail:9,,0,
60E0E700_N3YLEE__vs__60E1B900,60E0E700_N3YLEE,60E1B900,0x7fe47,0x7fe50,9,tail,tail:9,,0,
60E0E700_N3YLEE__vs__60E1B900,60E0E700_N3YLEE,60E1B900,0x7fe67,0x7fe70,9,tail,tail:9,,0,
60E0E700_N3YLEE__vs__60E1B900,60E0E700_N3YLEE,60E1B900,0x7fe87,0x7fe90,9,tail,tail:9,,0,
60E0E700_N3YLEE__vs__60E1B900,60E0E700_N3YLEE,60E1B900,0x7ff07,0x7ff3c,53,tail,tail:53,,0,
60E0E700_N3YLEE__vs__60E1B900,60E0E700_N3YLEE,60E1B900,0x7ff47,0x7ff70,41,tail,tail:41,,0,
60E0E700_N3YLEE__vs__60E1B900,60E0E700_N3YLEE,60E1B900,0x7ffd7,0x7ffe0,9,tail,tail:9,,0,
60E0E700_N3YLEE__vs__60E1B900,60E0E700_N3YLEE,60E1B900,0x7fff4,0x7fffc,8,tail,tail:8,,0,
60E0E700_N3YLEE__vs__60E1C500_N3J6EB,60E0E700_N3YLEE,60E1C500_N3J6EB,0xffb,0x1008,13,header,header:13,,0,
60E0E700_N3YLEE__vs__60E1C500_N3J6EB,60E0E700_N3YLEE,60E1C500_N3J6EB,0x1039,0x1302,713,header,header:713,,0,
60E0E700_N3YLEE__vs__60E1C500_N3J6EB,60E0E700_N3YLEE,60E1C500_N3J6EB,0x130b,0x2006,3323,header,header:3317 code:6,,0,
60E0E700_N3YLEE__vs__60E1C500_N3J6EB,60E0E700_N3YLEE,60E1C500_N3J6EB,0x2020,0x2023,3,code,code:3,,0,
60E0E700_N3YLEE__vs__60E1C500_N3J6EB,60E0E700_N3YLEE,60E1C500_N3J6EB,0x2723,0x2724,1,code,code:1,,0,
60E0E700_N3YLEE__vs__60E1C500_N3J6EB,60E0E700_N3YLEE,60E1C500_N3J6EB,0x273b,0x273c,1,code,code:1,,0,
60E0E700_N3YLEE__vs__60E1C500_N3J6EB,60E0E700_N3YLEE,60E1C500_N3J6EB,0x2753,0x2754,1,code,code:1,,0,
60E0E700_N3YLEE__vs__60E1C500_N3J6EB,60E0E700_N3YLEE,60E1C500_N3J6EB,0x276a,0x276c,2,code,code:2,,0,
60E0E700_N3YLEE__vs__60E1C500_N3J6EB,60E0E700_N3YLEE,60E1C500_N3J6EB,0x2782,0x2784,2,code,code:2,,0,
60E0E700_N3YLEE__vs__60E1C500_N3J6EB,60E0E700_N3YLEE,60E1C500_N3J6EB,0x279b,0x279c,1,code,code:1,,0,
60E0E700_N3YLEE__vs__60E1C500_N3J6EB,60E0E700_N3YLEE,60E1C500_N3J6EB,0x27b3,0x27b4,1,code,code:1,,0,
60E0E700_N3YLEE__vs__60E1C500_N3J6EB,60E0E700_N3YLEE,60E1C500_N3J6EB,0x27cb,0x27cc,1,code,code:1,,0,
60E0E700_N3YLEE__vs__60E1C500_N3J6EB,60E0E700_N3YLEE,60E1C500_N3J6EB,0x27e3,0x27e4,1,code,code:1,,0,
60E0E700_N3YLEE__vs__60E1C500_N3J6EB,60E0E700_N3YLEE,60E1C500_N3J6EB,0x27fb,0x27fc,1,code,code:1,,0,
60E0E700_N3YLEE__vs__60E1C500_N3J6EB,60E0E700_N3YLEE,60E1C500_N3J6EB,0x2813,0x2814,1,code,code:1,,0,
60E0E700_N3YLEE__vs__60E1C500_N3J6EB,60E0E700_N3YLEE,60E1C500_N3J6EB,0x282b,0x282c,1,code,code:1,,0,
60E0E700_N3YLEE__vs__60E1C500_N3J6EB,60E0E700_N3YLEE,60E1C500_N3J6EB,0x2843,0x2844,1,code,code:1,,0,
60E0E700_N3YLEE__vs__60E1C500_N3J6EB,60E0E700_N3YLEE,60E1C500_N3J6EB,0x285b,0x285c,1,code,code:1,,0,
60E0E700_N3YLEE__vs__60E1C500_N3J6EB,60E0E700_N3YLEE,60E1C500_N3J6EB,0x2873,0x2874,1,code,code:1,,0,
60E0E700_N3YLEE__vs__60E1C500_N3J6EB,60E0E700_N3YLEE,60E1C500_N3J6EB,0x288b,0x288c,1,code,code:1,,0,
60E0E700_N3YLEE__vs__60E1C500_N3J6EB,60E0E700_N3YLEE,60E1C500_N3J6EB,0x28a3,0x28a4,1,code,code:1,,0,
60E0E700_N3YLEE__vs__60E1C500_N3J6EB,60E0E700_N3YLEE,60E1C500_N3J6EB,0x28bb,0x28bc,1,code,code:1,,0,
60E0E700_N3YLEE__vs__60E1C500_N3J6EB,60E0E700_N3YLEE,60E1C500_N3J6EB,0x28d3,0x28d4,1,code,code:1,,0,
60E0E700_N3YLEE__vs__60E1C500_N3J6EB,60E0E700_N3YLEE,60E1C500_N3J6EB,0x28ea,0x28ec,2,code,code:2,,0,
60E0E700_N3YLEE__vs__60E1C500_N3J6EB,60E0E700_N3YLEE,60E1C500_N3J6EB,0x2902,0x2904,2,code,code:2,,0,
60E0E700_N3YLEE__vs__60E1C500_N3J6EB,60E0E700_N3YLEE,60E1C500_N3J6EB,0x291b,0x291c,1,code,code:1,,0,
60E0E700_N3YLEE__vs__60E1C500_N3J6EB,60E0E700_N3YLEE,60E1C500_N3J6EB,0x2933,0x2934,1,code,code:1,,0,
60E0E700_N3YLEE__vs__60E1C500_N3J6EB,60E0E700_N3YLEE,60E1C500_N3J6EB,0x294b,0x294c,1,code,code:1,,0,
60E0E700_N3YLEE__vs__60E1C500_N3J6EB,60E0E700_N3YLEE,60E1C500_N3J6EB,0x2963,0x2964,1,code,code:1,,0,
60E0E700_N3YLEE__vs__60E1C500_N3J6EB,60E0E700_N3YLEE,60E1C500_N3J6EB,0x297b,0x297c,1,code,code:1,,0,
60E0E700_N3YLEE__vs__60E1C500_N3J6EB,60E0E700_N3YLEE,60E1C500_N3J6EB,0x2993,0x2994,1,code,code:1,,0,
60E0E700_N3YLEE__vs__60E1C500_N3J6EB,60E0E700_N3YLEE,60E1C500_N3J6EB,0x29ab,0x29ac,1,code,code:1,,0,
60E0E700_N3YLEE__vs__60E1C500_N3J6EB,60E0E700_N3YLEE,60E1C500_N3J6EB,0x29c3,0x29c4,1,code,code:1,,0,
60E0E700_N3YLEE__vs__60E1C500_N3J6EB,60E0E700_N3YLEE,60E1C500_N3J6EB,0x29db,0x29dc,1,code,code:1,,0,
60E0E700_N3YLEE__vs__60E1C500_N3J6EB,60E0E700_N3YLEE,60E1C500_N3J6EB,0x29f3,0x29f4,1,code,code:1,,0,
60E0E700_N3YLEE__vs__60E1C500_N3J6EB,60E0E700_N3YLEE,60E1C500_N3J6EB,0x2a0b,0x2a0c,1,code,code:1,,0,
60E0E700_N3YLEE__vs__60E1C500_N3J6EB,60E0E700_N3YLEE,60E1C500_N3J6EB,0x2a22,0x2a24,2,code,code:2,,0,
60E0E700_N3YLEE__vs__60E1C500_N3J6EB,60E0E700_N3YLEE,60E1C500_N3J6EB,0x2a3a,0x2a3c,2,code,code:2,,0,
60E0E700_N3YLEE__vs__60E1C500_N3J6EB,60E0E700_N3YLEE,60E1C500_N3J6EB,0x2a53,0x2a54,1,code,code:1,,0,
60E0E700_N3YLEE__vs__60E1C500_N3J6EB,60E0E700_N3YLEE,60E1C500_N3J6EB,0x2a6b,0x2a6c,1,code,code:1,,0,
60E0E700_N3YLEE__vs__60E1C500_N3J6EB,60E0E700_N3YLEE,60E1C500_N3J6EB,0x2a83,0x2a84,1,code,code:1,,0,
60E0E700_N3YLEE__vs__60E1C500_N3J6EB,60E0E700_N3YLEE,60E1C500_N3J6EB,0x2a9b,0x2a9c,1,code,code:1,,0,
60E0E700_N3YLEE__vs__60E1C500_N3J6EB,60E0E700_N3YLEE,60E1C500_N3J6EB,0x2ab3,0x2ab4,1,code,code:1,,0,
60E0E700_N3YLEE__vs__60E1C500_N3J6EB,60E0E700_N3YLEE,60E1C500_N3J6EB,0x2acb,0x2acc,1,code,code:1,,0,
60E0E700_N3YLEE__vs__60E1C500_N3J6EB,60E0E700_N3YLEE,60E1C500_N3J6EB,0x2ae3,0x2ae4,1,code,code:1,,0,
60E0E700_N3YLEE__vs__60E1C500_N3J6EB,60E0E700_N3YLEE,60E1C500_N3J6EB,0x2afb,0x2afc,1,code,code:1,,0,
60E0E700_N3YLEE__vs__60E1C500_N3J6EB,60E0E700_N3YLEE,60E1C500_N3J6EB,0x2b13,0x2b14,1,code,code:1,,0,
60E0E700_N3YLEE__vs__60E1C500_N3J6EB,60E0E700_N3YLEE,60E1C500_N3J6EB,0x2b2b,0x2b2c,1,code,code:1,,0,
60E0E700_N3YLEE__vs__60E1C500_N3J6EB,60E0E700_N3YLEE,60E1C500_N3J6EB,0x2b43,0x2b44,1,code,code:1,,0,
60E0E700_N3YLEE__vs__60E1C500_N3J6EB,60E0E700_N3YLEE,60E1C500_N3J6EB,0x2b5b,0x2b5c,1,code,code:1,,0,
60E0E700_N3YLEE__vs__60E1C500_N3J6EB,60E0E700_N3YLEE,60E1C500_N3J6EB,0x2b73,0x2b74,1,code,code:1,,0,
60E0E700_N3YLEE__vs__60E1C500_N3J6EB,60E0E700_N3YLEE,60E1C500_N3J6EB,0x2b8b,0x2b8c,1,code,code:1,,0,
60E0E700_N3YLEE__vs__60E1C500_N3J6EB,60E0E700_N3YLEE,60E1C500_N3J6EB,0x2ba3,0x2ba4,1,code,code:1,,0,
60E0E700_N3YLEE__vs__60E1C500_N3J6EB,60E0E700_N3YLEE,60E1C500_N3J6EB,0x2bba,0x2bbc,2,code,code:2,,0,
60E0E700_N3YLEE__vs__60E1C500_N3J6EB,60E0E700_N3YLEE,60E1C500_N3J6EB,0x2bd2,0x2bd4,2,code,code:2,,0,
60E0E700_N3YLEE__vs__60E1C500_N3J6EB,60E0E700_N3YLEE,60E1C500_N3J6EB,0x2beb,0x2bec,1,code,code:1,,0,
60E0E700_N3YLEE__vs__60E1C500_N3J6EB,60E0E700_N3YLEE,60E1C500_N3J6EB,0x2c03,0x2c04,1,code,code:1,,0,
60E0E700_N3YLEE__vs__60E1C500_N3J6EB,60E0E700_N3YLEE,60E1C500_N3J6EB,0x2c1b,0x2c1c,1,code,code:1,,0,
60E0E700_N3YLEE__vs__60E1C500_N3J6EB,60E0E700_N3YLEE,60E1C500_N3J6EB,0x2c33,0x2c34,1,code,code:1,,0,
60E0E700_N3YLEE__vs__60E1C500_N3J6EB,60E0E700_N3YLEE,60E1C500_N3J6EB,0x2c4b,0x2c4c,1,code,code:1,,0,
60E0E700_N3YLEE__vs__60E1C500_N3J6EB,60E0E700_N3YLEE,60E1C500_N3J6EB,0x2c63,0x2c64,1,code,code:1,,0,
60E0E700_N3YLEE__vs__60E1C500_N3J6EB,60E0E700_N3YLEE,60E1C500_N3J6EB,0x2c7b,0x2c7c,1,code,code:1,,0,
60E0E700_N3YLEE__vs__60E1C500_N3J6EB,60E0E700_N3YLEE,60E1C500_N3J6EB,0x2c93,0x2c94,1,code,code:1,,0,
60E0E700_N3YLEE__vs__60E1C500_N3J6EB,60E0E700_N3YLEE,60E1C500_N3J6EB,0x2cab,0x2cac,1,code,code:1,,0,
60E0E700_N3YLEE__vs__60E1C500_N3J6EB,60E0E700_N3YLEE,60E1C500_N3J6EB,0x2cc3,0x2cc4,1,code,code:1,,0,
60E0E700_N3YLEE__vs__60E1C500_N3J6EB,60E0E700_N3YLEE,60E1C500_N3J6EB,0x2cdb,0x2cdc,1,code,code:1,,0,
60E0E700_N3YLEE__vs__60E1C500_N3J6EB,60E0E700_N3YLEE,60E1C500_N3J6EB,0x2cf3,0x2cf4,1,code,code:1,,0,
60E0E700_N3YLEE__vs__60E1C500_N3J6EB,60E0E700_N3YLEE,60E1C500_N3J6EB,0x2d0b,0x2d0c,1,code,code:1,,0,
60E0E700_N3YLEE__vs__60E1C500_N3J6EB,60E0E700_N3YLEE,60E1C500_N3J6EB,0x2d22,0x2d24,2,code,code:2,,0,
60E0E700_N3YLEE__vs__60E1C500_N3J6EB,60E0E700_N3YLEE,60E1C500_N3J6EB,0x2d3a,0x2d3c,2,code,code:2,,0,
60E0E700_N3YLEE__vs__60E1C500_N3J6EB,60E0E700_N3YLEE,60E1C500_N3J6EB,0x2d53,0x2d54,1,code,code:1,,0,
60E0E700_N3YLEE__vs__60E1C500_N3J6EB,60E0E700_N3YLEE,60E1C500_N3J6EB,0x2d6b,0x2d6c,1,code,code:1,,0,
60E0E700_N3YLEE__vs__60E1C500_N3J6EB,60E0E700_N3YLEE,60E1C500_N3J6EB,0x2d83,0x2d84,1,code,code:1,,0,
60E0E700_N3YLEE__vs__60E1C500_N3J6EB,60E0E700_N3YLEE,60E1C500_N3J6EB,0x2d9b,0x2d9c,1,code,code:1,,0,
60E0E700_N3YLEE__vs__60E1C500_N3J6EB,60E0E700_N3YLEE,60E1C500_N3J6EB,0x2db3,0x2db4,1,code,code:1,,0,
60E0E700_N3YLEE__vs__60E1C500_N3J6EB,60E0E700_N3YLEE,60E1C500_N3J6EB,0x2dcb,0x2dcc,1,code,code:1,,0,
60E0E700_N3YLEE__vs__60E1C500_N3J6EB,60E0E700_N3YLEE,60E1C500_N3J6EB,0x2de3,0x2de4,1,code,code:1,,0,
60E0E700_N3YLEE__vs__60E1C500_N3J6EB,60E0E700_N3YLEE,60E1C500_N3J6EB,0x2dfb,0x2dfc,1,code,code:1,,0,
60E0E700_N3YLEE__vs__60E1C500_N3J6EB,60E0E700_N3YLEE,60E1C500_N3J6EB,0x2e13,0x2e14,1,code,code:1,,0,
60E0E700_N3YLEE__vs__60E1C500_N3J6EB,60E0E700_N3YLEE,60E1C500_N3J6EB,0x2e2b,0x2e2c,1,code,code:1,,0,
60E0E700_N3YLEE__vs__60E1C500_N3J6EB,60E0E700_N3YLEE,60E1C500_N3J6EB,0x2e42,0x2e44,2,code,code:2,,0,
60E0E700_N3YLEE__vs__60E1C500_N3J6EB,60E0E700_N3YLEE,60E1C500_N3J6EB,0x2e5a,0x2e5c,2,code,code:2,,0,
60E0E700_N3YLEE__vs__60E1C500_N3J6EB,60E0E700_N3YLEE,60E1C500_N3J6EB,0x2e73,0x2e74,1,code,code:1,,0,
60E0E700_N3YLEE__vs__60E1C500_N3J6EB,60E0E700_N3YLEE,60E1C500_N3J6EB,0x2e8b,0x2e8c,1,code,code:1,,0,
60E0E700_N3YLEE__vs__60E1C500_N3J6EB,60E0E700_N3YLEE,60E1C500_N3J6EB,0x2ea3,0x2ea4,1,code,code:1,,0,
60E0E700_N3YLEE__vs__60E1C500_N3J6EB,60E0E700_N3YLEE,60E1C500_N3J6EB,0x2ebb,0x2ebc,1,code,code:1,,0,
60E0E700_N3YLEE__vs__60E1C500_N3J6EB,60E0E700_N3YLEE,60E1C500_N3J6EB,0x2ed3,0x2ed4,1,code,code:1,,0,
60E0E700_N3YLEE__vs__60E1C500_N3J6EB,60E0E700_N3YLEE,60E1C500_N3J6EB,0x2eeb,0x2eec,1,code,code:1,,0,
60E0E700_N3YLEE__vs__60E1C500_N3J6EB,60E0E700_N3YLEE,60E1C500_N3J6EB,0x2f03,0x2f04,1,code,code:1,,0,
60E0E700_N3YLEE__vs__60E1C500_N3J6EB,60E0E700_N3YLEE,60E1C500_N3J6EB,0x2f1b,0x2f1c,1,code,code:1,,0,
60E0E700_N3YLEE__vs__60E1C500_N3J6EB,60E0E700_N3YLEE,60E1C500_N3J6EB,0x2f32,0x2f34,2,code,code:2,,0,
60E0E700_N3YLEE__vs__60E1C500_N3J6EB,60E0E700_N3YLEE,60E1C500_N3J6EB,0x2f4b,0x2f4c,1,code,code:1,,0,
60E0E700_N3YLEE__vs__60E1C500_N3J6EB,60E0E700_N3YLEE,60E1C500_N3J6EB,0x2f62,0x2f64,2,code,code:2,,0,
60E0E700_N3YLEE__vs__60E1C500_N3J6EB,60E0E700_N3YLEE,60E1C500_N3J6EB,0x2f7b,0x2f7c,1,code,code:1,,0,
60E0E700_N3YLEE__vs__60E1C500_N3J6EB,60E0E700_N3YLEE,60E1C500_N3J6EB,0x2f93,0x2f94,1,code,code:1,,0,
60E0E700_N3YLEE__vs__60E1C500_N3J6EB,60E0E700_N3YLEE,60E1C500_N3J6EB,0x2fab,0x2fac,1,code,code:1,,0,
60E0E700_N3YLEE__vs__60E1C500_N3J6EB,60E0E700_N3YLEE,60E1C500_N3J6EB,0x2fc3,0x2fc4,1,code,code:1,,0,
60E0E700_N3YLEE__vs__60E1C500_N3J6EB,60E0E700_N3YLEE,60E1C500_N3J6EB,0x2fda,0x2fdc,2,code,code:2,,0,
60E0E700_N3YLEE__vs__60E1C500_N3J6EB,60E0E700_N3YLEE,60E1C500_N3J6EB,0x2ff3,0x2ff4,1,code,code:1,,0,
60E0E700_N3YLEE__vs__60E1C500_N3J6EB,60E0E700_N3YLEE,60E1C500_N3J6EB,0x300b,0x300c,1,code,code:1,,0,
60E0E700_N3YLEE__vs__60E1C500_N3J6EB,60E0E700_N3YLEE,60E1C500_N3J6EB,0x3023,0x3024,1,code,code:1,,0,
60E0E700_N3YLEE__vs__60E1C500_N3J6EB,60E0E700_N3YLEE,60E1C500_N3J6EB,0x303b,0x303c,1,code,code:1,,0,
60E0E700_N3YLEE__vs__60E1C500_N3J6EB,60E0E700_N3YLEE,60E1C500_N3J6EB,0x3052,0x3054,2,code,code:2,,0,
60E0E700_N3YLEE__vs__60E1C500_N3J6EB,60E0E700_N3YLEE,60E1C500_N3J6EB,0x306b,0x306c,1,code,code:1,,0,
60E0E700_N3YLEE__vs__60E1C500_N3J6EB,60E0E700_N3YLEE,60E1C500_N3J6EB,0x3083,0x3084,1,code,code:1,,0,
60E0E700_N3YLEE__vs__60E1C500_N3J6EB,60E0E700_N3YLEE,60E1C500_N3J6EB,0x309b,0x309c,1,code,code:1,,0,
60E0E700_N3YLEE__vs__60E1C500_N3J6EB,60E0E700_N3YLEE,60E1C500_N3J6EB,0x30b3,0x30b4,1,code,code:1,,0,
60E0E700_N3YLEE__vs__60E1C500_N3J6EB,60E0E700_N3YLEE,60E1C500_N3J6EB,0x30cb,0x30cc,1,code,code:1,,0,
60E0E700_N3YLEE__vs__60E1C500_N3J6EB,60E0E700_N3YLEE,60E1C500_N3J6EB,0x30e3,0x30e4,1,code,code:1,,0,
60E0E700_N3YLEE__vs__60E1C500_N3J6EB,60E0E700_N3YLEE,60E1C500_N3J6EB,0x30fb,0x30fc,1,code,code:1,,0,
60E0E700_N3YLEE__vs__60E1C500_N3J6EB,60E0E700_N3YLEE,60E1C500_N3J6EB,0x3113,0x3114,1,code,code:1,,0,
60E0E700_N3YLEE__vs__60E1C500_N3J6EB,60E0E700_N3YLEE,60E1C500_N3J6EB,0x312b,0x312c,1,code,code:1,,0,
60E0E700_N3YLEE__vs__60E1C500_N3J6EB,60E0E700_N3YLEE,60E1C500_N3J6EB,0x3143,0x3144,1,code,code:1,,0,
60E0E700_N3YLEE__vs__60E1C500_N3J6EB,60E0E700_N3YLEE,60E1C500_N3J6EB,0x315b,0x315c,1,code,code:1,,0,
60E0E700_N3YLEE__vs__60E1C500_N3J6EB,60E0E700_N3YLEE,60E1C500_N3J6EB,0x3173,0x3174,1,code,code:1,,0,
60E0E700_N3YLEE__vs__60E1C500_N3J6EB,60E0E700_N3YLEE,60E1C500_N3J6EB,0x318b,0x318c,1,code,code:1,,0,
60E0E700_N3YLEE__vs__60E1C500_N3J6EB,60E0E700_N3YLEE,60E1C500_N3J6EB,0x31a3,0x31a4,1,code,code:1,,0,
60E0E700_N3YLEE__vs__60E1C500_N3J6EB,60E0E700_N3YLEE,60E1C500_N3J6EB,0x31bb,0x31bc,1,code,code:1,,0,
60E0E700_N3YLEE__vs__60E1C500_N3J6EB,60E0E700_N3YLEE,60E1C500_N3J6EB,0x31d3,0x31d4,1,code,code:1,,0,
60E0E700_N3YLEE__vs__60E1C500_N3J6EB,60E0E700_N3YLEE,60E1C500_N3J6EB,0x31ea,0x31ec,2,code,code:2,,0,
60E0E700_N3YLEE__vs__60E1C500_N3J6EB,60E0E700_N3YLEE,60E1C500_N3J6EB,0x3203,0x3204,1,code,code:1,,0,
60E0E700_N3YLEE__vs__60E1C500_N3J6EB,60E0E700_N3YLEE,60E1C500_N3J6EB,0x321a,0x321c,2,code,code:2,,0,
60E0E700_N3YLEE__vs__60E1C500_N3J6EB,60E0E700_N3YLEE,60E1C500_N3J6EB,0x3233,0x3234,1,code,code:1,,0,
60E0E700_N3YLEE__vs__60E1C500_N3J6EB,60E0E700_N3YLEE,60E1C500_N3J6EB,0x327a,0x327c,2,code,code:2,,0,
60E0E700_N3YLEE__vs__60E1C500_N3J6EB,60E0E700_N3YLEE,60E1C500_N3J6EB,0x32ee,0x32f0,2,code,code:2,,0,
60E0E700_N3YLEE__vs__60E1C500_N3J6EB,60E0E700_N3YLEE,60E1C500_N3J6EB,0x338a,0x338c,2,code,code:2,,0,
60E0E700_N3YLEE__vs__60E1C500_N3J6EB,60E0E700_N3YLEE,60E1C500_N3J6EB,0x33b6,0x33b8,2,code,code:2,,0,
60E0E700_N3YLEE__vs__60E1C500_N3J6EB,60E0E700_N3YLEE,60E1C500_N3J6EB,0x347a,0x3490,22,code,code:22,,0,
60E0E700_N3YLEE__vs__60E1C500_N3J6EB,60E0E700_N3YLEE,60E1C500_N3J6EB,0x3572,0x3578,6,code,code:6,,0,
60E0E700_N3YLEE__vs__60E1C500_N3J6EB,60E0E700_N3YLEE,60E1C500_N3J6EB,0x3676,0x3678,2,code,code:2,,0,
60E0E700_N3YLEE__vs__60E1C500_N3J6EB,60E0E700_N3YLEE,60E1C500_N3J6EB,0x36a2,0x36a4,2,code,code:2,,0,
60E0E700_N3YLEE__vs__60E1C500_N3J6EB,60E0E700_N3YLEE,60E1C500_N3J6EB,0x375a,0x375c,2,code,code:2,,0,
60E0E700_N3YLEE__vs__60E1C500_N3J6EB,60E0E700_N3YLEE,60E1C500_N3J6EB,0x3902,0x3904,2,code,code:2,,0,
60E0E700_N3YLEE__vs__60E1C500_N3J6EB,60E0E700_N3YLEE,60E1C500_N3J6EB,0x394e,0x3950,2,code,code:2,,0,
60E0E700_N3YLEE__vs__60E1C500_N3J6EB,60E0E700_N3YLEE,60E1C500_N3J6EB,0x3962,0x3964,2,code,code:2,,0,
60E0E700_N3YLEE__vs__60E1C500_N3J6EB,60E0E700_N3YLEE,60E1C500_N3J6EB,0x3aae,0x3ab4,6,code,code:6,,0,
60E0E700_N3YLEE__vs__60E1C500_N3J6EB,60E0E700_N3YLEE,60E1C500_N3J6EB,0x3ad6,0x3ad8,2,code,code:2,,0,
60E0E700_N3YLEE__vs__60E1C500_N3J6EB,60E0E700_N3YLEE,60E1C500_N3J6EB,0x3b22,0x3b28,6,code,code:6,,0,
60E0E700_N3YLEE__vs__60E1C500_N3J6EB,60E0E700_N3YLEE,60E1C500_N3J6EB,0x3d46,0x3d48,2,code,code:2,,0,
60E0E700_N3YLEE__vs__60E1C500_N3J6EB,60E0E700_N3YLEE,60E1C500_N3J6EB,0x3d9a,0x3d9c,2,code,code:2,,0,
60E0E700_N3YLEE__vs__60E1C500_N3J6EB,60E0E700_N3YLEE,60E1C500_N3J6EB,0x3e02,0x3e04,2,code,code:2,,0,
60E0E700_N3YLEE__vs__60E1C500_N3J6EB,60E0E700_N3YLEE,60E1C500_N3J6EB,0x3e82,0x3e84,2,code,code:2,,0,
60E0E700_N3YLEE__vs__60E1C500_N3J6EB,60E0E700_N3YLEE,60E1C500_N3J6EB,0x3f9a,0x3f9c,2,code,code:2,,0,
60E0E700_N3YLEE__vs__60E1C500_N3J6EB,60E0E700_N3YLEE,60E1C500_N3J6EB,0x3fa6,0x3fa8,2,code,code:2,,0,
60E0E700_N3YLEE__vs__60E1C500_N3J6EB,60E0E700_N3YLEE,60E1C500_N3J6EB,0x3fe6,0x3fe8,2,code,code:2,,0,
60E0E700_N3YLEE__vs__60E1C500_N3J6EB,60E0E700_N3YLEE,60E1C500_N3J6EB,0x4096,0x4098,2,code,code:2,,0,
60E0E700_N3YLEE__vs__60E1C500_N3J6EB,60E0E700_N3YLEE,60E1C500_N3J6EB,0x413e,0x4140,2,code,code:2,,0,
60E0E700_N3YLEE__vs__60E1C500_N3J6EB,60E0E700_N3YLEE,60E1C500_N3J6EB,0x4206,0x4208,2,code,code:2,,0,
60E0E700_N3YLEE__vs__60E1C500_N3J6EB,60E0E700_N3YLEE,60E1C500_N3J6EB,0x473e,0x4740,2,code,code:2,,0,
60E0E700_N3YLEE__vs__60E1C500_N3J6EB,60E0E700_N3YLEE,60E1C500_N3J6EB,0x493a,0x493c,2,code,code:2,,0,
60E0E700_N3YLEE__vs__60E1C500_N3J6EB,60E0E700_N3YLEE,60E1C500_N3J6EB,0x4996,0x499c,6,code,code:6,,0,
60E0E700_N3YLEE__vs__60E1C500_N3J6EB,60E0E700_N3YLEE,60E1C500_N3J6EB,0x49a6,0x49ad,7,code,code:7,,0,
60E0E700_N3YLEE__vs__60E1C500_N3J6EB,60E0E700_N3YLEE,60E1C500_N3J6EB,0x49b6,0x49bd,7,code,code:7,,0,
60E0E700_N3YLEE__vs__60E1C500_N3J6EB,60E0E700_N3YLEE,60E1C500_N3J6EB,0x49c6,0x49cd,7,code,code:7,,0,
60E0E700_N3YLEE__vs__60E1C500_N3J6EB,60E0E700_N3YLEE,60E1C500_N3J6EB,0x49d6,0x49dd,7,code,code:7,,0,
60E0E700_N3YLEE__vs__60E1C500_N3J6EB,60E0E700_N3YLEE,60E1C500_N3J6EB,0x49e6,0x49ec,6,code,code:6,,0,
60E0E700_N3YLEE__vs__60E1C500_N3J6EB,60E0E700_N3YLEE,60E1C500_N3J6EB,0x49f6,0x49fc,6,code,code:6,,0,
60E0E700_N3YLEE__vs__60E1C500_N3J6EB,60E0E700_N3YLEE,60E1C500_N3J6EB,0x4a06,0x4a0c,6,code,code:6,,0,
60E0E700_N3YLEE__vs__60E1C500_N3J6EB,60E0E700_N3YLEE,60E1C500_N3J6EB,0x4a16,0x4a1c,6,code,code:6,,0,
60E0E700_N3YLEE__vs__60E1C500_N3J6EB,60E0E700_N3YLEE,60E1C500_N3J6EB,0x4a26,0x4a2c,6,code,code:6,,0,
60E0E700_N3YLEE__vs__60E1C500_N3J6EB,60E0E700_N3YLEE,60E1C500_N3J6EB,0x4a36,0x4a3c,6,code,code:6,,0,
60E0E700_N3YLEE__vs__60E1C500_N3J6EB,60E0E700_N3YLEE,60E1C500_N3J6EB,0x4a46,0x4a4c,6,code,code:6,,0,
60E0E700_N3YLEE__vs__60E1C500_N3J6EB,60E0E700_N3YLEE,60E1C500_N3J6EB,0x4a56,0x4a5c,6,code,code:6,,0,
60E0E700_N3YLEE__vs__60E1C500_N3J6EB,60E0E700_N3YLEE,60E1C500_N3J6EB,0x4a66,0x4a6c,6,code,code:6,,0,
60E0E700_N3YLEE__vs__60E1C500_N3J6EB,60E0E700_N3YLEE,60E1C500_N3J6EB,0x4a76,0x4a7c,6,code,code:6,,0,
60E0E700_N3YLEE__vs__60E1C500_N3J6EB,60E0E700_N3YLEE,60E1C500_N3J6EB,0x4a86,0x4a8c,6,code,code:6,,0,
60E0E700_N3YLEE__vs__60E1C500_N3J6EB,60E0E700_N3YLEE,60E1C500_N3J6EB,0x4a96,0x4a9c,6,code,code:6,,0,
60E0E700_N3YLEE__vs__60E1C500_N3J6EB,60E0E700_N3YLEE,60E1C500_N3J6EB,0x4aa6,0x4aac,6,code,code:6,,0,
60E0E700_N3YLEE__vs__60E1C500_N3J6EB,60E0E700_N3YLEE,60E1C500_N3J6EB,0x4ab6,0x4abc,6,code,code:6,,0,
60E0E700_N3YLEE__vs__60E1C500_N3J6EB,60E0E700_N3YLEE,60E1C500_N3J6EB,0x4aca,0x4aec,34,code,code:34,,0,
60E0E700_N3YLEE__vs__60E1C500_N3J6EB,60E0E700_N3YLEE,60E1C500_N3J6EB,0x4b0e,0x4b10,2,code,code:2,,0,
60E0E700_N3YLEE__vs__60E1C500_N3J6EB,60E0E700_N3YLEE,60E1C500_N3J6EB,0x4c87,0x52b8,1585,code,code:1585,,0,
60E0E700_N3YLEE__vs__60E1C500_N3J6EB,60E0E700_N3YLEE,60E1C500_N3J6EB,0x52c3,0x52c4,1,code,code:1,,0,
60E0E700_N3YLEE__vs__60E1C500_N3J6EB,60E0E700_N3YLEE,60E1C500_N3J6EB,0x52cc,0x8214,12104,code,code:12104,,0,
60E0E700_N3YLEE__vs__60E1C500_N3J6EB,60E0E700_N3YLEE,60E1C500_N3J6EB,0x8224,0x829a,118,code,code:118,,0,
60E0E700_N3YLEE__vs__60E1C500_N3J6EB,60E0E700_N3YLEE,60E1C500_N3J6EB,0x82aa,0x240a4,114170,code,code:114170,,0,
60E0E700_N3YLEE__vs__60E1C500_N3J6EB,60E0E700_N3YLEE,60E1C500_N3J6EB,0x240ac,0x24922,2166,code,code:2166,,0,
60E0E700_N3YLEE__vs__60E1C500_N3J6EB,60E0E700_N3YLEE,60E1C500_N3J6EB,0x24931,0x24936,5,code,code:5,,0,
60E0E700_N3YLEE__vs__60E1C500_N3J6EB,60E0E700_N3YLEE,60E1C500_N3J6EB,0x24949,0x24950,7,code,code:7,,0,
60E0E700_N3YLEE__vs__60E1C500_N3J6EB,60E0E700_N3YLEE,60E1C500_N3J6EB,0x24965,0x2496a,5,code,code:5,,0,
60E0E700_N3YLEE__vs__60E1C500_N3J6EB,60E0E700_N3YLEE,60E1C500_N3J6EB,0x2497c,0x24a16,154,code,code:154,,0,
60E0E700_N3YLEE__vs__60E1C500_N3J6EB,60E0E700_N3YLEE,60E1C500_N3J6EB,0x24a22,0x27312,10480,code,code:10480,,0,
60E0E700_N3YLEE__vs__60E1C500_N3J6EB,60E0E700_N3YLEE,60E1C500_N3J6EB,0x2731f,0x2881c,5373,code,code:5373,,0,
60E0E700_N3YLEE__vs__60E1C500_N3J6EB,60E0E700_N3YLEE,60E1C500_N3J6EB,0x28827,0x291aa,2435,code,code:2435,,0,
60E0E700_N3YLEE__vs__60E1C500_N3J6EB,60E0E700_N3YLEE,60E1C500_N3J6EB,0x291b5,0x377f8,58947,code,code:58947,,0,
60E0E700_N3YLEE__vs__60E1C500_N3J6EB,60E0E700_N3YLEE,60E1C500_N3J6EB,0x37800,0x37898,152,code,code:152,,0,
60E0E700_N3YLEE__vs__60E1C500_N3J6EB,60E0E700_N3YLEE,60E1C500_N3J6EB,0x378a3,0x37f20,1661,code,code:1661,,0,
60E0E700_N3YLEE__vs__60E1C500_N3J6EB,60E0E700_N3YLEE,60E1C500_N3J6EB,0x37f29,0x37f30,7,code,code:7,,0,
60E0E700_N3YLEE__vs__60E1C500_N3J6EB,60E0E700_N3YLEE,60E1C500_N3J6EB,0x37f43,0x37f44,1,code,code:1,,0,
60E0E700_N3YLEE__vs__60E1C500_N3J6EB,60E0E700_N3YLEE,60E1C500_N3J6EB,0x37f4d,0x37f4e,1,code,code:1,,0,
60E0E700_N3YLEE__vs__60E1C500_N3J6EB,60E0E700_N3YLEE,60E1C500_N3J6EB,0x37f59,0x37f6a,17,code,code:17,,0,
60E0E700_N3YLEE__vs__60E1C500_N3J6EB,60E0E700_N3YLEE,60E1C500_N3J6EB,0x37f75,0x41250,37595,code,code:37595,,0,
60E0E700_N3YLEE__vs__60E1C500_N3J6EB,60E0E700_N3YLEE,60E1C500_N3J6EB,0x41268,0x41484,540,code,code:540,,0,
60E0E700_N3YLEE__vs__60E1C500_N3J6EB,60E0E700_N3YLEE,60E1C500_N3J6EB,0x4149c,0x416b8,540,code,code:540,,0,
60E0E700_N3YLEE__vs__60E1C500_N3J6EB,60E0E700_N3YLEE,60E1C500_N3J6EB,0x416d0,0x53932,74338,code,code:74338,,0,
60E0E700_N3YLEE__vs__60E1C500_N3J6EB,60E0E700_N3YLEE,60E1C500_N3J6EB,0x53941,0x53944,3,code,code:3,,0,
60E0E700_N3YLEE__vs__60E1C500_N3J6EB,60E0E700_N3YLEE,60E1C500_N3J6EB,0x53953,0x5395a,7,code,code:7,,0,
60E0E700_N3YLEE__vs__60E1C500_N3J6EB,60E0E700_N3YLEE,60E1C500_N3J6EB,0x53969,0x541dc,2163,code,code:2163,,0,
60E0E700_N3YLEE__vs__60E1C500_N3J6EB,60E0E700_N3YLEE,60E1C500_N3J6EB,0x541ef,0x57b6a,14715,code,code:14715,,0,
60E0E700_N3YLEE__vs__60E1C500_N3J6EB,60E0E700_N3YLEE,60E1C500_N3J6EB,0x57b73,0x5ad4e,12763,code,code:12763,,0,
60E0E700_N3YLEE__vs__60E1C500_N3J6EB,60E0E700_N3YLEE,60E1C500_N3J6EB,0x5ad61,0x5ad62,1,code,code:1,,0,
60E0E700_N3YLEE__vs__60E1C500_N3J6EB,60E0E700_N3YLEE,60E1C500_N3J6EB,0x5ad73,0x5e352,13791,code,code:13791,,0,
60E0E700_N3YLEE__vs__60E1C500_N3J6EB,60E0E700_N3YLEE,60E1C500_N3J6EB,0x5e368,0x5e372,10,code,code:10,,0,
60E0E700_N3YLEE__vs__60E1C500_N3J6EB,60E0E700_N3YLEE,60E1C500_N3J6EB,0x5e3d0,0x5e3d1,1,code,code:1,,0,
60E0E700_N3YLEE__vs__60E1C500_N3J6EB,60E0E700_N3YLEE,60E1C500_N3J6EB,0x5e3e8,0x5e7c6,990,code,code:990,,0,
60E0E700_N3YLEE__vs__60E1C500_N3J6EB,60E0E700_N3YLEE,60E1C500_N3J6EB,0x5e7ce,0x5e7de,16,code,code:16,,0,
60E0E700_N3YLEE__vs__60E1C500_N3J6EB,60E0E700_N3YLEE,60E1C500_N3J6EB,0x5e7e6,0x5e7ea,4,code,code:4,,0,
60E0E700_N3YLEE__vs__60E1C500_N3J6EB,60E0E700_N3YLEE,60E1C500_N3J6EB,0x5e7f2,0x5e7f7,5,code,code:5,,0,
60E0E700_N3YLEE__vs__60E1C500_N3J6EB,60E0E700_N3YLEE,60E1C500_N3J6EB,0x5e7ff,0x5e802,3,code,code:3,,0,
60E0E700_N3YLEE__vs__60E1C500_N3J6EB,60E0E700_N3YLEE,60E1C500_N3J6EB,0x5e80b,0x5e80e,3,code,code:3,,0,
60E0E700_N3YLEE__vs__60E1C500_N3J6EB,60E0E700_N3YLEE,60E1C500_N3J6EB,0x5e817,0x5e81b,4,code,code:4,,0,
60E0E700_N3YLEE__vs__60E1C500_N3J6EB,60E0E700_N3YLEE,60E1C500_N3J6EB,0x5e823,0x5e827,4,code,code:4,,0,
60E0E700_N3YLEE__vs__60E1C500_N3J6EB,60E0E700_N3YLEE,60E1C500_N3J6EB,0x5e82f,0x5e832,3,code,code:3,,0,
60E0E700_N3YLEE__vs__60E1C500_N3J6EB,60E0E700_N3YLEE,60E1C500_N3J6EB,0x5e83b,0x5e84a,15,code,code:15,,0,
60E0E700_N3YLEE__vs__60E1C500_N3J6EB,60E0E700_N3YLEE,60E1C500_N3J6EB,0x5e852,0x5e862,16,code,code:16,,0,
60E0E700_N3YLEE__vs__60E1C500_N3J6EB,60E0E700_N3YLEE,60E1C500_N3J6EB,0x5e86a,0x5e87b,17,code,code:17,,0,
60E0E700_N3YLEE__vs__60E1C500_N3J6EB,60E0E700_N3YLEE,60E1C500_N3J6EB,0x5e883,0x5e887,4,code,code:4,,0,
60E0E700_N3YLEE__vs__60E1C500_N3J6EB,60E0E700_N3YLEE,60E1C500_N3J6EB,0x5e88f,0x5e893,4,code,code:4,,0,
60E0E700_N3YLEE__vs__60E1C500_N3J6EB,60E0E700_N3YLEE,60E1C500_N3J6EB,0x5e89b,0x5e89e,3,code,code:3,,0,
60E0E700_N3YLEE__vs__60E1C500_N3J6EB,60E0E700_N3YLEE,60E1C500_N3J6EB,0x5e8a7,0x5e8ab,4,code,code:4,,0,
60E0E700_N3YLEE__vs__60E1C500_N3J6EB,60E0E700_N3YLEE,60E1C500_N3J6EB,0x5e8b3,0x5e8b6,3,code,code:3,,0,
60E0E700_N3YLEE__vs__60E1C500_N3J6EB,60E0E700_N3YLEE,60E1C500_N3J6EB,0x5e8bf,0x5e8c2,3,code,code:3,,0,
60E0E700_N3YLEE__vs__60E1C500_N3J6EB,60E0E700_N3YLEE,60E1C500_N3J6EB,0x5e8ca,0x5e8da,16,code,code:16,,0,
60E0E700_N3YLEE__vs__60E1C500_N3J6EB,60E0E700_N3YLEE,60E1C500_N3J6EB,0x5e8e2,0x5e8ff,29,code,code:29,,0,
60E0E700_N3YLEE__vs__60E1C500_N3J6EB,60E0E700_N3YLEE,60E1C500_N3J6EB,0x5e907,0x5e916,15,code,code:15,,0,
60E0E700_N3YLEE__vs__60E1C500_N3J6EB,60E0E700_N3YLEE,60E1C500_N3J6EB,0x5e91e,0x5e922,4,code,code:4,,0,
60E0E700_N3YLEE__vs__60E1C500_N3J6EB,60E0E700_N3YLEE,60E1C500_N3J6EB,0x5e92a,0x5e98e,100,code,code:100,,0,
60E0E700_N3YLEE__vs__60E1C500_N3J6EB,60E0E700_N3YLEE,60E1C500_N3J6EB,0x5e996,0x5e99a,4,code,code:4,,0,
60E0E700_N3YLEE__vs__60E1C500_N3J6EB,60E0E700_N3YLEE,60E1C500_N3J6EB,0x5e9a2,0x5e9a6,4,code,code:4,,0,
60E0E700_N3YLEE__vs__60E1C500_N3J6EB,60E0E700_N3YLEE,60E1C500_N3J6EB,0x5e9ae,0x5e9b2,4,code,code:4,,0,
60E0E700_N3YLEE__vs__60E1C500_N3J6EB,60E0E700_N3YLEE,60E1C500_N3J6EB,0x5e9ba,0x5e9ca,16,code,code:16,,0,
60E0E700_N3YLEE__vs__60E1C500_N3J6EB,60E0E700_N3YLEE,60E1C500_N3J6EB,0x5e9d2,0x5e9d6,4,code,code:4,,0,
60E0E700_N3YLEE__vs__60E1C500_N3J6EB,60E0E700_N3YLEE,60E1C500_N3J6EB,0x5e9de,0x5e9e2,4,code,code:4,,0,
60E0E700_N3YLEE__vs__60E1C500_N3J6EB,60E0E700_N3YLEE,60E1C500_N3J6EB,0x5e9ea,0x5e9ee,4,code,code:4,,0,
60E0E700_N3YLEE__vs__60E1C500_N3J6EB,60E0E700_N3YLEE,60E1C500_N3J6EB,0x5e9f6,0x5e9fa,4,code,code:4,,0,
60E0E700_N3YLEE__vs__60E1C500_N3J6EB,60E0E700_N3YLEE,60E1C500_N3J6EB,0x5ea02,0x5ea06,4,code,code:4,,0,
60E0E700_N3YLEE__vs__60E1C500_N3J6EB,60E0E700_N3YLEE,60E1C500_N3J6EB,0x5ea0e,0x5ea12,4,code,code:4,,0,
60E0E700_N3YLEE__vs__60E1C500_N3J6EB,60E0E700_N3YLEE,60E1C500_N3J6EB,0x5ea1a,0x5ea2a,16,code,code:16,,0,
60E0E700_N3YLEE__vs__60E1C500_N3J6EB,60E0E700_N3YLEE,60E1C500_N3J6EB,0x5ea32,0x5ea36,4,code,code:4,,0,
60E0E700_N3YLEE__vs__60E1C500_N3J6EB,60E0E700_N3YLEE,60E1C500_N3J6EB,0x5ea3e,0x5ea66,40,code,code:40,,0,
60E0E700_N3YLEE__vs__60E1C500_N3J6EB,60E0E700_N3YLEE,60E1C500_N3J6EB,0x5ea6e,0x5ea96,40,code,code:40,,0,
60E0E700_N3YLEE__vs__60E1C500_N3J6EB,60E0E700_N3YLEE,60E1C500_N3J6EB,0x5ea9e,0x5eaae,16,code,code:16,,0,
60E0E700_N3YLEE__vs__60E1C500_N3J6EB,60E0E700_N3YLEE,60E1C500_N3J6EB,0x5eab6,0x5eaba,4,code,code:4,,0,
60E0E700_N3YLEE__vs__60E1C500_N3J6EB,60E0E700_N3YLEE,60E1C500_N3J6EB,0x5eac2,0x5eac6,4,code,code:4,,0,
60E0E700_N3YLEE__vs__60E1C500_N3J6EB,60E0E700_N3YLEE,60E1C500_N3J6EB,0x5eace,0x5eaf6,40,code,code:40,,0,
60E0E700_N3YLEE__vs__60E1C500_N3J6EB,60E0E700_N3YLEE,60E1C500_N3J6EB,0x5eafe,0x5eb02,4,code,code:4,,0,
60E0E700_N3YLEE__vs__60E1C500_N3J6EB,60E0E700_N3YLEE,60E1C500_N3J6EB,0x5eb0a,0x5eb0e,4,code,code:4,,0,
60E0E700_N3YLEE__vs__60E1C500_N3J6EB,60E0E700_N3YLEE,60E1C500_N3J6EB,0x5eb16,0x5eb3e,40,code,code:40,,0,
60E0E700_N3YLEE__vs__60E1C500_N3J6EB,60E0E700_N3YLEE,60E1C500_N3J6EB,0x5eb46,0x63090,17738,code,code:17738,,0,
60E0E700_N3YLEE__vs__60E1C500_N3J6EB,60E0E700_N3YLEE,60E1C500_N3J6EB,0x63098,0x687bc,22308,code,code:22308,,0,
60E0E700_N3YLEE__vs__60E1C500_N3J6EB,60E0E700_N3YLEE,60E1C500_N3J6EB,0x687c6,0x687cc,6,code,code:6,,0,
60E0E700_N3YLEE__vs__60E1C500_N3J6EB,60E0E700_N3YLEE,60E1C500_N3J6EB,0x687da,0x687e0,6,code,code:6,,0,
60E0E700_N3YLEE__vs__60E1C500_N3J6EB,60E0E700_N3YLEE,60E1C500_N3J6EB,0x687e9,0x687f4,11,code,code:11,,0,
60E0E700_N3YLEE__vs__60E1C500_N3J6EB,60E0E700_N3YLEE,60E1C500_N3J6EB,0x687fd,0x68846,73,code,code:73,,0,
60E0E700_N3YLEE__vs__60E1C500_N3J6EB,60E0E700_N3YLEE,60E1C500_N3J6EB,0x68852,0x68858,6,code,code:6,,0,
60E0E700_N3YLEE__vs__60E1C500_N3J6EB,60E0E700_N3YLEE,60E1C500_N3J6EB,0x68866,0x6886c,6,code,code:6,,0,
60E0E700_N3YLEE__vs__60E1C500_N3J6EB,60E0E700_N3YLEE,60E1C500_N3J6EB,0x68875,0x688e5,112,code,code:112,,0,
60E0E700_N3YLEE__vs__60E1C500_N3J6EB,60E0E700_N3YLEE,60E1C500_N3J6EB,0x688ed,0x688f8,11,code,code:11,,0,
60E0E700_N3YLEE__vs__60E1C500_N3J6EB,60E0E700_N3YLEE,60E1C500_N3J6EB,0x68901,0x6890c,11,code,code:11,,0,
60E0E700_N3YLEE__vs__60E1C500_N3J6EB,60E0E700_N3YLEE,60E1C500_N3J6EB,0x68915,0x68920,11,code,code:11,,0,
60E0E700_N3YLEE__vs__60E1C500_N3J6EB,60E0E700_N3YLEE,60E1C500_N3J6EB,0x68929,0x68934,11,code,code:11,,0,
60E0E700_N3YLEE__vs__60E1C500_N3J6EB,60E0E700_N3YLEE,60E1C500_N3J6EB,0x6893d,0x68948,11,code,code:11,,0,
60E0E700_N3YLEE__vs__60E1C500_N3J6EB,60E0E700_N3YLEE,60E1C500_N3J6EB,0x68952,0x689c8,118,code,code:118,,0,
60E0E700_N3YLEE__vs__60E1C500_N3J6EB,60E0E700_N3YLEE,60E1C500_N3J6EB,0x689d1,0x689f0,31,code,code:31,,0,
60E0E700_N3YLEE__vs__60E1C500_N3J6EB,60E0E700_N3YLEE,60E1C500_N3J6EB,0x689f9,0x68a54,91,code,code:91,,0,
60E0E700_N3YLEE__vs__60E1C500_N3J6EB,60E0E700_N3YLEE,60E1C500_N3J6EB,0x68a5e,0x68b44,230,code,code:230,,0,
60E0E700_N3YLEE__vs__60E1C500_N3J6EB,60E0E700_N3YLEE,60E1C500_N3J6EB,0x68b4d,0x68b6c,31,code,code:31,,0,
60E0E700_N3YLEE__vs__60E1C500_N3J6EB,60E0E700_N3YLEE,60E1C500_N3J6EB,0x68b7a,0x68b80,6,code,code:6,,0,
60E0E700_N3YLEE__vs__60E1C500_N3J6EB,60E0E700_N3YLEE,60E1C500_N3J6EB,0x68b89,0x68b94,11,code,code:11,,0,
60E0E700_N3YLEE__vs__60E1C500_N3J6EB,60E0E700_N3YLEE,60E1C500_N3J6EB,0x68ba2,0x68ba8,6,code,code:6,,0,
60E0E700_N3YLEE__vs__60E1C500_N3J6EB,60E0E700_N3YLEE,60E1C500_N3J6EB,0x68bb6,0x68bbc,6,code,code:6,,0,
60E0E700_N3YLEE__vs__60E1C500_N3J6EB,60E0E700_N3YLEE,60E1C500_N3J6EB,0x68bca,0x68bd0,6,code,code:6,,0,
60E0E700_N3YLEE__vs__60E1C500_N3J6EB,60E0E700_N3YLEE,60E1C500_N3J6EB,0x68bda,0x68d8c,434,code,code:434,,0,
60E0E700_N3YLEE__vs__60E1C500_N3J6EB,60E0E700_N3YLEE,60E1C500_N3J6EB,0x68d96,0x69014,638,code,code:638,,0,
60E0E700_N3YLEE__vs__60E1C500_N3J6EB,60E0E700_N3YLEE,60E1C500_N3J6EB,0x69022,0x69028,6,code,code:6,,0,
60E0E700_N3YLEE__vs__60E1C500_N3J6EB,60E0E700_N3YLEE,60E1C500_N3J6EB,0x69036,0x6903c,6,code,code:6,,0,
60E0E700_N3YLEE__vs__60E1C500_N3J6EB,60E0E700_N3YLEE,60E1C500_N3J6EB,0x69046,0x6918c,326,code,code:326,,0,
60E0E700_N3YLEE__vs__60E1C500_N3J6EB,60E0E700_N3YLEE,60E1C500_N3J6EB,0x69195,0x691a0,11,code,code:11,,0,
60E0E700_N3YLEE__vs__60E1C500_N3J6EB,60E0E700_N3YLEE,60E1C500_N3J6EB,0x691a9,0x691f0,71,code,code:71,,0,
60E0E700_N3YLEE__vs__60E1C500_N3J6EB,60E0E700_N3YLEE,60E1C500_N3J6EB,0x691f9,0x69206,13,code,code:13,,0,
60E0E700_N3YLEE__vs__60E1C500_N3J6EB,60E0E700_N3YLEE,60E1C500_N3J6EB,0x69212,0x69258,70,code,code:70,,0,
60E0E700_N3YLEE__vs__60E1C500_N3J6EB,60E0E700_N3YLEE,60E1C500_N3J6EB,0x69262,0x69268,6,code,code:6,,0,
60E0E700_N3YLEE__vs__60E1C500_N3J6EB,60E0E700_N3YLEE,60E1C500_N3J6EB,0x69276,0x6927c,6,code,code:6,,0,
60E0E700_N3YLEE__vs__60E1C500_N3J6EB,60E0E700_N3YLEE,60E1C500_N3J6EB,0x69285,0x69451,460,code,code:460,,0,
60E0E700_N3YLEE__vs__60E1C500_N3J6EB,60E0E700_N3YLEE,60E1C500_N3J6EB,0x6945a,0x6948e,52,code,code:52,,0,
60E0E700_N3YLEE__vs__60E1C500_N3J6EB,60E0E700_N3YLEE,60E1C500_N3J6EB,0x69496,0x694a2,12,code,code:12,,0,
60E0E700_N3YLEE__vs__60E1C500_N3J6EB,60E0E700_N3YLEE,60E1C500_N3J6EB,0x694aa,0x6967c,466,code,code:466,,0,
60E0E700_N3YLEE__vs__60E1C500_N3J6EB,60E0E700_N3YLEE,60E1C500_N3J6EB,0x69685,0x69690,11,code,code:11,,0,
60E0E700_N3YLEE__vs__60E1C500_N3J6EB,60E0E700_N3YLEE,60E1C500_N3J6EB,0x69699,0x69741,168,code,code:168,,0,
60E0E700_N3YLEE__vs__60E1C500_N3J6EB,60E0E700_N3YLEE,60E1C500_N3J6EB,0x69749,0x69791,72,code,code:72,,0,
60E0E700_N3YLEE__vs__60E1C500_N3J6EB,60E0E700_N3YLEE,60E1C500_N3J6EB,0x69799,0x697a5,12,code,code:12,,0,
60E0E700_N3YLEE__vs__60E1C500_N3J6EB,60E0E700_N3YLEE,60E1C500_N3J6EB,0x697ad,0x69808,91,code,code:91,,0,
60E0E700_N3YLEE__vs__60E1C500_N3J6EB,60E0E700_N3YLEE,60E1C500_N3J6EB,0x69811,0x6993e,301,code,code:301,,0,
60E0E700_N3YLEE__vs__60E1C500_N3J6EB,60E0E700_N3YLEE,60E1C500_N3J6EB,0x69946,0x6994c,6,code,code:6,,0,
60E0E700_N3YLEE__vs__60E1C500_N3J6EB,60E0E700_N3YLEE,60E1C500_N3J6EB,0x69955,0x69960,11,code,code:11,,0,
60E0E700_N3YLEE__vs__60E1C500_N3J6EB,60E0E700_N3YLEE,60E1C500_N3J6EB,0x69969,0x69974,11,code,code:11,,0,
60E0E700_N3YLEE__vs__60E1C500_N3J6EB,60E0E700_N3YLEE,60E1C500_N3J6EB,0x6997d,0x69c10,659,code,code:659,,0,
60E0E700_N3YLEE__vs__60E1C500_N3J6EB,60E0E700_N3YLEE,60E1C500_N3J6EB,0x69c1a,0x69ea1,647,code,code:647,,0,
60E0E700_N3YLEE__vs__60E1C500_N3J6EB,60E0E700_N3YLEE,60E1C500_N3J6EB,0x69ea9,0x69f12,105,code,code:105,,0,
60E0E700_N3YLEE__vs__60E1C500_N3J6EB,60E0E700_N3YLEE,60E1C500_N3J6EB,0x69f1a,0x69f20,6,code,code:6,,0,
60E0E700_N3YLEE__vs__60E1C500_N3J6EB,60E0E700_N3YLEE,60E1C500_N3J6EB,0x69f2e,0x69f34,6,code,code:6,,0,
60E0E700_N3YLEE__vs__60E1C500_N3J6EB,60E0E700_N3YLEE,60E1C500_N3J6EB,0x69f3d,0x69f48,11,code,code:11,,0,
60E0E700_N3YLEE__vs__60E1C500_N3J6EB,60E0E700_N3YLEE,60E1C500_N3J6EB,0x69f56,0x69f5c,6,code,code:6,,0,
60E0E700_N3YLEE__vs__60E1C500_N3J6EB,60E0E700_N3YLEE,60E1C500_N3J6EB,0x69f65,0x69f84,31,code,code:31,,0,
60E0E700_N3YLEE__vs__60E1C500_N3J6EB,60E0E700_N3YLEE,60E1C500_N3J6EB,0x69f8d,0x69f98,11,code,code:11,,0,
60E0E700_N3YLEE__vs__60E1C500_N3J6EB,60E0E700_N3YLEE,60E1C500_N3J6EB,0x69fa1,0x69fac,11,code,code:11,,0,
60E0E700_N3YLEE__vs__60E1C500_N3J6EB,60E0E700_N3YLEE,60E1C500_N3J6EB,0x69fb5,0x6a1a9,500,code,code:500,,0,
60E0E700_N3YLEE__vs__60E1C500_N3J6EB,60E0E700_N3YLEE,60E1C500_N3J6EB,0x6a1b1,0x6a220,111,code,code:111,,0,
60E0E700_N3YLEE__vs__60E1C500_N3J6EB,60E0E700_N3YLEE,60E1C500_N3J6EB,0x6a229,0x6a5e8,959,code,code:959,,0,
60E0E700_N3YLEE__vs__60E1C500_N3J6EB,60E0E700_N3YLEE,60E1C500_N3J6EB,0x6a5f2,0x6a5f8,6,code,code:6,,0,
60E0E700_N3YLEE__vs__60E1C500_N3J6EB,60E0E700_N3YLEE,60E1C500_N3J6EB,0x6a606,0x6a60c,6,code,code:6,,0,
60E0E700_N3YLEE__vs__60E1C500_N3J6EB,60E0E700_N3YLEE,60E1C500_N3J6EB,0x6a61a,0x6a620,6,code,code:6,,0,
60E0E700_N3YLEE__vs__60E1C500_N3J6EB,60E0E700_N3YLEE,60E1C500_N3J6EB,0x6a62e,0x6a634,6,code,code:6,,0,
60E0E700_N3YLEE__vs__60E1C500_N3J6EB,60E0E700_N3YLEE,60E1C500_N3J6EB,0x6a63e,0x6a94c,782,code,code:782,,0,
60E0E700_N3YLEE__vs__60E1C500_N3J6EB,60E0E700_N3YLEE,60E1C500_N3J6EB,0x6a955,0x6ac56,769,code,code:769,,0,
60E0E700_N3YLEE__vs__60E1C500_N3J6EB,60E0E700_N3YLEE,60E1C500_N3J6EB,0x6ac5e,0x6ad84,294,code,code:294,,0,
60E0E700_N3YLEE__vs__60E1C500_N3J6EB,60E0E700_N3YLEE,60E1C500_N3J6EB,0x6c602,0x6c60c,10,padding,padding:10,,0,
60E0E700_N3YLEE__vs__60E1C500_N3J6EB,60E0E700_N3YLEE,60E1C500_N3J6EB,0x6c614,0x6c617,3,padding,padding:3,,0,
60E0E700_N3YLEE__vs__60E1C500_N3J6EB,60E0E700_N3YLEE,60E1C500_N3J6EB,0x6c631,0x6c634,3,padding,padding:3,,0,
60E0E700_N3YLEE__vs__60E1C500_N3J6EB,60E0E700_N3YLEE,60E1C500_N3J6EB,0x6c648,0x6c64c,4,padding,padding:4,,0,
60E0E700_N3YLEE__vs__60E1C500_N3J6EB,60E0E700_N3YLEE,60E1C500_N3J6EB,0x6c65b,0x6c65e,3,padding,padding:3,,0,
60E0E700_N3YLEE__vs__60E1C500_N3J6EB,60E0E700_N3YLEE,60E1C500_N3J6EB,0x6c6e4,0x6c6f0,12,padding,padding:12,,0,
60E0E700_N3YLEE__vs__60E1C500_N3J6EB,60E0E700_N3YLEE,60E1C500_N3J6EB,0x6c7ee,0x6c7f1,3,padding,padding:3,,0,
60E0E700_N3YLEE__vs__60E1C500_N3J6EB,60E0E700_N3YLEE,60E1C500_N3J6EB,0x6c83e,0x6c841,3,padding,padding:3,,0,
60E0E700_N3YLEE__vs__60E1C500_N3J6EB,60E0E700_N3YLEE,60E1C500_N3J6EB,0x6c88e,0x6c8a2,20,padding,padding:20,,0,
60E0E700_N3YLEE__vs__60E1C500_N3J6EB,60E0E700_N3YLEE,60E1C500_N3J6EB,0x6c8c8,0x6c8ca,2,padding,padding:2,,0,
60E0E700_N3YLEE__vs__60E1C500_N3J6EB,60E0E700_N3YLEE,60E1C500_N3J6EB,0x6c8d5,0x6c8d6,1,padding,padding:1,,0,
60E0E700_N3YLEE__vs__60E1C500_N3J6EB,60E0E700_N3YLEE,60E1C500_N3J6EB,0x6c8e5,0x6c8e7,2,padding,padding:2,,0,
60E0E700_N3YLEE__vs__60E1C500_N3J6EB,60E0E700_N3YLEE,60E1C500_N3J6EB,0x6c93c,0x6c93d,1,padding,padding:1,,0,
60E0E700_N3YLEE__vs__60E1C500_N3J6EB,60E0E700_N3YLEE,60E1C500_N3J6EB,0x6c958,0x6c95d,5,padding,padding:5,,0,
60E0E700_N3YLEE__vs__60E1C500_N3J6EB,60E0E700_N3YLEE,60E1C500_N3J6EB,0x6c971,0x6c97d,12,padding,padding:12,,0,
60E0E700_N3YLEE__vs__60E1C500_N3J6EB,60E0E700_N3YLEE,60E1C500_N3J6EB,0x6c991,0x6c99d,12,padding,padding:12,,0,
60E0E700_N3YLEE__vs__60E1C500_N3J6EB,60E0E700_N3YLEE,60E1C500_N3J6EB,0x6c9ea,0x6c9f2,8,padding,padding:8,,0,
60E0E700_N3YLEE__vs__60E1C500_N3J6EB,60E0E700_N3YLEE,60E1C500_N3J6EB,0x6ca30,0x6ca37,7,padding,padding:7,,0,
60E0E700_N3YLEE__vs__60E1C500_N3J6EB,60E0E700_N3YLEE,60E1C500_N3J6EB,0x6cab7,0x6cabc,5,padding,padding:5,,0,
60E0E700_N3YLEE__vs__60E1C500_N3J6EB,60E0E700_N3YLEE,60E1C500_N3J6EB,0x6cac7,0x6cacc,5,padding,padding:5,,0,
60E0E700_N3YLEE__vs__60E1C500_N3J6EB,60E0E700_N3YLEE,60E1C500_N3J6EB,0x6cad7,0x6cadc,5,padding,padding:5,,0,
60E0E700_N3YLEE__vs__60E1C500_N3J6EB,60E0E700_N3YLEE,60E1C500_N3J6EB,0x6cc27,0x6cc2c,5,padding,padding:5,,0,
60E0E700_N3YLEE__vs__60E1C500_N3J6EB,60E0E700_N3YLEE,60E1C500_N3J6EB,0x6cc37,0x6cc3c,5,padding,padding:5,,0,
60E0E700_N3YLEE__vs__60E1C500_N3J6EB,60E0E700_N3YLEE,60E1C500_N3J6EB,0x6cc47,0x6cc4c,5,padding,padding:5,,0,
60E0E700_N3YLEE__vs__60E1C500_N3J6EB,60E0E700_N3YLEE,60E1C500_N3J6EB,0x6ccdf,0x6cce4,5,padding,padding:5,,0,
60E0E700_N3YLEE__vs__60E1C500_N3J6EB,60E0E700_N3YLEE,60E1C500_N3J6EB,0x6ccef,0x6ccf4,5,padding,padding:5,,0,
60E0E700_N3YLEE__vs__60E1C500_N3J6EB,60E0E700_N3YLEE,60E1C500_N3J6EB,0x6ccff,0x6cd04,5,padding,padding:5,,0,
60E0E700_N3YLEE__vs__60E1C500_N3J6EB,60E0E700_N3YLEE,60E1C500_N3J6EB,0x6cd39,0x6cd3e,5,padding,padding:5,,0,
60E0E700_N3YLEE__vs__60E1C500_N3J6EB,60E0E700_N3YLEE,60E1C500_N3J6EB,0x6cd4c,0x6cd4f,3,padding,padding:3,,0,
60E0E700_N3YLEE__vs__60E1C500_N3J6EB,60E0E700_N3YLEE,60E1C500_N3J6EB,0x6cd5d,0x6cd5e,1,padding,padding:1,,0,
60E0E700_N3YLEE__vs__60E1C500_N3J6EB,60E0E700_N3YLEE,60E1C500_N3J6EB,0x6cd6d,0x6cd6e,1,padding,padding:1,,0,
60E0E700_N3YLEE__vs__60E1C500_N3J6EB,60E0E700_N3YLEE,60E1C500_N3J6EB,0x6cd85,0x6cd92,13,padding,padding:13,,0,
60E0E700_N3YLEE__vs__60E1C500_N3J6EB,60E0E700_N3YLEE,60E1C500_N3J6EB,0x6cdd5,0x6cde1,12,padding,padding:12,,0,
60E0E700_N3YLEE__vs__60E1C500_N3J6EB,60E0E700_N3YLEE,60E1C500_N3J6EB,0x6cf20,0x6d088,360,cal_data,cal_data:352 cal_table:8,,8,Barometric Pressure Sensor Max ADC Count; Barometric Pressure Sensor Min ADC Count; Table 2D - 0_; Table 2D - 1_; Table 2D - 2_; Y; Y; Y
60E0E700_N3YLEE__vs__60E1C500_N3J6EB,60E0E700_N3YLEE,60E1C500_N3J6EB,0x6d194,0x6d2fc,360,cal_data,cal_data:351 cal_table:9,,9,Idle Related; Table 2D - 290 Check DataType; Table 3D - 0_; Table 3D - 103_; X; X; Y; Y; ...
60E0E700_N3YLEE__vs__60E1C500_N3J6EB,60E0E700_N3YLEE,60E1C500_N3J6EB,0x6d318,0x6d345,45,cal_data,cal_data:45,,0,
60E0E700_N3YLEE__vs__60E1C500_N3J6EB,60E0E700_N3YLEE,60E1C500_N3J6EB,0x6d364,0x6da20,1724,cal_data,cal_data:1697 cal_table:27,,27,Cold Rev Limit; Cold Rev Limit Threshold; Ignition 2; Ignition Leading 0; Ignition Leading 1; Ignition Leading Base - Safe Mode; Ignition Maybe Idle Base; Ignition Temp Correction?; ...
60E0E700_N3YLEE__vs__60E1C500_N3J6EB,60E0E700_N3YLEE,60E1C500_N3J6EB,0x6da3c,0x6e3ec,2480,cal_data,cal_data:2459 cal_table:21,,21,Ignition; Ignition 0 - Safe Mode; Ignition 1; Ignition Leading 4; Ignition Leading 5; Ignition Leading Base; Ignition Minimum Maybe; X; ...
60E0E700_N3YLEE__vs__60E1C500_N3J6EB,60E0E700_N3YLEE,60E1C500_N3J6EB,0x6e3f4,0x6e400,12,cal_data,cal_data:12,,0,
60E0E700_N3YLEE__vs__60E1C500_N3J6EB,60E0E700_N3YLEE,60E1C500_N3J6EB,0x6e409,0x6e54a,321,cal_data,cal_data:309 cal_table:12,,12,Table 2D - 10_; Table 2D - 11_; Table 2D - 12_; Table 2D - 13_; Table 3D - 106_; X; Y; Y; ...
60E0E700_N3YLEE__vs__60E1C500_N3J6EB,60E0E700_N3YLEE,60E1C500_N3J6EB,0x6e567,0x6e570,9,cal_data,cal_data:9,,0,
60E0E700_N3YLEE__vs__60E1C500_N3J6EB,60E0E700_N3YLEE,60E1C500_N3J6EB,0x6e58b,0x6e596,11,cal_data,cal_data:11,,0,
60E0E700_N3YLEE__vs__60E1C500_N3J6EB,60E0E700_N3YLEE,60E1C500_N3J6EB,0x6e5ab,0x6e5bc,17,cal_data,cal_data:17,,0,
60E0E700_N3YLEE__vs__60E1C500_N3J6EB,60E0E700_N3YLEE,60E1C500_N3J6EB,0x6e5d1,0x6e5e2,17,cal_data,cal_data:17,,0,
60E0E700_N3YLEE__vs__60E1C500_N3J6EB,60E0E700_N3YLEE,60E1C500_N3J6EB,0x6e5f7,0x6e608,17,cal_data,cal_data:17,,0,
60E0E700_N3YLEE__vs__60E1C500_N3J6EB,60E0E700_N3YLEE,60E1C500_N3J6EB,0x6e613,0x702cc,7353,cal_data,cal_data:7195 cal_table:158,,158,CLT Sensor Scaling; IAT Sensor Scaling; Idle Target; Idle Target 0; Idle Target 1; Idle Target 2; Idle Target 3; Idle Target 4; ...
60E0E700_N3YLEE__vs__60E1C500_N3J6EB,60E0E700_N3YLEE,60E1C500_N3J6EB,0x7032a,0x70484,346,cal_data,cal_data:335 cal_table:11,,11,Table 2D - 304 Check DataType; Table 2D - 305 Check DataType; Table 2D - 306 Check DataType; Table 2D - 307 Check DataType; Table 2D - 68_; Table 2D - 69_; Y; Y; ...
60E0E700_N3YLEE__vs__60E1C500_N3J6EB,60E0E700_N3YLEE,60E1C500_N3J6EB,0x70490,0x704ac,28,cal_data,cal_data:28,,0,
60E0E700_N3YLEE__vs__60E1C500_N3J6EB,60E0E700_N3YLEE,60E1C500_N3J6EB,0x704b8,0x704d4,28,cal_data,cal_data:28,,0,
60E0E700_N3YLEE__vs__60E1C500_N3J6EB,60E0E700_N3YLEE,60E1C500_N3J6EB,0x704e0,0x70930,1104,cal_data,cal_data:1091 cal_table:13,,13,Table 2D - 308 Check DataType; Table 2D - 309 Check DataType; Table 2D - 310 Check DataType; Table 2D - 311 Check DataType; Table 3D - 22_; Table 3D - 23_; X; X; ...
60E0E700_N3YLEE__vs__60E1C500_N3J6EB,60E0E700_N3YLEE,60E1C500_N3J6EB,0x70945,0x72110,6091,cal_data,cal_data:5971 cal_table:120,,120,Fuelling - Safe Mode; Fuelling 0; Fuelling 1; Fuelling 2 - Safe Mode; Fuelling 3; Fuelling 4; Fuelling 5; Fuelling 6; ...
60E0E700_N3YLEE__vs__60E1C500_N3J6EB,60E0E700_N3YLEE,60E1C500_N3J6EB,0x72120,0x7214c,44,cal_data,cal_data:43 cal_table:1,,1,Y
60E0E700_N3YLEE__vs__60E1C500_N3J6EB,60E0E700_N3YLEE,60E1C500_N3J6EB,0x72154,0x72a8c,2360,cal_data,cal_data:2325 cal_table:35,,35,Fuelling 10 - Safe Mode; Fuelling 11; Fuelling 12; Fuelling 13 - Safe Mode; Fuelling 14 - Safe mode; Fuelling 15; Fuelling 16; Fuelling 9 - Safe Mode; ...
60E0E700_N3YLEE__vs__60E1C500_N3J6EB,60E0E700_N3YLEE,60E1C500_N3J6EB,0x72a94,0x72aac,24,cal_data,cal_data:24,,0,
60E0E700_N3YLEE__vs__60E1C500_N3J6EB,60E0E700_N3YLEE,60E1C500_N3J6EB,0x72ab6,0x72acc,22,cal_data,cal_data:22,,0,
60E0E700_N3YLEE__vs__60E1C500_N3J6EB,60E0E700_N3YLEE,60E1C500_N3J6EB,0x72ad8,0x72d30,600,cal_data,cal_data:587 cal_table:13,,13,Table 2D - 104_; Table 2D - 105_; Table 2D - 106_; Table 2D - 107_; Table 2D - 108_; Table 2D - 329 Check DataType; Y; Y; ...
60E0E700_N3YLEE__vs__60E1C500_N3J6EB,60E0E700_N3YLEE,60E1C500_N3J6EB,0x72d38,0x73128,1008,cal_data,cal_data:986 cal_table:22,,22,Table 2D - 109_; Table 2D - 110_; Table 2D - 111_; Table 2D - 112_; Table 2D - 113_; Table 2D - 114_; Table 2D - 115_; Table 2D - 116_; ...
60E0E700_N3YLEE__vs__60E1C500_N3J6EB,60E0E700_N3YLEE,60E1C500_N3J6EB,0x73139,0x7313f,6,cal_data,cal_data:6,,0,
60E0E700_N3YLEE__vs__60E1C500_N3J6EB,60E0E700_N3YLEE,60E1C500_N3J6EB,0x73148,0x74446,4862,cal_data,cal_data:4782 cal_table:80,,80,Accel Pedal to Throttle Position #1; Maximum Throttle Angle; Table 2D - 119_; Table 2D - 120_; Table 2D - 121_; Table 2D - 122_; Table 2D - 123_; Table 2D - 124_; ...
60E0E700_N3YLEE__vs__60E1C500_N3J6EB,60E0E700_N3YLEE,60E1C500_N3J6EB,0x74452,0x74e87,2613,cal_data,cal_data:2604 cal_table:9,,9,Accel Pedal to Throttle Position #2; Accel Pedal to Throttle Position #3; Accel Pedal to Throttle Position #4; X; X; X; Y; Y; ...
60E0E700_N3YLEE__vs__60E1C500_N3J6EB,60E0E700_N3YLEE,60E1C500_N3J6EB,0x74eb2,0x74ebc,10,cal_data,cal_data:10,,0,
60E0E700_N3YLEE__vs__60E1C500_N3J6EB,60E0E700_N3YLEE,60E1C500_N3J6EB,0x74ed0,0x74ede,14,cal_data,cal_data:14,,0,
60E0E700_N3YLEE__vs__60E1C500_N3J6EB,60E0E700_N3YLEE,60E1C500_N3J6EB,0x74ee6,0x74f3f,89,cal_data,cal_data:89,,0,
60E0E700_N3YLEE__vs__60E1C500_N3J6EB,60E0E700_N3YLEE,60E1C500_N3J6EB,0x74f66,0x74f74,14,cal_data,cal_data:14,,0,
60E0E700_N3YLEE__vs__60E1C500_N3J6EB,60E0E700_N3YLEE,60E1C500_N3J6EB,0x74f88,0x74f96,14,cal_data,cal_data:14,,0,
60E0E700_N3YLEE__vs__60E1C500_N3J6EB,60E0E700_N3YLEE,60E1C500_N3J6EB,0x74f9e,0x76dc0,7714,cal_data,cal_data:7624 cal_table:90,,90,Table 2D - 144_; Table 2D - 145_; Table 2D - 146_; Table 2D - 147_; Table 2D - 148_; Table 2D - 149_; Table 2D - 150_; Table 2D - 151_; ...
60E0E700_N3YLEE__vs__60E1C500_N3J6EB,60E0E700_N3YLEE,60E1C500_N3J6EB,0x76dd9,0x77cfe,3877,cal_data,cal_data:3817 cal_table:60,,60,Estimated Manifold Pressure; Table 2D - 164_; Table 2D - 165_; Table 2D - 166_; Table 2D - 167_; Table 2D - 168_; Table 2D - 169_; Table 2D - 170_; ...
60E0E700_N3YLEE__vs__60E1C500_N3J6EB,60E0E700_N3YLEE,60E1C500_N3J6EB,0x77d0c,0x795c2,6326,cal_data,cal_data:6202 cal_table:124,,124,Auxillary Valve Close; Engine Load Compensation; Injector Latency Primary; Injector Latency Secondary; Oil Metering By Load; Oil Metering By Throttle; Primary Injector Size; Secondary Injector Size; ...
60E0E700_N3YLEE__vs__60E1C500_N3J6EB,60E0E700_N3YLEE,60E1C500_N3J6EB,0x795ca,0x7b5e3,8217,cal_data,cal_data:8022 cal_table:195,,195,AirFlow Inj Angle Related; Airflow Or Load Related; Barometric Pressure Sensor Max Voltage; Barometric Pressure Sensor Min Voltage; Barometric Pressure Sensor Offset; Barometric Pressure Sensor Slope; Injection Angle; Injection Angle Related AFR Input; ...
60E0E700_N3YLEE__vs__60E1C500_N3J6EB,60E0E700_N3YLEE,60E1C500_N3J6EB,0x7b61c,0x7c6e1,4293,cal_data,cal_data:4226 cal_table:67,,67,Load Limit A; Load Limit B; Load Limit C; Table 2D - 277_; Table 2D - 279_; Table 2D - 280_; Table 2D - 281_; Table 2D - 282_; ...
60E0E700_N3YLEE__vs__60E1C500_N3J6EB,60E0E700_N3YLEE,60E1C500_N3J6EB,0x7c6e9,0x7c6f2,9,cal_data,cal_data:9,,0,
60E0E700_N3YLEE__vs__60E1C500_N3J6EB,60E0E700_N3YLEE,60E1C500_N3J6EB,0x7c6fc,0x7c6fd,1,cal_data,cal_data:1,,0,
60E0E700_N3YLEE__vs__60E1C500_N3J6EB,60E0E700_N3YLEE,60E1C500_N3J6EB,0x7c70d,0x7c716,9,cal_data,cal_data:9,,0,
60E0E700_N3YLEE__vs__60E1C500_N3J6EB,60E0E700_N3YLEE,60E1C500_N3J6EB,0x7c720,0x7c880,352,cal_data,cal_data:341 cal_table:11,,11,Table 2D - 284_; Table 2D - 285_; Table 2D - 390 Check DataType; Table 3D - 100_; Table 3D - 101_; X; X; Y; ...
60E0E700_N3YLEE__vs__60E1C500_N3J6EB,60E0E700_N3YLEE,60E1C500_N3J6EB,0x7c88e,0x7c890,2,cal_data,cal_data:2,,0,
60E0E700_N3YLEE__vs__60E1C500_N3J6EB,60E0E700_N3YLEE,60E1C500_N3J6EB,0x7c898,0x7c89a,2,cal_data,cal_data:2,,0,
60E0E700_N3YLEE__vs__60E1C500_N3J6EB,60E0E700_N3YLEE,60E1C500_N3J6EB,0x7c8a2,0x7c9bc,282,cal_data,cal_data:275 cal_table:7,,7,Table 2D - 286_; Table 2D - 287_; Table 3D - 102_; X; Y; Y; Y
60E0E700_N3YLEE__vs__60E1C500_N3J6EB,60E0E700_N3YLEE,60E1C500_N3J6EB,0x7c9c4,0x7c9f9,53,cal_data,cal_data:53,,0,
60E0E700_N3YLEE__vs__60E1C500_N3J6EB,60E0E700_N3YLEE,60E1C500_N3J6EB,0x7ca04,0x7cad4,208,cal_data,cal_data:208,,0,
60E0E700_N3YLEE__vs__60E1C500_N3J6EB,60E0E700_N3YLEE,60E1C500_N3J6EB,0x7cae0,0x7cbf2,274,cal_data,cal_data:272 cal_table:2,,2,Ignition Dwell Time_; Y
60E0E700_N3YLEE__vs__60E1C500_N3J6EB,60E0E700_N3YLEE,60E1C500_N3J6EB,0x7cbfe,0x7cc00,2,cal_data,cal_data:2,,0,
60E0E700_N3YLEE__vs__60E1C500_N3J6EB,60E0E700_N3YLEE,60E1C500_N3J6EB,0x7cc08,0x7cc0a,2,cal_data,cal_data:2,,0,
60E0E700_N3YLEE__vs__60E1C500_N3J6EB,60E0E700_N3YLEE,60E1C500_N3J6EB,0x7cc16,0x7cc32,28,cal_data,cal_data:28,,0,
60E0E700_N3YLEE__vs__60E1C500_N3J6EB,60E0E700_N3YLEE,60E1C500_N3J6EB,0x7cc3a,0x7d7c0,2950,cal_data,cal_data:2873 cal_table:77,,77,Table 2D - 235_; Table 2D - 236_; Table 2D - 237_; Table 2D - 238_; Table 2D - 239_; Table 2D - 240_; Table 2D - 241_; Table 2D - 242_; ...
60E0E700_N3YLEE__vs__60E1C500_N3J6EB,60E0E700_N3YLEE,60E1C500_N3J6EB,0x7fb00,0x7fb08,8,tail,tail:8,,0,
60E0E700_N3YLEE__vs__60E1C500_N3J6EB,60E0E700_N3YLEE,60E1C500_N3J6EB,0x7fb88,0x7fb8c,4,tail,tail:4,,0,
60E0E700_N3YLEE__vs__60E1C500_N3J6EB,60E0E700_N3YLEE,60E1C500_N3J6EB,0x7fc53,0x7fd50,253,tail,tail:253,,0,
60E0E700_N3YLEE__vs__60E1C500_N3J6EB,60E0E700_N3YLEE,60E1C500_N3J6EB,0x7fd77,0x7fdd0,89,tail,tail:89,,0,
60E0E700_N3YLEE__vs__60E1C500_N3J6EB,60E0E700_N3YLEE,60E1C500_N3J6EB,0x7fdf7,0x7fe00,9,tail,tail:9,,0,
60E0E700_N3YLEE__vs__60E1C500_N3J6EB,60E0E700_N3YLEE,60E1C500_N3J6EB,0x7fe27,0x7fe30,9,tail,tail:9,,0,
60E0E700_N3YLEE__vs__60E1C500_N3J6EB,60E0E700_N3YLEE,60E1C500_N3J6EB,0x7fe47,0x7fe50,9,tail,tail:9,,0,
60E0E700_N3YLEE__vs__60E1C500_N3J6EB,60E0E700_N3YLEE,60E1C500_N3J6EB,0x7fe67,0x7fe70,9,tail,tail:9,,0,
60E0E700_N3YLEE__vs__60E1C500_N3J6EB,60E0E700_N3YLEE,60E1C500_N3J6EB,0x7fe87,0x7fe90,9,tail,tail:9,,0,
60E0E700_N3YLEE__vs__60E1C500_N3J6EB,60E0E700_N3YLEE,60E1C500_N3J6EB,0x7ff07,0x7ff3c,53,tail,tail:53,,0,
60E0E700_N3YLEE__vs__60E1C500_N3J6EB,60E0E700_N3YLEE,60E1C500_N3J6EB,0x7ff47,0x7ff70,41,tail,tail:41,,0,
60E0E700_N3YLEE__vs__60E1C500_N3J6EB,60E0E700_N3YLEE,60E1C500_N3J6EB,0x7ffd7,0x7ffe0,9,tail,tail:9,,0,
60E0E700_N3YLEE__vs__60E1C500_N3J6EB,60E0E700_N3YLEE,60E1C500_N3J6EB,0x7fff4,0x7fffc,8,tail,tail:8,,0,
60E0E700_N3YLEE__vs__60E1D400,60E0E700_N3YLEE,60E1D400,0xffb,0x1008,13,header,header:13,0.0,0,
60E0E700_N3YLEE__vs__60E1D400,60E0E700_N3YLEE,60E1D400,0x1039,0x1302,713,header,header:713,0.028,0,
60E0E700_N3YLEE__vs__60E1D400,60E0E700_N3YLEE,60E1D400,0x130b,0x2006,3323,header,header:3317 code:6,0.041,0,
60E0E700_N3YLEE__vs__60E1D400,60E0E700_N3YLEE,60E1D400,0x2020,0x2023,3,code,code:3,0.0,0,
60E0E700_N3YLEE__vs__60E1D400,60E0E700_N3YLEE,60E1D400,0x2723,0x2724,1,code,code:1,0.0,0,
60E0E700_N3YLEE__vs__60E1D400,60E0E700_N3YLEE,60E1D400,0x273b,0x273c,1,code,code:1,0.0,0,
60E0E700_N3YLEE__vs__60E1D400,60E0E700_N3YLEE,60E1D400,0x2753,0x2754,1,code,code:1,0.0,0,
60E0E700_N3YLEE__vs__60E1D400,60E0E700_N3YLEE,60E1D400,0x276a,0x276c,2,code,code:2,0.0,0,
60E0E700_N3YLEE__vs__60E1D400,60E0E700_N3YLEE,60E1D400,0x2782,0x2784,2,code,code:2,0.0,0,
60E0E700_N3YLEE__vs__60E1D400,60E0E700_N3YLEE,60E1D400,0x279b,0x279c,1,code,code:1,0.0,0,
60E0E700_N3YLEE__vs__60E1D400,60E0E700_N3YLEE,60E1D400,0x27b3,0x27b4,1,code,code:1,0.0,0,
60E0E700_N3YLEE__vs__60E1D400,60E0E700_N3YLEE,60E1D400,0x27cb,0x27cc,1,code,code:1,0.0,0,
60E0E700_N3YLEE__vs__60E1D400,60E0E700_N3YLEE,60E1D400,0x27e3,0x27e4,1,code,code:1,0.0,0,
60E0E700_N3YLEE__vs__60E1D400,60E0E700_N3YLEE,60E1D400,0x27fb,0x27fc,1,code,code:1,0.0,0,
60E0E700_N3YLEE__vs__60E1D400,60E0E700_N3YLEE,60E1D400,0x2813,0x2814,1,code,code:1,0.0,0,
60E0E700_N3YLEE__vs__60E1D400,60E0E700_N3YLEE,60E1D400,0x282b,0x282c,1,code,code:1,0.0,0,
60E0E700_N3YLEE__vs__60E1D400,60E0E700_N3YLEE,60E1D400,0x2843,0x2844,1,code,code:1,0.0,0,
60E0E700_N3YLEE__vs__60E1D400,60E0E700_N3YLEE,60E1D400,0x285b,0x285c,1,code,code:1,0.0,0,
60E0E700_N3YLEE__vs__60E1D400,60E0E700_N3YLEE,60E1D400,0x2873,0x2874,1,code,code:1,0.0,0,
60E0E700_N3YLEE__vs__60E1D400,60E0E700_N3YLEE,60E1D400,0x288b,0x288c,1,code,code:1,0.0,0,
60E0E700_N3YLEE__vs__60E1D400,60E0E700_N3YLEE,60E1D400,0x28a3,0x28a4,1,code,code:1,0.0,0,
60E0E700_N3YLEE__vs__60E1D400,60E0E700_N3YLEE,60E1D400,0x28bb,0x28bc,1,code,code:1,0.0,0,
60E0E700_N3YLEE__vs__60E1D400,60E0E700_N3YLEE,60E1D400,0x28d3,0x28d4,1,code,code:1,0.0,0,
60E0E700_N3YLEE__vs__60E1D400,60E0E700_N3YLEE,60E1D400,0x28ea,0x28ec,2,code,code:2,0.0,0,
60E0E700_N3YLEE__vs__60E1D400,60E0E700_N3YLEE,60E1D400,0x2902,0x2904,2,code,code:2,0.0,0,
60E0E700_N3YLEE__vs__60E1D400,60E0E700_N3YLEE,60E1D400,0x291b,0x291c,1,code,code:1,0.0,0,
60E0E700_N3YLEE__vs__60E1D400,60E0E700_N3YLEE,60E1D400,0x2933,0x2934,1,code,code:1,0.0,0,
60E0E700_N3YLEE__vs__60E1D400,60E0E700_N3YLEE,60E1D400,0x294b,0x294c,1,code,code:1,0.0,0,
60E0E700_N3YLEE__vs__60E1D400,60E0E700_N3YLEE,60E1D400,0x2963,0x2964,1,code,code:1,0.0,0,
60E0E700_N3YLEE__vs__60E1D400,60E0E700_N3YLEE,60E1D400,0x297b,0x297c,1,code,code:1,0.0,0,
60E0E700_N3YLEE__vs__60E1D400,60E0E700_N3YLEE,60E1D400,0x2993,0x2994,1,code,code:1,0.0,0,
60E0E700_N3YLEE__vs__60E1D400,60E0E700_N3YLEE,60E1D400,0x29ab,0x29ac,1,code,code:1,0.0,0,
60E0E700_N3YLEE__vs__60E1D400,60E0E700_N3YLEE,60E1D400,0x29c3,0x29c4,1,code,code:1,0.0,0,
60E0E700_N3YLEE__vs__60E1D400,60E0E700_N3YLEE,60E1D400,0x29db,0x29dc,1,code,code:1,0.0,0,
60E0E700_N3YLEE__vs__60E1D400,60E0E700_N3YLEE,60E1D400,0x29f3,0x29f4,1,code,code:1,0.0,0,
60E0E700_N3YLEE__vs__60E1D400,60E0E700_N3YLEE,60E1D400,0x2a0b,0x2a0c,1,code,code:1,0.0,0,
60E0E700_N3YLEE__vs__60E1D400,60E0E700_N3YLEE,60E1D400,0x2a22,0x2a24,2,code,code:2,0.0,0,
60E0E700_N3YLEE__vs__60E1D400,60E0E700_N3YLEE,60E1D400,0x2a3a,0x2a3c,2,code,code:2,0.0,0,
60E0E700_N3YLEE__vs__60E1D400,60E0E700_N3YLEE,60E1D400,0x2a53,0x2a54,1,code,code:1,0.0,0,
60E0E700_N3YLEE__vs__60E1D400,60E0E700_N3YLEE,60E1D400,0x2a6b,0x2a6c,1,code,code:1,0.0,0,
60E0E700_N3YLEE__vs__60E1D400,60E0E700_N3YLEE,60E1D400,0x2a83,0x2a84,1,code,code:1,0.0,0,
60E0E700_N3YLEE__vs__60E1D400,60E0E700_N3YLEE,60E1D400,0x2a9b,0x2a9c,1,code,code:1,0.0,0,
60E0E700_N3YLEE__vs__60E1D400,60E0E700_N3YLEE,60E1D400,0x2ab3,0x2ab4,1,code,code:1,0.0,0,
60E0E700_N3YLEE__vs__60E1D400,60E0E700_N3YLEE,60E1D400,0x2acb,0x2acc,1,code,code:1,0.0,0,
60E0E700_N3YLEE__vs__60E1D400,60E0E700_N3YLEE,60E1D400,0x2ae3,0x2ae4,1,code,code:1,0.0,0,
60E0E700_N3YLEE__vs__60E1D400,60E0E700_N3YLEE,60E1D400,0x2afb,0x2afc,1,code,code:1,0.0,0,
60E0E700_N3YLEE__vs__60E1D400,60E0E700_N3YLEE,60E1D400,0x2b13,0x2b14,1,code,code:1,0.0,0,
60E0E700_N3YLEE__vs__60E1D400,60E0E700_N3YLEE,60E1D400,0x2b2b,0x2b2c,1,code,code:1,0.0,0,
60E0E700_N3YLEE__vs__60E1D400,60E0E700_N3YLEE,60E1D400,0x2b43,0x2b44,1,code,code:1,0.0,0,
60E0E700_N3YLEE__vs__60E1D400,60E0E700_N3YLEE,60E1D400,0x2b5b,0x2b5c,1,code,code:1,0.0,0,
60E0E700_N3YLEE__vs__60E1D400,60E0E700_N3YLEE,60E1D400,0x2b73,0x2b74,1,code,code:1,0.0,0,
60E0E700_N3YLEE__vs__60E1D400,60E0E700_N3YLEE,60E1D400,0x2b8b,0x2b8c,1,code,code:1,0.0,0,
60E0E700_N3YLEE__vs__60E1D400,60E0E700_N3YLEE,60E1D400,0x2ba3,0x2ba4,1,code,code:1,0.0,0,
60E0E700_N3YLEE__vs__60E1D400,60E0E700_N3YLEE,60E1D400,0x2bba,0x2bbc,2,code,code:2,0.0,0,
60E0E700_N3YLEE__vs__60E1D400,60E0E700_N3YLEE,60E1D400,0x2bd2,0x2bd4,2,code,code:2,0.0,0,
60E0E700_N3YLEE__vs__60E1D400,60E0E700_N3YLEE,60E1D400,0x2beb,0x2bec,1,code,code:1,0.0,0,
60E0E700_N3YLEE__vs__60E1D400,60E0E700_N3YLEE,60E1D400,0x2c03,0x2c04,1,code,code:1,0.0,0,
60E0E700_N3YLEE__vs__60E1D400,60E0E700_N3YLEE,60E1D400,0x2c1b,0x2c1c,1,code,code:1,0.0,0,
60E0E700_N3YLEE__vs__60E1D400,60E0E700_N3YLEE,60E1D400,0x2c33,0x2c34,1,code,code:1,0.0,0,
60E0E700_N3YLEE__vs__60E1D400,60E0E700_N3YLEE,60E1D400,0x2c4b,0x2c4c,1,code,code:1,0.0,0,
60E0E700_N3YLEE__vs__60E1D400,60E0E700_N3YLEE,60E1D400,0x2c63,0x2c64,1,code,code:1,0.0,0,
60E0E700_N3YLEE__vs__60E1D400,60E0E700_N3YLEE,60E1D400,0x2c7b,0x2c7c,1,code,code:1,0.0,0,
60E0E700_N3YLEE__vs__60E1D400,60E0E700_N3YLEE,60E1D400,0x2c93,0x2c94,1,code,code:1,0.0,0,
60E0E700_N3YLEE__vs__60E1D400,60E0E700_N3YLEE,60E1D400,0x2cab,0x2cac,1,code,code:1,0.0,0,
60E0E700_N3YLEE__vs__60E1D400,60E0E700_N3YLEE,60E1D400,0x2cc3,0x2cc4,1,code,code:1,0.0,0,
60E0E700_N3YLEE__vs__60E1D400,60E0E700_N3YLEE,60E1D400,0x2cdb,0x2cdc,1,code,code:1,0.0,0,
60E0E700_N3YLEE__vs__60E1D400,60E0E700_N3YLEE,60E1D400,0x2cf3,0x2cf4,1,code,code:1,0.0,0,
60E0E700_N3YLEE__vs__60E1D400,60E0E700_N3YLEE,60E1D400,0x2d0b,0x2d0c,1,code,code:1,0.0,0,
60E0E700_N3YLEE__vs__60E1D400,60E0E700_N3YLEE,60E1D400,0x2d22,0x2d24,2,code,code:2,0.0,0,
60E0E700_N3YLEE__vs__60E1D400,60E0E700_N3YLEE,60E1D400,0x2d3a,0x2d3c,2,code,code:2,0.0,0,
60E0E700_N3YLEE__vs__60E1D400,60E0E700_N3YLEE,60E1D400,0x2d53,0x2d54,1,code,code:1,0.0,0,
60E0E700_N3YLEE__vs__60E1D400,60E0E700_N3YLEE,60E1D400,0x2d6b,0x2d6c,1,code,code:1,0.0,0,
60E0E700_N3YLEE__vs__60E1D400,60E0E700_N3YLEE,60E1D400,0x2d83,0x2d84,1,code,code:1,0.0,0,
60E0E700_N3YLEE__vs__60E1D400,60E0E700_N3YLEE,60E1D400,0x2d9b,0x2d9c,1,code,code:1,0.0,0,
60E0E700_N3YLEE__vs__60E1D400,60E0E700_N3YLEE,60E1D400,0x2db3,0x2db4,1,code,code:1,0.0,0,
60E0E700_N3YLEE__vs__60E1D400,60E0E700_N3YLEE,60E1D400,0x2dcb,0x2dcc,1,code,code:1,0.0,0,
60E0E700_N3YLEE__vs__60E1D400,60E0E700_N3YLEE,60E1D400,0x2de3,0x2de4,1,code,code:1,0.0,0,
60E0E700_N3YLEE__vs__60E1D400,60E0E700_N3YLEE,60E1D400,0x2dfb,0x2dfc,1,code,code:1,0.0,0,
60E0E700_N3YLEE__vs__60E1D400,60E0E700_N3YLEE,60E1D400,0x2e13,0x2e14,1,code,code:1,0.0,0,
60E0E700_N3YLEE__vs__60E1D400,60E0E700_N3YLEE,60E1D400,0x2e2b,0x2e2c,1,code,code:1,0.0,0,
60E0E700_N3YLEE__vs__60E1D400,60E0E700_N3YLEE,60E1D400,0x2e42,0x2e44,2,code,code:2,0.0,0,
60E0E700_N3YLEE__vs__60E1D400,60E0E700_N3YLEE,60E1D400,0x2e5a,0x2e5c,2,code,code:2,0.0,0,
60E0E700_N3YLEE__vs__60E1D400,60E0E700_N3YLEE,60E1D400,0x2e73,0x2e74,1,code,code:1,0.0,0,
60E0E700_N3YLEE__vs__60E1D400,60E0E700_N3YLEE,60E1D400,0x2e8b,0x2e8c,1,code,code:1,0.0,0,
60E0E700_N3YLEE__vs__60E1D400,60E0E700_N3YLEE,60E1D400,0x2ea3,0x2ea4,1,code,code:1,0.0,0,
60E0E700_N3YLEE__vs__60E1D400,60E0E700_N3YLEE,60E1D400,0x2ebb,0x2ebc,1,code,code:1,0.0,0,
60E0E700_N3YLEE__vs__60E1D400,60E0E700_N3YLEE,60E1D400,0x2ed3,0x2ed4,1,code,code:1,0.0,0,
60E0E700_N3YLEE__vs__60E1D400,60E0E700_N3YLEE,60E1D400,0x2eeb,0x2eec,1,code,code:1,0.0,0,
60E0E700_N3YLEE__vs__60E1D400,60E0E700_N3YLEE,60E1D400,0x2f03,0x2f04,1,code,code:1,0.0,0,
60E0E700_N3YLEE__vs__60E1D400,60E0E700_N3YLEE,60E1D400,0x2f1b,0x2f1c,1,code,code:1,0.0,0,
60E0E700_N3YLEE__vs__60E1D400,60E0E700_N3YLEE,60E1D400,0x2f32,0x2f34,2,code,code:2,0.0,0,
60E0E700_N3YLEE__vs__60E1D400,60E0E700_N3YLEE,60E1D400,0x2f4b,0x2f4c,1,code,code:1,0.0,0,
60E0E700_N3YLEE__vs__60E1D400,60E0E700_N3YLEE,60E1D400,0x2f62,0x2f64,2,code,code:2,0.0,0,
60E0E700_N3YLEE__vs__60E1D400,60E0E700_N3YLEE,60E1D400,0x2f7b,0x2f7c,1,code,code:1,0.0,0,
60E0E700_N3YLEE__vs__60E1D400,60E0E700_N3YLEE,60E1D400,0x2f93,0x2f94,1,code,code:1,0.0,0,
60E0E700_N3YLEE__vs__60E1D400,60E0E700_N3YLEE,60E1D400,0x2fab,0x2fac,1,code,code:1,0.0,0,
60E0E700_N3YLEE__vs__60E1D400,60E0E700_N3YLEE,60E1D400,0x2fc3,0x2fc4,1,code,code:1,0.0,0,
60E0E700_N3YLEE__vs__60E1D400,60E0E700_N3YLEE,60E1D400,0x2fda,0x2fdc,2,code,code:2,0.0,0,
60E0E700_N3YLEE__vs__60E1D400,60E0E700_N3YLEE,60E1D400,0x2ff3,0x2ff4,1,code,code:1,0.0,0,
60E0E700_N3YLEE__vs__60E1D400,60E0E700_N3YLEE,60E1D400,0x300b,0x300c,1,code,code:1,0.0,0,
60E0E700_N3YLEE__vs__60E1D400,60E0E700_N3YLEE,60E1D400,0x3023,0x3024,1,code,code:1,0.0,0,
60E0E700_N3YLEE__vs__60E1D400,60E0E700_N3YLEE,60E1D400,0x303b,0x303c,1,code,code:1,0.0,0,
60E0E700_N3YLEE__vs__60E1D400,60E0E700_N3YLEE,60E1D400,0x3052,0x3054,2,code,code:2,0.0,0,
60E0E700_N3YLEE__vs__60E1D400,60E0E700_N3YLEE,60E1D400,0x306b,0x306c,1,code,code:1,0.0,0,
60E0E700_N3YLEE__vs__60E1D400,60E0E700_N3YLEE,60E1D400,0x3083,0x3084,1,code,code:1,0.0,0,
60E0E700_N3YLEE__vs__60E1D400,60E0E700_N3YLEE,60E1D400,0x309b,0x309c,1,code,code:1,0.0,0,
60E0E700_N3YLEE__vs__60E1D400,60E0E700_N3YLEE,60E1D400,0x30b3,0x30b4,1,code,code:1,0.0,0,
60E0E700_N3YLEE__vs__60E1D400,60E0E700_N3YLEE,60E1D400,0x30cb,0x30cc,1,code,code:1,0.0,0,
60E0E700_N3YLEE__vs__60E1D400,60E0E700_N3YLEE,60E1D400,0x30e3,0x30e4,1,code,code:1,0.0,0,
60E0E700_N3YLEE__vs__60E1D400,60E0E700_N3YLEE,60E1D400,0x30fb,0x30fc,1,code,code:1,0.0,0,
60E0E700_N3YLEE__vs__60E1D400,60E0E700_N3YLEE,60E1D400,0x3113,0x3114,1,code,code:1,0.0,0,
60E0E700_N3YLEE__vs__60E1D400,60E0E700_N3YLEE,60E1D400,0x312b,0x312c,1,code,code:1,0.0,0,
60E0E700_N3YLEE__vs__60E1D400,60E0E700_N3YLEE,60E1D400,0x3143,0x3144,1,code,code:1,0.0,0,
60E0E700_N3YLEE__vs__60E1D400,60E0E700_N3YLEE,60E1D400,0x315b,0x315c,1,code,code:1,0.0,0,
60E0E700_N3YLEE__vs__60E1D400,60E0E700_N3YLEE,60E1D400,0x3173,0x3174,1,code,code:1,0.0,0,
60E0E700_N3YLEE__vs__60E1D400,60E0E700_N3YLEE,60E1D400,0x318b,0x318c,1,code,code:1,0.0,0,
60E0E700_N3YLEE__vs__60E1D400,60E0E700_N3YLEE,60E1D400,0x31a3,0x31a4,1,code,code:1,0.0,0,
60E0E700_N3YLEE__vs__60E1D400,60E0E700_N3YLEE,60E1D400,0x31bb,0x31bc,1,code,code:1,0.0,0,
60E0E700_N3YLEE__vs__60E1D400,60E0E700_N3YLEE,60E1D400,0x31d3,0x31d4,1,code,code:1,0.0,0,
60E0E700_N3YLEE__vs__60E1D400,60E0E700_N3YLEE,60E1D400,0x31ea,0x31ec,2,code,code:2,0.0,0,
60E0E700_N3YLEE__vs__60E1D400,60E0E700_N3YLEE,60E1D400,0x3203,0x3204,1,code,code:1,0.0,0,
60E0E700_N3YLEE__vs__60E1D400,60E0E700_N3YLEE,60E1D400,0x321a,0x321c,2,code,code:2,0.0,0,
60E0E700_N3YLEE__vs__60E1D400,60E0E700_N3YLEE,60E1D400,0x3233,0x3234,1,code,code:1,0.0,0,
60E0E700_N3YLEE__vs__60E1D400,60E0E700_N3YLEE,60E1D400,0x327a,0x327c,2,code,code:2,0.0,0,
60E0E700_N3YLEE__vs__60E1D400,60E0E700_N3YLEE,60E1D400,0x32ee,0x32f0,2,code,code:2,0.0,0,
60E0E700_N3YLEE__vs__60E1D400,60E0E700_N3YLEE,60E1D400,0x338a,0x338c,2,code,code:2,0.0,0,
60E0E700_N3YLEE__vs__60E1D400,60E0E700_N3YLEE,60E1D400,0x33b6,0x33b8,2,code,code:2,0.0,0,
60E0E700_N3YLEE__vs__60E1D400,60E0E700_N3YLEE,60E1D400,0x347a,0x3490,22,code,code:22,0.0,0,
60E0E700_N3YLEE__vs__60E1D400,60E0E700_N3YLEE,60E1D400,0x3572,0x3578,6,code,code:6,0.0,0,
60E0E700_N3YLEE__vs__60E1D400,60E0E700_N3YLEE,60E1D400,0x3676,0x3678,2,code,code:2,0.0,0,
60E0E700_N3YLEE__vs__60E1D400,60E0E700_N3YLEE,60E1D400,0x36a2,0x36a4,2,code,code:2,0.0,0,
60E0E700_N3YLEE__vs__60E1D400,60E0E700_N3YLEE,60E1D400,0x375a,0x375c,2,code,code:2,0.0,0,
60E0E700_N3YLEE__vs__60E1D400,60E0E700_N3YLEE,60E1D400,0x3902,0x3904,2,code,code:2,0.0,0,
60E0E700_N3YLEE__vs__60E1D400,60E0E700_N3YLEE,60E1D400,0x394e,0x3950,2,code,code:2,0.0,0,
60E0E700_N3YLEE__vs__60E1D400,60E0E700_N3YLEE,60E1D400,0x3962,0x3964,2,code,code:2,0.0,0,
60E0E700_N3YLEE__vs__60E1D400,60E0E700_N3YLEE,60E1D400,0x3aae,0x3ab4,6,code,code:6,0.0,0,
60E0E700_N3YLEE__vs__60E1D400,60E0E700_N3YLEE,60E1D400,0x3ad6,0x3ad8,2,code,code:2,0.0,0,
60E0E700_N3YLEE__vs__60E1D400,60E0E700_N3YLEE,60E1D400,0x3b22,0x3b28,6,code,code:6,0.0,0,
60E0E700_N3YLEE__vs__60E1D400,60E0E700_N3YLEE,60E1D400,0x3d46,0x3d48,2,code,code:2,0.0,0,
60E0E700_N3YLEE__vs__60E1D400,60E0E700_N3YLEE,60E1D400,0x3d9a,0x3d9c,2,code,code:2,0.0,0,
60E0E700_N3YLEE__vs__60E1D400,60E0E700_N3YLEE,60E1D400,0x3e02,0x3e04,2,code,code:2,0.0,0,
60E0E700_N3YLEE__vs__60E1D400,60E0E700_N3YLEE,60E1D400,0x3e82,0x3e84,2,code,code:2,0.0,0,
60E0E700_N3YLEE__vs__60E1D400,60E0E700_N3YLEE,60E1D400,0x3f9a,0x3f9c,2,code,code:2,0.0,0,
60E0E700_N3YLEE__vs__60E1D400,60E0E700_N3YLEE,60E1D400,0x3fa6,0x3fa8,2,code,code:2,0.0,0,
60E0E700_N3YLEE__vs__60E1D400,60E0E700_N3YLEE,60E1D400,0x3fe6,0x3fe8,2,code,code:2,0.0,0,
60E0E700_N3YLEE__vs__60E1D400,60E0E700_N3YLEE,60E1D400,0x4096,0x4098,2,code,code:2,0.0,0,
60E0E700_N3YLEE__vs__60E1D400,60E0E700_N3YLEE,60E1D400,0x413e,0x4140,2,code,code:2,0.0,0,
60E0E700_N3YLEE__vs__60E1D400,60E0E700_N3YLEE,60E1D400,0x4206,0x4208,2,code,code:2,0.0,0,
60E0E700_N3YLEE__vs__60E1D400,60E0E700_N3YLEE,60E1D400,0x473e,0x4740,2,code,code:2,0.0,0,
60E0E700_N3YLEE__vs__60E1D400,60E0E700_N3YLEE,60E1D400,0x493a,0x493c,2,code,code:2,0.0,0,
60E0E700_N3YLEE__vs__60E1D400,60E0E700_N3YLEE,60E1D400,0x4996,0x499c,6,code,code:6,0.0,0,
60E0E700_N3YLEE__vs__60E1D400,60E0E700_N3YLEE,60E1D400,0x49a6,0x49ad,7,code,code:7,0.0,0,
60E0E700_N3YLEE__vs__60E1D400,60E0E700_N3YLEE,60E1D400,0x49b6,0x49bd,7,code,code:7,0.0,0,
60E0E700_N3YLEE__vs__60E1D400,60E0E700_N3YLEE,60E1D400,0x49c6,0x49cd,7,code,code:7,0.0,0,
60E0E700_N3YLEE__vs__60E1D400,60E0E700_N3YLEE,60E1D400,0x49d6,0x49dd,7,code,code:7,0.0,0,
60E0E700_N3YLEE__vs__60E1D400,60E0E700_N3YLEE,60E1D400,0x49e6,0x49ec,6,code,code:6,0.0,0,
60E0E700_N3YLEE__vs__60E1D400,60E0E700_N3YLEE,60E1D400,0x49f6,0x49fc,6,code,code:6,0.0,0,
60E0E700_N3YLEE__vs__60E1D400,60E0E700_N3YLEE,60E1D400,0x4a06,0x4a0c,6,code,code:6,0.0,0,
60E0E700_N3YLEE__vs__60E1D400,60E0E700_N3YLEE,60E1D400,0x4a16,0x4a1c,6,code,code:6,0.0,0,
60E0E700_N3YLEE__vs__60E1D400,60E0E700_N3YLEE,60E1D400,0x4a26,0x4a2c,6,code,code:6,0.0,0,
60E0E700_N3YLEE__vs__60E1D400,60E0E700_N3YLEE,60E1D400,0x4a36,0x4a3c,6,code,code:6,0.0,0,
60E0E700_N3YLEE__vs__60E1D400,60E0E700_N3YLEE,60E1D400,0x4a46,0x4a4c,6,code,code:6,0.0,0,
60E0E700_N3YLEE__vs__60E1D400,60E0E700_N3YLEE,60E1D400,0x4a56,0x4a5c,6,code,code:6,0.0,0,
60E0E700_N3YLEE__vs__60E1D400,60E0E700_N3YLEE,60E1D400,0x4a66,0x4a6c,6,code,code:6,0.0,0,
60E0E700_N3YLEE__vs__60E1D400,60E0E700_N3YLEE,60E1D400,0x4a76,0x4a7c,6,code,code:6,0.0,0,
60E0E700_N3YLEE__vs__60E1D400,60E0E700_N3YLEE,60E1D400,0x4a86,0x4a8c,6,code,code:6,0.0,0,
60E0E700_N3YLEE__vs__60E1D400,60E0E700_N3YLEE,60E1D400,0x4a96,0x4a9c,6,code,code:6,0.0,0,
60E0E700_N3YLEE__vs__60E1D400,60E0E700_N3YLEE,60E1D400,0x4aa6,0x4aac,6,code,code:6,0.0,0,
60E0E700_N3YLEE__vs__60E1D400,60E0E700_N3YLEE,60E1D400,0x4ab6,0x4abc,6,code,code:6,0.0,0,
60E0E700_N3YLEE__vs__60E1D400,60E0E700_N3YLEE,60E1D400,0x4aca,0x4aec,34,code,code:34,0.0,0,
60E0E700_N3YLEE__vs__60E1D400,60E0E700_N3YLEE,60E1D400,0x4b0e,0x4b10,2,code,code:2,0.0,0,
60E0E700_N3YLEE__vs__60E1D400,60E0E700_N3YLEE,60E1D400,0x4c87,0x52b8,1585,code,code:1585,0.01,0,
60E0E700_N3YLEE__vs__60E1D400,60E0E700_N3YLEE,60E1D400,0x52c3,0x52c4,1,code,code:1,0.0,0,
60E0E700_N3YLEE__vs__60E1D400,60E0E700_N3YLEE,60E1D400,0x52cc,0x8214,12104,code,code:12104,0.03,0,
60E0E700_N3YLEE__vs__60E1D400,60E0E700_N3YLEE,60E1D400,0x8224,0x829a,118,code,code:118,0.008,0,
60E0E700_N3YLEE__vs__60E1D400,60E0E700_N3YLEE,60E1D400,0x82aa,0x1339a,45296,code,code:45296,0.034,0,
60E0E700_N3YLEE__vs__60E1D400,60E0E700_N3YLEE,60E1D400,0x133a4,0x22090,60652,code,code:60652,0.04,0,
60E0E700_N3YLEE__vs__60E1D400,60E0E700_N3YLEE,60E1D400,0x22099,0x2487c,10211,code,code:10211,0.034,0,
60E0E700_N3YLEE__vs__60E1D400,60E0E700_N3YLEE,60E1D400,0x24889,0x24890,7,code,code:7,0.0,0,
60E0E700_N3YLEE__vs__60E1D400,60E0E700_N3YLEE,60E1D400,0x24899,0x37942,77993,code,code:77993,0.037,0,
60E0E700_N3YLEE__vs__60E1D400,60E0E700_N3YLEE,60E1D400,0x3794a,0x3d808,24254,code,code:24254,0.017,0,
60E0E700_N3YLEE__vs__60E1D400,60E0E700_N3YLEE,60E1D400,0x3d813,0x3d814,1,code,code:1,0.0,0,
60E0E700_N3YLEE__vs__60E1D400,60E0E700_N3YLEE,60E1D400,0x3d81f,0x3d820,1,code,code:1,0.0,0,
60E0E700_N3YLEE__vs__60E1D400,60E0E700_N3YLEE,60E1D400,0x3d828,0x41574,15692,code,code:15692,0.04,0,
60E0E700_N3YLEE__vs__60E1D400,60E0E700_N3YLEE,60E1D400,0x4157d,0x4157e,1,code,code:1,0.0,0,
60E0E700_N3YLEE__vs__60E1D400,60E0E700_N3YLEE,60E1D400,0x4159f,0x415a6,7,code,code:7,0.0,0,
60E0E700_N3YLEE__vs__60E1D400,60E0E700_N3YLEE,60E1D400,0x415af,0x415e4,53,code,code:53,0.0,0,
60E0E700_N3YLEE__vs__60E1D400,60E0E700_N3YLEE,60E1D400,0x41607,0x41608,1,code,code:1,0.0,0,
60E0E700_N3YLEE__vs__60E1D400,60E0E700_N3YLEE,60E1D400,0x41643,0x41644,1,code,code:1,0.0,0,
60E0E700_N3YLEE__vs__60E1D400,60E0E700_N3YLEE,60E1D400,0x41667,0x41668,1,code,code:1,0.0,0,
60E0E700_N3YLEE__vs__60E1D400,60E0E700_N3YLEE,60E1D400,0x4168b,0x4168c,1,code,code:1,0.0,0,
60E0E700_N3YLEE__vs__60E1D400,60E0E700_N3YLEE,60E1D400,0x416af,0x416b0,1,code,code:1,0.0,0,
60E0E700_N3YLEE__vs__60E1D400,60E0E700_N3YLEE,60E1D400,0x416d1,0x416d2,1,code,code:1,0.0,0,
60E0E700_N3YLEE__vs__60E1D400,60E0E700_N3YLEE,60E1D400,0x416e7,0x416ea,3,code,code:3,0.0,0,
60E0E700_N3YLEE__vs__60E1D400,60E0E700_N3YLEE,60E1D400,0x416ff,0x41702,3,code,code:3,0.0,0,
60E0E700_N3YLEE__vs__60E1D400,60E0E700_N3YLEE,60E1D400,0x41719,0x4171a,1,code,code:1,0.0,0,
60E0E700_N3YLEE__vs__60E1D400,60E0E700_N3YLEE,60E1D400,0x41731,0x41732,1,code,code:1,0.0,0,
60E0E700_N3YLEE__vs__60E1D400,60E0E700_N3YLEE,60E1D400,0x41749,0x4174c,3,code,code:3,0.0,0,
60E0E700_N3YLEE__vs__60E1D400,60E0E700_N3YLEE,60E1D400,0x41763,0x41764,1,code,code:1,0.0,0,
60E0E700_N3YLEE__vs__60E1D400,60E0E700_N3YLEE,60E1D400,0x4177b,0x4177c,1,code,code:1,0.0,0,
60E0E700_N3YLEE__vs__60E1D400,60E0E700_N3YLEE,60E1D400,0x41793,0x4179c,9,code,code:9,0.0,0,
60E0E700_N3YLEE__vs__60E1D400,60E0E700_N3YLEE,60E1D400,0x417e3,0x4181a,55,code,code:55,0.0,0,
60E0E700_N3YLEE__vs__60E1D400,60E0E700_N3YLEE,60E1D400,0x41823,0x41824,1,code,code:1,0.0,0,
60E0E700_N3YLEE__vs__60E1D400,60E0E700_N3YLEE,60E1D400,0x4182d,0x4183c,15,code,code:15,0.0,0,
60E0E700_N3YLEE__vs__60E1D400,60E0E700_N3YLEE,60E1D400,0x41847,0x41848,1,code,code:1,0.0,0,
60E0E700_N3YLEE__vs__60E1D400,60E0E700_N3YLEE,60E1D400,0x41853,0x41854,1,code,code:1,0.0,0,
60E0E700_N3YLEE__vs__60E1D400,60E0E700_N3YLEE,60E1D400,0x4185d,0x41866,9,code,code:9,0.0,0,
60E0E700_N3YLEE__vs__60E1D400,60E0E700_N3YLEE,60E1D400,0x4186f,0x4b546,40151,code,code:40151,0.034,0,
60E0E700_N3YLEE__vs__60E1D400,60E0E700_N3YLEE,60E1D400,0x4b54e,0x4b6a6,344,code,code:344,0.029,0,
60E0E700_N3YLEE__vs__60E1D400,60E0E700_N3YLEE,60E1D400,0x4b6ae,0x50888,20954,code,code:20954,0.039,0,
60E0E700_N3YLEE__vs__60E1D400,60E0E700_N3YLEE,60E1D400,0x50891,0x51c9d,5132,code,code:5132,0.019,0,
60E0E700_N3YLEE__vs__60E1D400,60E0E700_N3YLEE,60E1D400,0x51ca5,0x633db,71478,code,code:71478,0.029,0,
60E0E700_N3YLEE__vs__60E1D400,60E0E700_N3YLEE,60E1D400,0x633e3,0x6a7a1,29630,code,code:29630,0.017,0,
60E0E700_N3YLEE__vs__60E1D400,60E0E700_N3YLEE,60E1D400,0x6a7a9,0x6a9df,566,code,code:566,0.0,0,
60E0E700_N3YLEE__vs__60E1D400,60E0E700_N3YLEE,60E1D400,0x6a9e9,0x6c270,6279,code,code:6279,0.866,0,
60E0E700_N3YLEE__vs__60E1D400,60E0E700_N3YLEE,60E1D400,0x6c600,0x6c661,97,padding,padding:97,0.0,0,
60E0E700_N3YLEE__vs__60E1D400,60E0E700_N3YLEE,60E1D400,0x6c6e0,0x72876,24982,cal_data,cal_data:22725 padding:1824 cal_table:433,0.013,433,Barometric Pressure Sensor Max ADC Count; Barometric Pressure Sensor Min ADC Count; CLT Sensor Scaling; Cold Rev Limit; Cold Rev Limit Threshold; Fuelling - Safe Mode; Fuelling 0; Fuelling 1; ...
60E0E700_N3YLEE__vs__60E1D400,60E0E700_N3YLEE,60E1D400,0x7287f,0x79582,27907,cal_data,cal_data:27507 cal_table:400,0.015,400,Accel Pedal to Throttle Position #1; Accel Pedal to Throttle Position #2; Accel Pedal to Throttle Position #3; Accel Pedal to Throttle Position #4; Auxillary Valve Close; Engine Load Compensation; Estimated Manifold Pressure; Fuelling 16; ...
60E0E700_N3YLEE__vs__60E1D400,60E0E700_N3YLEE,60E1D400,0x7958f,0x7b652,8387,cal_data,cal_data:8189 cal_table:198,0.023,198,AirFlow Inj Angle Related; Airflow Or Load Related; Barometric Pressure Sensor Max Voltage; Barometric Pressure Sensor Min Voltage; Barometric Pressure Sensor Offset; Barometric Pressure Sensor Slope; Injection Angle; Injection Angle Related AFR Input; ...
60E0E700_N3YLEE__vs__60E1D400,60E0E700_N3YLEE,60E1D400,0x7b664,0x7bb42,1246,cal_data,cal_data:1223 cal_table:23,0.031,23,Table 2D - 378 Check DataType; Table 2D - 379 Check DataType; Table 3D - 124_; Table 3D - 94_; Table 3D - 95_; Table 3D - 96_; Table 3D - 97_; Table 3D - 98_; ...
60E0E700_N3YLEE__vs__60E1D400,60E0E700_N3YLEE,60E1D400,0x7bb4f,0x7c402,2227,cal_data,cal_data:2204 cal_table:23,0.036,23,Load Limit A; Load Limit B; Load Limit C; Table 2D - 277_; Table 2D - 382 Check DataType; Table 2D - 383 Check DataType; Table 2D - 384 Check DataType; Table 3D - 125_; ...
60E0E700_N3YLEE__vs__60E1D400,60E0E700_N3YLEE,60E1D400,0x7c40b,0x7ccf8,2285,cal_data,cal_data:2241 cal_table:44,0.089,44,Ignition Dwell Time_; Table 2D - 279_; Table 2D - 280_; Table 2D - 281_; Table 2D - 282_; Table 2D - 283_; Table 2D - 284_; Table 2D - 285_; ...
60E0E700_N3YLEE__vs__60E1D400,60E0E700_N3YLEE,60E1D400,0x7cd08,0x7debf,4535,cal_data,cal_data:3490 tail:960 cal_table:85,0.407,85,Table 2D - 235_; Table 2D - 236_; Table 2D - 237_; Table 2D - 238_; Table 2D - 239_; Table 2D - 240_; Table 2D - 241_; Table 2D - 242_; ...
60E0E700_N3YLEE__vs__60E1D400,60E0E700_N3YLEE,60E1D400,0x7ded2,0x7e1fa,808,tail,tail:808,1.0,0,
60E0E700_N3YLEE__vs__60E1D400,60E0E700_N3YLEE,60E1D400,0x7e220,0x7f308,4328,tail,tail:4328,0.937,0,
60E0E700_N3YLEE__vs__60E1D400,60E0E700_N3YLEE,60E1D400,0x7fb00,0x7fb08,8,tail,tail:8,0.0,0,
60E0E700_N3YLEE__vs__60E1D400,60E0E700_N3YLEE,60E1D400,0x7fb88,0x7fb8c,4,tail,tail:4,0.0,0,
60E0E700_N3YLEE__vs__60E1D400,60E0E700_N3YLEE,60E1D400,0x7fc53,0x7fd50,253,tail,tail:253,0.0,0,
60E0E700_N3YLEE__vs__60E1D400,60E0E700_N3YLEE,60E1D400,0x7fd77,0x7fdd0,89,tail,tail:89,0.0,0,
60E0E700_N3YLEE__vs__60E1D400,60E0E700_N3YLEE,60E1D400,0x7fdf7,0x7fe00,9,tail,tail:9,0.0,0,
60E0E700_N3YLEE__vs__60E1D400,60E0E700_N3YLEE,60E1D400,0x7fe27,0x7fe30,9,tail,tail:9,0.0,0,
60E0E700_N3YLEE__vs__60E1D400,60E0E700_N3YLEE,60E1D400,0x7fe47,0x7fe50,9,tail,tail:9,0.0,0,
60E0E700_N3YLEE__vs__60E1D400,60E0E700_N3YLEE,60E1D400,0x7fe67,0x7fe70,9,tail,tail:9,0.0,0,
60E0E700_N3YLEE__vs__60E1D400,60E0E700_N3YLEE,60E1D400,0x7fe87,0x7fe90,9,tail,tail:9,0.0,0,
60E0E700_N3YLEE__vs__60E1D400,60E0E700_N3YLEE,60E1D400,0x7ff07,0x7ff3c,53,tail,tail:53,0.0,0,
60E0E700_N3YLEE__vs__60E1D400,60E0E700_N3YLEE,60E1D400,0x7ff47,0x7ff70,41,tail,tail:41,0.0,0,
60E0E700_N3YLEE__vs__60E1D400,60E0E700_N3YLEE,60E1D400,0x7ffd7,0x7ffe0,9,tail,tail:9,0.0,0,
60E0E700_N3YLEE__vs__60E1D400,60E0E700_N3YLEE,60E1D400,0x7fff4,0x7fffc,8,tail,tail:8,0.0,0,
60E0E700_N3YLEE__vs__60E32000_N3M5E,60E0E700_N3YLEE,60E32000_N3M5E,0xffb,0x1008,13,header,header:13,,0,
60E0E700_N3YLEE__vs__60E32000_N3M5E,60E0E700_N3YLEE,60E32000_N3M5E,0x1039,0x1302,713,header,header:713,,0,
60E0E700_N3YLEE__vs__60E32000_N3M5E,60E0E700_N3YLEE,60E32000_N3M5E,0x130b,0x2006,3323,header,header:3317 code:6,,0,
60E0E700_N3YLEE__vs__60E32000_N3M5E,60E0E700_N3YLEE,60E32000_N3M5E,0x2020,0x2023,3,code,code:3,,0,
60E0E700_N3YLEE__vs__60E32000_N3M5E,60E0E700_N3YLEE,60E32000_N3M5E,0x2723,0x2724,1,code,code:1,,0,
60E0E700_N3YLEE__vs__60E32000_N3M5E,60E0E700_N3YLEE,60E32000_N3M5E,0x273b,0x273c,1,code,code:1,,0,
60E0E700_N3YLEE__vs__60E32000_N3M5E,60E0E700_N3YLEE,60E32000_N3M5E,0x2753,0x2754,1,code,code:1,,0,
60E0E700_N3YLEE__vs__60E32000_N3M5E,60E0E700_N3YLEE,60E32000_N3M5E,0x276a,0x276c,2,code,code:2,,0,
60E0E700_N3YLEE__vs__60E32000_N3M5E,60E0E700_N3YLEE,60E32000_N3M5E,0x2782,0x2784,2,code,code:2,,0,
60E0E700_N3YLEE__vs__60E32000_N3M5E,60E0E700_N3YLEE,60E32000_N3M5E,0x279b,0x279c,1,code,code:1,,0,
60E0E700_N3YLEE__vs__60E32000_N3M5E,60E0E700_N3YLEE,60E32000_N3M5E,0x27b3,0x27b4,1,code,code:1,,0,
60E0E700_N3YLEE__vs__60E32000_N3M5E,60E0E700_N3YLEE,60E32000_N3M5E,0x27cb,0x27cc,1,code,code:1,,0,
60E0E700_N3YLEE__vs__60E32000_N3M5E,60E0E700_N3YLEE,60E32000_N3M5E,0x27e3,0x27e4,1,code,code:1,,0,
60E0E700_N3YLEE__vs__60E32000_N3M5E,60E0E700_N3YLEE,60E32000_N3M5E,0x27fb,0x27fc,1,code,code:1,,0,
60E0E700_N3YLEE__vs__60E32000_N3M5E,60E0E700_N3YLEE,60E32000_N3M5E,0x2813,0x2814,1,code,code:1,,0,
60E0E700_N3YLEE__vs__60E32000_N3M5E,60E0E700_N3YLEE,60E32000_N3M5E,0x282b,0x282c,1,code,code:1,,0,
60E0E700_N3YLEE__vs__60E32000_N3M5E,60E0E700_N3YLEE,60E32000_N3M5E,0x2843,0x2844,1,code,code:1,,0,
60E0E700_N3YLEE__vs__60E32000_N3M5E,60E0E700_N3YLEE,60E32000_N3M5E,0x285b,0x285c,1,code,code:1,,0,
60E0E700_N3YLEE__vs__60E32000_N3M5E,60E0E700_N3YLEE,60E32000_N3M5E,0x2873,0x2874,1,code,code:1,,0,
60E0E700_N3YLEE__vs__60E32000_N3M5E,60E0E700_N3YLEE,60E32000_N3M5E,0x288b,0x288c,1,code,code:1,,0,
60E0E700_N3YLEE__vs__60E32000_N3M5E,60E0E700_N3YLEE,60E32000_N3M5E,0x28a3,0x28a4,1,code,code:1,,0,
60E0E700_N3YLEE__vs__60E32000_N3M5E,60E0E700_N3YLEE,60E32000_N3M5E,0x28bb,0x28bc,1,code,code:1,,0,
60E0E700_N3YLEE__vs__60E32000_N3M5E,60E0E700_N3YLEE,60E32000_N3M5E,0x28d3,0x28d4,1,code,code:1,,0,
60E0E700_N3YLEE__vs__60E32000_N3M5E,60E0E700_N3YLEE,60E32000_N3M5E,0x28ea,0x28ec,2,code,code:2,,0,
60E0E700_N3YLEE__vs__60E32000_N3M5E,60E0E700_N3YLEE,60E32000_N3M5E,0x2902,0x2904,2,code,code:2,,0,
60E0E700_N3YLEE__vs__60E32000_N3M5E,60E0E700_N3YLEE,60E32000_N3M5E,0x291b,0x291c,1,code,code:1,,0,
60E0E700_N3YLEE__vs__60E32000_N3M5E,60E0E700_N3YLEE,60E32000_N3M5E,0x2933,0x2934,1,code,code:1,,0,
60E0E700_N3YLEE__vs__60E32000_N3M5E,60E0E700_N3YLEE,60E32000_N3M5E,0x294b,0x294c,1,code,code:1,,0,
60E0E700_N3YLEE__vs__60E32000_N3M5E,60E0E700_N3YLEE,60E32000_N3M5E,0x2963,0x2964,1,code,code:1,,0,
60E0E700_N3YLEE__vs__60E32000_N3M5E,60E0E700_N3YLEE,60E32000_N3M5E,0x297b,0x297c,1,code,code:1,,0,
60E0E700_N3YLEE__vs__60E32000_N3M5E,60E0E700_N3YLEE,60E32000_N3M5E,0x2993,0x2994,1,code,code:1,,0,
60E0E700_N3YLEE__vs__60E32000_N3M5E,60E0E700_N3YLEE,60E32000_N3M5E,0x29ab,0x29ac,1,code,code:1,,0,
60E0E700_N3YLEE__vs__60E32000_N3M5E,60E0E700_N3YLEE,60E32000_N3M5E,0x29c3,0x29c4,1,code,code:1,,0,
60E0E700_N3YLEE__vs__60E32000_N3M5E,60E0E700_N3YLEE,60E32000_N3M5E,0x29db,0x29dc,1,code,code:1,,0,
60E0E700_N3YLEE__vs__60E32000_N3M5E,60E0E700_N3YLEE,60E32000_N3M5E,0x29f3,0x29f4,1,code,code:1,,0,
60E0E700_N3YLEE__vs__60E32000_N3M5E,60E0E700_N3YLEE,60E32000_N3M5E,0x2a0b,0x2a0c,1,code,code:1,,0,
60E0E700_N3YLEE__vs__60E32000_N3M5E,60E0E700_N3YLEE,60E32000_N3M5E,0x2a22,0x2a24,2,code,code:2,,0,
60E0E700_N3YLEE__vs__60E32000_N3M5E,60E0E700_N3YLEE,60E32000_N3M5E,0x2a3a,0x2a3c,2,code,code:2,,0,
60E0E700_N3YLEE__vs__60E32000_N3M5E,60E0E700_N3YLEE,60E32000_N3M5E,0x2a53,0x2a54,1,code,code:1,,0,
60E0E700_N3YLEE__vs__60E32000_N3M5E,60E0E700_N3YLEE,60E32000_N3M5E,0x2a6b,0x2a6c,1,code,code:1,,0,
60E0E700_N3YLEE__vs__60E32000_N3M5E,60E0E700_N3YLEE,60E32000_N3M5E,0x2a83,0x2a84,1,code,code:1,,0,
60E0E700_N3YLEE__vs__60E32000_N3M5E,60E0E700_N3YLEE,60E32000_N3M5E,0x2a9b,0x2a9c,1,code,code:1,,0,
60E0E700_N3YLEE__vs__60E32000_N3M5E,60E0E700_N3YLEE,60E32000_N3M5E,0x2ab3,0x2ab4,1,code,code:1,,0,
60E0E700_N3YLEE__vs__60E32000_N3M5E,60E0E700_N3YLEE,60E32000_N3M5E,0x2acb,0x2acc,1,code,code:1,,0,
60E0E700_N3YLEE__vs__60E32000_N3M5E,60E0E700_N3YLEE,60E32000_N3M5E,0x2ae3,0x2ae4,1,code,code:1,,0,
60E0E700_N3YLEE__vs__60E32000_N3M5E,60E0E700_N3YLEE,60E32000_N3M5E,0x2afb,0x2afc,1,code,code:1,,0,
60E0E700_N3YLEE__vs__60E32000_N3M5E,60E0E700_N3YLEE,60E32000_N3M5E,0x2b13,0x2b14,1,code,code:1,,0,
60E0E700_N3YLEE__vs__60E32000_N3M5E,60E0E700_N3YLEE,60E32000_N3M5E,0x2b2b,0x2b2c,1,code,code:1,,0,
60E0E700_N3YLEE__vs__60E32000_N3M5E,60E0E700_N3YLEE,60E32000_N3M5E,0x2b43,0x2b44,1,code,code:1,,0,
60E0E700_N3YLEE__vs__60E32000_N3M5E,60E0E700_N3YLEE,60E32000_N3M5E,0x2b5b,0x2b5c,1,code,code:1,,0,
60E0E700_N3YLEE__vs__60E32000_N3M5E,60E0E700_N3YLEE,60E32000_N3M5E,0x2b73,0x2b74,1,code,code:1,,0,
60E0E700_N3YLEE__vs__60E32000_N3M5E,60E0E700_N3YLEE,60E32000_N3M5E,0x2b8b,0x2b8c,1,code,code:1,,0,
60E0E700_N3YLEE__vs__60E32000_N3M5E,60E0E700_N3YLEE,60E32000_N3M5E,0x2ba3,0x2ba4,1,code,code:1,,0,
60E0E700_N3YLEE__vs__60E32000_N3M5E,60E0E700_N3YLEE,60E32000_N3M5E,0x2bba,0x2bbc,2,code,code:2,,0,
60E0E700_N3YLEE__vs__60E32000_N3M5E,60E0E700_N3YLEE,60E32000_N3M5E,0x2bd2,0x2bd4,2,code,code:2,,0,
60E0E700_N3YLEE__vs__60E32000_N3M5E,60E0E700_N3YLEE,60E32000_N3M5E,0x2beb,0x2bec,1,code,code:1,,0,
60E0E700_N3YLEE__vs__60E32000_N3M5E,60E0E700_N3YLEE,60E32000_N3M5E,0x2c03,0x2c04,1,code,code:1,,0,
60E0E700_N3YLEE__vs__60E32000_N3M5E,60E0E700_N3YLEE,60E32000_N3M5E,0x2c1b,0x2c1c,1,code,code:1,,0,
60E0E700_N3YLEE__vs__60E32000_N3M5E,60E0E700_N3YLEE,60E32000_N3M5E,0x2c33,0x2c34,1,code,code:1,,0,
60E0E700_N3YLEE__vs__60E32000_N3M5E,60E0E700_N3YLEE,60E32000_N3M5E,0x2c4b,0x2c4c,1,code,code:1,,0,
60E0E700_N3YLEE__vs__60E32000_N3M5E,60E0E700_N3YLEE,60E32000_N3M5E,0x2c63,0x2c64,1,code,code:1,,0,
60E0E700_N3YLEE__vs__60E32000_N3M5E,60E0E700_N3YLEE,60E32000_N3M5E,0x2c7b,0x2c7c,1,code,code:1,,0,
60E0E700_N3YLEE__vs__60E32000_N3M5E,60E0E700_N3YLEE,60E32000_N3M5E,0x2c93,0x2c94,1,code,code:1,,0,
60E0E700_N3YLEE__vs__60E32000_N3M5E,60E0E700_N3YLEE,60E32000_N3M5E,0x2cab,0x2cac,1,code,code:1,,0,
60E0E700_N3YLEE__vs__60E32000_N3M5E,60E0E700_N3YLEE,60E32000_N3M5E,0x2cc3,0x2cc4,1,code,code:1,,0,
60E0E700_N3YLEE__vs__60E32000_N3M5E,60E0E700_N3YLEE,60E32000_N3M5E,0x2cdb,0x2cdc,1,code,code:1,,0,
60E0E700_N3YLEE__vs__60E32000_N3M5E,60E0E700_N3YLEE,60E32000_N3M5E,0x2cf3,0x2cf4,1,code,code:1,,0,
60E0E700_N3YLEE__vs__60E32000_N3M5E,60E0E700_N3YLEE,60E32000_N3M5E,0x2d0b,0x2d0c,1,code,code:1,,0,
60E0E700_N3YLEE__vs__60E32000_N3M5E,60E0E700_N3YLEE,60E32000_N3M5E,0x2d22,0x2d24,2,code,code:2,,0,
60E0E700_N3YLEE__vs__60E32000_N3M5E,60E0E700_N3YLEE,60E32000_N3M5E,0x2d3a,0x2d3c,2,code,code:2,,0,
60E0E700_N3YLEE__vs__60E32000_N3M5E,60E0E700_N3YLEE,60E32000_N3M5E,0x2d53,0x2d54,1,code,code:1,,0,
60E0E700_N3YLEE__vs__60E32000_N3M5E,60E0E700_N3YLEE,60E32000_N3M5E,0x2d6b,0x2d6c,1,code,code:1,,0,
60E0E700_N3YLEE__vs__60E32000_N3M5E,60E0E700_N3YLEE,60E32000_N3M5E,0x2d83,0x2d84,1,code,code:1,,0,
60E0E700_N3YLEE__vs__60E32000_N3M5E,60E0E700_N3YLEE,60E32000_N3M5E,0x2d9b,0x2d9c,1,code,code:1,,0,
60E0E700_N3YLEE__vs__60E32000_N3M5E,60E0E700_N3YLEE,60E32000_N3M5E,0x2db3,0x2db4,1,code,code:1,,0,
60E0E700_N3YLEE__vs__60E32000_N3M5E,60E0E700_N3YLEE,60E32000_N3M5E,0x2dcb,0x2dcc,1,code,code:1,,0,
60E0E700_N3YLEE__vs__60E32000_N3M5E,60E0E700_N3YLEE,60E32000_N3M5E,0x2de3,0x2de4,1,code,code:1,,0,
60E0E700_N3YLEE__vs__60E32000_N3M5E,60E0E700_N3YLEE,60E32000_N3M5E,0x2dfb,0x2dfc,1,code,code:1,,0,
60E0E700_N3YLEE__vs__60E32000_N3M5E,60E0E700_N3YLEE,60E32000_N3M5E,0x2e13,0x2e14,1,code,code:1,,0,
60E0E700_N3YLEE__vs__60E32000_N3M5E,60E0E700_N3YLEE,60E32000_N3M5E,0x2e2b,0x2e2c,1,code,code:1,,0,
60E0E700_N3YLEE__vs__60E32000_N3M5E,60E0E700_N3YLEE,60E32000_N3M5E,0x2e42,0x2e44,2,code,code:2,,0,
60E0E700_N3YLEE__vs__60E32000_N3M5E,60E0E700_N3YLEE,60E32000_N3M5E,0x2e5a,0x2e5c,2,code,code:2,,0,
60E0E700_N3YLEE__vs__60E32000_N3M5E,60E0E700_N3YLEE,60E32000_N3M5E,0x2e73,0x2e74,1,code,code:1,,0,
60E0E700_N3YLEE__vs__60E32000_N3M5E,60E0E700_N3YLEE,60E32000_N3M5E,0x2e8b,0x2e8c,1,code,code:1,,0,
60E0E700_N3YLEE__vs__60E32000_N3M5E,60E0E700_N3YLEE,60E32000_N3M5E,0x2ea3,0x2ea4,1,code,code:1,,0,
60E0E700_N3YLEE__vs__60E32000_N3M5E,60E0E700_N3YLEE,60E32000_N3M5E,0x2ebb,0x2ebc,1,code,code:1,,0,
60E0E700_N3YLEE__vs__60E32000_N3M5E,60E0E700_N3YLEE,60E32000_N3M5E,0x2ed3,0x2ed4,1,code,code:1,,0,
60E0E700_N3YLEE__vs__60E32000_N3M5E,60E0E700_N3YLEE,60E32000_N3M5E,0x2eeb,0x2eec,1,code,code:1,,0,
60E0E700_N3YLEE__vs__60E32000_N3M5E,60E0E700_N3YLEE,60E32000_N3M5E,0x2f03,0x2f04,1,code,code:1,,0,
60E0E700_N3YLEE__vs__60E32000_N3M5E,60E0E700_N3YLEE,60E32000_N3M5E,0x2f1b,0x2f1c,1,code,code:1,,0,
60E0E700_N3YLEE__vs__60E32000_N3M5E,60E0E700_N3YLEE,60E32000_N3M5E,0x2f32,0x2f34,2,code,code:2,,0,
60E0E700_N3YLEE__vs__60E32000_N3M5E,60E0E700_N3YLEE,60E32000_N3M5E,0x2f4b,0x2f4c,1,code,code:1,,0,
60E0E700_N3YLEE__vs__60E32000_N3M5E,60E0E700_N3YLEE,60E32000_N3M5E,0x2f62,0x2f64,2,code,code:2,,0,
60E0E700_N3YLEE__vs__60E32000_N3M5E,60E0E700_N3YLEE,60E32000_N3M5E,0x2f7b,0x2f7c,1,code,code:1,,0,
60E0E700_N3YLEE__vs__60E32000_N3M5E,60E0E700_N3YLEE,60E32000_N3M5E,0x2f93,0x2f94,1,code,code:1,,0,
60E0E700_N3YLEE__vs__60E32000_N3M5E,60E0E700_N3YLEE,60E32000_N3M5E,0x2fab,0x2fac,1,code,code:1,,0,
60E0E700_N3YLEE__vs__60E32000_N3M5E,60E0E700_N3YLEE,60E32000_N3M5E,0x2fc3,0x2fc4,1,code,code:1,,0,
60E0E700_N3YLEE__vs__60E32000_N3M5E,60E0E700_N3YLEE,60E32000_N3M5E,0x2fda,0x2fdc,2,code,code:2,,0,
60E0E700_N3YLEE__vs__60E32000_N3M5E,60E0E700_N3YLEE,60E32000_N3M5E,0x2ff3,0x2ff4,1,code,code:1,,0,
60E0E700_N3YLEE__vs__60E32000_N3M5E,60E0E700_N3YLEE,60E32000_N3M5E,0x300b,0x300c,1,code,code:1,,0,
60E0E700_N3YLEE__vs__60E32000_N3M5E,60E0E700_N3YLEE,60E32000_N3M5E,0x3023,0x3024,1,code,code:1,,0,
60E0E700_N3YLEE__vs__60E32000_N3M5E,60E0E700_N3YLEE,60E32000_N3M5E,0x303b,0x303c,1,code,code:1,,0,
60E0E700_N3YLEE__vs__60E32000_N3M5E,60E0E700_N3YLEE,60E32000_N3M5E,0x3052,0x3054,2,code,code:2,,0,
60E0E700_N3YLEE__vs__60E32000_N3M5E,60E0E700_N3YLEE,60E32000_N3M5E,0x306b,0x306c,1,code,code:1,,0,
60E0E700_N3YLEE__vs__60E32000_N3M5E,60E0E700_N3YLEE,60E32000_N3M5E,0x3083,0x3084,1,code,code:1,,0,
60E0E700_N3YLEE__vs__60E32000_N3M5E,60E0E700_N3YLEE,60E32000_N3M5E,0x309b,0x309c,1,code,code:1,,0,
60E0E700_N3YLEE__vs__60E32000_N3M5E,60E0E700_N3YLEE,60E32000_N3M5E,0x30b3,0x30b4,1,code,code:1,,0,
60E0E700_N3YLEE__vs__60E32000_N3M5E,60E0E700_N3YLEE,60E32000_N3M5E,0x30cb,0x30cc,1,code,code:1,,0,
60E0E700_N3YLEE__vs__60E32000_N3M5E,60E0E700_N3YLEE,60E32000_N3M5E,0x30e3,0x30e4,1,code,code:1,,0,
60E0E700_N3YLEE__vs__60E32000_N3M5E,60E0E700_N3YLEE,60E32000_N3M5E,0x30fb,0x30fc,1,code,code:1,,0,
60E0E700_N3YLEE__vs__60E32000_N3M5E,60E0E700_N3YLEE,60E32000_N3M5E,0x3113,0x3114,1,code,code:1,,0,
60E0E700_N3YLEE__vs__60E32000_N3M5E,60E0E700_N3YLEE,60E32000_N3M5E,0x312b,0x312c,1,code,code:1,,0,
60E0E700_N3YLEE__vs__60E32000_N3M5E,60E0E700_N3YLEE,60E32000_N3M5E,0x3143,0x3144,1,code,code:1,,0,
60E0E700_N3YLEE__vs__60E32000_N3M5E,60E0E700_N3YLEE,60E32000_N3M5E,0x315b,0x315c,1,code,code:1,,0,
60E0E700_N3YLEE__vs__60E32000_N3M5E,60E0E700_N3YLEE,60E32000_N3M5E,0x3173,0x3174,1,code,code:1,,0,
60E0E700_N3YLEE__vs__60E32000_N3M5E,60E0E700_N3YLEE,60E32000_N3M5E,0x318b,0x318c,1,code,code:1,,0,
60E0E700_N3YLEE__vs__60E32000_N3M5E,60E0E700_N3YLEE,60E32000_N3M5E,0x31a3,0x31a4,1,code,code:1,,0,
60E0E700_N3YLEE__vs__60E32000_N3M5E,60E0E700_N3YLEE,60E32000_N3M5E,0x31bb,0x31bc,1,code,code:1,,0,
60E0E700_N3YLEE__vs__60E32000_N3M5E,60E0E700_N3YLEE,60E32000_N3M5E,0x31d3,0x31d4,1,code,code:1,,0,
60E0E700_N3YLEE__vs__60E32000_N3M5E,60E0E700_N3YLEE,60E32000_N3M5E,0x31ea,0x31ec,2,code,code:2,,0,
60E0E700_N3YLEE__vs__60E32000_N3M5E,60E0E700_N3YLEE,60E32000_N3M5E,0x3203,0x3204,1,code,code:1,,0,
60E0E700_N3YLEE__vs__60E32000_N3M5E,60E0E700_N3YLEE,60E32000_N3M5E,0x321a,0x321c,2,code,code:2,,0,
60E0E700_N3YLEE__vs__60E32000_N3M5E,60E0E700_N3YLEE,60E32000_N3M5E,0x3233,0x3234,1,code,code:1,,0,
60E0E700_N3YLEE__vs__60E32000_N3M5E,60E0E700_N3YLEE,60E32000_N3M5E,0x327a,0x327c,2,code,code:2,,0,
60E0E700_N3YLEE__vs__60E32000_N3M5E,60E0E700_N3YLEE,60E32000_N3M5E,0x32ee,0x32f0,2,code,code:2,,0,
60E0E700_N3YLEE__vs__60E32000_N3M5E,60E0E700_N3YLEE,60E32000_N3M5E,0x338a,0x338c,2,code,code:2,,0,
60E0E700_N3YLEE__vs__60E32000_N3M5E,60E0E700_N3YLEE,60E32000_N3M5E,0x33b6,0x33b8,2,code,code:2,,0,
60E0E700_N3YLEE__vs__60E32000_N3M5E,60E0E700_N3YLEE,60E32000_N3M5E,0x347a,0x3490,22,code,code:22,,0,
60E0E700_N3YLEE__vs__60E32000_N3M5E,60E0E700_N3YLEE,60E32000_N3M5E,0x3572,0x3578,6,code,code:6,,0,
60E0E700_N3YLEE__vs__60E32000_N3M5E,60E0E700_N3YLEE,60E32000_N3M5E,0x3676,0x3678,2,code,code:2,,0,
60E0E700_N3YLEE__vs__60E32000_N3M5E,60E0E700_N3YLEE,60E32000_N3M5E,0x36a2,0x36a4,2,code,code:2,,0,
60E0E700_N3YLEE__vs__60E32000_N3M5E,60E0E700_N3YLEE,60E32000_N3M5E,0x375a,0x375c,2,code,code:2,,0,
60E0E700_N3YLEE__vs__60E32000_N3M5E,60E0E700_N3YLEE,60E32000_N3M5E,0x3902,0x3904,2,code,code:2,,0,
60E0E700_N3YLEE__vs__60E32000_N3M5E,60E0E700_N3YLEE,60E32000_N3M5E,0x394e,0x3950,2,code,code:2,,0,
60E0E700_N3YLEE__vs__60E32000_N3M5E,60E0E700_N3YLEE,60E32000_N3M5E,0x3962,0x3964,2,code,code:2,,0,
60E0E700_N3YLEE__vs__60E32000_N3M5E,60E0E700_N3YLEE,60E32000_N3M5E,0x3aae,0x3ab4,6,code,code:6,,0,
60E0E700_N3YLEE__vs__60E32000_N3M5E,60E0E700_N3YLEE,60E32000_N3M5E,0x3ad6,0x3ad8,2,code,code:2,,0,
60E0E700_N3YLEE__vs__60E32000_N3M5E,60E0E700_N3YLEE,60E32000_N3M5E,0x3b22,0x3b28,6,code,code:6,,0,
60E0E700_N3YLEE__vs__60E32000_N3M5E,60E0E700_N3YLEE,60E32000_N3M5E,0x3d46,0x3d48,2,code,code:2,,0,
60E0E700_N3YLEE__vs__60E32000_N3M5E,60E0E700_N3YLEE,60E32000_N3M5E,0x3d9a,0x3d9c,2,code,code:2,,0,
60E0E700_N3YLEE__vs__60E32000_N3M5E,60E0E700_N3YLEE,60E32000_N3M5E,0x3e02,0x3e04,2,code,code:2,,0,
60E0E700_N3YLEE__vs__60E32000_N3M5E,60E0E700_N3YLEE,60E32000_N3M5E,0x3e82,0x3e84,2,code,code:2,,0,
60E0E700_N3YLEE__vs__60E32000_N3M5E,60E0E700_N3YLEE,60E32000_N3M5E,0x3f9a,0x3f9c,2,code,code:2,,0,
60E0E700_N3YLEE__vs__60E32000_N3M5E,60E0E700_N3YLEE,60E32000_N3M5E,0x3fa6,0x3fa8,2,code,code:2,,0,
60E0E700_N3YLEE__vs__60E32000_N3M5E,60E0E700_N3YLEE,60E32000_N3M5E,0x3fe6,0x3fe8,2,code,code:2,,0,
60E0E700_N3YLEE__vs__60E32000_N3M5E,60E0E700_N3YLEE,60E32000_N3M5E,0x4096,0x4098,2,code,code:2,,0,
60E0E700_N3YLEE__vs__60E32000_N3M5E,60E0E700_N3YLEE,60E32000_N3M5E,0x413e,0x4140,2,code,code:2,,0,
60E0E700_N3YLEE__vs__60E32000_N3M5E,60E0E700_N3YLEE,60E32000_N3M5E,0x4206,0x4208,2,code,code:2,,0,
60E0E700_N3YLEE__vs__60E32000_N3M5E,60E0E700_N3YLEE,60E32000_N3M5E,0x473e,0x4740,2,code,code:2,,0,
60E0E700_N3YLEE__vs__60E32000_N3M5E,60E0E700_N3YLEE,60E32000_N3M5E,0x493a,0x493c,2,code,code:2,,0,
60E0E700_N3YLEE__vs__60E32000_N3M5E,60E0E700_N3YLEE,60E32000_N3M5E,0x4996,0x499c,6,code,code:6,,0,
60E0E700_N3YLEE__vs__60E32000_N3M5E,60E0E700_N3YLEE,60E32000_N3M5E,0x49a6,0x49ad,7,code,code:7,,0,
60E0E700_N3YLEE__vs__60E32000_N3M5E,60E0E700_N3YLEE,60E32000_N3M5E,0x49b6,0x49bd,7,code,code:7,,0,
60E0E700_N3YLEE__vs__60E32000_N3M5E,60E0E700_N3YLEE,60E32000_N3M5E,0x49c6,0x49cd,7,code,code:7,,0,
60E0E700_N3YLEE__vs__60E32000_N3M5E,60E0E700_N3YLEE,60E32000_N3M5E,0x49d6,0x49dd,7,code,code:7,,0,
60E0E700_N3YLEE__vs__60E32000_N3M5E,60E0E700_N3YLEE,60E32000_N3M5E,0x49e6,0x49ec,6,code,code:6,,0,
60E0E700_N3YLEE__vs__60E32000_N3M5E,60E0E700_N3YLEE,60E32000_N3M5E,0x49f6,0x49fc,6,code,code:6,,0,
60E0E700_N3YLEE__vs__60E32000_N3M5E,60E0E700_N3YLEE,60E32000_N3M5E,0x4a06,0x4a0c,6,code,code:6,,0,
60E0E700_N3YLEE__vs__60E32000_N3M5E,60E0E700_N3YLEE,60E32000_N3M5E,0x4a16,0x4a1c,6,code,code:6,,0,
60E0E700_N3YLEE__vs__60E32000_N3M5E,60E0E700_N3YLEE,60E32000_N3M5E,0x4a26,0x4a2c,6,code,code:6,,0,
60E0E700_N3YLEE__vs__60E32000_N3M5E,60E0E700_N3YLEE,60E32000_N3M5E,0x4a36,0x4a3c,6,code,code:6,,0,
60E0E700_N3YLEE__vs__60E32000_N3M5E,60E0E700_N3YLEE,60E32000_N3M5E,0x4a46,0x4a4c,6,code,code:6,,0,
60E0E700_N3YLEE__vs__60E32000_N3M5E,60E0E700_N3YLEE,60E32000_N3M5E,0x4a56,0x4a5c,6,code,code:6,,0,
60E0E700_N3YLEE__vs__60E32000_N3M5E,60E0E700_N3YLEE,60E32000_N3M5E,0x4a66,0x4a6c,6,code,code:6,,0,
60E0E700_N3YLEE__vs__60E32000_N3M5E,60E0E700_N3YLEE,60E32000_N3M5E,0x4a76,0x4a7c,6,code,code:6,,0,
60E0E700_N3YLEE__vs__60E32000_N3M5E,60E0E700_N3YLEE,60E32000_N3M5E,0x4a86,0x4a8c,6,code,code:6,,0,
60E0E700_N3YLEE__vs__60E32000_N3M5E,60E0E700_N3YLEE,60E32000_N3M5E,0x4a96,0x4a9c,6,code,code:6,,0,
60E0E700_N3YLEE__vs__60E32000_N3M5E,60E0E700_N3YLEE,60E32000_N3M5E,0x4aa6,0x4aac,6,code,code:6,,0,
60E0E700_N3YLEE__vs__60E32000_N3M5E,60E0E700_N3YLEE,60E32000_N3M5E,0x4ab6,0x4abc,6,code,code:6,,0,
60E0E700_N3YLEE__vs__60E32000_N3M5E,60E0E700_N3YLEE,60E32000_N3M5E,0x4aca,0x4aec,34,code,code:34,,0,
60E0E700_N3YLEE__vs__60E32000_N3M5E,60E0E700_N3YLEE,60E32000_N3M5E,0x4b0e,0x4b10,2,code,code:2,,0,
60E0E700_N3YLEE__vs__60E32000_N3M5E,60E0E700_N3YLEE,60E32000_N3M5E,0x4c87,0x52b8,1585,code,code:1585,,0,
60E0E700_N3YLEE__vs__60E32000_N3M5E,60E0E700_N3YLEE,60E32000_N3M5E,0x52c3,0x52c4,1,code,code:1,,0,
60E0E700_N3YLEE__vs__60E32000_N3M5E,60E0E700_N3YLEE,60E32000_N3M5E,0x52cc,0x8214,12104,code,code:12104,,0,
60E0E700_N3YLEE__vs__60E32000_N3M5E,60E0E700_N3YLEE,60E32000_N3M5E,0x8224,0x829a,118,code,code:118,,0,
60E0E700_N3YLEE__vs__60E32000_N3M5E,60E0E700_N3YLEE,60E32000_N3M5E,0x82aa,0x1e0ee,89668,code,code:89668,,0,
60E0E700_N3YLEE__vs__60E32000_N3M5E,60E0E700_N3YLEE,60E32000_N3M5E,0x1e102,0x257fc,30458,code,code:30458,,0,
60E0E700_N3YLEE__vs__60E32000_N3M5E,60E0E700_N3YLEE,60E32000_N3M5E,0x25804,0x355f4,65008,code,code:65008,,0,
60E0E700_N3YLEE__vs__60E32000_N3M5E,60E0E700_N3YLEE,60E32000_N3M5E,0x355fc,0x3fc24,42536,code,code:42536,,0,
60E0E700_N3YLEE__vs__60E32000_N3M5E,60E0E700_N3YLEE,60E32000_N3M5E,0x3fc32,0x59c12,106464,code,code:106464,,0,
60E0E700_N3YLEE__vs__60E32000_N3M5E,60E0E700_N3YLEE,60E32000_N3M5E,0x59c1a,0x711cd,95667,code,code:75350 cal_data:17055 padding:2960 cal_table:302,,302,Barometric Pressure Sensor Max ADC Count; Barometric Pressure Sensor Min ADC Count; CLT Sensor Scaling; Cold Rev Limit; Cold Rev Limit Threshold; IAT Sensor Scaling; Idle Related; Idle Target; ...
60E0E700_N3YLEE__vs__60E32000_N3M5E,60E0E700_N3YLEE,60E32000_N3M5E,0x711d5,0x713fd,552,cal_data,cal_data:545 cal_table:7,,7,Table 3D - 31_; Table 3D - 32_; X; X; Y; Y; Y
60E0E700_N3YLEE__vs__60E32000_N3M5E,60E0E700_N3YLEE,60E32000_N3M5E,0x71405,0x71411,12,cal_data,cal_data:11 cal_table:1,,1,Table 3D - 108_
60E0E700_N3YLEE__vs__60E32000_N3M5E,60E0E700_N3YLEE,60E32000_N3M5E,0x71419,0x744b8,12447,cal_data,cal_data:12206 cal_table:241,,241,Accel Pedal to Throttle Position #1; Fuelling - Safe Mode; Fuelling 0; Fuelling 1; Fuelling 10 - Safe Mode; Fuelling 11; Fuelling 12; Fuelling 13 - Safe Mode; ...
60E0E700_N3YLEE__vs__60E32000_N3M5E,60E0E700_N3YLEE,60E32000_N3M5E,0x744c9,0x74853,906,cal_data,cal_data:903 cal_table:3,,3,Accel Pedal to Throttle Position #2; X; Y
60E0E700_N3YLEE__vs__60E32000_N3M5E,60E0E700_N3YLEE,60E32000_N3M5E,0x74860,0x7938c,19244,cal_data,cal_data:18978 cal_table:266,,266,Accel Pedal to Throttle Position #3; Accel Pedal to Throttle Position #4; Auxillary Valve Close; Engine Load Compensation; Estimated Manifold Pressure; Injector Latency Primary; Injector Latency Secondary; Oil Metering By Load; ...
60E0E700_N3YLEE__vs__60E32000_N3M5E,60E0E700_N3YLEE,60E32000_N3M5E,0x79394,0x7ada2,6670,cal_data,cal_data:6514 cal_table:156,,156,Airflow Or Load Related; Barometric Pressure Sensor Max Voltage; Barometric Pressure Sensor Min Voltage; Barometric Pressure Sensor Offset; Barometric Pressure Sensor Slope; Knock Rel #0; Knock Rel #4; Knock Related; ...
60E0E700_N3YLEE__vs__60E32000_N3M5E,60E0E700_N3YLEE,60E32000_N3M5E,0x7adac,0x7bb42,3478,cal_data,cal_data:3399 cal_table:79,,79,AirFlow Inj Angle Related; Injection Angle; Injection Angle Related AFR Input; Table 2D - 259_; Table 2D - 262_; Table 2D - 264_; Table 2D - 265_; Table 2D - 266_; ...
60E0E700_N3YLEE__vs__60E32000_N3M5E,60E0E700_N3YLEE,60E32000_N3M5E,0x7bb56,0x7c3da,2180,cal_data,cal_data:2160 cal_table:20,,20,Load Limit A; Load Limit B; Load Limit C; Table 2D - 277_; Table 2D - 382 Check DataType; Table 3D - 125_; Table 3D - 126_; Table 3D - 127_; ...
60E0E700_N3YLEE__vs__60E32000_N3M5E,60E0E700_N3YLEE,60E32000_N3M5E,0x7c3eb,0x7c755,874,cal_data,cal_data:849 cal_table:25,,25,Table 2D - 279_; Table 2D - 280_; Table 2D - 281_; Table 2D - 282_; Table 2D - 283_; Table 2D - 284_; Table 2D - 384 Check DataType; Table 2D - 385 Check DataType; ...
60E0E700_N3YLEE__vs__60E32000_N3M5E,60E0E700_N3YLEE,60E32000_N3M5E,0x7c760,0x7e3f3,7315,cal_data,cal_data:4918 tail:2292 cal_table:105,,105,Ignition Dwell Time_; Table 2D - 235_; Table 2D - 236_; Table 2D - 237_; Table 2D - 238_; Table 2D - 239_; Table 2D - 240_; Table 2D - 241_; ...
60E0E700_N3YLEE__vs__60E32000_N3M5E,60E0E700_N3YLEE,60E32000_N3M5E,0x7e3fe,0x7e736,824,tail,tail:824,,0,
60E0E700_N3YLEE__vs__60E32000_N3M5E,60E0E700_N3YLEE,60E32000_N3M5E,0x7e74c,0x7fa0c,4800,tail,tail:4800,,0,
60E0E700_N3YLEE__vs__60E32000_N3M5E,60E0E700_N3YLEE,60E32000_N3M5E,0x7fb01,0x7fb04,3,tail,tail:3,,0,
60E0E700_N3YLEE__vs__60E32000_N3M5E,60E0E700_N3YLEE,60E32000_N3M5E,0x7fb88,0x7fb8c,4,tail,tail:4,,0,
60E0E700_N3YLEE__vs__60E32000_N3M5E,60E0E700_N3YLEE,60E32000_N3M5E,0x7fc53,0x7fd50,253,tail,tail:253,,0,
60E0E700_N3YLEE__vs__60E32000_N3M5E,60E0E700_N3YLEE,60E32000_N3M5E,0x7fd77,0x7fdd0,89,tail,tail:89,,0,
60E0E700_N3YLEE__vs__60E32000_N3M5E,60E0E700_N3YLEE,60E32000_N3M5E,0x7fdf7,0x7fe00,9,tail,tail:9,,0,
60E0E700_N3YLEE__vs__60E32000_N3M5E,60E0E700_N3YLEE,60E32000_N3M5E,0x7fe27,0x7fe30,9,tail,tail:9,,0,
60E0E700_N3YLEE__vs__60E32000_N3M5E,60E0E700_N3YLEE,60E32000_N3M5E,0x7fe47,0x7fe50,9,tail,tail:9,,0,
60E0E700_N3YLEE__vs__60E32000_N3M5E,60E0E700_N3YLEE,60E32000_N3M5E,0x7fe67,0x7fe70,9,tail,tail:9,,0,
60E0E700_N3YLEE__vs__60E32000_N3M5E,60E0E700_N3YLEE,60E32000_N3M5E,0x7fe87,0x7fe90,9,tail,tail:9,,0,
60E0E700_N3YLEE__vs__60E32000_N3M5E,60E0E700_N3YLEE,60E32000_N3M5E,0x7ff07,0x7ff3c,53,tail,tail:53,,0,
60E0E700_N3YLEE__vs__60E32000_N3M5E,60E0E700_N3YLEE,60E32000_N3M5E,0x7ff47,0x7ff70,41,tail,tail:41,,0,
60E0E700_N3YLEE__vs__60E32000_N3M5E,60E0E700_N3YLEE,60E32000_N3M5E,0x7ffd7,0x7ffe0,9,tail,tail:9,,0,
60E0E700_N3YLEE__vs__60E32000_N3M5E,60E0E700_N3YLEE,60E32000_N3M5E,0x7fff4,0x7fffc,8,tail,tail:8,,0,
60E0FB00__vs__60E0FC00,60E0FB00,60E0FC00,0xffc,0xffe,2,header,header:2,,0,
60E0FB00__vs__60E0FC00,60E0FB00,60E0FC00,0x2005,0x2006,1,code,code:1,,0,
60E0FB00__vs__60E0FC00,60E0FB00,60E0FC00,0x6d316,0x6d317,1,cal_data,cal_data:1,,0,
60E0FB00__vs__60E0FC00,60E0FB00,60E0FC00,0x6d34b,0x6d34c,1,cal_data,cal_data:1,,0,
60E0FB00__vs__60E0FC00,60E0FB00,60E0FC00,0x6d35d,0x6d35e,1,cal_data,cal_data:1,,0,
60E0FB00__vs__60E0FC00,60E0FB00,60E0FC00,0x728d5,0x728f2,29,cal_data,cal_data:29,,0,
60E0FB00__vs__60E0FC00,60E0FB00,60E0FC00,0x728fb,0x72901,6,cal_data,cal_data:6,,0,
60E0FB00__vs__60E0FC00,60E0FB00,60E0FC00,0x77b47,0x77b48,1,cal_data,cal_data:1,,0,
60E0FB00__vs__60E0FC00,60E0FB00,60E0FC00,0x77ca9,0x77cae,5,cal_data,cal_data:5,,0,
60E0FB00__vs__60E0FC00,60E0FB00,60E0FC00,0x77cbe,0x77cc8,10,cal_data,cal_data:10,,0,
60E0FB00__vs__60E0FC00,60E0FB00,60E0FC00,0x7fb01,0x7fb04,3,tail,tail:3,,0,
60E0FB00__vs__60E0FC00,60E0FB00,60E0FC00,0x7fb88,0x7fb8c,4,tail,tail:4,,0,
60E0FB00__vs__60E0FC00,60E0FB00,60E0FC00,0x7fff4,0x7fff8,4,tail,tail:4,,0,
60E0FB00__vs__60E15120_N3J1E,60E0FB00,60E15120_N3J1E,0xffc,0xffe,2,header,header:2,,0,
60E0FB00__vs__60E15120_N3J1E,60E0FB00,60E15120_N3J1E,0x2003,0x2007,4,code,code:4,,0,
60E0FB00__vs__60E15120_N3J1E,60E0FB00,60E15120_N3J1E,0x2020,0x2023,3,code,code:3,,0,
60E0FB00__vs__60E15120_N3J1E,60E0FB00,60E15120_N3J1E,0x5342,0x5343,1,code,code:1,,0,
60E0FB00__vs__60E15120_N3J1E,60E0FB00,60E15120_N3J1E,0x628f,0x6290,1,code,code:1,,0,
60E0FB00__vs__60E15120_N3J1E,60E0FB00,60E15120_N3J1E,0x63d7,0x63e4,13,code,code:13,,0,
60E0FB00__vs__60E15120_N3J1E,60E0FB00,60E15120_N3J1E,0x63ef,0x63f0,1,code,code:1,,0,
60E0FB00__vs__60E15120_N3J1E,60E0FB00,60E15120_N3J1E,0x652a,0x652c,2,code,code:2,,0,
60E0FB00__vs__60E15120_N3J1E,60E0FB00,60E15120_N3J1E,0x655a,0x655c,2,code,code:2,,0,
60E0FB00__vs__60E15120_N3J1E,60E0FB00,60E15120_N3J1E,0x656f,0x6578,9,code,code:9,,0,
60E0FB00__vs__60E15120_N3J1E,60E0FB00,60E15120_N3J1E,0x6583,0x6584,1,code,code:1,,0,
60E0FB00__vs__60E15120_N3J1E,60E0FB00,60E15120_N3J1E,0x66ba,0x66bc,2,code,code:2,,0,
60E0FB00__vs__60E15120_N3J1E,60E0FB00,60E15120_N3J1E,0x66cb,0x66cc,1,code,code:1,,0,
60E0FB00__vs__60E15120_N3J1E,60E0FB00,60E15120_N3J1E,0x66da,0x66e8,14,code,code:14,,0,
60E0FB00__vs__60E15120_N3J1E,60E0FB00,60E15120_N3J1E,0x66fb,0x6704,9,code,code:9,,0,
60E0FB00__vs__60E15120_N3J1E,60E0FB00,60E15120_N3J1E,0x670f,0x6724,21,code,code:21,,0,
60E0FB00__vs__60E15120_N3J1E,60E0FB00,60E15120_N3J1E,0x6737,0x6744,13,code,code:13,,0,
60E0FB00__vs__60E15120_N3J1E,60E0FB00,60E15120_N3J1E,0x730a,0x730b,1,code,code:1,,0,
60E0FB00__vs__60E15120_N3J1E,60E0FB00,60E15120_N3J1E,0x731a,0x731c,2,code,code:2,,0,
60E0FB00__vs__60E15120_N3J1E,60E0FB00,60E15120_N3J1E,0x732a,0x732f,5,code,code:5,,0,
60E0FB00__vs__60E15120_N3J1E,60E0FB00,60E15120_N3J1E,0x7386,0x7387,1,code,code:1,,0,
60E0FB00__vs__60E15120_N3J1E,60E0FB00,60E15120_N3J1E,0x7392,0x7393,1,code,code:1,,0,
60E0FB00__vs__60E15120_N3J1E,60E0FB00,60E15120_N3J1E,0x7412,0x7413,1,code,code:1,,0,
60E0FB00__vs__60E15120_N3J1E,60E0FB00,60E15120_N3J1E,0x7422,0x7424,2,code,code:2,,0,
60E0FB00__vs__60E15120_N3J1E,60E0FB00,60E15120_N3J1E,0x7432,0x7437,5,code,code:5,,0,
60E0FB00__vs__60E15120_N3J1E,60E0FB00,60E15120_N3J1E,0x7496,0x7498,2,code,code:2,,0,
60E0FB00__vs__60E15120_N3J1E,60E0FB00,60E15120_N3J1E,0x74a6,0x74ab,5,code,code:5,,0,
60E0FB00__vs__60E15120_N3J1E,60E0FB00,60E15120_N3J1E,0x76aa,0x76ab,1,code,code:1,,0,
60E0FB00__vs__60E15120_N3J1E,60E0FB00,60E15120_N3J1E,0x77c2,0x77c3,1,code,code:1,,0,
60E0FB00__vs__60E15120_N3J1E,60E0FB00,60E15120_N3J1E,0x7b1b,0x7b1c,1,code,code:1,,0,
60E0FB00__vs__60E15120_N3J1E,60E0FB00,60E15120_N3J1E,0x7b2f,0x7b30,1,code,code:1,,0,
60E0FB00__vs__60E15120_N3J1E,60E0FB00,60E15120_N3J1E,0x7c3a,0x7c3b,1,code,code:1,,0,
60E0FB00__vs__60E15120_N3J1E,60E0FB00,60E15120_N3J1E,0x7c56,0x7c57,1,code,code:1,,0,
60E0FB00__vs__60E15120_N3J1E,60E0FB00,60E15120_N3J1E,0x7e8a,0x7e8b,1,code,code:1,,0,
60E0FB00__vs__60E15120_N3J1E,60E0FB00,60E15120_N3J1E,0x7f8a,0x7f8b,1,code,code:1,,0,
60E0FB00__vs__60E15120_N3J1E,60E0FB00,60E15120_N3J1E,0x8e6a,0x8e6b,1,code,code:1,,0,
60E0FB00__vs__60E15120_N3J1E,60E0FB00,60E15120_N3J1E,0x94de,0x94e0,2,code,code:2,,0,
60E0FB00__vs__60E15120_N3J1E,60E0FB00,60E15120_N3J1E,0x961a,0x9630,22,code,code:22,,0,
60E0FB00__vs__60E15120_N3J1E,60E0FB00,60E15120_N3J1E,0x9886,0x9890,10,code,code:10,,0,
60E0FB00__vs__60E15120_N3J1E,60E0FB00,60E15120_N3J1E,0xa9fa,0xa9fb,1,code,code:1,,0,
60E0FB00__vs__60E15120_N3J1E,60E0FB00,60E15120_N3J1E,0xab1a,0xab1f,5,code,code:5,,0,
60E0FB00__vs__60E15120_N3J1E,60E0FB00,60E15120_N3J1E,0xac9a,0xac9c,2,code,code:2,,0,
60E0FB00__vs__60E15120_N3J1E,60E0FB00,60E15120_N3J1E,0xacda,0xacdc,2,code,code:2,,0,
60E0FB00__vs__60E15120_N3J1E,60E0FB00,60E15120_N3J1E,0xace6,0xace8,2,code,code:2,,0,
60E0FB00__vs__60E15120_N3J1E,60E0FB00,60E15120_N3J1E,0xae86,0xae87,1,code,code:1,,0,
60E0FB00__vs__60E15120_N3J1E,60E0FB00,60E15120_N3J1E,0xae9a,0xaeab,17,code,code:17,,0,
60E0FB00__vs__60E15120_N3J1E,60E0FB00,60E15120_N3J1E,0xaeb6,0xaed8,34,code,code:34,,0,
60E0FB00__vs__60E15120_N3J1E,60E0FB00,60E15120_N3J1E,0xaee2,0xaee4,2,code,code:2,,0,
60E0FB00__vs__60E15120_N3J1E,60E0FB00,60E15120_N3J1E,0xb01e,0xb01f,1,code,code:1,,0,
60E0FB00__vs__60E15120_N3J1E,60E0FB00,60E15120_N3J1E,0xb036,0xb037,1,code,code:1,,0,
60E0FB00__vs__60E15120_N3J1E,60E0FB00,60E15120_N3J1E,0xb046,0xb047,1,code,code:1,,0,
60E0FB00__vs__60E15120_N3J1E,60E0FB00,60E15120_N3J1E,0xb052,0xb054,2,code,code:2,,0,
60E0FB00__vs__60E15120_N3J1E,60E0FB00,60E15120_N3J1E,0xb142,0xb150,14,code,code:14,,0,
60E0FB00__vs__60E15120_N3J1E,60E0FB00,60E15120_N3J1E,0xb166,0xb16f,9,code,code:9,,0,
60E0FB00__vs__60E15120_N3J1E,60E0FB00,60E15120_N3J1E,0xb17a,0xb17f,5,code,code:5,,0,
60E0FB00__vs__60E15120_N3J1E,60E0FB00,60E15120_N3J1E,0xb216,0xb217,1,code,code:1,,0,
60E0FB00__vs__60E15120_N3J1E,60E0FB00,60E15120_N3J1E,0xb222,0xb223,1,code,code:1,,0,
60E0FB00__vs__60E15120_N3J1E,60E0FB00,60E15120_N3J1E,0xb4ce,0xb4eb,29,code,code:29,,0,
60E0FB00__vs__60E15120_N3J1E,60E0FB00,60E15120_N3J1E,0xb66a,0xb66c,2,code,code:2,,0,
60E0FB00__vs__60E15120_N3J1E,60E0FB00,60E15120_N3J1E,0xc2ca,0xc2dc,18,code,code:18,,0,
60E0FB00__vs__60E15120_N3J1E,60E0FB00,60E15120_N3J1E,0xc2ea,0xc2ec,2,code,code:2,,0,
60E0FB00__vs__60E15120_N3J1E,60E0FB00,60E15120_N3J1E,0xc30a,0xc30c,2,code,code:2,,0,
60E0FB00__vs__60E15120_N3J1E,60E0FB00,60E15120_N3J1E,0xc332,0xc337,5,code,code:5,,0,
60E0FB00__vs__60E15120_N3J1E,60E0FB00,60E15120_N3J1E,0xc452,0xc460,14,code,code:14,,0,
60E0FB00__vs__60E15120_N3J1E,60E0FB00,60E15120_N3J1E,0xc46e,0xc470,2,code,code:2,,0,
60E0FB00__vs__60E15120_N3J1E,60E0FB00,60E15120_N3J1E,0xc6da,0xc6dc,2,code,code:2,,0,
60E0FB00__vs__60E15120_N3J1E,60E0FB00,60E15120_N3J1E,0xc6f6,0xc6f8,2,code,code:2,,0,
60E0FB00__vs__60E15120_N3J1E,60E0FB00,60E15120_N3J1E,0xc727,0xc728,1,code,code:1,,0,
60E0FB00__vs__60E15120_N3J1E,60E0FB00,60E15120_N3J1E,0xc73a,0xc754,26,code,code:26,,0,
60E0FB00__vs__60E15120_N3J1E,60E0FB00,60E15120_N3J1E,0xc766,0xc768,2,code,code:2,,0,
60E0FB00__vs__60E15120_N3J1E,60E0FB00,60E15120_N3J1E,0xc89a,0xc89c,2,code,code:2,,0,
60E0FB00__vs__60E15120_N3J1E,60E0FB00,60E15120_N3J1E,0xca06,0xca14,14,code,code:14,,0,
60E0FB00__vs__60E15120_N3J1E,60E0FB00,60E15120_N3J1E,0xd1ba,0xd1bb,1,code,code:1,,0,
60E0FB00__vs__60E15120_N3J1E,60E0FB00,60E15120_N3J1E,0xd1ca,0xd1d0,6,code,code:6,,0,
60E0FB00__vs__60E15120_N3J1E,60E0FB00,60E15120_N3J1E,0xd1da,0xd1df,5,code,code:5,,0,
60E0FB00__vs__60E15120_N3J1E,60E0FB00,60E15120_N3J1E,0xd886,0xd888,2,code,code:2,,0,
60E0FB00__vs__60E15120_N3J1E,60E0FB00,60E15120_N3J1E,0xd992,0xd9ac,26,code,code:26,,0,
60E0FB00__vs__60E15120_N3J1E,60E0FB00,60E15120_N3J1E,0xd9db,0xd9f4,25,code,code:25,,0,
60E0FB00__vs__60E15120_N3J1E,60E0FB00,60E15120_N3J1E,0xdb0f,0xdb28,25,code,code:25,,0,
60E0FB00__vs__60E15120_N3J1E,60E0FB00,60E15120_N3J1E,0xdb32,0xdb58,38,code,code:38,,0,
60E0FB00__vs__60E15120_N3J1E,60E0FB00,60E15120_N3J1E,0xdc5d,0xdc64,7,code,code:7,,0,
60E0FB00__vs__60E15120_N3J1E,60E0FB00,60E15120_N3J1E,0xdc72,0xdcc0,78,code,code:78,,0,
60E0FB00__vs__60E15120_N3J1E,60E0FB00,60E15120_N3J1E,0xddbd,0xddc0,3,code,code:3,,0,
60E0FB00__vs__60E15120_N3J1E,60E0FB00,60E15120_N3J1E,0xdedb,0xdf24,73,code,code:73,,0,
60E0FB00__vs__60E15120_N3J1E,60E0FB00,60E15120_N3J1E,0xdf2d,0xdf38,11,code,code:11,,0,
60E0FB00__vs__60E15120_N3J1E,60E0FB00,60E15120_N3J1E,0xdf45,0x102ac,9063,code,code:9063,,0,
60E0FB00__vs__60E15120_N3J1E,60E0FB00,60E15120_N3J1E,0x102d2,0x102d3,1,code,code:1,,0,
60E0FB00__vs__60E15120_N3J1E,60E0FB00,60E15120_N3J1E,0x102e2,0x10964,1666,code,code:1666,,0,
60E0FB00__vs__60E15120_N3J1E,60E0FB00,60E15120_N3J1E,0x1096d,0x4b4b2,240453,code,code:240453,,0,
60E0FB00__vs__60E15120_N3J1E,60E0FB00,60E15120_N3J1E,0x4b4ba,0x68f56,121500,code,code:121500,,0,
60E0FB00__vs__60E15120_N3J1E,60E0FB00,60E15120_N3J1E,0x68f5e,0x6bc7c,11550,code,code:11550,,0,
60E0FB00__vs__60E15120_N3J1E,60E0FB00,60E15120_N3J1E,0x6c000,0x6c061,97,code,code:97,,0,
60E0FB00__vs__60E15120_N3J1E,60E0FB00,60E15120_N3J1E,0x6c0e0,0x6d8a8,6088,padding,padding:2960 cal_data:2676 code:400 cal_table:52,,52,Barometric Pressure Sensor Max ADC Count; Barometric Pressure Sensor Min ADC Count; Cold Rev Limit; Cold Rev Limit Threshold; Idle Related; Ignition 2; Ignition Leading 0; Ignition Leading 1; ...
60E0FB00__vs__60E15120_N3J1E,60E0FB00,60E15120_N3J1E,0x6d8b8,0x6e13e,2182,cal_data,cal_data:2167 cal_table:15,,15,Ignition; Ignition 0 - Safe Mode; Ignition Leading 4; Ignition Leading Base; Ignition Leading Base - Safe Mode; X; X; X; ...
60E0FB00__vs__60E15120_N3J1E,60E0FB00,60E15120_N3J1E,0x6e14a,0x6e1ac,98,cal_data,cal_data:97 cal_table:1,,1,Y
60E0FB00__vs__60E15120_N3J1E,60E0FB00,60E15120_N3J1E,0x6e1c4,0x6f1fe,4154,cal_data,cal_data:4055 cal_table:99,,99,Idle Target; Idle Target 0; Idle Target 1; Idle Target 2; Idle Target 3; Idle Target 4; Idle Target 5; Idle Target 6; ...
60E0FB00__vs__60E15120_N3J1E,60E0FB00,60E15120_N3J1E,0x6f208,0x70f1f,7447,cal_data,cal_data:7317 cal_table:130,,130,CLT Sensor Scaling; IAT Sensor Scaling; Ignition 10; Ignition 11; Ignition 12; Ignition 13; Ignition 14; Ignition 15; ...
60E0FB00__vs__60E15120_N3J1E,60E0FB00,60E15120_N3J1E,0x70f3c,0x7105a,286,cal_data,cal_data:283 cal_table:3,,3,Table 3D - 30_; X; Y
60E0FB00__vs__60E15120_N3J1E,60E0FB00,60E15120_N3J1E,0x71064,0x71573,1295,cal_data,cal_data:1286 cal_table:9,,9,Table 3D - 108_; Table 3D - 31_; Table 3D - 32_; X; X; X; Y; Y; ...
60E0FB00__vs__60E15120_N3J1E,60E0FB00,60E15120_N3J1E,0x71580,0x7201b,2715,cal_data,cal_data:2636 cal_table:79,,79,Fuelling - Safe Mode; Fuelling 0; Fuelling 1; Fuelling 2 - Safe Mode; Fuelling 3; Fuelling 4; Fuelling 5; Fuelling 6; ...
60E0FB00__vs__60E15120_N3J1E,60E0FB00,60E15120_N3J1E,0x72025,0x72aec,2759,cal_data,cal_data:2712 cal_table:47,,47,Fuelling 10 - Safe Mode; Fuelling 11; Fuelling 12; Fuelling 13 - Safe Mode; Fuelling 14 - Safe mode; Fuelling 15; Fuelling 16; Fuelling 8; ...
60E0FB00__vs__60E15120_N3J1E,60E0FB00,60E15120_N3J1E,0x72af4,0x78158,22116,cal_data,cal_data:21836 cal_table:280,,280,Accel Pedal to Throttle Position #1; Accel Pedal to Throttle Position #2; Accel Pedal to Throttle Position #3; Accel Pedal to Throttle Position #4; Estimated Manifold Pressure; Injector Latency Primary; Injector Latency Secondary; Maximum Throttle Angle; ...
60E0FB00__vs__60E15120_N3J1E,60E0FB00,60E15120_N3J1E,0x78166,0x7acfc,11158,cal_data,cal_data:10899 cal_table:259,,259,Airflow Or Load Related; Auxillary Valve Close; Barometric Pressure Sensor Max Voltage; Barometric Pressure Sensor Min Voltage; Barometric Pressure Sensor Offset; Barometric Pressure Sensor Slope; Engine Load Compensation; Knock Rel #0; ...
60E0FB00__vs__60E15120_N3J1E,60E0FB00,60E15120_N3J1E,0x7ad04,0x7af82,638,cal_data,cal_data:619 cal_table:19,,19,Injection Angle Related AFR Input; Table 2D - 259_; Table 2D - 376 Check DataType; Table 2D - 377 Check DataType; Table 3D - 88_; Table 3D - 89_; Table 3D - 90_; Unknown Lambda Input; ...
60E0FB00__vs__60E15120_N3J1E,60E0FB00,60E15120_N3J1E,0x7af8b,0x7c68d,5890,cal_data,cal_data:5790 cal_table:100,,100,AirFlow Inj Angle Related; Injection Angle; Load Limit A; Load Limit B; Load Limit C; Table 2D - 262_; Table 2D - 264_; Table 2D - 265_; ...
60E0FB00__vs__60E15120_N3J1E,60E0FB00,60E15120_N3J1E,0x7c696,0x7e317,7297,cal_data,cal_data:5110 tail:2072 cal_table:115,,115,Ignition Dwell Time_; Table 2D - 235_; Table 2D - 236_; Table 2D - 237_; Table 2D - 238_; Table 2D - 239_; Table 2D - 240_; Table 2D - 241_; ...
60E0FB00__vs__60E15120_N3J1E,60E0FB00,60E15120_N3J1E,0x7e32a,0x7e652,808,tail,tail:808,,0,
60E0FB00__vs__60E15120_N3J1E,60E0FB00,60E15120_N3J1E,0x7e678,0x7f760,4328,tail,tail:4328,,0,
60E0FB00__vs__60E15120_N3J1E,60E0FB00,60E15120_N3J1E,0x7fb01,0x7fb04,3,tail,tail:3,,0,
60E0FB00__vs__60E15120_N3J1E,60E0FB00,60E15120_N3J1E,0x7fb88,0x7fb8c,4,tail,tail:4,,0,
60E0FB00__vs__60E15120_N3J1E,60E0FB00,60E15120_N3J1E,0x7fff4,0x7fff8,4,tail,tail:4,,0,
60E0FB00__vs__60E1B900,60E0FB00,60E1B900,0xffb,0x1008,13,header,header:13,,0,
60E0FB00__vs__60E1B900,60E0FB00,60E1B900,0x1039,0x1302,713,header,header:713,,0,
60E0FB00__vs__60E1B900,60E0FB00,60E1B900,0x130b,0x2006,3323,header,header:3317 code:6,,0,
60E0FB00__vs__60E1B900,60E0FB00,60E1B900,0x2723,0x2724,1,code,code:1,,0,
60E0FB00__vs__60E1B900,60E0FB00,60E1B900,0x273b,0x273c,1,code,code:1,,0,
60E0FB00__vs__60E1B900,60E0FB00,60E1B900,0x2753,0x2754,1,code,code:1,,0,
60E0FB00__vs__60E1B900,60E0FB00,60E1B900,0x276a,0x276c,2,code,code:2,,0,
60E0FB00__vs__60E1B900,60E0FB00,60E1B900,0x2782,0x2784,2,code,code:2,,0,
60E0FB00__vs__60E1B900,60E0FB00,60E1B900,0x279b,0x279c,1,code,code:1,,0,
60E0FB00__vs__60E1B900,60E0FB00,60E1B900,0x27b3,0x27b4,1,code,code:1,,0,
60E0FB00__vs__60E1B900,60E0FB00,60E1B900,0x27cb,0x27cc,1,code,code:1,,0,
60E0FB00__vs__60E1B900,60E0FB00,60E1B900,0x27e3,0x27e4,1,code,code:1,,0,
60E0FB00__vs__60E1B900,60E0FB00,60E1B900,0x27fb,0x27fc,1,code,code:1,,0,
60E0FB00__vs__60E1B900,60E0FB00,60E1B900,0x2813,0x2814,1,code,code:1,,0,
60E0FB00__vs__60E1B900,60E0FB00,60E1B900,0x282b,0x282c,1,code,code:1,,0,
60E0FB00__vs__60E1B900,60E0FB00,60E1B900,0x2843,0x2844,1,code,code:1,,0,
60E0FB00__vs__60E1B900,60E0FB00,60E1B900,0x285b,0x285c,1,code,code:1,,0,
60E0FB00__vs__60E1B900,60E0FB00,60E1B900,0x2873,0x2874,1,code,code:1,,0,
60E0FB00__vs__60E1B900,60E0FB00,60E1B900,0x288b,0x288c,1,code,code:1,,0,
60E0FB00__vs__60E1B900,60E0FB00,60E1B900,0x28a3,0x28a4,1,code,code:1,,0,
60E0FB00__vs__60E1B900,60E0FB00,60E1B900,0x28bb,0x28bc,1,code,code:1,,0,
60E0FB00__vs__60E1B900,60E0FB00,60E1B900,0x28d3,0x28d4,1,code,code:1,,0,
60E0FB00__vs__60E1B900,60E0FB00,60E1B900,0x28ea,0x28ec,2,code,code:2,,0,
60E0FB00__vs__60E1B900,60E0FB00,60E1B900,0x2902,0x2904,2,code,code:2,,0,
60E0FB00__vs__60E1B900,60E0FB00,60E1B900,0x291b,0x291c,1,code,code:1,,0,
60E0FB00__vs__60E1B900,60E0FB00,60E1B900,0x2933,0x2934,1,code,code:1,,0,
60E0FB00__vs__60E1B900,60E0FB00,60E1B900,0x294b,0x294c,1,code,code:1,,0,
60E0FB00__vs__60E1B900,60E0FB00,60E1B900,0x2963,0x2964,1,code,code:1,,0,
60E0FB00__vs__60E1B900,60E0FB00,60E1B900,0x297b,0x297c,1,code,code:1,,0,
60E0FB00__vs__60E1B900,60E0FB00,60E1B900,0x2993,0x2994,1,code,code:1,,0,
60E0FB00__vs__60E1B900,60E0FB00,60E1B900,0x29ab,0x29ac,1,code,code:1,,0,
60E0FB00__vs__60E1B900,60E0FB00,60E1B900,0x29c3,0x29c4,1,code,code:1,,0,
60E0FB00__vs__60E1B900,60E0FB00,60E1B900,0x29db,0x29dc,1,code,code:1,,0,
60E0FB00__vs__60E1B900,60E0FB00,60E1B900,0x29f3,0x29f4,1,code,code:1,,0,
60E0FB00__vs__60E1B900,60E0FB00,60E1B900,0x2a0b,0x2a0c,1,code,code:1,,0,
60E0FB00__vs__60E1B900,60E0FB00,60E1B900,0x2a22,0x2a24,2,code,code:2,,0,
60E0FB00__vs__60E1B900,60E0FB00,60E1B900,0x2a3a,0x2a3c,2,code,code:2,,0,
60E0FB00__vs__60E1B900,60E0FB00,60E1B900,0x2a53,0x2a54,1,code,code:1,,0,
60E0FB00__vs__60E1B900,60E0FB00,60E1B900,0x2a6b,0x2a6c,1,code,code:1,,0,
60E0FB00__vs__60E1B900,60E0FB00,60E1B900,0x2a83,0x2a84,1,code,code:1,,0,
60E0FB00__vs__60E1B900,60E0FB00,60E1B900,0x2a9b,0x2a9c,1,code,code:1,,0,
60E0FB00__vs__60E1B900,60E0FB00,60E1B900,0x2ab3,0x2ab4,1,code,code:1,,0,
60E0FB00__vs__60E1B900,60E0FB00,60E1B900,0x2acb,0x2acc,1,code,code:1,,0,
60E0FB00__vs__60E1B900,60E0FB00,60E1B900,0x2ae3,0x2ae4,1,code,code:1,,0,
60E0FB00__vs__60E1B900,60E0FB00,60E1B900,0x2afb,0x2afc,1,code,code:1,,0,
60E0FB00__vs__60E1B900,60E0FB00,60E1B900,0x2b13,0x2b14,1,code,code:1,,0,
60E0FB00__vs__60E1B900,60E0FB00,60E1B900,0x2b2b,0x2b2c,1,code,code:1,,0,
60E0FB00__vs__60E1B900,60E0FB00,60E1B900,0x2b43,0x2b44,1,code,code:1,,0,
60E0FB00__vs__60E1B900,60E0FB00,60E1B900,0x2b5b,0x2b5c,1,code,code:1,,0,
60E0FB00__vs__60E1B900,60E0FB00,60E1B900,0x2b73,0x2b74,1,code,code:1,,0,
60E0FB00__vs__60E1B900,60E0FB00,60E1B900,0x2b8b,0x2b8c,1,code,code:1,,0,
60E0FB00__vs__60E1B900,60E0FB00,60E1B900,0x2ba3,0x2ba4,1,code,code:1,,0,
60E0FB00__vs__60E1B900,60E0FB00,60E1B900,0x2bba,0x2bbc,2,code,code:2,,0,
60E0FB00__vs__60E1B900,60E0FB00,60E1B900,0x2bd2,0x2bd4,2,code,code:2,,0,
60E0FB00__vs__60E1B900,60E0FB00,60E1B900,0x2beb,0x2bec,1,code,code:1,,0,
60E0FB00__vs__60E1B900,60E0FB00,60E1B900,0x2c03,0x2c04,1,code,code:1,,0,
60E0FB00__vs__60E1B900,60E0FB00,60E1B900,0x2c1b,0x2c1c,1,code,code:1,,0,
60E0FB00__vs__60E1B900,60E0FB00,60E1B900,0x2c33,0x2c34,1,code,code:1,,0,
60E0FB00__vs__60E1B900,60E0FB00,60E1B900,0x2c4b,0x2c4c,1,code,code:1,,0,
60E0FB00__vs__60E1B900,60E0FB00,60E1B900,0x2c63,0x2c64,1,code,code:1,,0,
60E0FB00__vs__60E1B900,60E0FB00,60E1B900,0x2c7b,0x2c7c,1,code,code:1,,0,
60E0FB00__vs__60E1B900,60E0FB00,60E1B900,0x2c93,0x2c94,1,code,code:1,,0,
60E0FB00__vs__60E1B900,60E0FB00,60E1B900,0x2cab,0x2cac,1,code,code:1,,0,
60E0FB00__vs__60E1B900,60E0FB00,60E1B900,0x2cc3,0x2cc4,1,code,code:1,,0,
60E0FB00__vs__60E1B900,60E0FB00,60E1B900,0x2cdb,0x2cdc,1,code,code:1,,0,
60E0FB00__vs__60E1B900,60E0FB00,60E1B900,0x2cf3,0x2cf4,1,code,code:1,,0,
60E0FB00__vs__60E1B900,60E0FB00,60E1B900,0x2d0b,0x2d0c,1,code,code:1,,0,
60E0FB00__vs__60E1B900,60E0FB00,60E1B900,0x2d22,0x2d24,2,code,code:2,,0,
60E0FB00__vs__60E1B900,60E0FB00,60E1B900,0x2d3a,0x2d3c,2,code,code:2,,0,
60E0FB00__vs__60E1B900,60E0FB00,60E1B900,0x2d53,0x2d54,1,code,code:1,,0,
60E0FB00__vs__60E1B900,60E0FB00,60E1B900,0x2d6b,0x2d6c,1,code,code:1,,0,
60E0FB00__vs__60E1B900,60E0FB00,60E1B900,0x2d83,0x2d84,1,code,code:1,,0,
60E0FB00__vs__60E1B900,60E0FB00,60E1B900,0x2d9b,0x2d9c,1,code,code:1,,0,
60E0FB00__vs__60E1B900,60E0FB00,60E1B900,0x2db3,0x2db4,1,code,code:1,,0,
60E0FB00__vs__60E1B900,60E0FB00,60E1B900,0x2dcb,0x2dcc,1,code,code:1,,0,
60E0FB00__vs__60E1B900,60E0FB00,60E1B900,0x2de3,0x2de4,1,code,code:1,,0,
60E0FB00__vs__60E1B900,60E0FB00,60E1B900,0x2dfb,0x2dfc,1,code,code:1,,0,
60E0FB00__vs__60E1B900,60E0FB00,60E1B900,0x2e13,0x2e14,1,code,code:1,,0,
60E0FB00__vs__60E1B900,60E0FB00,60E1B900,0x2e2b,0x2e2c,1,code,code:1,,0,
60E0FB00__vs__60E1B900,60E0FB00,60E1B900,0x2e42,0x2e44,2,code,code:2,,0,
60E0FB00__vs__60E1B900,60E0FB00,60E1B900,0x2e5a,0x2e5c,2,code,code:2,,0,
60E0FB00__vs__60E1B900,60E0FB00,60E1B900,0x2e73,0x2e74,1,code,code:1,,0,
60E0FB00__vs__60E1B900,60E0FB00,60E1B900,0x2e8b,0x2e8c,1,code,code:1,,0,
60E0FB00__vs__60E1B900,60E0FB00,60E1B900,0x2ea3,0x2ea4,1,code,code:1,,0,
60E0FB00__vs__60E1B900,60E0FB00,60E1B900,0x2ebb,0x2ebc,1,code,code:1,,0,
60E0FB00__vs__60E1B900,60E0FB00,60E1B900,0x2ed3,0x2ed4,1,code,code:1,,0,
60E0FB00__vs__60E1B900,60E0FB00,60E1B900,0x2eeb,0x2eec,1,code,code:1,,0,
60E0FB00__vs__60E1B900,60E0FB00,60E1B900,0x2f03,0x2f04,1,code,code:1,,0,
60E0FB00__vs__60E1B900,60E0FB00,60E1B900,0x2f1b,0x2f1c,1,code,code:1,,0,
60E0FB00__vs__60E1B900,60E0FB00,60E1B900,0x2f32,0x2f34,2,code,code:2,,0,
60E0FB00__vs__60E1B900,60E0FB00,60E1B900,0x2f4b,0x2f4c,1,code,code:1,,0,
60E0FB00__vs__60E1B900,60E0FB00,60E1B900,0x2f62,0x2f64,2,code,code:2,,0,
60E0FB00__vs__60E1B900,60E0FB00,60E1B900,0x2f7b,0x2f7c,1,code,code:1,,0,
60E0FB00__vs__60E1B900,60E0FB00,60E1B900,0x2f93,0x2f94,1,code,code:1,,0,
60E0FB00__vs__60E1B900,60E0FB00,60E1B900,0x2fab,0x2fac,1,code,code:1,,0,
60E0FB00__vs__60E1B900,60E0FB00,60E1B900,0x2fc3,0x2fc4,1,code,code:1,,0,
60E0FB00__vs__60E1B900,60E0FB00,60E1B900,0x2fda,0x2fdc,2,code,code:2,,0,
60E0FB00__vs__60E1B900,60E0FB00,60E1B900,0x2ff3,0x2ff4,1,code,code:1,,0,
60E0FB00__vs__60E1B900,60E0FB00,60E1B900,0x300b,0x300c,1,code,code:1,,0,
60E0FB00__vs__60E1B900,60E0FB00,60E1B900,0x3023,0x3024,1,code,code:1,,0,
60E0FB00__vs__60E1B900,60E0FB00,60E1B900,0x303b,0x303c,1,code,code:1,,0,
60E0FB00__vs__60E1B900,60E0FB00,60E1B900,0x3052,0x3054,2,code,code:2,,0,
60E0FB00__vs__60E1B900,60E0FB00,60E1B900,0x306b,0x306c,1,code,code:1,,0,
60E0FB00__vs__60E1B900,60E0FB00,60E1B900,0x3083,0x3084,1,code,code:1,,0,
60E0FB00__vs__60E1B900,60E0FB00,60E1B900,0x309b,0x309c,1,code,code:1,,0,
60E0FB00__vs__60E1B900,60E0FB00,60E1B900,0x30b3,0x30b4,1,code,code:1,,0,
60E0FB00__vs__60E1B900,60E0FB00,60E1B900,0x30cb,0x30cc,1,code,code:1,,0,
60E0FB00__vs__60E1B900,60E0FB00,60E1B900,0x30e3,0x30e4,1,code,code:1,,0,
60E0FB00__vs__60E1B900,60E0FB00,60E1B900,0x30fb,0x30fc,1,code,code:1,,0,
60E0FB00__vs__60E1B900,60E0FB00,60E1B900,0x3113,0x3114,1,code,code:1,,0,
60E0FB00__vs__60E1B900,60E0FB00,60E1B900,0x312b,0x312c,1,code,code:1,,0,
60E0FB00__vs__60E1B900,60E0FB00,60E1B900,0x3143,0x3144,1,code,code:1,,0,
60E0FB00__vs__60E1B900,60E0FB00,60E1B900,0x315b,0x315c,1,code,code:1,,0,
60E0FB00__vs__60E1B900,60E0FB00,60E1B900,0x3173,0x3174,1,code,code:1,,0,
60E0FB00__vs__60E1B900,60E0FB00,60E1B900,0x318b,0x318c,1,code,code:1,,0,
60E0FB00__vs__60E1B900,60E0FB00,60E1B900,0x31a3,0x31a4,1,code,code:1,,0,
60E0FB00__vs__60E1B900,60E0FB00,60E1B900,0x31bb,0x31bc,1,code,code:1,,0,
60E0FB00__vs__60E1B900,60E0FB00,60E1B900,0x31d3,0x31d4,1,code,code:1,,0,
60E0FB00__vs__60E1B900,60E0FB00,60E1B900,0x31ea,0x31ec,2,code,code:2,,0,
60E0FB00__vs__60E1B900,60E0FB00,60E1B900,0x3203,0x3204,1,code,code:1,,0,
60E0FB00__vs__60E1B900,60E0FB00,60E1B900,0x321a,0x321c,2,code,code:2,,0,
60E0FB00__vs__60E1B900,60E0FB00,60E1B900,0x3233,0x3234,1,code,code:1,,0,
60E0FB00__vs__60E1B900,60E0FB00,60E1B900,0x327a,0x327c,2,code,code:2,,0,
60E0FB00__vs__60E1B900,60E0FB00,60E1B900,0x32ee,0x32f0,2,code,code:2,,0,
60E0FB00__vs__60E1B900,60E0FB00,60E1B900,0x338a,0x338c,2,code,code:2,,0,
60E0FB00__vs__60E1B900,60E0FB00,60E1B900,0x33b6,0x33b8,2,code,code:2,,0,
60E0FB00__vs__60E1B900,60E0FB00,60E1B900,0x347a,0x3490,22,code,code:22,,0,
60E0FB00__vs__60E1B900,60E0FB00,60E1B900,0x3572,0x3578,6,code,code:6,,0,
60E0FB00__vs__60E1B900,60E0FB00,60E1B900,0x3676,0x3678,2,code,code:2,,0,
60E0FB00__vs__60E1B900,60E0FB00,60E1B900,0x36a2,0x36a4,2,code,code:2,,0,
60E0FB00__vs__60E1B900,60E0FB00,60E1B900,0x375a,0x375c,2,code,code:2,,0,
60E0FB00__vs__60E1B900,60E0FB00,60E1B900,0x3902,0x3904,2,code,code:2,,0,
60E0FB00__vs__60E1B900,60E0FB00,60E1B900,0x394e,0x3950,2,code,code:2,,0,
60E0FB00__vs__60E1B900,60E0FB00,60E1B900,0x3962,0x3964,2,code,code:2,,0,
60E0FB00__vs__60E1B900,60E0FB00,60E1B900,0x3aae,0x3ab4,6,code,code:6,,0,
60E0FB00__vs__60E1B900,60E0FB00,60E1B900,0x3ad6,0x3ad8,2,code,code:2,,0,
60E0FB00__vs__60E1B900,60E0FB00,60E1B900,0x3b22,0x3b28,6,code,code:6,,0,
60E0FB00__vs__60E1B900,60E0FB00,60E1B900,0x3d46,0x3d48,2,code,code:2,,0,
60E0FB00__vs__60E1B900,60E0FB00,60E1B900,0x3d9a,0x3d9c,2,code,code:2,,0,
60E0FB00__vs__60E1B900,60E0FB00,60E1B900,0x3e02,0x3e04,2,code,code:2,,0,
60E0FB00__vs__60E1B900,60E0FB00,60E1B900,0x3e82,0x3e84,2,code,code:2,,0,
60E0FB00__vs__60E1B900,60E0FB00,60E1B900,0x3f9a,0x3f9c,2,code,code:2,,0,
60E0FB00__vs__60E1B900,60E0FB00,60E1B900,0x3fa6,0x3fa8,2,code,code:2,,0,
60E0FB00__vs__60E1B900,60E0FB00,60E1B900,0x3fe6,0x3fe8,2,code,code:2,,0,
60E0FB00__vs__60E1B900,60E0FB00,60E1B900,0x4096,0x4098,2,code,code:2,,0,
60E0FB00__vs__60E1B900,60E0FB00,60E1B900,0x413e,0x4140,2,code,code:2,,0,
60E0FB00__vs__60E1B900,60E0FB00,60E1B900,0x4206,0x4208,2,code,code:2,,0,
60E0FB00__vs__60E1B900,60E0FB00,60E1B900,0x473e,0x4740,2,code,code:2,,0,
60E0FB00__vs__60E1B900,60E0FB00,60E1B900,0x493a,0x493c,2,code,code:2,,0,
60E0FB00__vs__60E1B900,60E0FB00,60E1B900,0x4996,0x499c,6,code,code:6,,0,
60E0FB00__vs__60E1B900,60E0FB00,60E1B900,0x49a6,0x49ad,7,code,code:7,,0,
60E0FB00__vs__60E1B900,60E0FB00,60E1B900,0x49b6,0x49bd,7,code,code:7,,0,
60E0FB00__vs__60E1B900,60E0FB00,60E1B900,0x49c6,0x49cd,7,code,code:7,,0,
60E0FB00__vs__60E1B900,60E0FB00,60E1B900,0x49d6,0x49dd,7,code,code:7,,0,
60E0FB00__vs__60E1B900,60E0FB00,60E1B900,0x49e6,0x49ec,6,code,code:6,,0,
60E0FB00__vs__60E1B900,60E0FB00,60E1B900,0x49f6,0x49fc,6,code,code:6,,0,
60E0FB00__vs__60E1B900,60E0FB00,60E1B900,0x4a06,0x4a0c,6,code,code:6,,0,
60E0FB00__vs__60E1B900,60E0FB00,60E1B900,0x4a16,0x4a1c,6,code,code:6,,0,
60E0FB00__vs__60E1B900,60E0FB00,60E1B900,0x4a26,0x4a2c,6,code,code:6,,0,
60E0FB00__vs__60E1B900,60E0FB00,60E1B900,0x4a36,0x4a3c,6,code,code:6,,0,
60E0FB00__vs__60E1B900,60E0FB00,60E1B900,0x4a46,0x4a4c,6,code,code:6,,0,
60E0FB00__vs__60E1B900,60E0FB00,60E1B900,0x4a56,0x4a5c,6,code,code:6,,0,
60E0FB00__vs__60E1B900,60E0FB00,60E1B900,0x4a66,0x4a6c,6,code,code:6,,0,
60E0FB00__vs__60E1B900,60E0FB00,60E1B900,0x4a76,0x4a7c,6,code,code:6,,0,
60E0FB00__vs__60E1B900,60E0FB00,60E1B900,0x4a86,0x4a8c,6,code,code:6,,0,
60E0FB00__vs__60E1B900,60E0FB00,60E1B900,0x4a96,0x4a9c,6,code,code:6,,0,
60E0FB00__vs__60E1B900,60E0FB00,60E1B900,0x4aa6,0x4aac,6,code,code:6,,0,
60E0FB00__vs__60E1B900,60E0FB00,60E1B900,0x4ab6,0x4abc,6,code,code:6,,0,
60E0FB00__vs__60E1B900,60E0FB00,60E1B900,0x4aca,0x4aec,34,code,code:34,,0,
60E0FB00__vs__60E1B900,60E0FB00,60E1B900,0x4b0e,0x4b10,2,code,code:2,,0,
60E0FB00__vs__60E1B900,60E0FB00,60E1B900,0x4c87,0x52b8,1585,code,code:1585,,0,
60E0FB00__vs__60E1B900,60E0FB00,60E1B900,0x52c3,0x52c4,1,code,code:1,,0,
60E0FB00__vs__60E1B900,60E0FB00,60E1B900,0x52cc,0x8214,12104,code,code:12104,,0,
60E0FB00__vs__60E1B900,60E0FB00,60E1B900,0x8224,0x829a,118,code,code:118,,0,
60E0FB00__vs__60E1B900,60E0FB00,60E1B900,0x82aa,0x1f746,95388,code,code:95388,,0,
60E0FB00__vs__60E1B900,60E0FB00,60E1B900,0x1f74e,0x20504,3510,code,code:3510,,0,
60E0FB00__vs__60E1B900,60E0FB00,60E1B900,0x2050c,0x375f4,94440,code,code:94440,,0,
60E0FB00__vs__60E1B900,60E0FB00,60E1B900,0x37601,0x37608,7,code,code:7,,0,
60E0FB00__vs__60E1B900,60E0FB00,60E1B900,0x3761b,0x3761c,1,code,code:1,,0,
60E0FB00__vs__60E1B900,60E0FB00,60E1B900,0x37625,0x37626,1,code,code:1,,0,
60E0FB00__vs__60E1B900,60E0FB00,60E1B900,0x3762f,0x37634,5,code,code:5,,0,
60E0FB00__vs__60E1B900,60E0FB00,60E1B900,0x3763f,0x37640,1,code,code:1,,0,
60E0FB00__vs__60E1B900,60E0FB00,60E1B900,0x37649,0x37666,29,code,code:29,,0,
60E0FB00__vs__60E1B900,60E0FB00,60E1B900,0x37671,0x3aefc,14475,code,code:14475,,0,
60E0FB00__vs__60E1B900,60E0FB00,60E1B900,0x3af06,0x3c348,5186,code,code:5186,,0,
60E0FB00__vs__60E1B900,60E0FB00,60E1B900,0x3c352,0x417ec,21658,code,code:21658,,0,
60E0FB00__vs__60E1B900,60E0FB00,60E1B900,0x417fd,0x50024,59431,code,code:59431,,0,
60E0FB00__vs__60E1B900,60E0FB00,60E1B900,0x5002d,0x518b6,6281,code,code:6281,,0,
60E0FB00__vs__60E1B900,60E0FB00,60E1B900,0x518c1,0x5afe8,38695,code,code:38695,,0,
60E0FB00__vs__60E1B900,60E0FB00,60E1B900,0x5aff0,0x618fe,26894,code,code:26894,,0,
60E0FB00__vs__60E1B900,60E0FB00,60E1B900,0x61906,0x6861d,27927,code,code:27927,,0,
60E0FB00__vs__60E1B900,60E0FB00,60E1B900,0x68625,0x68be5,1472,code,code:1472,,0,
60E0FB00__vs__60E1B900,60E0FB00,60E1B900,0x68bed,0x68dd8,491,code,code:491,,0,
60E0FB00__vs__60E1B900,60E0FB00,60E1B900,0x68de1,0x68dec,11,code,code:11,,0,
60E0FB00__vs__60E1B900,60E0FB00,60E1B900,0x68df5,0x68e00,11,code,code:11,,0,
60E0FB00__vs__60E1B900,60E0FB00,60E1B900,0x68e09,0x69634,2091,code,code:2091,,0,
60E0FB00__vs__60E1B900,60E0FB00,60E1B900,0x6963d,0x6a1dc,2975,code,code:2975,,0,
60E0FB00__vs__60E1B900,60E0FB00,60E1B900,0x6d303,0x6d30c,9,cal_data,cal_data:9,,0,
60E0FB00__vs__60E1B900,60E0FB00,60E1B900,0x6d314,0x6d317,3,cal_data,cal_data:3,,0,
60E0FB00__vs__60E1B900,60E0FB00,60E1B900,0x6d349,0x6d34c,3,cal_data,cal_data:3,,0,
60E0FB00__vs__60E1B900,60E0FB00,60E1B900,0x6d35b,0x6d35e,3,cal_data,cal_data:3,,0,
60E0FB00__vs__60E1B900,60E0FB00,60E1B900,0x6d3e4,0x6d3f0,12,cal_data,cal_data:12,,0,
60E0FB00__vs__60E1B900,60E0FB00,60E1B900,0x728d5,0x728f2,29,cal_data,cal_data:29,,0,
60E0FB00__vs__60E1B900,60E0FB00,60E1B900,0x728fb,0x72901,6,cal_data,cal_data:6,,0,
60E0FB00__vs__60E1B900,60E0FB00,60E1B900,0x77b47,0x77b48,1,cal_data,cal_data:1,,0,
60E0FB00__vs__60E1B900,60E0FB00,60E1B900,0x77ca9,0x77cae,5,cal_data,cal_data:5,,0,
60E0FB00__vs__60E1B900,60E0FB00,60E1B900,0x77cbe,0x77cc8,10,cal_data,cal_data:10,,0,
60E0FB00__vs__60E1B900,60E0FB00,60E1B900,0x7fb00,0x7fb08,8,tail,tail:8,,0,
60E0FB00__vs__60E1B900,60E0FB00,60E1B900,0x7fb88,0x7fb8c,4,tail,tail:4,,0,
60E0FB00__vs__60E1B900,60E0FB00,60E1B900,0x7fc53,0x7fd50,253,tail,tail:253,,0,
60E0FB00__vs__60E1B900,60E0FB00,60E1B900,0x7fd77,0x7fdd0,89,tail,tail:89,,0,
60E0FB00__vs__60E1B900,60E0FB00,60E1B900,0x7fdf7,0x7fe00,9,tail,tail:9,,0,
60E0FB00__vs__60E1B900,60E0FB00,60E1B900,0x7fe27,0x7fe30,9,tail,tail:9,,0,
60E0FB00__vs__60E1B900,60E0FB00,60E1B900,0x7fe47,0x7fe50,9,tail,tail:9,,0,
60E0FB00__vs__60E1B900,60E0FB00,60E1B900,0x7fe67,0x7fe70,9,tail,tail:9,,0,
60E0FB00__vs__60E1B900,60E0FB00,60E1B900,0x7fe87,0x7fe90,9,tail,tail:9,,0,
60E0FB00__vs__60E1B900,60E0FB00,60E1B900,0x7ff07,0x7ff3c,53,tail,tail:53,,0,
60E0FB00__vs__60E1B900,60E0FB00,60E1B900,0x7ff47,0x7ff70,41,tail,tail:41,,0,
60E0FB00__vs__60E1B900,60E0FB00,60E1B900,0x7ffd7,0x7ffe0,9,tail,tail:9,,0,
60E0FB00__vs__60E1B900,60E0FB00,60E1B900,0x7fff4,0x7fffc,8,tail,tail:8,,0,
60E0FB00__vs__60E1C500_N3J6EB,60E0FB00,60E1C500_N3J6EB,0xffb,0x1008,13,header,header:13,,0,
60E0FB00__vs__60E1C500_N3J6EB,60E0FB00,60E1C500_N3J6EB,0x1039,0x1302,713,header,header:713,,0,
60E0FB00__vs__60E1C500_N3J6EB,60E0FB00,60E1C500_N3J6EB,0x130b,0x2006,3323,header,header:3317 code:6,,0,
60E0FB00__vs__60E1C500_N3J6EB,60E0FB00,60E1C500_N3J6EB,0x2021,0x2023,2,code,code:2,,0,
60E0FB00__vs__60E1C500_N3J6EB,60E0FB00,60E1C500_N3J6EB,0x2723,0x2724,1,code,code:1,,0,
60E0FB00__vs__60E1C500_N3J6EB,60E0FB00,60E1C500_N3J6EB,0x273b,0x273c,1,code,code:1,,0,
60E0FB00__vs__60E1C500_N3J6EB,60E0FB00,60E1C500_N3J6EB,0x2753,0x2754,1,code,code:1,,0,
60E0FB00__vs__60E1C500_N3J6EB,60E0FB00,60E1C500_N3J6EB,0x276a,0x276c,2,code,code:2,,0,
60E0FB00__vs__60E1C500_N3J6EB,60E0FB00,60E1C500_N3J6EB,0x2782,0x2784,2,code,code:2,,0,
60E0FB00__vs__60E1C500_N3J6EB,60E0FB00,60E1C500_N3J6EB,0x279b,0x279c,1,code,code:1,,0,
60E0FB00__vs__60E1C500_N3J6EB,60E0FB00,60E1C500_N3J6EB,0x27b3,0x27b4,1,code,code:1,,0,
60E0FB00__vs__60E1C500_N3J6EB,60E0FB00,60E1C500_N3J6EB,0x27cb,0x27cc,1,code,code:1,,0,
60E0FB00__vs__60E1C500_N3J6EB,60E0FB00,60E1C500_N3J6EB,0x27e3,0x27e4,1,code,code:1,,0,
60E0FB00__vs__60E1C500_N3J6EB,60E0FB00,60E1C500_N3J6EB,0x27fb,0x27fc,1,code,code:1,,0,
60E0FB00__vs__60E1C500_N3J6EB,60E0FB00,60E1C500_N3J6EB,0x2813,0x2814,1,code,code:1,,0,
60E0FB00__vs__60E1C500_N3J6EB,60E0FB00,60E1C500_N3J6EB,0x282b,0x282c,1,code,code:1,,0,
60E0FB00__vs__60E1C500_N3J6EB,60E0FB00,60E1C500_N3J6EB,0x2843,0x2844,1,code,code:1,,0,
60E0FB00__vs__60E1C500_N3J6EB,60E0FB00,60E1C500_N3J6EB,0x285b,0x285c,1,code,code:1,,0,
60E0FB00__vs__60E1C500_N3J6EB,60E0FB00,60E1C500_N3J6EB,0x2873,0x2874,1,code,code:1,,0,
60E0FB00__vs__60E1C500_N3J6EB,60E0FB00,60E1C500_N3J6EB,0x288b,0x288c,1,code,code:1,,0,
60E0FB00__vs__60E1C500_N3J6EB,60E0FB00,60E1C500_N3J6EB,0x28a3,0x28a4,1,code,code:1,,0,
60E0FB00__vs__60E1C500_N3J6EB,60E0FB00,60E1C500_N3J6EB,0x28bb,0x28bc,1,code,code:1,,0,
60E0FB00__vs__60E1C500_N3J6EB,60E0FB00,60E1C500_N3J6EB,0x28d3,0x28d4,1,code,code:1,,0,
60E0FB00__vs__60E1C500_N3J6EB,60E0FB00,60E1C500_N3J6EB,0x28ea,0x28ec,2,code,code:2,,0,
60E0FB00__vs__60E1C500_N3J6EB,60E0FB00,60E1C500_N3J6EB,0x2902,0x2904,2,code,code:2,,0,
60E0FB00__vs__60E1C500_N3J6EB,60E0FB00,60E1C500_N3J6EB,0x291b,0x291c,1,code,code:1,,0,
60E0FB00__vs__60E1C500_N3J6EB,60E0FB00,60E1C500_N3J6EB,0x2933,0x2934,1,code,code:1,,0,
60E0FB00__vs__60E1C500_N3J6EB,60E0FB00,60E1C500_N3J6EB,0x294b,0x294c,1,code,code:1,,0,
60E0FB00__vs__60E1C500_N3J6EB,60E0FB00,60E1C500_N3J6EB,0x2963,0x2964,1,code,code:1,,0,
60E0FB00__vs__60E1C500_N3J6EB,60E0FB00,60E1C500_N3J6EB,0x297b,0x297c,1,code,code:1,,0,
60E0FB00__vs__60E1C500_N3J6EB,60E0FB00,60E1C500_N3J6EB,0x2993,0x2994,1,code,code:1,,0,
60E0FB00__vs__60E1C500_N3J6EB,60E0FB00,60E1C500_N3J6EB,0x29ab,0x29ac,1,code,code:1,,0,
60E0FB00__vs__60E1C500_N3J6EB,60E0FB00,60E1C500_N3J6EB,0x29c3,0x29c4,1,code,code:1,,0,
60E0FB00__vs__60E1C500_N3J6EB,60E0FB00,60E1C500_N3J6EB,0x29db,0x29dc,1,code,code:1,,0,
60E0FB00__vs__60E1C500_N3J6EB,60E0FB00,60E1C500_N3J6EB,0x29f3,0x29f4,1,code,code:1,,0,
60E0FB00__vs__60E1C500_N3J6EB,60E0FB00,60E1C500_N3J6EB,0x2a0b,0x2a0c,1,code,code:1,,0,
60E0FB00__vs__60E1C500_N3J6EB,60E0FB00,60E1C500_N3J6EB,0x2a22,0x2a24,2,code,code:2,,0,
60E0FB00__vs__60E1C500_N3J6EB,60E0FB00,60E1C500_N3J6EB,0x2a3a,0x2a3c,2,code,code:2,,0,
60E0FB00__vs__60E1C500_N3J6EB,60E0FB00,60E1C500_N3J6EB,0x2a53,0x2a54,1,code,code:1,,0,
60E0FB00__vs__60E1C500_N3J6EB,60E0FB00,60E1C500_N3J6EB,0x2a6b,0x2a6c,1,code,code:1,,0,
60E0FB00__vs__60E1C500_N3J6EB,60E0FB00,60E1C500_N3J6EB,0x2a83,0x2a84,1,code,code:1,,0,
60E0FB00__vs__60E1C500_N3J6EB,60E0FB00,60E1C500_N3J6EB,0x2a9b,0x2a9c,1,code,code:1,,0,
60E0FB00__vs__60E1C500_N3J6EB,60E0FB00,60E1C500_N3J6EB,0x2ab3,0x2ab4,1,code,code:1,,0,
60E0FB00__vs__60E1C500_N3J6EB,60E0FB00,60E1C500_N3J6EB,0x2acb,0x2acc,1,code,code:1,,0,
60E0FB00__vs__60E1C500_N3J6EB,60E0FB00,60E1C500_N3J6EB,0x2ae3,0x2ae4,1,code,code:1,,0,
60E0FB00__vs__60E1C500_N3J6EB,60E0FB00,60E1C500_N3J6EB,0x2afb,0x2afc,1,code,code:1,,0,
60E0FB00__vs__60E1C500_N3J6EB,60E0FB00,60E1C500_N3J6EB,0x2b13,0x2b14,1,code,code:1,,0,
60E0FB00__vs__60E1C500_N3J6EB,60E0FB00,60E1C500_N3J6EB,0x2b2b,0x2b2c,1,code,code:1,,0,
60E0FB00__vs__60E1C500_N3J6EB,60E0FB00,60E1C500_N3J6EB,0x2b43,0x2b44,1,code,code:1,,0,
60E0FB00__vs__60E1C500_N3J6EB,60E0FB00,60E1C500_N3J6EB,0x2b5b,0x2b5c,1,code,code:1,,0,
60E0FB00__vs__60E1C500_N3J6EB,60E0FB00,60E1C500_N3J6EB,0x2b73,0x2b74,1,code,code:1,,0,
60E0FB00__vs__60E1C500_N3J6EB,60E0FB00,60E1C500_N3J6EB,0x2b8b,0x2b8c,1,code,code:1,,0,
60E0FB00__vs__60E1C500_N3J6EB,60E0FB00,60E1C500_N3J6EB,0x2ba3,0x2ba4,1,code,code:1,,0,
60E0FB00__vs__60E1C500_N3J6EB,60E0FB00,60E1C500_N3J6EB,0x2bba,0x2bbc,2,code,code:2,,0,
60E0FB00__vs__60E1C500_N3J6EB,60E0FB00,60E1C500_N3J6EB,0x2bd2,0x2bd4,2,code,code:2,,0,
60E0FB00__vs__60E1C500_N3J6EB,60E0FB00,60E1C500_N3J6EB,0x2beb,0x2bec,1,code,code:1,,0,
60E0FB00__vs__60E1C500_N3J6EB,60E0FB00,60E1C500_N3J6EB,0x2c03,0x2c04,1,code,code:1,,0,
60E0FB00__vs__60E1C500_N3J6EB,60E0FB00,60E1C500_N3J6EB,0x2c1b,0x2c1c,1,code,code:1,,0,
60E0FB00__vs__60E1C500_N3J6EB,60E0FB00,60E1C500_N3J6EB,0x2c33,0x2c34,1,code,code:1,,0,
60E0FB00__vs__60E1C500_N3J6EB,60E0FB00,60E1C500_N3J6EB,0x2c4b,0x2c4c,1,code,code:1,,0,
60E0FB00__vs__60E1C500_N3J6EB,60E0FB00,60E1C500_N3J6EB,0x2c63,0x2c64,1,code,code:1,,0,
60E0FB00__vs__60E1C500_N3J6EB,60E0FB00,60E1C500_N3J6EB,0x2c7b,0x2c7c,1,code,code:1,,0,
60E0FB00__vs__60E1C500_N3J6EB,60E0FB00,60E1C500_N3J6EB,0x2c93,0x2c94,1,code,code:1,,0,
60E0FB00__vs__60E1C500_N3J6EB,60E0FB00,60E1C500_N3J6EB,0x2cab,0x2cac,1,code,code:1,,0,
60E0FB00__vs__60E1C500_N3J6EB,60E0FB00,60E1C500_N3J6EB,0x2cc3,0x2cc4,1,code,code:1,,0,
60E0FB00__vs__60E1C500_N3J6EB,60E0FB00,60E1C500_N3J6EB,0x2cdb,0x2cdc,1,code,code:1,,0,
60E0FB00__vs__60E1C500_N3J6EB,60E0FB00,60E1C500_N3J6EB,0x2cf3,0x2cf4,1,code,code:1,,0,
60E0FB00__vs__60E1C500_N3J6EB,60E0FB00,60E1C500_N3J6EB,0x2d0b,0x2d0c,1,code,code:1,,0,
60E0FB00__vs__60E1C500_N3J6EB,60E0FB00,60E1C500_N3J6EB,0x2d22,0x2d24,2,code,code:2,,0,
60E0FB00__vs__60E1C500_N3J6EB,60E0FB00,60E1C500_N3J6EB,0x2d3a,0x2d3c,2,code,code:2,,0,
60E0FB00__vs__60E1C500_N3J6EB,60E0FB00,60E1C500_N3J6EB,0x2d53,0x2d54,1,code,code:1,,0,
60E0FB00__vs__60E1C500_N3J6EB,60E0FB00,60E1C500_N3J6EB,0x2d6b,0x2d6c,1,code,code:1,,0,
60E0FB00__vs__60E1C500_N3J6EB,60E0FB00,60E1C500_N3J6EB,0x2d83,0x2d84,1,code,code:1,,0,
60E0FB00__vs__60E1C500_N3J6EB,60E0FB00,60E1C500_N3J6EB,0x2d9b,0x2d9c,1,code,code:1,,0,
60E0FB00__vs__60E1C500_N3J6EB,60E0FB00,60E1C500_N3J6EB,0x2db3,0x2db4,1,code,code:1,,0,
60E0FB00__vs__60E1C500_N3J6EB,60E0FB00,60E1C500_N3J6EB,0x2dcb,0x2dcc,1,code,code:1,,0,
60E0FB00__vs__60E1C500_N3J6EB,60E0FB00,60E1C500_N3J6EB,0x2de3,0x2de4,1,code,code:1,,0,
60E0FB00__vs__60E1C500_N3J6EB,60E0FB00,60E1C500_N3J6EB,0x2dfb,0x2dfc,1,code,code:1,,0,
60E0FB00__vs__60E1C500_N3J6EB,60E0FB00,60E1C500_N3J6EB,0x2e13,0x2e14,1,code,code:1,,0,
60E0FB00__vs__60E1C500_N3J6EB,60E0FB00,60E1C500_N3J6EB,0x2e2b,0x2e2c,1,code,code:1,,0,
60E0FB00__vs__60E1C500_N3J6EB,60E0FB00,60E1C500_N3J6EB,0x2e42,0x2e44,2,code,code:2,,0,
60E0FB00__vs__60E1C500_N3J6EB,60E0FB00,60E1C500_N3J6EB,0x2e5a,0x2e5c,2,code,code:2,,0,
60E0FB00__vs__60E1C500_N3J6EB,60E0FB00,60E1C500_N3J6EB,0x2e73,0x2e74,1,code,code:1,,0,
60E0FB00__vs__60E1C500_N3J6EB,60E0FB00,60E1C500_N3J6EB,0x2e8b,0x2e8c,1,code,code:1,,0,
60E0FB00__vs__60E1C500_N3J6EB,60E0FB00,60E1C500_N3J6EB,0x2ea3,0x2ea4,1,code,code:1,,0,
60E0FB00__vs__60E1C500_N3J6EB,60E0FB00,60E1C500_N3J6EB,0x2ebb,0x2ebc,1,code,code:1,,0,
60E0FB00__vs__60E1C500_N3J6EB,60E0FB00,60E1C500_N3J6EB,0x2ed3,0x2ed4,1,code,code:1,,0,
60E0FB00__vs__60E1C500_N3J6EB,60E0FB00,60E1C500_N3J6EB,0x2eeb,0x2eec,1,code,code:1,,0,
60E0FB00__vs__60E1C500_N3J6EB,60E0FB00,60E1C500_N3J6EB,0x2f03,0x2f04,1,code,code:1,,0,
60E0FB00__vs__60E1C500_N3J6EB,60E0FB00,60E1C500_N3J6EB,0x2f1b,0x2f1c,1,code,code:1,,0,
60E0FB00__vs__60E1C500_N3J6EB,60E0FB00,60E1C500_N3J6EB,0x2f32,0x2f34,2,code,code:2,,0,
60E0FB00__vs__60E1C500_N3J6EB,60E0FB00,60E1C500_N3J6EB,0x2f4b,0x2f4c,1,code,code:1,,0,
60E0FB00__vs__60E1C500_N3J6EB,60E0FB00,60E1C500_N3J6EB,0x2f62,0x2f64,2,code,code:2,,0,
60E0FB00__vs__60E1C500_N3J6EB,60E0FB00,60E1C500_N3J6EB,0x2f7b,0x2f7c,1,code,code:1,,0,
60E0FB00__vs__60E1C500_N3J6EB,60E0FB00,60E1C500_N3J6EB,0x2f93,0x2f94,1,code,code:1,,0,
60E0FB00__vs__60E1C500_N3J6EB,60E0FB00,60E1C500_N3J6EB,0x2fab,0x2fac,1,code,code:1,,0,
60E0FB00__vs__60E1C500_N3J6EB,60E0FB00,60E1C500_N3J6EB,0x2fc3,0x2fc4,1,code,code:1,,0,
60E0FB00__vs__60E1C500_N3J6EB,60E0FB00,60E1C500_N3J6EB,0x2fda,0x2fdc,2,code,code:2,,0,
60E0FB00__vs__60E1C500_N3J6EB,60E0FB00,60E1C500_N3J6EB,0x2ff3,0x2ff4,1,code,code:1,,0,
60E0FB00__vs__60E1C500_N3J6EB,60E0FB00,60E1C500_N3J6EB,0x300b,0x300c,1,code,code:1,,0,
60E0FB00__vs__60E1C500_N3J6EB,60E0FB00,60E1C500_N3J6EB,0x3023,0x3024,1,code,code:1,,0,
60E0FB00__vs__60E1C500_N3J6EB,60E0FB00,60E1C500_N3J6EB,0x303b,0x303c,1,code,code:1,,0,
60E0FB00__vs__60E1C500_N3J6EB,60E0FB00,60E1C500_N3J6EB,0x3052,0x3054,2,code,code:2,,0,
60E0FB00__vs__60E1C500_N3J6EB,60E0FB00,60E1C500_N3J6EB,0x306b,0x306c,1,code,code:1,,0,
60E0FB00__vs__60E1C500_N3J6EB,60E0FB00,60E1C500_N3J6EB,0x3083,0x3084,1,code,code:1,,0,
60E0FB00__vs__60E1C500_N3J6EB,60E0FB00,60E1C500_N3J6EB,0x309b,0x309c,1,code,code:1,,0,
60E0FB00__vs__60E1C500_N3J6EB,60E0FB00,60E1C500_N3J6EB,0x30b3,0x30b4,1,code,code:1,,0,
60E0FB00__vs__60E1C500_N3J6EB,60E0FB00,60E1C500_N3J6EB,0x30cb,0x30cc,1,code,code:1,,0,
60E0FB00__vs__60E1C500_N3J6EB,60E0FB00,60E1C500_N3J6EB,0x30e3,0x30e4,1,code,code:1,,0,
60E0FB00__vs__60E1C500_N3J6EB,60E0FB00,60E1C500_N3J6EB,0x30fb,0x30fc,1,code,code:1,,0,
60E0FB00__vs__60E1C500_N3J6EB,60E0FB00,60E1C500_N3J6EB,0x3113,0x3114,1,code,code:1,,0,
60E0FB00__vs__60E1C500_N3J6EB,60E0FB00,60E1C500_N3J6EB,0x312b,0x312c,1,code,code:1,,0,
60E0FB00__vs__60E1C500_N3J6EB,60E0FB00,60E1C500_N3J6EB,0x3143,0x3144,1,code,code:1,,0,
60E0FB00__vs__60E1C500_N3J6EB,60E0FB00,60E1C500_N3J6EB,0x315b,0x315c,1,code,code:1,,0,
60E0FB00__vs__60E1C500_N3J6EB,60E0FB00,60E1C500_N3J6EB,0x3173,0x3174,1,code,code:1,,0,
60E0FB00__vs__60E1C500_N3J6EB,60E0FB00,60E1C500_N3J6EB,0x318b,0x318c,1,code,code:1,,0,
60E0FB00__vs__60E1C500_N3J6EB,60E0FB00,60E1C500_N3J6EB,0x31a3,0x31a4,1,code,code:1,,0,
60E0FB00__vs__60E1C500_N3J6EB,60E0FB00,60E1C500_N3J6EB,0x31bb,0x31bc,1,code,code:1,,0,
60E0FB00__vs__60E1C500_N3J6EB,60E0FB00,60E1C500_N3J6EB,0x31d3,0x31d4,1,code,code:1,,0,
60E0FB00__vs__60E1C500_N3J6EB,60E0FB00,60E1C500_N3J6EB,0x31ea,0x31ec,2,code,code:2,,0,
60E0FB00__vs__60E1C500_N3J6EB,60E0FB00,60E1C500_N3J6EB,0x3203,0x3204,1,code,code:1,,0,
60E0FB00__vs__60E1C500_N3J6EB,60E0FB00,60E1C500_N3J6EB,0x321a,0x321c,2,code,code:2,,0,
60E0FB00__vs__60E1C500_N3J6EB,60E0FB00,60E1C500_N3J6EB,0x3233,0x3234,1,code,code:1,,0,
60E0FB00__vs__60E1C500_N3J6EB,60E0FB00,60E1C500_N3J6EB,0x327a,0x327c,2,code,code:2,,0,
60E0FB00__vs__60E1C500_N3J6EB,60E0FB00,60E1C500_N3J6EB,0x32ee,0x32f0,2,code,code:2,,0,
60E0FB00__vs__60E1C500_N3J6EB,60E0FB00,60E1C500_N3J6EB,0x338a,0x338c,2,code,code:2,,0,
60E0FB00__vs__60E1C500_N3J6EB,60E0FB00,60E1C500_N3J6EB,0x33b6,0x33b8,2,code,code:2,,0,
60E0FB00__vs__60E1C500_N3J6EB,60E0FB00,60E1C500_N3J6EB,0x347a,0x3490,22,code,code:22,,0,
60E0FB00__vs__60E1C500_N3J6EB,60E0FB00,60E1C500_N3J6EB,0x3572,0x3578,6,code,code:6,,0,
60E0FB00__vs__60E1C500_N3J6EB,60E0FB00,60E1C500_N3J6EB,0x3676,0x3678,2,code,code:2,,0,
60E0FB00__vs__60E1C500_N3J6EB,60E0FB00,60E1C500_N3J6EB,0x36a2,0x36a4,2,code,code:2,,0,
60E0FB00__vs__60E1C500_N3J6EB,60E0FB00,60E1C500_N3J6EB,0x375a,0x375c,2,code,code:2,,0,
60E0FB00__vs__60E1C500_N3J6EB,60E0FB00,60E1C500_N3J6EB,0x3902,0x3904,2,code,code:2,,0,
60E0FB00__vs__60E1C500_N3J6EB,60E0FB00,60E1C500_N3J6EB,0x394e,0x3950,2,code,code:2,,0,
60E0FB00__vs__60E1C500_N3J6EB,60E0FB00,60E1C500_N3J6EB,0x3962,0x3964,2,code,code:2,,0,
60E0FB00__vs__60E1C500_N3J6EB,60E0FB00,60E1C500_N3J6EB,0x3aae,0x3ab4,6,code,code:6,,0,
60E0FB00__vs__60E1C500_N3J6EB,60E0FB00,60E1C500_N3J6EB,0x3ad6,0x3ad8,2,code,code:2,,0,
60E0FB00__vs__60E1C500_N3J6EB,60E0FB00,60E1C500_N3J6EB,0x3b22,0x3b28,6,code,code:6,,0,
60E0FB00__vs__60E1C500_N3J6EB,60E0FB00,60E1C500_N3J6EB,0x3d46,0x3d48,2,code,code:2,,0,
60E0FB00__vs__60E1C500_N3J6EB,60E0FB00,60E1C500_N3J6EB,0x3d9a,0x3d9c,2,code,code:2,,0,
60E0FB00__vs__60E1C500_N3J6EB,60E0FB00,60E1C500_N3J6EB,0x3e02,0x3e04,2,code,code:2,,0,
60E0FB00__vs__60E1C500_N3J6EB,60E0FB00,60E1C500_N3J6EB,0x3e82,0x3e84,2,code,code:2,,0,
60E0FB00__vs__60E1C500_N3J6EB,60E0FB00,60E1C500_N3J6EB,0x3f9a,0x3f9c,2,code,code:2,,0,
60E0FB00__vs__60E1C500_N3J6EB,60E0FB00,60E1C500_N3J6EB,0x3fa6,0x3fa8,2,code,code:2,,0,
60E0FB00__vs__60E1C500_N3J6EB,60E0FB00,60E1C500_N3J6EB,0x3fe6,0x3fe8,2,code,code:2,,0,
60E0FB00__vs__60E1C500_N3J6EB,60E0FB00,60E1C500_N3J6EB,0x4096,0x4098,2,code,code:2,,0,
60E0FB00__vs__60E1C500_N3J6EB,60E0FB00,60E1C500_N3J6EB,0x413e,0x4140,2,code,code:2,,0,
60E0FB00__vs__60E1C500_N3J6EB,60E0FB00,60E1C500_N3J6EB,0x4206,0x4208,2,code,code:2,,0,
60E0FB00__vs__60E1C500_N3J6EB,60E0FB00,60E1C500_N3J6EB,0x473e,0x4740,2,code,code:2,,0,
60E0FB00__vs__60E1C500_N3J6EB,60E0FB00,60E1C500_N3J6EB,0x493a,0x493c,2,code,code:2,,0,
60E0FB00__vs__60E1C500_N3J6EB,60E0FB00,60E1C500_N3J6EB,0x4996,0x499c,6,code,code:6,,0,
60E0FB00__vs__60E1C500_N3J6EB,60E0FB00,60E1C500_N3J6EB,0x49a6,0x49ad,7,code,code:7,,0,
60E0FB00__vs__60E1C500_N3J6EB,60E0FB00,60E1C500_N3J6EB,0x49b6,0x49bd,7,code,code:7,,0,
60E0FB00__vs__60E1C500_N3J6EB,60E0FB00,60E1C500_N3J6EB,0x49c6,0x49cd,7,code,code:7,,0,
60E0FB00__vs__60E1C500_N3J6EB,60E0FB00,60E1C500_N3J6EB,0x49d6,0x49dd,7,code,code:7,,0,
60E0FB00__vs__60E1C500_N3J6EB,60E0FB00,60E1C500_N3J6EB,0x49e6,0x49ec,6,code,code:6,,0,
60E0FB00__vs__60E1C500_N3J6EB,60E0FB00,60E1C500_N3J6EB,0x49f6,0x49fc,6,code,code:6,,0,
60E0FB00__vs__60E1C500_N3J6EB,60E0FB00,60E1C500_N3J6EB,0x4a06,0x4a0c,6,code,code:6,,0,
60E0FB00__vs__60E1C500_N3J6EB,60E0FB00,60E1C500_N3J6EB,0x4a16,0x4a1c,6,code,code:6,,0,
60E0FB00__vs__60E1C500_N3J6EB,60E0FB00,60E1C500_N3J6EB,0x4a26,0x4a2c,6,code,code:6,,0,
60E0FB00__vs__60E1C500_N3J6EB,60E0FB00,60E1C500_N3J6EB,0x4a36,0x4a3c,6,code,code:6,,0,
60E0FB00__vs__60E1C500_N3J6EB,60E0FB00,60E1C500_N3J6EB,0x4a46,0x4a4c,6,code,code:6,,0,
60E0FB00__vs__60E1C500_N3J6EB,60E0FB00,60E1C500_N3J6EB,0x4a56,0x4a5c,6,code,code:6,,0,
60E0FB00__vs__60E1C500_N3J6EB,60E0FB00,60E1C500_N3J6EB,0x4a66,0x4a6c,6,code,code:6,,0,
60E0FB00__vs__60E1C500_N3J6EB,60E0FB00,60E1C500_N3J6EB,0x4a76,0x4a7c,6,code,code:6,,0,
60E0FB00__vs__60E1C500_N3J6EB,60E0FB00,60E1C500_N3J6EB,0x4a86,0x4a8c,6,code,code:6,,0,
60E0FB00__vs__60E1C500_N3J6EB,60E0FB00,60E1C500_N3J6EB,0x4a96,0x4a9c,6,code,code:6,,0,
60E0FB00__vs__60E1C500_N3J6EB,60E0FB00,60E1C500_N3J6EB,0x4aa6,0x4aac,6,code,code:6,,0,
60E0FB00__vs__60E1C500_N3J6EB,60E0FB00,60E1C500_N3J6EB,0x4ab6,0x4abc,6,code,code:6,,0,
60E0FB00__vs__60E1C500_N3J6EB,60E0FB00,60E1C500_N3J6EB,0x4aca,0x4aec,34,code,code:34,,0,
60E0FB00__vs__60E1C500_N3J6EB,60E0FB00,60E1C500_N3J6EB,0x4b0e,0x4b10,2,code,code:2,,0,
60E0FB00__vs__60E1C500_N3J6EB,60E0FB00,60E1C500_N3J6EB,0x4c87,0x52b8,1585,code,code:1585,,0,
60E0FB00__vs__60E1C500_N3J6EB,60E0FB00,60E1C500_N3J6EB,0x52c3,0x52c4,1,code,code:1,,0,
60E0FB00__vs__60E1C500_N3J6EB,60E0FB00,60E1C500_N3J6EB,0x52cc,0x8214,12104,code,code:12104,,0,
60E0FB00__vs__60E1C500_N3J6EB,60E0FB00,60E1C500_N3J6EB,0x8224,0x829a,118,code,code:118,,0,
60E0FB00__vs__60E1C500_N3J6EB,60E0FB00,60E1C500_N3J6EB,0x82aa,0x2fda8,162558,code,code:162558,,0,
60E0FB00__vs__60E1C500_N3J6EB,60E0FB00,60E1C500_N3J6EB,0x2fdb5,0x3bfb6,49665,code,code:49665,,0,
60E0FB00__vs__60E1C500_N3J6EB,60E0FB00,60E1C500_N3J6EB,0x3bfbe,0x40f4c,20366,code,code:20366,,0,
60E0FB00__vs__60E1C500_N3J6EB,60E0FB00,60E1C500_N3J6EB,0x40f55,0x5fea0,126795,code,code:126795,,0,
60E0FB00__vs__60E1C500_N3J6EB,60E0FB00,60E1C500_N3J6EB,0x5feb0,0x68639,34697,code,code:34697,,0,
60E0FB00__vs__60E1C500_N3J6EB,60E0FB00,60E1C500_N3J6EB,0x68641,0x68808,455,code,code:455,,0,
60E0FB00__vs__60E1C500_N3J6EB,60E0FB00,60E1C500_N3J6EB,0x68811,0x68d45,1332,code,code:1332,,0,
60E0FB00__vs__60E1C500_N3J6EB,60E0FB00,60E1C500_N3J6EB,0x68d4d,0x69000,691,code,code:691,,0,
60E0FB00__vs__60E1C500_N3J6EB,60E0FB00,60E1C500_N3J6EB,0x69009,0x69190,391,code,code:391,,0,
60E0FB00__vs__60E1C500_N3J6EB,60E0FB00,60E1C500_N3J6EB,0x6919a,0x6ad84,7146,code,code:7146,,0,
60E0FB00__vs__60E1C500_N3J6EB,60E0FB00,60E1C500_N3J6EB,0x6c600,0x6c661,97,padding,padding:97,,0,
60E0FB00__vs__60E1C500_N3J6EB,60E0FB00,60E1C500_N3J6EB,0x6c6e0,0x6da94,5044,cal_data,cal_data:3165 padding:1824 cal_table:55,,55,Barometric Pressure Sensor Max ADC Count; Barometric Pressure Sensor Min ADC Count; Cold Rev Limit; Cold Rev Limit Threshold; Idle Related; Ignition 2; Ignition Leading 0; Ignition Leading 1; ...
60E0FB00__vs__60E1C500_N3J6EB,60E0FB00,60E1C500_N3J6EB,0x6dab8,0x6daba,2,cal_data,cal_data:2,,0,
60E0FB00__vs__60E1C500_N3J6EB,60E0FB00,60E1C500_N3J6EB,0x6dac4,0x6e6cc,3080,cal_data,cal_data:3043 cal_table:37,,37,Ignition; Ignition 0 - Safe Mode; Ignition 1; Ignition Leading 4; Ignition Leading 5; Ignition Leading Base; Ignition Minimum Maybe; Table 2D - 10_; ...
60E0FB00__vs__60E1C500_N3J6EB,60E0FB00,60E1C500_N3J6EB,0x6e6d4,0x71376,11426,cal_data,cal_data:11212 cal_table:214,,214,CLT Sensor Scaling; IAT Sensor Scaling; Idle Target; Idle Target 0; Idle Target 1; Idle Target 2; Idle Target 3; Idle Target 4; ...
60E0FB00__vs__60E1C500_N3J6EB,60E0FB00,60E1C500_N3J6EB,0x71380,0x785fc,29308,cal_data,cal_data:28862 cal_table:446,,446,Accel Pedal to Throttle Position #1; Accel Pedal to Throttle Position #2; Accel Pedal to Throttle Position #3; Accel Pedal to Throttle Position #4; Estimated Manifold Pressure; Fuelling - Safe Mode; Fuelling 0; Fuelling 1; ...
60E0FB00__vs__60E1C500_N3J6EB,60E0FB00,60E1C500_N3J6EB,0x78608,0x79ac8,5312,cal_data,cal_data:5195 cal_table:117,,117,Auxillary Valve Close; Engine Load Compensation; Oil Metering By Load; Oil Metering By Throttle; Table 2D - 183_; Table 2D - 184_; Table 2D - 185_; Table 2D - 186_; ...
60E0FB00__vs__60E1C500_N3J6EB,60E0FB00,60E1C500_N3J6EB,0x79aec,0x7bca4,8632,cal_data,cal_data:8444 cal_table:188,,188,AirFlow Inj Angle Related; Airflow Or Load Related; Barometric Pressure Sensor Max Voltage; Barometric Pressure Sensor Min Voltage; Barometric Pressure Sensor Offset; Barometric Pressure Sensor Slope; Injection Angle; Injection Angle Related AFR Input; ...
60E0FB00__vs__60E1C500_N3J6EB,60E0FB00,60E1C500_N3J6EB,0x7bcd1,0x7c72d,2652,cal_data,cal_data:2611 cal_table:41,,41,Load Limit A; Load Limit B; Load Limit C; Table 2D - 277_; Table 2D - 279_; Table 2D - 280_; Table 2D - 281_; Table 2D - 282_; ...
60E0FB00__vs__60E1C500_N3J6EB,60E0FB00,60E1C500_N3J6EB,0x7c73a,0x7cb04,970,cal_data,cal_data:952 cal_table:18,,18,Table 2D - 284_; Table 2D - 285_; Table 2D - 286_; Table 2D - 287_; Table 3D - 100_; Table 3D - 101_; Table 3D - 102_; X; ...
60E0FB00__vs__60E1C500_N3J6EB,60E0FB00,60E1C500_N3J6EB,0x7cb14,0x7db15,4097,cal_data,cal_data:3986 cal_table:89 tail:22,,89,Ignition Dwell Time_; Table 2D - 235_; Table 2D - 236_; Table 2D - 237_; Table 2D - 238_; Table 2D - 239_; Table 2D - 240_; Table 2D - 241_; ...
60E0FB00__vs__60E1C500_N3J6EB,60E0FB00,60E1C500_N3J6EB,0x7fb00,0x7fb08,8,tail,tail:8,,0,
60E0FB00__vs__60E1C500_N3J6EB,60E0FB00,60E1C500_N3J6EB,0x7fb88,0x7fb8c,4,tail,tail:4,,0,
60E0FB00__vs__60E1C500_N3J6EB,60E0FB00,60E1C500_N3J6EB,0x7fc53,0x7fd50,253,tail,tail:253,,0,
60E0FB00__vs__60E1C500_N3J6EB,60E0FB00,60E1C500_N3J6EB,0x7fd77,0x7fdd0,89,tail,tail:89,,0,
60E0FB00__vs__60E1C500_N3J6EB,60E0FB00,60E1C500_N3J6EB,0x7fdf7,0x7fe00,9,tail,tail:9,,0,
60E0FB00__vs__60E1C500_N3J6EB,60E0FB00,60E1C500_N3J6EB,0x7fe27,0x7fe30,9,tail,tail:9,,0,
60E0FB00__vs__60E1C500_N3J6EB,60E0FB00,60E1C500_N3J6EB,0x7fe47,0x7fe50,9,tail,tail:9,,0,
60E0FB00__vs__60E1C500_N3J6EB,60E0FB00,60E1C500_N3J6EB,0x7fe67,0x7fe70,9,tail,tail:9,,0,
60E0FB00__vs__60E1C500_N3J6EB,60E0FB00,60E1C500_N3J6EB,0x7fe87,0x7fe90,9,tail,tail:9,,0,
60E0FB00__vs__60E1C500_N3J6EB,60E0FB00,60E1C500_N3J6EB,0x7ff07,0x7ff3c,53,tail,tail:53,,0,
60E0FB00__vs__60E1C500_N3J6EB,60E0FB00,60E1C500_N3J6EB,0x7ff47,0x7ff70,41,tail,tail:41,,0,
60E0FB00__vs__60E1C500_N3J6EB,60E0FB00,60E1C500_N3J6EB,0x7ffd7,0x7ffe0,9,tail,tail:9,,0,
60E0FB00__vs__60E1C500_N3J6EB,60E0FB00,60E1C500_N3J6EB,0x7fff4,0x7fffc,8,tail,tail:8,,0,
60E0FB00__vs__60E1D400,60E0FB00,60E1D400,0xffb,0x1008,13,header,header:13,0.0,0,
60E0FB00__vs__60E1D400,60E0FB00,60E1D400,0x1039,0x1302,713,header,header:713,0.028,0,
60E0FB00__vs__60E1D400,60E0FB00,60E1D400,0x130b,0x2006,3323,header,header:3317 code:6,0.041,0,
60E0FB00__vs__60E1D400,60E0FB00,60E1D400,0x2021,0x2023,2,code,code:2,0.0,0,
60E0FB00__vs__60E1D400,60E0FB00,60E1D400,0x2723,0x2724,1,code,code:1,0.0,0,
60E0FB00__vs__60E1D400,60E0FB00,60E1D400,0x273b,0x273c,1,code,code:1,0.0,0,
60E0FB00__vs__60E1D400,60E0FB00,60E1D400,0x2753,0x2754,1,code,code:1,0.0,0,
60E0FB00__vs__60E1D400,60E0FB00,60E1D400,0x276a,0x276c,2,code,code:2,0.0,0,
60E0FB00__vs__60E1D400,60E0FB00,60E1D400,0x2782,0x2784,2,code,code:2,0.0,0,
60E0FB00__vs__60E1D400,60E0FB00,60E1D400,0x279b,0x279c,1,code,code:1,0.0,0,
60E0FB00__vs__60E1D400,60E0FB00,60E1D400,0x27b3,0x27b4,1,code,code:1,0.0,0,
60E0FB00__vs__60E1D400,60E0FB00,60E1D400,0x27cb,0x27cc,1,code,code:1,0.0,0,
60E0FB00__vs__60E1D400,60E0FB00,60E1D400,0x27e3,0x27e4,1,code,code:1,0.0,0,
60E0FB00__vs__60E1D400,60E0FB00,60E1D400,0x27fb,0x27fc,1,code,code:1,0.0,0,
60E0FB00__vs__60E1D400,60E0FB00,60E1D400,0x2813,0x2814,1,code,code:1,0.0,0,
60E0FB00__vs__60E1D400,60E0FB00,60E1D400,0x282b,0x282c,1,code,code:1,0.0,0,
60E0FB00__vs__60E1D400,60E0FB00,60E1D400,0x2843,0x2844,1,code,code:1,0.0,0,
60E0FB00__vs__60E1D400,60E0FB00,60E1D400,0x285b,0x285c,1,code,code:1,0.0,0,
60E0FB00__vs__60E1D400,60E0FB00,60E1D400,0x2873,0x2874,1,code,code:1,0.0,0,
60E0FB00__vs__60E1D400,60E0FB00,60E1D400,0x288b,0x288c,1,code,code:1,0.0,0,
60E0FB00__vs__60E1D400,60E0FB00,60E1D400,0x28a3,0x28a4,1,code,code:1,0.0,0,
60E0FB00__vs__60E1D400,60E0FB00,60E1D400,0x28bb,0x28bc,1,code,code:1,0.0,0,
60E0FB00__vs__60E1D400,60E0FB00,60E1D400,0x28d3,0x28d4,1,code,code:1,0.0,0,
60E0FB00__vs__60E1D400,60E0FB00,60E1D400,0x28ea,0x28ec,2,code,code:2,0.0,0,
60E0FB00__vs__60E1D400,60E0FB00,60E1D400,0x2902,0x2904,2,code,code:2,0.0,0,
60E0FB00__vs__60E1D400,60E0FB00,60E1D400,0x291b,0x291c,1,code,code:1,0.0,0,
60E0FB00__vs__60E1D400,60E0FB00,60E1D400,0x2933,0x2934,1,code,code:1,0.0,0,
60E0FB00__vs__60E1D400,60E0FB00,60E1D400,0x294b,0x294c,1,code,code:1,0.0,0,
60E0FB00__vs__60E1D400,60E0FB00,60E1D400,0x2963,0x2964,1,code,code:1,0.0,0,
60E0FB00__vs__60E1D400,60E0FB00,60E1D400,0x297b,0x297c,1,code,code:1,0.0,0,
60E0FB00__vs__60E1D400,60E0FB00,60E1D400,0x2993,0x2994,1,code,code:1,0.0,0,
60E0FB00__vs__60E1D400,60E0FB00,60E1D400,0x29ab,0x29ac,1,code,code:1,0.0,0,
60E0FB00__vs__60E1D400,60E0FB00,60E1D400,0x29c3,0x29c4,1,code,code:1,0.0,0,
60E0FB00__vs__60E1D400,60E0FB00,60E1D400,0x29db,0x29dc,1,code,code:1,0.0,0,
60E0FB00__vs__60E1D400,60E0FB00,60E1D400,0x29f3,0x29f4,1,code,code:1,0.0,0,
60E0FB00__vs__60E1D400,60E0FB00,60E1D400,0x2a0b,0x2a0c,1,code,code:1,0.0,0,
60E0FB00__vs__60E1D400,60E0FB00,60E1D400,0x2a22,0x2a24,2,code,code:2,0.0,0,
60E0FB00__vs__60E1D400,60E0FB00,60E1D400,0x2a3a,0x2a3c,2,code,code:2,0.0,0,
60E0FB00__vs__60E1D400,60E0FB00,60E1D400,0x2a53,0x2a54,1,code,code:1,0.0,0,
60E0FB00__vs__60E1D400,60E0FB00,60E1D400,0x2a6b,0x2a6c,1,code,code:1,0.0,0,
60E0FB00__vs__60E1D400,60E0FB00,60E1D400,0x2a83,0x2a84,1,code,code:1,0.0,0,
60E0FB00__vs__60E1D400,60E0FB00,60E1D400,0x2a9b,0x2a9c,1,code,code:1,0.0,0,
60E0FB00__vs__60E1D400,60E0FB00,60E1D400,0x2ab3,0x2ab4,1,code,code:1,0.0,0,
60E0FB00__vs__60E1D400,60E0FB00,60E1D400,0x2acb,0x2acc,1,code,code:1,0.0,0,
60E0FB00__vs__60E1D400,60E0FB00,60E1D400,0x2ae3,0x2ae4,1,code,code:1,0.0,0,
60E0FB00__vs__60E1D400,60E0FB00,60E1D400,0x2afb,0x2afc,1,code,code:1,0.0,0,
60E0FB00__vs__60E1D400,60E0FB00,60E1D400,0x2b13,0x2b14,1,code,code:1,0.0,0,
60E0FB00__vs__60E1D400,60E0FB00,60E1D400,0x2b2b,0x2b2c,1,code,code:1,0.0,0,
60E0FB00__vs__60E1D400,60E0FB00,60E1D400,0x2b43,0x2b44,1,code,code:1,0.0,0,
60E0FB00__vs__60E1D400,60E0FB00,60E1D400,0x2b5b,0x2b5c,1,code,code:1,0.0,0,
60E0FB00__vs__60E1D400,60E0FB00,60E1D400,0x2b73,0x2b74,1,code,code:1,0.0,0,
60E0FB00__vs__60E1D400,60E0FB00,60E1D400,0x2b8b,0x2b8c,1,code,code:1,0.0,0,
60E0FB00__vs__60E1D400,60E0FB00,60E1D400,0x2ba3,0x2ba4,1,code,code:1,0.0,0,
60E0FB00__vs__60E1D400,60E0FB00,60E1D400,0x2bba,0x2bbc,2,code,code:2,0.0,0,
60E0FB00__vs__60E1D400,60E0FB00,60E1D400,0x2bd2,0x2bd4,2,code,code:2,0.0,0,
60E0FB00__vs__60E1D400,60E0FB00,60E1D400,0x2beb,0x2bec,1,code,code:1,0.0,0,
60E0FB00__vs__60E1D400,60E0FB00,60E1D400,0x2c03,0x2c04,1,code,code:1,0.0,0,
60E0FB00__vs__60E1D400,60E0FB00,60E1D400,0x2c1b,0x2c1c,1,code,code:1,0.0,0,
60E0FB00__vs__60E1D400,60E0FB00,60E1D400,0x2c33,0x2c34,1,code,code:1,0.0,0,
60E0FB00__vs__60E1D400,60E0FB00,60E1D400,0x2c4b,0x2c4c,1,code,code:1,0.0,0,
60E0FB00__vs__60E1D400,60E0FB00,60E1D400,0x2c63,0x2c64,1,code,code:1,0.0,0,
60E0FB00__vs__60E1D400,60E0FB00,60E1D400,0x2c7b,0x2c7c,1,code,code:1,0.0,0,
60E0FB00__vs__60E1D400,60E0FB00,60E1D400,0x2c93,0x2c94,1,code,code:1,0.0,0,
60E0FB00__vs__60E1D400,60E0FB00,60E1D400,0x2cab,0x2cac,1,code,code:1,0.0,0,
60E0FB00__vs__60E1D400,60E0FB00,60E1D400,0x2cc3,0x2cc4,1,code,code:1,0.0,0,
60E0FB00__vs__60E1D400,60E0FB00,60E1D400,0x2cdb,0x2cdc,1,code,code:1,0.0,0,
60E0FB00__vs__60E1D400,60E0FB00,60E1D400,0x2cf3,0x2cf4,1,code,code:1,0.0,0,
60E0FB00__vs__60E1D400,60E0FB00,60E1D400,0x2d0b,0x2d0c,1,code,code:1,0.0,0,
60E0FB00__vs__60E1D400,60E0FB00,60E1D400,0x2d22,0x2d24,2,code,code:2,0.0,0,
60E0FB00__vs__60E1D400,60E0FB00,60E1D400,0x2d3a,0x2d3c,2,code,code:2,0.0,0,
60E0FB00__vs__60E1D400,60E0FB00,60E1D400,0x2d53,0x2d54,1,code,code:1,0.0,0,
60E0FB00__vs__60E1D400,60E0FB00,60E1D400,0x2d6b,0x2d6c,1,code,code:1,0.0,0,
60E0FB00__vs__60E1D400,60E0FB00,60E1D400,0x2d83,0x2d84,1,code,code:1,0.0,0,
60E0FB00__vs__60E1D400,60E0FB00,60E1D400,0x2d9b,0x2d9c,1,code,code:1,0.0,0,
60E0FB00__vs__60E1D400,60E0FB00,60E1D400,0x2db3,0x2db4,1,code,code:1,0.0,0,
60E0FB00__vs__60E1D400,60E0FB00,60E1D400,0x2dcb,0x2dcc,1,code,code:1,0.0,0,
60E0FB00__vs__60E1D400,60E0FB00,60E1D400,0x2de3,0x2de4,1,code,code:1,0.0,0,
60E0FB00__vs__60E1D400,60E0FB00,60E1D400,0x2dfb,0x2dfc,1,code,code:1,0.0,0,
60E0FB00__vs__60E1D400,60E0FB00,60E1D400,0x2e13,0x2e14,1,code,code:1,0.0,0,
60E0FB00__vs__60E1D400,60E0FB00,60E1D400,0x2e2b,0x2e2c,1,code,code:1,0.0,0,
60E0FB00__vs__60E1D400,60E0FB00,60E1D400,0x2e42,0x2e44,2,code,code:2,0.0,0,
60E0FB00__vs__60E1D400,60E0FB00,60E1D400,0x2e5a,0x2e5c,2,code,code:2,0.0,0,
60E0FB00__vs__60E1D400,60E0FB00,60E1D400,0x2e73,0x2e74,1,code,code:1,0.0,0,
60E0FB00__vs__60E1D400,60E0FB00,60E1D400,0x2e8b,0x2e8c,1,code,code:1,0.0,0,
60E0FB00__vs__60E1D400,60E0FB00,60E1D400,0x2ea3,0x2ea4,1,code,code:1,0.0,0,
60E0FB00__vs__60E1D400,60E0FB00,60E1D400,0x2ebb,0x2ebc,1,code,code:1,0.0,0,
60E0FB00__vs__60E1D400,60E0FB00,60E1D400,0x2ed3,0x2ed4,1,code,code:1,0.0,0,
60E0FB00__vs__60E1D400,60E0FB00,60E1D400,0x2eeb,0x2eec,1,code,code:1,0.0,0,
60E0FB00__vs__60E1D400,60E0FB00,60E1D400,0x2f03,0x2f04,1,code,code:1,0.0,0,
60E0FB00__vs__60E1D400,60E0FB00,60E1D400,0x2f1b,0x2f1c,1,code,code:1,0.0,0,
60E0FB00__vs__60E1D400,60E0FB00,60E1D400,0x2f32,0x2f34,2,code,code:2,0.0,0,
60E0FB00__vs__60E1D400,60E0FB00,60E1D400,0x2f4b,0x2f4c,1,code,code:1,0.0,0,
60E0FB00__vs__60E1D400,60E0FB00,60E1D400,0x2f62,0x2f64,2,code,code:2,0.0,0,
60E0FB00__vs__60E1D400,60E0FB00,60E1D400,0x2f7b,0x2f7c,1,code,code:1,0.0,0,
60E0FB00__vs__60E1D400,60E0FB00,60E1D400,0x2f93,0x2f94,1,code,code:1,0.0,0,
60E0FB00__vs__60E1D400,60E0FB00,60E1D400,0x2fab,0x2fac,1,code,code:1,0.0,0,
60E0FB00__vs__60E1D400,60E0FB00,60E1D400,0x2fc3,0x2fc4,1,code,code:1,0.0,0,
60E0FB00__vs__60E1D400,60E0FB00,60E1D400,0x2fda,0x2fdc,2,code,code:2,0.0,0,
60E0FB00__vs__60E1D400,60E0FB00,60E1D400,0x2ff3,0x2ff4,1,code,code:1,0.0,0,
60E0FB00__vs__60E1D400,60E0FB00,60E1D400,0x300b,0x300c,1,code,code:1,0.0,0,
60E0FB00__vs__60E1D400,60E0FB00,60E1D400,0x3023,0x3024,1,code,code:1,0.0,0,
60E0FB00__vs__60E1D400,60E0FB00,60E1D400,0x303b,0x303c,1,code,code:1,0.0,0,
60E0FB00__vs__60E1D400,60E0FB00,60E1D400,0x3052,0x3054,2,code,code:2,0.0,0,
60E0FB00__vs__60E1D400,60E0FB00,60E1D400,0x306b,0x306c,1,code,code:1,0.0,0,
60E0FB00__vs__60E1D400,60E0FB00,60E1D400,0x3083,0x3084,1,code,code:1,0.0,0,
60E0FB00__vs__60E1D400,60E0FB00,60E1D400,0x309b,0x309c,1,code,code:1,0.0,0,
60E0FB00__vs__60E1D400,60E0FB00,60E1D400,0x30b3,0x30b4,1,code,code:1,0.0,0,
60E0FB00__vs__60E1D400,60E0FB00,60E1D400,0x30cb,0x30cc,1,code,code:1,0.0,0,
60E0FB00__vs__60E1D400,60E0FB00,60E1D400,0x30e3,0x30e4,1,code,code:1,0.0,0,
60E0FB00__vs__60E1D400,60E0FB00,60E1D400,0x30fb,0x30fc,1,code,code:1,0.0,0,
60E0FB00__vs__60E1D400,60E0FB00,60E1D400,0x3113,0x3114,1,code,code:1,0.0,0,
60E0FB00__vs__60E1D400,60E0FB00,60E1D400,0x312b,0x312c,1,code,code:1,0.0,0,
60E0FB00__vs__60E1D400,60E0FB00,60E1D400,0x3143,0x3144,1,code,code:1,0.0,0,
60E0FB00__vs__60E1D400,60E0FB00,60E1D400,0x315b,0x315c,1,code,code:1,0.0,0,
60E0FB00__vs__60E1D400,60E0FB00,60E1D400,0x3173,0x3174,1,code,code:1,0.0,0,
60E0FB00__vs__60E1D400,60E0FB00,60E1D400,0x318b,0x318c,1,code,code:1,0.0,0,
60E0FB00__vs__60E1D400,60E0FB00,60E1D400,0x31a3,0x31a4,1,code,code:1,0.0,0,
60E0FB00__vs__60E1D400,60E0FB00,60E1D400,0x31bb,0x31bc,1,code,code:1,0.0,0,
60E0FB00__vs__60E1D400,60E0FB00,60E1D400,0x31d3,0x31d4,1,code,code:1,0.0,0,
60E0FB00__vs__60E1D400,60E0FB00,60E1D400,0x31ea,0x31ec,2,code,code:2,0.0,0,
60E0FB00__vs__60E1D400,60E0FB00,60E1D400,0x3203,0x3204,1,code,code:1,0.0,0,
60E0FB00__vs__60E1D400,60E0FB00,60E1D400,0x321a,0x321c,2,code,code:2,0.0,0,
60E0FB00__vs__60E1D400,60E0FB00,60E1D400,0x3233,0x3234,1,code,code:1,0.0,0,
60E0FB00__vs__60E1D400,60E0FB00,60E1D400,0x327a,0x327c,2,code,code:2,0.0,0,
60E0FB00__vs__60E1D400,60E0FB00,60E1D400,0x32ee,0x32f0,2,code,code:2,0.0,0,
60E0FB00__vs__60E1D400,60E0FB00,60E1D400,0x338a,0x338c,2,code,code:2,0.0,0,
60E0FB00__vs__60E1D400,60E0FB00,60E1D400,0x33b6,0x33b8,2,code,code:2,0.0,0,
60E0FB00__vs__60E1D400,60E0FB00,60E1D400,0x347a,0x3490,22,code,code:22,0.0,0,
60E0FB00__vs__60E1D400,60E0FB00,60E1D400,0x3572,0x3578,6,code,code:6,0.0,0,
60E0FB00__vs__60E1D400,60E0FB00,60E1D400,0x3676,0x3678,2,code,code:2,0.0,0,
60E0FB00__vs__60E1D400,60E0FB00,60E1D400,0x36a2,0x36a4,2,code,code:2,0.0,0,
60E0FB00__vs__60E1D400,60E0FB00,60E1D400,0x375a,0x375c,2,code,code:2,0.0,0,
60E0FB00__vs__60E1D400,60E0FB00,60E1D400,0x3902,0x3904,2,code,code:2,0.0,0,
60E0FB00__vs__60E1D400,60E0FB00,60E1D400,0x394e,0x3950,2,code,code:2,0.0,0,
60E0FB00__vs__60E1D400,60E0FB00,60E1D400,0x3962,0x3964,2,code,code:2,0.0,0,
60E0FB00__vs__60E1D400,60E0FB00,60E1D400,0x3aae,0x3ab4,6,code,code:6,0.0,0,
60E0FB00__vs__60E1D400,60E0FB00,60E1D400,0x3ad6,0x3ad8,2,code,code:2,0.0,0,
60E0FB00__vs__60E1D400,60E0FB00,60E1D400,0x3b22,0x3b28,6,code,code:6,0.0,0,
60E0FB00__vs__60E1D400,60E0FB00,60E1D400,0x3d46,0x3d48,2,code,code:2,0.0,0,
60E0FB00__vs__60E1D400,60E0FB00,60E1D400,0x3d9a,0x3d9c,2,code,code:2,0.0,0,
60E0FB00__vs__60E1D400,60E0FB00,60E1D400,0x3e02,0x3e04,2,code,code:2,0.0,0,
60E0FB00__vs__60E1D400,60E0FB00,60E1D400,0x3e82,0x3e84,2,code,code:2,0.0,0,
60E0FB00__vs__60E1D400,60E0FB00,60E1D400,0x3f9a,0x3f9c,2,code,code:2,0.0,0,
60E0FB00__vs__60E1D400,60E0FB00,60E1D400,0x3fa6,0x3fa8,2,code,code:2,0.0,0,
60E0FB00__vs__60E1D400,60E0FB00,60E1D400,0x3fe6,0x3fe8,2,code,code:2,0.0,0,
60E0FB00__vs__60E1D400,60E0FB00,60E1D400,0x4096,0x4098,2,code,code:2,0.0,0,
60E0FB00__vs__60E1D400,60E0FB00,60E1D400,0x413e,0x4140,2,code,code:2,0.0,0,
60E0FB00__vs__60E1D400,60E0FB00,60E1D400,0x4206,0x4208,2,code,code:2,0.0,0,
60E0FB00__vs__60E1D400,60E0FB00,60E1D400,0x473e,0x4740,2,code,code:2,0.0,0,
60E0FB00__vs__60E1D400,60E0FB00,60E1D400,0x493a,0x493c,2,code,code:2,0.0,0,
60E0FB00__vs__60E1D400,60E0FB00,60E1D400,0x4996,0x499c,6,code,code:6,0.0,0,
60E0FB00__vs__60E1D400,60E0FB00,60E1D400,0x49a6,0x49ad,7,code,code:7,0.0,0,
60E0FB00__vs__60E1D400,60E0FB00,60E1D400,0x49b6,0x49bd,7,code,code:7,0.0,0,
60E0FB00__vs__60E1D400,60E0FB00,60E1D400,0x49c6,0x49cd,7,code,code:7,0.0,0,
60E0FB00__vs__60E1D400,60E0FB00,60E1D400,0x49d6,0x49dd,7,code,code:7,0.0,0,
60E0FB00__vs__60E1D400,60E0FB00,60E1D400,0x49e6,0x49ec,6,code,code:6,0.0,0,
60E0FB00__vs__60E1D400,60E0FB00,60E1D400,0x49f6,0x49fc,6,code,code:6,0.0,0,
60E0FB00__vs__60E1D400,60E0FB00,60E1D400,0x4a06,0x4a0c,6,code,code:6,0.0,0,
60E0FB00__vs__60E1D400,60E0FB00,60E1D400,0x4a16,0x4a1c,6,code,code:6,0.0,0,
60E0FB00__vs__60E1D400,60E0FB00,60E1D400,0x4a26,0x4a2c,6,code,code:6,0.0,0,
60E0FB00__vs__60E1D400,60E0FB00,60E1D400,0x4a36,0x4a3c,6,code,code:6,0.0,0,
60E0FB00__vs__60E1D400,60E0FB00,60E1D400,0x4a46,0x4a4c,6,code,code:6,0.0,0,
60E0FB00__vs__60E1D400,60E0FB00,60E1D400,0x4a56,0x4a5c,6,code,code:6,0.0,0,
60E0FB00__vs__60E1D400,60E0FB00,60E1D400,0x4a66,0x4a6c,6,code,code:6,0.0,0,
60E0FB00__vs__60E1D400,60E0FB00,60E1D400,0x4a76,0x4a7c,6,code,code:6,0.0,0,
60E0FB00__vs__60E1D400,60E0FB00,60E1D400,0x4a86,0x4a8c,6,code,code:6,0.0,0,
60E0FB00__vs__60E1D400,60E0FB00,60E1D400,0x4a96,0x4a9c,6,code,code:6,0.0,0,
60E0FB00__vs__60E1D400,60E0FB00,60E1D400,0x4aa6,0x4aac,6,code,code:6,0.0,0,
60E0FB00__vs__60E1D400,60E0FB00,60E1D400,0x4ab6,0x4abc,6,code,code:6,0.0,0,
60E0FB00__vs__60E1D400,60E0FB00,60E1D400,0x4aca,0x4aec,34,code,code:34,0.0,0,
60E0FB00__vs__60E1D400,60E0FB00,60E1D400,0x4b0e,0x4b10,2,code,code:2,0.0,0,
60E0FB00__vs__60E1D400,60E0FB00,60E1D400,0x4c87,0x52b8,1585,code,code:1585,0.01,0,
60E0FB00__vs__60E1D400,60E0FB00,60E1D400,0x52c3,0x52c4,1,code,code:1,0.0,0,
60E0FB00__vs__60E1D400,60E0FB00,60E1D400,0x52cc,0x8214,12104,code,code:12104,0.03,0,
60E0FB00__vs__60E1D400,60E0FB00,60E1D400,0x8224,0x829a,118,code,code:118,0.008,0,
60E0FB00__vs__60E1D400,60E0FB00,60E1D400,0x82aa,0x4b750,275622,code,code:275622,0.035,0,
60E0FB00__vs__60E1D400,60E0FB00,60E1D400,0x4b758,0x4b75c,4,code,code:4,0.0,0,
60E0FB00__vs__60E1D400,60E0FB00,60E1D400,0x4b764,0x4fbf2,17550,code,code:17550,0.03,0,
60E0FB00__vs__60E1D400,60E0FB00,60E1D400,0x4fbfa,0x69a31,106039,code,code:106039,0.025,0,
60E0FB00__vs__60E1D400,60E0FB00,60E1D400,0x69a39,0x69a4d,20,code,code:20,0.0,0,
60E0FB00__vs__60E1D400,60E0FB00,60E1D400,0x69a55,0x6c270,10267,code,code:10267,0.877,0,
60E0FB00__vs__60E1D400,60E0FB00,60E1D400,0x6ce00,0x6ce61,97,cal_data,cal_data:97,1.0,0,
60E0FB00__vs__60E1D400,60E0FB00,60E1D400,0x6cee0,0x6e51a,5690,cal_data,cal_data:5604 cal_table:86,0.214,86,Barometric Pressure Sensor Max ADC Count; Barometric Pressure Sensor Min ADC Count; Cold Rev Limit; Cold Rev Limit Threshold; Idle Related; Ignition; Ignition 0 - Safe Mode; Ignition 1; ...
60E0FB00__vs__60E1D400,60E0FB00,60E1D400,0x6e528,0x6e562,58,cal_data,cal_data:54 cal_table:4,0.0,4,Table 2D - 13_; Table 2D - 14_; Y; Y
60E0FB00__vs__60E1D400,60E0FB00,60E1D400,0x6e570,0x6e700,400,cal_data,cal_data:394 cal_table:6,0.048,6,Table 2D - 15_; Table 2D - 16_; Table 2D - 17_; Y; Y; Y
60E0FB00__vs__60E1D400,60E0FB00,60E1D400,0x6e714,0x70c70,9564,cal_data,cal_data:9369 cal_table:195,0.016,195,CLT Sensor Scaling; IAT Sensor Scaling; Idle Target; Idle Target 0; Idle Target 1; Idle Target 2; Idle Target 3; Idle Target 4; ...
60E0FB00__vs__60E1D400,60E0FB00,60E1D400,0x70c90,0x70cb0,32,cal_data,cal_data:32,0.0,0,
60E0FB00__vs__60E1D400,60E0FB00,60E1D400,0x70cbc,0x714a8,2028,cal_data,cal_data:2010 cal_table:18,0.014,18,Table 3D - 108_; Table 3D - 28_; Table 3D - 29_; Table 3D - 30_; Table 3D - 31_; Table 3D - 32_; X; X; ...
60E0FB00__vs__60E1D400,60E0FB00,60E1D400,0x714b4,0x7210d,3161,cal_data,cal_data:3071 cal_table:90,0.025,90,Fuelling - Safe Mode; Fuelling 0; Fuelling 1; Fuelling 2 - Safe Mode; Fuelling 3; Fuelling 4; Fuelling 5; Fuelling 6; ...
60E0FB00__vs__60E1D400,60E0FB00,60E1D400,0x7211c,0x72153,55,cal_data,cal_data:54 cal_table:1,0.0,1,Y
60E0FB00__vs__60E1D400,60E0FB00,60E1D400,0x7215b,0x72161,6,cal_data,cal_data:6,0.0,0,
60E0FB00__vs__60E1D400,60E0FB00,60E1D400,0x7216c,0x722e8,380,cal_data,cal_data:367 cal_table:13,0.003,13,Fuelling 9 - Safe Mode; Table 2D - 324 Check DataType; Table 2D - 325 Check DataType; Table 2D - 326 Check DataType; Table 2D - 327 Check DataType; Table 2D - 328 Check DataType; X; Y; ...
60E0FB00__vs__60E1D400,60E0FB00,60E1D400,0x722f0,0x753da,12522,cal_data,cal_data:12358 cal_table:164,0.012,164,Accel Pedal to Throttle Position #1; Accel Pedal to Throttle Position #2; Accel Pedal to Throttle Position #3; Accel Pedal to Throttle Position #4; Fuelling 10 - Safe Mode; Fuelling 11; Fuelling 12; Fuelling 13 - Safe Mode; ...
60E0FB00__vs__60E1D400,60E0FB00,60E1D400,0x753ea,0x79878,17550,cal_data,cal_data:17283 cal_table:267,0.017,267,Auxillary Valve Close; Engine Load Compensation; Estimated Manifold Pressure; Injector Latency Primary; Injector Latency Secondary; Oil Metering By Load; Oil Metering By Throttle; Primary Injector Size; ...
60E0FB00__vs__60E1D400,60E0FB00,60E1D400,0x79880,0x7ced2,13906,cal_data,cal_data:13618 cal_table:288,0.029,288,AirFlow Inj Angle Related; Airflow Or Load Related; Barometric Pressure Sensor Max Voltage; Barometric Pressure Sensor Min Voltage; Barometric Pressure Sensor Offset; Barometric Pressure Sensor Slope; Ignition Dwell Time_; Injection Angle; ...
60E0FB00__vs__60E1D400,60E0FB00,60E1D400,0x7cee8,0x7d016,302,cal_data,cal_data:295 cal_table:7,0.308,7,Table 2D - 398 Check DataType; Table 2D - 399 Check DataType; Table 2D - 400 Check DataType; Table 2D - 401 Check DataType; Y; Y; Y
60E0FB00__vs__60E1D400,60E0FB00,60E1D400,0x7d028,0x7debf,3735,cal_data,cal_data:2710 tail:960 cal_table:65,0.277,65,Table 2D - 235_; Table 2D - 236_; Table 2D - 237_; Table 2D - 238_; Table 2D - 239_; Table 2D - 240_; Table 2D - 241_; Table 2D - 242_; ...
60E0FB00__vs__60E1D400,60E0FB00,60E1D400,0x7ded2,0x7e1fa,808,tail,tail:808,1.0,0,
60E0FB00__vs__60E1D400,60E0FB00,60E1D400,0x7e220,0x7f308,4328,tail,tail:4328,0.937,0,
60E0FB00__vs__60E1D400,60E0FB00,60E1D400,0x7fb00,0x7fb08,8,tail,tail:8,0.0,0,
60E0FB00__vs__60E1D400,60E0FB00,60E1D400,0x7fb88,0x7fb8c,4,tail,tail:4,0.0,0,
60E0FB00__vs__60E1D400,60E0FB00,60E1D400,0x7fc53,0x7fd50,253,tail,tail:253,0.0,0,
60E0FB00__vs__60E1D400,60E0FB00,60E1D400,0x7fd77,0x7fdd0,89,tail,tail:89,0.0,0,
60E0FB00__vs__60E1D400,60E0FB00,60E1D400,0x7fdf7,0x7fe00,9,tail,tail:9,0.0,0,
60E0FB00__vs__60E1D400,60E0FB00,60E1D400,0x7fe27,0x7fe30,9,tail,tail:9,0.0,0,
60E0FB00__vs__60E1D400,60E0FB00,60E1D400,0x7fe47,0x7fe50,9,tail,tail:9,0.0,0,
60E0FB00__vs__60E1D400,60E0FB00,60E1D400,0x7fe67,0x7fe70,9,tail,tail:9,0.0,0,
60E0FB00__vs__60E1D400,60E0FB00,60E1D400,0x7fe87,0x7fe90,9,tail,tail:9,0.0,0,
60E0FB00__vs__60E1D400,60E0FB00,60E1D400,0x7ff07,0x7ff3c,53,tail,tail:53,0.0,0,
60E0FB00__vs__60E1D400,60E0FB00,60E1D400,0x7ff47,0x7ff70,41,tail,tail:41,0.0,0,
60E0FB00__vs__60E1D400,60E0FB00,60E1D400,0x7ffd7,0x7ffe0,9,tail,tail:9,0.0,0,
60E0FB00__vs__60E1D400,60E0FB00,60E1D400,0x7fff4,0x7fffc,8,tail,tail:8,0.0,0,
60E0FB00__vs__60E32000_N3M5E,60E0FB00,60E32000_N3M5E,0xffb,0x1008,13,header,header:13,,0,
60E0FB00__vs__60E32000_N3M5E,60E0FB00,60E32000_N3M5E,0x1039,0x1302,713,header,header:713,,0,
60E0FB00__vs__60E32000_N3M5E,60E0FB00,60E32000_N3M5E,0x130b,0x2006,3323,header,header:3317 code:6,,0,
60E0FB00__vs__60E32000_N3M5E,60E0FB00,60E32000_N3M5E,0x2020,0x2023,3,code,code:3,,0,
60E0FB00__vs__60E32000_N3M5E,60E0FB00,60E32000_N3M5E,0x2723,0x2724,1,code,code:1,,0,
60E0FB00__vs__60E32000_N3M5E,60E0FB00,60E32000_N3M5E,0x273b,0x273c,1,code,code:1,,0,
60E0FB00__vs__60E32000_N3M5E,60E0FB00,60E32000_N3M5E,0x2753,0x2754,1,code,code:1,,0,
60E0FB00__vs__60E32000_N3M5E,60E0FB00,60E32000_N3M5E,0x276a,0x276c,2,code,code:2,,0,
60E0FB00__vs__60E32000_N3M5E,60E0FB00,60E32000_N3M5E,0x2782,0x2784,2,code,code:2,,0,
60E0FB00__vs__60E32000_N3M5E,60E0FB00,60E32000_N3M5E,0x279b,0x279c,1,code,code:1,,0,
60E0FB00__vs__60E32000_N3M5E,60E0FB00,60E32000_N3M5E,0x27b3,0x27b4,1,code,code:1,,0,
60E0FB00__vs__60E32000_N3M5E,60E0FB00,60E32000_N3M5E,0x27cb,0x27cc,1,code,code:1,,0,
60E0FB00__vs__60E32000_N3M5E,60E0FB00,60E32000_N3M5E,0x27e3,0x27e4,1,code,code:1,,0,
60E0FB00__vs__60E32000_N3M5E,60E0FB00,60E32000_N3M5E,0x27fb,0x27fc,1,code,code:1,,0,
60E0FB00__vs__60E32000_N3M5E,60E0FB00,60E32000_N3M5E,0x2813,0x2814,1,code,code:1,,0,
60E0FB00__vs__60E32000_N3M5E,60E0FB00,60E32000_N3M5E,0x282b,0x282c,1,code,code:1,,0,
60E0FB00__vs__60E32000_N3M5E,60E0FB00,60E32000_N3M5E,0x2843,0x2844,1,code,code:1,,0,
60E0FB00__vs__60E32000_N3M5E,60E0FB00,60E32000_N3M5E,0x285b,0x285c,1,code,code:1,,0,
60E0FB00__vs__60E32000_N3M5E,60E0FB00,60E32000_N3M5E,0x2873,0x2874,1,code,code:1,,0,
60E0FB00__vs__60E32000_N3M5E,60E0FB00,60E32000_N3M5E,0x288b,0x288c,1,code,code:1,,0,
60E0FB00__vs__60E32000_N3M5E,60E0FB00,60E32000_N3M5E,0x28a3,0x28a4,1,code,code:1,,0,
60E0FB00__vs__60E32000_N3M5E,60E0FB00,60E32000_N3M5E,0x28bb,0x28bc,1,code,code:1,,0,
60E0FB00__vs__60E32000_N3M5E,60E0FB00,60E32000_N3M5E,0x28d3,0x28d4,1,code,code:1,,0,
60E0FB00__vs__60E32000_N3M5E,60E0FB00,60E32000_N3M5E,0x28ea,0x28ec,2,code,code:2,,0,
60E0FB00__vs__60E32000_N3M5E,60E0FB00,60E32000_N3M5E,0x2902,0x2904,2,code,code:2,,0,
60E0FB00__vs__60E32000_N3M5E,60E0FB00,60E32000_N3M5E,0x291b,0x291c,1,code,code:1,,0,
60E0FB00__vs__60E32000_N3M5E,60E0FB00,60E32000_N3M5E,0x2933,0x2934,1,code,code:1,,0,
60E0FB00__vs__60E32000_N3M5E,60E0FB00,60E32000_N3M5E,0x294b,0x294c,1,code,code:1,,0,
60E0FB00__vs__60E32000_N3M5E,60E0FB00,60E32000_N3M5E,0x2963,0x2964,1,code,code:1,,0,
60E0FB00__vs__60E32000_N3M5E,60E0FB00,60E32000_N3M5E,0x297b,0x297c,1,code,code:1,,0,
60E0FB00__vs__60E32000_N3M5E,60E0FB00,60E32000_N3M5E,0x2993,0x2994,1,code,code:1,,0,
60E0FB00__vs__60E32000_N3M5E,60E0FB00,60E32000_N3M5E,0x29ab,0x29ac,1,code,code:1,,0,
60E0FB00__vs__60E32000_N3M5E,60E0FB00,60E32000_N3M5E,0x29c3,0x29c4,1,code,code:1,,0,
60E0FB00__vs__60E32000_N3M5E,60E0FB00,60E32000_N3M5E,0x29db,0x29dc,1,code,code:1,,0,
60E0FB00__vs__60E32000_N3M5E,60E0FB00,60E32000_N3M5E,0x29f3,0x29f4,1,code,code:1,,0,
60E0FB00__vs__60E32000_N3M5E,60E0FB00,60E32000_N3M5E,0x2a0b,0x2a0c,1,code,code:1,,0,
60E0FB00__vs__60E32000_N3M5E,60E0FB00,60E32000_N3M5E,0x2a22,0x2a24,2,code,code:2,,0,
60E0FB00__vs__60E32000_N3M5E,60E0FB00,60E32000_N3M5E,0x2a3a,0x2a3c,2,code,code:2,,0,
60E0FB00__vs__60E32000_N3M5E,60E0FB00,60E32000_N3M5E,0x2a53,0x2a54,1,code,code:1,,0,
60E0FB00__vs__60E32000_N3M5E,60E0FB00,60E32000_N3M5E,0x2a6b,0x2a6c,1,code,code:1,,0,
60E0FB00__vs__60E32000_N3M5E,60E0FB00,60E32000_N3M5E,0x2a83,0x2a84,1,code,code:1,,0,
60E0FB00__vs__60E32000_N3M5E,60E0FB00,60E32000_N3M5E,0x2a9b,0x2a9c,1,code,code:1,,0,
60E0FB00__vs__60E32000_N3M5E,60E0FB00,60E32000_N3M5E,0x2ab3,0x2ab4,1,code,code:1,,0,
60E0FB00__vs__60E32000_N3M5E,60E0FB00,60E32000_N3M5E,0x2acb,0x2acc,1,code,code:1,,0,
60E0FB00__vs__60E32000_N3M5E,60E0FB00,60E32000_N3M5E,0x2ae3,0x2ae4,1,code,code:1,,0,
60E0FB00__vs__60E32000_N3M5E,60E0FB00,60E32000_N3M5E,0x2afb,0x2afc,1,code,code:1,,0,
60E0FB00__vs__60E32000_N3M5E,60E0FB00,60E32000_N3M5E,0x2b13,0x2b14,1,code,code:1,,0,
60E0FB00__vs__60E32000_N3M5E,60E0FB00,60E32000_N3M5E,0x2b2b,0x2b2c,1,code,code:1,,0,
60E0FB00__vs__60E32000_N3M5E,60E0FB00,60E32000_N3M5E,0x2b43,0x2b44,1,code,code:1,,0,
60E0FB00__vs__60E32000_N3M5E,60E0FB00,60E32000_N3M5E,0x2b5b,0x2b5c,1,code,code:1,,0,
60E0FB00__vs__60E32000_N3M5E,60E0FB00,60E32000_N3M5E,0x2b73,0x2b74,1,code,code:1,,0,
60E0FB00__vs__60E32000_N3M5E,60E0FB00,60E32000_N3M5E,0x2b8b,0x2b8c,1,code,code:1,,0,
60E0FB00__vs__60E32000_N3M5E,60E0FB00,60E32000_N3M5E,0x2ba3,0x2ba4,1,code,code:1,,0,
60E0FB00__vs__60E32000_N3M5E,60E0FB00,60E32000_N3M5E,0x2bba,0x2bbc,2,code,code:2,,0,
60E0FB00__vs__60E32000_N3M5E,60E0FB00,60E32000_N3M5E,0x2bd2,0x2bd4,2,code,code:2,,0,
60E0FB00__vs__60E32000_N3M5E,60E0FB00,60E32000_N3M5E,0x2beb,0x2bec,1,code,code:1,,0,
60E0FB00__vs__60E32000_N3M5E,60E0FB00,60E32000_N3M5E,0x2c03,0x2c04,1,code,code:1,,0,
60E0FB00__vs__60E32000_N3M5E,60E0FB00,60E32000_N3M5E,0x2c1b,0x2c1c,1,code,code:1,,0,
60E0FB00__vs__60E32000_N3M5E,60E0FB00,60E32000_N3M5E,0x2c33,0x2c34,1,code,code:1,,0,
60E0FB00__vs__60E32000_N3M5E,60E0FB00,60E32000_N3M5E,0x2c4b,0x2c4c,1,code,code:1,,0,
60E0FB00__vs__60E32000_N3M5E,60E0FB00,60E32000_N3M5E,0x2c63,0x2c64,1,code,code:1,,0,
60E0FB00__vs__60E32000_N3M5E,60E0FB00,60E32000_N3M5E,0x2c7b,0x2c7c,1,code,code:1,,0,
60E0FB00__vs__60E32000_N3M5E,60E0FB00,60E32000_N3M5E,0x2c93,0x2c94,1,code,code:1,,0,
60E0FB00__vs__60E32000_N3M5E,60E0FB00,60E32000_N3M5E,0x2cab,0x2cac,1,code,code:1,,0,
60E0FB00__vs__60E32000_N3M5E,60E0FB00,60E32000_N3M5E,0x2cc3,0x2cc4,1,code,code:1,,0,
60E0FB00__vs__60E32000_N3M5E,60E0FB00,60E32000_N3M5E,0x2cdb,0x2cdc,1,code,code:1,,0,
60E0FB00__vs__60E32000_N3M5E,60E0FB00,60E32000_N3M5E,0x2cf3,0x2cf4,1,code,code:1,,0,
60E0FB00__vs__60E32000_N3M5E,60E0FB00,60E32000_N3M5E,0x2d0b,0x2d0c,1,code,code:1,,0,
60E0FB00__vs__60E32000_N3M5E,60E0FB00,60E32000_N3M5E,0x2d22,0x2d24,2,code,code:2,,0,
60E0FB00__vs__60E32000_N3M5E,60E0FB00,60E32000_N3M5E,0x2d3a,0x2d3c,2,code,code:2,,0,
60E0FB00__vs__60E32000_N3M5E,60E0FB00,60E32000_N3M5E,0x2d53,0x2d54,1,code,code:1,,0,
60E0FB00__vs__60E32000_N3M5E,60E0FB00,60E32000_N3M5E,0x2d6b,0x2d6c,1,code,code:1,,0,
60E0FB00__vs__60E32000_N3M5E,60E0FB00,60E32000_N3M5E,0x2d83,0x2d84,1,code,code:1,,0,
60E0FB00__vs__60E32000_N3M5E,60E0FB00,60E32000_N3M5E,0x2d9b,0x2d9c,1,code,code:1,,0,
60E0FB00__vs__60E32000_N3M5E,60E0FB00,60E32000_N3M5E,0x2db3,0x2db4,1,code,code:1,,0,
60E0FB00__vs__60E32000_N3M5E,60E0FB00,60E32000_N3M5E,0x2dcb,0x2dcc,1,code,code:1,,0,
60E0FB00__vs__60E32000_N3M5E,60E0FB00,60E32000_N3M5E,0x2de3,0x2de4,1,code,code:1,,0,
60E0FB00__vs__60E32000_N3M5E,60E0FB00,60E32000_N3M5E,0x2dfb,0x2dfc,1,code,code:1,,0,
60E0FB00__vs__60E32000_N3M5E,60E0FB00,60E32000_N3M5E,0x2e13,0x2e14,1,code,code:1,,0,
60E0FB00__vs__60E32000_N3M5E,60E0FB00,60E32000_N3M5E,0x2e2b,0x2e2c,1,code,code:1,,0,
60E0FB00__vs__60E32000_N3M5E,60E0FB00,60E32000_N3M5E,0x2e42,0x2e44,2,code,code:2,,0,
60E0FB00__vs__60E32000_N3M5E,60E0FB00,60E32000_N3M5E,0x2e5a,0x2e5c,2,code,code:2,,0,
60E0FB00__vs__60E32000_N3M5E,60E0FB00,60E32000_N3M5E,0x2e73,0x2e74,1,code,code:1,,0,
60E0FB00__vs__60E32000_N3M5E,60E0FB00,60E32000_N3M5E,0x2e8b,0x2e8c,1,code,code:1,,0,
60E0FB00__vs__60E32000_N3M5E,60E0FB00,60E32000_N3M5E,0x2ea3,0x2ea4,1,code,code:1,,0,
60E0FB00__vs__60E32000_N3M5E,60E0FB00,60E32000_N3M5E,0x2ebb,0x2ebc,1,code,code:1,,0,
60E0FB00__vs__60E32000_N3M5E,60E0FB00,60E32000_N3M5E,0x2ed3,0x2ed4,1,code,code:1,,0,
60E0FB00__vs__60E32000_N3M5E,60E0FB00,60E32000_N3M5E,0x2eeb,0x2eec,1,code,code:1,,0,
60E0FB00__vs__60E32000_N3M5E,60E0FB00,60E32000_N3M5E,0x2f03,0x2f04,1,code,code:1,,0,
60E0FB00__vs__60E32000_N3M5E,60E0FB00,60E32000_N3M5E,0x2f1b,0x2f1c,1,code,code:1,,0,
60E0FB00__vs__60E32000_N3M5E,60E0FB00,60E32000_N3M5E,0x2f32,0x2f34,2,code,code:2,,0,
60E0FB00__vs__60E32000_N3M5E,60E0FB00,60E32000_N3M5E,0x2f4b,0x2f4c,1,code,code:1,,0,
60E0FB00__vs__60E32000_N3M5E,60E0FB00,60E32000_N3M5E,0x2f62,0x2f64,2,code,code:2,,0,
60E0FB00__vs__60E32000_N3M5E,60E0FB00,60E32000_N3M5E,0x2f7b,0x2f7c,1,code,code:1,,0,
60E0FB00__vs__60E32000_N3M5E,60E0FB00,60E32000_N3M5E,0x2f93,0x2f94,1,code,code:1,,0,
60E0FB00__vs__60E32000_N3M5E,60E0FB00,60E32000_N3M5E,0x2fab,0x2fac,1,code,code:1,,0,
60E0FB00__vs__60E32000_N3M5E,60E0FB00,60E32000_N3M5E,0x2fc3,0x2fc4,1,code,code:1,,0,
60E0FB00__vs__60E32000_N3M5E,60E0FB00,60E32000_N3M5E,0x2fda,0x2fdc,2,code,code:2,,0,
60E0FB00__vs__60E32000_N3M5E,60E0FB00,60E32000_N3M5E,0x2ff3,0x2ff4,1,code,code:1,,0,
60E0FB00__vs__60E32000_N3M5E,60E0FB00,60E32000_N3M5E,0x300b,0x300c,1,code,code:1,,0,
60E0FB00__vs__60E32000_N3M5E,60E0FB00,60E32000_N3M5E,0x3023,0x3024,1,code,code:1,,0,
60E0FB00__vs__60E32000_N3M5E,60E0FB00,60E32000_N3M5E,0x303b,0x303c,1,code,code:1,,0,
60E0FB00__vs__60E32000_N3M5E,60E0FB00,60E32000_N3M5E,0x3052,0x3054,2,code,code:2,,0,
60E0FB00__vs__60E32000_N3M5E,60E0FB00,60E32000_N3M5E,0x306b,0x306c,1,code,code:1,,0,
60E0FB00__vs__60E32000_N3M5E,60E0FB00,60E32000_N3M5E,0x3083,0x3084,1,code,code:1,,0,
60E0FB00__vs__60E32000_N3M5E,60E0FB00,60E32000_N3M5E,0x309b,0x309c,1,code,code:1,,0,
60E0FB00__vs__60E32000_N3M5E,60E0FB00,60E32000_N3M5E,0x30b3,0x30b4,1,code,code:1,,0,
60E0FB00__vs__60E32000_N3M5E,60E0FB00,60E32000_N3M5E,0x30cb,0x30cc,1,code,code:1,,0,
60E0FB00__vs__60E32000_N3M5E,60E0FB00,60E32000_N3M5E,0x30e3,0x30e4,1,code,code:1,,0,
60E0FB00__vs__60E32000_N3M5E,60E0FB00,60E32000_N3M5E,0x30fb,0x30fc,1,code,code:1,,0,
60E0FB00__vs__60E32000_N3M5E,60E0FB00,60E32000_N3M5E,0x3113,0x3114,1,code,code:1,,0,
60E0FB00__vs__60E32000_N3M5E,60E0FB00,60E32000_N3M5E,0x312b,0x312c,1,code,code:1,,0,
60E0FB00__vs__60E32000_N3M5E,60E0FB00,60E32000_N3M5E,0x3143,0x3144,1,code,code:1,,0,
60E0FB00__vs__60E32000_N3M5E,60E0FB00,60E32000_N3M5E,0x315b,0x315c,1,code,code:1,,0,
60E0FB00__vs__60E32000_N3M5E,60E0FB00,60E32000_N3M5E,0x3173,0x3174,1,code,code:1,,0,
60E0FB00__vs__60E32000_N3M5E,60E0FB00,60E32000_N3M5E,0x318b,0x318c,1,code,code:1,,0,
60E0FB00__vs__60E32000_N3M5E,60E0FB00,60E32000_N3M5E,0x31a3,0x31a4,1,code,code:1,,0,
60E0FB00__vs__60E32000_N3M5E,60E0FB00,60E32000_N3M5E,0x31bb,0x31bc,1,code,code:1,,0,
60E0FB00__vs__60E32000_N3M5E,60E0FB00,60E32000_N3M5E,0x31d3,0x31d4,1,code,code:1,,0,
60E0FB00__vs__60E32000_N3M5E,60E0FB00,60E32000_N3M5E,0x31ea,0x31ec,2,code,code:2,,0,
60E0FB00__vs__60E32000_N3M5E,60E0FB00,60E32000_N3M5E,0x3203,0x3204,1,code,code:1,,0,
60E0FB00__vs__60E32000_N3M5E,60E0FB00,60E32000_N3M5E,0x321a,0x321c,2,code,code:2,,0,
60E0FB00__vs__60E32000_N3M5E,60E0FB00,60E32000_N3M5E,0x3233,0x3234,1,code,code:1,,0,
60E0FB00__vs__60E32000_N3M5E,60E0FB00,60E32000_N3M5E,0x327a,0x327c,2,code,code:2,,0,
60E0FB00__vs__60E32000_N3M5E,60E0FB00,60E32000_N3M5E,0x32ee,0x32f0,2,code,code:2,,0,
60E0FB00__vs__60E32000_N3M5E,60E0FB00,60E32000_N3M5E,0x338a,0x338c,2,code,code:2,,0,
60E0FB00__vs__60E32000_N3M5E,60E0FB00,60E32000_N3M5E,0x33b6,0x33b8,2,code,code:2,,0,
60E0FB00__vs__60E32000_N3M5E,60E0FB00,60E32000_N3M5E,0x347a,0x3490,22,code,code:22,,0,
60E0FB00__vs__60E32000_N3M5E,60E0FB00,60E32000_N3M5E,0x3572,0x3578,6,code,code:6,,0,
60E0FB00__vs__60E32000_N3M5E,60E0FB00,60E32000_N3M5E,0x3676,0x3678,2,code,code:2,,0,
60E0FB00__vs__60E32000_N3M5E,60E0FB00,60E32000_N3M5E,0x36a2,0x36a4,2,code,code:2,,0,
60E0FB00__vs__60E32000_N3M5E,60E0FB00,60E32000_N3M5E,0x375a,0x375c,2,code,code:2,,0,
60E0FB00__vs__60E32000_N3M5E,60E0FB00,60E32000_N3M5E,0x3902,0x3904,2,code,code:2,,0,
60E0FB00__vs__60E32000_N3M5E,60E0FB00,60E32000_N3M5E,0x394e,0x3950,2,code,code:2,,0,
60E0FB00__vs__60E32000_N3M5E,60E0FB00,60E32000_N3M5E,0x3962,0x3964,2,code,code:2,,0,
60E0FB00__vs__60E32000_N3M5E,60E0FB00,60E32000_N3M5E,0x3aae,0x3ab4,6,code,code:6,,0,
60E0FB00__vs__60E32000_N3M5E,60E0FB00,60E32000_N3M5E,0x3ad6,0x3ad8,2,code,code:2,,0,
60E0FB00__vs__60E32000_N3M5E,60E0FB00,60E32000_N3M5E,0x3b22,0x3b28,6,code,code:6,,0,
60E0FB00__vs__60E32000_N3M5E,60E0FB00,60E32000_N3M5E,0x3d46,0x3d48,2,code,code:2,,0,
60E0FB00__vs__60E32000_N3M5E,60E0FB00,60E32000_N3M5E,0x3d9a,0x3d9c,2,code,code:2,,0,
60E0FB00__vs__60E32000_N3M5E,60E0FB00,60E32000_N3M5E,0x3e02,0x3e04,2,code,code:2,,0,
60E0FB00__vs__60E32000_N3M5E,60E0FB00,60E32000_N3M5E,0x3e82,0x3e84,2,code,code:2,,0,
60E0FB00__vs__60E32000_N3M5E,60E0FB00,60E32000_N3M5E,0x3f9a,0x3f9c,2,code,code:2,,0,
60E0FB00__vs__60E32000_N3M5E,60E0FB00,60E32000_N3M5E,0x3fa6,0x3fa8,2,code,code:2,,0,
60E0FB00__vs__60E32000_N3M5E,60E0FB00,60E32000_N3M5E,0x3fe6,0x3fe8,2,code,code:2,,0,
60E0FB00__vs__60E32000_N3M5E,60E0FB00,60E32000_N3M5E,0x4096,0x4098,2,code,code:2,,0,
60E0FB00__vs__60E32000_N3M5E,60E0FB00,60E32000_N3M5E,0x413e,0x4140,2,code,code:2,,0,
60E0FB00__vs__60E32000_N3M5E,60E0FB00,60E32000_N3M5E,0x4206,0x4208,2,code,code:2,,0,
60E0FB00__vs__60E32000_N3M5E,60E0FB00,60E32000_N3M5E,0x473e,0x4740,2,code,code:2,,0,
60E0FB00__vs__60E32000_N3M5E,60E0FB00,60E32000_N3M5E,0x493a,0x493c,2,code,code:2,,0,
60E0FB00__vs__60E32000_N3M5E,60E0FB00,60E32000_N3M5E,0x4996,0x499c,6,code,code:6,,0,
60E0FB00__vs__60E32000_N3M5E,60E0FB00,60E32000_N3M5E,0x49a6,0x49ad,7,code,code:7,,0,
60E0FB00__vs__60E32000_N3M5E,60E0FB00,60E32000_N3M5E,0x49b6,0x49bd,7,code,code:7,,0,
60E0FB00__vs__60E32000_N3M5E,60E0FB00,60E32000_N3M5E,0x49c6,0x49cd,7,code,code:7,,0,
60E0FB00__vs__60E32000_N3M5E,60E0FB00,60E32000_N3M5E,0x49d6,0x49dd,7,code,code:7,,0,
60E0FB00__vs__60E32000_N3M5E,60E0FB00,60E32000_N3M5E,0x49e6,0x49ec,6,code,code:6,,0,
60E0FB00__vs__60E32000_N3M5E,60E0FB00,60E32000_N3M5E,0x49f6,0x49fc,6,code,code:6,,0,
60E0FB00__vs__60E32000_N3M5E,60E0FB00,60E32000_N3M5E,0x4a06,0x4a0c,6,code,code:6,,0,
60E0FB00__vs__60E32000_N3M5E,60E0FB00,60E32000_N3M5E,0x4a16,0x4a1c,6,code,code:6,,0,
60E0FB00__vs__60E32000_N3M5E,60E0FB00,60E32000_N3M5E,0x4a26,0x4a2c,6,code,code:6,,0,
60E0FB00__vs__60E32000_N3M5E,60E0FB00,60E32000_N3M5E,0x4a36,0x4a3c,6,code,code:6,,0,
60E0FB00__vs__60E32000_N3M5E,60E0FB00,60E32000_N3M5E,0x4a46,0x4a4c,6,code,code:6,,0,
60E0FB00__vs__60E32000_N3M5E,60E0FB00,60E32000_N3M5E,0x4a56,0x4a5c,6,code,code:6,,0,
60E0FB00__vs__60E32000_N3M5E,60E0FB00,60E32000_N3M5E,0x4a66,0x4a6c,6,code,code:6,,0,
60E0FB00__vs__60E32000_N3M5E,60E0FB00,60E32000_N3M5E,0x4a76,0x4a7c,6,code,code:6,,0,
60E0FB00__vs__60E32000_N3M5E,60E0FB00,60E32000_N3M5E,0x4a86,0x4a8c,6,code,code:6,,0,
60E0FB00__vs__60E32000_N3M5E,60E0FB00,60E32000_N3M5E,0x4a96,0x4a9c,6,code,code:6,,0,
60E0FB00__vs__60E32000_N3M5E,60E0FB00,60E32000_N3M5E,0x4aa6,0x4aac,6,code,code:6,,0,
60E0FB00__vs__60E32000_N3M5E,60E0FB00,60E32000_N3M5E,0x4ab6,0x4abc,6,code,code:6,,0,
60E0FB00__vs__60E32000_N3M5E,60E0FB00,60E32000_N3M5E,0x4aca,0x4aec,34,code,code:34,,0,
60E0FB00__vs__60E32000_N3M5E,60E0FB00,60E32000_N3M5E,0x4b0e,0x4b10,2,code,code:2,,0,
60E0FB00__vs__60E32000_N3M5E,60E0FB00,60E32000_N3M5E,0x4c87,0x52b8,1585,code,code:1585,,0,
60E0FB00__vs__60E32000_N3M5E,60E0FB00,60E32000_N3M5E,0x52c3,0x52c4,1,code,code:1,,0,
60E0FB00__vs__60E32000_N3M5E,60E0FB00,60E32000_N3M5E,0x52cc,0x8214,12104,code,code:12104,,0,
60E0FB00__vs__60E32000_N3M5E,60E0FB00,60E32000_N3M5E,0x8224,0x829a,118,code,code:118,,0,
60E0FB00__vs__60E32000_N3M5E,60E0FB00,60E32000_N3M5E,0x82aa,0x1fac8,96286,code,code:96286,,0,
60E0FB00__vs__60E32000_N3M5E,60E0FB00,60E32000_N3M5E,0x1fad6,0x3a79c,109766,code,code:109766,,0,
60E0FB00__vs__60E32000_N3M5E,60E0FB00,60E32000_N3M5E,0x3a7a4,0x3d55e,11706,code,code:11706,,0,
60E0FB00__vs__60E32000_N3M5E,60E0FB00,60E32000_N3M5E,0x3d56d,0x582ac,109887,code,code:109887,,0,
60E0FB00__vs__60E32000_N3M5E,60E0FB00,60E32000_N3M5E,0x582b4,0x70ff9,101701,code,code:81852 cal_data:16589 padding:2960 cal_table:300,,300,Barometric Pressure Sensor Max ADC Count; Barometric Pressure Sensor Min ADC Count; CLT Sensor Scaling; Cold Rev Limit; Cold Rev Limit Threshold; IAT Sensor Scaling; Idle Related; Idle Target; ...
60E0FB00__vs__60E32000_N3M5E,60E0FB00,60E32000_N3M5E,0x71001,0x7100d,12,cal_data,cal_data:12,,0,
60E0FB00__vs__60E32000_N3M5E,60E0FB00,60E32000_N3M5E,0x71015,0x7242c,5143,cal_data,cal_data:5025 cal_table:118,,118,Fuelling - Safe Mode; Fuelling 0; Fuelling 1; Fuelling 10 - Safe Mode; Fuelling 2 - Safe Mode; Fuelling 3; Fuelling 4; Fuelling 5; ...
60E0FB00__vs__60E32000_N3M5E,60E0FB00,60E32000_N3M5E,0x72434,0x74c9a,10342,cal_data,cal_data:10202 cal_table:140,,140,Accel Pedal to Throttle Position #1; Accel Pedal to Throttle Position #2; Accel Pedal to Throttle Position #3; Fuelling 11; Fuelling 12; Fuelling 13 - Safe Mode; Fuelling 14 - Safe mode; Fuelling 15; ...
60E0FB00__vs__60E32000_N3M5E,60E0FB00,60E32000_N3M5E,0x74ca4,0x7c717,31347,cal_data,cal_data:30806 cal_table:541,,541,Accel Pedal to Throttle Position #4; AirFlow Inj Angle Related; Airflow Or Load Related; Auxillary Valve Close; Barometric Pressure Sensor Max Voltage; Barometric Pressure Sensor Min Voltage; Barometric Pressure Sensor Offset; Barometric Pressure Sensor Slope; ...
60E0FB00__vs__60E32000_N3M5E,60E0FB00,60E32000_N3M5E,0x7c722,0x7e3f3,7377,cal_data,cal_data:4976 tail:2292 cal_table:109,,109,Ignition Dwell Time_; Table 2D - 235_; Table 2D - 236_; Table 2D - 237_; Table 2D - 238_; Table 2D - 239_; Table 2D - 240_; Table 2D - 241_; ...
60E0FB00__vs__60E32000_N3M5E,60E0FB00,60E32000_N3M5E,0x7e3fe,0x7e736,824,tail,tail:824,,0,
60E0FB00__vs__60E32000_N3M5E,60E0FB00,60E32000_N3M5E,0x7e74c,0x7fa0c,4800,tail,tail:4800,,0,
60E0FB00__vs__60E32000_N3M5E,60E0FB00,60E32000_N3M5E,0x7fb01,0x7fb04,3,tail,tail:3,,0,
60E0FB00__vs__60E32000_N3M5E,60E0FB00,60E32000_N3M5E,0x7fb88,0x7fb8c,4,tail,tail:4,,0,
60E0FB00__vs__60E32000_N3M5E,60E0FB00,60E32000_N3M5E,0x7fc53,0x7fd50,253,tail,tail:253,,0,
60E0FB00__vs__60E32000_N3M5E,60E0FB00,60E32000_N3M5E,0x7fd77,0x7fdd0,89,tail,tail:89,,0,
60E0FB00__vs__60E32000_N3M5E,60E0FB00,60E32000_N3M5E,0x7fdf7,0x7fe00,9,tail,tail:9,,0,
60E0FB00__vs__60E32000_N3M5E,60E0FB00,60E32000_N3M5E,0x7fe27,0x7fe30,9,tail,tail:9,,0,
60E0FB00__vs__60E32000_N3M5E,60E0FB00,60E32000_N3M5E,0x7fe47,0x7fe50,9,tail,tail:9,,0,
60E0FB00__vs__60E32000_N3M5E,60E0FB00,60E32000_N3M5E,0x7fe67,0x7fe70,9,tail,tail:9,,0,
60E0FB00__vs__60E32000_N3M5E,60E0FB00,60E32000_N3M5E,0x7fe87,0x7fe90,9,tail,tail:9,,0,
60E0FB00__vs__60E32000_N3M5E,60E0FB00,60E32000_N3M5E,0x7ff07,0x7ff3c,53,tail,tail:53,,0,
60E0FB00__vs__60E32000_N3M5E,60E0FB00,60E32000_N3M5E,0x7ff47,0x7ff70,41,tail,tail:41,,0,
60E0FB00__vs__60E32000_N3M5E,60E0FB00,60E32000_N3M5E,0x7ffd7,0x7ffe0,9,tail,tail:9,,0,
60E0FB00__vs__60E32000_N3M5E,60E0FB00,60E32000_N3M5E,0x7fff4,0x7fffc,8,tail,tail:8,,0,
60E0FC00__vs__60E15120_N3J1E,60E0FC00,60E15120_N3J1E,0xffc,0xffe,2,header,header:2,,0,
60E0FC00__vs__60E15120_N3J1E,60E0FC00,60E15120_N3J1E,0x2003,0x2007,4,code,code:4,,0,
60E0FC00__vs__60E15120_N3J1E,60E0FC00,60E15120_N3J1E,0x2020,0x2023,3,code,code:3,,0,
60E0FC00__vs__60E15120_N3J1E,60E0FC00,60E15120_N3J1E,0x5342,0x5343,1,code,code:1,,0,
60E0FC00__vs__60E15120_N3J1E,60E0FC00,60E15120_N3J1E,0x628f,0x6290,1,code,code:1,,0,
60E0FC00__vs__60E15120_N3J1E,60E0FC00,60E15120_N3J1E,0x63d7,0x63e4,13,code,code:13,,0,
60E0FC00__vs__60E15120_N3J1E,60E0FC00,60E15120_N3J1E,0x63ef,0x63f0,1,code,code:1,,0,
60E0FC00__vs__60E15120_N3J1E,60E0FC00,60E15120_N3J1E,0x652a,0x652c,2,code,code:2,,0,
60E0FC00__vs__60E15120_N3J1E,60E0FC00,60E15120_N3J1E,0x655a,0x655c,2,code,code:2,,0,
60E0FC00__vs__60E15120_N3J1E,60E0FC00,60E15120_N3J1E,0x656f,0x6578,9,code,code:9,,0,
60E0FC00__vs__60E15120_N3J1E,60E0FC00,60E15120_N3J1E,0x6583,0x6584,1,code,code:1,,0,
60E0FC00__vs__60E15120_N3J1E,60E0FC00,60E15120_N3J1E,0x66ba,0x66bc,2,code,code:2,,0,
60E0FC00__vs__60E15120_N3J1E,60E0FC00,60E15120_N3J1E,0x66cb,0x66cc,1,code,code:1,,0,
60E0FC00__vs__60E15120_N3J1E,60E0FC00,60E15120_N3J1E,0x66da,0x66e8,14,code,code:14,,0,
60E0FC00__vs__60E15120_N3J1E,60E0FC00,60E15120_N3J1E,0x66fb,0x6704,9,code,code:9,,0,
60E0FC00__vs__60E15120_N3J1E,60E0FC00,60E15120_N3J1E,0x670f,0x6724,21,code,code:21,,0,
60E0FC00__vs__60E15120_N3J1E,60E0FC00,60E15120_N3J1E,0x6737,0x6744,13,code,code:13,,0,
60E0FC00__vs__60E15120_N3J1E,60E0FC00,60E15120_N3J1E,0x730a,0x730b,1,code,code:1,,0,
60E0FC00__vs__60E15120_N3J1E,60E0FC00,60E15120_N3J1E,0x731a,0x731c,2,code,code:2,,0,
60E0FC00__vs__60E15120_N3J1E,60E0FC00,60E15120_N3J1E,0x732a,0x732f,5,code,code:5,,0,
60E0FC00__vs__60E15120_N3J1E,60E0FC00,60E15120_N3J1E,0x7386,0x7387,1,code,code:1,,0,
60E0FC00__vs__60E15120_N3J1E,60E0FC00,60E15120_N3J1E,0x7392,0x7393,1,code,code:1,,0,
60E0FC00__vs__60E15120_N3J1E,60E0FC00,60E15120_N3J1E,0x7412,0x7413,1,code,code:1,,0,
60E0FC00__vs__60E15120_N3J1E,60E0FC00,60E15120_N3J1E,0x7422,0x7424,2,code,code:2,,0,
60E0FC00__vs__60E15120_N3J1E,60E0FC00,60E15120_N3J1E,0x7432,0x7437,5,code,code:5,,0,
60E0FC00__vs__60E15120_N3J1E,60E0FC00,60E15120_N3J1E,0x7496,0x7498,2,code,code:2,,0,
60E0FC00__vs__60E15120_N3J1E,60E0FC00,60E15120_N3J1E,0x74a6,0x74ab,5,code,code:5,,0,
60E0FC00__vs__60E15120_N3J1E,60E0FC00,60E15120_N3J1E,0x76aa,0x76ab,1,code,code:1,,0,
60E0FC00__vs__60E15120_N3J1E,60E0FC00,60E15120_N3J1E,0x77c2,0x77c3,1,code,code:1,,0,
60E0FC00__vs__60E15120_N3J1E,60E0FC00,60E15120_N3J1E,0x7b1b,0x7b1c,1,code,code:1,,0,
60E0FC00__vs__60E15120_N3J1E,60E0FC00,60E15120_N3J1E,0x7b2f,0x7b30,1,code,code:1,,0,
60E0FC00__vs__60E15120_N3J1E,60E0FC00,60E15120_N3J1E,0x7c3a,0x7c3b,1,code,code:1,,0,
60E0FC00__vs__60E15120_N3J1E,60E0FC00,60E15120_N3J1E,0x7c56,0x7c57,1,code,code:1,,0,
60E0FC00__vs__60E15120_N3J1E,60E0FC00,60E15120_N3J1E,0x7e8a,0x7e8b,1,code,code:1,,0,
60E0FC00__vs__60E15120_N3J1E,60E0FC00,60E15120_N3J1E,0x7f8a,0x7f8b,1,code,code:1,,0,
60E0FC00__vs__60E15120_N3J1E,60E0FC00,60E15120_N3J1E,0x8e6a,0x8e6b,1,code,code:1,,0,
60E0FC00__vs__60E15120_N3J1E,60E0FC00,60E15120_N3J1E,0x94de,0x94e0,2,code,code:2,,0,
60E0FC00__vs__60E15120_N3J1E,60E0FC00,60E15120_N3J1E,0x961a,0x9630,22,code,code:22,,0,
60E0FC00__vs__60E15120_N3J1E,60E0FC00,60E15120_N3J1E,0x9886,0x9890,10,code,code:10,,0,
60E0FC00__vs__60E15120_N3J1E,60E0FC00,60E15120_N3J1E,0xa9fa,0xa9fb,1,code,code:1,,0,
60E0FC00__vs__60E15120_N3J1E,60E0FC00,60E15120_N3J1E,0xab1a,0xab1f,5,code,code:5,,0,
60E0FC00__vs__60E15120_N3J1E,60E0FC00,60E15120_N3J1E,0xac9a,0xac9c,2,code,code:2,,0,
60E0FC00__vs__60E15120_N3J1E,60E0FC00,60E15120_N3J1E,0xacda,0xacdc,2,code,code:2,,0,
60E0FC00__vs__60E15120_N3J1E,60E0FC00,60E15120_N3J1E,0xace6,0xace8,2,code,code:2,,0,
60E0FC00__vs__60E15120_N3J1E,60E0FC00,60E15120_N3J1E,0xae86,0xae87,1,code,code:1,,0,
60E0FC00__vs__60E15120_N3J1E,60E0FC00,60E15120_N3J1E,0xae9a,0xaeab,17,code,code:17,,0,
60E0FC00__vs__60E15120_N3J1E,60E0FC00,60E15120_N3J1E,0xaeb6,0xaed8,34,code,code:34,,0,
60E0FC00__vs__60E15120_N3J1E,60E0FC00,60E15120_N3J1E,0xaee2,0xaee4,2,code,code:2,,0,
60E0FC00__vs__60E15120_N3J1E,60E0FC00,60E15120_N3J1E,0xb01e,0xb01f,1,code,code:1,,0,
60E0FC00__vs__60E15120_N3J1E,60E0FC00,60E15120_N3J1E,0xb036,0xb037,1,code,code:1,,0,
60E0FC00__vs__60E15120_N3J1E,60E0FC00,60E15120_N3J1E,0xb046,0xb047,1,code,code:1,,0,
60E0FC00__vs__60E15120_N3J1E,60E0FC00,60E15120_N3J1E,0xb052,0xb054,2,code,code:2,,0,
60E0FC00__vs__60E15120_N3J1E,60E0FC00,60E15120_N3J1E,0xb142,0xb150,14,code,code:14,,0,
60E0FC00__vs__60E15120_N3J1E,60E0FC00,60E15120_N3J1E,0xb166,0xb16f,9,code,code:9,,0,
60E0FC00__vs__60E15120_N3J1E,60E0FC00,60E15120_N3J1E,0xb17a,0xb17f,5,code,code:5,,0,
60E0FC00__vs__60E15120_N3J1E,60E0FC00,60E15120_N3J1E,0xb216,0xb217,1,code,code:1,,0,
60E0FC00__vs__60E15120_N3J1E,60E0FC00,60E15120_N3J1E,0xb222,0xb223,1,code,code:1,,0,
60E0FC00__vs__60E15120_N3J1E,60E0FC00,60E15120_N3J1E,0xb4ce,0xb4eb,29,code,code:29,,0,
60E0FC00__vs__60E15120_N3J1E,60E0FC00,60E15120_N3J1E,0xb66a,0xb66c,2,code,code:2,,0,
60E0FC00__vs__60E15120_N3J1E,60E0FC00,60E15120_N3J1E,0xc2ca,0xc2dc,18,code,code:18,,0,
60E0FC00__vs__60E15120_N3J1E,60E0FC00,60E15120_N3J1E,0xc2ea,0xc2ec,2,code,code:2,,0,
60E0FC00__vs__60E15120_N3J1E,60E0FC00,60E15120_N3J1E,0xc30a,0xc30c,2,code,code:2,,0,
60E0FC00__vs__60E15120_N3J1E,60E0FC00,60E15120_N3J1E,0xc332,0xc337,5,code,code:5,,0,
60E0FC00__vs__60E15120_N3J1E,60E0FC00,60E15120_N3J1E,0xc452,0xc460,14,code,code:14,,0,
60E0FC00__vs__60E15120_N3J1E,60E0FC00,60E15120_N3J1E,0xc46e,0xc470,2,code,code:2,,0,
60E0FC00__vs__60E15120_N3J1E,60E0FC00,60E15120_N3J1E,0xc6da,0xc6dc,2,code,code:2,,0,
60E0FC00__vs__60E15120_N3J1E,60E0FC00,60E15120_N3J1E,0xc6f6,0xc6f8,2,code,code:2,,0,
60E0FC00__vs__60E15120_N3J1E,60E0FC00,60E15120_N3J1E,0xc727,0xc728,1,code,code:1,,0,
60E0FC00__vs__60E15120_N3J1E,60E0FC00,60E15120_N3J1E,0xc73a,0xc754,26,code,code:26,,0,
60E0FC00__vs__60E15120_N3J1E,60E0FC00,60E15120_N3J1E,0xc766,0xc768,2,code,code:2,,0,
60E0FC00__vs__60E15120_N3J1E,60E0FC00,60E15120_N3J1E,0xc89a,0xc89c,2,code,code:2,,0,
60E0FC00__vs__60E15120_N3J1E,60E0FC00,60E15120_N3J1E,0xca06,0xca14,14,code,code:14,,0,
60E0FC00__vs__60E15120_N3J1E,60E0FC00,60E15120_N3J1E,0xd1ba,0xd1bb,1,code,code:1,,0,
60E0FC00__vs__60E15120_N3J1E,60E0FC00,60E15120_N3J1E,0xd1ca,0xd1d0,6,code,code:6,,0,
60E0FC00__vs__60E15120_N3J1E,60E0FC00,60E15120_N3J1E,0xd1da,0xd1df,5,code,code:5,,0,
60E0FC00__vs__60E15120_N3J1E,60E0FC00,60E15120_N3J1E,0xd886,0xd888,2,code,code:2,,0,
60E0FC00__vs__60E15120_N3J1E,60E0FC00,60E15120_N3J1E,0xd992,0xd9ac,26,code,code:26,,0,
60E0FC00__vs__60E15120_N3J1E,60E0FC00,60E15120_N3J1E,0xd9db,0xd9f4,25,code,code:25,,0,
60E0FC00__vs__60E15120_N3J1E,60E0FC00,60E15120_N3J1E,0xdb0f,0xdb28,25,code,code:25,,0,
60E0FC00__vs__60E15120_N3J1E,60E0FC00,60E15120_N3J1E,0xdb32,0xdb58,38,code,code:38,,0,
60E0FC00__vs__60E15120_N3J1E,60E0FC00,60E15120_N3J1E,0xdc5d,0xdc64,7,code,code:7,,0,
60E0FC00__vs__60E15120_N3J1E,60E0FC00,60E15120_N3J1E,0xdc72,0xdcc0,78,code,code:78,,0,
60E0FC00__vs__60E15120_N3J1E,60E0FC00,60E15120_N3J1E,0xddbd,0xddc0,3,code,code:3,,0,
60E0FC00__vs__60E15120_N3J1E,60E0FC00,60E15120_N3J1E,0xdedb,0xdf24,73,code,code:73,,0,
60E0FC00__vs__60E15120_N3J1E,60E0FC00,60E15120_N3J1E,0xdf2d,0xdf38,11,code,code:11,,0,
60E0FC00__vs__60E15120_N3J1E,60E0FC00,60E15120_N3J1E,0xdf45,0x102ac,9063,code,code:9063,,0,
60E0FC00__vs__60E15120_N3J1E,60E0FC00,60E15120_N3J1E,0x102d2,0x102d3,1,code,code:1,,0,
60E0FC00__vs__60E15120_N3J1E,60E0FC00,60E15120_N3J1E,0x102e2,0x10964,1666,code,code:1666,,0,
60E0FC00__vs__60E15120_N3J1E,60E0FC00,60E15120_N3J1E,0x1096d,0x4b4b2,240453,code,code:240453,,0,
60E0FC00__vs__60E15120_N3J1E,60E0FC00,60E15120_N3J1E,0x4b4ba,0x68f56,121500,code,code:121500,,0,
60E0FC00__vs__60E15120_N3J1E,60E0FC00,60E15120_N3J1E,0x68f5e,0x6bc7c,11550,code,code:11550,,0,
60E0FC00__vs__60E15120_N3J1E,60E0FC00,60E15120_N3J1E,0x6c000,0x6c061,97,code,code:97,,0,
60E0FC00__vs__60E15120_N3J1E,60E0FC00,60E15120_N3J1E,0x6c0e0,0x6d8a8,6088,padding,padding:2960 cal_data:2676 code:400 cal_table:52,,52,Barometric Pressure Sensor Max ADC Count; Barometric Pressure Sensor Min ADC Count; Cold Rev Limit; Cold Rev Limit Threshold; Idle Related; Ignition 2; Ignition Leading 0; Ignition Leading 1; ...
60E0FC00__vs__60E15120_N3J1E,60E0FC00,60E15120_N3J1E,0x6d8b8,0x6e13e,2182,cal_data,cal_data:2167 cal_table:15,,15,Ignition; Ignition 0 - Safe Mode; Ignition Leading 4; Ignition Leading Base; Ignition Leading Base - Safe Mode; X; X; X; ...
60E0FC00__vs__60E15120_N3J1E,60E0FC00,60E15120_N3J1E,0x6e14a,0x6e1ac,98,cal_data,cal_data:97 cal_table:1,,1,Y
60E0FC00__vs__60E15120_N3J1E,60E0FC00,60E15120_N3J1E,0x6e1c4,0x6f1fe,4154,cal_data,cal_data:4055 cal_table:99,,99,Idle Target; Idle Target 0; Idle Target 1; Idle Target 2; Idle Target 3; Idle Target 4; Idle Target 5; Idle Target 6; ...
60E0FC00__vs__60E15120_N3J1E,60E0FC00,60E15120_N3J1E,0x6f208,0x70f1f,7447,cal_data,cal_data:7317 cal_table:130,,130,CLT Sensor Scaling; IAT Sensor Scaling; Ignition 10; Ignition 11; Ignition 12; Ignition 13; Ignition 14; Ignition 15; ...
60E0FC00__vs__60E15120_N3J1E,60E0FC00,60E15120_N3J1E,0x70f3c,0x7105a,286,cal_data,cal_data:283 cal_table:3,,3,Table 3D - 30_; X; Y
60E0FC00__vs__60E15120_N3J1E,60E0FC00,60E15120_N3J1E,0x71064,0x71573,1295,cal_data,cal_data:1286 cal_table:9,,9,Table 3D - 108_; Table 3D - 31_; Table 3D - 32_; X; X; X; Y; Y; ...
60E0FC00__vs__60E15120_N3J1E,60E0FC00,60E15120_N3J1E,0x71580,0x7201b,2715,cal_data,cal_data:2636 cal_table:79,,79,Fuelling - Safe Mode; Fuelling 0; Fuelling 1; Fuelling 2 - Safe Mode; Fuelling 3; Fuelling 4; Fuelling 5; Fuelling 6; ...
60E0FC00__vs__60E15120_N3J1E,60E0FC00,60E15120_N3J1E,0x72025,0x72aec,2759,cal_data,cal_data:2712 cal_table:47,,47,Fuelling 10 - Safe Mode; Fuelling 11; Fuelling 12; Fuelling 13 - Safe Mode; Fuelling 14 - Safe mode; Fuelling 15; Fuelling 16; Fuelling 8; ...
60E0FC00__vs__60E15120_N3J1E,60E0FC00,60E15120_N3J1E,0x72af4,0x78158,22116,cal_data,cal_data:21836 cal_table:280,,280,Accel Pedal to Throttle Position #1; Accel Pedal to Throttle Position #2; Accel Pedal to Throttle Position #3; Accel Pedal to Throttle Position #4; Estimated Manifold Pressure; Injector Latency Primary; Injector Latency Secondary; Maximum Throttle Angle; ...
60E0FC00__vs__60E15120_N3J1E,60E0FC00,60E15120_N3J1E,0x78166,0x7acfc,11158,cal_data,cal_data:10899 cal_table:259,,259,Airflow Or Load Related; Auxillary Valve Close; Barometric Pressure Sensor Max Voltage; Barometric Pressure Sensor Min Voltage; Barometric Pressure Sensor Offset; Barometric Pressure Sensor Slope; Engine Load Compensation; Knock Rel #0; ...
60E0FC00__vs__60E15120_N3J1E,60E0FC00,60E15120_N3J1E,0x7ad04,0x7af82,638,cal_data,cal_data:619 cal_table:19,,19,Injection Angle Related AFR Input; Table 2D - 259_; Table 2D - 376 Check DataType; Table 2D - 377 Check DataType; Table 3D - 88_; Table 3D - 89_; Table 3D - 90_; Unknown Lambda Input; ...
60E0FC00__vs__60E15120_N3J1E,60E0FC00,60E15120_N3J1E,0x7af8b,0x7c68d,5890,cal_data,cal_data:5790 cal_table:100,,100,AirFlow Inj Angle Related; Injection Angle; Load Limit A; Load Limit B; Load Limit C; Table 2D - 262_; Table 2D - 264_; Table 2D - 265_; ...
60E0FC00__vs__60E15120_N3J1E,60E0FC00,60E15120_N3J1E,0x7c696,0x7e317,7297,cal_data,cal_data:5110 tail:2072 cal_table:115,,115,Ignition Dwell Time_; Table 2D - 235_; Table 2D - 236_; Table 2D - 237_; Table 2D - 238_; Table 2D - 239_; Table 2D - 240_; Table 2D - 241_; ...
60E0FC00__vs__60E15120_N3J1E,60E0FC00,60E15120_N3J1E,0x7e32a,0x7e652,808,tail,tail:808,,0,
60E0FC00__vs__60E15120_N3J1E,60E0FC00,60E15120_N3J1E,0x7e678,0x7f760,4328,tail,tail:4328,,0,
60E0FC00__vs__60E15120_N3J1E,60E0FC00,60E15120_N3J1E,0x7fb01,0x7fb04,3,tail,tail:3,,0,
60E0FC00__vs__60E15120_N3J1E,60E0FC00,60E15120_N3J1E,0x7fb88,0x7fb8c,4,tail,tail:4,,0,
60E0FC00__vs__60E15120_N3J1E,60E0FC00,60E15120_N3J1E,0x7fff4,0x7fff8,4,tail,tail:4,,0,
60E0FC00__vs__60E1B900,60E0FC00,60E1B900,0xffb,0x1008,13,header,header:13,,0,
60E0FC00__vs__60E1B900,60E0FC00,60E1B900,0x1039,0x1302,713,header,header:713,,0,
60E0FC00__vs__60E1B900,60E0FC00,60E1B900,0x130b,0x2006,3323,header,header:3317 code:6,,0,
60E0FC00__vs__60E1B900,60E0FC00,60E1B900,0x2723,0x2724,1,code,code:1,,0,
60E0FC00__vs__60E1B900,60E0FC00,60E1B900,0x273b,0x273c,1,code,code:1,,0,
60E0FC00__vs__60E1B900,60E0FC00,60E1B900,0x2753,0x2754,1,code,code:1,,0,
60E0FC00__vs__60E1B900,60E0FC00,60E1B900,0x276a,0x276c,2,code,code:2,,0,
60E0FC00__vs__60E1B900,60E0FC00,60E1B900,0x2782,0x2784,2,code,code:2,,0,
60E0FC00__vs__60E1B900,60E0FC00,60E1B900,0x279b,0x279c,1,code,code:1,,0,
60E0FC00__vs__60E1B900,60E0FC00,60E1B900,0x27b3,0x27b4,1,code,code:1,,0,
60E0FC00__vs__60E1B900,60E0FC00,60E1B900,0x27cb,0x27cc,1,code,code:1,,0,
60E0FC00__vs__60E1B900,60E0FC00,60E1B900,0x27e3,0x27e4,1,code,code:1,,0,
60E0FC00__vs__60E1B900,60E0FC00,60E1B900,0x27fb,0x27fc,1,code,code:1,,0,
60E0FC00__vs__60E1B900,60E0FC00,60E1B900,0x2813,0x2814,1,code,code:1,,0,
60E0FC00__vs__60E1B900,60E0FC00,60E1B900,0x282b,0x282c,1,code,code:1,,0,
60E0FC00__vs__60E1B900,60E0FC00,60E1B900,0x2843,0x2844,1,code,code:1,,0,
60E0FC00__vs__60E1B900,60E0FC00,60E1B900,0x285b,0x285c,1,code,code:1,,0,
60E0FC00__vs__60E1B900,60E0FC00,60E1B900,0x2873,0x2874,1,code,code:1,,0,
60E0FC00__vs__60E1B900,60E0FC00,60E1B900,0x288b,0x288c,1,code,code:1,,0,
60E0FC00__vs__60E1B900,60E0FC00,60E1B900,0x28a3,0x28a4,1,code,code:1,,0,
60E0FC00__vs__60E1B900,60E0FC00,60E1B900,0x28bb,0x28bc,1,code,code:1,,0,
60E0FC00__vs__60E1B900,60E0FC00,60E1B900,0x28d3,0x28d4,1,code,code:1,,0,
60E0FC00__vs__60E1B900,60E0FC00,60E1B900,0x28ea,0x28ec,2,code,code:2,,0,
60E0FC00__vs__60E1B900,60E0FC00,60E1B900,0x2902,0x2904,2,code,code:2,,0,
60E0FC00__vs__60E1B900,60E0FC00,60E1B900,0x291b,0x291c,1,code,code:1,,0,
60E0FC00__vs__60E1B900,60E0FC00,60E1B900,0x2933,0x2934,1,code,code:1,,0,
60E0FC00__vs__60E1B900,60E0FC00,60E1B900,0x294b,0x294c,1,code,code:1,,0,
60E0FC00__vs__60E1B900,60E0FC00,60E1B900,0x2963,0x2964,1,code,code:1,,0,
60E0FC00__vs__60E1B900,60E0FC00,60E1B900,0x297b,0x297c,1,code,code:1,,0,
60E0FC00__vs__60E1B900,60E0FC00,60E1B900,0x2993,0x2994,1,code,code:1,,0,
60E0FC00__vs__60E1B900,60E0FC00,60E1B900,0x29ab,0x29ac,1,code,code:1,,0,
60E0FC00__vs__60E1B900,60E0FC00,60E1B900,0x29c3,0x29c4,1,code,code:1,,0,
60E0FC00__vs__60E1B900,60E0FC00,60E1B900,0x29db,0x29dc,1,code,code:1,,0,
60E0FC00__vs__60E1B900,60E0FC00,60E1B900,0x29f3,0x29f4,1,code,code:1,,0,
60E0FC00__vs__60E1B900,60E0FC00,60E1B900,0x2a0b,0x2a0c,1,code,code:1,,0,
60E0FC00__vs__60E1B900,60E0FC00,60E1B900,0x2a22,0x2a24,2,code,code:2,,0,
60E0FC00__vs__60E1B900,60E0FC00,60E1B900,0x2a3a,0x2a3c,2,code,code:2,,0,
60E0FC00__vs__60E1B900,60E0FC00,60E1B900,0x2a53,0x2a54,1,code,code:1,,0,
60E0FC00__vs__60E1B900,60E0FC00,60E1B900,0x2a6b,0x2a6c,1,code,code:1,,0,
60E0FC00__vs__60E1B900,60E0FC00,60E1B900,0x2a83,0x2a84,1,code,code:1,,0,
60E0FC00__vs__60E1B900,60E0FC00,60E1B900,0x2a9b,0x2a9c,1,code,code:1,,0,
60E0FC00__vs__60E1B900,60E0FC00,60E1B900,0x2ab3,0x2ab4,1,code,code:1,,0,
60E0FC00__vs__60E1B900,60E0FC00,60E1B900,0x2acb,0x2acc,1,code,code:1,,0,
60E0FC00__vs__60E1B900,60E0FC00,60E1B900,0x2ae3,0x2ae4,1,code,code:1,,0,
60E0FC00__vs__60E1B900,60E0FC00,60E1B900,0x2afb,0x2afc,1,code,code:1,,0,
60E0FC00__vs__60E1B900,60E0FC00,60E1B900,0x2b13,0x2b14,1,code,code:1,,0,
60E0FC00__vs__60E1B900,60E0FC00,60E1B900,0x2b2b,0x2b2c,1,code,code:1,,0,
60E0FC00__vs__60E1B900,60E0FC00,60E1B900,0x2b43,0x2b44,1,code,code:1,,0,
60E0FC00__vs__60E1B900,60E0FC00,60E1B900,0x2b5b,0x2b5c,1,code,code:1,,0,
60E0FC00__vs__60E1B900,60E0FC00,60E1B900,0x2b73,0x2b74,1,code,code:1,,0,
60E0FC00__vs__60E1B900,60E0FC00,60E1B900,0x2b8b,0x2b8c,1,code,code:1,,0,
60E0FC00__vs__60E1B900,60E0FC00,60E1B900,0x2ba3,0x2ba4,1,code,code:1,,0,
60E0FC00__vs__60E1B900,60E0FC00,60E1B900,0x2bba,0x2bbc,2,code,code:2,,0,
60E0FC00__vs__60E1B900,60E0FC00,60E1B900,0x2bd2,0x2bd4,2,code,code:2,,0,
60E0FC00__vs__60E1B900,60E0FC00,60E1B900,0x2beb,0x2bec,1,code,code:1,,0,
60E0FC00__vs__60E1B900,60E0FC00,60E1B900,0x2c03,0x2c04,1,code,code:1,,0,
60E0FC00__vs__60E1B900,60E0FC00,60E1B900,0x2c1b,0x2c1c,1,code,code:1,,0,
60E0FC00__vs__60E1B900,60E0FC00,60E1B900,0x2c33,0x2c34,1,code,code:1,,0,
60E0FC00__vs__60E1B900,60E0FC00,60E1B900,0x2c4b,0x2c4c,1,code,code:1,,0,
60E0FC00__vs__60E1B900,60E0FC00,60E1B900,0x2c63,0x2c64,1,code,code:1,,0,
60E0FC00__vs__60E1B900,60E0FC00,60E1B900,0x2c7b,0x2c7c,1,code,code:1,,0,
60E0FC00__vs__60E1B900,60E0FC00,60E1B900,0x2c93,0x2c94,1,code,code:1,,0,
60E0FC00__vs__60E1B900,60E0FC00,60E1B900,0x2cab,0x2cac,1,code,code:1,,0,
60E0FC00__vs__60E1B900,60E0FC00,60E1B900,0x2cc3,0x2cc4,1,code,code:1,,0,
60E0FC00__vs__60E1B900,60E0FC00,60E1B900,0x2cdb,0x2cdc,1,code,code:1,,0,
60E0FC00__vs__60E1B900,60E0FC00,60E1B900,0x2cf3,0x2cf4,1,code,code:1,,0,
60E0FC00__vs__60E1B900,60E0FC00,60E1B900,0x2d0b,0x2d0c,1,code,code:1,,0,
60E0FC00__vs__60E1B900,60E0FC00,60E1B900,0x2d22,0x2d24,2,code,code:2,,0,
60E0FC00__vs__60E1B900,60E0FC00,60E1B900,0x2d3a,0x2d3c,2,code,code:2,,0,
60E0FC00__vs__60E1B900,60E0FC00,60E1B900,0x2d53,0x2d54,1,code,code:1,,0,
60E0FC00__vs__60E1B900,60E0FC00,60E1B900,0x2d6b,0x2d6c,1,code,code:1,,0,
60E0FC00__vs__60E1B900,60E0FC00,60E1B900,0x2d83,0x2d84,1,code,code:1,,0,
60E0FC00__vs__60E1B900,60E0FC00,60E1B900,0x2d9b,0x2d9c,1,code,code:1,,0,
60E0FC00__vs__60E1B900,60E0FC00,60E1B900,0x2db3,0x2db4,1,code,code:1,,0,
60E0FC00__vs__60E1B900,60E0FC00,60E1B900,0x2dcb,0x2dcc,1,code,code:1,,0,
60E0FC00__vs__60E1B900,60E0FC00,60E1B900,0x2de3,0x2de4,1,code,code:1,,0,
60E0FC00__vs__60E1B900,60E0FC00,60E1B900,0x2dfb,0x2dfc,1,code,code:1,,0,
60E0FC00__vs__60E1B900,60E0FC00,60E1B900,0x2e13,0x2e14,1,code,code:1,,0,
60E0FC00__vs__60E1B900,60E0FC00,60E1B900,0x2e2b,0x2e2c,1,code,code:1,,0,
60E0FC00__vs__60E1B900,60E0FC00,60E1B900,0x2e42,0x2e44,2,code,code:2,,0,
60E0FC00__vs__60E1B900,60E0FC00,60E1B900,0x2e5a,0x2e5c,2,code,code:2,,0,
60E0FC00__vs__60E1B900,60E0FC00,60E1B900,0x2e73,0x2e74,1,code,code:1,,0,
60E0FC00__vs__60E1B900,60E0FC00,60E1B900,0x2e8b,0x2e8c,1,code,code:1,,0,
60E0FC00__vs__60E1B900,60E0FC00,60E1B900,0x2ea3,0x2ea4,1,code,code:1,,0,
60E0FC00__vs__60E1B900,60E0FC00,60E1B900,0x2ebb,0x2ebc,1,code,code:1,,0,
60E0FC00__vs__60E1B900,60E0FC00,60E1B900,0x2ed3,0x2ed4,1,code,code:1,,0,
60E0FC00__vs__60E1B900,60E0FC00,60E1B900,0x2eeb,0x2eec,1,code,code:1,,0,
60E0FC00__vs__60E1B900,60E0FC00,60E1B900,0x2f03,0x2f04,1,code,code:1,,0,
60E0FC00__vs__60E1B900,60E0FC00,60E1B900,0x2f1b,0x2f1c,1,code,code:1,,0,
60E0FC00__vs__60E1B900,60E0FC00,60E1B900,0x2f32,0x2f34,2,code,code:2,,0,
60E0FC00__vs__60E1B900,60E0FC00,60E1B900,0x2f4b,0x2f4c,1,code,code:1,,0,
60E0FC00__vs__60E1B900,60E0FC00,60E1B900,0x2f62,0x2f64,2,code,code:2,,0,
60E0FC00__vs__60E1B900,60E0FC00,60E1B900,0x2f7b,0x2f7c,1,code,code:1,,0,
60E0FC00__vs__60E1B900,60E0FC00,60E1B900,0x2f93,0x2f94,1,code,code:1,,0,
60E0FC00__vs__60E1B900,60E0FC00,60E1B900,0x2fab,0x2fac,1,code,code:1,,0,
60E0FC00__vs__60E1B900,60E0FC00,60E1B900,0x2fc3,0x2fc4,1,code,code:1,,0,
60E0FC00__vs__60E1B900,60E0FC00,60E1B900,0x2fda,0x2fdc,2,code,code:2,,0,
60E0FC00__vs__60E1B900,60E0FC00,60E1B900,0x2ff3,0x2ff4,1,code,code:1,,0,
60E0FC00__vs__60E1B900,60E0FC00,60E1B900,0x300b,0x300c,1,code,code:1,,0,
60E0FC00__vs__60E1B900,60E0FC00,60E1B900,0x3023,0x3024,1,code,code:1,,0,
60E0FC00__vs__60E1B900,60E0FC00,60E1B900,0x303b,0x303c,1,code,code:1,,0,
60E0FC00__vs__60E1B900,60E0FC00,60E1B900,0x3052,0x3054,2,code,code:2,,0,
60E0FC00__vs__60E1B900,60E0FC00,60E1B900,0x306b,0x306c,1,code,code:1,,0,
60E0FC00__vs__60E1B900,60E0FC00,60E1B900,0x3083,0x3084,1,code,code:1,,0,
60E0FC00__vs__60E1B900,60E0FC00,60E1B900,0x309b,0x309c,1,code,code:1,,0,
60E0FC00__vs__60E1B900,60E0FC00,60E1B900,0x30b3,0x30b4,1,code,code:1,,0,
60E0FC00__vs__60E1B900,60E0FC00,60E1B900,0x30cb,0x30cc,1,code,code:1,,0,
60E0FC00__vs__60E1B900,60E0FC00,60E1B900,0x30e3,0x30e4,1,code,code:1,,0,
60E0FC00__vs__60E1B900,60E0FC00,60E1B900,0x30fb,0x30fc,1,code,code:1,,0,
60E0FC00__vs__60E1B900,60E0FC00,60E1B900,0x3113,0x3114,1,code,code:1,,0,
60E0FC00__vs__60E1B900,60E0FC00,60E1B900,0x312b,0x312c,1,code,code:1,,0,
60E0FC00__vs__60E1B900,60E0FC00,60E1B900,0x3143,0x3144,1,code,code:1,,0,
60E0FC00__vs__60E1B900,60E0FC00,60E1B900,0x315b,0x315c,1,code,code:1,,0,
60E0FC00__vs__60E1B900,60E0FC00,60E1B900,0x3173,0x3174,1,code,code:1,,0,
60E0FC00__vs__60E1B900,60E0FC00,60E1B900,0x318b,0x318c,1,code,code:1,,0,
60E0FC00__vs__60E1B900,60E0FC00,60E1B900,0x31a3,0x31a4,1,code,code:1,,0,
60E0FC00__vs__60E1B900,60E0FC00,60E1B900,0x31bb,0x31bc,1,code,code:1,,0,
60E0FC00__vs__60E1B900,60E0FC00,60E1B900,0x31d3,0x31d4,1,code,code:1,,0,
60E0FC00__vs__60E1B900,60E0FC00,60E1B900,0x31ea,0x31ec,2,code,code:2,,0,
60E0FC00__vs__60E1B900,60E0FC00,60E1B900,0x3203,0x3204,1,code,code:1,,0,
60E0FC00__vs__60E1B900,60E0FC00,60E1B900,0x321a,0x321c,2,code,code:2,,0,
60E0FC00__vs__60E1B900,60E0FC00,60E1B900,0x3233,0x3234,1,code,code:1,,0,
60E0FC00__vs__60E1B900,60E0FC00,60E1B900,0x327a,0x327c,2,code,code:2,,0,
60E0FC00__vs__60E1B900,60E0FC00,60E1B900,0x32ee,0x32f0,2,code,code:2,,0,
60E0FC00__vs__60E1B900,60E0FC00,60E1B900,0x338a,0x338c,2,code,code:2,,0,
60E0FC00__vs__60E1B900,60E0FC00,60E1B900,0x33b6,0x33b8,2,code,code:2,,0,
60E0FC00__vs__60E1B900,60E0FC00,60E1B900,0x347a,0x3490,22,code,code:22,,0,
60E0FC00__vs__60E1B900,60E0FC00,60E1B900,0x3572,0x3578,6,code,code:6,,0,
60E0FC00__vs__60E1B900,60E0FC00,60E1B900,0x3676,0x3678,2,code,code:2,,0,
60E0FC00__vs__60E1B900,60E0FC00,60E1B900,0x36a2,0x36a4,2,code,code:2,,0,
60E0FC00__vs__60E1B900,60E0FC00,60E1B900,0x375a,0x375c,2,code,code:2,,0,
60E0FC00__vs__60E1B900,60E0FC00,60E1B900,0x3902,0x3904,2,code,code:2,,0,
60E0FC00__vs__60E1B900,60E0FC00,60E1B900,0x394e,0x3950,2,code,code:2,,0,
60E0FC00__vs__60E1B900,60E0FC00,60E1B900,0x3962,0x3964,2,code,code:2,,0,
60E0FC00__vs__60E1B900,60E0FC00,60E1B900,0x3aae,0x3ab4,6,code,code:6,,0,
60E0FC00__vs__60E1B900,60E0FC00,60E1B900,0x3ad6,0x3ad8,2,code,code:2,,0,
60E0FC00__vs__60E1B900,60E0FC00,60E1B900,0x3b22,0x3b28,6,code,code:6,,0,
60E0FC00__vs__60E1B900,60E0FC00,60E1B900,0x3d46,0x3d48,2,code,code:2,,0,
60E0FC00__vs__60E1B900,60E0FC00,60E1B900,0x3d9a,0x3d9c,2,code,code:2,,0,
60E0FC00__vs__60E1B900,60E0FC00,60E1B900,0x3e02,0x3e04,2,code,code:2,,0,
60E0FC00__vs__60E1B900,60E0FC00,60E1B900,0x3e82,0x3e84,2,code,code:2,,0,
60E0FC00__vs__60E1B900,60E0FC00,60E1B900,0x3f9a,0x3f9c,2,code,code:2,,0,
60E0FC00__vs__60E1B900,60E0FC00,60E1B900,0x3fa6,0x3fa8,2,code,code:2,,0,
60E0FC00__vs__60E1B900,60E0FC00,60E1B900,0x3fe6,0x3fe8,2,code,code:2,,0,
60E0FC00__vs__60E1B900,60E0FC00,60E1B900,0x4096,0x4098,2,code,code:2,,0,
60E0FC00__vs__60E1B900,60E0FC00,60E1B900,0x413e,0x4140,2,code,code:2,,0,
60E0FC00__vs__60E1B900,60E0FC00,60E1B900,0x4206,0x4208,2,code,code:2,,0,
60E0FC00__vs__60E1B900,60E0FC00,60E1B900,0x473e,0x4740,2,code,code:2,,0,
60E0FC00__vs__60E1B900,60E0FC00,60E1B900,0x493a,0x493c,2,code,code:2,,0,
60E0FC00__vs__60E1B900,60E0FC00,60E1B900,0x4996,0x499c,6,code,code:6,,0,
60E0FC00__vs__60E1B900,60E0FC00,60E1B900,0x49a6,0x49ad,7,code,code:7,,0,
60E0FC00__vs__60E1B900,60E0FC00,60E1B900,0x49b6,0x49bd,7,code,code:7,,0,
60E0FC00__vs__60E1B900,60E0FC00,60E1B900,0x49c6,0x49cd,7,code,code:7,,0,
60E0FC00__vs__60E1B900,60E0FC00,60E1B900,0x49d6,0x49dd,7,code,code:7,,0,
60E0FC00__vs__60E1B900,60E0FC00,60E1B900,0x49e6,0x49ec,6,code,code:6,,0,
60E0FC00__vs__60E1B900,60E0FC00,60E1B900,0x49f6,0x49fc,6,code,code:6,,0,
60E0FC00__vs__60E1B900,60E0FC00,60E1B900,0x4a06,0x4a0c,6,code,code:6,,0,
60E0FC00__vs__60E1B900,60E0FC00,60E1B900,0x4a16,0x4a1c,6,code,code:6,,0,
60E0FC00__vs__60E1B900,60E0FC00,60E1B900,0x4a26,0x4a2c,6,code,code:6,,0,
60E0FC00__vs__60E1B900,60E0FC00,60E1B900,0x4a36,0x4a3c,6,code,code:6,,0,
60E0FC00__vs__60E1B900,60E0FC00,60E1B900,0x4a46,0x4a4c,6,code,code:6,,0,
60E0FC00__vs__60E1B900,60E0FC00,60E1B900,0x4a56,0x4a5c,6,code,code:6,,0,
60E0FC00__vs__60E1B900,60E0FC00,60E1B900,0x4a66,0x4a6c,6,code,code:6,,0,
60E0FC00__vs__60E1B900,60E0FC00,60E1B900,0x4a76,0x4a7c,6,code,code:6,,0,
60E0FC00__vs__60E1B900,60E0FC00,60E1B900,0x4a86,0x4a8c,6,code,code:6,,0,
60E0FC00__vs__60E1B900,60E0FC00,60E1B900,0x4a96,0x4a9c,6,code,code:6,,0,
60E0FC00__vs__60E1B900,60E0FC00,60E1B900,0x4aa6,0x4aac,6,code,code:6,,0,
60E0FC00__vs__60E1B900,60E0FC00,60E1B900,0x4ab6,0x4abc,6,code,code:6,,0,
60E0FC00__vs__60E1B900,60E0FC00,60E1B900,0x4aca,0x4aec,34,code,code:34,,0,
60E0FC00__vs__60E1B900,60E0FC00,60E1B900,0x4b0e,0x4b10,2,code,code:2,,0,
60E0FC00__vs__60E1B900,60E0FC00,60E1B900,0x4c87,0x52b8,1585,code,code:1585,,0,
60E0FC00__vs__60E1B900,60E0FC00,60E1B900,0x52c3,0x52c4,1,code,code:1,,0,
60E0FC00__vs__60E1B900,60E0FC00,60E1B900,0x52cc,0x8214,12104,code,code:12104,,0,
60E0FC00__vs__60E1B900,60E0FC00,60E1B900,0x8224,0x829a,118,code,code:118,,0,
60E0FC00__vs__60E1B900,60E0FC00,60E1B900,0x82aa,0x1f746,95388,code,code:95388,,0,
60E0FC00__vs__60E1B900,60E0FC00,60E1B900,0x1f74e,0x20504,3510,code,code:3510,,0,
60E0FC00__vs__60E1B900,60E0FC00,60E1B900,0x2050c,0x375f4,94440,code,code:94440,,0,
60E0FC00__vs__60E1B900,60E0FC00,60E1B900,0x37601,0x37608,7,code,code:7,,0,
60E0FC00__vs__60E1B900,60E0FC00,60E1B900,0x3761b,0x3761c,1,code,code:1,,0,
60E0FC00__vs__60E1B900,60E0FC00,60E1B900,0x37625,0x37626,1,code,code:1,,0,
60E0FC00__vs__60E1B900,60E0FC00,60E1B900,0x3762f,0x37634,5,code,code:5,,0,
60E0FC00__vs__60E1B900,60E0FC00,60E1B900,0x3763f,0x37640,1,code,code:1,,0,
60E0FC00__vs__60E1B900,60E0FC00,60E1B900,0x37649,0x37666,29,code,code:29,,0,
60E0FC00__vs__60E1B900,60E0FC00,60E1B900,0x37671,0x3aefc,14475,code,code:14475,,0,
60E0FC00__vs__60E1B900,60E0FC00,60E1B900,0x3af06,0x3c348,5186,code,code:5186,,0,
60E0FC00__vs__60E1B900,60E0FC00,60E1B900,0x3c352,0x417ec,21658,code,code:21658,,0,
60E0FC00__vs__60E1B900,60E0FC00,60E1B900,0x417fd,0x50024,59431,code,code:59431,,0,
60E0FC00__vs__60E1B900,60E0FC00,60E1B900,0x5002d,0x518b6,6281,code,code:6281,,0,
60E0FC00__vs__60E1B900,60E0FC00,60E1B900,0x518c1,0x5afe8,38695,code,code:38695,,0,
60E0FC00__vs__60E1B900,60E0FC00,60E1B900,0x5aff0,0x618fe,26894,code,code:26894,,0,
60E0FC00__vs__60E1B900,60E0FC00,60E1B900,0x61906,0x6861d,27927,code,code:27927,,0,
60E0FC00__vs__60E1B900,60E0FC00,60E1B900,0x68625,0x68be5,1472,code,code:1472,,0,
60E0FC00__vs__60E1B900,60E0FC00,60E1B900,0x68bed,0x68dd8,491,code,code:491,,0,
60E0FC00__vs__60E1B900,60E0FC00,60E1B900,0x68de1,0x68dec,11,code,code:11,,0,
60E0FC00__vs__60E1B900,60E0FC00,60E1B900,0x68df5,0x68e00,11,code,code:11,,0,
60E0FC00__vs__60E1B900,60E0FC00,60E1B900,0x68e09,0x69634,2091,code,code:2091,,0,
60E0FC00__vs__60E1B900,60E0FC00,60E1B900,0x6963d,0x6a1dc,2975,code,code:2975,,0,
60E0FC00__vs__60E1B900,60E0FC00,60E1B900,0x6d303,0x6d30c,9,cal_data,cal_data:9,,0,
60E0FC00__vs__60E1B900,60E0FC00,60E1B900,0x6d314,0x6d317,3,cal_data,cal_data:3,,0,
60E0FC00__vs__60E1B900,60E0FC00,60E1B900,0x6d349,0x6d34c,3,cal_data,cal_data:3,,0,
60E0FC00__vs__60E1B900,60E0FC00,60E1B900,0x6d35b,0x6d35e,3,cal_data,cal_data:3,,0,
60E0FC00__vs__60E1B900,60E0FC00,60E1B900,0x6d3e4,0x6d3f0,12,cal_data,cal_data:12,,0,
60E0FC00__vs__60E1B900,60E0FC00,60E1B900,0x7fb00,0x7fb08,8,tail,tail:8,,0,
60E0FC00__vs__60E1B900,60E0FC00,60E1B900,0x7fb88,0x7fb8c,4,tail,tail:4,,0,
60E0FC00__vs__60E1B900,60E0FC00,60E1B900,0x7fc53,0x7fd50,253,tail,tail:253,,0,
60E0FC00__vs__60E1B900,60E0FC00,60E1B900,0x7fd77,0x7fdd0,89,tail,tail:89,,0,
60E0FC00__vs__60E1B900,60E0FC00,60E1B900,0x7fdf7,0x7fe00,9,tail,tail:9,,0,
60E0FC00__vs__60E1B900,60E0FC00,60E1B900,0x7fe27,0x7fe30,9,tail,tail:9,,0,
60E0FC00__vs__60E1B900,60E0FC00,60E1B900,0x7fe47,0x7fe50,9,tail,tail:9,,0,
60E0FC00__vs__60E1B900,60E0FC00,60E1B900,0x7fe67,0x7fe70,9,tail,tail:9,,0,
60E0FC00__vs__60E1B900,60E0FC00,60E1B900,0x7fe87,0x7fe90,9,tail,tail:9,,0,
60E0FC00__vs__60E1B900,60E0FC00,60E1B900,0x7ff07,0x7ff3c,53,tail,tail:53,,0,
60E0FC00__vs__60E1B900,60E0FC00,60E1B900,0x7ff47,0x7ff70,41,tail,tail:41,,0,
60E0FC00__vs__60E1B900,60E0FC00,60E1B900,0x7ffd7,0x7ffe0,9,tail,tail:9,,0,
60E0FC00__vs__60E1B900,60E0FC00,60E1B900,0x7fff4,0x7fffc,8,tail,tail:8,,0,
60E0FC00__vs__60E1C500_N3J6EB,60E0FC00,60E1C500_N3J6EB,0xffb,0x1008,13,header,header:13,,0,
60E0FC00__vs__60E1C500_N3J6EB,60E0FC00,60E1C500_N3J6EB,0x1039,0x1302,713,header,header:713,,0,
60E0FC00__vs__60E1C500_N3J6EB,60E0FC00,60E1C500_N3J6EB,0x130b,0x2006,3323,header,header:3317 code:6,,0,
60E0FC00__vs__60E1C500_N3J6EB,60E0FC00,60E1C500_N3J6EB,0x2021,0x2023,2,code,code:2,,0,
60E0FC00__vs__60E1C500_N3J6EB,60E0FC00,60E1C500_N3J6EB,0x2723,0x2724,1,code,code:1,,0,
60E0FC00__vs__60E1C500_N3J6EB,60E0FC00,60E1C500_N3J6EB,0x273b,0x273c,1,code,code:1,,0,
60E0FC00__vs__60E1C500_N3J6EB,60E0FC00,60E1C500_N3J6EB,0x2753,0x2754,1,code,code:1,,0,
60E0FC00__vs__60E1C500_N3J6EB,60E0FC00,60E1C500_N3J6EB,0x276a,0x276c,2,code,code:2,,0,
60E0FC00__vs__60E1C500_N3J6EB,60E0FC00,60E1C500_N3J6EB,0x2782,0x2784,2,code,code:2,,0,
60E0FC00__vs__60E1C500_N3J6EB,60E0FC00,60E1C500_N3J6EB,0x279b,0x279c,1,code,code:1,,0,
60E0FC00__vs__60E1C500_N3J6EB,60E0FC00,60E1C500_N3J6EB,0x27b3,0x27b4,1,code,code:1,,0,
60E0FC00__vs__60E1C500_N3J6EB,60E0FC00,60E1C500_N3J6EB,0x27cb,0x27cc,1,code,code:1,,0,
60E0FC00__vs__60E1C500_N3J6EB,60E0FC00,60E1C500_N3J6EB,0x27e3,0x27e4,1,code,code:1,,0,
60E0FC00__vs__60E1C500_N3J6EB,60E0FC00,60E1C500_N3J6EB,0x27fb,0x27fc,1,code,code:1,,0,
60E0FC00__vs__60E1C500_N3J6EB,60E0FC00,60E1C500_N3J6EB,0x2813,0x2814,1,code,code:1,,0,
60E0FC00__vs__60E1C500_N3J6EB,60E0FC00,60E1C500_N3J6EB,0x282b,0x282c,1,code,code:1,,0,
60E0FC00__vs__60E1C500_N3J6EB,60E0FC00,60E1C500_N3J6EB,0x2843,0x2844,1,code,code:1,,0,
60E0FC00__vs__60E1C500_N3J6EB,60E0FC00,60E1C500_N3J6EB,0x285b,0x285c,1,code,code:1,,0,
60E0FC00__vs__60E1C500_N3J6EB,60E0FC00,60E1C500_N3J6EB,0x2873,0x2874,1,code,code:1,,0,
60E0FC00__vs__60E1C500_N3J6EB,60E0FC00,60E1C500_N3J6EB,0x288b,0x288c,1,code,code:1,,0,
60E0FC00__vs__60E1C500_N3J6EB,60E0FC00,60E1C500_N3J6EB,0x28a3,0x28a4,1,code,code:1,,0,
60E0FC00__vs__60E1C500_N3J6EB,60E0FC00,60E1C500_N3J6EB,0x28bb,0x28bc,1,code,code:1,,0,
60E0FC00__vs__60E1C500_N3J6EB,60E0FC00,60E1C500_N3J6EB,0x28d3,0x28d4,1,code,code:1,,0,
60E0FC00__vs__60E1C500_N3J6EB,60E0FC00,60E1C500_N3J6EB,0x28ea,0x28ec,2,code,code:2,,0,
60E0FC00__vs__60E1C500_N3J6EB,60E0FC00,60E1C500_N3J6EB,0x2902,0x2904,2,code,code:2,,0,
60E0FC00__vs__60E1C500_N3J6EB,60E0FC00,60E1C500_N3J6EB,0x291b,0x291c,1,code,code:1,,0,
60E0FC00__vs__60E1C500_N3J6EB,60E0FC00,60E1C500_N3J6EB,0x2933,0x2934,1,code,code:1,,0,
60E0FC00__vs__60E1C500_N3J6EB,60E0FC00,60E1C500_N3J6EB,0x294b,0x294c,1,code,code:1,,0,
60E0FC00__vs__60E1C500_N3J6EB,60E0FC00,60E1C500_N3J6EB,0x2963,0x2964,1,code,code:1,,0,
60E0FC00__vs__60E1C500_N3J6EB,60E0FC00,60E1C500_N3J6EB,0x297b,0x297c,1,code,code:1,,0,
60E0FC00__vs__60E1C500_N3J6EB,60E0FC00,60E1C500_N3J6EB,0x2993,0x2994,1,code,code:1,,0,
60E0FC00__vs__60E1C500_N3J6EB,60E0FC00,60E1C500_N3J6EB,0x29ab,0x29ac,1,code,code:1,,0,
60E0FC00__vs__60E1C500_N3J6EB,60E0FC00,60E1C500_N3J6EB,0x29c3,0x29c4,1,code,code:1,,0,
60E0FC00__vs__60E1C500_N3J6EB,60E0FC00,60E1C500_N3J6EB,0x29db,0x29dc,1,code,code:1,,0,
60E0FC00__vs__60E1C500_N3J6EB,60E0FC00,60E1C500_N3J6EB,0x29f3,0x29f4,1,code,code:1,,0,
60E0FC00__vs__60E1C500_N3J6EB,60E0FC00,60E1C500_N3J6EB,0x2a0b,0x2a0c,1,code,code:1,,0,
60E0FC00__vs__60E1C500_N3J6EB,60E0FC00,60E1C500_N3J6EB,0x2a22,0x2a24,2,code,code:2,,0,
60E0FC00__vs__60E1C500_N3J6EB,60E0FC00,60E1C500_N3J6EB,0x2a3a,0x2a3c,2,code,code:2,,0,
60E0FC00__vs__60E1C500_N3J6EB,60E0FC00,60E1C500_N3J6EB,0x2a53,0x2a54,1,code,code:1,,0,
60E0FC00__vs__60E1C500_N3J6EB,60E0FC00,60E1C500_N3J6EB,0x2a6b,0x2a6c,1,code,code:1,,0,
60E0FC00__vs__60E1C500_N3J6EB,60E0FC00,60E1C500_N3J6EB,0x2a83,0x2a84,1,code,code:1,,0,
60E0FC00__vs__60E1C500_N3J6EB,60E0FC00,60E1C500_N3J6EB,0x2a9b,0x2a9c,1,code,code:1,,0,
60E0FC00__vs__60E1C500_N3J6EB,60E0FC00,60E1C500_N3J6EB,0x2ab3,0x2ab4,1,code,code:1,,0,
60E0FC00__vs__60E1C500_N3J6EB,60E0FC00,60E1C500_N3J6EB,0x2acb,0x2acc,1,code,code:1,,0,
60E0FC00__vs__60E1C500_N3J6EB,60E0FC00,60E1C500_N3J6EB,0x2ae3,0x2ae4,1,code,code:1,,0,
60E0FC00__vs__60E1C500_N3J6EB,60E0FC00,60E1C500_N3J6EB,0x2afb,0x2afc,1,code,code:1,,0,
60E0FC00__vs__60E1C500_N3J6EB,60E0FC00,60E1C500_N3J6EB,0x2b13,0x2b14,1,code,code:1,,0,
60E0FC00__vs__60E1C500_N3J6EB,60E0FC00,60E1C500_N3J6EB,0x2b2b,0x2b2c,1,code,code:1,,0,
60E0FC00__vs__60E1C500_N3J6EB,60E0FC00,60E1C500_N3J6EB,0x2b43,0x2b44,1,code,code:1,,0,
60E0FC00__vs__60E1C500_N3J6EB,60E0FC00,60E1C500_N3J6EB,0x2b5b,0x2b5c,1,code,code:1,,0,
60E0FC00__vs__60E1C500_N3J6EB,60E0FC00,60E1C500_N3J6EB,0x2b73,0x2b74,1,code,code:1,,0,
60E0FC00__vs__60E1C500_N3J6EB,60E0FC00,60E1C500_N3J6EB,0x2b8b,0x2b8c,1,code,code:1,,0,
60E0FC00__vs__60E1C500_N3J6EB,60E0FC00,60E1C500_N3J6EB,0x2ba3,0x2ba4,1,code,code:1,,0,
60E0FC00__vs__60E1C500_N3J6EB,60E0FC00,60E1C500_N3J6EB,0x2bba,0x2bbc,2,code,code:2,,0,
60E0FC00__vs__60E1C500_N3J6EB,60E0FC00,60E1C500_N3J6EB,0x2bd2,0x2bd4,2,code,code:2,,0,
60E0FC00__vs__60E1C500_N3J6EB,60E0FC00,60E1C500_N3J6EB,0x2beb,0x2bec,1,code,code:1,,0,
60E0FC00__vs__60E1C500_N3J6EB,60E0FC00,60E1C500_N3J6EB,0x2c03,0x2c04,1,code,code:1,,0,
60E0FC00__vs__60E1C500_N3J6EB,60E0FC00,60E1C500_N3J6EB,0x2c1b,0x2c1c,1,code,code:1,,0,
60E0FC00__vs__60E1C500_N3J6EB,60E0FC00,60E1C500_N3J6EB,0x2c33,0x2c34,1,code,code:1,,0,
60E0FC00__vs__60E1C500_N3J6EB,60E0FC00,60E1C500_N3J6EB,0x2c4b,0x2c4c,1,code,code:1,,0,
60E0FC00__vs__60E1C500_N3J6EB,60E0FC00,60E1C500_N3J6EB,0x2c63,0x2c64,1,code,code:1,,0,
60E0FC00__vs__60E1C500_N3J6EB,60E0FC00,60E1C500_N3J6EB,0x2c7b,0x2c7c,1,code,code:1,,0,
60E0FC00__vs__60E1C500_N3J6EB,60E0FC00,60E1C500_N3J6EB,0x2c93,0x2c94,1,code,code:1,,0,
60E0FC00__vs__60E1C500_N3J6EB,60E0FC00,60E1C500_N3J6EB,0x2cab,0x2cac,1,code,code:1,,0,
60E0FC00__vs__60E1C500_N3J6EB,60E0FC00,60E1C500_N3J6EB,0x2cc3,0x2cc4,1,code,code:1,,0,
60E0FC00__vs__60E1C500_N3J6EB,60E0FC00,60E1C500_N3J6EB,0x2cdb,0x2cdc,1,code,code:1,,0,
60E0FC00__vs__60E1C500_N3J6EB,60E0FC00,60E1C500_N3J6EB,0x2cf3,0x2cf4,1,code,code:1,,0,
60E0FC00__vs__60E1C500_N3J6EB,60E0FC00,60E1C500_N3J6EB,0x2d0b,0x2d0c,1,code,code:1,,0,
60E0FC00__vs__60E1C500_N3J6EB,60E0FC00,60E1C500_N3J6EB,0x2d22,0x2d24,2,code,code:2,,0,
60E0FC00__vs__60E1C500_N3J6EB,60E0FC00,60E1C500_N3J6EB,0x2d3a,0x2d3c,2,code,code:2,,0,
60E0FC00__vs__60E1C500_N3J6EB,60E0FC00,60E1C500_N3J6EB,0x2d53,0x2d54,1,code,code:1,,0,
60E0FC00__vs__60E1C500_N3J6EB,60E0FC00,60E1C500_N3J6EB,0x2d6b,0x2d6c,1,code,code:1,,0,
60E0FC00__vs__60E1C500_N3J6EB,60E0FC00,60E1C500_N3J6EB,0x2d83,0x2d84,1,code,code:1,,0,
60E0FC00__vs__60E1C500_N3J6EB,60E0FC00,60E1C500_N3J6EB,0x2d9b,0x2d9c,1,code,code:1,,0,
60E0FC00__vs__60E1C500_N3J6EB,60E0FC00,60E1C500_N3J6EB,0x2db3,0x2db4,1,code,code:1,,0,
60E0FC00__vs__60E1C500_N3J6EB,60E0FC00,60E1C500_N3J6EB,0x2dcb,0x2dcc,1,code,code:1,,0,
60E0FC00__vs__60E1C500_N3J6EB,60E0FC00,60E1C500_N3J6EB,0x2de3,0x2de4,1,code,code:1,,0,
60E0FC00__vs__60E1C500_N3J6EB,60E0FC00,60E1C500_N3J6EB,0x2dfb,0x2dfc,1,code,code:1,,0,
60E0FC00__vs__60E1C500_N3J6EB,60E0FC00,60E1C500_N3J6EB,0x2e13,0x2e14,1,code,code:1,,0,
60E0FC00__vs__60E1C500_N3J6EB,60E0FC00,60E1C500_N3J6EB,0x2e2b,0x2e2c,1,code,code:1,,0,
60E0FC00__vs__60E1C500_N3J6EB,60E0FC00,60E1C500_N3J6EB,0x2e42,0x2e44,2,code,code:2,,0,
60E0FC00__vs__60E1C500_N3J6EB,60E0FC00,60E1C500_N3J6EB,0x2e5a,0x2e5c,2,code,code:2,,0,
60E0FC00__vs__60E1C500_N3J6EB,60E0FC00,60E1C500_N3J6EB,0x2e73,0x2e74,1,code,code:1,,0,
60E0FC00__vs__60E1C500_N3J6EB,60E0FC00,60E1C500_N3J6EB,0x2e8b,0x2e8c,1,code,code:1,,0,
60E0FC00__vs__60E1C500_N3J6EB,60E0FC00,60E1C500_N3J6EB,0x2ea3,0x2ea4,1,code,code:1,,0,
60E0FC00__vs__60E1C500_N3J6EB,60E0FC00,60E1C500_N3J6EB,0x2ebb,0x2ebc,1,code,code:1,,0,
60E0FC00__vs__60E1C500_N3J6EB,60E0FC00,60E1C500_N3J6EB,0x2ed3,0x2ed4,1,code,code:1,,0,
60E0FC00__vs__60E1C500_N3J6EB,60E0FC00,60E1C500_N3J6EB,0x2eeb,0x2eec,1,code,code:1,,0,
60E0FC00__vs__60E1C500_N3J6EB,60E0FC00,60E1C500_N3J6EB,0x2f03,0x2f04,1,code,code:1,,0,
60E0FC00__vs__60E1C500_N3J6EB,60E0FC00,60E1C500_N3J6EB,0x2f1b,0x2f1c,1,code,code:1,,0,
60E0FC00__vs__60E1C500_N3J6EB,60E0FC00,60E1C500_N3J6EB,0x2f32,0x2f34,2,code,code:2,,0,
60E0FC00__vs__60E1C500_N3J6EB,60E0FC00,60E1C500_N3J6EB,0x2f4b,0x2f4c,1,code,code:1,,0,
60E0FC00__vs__60E1C500_N3J6EB,60E0FC00,60E1C500_N3J6EB,0x2f62,0x2f64,2,code,code:2,,0,
60E0FC00__vs__60E1C500_N3J6EB,60E0FC00,60E1C500_N3J6EB,0x2f7b,0x2f7c,1,code,code:1,,0,
60E0FC00__vs__60E1C500_N3J6EB,60E0FC00,60E1C500_N3J6EB,0x2f93,0x2f94,1,code,code:1,,0,
60E0FC00__vs__60E1C500_N3J6EB,60E0FC00,60E1C500_N3J6EB,0x2fab,0x2fac,1,code,code:1,,0,
60E0FC00__vs__60E1C500_N3J6EB,60E0FC00,60E1C500_N3J6EB,0x2fc3,0x2fc4,1,code,code:1,,0,
60E0FC00__vs__60E1C500_N3J6EB,60E0FC00,60E1C500_N3J6EB,0x2fda,0x2fdc,2,code,code:2,,0,
60E0FC00__vs__60E1C500_N3J6EB,60E0FC00,60E1C500_N3J6EB,0x2ff3,0x2ff4,1,code,code:1,,0,
60E0FC00__vs__60E1C500_N3J6EB,60E0FC00,60E1C500_N3J6EB,0x300b,0x300c,1,code,code:1,,0,
60E0FC00__vs__60E1C500_N3J6EB,60E0FC00,60E1C500_N3J6EB,0x3023,0x3024,1,code,code:1,,0,
60E0FC00__vs__60E1C500_N3J6EB,60E0FC00,60E1C500_N3J6EB,0x303b,0x303c,1,code,code:1,,0,
60E0FC00__vs__60E1C500_N3J6EB,60E0FC00,60E1C500_N3J6EB,0x3052,0x3054,2,code,code:2,,0,
60E0FC00__vs__60E1C500_N3J6EB,60E0FC00,60E1C500_N3J6EB,0x306b,0x306c,1,code,code:1,,0,
60E0FC00__vs__60E1C500_N3J6EB,60E0FC00,60E1C500_N3J6EB,0x3083,0x3084,1,code,code:1,,0,
60E0FC00__vs__60E1C500_N3J6EB,60E0FC00,60E1C500_N3J6EB,0x309b,0x309c,1,code,code:1,,0,
60E0FC00__vs__60E1C500_N3J6EB,60E0FC00,60E1C500_N3J6EB,0x30b3,0x30b4,1,code,code:1,,0,
60E0FC00__vs__60E1C500_N3J6EB,60E0FC00,60E1C500_N3J6EB,0x30cb,0x30cc,1,code,code:1,,0,
60E0FC00__vs__60E1C500_N3J6EB,60E0FC00,60E1C500_N3J6EB,0x30e3,0x30e4,1,code,code:1,,0,
60E0FC00__vs__60E1C500_N3J6EB,60E0FC00,60E1C500_N3J6EB,0x30fb,0x30fc,1,code,code:1,,0,
60E0FC00__vs__60E1C500_N3J6EB,60E0FC00,60E1C500_N3J6EB,0x3113,0x3114,1,code,code:1,,0,
60E0FC00__vs__60E1C500_N3J6EB,60E0FC00,60E1C500_N3J6EB,0x312b,0x312c,1,code,code:1,,0,
60E0FC00__vs__60E1C500_N3J6EB,60E0FC00,60E1C500_N3J6EB,0x3143,0x3144,1,code,code:1,,0,
60E0FC00__vs__60E1C500_N3J6EB,60E0FC00,60E1C500_N3J6EB,0x315b,0x315c,1,code,code:1,,0,
60E0FC00__vs__60E1C500_N3J6EB,60E0FC00,60E1C500_N3J6EB,0x3173,0x3174,1,code,code:1,,0,
60E0FC00__vs__60E1C500_N3J6EB,60E0FC00,60E1C500_N3J6EB,0x318b,0x318c,1,code,code:1,,0,
60E0FC00__vs__60E1C500_N3J6EB,60E0FC00,60E1C500_N3J6EB,0x31a3,0x31a4,1,code,code:1,,0,
60E0FC00__vs__60E1C500_N3J6EB,60E0FC00,60E1C500_N3J6EB,0x31bb,0x31bc,1,code,code:1,,0,
60E0FC00__vs__60E1C500_N3J6EB,60E0FC00,60E1C500_N3J6EB,0x31d3,0x31d4,1,code,code:1,,0,
60E0FC00__vs__60E1C500_N3J6EB,60E0FC00,60E1C500_N3J6EB,0x31ea,0x31ec,2,code,code:2,,0,
60E0FC00__vs__60E1C500_N3J6EB,60E0FC00,60E1C500_N3J6EB,0x3203,0x3204,1,code,code:1,,0,
60E0FC00__vs__60E1C500_N3J6EB,60E0FC00,60E1C500_N3J6EB,0x321a,0x321c,2,code,code:2,,0,
60E0FC00__vs__60E1C500_N3J6EB,60E0FC00,60E1C500_N3J6EB,0x3233,0x3234,1,code,code:1,,0,
60E0FC00__vs__60E1C500_N3J6EB,60E0FC00,60E1C500_N3J6EB,0x327a,0x327c,2,code,code:2,,0,
60E0FC00__vs__60E1C500_N3J6EB,60E0FC00,60E1C500_N3J6EB,0x32ee,0x32f0,2,code,code:2,,0,
60E0FC00__vs__60E1C500_N3J6EB,60E0FC00,60E1C500_N3J6EB,0x338a,0x338c,2,code,code:2,,0,
60E0FC00__vs__60E1C500_N3J6EB,60E0FC00,60E1C500_N3J6EB,0x33b6,0x33b8,2,code,code:2,,0,
60E0FC00__vs__60E1C500_N3J6EB,60E0FC00,60E1C500_N3J6EB,0x347a,0x3490,22,code,code:22,,0,
60E0FC00__vs__60E1C500_N3J6EB,60E0FC00,60E1C500_N3J6EB,0x3572,0x3578,6,code,code:6,,0,
60E0FC00__vs__60E1C500_N3J6EB,60E0FC00,60E1C500_N3J6EB,0x3676,0x3678,2,code,code:2,,0,
60E0FC00__vs__60E1C500_N3J6EB,60E0FC00,60E1C500_N3J6EB,0x36a2,0x36a4,2,code,code:2,,0,
60E0FC00__vs__60E1C500_N3J6EB,60E0FC00,60E1C500_N3J6EB,0x375a,0x375c,2,code,code:2,,0,
60E0FC00__vs__60E1C500_N3J6EB,60E0FC00,60E1C500_N3J6EB,0x3902,0x3904,2,code,code:2,,0,
60E0FC00__vs__60E1C500_N3J6EB,60E0FC00,60E1C500_N3J6EB,0x394e,0x3950,2,code,code:2,,0,
60E0FC00__vs__60E1C500_N3J6EB,60E0FC00,60E1C500_N3J6EB,0x3962,0x3964,2,code,code:2,,0,
60E0FC00__vs__60E1C500_N3J6EB,60E0FC00,60E1C500_N3J6EB,0x3aae,0x3ab4,6,code,code:6,,0,
60E0FC00__vs__60E1C500_N3J6EB,60E0FC00,60E1C500_N3J6EB,0x3ad6,0x3ad8,2,code,code:2,,0,
60E0FC00__vs__60E1C500_N3J6EB,60E0FC00,60E1C500_N3J6EB,0x3b22,0x3b28,6,code,code:6,,0,
60E0FC00__vs__60E1C500_N3J6EB,60E0FC00,60E1C500_N3J6EB,0x3d46,0x3d48,2,code,code:2,,0,
60E0FC00__vs__60E1C500_N3J6EB,60E0FC00,60E1C500_N3J6EB,0x3d9a,0x3d9c,2,code,code:2,,0,
60E0FC00__vs__60E1C500_N3J6EB,60E0FC00,60E1C500_N3J6EB,0x3e02,0x3e04,2,code,code:2,,0,
60E0FC00__vs__60E1C500_N3J6EB,60E0FC00,60E1C500_N3J6EB,0x3e82,0x3e84,2,code,code:2,,0,
60E0FC00__vs__60E1C500_N3J6EB,60E0FC00,60E1C500_N3J6EB,0x3f9a,0x3f9c,2,code,code:2,,0,
60E0FC00__vs__60E1C500_N3J6EB,60E0FC00,60E1C500_N3J6EB,0x3fa6,0x3fa8,2,code,code:2,,0,
60E0FC00__vs__60E1C500_N3J6EB,60E0FC00,60E1C500_N3J6EB,0x3fe6,0x3fe8,2,code,code:2,,0,
60E0FC00__vs__60E1C500_N3J6EB,60E0FC00,60E1C500_N3J6EB,0x4096,0x4098,2,code,code:2,,0,
60E0FC00__vs__60E1C500_N3J6EB,60E0FC00,60E1C500_N3J6EB,0x413e,0x4140,2,code,code:2,,0,
60E0FC00__vs__60E1C500_N3J6EB,60E0FC00,60E1C500_N3J6EB,0x4206,0x4208,2,code,code:2,,0,
60E0FC00__vs__60E1C500_N3J6EB,60E0FC00,60E1C500_N3J6EB,0x473e,0x4740,2,code,code:2,,0,
60E0FC00__vs__60E1C500_N3J6EB,60E0FC00,60E1C500_N3J6EB,0x493a,0x493c,2,code,code:2,,0,
60E0FC00__vs__60E1C500_N3J6EB,60E0FC00,60E1C500_N3J6EB,0x4996,0x499c,6,code,code:6,,0,
60E0FC00__vs__60E1C500_N3J6EB,60E0FC00,60E1C500_N3J6EB,0x49a6,0x49ad,7,code,code:7,,0,
60E0FC00__vs__60E1C500_N3J6EB,60E0FC00,60E1C500_N3J6EB,0x49b6,0x49bd,7,code,code:7,,0,
60E0FC00__vs__60E1C500_N3J6EB,60E0FC00,60E1C500_N3J6EB,0x49c6,0x49cd,7,code,code:7,,0,
60E0FC00__vs__60E1C500_N3J6EB,60E0FC00,60E1C500_N3J6EB,0x49d6,0x49dd,7,code,code:7,,0,
60E0FC00__vs__60E1C500_N3J6EB,60E0FC00,60E1C500_N3J6EB,0x49e6,0x49ec,6,code,code:6,,0,
60E0FC00__vs__60E1C500_N3J6EB,60E0FC00,60E1C500_N3J6EB,0x49f6,0x49fc,6,code,code:6,,0,
60E0FC00__vs__60E1C500_N3J6EB,60E0FC00,60E1C500_N3J6EB,0x4a06,0x4a0c,6,code,code:6,,0,
60E0FC00__vs__60E1C500_N3J6EB,60E0FC00,60E1C500_N3J6EB,0x4a16,0x4a1c,6,code,code:6,,0,
60E0FC00__vs__60E1C500_N3J6EB,60E0FC00,60E1C500_N3J6EB,0x4a26,0x4a2c,6,code,code:6,,0,
60E0FC00__vs__60E1C500_N3J6EB,60E0FC00,60E1C500_N3J6EB,0x4a36,0x4a3c,6,code,code:6,,0,
60E0FC00__vs__60E1C500_N3J6EB,60E0FC00,60E1C500_N3J6EB,0x4a46,0x4a4c,6,code,code:6,,0,
60E0FC00__vs__60E1C500_N3J6EB,60E0FC00,60E1C500_N3J6EB,0x4a56,0x4a5c,6,code,code:6,,0,
60E0FC00__vs__60E1C500_N3J6EB,60E0FC00,60E1C500_N3J6EB,0x4a66,0x4a6c,6,code,code:6,,0,
60E0FC00__vs__60E1C500_N3J6EB,60E0FC00,60E1C500_N3J6EB,0x4a76,0x4a7c,6,code,code:6,,0,
60E0FC00__vs__60E1C500_N3J6EB,60E0FC00,60E1C500_N3J6EB,0x4a86,0x4a8c,6,code,code:6,,0,
60E0FC00__vs__60E1C500_N3J6EB,60E0FC00,60E1C500_N3J6EB,0x4a96,0x4a9c,6,code,code:6,,0,
60E0FC00__vs__60E1C500_N3J6EB,60E0FC00,60E1C500_N3J6EB,0x4aa6,0x4aac,6,code,code:6,,0,
60E0FC00__vs__60E1C500_N3J6EB,60E0FC00,60E1C500_N3J6EB,0x4ab6,0x4abc,6,code,code:6,,0,
60E0FC00__vs__60E1C500_N3J6EB,60E0FC00,60E1C500_N3J6EB,0x4aca,0x4aec,34,code,code:34,,0,
60E0FC00__vs__60E1C500_N3J6EB,60E0FC00,60E1C500_N3J6EB,0x4b0e,0x4b10,2,code,code:2,,0,
60E0FC00__vs__60E1C500_N3J6EB,60E0FC00,60E1C500_N3J6EB,0x4c87,0x52b8,1585,code,code:1585,,0,
60E0FC00__vs__60E1C500_N3J6EB,60E0FC00,60E1C500_N3J6EB,0x52c3,0x52c4,1,code,code:1,,0,
60E0FC00__vs__60E1C500_N3J6EB,60E0FC00,60E1C500_N3J6EB,0x52cc,0x8214,12104,code,code:12104,,0,
60E0FC00__vs__60E1C500_N3J6EB,60E0FC00,60E1C500_N3J6EB,0x8224,0x829a,118,code,code:118,,0,
60E0FC00__vs__60E1C500_N3J6EB,60E0FC00,60E1C500_N3J6EB,0x82aa,0x2fda8,162558,code,code:162558,,0,
60E0FC00__vs__60E1C500_N3J6EB,60E0FC00,60E1C500_N3J6EB,0x2fdb5,0x3bfb6,49665,code,code:49665,,0,
60E0FC00__vs__60E1C500_N3J6EB,60E0FC00,60E1C500_N3J6EB,0x3bfbe,0x40f4c,20366,code,code:20366,,0,
60E0FC00__vs__60E1C500_N3J6EB,60E0FC00,60E1C500_N3J6EB,0x40f55,0x5fea0,126795,code,code:126795,,0,
60E0FC00__vs__60E1C500_N3J6EB,60E0FC00,60E1C500_N3J6EB,0x5feb0,0x68639,34697,code,code:34697,,0,
60E0FC00__vs__60E1C500_N3J6EB,60E0FC00,60E1C500_N3J6EB,0x68641,0x68808,455,code,code:455,,0,
60E0FC00__vs__60E1C500_N3J6EB,60E0FC00,60E1C500_N3J6EB,0x68811,0x68d45,1332,code,code:1332,,0,
60E0FC00__vs__60E1C500_N3J6EB,60E0FC00,60E1C500_N3J6EB,0x68d4d,0x69000,691,code,code:691,,0,
60E0FC00__vs__60E1C500_N3J6EB,60E0FC00,60E1C500_N3J6EB,0x69009,0x69190,391,code,code:391,,0,
60E0FC00__vs__60E1C500_N3J6EB,60E0FC00,60E1C500_N3J6EB,0x6919a,0x6ad84,7146,code,code:7146,,0,
60E0FC00__vs__60E1C500_N3J6EB,60E0FC00,60E1C500_N3J6EB,0x6c600,0x6c661,97,padding,padding:97,,0,
60E0FC00__vs__60E1C500_N3J6EB,60E0FC00,60E1C500_N3J6EB,0x6c6e0,0x6da94,5044,cal_data,cal_data:3165 padding:1824 cal_table:55,,55,Barometric Pressure Sensor Max ADC Count; Barometric Pressure Sensor Min ADC Count; Cold Rev Limit; Cold Rev Limit Threshold; Idle Related; Ignition 2; Ignition Leading 0; Ignition Leading 1; ...
60E0FC00__vs__60E1C500_N3J6EB,60E0FC00,60E1C500_N3J6EB,0x6dab8,0x6daba,2,cal_data,cal_data:2,,0,
60E0FC00__vs__60E1C500_N3J6EB,60E0FC00,60E1C500_N3J6EB,0x6dac4,0x6e6cc,3080,cal_data,cal_data:3043 cal_table:37,,37,Ignition; Ignition 0 - Safe Mode; Ignition 1; Ignition Leading 4; Ignition Leading 5; Ignition Leading Base; Ignition Minimum Maybe; Table 2D - 10_; ...
60E0FC00__vs__60E1C500_N3J6EB,60E0FC00,60E1C500_N3J6EB,0x6e6d4,0x71376,11426,cal_data,cal_data:11212 cal_table:214,,214,CLT Sensor Scaling; IAT Sensor Scaling; Idle Target; Idle Target 0; Idle Target 1; Idle Target 2; Idle Target 3; Idle Target 4; ...
60E0FC00__vs__60E1C500_N3J6EB,60E0FC00,60E1C500_N3J6EB,0x71380,0x785fc,29308,cal_data,cal_data:28862 cal_table:446,,446,Accel Pedal to Throttle Position #1; Accel Pedal to Throttle Position #2; Accel Pedal to Throttle Position #3; Accel Pedal to Throttle Position #4; Estimated Manifold Pressure; Fuelling - Safe Mode; Fuelling 0; Fuelling 1; ...
60E0FC00__vs__60E1C500_N3J6EB,60E0FC00,60E1C500_N3J6EB,0x78608,0x79ac8,5312,cal_data,cal_data:5195 cal_table:117,,117,Auxillary Valve Close; Engine Load Compensation; Oil Metering By Load; Oil Metering By Throttle; Table 2D - 183_; Table 2D - 184_; Table 2D - 185_; Table 2D - 186_; ...
60E0FC00__vs__60E1C500_N3J6EB,60E0FC00,60E1C500_N3J6EB,0x79aec,0x7bca4,8632,cal_data,cal_data:8444 cal_table:188,,188,AirFlow Inj Angle Related; Airflow Or Load Related; Barometric Pressure Sensor Max Voltage; Barometric Pressure Sensor Min Voltage; Barometric Pressure Sensor Offset; Barometric Pressure Sensor Slope; Injection Angle; Injection Angle Related AFR Input; ...
60E0FC00__vs__60E1C500_N3J6EB,60E0FC00,60E1C500_N3J6EB,0x7bcd1,0x7c72d,2652,cal_data,cal_data:2611 cal_table:41,,41,Load Limit A; Load Limit B; Load Limit C; Table 2D - 277_; Table 2D - 279_; Table 2D - 280_; Table 2D - 281_; Table 2D - 282_; ...
60E0FC00__vs__60E1C500_N3J6EB,60E0FC00,60E1C500_N3J6EB,0x7c73a,0x7cb04,970,cal_data,cal_data:952 cal_table:18,,18,Table 2D - 284_; Table 2D - 285_; Table 2D - 286_; Table 2D - 287_; Table 3D - 100_; Table 3D - 101_; Table 3D - 102_; X; ...
60E0FC00__vs__60E1C500_N3J6EB,60E0FC00,60E1C500_N3J6EB,0x7cb14,0x7db15,4097,cal_data,cal_data:3986 cal_table:89 tail:22,,89,Ignition Dwell Time_; Table 2D - 235_; Table 2D - 236_; Table 2D - 237_; Table 2D - 238_; Table 2D - 239_; Table 2D - 240_; Table 2D - 241_; ...
60E0FC00__vs__60E1C500_N3J6EB,60E0FC00,60E1C500_N3J6EB,0x7fb00,0x7fb08,8,tail,tail:8,,0,
60E0FC00__vs__60E1C500_N3J6EB,60E0FC00,60E1C500_N3J6EB,0x7fb88,0x7fb8b,3,tail,tail:3,,0,
60E0FC00__vs__60E1C500_N3J6EB,60E0FC00,60E1C500_N3J6EB,0x7fc53,0x7fd50,253,tail,tail:253,,0,
60E0FC00__vs__60E1C500_N3J6EB,60E0FC00,60E1C500_N3J6EB,0x7fd77,0x7fdd0,89,tail,tail:89,,0,
60E0FC00__vs__60E1C500_N3J6EB,60E0FC00,60E1C500_N3J6EB,0x7fdf7,0x7fe00,9,tail,tail:9,,0,
60E0FC00__vs__60E1C500_N3J6EB,60E0FC00,60E1C500_N3J6EB,0x7fe27,0x7fe30,9,tail,tail:9,,0,
60E0FC00__vs__60E1C500_N3J6EB,60E0FC00,60E1C500_N3J6EB,0x7fe47,0x7fe50,9,tail,tail:9,,0,
60E0FC00__vs__60E1C500_N3J6EB,60E0FC00,60E1C500_N3J6EB,0x7fe67,0x7fe70,9,tail,tail:9,,0,
60E0FC00__vs__60E1C500_N3J6EB,60E0FC00,60E1C500_N3J6EB,0x7fe87,0x7fe90,9,tail,tail:9,,0,
60E0FC00__vs__60E1C500_N3J6EB,60E0FC00,60E1C500_N3J6EB,0x7ff07,0x7ff3c,53,tail,tail:53,,0,
60E0FC00__vs__60E1C500_N3J6EB,60E0FC00,60E1C500_N3J6EB,0x7ff47,0x7ff70,41,tail,tail:41,,0,
60E0FC00__vs__60E1C500_N3J6EB,60E0FC00,60E1C500_N3J6EB,0x7ffd7,0x7ffe0,9,tail,tail:9,,0,
60E0FC00__vs__60E1C500_N3J6EB,60E0FC00,60E1C500_N3J6EB,0x7fff4,0x7fffc,8,tail,tail:8,,0,
60E0FC00__vs__60E1D400,60E0FC00,60E1D400,0xffb,0x1008,13,header,header:13,0.0,0,
60E0FC00__vs__60E1D400,60E0FC00,60E1D400,0x1039,0x1302,713,header,header:713,0.028,0,
60E0FC00__vs__60E1D400,60E0FC00,60E1D400,0x130b,0x2006,3323,header,header:3317 code:6,0.041,0,
60E0FC00__vs__60E1D400,60E0FC00,60E1D400,0x2021,0x2023,2,code,code:2,0.0,0,
60E0FC00__vs__60E1D400,60E0FC00,60E1D400,0x2723,0x2724,1,code,code:1,0.0,0,
60E0FC00__vs__60E1D400,60E0FC00,60E1D400,0x273b,0x273c,1,code,code:1,0.0,0,
60E0FC00__vs__60E1D400,60E0FC00,60E1D400,0x2753,0x2754,1,code,code:1,0.0,0,
60E0FC00__vs__60E1D400,60E0FC00,60E1D400,0x276a,0x276c,2,code,code:2,0.0,0,
60E0FC00__vs__60E1D400,60E0FC00,60E1D400,0x2782,0x2784,2,code,code:2,0.0,0,
60E0FC00__vs__60E1D400,60E0FC00,60E1D400,0x279b,0x279c,1,code,code:1,0.0,0,
60E0FC00__vs__60E1D400,60E0FC00,60E1D400,0x27b3,0x27b4,1,code,code:1,0.0,0,
60E0FC00__vs__60E1D400,60E0FC00,60E1D400,0x27cb,0x27cc,1,code,code:1,0.0,0,
60E0FC00__vs__60E1D400,60E0FC00,60E1D400,0x27e3,0x27e4,1,code,code:1,0.0,0,
60E0FC00__vs__60E1D400,60E0FC00,60E1D400,0x27fb,0x27fc,1,code,code:1,0.0,0,
60E0FC00__vs__60E1D400,60E0FC00,60E1D400,0x2813,0x2814,1,code,code:1,0.0,0,
60E0FC00__vs__60E1D400,60E0FC00,60E1D400,0x282b,0x282c,1,code,code:1,0.0,0,
60E0FC00__vs__60E1D400,60E0FC00,60E1D400,0x2843,0x2844,1,code,code:1,0.0,0,
60E0FC00__vs__60E1D400,60E0FC00,60E1D400,0x285b,0x285c,1,code,code:1,0.0,0,
60E0FC00__vs__60E1D400,60E0FC00,60E1D400,0x2873,0x2874,1,code,code:1,0.0,0,
60E0FC00__vs__60E1D400,60E0FC00,60E1D400,0x288b,0x288c,1,code,code:1,0.0,0,
60E0FC00__vs__60E1D400,60E0FC00,60E1D400,0x28a3,0x28a4,1,code,code:1,0.0,0,
60E0FC00__vs__60E1D400,60E0FC00,60E1D400,0x28bb,0x28bc,1,code,code:1,0.0,0,
60E0FC00__vs__60E1D400,60E0FC00,60E1D400,0x28d3,0x28d4,1,code,code:1,0.0,0,
60E0FC00__vs__60E1D400,60E0FC00,60E1D400,0x28ea,0x28ec,2,code,code:2,0.0,0,
60E0FC00__vs__60E1D400,60E0FC00,60E1D400,0x2902,0x2904,2,code,code:2,0.0,0,
60E0FC00__vs__60E1D400,60E0FC00,60E1D400,0x291b,0x291c,1,code,code:1,0.0,0,
60E0FC00__vs__60E1D400,60E0FC00,60E1D400,0x2933,0x2934,1,code,code:1,0.0,0,
60E0FC00__vs__60E1D400,60E0FC00,60E1D400,0x294b,0x294c,1,code,code:1,0.0,0,
60E0FC00__vs__60E1D400,60E0FC00,60E1D400,0x2963,0x2964,1,code,code:1,0.0,0,
60E0FC00__vs__60E1D400,60E0FC00,60E1D400,0x297b,0x297c,1,code,code:1,0.0,0,
60E0FC00__vs__60E1D400,60E0FC00,60E1D400,0x2993,0x2994,1,code,code:1,0.0,0,
60E0FC00__vs__60E1D400,60E0FC00,60E1D400,0x29ab,0x29ac,1,code,code:1,0.0,0,
60E0FC00__vs__60E1D400,60E0FC00,60E1D400,0x29c3,0x29c4,1,code,code:1,0.0,0,
60E0FC00__vs__60E1D400,60E0FC00,60E1D400,0x29db,0x29dc,1,code,code:1,0.0,0,
60E0FC00__vs__60E1D400,60E0FC00,60E1D400,0x29f3,0x29f4,1,code,code:1,0.0,0,
60E0FC00__vs__60E1D400,60E0FC00,60E1D400,0x2a0b,0x2a0c,1,code,code:1,0.0,0,
60E0FC00__vs__60E1D400,60E0FC00,60E1D400,0x2a22,0x2a24,2,code,code:2,0.0,0,
60E0FC00__vs__60E1D400,60E0FC00,60E1D400,0x2a3a,0x2a3c,2,code,code:2,0.0,0,
60E0FC00__vs__60E1D400,60E0FC00,60E1D400,0x2a53,0x2a54,1,code,code:1,0.0,0,
60E0FC00__vs__60E1D400,60E0FC00,60E1D400,0x2a6b,0x2a6c,1,code,code:1,0.0,0,
60E0FC00__vs__60E1D400,60E0FC00,60E1D400,0x2a83,0x2a84,1,code,code:1,0.0,0,
60E0FC00__vs__60E1D400,60E0FC00,60E1D400,0x2a9b,0x2a9c,1,code,code:1,0.0,0,
60E0FC00__vs__60E1D400,60E0FC00,60E1D400,0x2ab3,0x2ab4,1,code,code:1,0.0,0,
60E0FC00__vs__60E1D400,60E0FC00,60E1D400,0x2acb,0x2acc,1,code,code:1,0.0,0,
60E0FC00__vs__60E1D400,60E0FC00,60E1D400,0x2ae3,0x2ae4,1,code,code:1,0.0,0,
60E0FC00__vs__60E1D400,60E0FC00,60E1D400,0x2afb,0x2afc,1,code,code:1,0.0,0,
60E0FC00__vs__60E1D400,60E0FC00,60E1D400,0x2b13,0x2b14,1,code,code:1,0.0,0,
60E0FC00__vs__60E1D400,60E0FC00,60E1D400,0x2b2b,0x2b2c,1,code,code:1,0.0,0,
60E0FC00__vs__60E1D400,60E0FC00,60E1D400,0x2b43,0x2b44,1,code,code:1,0.0,0,
60E0FC00__vs__60E1D400,60E0FC00,60E1D400,0x2b5b,0x2b5c,1,code,code:1,0.0,0,
60E0FC00__vs__60E1D400,60E0FC00,60E1D400,0x2b73,0x2b74,1,code,code:1,0.0,0,
60E0FC00__vs__60E1D400,60E0FC00,60E1D400,0x2b8b,0x2b8c,1,code,code:1,0.0,0,
60E0FC00__vs__60E1D400,60E0FC00,60E1D400,0x2ba3,0x2ba4,1,code,code:1,0.0,0,
60E0FC00__vs__60E1D400,60E0FC00,60E1D400,0x2bba,0x2bbc,2,code,code:2,0.0,0,
60E0FC00__vs__60E1D400,60E0FC00,60E1D400,0x2bd2,0x2bd4,2,code,code:2,0.0,0,
60E0FC00__vs__60E1D400,60E0FC00,60E1D400,0x2beb,0x2bec,1,code,code:1,0.0,0,
60E0FC00__vs__60E1D400,60E0FC00,60E1D400,0x2c03,0x2c04,1,code,code:1,0.0,0,
60E0FC00__vs__60E1D400,60E0FC00,60E1D400,0x2c1b,0x2c1c,1,code,code:1,0.0,0,
60E0FC00__vs__60E1D400,60E0FC00,60E1D400,0x2c33,0x2c34,1,code,code:1,0.0,0,
60E0FC00__vs__60E1D400,60E0FC00,60E1D400,0x2c4b,0x2c4c,1,code,code:1,0.0,0,
60E0FC00__vs__60E1D400,60E0FC00,60E1D400,0x2c63,0x2c64,1,code,code:1,0.0,0,
60E0FC00__vs__60E1D400,60E0FC00,60E1D400,0x2c7b,0x2c7c,1,code,code:1,0.0,0,
60E0FC00__vs__60E1D400,60E0FC00,60E1D400,0x2c93,0x2c94,1,code,code:1,0.0,0,
60E0FC00__vs__60E1D400,60E0FC00,60E1D400,0x2cab,0x2cac,1,code,code:1,0.0,0,
60E0FC00__vs__60E1D400,60E0FC00,60E1D400,0x2cc3,0x2cc4,1,code,code:1,0.0,0,
60E0FC00__vs__60E1D400,60E0FC00,60E1D400,0x2cdb,0x2cdc,1,code,code:1,0.0,0,
60E0FC00__vs__60E1D400,60E0FC00,60E1D400,0x2cf3,0x2cf4,1,code,code:1,0.0,0,
60E0FC00__vs__60E1D400,60E0FC00,60E1D400,0x2d0b,0x2d0c,1,code,code:1,0.0,0,
60E0FC00__vs__60E1D400,60E0FC00,60E1D400,0x2d22,0x2d24,2,code,code:2,0.0,0,
60E0FC00__vs__60E1D400,60E0FC00,60E1D400,0x2d3a,0x2d3c,2,code,code:2,0.0,0,
60E0FC00__vs__60E1D400,60E0FC00,60E1D400,0x2d53,0x2d54,1,code,code:1,0.0,0,
60E0FC00__vs__60E1D400,60E0FC00,60E1D400,0x2d6b,0x2d6c,1,code,code:1,0.0,0,
60E0FC00__vs__60E1D400,60E0FC00,60E1D400,0x2d83,0x2d84,1,code,code:1,0.0,0,
60E0FC00__vs__60E1D400,60E0FC00,60E1D400,0x2d9b,0x2d9c,1,code,code:1,0.0,0,
60E0FC00__vs__60E1D400,60E0FC00,60E1D400,0x2db3,0x2db4,1,code,code:1,0.0,0,
60E0FC00__vs__60E1D400,60E0FC00,60E1D400,0x2dcb,0x2dcc,1,code,code:1,0.0,0,
60E0FC00__vs__60E1D400,60E0FC00,60E1D400,0x2de3,0x2de4,1,code,code:1,0.0,0,
60E0FC00__vs__60E1D400,60E0FC00,60E1D400,0x2dfb,0x2dfc,1,code,code:1,0.0,0,
60E0FC00__vs__60E1D400,60E0FC00,60E1D400,0x2e13,0x2e14,1,code,code:1,0.0,0,
60E0FC00__vs__60E1D400,60E0FC00,60E1D400,0x2e2b,0x2e2c,1,code,code:1,0.0,0,
60E0FC00__vs__60E1D400,60E0FC00,60E1D400,0x2e42,0x2e44,2,code,code:2,0.0,0,
60E0FC00__vs__60E1D400,60E0FC00,60E1D400,0x2e5a,0x2e5c,2,code,code:2,0.0,0,
60E0FC00__vs__60E1D400,60E0FC00,60E1D400,0x2e73,0x2e74,1,code,code:1,0.0,0,
60E0FC00__vs__60E1D400,60E0FC00,60E1D400,0x2e8b,0x2e8c,1,code,code:1,0.0,0,
60E0FC00__vs__60E1D400,60E0FC00,60E1D400,0x2ea3,0x2ea4,1,code,code:1,0.0,0,
60E0FC00__vs__60E1D400,60E0FC00,60E1D400,0x2ebb,0x2ebc,1,code,code:1,0.0,0,
60E0FC00__vs__60E1D400,60E0FC00,60E1D400,0x2ed3,0x2ed4,1,code,code:1,0.0,0,
60E0FC00__vs__60E1D400,60E0FC00,60E1D400,0x2eeb,0x2eec,1,code,code:1,0.0,0,
60E0FC00__vs__60E1D400,60E0FC00,60E1D400,0x2f03,0x2f04,1,code,code:1,0.0,0,
60E0FC00__vs__60E1D400,60E0FC00,60E1D400,0x2f1b,0x2f1c,1,code,code:1,0.0,0,
60E0FC00__vs__60E1D400,60E0FC00,60E1D400,0x2f32,0x2f34,2,code,code:2,0.0,0,
60E0FC00__vs__60E1D400,60E0FC00,60E1D400,0x2f4b,0x2f4c,1,code,code:1,0.0,0,
60E0FC00__vs__60E1D400,60E0FC00,60E1D400,0x2f62,0x2f64,2,code,code:2,0.0,0,
60E0FC00__vs__60E1D400,60E0FC00,60E1D400,0x2f7b,0x2f7c,1,code,code:1,0.0,0,
60E0FC00__vs__60E1D400,60E0FC00,60E1D400,0x2f93,0x2f94,1,code,code:1,0.0,0,
60E0FC00__vs__60E1D400,60E0FC00,60E1D400,0x2fab,0x2fac,1,code,code:1,0.0,0,
60E0FC00__vs__60E1D400,60E0FC00,60E1D400,0x2fc3,0x2fc4,1,code,code:1,0.0,0,
60E0FC00__vs__60E1D400,60E0FC00,60E1D400,0x2fda,0x2fdc,2,code,code:2,0.0,0,
60E0FC00__vs__60E1D400,60E0FC00,60E1D400,0x2ff3,0x2ff4,1,code,code:1,0.0,0,
60E0FC00__vs__60E1D400,60E0FC00,60E1D400,0x300b,0x300c,1,code,code:1,0.0,0,
60E0FC00__vs__60E1D400,60E0FC00,60E1D400,0x3023,0x3024,1,code,code:1,0.0,0,
60E0FC00__vs__60E1D400,60E0FC00,60E1D400,0x303b,0x303c,1,code,code:1,0.0,0,
60E0FC00__vs__60E1D400,60E0FC00,60E1D400,0x3052,0x3054,2,code,code:2,0.0,0,
60E0FC00__vs__60E1D400,60E0FC00,60E1D400,0x306b,0x306c,1,code,code:1,0.0,0,
60E0FC00__vs__60E1D400,60E0FC00,60E1D400,0x3083,0x3084,1,code,code:1,0.0,0,
60E0FC00__vs__60E1D400,60E0FC00,60E1D400,0x309b,0x309c,1,code,code:1,0.0,0,
60E0FC00__vs__60E1D400,60E0FC00,60E1D400,0x30b3,0x30b4,1,code,code:1,0.0,0,
60E0FC00__vs__60E1D400,60E0FC00,60E1D400,0x30cb,0x30cc,1,code,code:1,0.0,0,
60E0FC00__vs__60E1D400,60E0FC00,60E1D400,0x30e3,0x30e4,1,code,code:1,0.0,0,
60E0FC00__vs__60E1D400,60E0FC00,60E1D400,0x30fb,0x30fc,1,code,code:1,0.0,0,
60E0FC00__vs__60E1D400,60E0FC00,60E1D400,0x3113,0x3114,1,code,code:1,0.0,0,
60E0FC00__vs__60E1D400,60E0FC00,60E1D400,0x312b,0x312c,1,code,code:1,0.0,0,
60E0FC00__vs__60E1D400,60E0FC00,60E1D400,0x3143,0x3144,1,code,code:1,0.0,0,
60E0FC00__vs__60E1D400,60E0FC00,60E1D400,0x315b,0x315c,1,code,code:1,0.0,0,
60E0FC00__vs__60E1D400,60E0FC00,60E1D400,0x3173,0x3174,1,code,code:1,0.0,0,
60E0FC00__vs__60E1D400,60E0FC00,60E1D400,0x318b,0x318c,1,code,code:1,0.0,0,
60E0FC00__vs__60E1D400,60E0FC00,60E1D400,0x31a3,0x31a4,1,code,code:1,0.0,0,
60E0FC00__vs__60E1D400,60E0FC00,60E1D400,0x31bb,0x31bc,1,code,code:1,0.0,0,
60E0FC00__vs__60E1D400,60E0FC00,60E1D400,0x31d3,0x31d4,1,code,code:1,0.0,0,
60E0FC00__vs__60E1D400,60E0FC00,60E1D400,0x31ea,0x31ec,2,code,code:2,0.0,0,
60E0FC00__vs__60E1D400,60E0FC00,60E1D400,0x3203,0x3204,1,code,code:1,0.0,0,
60E0FC00__vs__60E1D400,60E0FC00,60E1D400,0x321a,0x321c,2,code,code:2,0.0,0,
60E0FC00__vs__60E1D400,60E0FC00,60E1D400,0x3233,0x3234,1,code,code:1,0.0,0,
60E0FC00__vs__60E1D400,60E0FC00,60E1D400,0x327a,0x327c,2,code,code:2,0.0,0,
60E0FC00__vs__60E1D400,60E0FC00,60E1D400,0x32ee,0x32f0,2,code,code:2,0.0,0,
60E0FC00__vs__60E1D400,60E0FC00,60E1D400,0x338a,0x338c,2,code,code:2,0.0,0,
60E0FC00__vs__60E1D400,60E0FC00,60E1D400,0x33b6,0x33b8,2,code,code:2,0.0,0,
60E0FC00__vs__60E1D400,60E0FC00,60E1D400,0x347a,0x3490,22,code,code:22,0.0,0,
60E0FC00__vs__60E1D400,60E0FC00,60E1D400,0x3572,0x3578,6,code,code:6,0.0,0,
60E0FC00__vs__60E1D400,60E0FC00,60E1D400,0x3676,0x3678,2,code,code:2,0.0,0,
60E0FC00__vs__60E1D400,60E0FC00,60E1D400,0x36a2,0x36a4,2,code,code:2,0.0,0,
60E0FC00__vs__60E1D400,60E0FC00,60E1D400,0x375a,0x375c,2,code,code:2,0.0,0,
60E0FC00__vs__60E1D400,60E0FC00,60E1D400,0x3902,0x3904,2,code,code:2,0.0,0,
60E0FC00__vs__60E1D400,60E0FC00,60E1D400,0x394e,0x3950,2,code,code:2,0.0,0,
60E0FC00__vs__60E1D400,60E0FC00,60E1D400,0x3962,0x3964,2,code,code:2,0.0,0,
60E0FC00__vs__60E1D400,60E0FC00,60E1D400,0x3aae,0x3ab4,6,code,code:6,0.0,0,
60E0FC00__vs__60E1D400,60E0FC00,60E1D400,0x3ad6,0x3ad8,2,code,code:2,0.0,0,
60E0FC00__vs__60E1D400,60E0FC00,60E1D400,0x3b22,0x3b28,6,code,code:6,0.0,0,
60E0FC00__vs__60E1D400,60E0FC00,60E1D400,0x3d46,0x3d48,2,code,code:2,0.0,0,
60E0FC00__vs__60E1D400,60E0FC00,60E1D400,0x3d9a,0x3d9c,2,code,code:2,0.0,0,
60E0FC00__vs__60E1D400,60E0FC00,60E1D400,0x3e02,0x3e04,2,code,code:2,0.0,0,
60E0FC00__vs__60E1D400,60E0FC00,60E1D400,0x3e82,0x3e84,2,code,code:2,0.0,0,
60E0FC00__vs__60E1D400,60E0FC00,60E1D400,0x3f9a,0x3f9c,2,code,code:2,0.0,0,
60E0FC00__vs__60E1D400,60E0FC00,60E1D400,0x3fa6,0x3fa8,2,code,code:2,0.0,0,
60E0FC00__vs__60E1D400,60E0FC00,60E1D400,0x3fe6,0x3fe8,2,code,code:2,0.0,0,
60E0FC00__vs__60E1D400,60E0FC00,60E1D400,0x4096,0x4098,2,code,code:2,0.0,0,
60E0FC00__vs__60E1D400,60E0FC00,60E1D400,0x413e,0x4140,2,code,code:2,0.0,0,
60E0FC00__vs__60E1D400,60E0FC00,60E1D400,0x4206,0x4208,2,code,code:2,0.0,0,
60E0FC00__vs__60E1D400,60E0FC00,60E1D400,0x473e,0x4740,2,code,code:2,0.0,0,
60E0FC00__vs__60E1D400,60E0FC00,60E1D400,0x493a,0x493c,2,code,code:2,0.0,0,
60E0FC00__vs__60E1D400,60E0FC00,60E1D400,0x4996,0x499c,6,code,code:6,0.0,0,
60E0FC00__vs__60E1D400,60E0FC00,60E1D400,0x49a6,0x49ad,7,code,code:7,0.0,0,
60E0FC00__vs__60E1D400,60E0FC00,60E1D400,0x49b6,0x49bd,7,code,code:7,0.0,0,
60E0FC00__vs__60E1D400,60E0FC00,60E1D400,0x49c6,0x49cd,7,code,code:7,0.0,0,
60E0FC00__vs__60E1D400,60E0FC00,60E1D400,0x49d6,0x49dd,7,code,code:7,0.0,0,
60E0FC00__vs__60E1D400,60E0FC00,60E1D400,0x49e6,0x49ec,6,code,code:6,0.0,0,
60E0FC00__vs__60E1D400,60E0FC00,60E1D400,0x49f6,0x49fc,6,code,code:6,0.0,0,
60E0FC00__vs__60E1D400,60E0FC00,60E1D400,0x4a06,0x4a0c,6,code,code:6,0.0,0,
60E0FC00__vs__60E1D400,60E0FC00,60E1D400,0x4a16,0x4a1c,6,code,code:6,0.0,0,
60E0FC00__vs__60E1D400,60E0FC00,60E1D400,0x4a26,0x4a2c,6,code,code:6,0.0,0,
60E0FC00__vs__60E1D400,60E0FC00,60E1D400,0x4a36,0x4a3c,6,code,code:6,0.0,0,
60E0FC00__vs__60E1D400,60E0FC00,60E1D400,0x4a46,0x4a4c,6,code,code:6,0.0,0,
60E0FC00__vs__60E1D400,60E0FC00,60E1D400,0x4a56,0x4a5c,6,code,code:6,0.0,0,
60E0FC00__vs__60E1D400,60E0FC00,60E1D400,0x4a66,0x4a6c,6,code,code:6,0.0,0,
60E0FC00__vs__60E1D400,60E0FC00,60E1D400,0x4a76,0x4a7c,6,code,code:6,0.0,0,
60E0FC00__vs__60E1D400,60E0FC00,60E1D400,0x4a86,0x4a8c,6,code,code:6,0.0,0,
60E0FC00__vs__60E1D400,60E0FC00,60E1D400,0x4a96,0x4a9c,6,code,code:6,0.0,0,
60E0FC00__vs__60E1D400,60E0FC00,60E1D400,0x4aa6,0x4aac,6,code,code:6,0.0,0,
60E0FC00__vs__60E1D400,60E0FC00,60E1D400,0x4ab6,0x4abc,6,code,code:6,0.0,0,
60E0FC00__vs__60E1D400,60E0FC00,60E1D400,0x4aca,0x4aec,34,code,code:34,0.0,0,
60E0FC00__vs__60E1D400,60E0FC00,60E1D400,0x4b0e,0x4b10,2,code,code:2,0.0,0,
60E0FC00__vs__60E1D400,60E0FC00,60E1D400,0x4c87,0x52b8,1585,code,code:1585,0.01,0,
60E0FC00__vs__60E1D400,60E0FC00,60E1D400,0x52c3,0x52c4,1,code,code:1,0.0,0,
60E0FC00__vs__60E1D400,60E0FC00,60E1D400,0x52cc,0x8214,12104,code,code:12104,0.03,0,
60E0FC00__vs__60E1D400,60E0FC00,60E1D400,0x8224,0x829a,118,code,code:118,0.008,0,
60E0FC00__vs__60E1D400,60E0FC00,60E1D400,0x82aa,0x4b750,275622,code,code:275622,0.035,0,
60E0FC00__vs__60E1D400,60E0FC00,60E1D400,0x4b758,0x4b75c,4,code,code:4,0.0,0,
60E0FC00__vs__60E1D400,60E0FC00,60E1D400,0x4b764,0x4fbf2,17550,code,code:17550,0.03,0,
60E0FC00__vs__60E1D400,60E0FC00,60E1D400,0x4fbfa,0x69a31,106039,code,code:106039,0.025,0,
60E0FC00__vs__60E1D400,60E0FC00,60E1D400,0x69a39,0x69a4d,20,code,code:20,0.0,0,
60E0FC00__vs__60E1D400,60E0FC00,60E1D400,0x69a55,0x6c270,10267,code,code:10267,0.877,0,
60E0FC00__vs__60E1D400,60E0FC00,60E1D400,0x6ce00,0x6ce61,97,cal_data,cal_data:97,1.0,0,
60E0FC00__vs__60E1D400,60E0FC00,60E1D400,0x6cee0,0x6e51a,5690,cal_data,cal_data:5604 cal_table:86,0.214,86,Barometric Pressure Sensor Max ADC Count; Barometric Pressure Sensor Min ADC Count; Cold Rev Limit; Cold Rev Limit Threshold; Idle Related; Ignition; Ignition 0 - Safe Mode; Ignition 1; ...
60E0FC00__vs__60E1D400,60E0FC00,60E1D400,0x6e528,0x6e562,58,cal_data,cal_data:54 cal_table:4,0.0,4,Table 2D - 13_; Table 2D - 14_; Y; Y
60E0FC00__vs__60E1D400,60E0FC00,60E1D400,0x6e570,0x6e700,400,cal_data,cal_data:394 cal_table:6,0.048,6,Table 2D - 15_; Table 2D - 16_; Table 2D - 17_; Y; Y; Y
60E0FC00__vs__60E1D400,60E0FC00,60E1D400,0x6e714,0x70c70,9564,cal_data,cal_data:9369 cal_table:195,0.016,195,CLT Sensor Scaling; IAT Sensor Scaling; Idle Target; Idle Target 0; Idle Target 1; Idle Target 2; Idle Target 3; Idle Target 4; ...
60E0FC00__vs__60E1D400,60E0FC00,60E1D400,0x70c90,0x70cb0,32,cal_data,cal_data:32,0.0,0,
60E0FC00__vs__60E1D400,60E0FC00,60E1D400,0x70cbc,0x714a8,2028,cal_data,cal_data:2010 cal_table:18,0.014,18,Table 3D - 108_; Table 3D - 28_; Table 3D - 29_; Table 3D - 30_; Table 3D - 31_; Table 3D - 32_; X; X; ...
60E0FC00__vs__60E1D400,60E0FC00,60E1D400,0x714b4,0x7210d,3161,cal_data,cal_data:3071 cal_table:90,0.025,90,Fuelling - Safe Mode; Fuelling 0; Fuelling 1; Fuelling 2 - Safe Mode; Fuelling 3; Fuelling 4; Fuelling 5; Fuelling 6; ...
60E0FC00__vs__60E1D400,60E0FC00,60E1D400,0x7211c,0x72153,55,cal_data,cal_data:54 cal_table:1,0.0,1,Y
60E0FC00__vs__60E1D400,60E0FC00,60E1D400,0x7215b,0x72161,6,cal_data,cal_data:6,0.0,0,
60E0FC00__vs__60E1D400,60E0FC00,60E1D400,0x7216c,0x722e8,380,cal_data,cal_data:367 cal_table:13,0.003,13,Fuelling 9 - Safe Mode; Table 2D - 324 Check DataType; Table 2D - 325 Check DataType; Table 2D - 326 Check DataType; Table 2D - 327 Check DataType; Table 2D - 328 Check DataType; X; Y; ...
60E0FC00__vs__60E1D400,60E0FC00,60E1D400,0x722f0,0x753da,12522,cal_data,cal_data:12358 cal_table:164,0.012,164,Accel Pedal to Throttle Position #1; Accel Pedal to Throttle Position #2; Accel Pedal to Throttle Position #3; Accel Pedal to Throttle Position #4; Fuelling 10 - Safe Mode; Fuelling 11; Fuelling 12; Fuelling 13 - Safe Mode; ...
60E0FC00__vs__60E1D400,60E0FC00,60E1D400,0x753ea,0x79878,17550,cal_data,cal_data:17283 cal_table:267,0.017,267,Auxillary Valve Close; Engine Load Compensation; Estimated Manifold Pressure; Injector Latency Primary; Injector Latency Secondary; Oil Metering By Load; Oil Metering By Throttle; Primary Injector Size; ...
60E0FC00__vs__60E1D400,60E0FC00,60E1D400,0x79880,0x7ced2,13906,cal_data,cal_data:13618 cal_table:288,0.029,288,AirFlow Inj Angle Related; Airflow Or Load Related; Barometric Pressure Sensor Max Voltage; Barometric Pressure Sensor Min Voltage; Barometric Pressure Sensor Offset; Barometric Pressure Sensor Slope; Ignition Dwell Time_; Injection Angle; ...
60E0FC00__vs__60E1D400,60E0FC00,60E1D400,0x7cee8,0x7d016,302,cal_data,cal_data:295 cal_table:7,0.308,7,Table 2D - 398 Check DataType; Table 2D - 399 Check DataType; Table 2D - 400 Check DataType; Table 2D - 401 Check DataType; Y; Y; Y
60E0FC00__vs__60E1D400,60E0FC00,60E1D400,0x7d028,0x7debf,3735,cal_data,cal_data:2710 tail:960 cal_table:65,0.277,65,Table 2D - 235_; Table 2D - 236_; Table 2D - 237_; Table 2D - 238_; Table 2D - 239_; Table 2D - 240_; Table 2D - 241_; Table 2D - 242_; ...
60E0FC00__vs__60E1D400,60E0FC00,60E1D400,0x7ded2,0x7e1fa,808,tail,tail:808,1.0,0,
60E0FC00__vs__60E1D400,60E0FC00,60E1D400,0x7e220,0x7f308,4328,tail,tail:4328,0.937,0,
60E0FC00__vs__60E1D400,60E0FC00,60E1D400,0x7fb00,0x7fb08,8,tail,tail:8,0.0,0,
60E0FC00__vs__60E1D400,60E0FC00,60E1D400,0x7fb88,0x7fb8c,4,tail,tail:4,0.0,0,
60E0FC00__vs__60E1D400,60E0FC00,60E1D400,0x7fc53,0x7fd50,253,tail,tail:253,0.0,0,
60E0FC00__vs__60E1D400,60E0FC00,60E1D400,0x7fd77,0x7fdd0,89,tail,tail:89,0.0,0,
60E0FC00__vs__60E1D400,60E0FC00,60E1D400,0x7fdf7,0x7fe00,9,tail,tail:9,0.0,0,
60E0FC00__vs__60E1D400,60E0FC00,60E1D400,0x7fe27,0x7fe30,9,tail,tail:9,0.0,0,
60E0FC00__vs__60E1D400,60E0FC00,60E1D400,0x7fe47,0x7fe50,9,tail,tail:9,0.0,0,
60E0FC00__vs__60E1D400,60E0FC00,60E1D400,0x7fe67,0x7fe70,9,tail,tail:9,0.0,0,
60E0FC00__vs__60E1D400,60E0FC00,60E1D400,0x7fe87,0x7fe90,9,tail,tail:9,0.0,0,
60E0FC00__vs__60E1D400,60E0FC00,60E1D400,0x7ff07,0x7ff3c,53,tail,tail:53,0.0,0,
60E0FC00__vs__60E1D400,60E0FC00,60E1D400,0x7ff47,0x7ff70,41,tail,tail:41,0.0,0,
60E0FC00__vs__60E1D400,60E0FC00,60E1D400,0x7ffd7,0x7ffe0,9,tail,tail:9,0.0,0,
60E0FC00__vs__60E1D400,60E0FC00,60E1D400,0x7fff4,0x7fffc,8,tail,tail:8,0.0,0,
60E0FC00__vs__60E32000_N3M5E,60E0FC00,60E32000_N3M5E,0xffb,0x1008,13,header,header:13,,0,
60E0FC00__vs__60E32000_N3M5E,60E0FC00,60E32000_N3M5E,0x1039,0x1302,713,header,header:713,,0,
60E0FC00__vs__60E32000_N3M5E,60E0FC00,60E32000_N3M5E,0x130b,0x2006,3323,header,header:3317 code:6,,0,
60E0FC00__vs__60E32000_N3M5E,60E0FC00,60E32000_N3M5E,0x2020,0x2023,3,code,code:3,,0,
60E0FC00__vs__60E32000_N3M5E,60E0FC00,60E32000_N3M5E,0x2723,0x2724,1,code,code:1,,0,
60E0FC00__vs__60E32000_N3M5E,60E0FC00,60E32000_N3M5E,0x273b,0x273c,1,code,code:1,,0,
60E0FC00__vs__60E32000_N3M5E,60E0FC00,60E32000_N3M5E,0x2753,0x2754,1,code,code:1,,0,
60E0FC00__vs__60E32000_N3M5E,60E0FC00,60E32000_N3M5E,0x276a,0x276c,2,code,code:2,,0,
60E0FC00__vs__60E32000_N3M5E,60E0FC00,60E32000_N3M5E,0x2782,0x2784,2,code,code:2,,0,
60E0FC00__vs__60E32000_N3M5E,60E0FC00,60E32000_N3M5E,0x279b,0x279c,1,code,code:1,,0,
60E0FC00__vs__60E32000_N3M5E,60E0FC00,60E32000_N3M5E,0x27b3,0x27b4,1,code,code:1,,0,
60E0FC00__vs__60E32000_N3M5E,60E0FC00,60E32000_N3M5E,0x27cb,0x27cc,1,code,code:1,,0,
60E0FC00__vs__60E32000_N3M5E,60E0FC00,60E32000_N3M5E,0x27e3,0x27e4,1,code,code:1,,0,
60E0FC00__vs__60E32000_N3M5E,60E0FC00,60E32000_N3M5E,0x27fb,0x27fc,1,code,code:1,,0,
60E0FC00__vs__60E32000_N3M5E,60E0FC00,60E32000_N3M5E,0x2813,0x2814,1,code,code:1,,0,
60E0FC00__vs__60E32000_N3M5E,60E0FC00,60E32000_N3M5E,0x282b,0x282c,1,code,code:1,,0,
60E0FC00__vs__60E32000_N3M5E,60E0FC00,60E32000_N3M5E,0x2843,0x2844,1,code,code:1,,0,
60E0FC00__vs__60E32000_N3M5E,60E0FC00,60E32000_N3M5E,0x285b,0x285c,1,code,code:1,,0,
60E0FC00__vs__60E32000_N3M5E,60E0FC00,60E32000_N3M5E,0x2873,0x2874,1,code,code:1,,0,
60E0FC00__vs__60E32000_N3M5E,60E0FC00,60E32000_N3M5E,0x288b,0x288c,1,code,code:1,,0,
60E0FC00__vs__60E32000_N3M5E,60E0FC00,60E32000_N3M5E,0x28a3,0x28a4,1,code,code:1,,0,
60E0FC00__vs__60E32000_N3M5E,60E0FC00,60E32000_N3M5E,0x28bb,0x28bc,1,code,code:1,,0,
60E0FC00__vs__60E32000_N3M5E,60E0FC00,60E32000_N3M5E,0x28d3,0x28d4,1,code,code:1,,0,
60E0FC00__vs__60E32000_N3M5E,60E0FC00,60E32000_N3M5E,0x28ea,0x28ec,2,code,code:2,,0,
60E0FC00__vs__60E32000_N3M5E,60E0FC00,60E32000_N3M5E,0x2902,0x2904,2,code,code:2,,0,
60E0FC00__vs__60E32000_N3M5E,60E0FC00,60E32000_N3M5E,0x291b,0x291c,1,code,code:1,,0,
60E0FC00__vs__60E32000_N3M5E,60E0FC00,60E32000_N3M5E,0x2933,0x2934,1,code,code:1,,0,
60E0FC00__vs__60E32000_N3M5E,60E0FC00,60E32000_N3M5E,0x294b,0x294c,1,code,code:1,,0,
60E0FC00__vs__60E32000_N3M5E,60E0FC00,60E32000_N3M5E,0x2963,0x2964,1,code,code:1,,0,
60E0FC00__vs__60E32000_N3M5E,60E0FC00,60E32000_N3M5E,0x297b,0x297c,1,code,code:1,,0,
60E0FC00__vs__60E32000_N3M5E,60E0FC00,60E32000_N3M5E,0x2993,0x2994,1,code,code:1,,0,
60E0FC00__vs__60E32000_N3M5E,60E0FC00,60E32000_N3M5E,0x29ab,0x29ac,1,code,code:1,,0,
60E0FC00__vs__60E32000_N3M5E,60E0FC00,60E32000_N3M5E,0x29c3,0x29c4,1,code,code:1,,0,
60E0FC00__vs__60E32000_N3M5E,60E0FC00,60E32000_N3M5E,0x29db,0x29dc,1,code,code:1,,0,
60E0FC00__vs__60E32000_N3M5E,60E0FC00,60E32000_N3M5E,0x29f3,0x29f4,1,code,code:1,,0,
60E0FC00__vs__60E32000_N3M5E,60E0FC00,60E32000_N3M5E,0x2a0b,0x2a0c,1,code,code:1,,0,
60E0FC00__vs__60E32000_N3M5E,60E0FC00,60E32000_N3M5E,0x2a22,0x2a24,2,code,code:2,,0,
60E0FC00__vs__60E32000_N3M5E,60E0FC00,60E32000_N3M5E,0x2a3a,0x2a3c,2,code,code:2,,0,
60E0FC00__vs__60E32000_N3M5E,60E0FC00,60E32000_N3M5E,0x2a53,0x2a54,1,code,code:1,,0,
60E0FC00__vs__60E32000_N3M5E,60E0FC00,60E32000_N3M5E,0x2a6b,0x2a6c,1,code,code:1,,0,
60E0FC00__vs__60E32000_N3M5E,60E0FC00,60E32000_N3M5E,0x2a83,0x2a84,1,code,code:1,,0,
60E0FC00__vs__60E32000_N3M5E,60E0FC00,60E32000_N3M5E,0x2a9b,0x2a9c,1,code,code:1,,0,
60E0FC00__vs__60E32000_N3M5E,60E0FC00,60E32000_N3M5E,0x2ab3,0x2ab4,1,code,code:1,,0,
60E0FC00__vs__60E32000_N3M5E,60E0FC00,60E32000_N3M5E,0x2acb,0x2acc,1,code,code:1,,0,
60E0FC00__vs__60E32000_N3M5E,60E0FC00,60E32000_N3M5E,0x2ae3,0x2ae4,1,code,code:1,,0,
60E0FC00__vs__60E32000_N3M5E,60E0FC00,60E32000_N3M5E,0x2afb,0x2afc,1,code,code:1,,0,
60E0FC00__vs__60E32000_N3M5E,60E0FC00,60E32000_N3M5E,0x2b13,0x2b14,1,code,code:1,,0,
60E0FC00__vs__60E32000_N3M5E,60E0FC00,60E32000_N3M5E,0x2b2b,0x2b2c,1,code,code:1,,0,
60E0FC00__vs__60E32000_N3M5E,60E0FC00,60E32000_N3M5E,0x2b43,0x2b44,1,code,code:1,,0,
60E0FC00__vs__60E32000_N3M5E,60E0FC00,60E32000_N3M5E,0x2b5b,0x2b5c,1,code,code:1,,0,
60E0FC00__vs__60E32000_N3M5E,60E0FC00,60E32000_N3M5E,0x2b73,0x2b74,1,code,code:1,,0,
60E0FC00__vs__60E32000_N3M5E,60E0FC00,60E32000_N3M5E,0x2b8b,0x2b8c,1,code,code:1,,0,
60E0FC00__vs__60E32000_N3M5E,60E0FC00,60E32000_N3M5E,0x2ba3,0x2ba4,1,code,code:1,,0,
60E0FC00__vs__60E32000_N3M5E,60E0FC00,60E32000_N3M5E,0x2bba,0x2bbc,2,code,code:2,,0,
60E0FC00__vs__60E32000_N3M5E,60E0FC00,60E32000_N3M5E,0x2bd2,0x2bd4,2,code,code:2,,0,
60E0FC00__vs__60E32000_N3M5E,60E0FC00,60E32000_N3M5E,0x2beb,0x2bec,1,code,code:1,,0,
60E0FC00__vs__60E32000_N3M5E,60E0FC00,60E32000_N3M5E,0x2c03,0x2c04,1,code,code:1,,0,
60E0FC00__vs__60E32000_N3M5E,60E0FC00,60E32000_N3M5E,0x2c1b,0x2c1c,1,code,code:1,,0,
60E0FC00__vs__60E32000_N3M5E,60E0FC00,60E32000_N3M5E,0x2c33,0x2c34,1,code,code:1,,0,
60E0FC00__vs__60E32000_N3M5E,60E0FC00,60E32000_N3M5E,0x2c4b,0x2c4c,1,code,code:1,,0,
60E0FC00__vs__60E32000_N3M5E,60E0FC00,60E32000_N3M5E,0x2c63,0x2c64,1,code,code:1,,0,
60E0FC00__vs__60E32000_N3M5E,60E0FC00,60E32000_N3M5E,0x2c7b,0x2c7c,1,code,code:1,,0,
60E0FC00__vs__60E32000_N3M5E,60E0FC00,60E32000_N3M5E,0x2c93,0x2c94,1,code,code:1,,0,
60E0FC00__vs__60E32000_N3M5E,60E0FC00,60E32000_N3M5E,0x2cab,0x2cac,1,code,code:1,,0,
60E0FC00__vs__60E32000_N3M5E,60E0FC00,60E32000_N3M5E,0x2cc3,0x2cc4,1,code,code:1,,0,
60E0FC00__vs__60E32000_N3M5E,60E0FC00,60E32000_N3M5E,0x2cdb,0x2cdc,1,code,code:1,,0,
60E0FC00__vs__60E32000_N3M5E,60E0FC00,60E32000_N3M5E,0x2cf3,0x2cf4,1,code,code:1,,0,
60E0FC00__vs__60E32000_N3M5E,60E0FC00,60E32000_N3M5E,0x2d0b,0x2d0c,1,code,code:1,,0,
60E0FC00__vs__60E32000_N3M5E,60E0FC00,60E32000_N3M5E,0x2d22,0x2d24,2,code,code:2,,0,
60E0FC00__vs__60E32000_N3M5E,60E0FC00,60E32000_N3M5E,0x2d3a,0x2d3c,2,code,code:2,,0,
60E0FC00__vs__60E32000_N3M5E,60E0FC00,60E32000_N3M5E,0x2d53,0x2d54,1,code,code:1,,0,
60E0FC00__vs__60E32000_N3M5E,60E0FC00,60E32000_N3M5E,0x2d6b,0x2d6c,1,code,code:1,,0,
60E0FC00__vs__60E32000_N3M5E,60E0FC00,60E32000_N3M5E,0x2d83,0x2d84,1,code,code:1,,0,
60E0FC00__vs__60E32000_N3M5E,60E0FC00,60E32000_N3M5E,0x2d9b,0x2d9c,1,code,code:1,,0,
60E0FC00__vs__60E32000_N3M5E,60E0FC00,60E32000_N3M5E,0x2db3,0x2db4,1,code,code:1,,0,
60E0FC00__vs__60E32000_N3M5E,60E0FC00,60E32000_N3M5E,0x2dcb,0x2dcc,1,code,code:1,,0,
60E0FC00__vs__60E32000_N3M5E,60E0FC00,60E32000_N3M5E,0x2de3,0x2de4,1,code,code:1,,0,
60E0FC00__vs__60E32000_N3M5E,60E0FC00,60E32000_N3M5E,0x2dfb,0x2dfc,1,code,code:1,,0,
60E0FC00__vs__60E32000_N3M5E,60E0FC00,60E32000_N3M5E,0x2e13,0x2e14,1,code,code:1,,0,
60E0FC00__vs__60E32000_N3M5E,60E0FC00,60E32000_N3M5E,0x2e2b,0x2e2c,1,code,code:1,,0,
60E0FC00__vs__60E32000_N3M5E,60E0FC00,60E32000_N3M5E,0x2e42,0x2e44,2,code,code:2,,0,
60E0FC00__vs__60E32000_N3M5E,60E0FC00,60E32000_N3M5E,0x2e5a,0x2e5c,2,code,code:2,,0,
60E0FC00__vs__60E32000_N3M5E,60E0FC00,60E32000_N3M5E,0x2e73,0x2e74,1,code,code:1,,0,
60E0FC00__vs__60E32000_N3M5E,60E0FC00,60E32000_N3M5E,0x2e8b,0x2e8c,1,code,code:1,,0,
60E0FC00__vs__60E32000_N3M5E,60E0FC00,60E32000_N3M5E,0x2ea3,0x2ea4,1,code,code:1,,0,
60E0FC00__vs__60E32000_N3M5E,60E0FC00,60E32000_N3M5E,0x2ebb,0x2ebc,1,code,code:1,,0,
60E0FC00__vs__60E32000_N3M5E,60E0FC00,60E32000_N3M5E,0x2ed3,0x2ed4,1,code,code:1,,0,
60E0FC00__vs__60E32000_N3M5E,60E0FC00,60E32000_N3M5E,0x2eeb,0x2eec,1,code,code:1,,0,
60E0FC00__vs__60E32000_N3M5E,60E0FC00,60E32000_N3M5E,0x2f03,0x2f04,1,code,code:1,,0,
60E0FC00__vs__60E32000_N3M5E,60E0FC00,60E32000_N3M5E,0x2f1b,0x2f1c,1,code,code:1,,0,
60E0FC00__vs__60E32000_N3M5E,60E0FC00,60E32000_N3M5E,0x2f32,0x2f34,2,code,code:2,,0,
60E0FC00__vs__60E32000_N3M5E,60E0FC00,60E32000_N3M5E,0x2f4b,0x2f4c,1,code,code:1,,0,
60E0FC00__vs__60E32000_N3M5E,60E0FC00,60E32000_N3M5E,0x2f62,0x2f64,2,code,code:2,,0,
60E0FC00__vs__60E32000_N3M5E,60E0FC00,60E32000_N3M5E,0x2f7b,0x2f7c,1,code,code:1,,0,
60E0FC00__vs__60E32000_N3M5E,60E0FC00,60E32000_N3M5E,0x2f93,0x2f94,1,code,code:1,,0,
60E0FC00__vs__60E32000_N3M5E,60E0FC00,60E32000_N3M5E,0x2fab,0x2fac,1,code,code:1,,0,
60E0FC00__vs__60E32000_N3M5E,60E0FC00,60E32000_N3M5E,0x2fc3,0x2fc4,1,code,code:1,,0,
60E0FC00__vs__60E32000_N3M5E,60E0FC00,60E32000_N3M5E,0x2fda,0x2fdc,2,code,code:2,,0,
60E0FC00__vs__60E32000_N3M5E,60E0FC00,60E32000_N3M5E,0x2ff3,0x2ff4,1,code,code:1,,0,
60E0FC00__vs__60E32000_N3M5E,60E0FC00,60E32000_N3M5E,0x300b,0x300c,1,code,code:1,,0,
60E0FC00__vs__60E32000_N3M5E,60E0FC00,60E32000_N3M5E,0x3023,0x3024,1,code,code:1,,0,
60E0FC00__vs__60E32000_N3M5E,60E0FC00,60E32000_N3M5E,0x303b,0x303c,1,code,code:1,,0,
60E0FC00__vs__60E32000_N3M5E,60E0FC00,60E32000_N3M5E,0x3052,0x3054,2,code,code:2,,0,
60E0FC00__vs__60E32000_N3M5E,60E0FC00,60E32000_N3M5E,0x306b,0x306c,1,code,code:1,,0,
60E0FC00__vs__60E32000_N3M5E,60E0FC00,60E32000_N3M5E,0x3083,0x3084,1,code,code:1,,0,
60E0FC00__vs__60E32000_N3M5E,60E0FC00,60E32000_N3M5E,0x309b,0x309c,1,code,code:1,,0,
60E0FC00__vs__60E32000_N3M5E,60E0FC00,60E32000_N3M5E,0x30b3,0x30b4,1,code,code:1,,0,
60E0FC00__vs__60E32000_N3M5E,60E0FC00,60E32000_N3M5E,0x30cb,0x30cc,1,code,code:1,,0,
60E0FC00__vs__60E32000_N3M5E,60E0FC00,60E32000_N3M5E,0x30e3,0x30e4,1,code,code:1,,0,
60E0FC00__vs__60E32000_N3M5E,60E0FC00,60E32000_N3M5E,0x30fb,0x30fc,1,code,code:1,,0,
60E0FC00__vs__60E32000_N3M5E,60E0FC00,60E32000_N3M5E,0x3113,0x3114,1,code,code:1,,0,
60E0FC00__vs__60E32000_N3M5E,60E0FC00,60E32000_N3M5E,0x312b,0x312c,1,code,code:1,,0,
60E0FC00__vs__60E32000_N3M5E,60E0FC00,60E32000_N3M5E,0x3143,0x3144,1,code,code:1,,0,
60E0FC00__vs__60E32000_N3M5E,60E0FC00,60E32000_N3M5E,0x315b,0x315c,1,code,code:1,,0,
60E0FC00__vs__60E32000_N3M5E,60E0FC00,60E32000_N3M5E,0x3173,0x3174,1,code,code:1,,0,
60E0FC00__vs__60E32000_N3M5E,60E0FC00,60E32000_N3M5E,0x318b,0x318c,1,code,code:1,,0,
60E0FC00__vs__60E32000_N3M5E,60E0FC00,60E32000_N3M5E,0x31a3,0x31a4,1,code,code:1,,0,
60E0FC00__vs__60E32000_N3M5E,60E0FC00,60E32000_N3M5E,0x31bb,0x31bc,1,code,code:1,,0,
60E0FC00__vs__60E32000_N3M5E,60E0FC00,60E32000_N3M5E,0x31d3,0x31d4,1,code,code:1,,0,
60E0FC00__vs__60E32000_N3M5E,60E0FC00,60E32000_N3M5E,0x31ea,0x31ec,2,code,code:2,,0,
60E0FC00__vs__60E32000_N3M5E,60E0FC00,60E32000_N3M5E,0x3203,0x3204,1,code,code:1,,0,
60E0FC00__vs__60E32000_N3M5E,60E0FC00,60E32000_N3M5E,0x321a,0x321c,2,code,code:2,,0,
60E0FC00__vs__60E32000_N3M5E,60E0FC00,60E32000_N3M5E,0x3233,0x3234,1,code,code:1,,0,
60E0FC00__vs__60E32000_N3M5E,60E0FC00,60E32000_N3M5E,0x327a,0x327c,2,code,code:2,,0,
60E0FC00__vs__60E32000_N3M5E,60E0FC00,60E32000_N3M5E,0x32ee,0x32f0,2,code,code:2,,0,
60E0FC00__vs__60E32000_N3M5E,60E0FC00,60E32000_N3M5E,0x338a,0x338c,2,code,code:2,,0,
60E0FC00__vs__60E32000_N3M5E,60E0FC00,60E32000_N3M5E,0x33b6,0x33b8,2,code,code:2,,0,
60E0FC00__vs__60E32000_N3M5E,60E0FC00,60E32000_N3M5E,0x347a,0x3490,22,code,code:22,,0,
60E0FC00__vs__60E32000_N3M5E,60E0FC00,60E32000_N3M5E,0x3572,0x3578,6,code,code:6,,0,
60E0FC00__vs__60E32000_N3M5E,60E0FC00,60E32000_N3M5E,0x3676,0x3678,2,code,code:2,,0,
60E0FC00__vs__60E32000_N3M5E,60E0FC00,60E32000_N3M5E,0x36a2,0x36a4,2,code,code:2,,0,
60E0FC00__vs__60E32000_N3M5E,60E0FC00,60E32000_N3M5E,0x375a,0x375c,2,code,code:2,,0,
60E0FC00__vs__60E32000_N3M5E,60E0FC00,60E32000_N3M5E,0x3902,0x3904,2,code,code:2,,0,
60E0FC00__vs__60E32000_N3M5E,60E0FC00,60E32000_N3M5E,0x394e,0x3950,2,code,code:2,,0,
60E0FC00__vs__60E32000_N3M5E,60E0FC00,60E32000_N3M5E,0x3962,0x3964,2,code,code:2,,0,
60E0FC00__vs__60E32000_N3M5E,60E0FC00,60E32000_N3M5E,0x3aae,0x3ab4,6,code,code:6,,0,
60E0FC00__vs__60E32000_N3M5E,60E0FC00,60E32000_N3M5E,0x3ad6,0x3ad8,2,code,code:2,,0,
60E0FC00__vs__60E32000_N3M5E,60E0FC00,60E32000_N3M5E,0x3b22,0x3b28,6,code,code:6,,0,
60E0FC00__vs__60E32000_N3M5E,60E0FC00,60E32000_N3M5E,0x3d46,0x3d48,2,code,code:2,,0,
60E0FC00__vs__60E32000_N3M5E,60E0FC00,60E32000_N3M5E,0x3d9a,0x3d9c,2,code,code:2,,0,
60E0FC00__vs__60E32000_N3M5E,60E0FC00,60E32000_N3M5E,0x3e02,0x3e04,2,code,code:2,,0,
60E0FC00__vs__60E32000_N3M5E,60E0FC00,60E32000_N3M5E,0x3e82,0x3e84,2,code,code:2,,0,
60E0FC00__vs__60E32000_N3M5E,60E0FC00,60E32000_N3M5E,0x3f9a,0x3f9c,2,code,code:2,,0,
60E0FC00__vs__60E32000_N3M5E,60E0FC00,60E32000_N3M5E,0x3fa6,0x3fa8,2,code,code:2,,0,
60E0FC00__vs__60E32000_N3M5E,60E0FC00,60E32000_N3M5E,0x3fe6,0x3fe8,2,code,code:2,,0,
60E0FC00__vs__60E32000_N3M5E,60E0FC00,60E32000_N3M5E,0x4096,0x4098,2,code,code:2,,0,
60E0FC00__vs__60E32000_N3M5E,60E0FC00,60E32000_N3M5E,0x413e,0x4140,2,code,code:2,,0,
60E0FC00__vs__60E32000_N3M5E,60E0FC00,60E32000_N3M5E,0x4206,0x4208,2,code,code:2,,0,
60E0FC00__vs__60E32000_N3M5E,60E0FC00,60E32000_N3M5E,0x473e,0x4740,2,code,code:2,,0,
60E0FC00__vs__60E32000_N3M5E,60E0FC00,60E32000_N3M5E,0x493a,0x493c,2,code,code:2,,0,
60E0FC00__vs__60E32000_N3M5E,60E0FC00,60E32000_N3M5E,0x4996,0x499c,6,code,code:6,,0,
60E0FC00__vs__60E32000_N3M5E,60E0FC00,60E32000_N3M5E,0x49a6,0x49ad,7,code,code:7,,0,
60E0FC00__vs__60E32000_N3M5E,60E0FC00,60E32000_N3M5E,0x49b6,0x49bd,7,code,code:7,,0,
60E0FC00__vs__60E32000_N3M5E,60E0FC00,60E32000_N3M5E,0x49c6,0x49cd,7,code,code:7,,0,
60E0FC00__vs__60E32000_N3M5E,60E0FC00,60E32000_N3M5E,0x49d6,0x49dd,7,code,code:7,,0,
60E0FC00__vs__60E32000_N3M5E,60E0FC00,60E32000_N3M5E,0x49e6,0x49ec,6,code,code:6,,0,
60E0FC00__vs__60E32000_N3M5E,60E0FC00,60E32000_N3M5E,0x49f6,0x49fc,6,code,code:6,,0,
60E0FC00__vs__60E32000_N3M5E,60E0FC00,60E32000_N3M5E,0x4a06,0x4a0c,6,code,code:6,,0,
60E0FC00__vs__60E32000_N3M5E,60E0FC00,60E32000_N3M5E,0x4a16,0x4a1c,6,code,code:6,,0,
60E0FC00__vs__60E32000_N3M5E,60E0FC00,60E32000_N3M5E,0x4a26,0x4a2c,6,code,code:6,,0,
60E0FC00__vs__60E32000_N3M5E,60E0FC00,60E32000_N3M5E,0x4a36,0x4a3c,6,code,code:6,,0,
60E0FC00__vs__60E32000_N3M5E,60E0FC00,60E32000_N3M5E,0x4a46,0x4a4c,6,code,code:6,,0,
60E0FC00__vs__60E32000_N3M5E,60E0FC00,60E32000_N3M5E,0x4a56,0x4a5c,6,code,code:6,,0,
60E0FC00__vs__60E32000_N3M5E,60E0FC00,60E32000_N3M5E,0x4a66,0x4a6c,6,code,code:6,,0,
60E0FC00__vs__60E32000_N3M5E,60E0FC00,60E32000_N3M5E,0x4a76,0x4a7c,6,code,code:6,,0,
60E0FC00__vs__60E32000_N3M5E,60E0FC00,60E32000_N3M5E,0x4a86,0x4a8c,6,code,code:6,,0,
60E0FC00__vs__60E32000_N3M5E,60E0FC00,60E32000_N3M5E,0x4a96,0x4a9c,6,code,code:6,,0,
60E0FC00__vs__60E32000_N3M5E,60E0FC00,60E32000_N3M5E,0x4aa6,0x4aac,6,code,code:6,,0,
60E0FC00__vs__60E32000_N3M5E,60E0FC00,60E32000_N3M5E,0x4ab6,0x4abc,6,code,code:6,,0,
60E0FC00__vs__60E32000_N3M5E,60E0FC00,60E32000_N3M5E,0x4aca,0x4aec,34,code,code:34,,0,
60E0FC00__vs__60E32000_N3M5E,60E0FC00,60E32000_N3M5E,0x4b0e,0x4b10,2,code,code:2,,0,
60E0FC00__vs__60E32000_N3M5E,60E0FC00,60E32000_N3M5E,0x4c87,0x52b8,1585,code,code:1585,,0,
60E0FC00__vs__60E32000_N3M5E,60E0FC00,60E32000_N3M5E,0x52c3,0x52c4,1,code,code:1,,0,
60E0FC00__vs__60E32000_N3M5E,60E0FC00,60E32000_N3M5E,0x52cc,0x8214,12104,code,code:12104,,0,
60E0FC00__vs__60E32000_N3M5E,60E0FC00,60E32000_N3M5E,0x8224,0x829a,118,code,code:118,,0,
60E0FC00__vs__60E32000_N3M5E,60E0FC00,60E32000_N3M5E,0x82aa,0x1fac8,96286,code,code:96286,,0,
60E0FC00__vs__60E32000_N3M5E,60E0FC00,60E32000_N3M5E,0x1fad6,0x3a79c,109766,code,code:109766,,0,
60E0FC00__vs__60E32000_N3M5E,60E0FC00,60E32000_N3M5E,0x3a7a4,0x3d55e,11706,code,code:11706,,0,
60E0FC00__vs__60E32000_N3M5E,60E0FC00,60E32000_N3M5E,0x3d56d,0x582ac,109887,code,code:109887,,0,
60E0FC00__vs__60E32000_N3M5E,60E0FC00,60E32000_N3M5E,0x582b4,0x70ff9,101701,code,code:81852 cal_data:16589 padding:2960 cal_table:300,,300,Barometric Pressure Sensor Max ADC Count; Barometric Pressure Sensor Min ADC Count; CLT Sensor Scaling; Cold Rev Limit; Cold Rev Limit Threshold; IAT Sensor Scaling; Idle Related; Idle Target; ...
60E0FC00__vs__60E32000_N3M5E,60E0FC00,60E32000_N3M5E,0x71001,0x7100d,12,cal_data,cal_data:12,,0,
60E0FC00__vs__60E32000_N3M5E,60E0FC00,60E32000_N3M5E,0x71015,0x7242c,5143,cal_data,cal_data:5025 cal_table:118,,118,Fuelling - Safe Mode; Fuelling 0; Fuelling 1; Fuelling 10 - Safe Mode; Fuelling 2 - Safe Mode; Fuelling 3; Fuelling 4; Fuelling 5; ...
60E0FC00__vs__60E32000_N3M5E,60E0FC00,60E32000_N3M5E,0x72434,0x74c9a,10342,cal_data,cal_data:10202 cal_table:140,,140,Accel Pedal to Throttle Position #1; Accel Pedal to Throttle Position #2; Accel Pedal to Throttle Position #3; Fuelling 11; Fuelling 12; Fuelling 13 - Safe Mode; Fuelling 14 - Safe mode; Fuelling 15; ...
60E0FC00__vs__60E32000_N3M5E,60E0FC00,60E32000_N3M5E,0x74ca4,0x7c717,31347,cal_data,cal_data:30806 cal_table:541,,541,Accel Pedal to Throttle Position #4; AirFlow Inj Angle Related; Airflow Or Load Related; Auxillary Valve Close; Barometric Pressure Sensor Max Voltage; Barometric Pressure Sensor Min Voltage; Barometric Pressure Sensor Offset; Barometric Pressure Sensor Slope; ...
60E0FC00__vs__60E32000_N3M5E,60E0FC00,60E32000_N3M5E,0x7c722,0x7e3f3,7377,cal_data,cal_data:4976 tail:2292 cal_table:109,,109,Ignition Dwell Time_; Table 2D - 235_; Table 2D - 236_; Table 2D - 237_; Table 2D - 238_; Table 2D - 239_; Table 2D - 240_; Table 2D - 241_; ...
60E0FC00__vs__60E32000_N3M5E,60E0FC00,60E32000_N3M5E,0x7e3fe,0x7e736,824,tail,tail:824,,0,
60E0FC00__vs__60E32000_N3M5E,60E0FC00,60E32000_N3M5E,0x7e74c,0x7fa0c,4800,tail,tail:4800,,0,
60E0FC00__vs__60E32000_N3M5E,60E0FC00,60E32000_N3M5E,0x7fb01,0x7fb04,3,tail,tail:3,,0,
60E0FC00__vs__60E32000_N3M5E,60E0FC00,60E32000_N3M5E,0x7fb88,0x7fb8c,4,tail,tail:4,,0,
60E0FC00__vs__60E32000_N3M5E,60E0FC00,60E32000_N3M5E,0x7fc53,0x7fd50,253,tail,tail:253,,0,
60E0FC00__vs__60E32000_N3M5E,60E0FC00,60E32000_N3M5E,0x7fd77,0x7fdd0,89,tail,tail:89,,0,
60E0FC00__vs__60E32000_N3M5E,60E0FC00,60E32000_N3M5E,0x7fdf7,0x7fe00,9,tail,tail:9,,0,
60E0FC00__vs__60E32000_N3M5E,60E0FC00,60E32000_N3M5E,0x7fe27,0x7fe30,9,tail,tail:9,,0,
60E0FC00__vs__60E32000_N3M5E,60E0FC00,60E32000_N3M5E,0x7fe47,0x7fe50,9,tail,tail:9,,0,
60E0FC00__vs__60E32000_N3M5E,60E0FC00,60E32000_N3M5E,0x7fe67,0x7fe70,9,tail,tail:9,,0,
60E0FC00__vs__60E32000_N3M5E,60E0FC00,60E32000_N3M5E,0x7fe87,0x7fe90,9,tail,tail:9,,0,
60E0FC00__vs__60E32000_N3M5E,60E0FC00,60E32000_N3M5E,0x7ff07,0x7ff3c,53,tail,tail:53,,0,
60E0FC00__vs__60E32000_N3M5E,60E0FC00,60E32000_N3M5E,0x7ff47,0x7ff70,41,tail,tail:41,,0,
60E0FC00__vs__60E32000_N3M5E,60E0FC00,60E32000_N3M5E,0x7ffd7,0x7ffe0,9,tail,tail:9,,0,
60E0FC00__vs__60E32000_N3M5E,60E0FC00,60E32000_N3M5E,0x7fff4,0x7fffc,8,tail,tail:8,,0,
60E15120_N3J1E__vs__60E1B900,60E15120_N3J1E,60E1B900,0xffb,0x1008,13,header,header:13,,0,
60E15120_N3J1E__vs__60E1B900,60E15120_N3J1E,60E1B900,0x1039,0x1302,713,header,header:713,,0,
60E15120_N3J1E__vs__60E1B900,60E15120_N3J1E,60E1B900,0x130b,0x1ffc,3313,header,header:3313,,0,
60E15120_N3J1E__vs__60E1B900,60E15120_N3J1E,60E1B900,0x2004,0x2007,3,code,code:3,,0,
60E15120_N3J1E__vs__60E1B900,60E15120_N3J1E,60E1B900,0x2020,0x2023,3,code,code:3,,0,
60E15120_N3J1E__vs__60E1B900,60E15120_N3J1E,60E1B900,0x2723,0x2724,1,code,code:1,,0,
60E15120_N3J1E__vs__60E1B900,60E15120_N3J1E,60E1B900,0x273b,0x273c,1,code,code:1,,0,
60E15120_N3J1E__vs__60E1B900,60E15120_N3J1E,60E1B900,0x2753,0x2754,1,code,code:1,,0,
60E15120_N3J1E__vs__60E1B900,60E15120_N3J1E,60E1B900,0x276a,0x276c,2,code,code:2,,0,
60E15120_N3J1E__vs__60E1B900,60E15120_N3J1E,60E1B900,0x2782,0x2784,2,code,code:2,,0,
60E15120_N3J1E__vs__60E1B900,60E15120_N3J1E,60E1B900,0x279b,0x279c,1,code,code:1,,0,
60E15120_N3J1E__vs__60E1B900,60E15120_N3J1E,60E1B900,0x27b3,0x27b4,1,code,code:1,,0,
60E15120_N3J1E__vs__60E1B900,60E15120_N3J1E,60E1B900,0x27cb,0x27cc,1,code,code:1,,0,
60E15120_N3J1E__vs__60E1B900,60E15120_N3J1E,60E1B900,0x27e3,0x27e4,1,code,code:1,,0,
60E15120_N3J1E__vs__60E1B900,60E15120_N3J1E,60E1B900,0x27fb,0x27fc,1,code,code:1,,0,
60E15120_N3J1E__vs__60E1B900,60E15120_N3J1E,60E1B900,0x2813,0x2814,1,code,code:1,,0,
60E15120_N3J1E__vs__60E1B900,60E15120_N3J1E,60E1B900,0x282b,0x282c,1,code,code:1,,0,
60E15120_N3J1E__vs__60E1B900,60E15120_N3J1E,60E1B900,0x2843,0x2844,1,code,code:1,,0,
60E15120_N3J1E__vs__60E1B900,60E15120_N3J1E,60E1B900,0x285b,0x285c,1,code,code:1,,0,
60E15120_N3J1E__vs__60E1B900,60E15120_N3J1E,60E1B900,0x2873,0x2874,1,code,code:1,,0,
60E15120_N3J1E__vs__60E1B900,60E15120_N3J1E,60E1B900,0x288b,0x288c,1,code,code:1,,0,
60E15120_N3J1E__vs__60E1B900,60E15120_N3J1E,60E1B900,0x28a3,0x28a4,1,code,code:1,,0,
60E15120_N3J1E__vs__60E1B900,60E15120_N3J1E,60E1B900,0x28bb,0x28bc,1,code,code:1,,0,
60E15120_N3J1E__vs__60E1B900,60E15120_N3J1E,60E1B900,0x28d3,0x28d4,1,code,code:1,,0,
60E15120_N3J1E__vs__60E1B900,60E15120_N3J1E,60E1B900,0x28ea,0x28ec,2,code,code:2,,0,
60E15120_N3J1E__vs__60E1B900,60E15120_N3J1E,60E1B900,0x2902,0x2904,2,code,code:2,,0,
60E15120_N3J1E__vs__60E1B900,60E15120_N3J1E,60E1B900,0x291b,0x291c,1,code,code:1,,0,
60E15120_N3J1E__vs__60E1B900,60E15120_N3J1E,60E1B900,0x2933,0x2934,1,code,code:1,,0,
60E15120_N3J1E__vs__60E1B900,60E15120_N3J1E,60E1B900,0x294b,0x294c,1,code,code:1,,0,
60E15120_N3J1E__vs__60E1B900,60E15120_N3J1E,60E1B900,0x2963,0x2964,1,code,code:1,,0,
60E15120_N3J1E__vs__60E1B900,60E15120_N3J1E,60E1B900,0x297b,0x297c,1,code,code:1,,0,
60E15120_N3J1E__vs__60E1B900,60E15120_N3J1E,60E1B900,0x2993,0x2994,1,code,code:1,,0,
60E15120_N3J1E__vs__60E1B900,60E15120_N3J1E,60E1B900,0x29ab,0x29ac,1,code,code:1,,0,
60E15120_N3J1E__vs__60E1B900,60E15120_N3J1E,60E1B900,0x29c3,0x29c4,1,code,code:1,,0,
60E15120_N3J1E__vs__60E1B900,60E15120_N3J1E,60E1B900,0x29db,0x29dc,1,code,code:1,,0,
60E15120_N3J1E__vs__60E1B900,60E15120_N3J1E,60E1B900,0x29f3,0x29f4,1,code,code:1,,0,
60E15120_N3J1E__vs__60E1B900,60E15120_N3J1E,60E1B900,0x2a0b,0x2a0c,1,code,code:1,,0,
60E15120_N3J1E__vs__60E1B900,60E15120_N3J1E,60E1B900,0x2a22,0x2a24,2,code,code:2,,0,
60E15120_N3J1E__vs__60E1B900,60E15120_N3J1E,60E1B900,0x2a3a,0x2a3c,2,code,code:2,,0,
60E15120_N3J1E__vs__60E1B900,60E15120_N3J1E,60E1B900,0x2a53,0x2a54,1,code,code:1,,0,
60E15120_N3J1E__vs__60E1B900,60E15120_N3J1E,60E1B900,0x2a6b,0x2a6c,1,code,code:1,,0,
60E15120_N3J1E__vs__60E1B900,60E15120_N3J1E,60E1B900,0x2a83,0x2a84,1,code,code:1,,0,
60E15120_N3J1E__vs__60E1B900,60E15120_N3J1E,60E1B900,0x2a9b,0x2a9c,1,code,code:1,,0,
60E15120_N3J1E__vs__60E1B900,60E15120_N3J1E,60E1B900,0x2ab3,0x2ab4,1,code,code:1,,0,
60E15120_N3J1E__vs__60E1B900,60E15120_N3J1E,60E1B900,0x2acb,0x2acc,1,code,code:1,,0,
60E15120_N3J1E__vs__60E1B900,60E15120_N3J1E,60E1B900,0x2ae3,0x2ae4,1,code,code:1,,0,
60E15120_N3J1E__vs__60E1B900,60E15120_N3J1E,60E1B900,0x2afb,0x2afc,1,code,code:1,,0,
60E15120_N3J1E__vs__60E1B900,60E15120_N3J1E,60E1B900,0x2b13,0x2b14,1,code,code:1,,0,
60E15120_N3J1E__vs__60E1B900,60E15120_N3J1E,60E1B900,0x2b2b,0x2b2c,1,code,code:1,,0,
60E15120_N3J1E__vs__60E1B900,60E15120_N3J1E,60E1B900,0x2b43,0x2b44,1,code,code:1,,0,
60E15120_N3J1E__vs__60E1B900,60E15120_N3J1E,60E1B900,0x2b5b,0x2b5c,1,code,code:1,,0,
60E15120_N3J1E__vs__60E1B900,60E15120_N3J1E,60E1B900,0x2b73,0x2b74,1,code,code:1,,0,
60E15120_N3J1E__vs__60E1B900,60E15120_N3J1E,60E1B900,0x2b8b,0x2b8c,1,code,code:1,,0,
60E15120_N3J1E__vs__60E1B900,60E15120_N3J1E,60E1B900,0x2ba3,0x2ba4,1,code,code:1,,0,
60E15120_N3J1E__vs__60E1B900,60E15120_N3J1E,60E1B900,0x2bba,0x2bbc,2,code,code:2,,0,
60E15120_N3J1E__vs__60E1B900,60E15120_N3J1E,60E1B900,0x2bd2,0x2bd4,2,code,code:2,,0,
60E15120_N3J1E__vs__60E1B900,60E15120_N3J1E,60E1B900,0x2beb,0x2bec,1,code,code:1,,0,
60E15120_N3J1E__vs__60E1B900,60E15120_N3J1E,60E1B900,0x2c03,0x2c04,1,code,code:1,,0,
60E15120_N3J1E__vs__60E1B900,60E15120_N3J1E,60E1B900,0x2c1b,0x2c1c,1,code,code:1,,0,
60E15120_N3J1E__vs__60E1B900,60E15120_N3J1E,60E1B900,0x2c33,0x2c34,1,code,code:1,,0,
60E15120_N3J1E__vs__60E1B900,60E15120_N3J1E,60E1B900,0x2c4b,0x2c4c,1,code,code:1,,0,
60E15120_N3J1E__vs__60E1B900,60E15120_N3J1E,60E1B900,0x2c63,0x2c64,1,code,code:1,,0,
60E15120_N3J1E__vs__60E1B900,60E15120_N3J1E,60E1B900,0x2c7b,0x2c7c,1,code,code:1,,0,
60E15120_N3J1E__vs__60E1B900,60E15120_N3J1E,60E1B900,0x2c93,0x2c94,1,code,code:1,,0,
60E15120_N3J1E__vs__60E1B900,60E15120_N3J1E,60E1B900,0x2cab,0x2cac,1,code,code:1,,0,
60E15120_N3J1E__vs__60E1B900,60E15120_N3J1E,60E1B900,0x2cc3,0x2cc4,1,code,code:1,,0,
60E15120_N3J1E__vs__60E1B900,60E15120_N3J1E,60E1B900,0x2cdb,0x2cdc,1,code,code:1,,0,
60E15120_N3J1E__vs__60E1B900,60E15120_N3J1E,60E1B900,0x2cf3,0x2cf4,1,code,code:1,,0,
60E15120_N3J1E__vs__60E1B900,60E15120_N3J1E,60E1B900,0x2d0b,0x2d0c,1,code,code:1,,0,
60E15120_N3J1E__vs__60E1B900,60E15120_N3J1E,60E1B900,0x2d22,0x2d24,2,code,code:2,,0,
60E15120_N3J1E__vs__60E1B900,60E15120_N3J1E,60E1B900,0x2d3a,0x2d3c,2,code,code:2,,0,
60E15120_N3J1E__vs__60E1B900,60E15120_N3J1E,60E1B900,0x2d53,0x2d54,1,code,code:1,,0,
60E15120_N3J1E__vs__60E1B900,60E15120_N3J1E,60E1B900,0x2d6b,0x2d6c,1,code,code:1,,0,
60E15120_N3J1E__vs__60E1B900,60E15120_N3J1E,60E1B900,0x2d83,0x2d84,1,code,code:1,,0,
60E15120_N3J1E__vs__60E1B900,60E15120_N3J1E,60E1B900,0x2d9b,0x2d9c,1,code,code:1,,0,
60E15120_N3J1E__vs__60E1B900,60E15120_N3J1E,60E1B900,0x2db3,0x2db4,1,code,code:1,,0,
60E15120_N3J1E__vs__60E1B900,60E15120_N3J1E,60E1B900,0x2dcb,0x2dcc,1,code,code:1,,0,
60E15120_N3J1E__vs__60E1B900,60E15120_N3J1E,60E1B900,0x2de3,0x2de4,1,code,code:1,,0,
60E15120_N3J1E__vs__60E1B900,60E15120_N3J1E,60E1B900,0x2dfb,0x2dfc,1,code,code:1,,0,
60E15120_N3J1E__vs__60E1B900,60E15120_N3J1E,60E1B900,0x2e13,0x2e14,1,code,code:1,,0,
60E15120_N3J1E__vs__60E1B900,60E15120_N3J1E,60E1B900,0x2e2b,0x2e2c,1,code,code:1,,0,
60E15120_N3J1E__vs__60E1B900,60E15120_N3J1E,60E1B900,0x2e42,0x2e44,2,code,code:2,,0,
60E15120_N3J1E__vs__60E1B900,60E15120_N3J1E,60E1B900,0x2e5a,0x2e5c,2,code,code:2,,0,
60E15120_N3J1E__vs__60E1B900,60E15120_N3J1E,60E1B900,0x2e73,0x2e74,1,code,code:1,,0,
60E15120_N3J1E__vs__60E1B900,60E15120_N3J1E,60E1B900,0x2e8b,0x2e8c,1,code,code:1,,0,
60E15120_N3J1E__vs__60E1B900,60E15120_N3J1E,60E1B900,0x2ea3,0x2ea4,1,code,code:1,,0,
60E15120_N3J1E__vs__60E1B900,60E15120_N3J1E,60E1B900,0x2ebb,0x2ebc,1,code,code:1,,0,
60E15120_N3J1E__vs__60E1B900,60E15120_N3J1E,60E1B900,0x2ed3,0x2ed4,1,code,code:1,,0,
60E15120_N3J1E__vs__60E1B900,60E15120_N3J1E,60E1B900,0x2eeb,0x2eec,1,code,code:1,,0,
60E15120_N3J1E__vs__60E1B900,60E15120_N3J1E,60E1B900,0x2f03,0x2f04,1,code,code:1,,0,
60E15120_N3J1E__vs__60E1B900,60E15120_N3J1E,60E1B900,0x2f1b,0x2f1c,1,code,code:1,,0,
60E15120_N3J1E__vs__60E1B900,60E15120_N3J1E,60E1B900,0x2f32,0x2f34,2,code,code:2,,0,
60E15120_N3J1E__vs__60E1B900,60E15120_N3J1E,60E1B900,0x2f4b,0x2f4c,1,code,code:1,,0,
60E15120_N3J1E__vs__60E1B900,60E15120_N3J1E,60E1B900,0x2f62,0x2f64,2,code,code:2,,0,
60E15120_N3J1E__vs__60E1B900,60E15120_N3J1E,60E1B900,0x2f7b,0x2f7c,1,code,code:1,,0,
60E15120_N3J1E__vs__60E1B900,60E15120_N3J1E,60E1B900,0x2f93,0x2f94,1,code,code:1,,0,
60E15120_N3J1E__vs__60E1B900,60E15120_N3J1E,60E1B900,0x2fab,0x2fac,1,code,code:1,,0,
60E15120_N3J1E__vs__60E1B900,60E15120_N3J1E,60E1B900,0x2fc3,0x2fc4,1,code,code:1,,0,
60E15120_N3J1E__vs__60E1B900,60E15120_N3J1E,60E1B900,0x2fda,0x2fdc,2,code,code:2,,0,
60E15120_N3J1E__vs__60E1B900,60E15120_N3J1E,60E1B900,0x2ff3,0x2ff4,1,code,code:1,,0,
60E15120_N3J1E__vs__60E1B900,60E15120_N3J1E,60E1B900,0x300b,0x300c,1,code,code:1,,0,
60E15120_N3J1E__vs__60E1B900,60E15120_N3J1E,60E1B900,0x3023,0x3024,1,code,code:1,,0,
60E15120_N3J1E__vs__60E1B900,60E15120_N3J1E,60E1B900,0x303b,0x303c,1,code,code:1,,0,
60E15120_N3J1E__vs__60E1B900,60E15120_N3J1E,60E1B900,0x3052,0x3054,2,code,code:2,,0,
60E15120_N3J1E__vs__60E1B900,60E15120_N3J1E,60E1B900,0x306b,0x306c,1,code,code:1,,0,
60E15120_N3J1E__vs__60E1B900,60E15120_N3J1E,60E1B900,0x3083,0x3084,1,code,code:1,,0,
60E15120_N3J1E__vs__60E1B900,60E15120_N3J1E,60E1B900,0x309b,0x309c,1,code,code:1,,0,
60E15120_N3J1E__vs__60E1B900,60E15120_N3J1E,60E1B900,0x30b3,0x30b4,1,code,code:1,,0,
60E15120_N3J1E__vs__60E1B900,60E15120_N3J1E,60E1B900,0x30cb,0x30cc,1,code,code:1,,0,
60E15120_N3J1E__vs__60E1B900,60E15120_N3J1E,60E1B900,0x30e3,0x30e4,1,code,code:1,,0,
60E15120_N3J1E__vs__60E1B900,60E15120_N3J1E,60E1B900,0x30fb,0x30fc,1,code,code:1,,0,
60E15120_N3J1E__vs__60E1B900,60E15120_N3J1E,60E1B900,0x3113,0x3114,1,code,code:1,,0,
60E15120_N3J1E__vs__60E1B900,60E15120_N3J1E,60E1B900,0x312b,0x312c,1,code,code:1,,0,
60E15120_N3J1E__vs__60E1B900,60E15120_N3J1E,60E1B900,0x3143,0x3144,1,code,code:1,,0,
60E15120_N3J1E__vs__60E1B900,60E15120_N3J1E,60E1B900,0x315b,0x315c,1,code,code:1,,0,
60E15120_N3J1E__vs__60E1B900,60E15120_N3J1E,60E1B900,0x3173,0x3174,1,code,code:1,,0,
60E15120_N3J1E__vs__60E1B900,60E15120_N3J1E,60E1B900,0x318b,0x318c,1,code,code:1,,0,
60E15120_N3J1E__vs__60E1B900,60E15120_N3J1E,60E1B900,0x31a3,0x31a4,1,code,code:1,,0,
60E15120_N3J1E__vs__60E1B900,60E15120_N3J1E,60E1B900,0x31bb,0x31bc,1,code,code:1,,0,
60E15120_N3J1E__vs__60E1B900,60E15120_N3J1E,60E1B900,0x31d3,0x31d4,1,code,code:1,,0,
60E15120_N3J1E__vs__60E1B900,60E15120_N3J1E,60E1B900,0x31ea,0x31ec,2,code,code:2,,0,
60E15120_N3J1E__vs__60E1B900,60E15120_N3J1E,60E1B900,0x3203,0x3204,1,code,code:1,,0,
60E15120_N3J1E__vs__60E1B900,60E15120_N3J1E,60E1B900,0x321a,0x321c,2,code,code:2,,0,
60E15120_N3J1E__vs__60E1B900,60E15120_N3J1E,60E1B900,0x3233,0x3234,1,code,code:1,,0,
60E15120_N3J1E__vs__60E1B900,60E15120_N3J1E,60E1B900,0x327a,0x327c,2,code,code:2,,0,
60E15120_N3J1E__vs__60E1B900,60E15120_N3J1E,60E1B900,0x32ee,0x32f0,2,code,code:2,,0,
60E15120_N3J1E__vs__60E1B900,60E15120_N3J1E,60E1B900,0x338a,0x338c,2,code,code:2,,0,
60E15120_N3J1E__vs__60E1B900,60E15120_N3J1E,60E1B900,0x33b6,0x33b8,2,code,code:2,,0,
60E15120_N3J1E__vs__60E1B900,60E15120_N3J1E,60E1B900,0x347a,0x3490,22,code,code:22,,0,
60E15120_N3J1E__vs__60E1B900,60E15120_N3J1E,60E1B900,0x3572,0x3578,6,code,code:6,,0,
60E15120_N3J1E__vs__60E1B900,60E15120_N3J1E,60E1B900,0x3676,0x3678,2,code,code:2,,0,
60E15120_N3J1E__vs__60E1B900,60E15120_N3J1E,60E1B900,0x36a2,0x36a4,2,code,code:2,,0,
60E15120_N3J1E__vs__60E1B900,60E15120_N3J1E,60E1B900,0x375a,0x375c,2,code,code:2,,0,
60E15120_N3J1E__vs__60E1B900,60E15120_N3J1E,60E1B900,0x3902,0x3904,2,code,code:2,,0,
60E15120_N3J1E__vs__60E1B900,60E15120_N3J1E,60E1B900,0x394e,0x3950,2,code,code:2,,0,
60E15120_N3J1E__vs__60E1B900,60E15120_N3J1E,60E1B900,0x3962,0x3964,2,code,code:2,,0,
60E15120_N3J1E__vs__60E1B900,60E15120_N3J1E,60E1B900,0x3aae,0x3ab4,6,code,code:6,,0,
60E15120_N3J1E__vs__60E1B900,60E15120_N3J1E,60E1B900,0x3ad6,0x3ad8,2,code,code:2,,0,
60E15120_N3J1E__vs__60E1B900,60E15120_N3J1E,60E1B900,0x3b22,0x3b28,6,code,code:6,,0,
60E15120_N3J1E__vs__60E1B900,60E15120_N3J1E,60E1B900,0x3d46,0x3d48,2,code,code:2,,0,
60E15120_N3J1E__vs__60E1B900,60E15120_N3J1E,60E1B900,0x3d9a,0x3d9c,2,code,code:2,,0,
60E15120_N3J1E__vs__60E1B900,60E15120_N3J1E,60E1B900,0x3e02,0x3e04,2,code,code:2,,0,
60E15120_N3J1E__vs__60E1B900,60E15120_N3J1E,60E1B900,0x3e82,0x3e84,2,code,code:2,,0,
60E15120_N3J1E__vs__60E1B900,60E15120_N3J1E,60E1B900,0x3f9a,0x3f9c,2,code,code:2,,0,
60E15120_N3J1E__vs__60E1B900,60E15120_N3J1E,60E1B900,0x3fa6,0x3fa8,2,code,code:2,,0,
60E15120_N3J1E__vs__60E1B900,60E15120_N3J1E,60E1B900,0x3fe6,0x3fe8,2,code,code:2,,0,
60E15120_N3J1E__vs__60E1B900,60E15120_N3J1E,60E1B900,0x4096,0x4098,2,code,code:2,,0,
60E15120_N3J1E__vs__60E1B900,60E15120_N3J1E,60E1B900,0x413e,0x4140,2,code,code:2,,0,
60E15120_N3J1E__vs__60E1B900,60E15120_N3J1E,60E1B900,0x4206,0x4208,2,code,code:2,,0,
60E15120_N3J1E__vs__60E1B900,60E15120_N3J1E,60E1B900,0x473e,0x4740,2,code,code:2,,0,
60E15120_N3J1E__vs__60E1B900,60E15120_N3J1E,60E1B900,0x493a,0x493c,2,code,code:2,,0,
60E15120_N3J1E__vs__60E1B900,60E15120_N3J1E,60E1B900,0x4996,0x499c,6,code,code:6,,0,
60E15120_N3J1E__vs__60E1B900,60E15120_N3J1E,60E1B900,0x49a6,0x49ad,7,code,code:7,,0,
60E15120_N3J1E__vs__60E1B900,60E15120_N3J1E,60E1B900,0x49b6,0x49bd,7,code,code:7,,0,
60E15120_N3J1E__vs__60E1B900,60E15120_N3J1E,60E1B900,0x49c6,0x49cd,7,code,code:7,,0,
60E15120_N3J1E__vs__60E1B900,60E15120_N3J1E,60E1B900,0x49d6,0x49dd,7,code,code:7,,0,
60E15120_N3J1E__vs__60E1B900,60E15120_N3J1E,60E1B900,0x49e6,0x49ec,6,code,code:6,,0,
60E15120_N3J1E__vs__60E1B900,60E15120_N3J1E,60E1B900,0x49f6,0x49fc,6,code,code:6,,0,
60E15120_N3J1E__vs__60E1B900,60E15120_N3J1E,60E1B900,0x4a06,0x4a0c,6,code,code:6,,0,
60E15120_N3J1E__vs__60E1B900,60E15120_N3J1E,60E1B900,0x4a16,0x4a1c,6,code,code:6,,0,
60E15120_N3J1E__vs__60E1B900,60E15120_N3J1E,60E1B900,0x4a26,0x4a2c,6,code,code:6,,0,
60E15120_N3J1E__vs__60E1B900,60E15120_N3J1E,60E1B900,0x4a36,0x4a3c,6,code,code:6,,0,
60E15120_N3J1E__vs__60E1B900,60E15120_N3J1E,60E1B900,0x4a46,0x4a4c,6,code,code:6,,0,
60E15120_N3J1E__vs__60E1B900,60E15120_N3J1E,60E1B900,0x4a56,0x4a5c,6,code,code:6,,0,
60E15120_N3J1E__vs__60E1B900,60E15120_N3J1E,60E1B900,0x4a66,0x4a6c,6,code,code:6,,0,
60E15120_N3J1E__vs__60E1B900,60E15120_N3J1E,60E1B900,0x4a76,0x4a7c,6,code,code:6,,0,
60E15120_N3J1E__vs__60E1B900,60E15120_N3J1E,60E1B900,0x4a86,0x4a8c,6,code,code:6,,0,
60E15120_N3J1E__vs__60E1B900,60E15120_N3J1E,60E1B900,0x4a96,0x4a9c,6,code,code:6,,0,
60E15120_N3J1E__vs__60E1B900,60E15120_N3J1E,60E1B900,0x4aa6,0x4aac,6,code,code:6,,0,
60E15120_N3J1E__vs__60E1B900,60E15120_N3J1E,60E1B900,0x4ab6,0x4abc,6,code,code:6,,0,
60E15120_N3J1E__vs__60E1B900,60E15120_N3J1E,60E1B900,0x4aca,0x4aec,34,code,code:34,,0,
60E15120_N3J1E__vs__60E1B900,60E15120_N3J1E,60E1B900,0x4b0e,0x4b10,2,code,code:2,,0,
60E15120_N3J1E__vs__60E1B900,60E15120_N3J1E,60E1B900,0x4c87,0x52b8,1585,code,code:1585,,0,
60E15120_N3J1E__vs__60E1B900,60E15120_N3J1E,60E1B900,0x52c3,0x52c4,1,code,code:1,,0,
60E15120_N3J1E__vs__60E1B900,60E15120_N3J1E,60E1B900,0x52cc,0x8214,12104,code,code:12104,,0,
60E15120_N3J1E__vs__60E1B900,60E15120_N3J1E,60E1B900,0x8224,0x829a,118,code,code:118,,0,
60E15120_N3J1E__vs__60E1B900,60E15120_N3J1E,60E1B900,0x82aa,0x1bb06,79964,code,code:79964,,0,
60E15120_N3J1E__vs__60E1B900,60E15120_N3J1E,60E1B900,0x1bb0e,0x2f9fc,81646,code,code:81646,,0,
60E15120_N3J1E__vs__60E1B900,60E15120_N3J1E,60E1B900,0x2fa04,0x3d44a,55878,code,code:55878,,0,
60E15120_N3J1E__vs__60E1B900,60E15120_N3J1E,60E1B900,0x3d452,0x62038,150502,code,code:150502,,0,
60E15120_N3J1E__vs__60E1B900,60E15120_N3J1E,60E1B900,0x62042,0x6981d,30683,code,code:30683,,0,
60E15120_N3J1E__vs__60E1B900,60E15120_N3J1E,60E1B900,0x69825,0x69b19,756,code,code:756,,0,
60E15120_N3J1E__vs__60E1B900,60E15120_N3J1E,60E1B900,0x69b21,0x6bc7c,8539,code,code:8539,,0,
60E15120_N3J1E__vs__60E1B900,60E15120_N3J1E,60E1B900,0x6c000,0x6c061,97,code,code:97,,0,
60E15120_N3J1E__vs__60E1B900,60E15120_N3J1E,60E1B900,0x6c0e0,0x6d8a8,6088,padding,padding:2960 cal_data:2676 code:400 cal_table:52,,52,Barometric Pressure Sensor Max ADC Count; Barometric Pressure Sensor Min ADC Count; Cold Rev Limit; Cold Rev Limit Threshold; Idle Related; Ignition 2; Ignition Leading 0; Ignition Leading 1; ...
60E15120_N3J1E__vs__60E1B900,60E15120_N3J1E,60E1B900,0x6d8b8,0x6e13e,2182,cal_data,cal_data:2167 cal_table:15,,15,Ignition; Ignition 0 - Safe Mode; Ignition Leading 4; Ignition Leading Base; Ignition Leading Base - Safe Mode; X; X; X; ...
60E15120_N3J1E__vs__60E1B900,60E15120_N3J1E,60E1B900,0x6e14a,0x6e1ac,98,cal_data,cal_data:97 cal_table:1,,1,Y
60E15120_N3J1E__vs__60E1B900,60E15120_N3J1E,60E1B900,0x6e1c4,0x6f1fe,4154,cal_data,cal_data:4055 cal_table:99,,99,Idle Target; Idle Target 0; Idle Target 1; Idle Target 2; Idle Target 3; Idle Target 4; Idle Target 5; Idle Target 6; ...
60E15120_N3J1E__vs__60E1B900,60E15120_N3J1E,60E1B900,0x6f208,0x70f1f,7447,cal_data,cal_data:7317 cal_table:130,,130,CLT Sensor Scaling; IAT Sensor Scaling; Ignition 10; Ignition 11; Ignition 12; Ignition 13; Ignition 14; Ignition 15; ...
60E15120_N3J1E__vs__60E1B900,60E15120_N3J1E,60E1B900,0x70f3c,0x7105a,286,cal_data,cal_data:283 cal_table:3,,3,Table 3D - 30_; X; Y
60E15120_N3J1E__vs__60E1B900,60E15120_N3J1E,60E1B900,0x71064,0x71573,1295,cal_data,cal_data:1286 cal_table:9,,9,Table 3D - 108_; Table 3D - 31_; Table 3D - 32_; X; X; X; Y; Y; ...
60E15120_N3J1E__vs__60E1B900,60E15120_N3J1E,60E1B900,0x71580,0x7201b,2715,cal_data,cal_data:2636 cal_table:79,,79,Fuelling - Safe Mode; Fuelling 0; Fuelling 1; Fuelling 2 - Safe Mode; Fuelling 3; Fuelling 4; Fuelling 5; Fuelling 6; ...
60E15120_N3J1E__vs__60E1B900,60E15120_N3J1E,60E1B900,0x72025,0x72aec,2759,cal_data,cal_data:2712 cal_table:47,,47,Fuelling 10 - Safe Mode; Fuelling 11; Fuelling 12; Fuelling 13 - Safe Mode; Fuelling 14 - Safe mode; Fuelling 15; Fuelling 16; Fuelling 8; ...
60E15120_N3J1E__vs__60E1B900,60E15120_N3J1E,60E1B900,0x72af4,0x78158,22116,cal_data,cal_data:21836 cal_table:280,,280,Accel Pedal to Throttle Position #1; Accel Pedal to Throttle Position #2; Accel Pedal to Throttle Position #3; Accel Pedal to Throttle Position #4; Estimated Manifold Pressure; Injector Latency Primary; Injector Latency Secondary; Maximum Throttle Angle; ...
60E15120_N3J1E__vs__60E1B900,60E15120_N3J1E,60E1B900,0x78166,0x7acfc,11158,cal_data,cal_data:10899 cal_table:259,,259,Airflow Or Load Related; Auxillary Valve Close; Barometric Pressure Sensor Max Voltage; Barometric Pressure Sensor Min Voltage; Barometric Pressure Sensor Offset; Barometric Pressure Sensor Slope; Engine Load Compensation; Knock Rel #0; ...
60E15120_N3J1E__vs__60E1B900,60E15120_N3J1E,60E1B900,0x7ad04,0x7af82,638,cal_data,cal_data:619 cal_table:19,,19,Injection Angle Related AFR Input; Table 2D - 259_; Table 2D - 376 Check DataType; Table 2D - 377 Check DataType; Table 3D - 88_; Table 3D - 89_; Table 3D - 90_; Unknown Lambda Input; ...
60E15120_N3J1E__vs__60E1B900,60E15120_N3J1E,60E1B900,0x7af8b,0x7c68d,5890,cal_data,cal_data:5790 cal_table:100,,100,AirFlow Inj Angle Related; Injection Angle; Load Limit A; Load Limit B; Load Limit C; Table 2D - 262_; Table 2D - 264_; Table 2D - 265_; ...
60E15120_N3J1E__vs__60E1B900,60E15120_N3J1E,60E1B900,0x7c696,0x7e317,7297,cal_data,cal_data:5110 tail:2072 cal_table:115,,115,Ignition Dwell Time_; Table 2D - 235_; Table 2D - 236_; Table 2D - 237_; Table 2D - 238_; Table 2D - 239_; Table 2D - 240_; Table 2D - 241_; ...
60E15120_N3J1E__vs__60E1B900,60E15120_N3J1E,60E1B900,0x7e32a,0x7e652,808,tail,tail:808,,0,
60E15120_N3J1E__vs__60E1B900,60E15120_N3J1E,60E1B900,0x7e678,0x7f760,4328,tail,tail:4328,,0,
60E15120_N3J1E__vs__60E1B900,60E15120_N3J1E,60E1B900,0x7fb00,0x7fb08,8,tail,tail:8,,0,
60E15120_N3J1E__vs__60E1B900,60E15120_N3J1E,60E1B900,0x7fb88,0x7fb8c,4,tail,tail:4,,0,
60E15120_N3J1E__vs__60E1B900,60E15120_N3J1E,60E1B900,0x7fc53,0x7fd50,253,tail,tail:253,,0,
60E15120_N3J1E__vs__60E1B900,60E15120_N3J1E,60E1B900,0x7fd77,0x7fdd0,89,tail,tail:89,,0,
60E15120_N3J1E__vs__60E1B900,60E15120_N3J1E,60E1B900,0x7fdf7,0x7fe00,9,tail,tail:9,,0,
60E15120_N3J1E__vs__60E1B900,60E15120_N3J1E,60E1B900,0x7fe27,0x7fe30,9,tail,tail:9,,0,
60E15120_N3J1E__vs__60E1B900,60E15120_N3J1E,60E1B900,0x7fe47,0x7fe50,9,tail,tail:9,,0,
60E15120_N3J1E__vs__60E1B900,60E15120_N3J1E,60E1B900,0x7fe67,0x7fe70,9,tail,tail:9,,0,
60E15120_N3J1E__vs__60E1B900,60E15120_N3J1E,60E1B900,0x7fe87,0x7fe90,9,tail,tail:9,,0,
60E15120_N3J1E__vs__60E1B900,60E15120_N3J1E,60E1B900,0x7ff07,0x7ff3c,53,tail,tail:53,,0,
60E15120_N3J1E__vs__60E1B900,60E15120_N3J1E,60E1B900,0x7ff47,0x7ff70,41,tail,tail:41,,0,
60E15120_N3J1E__vs__60E1B900,60E15120_N3J1E,60E1B900,0x7ffd7,0x7ffe0,9,tail,tail:9,,0,
60E15120_N3J1E__vs__60E1B900,60E15120_N3J1E,60E1B900,0x7fff4,0x7fffc,8,tail,tail:8,,0,
60E15120_N3J1E__vs__60E1C500_N3J6EB,60E15120_N3J1E,60E1C500_N3J6EB,0xffb,0x1008,13,header,header:13,,0,
60E15120_N3J1E__vs__60E1C500_N3J6EB,60E15120_N3J1E,60E1C500_N3J6EB,0x1039,0x1302,713,header,header:713,,0,
60E15120_N3J1E__vs__60E1C500_N3J6EB,60E15120_N3J1E,60E1C500_N3J6EB,0x130b,0x1ffc,3313,header,header:3313,,0,
60E15120_N3J1E__vs__60E1C500_N3J6EB,60E15120_N3J1E,60E1C500_N3J6EB,0x2004,0x2007,3,code,code:3,,0,
60E15120_N3J1E__vs__60E1C500_N3J6EB,60E15120_N3J1E,60E1C500_N3J6EB,0x2020,0x2023,3,code,code:3,,0,
60E15120_N3J1E__vs__60E1C500_N3J6EB,60E15120_N3J1E,60E1C500_N3J6EB,0x2723,0x2724,1,code,code:1,,0,
60E15120_N3J1E__vs__60E1C500_N3J6EB,60E15120_N3J1E,60E1C500_N3J6EB,0x273b,0x273c,1,code,code:1,,0,
60E15120_N3J1E__vs__60E1C500_N3J6EB,60E15120_N3J1E,60E1C500_N3J6EB,0x2753,0x2754,1,code,code:1,,0,
60E15120_N3J1E__vs__60E1C500_N3J6EB,60E15120_N3J1E,60E1C500_N3J6EB,0x276a,0x276c,2,code,code:2,,0,
60E15120_N3J1E__vs__60E1C500_N3J6EB,60E15120_N3J1E,60E1C500_N3J6EB,0x2782,0x2784,2,code,code:2,,0,
60E15120_N3J1E__vs__60E1C500_N3J6EB,60E15120_N3J1E,60E1C500_N3J6EB,0x279b,0x279c,1,code,code:1,,0,
60E15120_N3J1E__vs__60E1C500_N3J6EB,60E15120_N3J1E,60E1C500_N3J6EB,0x27b3,0x27b4,1,code,code:1,,0,
60E15120_N3J1E__vs__60E1C500_N3J6EB,60E15120_N3J1E,60E1C500_N3J6EB,0x27cb,0x27cc,1,code,code:1,,0,
60E15120_N3J1E__vs__60E1C500_N3J6EB,60E15120_N3J1E,60E1C500_N3J6EB,0x27e3,0x27e4,1,code,code:1,,0,
60E15120_N3J1E__vs__60E1C500_N3J6EB,60E15120_N3J1E,60E1C500_N3J6EB,0x27fb,0x27fc,1,code,code:1,,0,
60E15120_N3J1E__vs__60E1C500_N3J6EB,60E15120_N3J1E,60E1C500_N3J6EB,0x2813,0x2814,1,code,code:1,,0,
60E15120_N3J1E__vs__60E1C500_N3J6EB,60E15120_N3J1E,60E1C500_N3J6EB,0x282b,0x282c,1,code,code:1,,0,
60E15120_N3J1E__vs__60E1C500_N3J6EB,60E15120_N3J1E,60E1C500_N3J6EB,0x2843,0x2844,1,code,code:1,,0,
60E15120_N3J1E__vs__60E1C500_N3J6EB,60E15120_N3J1E,60E1C500_N3J6EB,0x285b,0x285c,1,code,code:1,,0,
60E15120_N3J1E__vs__60E1C500_N3J6EB,60E15120_N3J1E,60E1C500_N3J6EB,0x2873,0x2874,1,code,code:1,,0,
60E15120_N3J1E__vs__60E1C500_N3J6EB,60E15120_N3J1E,60E1C500_N3J6EB,0x288b,0x288c,1,code,code:1,,0,
60E15120_N3J1E__vs__60E1C500_N3J6EB,60E15120_N3J1E,60E1C500_N3J6EB,0x28a3,0x28a4,1,code,code:1,,0,
60E15120_N3J1E__vs__60E1C500_N3J6EB,60E15120_N3J1E,60E1C500_N3J6EB,0x28bb,0x28bc,1,code,code:1,,0,
60E15120_N3J1E__vs__60E1C500_N3J6EB,60E15120_N3J1E,60E1C500_N3J6EB,0x28d3,0x28d4,1,code,code:1,,0,
60E15120_N3J1E__vs__60E1C500_N3J6EB,60E15120_N3J1E,60E1C500_N3J6EB,0x28ea,0x28ec,2,code,code:2,,0,
60E15120_N3J1E__vs__60E1C500_N3J6EB,60E15120_N3J1E,60E1C500_N3J6EB,0x2902,0x2904,2,code,code:2,,0,
60E15120_N3J1E__vs__60E1C500_N3J6EB,60E15120_N3J1E,60E1C500_N3J6EB,0x291b,0x291c,1,code,code:1,,0,
60E15120_N3J1E__vs__60E1C500_N3J6EB,60E15120_N3J1E,60E1C500_N3J6EB,0x2933,0x2934,1,code,code:1,,0,
60E15120_N3J1E__vs__60E1C500_N3J6EB,60E15120_N3J1E,60E1C500_N3J6EB,0x294b,0x294c,1,code,code:1,,0,
60E15120_N3J1E__vs__60E1C500_N3J6EB,60E15120_N3J1E,60E1C500_N3J6EB,0x2963,0x2964,1,code,code:1,,0,
60E15120_N3J1E__vs__60E1C500_N3J6EB,60E15120_N3J1E,60E1C500_N3J6EB,0x297b,0x297c,1,code,code:1,,0,
60E15120_N3J1E__vs__60E1C500_N3J6EB,60E15120_N3J1E,60E1C500_N3J6EB,0x2993,0x2994,1,code,code:1,,0,
60E15120_N3J1E__vs__60E1C500_N3J6EB,60E15120_N3J1E,60E1C500_N3J6EB,0x29ab,0x29ac,1,code,code:1,,0,
60E15120_N3J1E__vs__60E1C500_N3J6EB,60E15120_N3J1E,60E1C500_N3J6EB,0x29c3,0x29c4,1,code,code:1,,0,
60E15120_N3J1E__vs__60E1C500_N3J6EB,60E15120_N3J1E,60E1C500_N3J6EB,0x29db,0x29dc,1,code,code:1,,0,
60E15120_N3J1E__vs__60E1C500_N3J6EB,60E15120_N3J1E,60E1C500_N3J6EB,0x29f3,0x29f4,1,code,code:1,,0,
60E15120_N3J1E__vs__60E1C500_N3J6EB,60E15120_N3J1E,60E1C500_N3J6EB,0x2a0b,0x2a0c,1,code,code:1,,0,
60E15120_N3J1E__vs__60E1C500_N3J6EB,60E15120_N3J1E,60E1C500_N3J6EB,0x2a22,0x2a24,2,code,code:2,,0,
60E15120_N3J1E__vs__60E1C500_N3J6EB,60E15120_N3J1E,60E1C500_N3J6EB,0x2a3a,0x2a3c,2,code,code:2,,0,
60E15120_N3J1E__vs__60E1C500_N3J6EB,60E15120_N3J1E,60E1C500_N3J6EB,0x2a53,0x2a54,1,code,code:1,,0,
60E15120_N3J1E__vs__60E1C500_N3J6EB,60E15120_N3J1E,60E1C500_N3J6EB,0x2a6b,0x2a6c,1,code,code:1,,0,
60E15120_N3J1E__vs__60E1C500_N3J6EB,60E15120_N3J1E,60E1C500_N3J6EB,0x2a83,0x2a84,1,code,code:1,,0,
60E15120_N3J1E__vs__60E1C500_N3J6EB,60E15120_N3J1E,60E1C500_N3J6EB,0x2a9b,0x2a9c,1,code,code:1,,0,
60E15120_N3J1E__vs__60E1C500_N3J6EB,60E15120_N3J1E,60E1C500_N3J6EB,0x2ab3,0x2ab4,1,code,code:1,,0,
60E15120_N3J1E__vs__60E1C500_N3J6EB,60E15120_N3J1E,60E1C500_N3J6EB,0x2acb,0x2acc,1,code,code:1,,0,
60E15120_N3J1E__vs__60E1C500_N3J6EB,60E15120_N3J1E,60E1C500_N3J6EB,0x2ae3,0x2ae4,1,code,code:1,,0,
60E15120_N3J1E__vs__60E1C500_N3J6EB,60E15120_N3J1E,60E1C500_N3J6EB,0x2afb,0x2afc,1,code,code:1,,0,
60E15120_N3J1E__vs__60E1C500_N3J6EB,60E15120_N3J1E,60E1C500_N3J6EB,0x2b13,0x2b14,1,code,code:1,,0,
60E15120_N3J1E__vs__60E1C500_N3J6EB,60E15120_N3J1E,60E1C500_N3J6EB,0x2b2b,0x2b2c,1,code,code:1,,0,
60E15120_N3J1E__vs__60E1C500_N3J6EB,60E15120_N3J1E,60E1C500_N3J6EB,0x2b43,0x2b44,1,code,code:1,,0,
60E15120_N3J1E__vs__60E1C500_N3J6EB,60E15120_N3J1E,60E1C500_N3J6EB,0x2b5b,0x2b5c,1,code,code:1,,0,
60E15120_N3J1E__vs__60E1C500_N3J6EB,60E15120_N3J1E,60E1C500_N3J6EB,0x2b73,0x2b74,1,code,code:1,,0,
60E15120_N3J1E__vs__60E1C500_N3J6EB,60E15120_N3J1E,60E1C500_N3J6EB,0x2b8b,0x2b8c,1,code,code:1,,0,
60E15120_N3J1E__vs__60E1C500_N3J6EB,60E15120_N3J1E,60E1C500_N3J6EB,0x2ba3,0x2ba4,1,code,code:1,,0,
60E15120_N3J1E__vs__60E1C500_N3J6EB,60E15120_N3J1E,60E1C500_N3J6EB,0x2bba,0x2bbc,2,code,code:2,,0,
60E15120_N3J1E__vs__60E1C500_N3J6EB,60E15120_N3J1E,60E1C500_N3J6EB,0x2bd2,0x2bd4,2,code,code:2,,0,
60E15120_N3J1E__vs__60E1C500_N3J6EB,60E15120_N3J1E,60E1C500_N3J6EB,0x2beb,0x2bec,1,code,code:1,,0,
60E15120_N3J1E__vs__60E1C500_N3J6EB,60E15120_N3J1E,60E1C500_N3J6EB,0x2c03,0x2c04,1,code,code:1,,0,
60E15120_N3J1E__vs__60E1C500_N3J6EB,60E15120_N3J1E,60E1C500_N3J6EB,0x2c1b,0x2c1c,1,code,code:1,,0,
60E15120_N3J1E__vs__60E1C500_N3J6EB,60E15120_N3J1E,60E1C500_N3J6EB,0x2c33,0x2c34,1,code,code:1,,0,
60E15120_N3J1E__vs__60E1C500_N3J6EB,60E15120_N3J1E,60E1C500_N3J6EB,0x2c4b,0x2c4c,1,code,code:1,,0,
60E15120_N3J1E__vs__60E1C500_N3J6EB,60E15120_N3J1E,60E1C500_N3J6EB,0x2c63,0x2c64,1,code,code:1,,0,
60E15120_N3J1E__vs__60E1C500_N3J6EB,60E15120_N3J1E,60E1C500_N3J6EB,0x2c7b,0x2c7c,1,code,code:1,,0,
60E15120_N3J1E__vs__60E1C500_N3J6EB,60E15120_N3J1E,60E1C500_N3J6EB,0x2c93,0x2c94,1,code,code:1,,0,
60E15120_N3J1E__vs__60E1C500_N3J6EB,60E15120_N3J1E,60E1C500_N3J6EB,0x2cab,0x2cac,1,code,code:1,,0,
60E15120_N3J1E__vs__60E1C500_N3J6EB,60E15120_N3J1E,60E1C500_N3J6EB,0x2cc3,0x2cc4,1,code,code:1,,0,
60E15120_N3J1E__vs__60E1C500_N3J6EB,60E15120_N3J1E,60E1C500_N3J6EB,0x2cdb,0x2cdc,1,code,code:1,,0,
60E15120_N3J1E__vs__60E1C500_N3J6EB,60E15120_N3J1E,60E1C500_N3J6EB,0x2cf3,0x2cf4,1,code,code:1,,0,
60E15120_N3J1E__vs__60E1C500_N3J6EB,60E15120_N3J1E,60E1C500_N3J6EB,0x2d0b,0x2d0c,1,code,code:1,,0,
60E15120_N3J1E__vs__60E1C500_N3J6EB,60E15120_N3J1E,60E1C500_N3J6EB,0x2d22,0x2d24,2,code,code:2,,0,
60E15120_N3J1E__vs__60E1C500_N3J6EB,60E15120_N3J1E,60E1C500_N3J6EB,0x2d3a,0x2d3c,2,code,code:2,,0,
60E15120_N3J1E__vs__60E1C500_N3J6EB,60E15120_N3J1E,60E1C500_N3J6EB,0x2d53,0x2d54,1,code,code:1,,0,
60E15120_N3J1E__vs__60E1C500_N3J6EB,60E15120_N3J1E,60E1C500_N3J6EB,0x2d6b,0x2d6c,1,code,code:1,,0,
60E15120_N3J1E__vs__60E1C500_N3J6EB,60E15120_N3J1E,60E1C500_N3J6EB,0x2d83,0x2d84,1,code,code:1,,0,
60E15120_N3J1E__vs__60E1C500_N3J6EB,60E15120_N3J1E,60E1C500_N3J6EB,0x2d9b,0x2d9c,1,code,code:1,,0,
60E15120_N3J1E__vs__60E1C500_N3J6EB,60E15120_N3J1E,60E1C500_N3J6EB,0x2db3,0x2db4,1,code,code:1,,0,
60E15120_N3J1E__vs__60E1C500_N3J6EB,60E15120_N3J1E,60E1C500_N3J6EB,0x2dcb,0x2dcc,1,code,code:1,,0,
60E15120_N3J1E__vs__60E1C500_N3J6EB,60E15120_N3J1E,60E1C500_N3J6EB,0x2de3,0x2de4,1,code,code:1,,0,
60E15120_N3J1E__vs__60E1C500_N3J6EB,60E15120_N3J1E,60E1C500_N3J6EB,0x2dfb,0x2dfc,1,code,code:1,,0,
60E15120_N3J1E__vs__60E1C500_N3J6EB,60E15120_N3J1E,60E1C500_N3J6EB,0x2e13,0x2e14,1,code,code:1,,0,
60E15120_N3J1E__vs__60E1C500_N3J6EB,60E15120_N3J1E,60E1C500_N3J6EB,0x2e2b,0x2e2c,1,code,code:1,,0,
60E15120_N3J1E__vs__60E1C500_N3J6EB,60E15120_N3J1E,60E1C500_N3J6EB,0x2e42,0x2e44,2,code,code:2,,0,
60E15120_N3J1E__vs__60E1C500_N3J6EB,60E15120_N3J1E,60E1C500_N3J6EB,0x2e5a,0x2e5c,2,code,code:2,,0,
60E15120_N3J1E__vs__60E1C500_N3J6EB,60E15120_N3J1E,60E1C500_N3J6EB,0x2e73,0x2e74,1,code,code:1,,0,
60E15120_N3J1E__vs__60E1C500_N3J6EB,60E15120_N3J1E,60E1C500_N3J6EB,0x2e8b,0x2e8c,1,code,code:1,,0,
60E15120_N3J1E__vs__60E1C500_N3J6EB,60E15120_N3J1E,60E1C500_N3J6EB,0x2ea3,0x2ea4,1,code,code:1,,0,
60E15120_N3J1E__vs__60E1C500_N3J6EB,60E15120_N3J1E,60E1C500_N3J6EB,0x2ebb,0x2ebc,1,code,code:1,,0,
60E15120_N3J1E__vs__60E1C500_N3J6EB,60E15120_N3J1E,60E1C500_N3J6EB,0x2ed3,0x2ed4,1,code,code:1,,0,
60E15120_N3J1E__vs__60E1C500_N3J6EB,60E15120_N3J1E,60E1C500_N3J6EB,0x2eeb,0x2eec,1,code,code:1,,0,
60E15120_N3J1E__vs__60E1C500_N3J6EB,60E15120_N3J1E,60E1C500_N3J6EB,0x2f03,0x2f04,1,code,code:1,,0,
60E15120_N3J1E__vs__60E1C500_N3J6EB,60E15120_N3J1E,60E1C500_N3J6EB,0x2f1b,0x2f1c,1,code,code:1,,0,
60E15120_N3J1E__vs__60E1C500_N3J6EB,60E15120_N3J1E,60E1C500_N3J6EB,0x2f32,0x2f34,2,code,code:2,,0,
60E15120_N3J1E__vs__60E1C500_N3J6EB,60E15120_N3J1E,60E1C500_N3J6EB,0x2f4b,0x2f4c,1,code,code:1,,0,
60E15120_N3J1E__vs__60E1C500_N3J6EB,60E15120_N3J1E,60E1C500_N3J6EB,0x2f62,0x2f64,2,code,code:2,,0,
60E15120_N3J1E__vs__60E1C500_N3J6EB,60E15120_N3J1E,60E1C500_N3J6EB,0x2f7b,0x2f7c,1,code,code:1,,0,
60E15120_N3J1E__vs__60E1C500_N3J6EB,60E15120_N3J1E,60E1C500_N3J6EB,0x2f93,0x2f94,1,code,code:1,,0,
60E15120_N3J1E__vs__60E1C500_N3J6EB,60E15120_N3J1E,60E1C500_N3J6EB,0x2fab,0x2fac,1,code,code:1,,0,
60E15120_N3J1E__vs__60E1C500_N3J6EB,60E15120_N3J1E,60E1C500_N3J6EB,0x2fc3,0x2fc4,1,code,code:1,,0,
60E15120_N3J1E__vs__60E1C500_N3J6EB,60E15120_N3J1E,60E1C500_N3J6EB,0x2fda,0x2fdc,2,code,code:2,,0,
60E15120_N3J1E__vs__60E1C500_N3J6EB,60E15120_N3J1E,60E1C500_N3J6EB,0x2ff3,0x2ff4,1,code,code:1,,0,
60E15120_N3J1E__vs__60E1C500_N3J6EB,60E15120_N3J1E,60E1C500_N3J6EB,0x300b,0x300c,1,code,code:1,,0,
60E15120_N3J1E__vs__60E1C500_N3J6EB,60E15120_N3J1E,60E1C500_N3J6EB,0x3023,0x3024,1,code,code:1,,0,
60E15120_N3J1E__vs__60E1C500_N3J6EB,60E15120_N3J1E,60E1C500_N3J6EB,0x303b,0x303c,1,code,code:1,,0,
60E15120_N3J1E__vs__60E1C500_N3J6EB,60E15120_N3J1E,60E1C500_N3J6EB,0x3052,0x3054,2,code,code:2,,0,
60E15120_N3J1E__vs__60E1C500_N3J6EB,60E15120_N3J1E,60E1C500_N3J6EB,0x306b,0x306c,1,code,code:1,,0,
60E15120_N3J1E__vs__60E1C500_N3J6EB,60E15120_N3J1E,60E1C500_N3J6EB,0x3083,0x3084,1,code,code:1,,0,
60E15120_N3J1E__vs__60E1C500_N3J6EB,60E15120_N3J1E,60E1C500_N3J6EB,0x309b,0x309c,1,code,code:1,,0,
60E15120_N3J1E__vs__60E1C500_N3J6EB,60E15120_N3J1E,60E1C500_N3J6EB,0x30b3,0x30b4,1,code,code:1,,0,
60E15120_N3J1E__vs__60E1C500_N3J6EB,60E15120_N3J1E,60E1C500_N3J6EB,0x30cb,0x30cc,1,code,code:1,,0,
60E15120_N3J1E__vs__60E1C500_N3J6EB,60E15120_N3J1E,60E1C500_N3J6EB,0x30e3,0x30e4,1,code,code:1,,0,
60E15120_N3J1E__vs__60E1C500_N3J6EB,60E15120_N3J1E,60E1C500_N3J6EB,0x30fb,0x30fc,1,code,code:1,,0,
60E15120_N3J1E__vs__60E1C500_N3J6EB,60E15120_N3J1E,60E1C500_N3J6EB,0x3113,0x3114,1,code,code:1,,0,
60E15120_N3J1E__vs__60E1C500_N3J6EB,60E15120_N3J1E,60E1C500_N3J6EB,0x312b,0x312c,1,code,code:1,,0,
60E15120_N3J1E__vs__60E1C500_N3J6EB,60E15120_N3J1E,60E1C500_N3J6EB,0x3143,0x3144,1,code,code:1,,0,
60E15120_N3J1E__vs__60E1C500_N3J6EB,60E15120_N3J1E,60E1C500_N3J6EB,0x315b,0x315c,1,code,code:1,,0,
60E15120_N3J1E__vs__60E1C500_N3J6EB,60E15120_N3J1E,60E1C500_N3J6EB,0x3173,0x3174,1,code,code:1,,0,
60E15120_N3J1E__vs__60E1C500_N3J6EB,60E15120_N3J1E,60E1C500_N3J6EB,0x318b,0x318c,1,code,code:1,,0,
60E15120_N3J1E__vs__60E1C500_N3J6EB,60E15120_N3J1E,60E1C500_N3J6EB,0x31a3,0x31a4,1,code,code:1,,0,
60E15120_N3J1E__vs__60E1C500_N3J6EB,60E15120_N3J1E,60E1C500_N3J6EB,0x31bb,0x31bc,1,code,code:1,,0,
60E15120_N3J1E__vs__60E1C500_N3J6EB,60E15120_N3J1E,60E1C500_N3J6EB,0x31d3,0x31d4,1,code,code:1,,0,
60E15120_N3J1E__vs__60E1C500_N3J6EB,60E15120_N3J1E,60E1C500_N3J6EB,0x31ea,0x31ec,2,code,code:2,,0,
60E15120_N3J1E__vs__60E1C500_N3J6EB,60E15120_N3J1E,60E1C500_N3J6EB,0x3203,0x3204,1,code,code:1,,0,
60E15120_N3J1E__vs__60E1C500_N3J6EB,60E15120_N3J1E,60E1C500_N3J6EB,0x321a,0x321c,2,code,code:2,,0,
60E15120_N3J1E__vs__60E1C500_N3J6EB,60E15120_N3J1E,60E1C500_N3J6EB,0x3233,0x3234,1,code,code:1,,0,
60E15120_N3J1E__vs__60E1C500_N3J6EB,60E15120_N3J1E,60E1C500_N3J6EB,0x327a,0x327c,2,code,code:2,,0,
60E15120_N3J1E__vs__60E1C500_N3J6EB,60E15120_N3J1E,60E1C500_N3J6EB,0x32ee,0x32f0,2,code,code:2,,0,
60E15120_N3J1E__vs__60E1C500_N3J6EB,60E15120_N3J1E,60E1C500_N3J6EB,0x338a,0x338c,2,code,code:2,,0,
60E15120_N3J1E__vs__60E1C500_N3J6EB,60E15120_N3J1E,60E1C500_N3J6EB,0x33b6,0x33b8,2,code,code:2,,0,
60E15120_N3J1E__vs__60E1C500_N3J6EB,60E15120_N3J1E,60E1C500_N3J6EB,0x347a,0x3490,22,code,code:22,,0,
60E15120_N3J1E__vs__60E1C500_N3J6EB,60E15120_N3J1E,60E1C500_N3J6EB,0x3572,0x3578,6,code,code:6,,0,
60E15120_N3J1E__vs__60E1C500_N3J6EB,60E15120_N3J1E,60E1C500_N3J6EB,0x3676,0x3678,2,code,code:2,,0,
60E15120_N3J1E__vs__60E1C500_N3J6EB,60E15120_N3J1E,60E1C500_N3J6EB,0x36a2,0x36a4,2,code,code:2,,0,
60E15120_N3J1E__vs__60E1C500_N3J6EB,60E15120_N3J1E,60E1C500_N3J6EB,0x375a,0x375c,2,code,code:2,,0,
60E15120_N3J1E__vs__60E1C500_N3J6EB,60E15120_N3J1E,60E1C500_N3J6EB,0x3902,0x3904,2,code,code:2,,0,
60E15120_N3J1E__vs__60E1C500_N3J6EB,60E15120_N3J1E,60E1C500_N3J6EB,0x394e,0x3950,2,code,code:2,,0,
60E15120_N3J1E__vs__60E1C500_N3J6EB,60E15120_N3J1E,60E1C500_N3J6EB,0x3962,0x3964,2,code,code:2,,0,
60E15120_N3J1E__vs__60E1C500_N3J6EB,60E15120_N3J1E,60E1C500_N3J6EB,0x3aae,0x3ab4,6,code,code:6,,0,
60E15120_N3J1E__vs__60E1C500_N3J6EB,60E15120_N3J1E,60E1C500_N3J6EB,0x3ad6,0x3ad8,2,code,code:2,,0,
60E15120_N3J1E__vs__60E1C500_N3J6EB,60E15120_N3J1E,60E1C500_N3J6EB,0x3b22,0x3b28,6,code,code:6,,0,
60E15120_N3J1E__vs__60E1C500_N3J6EB,60E15120_N3J1E,60E1C500_N3J6EB,0x3d46,0x3d48,2,code,code:2,,0,
60E15120_N3J1E__vs__60E1C500_N3J6EB,60E15120_N3J1E,60E1C500_N3J6EB,0x3d9a,0x3d9c,2,code,code:2,,0,
60E15120_N3J1E__vs__60E1C500_N3J6EB,60E15120_N3J1E,60E1C500_N3J6EB,0x3e02,0x3e04,2,code,code:2,,0,
60E15120_N3J1E__vs__60E1C500_N3J6EB,60E15120_N3J1E,60E1C500_N3J6EB,0x3e82,0x3e84,2,code,code:2,,0,
60E15120_N3J1E__vs__60E1C500_N3J6EB,60E15120_N3J1E,60E1C500_N3J6EB,0x3f9a,0x3f9c,2,code,code:2,,0,
60E15120_N3J1E__vs__60E1C500_N3J6EB,60E15120_N3J1E,60E1C500_N3J6EB,0x3fa6,0x3fa8,2,code,code:2,,0,
60E15120_N3J1E__vs__60E1C500_N3J6EB,60E15120_N3J1E,60E1C500_N3J6EB,0x3fe6,0x3fe8,2,code,code:2,,0,
60E15120_N3J1E__vs__60E1C500_N3J6EB,60E15120_N3J1E,60E1C500_N3J6EB,0x4096,0x4098,2,code,code:2,,0,
60E15120_N3J1E__vs__60E1C500_N3J6EB,60E15120_N3J1E,60E1C500_N3J6EB,0x413e,0x4140,2,code,code:2,,0,
60E15120_N3J1E__vs__60E1C500_N3J6EB,60E15120_N3J1E,60E1C500_N3J6EB,0x4206,0x4208,2,code,code:2,,0,
60E15120_N3J1E__vs__60E1C500_N3J6EB,60E15120_N3J1E,60E1C500_N3J6EB,0x473e,0x4740,2,code,code:2,,0,
60E15120_N3J1E__vs__60E1C500_N3J6EB,60E15120_N3J1E,60E1C500_N3J6EB,0x493a,0x493c,2,code,code:2,,0,
60E15120_N3J1E__vs__60E1C500_N3J6EB,60E15120_N3J1E,60E1C500_N3J6EB,0x4996,0x499c,6,code,code:6,,0,
60E15120_N3J1E__vs__60E1C500_N3J6EB,60E15120_N3J1E,60E1C500_N3J6EB,0x49a6,0x49ad,7,code,code:7,,0,
60E15120_N3J1E__vs__60E1C500_N3J6EB,60E15120_N3J1E,60E1C500_N3J6EB,0x49b6,0x49bd,7,code,code:7,,0,
60E15120_N3J1E__vs__60E1C500_N3J6EB,60E15120_N3J1E,60E1C500_N3J6EB,0x49c6,0x49cd,7,code,code:7,,0,
60E15120_N3J1E__vs__60E1C500_N3J6EB,60E15120_N3J1E,60E1C500_N3J6EB,0x49d6,0x49dd,7,code,code:7,,0,
60E15120_N3J1E__vs__60E1C500_N3J6EB,60E15120_N3J1E,60E1C500_N3J6EB,0x49e6,0x49ec,6,code,code:6,,0,
60E15120_N3J1E__vs__60E1C500_N3J6EB,60E15120_N3J1E,60E1C500_N3J6EB,0x49f6,0x49fc,6,code,code:6,,0,
60E15120_N3J1E__vs__60E1C500_N3J6EB,60E15120_N3J1E,60E1C500_N3J6EB,0x4a06,0x4a0c,6,code,code:6,,0,
60E15120_N3J1E__vs__60E1C500_N3J6EB,60E15120_N3J1E,60E1C500_N3J6EB,0x4a16,0x4a1c,6,code,code:6,,0,
60E15120_N3J1E__vs__60E1C500_N3J6EB,60E15120_N3J1E,60E1C500_N3J6EB,0x4a26,0x4a2c,6,code,code:6,,0,
60E15120_N3J1E__vs__60E1C500_N3J6EB,60E15120_N3J1E,60E1C500_N3J6EB,0x4a36,0x4a3c,6,code,code:6,,0,
60E15120_N3J1E__vs__60E1C500_N3J6EB,60E15120_N3J1E,60E1C500_N3J6EB,0x4a46,0x4a4c,6,code,code:6,,0,
60E15120_N3J1E__vs__60E1C500_N3J6EB,60E15120_N3J1E,60E1C500_N3J6EB,0x4a56,0x4a5c,6,code,code:6,,0,
60E15120_N3J1E__vs__60E1C500_N3J6EB,60E15120_N3J1E,60E1C500_N3J6EB,0x4a66,0x4a6c,6,code,code:6,,0,
60E15120_N3J1E__vs__60E1C500_N3J6EB,60E15120_N3J1E,60E1C500_N3J6EB,0x4a76,0x4a7c,6,code,code:6,,0,
60E15120_N3J1E__vs__60E1C500_N3J6EB,60E15120_N3J1E,60E1C500_N3J6EB,0x4a86,0x4a8c,6,code,code:6,,0,
60E15120_N3J1E__vs__60E1C500_N3J6EB,60E15120_N3J1E,60E1C500_N3J6EB,0x4a96,0x4a9c,6,code,code:6,,0,
60E15120_N3J1E__vs__60E1C500_N3J6EB,60E15120_N3J1E,60E1C500_N3J6EB,0x4aa6,0x4aac,6,code,code:6,,0,
60E15120_N3J1E__vs__60E1C500_N3J6EB,60E15120_N3J1E,60E1C500_N3J6EB,0x4ab6,0x4abc,6,code,code:6,,0,
60E15120_N3J1E__vs__60E1C500_N3J6EB,60E15120_N3J1E,60E1C500_N3J6EB,0x4aca,0x4aec,34,code,code:34,,0,
60E15120_N3J1E__vs__60E1C500_N3J6EB,60E15120_N3J1E,60E1C500_N3J6EB,0x4b0e,0x4b10,2,code,code:2,,0,
60E15120_N3J1E__vs__60E1C500_N3J6EB,60E15120_N3J1E,60E1C500_N3J6EB,0x4c87,0x52b8,1585,code,code:1585,,0,
60E15120_N3J1E__vs__60E1C500_N3J6EB,60E15120_N3J1E,60E1C500_N3J6EB,0x52c3,0x52c4,1,code,code:1,,0,
60E15120_N3J1E__vs__60E1C500_N3J6EB,60E15120_N3J1E,60E1C500_N3J6EB,0x52cc,0x8214,12104,code,code:12104,,0,
60E15120_N3J1E__vs__60E1C500_N3J6EB,60E15120_N3J1E,60E1C500_N3J6EB,0x8224,0x829a,118,code,code:118,,0,
60E15120_N3J1E__vs__60E1C500_N3J6EB,60E15120_N3J1E,60E1C500_N3J6EB,0x82aa,0x4ee46,289692,code,code:289692,,0,
60E15120_N3J1E__vs__60E1C500_N3J6EB,60E15120_N3J1E,60E1C500_N3J6EB,0x4ee50,0x62cd8,81544,code,code:81544,,0,
60E15120_N3J1E__vs__60E1C500_N3J6EB,60E15120_N3J1E,60E1C500_N3J6EB,0x62ce1,0x62d24,67,code,code:67,,0,
60E15120_N3J1E__vs__60E1C500_N3J6EB,60E15120_N3J1E,60E1C500_N3J6EB,0x62d2e,0x62d56,40,code,code:40,,0,
60E15120_N3J1E__vs__60E1C500_N3J6EB,60E15120_N3J1E,60E1C500_N3J6EB,0x62d61,0x675a4,18499,code,code:18499,,0,
60E15120_N3J1E__vs__60E1C500_N3J6EB,60E15120_N3J1E,60E1C500_N3J6EB,0x675b0,0x69368,7608,code,code:7608,,0,
60E15120_N3J1E__vs__60E1C500_N3J6EB,60E15120_N3J1E,60E1C500_N3J6EB,0x69371,0x693f5,132,code,code:132,,0,
60E15120_N3J1E__vs__60E1C500_N3J6EB,60E15120_N3J1E,60E1C500_N3J6EB,0x693fd,0x69450,83,code,code:83,,0,
60E15120_N3J1E__vs__60E1C500_N3J6EB,60E15120_N3J1E,60E1C500_N3J6EB,0x69459,0x69464,11,code,code:11,,0,
60E15120_N3J1E__vs__60E1C500_N3J6EB,60E15120_N3J1E,60E1C500_N3J6EB,0x6946d,0x69479,12,code,code:12,,0,
60E15120_N3J1E__vs__60E1C500_N3J6EB,60E15120_N3J1E,60E1C500_N3J6EB,0x69481,0x698dc,1115,code,code:1115,,0,
60E15120_N3J1E__vs__60E1C500_N3J6EB,60E15120_N3J1E,60E1C500_N3J6EB,0x698e5,0x6bc7c,9111,code,code:9111,,0,
60E15120_N3J1E__vs__60E1C500_N3J6EB,60E15120_N3J1E,60E1C500_N3J6EB,0x6c000,0x6c061,97,code,code:97,,0,
60E15120_N3J1E__vs__60E1C500_N3J6EB,60E15120_N3J1E,60E1C500_N3J6EB,0x6c0e0,0x6d9a0,6336,padding,padding:2960 cal_data:2921 code:400 cal_table:55,,55,Barometric Pressure Sensor Max ADC Count; Barometric Pressure Sensor Min ADC Count; Cold Rev Limit; Cold Rev Limit Threshold; Idle Related; Ignition 2; Ignition Leading 0; Ignition Leading 1; ...
60E15120_N3J1E__vs__60E1C500_N3J6EB,60E15120_N3J1E,60E1C500_N3J6EB,0x6d9b8,0x6f83c,7812,cal_data,cal_data:7663 cal_table:149,,149,Idle Target; Idle Target 0; Idle Target 1; Idle Target 2; Idle Target 3; Idle Target 4; Idle Target 5; Idle Target 6; ...
60E15120_N3J1E__vs__60E1C500_N3J6EB,60E15120_N3J1E,60E1C500_N3J6EB,0x6f848,0x7004c,2052,cal_data,cal_data:2024 cal_table:28,,28,CLT Sensor Scaling; IAT Sensor Scaling; Injector Barometric Pressure Compensation; Lambda Sensor Scaling; MAF Scaling; Table 2D - 292 Check DataType; Table 2D - 293 Check DataType; Table 2D - 295 Check DataType; ...
60E15120_N3J1E__vs__60E1C500_N3J6EB,60E15120_N3J1E,60E1C500_N3J6EB,0x70056,0x7015c,262,cal_data,cal_data:254 cal_table:8,,8,Table 2D - 60_; Table 2D - 61_; Table 2D - 62_; Table 2D - 63_; Y; Y; Y; Y
60E15120_N3J1E__vs__60E1C500_N3J6EB,60E15120_N3J1E,60E1C500_N3J6EB,0x70168,0x7154d,5093,cal_data,cal_data:5025 cal_table:68,,68,Table 2D - 302 Check DataType; Table 2D - 303 Check DataType; Table 2D - 304 Check DataType; Table 2D - 305 Check DataType; Table 2D - 306 Check DataType; Table 2D - 307 Check DataType; Table 2D - 308 Check DataType; Table 2D - 309 Check DataType; ...
60E15120_N3J1E__vs__60E1C500_N3J6EB,60E15120_N3J1E,60E1C500_N3J6EB,0x71556,0x7194e,1016,cal_data,cal_data:983 cal_table:33,,33,Table 2D - 312 Check DataType; Table 2D - 313 Check DataType; Table 2D - 314 Check DataType; Table 2D - 70_; Table 2D - 71_; Table 2D - 72_; Table 2D - 73_; Table 2D - 74_; ...
60E15120_N3J1E__vs__60E1C500_N3J6EB,60E15120_N3J1E,60E1C500_N3J6EB,0x71958,0x71963,11,cal_data,cal_data:11,,0,
60E15120_N3J1E__vs__60E1C500_N3J6EB,60E15120_N3J1E,60E1C500_N3J6EB,0x7196d,0x727be,3665,cal_data,cal_data:3578 cal_table:87,,87,Fuelling - Safe Mode; Fuelling 0; Fuelling 1; Fuelling 10 - Safe Mode; Fuelling 11; Fuelling 12; Fuelling 13 - Safe Mode; Fuelling 14 - Safe mode; ...
60E15120_N3J1E__vs__60E1C500_N3J6EB,60E15120_N3J1E,60E1C500_N3J6EB,0x727c8,0x72f1e,1878,cal_data,cal_data:1845 cal_table:33,,33,Fuelling 15; Fuelling 16; Table 2D - 104_; Table 2D - 105_; Table 2D - 106_; Table 2D - 107_; Table 2D - 108_; Table 2D - 109_; ...
60E15120_N3J1E__vs__60E1C500_N3J6EB,60E15120_N3J1E,60E1C500_N3J6EB,0x72f28,0x757aa,10370,cal_data,cal_data:10238 cal_table:132,,132,Accel Pedal to Throttle Position #1; Accel Pedal to Throttle Position #2; Accel Pedal to Throttle Position #3; Accel Pedal to Throttle Position #4; Maximum Throttle Angle; Table 2D - 116_; Table 2D - 117_; Table 2D - 118_; ...
60E15120_N3J1E__vs__60E1C500_N3J6EB,60E15120_N3J1E,60E1C500_N3J6EB,0x757b2,0x759a2,496,cal_data,cal_data:494 cal_table:2,,2,Table 3D - 55_; Y
60E15120_N3J1E__vs__60E1C500_N3J6EB,60E15120_N3J1E,60E1C500_N3J6EB,0x759aa,0x7a390,18918,cal_data,cal_data:18601 cal_table:317,,317,Auxillary Valve Close; Engine Load Compensation; Estimated Manifold Pressure; Injector Latency Primary; Injector Latency Secondary; Knock Related 1; Knock Voltage To Magnitude; Oil Metering By Load; ...
60E15120_N3J1E__vs__60E1C500_N3J6EB,60E15120_N3J1E,60E1C500_N3J6EB,0x7a399,0x7a39b,2,cal_data,cal_data:2,,0,
60E15120_N3J1E__vs__60E1C500_N3J6EB,60E15120_N3J1E,60E1C500_N3J6EB,0x7a3b4,0x7e317,16227,cal_data,cal_data:13862 tail:2072 cal_table:293,,293,AirFlow Inj Angle Related; Airflow Or Load Related; Barometric Pressure Sensor Max Voltage; Barometric Pressure Sensor Min Voltage; Barometric Pressure Sensor Offset; Barometric Pressure Sensor Slope; Ignition Dwell Time_; Injection Angle; ...
60E15120_N3J1E__vs__60E1C500_N3J6EB,60E15120_N3J1E,60E1C500_N3J6EB,0x7e32a,0x7e652,808,tail,tail:808,,0,
60E15120_N3J1E__vs__60E1C500_N3J6EB,60E15120_N3J1E,60E1C500_N3J6EB,0x7e678,0x7f760,4328,tail,tail:4328,,0,
60E15120_N3J1E__vs__60E1C500_N3J6EB,60E15120_N3J1E,60E1C500_N3J6EB,0x7fb00,0x7fb08,8,tail,tail:8,,0,
60E15120_N3J1E__vs__60E1C500_N3J6EB,60E15120_N3J1E,60E1C500_N3J6EB,0x7fb88,0x7fb8c,4,tail,tail:4,,0,
60E15120_N3J1E__vs__60E1C500_N3J6EB,60E15120_N3J1E,60E1C500_N3J6EB,0x7fc53,0x7fd50,253,tail,tail:253,,0,
60E15120_N3J1E__vs__60E1C500_N3J6EB,60E15120_N3J1E,60E1C500_N3J6EB,0x7fd77,0x7fdd0,89,tail,tail:89,,0,
60E15120_N3J1E__vs__60E1C500_N3J6EB,60E15120_N3J1E,60E1C500_N3J6EB,0x7fdf7,0x7fe00,9,tail,tail:9,,0,
60E15120_N3J1E__vs__60E1C500_N3J6EB,60E15120_N3J1E,60E1C500_N3J6EB,0x7fe27,0x7fe30,9,tail,tail:9,,0,
60E15120_N3J1E__vs__60E1C500_N3J6EB,60E15120_N3J1E,60E1C500_N3J6EB,0x7fe47,0x7fe50,9,tail,tail:9,,0,
60E15120_N3J1E__vs__60E1C500_N3J6EB,60E15120_N3J1E,60E1C500_N3J6EB,0x7fe67,0x7fe70,9,tail,tail:9,,0,
60E15120_N3J1E__vs__60E1C500_N3J6EB,60E15120_N3J1E,60E1C500_N3J6EB,0x7fe87,0x7fe90,9,tail,tail:9,,0,
60E15120_N3J1E__vs__60E1C500_N3J6EB,60E15120_N3J1E,60E1C500_N3J6EB,0x7ff07,0x7ff3c,53,tail,tail:53,,0,
60E15120_N3J1E__vs__60E1C500_N3J6EB,60E15120_N3J1E,60E1C500_N3J6EB,0x7ff47,0x7ff70,41,tail,tail:41,,0,
60E15120_N3J1E__vs__60E1C500_N3J6EB,60E15120_N3J1E,60E1C500_N3J6EB,0x7ffd7,0x7ffe0,9,tail,tail:9,,0,
60E15120_N3J1E__vs__60E1C500_N3J6EB,60E15120_N3J1E,60E1C500_N3J6EB,0x7fff4,0x7fffc,8,tail,tail:8,,0,
60E15120_N3J1E__vs__60E1D400,60E15120_N3J1E,60E1D400,0xffb,0x1008,13,header,header:13,0.0,0,
60E15120_N3J1E__vs__60E1D400,60E15120_N3J1E,60E1D400,0x1039,0x1302,713,header,header:713,0.028,0,
60E15120_N3J1E__vs__60E1D400,60E15120_N3J1E,60E1D400,0x130b,0x1ffc,3313,header,header:3313,0.041,0,
60E15120_N3J1E__vs__60E1D400,60E15120_N3J1E,60E1D400,0x2004,0x2007,3,code,code:3,0.0,0,
60E15120_N3J1E__vs__60E1D400,60E15120_N3J1E,60E1D400,0x2020,0x2023,3,code,code:3,0.0,0,
60E15120_N3J1E__vs__60E1D400,60E15120_N3J1E,60E1D400,0x2723,0x2724,1,code,code:1,0.0,0,
60E15120_N3J1E__vs__60E1D400,60E15120_N3J1E,60E1D400,0x273b,0x273c,1,code,code:1,0.0,0,
60E15120_N3J1E__vs__60E1D400,60E15120_N3J1E,60E1D400,0x2753,0x2754,1,code,code:1,0.0,0,
60E15120_N3J1E__vs__60E1D400,60E15120_N3J1E,60E1D400,0x276a,0x276c,2,code,code:2,0.0,0,
60E15120_N3J1E__vs__60E1D400,60E15120_N3J1E,60E1D400,0x2782,0x2784,2,code,code:2,0.0,0,
60E15120_N3J1E__vs__60E1D400,60E15120_N3J1E,60E1D400,0x279b,0x279c,1,code,code:1,0.0,0,
60E15120_N3J1E__vs__60E1D400,60E15120_N3J1E,60E1D400,0x27b3,0x27b4,1,code,code:1,0.0,0,
60E15120_N3J1E__vs__60E1D400,60E15120_N3J1E,60E1D400,0x27cb,0x27cc,1,code,code:1,0.0,0,
60E15120_N3J1E__vs__60E1D400,60E15120_N3J1E,60E1D400,0x27e3,0x27e4,1,code,code:1,0.0,0,
60E15120_N3J1E__vs__60E1D400,60E15120_N3J1E,60E1D400,0x27fb,0x27fc,1,code,code:1,0.0,0,
60E15120_N3J1E__vs__60E1D400,60E15120_N3J1E,60E1D400,0x2813,0x2814,1,code,code:1,0.0,0,
60E15120_N3J1E__vs__60E1D400,60E15120_N3J1E,60E1D400,0x282b,0x282c,1,code,code:1,0.0,0,
60E15120_N3J1E__vs__60E1D400,60E15120_N3J1E,60E1D400,0x2843,0x2844,1,code,code:1,0.0,0,
60E15120_N3J1E__vs__60E1D400,60E15120_N3J1E,60E1D400,0x285b,0x285c,1,code,code:1,0.0,0,
60E15120_N3J1E__vs__60E1D400,60E15120_N3J1E,60E1D400,0x2873,0x2874,1,code,code:1,0.0,0,
60E15120_N3J1E__vs__60E1D400,60E15120_N3J1E,60E1D400,0x288b,0x288c,1,code,code:1,0.0,0,
60E15120_N3J1E__vs__60E1D400,60E15120_N3J1E,60E1D400,0x28a3,0x28a4,1,code,code:1,0.0,0,
60E15120_N3J1E__vs__60E1D400,60E15120_N3J1E,60E1D400,0x28bb,0x28bc,1,code,code:1,0.0,0,
60E15120_N3J1E__vs__60E1D400,60E15120_N3J1E,60E1D400,0x28d3,0x28d4,1,code,code:1,0.0,0,
60E15120_N3J1E__vs__60E1D400,60E15120_N3J1E,60E1D400,0x28ea,0x28ec,2,code,code:2,0.0,0,
60E15120_N3J1E__vs__60E1D400,60E15120_N3J1E,60E1D400,0x2902,0x2904,2,code,code:2,0.0,0,
60E15120_N3J1E__vs__60E1D400,60E15120_N3J1E,60E1D400,0x291b,0x291c,1,code,code:1,0.0,0,
60E15120_N3J1E__vs__60E1D400,60E15120_N3J1E,60E1D400,0x2933,0x2934,1,code,code:1,0.0,0,
60E15120_N3J1E__vs__60E1D400,60E15120_N3J1E,60E1D400,0x294b,0x294c,1,code,code:1,0.0,0,
60E15120_N3J1E__vs__60E1D400,60E15120_N3J1E,60E1D400,0x2963,0x2964,1,code,code:1,0.0,0,
60E15120_N3J1E__vs__60E1D400,60E15120_N3J1E,60E1D400,0x297b,0x297c,1,code,code:1,0.0,0,
60E15120_N3J1E__vs__60E1D400,60E15120_N3J1E,60E1D400,0x2993,0x2994,1,code,code:1,0.0,0,
60E15120_N3J1E__vs__60E1D400,60E15120_N3J1E,60E1D400,0x29ab,0x29ac,1,code,code:1,0.0,0,
60E15120_N3J1E__vs__60E1D400,60E15120_N3J1E,60E1D400,0x29c3,0x29c4,1,code,code:1,0.0,0,
60E15120_N3J1E__vs__60E1D400,60E15120_N3J1E,60E1D400,0x29db,0x29dc,1,code,code:1,0.0,0,
60E15120_N3J1E__vs__60E1D400,60E15120_N3J1E,60E1D400,0x29f3,0x29f4,1,code,code:1,0.0,0,
60E15120_N3J1E__vs__60E1D400,60E15120_N3J1E,60E1D400,0x2a0b,0x2a0c,1,code,code:1,0.0,0,
60E15120_N3J1E__vs__60E1D400,60E15120_N3J1E,60E1D400,0x2a22,0x2a24,2,code,code:2,0.0,0,
60E15120_N3J1E__vs__60E1D400,60E15120_N3J1E,60E1D400,0x2a3a,0x2a3c,2,code,code:2,0.0,0,
60E15120_N3J1E__vs__60E1D400,60E15120_N3J1E,60E1D400,0x2a53,0x2a54,1,code,code:1,0.0,0,
60E15120_N3J1E__vs__60E1D400,60E15120_N3J1E,60E1D400,0x2a6b,0x2a6c,1,code,code:1,0.0,0,
60E15120_N3J1E__vs__60E1D400,60E15120_N3J1E,60E1D400,0x2a83,0x2a84,1,code,code:1,0.0,0,
60E15120_N3J1E__vs__60E1D400,60E15120_N3J1E,60E1D400,0x2a9b,0x2a9c,1,code,code:1,0.0,0,
60E15120_N3J1E__vs__60E1D400,60E15120_N3J1E,60E1D400,0x2ab3,0x2ab4,1,code,code:1,0.0,0,
60E15120_N3J1E__vs__60E1D400,60E15120_N3J1E,60E1D400,0x2acb,0x2acc,1,code,code:1,0.0,0,
60E15120_N3J1E__vs__60E1D400,60E15120_N3J1E,60E1D400,0x2ae3,0x2ae4,1,code,code:1,0.0,0,
60E15120_N3J1E__vs__60E1D400,60E15120_N3J1E,60E1D400,0x2afb,0x2afc,1,code,code:1,0.0,0,
60E15120_N3J1E__vs__60E1D400,60E15120_N3J1E,60E1D400,0x2b13,0x2b14,1,code,code:1,0.0,0,
60E15120_N3J1E__vs__60E1D400,60E15120_N3J1E,60E1D400,0x2b2b,0x2b2c,1,code,code:1,0.0,0,
60E15120_N3J1E__vs__60E1D400,60E15120_N3J1E,60E1D400,0x2b43,0x2b44,1,code,code:1,0.0,0,
60E15120_N3J1E__vs__60E1D400,60E15120_N3J1E,60E1D400,0x2b5b,0x2b5c,1,code,code:1,0.0,0,
60E15120_N3J1E__vs__60E1D400,60E15120_N3J1E,60E1D400,0x2b73,0x2b74,1,code,code:1,0.0,0,
60E15120_N3J1E__vs__60E1D400,60E15120_N3J1E,60E1D400,0x2b8b,0x2b8c,1,code,code:1,0.0,0,
60E15120_N3J1E__vs__60E1D400,60E15120_N3J1E,60E1D400,0x2ba3,0x2ba4,1,code,code:1,0.0,0,
60E15120_N3J1E__vs__60E1D400,60E15120_N3J1E,60E1D400,0x2bba,0x2bbc,2,code,code:2,0.0,0,
60E15120_N3J1E__vs__60E1D400,60E15120_N3J1E,60E1D400,0x2bd2,0x2bd4,2,code,code:2,0.0,0,
60E15120_N3J1E__vs__60E1D400,60E15120_N3J1E,60E1D400,0x2beb,0x2bec,1,code,code:1,0.0,0,
60E15120_N3J1E__vs__60E1D400,60E15120_N3J1E,60E1D400,0x2c03,0x2c04,1,code,code:1,0.0,0,
60E15120_N3J1E__vs__60E1D400,60E15120_N3J1E,60E1D400,0x2c1b,0x2c1c,1,code,code:1,0.0,0,
60E15120_N3J1E__vs__60E1D400,60E15120_N3J1E,60E1D400,0x2c33,0x2c34,1,code,code:1,0.0,0,
60E15120_N3J1E__vs__60E1D400,60E15120_N3J1E,60E1D400,0x2c4b,0x2c4c,1,code,code:1,0.0,0,
60E15120_N3J1E__vs__60E1D400,60E15120_N3J1E,60E1D400,0x2c63,0x2c64,1,code,code:1,0.0,0,
60E15120_N3J1E__vs__60E1D400,60E15120_N3J1E,60E1D400,0x2c7b,0x2c7c,1,code,code:1,0.0,0,
60E15120_N3J1E__vs__60E1D400,60E15120_N3J1E,60E1D400,0x2c93,0x2c94,1,code,code:1,0.0,0,
60E15120_N3J1E__vs__60E1D400,60E15120_N3J1E,60E1D400,0x2cab,0x2cac,1,code,code:1,0.0,0,
60E15120_N3J1E__vs__60E1D400,60E15120_N3J1E,60E1D400,0x2cc3,0x2cc4,1,code,code:1,0.0,0,
60E15120_N3J1E__vs__60E1D400,60E15120_N3J1E,60E1D400,0x2cdb,0x2cdc,1,code,code:1,0.0,0,
60E15120_N3J1E__vs__60E1D400,60E15120_N3J1E,60E1D400,0x2cf3,0x2cf4,1,code,code:1,0.0,0,
60E15120_N3J1E__vs__60E1D400,60E15120_N3J1E,60E1D400,0x2d0b,0x2d0c,1,code,code:1,0.0,0,
60E15120_N3J1E__vs__60E1D400,60E15120_N3J1E,60E1D400,0x2d22,0x2d24,2,code,code:2,0.0,0,
60E15120_N3J1E__vs__60E1D400,60E15120_N3J1E,60E1D400,0x2d3a,0x2d3c,2,code,code:2,0.0,0,
60E15120_N3J1E__vs__60E1D400,60E15120_N3J1E,60E1D400,0x2d53,0x2d54,1,code,code:1,0.0,0,
60E15120_N3J1E__vs__60E1D400,60E15120_N3J1E,60E1D400,0x2d6b,0x2d6c,1,code,code:1,0.0,0,
60E15120_N3J1E__vs__60E1D400,60E15120_N3J1E,60E1D400,0x2d83,0x2d84,1,code,code:1,0.0,0,
60E15120_N3J1E__vs__60E1D400,60E15120_N3J1E,60E1D400,0x2d9b,0x2d9c,1,code,code:1,0.0,0,
60E15120_N3J1E__vs__60E1D400,60E15120_N3J1E,60E1D400,0x2db3,0x2db4,1,code,code:1,0.0,0,
60E15120_N3J1E__vs__60E1D400,60E15120_N3J1E,60E1D400,0x2dcb,0x2dcc,1,code,code:1,0.0,0,
60E15120_N3J1E__vs__60E1D400,60E15120_N3J1E,60E1D400,0x2de3,0x2de4,1,code,code:1,0.0,0,
60E15120_N3J1E__vs__60E1D400,60E15120_N3J1E,60E1D400,0x2dfb,0x2dfc,1,code,code:1,0.0,0,
60E15120_N3J1E__vs__60E1D400,60E15120_N3J1E,60E1D400,0x2e13,0x2e14,1,code,code:1,0.0,0,
60E15120_N3J1E__vs__60E1D400,60E15120_N3J1E,60E1D400,0x2e2b,0x2e2c,1,code,code:1,0.0,0,
60E15120_N3J1E__vs__60E1D400,60E15120_N3J1E,60E1D400,0x2e42,0x2e44,2,code,code:2,0.0,0,
60E15120_N3J1E__vs__60E1D400,60E15120_N3J1E,60E1D400,0x2e5a,0x2e5c,2,code,code:2,0.0,0,
60E15120_N3J1E__vs__60E1D400,60E15120_N3J1E,60E1D400,0x2e73,0x2e74,1,code,code:1,0.0,0,
60E15120_N3J1E__vs__60E1D400,60E15120_N3J1E,60E1D400,0x2e8b,0x2e8c,1,code,code:1,0.0,0,
60E15120_N3J1E__vs__60E1D400,60E15120_N3J1E,60E1D400,0x2ea3,0x2ea4,1,code,code:1,0.0,0,
60E15120_N3J1E__vs__60E1D400,60E15120_N3J1E,60E1D400,0x2ebb,0x2ebc,1,code,code:1,0.0,0,
60E15120_N3J1E__vs__60E1D400,60E15120_N3J1E,60E1D400,0x2ed3,0x2ed4,1,code,code:1,0.0,0,
60E15120_N3J1E__vs__60E1D400,60E15120_N3J1E,60E1D400,0x2eeb,0x2eec,1,code,code:1,0.0,0,
60E15120_N3J1E__vs__60E1D400,60E15120_N3J1E,60E1D400,0x2f03,0x2f04,1,code,code:1,0.0,0,
60E15120_N3J1E__vs__60E1D400,60E15120_N3J1E,60E1D400,0x2f1b,0x2f1c,1,code,code:1,0.0,0,
60E15120_N3J1E__vs__60E1D400,60E15120_N3J1E,60E1D400,0x2f32,0x2f34,2,code,code:2,0.0,0,
60E15120_N3J1E__vs__60E1D400,60E15120_N3J1E,60E1D400,0x2f4b,0x2f4c,1,code,code:1,0.0,0,
60E15120_N3J1E__vs__60E1D400,60E15120_N3J1E,60E1D400,0x2f62,0x2f64,2,code,code:2,0.0,0,
60E15120_N3J1E__vs__60E1D400,60E15120_N3J1E,60E1D400,0x2f7b,0x2f7c,1,code,code:1,0.0,0,
60E15120_N3J1E__vs__60E1D400,60E15120_N3J1E,60E1D400,0x2f93,0x2f94,1,code,code:1,0.0,0,
60E15120_N3J1E__vs__60E1D400,60E15120_N3J1E,60E1D400,0x2fab,0x2fac,1,code,code:1,0.0,0,
60E15120_N3J1E__vs__60E1D400,60E15120_N3J1E,60E1D400,0x2fc3,0x2fc4,1,code,code:1,0.0,0,
60E15120_N3J1E__vs__60E1D400,60E15120_N3J1E,60E1D400,0x2fda,0x2fdc,2,code,code:2,0.0,0,
60E15120_N3J1E__vs__60E1D400,60E15120_N3J1E,60E1D400,0x2ff3,0x2ff4,1,code,code:1,0.0,0,
60E15120_N3J1E__vs__60E1D400,60E15120_N3J1E,60E1D400,0x300b,0x300c,1,code,code:1,0.0,0,
60E15120_N3J1E__vs__60E1D400,60E15120_N3J1E,60E1D400,0x3023,0x3024,1,code,code:1,0.0,0,
60E15120_N3J1E__vs__60E1D400,60E15120_N3J1E,60E1D400,0x303b,0x303c,1,code,code:1,0.0,0,
60E15120_N3J1E__vs__60E1D400,60E15120_N3J1E,60E1D400,0x3052,0x3054,2,code,code:2,0.0,0,
60E15120_N3J1E__vs__60E1D400,60E15120_N3J1E,60E1D400,0x306b,0x306c,1,code,code:1,0.0,0,
60E15120_N3J1E__vs__60E1D400,60E15120_N3J1E,60E1D400,0x3083,0x3084,1,code,code:1,0.0,0,
60E15120_N3J1E__vs__60E1D400,60E15120_N3J1E,60E1D400,0x309b,0x309c,1,code,code:1,0.0,0,
60E15120_N3J1E__vs__60E1D400,60E15120_N3J1E,60E1D400,0x30b3,0x30b4,1,code,code:1,0.0,0,
60E15120_N3J1E__vs__60E1D400,60E15120_N3J1E,60E1D400,0x30cb,0x30cc,1,code,code:1,0.0,0,
60E15120_N3J1E__vs__60E1D400,60E15120_N3J1E,60E1D400,0x30e3,0x30e4,1,code,code:1,0.0,0,
60E15120_N3J1E__vs__60E1D400,60E15120_N3J1E,60E1D400,0x30fb,0x30fc,1,code,code:1,0.0,0,
60E15120_N3J1E__vs__60E1D400,60E15120_N3J1E,60E1D400,0x3113,0x3114,1,code,code:1,0.0,0,
60E15120_N3J1E__vs__60E1D400,60E15120_N3J1E,60E1D400,0x312b,0x312c,1,code,code:1,0.0,0,
60E15120_N3J1E__vs__60E1D400,60E15120_N3J1E,60E1D400,0x3143,0x3144,1,code,code:1,0.0,0,
60E15120_N3J1E__vs__60E1D400,60E15120_N3J1E,60E1D400,0x315b,0x315c,1,code,code:1,0.0,0,
60E15120_N3J1E__vs__60E1D400,60E15120_N3J1E,60E1D400,0x3173,0x3174,1,code,code:1,0.0,0,
60E15120_N3J1E__vs__60E1D400,60E15120_N3J1E,60E1D400,0x318b,0x318c,1,code,code:1,0.0,0,
60E15120_N3J1E__vs__60E1D400,60E15120_N3J1E,60E1D400,0x31a3,0x31a4,1,code,code:1,0.0,0,
60E15120_N3J1E__vs__60E1D400,60E15120_N3J1E,60E1D400,0x31bb,0x31bc,1,code,code:1,0.0,0,
60E15120_N3J1E__vs__60E1D400,60E15120_N3J1E,60E1D400,0x31d3,0x31d4,1,code,code:1,0.0,0,
60E15120_N3J1E__vs__60E1D400,60E15120_N3J1E,60E1D400,0x31ea,0x31ec,2,code,code:2,0.0,0,
60E15120_N3J1E__vs__60E1D400,60E15120_N3J1E,60E1D400,0x3203,0x3204,1,code,code:1,0.0,0,
60E15120_N3J1E__vs__60E1D400,60E15120_N3J1E,60E1D400,0x321a,0x321c,2,code,code:2,0.0,0,
60E15120_N3J1E__vs__60E1D400,60E15120_N3J1E,60E1D400,0x3233,0x3234,1,code,code:1,0.0,0,
60E15120_N3J1E__vs__60E1D400,60E15120_N3J1E,60E1D400,0x327a,0x327c,2,code,code:2,0.0,0,
60E15120_N3J1E__vs__60E1D400,60E15120_N3J1E,60E1D400,0x32ee,0x32f0,2,code,code:2,0.0,0,
60E15120_N3J1E__vs__60E1D400,60E15120_N3J1E,60E1D400,0x338a,0x338c,2,code,code:2,0.0,0,
60E15120_N3J1E__vs__60E1D400,60E15120_N3J1E,60E1D400,0x33b6,0x33b8,2,code,code:2,0.0,0,
60E15120_N3J1E__vs__60E1D400,60E15120_N3J1E,60E1D400,0x347a,0x3490,22,code,code:22,0.0,0,
60E15120_N3J1E__vs__60E1D400,60E15120_N3J1E,60E1D400,0x3572,0x3578,6,code,code:6,0.0,0,
60E15120_N3J1E__vs__60E1D400,60E15120_N3J1E,60E1D400,0x3676,0x3678,2,code,code:2,0.0,0,
60E15120_N3J1E__vs__60E1D400,60E15120_N3J1E,60E1D400,0x36a2,0x36a4,2,code,code:2,0.0,0,
60E15120_N3J1E__vs__60E1D400,60E15120_N3J1E,60E1D400,0x375a,0x375c,2,code,code:2,0.0,0,
60E15120_N3J1E__vs__60E1D400,60E15120_N3J1E,60E1D400,0x3902,0x3904,2,code,code:2,0.0,0,
60E15120_N3J1E__vs__60E1D400,60E15120_N3J1E,60E1D400,0x394e,0x3950,2,code,code:2,0.0,0,
60E15120_N3J1E__vs__60E1D400,60E15120_N3J1E,60E1D400,0x3962,0x3964,2,code,code:2,0.0,0,
60E15120_N3J1E__vs__60E1D400,60E15120_N3J1E,60E1D400,0x3aae,0x3ab4,6,code,code:6,0.0,0,
60E15120_N3J1E__vs__60E1D400,60E15120_N3J1E,60E1D400,0x3ad6,0x3ad8,2,code,code:2,0.0,0,
60E15120_N3J1E__vs__60E1D400,60E15120_N3J1E,60E1D400,0x3b22,0x3b28,6,code,code:6,0.0,0,
60E15120_N3J1E__vs__60E1D400,60E15120_N3J1E,60E1D400,0x3d46,0x3d48,2,code,code:2,0.0,0,
60E15120_N3J1E__vs__60E1D400,60E15120_N3J1E,60E1D400,0x3d9a,0x3d9c,2,code,code:2,0.0,0,
60E15120_N3J1E__vs__60E1D400,60E15120_N3J1E,60E1D400,0x3e02,0x3e04,2,code,code:2,0.0,0,
60E15120_N3J1E__vs__60E1D400,60E15120_N3J1E,60E1D400,0x3e82,0x3e84,2,code,code:2,0.0,0,
60E15120_N3J1E__vs__60E1D400,60E15120_N3J1E,60E1D400,0x3f9a,0x3f9c,2,code,code:2,0.0,0,
60E15120_N3J1E__vs__60E1D400,60E15120_N3J1E,60E1D400,0x3fa6,0x3fa8,2,code,code:2,0.0,0,
60E15120_N3J1E__vs__60E1D400,60E15120_N3J1E,60E1D400,0x3fe6,0x3fe8,2,code,code:2,0.0,0,
60E15120_N3J1E__vs__60E1D400,60E15120_N3J1E,60E1D400,0x4096,0x4098,2,code,code:2,0.0,0,
60E15120_N3J1E__vs__60E1D400,60E15120_N3J1E,60E1D400,0x413e,0x4140,2,code,code:2,0.0,0,
60E15120_N3J1E__vs__60E1D400,60E15120_N3J1E,60E1D400,0x4206,0x4208,2,code,code:2,0.0,0,
60E15120_N3J1E__vs__60E1D400,60E15120_N3J1E,60E1D400,0x473e,0x4740,2,code,code:2,0.0,0,
60E15120_N3J1E__vs__60E1D400,60E15120_N3J1E,60E1D400,0x493a,0x493c,2,code,code:2,0.0,0,
60E15120_N3J1E__vs__60E1D400,60E15120_N3J1E,60E1D400,0x4996,0x499c,6,code,code:6,0.0,0,
60E15120_N3J1E__vs__60E1D400,60E15120_N3J1E,60E1D400,0x49a6,0x49ad,7,code,code:7,0.0,0,
60E15120_N3J1E__vs__60E1D400,60E15120_N3J1E,60E1D400,0x49b6,0x49bd,7,code,code:7,0.0,0,
60E15120_N3J1E__vs__60E1D400,60E15120_N3J1E,60E1D400,0x49c6,0x49cd,7,code,code:7,0.0,0,
60E15120_N3J1E__vs__60E1D400,60E15120_N3J1E,60E1D400,0x49d6,0x49dd,7,code,code:7,0.0,0,
60E15120_N3J1E__vs__60E1D400,60E15120_N3J1E,60E1D400,0x49e6,0x49ec,6,code,code:6,0.0,0,
60E15120_N3J1E__vs__60E1D400,60E15120_N3J1E,60E1D400,0x49f6,0x49fc,6,code,code:6,0.0,0,
60E15120_N3J1E__vs__60E1D400,60E15120_N3J1E,60E1D400,0x4a06,0x4a0c,6,code,code:6,0.0,0,
60E15120_N3J1E__vs__60E1D400,60E15120_N3J1E,60E1D400,0x4a16,0x4a1c,6,code,code:6,0.0,0,
60E15120_N3J1E__vs__60E1D400,60E15120_N3J1E,60E1D400,0x4a26,0x4a2c,6,code,code:6,0.0,0,
60E15120_N3J1E__vs__60E1D400,60E15120_N3J1E,60E1D400,0x4a36,0x4a3c,6,code,code:6,0.0,0,
60E15120_N3J1E__vs__60E1D400,60E15120_N3J1E,60E1D400,0x4a46,0x4a4c,6,code,code:6,0.0,0,
60E15120_N3J1E__vs__60E1D400,60E15120_N3J1E,60E1D400,0x4a56,0x4a5c,6,code,code:6,0.0,0,
60E15120_N3J1E__vs__60E1D400,60E15120_N3J1E,60E1D400,0x4a66,0x4a6c,6,code,code:6,0.0,0,
60E15120_N3J1E__vs__60E1D400,60E15120_N3J1E,60E1D400,0x4a76,0x4a7c,6,code,code:6,0.0,0,
60E15120_N3J1E__vs__60E1D400,60E15120_N3J1E,60E1D400,0x4a86,0x4a8c,6,code,code:6,0.0,0,
60E15120_N3J1E__vs__60E1D400,60E15120_N3J1E,60E1D400,0x4a96,0x4a9c,6,code,code:6,0.0,0,
60E15120_N3J1E__vs__60E1D400,60E15120_N3J1E,60E1D400,0x4aa6,0x4aac,6,code,code:6,0.0,0,
60E15120_N3J1E__vs__60E1D400,60E15120_N3J1E,60E1D400,0x4ab6,0x4abc,6,code,code:6,0.0,0,
60E15120_N3J1E__vs__60E1D400,60E15120_N3J1E,60E1D400,0x4aca,0x4aec,34,code,code:34,0.0,0,
60E15120_N3J1E__vs__60E1D400,60E15120_N3J1E,60E1D400,0x4b0e,0x4b10,2,code,code:2,0.0,0,
60E15120_N3J1E__vs__60E1D400,60E15120_N3J1E,60E1D400,0x4c87,0x52b8,1585,code,code:1585,0.01,0,
60E15120_N3J1E__vs__60E1D400,60E15120_N3J1E,60E1D400,0x52c3,0x52c4,1,code,code:1,0.0,0,
60E15120_N3J1E__vs__60E1D400,60E15120_N3J1E,60E1D400,0x52cc,0x8214,12104,code,code:12104,0.03,0,
60E15120_N3J1E__vs__60E1D400,60E15120_N3J1E,60E1D400,0x8224,0x829a,118,code,code:118,0.008,0,
60E15120_N3J1E__vs__60E1D400,60E15120_N3J1E,60E1D400,0x82aa,0x1e100,89686,code,code:89686,0.036,0,
60E15120_N3J1E__vs__60E1D400,60E15120_N3J1E,60E1D400,0x1e10e,0x2ba30,55586,code,code:55586,0.034,0,
60E15120_N3J1E__vs__60E1D400,60E15120_N3J1E,60E1D400,0x2ba3a,0x2cb00,4294,code,code:4294,0.031,0,
60E15120_N3J1E__vs__60E1D400,60E15120_N3J1E,60E1D400,0x2cb08,0x3bfbe,62646,code,code:62646,0.036,0,
60E15120_N3J1E__vs__60E1D400,60E15120_N3J1E,60E1D400,0x3bfc7,0x42700,26425,code,code:26425,0.043,0,
60E15120_N3J1E__vs__60E1D400,60E15120_N3J1E,60E1D400,0x42708,0x47733,20523,code,code:20523,0.031,0,
60E15120_N3J1E__vs__60E1D400,60E15120_N3J1E,60E1D400,0x4773b,0x6a3ed,142514,code,code:142514,0.028,0,
60E15120_N3J1E__vs__60E1D400,60E15120_N3J1E,60E1D400,0x6a3f5,0x6ab80,1931,code,code:1931,0.0,0,
60E15120_N3J1E__vs__60E1D400,60E15120_N3J1E,60E1D400,0x6ab8a,0x6ab90,6,code,code:6,0.0,0,
60E15120_N3J1E__vs__60E1D400,60E15120_N3J1E,60E1D400,0x6ab99,0x6b7b8,3103,code,code:3103,0.0,0,
60E15120_N3J1E__vs__60E1D400,60E15120_N3J1E,60E1D400,0x6b7c2,0x6bb04,834,code,code:834,0.0,0,
60E15120_N3J1E__vs__60E1D400,60E15120_N3J1E,60E1D400,0x6bb0e,0x6eb86,12408,cal_data,cal_data:7421 padding:2960 code:1890 cal_table:137,0.093,137,Barometric Pressure Sensor Max ADC Count; Barometric Pressure Sensor Min ADC Count; Cold Rev Limit; Cold Rev Limit Threshold; Idle Related; Idle Target; Idle Target 0; Idle Target 1; ...
60E15120_N3J1E__vs__60E1D400,60E15120_N3J1E,60E1D400,0x6eb91,0x70d0a,8569,cal_data,cal_data:8414 cal_table:155,0.012,155,CLT Sensor Scaling; IAT Sensor Scaling; Ignition 10; Ignition 11; Ignition 12; Ignition 13; Ignition 14; Ignition 15; ...
60E15120_N3J1E__vs__60E1D400,60E15120_N3J1E,60E1D400,0x70d19,0x719a0,3207,cal_data,cal_data:3156 cal_table:51,0.026,51,Table 2D - 312 Check DataType; Table 2D - 313 Check DataType; Table 2D - 314 Check DataType; Table 2D - 315 Check DataType; Table 2D - 70_; Table 2D - 71_; Table 2D - 72_; Table 2D - 73_; ...
60E15120_N3J1E__vs__60E1D400,60E15120_N3J1E,60E1D400,0x719a8,0x72fe3,5691,cal_data,cal_data:5566 cal_table:125,0.015,125,Fuelling - Safe Mode; Fuelling 0; Fuelling 1; Fuelling 10 - Safe Mode; Fuelling 11; Fuelling 12; Fuelling 13 - Safe Mode; Fuelling 14 - Safe mode; ...
60E15120_N3J1E__vs__60E1D400,60E15120_N3J1E,60E1D400,0x73008,0x78504,21756,cal_data,cal_data:21481 cal_table:275,0.011,275,Accel Pedal to Throttle Position #1; Accel Pedal to Throttle Position #2; Accel Pedal to Throttle Position #3; Accel Pedal to Throttle Position #4; Estimated Manifold Pressure; Injector Latency Primary; Injector Latency Secondary; Maximum Throttle Angle; ...
60E15120_N3J1E__vs__60E1D400,60E15120_N3J1E,60E1D400,0x7850c,0x79b68,5724,cal_data,cal_data:5594 cal_table:130,0.016,130,Auxillary Valve Close; Engine Load Compensation; Oil Metering By Load; Oil Metering By Throttle; Table 2D - 179_; Table 2D - 180_; Table 2D - 181_; Table 2D - 182_; ...
60E15120_N3J1E__vs__60E1D400,60E15120_N3J1E,60E1D400,0x79b7a,0x79d24,426,cal_data,cal_data:416 cal_table:10,0.021,10,Table 2D - 216_; Table 2D - 217_; Table 2D - 218_; Table 2D - 219_; Table 2D - 220_; Y; Y; Y; ...
60E15120_N3J1E__vs__60E1D400,60E15120_N3J1E,60E1D400,0x79d5e,0x7ad39,4059,cal_data,cal_data:3968 cal_table:91,0.026,91,Airflow Or Load Related; Barometric Pressure Sensor Max Voltage; Barometric Pressure Sensor Min Voltage; Barometric Pressure Sensor Offset; Barometric Pressure Sensor Slope; Knock Rel #0; Knock Rel #4; Knock Related; ...
60E15120_N3J1E__vs__60E1D400,60E15120_N3J1E,60E1D400,0x7ad45,0x7b873,2862,cal_data,cal_data:2795 cal_table:67,0.013,67,AirFlow Inj Angle Related; Injection Angle; Injection Angle Related AFR Input; Table 2D - 259_; Table 2D - 262_; Table 2D - 264_; Table 2D - 265_; Table 2D - 266_; ...
60E15120_N3J1E__vs__60E1D400,60E15120_N3J1E,60E1D400,0x7b88c,0x7bd5b,1231,cal_data,cal_data:1215 cal_table:16,0.004,16,Table 2D - 378 Check DataType; Table 2D - 379 Check DataType; Table 3D - 124_; Table 3D - 125_; Table 3D - 98_; Table 3D - 99_; X; X; ...
60E15120_N3J1E__vs__60E1D400,60E15120_N3J1E,60E1D400,0x7bd74,0x7c4e6,1906,cal_data,cal_data:1885 cal_table:21,0.007,21,Load Limit A; Load Limit B; Load Limit C; Table 2D - 277_; Table 2D - 279_; Table 2D - 382 Check DataType; Table 2D - 383 Check DataType; Table 2D - 384 Check DataType; ...
60E15120_N3J1E__vs__60E1D400,60E15120_N3J1E,60E1D400,0x7c4f2,0x7ccda,2024,cal_data,cal_data:1985 cal_table:39,0.031,39,Ignition Dwell Time_; Table 2D - 281_; Table 2D - 282_; Table 2D - 283_; Table 2D - 284_; Table 2D - 285_; Table 2D - 286_; Table 2D - 287_; ...
60E15120_N3J1E__vs__60E1D400,60E15120_N3J1E,60E1D400,0x7cce4,0x7d0b2,974,cal_data,cal_data:950 cal_table:24,0.092,24,Table 2D - 392 Check DataType; Table 2D - 393 Check DataType; Table 2D - 394 Check DataType; Table 2D - 395 Check DataType; Table 2D - 396 Check DataType; Table 2D - 397 Check DataType; Table 2D - 398 Check DataType; Table 2D - 399 Check DataType; ...
60E15120_N3J1E__vs__60E1D400,60E15120_N3J1E,60E1D400,0x7d0c4,0x7d876,1970,cal_data,cal_data:1914 cal_table:56,0.011,56,Table 2D - 235_; Table 2D - 236_; Table 2D - 237_; Table 2D - 238_; Table 2D - 239_; Table 2D - 240_; Table 2D - 241_; Table 2D - 242_; ...
60E15120_N3J1E__vs__60E1D400,60E15120_N3J1E,60E1D400,0x7d89c,0x7e32c,2704,tail,tail:2093 cal_data:606 cal_table:5,0.033,5,Table 2D - 372 Check DataType; Table 2D - 373 Check DataType; Table 2D - 374 Check DataType; Y; Y
60E15120_N3J1E__vs__60E1D400,60E15120_N3J1E,60E1D400,0x7e338,0x7e6f2,954,tail,tail:954,0.04,0,
60E15120_N3J1E__vs__60E1D400,60E15120_N3J1E,60E1D400,0x7e704,0x7f760,4188,tail,tail:4188,0.058,0,
60E15120_N3J1E__vs__60E1D400,60E15120_N3J1E,60E1D400,0x7fb00,0x7fb08,8,tail,tail:8,0.0,0,
60E15120_N3J1E__vs__60E1D400,60E15120_N3J1E,60E1D400,0x7fb88,0x7fb8c,4,tail,tail:4,0.0,0,
60E15120_N3J1E__vs__60E1D400,60E15120_N3J1E,60E1D400,0x7fc53,0x7fd50,253,tail,tail:253,0.0,0,
60E15120_N3J1E__vs__60E1D400,60E15120_N3J1E,60E1D400,0x7fd77,0x7fdd0,89,tail,tail:89,0.0,0,
60E15120_N3J1E__vs__60E1D400,60E15120_N3J1E,60E1D400,0x7fdf7,0x7fe00,9,tail,tail:9,0.0,0,
60E15120_N3J1E__vs__60E1D400,60E15120_N3J1E,60E1D400,0x7fe27,0x7fe30,9,tail,tail:9,0.0,0,
60E15120_N3J1E__vs__60E1D400,60E15120_N3J1E,60E1D400,0x7fe47,0x7fe50,9,tail,tail:9,0.0,0,
60E15120_N3J1E__vs__60E1D400,60E15120_N3J1E,60E1D400,0x7fe67,0x7fe70,9,tail,tail:9,0.0,0,
60E15120_N3J1E__vs__60E1D400,60E15120_N3J1E,60E1D400,0x7fe87,0x7fe90,9,tail,tail:9,0.0,0,
60E15120_N3J1E__vs__60E1D400,60E15120_N3J1E,60E1D400,0x7ff07,0x7ff3c,53,tail,tail:53,0.0,0,
60E15120_N3J1E__vs__60E1D400,60E15120_N3J1E,60E1D400,0x7ff47,0x7ff70,41,tail,tail:41,0.0,0,
60E15120_N3J1E__vs__60E1D400,60E15120_N3J1E,60E1D400,0x7ffd7,0x7ffe0,9,tail,tail:9,0.0,0,
60E15120_N3J1E__vs__60E1D400,60E15120_N3J1E,60E1D400,0x7fff4,0x7fffc,8,tail,tail:8,0.0,0,
60E15120_N3J1E__vs__60E32000_N3M5E,60E15120_N3J1E,60E32000_N3M5E,0xffb,0x1008,13,header,header:13,,0,
60E15120_N3J1E__vs__60E32000_N3M5E,60E15120_N3J1E,60E32000_N3M5E,0x1039,0x1302,713,header,header:713,,0,
60E15120_N3J1E__vs__60E32000_N3M5E,60E15120_N3J1E,60E32000_N3M5E,0x130b,0x2007,3324,header,header:3317 code:7,,0,
60E15120_N3J1E__vs__60E32000_N3M5E,60E15120_N3J1E,60E32000_N3M5E,0x2020,0x2023,3,code,code:3,,0,
60E15120_N3J1E__vs__60E32000_N3M5E,60E15120_N3J1E,60E32000_N3M5E,0x2723,0x2724,1,code,code:1,,0,
60E15120_N3J1E__vs__60E32000_N3M5E,60E15120_N3J1E,60E32000_N3M5E,0x273b,0x273c,1,code,code:1,,0,
60E15120_N3J1E__vs__60E32000_N3M5E,60E15120_N3J1E,60E32000_N3M5E,0x2753,0x2754,1,code,code:1,,0,
60E15120_N3J1E__vs__60E32000_N3M5E,60E15120_N3J1E,60E32000_N3M5E,0x276a,0x276c,2,code,code:2,,0,
60E15120_N3J1E__vs__60E32000_N3M5E,60E15120_N3J1E,60E32000_N3M5E,0x2782,0x2784,2,code,code:2,,0,
60E15120_N3J1E__vs__60E32000_N3M5E,60E15120_N3J1E,60E32000_N3M5E,0x279b,0x279c,1,code,code:1,,0,
60E15120_N3J1E__vs__60E32000_N3M5E,60E15120_N3J1E,60E32000_N3M5E,0x27b3,0x27b4,1,code,code:1,,0,
60E15120_N3J1E__vs__60E32000_N3M5E,60E15120_N3J1E,60E32000_N3M5E,0x27cb,0x27cc,1,code,code:1,,0,
60E15120_N3J1E__vs__60E32000_N3M5E,60E15120_N3J1E,60E32000_N3M5E,0x27e3,0x27e4,1,code,code:1,,0,
60E15120_N3J1E__vs__60E32000_N3M5E,60E15120_N3J1E,60E32000_N3M5E,0x27fb,0x27fc,1,code,code:1,,0,
60E15120_N3J1E__vs__60E32000_N3M5E,60E15120_N3J1E,60E32000_N3M5E,0x2813,0x2814,1,code,code:1,,0,
60E15120_N3J1E__vs__60E32000_N3M5E,60E15120_N3J1E,60E32000_N3M5E,0x282b,0x282c,1,code,code:1,,0,
60E15120_N3J1E__vs__60E32000_N3M5E,60E15120_N3J1E,60E32000_N3M5E,0x2843,0x2844,1,code,code:1,,0,
60E15120_N3J1E__vs__60E32000_N3M5E,60E15120_N3J1E,60E32000_N3M5E,0x285b,0x285c,1,code,code:1,,0,
60E15120_N3J1E__vs__60E32000_N3M5E,60E15120_N3J1E,60E32000_N3M5E,0x2873,0x2874,1,code,code:1,,0,
60E15120_N3J1E__vs__60E32000_N3M5E,60E15120_N3J1E,60E32000_N3M5E,0x288b,0x288c,1,code,code:1,,0,
60E15120_N3J1E__vs__60E32000_N3M5E,60E15120_N3J1E,60E32000_N3M5E,0x28a3,0x28a4,1,code,code:1,,0,
60E15120_N3J1E__vs__60E32000_N3M5E,60E15120_N3J1E,60E32000_N3M5E,0x28bb,0x28bc,1,code,code:1,,0,
60E15120_N3J1E__vs__60E32000_N3M5E,60E15120_N3J1E,60E32000_N3M5E,0x28d3,0x28d4,1,code,code:1,,0,
60E15120_N3J1E__vs__60E32000_N3M5E,60E15120_N3J1E,60E32000_N3M5E,0x28ea,0x28ec,2,code,code:2,,0,
60E15120_N3J1E__vs__60E32000_N3M5E,60E15120_N3J1E,60E32000_N3M5E,0x2902,0x2904,2,code,code:2,,0,
60E15120_N3J1E__vs__60E32000_N3M5E,60E15120_N3J1E,60E32000_N3M5E,0x291b,0x291c,1,code,code:1,,0,
60E15120_N3J1E__vs__60E32000_N3M5E,60E15120_N3J1E,60E32000_N3M5E,0x2933,0x2934,1,code,code:1,,0,
60E15120_N3J1E__vs__60E32000_N3M5E,60E15120_N3J1E,60E32000_N3M5E,0x294b,0x294c,1,code,code:1,,0,
60E15120_N3J1E__vs__60E32000_N3M5E,60E15120_N3J1E,60E32000_N3M5E,0x2963,0x2964,1,code,code:1,,0,
60E15120_N3J1E__vs__60E32000_N3M5E,60E15120_N3J1E,60E32000_N3M5E,0x297b,0x297c,1,code,code:1,,0,
60E15120_N3J1E__vs__60E32000_N3M5E,60E15120_N3J1E,60E32000_N3M5E,0x2993,0x2994,1,code,code:1,,0,
60E15120_N3J1E__vs__60E32000_N3M5E,60E15120_N3J1E,60E32000_N3M5E,0x29ab,0x29ac,1,code,code:1,,0,
60E15120_N3J1E__vs__60E32000_N3M5E,60E15120_N3J1E,60E32000_N3M5E,0x29c3,0x29c4,1,code,code:1,,0,
60E15120_N3J1E__vs__60E32000_N3M5E,60E15120_N3J1E,60E32000_N3M5E,0x29db,0x29dc,1,code,code:1,,0,
60E15120_N3J1E__vs__60E32000_N3M5E,60E15120_N3J1E,60E32000_N3M5E,0x29f3,0x29f4,1,code,code:1,,0,
60E15120_N3J1E__vs__60E32000_N3M5E,60E15120_N3J1E,60E32000_N3M5E,0x2a0b,0x2a0c,1,code,code:1,,0,
60E15120_N3J1E__vs__60E32000_N3M5E,60E15120_N3J1E,60E32000_N3M5E,0x2a22,0x2a24,2,code,code:2,,0,
60E15120_N3J1E__vs__60E32000_N3M5E,60E15120_N3J1E,60E32000_N3M5E,0x2a3a,0x2a3c,2,code,code:2,,0,
60E15120_N3J1E__vs__60E32000_N3M5E,60E15120_N3J1E,60E32000_N3M5E,0x2a53,0x2a54,1,code,code:1,,0,
60E15120_N3J1E__vs__60E32000_N3M5E,60E15120_N3J1E,60E32000_N3M5E,0x2a6b,0x2a6c,1,code,code:1,,0,
60E15120_N3J1E__vs__60E32000_N3M5E,60E15120_N3J1E,60E32000_N3M5E,0x2a83,0x2a84,1,code,code:1,,0,
60E15120_N3J1E__vs__60E32000_N3M5E,60E15120_N3J1E,60E32000_N3M5E,0x2a9b,0x2a9c,1,code,code:1,,0,
60E15120_N3J1E__vs__60E32000_N3M5E,60E15120_N3J1E,60E32000_N3M5E,0x2ab3,0x2ab4,1,code,code:1,,0,
60E15120_N3J1E__vs__60E32000_N3M5E,60E15120_N3J1E,60E32000_N3M5E,0x2acb,0x2acc,1,code,code:1,,0,
60E15120_N3J1E__vs__60E32000_N3M5E,60E15120_N3J1E,60E32000_N3M5E,0x2ae3,0x2ae4,1,code,code:1,,0,
60E15120_N3J1E__vs__60E32000_N3M5E,60E15120_N3J1E,60E32000_N3M5E,0x2afb,0x2afc,1,code,code:1,,0,
60E15120_N3J1E__vs__60E32000_N3M5E,60E15120_N3J1E,60E32000_N3M5E,0x2b13,0x2b14,1,code,code:1,,0,
60E15120_N3J1E__vs__60E32000_N3M5E,60E15120_N3J1E,60E32000_N3M5E,0x2b2b,0x2b2c,1,code,code:1,,0,
60E15120_N3J1E__vs__60E32000_N3M5E,60E15120_N3J1E,60E32000_N3M5E,0x2b43,0x2b44,1,code,code:1,,0,
60E15120_N3J1E__vs__60E32000_N3M5E,60E15120_N3J1E,60E32000_N3M5E,0x2b5b,0x2b5c,1,code,code:1,,0,
60E15120_N3J1E__vs__60E32000_N3M5E,60E15120_N3J1E,60E32000_N3M5E,0x2b73,0x2b74,1,code,code:1,,0,
60E15120_N3J1E__vs__60E32000_N3M5E,60E15120_N3J1E,60E32000_N3M5E,0x2b8b,0x2b8c,1,code,code:1,,0,
60E15120_N3J1E__vs__60E32000_N3M5E,60E15120_N3J1E,60E32000_N3M5E,0x2ba3,0x2ba4,1,code,code:1,,0,
60E15120_N3J1E__vs__60E32000_N3M5E,60E15120_N3J1E,60E32000_N3M5E,0x2bba,0x2bbc,2,code,code:2,,0,
60E15120_N3J1E__vs__60E32000_N3M5E,60E15120_N3J1E,60E32000_N3M5E,0x2bd2,0x2bd4,2,code,code:2,,0,
60E15120_N3J1E__vs__60E32000_N3M5E,60E15120_N3J1E,60E32000_N3M5E,0x2beb,0x2bec,1,code,code:1,,0,
60E15120_N3J1E__vs__60E32000_N3M5E,60E15120_N3J1E,60E32000_N3M5E,0x2c03,0x2c04,1,code,code:1,,0,
60E15120_N3J1E__vs__60E32000_N3M5E,60E15120_N3J1E,60E32000_N3M5E,0x2c1b,0x2c1c,1,code,code:1,,0,
60E15120_N3J1E__vs__60E32000_N3M5E,60E15120_N3J1E,60E32000_N3M5E,0x2c33,0x2c34,1,code,code:1,,0,
60E15120_N3J1E__vs__60E32000_N3M5E,60E15120_N3J1E,60E32000_N3M5E,0x2c4b,0x2c4c,1,code,code:1,,0,
60E15120_N3J1E__vs__60E32000_N3M5E,60E15120_N3J1E,60E32000_N3M5E,0x2c63,0x2c64,1,code,code:1,,0,
60E15120_N3J1E__vs__60E32000_N3M5E,60E15120_N3J1E,60E32000_N3M5E,0x2c7b,0x2c7c,1,code,code:1,,0,
60E15120_N3J1E__vs__60E32000_N3M5E,60E15120_N3J1E,60E32000_N3M5E,0x2c93,0x2c94,1,code,code:1,,0,
60E15120_N3J1E__vs__60E32000_N3M5E,60E15120_N3J1E,60E32000_N3M5E,0x2cab,0x2cac,1,code,code:1,,0,
60E15120_N3J1E__vs__60E32000_N3M5E,60E15120_N3J1E,60E32000_N3M5E,0x2cc3,0x2cc4,1,code,code:1,,0,
60E15120_N3J1E__vs__60E32000_N3M5E,60E15120_N3J1E,60E32000_N3M5E,0x2cdb,0x2cdc,1,code,code:1,,0,
60E15120_N3J1E__vs__60E32000_N3M5E,60E15120_N3J1E,60E32000_N3M5E,0x2cf3,0x2cf4,1,code,code:1,,0,
60E15120_N3J1E__vs__60E32000_N3M5E,60E15120_N3J1E,60E32000_N3M5E,0x2d0b,0x2d0c,1,code,code:1,,0,
60E15120_N3J1E__vs__60E32000_N3M5E,60E15120_N3J1E,60E32000_N3M5E,0x2d22,0x2d24,2,code,code:2,,0,
60E15120_N3J1E__vs__60E32000_N3M5E,60E15120_N3J1E,60E32000_N3M5E,0x2d3a,0x2d3c,2,code,code:2,,0,
60E15120_N3J1E__vs__60E32000_N3M5E,60E15120_N3J1E,60E32000_N3M5E,0x2d53,0x2d54,1,code,code:1,,0,
60E15120_N3J1E__vs__60E32000_N3M5E,60E15120_N3J1E,60E32000_N3M5E,0x2d6b,0x2d6c,1,code,code:1,,0,
60E15120_N3J1E__vs__60E32000_N3M5E,60E15120_N3J1E,60E32000_N3M5E,0x2d83,0x2d84,1,code,code:1,,0,
60E15120_N3J1E__vs__60E32000_N3M5E,60E15120_N3J1E,60E32000_N3M5E,0x2d9b,0x2d9c,1,code,code:1,,0,
60E15120_N3J1E__vs__60E32000_N3M5E,60E15120_N3J1E,60E32000_N3M5E,0x2db3,0x2db4,1,code,code:1,,0,
60E15120_N3J1E__vs__60E32000_N3M5E,60E15120_N3J1E,60E32000_N3M5E,0x2dcb,0x2dcc,1,code,code:1,,0,
60E15120_N3J1E__vs__60E32000_N3M5E,60E15120_N3J1E,60E32000_N3M5E,0x2de3,0x2de4,1,code,code:1,,0,
60E15120_N3J1E__vs__60E32000_N3M5E,60E15120_N3J1E,60E32000_N3M5E,0x2dfb,0x2dfc,1,code,code:1,,0,
60E15120_N3J1E__vs__60E32000_N3M5E,60E15120_N3J1E,60E32000_N3M5E,0x2e13,0x2e14,1,code,code:1,,0,
60E15120_N3J1E__vs__60E32000_N3M5E,60E15120_N3J1E,60E32000_N3M5E,0x2e2b,0x2e2c,1,code,code:1,,0,
60E15120_N3J1E__vs__60E32000_N3M5E,60E15120_N3J1E,60E32000_N3M5E,0x2e42,0x2e44,2,code,code:2,,0,
60E15120_N3J1E__vs__60E32000_N3M5E,60E15120_N3J1E,60E32000_N3M5E,0x2e5a,0x2e5c,2,code,code:2,,0,
60E15120_N3J1E__vs__60E32000_N3M5E,60E15120_N3J1E,60E32000_N3M5E,0x2e73,0x2e74,1,code,code:1,,0,
60E15120_N3J1E__vs__60E32000_N3M5E,60E15120_N3J1E,60E32000_N3M5E,0x2e8b,0x2e8c,1,code,code:1,,0,
60E15120_N3J1E__vs__60E32000_N3M5E,60E15120_N3J1E,60E32000_N3M5E,0x2ea3,0x2ea4,1,code,code:1,,0,
60E15120_N3J1E__vs__60E32000_N3M5E,60E15120_N3J1E,60E32000_N3M5E,0x2ebb,0x2ebc,1,code,code:1,,0,
60E15120_N3J1E__vs__60E32000_N3M5E,60E15120_N3J1E,60E32000_N3M5E,0x2ed3,0x2ed4,1,code,code:1,,0,
60E15120_N3J1E__vs__60E32000_N3M5E,60E15120_N3J1E,60E32000_N3M5E,0x2eeb,0x2eec,1,code,code:1,,0,
60E15120_N3J1E__vs__60E32000_N3M5E,60E15120_N3J1E,60E32000_N3M5E,0x2f03,0x2f04,1,code,code:1,,0,
60E15120_N3J1E__vs__60E32000_N3M5E,60E15120_N3J1E,60E32000_N3M5E,0x2f1b,0x2f1c,1,code,code:1,,0,
60E15120_N3J1E__vs__60E32000_N3M5E,60E15120_N3J1E,60E32000_N3M5E,0x2f32,0x2f34,2,code,code:2,,0,
60E15120_N3J1E__vs__60E32000_N3M5E,60E15120_N3J1E,60E32000_N3M5E,0x2f4b,0x2f4c,1,code,code:1,,0,
60E15120_N3J1E__vs__60E32000_N3M5E,60E15120_N3J1E,60E32000_N3M5E,0x2f62,0x2f64,2,code,code:2,,0,
60E15120_N3J1E__vs__60E32000_N3M5E,60E15120_N3J1E,60E32000_N3M5E,0x2f7b,0x2f7c,1,code,code:1,,0,
60E15120_N3J1E__vs__60E32000_N3M5E,60E15120_N3J1E,60E32000_N3M5E,0x2f93,0x2f94,1,code,code:1,,0,
60E15120_N3J1E__vs__60E32000_N3M5E,60E15120_N3J1E,60E32000_N3M5E,0x2fab,0x2fac,1,code,code:1,,0,
60E15120_N3J1E__vs__60E32000_N3M5E,60E15120_N3J1E,60E32000_N3M5E,0x2fc3,0x2fc4,1,code,code:1,,0,
60E15120_N3J1E__vs__60E32000_N3M5E,60E15120_N3J1E,60E32000_N3M5E,0x2fda,0x2fdc,2,code,code:2,,0,
60E15120_N3J1E__vs__60E32000_N3M5E,60E15120_N3J1E,60E32000_N3M5E,0x2ff3,0x2ff4,1,code,code:1,,0,
60E15120_N3J1E__vs__60E32000_N3M5E,60E15120_N3J1E,60E32000_N3M5E,0x300b,0x300c,1,code,code:1,,0,
60E15120_N3J1E__vs__60E32000_N3M5E,60E15120_N3J1E,60E32000_N3M5E,0x3023,0x3024,1,code,code:1,,0,
60E15120_N3J1E__vs__60E32000_N3M5E,60E15120_N3J1E,60E32000_N3M5E,0x303b,0x303c,1,code,code:1,,0,
60E15120_N3J1E__vs__60E32000_N3M5E,60E15120_N3J1E,60E32000_N3M5E,0x3052,0x3054,2,code,code:2,,0,
60E15120_N3J1E__vs__60E32000_N3M5E,60E15120_N3J1E,60E32000_N3M5E,0x306b,0x306c,1,code,code:1,,0,
60E15120_N3J1E__vs__60E32000_N3M5E,60E15120_N3J1E,60E32000_N3M5E,0x3083,0x3084,1,code,code:1,,0,
60E15120_N3J1E__vs__60E32000_N3M5E,60E15120_N3J1E,60E32000_N3M5E,0x309b,0x309c,1,code,code:1,,0,
60E15120_N3J1E__vs__60E32000_N3M5E,60E15120_N3J1E,60E32000_N3M5E,0x30b3,0x30b4,1,code,code:1,,0,
60E15120_N3J1E__vs__60E32000_N3M5E,60E15120_N3J1E,60E32000_N3M5E,0x30cb,0x30cc,1,code,code:1,,0,
60E15120_N3J1E__vs__60E32000_N3M5E,60E15120_N3J1E,60E32000_N3M5E,0x30e3,0x30e4,1,code,code:1,,0,
60E15120_N3J1E__vs__60E32000_N3M5E,60E15120_N3J1E,60E32000_N3M5E,0x30fb,0x30fc,1,code,code:1,,0,
60E15120_N3J1E__vs__60E32000_N3M5E,60E15120_N3J1E,60E32000_N3M5E,0x3113,0x3114,1,code,code:1,,0,
60E15120_N3J1E__vs__60E32000_N3M5E,60E15120_N3J1E,60E32000_N3M5E,0x312b,0x312c,1,code,code:1,,0,
60E15120_N3J1E__vs__60E32000_N3M5E,60E15120_N3J1E,60E32000_N3M5E,0x3143,0x3144,1,code,code:1,,0,
60E15120_N3J1E__vs__60E32000_N3M5E,60E15120_N3J1E,60E32000_N3M5E,0x315b,0x315c,1,code,code:1,,0,
60E15120_N3J1E__vs__60E32000_N3M5E,60E15120_N3J1E,60E32000_N3M5E,0x3173,0x3174,1,code,code:1,,0,
60E15120_N3J1E__vs__60E32000_N3M5E,60E15120_N3J1E,60E32000_N3M5E,0x318b,0x318c,1,code,code:1,,0,
60E15120_N3J1E__vs__60E32000_N3M5E,60E15120_N3J1E,60E32000_N3M5E,0x31a3,0x31a4,1,code,code:1,,0,
60E15120_N3J1E__vs__60E32000_N3M5E,60E15120_N3J1E,60E32000_N3M5E,0x31bb,0x31bc,1,code,code:1,,0,
60E15120_N3J1E__vs__60E32000_N3M5E,60E15120_N3J1E,60E32000_N3M5E,0x31d3,0x31d4,1,code,code:1,,0,
60E15120_N3J1E__vs__60E32000_N3M5E,60E15120_N3J1E,60E32000_N3M5E,0x31ea,0x31ec,2,code,code:2,,0,
60E15120_N3J1E__vs__60E32000_N3M5E,60E15120_N3J1E,60E32000_N3M5E,0x3203,0x3204,1,code,code:1,,0,
60E15120_N3J1E__vs__60E32000_N3M5E,60E15120_N3J1E,60E32000_N3M5E,0x321a,0x321c,2,code,code:2,,0,
60E15120_N3J1E__vs__60E32000_N3M5E,60E15120_N3J1E,60E32000_N3M5E,0x3233,0x3234,1,code,code:1,,0,
60E15120_N3J1E__vs__60E32000_N3M5E,60E15120_N3J1E,60E32000_N3M5E,0x327a,0x327c,2,code,code:2,,0,
60E15120_N3J1E__vs__60E32000_N3M5E,60E15120_N3J1E,60E32000_N3M5E,0x32ee,0x32f0,2,code,code:2,,0,
60E15120_N3J1E__vs__60E32000_N3M5E,60E15120_N3J1E,60E32000_N3M5E,0x338a,0x338c,2,code,code:2,,0,
60E15120_N3J1E__vs__60E32000_N3M5E,60E15120_N3J1E,60E32000_N3M5E,0x33b6,0x33b8,2,code,code:2,,0,
60E15120_N3J1E__vs__60E32000_N3M5E,60E15120_N3J1E,60E32000_N3M5E,0x347a,0x3490,22,code,code:22,,0,
60E15120_N3J1E__vs__60E32000_N3M5E,60E15120_N3J1E,60E32000_N3M5E,0x3572,0x3578,6,code,code:6,,0,
60E15120_N3J1E__vs__60E32000_N3M5E,60E15120_N3J1E,60E32000_N3M5E,0x3676,0x3678,2,code,code:2,,0,
60E15120_N3J1E__vs__60E32000_N3M5E,60E15120_N3J1E,60E32000_N3M5E,0x36a2,0x36a4,2,code,code:2,,0,
60E15120_N3J1E__vs__60E32000_N3M5E,60E15120_N3J1E,60E32000_N3M5E,0x375a,0x375c,2,code,code:2,,0,
60E15120_N3J1E__vs__60E32000_N3M5E,60E15120_N3J1E,60E32000_N3M5E,0x3902,0x3904,2,code,code:2,,0,
60E15120_N3J1E__vs__60E32000_N3M5E,60E15120_N3J1E,60E32000_N3M5E,0x394e,0x3950,2,code,code:2,,0,
60E15120_N3J1E__vs__60E32000_N3M5E,60E15120_N3J1E,60E32000_N3M5E,0x3962,0x3964,2,code,code:2,,0,
60E15120_N3J1E__vs__60E32000_N3M5E,60E15120_N3J1E,60E32000_N3M5E,0x3aae,0x3ab4,6,code,code:6,,0,
60E15120_N3J1E__vs__60E32000_N3M5E,60E15120_N3J1E,60E32000_N3M5E,0x3ad6,0x3ad8,2,code,code:2,,0,
60E15120_N3J1E__vs__60E32000_N3M5E,60E15120_N3J1E,60E32000_N3M5E,0x3b22,0x3b28,6,code,code:6,,0,
60E15120_N3J1E__vs__60E32000_N3M5E,60E15120_N3J1E,60E32000_N3M5E,0x3d46,0x3d48,2,code,code:2,,0,
60E15120_N3J1E__vs__60E32000_N3M5E,60E15120_N3J1E,60E32000_N3M5E,0x3d9a,0x3d9c,2,code,code:2,,0,
60E15120_N3J1E__vs__60E32000_N3M5E,60E15120_N3J1E,60E32000_N3M5E,0x3e02,0x3e04,2,code,code:2,,0,
60E15120_N3J1E__vs__60E32000_N3M5E,60E15120_N3J1E,60E32000_N3M5E,0x3e82,0x3e84,2,code,code:2,,0,
60E15120_N3J1E__vs__60E32000_N3M5E,60E15120_N3J1E,60E32000_N3M5E,0x3f9a,0x3f9c,2,code,code:2,,0,
60E15120_N3J1E__vs__60E32000_N3M5E,60E15120_N3J1E,60E32000_N3M5E,0x3fa6,0x3fa8,2,code,code:2,,0,
60E15120_N3J1E__vs__60E32000_N3M5E,60E15120_N3J1E,60E32000_N3M5E,0x3fe6,0x3fe8,2,code,code:2,,0,
60E15120_N3J1E__vs__60E32000_N3M5E,60E15120_N3J1E,60E32000_N3M5E,0x4096,0x4098,2,code,code:2,,0,
60E15120_N3J1E__vs__60E32000_N3M5E,60E15120_N3J1E,60E32000_N3M5E,0x413e,0x4140,2,code,code:2,,0,
60E15120_N3J1E__vs__60E32000_N3M5E,60E15120_N3J1E,60E32000_N3M5E,0x4206,0x4208,2,code,code:2,,0,
60E15120_N3J1E__vs__60E32000_N3M5E,60E15120_N3J1E,60E32000_N3M5E,0x473e,0x4740,2,code,code:2,,0,
60E15120_N3J1E__vs__60E32000_N3M5E,60E15120_N3J1E,60E32000_N3M5E,0x493a,0x493c,2,code,code:2,,0,
60E15120_N3J1E__vs__60E32000_N3M5E,60E15120_N3J1E,60E32000_N3M5E,0x4996,0x499c,6,code,code:6,,0,
60E15120_N3J1E__vs__60E32000_N3M5E,60E15120_N3J1E,60E32000_N3M5E,0x49a6,0x49ad,7,code,code:7,,0,
60E15120_N3J1E__vs__60E32000_N3M5E,60E15120_N3J1E,60E32000_N3M5E,0x49b6,0x49bd,7,code,code:7,,0,
60E15120_N3J1E__vs__60E32000_N3M5E,60E15120_N3J1E,60E32000_N3M5E,0x49c6,0x49cd,7,code,code:7,,0,
60E15120_N3J1E__vs__60E32000_N3M5E,60E15120_N3J1E,60E32000_N3M5E,0x49d6,0x49dd,7,code,code:7,,0,
60E15120_N3J1E__vs__60E32000_N3M5E,60E15120_N3J1E,60E32000_N3M5E,0x49e6,0x49ec,6,code,code:6,,0,
60E15120_N3J1E__vs__60E32000_N3M5E,60E15120_N3J1E,60E32000_N3M5E,0x49f6,0x49fc,6,code,code:6,,0,
60E15120_N3J1E__vs__60E32000_N3M5E,60E15120_N3J1E,60E32000_N3M5E,0x4a06,0x4a0c,6,code,code:6,,0,
60E15120_N3J1E__vs__60E32000_N3M5E,60E15120_N3J1E,60E32000_N3M5E,0x4a16,0x4a1c,6,code,code:6,,0,
60E15120_N3J1E__vs__60E32000_N3M5E,60E15120_N3J1E,60E32000_N3M5E,0x4a26,0x4a2c,6,code,code:6,,0,
60E15120_N3J1E__vs__60E32000_N3M5E,60E15120_N3J1E,60E32000_N3M5E,0x4a36,0x4a3c,6,code,code:6,,0,
60E15120_N3J1E__vs__60E32000_N3M5E,60E15120_N3J1E,60E32000_N3M5E,0x4a46,0x4a4c,6,code,code:6,,0,
60E15120_N3J1E__vs__60E32000_N3M5E,60E15120_N3J1E,60E32000_N3M5E,0x4a56,0x4a5c,6,code,code:6,,0,
60E15120_N3J1E__vs__60E32000_N3M5E,60E15120_N3J1E,60E32000_N3M5E,0x4a66,0x4a6c,6,code,code:6,,0,
60E15120_N3J1E__vs__60E32000_N3M5E,60E15120_N3J1E,60E32000_N3M5E,0x4a76,0x4a7c,6,code,code:6,,0,
60E15120_N3J1E__vs__60E32000_N3M5E,60E15120_N3J1E,60E32000_N3M5E,0x4a86,0x4a8c,6,code,code:6,,0,
60E15120_N3J1E__vs__60E32000_N3M5E,60E15120_N3J1E,60E32000_N3M5E,0x4a96,0x4a9c,6,code,code:6,,0,
60E15120_N3J1E__vs__60E32000_N3M5E,60E15120_N3J1E,60E32000_N3M5E,0x4aa6,0x4aac,6,code,code:6,,0,
60E15120_N3J1E__vs__60E32000_N3M5E,60E15120_N3J1E,60E32000_N3M5E,0x4ab6,0x4abc,6,code,code:6,,0,
60E15120_N3J1E__vs__60E32000_N3M5E,60E15120_N3J1E,60E32000_N3M5E,0x4aca,0x4aec,34,code,code:34,,0,
60E15120_N3J1E__vs__60E32000_N3M5E,60E15120_N3J1E,60E32000_N3M5E,0x4b0e,0x4b10,2,code,code:2,,0,
60E15120_N3J1E__vs__60E32000_N3M5E,60E15120_N3J1E,60E32000_N3M5E,0x4c87,0x52b8,1585,code,code:1585,,0,
60E15120_N3J1E__vs__60E32000_N3M5E,60E15120_N3J1E,60E32000_N3M5E,0x52c3,0x52c4,1,code,code:1,,0,
60E15120_N3J1E__vs__60E32000_N3M5E,60E15120_N3J1E,60E32000_N3M5E,0x52cc,0x8214,12104,code,code:12104,,0,
60E15120_N3J1E__vs__60E32000_N3M5E,60E15120_N3J1E,60E32000_N3M5E,0x8224,0x829a,118,code,code:118,,0,
60E15120_N3J1E__vs__60E32000_N3M5E,60E15120_N3J1E,60E32000_N3M5E,0x82aa,0x12e13,43881,code,code:43881,,0,
60E15120_N3J1E__vs__60E32000_N3M5E,60E15120_N3J1E,60E32000_N3M5E,0x12e1b,0x36ac4,146601,code,code:146601,,0,
60E15120_N3J1E__vs__60E32000_N3M5E,60E15120_N3J1E,60E32000_N3M5E,0x36ad2,0x5900c,140602,code,code:140602,,0,
60E15120_N3J1E__vs__60E32000_N3M5E,60E15120_N3J1E,60E32000_N3M5E,0x5901a,0x71f1a,102144,code,code:78422 cal_data:20383 padding:2960 cal_table:379,,379,Barometric Pressure Sensor Max ADC Count; Barometric Pressure Sensor Min ADC Count; CLT Sensor Scaling; Cold Rev Limit; Cold Rev Limit Threshold; Fuelling - Safe Mode; Fuelling 0; Fuelling 1; ...
60E15120_N3J1E__vs__60E32000_N3M5E,60E15120_N3J1E,60E32000_N3M5E,0x71f24,0x74826,10498,cal_data,cal_data:10323 cal_table:175,,175,Accel Pedal to Throttle Position #1; Accel Pedal to Throttle Position #2; Fuelling 10 - Safe Mode; Fuelling 11; Fuelling 12; Fuelling 13 - Safe Mode; Fuelling 14 - Safe mode; Fuelling 15; ...
60E15120_N3J1E__vs__60E32000_N3M5E,60E15120_N3J1E,60E32000_N3M5E,0x74834,0x778f8,12484,cal_data,cal_data:12353 cal_table:131,,131,Accel Pedal to Throttle Position #3; Accel Pedal to Throttle Position #4; Table 2D - 144_; Table 2D - 145_; Table 2D - 146_; Table 2D - 147_; Table 2D - 148_; Table 2D - 149_; ...
60E15120_N3J1E__vs__60E32000_N3M5E,60E15120_N3J1E,60E32000_N3M5E,0x77934,0x7cb5b,21031,cal_data,cal_data:20598 cal_table:433,,433,AirFlow Inj Angle Related; Airflow Or Load Related; Auxillary Valve Close; Barometric Pressure Sensor Max Voltage; Barometric Pressure Sensor Min Voltage; Barometric Pressure Sensor Offset; Barometric Pressure Sensor Slope; Engine Load Compensation; ...
60E15120_N3J1E__vs__60E32000_N3M5E,60E15120_N3J1E,60E32000_N3M5E,0x7cb68,0x7d39e,2102,cal_data,cal_data:2057 cal_table:45,,45,Table 2D - 235_; Table 2D - 236_; Table 2D - 237_; Table 2D - 238_; Table 2D - 239_; Table 2D - 366 Check DataType; Table 2D - 391 Check DataType; Table 2D - 392 Check DataType; ...
60E15120_N3J1E__vs__60E32000_N3M5E,60E15120_N3J1E,60E32000_N3M5E,0x7d3b0,0x7d44e,158,cal_data,cal_data:152 cal_table:6,,6,Table 2D - 240_; Table 2D - 241_; Table 2D - 242_; Y; Y; Y
60E15120_N3J1E__vs__60E32000_N3M5E,60E15120_N3J1E,60E32000_N3M5E,0x7d45c,0x7d496,58,cal_data,cal_data:56 cal_table:2,,2,Table 2D - 243_; Y
60E15120_N3J1E__vs__60E32000_N3M5E,60E15120_N3J1E,60E32000_N3M5E,0x7d4ac,0x7d4de,50,cal_data,cal_data:48 cal_table:2,,2,Table 2D - 368 Check DataType; Y
60E15120_N3J1E__vs__60E32000_N3M5E,60E15120_N3J1E,60E32000_N3M5E,0x7d4f8,0x7e371,3705,tail,tail:2162 cal_data:1512 cal_table:31,,31,Table 2D - 244_; Table 2D - 245_; Table 2D - 246_; Table 2D - 247_; Table 2D - 248_; Table 2D - 249_; Table 2D - 250_; Table 2D - 251_; ...
60E15120_N3J1E__vs__60E32000_N3M5E,60E15120_N3J1E,60E32000_N3M5E,0x7e3a4,0x7e3a6,2,tail,tail:2,,0,
60E15120_N3J1E__vs__60E32000_N3M5E,60E15120_N3J1E,60E32000_N3M5E,0x7e3af,0x7e755,934,tail,tail:934,,0,
60E15120_N3J1E__vs__60E32000_N3M5E,60E15120_N3J1E,60E32000_N3M5E,0x7e775,0x7ea2d,696,tail,tail:696,,0,
60E15120_N3J1E__vs__60E32000_N3M5E,60E15120_N3J1E,60E32000_N3M5E,0x7ea38,0x7ea41,9,tail,tail:9,,0,
60E15120_N3J1E__vs__60E32000_N3M5E,60E15120_N3J1E,60E32000_N3M5E,0x7ea50,0x7ec63,531,tail,tail:531,,0,
60E15120_N3J1E__vs__60E32000_N3M5E,60E15120_N3J1E,60E32000_N3M5E,0x7ec72,0x7fa0c,3482,tail,tail:3482,,0,
60E15120_N3J1E__vs__60E32000_N3M5E,60E15120_N3J1E,60E32000_N3M5E,0x7fb01,0x7fb04,3,tail,tail:3,,0,
60E15120_N3J1E__vs__60E32000_N3M5E,60E15120_N3J1E,60E32000_N3M5E,0x7fb88,0x7fb8c,4,tail,tail:4,,0,
60E15120_N3J1E__vs__60E32000_N3M5E,60E15120_N3J1E,60E32000_N3M5E,0x7fc53,0x7fd50,253,tail,tail:253,,0,
60E15120_N3J1E__vs__60E32000_N3M5E,60E15120_N3J1E,60E32000_N3M5E,0x7fd77,0x7fdd0,89,tail,tail:89,,0,
60E15120_N3J1E__vs__60E32000_N3M5E,60E15120_N3J1E,60E32000_N3M5E,0x7fdf7,0x7fe00,9,tail,tail:9,,0,
60E15120_N3J1E__vs__60E32000_N3M5E,60E15120_N3J1E,60E32000_N3M5E,0x7fe27,0x7fe30,9,tail,tail:9,,0,
60E15120_N3J1E__vs__60E32000_N3M5E,60E15120_N3J1E,60E32000_N3M5E,0x7fe47,0x7fe50,9,tail,tail:9,,0,
60E15120_N3J1E__vs__60E32000_N3M5E,60E15120_N3J1E,60E32000_N3M5E,0x7fe67,0x7fe70,9,tail,tail:9,,0,
60E15120_N3J1E__vs__60E32000_N3M5E,60E15120_N3J1E,60E32000_N3M5E,0x7fe87,0x7fe90,9,tail,tail:9,,0,
60E15120_N3J1E__vs__60E32000_N3M5E,60E15120_N3J1E,60E32000_N3M5E,0x7ff07,0x7ff3c,53,tail,tail:53,,0,
60E15120_N3J1E__vs__60E32000_N3M5E,60E15120_N3J1E,60E32000_N3M5E,0x7ff47,0x7ff70,41,tail,tail:41,,0,
60E15120_N3J1E__vs__60E32000_N3M5E,60E15120_N3J1E,60E32000_N3M5E,0x7ffd7,0x7ffe0,9,tail,tail:9,,0,
60E15120_N3J1E__vs__60E32000_N3M5E,60E15120_N3J1E,60E32000_N3M5E,0x7fff4,0x7fffc,8,tail,tail:8,,0,
60E1B900__vs__60E1C500_N3J6EB,60E1B900,60E1C500_N3J6EB,0xffb,0xffe,3,header,header:3,,0,
60E1B900__vs__60E1C500_N3J6EB,60E1B900,60E1C500_N3J6EB,0x2004,0x2006,2,code,code:2,,0,
60E1B900__vs__60E1C500_N3J6EB,60E1B900,60E1C500_N3J6EB,0x2021,0x2023,2,code,code:2,,0,
60E1B900__vs__60E1C500_N3J6EB,60E1B900,60E1C500_N3J6EB,0x535a,0x535b,1,code,code:1,,0,
60E1B900__vs__60E1C500_N3J6EB,60E1B900,60E1C500_N3J6EB,0x62b3,0x62b4,1,code,code:1,,0,
60E1B900__vs__60E1C500_N3J6EB,60E1B900,60E1C500_N3J6EB,0x63fb,0x6408,13,code,code:13,,0,
60E1B900__vs__60E1C500_N3J6EB,60E1B900,60E1C500_N3J6EB,0x6413,0x6414,1,code,code:1,,0,
60E1B900__vs__60E1C500_N3J6EB,60E1B900,60E1C500_N3J6EB,0x654f,0x6550,1,code,code:1,,0,
60E1B900__vs__60E1C500_N3J6EB,60E1B900,60E1C500_N3J6EB,0x657f,0x6580,1,code,code:1,,0,
60E1B900__vs__60E1C500_N3J6EB,60E1B900,60E1C500_N3J6EB,0x6592,0x659c,10,code,code:10,,0,
60E1B900__vs__60E1C500_N3J6EB,60E1B900,60E1C500_N3J6EB,0x65a7,0x65a8,1,code,code:1,,0,
60E1B900__vs__60E1C500_N3J6EB,60E1B900,60E1C500_N3J6EB,0x66df,0x66e0,1,code,code:1,,0,
60E1B900__vs__60E1C500_N3J6EB,60E1B900,60E1C500_N3J6EB,0x66ef,0x66f0,1,code,code:1,,0,
60E1B900__vs__60E1C500_N3J6EB,60E1B900,60E1C500_N3J6EB,0x66ff,0x670c,13,code,code:13,,0,
60E1B900__vs__60E1C500_N3J6EB,60E1B900,60E1C500_N3J6EB,0x671f,0x6728,9,code,code:9,,0,
60E1B900__vs__60E1C500_N3J6EB,60E1B900,60E1C500_N3J6EB,0x6733,0x6748,21,code,code:21,,0,
60E1B900__vs__60E1C500_N3J6EB,60E1B900,60E1C500_N3J6EB,0x675b,0x6768,13,code,code:13,,0,
60E1B900__vs__60E1C500_N3J6EB,60E1B900,60E1C500_N3J6EB,0x732e,0x732f,1,code,code:1,,0,
60E1B900__vs__60E1C500_N3J6EB,60E1B900,60E1C500_N3J6EB,0x733e,0x7340,2,code,code:2,,0,
60E1B900__vs__60E1C500_N3J6EB,60E1B900,60E1C500_N3J6EB,0x734e,0x7353,5,code,code:5,,0,
60E1B900__vs__60E1C500_N3J6EB,60E1B900,60E1C500_N3J6EB,0x73aa,0x73ab,1,code,code:1,,0,
60E1B900__vs__60E1C500_N3J6EB,60E1B900,60E1C500_N3J6EB,0x73b6,0x73b7,1,code,code:1,,0,
60E1B900__vs__60E1C500_N3J6EB,60E1B900,60E1C500_N3J6EB,0x7436,0x7437,1,code,code:1,,0,
60E1B900__vs__60E1C500_N3J6EB,60E1B900,60E1C500_N3J6EB,0x7446,0x7448,2,code,code:2,,0,
60E1B900__vs__60E1C500_N3J6EB,60E1B900,60E1C500_N3J6EB,0x7456,0x745b,5,code,code:5,,0,
60E1B900__vs__60E1C500_N3J6EB,60E1B900,60E1C500_N3J6EB,0x74ba,0x74bc,2,code,code:2,,0,
60E1B900__vs__60E1C500_N3J6EB,60E1B900,60E1C500_N3J6EB,0x74ca,0x74cf,5,code,code:5,,0,
60E1B900__vs__60E1C500_N3J6EB,60E1B900,60E1C500_N3J6EB,0x76ce,0x76cf,1,code,code:1,,0,
60E1B900__vs__60E1C500_N3J6EB,60E1B900,60E1C500_N3J6EB,0x77e6,0x77e7,1,code,code:1,,0,
60E1B900__vs__60E1C500_N3J6EB,60E1B900,60E1C500_N3J6EB,0x7b3e,0x7b40,2,code,code:2,,0,
60E1B900__vs__60E1C500_N3J6EB,60E1B900,60E1C500_N3J6EB,0x7b52,0x7b54,2,code,code:2,,0,
60E1B900__vs__60E1C500_N3J6EB,60E1B900,60E1C500_N3J6EB,0x7c5e,0x7c5f,1,code,code:1,,0,
60E1B900__vs__60E1C500_N3J6EB,60E1B900,60E1C500_N3J6EB,0x7c7a,0x7c7b,1,code,code:1,,0,
60E1B900__vs__60E1C500_N3J6EB,60E1B900,60E1C500_N3J6EB,0x7eae,0x7eaf,1,code,code:1,,0,
60E1B900__vs__60E1C500_N3J6EB,60E1B900,60E1C500_N3J6EB,0x7fae,0x7faf,1,code,code:1,,0,
60E1B900__vs__60E1C500_N3J6EB,60E1B900,60E1C500_N3J6EB,0x8ea2,0x8ea3,1,code,code:1,,0,
60E1B900__vs__60E1C500_N3J6EB,60E1B900,60E1C500_N3J6EB,0x9516,0x9518,2,code,code:2,,0,
60E1B900__vs__60E1C500_N3J6EB,60E1B900,60E1C500_N3J6EB,0x9652,0x9668,22,code,code:22,,0,
60E1B900__vs__60E1C500_N3J6EB,60E1B900,60E1C500_N3J6EB,0x99ba,0x99c4,10,code,code:10,,0,
60E1B900__vs__60E1C500_N3J6EB,60E1B900,60E1C500_N3J6EB,0xabca,0xabcc,2,code,code:2,,0,
60E1B900__vs__60E1C500_N3J6EB,60E1B900,60E1C500_N3J6EB,0xacea,0xacf0,6,code,code:6,,0,
60E1B900__vs__60E1C500_N3J6EB,60E1B900,60E1C500_N3J6EB,0xae6a,0xae6c,2,code,code:2,,0,
60E1B900__vs__60E1C500_N3J6EB,60E1B900,60E1C500_N3J6EB,0xaeaa,0xaeac,2,code,code:2,,0,
60E1B900__vs__60E1C500_N3J6EB,60E1B900,60E1C500_N3J6EB,0xaeb6,0xaeb8,2,code,code:2,,0,
60E1B900__vs__60E1C500_N3J6EB,60E1B900,60E1C500_N3J6EB,0xb056,0xb057,1,code,code:1,,0,
60E1B900__vs__60E1C500_N3J6EB,60E1B900,60E1C500_N3J6EB,0xb06a,0xb07b,17,code,code:17,,0,
60E1B900__vs__60E1C500_N3J6EB,60E1B900,60E1C500_N3J6EB,0xb086,0xb0a8,34,code,code:34,,0,
60E1B900__vs__60E1C500_N3J6EB,60E1B900,60E1C500_N3J6EB,0xb0b2,0xb0b4,2,code,code:2,,0,
60E1B900__vs__60E1C500_N3J6EB,60E1B900,60E1C500_N3J6EB,0xb1ee,0xb1ef,1,code,code:1,,0,
60E1B900__vs__60E1C500_N3J6EB,60E1B900,60E1C500_N3J6EB,0xb206,0xb207,1,code,code:1,,0,
60E1B900__vs__60E1C500_N3J6EB,60E1B900,60E1C500_N3J6EB,0xb216,0xb217,1,code,code:1,,0,
60E1B900__vs__60E1C500_N3J6EB,60E1B900,60E1C500_N3J6EB,0xb222,0xb224,2,code,code:2,,0,
60E1B900__vs__60E1C500_N3J6EB,60E1B900,60E1C500_N3J6EB,0xb312,0xb320,14,code,code:14,,0,
60E1B900__vs__60E1C500_N3J6EB,60E1B900,60E1C500_N3J6EB,0xb336,0xb33f,9,code,code:9,,0,
60E1B900__vs__60E1C500_N3J6EB,60E1B900,60E1C500_N3J6EB,0xb34a,0xb34f,5,code,code:5,,0,
60E1B900__vs__60E1C500_N3J6EB,60E1B900,60E1C500_N3J6EB,0xb3e6,0xb3e7,1,code,code:1,,0,
60E1B900__vs__60E1C500_N3J6EB,60E1B900,60E1C500_N3J6EB,0xb3f2,0xb3f3,1,code,code:1,,0,
60E1B900__vs__60E1C500_N3J6EB,60E1B900,60E1C500_N3J6EB,0xb69e,0xb6bb,29,code,code:29,,0,
60E1B900__vs__60E1C500_N3J6EB,60E1B900,60E1C500_N3J6EB,0xb83a,0xb83c,2,code,code:2,,0,
60E1B900__vs__60E1C500_N3J6EB,60E1B900,60E1C500_N3J6EB,0xc49a,0xc4ac,18,code,code:18,,0,
60E1B900__vs__60E1C500_N3J6EB,60E1B900,60E1C500_N3J6EB,0xc4ba,0xc4bc,2,code,code:2,,0,
60E1B900__vs__60E1C500_N3J6EB,60E1B900,60E1C500_N3J6EB,0xc4da,0xc4dc,2,code,code:2,,0,
60E1B900__vs__60E1C500_N3J6EB,60E1B900,60E1C500_N3J6EB,0xc502,0xc507,5,code,code:5,,0,
60E1B900__vs__60E1C500_N3J6EB,60E1B900,60E1C500_N3J6EB,0xc622,0xc630,14,code,code:14,,0,
60E1B900__vs__60E1C500_N3J6EB,60E1B900,60E1C500_N3J6EB,0xc63e,0xc640,2,code,code:2,,0,
60E1B900__vs__60E1C500_N3J6EB,60E1B900,60E1C500_N3J6EB,0xc8aa,0xc8ac,2,code,code:2,,0,
60E1B900__vs__60E1C500_N3J6EB,60E1B900,60E1C500_N3J6EB,0xc8c6,0xc8c8,2,code,code:2,,0,
60E1B900__vs__60E1C500_N3J6EB,60E1B900,60E1C500_N3J6EB,0xc8f7,0xc8f8,1,code,code:1,,0,
60E1B900__vs__60E1C500_N3J6EB,60E1B900,60E1C500_N3J6EB,0xc90a,0xc924,26,code,code:26,,0,
60E1B900__vs__60E1C500_N3J6EB,60E1B900,60E1C500_N3J6EB,0xc936,0xc938,2,code,code:2,,0,
60E1B900__vs__60E1C500_N3J6EB,60E1B900,60E1C500_N3J6EB,0xca6a,0xca6c,2,code,code:2,,0,
60E1B900__vs__60E1C500_N3J6EB,60E1B900,60E1C500_N3J6EB,0xcbd6,0xcbe4,14,code,code:14,,0,
60E1B900__vs__60E1C500_N3J6EB,60E1B900,60E1C500_N3J6EB,0xd452,0xd453,1,code,code:1,,0,
60E1B900__vs__60E1C500_N3J6EB,60E1B900,60E1C500_N3J6EB,0xd462,0xd468,6,code,code:6,,0,
60E1B900__vs__60E1C500_N3J6EB,60E1B900,60E1C500_N3J6EB,0xd472,0xd477,5,code,code:5,,0,
60E1B900__vs__60E1C500_N3J6EB,60E1B900,60E1C500_N3J6EB,0xdb1e,0xdb20,2,code,code:2,,0,
60E1B900__vs__60E1C500_N3J6EB,60E1B900,60E1C500_N3J6EB,0xdc2b,0xdc44,25,code,code:25,,0,
60E1B900__vs__60E1C500_N3J6EB,60E1B900,60E1C500_N3J6EB,0xdc73,0xdc8c,25,code,code:25,,0,
60E1B900__vs__60E1C500_N3J6EB,60E1B900,60E1C500_N3J6EB,0xdda7,0xddc0,25,code,code:25,,0,
60E1B900__vs__60E1C500_N3J6EB,60E1B900,60E1C500_N3J6EB,0xddcb,0xddf0,37,code,code:37,,0,
60E1B900__vs__60E1C500_N3J6EB,60E1B900,60E1C500_N3J6EB,0xdef5,0xdefc,7,code,code:7,,0,
60E1B900__vs__60E1C500_N3J6EB,60E1B900,60E1C500_N3J6EB,0xdf0a,0xdf58,78,code,code:78,,0,
60E1B900__vs__60E1C500_N3J6EB,60E1B900,60E1C500_N3J6EB,0xe055,0xe058,3,code,code:3,,0,
60E1B900__vs__60E1C500_N3J6EB,60E1B900,60E1C500_N3J6EB,0xe173,0xe1bc,73,code,code:73,,0,
60E1B900__vs__60E1C500_N3J6EB,60E1B900,60E1C500_N3J6EB,0xe1c5,0xe1d0,11,code,code:11,,0,
60E1B900__vs__60E1C500_N3J6EB,60E1B900,60E1C500_N3J6EB,0xe1dd,0x14e36,27737,code,code:27737,,0,
60E1B900__vs__60E1C500_N3J6EB,60E1B900,60E1C500_N3J6EB,0x14e3e,0x1951c,18142,code,code:18142,,0,
60E1B900__vs__60E1C500_N3J6EB,60E1B900,60E1C500_N3J6EB,0x19529,0x1d474,16203,code,code:16203,,0,
60E1B900__vs__60E1C500_N3J6EB,60E1B900,60E1C500_N3J6EB,0x1d487,0x1d48e,7,code,code:7,,0,
60E1B900__vs__60E1C500_N3J6EB,60E1B900,60E1C500_N3J6EB,0x1d49d,0x20602,12645,code,code:12645,,0,
60E1B900__vs__60E1C500_N3J6EB,60E1B900,60E1C500_N3J6EB,0x2060c,0x3768e,94338,code,code:94338,,0,
60E1B900__vs__60E1C500_N3J6EB,60E1B900,60E1C500_N3J6EB,0x37696,0x3e272,27612,code,code:27612,,0,
60E1B900__vs__60E1C500_N3J6EB,60E1B900,60E1C500_N3J6EB,0x3e27a,0x43476,20988,code,code:20988,,0,
60E1B900__vs__60E1C500_N3J6EB,60E1B900,60E1C500_N3J6EB,0x4347e,0x5c03c,101310,code,code:101310,,0,
60E1B900__vs__60E1C500_N3J6EB,60E1B900,60E1C500_N3J6EB,0x5c049,0x6ad84,60731,code,code:60731,,0,
60E1B900__vs__60E1C500_N3J6EB,60E1B900,60E1C500_N3J6EB,0x6c600,0x6c661,97,padding,padding:97,,0,
60E1B900__vs__60E1C500_N3J6EB,60E1B900,60E1C500_N3J6EB,0x6c6e0,0x6da94,5044,cal_data,cal_data:3165 padding:1824 cal_table:55,,55,Barometric Pressure Sensor Max ADC Count; Barometric Pressure Sensor Min ADC Count; Cold Rev Limit; Cold Rev Limit Threshold; Idle Related; Ignition 2; Ignition Leading 0; Ignition Leading 1; ...
60E1B900__vs__60E1C500_N3J6EB,60E1B900,60E1C500_N3J6EB,0x6dab8,0x6daba,2,cal_data,cal_data:2,,0,
60E1B900__vs__60E1C500_N3J6EB,60E1B900,60E1C500_N3J6EB,0x6dac4,0x6e6cc,3080,cal_data,cal_data:3043 cal_table:37,,37,Ignition; Ignition 0 - Safe Mode; Ignition 1; Ignition Leading 4; Ignition Leading 5; Ignition Leading Base; Ignition Minimum Maybe; Table 2D - 10_; ...
60E1B900__vs__60E1C500_N3J6EB,60E1B900,60E1C500_N3J6EB,0x6e6d4,0x71376,11426,cal_data,cal_data:11212 cal_table:214,,214,CLT Sensor Scaling; IAT Sensor Scaling; Idle Target; Idle Target 0; Idle Target 1; Idle Target 2; Idle Target 3; Idle Target 4; ...
60E1B900__vs__60E1C500_N3J6EB,60E1B900,60E1C500_N3J6EB,0x71380,0x785fc,29308,cal_data,cal_data:28862 cal_table:446,,446,Accel Pedal to Throttle Position #1; Accel Pedal to Throttle Position #2; Accel Pedal to Throttle Position #3; Accel Pedal to Throttle Position #4; Estimated Manifold Pressure; Fuelling - Safe Mode; Fuelling 0; Fuelling 1; ...
60E1B900__vs__60E1C500_N3J6EB,60E1B900,60E1C500_N3J6EB,0x78608,0x79ac8,5312,cal_data,cal_data:5195 cal_table:117,,117,Auxillary Valve Close; Engine Load Compensation; Oil Metering By Load; Oil Metering By Throttle; Table 2D - 183_; Table 2D - 184_; Table 2D - 185_; Table 2D - 186_; ...
60E1B900__vs__60E1C500_N3J6EB,60E1B900,60E1C500_N3J6EB,0x79aec,0x7bca4,8632,cal_data,cal_data:8444 cal_table:188,,188,AirFlow Inj Angle Related; Airflow Or Load Related; Barometric Pressure Sensor Max Voltage; Barometric Pressure Sensor Min Voltage; Barometric Pressure Sensor Offset; Barometric Pressure Sensor Slope; Injection Angle; Injection Angle Related AFR Input; ...
60E1B900__vs__60E1C500_N3J6EB,60E1B900,60E1C500_N3J6EB,0x7bcd1,0x7c72d,2652,cal_data,cal_data:2611 cal_table:41,,41,Load Limit A; Load Limit B; Load Limit C; Table 2D - 277_; Table 2D - 279_; Table 2D - 280_; Table 2D - 281_; Table 2D - 282_; ...
60E1B900__vs__60E1C500_N3J6EB,60E1B900,60E1C500_N3J6EB,0x7c73a,0x7cb04,970,cal_data,cal_data:952 cal_table:18,,18,Table 2D - 284_; Table 2D - 285_; Table 2D - 286_; Table 2D - 287_; Table 3D - 100_; Table 3D - 101_; Table 3D - 102_; X; ...
60E1B900__vs__60E1C500_N3J6EB,60E1B900,60E1C500_N3J6EB,0x7cb14,0x7db15,4097,cal_data,cal_data:3986 cal_table:89 tail:22,,89,Ignition Dwell Time_; Table 2D - 235_; Table 2D - 236_; Table 2D - 237_; Table 2D - 238_; Table 2D - 239_; Table 2D - 240_; Table 2D - 241_; ...
60E1B900__vs__60E1C500_N3J6EB,60E1B900,60E1C500_N3J6EB,0x7fb88,0x7fb8c,4,tail,tail:4,,0,
60E1B900__vs__60E1C500_N3J6EB,60E1B900,60E1C500_N3J6EB,0x7fff4,0x7fff8,4,tail,tail:4,,0,
60E1B900__vs__60E1D400,60E1B900,60E1D400,0xffb,0xffe,3,header,header:3,0.0,0,
60E1B900__vs__60E1D400,60E1B900,60E1D400,0x2004,0x2006,2,code,code:2,0.0,0,
60E1B900__vs__60E1D400,60E1B900,60E1D400,0x2021,0x2023,2,code,code:2,0.0,0,
60E1B900__vs__60E1D400,60E1B900,60E1D400,0x535a,0x535b,1,code,code:1,0.0,0,
60E1B900__vs__60E1D400,60E1B900,60E1D400,0x62b3,0x62b4,1,code,code:1,0.0,0,
60E1B900__vs__60E1D400,60E1B900,60E1D400,0x63fb,0x6408,13,code,code:13,0.0,0,
60E1B900__vs__60E1D400,60E1B900,60E1D400,0x6413,0x6414,1,code,code:1,0.0,0,
60E1B900__vs__60E1D400,60E1B900,60E1D400,0x654f,0x6550,1,code,code:1,0.0,0,
60E1B900__vs__60E1D400,60E1B900,60E1D400,0x657f,0x6580,1,code,code:1,0.0,0,
60E1B900__vs__60E1D400,60E1B900,60E1D400,0x6592,0x659c,10,code,code:10,0.0,0,
60E1B900__vs__60E1D400,60E1B900,60E1D400,0x65a7,0x65a8,1,code,code:1,0.0,0,
60E1B900__vs__60E1D400,60E1B900,60E1D400,0x66df,0x66e0,1,code,code:1,0.0,0,
60E1B900__vs__60E1D400,60E1B900,60E1D400,0x66ef,0x66f0,1,code,code:1,0.0,0,
60E1B900__vs__60E1D400,60E1B900,60E1D400,0x66ff,0x670c,13,code,code:13,0.0,0,
60E1B900__vs__60E1D400,60E1B900,60E1D400,0x671f,0x6728,9,code,code:9,0.0,0,
60E1B900__vs__60E1D400,60E1B900,60E1D400,0x6733,0x6748,21,code,code:21,0.0,0,
60E1B900__vs__60E1D400,60E1B900,60E1D400,0x675b,0x6768,13,code,code:13,0.0,0,
60E1B900__vs__60E1D400,60E1B900,60E1D400,0x732e,0x732f,1,code,code:1,0.0,0,
60E1B900__vs__60E1D400,60E1B900,60E1D400,0x733e,0x7340,2,code,code:2,0.0,0,
60E1B900__vs__60E1D400,60E1B900,60E1D400,0x734e,0x7353,5,code,code:5,0.0,0,
60E1B900__vs__60E1D400,60E1B900,60E1D400,0x73aa,0x73ab,1,code,code:1,0.0,0,
60E1B900__vs__60E1D400,60E1B900,60E1D400,0x73b6,0x73b7,1,code,code:1,0.0,0,
60E1B900__vs__60E1D400,60E1B900,60E1D400,0x7436,0x7437,1,code,code:1,0.0,0,
60E1B900__vs__60E1D400,60E1B900,60E1D400,0x7446,0x7448,2,code,code:2,0.0,0,
60E1B900__vs__60E1D400,60E1B900,60E1D400,0x7456,0x745b,5,code,code:5,0.0,0,
60E1B900__vs__60E1D400,60E1B900,60E1D400,0x74ba,0x74bc,2,code,code:2,0.0,0,
60E1B900__vs__60E1D400,60E1B900,60E1D400,0x74ca,0x74cf,5,code,code:5,0.0,0,
60E1B900__vs__60E1D400,60E1B900,60E1D400,0x76ce,0x76cf,1,code,code:1,0.0,0,
60E1B900__vs__60E1D400,60E1B900,60E1D400,0x77e6,0x77e7,1,code,code:1,0.0,0,
60E1B900__vs__60E1D400,60E1B900,60E1D400,0x7b3e,0x7b40,2,code,code:2,0.0,0,
60E1B900__vs__60E1D400,60E1B900,60E1D400,0x7b52,0x7b54,2,code,code:2,0.0,0,
60E1B900__vs__60E1D400,60E1B900,60E1D400,0x7c5e,0x7c5f,1,code,code:1,0.0,0,
60E1B900__vs__60E1D400,60E1B900,60E1D400,0x7c7a,0x7c7b,1,code,code:1,0.0,0,
60E1B900__vs__60E1D400,60E1B900,60E1D400,0x7eae,0x7eaf,1,code,code:1,0.0,0,
60E1B900__vs__60E1D400,60E1B900,60E1D400,0x7fae,0x7faf,1,code,code:1,0.0,0,
60E1B900__vs__60E1D400,60E1B900,60E1D400,0x8ea2,0x8ea3,1,code,code:1,0.0,0,
60E1B900__vs__60E1D400,60E1B900,60E1D400,0x9516,0x9518,2,code,code:2,0.0,0,
60E1B900__vs__60E1D400,60E1B900,60E1D400,0x9652,0x9668,22,code,code:22,0.0,0,
60E1B900__vs__60E1D400,60E1B900,60E1D400,0x99ba,0x99c4,10,code,code:10,0.0,0,
60E1B900__vs__60E1D400,60E1B900,60E1D400,0xabca,0xabcc,2,code,code:2,0.0,0,
60E1B900__vs__60E1D400,60E1B900,60E1D400,0xacea,0xacf0,6,code,code:6,0.0,0,
60E1B900__vs__60E1D400,60E1B900,60E1D400,0xae6a,0xae6c,2,code,code:2,0.0,0,
60E1B900__vs__60E1D400,60E1B900,60E1D400,0xaeaa,0xaeac,2,code,code:2,0.0,0,
60E1B900__vs__60E1D400,60E1B900,60E1D400,0xaeb6,0xaeb8,2,code,code:2,0.0,0,
60E1B900__vs__60E1D400,60E1B900,60E1D400,0xb056,0xb057,1,code,code:1,0.0,0,
60E1B900__vs__60E1D400,60E1B900,60E1D400,0xb06a,0xb07b,17,code,code:17,0.0,0,
60E1B900__vs__60E1D400,60E1B900,60E1D400,0xb086,0xb0a8,34,code,code:34,0.0,0,
60E1B900__vs__60E1D400,60E1B900,60E1D400,0xb0b2,0xb0b4,2,code,code:2,0.0,0,
60E1B900__vs__60E1D400,60E1B900,60E1D400,0xb1ee,0xb1ef,1,code,code:1,0.0,0,
60E1B900__vs__60E1D400,60E1B900,60E1D400,0xb206,0xb207,1,code,code:1,0.0,0,
60E1B900__vs__60E1D400,60E1B900,60E1D400,0xb216,0xb217,1,code,code:1,0.0,0,
60E1B900__vs__60E1D400,60E1B900,60E1D400,0xb222,0xb224,2,code,code:2,0.0,0,
60E1B900__vs__60E1D400,60E1B900,60E1D400,0xb312,0xb320,14,code,code:14,0.0,0,
60E1B900__vs__60E1D400,60E1B900,60E1D400,0xb336,0xb33f,9,code,code:9,0.0,0,
60E1B900__vs__60E1D400,60E1B900,60E1D400,0xb34a,0xb34f,5,code,code:5,0.0,0,
60E1B900__vs__60E1D400,60E1B900,60E1D400,0xb3e6,0xb3e7,1,code,code:1,0.0,0,
60E1B900__vs__60E1D400,60E1B900,60E1D400,0xb3f2,0xb3f3,1,code,code:1,0.0,0,
60E1B900__vs__60E1D400,60E1B900,60E1D400,0xb69e,0xb6bb,29,code,code:29,0.0,0,
60E1B900__vs__60E1D400,60E1B900,60E1D400,0xb83a,0xb83c,2,code,code:2,0.0,0,
60E1B900__vs__60E1D400,60E1B900,60E1D400,0xc49a,0xc4ac,18,code,code:18,0.0,0,
60E1B900__vs__60E1D400,60E1B900,60E1D400,0xc4ba,0xc4bc,2,code,code:2,0.0,0,
60E1B900__vs__60E1D400,60E1B900,60E1D400,0xc4da,0xc4dc,2,code,code:2,0.0,0,
60E1B900__vs__60E1D400,60E1B900,60E1D400,0xc502,0xc507,5,code,code:5,0.0,0,
60E1B900__vs__60E1D400,60E1B900,60E1D400,0xc622,0xc630,14,code,code:14,0.0,0,
60E1B900__vs__60E1D400,60E1B900,60E1D400,0xc63e,0xc640,2,code,code:2,0.0,0,
60E1B900__vs__60E1D400,60E1B900,60E1D400,0xc8aa,0xc8ac,2,code,code:2,0.0,0,
60E1B900__vs__60E1D400,60E1B900,60E1D400,0xc8c6,0xc8c8,2,code,code:2,0.0,0,
60E1B900__vs__60E1D400,60E1B900,60E1D400,0xc8f7,0xc8f8,1,code,code:1,0.0,0,
60E1B900__vs__60E1D400,60E1B900,60E1D400,0xc90a,0xc924,26,code,code:26,0.0,0,
60E1B900__vs__60E1D400,60E1B900,60E1D400,0xc936,0xc938,2,code,code:2,0.0,0,
60E1B900__vs__60E1D400,60E1B900,60E1D400,0xca6a,0xca6c,2,code,code:2,0.0,0,
60E1B900__vs__60E1D400,60E1B900,60E1D400,0xcbd6,0xcbe4,14,code,code:14,0.0,0,
60E1B900__vs__60E1D400,60E1B900,60E1D400,0xd452,0xd453,1,code,code:1,0.0,0,
60E1B900__vs__60E1D400,60E1B900,60E1D400,0xd462,0xd468,6,code,code:6,0.0,0,
60E1B900__vs__60E1D400,60E1B900,60E1D400,0xd472,0xd477,5,code,code:5,0.0,0,
60E1B900__vs__60E1D400,60E1B900,60E1D400,0xdb1e,0xdb20,2,code,code:2,0.0,0,
60E1B900__vs__60E1D400,60E1B900,60E1D400,0xdc2b,0xdc44,25,code,code:25,0.0,0,
60E1B900__vs__60E1D400,60E1B900,60E1D400,0xdc73,0xdc8c,25,code,code:25,0.0,0,
60E1B900__vs__60E1D400,60E1B900,60E1D400,0xdda7,0xddc0,25,code,code:25,0.0,0,
60E1B900__vs__60E1D400,60E1B900,60E1D400,0xddca,0xddf0,38,code,code:38,0.0,0,
60E1B900__vs__60E1D400,60E1B900,60E1D400,0xdef5,0xdefc,7,code,code:7,0.0,0,
60E1B900__vs__60E1D400,60E1B900,60E1D400,0xdf0a,0xdf58,78,code,code:78,0.0,0,
60E1B900__vs__60E1D400,60E1B900,60E1D400,0xe055,0xe058,3,code,code:3,0.0,0,
60E1B900__vs__60E1D400,60E1B900,60E1D400,0xe172,0xe1bc,74,code,code:74,0.0,0,
60E1B900__vs__60E1D400,60E1B900,60E1D400,0xe1c5,0xe1d0,11,code,code:11,0.0,0,
60E1B900__vs__60E1D400,60E1B900,60E1D400,0xe1dd,0x1252c,17231,code,code:17231,0.017,0,
60E1B900__vs__60E1D400,60E1B900,60E1D400,0x12534,0x1255e,42,code,code:42,0.0,0,
60E1B900__vs__60E1D400,60E1B900,60E1D400,0x12571,0x12572,1,code,code:1,0.0,0,
60E1B900__vs__60E1D400,60E1B900,60E1D400,0x1257b,0x1257c,1,code,code:1,0.0,0,
60E1B900__vs__60E1D400,60E1B900,60E1D400,0x12587,0x1258e,7,code,code:7,0.0,0,
60E1B900__vs__60E1D400,60E1B900,60E1D400,0x12599,0x1259a,1,code,code:1,0.0,0,
60E1B900__vs__60E1D400,60E1B900,60E1D400,0x125a3,0x125a4,1,code,code:1,0.0,0,
60E1B900__vs__60E1D400,60E1B900,60E1D400,0x125b5,0x125cc,23,code,code:23,0.0,0,
60E1B900__vs__60E1D400,60E1B900,60E1D400,0x125da,0x1a984,33706,code,code:33706,0.038,0,
60E1B900__vs__60E1D400,60E1B900,60E1D400,0x1a99d,0x1db00,12643,code,code:12643,0.046,0,
60E1B900__vs__60E1D400,60E1B900,60E1D400,0x1db16,0x2479e,27784,code,code:27784,0.043,0,
60E1B900__vs__60E1D400,60E1B900,60E1D400,0x247a7,0x2554c,3493,code,code:3493,0.014,0,
60E1B900__vs__60E1D400,60E1B900,60E1D400,0x25555,0x25568,19,code,code:19,0.0,0,
60E1B900__vs__60E1D400,60E1B900,60E1D400,0x25573,0x25586,19,code,code:19,0.0,0,
60E1B900__vs__60E1D400,60E1B900,60E1D400,0x25591,0x255a4,19,code,code:19,0.0,0,
60E1B900__vs__60E1D400,60E1B900,60E1D400,0x255af,0x26066,2743,code,code:2743,0.023,0,
60E1B900__vs__60E1D400,60E1B900,60E1D400,0x26070,0x29940,14544,code,code:14544,0.028,0,
60E1B900__vs__60E1D400,60E1B900,60E1D400,0x29948,0x351d0,47240,code,code:47240,0.039,0,
60E1B900__vs__60E1D400,60E1B900,60E1D400,0x351d8,0x4ba12,92218,code,code:92218,0.033,0,
60E1B900__vs__60E1D400,60E1B900,60E1D400,0x4ba1c,0x69eb8,124060,code,code:124060,0.026,0,
60E1B900__vs__60E1D400,60E1B900,60E1D400,0x69ec1,0x69ed1,16,code,code:16,0.0,0,
60E1B900__vs__60E1D400,60E1B900,60E1D400,0x69edd,0x6c270,9107,code,code:9107,0.916,0,
60E1B900__vs__60E1D400,60E1B900,60E1D400,0x6ce00,0x6ce61,97,cal_data,cal_data:97,1.0,0,
60E1B900__vs__60E1D400,60E1B900,60E1D400,0x6cee0,0x6e51a,5690,cal_data,cal_data:5604 cal_table:86,0.214,86,Barometric Pressure Sensor Max ADC Count; Barometric Pressure Sensor Min ADC Count; Cold Rev Limit; Cold Rev Limit Threshold; Idle Related; Ignition; Ignition 0 - Safe Mode; Ignition 1; ...
60E1B900__vs__60E1D400,60E1B900,60E1D400,0x6e528,0x6e562,58,cal_data,cal_data:54 cal_table:4,0.0,4,Table 2D - 13_; Table 2D - 14_; Y; Y
60E1B900__vs__60E1D400,60E1B900,60E1D400,0x6e570,0x6e700,400,cal_data,cal_data:394 cal_table:6,0.048,6,Table 2D - 15_; Table 2D - 16_; Table 2D - 17_; Y; Y; Y
60E1B900__vs__60E1D400,60E1B900,60E1D400,0x6e714,0x70c70,9564,cal_data,cal_data:9369 cal_table:195,0.016,195,CLT Sensor Scaling; IAT Sensor Scaling; Idle Target; Idle Target 0; Idle Target 1; Idle Target 2; Idle Target 3; Idle Target 4; ...
60E1B900__vs__60E1D400,60E1B900,60E1D400,0x70c90,0x70cb0,32,cal_data,cal_data:32,0.0,0,
60E1B900__vs__60E1D400,60E1B900,60E1D400,0x70cbc,0x714a8,2028,cal_data,cal_data:2010 cal_table:18,0.014,18,Table 3D - 108_; Table 3D - 28_; Table 3D - 29_; Table 3D - 30_; Table 3D - 31_; Table 3D - 32_; X; X; ...
60E1B900__vs__60E1D400,60E1B900,60E1D400,0x714b4,0x7210d,3161,cal_data,cal_data:3071 cal_table:90,0.025,90,Fuelling - Safe Mode; Fuelling 0; Fuelling 1; Fuelling 2 - Safe Mode; Fuelling 3; Fuelling 4; Fuelling 5; Fuelling 6; ...
60E1B900__vs__60E1D400,60E1B900,60E1D400,0x7211c,0x72153,55,cal_data,cal_data:54 cal_table:1,0.0,1,Y
60E1B900__vs__60E1D400,60E1B900,60E1D400,0x7215b,0x72161,6,cal_data,cal_data:6,0.0,0,
60E1B900__vs__60E1D400,60E1B900,60E1D400,0x7216c,0x722e8,380,cal_data,cal_data:367 cal_table:13,0.003,13,Fuelling 9 - Safe Mode; Table 2D - 324 Check DataType; Table 2D - 325 Check DataType; Table 2D - 326 Check DataType; Table 2D - 327 Check DataType; Table 2D - 328 Check DataType; X; Y; ...
60E1B900__vs__60E1D400,60E1B900,60E1D400,0x722f0,0x753da,12522,cal_data,cal_data:12358 cal_table:164,0.012,164,Accel Pedal to Throttle Position #1; Accel Pedal to Throttle Position #2; Accel Pedal to Throttle Position #3; Accel Pedal to Throttle Position #4; Fuelling 10 - Safe Mode; Fuelling 11; Fuelling 12; Fuelling 13 - Safe Mode; ...
60E1B900__vs__60E1D400,60E1B900,60E1D400,0x753ea,0x79878,17550,cal_data,cal_data:17283 cal_table:267,0.017,267,Auxillary Valve Close; Engine Load Compensation; Estimated Manifold Pressure; Injector Latency Primary; Injector Latency Secondary; Oil Metering By Load; Oil Metering By Throttle; Primary Injector Size; ...
60E1B900__vs__60E1D400,60E1B900,60E1D400,0x79880,0x7ced2,13906,cal_data,cal_data:13618 cal_table:288,0.029,288,AirFlow Inj Angle Related; Airflow Or Load Related; Barometric Pressure Sensor Max Voltage; Barometric Pressure Sensor Min Voltage; Barometric Pressure Sensor Offset; Barometric Pressure Sensor Slope; Ignition Dwell Time_; Injection Angle; ...
60E1B900__vs__60E1D400,60E1B900,60E1D400,0x7cee8,0x7d016,302,cal_data,cal_data:295 cal_table:7,0.308,7,Table 2D - 398 Check DataType; Table 2D - 399 Check DataType; Table 2D - 400 Check DataType; Table 2D - 401 Check DataType; Y; Y; Y
60E1B900__vs__60E1D400,60E1B900,60E1D400,0x7d028,0x7debf,3735,cal_data,cal_data:2710 tail:960 cal_table:65,0.277,65,Table 2D - 235_; Table 2D - 236_; Table 2D - 237_; Table 2D - 238_; Table 2D - 239_; Table 2D - 240_; Table 2D - 241_; Table 2D - 242_; ...
60E1B900__vs__60E1D400,60E1B900,60E1D400,0x7ded2,0x7e1fa,808,tail,tail:808,1.0,0,
60E1B900__vs__60E1D400,60E1B900,60E1D400,0x7e220,0x7f308,4328,tail,tail:4328,0.937,0,
60E1B900__vs__60E1D400,60E1B900,60E1D400,0x7fb88,0x7fb8c,4,tail,tail:4,0.0,0,
60E1B900__vs__60E1D400,60E1B900,60E1D400,0x7fff4,0x7fff7,3,tail,tail:3,0.0,0,
60E1B900__vs__60E32000_N3M5E,60E1B900,60E32000_N3M5E,0x2003,0x2006,3,code,code:3,,0,
60E1B900__vs__60E32000_N3M5E,60E1B900,60E32000_N3M5E,0x2020,0x2023,3,code,code:3,,0,
60E1B900__vs__60E32000_N3M5E,60E1B900,60E32000_N3M5E,0x49ab,0x49ac,1,code,code:1,,0,
60E1B900__vs__60E32000_N3M5E,60E1B900,60E32000_N3M5E,0x49bb,0x49bc,1,code,code:1,,0,
60E1B900__vs__60E32000_N3M5E,60E1B900,60E32000_N3M5E,0x49cb,0x49cc,1,code,code:1,,0,
60E1B900__vs__60E32000_N3M5E,60E1B900,60E32000_N3M5E,0x49da,0x49dc,2,code,code:2,,0,
60E1B900__vs__60E32000_N3M5E,60E1B900,60E32000_N3M5E,0x4b0f,0x4b10,1,code,code:1,,0,
60E1B900__vs__60E32000_N3M5E,60E1B900,60E32000_N3M5E,0x5359,0x5360,7,code,code:7,,0,
60E1B900__vs__60E32000_N3M5E,60E1B900,60E32000_N3M5E,0x547e,0x5480,2,code,code:2,,0,
60E1B900__vs__60E32000_N3M5E,60E1B900,60E32000_N3M5E,0x548b,0x548c,1,code,code:1,,0,
60E1B900__vs__60E32000_N3M5E,60E1B900,60E32000_N3M5E,0x5ad3,0x5ad4,1,code,code:1,,0,
60E1B900__vs__60E32000_N3M5E,60E1B900,60E32000_N3M5E,0x5bf3,0x5c00,13,code,code:13,,0,
60E1B900__vs__60E32000_N3M5E,60E1B900,60E32000_N3M5E,0x5d7f,0x5d80,1,code,code:1,,0,
60E1B900__vs__60E32000_N3M5E,60E1B900,60E32000_N3M5E,0x5ed3,0x5ed4,1,code,code:1,,0,
60E1B900__vs__60E32000_N3M5E,60E1B900,60E32000_N3M5E,0x5f27,0x5f30,9,code,code:9,,0,
60E1B900__vs__60E32000_N3M5E,60E1B900,60E32000_N3M5E,0x601f,0x6020,1,code,code:1,,0,
60E1B900__vs__60E32000_N3M5E,60E1B900,60E32000_N3M5E,0x602f,0x6030,1,code,code:1,,0,
60E1B900__vs__60E32000_N3M5E,60E1B900,60E32000_N3M5E,0x60df,0x60e0,1,code,code:1,,0,
60E1B900__vs__60E32000_N3M5E,60E1B900,60E32000_N3M5E,0x6237,0x6248,17,code,code:17,,0,
60E1B900__vs__60E32000_N3M5E,60E1B900,60E32000_N3M5E,0x6263,0x6268,5,code,code:5,,0,
60E1B900__vs__60E32000_N3M5E,60E1B900,60E32000_N3M5E,0x6277,0x62b4,61,code,code:61,,0,
60E1B900__vs__60E32000_N3M5E,60E1B900,60E32000_N3M5E,0x63b7,0x63c0,9,code,code:9,,0,
60E1B900__vs__60E32000_N3M5E,60E1B900,60E32000_N3M5E,0x63db,0x6414,57,code,code:57,,0,
60E1B900__vs__60E32000_N3M5E,60E1B900,60E32000_N3M5E,0x653b,0x653c,1,code,code:1,,0,
60E1B900__vs__60E32000_N3M5E,60E1B900,60E32000_N3M5E,0x6547,0x6550,9,code,code:9,,0,
60E1B900__vs__60E32000_N3M5E,60E1B900,60E32000_N3M5E,0x6562,0x6564,2,code,code:2,,0,
60E1B900__vs__60E32000_N3M5E,60E1B900,60E32000_N3M5E,0x6573,0x65a8,53,code,code:53,,0,
60E1B900__vs__60E32000_N3M5E,60E1B900,60E32000_N3M5E,0x66de,0x66f4,22,code,code:22,,0,
60E1B900__vs__60E32000_N3M5E,60E1B900,60E32000_N3M5E,0x66fe,0x6768,106,code,code:106,,0,
60E1B900__vs__60E32000_N3M5E,60E1B900,60E32000_N3M5E,0x6c63,0x6c68,5,code,code:5,,0,
60E1B900__vs__60E32000_N3M5E,60E1B900,60E32000_N3M5E,0x732d,0x732f,2,code,code:2,,0,
60E1B900__vs__60E32000_N3M5E,60E1B900,60E32000_N3M5E,0x733e,0x7340,2,code,code:2,,0,
60E1B900__vs__60E32000_N3M5E,60E1B900,60E32000_N3M5E,0x734d,0x7353,6,code,code:6,,0,
60E1B900__vs__60E32000_N3M5E,60E1B900,60E32000_N3M5E,0x73a9,0x73ab,2,code,code:2,,0,
60E1B900__vs__60E32000_N3M5E,60E1B900,60E32000_N3M5E,0x73b5,0x73b7,2,code,code:2,,0,
60E1B900__vs__60E32000_N3M5E,60E1B900,60E32000_N3M5E,0x7435,0x7437,2,code,code:2,,0,
60E1B900__vs__60E32000_N3M5E,60E1B900,60E32000_N3M5E,0x7446,0x7448,2,code,code:2,,0,
60E1B900__vs__60E32000_N3M5E,60E1B900,60E32000_N3M5E,0x7455,0x745b,6,code,code:6,,0,
60E1B900__vs__60E32000_N3M5E,60E1B900,60E32000_N3M5E,0x74ba,0x74bc,2,code,code:2,,0,
60E1B900__vs__60E32000_N3M5E,60E1B900,60E32000_N3M5E,0x74c9,0x74cf,6,code,code:6,,0,
60E1B900__vs__60E32000_N3M5E,60E1B900,60E32000_N3M5E,0x76cd,0x76dc,15,code,code:15,,0,
60E1B900__vs__60E32000_N3M5E,60E1B900,60E32000_N3M5E,0x77e5,0x77e7,2,code,code:2,,0,
60E1B900__vs__60E32000_N3M5E,60E1B900,60E32000_N3M5E,0x791a,0x791c,2,code,code:2,,0,
60E1B900__vs__60E32000_N3M5E,60E1B900,60E32000_N3M5E,0x792a,0x792c,2,code,code:2,,0,
60E1B900__vs__60E32000_N3M5E,60E1B900,60E32000_N3M5E,0x7b3e,0x7b44,6,code,code:6,,0,
60E1B900__vs__60E32000_N3M5E,60E1B900,60E32000_N3M5E,0x7b52,0x7b54,2,code,code:2,,0,
60E1B900__vs__60E32000_N3M5E,60E1B900,60E32000_N3M5E,0x7c5d,0x7c68,11,code,code:11,,0,
60E1B900__vs__60E32000_N3M5E,60E1B900,60E32000_N3M5E,0x7c79,0x7c7b,2,code,code:2,,0,
60E1B900__vs__60E32000_N3M5E,60E1B900,60E32000_N3M5E,0x7dab,0x7db4,9,code,code:9,,0,
60E1B900__vs__60E32000_N3M5E,60E1B900,60E32000_N3M5E,0x7ead,0x7eaf,2,code,code:2,,0,
60E1B900__vs__60E32000_N3M5E,60E1B900,60E32000_N3M5E,0x7fad,0x7faf,2,code,code:2,,0,
60E1B900__vs__60E32000_N3M5E,60E1B900,60E32000_N3M5E,0x82f1,0x82f2,1,code,code:1,,0,
60E1B900__vs__60E32000_N3M5E,60E1B900,60E32000_N3M5E,0x8315,0x8316,1,code,code:1,,0,
60E1B900__vs__60E32000_N3M5E,60E1B900,60E32000_N3M5E,0x8333,0x8338,5,code,code:5,,0,
60E1B900__vs__60E32000_N3M5E,60E1B900,60E32000_N3M5E,0x8363,0x8364,1,code,code:1,,0,
60E1B900__vs__60E32000_N3M5E,60E1B900,60E32000_N3M5E,0x8379,0x837a,1,code,code:1,,0,
60E1B900__vs__60E32000_N3M5E,60E1B900,60E32000_N3M5E,0x83e9,0x83ea,1,code,code:1,,0,
60E1B900__vs__60E32000_N3M5E,60E1B900,60E32000_N3M5E,0x84b5,0x84be,9,code,code:9,,0,
60E1B900__vs__60E32000_N3M5E,60E1B900,60E32000_N3M5E,0x84c9,0x84ca,1,code,code:1,,0,
60E1B900__vs__60E32000_N3M5E,60E1B900,60E32000_N3M5E,0x84d7,0x84de,7,code,code:7,,0,
60E1B900__vs__60E32000_N3M5E,60E1B900,60E32000_N3M5E,0x84e9,0x84ea,1,code,code:1,,0,
60E1B900__vs__60E32000_N3M5E,60E1B900,60E32000_N3M5E,0x84fb,0x84fc,1,code,code:1,,0,
60E1B900__vs__60E32000_N3M5E,60E1B900,60E32000_N3M5E,0x8509,0x850a,1,code,code:1,,0,
60E1B900__vs__60E32000_N3M5E,60E1B900,60E32000_N3M5E,0x8527,0x8546,31,code,code:31,,0,
60E1B900__vs__60E32000_N3M5E,60E1B900,60E32000_N3M5E,0x8552,0x8560,14,code,code:14,,0,
60E1B900__vs__60E32000_N3M5E,60E1B900,60E32000_N3M5E,0x85ad,0xe9d4,25639,code,code:25639,,0,
60E1B900__vs__60E32000_N3M5E,60E1B900,60E32000_N3M5E,0xe9dd,0x51c94,275127,code,code:275127,,0,
60E1B900__vs__60E32000_N3M5E,60E1B900,60E32000_N3M5E,0x51c9f,0x51ca0,1,code,code:1,,0,
60E1B900__vs__60E32000_N3M5E,60E1B900,60E32000_N3M5E,0x51caa,0x70ff9,127823,code,code:107974 cal_data:16589 padding:2960 cal_table:300,,300,Barometric Pressure Sensor Max ADC Count; Barometric Pressure Sensor Min ADC Count; CLT Sensor Scaling; Cold Rev Limit; Cold Rev Limit Threshold; IAT Sensor Scaling; Idle Related; Idle Target; ...
60E1B900__vs__60E32000_N3M5E,60E1B900,60E32000_N3M5E,0x71001,0x7100d,12,cal_data,cal_data:12,,0,
60E1B900__vs__60E32000_N3M5E,60E1B900,60E32000_N3M5E,0x71015,0x7242c,5143,cal_data,cal_data:5025 cal_table:118,,118,Fuelling - Safe Mode; Fuelling 0; Fuelling 1; Fuelling 10 - Safe Mode; Fuelling 2 - Safe Mode; Fuelling 3; Fuelling 4; Fuelling 5; ...
60E1B900__vs__60E32000_N3M5E,60E1B900,60E32000_N3M5E,0x72434,0x74c9a,10342,cal_data,cal_data:10202 cal_table:140,,140,Accel Pedal to Throttle Position #1; Accel Pedal to Throttle Position #2; Accel Pedal to Throttle Position #3; Fuelling 11; Fuelling 12; Fuelling 13 - Safe Mode; Fuelling 14 - Safe mode; Fuelling 15; ...
60E1B900__vs__60E32000_N3M5E,60E1B900,60E32000_N3M5E,0x74ca4,0x7c717,31347,cal_data,cal_data:30806 cal_table:541,,541,Accel Pedal to Throttle Position #4; AirFlow Inj Angle Related; Airflow Or Load Related; Auxillary Valve Close; Barometric Pressure Sensor Max Voltage; Barometric Pressure Sensor Min Voltage; Barometric Pressure Sensor Offset; Barometric Pressure Sensor Slope; ...
60E1B900__vs__60E32000_N3M5E,60E1B900,60E32000_N3M5E,0x7c722,0x7e3f3,7377,cal_data,cal_data:4976 tail:2292 cal_table:109,,109,Ignition Dwell Time_; Table 2D - 235_; Table 2D - 236_; Table 2D - 237_; Table 2D - 238_; Table 2D - 239_; Table 2D - 240_; Table 2D - 241_; ...
60E1B900__vs__60E32000_N3M5E,60E1B900,60E32000_N3M5E,0x7e3fe,0x7e736,824,tail,tail:824,,0,
60E1B900__vs__60E32000_N3M5E,60E1B900,60E32000_N3M5E,0x7e74c,0x7fa0c,4800,tail,tail:4800,,0,
60E1B900__vs__60E32000_N3M5E,60E1B900,60E32000_N3M5E,0x7fb00,0x7fb08,8,tail,tail:8,,0,
60E1B900__vs__60E32000_N3M5E,60E1B900,60E32000_N3M5E,0x7fb88,0x7fb8c,4,tail,tail:4,,0,
60E1B900__vs__60E32000_N3M5E,60E1B900,60E32000_N3M5E,0x7fff4,0x7fffc,8,tail,tail:8,,0,
60E1C500_N3J6EB__vs__60E1D400,60E1C500_N3J6EB,60E1D400,0x2004,0x2006,2,code,code:2,0.0,0,
60E1C500_N3J6EB__vs__60E1D400,60E1C500_N3J6EB,60E1D400,0x535a,0x535b,1,code,code:1,0.0,0,
60E1C500_N3J6EB__vs__60E1D400,60E1C500_N3J6EB,60E1D400,0x66df,0x66e0,1,code,code:1,0.0,0,
60E1C500_N3J6EB__vs__60E1D400,60E1C500_N3J6EB,60E1D400,0x66ef,0x66f0,1,code,code:1,0.0,0,
60E1C500_N3J6EB__vs__60E1D400,60E1C500_N3J6EB,60E1D400,0x66ff,0x670c,13,code,code:13,0.0,0,
60E1C500_N3J6EB__vs__60E1D400,60E1C500_N3J6EB,60E1D400,0x671f,0x6728,9,code,code:9,0.0,0,
60E1C500_N3J6EB__vs__60E1D400,60E1C500_N3J6EB,60E1D400,0x6733,0x6748,21,code,code:21,0.0,0,
60E1C500_N3J6EB__vs__60E1D400,60E1C500_N3J6EB,60E1D400,0x675b,0x6768,13,code,code:13,0.0,0,
60E1C500_N3J6EB__vs__60E1D400,60E1C500_N3J6EB,60E1D400,0x732e,0x732f,1,code,code:1,0.0,0,
60E1C500_N3J6EB__vs__60E1D400,60E1C500_N3J6EB,60E1D400,0x733e,0x733f,1,code,code:1,0.0,0,
60E1C500_N3J6EB__vs__60E1D400,60E1C500_N3J6EB,60E1D400,0x734e,0x7353,5,code,code:5,0.0,0,
60E1C500_N3J6EB__vs__60E1D400,60E1C500_N3J6EB,60E1D400,0x73aa,0x73ab,1,code,code:1,0.0,0,
60E1C500_N3J6EB__vs__60E1D400,60E1C500_N3J6EB,60E1D400,0x73b6,0x73b7,1,code,code:1,0.0,0,
60E1C500_N3J6EB__vs__60E1D400,60E1C500_N3J6EB,60E1D400,0x7436,0x7437,1,code,code:1,0.0,0,
60E1C500_N3J6EB__vs__60E1D400,60E1C500_N3J6EB,60E1D400,0x7446,0x7447,1,code,code:1,0.0,0,
60E1C500_N3J6EB__vs__60E1D400,60E1C500_N3J6EB,60E1D400,0x7456,0x745b,5,code,code:5,0.0,0,
60E1C500_N3J6EB__vs__60E1D400,60E1C500_N3J6EB,60E1D400,0x74ba,0x74bb,1,code,code:1,0.0,0,
60E1C500_N3J6EB__vs__60E1D400,60E1C500_N3J6EB,60E1D400,0x74ca,0x74cf,5,code,code:5,0.0,0,
60E1C500_N3J6EB__vs__60E1D400,60E1C500_N3J6EB,60E1D400,0x76ce,0x76cf,1,code,code:1,0.0,0,
60E1C500_N3J6EB__vs__60E1D400,60E1C500_N3J6EB,60E1D400,0x77e6,0x77e7,1,code,code:1,0.0,0,
60E1C500_N3J6EB__vs__60E1D400,60E1C500_N3J6EB,60E1D400,0x7b3e,0x7b40,2,code,code:2,0.0,0,
60E1C500_N3J6EB__vs__60E1D400,60E1C500_N3J6EB,60E1D400,0x7b52,0x7b54,2,code,code:2,0.0,0,
60E1C500_N3J6EB__vs__60E1D400,60E1C500_N3J6EB,60E1D400,0x7c5e,0x7c5f,1,code,code:1,0.0,0,
60E1C500_N3J6EB__vs__60E1D400,60E1C500_N3J6EB,60E1D400,0x7c7a,0x7c7b,1,code,code:1,0.0,0,
60E1C500_N3J6EB__vs__60E1D400,60E1C500_N3J6EB,60E1D400,0x7eae,0x7eaf,1,code,code:1,0.0,0,
60E1C500_N3J6EB__vs__60E1D400,60E1C500_N3J6EB,60E1D400,0x7fae,0x7faf,1,code,code:1,0.0,0,
60E1C500_N3J6EB__vs__60E1D400,60E1C500_N3J6EB,60E1D400,0x8ea2,0x8ea3,1,code,code:1,0.0,0,
60E1C500_N3J6EB__vs__60E1D400,60E1C500_N3J6EB,60E1D400,0x9516,0x9518,2,code,code:2,0.0,0,
60E1C500_N3J6EB__vs__60E1D400,60E1C500_N3J6EB,60E1D400,0x9652,0x9668,22,code,code:22,0.0,0,
60E1C500_N3J6EB__vs__60E1D400,60E1C500_N3J6EB,60E1D400,0x99ba,0x99c4,10,code,code:10,0.0,0,
60E1C500_N3J6EB__vs__60E1D400,60E1C500_N3J6EB,60E1D400,0xabca,0xabcc,2,code,code:2,0.0,0,
60E1C500_N3J6EB__vs__60E1D400,60E1C500_N3J6EB,60E1D400,0xacea,0xacf0,6,code,code:6,0.0,0,
60E1C500_N3J6EB__vs__60E1D400,60E1C500_N3J6EB,60E1D400,0xae6a,0xae6c,2,code,code:2,0.0,0,
60E1C500_N3J6EB__vs__60E1D400,60E1C500_N3J6EB,60E1D400,0xaeaa,0xaeac,2,code,code:2,0.0,0,
60E1C500_N3J6EB__vs__60E1D400,60E1C500_N3J6EB,60E1D400,0xaeb6,0xaeb8,2,code,code:2,0.0,0,
60E1C500_N3J6EB__vs__60E1D400,60E1C500_N3J6EB,60E1D400,0xb056,0xb057,1,code,code:1,0.0,0,
60E1C500_N3J6EB__vs__60E1D400,60E1C500_N3J6EB,60E1D400,0xb06a,0xb07b,17,code,code:17,0.0,0,
60E1C500_N3J6EB__vs__60E1D400,60E1C500_N3J6EB,60E1D400,0xb086,0xb0a8,34,code,code:34,0.0,0,
60E1C500_N3J6EB__vs__60E1D400,60E1C500_N3J6EB,60E1D400,0xb0b2,0xb0b3,1,code,code:1,0.0,0,
60E1C500_N3J6EB__vs__60E1D400,60E1C500_N3J6EB,60E1D400,0xb1ee,0xb1ef,1,code,code:1,0.0,0,
60E1C500_N3J6EB__vs__60E1D400,60E1C500_N3J6EB,60E1D400,0xb206,0xb207,1,code,code:1,0.0,0,
60E1C500_N3J6EB__vs__60E1D400,60E1C500_N3J6EB,60E1D400,0xb216,0xb217,1,code,code:1,0.0,0,
60E1C500_N3J6EB__vs__60E1D400,60E1C500_N3J6EB,60E1D400,0xb222,0xb224,2,code,code:2,0.0,0,
60E1C500_N3J6EB__vs__60E1D400,60E1C500_N3J6EB,60E1D400,0xb312,0xb320,14,code,code:14,0.0,0,
60E1C500_N3J6EB__vs__60E1D400,60E1C500_N3J6EB,60E1D400,0xb336,0xb33f,9,code,code:9,0.0,0,
60E1C500_N3J6EB__vs__60E1D400,60E1C500_N3J6EB,60E1D400,0xb34a,0xb34f,5,code,code:5,0.0,0,
60E1C500_N3J6EB__vs__60E1D400,60E1C500_N3J6EB,60E1D400,0xb3e6,0xb3e7,1,code,code:1,0.0,0,
60E1C500_N3J6EB__vs__60E1D400,60E1C500_N3J6EB,60E1D400,0xb3f2,0xb3f3,1,code,code:1,0.0,0,
60E1C500_N3J6EB__vs__60E1D400,60E1C500_N3J6EB,60E1D400,0xb69e,0xb6bb,29,code,code:29,0.0,0,
60E1C500_N3J6EB__vs__60E1D400,60E1C500_N3J6EB,60E1D400,0xb83a,0xb83c,2,code,code:2,0.0,0,
60E1C500_N3J6EB__vs__60E1D400,60E1C500_N3J6EB,60E1D400,0xc49a,0xc4ac,18,code,code:18,0.0,0,
60E1C500_N3J6EB__vs__60E1D400,60E1C500_N3J6EB,60E1D400,0xc4ba,0xc4bc,2,code,code:2,0.0,0,
60E1C500_N3J6EB__vs__60E1D400,60E1C500_N3J6EB,60E1D400,0xc4da,0xc4dc,2,code,code:2,0.0,0,
60E1C500_N3J6EB__vs__60E1D400,60E1C500_N3J6EB,60E1D400,0xc502,0xc507,5,code,code:5,0.0,0,
60E1C500_N3J6EB__vs__60E1D400,60E1C500_N3J6EB,60E1D400,0xc622,0xc630,14,code,code:14,0.0,0,
60E1C500_N3J6EB__vs__60E1D400,60E1C500_N3J6EB,60E1D400,0xc63e,0xc640,2,code,code:2,0.0,0,
60E1C500_N3J6EB__vs__60E1D400,60E1C500_N3J6EB,60E1D400,0xc8aa,0xc8ac,2,code,code:2,0.0,0,
60E1C500_N3J6EB__vs__60E1D400,60E1C500_N3J6EB,60E1D400,0xc8c6,0xc8c8,2,code,code:2,0.0,0,
60E1C500_N3J6EB__vs__60E1D400,60E1C500_N3J6EB,60E1D400,0xc8f7,0xc8f8,1,code,code:1,0.0,0,
60E1C500_N3J6EB__vs__60E1D400,60E1C500_N3J6EB,60E1D400,0xc90a,0xc924,26,code,code:26,0.0,0,
60E1C500_N3J6EB__vs__60E1D400,60E1C500_N3J6EB,60E1D400,0xc936,0xc938,2,code,code:2,0.0,0,
60E1C500_N3J6EB__vs__60E1D400,60E1C500_N3J6EB,60E1D400,0xca6a,0xca6c,2,code,code:2,0.0,0,
60E1C500_N3J6EB__vs__60E1D400,60E1C500_N3J6EB,60E1D400,0xcbd6,0xcbe4,14,code,code:14,0.0,0,
60E1C500_N3J6EB__vs__60E1D400,60E1C500_N3J6EB,60E1D400,0xd452,0xd453,1,code,code:1,0.0,0,
60E1C500_N3J6EB__vs__60E1D400,60E1C500_N3J6EB,60E1D400,0xd462,0xd468,6,code,code:6,0.0,0,
60E1C500_N3J6EB__vs__60E1D400,60E1C500_N3J6EB,60E1D400,0xd472,0xd477,5,code,code:5,0.0,0,
60E1C500_N3J6EB__vs__60E1D400,60E1C500_N3J6EB,60E1D400,0xdb1e,0xdb20,2,code,code:2,0.0,0,
60E1C500_N3J6EB__vs__60E1D400,60E1C500_N3J6EB,60E1D400,0xdc2b,0xdc44,25,code,code:25,0.0,0,
60E1C500_N3J6EB__vs__60E1D400,60E1C500_N3J6EB,60E1D400,0xdc73,0xdc8c,25,code,code:25,0.0,0,
60E1C500_N3J6EB__vs__60E1D400,60E1C500_N3J6EB,60E1D400,0xdda7,0xddc0,25,code,code:25,0.0,0,
60E1C500_N3J6EB__vs__60E1D400,60E1C500_N3J6EB,60E1D400,0xddca,0xddf0,38,code,code:38,0.0,0,
60E1C500_N3J6EB__vs__60E1D400,60E1C500_N3J6EB,60E1D400,0xdef5,0xdefc,7,code,code:7,0.0,0,
60E1C500_N3J6EB__vs__60E1D400,60E1C500_N3J6EB,60E1D400,0xdf0a,0xdf58,78,code,code:78,0.0,0,
60E1C500_N3J6EB__vs__60E1D400,60E1C500_N3J6EB,60E1D400,0xe055,0xe058,3,code,code:3,0.0,0,
60E1C500_N3J6EB__vs__60E1D400,60E1C500_N3J6EB,60E1D400,0xe172,0xe182,16,code,code:16,0.0,0,
60E1C500_N3J6EB__vs__60E1D400,60E1C500_N3J6EB,60E1D400,0xe18a,0xe1a0,22,code,code:22,0.0,0,
60E1C500_N3J6EB__vs__60E1D400,60E1C500_N3J6EB,60E1D400,0xe2af,0xe2c2,19,code,code:19,0.0,0,
60E1C500_N3J6EB__vs__60E1D400,60E1C500_N3J6EB,60E1D400,0xe2ce,0xe2d0,2,code,code:2,0.0,0,
60E1C500_N3J6EB__vs__60E1D400,60E1C500_N3J6EB,60E1D400,0xe3e7,0xe3f0,9,code,code:9,0.0,0,
60E1C500_N3J6EB__vs__60E1D400,60E1C500_N3J6EB,60E1D400,0xe40e,0xe414,6,code,code:6,0.0,0,
60E1C500_N3J6EB__vs__60E1D400,60E1C500_N3J6EB,60E1D400,0xe43d,0xe444,7,code,code:7,0.0,0,
60E1C500_N3J6EB__vs__60E1D400,60E1C500_N3J6EB,60E1D400,0xe535,0xe53f,10,code,code:10,0.0,0,
60E1C500_N3J6EB__vs__60E1D400,60E1C500_N3J6EB,60E1D400,0xe68b,0xe696,11,code,code:11,0.0,0,
60E1C500_N3J6EB__vs__60E1D400,60E1C500_N3J6EB,60E1D400,0xe69f,0xe6a6,7,code,code:7,0.0,0,
60E1C500_N3J6EB__vs__60E1D400,60E1C500_N3J6EB,60E1D400,0xe6d5,0xe6d6,1,code,code:1,0.0,0,
60E1C500_N3J6EB__vs__60E1D400,60E1C500_N3J6EB,60E1D400,0xe757,0xe758,1,code,code:1,0.0,0,
60E1C500_N3J6EB__vs__60E1D400,60E1C500_N3J6EB,60E1D400,0xe772,0xe773,1,code,code:1,0.0,0,
60E1C500_N3J6EB__vs__60E1D400,60E1C500_N3J6EB,60E1D400,0xe782,0xe78c,10,code,code:10,0.0,0,
60E1C500_N3J6EB__vs__60E1D400,60E1C500_N3J6EB,60E1D400,0xe877,0xe888,17,code,code:17,0.0,0,
60E1C500_N3J6EB__vs__60E1D400,60E1C500_N3J6EB,60E1D400,0xe892,0xe894,2,code,code:2,0.0,0,
60E1C500_N3J6EB__vs__60E1D400,60E1C500_N3J6EB,60E1D400,0xe89e,0xe8ac,14,code,code:14,0.0,0,
60E1C500_N3J6EB__vs__60E1D400,60E1C500_N3J6EB,60E1D400,0xe8b6,0xe8c3,13,code,code:13,0.0,0,
60E1C500_N3J6EB__vs__60E1D400,60E1C500_N3J6EB,60E1D400,0xe931,0xe934,3,code,code:3,0.0,0,
60E1C500_N3J6EB__vs__60E1D400,60E1C500_N3J6EB,60E1D400,0xe94a,0xe94c,2,code,code:2,0.0,0,
60E1C500_N3J6EB__vs__60E1D400,60E1C500_N3J6EB,60E1D400,0xe956,0xe95c,6,code,code:6,0.0,0,
60E1C500_N3J6EB__vs__60E1D400,60E1C500_N3J6EB,60E1D400,0xea39,0xea6b,50,code,code:50,0.0,0,
60E1C500_N3J6EB__vs__60E1D400,60E1C500_N3J6EB,60E1D400,0xea76,0xea78,2,code,code:2,0.0,0,
60E1C500_N3J6EB__vs__60E1D400,60E1C500_N3J6EB,60E1D400,0xeb5f,0xeb62,3,code,code:3,0.0,0,
60E1C500_N3J6EB__vs__60E1D400,60E1C500_N3J6EB,60E1D400,0xeb6a,0xeb6c,2,code,code:2,0.0,0,
60E1C500_N3J6EB__vs__60E1D400,60E1C500_N3J6EB,60E1D400,0xeb7a,0xeb8b,17,code,code:17,0.0,0,
60E1C500_N3J6EB__vs__60E1D400,60E1C500_N3J6EB,60E1D400,0xeb96,0xeb9b,5,code,code:5,0.0,0,
60E1C500_N3J6EB__vs__60E1D400,60E1C500_N3J6EB,60E1D400,0xecad,0xecbe,17,code,code:17,0.0,0,
60E1C500_N3J6EB__vs__60E1D400,60E1C500_N3J6EB,60E1D400,0xecca,0xecd3,9,code,code:9,0.0,0,
60E1C500_N3J6EB__vs__60E1D400,60E1C500_N3J6EB,60E1D400,0xece2,0xece7,5,code,code:5,0.0,0,
60E1C500_N3J6EB__vs__60E1D400,60E1C500_N3J6EB,60E1D400,0xecf6,0xecf8,2,code,code:2,0.0,0,
60E1C500_N3J6EB__vs__60E1D400,60E1C500_N3J6EB,60E1D400,0xed02,0xed04,2,code,code:2,0.0,0,
60E1C500_N3J6EB__vs__60E1D400,60E1C500_N3J6EB,60E1D400,0xedca,0xedcc,2,code,code:2,0.0,0,
60E1C500_N3J6EB__vs__60E1D400,60E1C500_N3J6EB,60E1D400,0xede2,0xedf7,21,code,code:21,0.0,0,
60E1C500_N3J6EB__vs__60E1D400,60E1C500_N3J6EB,60E1D400,0xeed9,0xeee2,9,code,code:9,0.0,0,
60E1C500_N3J6EB__vs__60E1D400,60E1C500_N3J6EB,60E1D400,0xeeee,0xeefb,13,code,code:13,0.0,0,
60E1C500_N3J6EB__vs__60E1D400,60E1C500_N3J6EB,60E1D400,0xef0a,0xef0b,1,code,code:1,0.0,0,
60E1C500_N3J6EB__vs__60E1D400,60E1C500_N3J6EB,60E1D400,0xf03e,0xf03f,1,code,code:1,0.0,0,
60E1C500_N3J6EB__vs__60E1D400,60E1C500_N3J6EB,60E1D400,0xf1e1,0xf1f0,15,code,code:15,0.0,0,
60E1C500_N3J6EB__vs__60E1D400,60E1C500_N3J6EB,60E1D400,0xf1fe,0xf21b,29,code,code:29,0.0,0,
60E1C500_N3J6EB__vs__60E1D400,60E1C500_N3J6EB,60E1D400,0xf35d,0xf35e,1,code,code:1,0.0,0,
60E1C500_N3J6EB__vs__60E1D400,60E1C500_N3J6EB,60E1D400,0xf36e,0xf373,5,code,code:5,0.0,0,
60E1C500_N3J6EB__vs__60E1D400,60E1C500_N3J6EB,60E1D400,0xf5fe,0xf614,22,code,code:22,0.0,0,
60E1C500_N3J6EB__vs__60E1D400,60E1C500_N3J6EB,60E1D400,0xf766,0xf76c,6,code,code:6,0.0,0,
60E1C500_N3J6EB__vs__60E1D400,60E1C500_N3J6EB,60E1D400,0xf9a6,0xf9a8,2,code,code:2,0.0,0,
60E1C500_N3J6EB__vs__60E1D400,60E1C500_N3J6EB,60E1D400,0xf9b2,0xf9b8,6,code,code:6,0.0,0,
60E1C500_N3J6EB__vs__60E1D400,60E1C500_N3J6EB,60E1D400,0xfaee,0xfaf0,2,code,code:2,0.0,0,
60E1C500_N3J6EB__vs__60E1D400,60E1C500_N3J6EB,60E1D400,0xfd2e,0xfd3c,14,code,code:14,0.0,0,
60E1C500_N3J6EB__vs__60E1D400,60E1C500_N3J6EB,60E1D400,0xfd66,0xfd68,2,code,code:2,0.0,0,
60E1C500_N3J6EB__vs__60E1D400,60E1C500_N3J6EB,60E1D400,0xff7a,0xff84,10,code,code:10,0.0,0,
60E1C500_N3J6EB__vs__60E1D400,60E1C500_N3J6EB,60E1D400,0x1029d,0x1029e,1,code,code:1,0.0,0,
60E1C500_N3J6EB__vs__60E1D400,60E1C500_N3J6EB,60E1D400,0x103ad,0x103b2,5,code,code:5,0.0,0,
60E1C500_N3J6EB__vs__60E1D400,60E1C500_N3J6EB,60E1D400,0x103ba,0x103bc,2,code,code:2,0.0,0,
60E1C500_N3J6EB__vs__60E1D400,60E1C500_N3J6EB,60E1D400,0x1048d,0x1049b,14,code,code:14,0.0,0,
60E1C500_N3J6EB__vs__60E1D400,60E1C500_N3J6EB,60E1D400,0x104cf,0x104db,12,code,code:12,0.0,0,
60E1C500_N3J6EB__vs__60E1D400,60E1C500_N3J6EB,60E1D400,0x1074a,0x10750,6,code,code:6,0.0,0,
60E1C500_N3J6EB__vs__60E1D400,60E1C500_N3J6EB,60E1D400,0x10766,0x10768,2,code,code:2,0.0,0,
60E1C500_N3J6EB__vs__60E1D400,60E1C500_N3J6EB,60E1D400,0x1099e,0x109a0,2,code,code:2,0.0,0,
60E1C500_N3J6EB__vs__60E1D400,60E1C500_N3J6EB,60E1D400,0x109b2,0x109b8,6,code,code:6,0.0,0,
60E1C500_N3J6EB__vs__60E1D400,60E1C500_N3J6EB,60E1D400,0x109d6,0x109d8,2,code,code:2,0.0,0,
60E1C500_N3J6EB__vs__60E1D400,60E1C500_N3J6EB,60E1D400,0x10c3a,0x10c3c,2,code,code:2,0.0,0,
60E1C500_N3J6EB__vs__60E1D400,60E1C500_N3J6EB,60E1D400,0x10dae,0x10db0,2,code,code:2,0.0,0,
60E1C500_N3J6EB__vs__60E1D400,60E1C500_N3J6EB,60E1D400,0x10e6b,0x10e8c,33,code,code:33,0.0,0,
60E1C500_N3J6EB__vs__60E1D400,60E1C500_N3J6EB,60E1D400,0x10f31,0x10f38,7,code,code:7,0.0,0,
60E1C500_N3J6EB__vs__60E1D400,60E1C500_N3J6EB,60E1D400,0x10f47,0x10f48,1,code,code:1,0.0,0,
60E1C500_N3J6EB__vs__60E1D400,60E1C500_N3J6EB,60E1D400,0x1123d,0x11246,9,code,code:9,0.0,0,
60E1C500_N3J6EB__vs__60E1D400,60E1C500_N3J6EB,60E1D400,0x1124f,0x11254,5,code,code:5,0.0,0,
60E1C500_N3J6EB__vs__60E1D400,60E1C500_N3J6EB,60E1D400,0x112d7,0x112dc,5,code,code:5,0.0,0,
60E1C500_N3J6EB__vs__60E1D400,60E1C500_N3J6EB,60E1D400,0x11526,0x1169c,374,code,code:374,0.0,0,
60E1C500_N3J6EB__vs__60E1D400,60E1C500_N3J6EB,60E1D400,0x118d2,0x11f48,1654,code,code:1654,0.0,0,
60E1C500_N3J6EB__vs__60E1D400,60E1C500_N3J6EB,60E1D400,0x11f50,0x15af4,15268,code,code:15268,0.036,0,
60E1C500_N3J6EB__vs__60E1D400,60E1C500_N3J6EB,60E1D400,0x15b02,0x1e9a4,36514,code,code:36514,0.039,0,
60E1C500_N3J6EB__vs__60E1D400,60E1C500_N3J6EB,60E1D400,0x1e9ae,0x284d8,39722,code,code:39722,0.033,0,
60E1C500_N3J6EB__vs__60E1D400,60E1C500_N3J6EB,60E1D400,0x284e0,0x416b8,102872,code,code:102872,0.035,0,
60E1C500_N3J6EB__vs__60E1D400,60E1C500_N3J6EB,60E1D400,0x416d0,0x48658,28552,code,code:28552,0.039,0,
60E1C500_N3J6EB__vs__60E1D400,60E1C500_N3J6EB,60E1D400,0x48663,0x4866a,7,code,code:7,0.0,0,
60E1C500_N3J6EB__vs__60E1D400,60E1C500_N3J6EB,60E1D400,0x48679,0x4867a,1,code,code:1,0.0,0,
60E1C500_N3J6EB__vs__60E1D400,60E1C500_N3J6EB,60E1D400,0x48685,0x4868e,9,code,code:9,0.0,0,
60E1C500_N3J6EB__vs__60E1D400,60E1C500_N3J6EB,60E1D400,0x4869b,0x4869c,1,code,code:1,0.0,0,
60E1C500_N3J6EB__vs__60E1D400,60E1C500_N3J6EB,60E1D400,0x486a7,0x486ae,7,code,code:7,0.0,0,
60E1C500_N3J6EB__vs__60E1D400,60E1C500_N3J6EB,60E1D400,0x486bc,0x4cf6e,18610,code,code:18610,0.031,0,
60E1C500_N3J6EB__vs__60E1D400,60E1C500_N3J6EB,60E1D400,0x4cf76,0x69ef0,118650,code,code:118650,0.027,0,
60E1C500_N3J6EB__vs__60E1D400,60E1C500_N3J6EB,60E1D400,0x69ef9,0x6c270,9079,code,code:9079,0.59,0,
60E1C500_N3J6EB__vs__60E1D400,60E1C500_N3J6EB,60E1D400,0x6c600,0x6c661,97,padding,padding:97,0.0,0,
60E1C500_N3J6EB__vs__60E1D400,60E1C500_N3J6EB,60E1D400,0x6c6e0,0x702b0,15312,cal_data,cal_data:13238 padding:1824 cal_table:250,0.012,250,Barometric Pressure Sensor Max ADC Count; Barometric Pressure Sensor Min ADC Count; CLT Sensor Scaling; Cold Rev Limit; Cold Rev Limit Threshold; IAT Sensor Scaling; Idle Related; Idle Target; ...
60E1C500_N3J6EB__vs__60E1D400,60E1C500_N3J6EB,60E1D400,0x702cc,0x71552,4742,cal_data,cal_data:4683 cal_table:59,0.019,59,Table 2D - 302 Check DataType; Table 2D - 303 Check DataType; Table 2D - 304 Check DataType; Table 2D - 305 Check DataType; Table 2D - 306 Check DataType; Table 2D - 307 Check DataType; Table 2D - 308 Check DataType; Table 2D - 309 Check DataType; ...
60E1C500_N3J6EB__vs__60E1D400,60E1C500_N3J6EB,60E1D400,0x7155c,0x719a2,1094,cal_data,cal_data:1060 cal_table:34,0.001,34,Table 2D - 312 Check DataType; Table 2D - 313 Check DataType; Table 2D - 314 Check DataType; Table 2D - 315 Check DataType; Table 2D - 70_; Table 2D - 71_; Table 2D - 72_; Table 2D - 73_; ...
60E1C500_N3J6EB__vs__60E1D400,60E1C500_N3J6EB,60E1D400,0x719ab,0x72f83,5592,cal_data,cal_data:5469 cal_table:123,0.016,123,Fuelling - Safe Mode; Fuelling 0; Fuelling 1; Fuelling 10 - Safe Mode; Fuelling 11; Fuelling 12; Fuelling 13 - Safe Mode; Fuelling 14 - Safe mode; ...
60E1C500_N3J6EB__vs__60E1D400,60E1C500_N3J6EB,60E1D400,0x72f91,0x795a7,26134,cal_data,cal_data:25767 cal_table:367,0.015,367,Accel Pedal to Throttle Position #1; Accel Pedal to Throttle Position #2; Accel Pedal to Throttle Position #3; Accel Pedal to Throttle Position #4; Auxillary Valve Close; Engine Load Compensation; Estimated Manifold Pressure; Injector Latency Primary; ...
60E1C500_N3J6EB__vs__60E1D400,60E1C500_N3J6EB,60E1D400,0x795af,0x795b4,5,cal_data,cal_data:5,0.0,0,
60E1C500_N3J6EB__vs__60E1D400,60E1C500_N3J6EB,60E1D400,0x795bf,0x795c4,5,cal_data,cal_data:5,0.0,0,
60E1C500_N3J6EB__vs__60E1D400,60E1C500_N3J6EB,60E1D400,0x795cf,0x7c266,11415,cal_data,cal_data:11178 cal_table:237,0.025,237,AirFlow Inj Angle Related; Airflow Or Load Related; Barometric Pressure Sensor Max Voltage; Barometric Pressure Sensor Min Voltage; Barometric Pressure Sensor Offset; Barometric Pressure Sensor Slope; Injection Angle; Injection Angle Related AFR Input; ...
60E1C500_N3J6EB__vs__60E1D400,60E1C500_N3J6EB,60E1D400,0x7c26f,0x7debf,7248,cal_data,cal_data:6150 tail:960 cal_table:138,0.309,138,Ignition Dwell Time_; Load Limit C; Table 2D - 235_; Table 2D - 236_; Table 2D - 237_; Table 2D - 238_; Table 2D - 239_; Table 2D - 240_; ...
60E1C500_N3J6EB__vs__60E1D400,60E1C500_N3J6EB,60E1D400,0x7ded2,0x7e1fa,808,tail,tail:808,1.0,0,
60E1C500_N3J6EB__vs__60E1D400,60E1C500_N3J6EB,60E1D400,0x7e220,0x7f308,4328,tail,tail:4328,0.937,0,
60E1C500_N3J6EB__vs__60E1D400,60E1C500_N3J6EB,60E1D400,0x7fb88,0x7fb8c,4,tail,tail:4,0.0,0,
60E1C500_N3J6EB__vs__60E1D400,60E1C500_N3J6EB,60E1D400,0x7fff4,0x7fff8,4,tail,tail:4,0.0,0,
60E1C500_N3J6EB__vs__60E32000_N3M5E,60E1C500_N3J6EB,60E32000_N3M5E,0xffb,0xffe,3,header,header:3,,0,
60E1C500_N3J6EB__vs__60E32000_N3M5E,60E1C500_N3J6EB,60E32000_N3M5E,0x2003,0x2006,3,code,code:3,,0,
60E1C500_N3J6EB__vs__60E32000_N3M5E,60E1C500_N3J6EB,60E32000_N3M5E,0x2020,0x2023,3,code,code:3,,0,
60E1C500_N3J6EB__vs__60E32000_N3M5E,60E1C500_N3J6EB,60E32000_N3M5E,0x49ab,0x49ac,1,code,code:1,,0,
60E1C500_N3J6EB__vs__60E32000_N3M5E,60E1C500_N3J6EB,60E32000_N3M5E,0x49bb,0x49bc,1,code,code:1,,0,
60E1C500_N3J6EB__vs__60E32000_N3M5E,60E1C500_N3J6EB,60E32000_N3M5E,0x49cb,0x49cc,1,code,code:1,,0,
60E1C500_N3J6EB__vs__60E32000_N3M5E,60E1C500_N3J6EB,60E32000_N3M5E,0x49da,0x49dc,2,code,code:2,,0,
60E1C500_N3J6EB__vs__60E32000_N3M5E,60E1C500_N3J6EB,60E32000_N3M5E,0x4b0f,0x4b10,1,code,code:1,,0,
60E1C500_N3J6EB__vs__60E32000_N3M5E,60E1C500_N3J6EB,60E32000_N3M5E,0x5359,0x5360,7,code,code:7,,0,
60E1C500_N3J6EB__vs__60E32000_N3M5E,60E1C500_N3J6EB,60E32000_N3M5E,0x547e,0x5480,2,code,code:2,,0,
60E1C500_N3J6EB__vs__60E32000_N3M5E,60E1C500_N3J6EB,60E32000_N3M5E,0x548b,0x548c,1,code,code:1,,0,
60E1C500_N3J6EB__vs__60E32000_N3M5E,60E1C500_N3J6EB,60E32000_N3M5E,0x5ad3,0x5ad4,1,code,code:1,,0,
60E1C500_N3J6EB__vs__60E32000_N3M5E,60E1C500_N3J6EB,60E32000_N3M5E,0x5bf3,0x5c00,13,code,code:13,,0,
60E1C500_N3J6EB__vs__60E32000_N3M5E,60E1C500_N3J6EB,60E32000_N3M5E,0x5d7f,0x5d80,1,code,code:1,,0,
60E1C500_N3J6EB__vs__60E32000_N3M5E,60E1C500_N3J6EB,60E32000_N3M5E,0x5ed3,0x5ed4,1,code,code:1,,0,
60E1C500_N3J6EB__vs__60E32000_N3M5E,60E1C500_N3J6EB,60E32000_N3M5E,0x5f27,0x5f30,9,code,code:9,,0,
60E1C500_N3J6EB__vs__60E32000_N3M5E,60E1C500_N3J6EB,60E32000_N3M5E,0x601f,0x6020,1,code,code:1,,0,
60E1C500_N3J6EB__vs__60E32000_N3M5E,60E1C500_N3J6EB,60E32000_N3M5E,0x602f,0x6030,1,code,code:1,,0,
60E1C500_N3J6EB__vs__60E32000_N3M5E,60E1C500_N3J6EB,60E32000_N3M5E,0x60df,0x60e0,1,code,code:1,,0,
60E1C500_N3J6EB__vs__60E32000_N3M5E,60E1C500_N3J6EB,60E32000_N3M5E,0x6237,0x6248,17,code,code:17,,0,
60E1C500_N3J6EB__vs__60E32000_N3M5E,60E1C500_N3J6EB,60E32000_N3M5E,0x6263,0x6268,5,code,code:5,,0,
60E1C500_N3J6EB__vs__60E32000_N3M5E,60E1C500_N3J6EB,60E32000_N3M5E,0x6277,0x62b4,61,code,code:61,,0,
60E1C500_N3J6EB__vs__60E32000_N3M5E,60E1C500_N3J6EB,60E32000_N3M5E,0x63b7,0x63c0,9,code,code:9,,0,
60E1C500_N3J6EB__vs__60E32000_N3M5E,60E1C500_N3J6EB,60E32000_N3M5E,0x63db,0x6414,57,code,code:57,,0,
60E1C500_N3J6EB__vs__60E32000_N3M5E,60E1C500_N3J6EB,60E32000_N3M5E,0x653b,0x653c,1,code,code:1,,0,
60E1C500_N3J6EB__vs__60E32000_N3M5E,60E1C500_N3J6EB,60E32000_N3M5E,0x6547,0x6550,9,code,code:9,,0,
60E1C500_N3J6EB__vs__60E32000_N3M5E,60E1C500_N3J6EB,60E32000_N3M5E,0x6562,0x6564,2,code,code:2,,0,
60E1C500_N3J6EB__vs__60E32000_N3M5E,60E1C500_N3J6EB,60E32000_N3M5E,0x6573,0x65a8,53,code,code:53,,0,
60E1C500_N3J6EB__vs__60E32000_N3M5E,60E1C500_N3J6EB,60E32000_N3M5E,0x66de,0x66f4,22,code,code:22,,0,
60E1C500_N3J6EB__vs__60E32000_N3M5E,60E1C500_N3J6EB,60E32000_N3M5E,0x66fe,0x6768,106,code,code:106,,0,
60E1C500_N3J6EB__vs__60E32000_N3M5E,60E1C500_N3J6EB,60E32000_N3M5E,0x6c63,0x6c68,5,code,code:5,,0,
60E1C500_N3J6EB__vs__60E32000_N3M5E,60E1C500_N3J6EB,60E32000_N3M5E,0x732d,0x732f,2,code,code:2,,0,
60E1C500_N3J6EB__vs__60E32000_N3M5E,60E1C500_N3J6EB,60E32000_N3M5E,0x733e,0x7340,2,code,code:2,,0,
60E1C500_N3J6EB__vs__60E32000_N3M5E,60E1C500_N3J6EB,60E32000_N3M5E,0x734d,0x7353,6,code,code:6,,0,
60E1C500_N3J6EB__vs__60E32000_N3M5E,60E1C500_N3J6EB,60E32000_N3M5E,0x73a9,0x73ab,2,code,code:2,,0,
60E1C500_N3J6EB__vs__60E32000_N3M5E,60E1C500_N3J6EB,60E32000_N3M5E,0x73b5,0x73b7,2,code,code:2,,0,
60E1C500_N3J6EB__vs__60E32000_N3M5E,60E1C500_N3J6EB,60E32000_N3M5E,0x7435,0x7437,2,code,code:2,,0,
60E1C500_N3J6EB__vs__60E32000_N3M5E,60E1C500_N3J6EB,60E32000_N3M5E,0x7446,0x7448,2,code,code:2,,0,
60E1C500_N3J6EB__vs__60E32000_N3M5E,60E1C500_N3J6EB,60E32000_N3M5E,0x7455,0x745b,6,code,code:6,,0,
60E1C500_N3J6EB__vs__60E32000_N3M5E,60E1C500_N3J6EB,60E32000_N3M5E,0x74ba,0x74bc,2,code,code:2,,0,
60E1C500_N3J6EB__vs__60E32000_N3M5E,60E1C500_N3J6EB,60E32000_N3M5E,0x74c9,0x74cf,6,code,code:6,,0,
60E1C500_N3J6EB__vs__60E32000_N3M5E,60E1C500_N3J6EB,60E32000_N3M5E,0x76cd,0x76dc,15,code,code:15,,0,
60E1C500_N3J6EB__vs__60E32000_N3M5E,60E1C500_N3J6EB,60E32000_N3M5E,0x77e5,0x77e7,2,code,code:2,,0,
60E1C500_N3J6EB__vs__60E32000_N3M5E,60E1C500_N3J6EB,60E32000_N3M5E,0x791a,0x791c,2,code,code:2,,0,
60E1C500_N3J6EB__vs__60E32000_N3M5E,60E1C500_N3J6EB,60E32000_N3M5E,0x792a,0x792c,2,code,code:2,,0,
60E1C500_N3J6EB__vs__60E32000_N3M5E,60E1C500_N3J6EB,60E32000_N3M5E,0x7b3e,0x7b44,6,code,code:6,,0,
60E1C500_N3J6EB__vs__60E32000_N3M5E,60E1C500_N3J6EB,60E32000_N3M5E,0x7b52,0x7b54,2,code,code:2,,0,
60E1C500_N3J6EB__vs__60E32000_N3M5E,60E1C500_N3J6EB,60E32000_N3M5E,0x7c5d,0x7c68,11,code,code:11,,0,
60E1C500_N3J6EB__vs__60E32000_N3M5E,60E1C500_N3J6EB,60E32000_N3M5E,0x7c79,0x7c7b,2,code,code:2,,0,
60E1C500_N3J6EB__vs__60E32000_N3M5E,60E1C500_N3J6EB,60E32000_N3M5E,0x7dab,0x7db4,9,code,code:9,,0,
60E1C500_N3J6EB__vs__60E32000_N3M5E,60E1C500_N3J6EB,60E32000_N3M5E,0x7ead,0x7eaf,2,code,code:2,,0,
60E1C500_N3J6EB__vs__60E32000_N3M5E,60E1C500_N3J6EB,60E32000_N3M5E,0x7fad,0x7faf,2,code,code:2,,0,
60E1C500_N3J6EB__vs__60E32000_N3M5E,60E1C500_N3J6EB,60E32000_N3M5E,0x82f1,0x82f2,1,code,code:1,,0,
60E1C500_N3J6EB__vs__60E32000_N3M5E,60E1C500_N3J6EB,60E32000_N3M5E,0x8315,0x8316,1,code,code:1,,0,
60E1C500_N3J6EB__vs__60E32000_N3M5E,60E1C500_N3J6EB,60E32000_N3M5E,0x8333,0x8338,5,code,code:5,,0,
60E1C500_N3J6EB__vs__60E32000_N3M5E,60E1C500_N3J6EB,60E32000_N3M5E,0x8363,0x8364,1,code,code:1,,0,
60E1C500_N3J6EB__vs__60E32000_N3M5E,60E1C500_N3J6EB,60E32000_N3M5E,0x8379,0x837a,1,code,code:1,,0,
60E1C500_N3J6EB__vs__60E32000_N3M5E,60E1C500_N3J6EB,60E32000_N3M5E,0x83e9,0x83ea,1,code,code:1,,0,
60E1C500_N3J6EB__vs__60E32000_N3M5E,60E1C500_N3J6EB,60E32000_N3M5E,0x84b5,0x84be,9,code,code:9,,0,
60E1C500_N3J6EB__vs__60E32000_N3M5E,60E1C500_N3J6EB,60E32000_N3M5E,0x84c9,0x84ca,1,code,code:1,,0,
60E1C500_N3J6EB__vs__60E32000_N3M5E,60E1C500_N3J6EB,60E32000_N3M5E,0x84d7,0x84de,7,code,code:7,,0,
60E1C500_N3J6EB__vs__60E32000_N3M5E,60E1C500_N3J6EB,60E32000_N3M5E,0x84e9,0x84ea,1,code,code:1,,0,
60E1C500_N3J6EB__vs__60E32000_N3M5E,60E1C500_N3J6EB,60E32000_N3M5E,0x84fb,0x84fc,1,code,code:1,,0,
60E1C500_N3J6EB__vs__60E32000_N3M5E,60E1C500_N3J6EB,60E32000_N3M5E,0x8509,0x850a,1,code,code:1,,0,
60E1C500_N3J6EB__vs__60E32000_N3M5E,60E1C500_N3J6EB,60E32000_N3M5E,0x8527,0x8546,31,code,code:31,,0,
60E1C500_N3J6EB__vs__60E32000_N3M5E,60E1C500_N3J6EB,60E32000_N3M5E,0x8552,0x8560,14,code,code:14,,0,
60E1C500_N3J6EB__vs__60E32000_N3M5E,60E1C500_N3J6EB,60E32000_N3M5E,0x85ad,0xea0c,25695,code,code:25695,,0,
60E1C500_N3J6EB__vs__60E32000_N3M5E,60E1C500_N3J6EB,60E32000_N3M5E,0xea15,0x19a4c,45111,code,code:45111,,0,
60E1C500_N3J6EB__vs__60E32000_N3M5E,60E1C500_N3J6EB,60E32000_N3M5E,0x19a56,0x208fe,28328,code,code:28328,,0,
60E1C500_N3J6EB__vs__60E32000_N3M5E,60E1C500_N3J6EB,60E32000_N3M5E,0x20914,0x28846,32562,code,code:32562,,0,
60E1C500_N3J6EB__vs__60E32000_N3M5E,60E1C500_N3J6EB,60E32000_N3M5E,0x2884e,0x2dde6,21912,code,code:21912,,0,
60E1C500_N3J6EB__vs__60E32000_N3M5E,60E1C500_N3J6EB,60E32000_N3M5E,0x2ddee,0x4242e,83520,code,code:83520,,0,
60E1C500_N3J6EB__vs__60E32000_N3M5E,60E1C500_N3J6EB,60E32000_N3M5E,0x42436,0x4e3d0,49050,code,code:49050,,0,
60E1C500_N3J6EB__vs__60E32000_N3M5E,60E1C500_N3J6EB,60E32000_N3M5E,0x4e3da,0x58ab4,42714,code,code:42714,,0,
60E1C500_N3J6EB__vs__60E32000_N3M5E,60E1C500_N3J6EB,60E32000_N3M5E,0x58abc,0x6073e,31874,code,code:31874,,0,
60E1C500_N3J6EB__vs__60E32000_N3M5E,60E1C500_N3J6EB,60E32000_N3M5E,0x6074a,0x704b9,64879,code,code:47910 cal_data:13742 padding:2960 cal_table:267,,267,Barometric Pressure Sensor Max ADC Count; Barometric Pressure Sensor Min ADC Count; CLT Sensor Scaling; Cold Rev Limit; Cold Rev Limit Threshold; IAT Sensor Scaling; Idle Related; Idle Target; ...
60E1C500_N3J6EB__vs__60E32000_N3M5E,60E1C500_N3J6EB,60E32000_N3M5E,0x704c1,0x71553,4242,cal_data,cal_data:4199 cal_table:43,,43,Table 2D - 308 Check DataType; Table 2D - 309 Check DataType; Table 2D - 310 Check DataType; Table 2D - 311 Check DataType; Table 3D - 108_; Table 3D - 22_; Table 3D - 23_; Table 3D - 24_; ...
60E1C500_N3J6EB__vs__60E32000_N3M5E,60E1C500_N3J6EB,60E32000_N3M5E,0x7155b,0x71698,317,cal_data,cal_data:307 cal_table:10,,10,Table 2D - 70_; Table 2D - 71_; Table 2D - 72_; Table 2D - 73_; Table 2D - 74_; Y; Y; Y; ...
60E1C500_N3J6EB__vs__60E32000_N3M5E,60E1C500_N3J6EB,60E32000_N3M5E,0x716a0,0x74b8b,13547,cal_data,cal_data:13310 cal_table:237,,237,Accel Pedal to Throttle Position #1; Accel Pedal to Throttle Position #2; Accel Pedal to Throttle Position #3; Fuelling - Safe Mode; Fuelling 0; Fuelling 1; Fuelling 10 - Safe Mode; Fuelling 11; ...
60E1C500_N3J6EB__vs__60E32000_N3M5E,60E1C500_N3J6EB,60E32000_N3M5E,0x74b99,0x773bc,10275,cal_data,cal_data:10169 cal_table:106,,106,Accel Pedal to Throttle Position #4; Table 2D - 144_; Table 2D - 145_; Table 2D - 146_; Table 2D - 147_; Table 2D - 148_; Table 2D - 149_; Table 2D - 150_; ...
60E1C500_N3J6EB__vs__60E32000_N3M5E,60E1C500_N3J6EB,60E32000_N3M5E,0x773d5,0x7e3f3,28702,cal_data,cal_data:25864 tail:2292 cal_table:546,,546,AirFlow Inj Angle Related; Airflow Or Load Related; Auxillary Valve Close; Barometric Pressure Sensor Max Voltage; Barometric Pressure Sensor Min Voltage; Barometric Pressure Sensor Offset; Barometric Pressure Sensor Slope; Engine Load Compensation; ...
60E1C500_N3J6EB__vs__60E32000_N3M5E,60E1C500_N3J6EB,60E32000_N3M5E,0x7e3fe,0x7e736,824,tail,tail:824,,0,
60E1C500_N3J6EB__vs__60E32000_N3M5E,60E1C500_N3J6EB,60E32000_N3M5E,0x7e74c,0x7fa0c,4800,tail,tail:4800,,0,
60E1C500_N3J6EB__vs__60E32000_N3M5E,60E1C500_N3J6EB,60E32000_N3M5E,0x7fb00,0x7fb08,8,tail,tail:8,,0,
60E1C500_N3J6EB__vs__60E32000_N3M5E,60E1C500_N3J6EB,60E32000_N3M5E,0x7fb88,0x7fb8c,4,tail,tail:4,,0,
60E1C500_N3J6EB__vs__60E32000_N3M5E,60E1C500_N3J6EB,60E32000_N3M5E,0x7fff4,0x7fffc,8,tail,tail:8,,0,
60E1D400__vs__60E32000_N3M5E,60E1D400,60E32000_N3M5E,0xffb,0xffe,3,header,header:3,0.0,0,
60E1D400__vs__60E32000_N3M5E,60E1D400,60E32000_N3M5E,0x2003,0x2006,3,code,code:3,0.0,0,
60E1D400__vs__60E32000_N3M5E,60E1D400,60E32000_N3M5E,0x2020,0x2023,3,code,code:3,0.0,0,
60E1D400__vs__60E32000_N3M5E,60E1D400,60E32000_N3M5E,0x49ab,0x49ac,1,code,code:1,0.0,0,
60E1D400__vs__60E32000_N3M5E,60E1D400,60E32000_N3M5E,0x49bb,0x49bc,1,code,code:1,0.0,0,
60E1D400__vs__60E32000_N3M5E,60E1D400,60E32000_N3M5E,0x49cb,0x49cc,1,code,code:1,0.0,0,
60E1D400__vs__60E32000_N3M5E,60E1D400,60E32000_N3M5E,0x49da,0x49dc,2,code,code:2,0.0,0,
60E1D400__vs__60E32000_N3M5E,60E1D400,60E32000_N3M5E,0x4b0f,0x4b10,1,code,code:1,0.0,0,
60E1D400__vs__60E32000_N3M5E,60E1D400,60E32000_N3M5E,0x5359,0x5360,7,code,code:7,0.0,0,
60E1D400__vs__60E32000_N3M5E,60E1D400,60E32000_N3M5E,0x547e,0x5480,2,code,code:2,0.0,0,
60E1D400__vs__60E32000_N3M5E,60E1D400,60E32000_N3M5E,0x548b,0x548c,1,code,code:1,0.0,0,
60E1D400__vs__60E32000_N3M5E,60E1D400,60E32000_N3M5E,0x5ad3,0x5ad4,1,code,code:1,0.0,0,
60E1D400__vs__60E32000_N3M5E,60E1D400,60E32000_N3M5E,0x5bf3,0x5c00,13,code,code:13,0.0,0,
60E1D400__vs__60E32000_N3M5E,60E1D400,60E32000_N3M5E,0x5d7f,0x5d80,1,code,code:1,0.0,0,
60E1D400__vs__60E32000_N3M5E,60E1D400,60E32000_N3M5E,0x5ed3,0x5ed4,1,code,code:1,0.0,0,
60E1D400__vs__60E32000_N3M5E,60E1D400,60E32000_N3M5E,0x5f27,0x5f30,9,code,code:9,0.0,0,
60E1D400__vs__60E32000_N3M5E,60E1D400,60E32000_N3M5E,0x601f,0x6020,1,code,code:1,0.0,0,
60E1D400__vs__60E32000_N3M5E,60E1D400,60E32000_N3M5E,0x602f,0x6030,1,code,code:1,0.0,0,
60E1D400__vs__60E32000_N3M5E,60E1D400,60E32000_N3M5E,0x60df,0x60e0,1,code,code:1,0.0,0,
60E1D400__vs__60E32000_N3M5E,60E1D400,60E32000_N3M5E,0x6237,0x6248,17,code,code:17,0.0,0,
60E1D400__vs__60E32000_N3M5E,60E1D400,60E32000_N3M5E,0x6263,0x6268,5,code,code:5,0.0,0,
60E1D400__vs__60E32000_N3M5E,60E1D400,60E32000_N3M5E,0x6277,0x62b4,61,code,code:61,0.0,0,
60E1D400__vs__60E32000_N3M5E,60E1D400,60E32000_N3M5E,0x63b7,0x63c0,9,code,code:9,0.0,0,
60E1D400__vs__60E32000_N3M5E,60E1D400,60E32000_N3M5E,0x63db,0x6414,57,code,code:57,0.0,0,
60E1D400__vs__60E32000_N3M5E,60E1D400,60E32000_N3M5E,0x653b,0x653c,1,code,code:1,0.0,0,
60E1D400__vs__60E32000_N3M5E,60E1D400,60E32000_N3M5E,0x6547,0x6550,9,code,code:9,0.0,0,
60E1D400__vs__60E32000_N3M5E,60E1D400,60E32000_N3M5E,0x6562,0x6564,2,code,code:2,0.0,0,
60E1D400__vs__60E32000_N3M5E,60E1D400,60E32000_N3M5E,0x6573,0x65a8,53,code,code:53,0.0,0,
60E1D400__vs__60E32000_N3M5E,60E1D400,60E32000_N3M5E,0x66de,0x66f4,22,code,code:22,0.0,0,
60E1D400__vs__60E32000_N3M5E,60E1D400,60E32000_N3M5E,0x66fe,0x6768,106,code,code:106,0.0,0,
60E1D400__vs__60E32000_N3M5E,60E1D400,60E32000_N3M5E,0x6c63,0x6c68,5,code,code:5,0.0,0,
60E1D400__vs__60E32000_N3M5E,60E1D400,60E32000_N3M5E,0x732d,0x732f,2,code,code:2,0.0,0,
60E1D400__vs__60E32000_N3M5E,60E1D400,60E32000_N3M5E,0x733e,0x7340,2,code,code:2,0.0,0,
60E1D400__vs__60E32000_N3M5E,60E1D400,60E32000_N3M5E,0x734d,0x7353,6,code,code:6,0.0,0,
60E1D400__vs__60E32000_N3M5E,60E1D400,60E32000_N3M5E,0x73a9,0x73ab,2,code,code:2,0.0,0,
60E1D400__vs__60E32000_N3M5E,60E1D400,60E32000_N3M5E,0x73b5,0x73b7,2,code,code:2,0.0,0,
60E1D400__vs__60E32000_N3M5E,60E1D400,60E32000_N3M5E,0x7435,0x7437,2,code,code:2,0.0,0,
60E1D400__vs__60E32000_N3M5E,60E1D400,60E32000_N3M5E,0x7446,0x7448,2,code,code:2,0.0,0,
60E1D400__vs__60E32000_N3M5E,60E1D400,60E32000_N3M5E,0x7455,0x745b,6,code,code:6,0.0,0,
60E1D400__vs__60E32000_N3M5E,60E1D400,60E32000_N3M5E,0x74ba,0x74bc,2,code,code:2,0.0,0,
60E1D400__vs__60E32000_N3M5E,60E1D400,60E32000_N3M5E,0x74c9,0x74cf,6,code,code:6,0.0,0,
60E1D400__vs__60E32000_N3M5E,60E1D400,60E32000_N3M5E,0x76cd,0x76dc,15,code,code:15,0.0,0,
60E1D400__vs__60E32000_N3M5E,60E1D400,60E32000_N3M5E,0x77e5,0x77e7,2,code,code:2,0.0,0,
60E1D400__vs__60E32000_N3M5E,60E1D400,60E32000_N3M5E,0x791a,0x791c,2,code,code:2,0.0,0,
60E1D400__vs__60E32000_N3M5E,60E1D400,60E32000_N3M5E,0x792a,0x792c,2,code,code:2,0.0,0,
60E1D400__vs__60E32000_N3M5E,60E1D400,60E32000_N3M5E,0x7b3e,0x7b44,6,code,code:6,0.0,0,
60E1D400__vs__60E32000_N3M5E,60E1D400,60E32000_N3M5E,0x7b52,0x7b54,2,code,code:2,0.0,0,
60E1D400__vs__60E32000_N3M5E,60E1D400,60E32000_N3M5E,0x7c5d,0x7c68,11,code,code:11,0.0,0,
60E1D400__vs__60E32000_N3M5E,60E1D400,60E32000_N3M5E,0x7c79,0x7c7b,2,code,code:2,0.0,0,
60E1D400__vs__60E32000_N3M5E,60E1D400,60E32000_N3M5E,0x7dab,0x7db4,9,code,code:9,0.0,0,
60E1D400__vs__60E32000_N3M5E,60E1D400,60E32000_N3M5E,0x7ead,0x7eaf,2,code,code:2,0.0,0,
60E1D400__vs__60E32000_N3M5E,60E1D400,60E32000_N3M5E,0x7fad,0x7faf,2,code,code:2,0.0,0,
60E1D400__vs__60E32000_N3M5E,60E1D400,60E32000_N3M5E,0x82f1,0x82f2,1,code,code:1,0.0,0,
60E1D400__vs__60E32000_N3M5E,60E1D400,60E32000_N3M5E,0x8315,0x8316,1,code,code:1,0.0,0,
60E1D400__vs__60E32000_N3M5E,60E1D400,60E32000_N3M5E,0x8333,0x8338,5,code,code:5,0.0,0,
60E1D400__vs__60E32000_N3M5E,60E1D400,60E32000_N3M5E,0x8363,0x8364,1,code,code:1,0.0,0,
60E1D400__vs__60E32000_N3M5E,60E1D400,60E32000_N3M5E,0x8379,0x837a,1,code,code:1,0.0,0,
60E1D400__vs__60E32000_N3M5E,60E1D400,60E32000_N3M5E,0x83e9,0x83ea,1,code,code:1,0.0,0,
60E1D400__vs__60E32000_N3M5E,60E1D400,60E32000_N3M5E,0x84b5,0x84be,9,code,code:9,0.0,0,
60E1D400__vs__60E32000_N3M5E,60E1D400,60E32000_N3M5E,0x84c9,0x84ca,1,code,code:1,0.0,0,
60E1D400__vs__60E32000_N3M5E,60E1D400,60E32000_N3M5E,0x84d7,0x84de,7,code,code:7,0.0,0,
60E1D400__vs__60E32000_N3M5E,60E1D400,60E32000_N3M5E,0x84e9,0x84ea,1,code,code:1,0.0,0,
60E1D400__vs__60E32000_N3M5E,60E1D400,60E32000_N3M5E,0x84fb,0x84fc,1,code,code:1,0.0,0,
60E1D400__vs__60E32000_N3M5E,60E1D400,60E32000_N3M5E,0x8509,0x850a,1,code,code:1,0.0,0,
60E1D400__vs__60E32000_N3M5E,60E1D400,60E32000_N3M5E,0x8527,0x8546,31,code,code:31,0.0,0,
60E1D400__vs__60E32000_N3M5E,60E1D400,60E32000_N3M5E,0x8552,0x8560,14,code,code:14,0.0,0,
60E1D400__vs__60E32000_N3M5E,60E1D400,60E32000_N3M5E,0x85ad,0xea0c,25695,code,code:25695,0.025,0,
60E1D400__vs__60E32000_N3M5E,60E1D400,60E32000_N3M5E,0xea15,0x14ff8,26083,code,code:26083,0.029,0,
60E1D400__vs__60E32000_N3M5E,60E1D400,60E32000_N3M5E,0x1500d,0x2d0b8,98475,code,code:98475,0.036,0,
60E1D400__vs__60E32000_N3M5E,60E1D400,60E32000_N3M5E,0x2d0c2,0x3eb18,72278,code,code:72278,0.035,0,
60E1D400__vs__60E32000_N3M5E,60E1D400,60E32000_N3M5E,0x3eb20,0x49d62,45634,code,code:45634,0.032,0,
60E1D400__vs__60E32000_N3M5E,60E1D400,60E32000_N3M5E,0x49d6a,0x71553,161769,code,code:140550 cal_data:17949 padding:2960 cal_table:310,0.028,310,Barometric Pressure Sensor Max ADC Count; Barometric Pressure Sensor Min ADC Count; CLT Sensor Scaling; Cold Rev Limit; Cold Rev Limit Threshold; IAT Sensor Scaling; Idle Related; Idle Target; ...
60E1D400__vs__60E32000_N3M5E,60E1D400,60E32000_N3M5E,0x7155b,0x71ee7,2444,cal_data,cal_data:2375 cal_table:69,0.064,69,Fuelling - Safe Mode; Fuelling 0; Fuelling 1; Fuelling 2 - Safe Mode; Fuelling 3; Fuelling 4; Fuelling 5; Fuelling 6; ...
60E1D400__vs__60E32000_N3M5E,60E1D400,60E32000_N3M5E,0x71ef0,0x723b8,1224,cal_data,cal_data:1185 cal_table:39,0.02,39,Fuelling 10 - Safe Mode; Fuelling 8; Fuelling 9 - Safe Mode; Table 2D - 100_; Table 2D - 101_; Table 2D - 102_; Table 2D - 320 Check DataType; Table 2D - 321 Check DataType; ...
60E1D400__vs__60E32000_N3M5E,60E1D400,60E32000_N3M5E,0x723c0,0x72963,1443,cal_data,cal_data:1426 cal_table:17,0.018,17,Fuelling 11; Fuelling 12; Fuelling 13 - Safe Mode; Fuelling 14 - Safe mode; Fuelling 15; X; X; X; ...
60E1D400__vs__60E32000_N3M5E,60E1D400,60E32000_N3M5E,0x7296d,0x72979,12,cal_data,cal_data:12,0.0,0,
60E1D400__vs__60E32000_N3M5E,60E1D400,60E32000_N3M5E,0x72982,0x729b8,54,cal_data,cal_data:54,0.037,0,
60E1D400__vs__60E32000_N3M5E,60E1D400,60E32000_N3M5E,0x729c0,0x729cd,13,cal_data,cal_data:13,0.0,0,
60E1D400__vs__60E32000_N3M5E,60E1D400,60E32000_N3M5E,0x729d8,0x79e22,29770,cal_data,cal_data:29315 cal_table:455,0.013,455,Accel Pedal to Throttle Position #1; Accel Pedal to Throttle Position #2; Accel Pedal to Throttle Position #3; Accel Pedal to Throttle Position #4; Auxillary Valve Close; Engine Load Compensation; Estimated Manifold Pressure; Injector Latency Primary; ...
60E1D400__vs__60E32000_N3M5E,60E1D400,60E32000_N3M5E,0x79e30,0x7a52a,1786,cal_data,cal_data:1750 cal_table:36,0.019,36,Knock Rel #0; Knock Rel #4; Knock Related; Knock Related 1; Knock Related 2; Knock Related 3; Knock Voltage To Magnitude; Table 2D - 222_; ...
60E1D400__vs__60E32000_N3M5E,60E1D400,60E32000_N3M5E,0x7a535,0x7bab7,5506,cal_data,cal_data:5382 cal_table:124,0.022,124,AirFlow Inj Angle Related; Airflow Or Load Related; Barometric Pressure Sensor Max Voltage; Barometric Pressure Sensor Min Voltage; Barometric Pressure Sensor Offset; Barometric Pressure Sensor Slope; Injection Angle; Injection Angle Related AFR Input; ...
60E1D400__vs__60E32000_N3M5E,60E1D400,60E32000_N3M5E,0x7bacc,0x7bb42,118,cal_data,cal_data:113 cal_table:5,0.0,5,Table 2D - 379 Check DataType; Table 3D - 124_; X; Y; Y
60E1D400__vs__60E32000_N3M5E,60E1D400,60E32000_N3M5E,0x7bb4f,0x7c1f3,1700,cal_data,cal_data:1686 cal_table:14,0.02,14,Load Limit A; Table 2D - 277_; Table 3D - 125_; Table 3D - 126_; Table 3D - 127_; X; X; X; ...
60E1D400__vs__60E32000_N3M5E,60E1D400,60E32000_N3M5E,0x7c204,0x7cfde,3546,cal_data,cal_data:3474 cal_table:72,0.019,72,Ignition Dwell Time_; Load Limit B; Load Limit C; Table 2D - 279_; Table 2D - 280_; Table 2D - 281_; Table 2D - 282_; Table 2D - 283_; ...
60E1D400__vs__60E32000_N3M5E,60E1D400,60E32000_N3M5E,0x7cfe9,0x7d076,141,cal_data,cal_data:137 cal_table:4,0.014,4,Table 2D - 401 Check DataType; Table 2D - 402 Check DataType; Y; Y
60E1D400__vs__60E32000_N3M5E,60E1D400,60E32000_N3M5E,0x7d08d,0x7e3b4,4903,cal_data,cal_data:2611 tail:2229 cal_table:63,0.02,63,Table 2D - 235_; Table 2D - 236_; Table 2D - 237_; Table 2D - 238_; Table 2D - 239_; Table 2D - 240_; Table 2D - 241_; Table 2D - 242_; ...
60E1D400__vs__60E32000_N3M5E,60E1D400,60E32000_N3M5E,0x7e3c4,0x7e859,1173,tail,tail:1173,0.017,0,
60E1D400__vs__60E32000_N3M5E,60E1D400,60E32000_N3M5E,0x7e861,0x7fa0c,4523,tail,tail:4523,0.057,0,
60E1D400__vs__60E32000_N3M5E,60E1D400,60E32000_N3M5E,0x7fb00,0x7fb08,8,tail,tail:8,0.0,0,
60E1D400__vs__60E32000_N3M5E,60E1D400,60E32000_N3M5E,0x7fb88,0x7fb8c,4,tail,tail:4,0.0,0,
60E1D400__vs__60E32000_N3M5E,60E1D400,60E32000_N3M5E,0x7fff4,0x7fffc,8,tail,tail:8,0.0,0,
